ISO-10303-21;
HEADER;
FILE_DESCRIPTION (( 'STEP AP214' ),
    '1' );
FILE_NAME ('camera_tracker_base.STEP',
    '2026-05-15T09:01:41',
    ( '' ),
    ( '' ),
    'SwSTEP 2.0',
    'SolidWorks 2024',
    '' );
FILE_SCHEMA (( 'AUTOMOTIVE_DESIGN' ));
ENDSEC;

DATA;
#1 = ORIENTED_EDGE ( 'NONE', *, *, #768, .F. ) ;
#2 = DIRECTION ( 'NONE',  ( 0.000000000000000000, 0.000000000000000000, -1.000000000000000000 ) ) ;
#3 = DIRECTION ( 'NONE',  ( 0.000000000000000000, -0.000000000000000000, -1.000000000000000000 ) ) ;
#4 = CARTESIAN_POINT ( 'NONE',  ( 20.79999999999999361, -2.999999999999999112, 9.249999999999975131 ) ) ;
#5 = CARTESIAN_POINT ( 'NONE',  ( -22.89999999999999503, 25.00000000000000000, -12.59999999999999609 ) ) ;
#6 = VERTEX_POINT ( 'NONE', #1817 ) ;
#7 = ORIENTED_EDGE ( 'NONE', *, *, #2018, .F. ) ;
#8 = VECTOR ( 'NONE', #1745, 1000.000000000000000 ) ;
#9 = ORIENTED_EDGE ( 'NONE', *, *, #1241, .F. ) ;
#10 = CARTESIAN_POINT ( 'NONE',  ( -2.041687604822277624, -4.000000000000000000, 46.52683615330400357 ) ) ;
#11 = CARTESIAN_POINT ( 'NONE',  ( -3.700000000000004174, -3.000000000000000000, -10.00000000000002309 ) ) ;
#12 = AXIS2_PLACEMENT_3D ( 'NONE', #3213, #3233, #4111 ) ;
#13 = B_SPLINE_CURVE_WITH_KNOTS ( 'NONE', 3,
 ( #3761, #3063, #399, #773, #59, #2121 ),
 .UNSPECIFIED., .F., .F.,
 ( 4, 2, 4 ),
 ( 0.01221730851518497418, 0.01628600790323195616, 0.02035470729127893813 ),
 .UNSPECIFIED. ) ;
#14 = CARTESIAN_POINT ( 'NONE',  ( -1.599999999999988987, -5.000000000000000000, -7.500000000000003553 ) ) ;
#15 = LINE ( 'NONE', #2621, #3982 ) ;
#16 = CARTESIAN_POINT ( 'NONE',  ( -32.89999999999999858, 25.00000000000000000, 22.59999999999999432 ) ) ;
#17 = ADVANCED_FACE ( 'NONE', ( #1794 ), #124, .T. ) ;
#18 = CARTESIAN_POINT ( 'NONE',  ( 49.99999999999997158, -5.000000000000004441, 57.83965329530470711 ) ) ;
#19 = VECTOR ( 'NONE', #168, 1000.000000000000114 ) ;
#20 = ORIENTED_EDGE ( 'NONE', *, *, #411, .T. ) ;
#21 = CYLINDRICAL_SURFACE ( 'NONE', #539, 3.000000000000000888 ) ;
#22 = LINE ( 'NONE', #69, #1580 ) ;
#23 = AXIS2_PLACEMENT_3D ( 'NONE', #3099, #2672, #1692 ) ;
#24 = EDGE_LOOP ( 'NONE', ( #3150, #258, #1589, #132 ) ) ;
#25 = ORIENTED_EDGE ( 'NONE', *, *, #3263, .T. ) ;
#26 = CARTESIAN_POINT ( 'NONE',  ( -50.25000000000007816, -5.000000000000000000, 50.24999999999980105 ) ) ;
#27 = FACE_OUTER_BOUND ( 'NONE', #1876, .T. ) ;
#28 = DIRECTION ( 'NONE',  ( -0.000000000000000000, -1.000000000000000000, -0.000000000000000000 ) ) ;
#29 = VECTOR ( 'NONE', #288, 1000.000000000000000 ) ;
#30 = ADVANCED_FACE ( 'NONE', ( #388 ), #2714, .F. ) ;
#31 = VERTEX_POINT ( 'NONE', #67 ) ;
#32 = VERTEX_POINT ( 'NONE', #1377 ) ;
#33 = ORIENTED_EDGE ( 'NONE', *, *, #111, .F. ) ;
#34 = DIRECTION ( 'NONE',  ( -1.387778780781445676E-16, 0.000000000000000000, -1.000000000000000000 ) ) ;
#35 = FACE_OUTER_BOUND ( 'NONE', #3165, .T. ) ;
#36 = AXIS2_PLACEMENT_3D ( 'NONE', #1712, #1733, #3027 ) ;
#37 = EDGE_CURVE ( 'NONE', #4029, #899, #739, .T. ) ;
#38 = FACE_OUTER_BOUND ( 'NONE', #1994, .T. ) ;
#39 = VERTEX_POINT ( 'NONE', #808 ) ;
#40 = CARTESIAN_POINT ( 'NONE',  ( 0.4000000000000099587, -2.000000000000000000, 5.744117470122021455E-17 ) ) ;
#41 = LINE ( 'NONE', #1374, #1555 ) ;
#42 = CARTESIAN_POINT ( 'NONE',  ( -17.79935146569583182, 10.07463090562131214, 72.59999999999998010 ) ) ;
#43 = AXIS2_PLACEMENT_3D ( 'NONE', #2427, #1426, #3058 ) ;
#44 = ORIENTED_EDGE ( 'NONE', *, *, #2770, .F. ) ;
#45 = ORIENTED_EDGE ( 'NONE', *, *, #2794, .F. ) ;
#46 = VECTOR ( 'NONE', #2932, 1000.000000000000000 ) ;
#47 = DIRECTION ( 'NONE',  ( 0.000000000000000000, -1.000000000000000000, 0.000000000000000000 ) ) ;
#48 = CARTESIAN_POINT ( 'NONE',  ( 32.90000000000000568, 25.00000000000000000, 10.83965329530465915 ) ) ;
#49 = AXIS2_PLACEMENT_3D ( 'NONE', #722, #2425, #372 ) ;
#50 = ORIENTED_EDGE ( 'NONE', *, *, #3071, .F. ) ;
#51 = ORIENTED_EDGE ( 'NONE', *, *, #2844, .T. ) ;
#52 = DIRECTION ( 'NONE',  ( -2.305280366746587933E-16, -0.000000000000000000, 1.000000000000000000 ) ) ;
#53 = FACE_BOUND ( 'NONE', #2805, .T. ) ;
#54 = AXIS2_PLACEMENT_3D ( 'NONE', #3280, #4209, #1586 ) ;
#55 = LINE ( 'NONE', #2449, #181 ) ;
#56 = ORIENTED_EDGE ( 'NONE', *, *, #709, .T. ) ;
#57 = EDGE_LOOP ( 'NONE', ( #1266, #3472, #4303, #1059 ) ) ;
#58 = CARTESIAN_POINT ( 'NONE',  ( -1.939102519048282236, -3.354268813717693920, 46.54802582739853278 ) ) ;
#59 = CARTESIAN_POINT ( 'NONE',  ( 6.723372671782142262, 26.87584937961439380, 12.59999999999999964 ) ) ;
#60 = AXIS2_PLACEMENT_3D ( 'NONE', #3062, #34, #1015 ) ;
#61 = DIRECTION ( 'NONE',  ( -0.7071067811865474617, -0.000000000000000000, 0.7071067811865474617 ) ) ;
#62 = CARTESIAN_POINT ( 'NONE',  ( 27.89999999999998792, -5.000000000000000000, 72.59999999999999432 ) ) ;
#63 = CARTESIAN_POINT ( 'NONE',  ( -0.6282427024680934391, -2.084724733806160302, 47.60228573676388208 ) ) ;
#64 = EDGE_CURVE ( 'NONE', #3239, #2148, #1044, .T. ) ;
#65 = LINE ( 'NONE', #3686, #734 ) ;
#66 = B_SPLINE_CURVE_WITH_KNOTS ( 'NONE', 3,
 ( #648, #2646, #2334, #3959, #978, #1996, #1643, #2980, #2493, #133, #1431, #182, #1475, #3466, #1455, #2210, #3531, #1525, #2796, #1782, #861, #2775, #530, #1872, #3208, #4080, #2816, #1106 ),
 .UNSPECIFIED., .F., .F.,
 ( 4, 2, 2, 2, 2, 2, 2, 2, 2, 2, 2, 2, 2, 4 ),
 ( 0.006021242125603869753, 0.006382446381385944480, 0.006743650637168020073, 0.007466059148732165189, 0.008188467660296310305, 0.008549671916078378092, 0.008910876171860447614, 0.009272080427642515402, 0.009633284683424584924, 0.009994488939206652711, 0.01035569319498872223, 0.01071689745077079176, 0.01107810170655285954, 0.01180051021811699685 ),
 .UNSPECIFIED. ) ;
#67 = CARTESIAN_POINT ( 'NONE',  ( -3.200238405081818211E-14, 51.79999999999999716, 51.73965329530471990 ) ) ;
#68 = CARTESIAN_POINT ( 'NONE',  ( 47.99999999999997158, 11.99999999999995559, 25.33965329530468935 ) ) ;
#69 = CARTESIAN_POINT ( 'NONE',  ( -32.89999999999999858, 9.999999999999738876, 72.59999999999999432 ) ) ;
#70 = ORIENTED_EDGE ( 'NONE', *, *, #1232, .F. ) ;
#71 = CARTESIAN_POINT ( 'NONE',  ( -33.33333333333344939, 26.66666666666658969, 55.93333333333332291 ) ) ;
#72 = ADVANCED_FACE ( 'NONE', ( #3791, #3431, #2085, #1089 ), #2392, .T. ) ;
#73 = LINE ( 'NONE', #330, #817 ) ;
#74 = FACE_BOUND ( 'NONE', #1507, .T. ) ;
#75 = ORIENTED_EDGE ( 'NONE', *, *, #3243, .F. ) ;
#76 = CARTESIAN_POINT ( 'NONE',  ( -1.977690029959964901, -3.481421346787676896, 46.54013881859374635 ) ) ;
#77 = CARTESIAN_POINT ( 'NONE',  ( 10.40000000000000568, -4.000000000000000000, 5.499999999999997335 ) ) ;
#78 = CARTESIAN_POINT ( 'NONE',  ( -40.00000000000003553, 19.99999999999998224, 40.33965329530467159 ) ) ;
#79 = DIRECTION ( 'NONE',  ( 0.000000000000000000, 1.000000000000000000, 0.000000000000000000 ) ) ;
#80 = LINE ( 'NONE', #1411, #984 ) ;
#81 = DIRECTION ( 'NONE',  ( 0.000000000000000000, 0.000000000000000000, -1.000000000000000000 ) ) ;
#82 = ORIENTED_EDGE ( 'NONE', *, *, #400, .T. ) ;
#83 = CYLINDRICAL_SURFACE ( 'NONE', #1561, 1.750000000000005107 ) ;
#84 = CARTESIAN_POINT ( 'NONE',  ( -0.04168760482227765185, -4.000000000000000000, 72.59999999999999432 ) ) ;
#85 = CARTESIAN_POINT ( 'NONE',  ( -1.599999999999988320, -2.000000000000000000, -12.59999999999999964 ) ) ;
#86 = ORIENTED_EDGE ( 'NONE', *, *, #2864, .F. ) ;
#87 = ORIENTED_EDGE ( 'NONE', *, *, #2265, .F. ) ;
#88 = CARTESIAN_POINT ( 'NONE',  ( -3.113288482342355877E-14, 37.07106781186549682, 14.83965329530471955 ) ) ;
#89 = DIRECTION ( 'NONE',  ( 1.000000000000000000, -0.000000000000000000, 0.000000000000000000 ) ) ;
#90 = LINE ( 'NONE', #5, #2147 ) ;
#91 =( BOUNDED_CURVE ( )  B_SPLINE_CURVE ( 3, ( #1728, #4022, #449, #1790 ),
 .UNSPECIFIED., .F., .T. ) 
 B_SPLINE_CURVE_WITH_KNOTS ( ( 4, 4 ),
 ( 4.712388980384689674, 7.853981633974482790 ),
 .UNSPECIFIED. ) 
 CURVE ( )  GEOMETRIC_REPRESENTATION_ITEM ( )  RATIONAL_B_SPLINE_CURVE ( ( 1.000000000000000000, 0.3333333333333333703, 0.3333333333333333703, 1.000000000000000000 ) ) 
 REPRESENTATION_ITEM ( '' )  );
#92 = ADVANCED_FACE ( 'NONE', ( #4091, #1464 ), #3134, .T. ) ;
#93 = ORIENTED_EDGE ( 'NONE', *, *, #3179, .F. ) ;
#94 = ORIENTED_EDGE ( 'NONE', *, *, #1434, .T. ) ;
#95 = AXIS2_PLACEMENT_3D ( 'NONE', #2381, #3989, #746 ) ;
#96 = CARTESIAN_POINT ( 'NONE',  ( -40.00000000000003553, -2.000000000000001776, 42.58965329530467869 ) ) ;
#97 = DIRECTION ( 'NONE',  ( 0.000000000000000000, -0.000000000000000000, -1.000000000000000000 ) ) ;
#98 = CARTESIAN_POINT ( 'NONE',  ( -12.40000000000003411, -5.000000000000004441, 36.83965329530470711 ) ) ;
#99 = VECTOR ( 'NONE', #1937, 1000.000000000000000 ) ;
#100 = CARTESIAN_POINT ( 'NONE',  ( 10.40000000000001101, 0.000000000000000000, -12.59999999999999609 ) ) ;
#101 = CARTESIAN_POINT ( 'NONE',  ( -1.112682945040827542, -2.307861085359265374, 50.59479027098069537 ) ) ;
#102 = CARTESIAN_POINT ( 'NONE',  ( -32.89999999999999147, 0.000000000000000000, -7.500000000000007105 ) ) ;
#103 = ORIENTED_EDGE ( 'NONE', *, *, #3047, .T. ) ;
#104 = CARTESIAN_POINT ( 'NONE',  ( 10.94564885111559072, 10.80024937369961791, 72.59999999999999432 ) ) ;
#105 = EDGE_CURVE ( 'NONE', #1560, #889, #4263, .T. ) ;
#106 = CARTESIAN_POINT ( 'NONE',  ( 13.05436680293241913, 10.52377458479815253, 72.60000000000000853 ) ) ;
#107 = ORIENTED_EDGE ( 'NONE', *, *, #2023, .F. ) ;
#108 = AXIS2_PLACEMENT_3D ( 'NONE', #603, #1598, #1944 ) ;
#109 = DIRECTION ( 'NONE',  ( 2.305280366746587933E-16, -0.000000000000000000, -1.000000000000000000 ) ) ;
#110 = DIRECTION ( 'NONE',  ( 0.000000000000000000, 1.000000000000000000, 0.000000000000000000 ) ) ;
#111 = EDGE_CURVE ( 'NONE', #3048, #2850, #3640, .T. ) ;
#112 = ORIENTED_EDGE ( 'NONE', *, *, #1138, .T. ) ;
#113 = EDGE_LOOP ( 'NONE', ( #103, #1625, #3631, #2718 ) ) ;
#114 = CARTESIAN_POINT ( 'NONE',  ( -40.00000000000003553, 19.99999999999998224, 25.33965329530467869 ) ) ;
#115 = DIRECTION ( 'NONE',  ( 0.000000000000000000, 0.000000000000000000, 1.000000000000000000 ) ) ;
#116 = FACE_OUTER_BOUND ( 'NONE', #299, .T. ) ;
#117 = EDGE_CURVE ( 'NONE', #1894, #3692, #1629, .T. ) ;
#118 = AXIS2_PLACEMENT_3D ( 'NONE', #2607, #939, #3224 ) ;
#119 = CARTESIAN_POINT ( 'NONE',  ( -27.89999999999999503, -5.000000000000000000, 72.59999999999999432 ) ) ;
#120 = CARTESIAN_POINT ( 'NONE',  ( 31.99999999999995737, 28.00000000000002487, 25.33965329530468935 ) ) ;
#121 = DIRECTION ( 'NONE',  ( 1.436029367530469557E-16, 0.000000000000000000, -1.000000000000000000 ) ) ;
#122 = LINE ( 'NONE', #102, #2428 ) ;
#123 = AXIS2_PLACEMENT_3D ( 'NONE', #4125, #1851, #1147 ) ;
#124 = PLANE ( 'NONE',  #2748 ) ;
#125 = DIRECTION ( 'NONE',  ( 0.000000000000000000, 1.000000000000000000, 0.000000000000000000 ) ) ;
#126 = CARTESIAN_POINT ( 'NONE',  ( 15.26201512189323850, 10.27486643806451916, 72.59999999999998010 ) ) ;
#127 = ORIENTED_EDGE ( 'NONE', *, *, #1903, .T. ) ;
#128 = VERTEX_POINT ( 'NONE', #2736 ) ;
#129 = DIRECTION ( 'NONE',  ( 0.000000000000000000, -1.000000000000000000, 0.000000000000000000 ) ) ;
#130 = DIRECTION ( 'NONE',  ( 0.000000000000000000, -1.000000000000000000, 0.000000000000000000 ) ) ;
#131 = EDGE_CURVE ( 'NONE', #3442, #2533, #4045, .T. ) ;
#132 = ORIENTED_EDGE ( 'NONE', *, *, #2936, .F. ) ;
#133 = CARTESIAN_POINT ( 'NONE',  ( -1.655512744784792822, -2.816730617635014866, 23.86222918481981026 ) ) ;
#134 = CARTESIAN_POINT ( 'NONE',  ( -32.89999999999999858, -5.000000000000000000, 72.59999999999999432 ) ) ;
#135 = LINE ( 'NONE', #2168, #3794 ) ;
#136 = CARTESIAN_POINT ( 'NONE',  ( -1.599999999999988320, -3.000000000000000000, -12.14242852856286348 ) ) ;
#137 = ORIENTED_EDGE ( 'NONE', *, *, #3035, .T. ) ;
#138 = ADVANCED_FACE ( 'NONE', ( #1749 ), #83, .F. ) ;
#139 = AXIS2_PLACEMENT_3D ( 'NONE', #1253, #3571, #573 ) ;
#140 = VERTEX_POINT ( 'NONE', #1415 ) ;
#141 = DIRECTION ( 'NONE',  ( 0.000000000000000000, 0.000000000000000000, -1.000000000000000000 ) ) ;
#142 = AXIS2_PLACEMENT_3D ( 'NONE', #16, #3937, #585 ) ;
#143 = CARTESIAN_POINT ( 'NONE',  ( -3.418384203914278441, 27.52939614285276093, 12.60000000000000142 ) ) ;
#144 = EDGE_LOOP ( 'NONE', ( #3596, #3796, #3604, #4243, #2248 ) ) ;
#145 = CARTESIAN_POINT ( 'NONE',  ( -11.03017335234784824, 25.00000000000000000, -11.03017335234772212 ) ) ;
#146 = CARTESIAN_POINT ( 'NONE',  ( -18.60000000000013287, 0.6999999999997233990, 81.89999999999992042 ) ) ;
#147 = CARTESIAN_POINT ( 'NONE',  ( 20.79999999999999361, 25.00000000000000000, -10.00000000000002309 ) ) ;
#148 = CARTESIAN_POINT ( 'NONE',  ( 17.86951187834726440, 10.07069652278320682, 72.59999999999999432 ) ) ;
#149 = CIRCLE ( 'NONE', #2602, 17.00000000000000000 ) ;
#150 = ORIENTED_EDGE ( 'NONE', *, *, #510, .T. ) ;
#151 = VERTEX_POINT ( 'NONE', #454 ) ;
#152 = CARTESIAN_POINT ( 'NONE',  ( -20.35030683854497013, 25.00000000000000000, 57.59999999999990195 ) ) ;
#153 = CARTESIAN_POINT ( 'NONE',  ( 8.399999999999996803, -2.000000000000000000, 42.07892805427655958 ) ) ;
#154 = VECTOR ( 'NONE', #2504, 1000.000000000000000 ) ;
#155 = ORIENTED_EDGE ( 'NONE', *, *, #847, .T. ) ;
#156 = ORIENTED_EDGE ( 'NONE', *, *, #2675, .T. ) ;
#157 = FACE_OUTER_BOUND ( 'NONE', #3295, .T. ) ;
#158 = CARTESIAN_POINT ( 'NONE',  ( -57.61321776510147430, 2.386782234898483068, 45.22643553020328255 ) ) ;
#159 = CARTESIAN_POINT ( 'NONE',  ( -3.700000000000004174, -3.000000000000000000, -10.00000000000002309 ) ) ;
#160 = EDGE_CURVE ( 'NONE', #187, #1584, #2759, .T. ) ;
#161 = EDGE_LOOP ( 'NONE', ( #1212, #1604 ) ) ;
#162 = AXIS2_PLACEMENT_3D ( 'NONE', #2475, #360, #2388 ) ;
#163 = ORIENTED_EDGE ( 'NONE', *, *, #2369, .T. ) ;
#164 = CYLINDRICAL_SURFACE ( 'NONE', #2814, 1.750000000000001554 ) ;
#165 = EDGE_CURVE ( 'NONE', #1276, #1713, #2107, .T. ) ;
#166 = CARTESIAN_POINT ( 'NONE',  ( -1.376488590058923212, 27.73083521033059995, 12.60000000000000142 ) ) ;
#167 = ORIENTED_EDGE ( 'NONE', *, *, #3580, .T. ) ;
#168 = DIRECTION ( 'NONE',  ( 0.5773502691896240657, -0.5773502691896258421, -0.5773502691896272854 ) ) ;
#169 = CARTESIAN_POINT ( 'NONE',  ( -16.07129004978259701, 25.08912022989306934, 59.92983381129334930 ) ) ;
#170 = FACE_OUTER_BOUND ( 'NONE', #4174, .T. ) ;
#171 = ADVANCED_FACE ( 'NONE', ( #2221 ), #3235, .T. ) ;
#172 = CARTESIAN_POINT ( 'NONE',  ( 15.59773046935733731, 10.24223260221652687, 72.59999999999998010 ) ) ;
#173 = VECTOR ( 'NONE', #3928, 1000.000000000000000 ) ;
#174 = ORIENTED_EDGE ( 'NONE', *, *, #2012, .F. ) ;
#175 = EDGE_LOOP ( 'NONE', ( #745, #283, #491, #662, #3067 ) ) ;
#176 = VECTOR ( 'NONE', #1002, 1000.000000000000000 ) ;
#177 = CARTESIAN_POINT ( 'NONE',  ( -17.31045538480397994, 25.05128135632566355, 59.29943884909804552 ) ) ;
#178 = CARTESIAN_POINT ( 'NONE',  ( -27.89999999999999503, -5.000000000000000000, 72.59999999999999432 ) ) ;
#179 = CARTESIAN_POINT ( 'NONE',  ( 32.90000000000000568, -5.000000000000000888, 10.83965329530465915 ) ) ;
#180 = ORIENTED_EDGE ( 'NONE', *, *, #1319, .F. ) ;
#181 = VECTOR ( 'NONE', #3756, 1000.000000000000000 ) ;
#182 = CARTESIAN_POINT ( 'NONE',  ( -1.736932742538324081, -2.937929809168067674, 24.19674858493510072 ) ) ;
#183 = DIRECTION ( 'NONE',  ( 0.000000000000000000, 0.000000000000000000, -1.000000000000000000 ) ) ;
#184 = DIRECTION ( 'NONE',  ( -1.436029367530469557E-16, -0.000000000000000000, 1.000000000000000000 ) ) ;
#185 = EDGE_CURVE ( 'NONE', #354, #187, #4211, .T. ) ;
#186 = EDGE_LOOP ( 'NONE', ( #2397, #2957 ) ) ;
#187 = VERTEX_POINT ( 'NONE', #1881 ) ;
#188 = CARTESIAN_POINT ( 'NONE',  ( 20.79999999999999361, -3.000000000000000000, 6.999999999999976907 ) ) ;
#189 = LINE ( 'NONE', #493, #3051 ) ;
#190 = DIRECTION ( 'NONE',  ( 0.000000000000000000, -1.000000000000000000, 0.000000000000000000 ) ) ;
#191 = CARTESIAN_POINT ( 'NONE',  ( 10.28520302748722060, 25.28761235665731633, 62.25299437225169186 ) ) ;
#192 = CARTESIAN_POINT ( 'NONE',  ( -1.599999999999986766, -2.000000000000000000, -22.60000000000000142 ) ) ;
#193 = VECTOR ( 'NONE', #1407, 1000.000000000000114 ) ;
#194 = CARTESIAN_POINT ( 'NONE',  ( 12.66272908228955529, 10.57314258286771746, 72.59999999999999432 ) ) ;
#195 = ORIENTED_EDGE ( 'NONE', *, *, #2065, .F. ) ;
#196 = ORIENTED_EDGE ( 'NONE', *, *, #3842, .F. ) ;
#197 = DIRECTION ( 'NONE',  ( 0.000000000000000000, 0.000000000000000000, -1.000000000000000000 ) ) ;
#198 = DIRECTION ( 'NONE',  ( 0.000000000000000000, 0.000000000000000000, 1.000000000000000000 ) ) ;
#199 =( BOUNDED_CURVE ( )  B_SPLINE_CURVE ( 3, ( #3469, #2820, #1742, #78 ),
 .UNSPECIFIED., .F., .T. ) 
 B_SPLINE_CURVE_WITH_KNOTS ( ( 4, 4 ),
 ( 1.570796326794896558, 4.712388980384689674 ),
 .UNSPECIFIED. ) 
 CURVE ( )  GEOMETRIC_REPRESENTATION_ITEM ( )  RATIONAL_B_SPLINE_CURVE ( ( 1.000000000000000000, 0.3333333333333333703, 0.3333333333333333703, 1.000000000000000000 ) ) 
 REPRESENTATION_ITEM ( '' )  );
#200 = ORIENTED_EDGE ( 'NONE', *, *, #2659, .F. ) ;
#201 = ORIENTED_EDGE ( 'NONE', *, *, #1542, .F. ) ;
#202 = EDGE_CURVE ( 'NONE', #1454, #3779, #542, .T. ) ;
#203 = DIRECTION ( 'NONE',  ( -0.000000000000000000, -1.000000000000000000, -0.000000000000000000 ) ) ;
#204 = DIRECTION ( 'NONE',  ( 0.000000000000000000, 1.000000000000000000, 0.000000000000000000 ) ) ;
#205 = CARTESIAN_POINT ( 'NONE',  ( -3.200238405081818211E-14, 44.60000000000000142, 51.73965329530472701 ) ) ;
#206 = EDGE_LOOP ( 'NONE', ( #2697, #2519 ) ) ;
#207 = DIRECTION ( 'NONE',  ( -1.000000000000000000, 0.000000000000000000, 1.387778780781445676E-16 ) ) ;
#208 = EDGE_CURVE ( 'NONE', #241, #2663, #850, .T. ) ;
#209 = LINE ( 'NONE', #1635, #951 ) ;
#210 = VECTOR ( 'NONE', #1203, 1000.000000000000000 ) ;
#211 = CARTESIAN_POINT ( 'NONE',  ( 32.90000000000000568, 25.00000000000000000, 22.59999999999999432 ) ) ;
#212 = CARTESIAN_POINT ( 'NONE',  ( 20.35030683854491329, 25.00000000000000000, 57.59999999999988773 ) ) ;
#213 = CARTESIAN_POINT ( 'NONE',  ( -14.94324174720933485, 10.30710861982896809, 72.59999999999999432 ) ) ;
#214 = EDGE_LOOP ( 'NONE', ( #1823, #653, #2630, #2170, #2415, #1256, #1238, #4187, #1596 ) ) ;
#215 = ORIENTED_EDGE ( 'NONE', *, *, #4284, .F. ) ;
#216 = CARTESIAN_POINT ( 'NONE',  ( 15.22573721154677173, 25.11845920450374692, 60.32656262938271396 ) ) ;
#217 = CARTESIAN_POINT ( 'NONE',  ( -2.041687604822278068, -3.819571548467239008, 12.49999999999996270 ) ) ;
#218 = ADVANCED_FACE ( 'NONE', ( #1921 ), #3175, .F. ) ;
#219 = ORIENTED_EDGE ( 'NONE', *, *, #1341, .T. ) ;
#220 = CARTESIAN_POINT ( 'NONE',  ( -3.382710778154773834E-14, 44.60000000000000142, 19.83965329530471777 ) ) ;
#221 = CARTESIAN_POINT ( 'NONE',  ( -22.89999999999999503, 25.00000000000000000, 12.60000000000000142 ) ) ;
#222 = CARTESIAN_POINT ( 'NONE',  ( -22.89999999999999503, 0.000000000000000000, -7.500000000000006217 ) ) ;
#223 = EDGE_CURVE ( 'NONE', #3207, #3920, #3030, .T. ) ;
#224 = ORIENTED_EDGE ( 'NONE', *, *, #1773, .F. ) ;
#225 = ORIENTED_EDGE ( 'NONE', *, *, #2540, .T. ) ;
#226 = DIRECTION ( 'NONE',  ( -0.000000000000000000, -1.000000000000000000, -0.000000000000000000 ) ) ;
#227 = LINE ( 'NONE', #2308, #3666 ) ;
#228 = AXIS2_PLACEMENT_3D ( 'NONE', #3764, #775, #1130 ) ;
#229 = CARTESIAN_POINT ( 'NONE',  ( 39.99999999999996447, 19.99999999999998934, 48.33965329530470711 ) ) ;
#230 = CARTESIAN_POINT ( 'NONE',  ( -11.33994383217019575, 25.25368487176413268, 61.90413414573850304 ) ) ;
#231 = AXIS2_PLACEMENT_3D ( 'NONE', #3792, #4092, #1489 ) ;
#232 = CARTESIAN_POINT ( 'NONE',  ( 0.3171347172170957962, 11.80925776813998596, 72.59999999999999432 ) ) ;
#233 = EDGE_CURVE ( 'NONE', #2532, #578, #1577, .T. ) ;
#234 = VECTOR ( 'NONE', #1913, 1000.000000000000000 ) ;
#235 = ORIENTED_EDGE ( 'NONE', *, *, #2644, .T. ) ;
#236 = ORIENTED_EDGE ( 'NONE', *, *, #777, .T. ) ;
#237 = CIRCLE ( 'NONE', #651, 3.000000000000000888 ) ;
#238 = CARTESIAN_POINT ( 'NONE',  ( -1.491891362255688191, 25.44864682300896419, 63.80076861622463724 ) ) ;
#239 = DIRECTION ( 'NONE',  ( -0.7071067811865455743, -0.000000000000000000, -0.7071067811865493491 ) ) ;
#240 = AXIS2_PLACEMENT_3D ( 'NONE', #468, #4192, #1874 ) ;
#241 = VERTEX_POINT ( 'NONE', #831 ) ;
#242 = CARTESIAN_POINT ( 'NONE',  ( -3.382710778154773834E-14, -2.000000000000000000, 26.93965329530471919 ) ) ;
#243 = EDGE_CURVE ( 'NONE', #348, #128, #3520, .T. ) ;
#244 = LINE ( 'NONE', #1255, #1156 ) ;
#245 = ORIENTED_EDGE ( 'NONE', *, *, #3145, .T. ) ;
#246 = EDGE_LOOP ( 'NONE', ( #195, #50 ) ) ;
#247 = DIRECTION ( 'NONE',  ( 1.000000000000000000, -0.000000000000000000, 1.001572445714091955E-16 ) ) ;
#248 = AXIS2_PLACEMENT_3D ( 'NONE', #1496, #4077, #816 ) ;
#249 = CARTESIAN_POINT ( 'NONE',  ( -50.00000000000002842, -113.4619749036500025, 20.83965329530474619 ) ) ;
#250 = DIRECTION ( 'NONE',  ( 0.000000000000000000, 0.000000000000000000, -1.000000000000000000 ) ) ;
#251 = CARTESIAN_POINT ( 'NONE',  ( 49.99999999999997158, 9.999999999999953815, 57.83965329530470711 ) ) ;
#252 = CARTESIAN_POINT ( 'NONE',  ( -3.653456787459472555, 11.66873592406950877, 72.60000000000000853 ) ) ;
#253 = EDGE_LOOP ( 'NONE', ( #3180, #3678, #1055, #2470, #1025 ) ) ;
#254 = EDGE_LOOP ( 'NONE', ( #2896, #3332, #2567, #3949 ) ) ;
#255 = CARTESIAN_POINT ( 'NONE',  ( 16.64037801308878528, 25.07150988300005778, 59.64193164511774370 ) ) ;
#256 = LINE ( 'NONE', #2878, #3474 ) ;
#257 = VECTOR ( 'NONE', #2882, 1000.000000000000000 ) ;
#258 = ORIENTED_EDGE ( 'NONE', *, *, #2394, .T. ) ;
#259 = VERTEX_POINT ( 'NONE', #3194 ) ;
#260 = FACE_OUTER_BOUND ( 'NONE', #786, .T. ) ;
#261 = CARTESIAN_POINT ( 'NONE',  ( -32.89999999999999858, 25.00000000000000000, 62.83965329530476396 ) ) ;
#262 = FACE_OUTER_BOUND ( 'NONE', #375, .T. ) ;
#263 = ADVANCED_FACE ( 'NONE', ( #2175 ), #4228, .F. ) ;
#264 = EDGE_LOOP ( 'NONE', ( #245, #1275, #1287, #25 ) ) ;
#265 = ORIENTED_EDGE ( 'NONE', *, *, #736, .T. ) ;
#266 = EDGE_LOOP ( 'NONE', ( #346, #1595, #3325, #1013 ) ) ;
#267 = CARTESIAN_POINT ( 'NONE',  ( 39.99999999999996447, -2.000000000000000000, 29.33965329530469646 ) ) ;
#268 = ADVANCED_FACE ( 'NONE', ( #2244 ), #2871, .F. ) ;
#269 = CARTESIAN_POINT ( 'NONE',  ( 8.648919156503461991, -2.000000000000000000, 41.67984210997701666 ) ) ;
#270 = CYLINDRICAL_SURFACE ( 'NONE', #2956, 1.750000000000001554 ) ;
#271 = CARTESIAN_POINT ( 'NONE',  ( -3.382710778154773834E-14, 51.79999999999999716, 26.93965329530471919 ) ) ;
#272 = CARTESIAN_POINT ( 'NONE',  ( -10.19026138782655089, 10.90388239585699814, 72.59999999999999432 ) ) ;
#273 = VERTEX_POINT ( 'NONE', #561 ) ;
#274 = VECTOR ( 'NONE', #2254, 1000.000000000000000 ) ;
#275 = DIRECTION ( 'NONE',  ( 1.000000000000000000, 0.000000000000000000, 0.000000000000000000 ) ) ;
#276 = FACE_BOUND ( 'NONE', #3944, .T. ) ;
#277 = ORIENTED_EDGE ( 'NONE', *, *, #799, .T. ) ;
#278 = ORIENTED_EDGE ( 'NONE', *, *, #1614, .F. ) ;
#279 = CARTESIAN_POINT ( 'NONE',  ( 34.99999999999997868, 25.00000000000000000, 12.93965329530464636 ) ) ;
#280 = LINE ( 'NONE', #1648, #2216 ) ;
#281 = CARTESIAN_POINT ( 'NONE',  ( 49.99999999999997158, -5.000000000000004441, 57.83965329530470711 ) ) ;
#282 = VECTOR ( 'NONE', #4197, 1000.000000000000000 ) ;
#283 = ORIENTED_EDGE ( 'NONE', *, *, #3715, .T. ) ;
#284 = ORIENTED_EDGE ( 'NONE', *, *, #2141, .T. ) ;
#285 = ORIENTED_EDGE ( 'NONE', *, *, #1326, .F. ) ;
#286 = CARTESIAN_POINT ( 'NONE',  ( -32.89999999999999858, -5.000000000000000000, 22.59999999999999432 ) ) ;
#287 = EDGE_CURVE ( 'NONE', #3002, #2492, #1490, .T. ) ;
#288 = DIRECTION ( 'NONE',  ( 0.000000000000000000, 0.000000000000000000, -1.000000000000000000 ) ) ;
#289 = DIRECTION ( 'NONE',  ( -0.000000000000000000, -1.000000000000000000, -0.000000000000000000 ) ) ;
#290 = DIRECTION ( 'NONE',  ( 0.000000000000000000, 1.000000000000000000, 0.000000000000000000 ) ) ;
#291 = LINE ( 'NONE', #1658, #3706 ) ;
#292 = ADVANCED_FACE ( 'NONE', ( #1899, #1160 ), #2913, .F. ) ;
#293 = CARTESIAN_POINT ( 'NONE',  ( -10.08134061571780116, 10.91881094444212685, 72.59999999999999432 ) ) ;
#294 = EDGE_LOOP ( 'NONE', ( #942, #1247 ) ) ;
#295 = CIRCLE ( 'NONE', #1707, 1.750000000000001554 ) ;
#296 = CARTESIAN_POINT ( 'NONE',  ( -10.39703345206526741, 25.28417203413959058, 62.21736185271619490 ) ) ;
#297 = LINE ( 'NONE', #3689, #325 ) ;
#298 = VECTOR ( 'NONE', #1273, 1000.000000000000000 ) ;
#299 = EDGE_LOOP ( 'NONE', ( #1334, #556, #3118, #3970 ) ) ;
#300 = ORIENTED_EDGE ( 'NONE', *, *, #1537, .F. ) ;
#301 = CARTESIAN_POINT ( 'NONE',  ( 13.49961550066336891, 10.46641409977648252, 72.59999999999999432 ) ) ;
#302 = AXIS2_PLACEMENT_3D ( 'NONE', #3393, #743, #3414 ) ;
#303 = DIRECTION ( 'NONE',  ( 0.000000000000000000, 0.000000000000000000, -1.000000000000000000 ) ) ;
#304 = CIRCLE ( 'NONE', #589, 9.899999999999998579 ) ;
#305 = CYLINDRICAL_SURFACE ( 'NONE', #3598, 2.000000000000000000 ) ;
#306 = AXIS2_PLACEMENT_3D ( 'NONE', #758, #2782, #3152 ) ;
#307 = ORIENTED_EDGE ( 'NONE', *, *, #1542, .T. ) ;
#308 = VERTEX_POINT ( 'NONE', #1487 ) ;
#309 = VERTEX_POINT ( 'NONE', #2852 ) ;
#310 = DIRECTION ( 'NONE',  ( -0.000000000000000000, -1.000000000000000000, -0.000000000000000000 ) ) ;
#311 = VECTOR ( 'NONE', #3386, 1000.000000000000000 ) ;
#312 = DIRECTION ( 'NONE',  ( -0.000000000000000000, 1.000000000000000000, -0.000000000000000000 ) ) ;
#313 = EDGE_CURVE ( 'NONE', #1436, #3366, #2581, .T. ) ;
#314 = VECTOR ( 'NONE', #965, 1000.000000000000000 ) ;
#315 = CARTESIAN_POINT ( 'NONE',  ( -22.89999999999999503, 25.00000000000000000, 12.60000000000000142 ) ) ;
#316 = ORIENTED_EDGE ( 'NONE', *, *, #812, .T. ) ;
#317 = CYLINDRICAL_SURFACE ( 'NONE', #437, 4.000000000000003553 ) ;
#318 = DIRECTION ( 'NONE',  ( -1.000000000000000000, 0.000000000000000000, 0.000000000000000000 ) ) ;
#319 = AXIS2_PLACEMENT_3D ( 'NONE', #1724, #338, #2013 ) ;
#320 = FACE_BOUND ( 'NONE', #2723, .T. ) ;
#321 = EDGE_CURVE ( 'NONE', #2209, #3615, #2605, .T. ) ;
#322 = EDGE_LOOP ( 'NONE', ( #1166, #3820, #1612, #1524 ) ) ;
#323 = VECTOR ( 'NONE', #656, 1000.000000000000000 ) ;
#324 = LINE ( 'NONE', #1045, #2235 ) ;
#325 = VECTOR ( 'NONE', #1398, 1000.000000000000000 ) ;
#326 = ORIENTED_EDGE ( 'NONE', *, *, #202, .T. ) ;
#327 = ORIENTED_EDGE ( 'NONE', *, *, #2232, .F. ) ;
#328 = CARTESIAN_POINT ( 'NONE',  ( 0.7478731574684257533, 11.81019930374392857, 72.59999999999999432 ) ) ;
#329 = DIRECTION ( 'NONE',  ( -0.7071067811865455743, 0.000000000000000000, -0.7071067811865493491 ) ) ;
#330 = CARTESIAN_POINT ( 'NONE',  ( -37.89999999999997726, -113.4619749036500025, 15.83965329530471600 ) ) ;
#331 = CARTESIAN_POINT ( 'NONE',  ( 12.39999999999996660, 51.79999999999999716, 35.08965329530472843 ) ) ;
#332 = AXIS2_PLACEMENT_3D ( 'NONE', #2406, #2367, #421 ) ;
#333 = EDGE_CURVE ( 'NONE', #4175, #3272, #1630, .T. ) ;
#334 = ORIENTED_EDGE ( 'NONE', *, *, #2851, .T. ) ;
#335 = EDGE_LOOP ( 'NONE', ( #661, #4120, #2795, #2703 ) ) ;
#336 = FACE_BOUND ( 'NONE', #1645, .T. ) ;
#337 = CARTESIAN_POINT ( 'NONE',  ( 20.35030683854490974, 14.99999999999982769, 67.59999999999996589 ) ) ;
#338 = DIRECTION ( 'NONE',  ( 0.000000000000000000, 1.000000000000000000, 0.000000000000000000 ) ) ;
#339 = CARTESIAN_POINT ( 'NONE',  ( -12.40000000000003411, -5.000000000000004441, 38.58965329530470711 ) ) ;
#340 = DIRECTION ( 'NONE',  ( -0.000000000000000000, -1.000000000000000000, -0.000000000000000000 ) ) ;
#341 = CARTESIAN_POINT ( 'NONE',  ( -18.69170968413277478, 10.02454697520282956, 72.59999999999999432 ) ) ;
#342 = EDGE_LOOP ( 'NONE', ( #3574, #3739 ) ) ;
#343 = FACE_OUTER_BOUND ( 'NONE', #1800, .T. ) ;
#344 = EDGE_CURVE ( 'NONE', #2035, #2553, #2754, .T. ) ;
#345 = DIRECTION ( 'NONE',  ( 0.000000000000000000, -1.000000000000000000, 0.000000000000000000 ) ) ;
#346 = ORIENTED_EDGE ( 'NONE', *, *, #2622, .T. ) ;
#347 = VECTOR ( 'NONE', #3905, 1000.000000000000000 ) ;
#348 = VERTEX_POINT ( 'NONE', #2015 ) ;
#349 = DIRECTION ( 'NONE',  ( 1.000000000000000000, 0.000000000000000000, 1.224646799147353207E-16 ) ) ;
#350 = DIRECTION ( 'NONE',  ( -1.436029367530469557E-16, 0.000000000000000000, 1.000000000000000000 ) ) ;
#351 = EDGE_CURVE ( 'NONE', #3552, #802, #3976, .T. ) ;
#352 = CARTESIAN_POINT ( 'NONE',  ( -3.382710778154773834E-14, 33.53553390593278039, 18.37518720123748039 ) ) ;
#353 = VERTEX_POINT ( 'NONE', #623 ) ;
#354 = VERTEX_POINT ( 'NONE', #3275 ) ;
#355 = PLANE ( 'NONE',  #60 ) ;
#356 = EDGE_CURVE ( 'NONE', #3106, #4095, #3299, .T. ) ;
#357 = CIRCLE ( 'NONE', #3022, 4.000000000000003553 ) ;
#358 = CARTESIAN_POINT ( 'NONE',  ( -3.700000000000004174, 25.00000000000000000, -9.250000000000021316 ) ) ;
#359 = ORIENTED_EDGE ( 'NONE', *, *, #2123, .T. ) ;
#360 = DIRECTION ( 'NONE',  ( -0.000000000000000000, 1.000000000000000000, -0.000000000000000000 ) ) ;
#361 = CARTESIAN_POINT ( 'NONE',  ( -1.656127080439232291, -2.817538756534566868, 49.81548689053676071 ) ) ;
#362 = CARTESIAN_POINT ( 'NONE',  ( -17.76299229631275267, 10.07669478141343333, 72.59999999999999432 ) ) ;
#363 = ORIENTED_EDGE ( 'NONE', *, *, #105, .F. ) ;
#364 = AXIS2_PLACEMENT_3D ( 'NONE', #40, #3744, #2730 ) ;
#365 = DIRECTION ( 'NONE',  ( -1.000000000000000000, 0.000000000000000000, 0.000000000000000000 ) ) ;
#366 = ADVANCED_FACE ( 'NONE', ( #604 ), #4287, .F. ) ;
#367 = FACE_OUTER_BOUND ( 'NONE', #835, .T. ) ;
#368 = VECTOR ( 'NONE', #2036, 1000.000000000000000 ) ;
#369 = ORIENTED_EDGE ( 'NONE', *, *, #4113, .T. ) ;
#370 = ORIENTED_EDGE ( 'NONE', *, *, #3192, .T. ) ;
#371 = CARTESIAN_POINT ( 'NONE',  ( -50.00000000000002842, -5.000000000000004441, 20.83965329530474619 ) ) ;
#372 = DIRECTION ( 'NONE',  ( 0.000000000000000000, 0.000000000000000000, -1.000000000000000000 ) ) ;
#373 = DIRECTION ( 'NONE',  ( 0.000000000000000000, 0.000000000000000000, -1.000000000000000000 ) ) ;
#374 = AXIS2_PLACEMENT_3D ( 'NONE', #11, #970, #520 ) ;
#375 = EDGE_LOOP ( 'NONE', ( #3795, #2918, #2239, #2810, #3503 ) ) ;
#376 = EDGE_CURVE ( 'NONE', #578, #3102, #972, .T. ) ;
#377 = ORIENTED_EDGE ( 'NONE', *, *, #673, .F. ) ;
#378 = CARTESIAN_POINT ( 'NONE',  ( -1.272488209843033014, -2.402274589680796435, 46.65929183092995203 ) ) ;
#379 = DIRECTION ( 'NONE',  ( 0.000000000000000000, 0.000000000000000000, -1.000000000000000000 ) ) ;
#380 = CIRCLE ( 'NONE', #4210, 14.90000000000001101 ) ;
#381 = DIRECTION ( 'NONE',  ( 0.000000000000000000, 0.000000000000000000, -1.000000000000000000 ) ) ;
#382 = ORIENTED_EDGE ( 'NONE', *, *, #1875, .F. ) ;
#383 = CARTESIAN_POINT ( 'NONE',  ( 34.99999999999997868, 25.00000000000000000, 15.83965329530470356 ) ) ;
#384 = CARTESIAN_POINT ( 'NONE',  ( -40.00000000000003553, -5.000000000000000000, 44.33965329530468580 ) ) ;
#385 = DIRECTION ( 'NONE',  ( 0.000000000000000000, 0.000000000000000000, -1.000000000000000000 ) ) ;
#387 = EDGE_CURVE ( 'NONE', #1631, #3828, #3954, .T. ) ;
#386 = VERTEX_POINT ( 'NONE', #954 ) ;
#388 = FACE_OUTER_BOUND ( 'NONE', #1611, .T. ) ;
#389 = CARTESIAN_POINT ( 'NONE',  ( 39.99999999999996447, 51.79999999999999716, 29.33965329530469646 ) ) ;
#390 = CARTESIAN_POINT ( 'NONE',  ( -1.599999999999988987, -2.000000000000000000, -7.500000000000003553 ) ) ;
#391 = ORIENTED_EDGE ( 'NONE', *, *, #2460, .T. ) ;
#392 = EDGE_LOOP ( 'NONE', ( #1714, #1386, #2895, #2379 ) ) ;
#393 = EDGE_CURVE ( 'NONE', #3442, #2833, #3717, .T. ) ;
#394 = CARTESIAN_POINT ( 'NONE',  ( 39.99999999999996447, -5.000000000000000000, 44.33965329530470001 ) ) ;
#395 = DIRECTION ( 'NONE',  ( 0.000000000000000000, 0.000000000000000000, -1.000000000000000000 ) ) ;
#396 = FACE_BOUND ( 'NONE', #1469, .T. ) ;
#397 = EDGE_LOOP ( 'NONE', ( #45, #4309, #968, #1985 ) ) ;
#398 = FACE_OUTER_BOUND ( 'NONE', #3212, .T. ) ;
#399 = CARTESIAN_POINT ( 'NONE',  ( 2.726379532435631692, 27.64320804753048932, 12.60000000000000142 ) ) ;
#400 = EDGE_CURVE ( 'NONE', #1519, #2677, #15, .T. ) ;
#401 = LINE ( 'NONE', #1701, #1440 ) ;
#402 = ORIENTED_EDGE ( 'NONE', *, *, #3593, .T. ) ;
#403 = CARTESIAN_POINT ( 'NONE',  ( -1.599999999999988320, -5.000000000000000000, -12.14242852856286348 ) ) ;
#404 = CARTESIAN_POINT ( 'NONE',  ( -1.689716091487075689, -2.866046176273033819, 48.76976226475491671 ) ) ;
#405 = ADVANCED_FACE ( 'NONE', ( #1681 ), #270, .F. ) ;
#406 = CARTESIAN_POINT ( 'NONE',  ( -20.35030683854497724, 9.999999999999738876, 72.59999999999999432 ) ) ;
#407 = EDGE_LOOP ( 'NONE', ( #2090, #2717 ) ) ;
#408 = CARTESIAN_POINT ( 'NONE',  ( -3.700000000000004174, 25.00000000000000000, 9.249999999999976907 ) ) ;
#409 = CARTESIAN_POINT ( 'NONE',  ( -4.324846711857086135, 11.61683258732644930, 72.59999999999999432 ) ) ;
#410 = CARTESIAN_POINT ( 'NONE',  ( 49.99999999999997158, -113.4619749036500025, 20.83965329530468935 ) ) ;
#411 = EDGE_CURVE ( 'NONE', #2097, #629, #1306, .T. ) ;
#412 = LINE ( 'NONE', #1688, #1006 ) ;
#413 = PRODUCT_DEFINITION_CONTEXT ( 'detailed design', #2633, 'design' ) ;
#414 = ORIENTED_EDGE ( 'NONE', *, *, #208, .T. ) ;
#415 = VERTEX_POINT ( 'NONE', #669 ) ;
#416 = CYLINDRICAL_SURFACE ( 'NONE', #1069, 1.750000000000005107 ) ;
#417 = DIRECTION ( 'NONE',  ( -0.000000000000000000, -1.000000000000000000, -0.000000000000000000 ) ) ;
#418 = LINE ( 'NONE', #1030, #883 ) ;
#419 = ORIENTED_EDGE ( 'NONE', *, *, #2915, .T. ) ;
#420 = VERTEX_POINT ( 'NONE', #2686 ) ;
#421 = DIRECTION ( 'NONE',  ( 0.000000000000000000, -0.000000000000000000, 1.000000000000000000 ) ) ;
#422 = VECTOR ( 'NONE', #3925, 1000.000000000000114 ) ;
#423 = PLANE ( 'NONE',  #1991 ) ;
#424 = LINE ( 'NONE', #136, #2854 ) ;
#425 = ORIENTED_EDGE ( 'NONE', *, *, #3895, .T. ) ;
#426 = EDGE_CURVE ( 'NONE', #3036, #3048, #2548, .T. ) ;
#427 = DIRECTION ( 'NONE',  ( 0.000000000000000000, 0.000000000000000000, -1.000000000000000000 ) ) ;
#428 = CARTESIAN_POINT ( 'NONE',  ( -1.413435120970522041, -2.532820814504010976, 48.18621171543884429 ) ) ;
#429 = CARTESIAN_POINT ( 'NONE',  ( -22.89999999999999503, -2.000000000000000000, 5.499999999999992895 ) ) ;
#430 = EDGE_CURVE ( 'NONE', #2160, #3488, #3338, .T. ) ;
#431 = CARTESIAN_POINT ( 'NONE',  ( -50.00000000000002842, 9.999999999999953815, 15.83965329530471600 ) ) ;
#432 = CYLINDRICAL_SURFACE ( 'NONE', #2943, 0.7500000000000006661 ) ;
#433 = CARTESIAN_POINT ( 'NONE',  ( 34.64655109843496916, 21.50689780313011568, 61.09310219686973653 ) ) ;
#434 = CARTESIAN_POINT ( 'NONE',  ( 12.67372799794134686, 10.57174139023245196, 72.59999999999998010 ) ) ;
#435 = ORIENTED_EDGE ( 'NONE', *, *, #3957, .F. ) ;
#436 = ORIENTED_EDGE ( 'NONE', *, *, #411, .F. ) ;
#437 = AXIS2_PLACEMENT_3D ( 'NONE', #2642, #1017, #3916 ) ;
#438 = ADVANCED_FACE ( 'NONE', ( #4247 ), #317, .F. ) ;
#439 = DIRECTION ( 'NONE',  ( 0.000000000000000000, 0.000000000000000000, -1.000000000000000000 ) ) ;
#440 = CARTESIAN_POINT ( 'NONE',  ( 49.99999999999997158, -5.000000000000004441, 15.83965329530470356 ) ) ;
#441 = ORIENTED_EDGE ( 'NONE', *, *, #1347, .F. ) ;
#442 = ADVANCED_FACE ( 'NONE', ( #2309 ), #1657, .F. ) ;
#443 = DIRECTION ( 'NONE',  ( 1.000000000000000000, 0.000000000000000000, 0.000000000000000000 ) ) ;
#444 = CARTESIAN_POINT ( 'NONE',  ( -2.041687604822277624, -5.000000000000004441, 27.15247043730543197 ) ) ;
#445 = DIRECTION ( 'NONE',  ( 0.000000000000000000, 0.000000000000000000, 1.000000000000000000 ) ) ;
#446 = LINE ( 'NONE', #1787, #3871 ) ;
#447 = CIRCLE ( 'NONE', #3309, 0.7500000000000006661 ) ;
#448 = FACE_OUTER_BOUND ( 'NONE', #3958, .T. ) ;
#449 = CARTESIAN_POINT ( 'NONE',  ( 47.99999999999998579, 11.99999999999995026, 40.33965329530468580 ) ) ;
#450 = ADVANCED_FACE ( 'NONE', ( #3684 ), #692, .F. ) ;
#451 = AXIS2_PLACEMENT_3D ( 'NONE', #2420, #2716, #4048 ) ;
#452 = DIRECTION ( 'NONE',  ( 0.000000000000000000, -1.000000000000000000, 0.000000000000000000 ) ) ;
#453 = AXIS2_PLACEMENT_3D ( 'NONE', #3072, #3361, #385 ) ;
#454 = CARTESIAN_POINT ( 'NONE',  ( -2.041687604822277624, -5.000000000000000000, 12.49999999999996092 ) ) ;
#455 = DIRECTION ( 'NONE',  ( 0.000000000000000000, 0.000000000000000000, -1.000000000000000000 ) ) ;
#456 = CARTESIAN_POINT ( 'NONE',  ( 20.79999999999999361, -3.000000000000000000, -13.00000000000002309 ) ) ;
#457 = CARTESIAN_POINT ( 'NONE',  ( 7.573491899548955963, 11.25472665983359200, 72.59999999999999432 ) ) ;
#458 = EDGE_LOOP ( 'NONE', ( #1512, #2174, #3014, #1371, #3609, #2258, #3672, #1667, #548, #70 ) ) ;
#459 = VECTOR ( 'NONE', #3658, 1000.000000000000000 ) ;
#460 = DIRECTION ( 'NONE',  ( 1.000000000000000000, 0.000000000000000000, -1.387778780781445676E-16 ) ) ;
#461 = DIRECTION ( 'NONE',  ( -0.000000000000000000, -1.000000000000000000, -0.000000000000000000 ) ) ;
#462 = EDGE_CURVE ( 'NONE', #3981, #353, #3108, .T. ) ;
#463 = VECTOR ( 'NONE', #837, 1000.000000000000000 ) ;
#464 = EDGE_LOOP ( 'NONE', ( #1748, #3122, #20, #2515, #949, #1428, #1961 ) ) ;
#465 = ORIENTED_EDGE ( 'NONE', *, *, #1260, .T. ) ;
#466 = DIRECTION ( 'NONE',  ( -0.000000000000000000, -1.000000000000000000, -0.000000000000000000 ) ) ;
#467 = DIRECTION ( 'NONE',  ( 1.000000000000000000, 0.000000000000000000, 0.000000000000000000 ) ) ;
#468 = CARTESIAN_POINT ( 'NONE',  ( -32.89999999999999858, 25.00000000000000000, 22.59999999999999432 ) ) ;
#469 = DIRECTION ( 'NONE',  ( 2.305280366746587933E-16, -0.000000000000000000, -1.000000000000000000 ) ) ;
#470 = VERTEX_POINT ( 'NONE', #1437 ) ;
#471 = DIRECTION ( 'NONE',  ( 0.000000000000000000, -1.000000000000000000, 0.000000000000000000 ) ) ;
#472 = AXIS2_PLACEMENT_3D ( 'NONE', #2556, #2866, #862 ) ;
#473 = CARTESIAN_POINT ( 'NONE',  ( -0.6841961195513670546, 27.76034670469523746, 12.60000000000000142 ) ) ;
#474 = VERTEX_POINT ( 'NONE', #3701 ) ;
#475 = DIRECTION ( 'NONE',  ( -1.001572445714091955E-16, 0.000000000000000000, 1.000000000000000000 ) ) ;
#476 = DIRECTION ( 'NONE',  ( 0.7071067811865486830, 0.7071067811865463515, -0.000000000000000000 ) ) ;
#477 = CARTESIAN_POINT ( 'NONE',  ( -50.00000000000002842, -113.4619749036500025, 52.83965329530469290 ) ) ;
#478 = CARTESIAN_POINT ( 'NONE',  ( 7.670161858713302472, 11.24235321289184952, 72.59999999999998010 ) ) ;
#479 = EDGE_LOOP ( 'NONE', ( #1228, #2789, #2114, #2074 ) ) ;
#480 = ORIENTED_EDGE ( 'NONE', *, *, #3762, .T. ) ;
#481 = EDGE_CURVE ( 'NONE', #3226, #2272, #3662, .T. ) ;
#482 = CARTESIAN_POINT ( 'NONE',  ( -1.773738412391154595, -3.000000000000000000, 7.499999999999995559 ) ) ;
#483 = DIRECTION ( 'NONE',  ( 0.000000000000000000, 1.000000000000000000, 0.000000000000000000 ) ) ;
#484 = EDGE_LOOP ( 'NONE', ( #819, #3470, #163, #1827, #2629, #1064, #844, #1342, #4010, #3037, #1043, #1359, #1182, #3824 ) ) ;
#485 = ORIENTED_EDGE ( 'NONE', *, *, #233, .F. ) ;
#486 = DIRECTION ( 'NONE',  ( 0.000000000000000000, -1.000000000000000000, 0.000000000000000000 ) ) ;
#487 = ADVANCED_FACE ( 'NONE', ( #712 ), #3068, .F. ) ;
#488 = DIRECTION ( 'NONE',  ( 1.000000000000000000, 0.000000000000000000, 0.000000000000000000 ) ) ;
#489 = CARTESIAN_POINT ( 'NONE',  ( 0.000000000000000000, 0.000000000000000000, 0.000000000000000000 ) ) ;
#490 = VERTEX_POINT ( 'NONE', #2801 ) ;
#491 = ORIENTED_EDGE ( 'NONE', *, *, #3709, .T. ) ;
#492 = CARTESIAN_POINT ( 'NONE',  ( -3.382710778154773834E-14, 37.07106781186549682, 36.83965329530472133 ) ) ;
#493 = CARTESIAN_POINT ( 'NONE',  ( 20.79999999999999361, 25.00000000000000000, -9.250000000000019540 ) ) ;
#494 = VERTEX_POINT ( 'NONE', #3408 ) ;
#495 = CARTESIAN_POINT ( 'NONE',  ( 20.79999999999999361, 25.00000000000000000, 10.74999999999998046 ) ) ;
#496 = CARTESIAN_POINT ( 'NONE',  ( -18.09185446177379575, 25.02652647175071721, 58.90814566352260329 ) ) ;
#497 = DIRECTION ( 'NONE',  ( 0.000000000000000000, 0.000000000000000000, -1.000000000000000000 ) ) ;
#498 = CARTESIAN_POINT ( 'NONE',  ( 5.329526032935906876, 11.51582144521433015, 72.59999999999998010 ) ) ;
#499 = VERTEX_POINT ( 'NONE', #100 ) ;
#500 = ORIENTED_EDGE ( 'NONE', *, *, #864, .F. ) ;
#501 = DIRECTION ( 'NONE',  ( 1.387778780781445676E-16, -0.000000000000000000, 1.000000000000000000 ) ) ;
#502 = CARTESIAN_POINT ( 'NONE',  ( 39.99999999999996447, -2.000000000000001776, 42.58965329530469290 ) ) ;
#503 = EDGE_CURVE ( 'NONE', #4183, #3041, #2271, .T. ) ;
#504 = DIRECTION ( 'NONE',  ( 0.000000000000000000, 0.000000000000000000, -1.000000000000000000 ) ) ;
#505 = VERTEX_POINT ( 'NONE', #403 ) ;
#506 = ORIENTED_EDGE ( 'NONE', *, *, #2739, .T. ) ;
#507 = DIRECTION ( 'NONE',  ( -1.515042337097648137E-16, 0.000000000000000000, -1.000000000000000000 ) ) ;
#508 = DIRECTION ( 'NONE',  ( -0.000000000000000000, 1.000000000000000000, -0.000000000000000000 ) ) ;
#509 = LINE ( 'NONE', #1149, #1995 ) ;
#510 = EDGE_CURVE ( 'NONE', #2684, #967, #1704, .T. ) ;
#511 = VERTEX_POINT ( 'NONE', #62 ) ;
#512 = CIRCLE ( 'NONE', #23, 1.750000000000001554 ) ;
#513 = ORIENTED_EDGE ( 'NONE', *, *, #673, .T. ) ;
#514 = DIRECTION ( 'NONE',  ( 0.000000000000000000, -1.000000000000000000, 0.000000000000000000 ) ) ;
#515 = CARTESIAN_POINT ( 'NONE',  ( -6.739355083308844030, 26.87082264087989358, 12.59999999999999964 ) ) ;
#516 = VECTOR ( 'NONE', #2525, 1000.000000000000000 ) ;
#517 = ORIENTED_EDGE ( 'NONE', *, *, #3035, .F. ) ;
#518 = CARTESIAN_POINT ( 'NONE',  ( 39.99999999999996447, -2.000000000000000000, 44.33965329530470001 ) ) ;
#519 = DIRECTION ( 'NONE',  ( 0.000000000000000000, 0.000000000000000000, 1.000000000000000000 ) ) ;
#520 = DIRECTION ( 'NONE',  ( 0.000000000000000000, 0.000000000000000000, -1.000000000000000000 ) ) ;
#521 = CARTESIAN_POINT ( 'NONE',  ( 2.014309435955369931, 11.76613257656615552, 72.60000000000002274 ) ) ;
#522 = ADVANCED_FACE ( 'NONE', ( #1393 ), #2102, .F. ) ;
#523 = AXIS2_PLACEMENT_3D ( 'NONE', #3592, #597, #2006 ) ;
#524 = VERTEX_POINT ( 'NONE', #3427 ) ;
#525 = ORIENTED_EDGE ( 'NONE', *, *, #2049, .T. ) ;
#526 = CARTESIAN_POINT ( 'NONE',  ( 8.400000000000005684, -2.000000000000000000, 5.499999999999996447 ) ) ;
#527 = CARTESIAN_POINT ( 'NONE',  ( 39.99999999999996447, -2.000000000000000000, 44.33965329530470001 ) ) ;
#528 =( NAMED_UNIT ( * ) SI_UNIT ( $, .STERADIAN. ) SOLID_ANGLE_UNIT ( ) );
#529 = EDGE_LOOP ( 'NONE', ( #1124, #1178, #1607, #2577, #4148, #1539, #2345, #3705, #326 ) ) ;
#530 = CARTESIAN_POINT ( 'NONE',  ( -1.112682945040825544, -2.307861085359263598, 25.79479027098066979 ) ) ;
#531 = CARTESIAN_POINT ( 'NONE',  ( -2.041687604822277624, -4.000000000000000000, 27.15247043730543197 ) ) ;
#532 = VECTOR ( 'NONE', #2409, 1000.000000000000000 ) ;
#533 = LINE ( 'NONE', #2496, #2620 ) ;
#534 = AXIS2_PLACEMENT_3D ( 'NONE', #527, #2769, #2162 ) ;
#535 = ORIENTED_EDGE ( 'NONE', *, *, #2215, .T. ) ;
#536 = ORIENTED_EDGE ( 'NONE', *, *, #1434, .F. ) ;
#537 = CARTESIAN_POINT ( 'NONE',  ( -3.382710778154773834E-14, 51.79999999999999716, 36.83965329530472133 ) ) ;
#538 = ADVANCED_FACE ( 'NONE', ( #1373, #1727, #2124, #1763, #3087, #1060 ), #2779, .T. ) ;
#539 = AXIS2_PLACEMENT_3D ( 'NONE', #3708, #3003, #2694 ) ;
#540 = CARTESIAN_POINT ( 'NONE',  ( 8.863752110460096034, -2.044663368188886388, 32.40650842973328594 ) ) ;
#541 =( BOUNDED_CURVE ( )  B_SPLINE_CURVE ( 3, ( #1891, #633, #1609, #2274 ),
 .UNSPECIFIED., .F., .T. ) 
 B_SPLINE_CURVE_WITH_KNOTS ( ( 4, 4 ),
 ( 1.570796326794896558, 4.712388980384689674 ),
 .UNSPECIFIED. ) 
 CURVE ( )  GEOMETRIC_REPRESENTATION_ITEM ( )  RATIONAL_B_SPLINE_CURVE ( ( 1.000000000000000000, 0.3333333333333333703, 0.3333333333333333703, 1.000000000000000000 ) ) 
 REPRESENTATION_ITEM ( '' )  );
#542 = LINE ( 'NONE', #1223, #19 ) ;
#543 = AXIS2_PLACEMENT_3D ( 'NONE', #267, #2599, #4282 ) ;
#544 = CARTESIAN_POINT ( 'NONE',  ( -3.382710778154773834E-14, 51.79999999999999716, 36.83965329530472133 ) ) ;
#545 = ADVANCED_FACE ( 'NONE', ( #448 ), #2081, .F. ) ;
#546 = DIRECTION ( 'NONE',  ( 0.000000000000000000, 0.000000000000000000, -1.000000000000000000 ) ) ;
#547 = CARTESIAN_POINT ( 'NONE',  ( -2.610877890180771210, 11.73464829798501796, 72.60000000000000853 ) ) ;
#548 = ORIENTED_EDGE ( 'NONE', *, *, #2207, .T. ) ;
#549 = VERTEX_POINT ( 'NONE', #4063 ) ;
#550 = CARTESIAN_POINT ( 'NONE',  ( 10.92464637040636610, 25.26662077349992330, 62.03411497744422576 ) ) ;
#551 = DIRECTION ( 'NONE',  ( -1.000000000000000000, 0.000000000000000000, 0.000000000000000000 ) ) ;
#552 = ORIENTED_EDGE ( 'NONE', *, *, #2675, .F. ) ;
#553 = CARTESIAN_POINT ( 'NONE',  ( -0.04168760482227765185, -2.000000000000000000, 5.499999999999996447 ) ) ;
#554 = CARTESIAN_POINT ( 'NONE',  ( -22.89999999999999503, 0.000000000000000000, 7.499999999999992895 ) ) ;
#555 = CARTESIAN_POINT ( 'NONE',  ( -12.40000000000003411, 51.79999999999999716, 36.83965329530470711 ) ) ;
#556 = ORIENTED_EDGE ( 'NONE', *, *, #2380, .T. ) ;
#557 = CARTESIAN_POINT ( 'NONE',  ( 32.90000000000000568, -5.000000000000000000, 67.59999999999993747 ) ) ;
#558 = PLANE ( 'NONE',  #1444 ) ;
#559 = AXIS2_PLACEMENT_3D ( 'NONE', #3628, #4216, #3228 ) ;
#560 = EDGE_CURVE ( 'NONE', #3288, #3773, #3449, .T. ) ;
#561 = CARTESIAN_POINT ( 'NONE',  ( -40.00000000000003553, -5.000000000000000000, 46.08965329530468580 ) ) ;
#562 = CARTESIAN_POINT ( 'NONE',  ( 8.376001616100275271, 25.34174185005404212, 62.79210589932655751 ) ) ;
#563 = DIRECTION ( 'NONE',  ( -0.000000000000000000, 1.000000000000000000, -0.000000000000000000 ) ) ;
#564 = CARTESIAN_POINT ( 'NONE',  ( -13.21413956426483161, 10.50322092452504386, 72.59999999999999432 ) ) ;
#565 = EDGE_CURVE ( 'NONE', #2298, #3128, #1849, .T. ) ;
#566 = ORIENTED_EDGE ( 'NONE', *, *, #4042, .F. ) ;
#567 = VERTEX_POINT ( 'NONE', #2709 ) ;
#568 = CARTESIAN_POINT ( 'NONE',  ( 8.334242257286849309, 25.34286928764356972, 62.80241300141412353 ) ) ;
#569 = DIRECTION ( 'NONE',  ( -1.000000000000000000, 0.000000000000000000, 0.000000000000000000 ) ) ;
#570 = VECTOR ( 'NONE', #121, 1000.000000000000000 ) ;
#571 = EDGE_CURVE ( 'NONE', #3272, #3097, #4202, .T. ) ;
#572 = ORIENTED_EDGE ( 'NONE', *, *, #4227, .F. ) ;
#573 = DIRECTION ( 'NONE',  ( 0.000000000000000000, 0.000000000000000000, 1.000000000000000000 ) ) ;
#574 = DIRECTION ( 'NONE',  ( 0.000000000000000000, 0.000000000000000000, 1.000000000000000000 ) ) ;
#575 = DIRECTION ( 'NONE',  ( 0.000000000000000000, 0.000000000000000000, -1.000000000000000000 ) ) ;
#576 = EDGE_CURVE ( 'NONE', #3128, #2298, #1984, .T. ) ;
#577 = ORIENTED_EDGE ( 'NONE', *, *, #1456, .T. ) ;
#578 = VERTEX_POINT ( 'NONE', #3043 ) ;
#579 = VECTOR ( 'NONE', #2349, 1000.000000000000000 ) ;
#580 = DIRECTION ( 'NONE',  ( 0.5773502691896239547, 0.5773502691896256200, 0.5773502691896278405 ) ) ;
#581 = CARTESIAN_POINT ( 'NONE',  ( -32.89999999999999858, -5.000000000000000000, -17.59999999999994102 ) ) ;
#582 = VECTOR ( 'NONE', #329, 1000.000000000000114 ) ;
#583 = EDGE_CURVE ( 'NONE', #889, #3415, #4021, .T. ) ;
#584 = DIRECTION ( 'NONE',  ( -0.7071067811865434649, 0.000000000000000000, 0.7071067811865515695 ) ) ;
#585 = DIRECTION ( 'NONE',  ( 0.000000000000000000, 0.000000000000000000, -1.000000000000000000 ) ) ;
#586 = CARTESIAN_POINT ( 'NONE',  ( -7.682601832064137604, 11.24077427498689374, 72.60000000000000853 ) ) ;
#587 = AXIS2_PLACEMENT_3D ( 'NONE', #2840, #4149, #4170 ) ;
#588 = EDGE_LOOP ( 'NONE', ( #2485, #3077, #3583, #2773 ) ) ;
#589 = AXIS2_PLACEMENT_3D ( 'NONE', #2726, #2680, #445 ) ;
#590 = CARTESIAN_POINT ( 'NONE',  ( -6.992849497225872568, 25.37379901089857981, 63.09915595569075464 ) ) ;
#591 = CARTESIAN_POINT ( 'NONE',  ( 32.90000000000000568, 25.00000000000000000, -22.60000000000000142 ) ) ;
#592 = EDGE_CURVE ( 'NONE', #3153, #4015, #1072, .T. ) ;
#593 = ORIENTED_EDGE ( 'NONE', *, *, #992, .T. ) ;
#594 = CIRCLE ( 'NONE', #453, 0.7500000000000006661 ) ;
#595 = DIRECTION ( 'NONE',  ( 0.000000000000000000, 0.000000000000000000, -1.000000000000000000 ) ) ;
#596 = CARTESIAN_POINT ( 'NONE',  ( -12.40000000000003411, 51.79999999999999716, 35.08965329530470001 ) ) ;
#597 = DIRECTION ( 'NONE',  ( -0.000000000000000000, 1.000000000000000000, -0.000000000000000000 ) ) ;
#598 = ORIENTED_EDGE ( 'NONE', *, *, #3225, .T. ) ;
#599 = ORIENTED_EDGE ( 'NONE', *, *, #1047, .T. ) ;
#600 = DIRECTION ( 'NONE',  ( -0.000000000000000000, -1.000000000000000000, -0.000000000000000000 ) ) ;
#601 = ADVANCED_FACE ( 'NONE', ( #3417 ), #3056, .F. ) ;
#602 = AXIS2_PLACEMENT_3D ( 'NONE', #3549, #1606, #198 ) ;
#603 = CARTESIAN_POINT ( 'NONE',  ( 12.39999999999996660, -5.000000000000004441, 36.83965329530473554 ) ) ;
#604 = FACE_OUTER_BOUND ( 'NONE', #2185, .T. ) ;
#605 = PLANE ( 'NONE',  #1484 ) ;
#606 = CARTESIAN_POINT ( 'NONE',  ( -15.26674119759550585, 10.27439512997795923, 72.60000000000000853 ) ) ;
#607 = EDGE_CURVE ( 'NONE', #3098, #415, #512, .T. ) ;
#608 = AXIS2_PLACEMENT_3D ( 'NONE', #3334, #3290, #2325 ) ;
#609 = ORIENTED_EDGE ( 'NONE', *, *, #3963, .F. ) ;
#610 = CARTESIAN_POINT ( 'NONE',  ( 9.762709065553694998, 25.30252137218080577, 62.40102814291026334 ) ) ;
#611 = CARTESIAN_POINT ( 'NONE',  ( -2.041687604822277624, -4.000000000000000000, 12.49999999999996092 ) ) ;
#612 = VERTEX_POINT ( 'NONE', #3648 ) ;
#613 = ADVANCED_FACE ( 'NONE', ( #1361 ), #416, .F. ) ;
#614 = VERTEX_POINT ( 'NONE', #2026 ) ;
#615 = CARTESIAN_POINT ( 'NONE',  ( -33.05344890156514026, 26.94655109843489882, 3.893102196869773657 ) ) ;
#616 = LINE ( 'NONE', #4257, #298 ) ;
#617 = CARTESIAN_POINT ( 'NONE',  ( -40.00000000000003553, 51.79999999999999716, 44.33965329530468580 ) ) ;
#618 = EDGE_CURVE ( 'NONE', #3153, #420, #2719, .T. ) ;
#619 = ORIENTED_EDGE ( 'NONE', *, *, #1246, .T. ) ;
#620 = LINE ( 'NONE', #286, #1459 ) ;
#621 = LINE ( 'NONE', #3291, #1587 ) ;
#622 = EDGE_CURVE ( 'NONE', #1105, #1365, #2699, .T. ) ;
#623 = CARTESIAN_POINT ( 'NONE',  ( 37.89999999999994884, 22.10000000000002984, 57.83965329530470711 ) ) ;
#624 = FACE_OUTER_BOUND ( 'NONE', #266, .T. ) ;
#625 = CARTESIAN_POINT ( 'NONE',  ( -7.961484541564261441, 11.20496266595194967, 72.59999999999998010 ) ) ;
#626 = ORIENTED_EDGE ( 'NONE', *, *, #1264, .F. ) ;
#627 = CARTESIAN_POINT ( 'NONE',  ( -0.6751543889341100613, 25.45150153156134820, 63.82731850664130491 ) ) ;
#628 = DIRECTION ( 'NONE',  ( 0.000000000000000000, 0.000000000000000000, -1.000000000000000000 ) ) ;
#629 = VERTEX_POINT ( 'NONE', #721 ) ;
#630 = ORIENTED_EDGE ( 'NONE', *, *, #3274, .F. ) ;
#631 = CARTESIAN_POINT ( 'NONE',  ( 39.99999999999996447, 51.79999999999999716, 25.33965329530469290 ) ) ;
#632 = EDGE_CURVE ( 'NONE', #696, #967, #3370, .T. ) ;
#633 = CARTESIAN_POINT ( 'NONE',  ( -32.00000000000002842, 28.00000000000002132, 33.33965329530468580 ) ) ;
#634 = CARTESIAN_POINT ( 'NONE',  ( -3.382710778154773834E-14, 44.60000000000000142, 36.83965329530472133 ) ) ;
#635 = ORIENTED_EDGE ( 'NONE', *, *, #3929, .T. ) ;
#636 = ORIENTED_EDGE ( 'NONE', *, *, #393, .F. ) ;
#637 = CARTESIAN_POINT ( 'NONE',  ( -3.700000000000004174, 25.00000000000000000, -10.75000000000002309 ) ) ;
#638 = DIRECTION ( 'NONE',  ( -0.000000000000000000, 1.000000000000000000, -0.000000000000000000 ) ) ;
#639 = ADVANCED_FACE ( 'NONE', ( #1027 ), #3735, .F. ) ;
#640 =( BOUNDED_CURVE ( )  B_SPLINE_CURVE ( 3, ( #649, #3643, #68, #2354 ),
 .UNSPECIFIED., .F., .T. ) 
 B_SPLINE_CURVE_WITH_KNOTS ( ( 4, 4 ),
 ( 4.712388980384689674, 7.853981633974482790 ),
 .UNSPECIFIED. ) 
 CURVE ( )  GEOMETRIC_REPRESENTATION_ITEM ( )  RATIONAL_B_SPLINE_CURVE ( ( 1.000000000000000000, 0.3333333333333333703, 0.3333333333333333703, 1.000000000000000000 ) ) 
 REPRESENTATION_ITEM ( '' )  );
#641 = CARTESIAN_POINT ( 'NONE',  ( -27.89999999999999503, 0.000000000000000000, 72.59999999999999432 ) ) ;
#642 = ORIENTED_EDGE ( 'NONE', *, *, #4099, .F. ) ;
#643 = AXIS2_PLACEMENT_3D ( 'NONE', #3769, #1731, #1397 ) ;
#644 = CARTESIAN_POINT ( 'NONE',  ( -32.89999999999999858, -5.000000000000000000, -22.60000000000000142 ) ) ;
#645 = PLANE ( 'NONE',  #1270 ) ;
#646 = FACE_OUTER_BOUND ( 'NONE', #3644, .T. ) ;
#647 = ORIENTED_EDGE ( 'NONE', *, *, #2181, .T. ) ;
#648 = CARTESIAN_POINT ( 'NONE',  ( -0.04168760482227765185, -2.000000000000000000, 22.69014989616420408 ) ) ;
#649 = CARTESIAN_POINT ( 'NONE',  ( 39.99999999999996447, 19.99999999999998934, 33.33965329530470001 ) ) ;
#650 = EDGE_CURVE ( 'NONE', #1942, #877, #295, .T. ) ;
#651 = AXIS2_PLACEMENT_3D ( 'NONE', #2751, #3039, #2433 ) ;
#652 = ORIENTED_EDGE ( 'NONE', *, *, #1347, .T. ) ;
#653 = ORIENTED_EDGE ( 'NONE', *, *, #750, .T. ) ;
#654 = CARTESIAN_POINT ( 'NONE',  ( 8.393032195738822310, 11.15044942668863293, 72.59999999999999432 ) ) ;
#655 = DIRECTION ( 'NONE',  ( -0.000000000000000000, -1.000000000000000000, -0.000000000000000000 ) ) ;
#656 = DIRECTION ( 'NONE',  ( 0.000000000000000000, -1.000000000000000000, 0.000000000000000000 ) ) ;
#657 = AXIS2_PLACEMENT_3D ( 'NONE', #489, #2867, #1217 ) ;
#658 = CARTESIAN_POINT ( 'NONE',  ( -1.043954317808599486, -2.264347398891757734, 26.99424334669808800 ) ) ;
#659 = EDGE_CURVE ( 'NONE', #3671, #3804, #682, .T. ) ;
#660 = ORIENTED_EDGE ( 'NONE', *, *, #1201, .T. ) ;
#661 = ORIENTED_EDGE ( 'NONE', *, *, #243, .T. ) ;
#662 = ORIENTED_EDGE ( 'NONE', *, *, #2659, .T. ) ;
#663 = LINE ( 'NONE', #1239, #3550 ) ;
#664 = DIRECTION ( 'NONE',  ( 0.000000000000000000, -1.000000000000000000, 0.000000000000000000 ) ) ;
#665 = CARTESIAN_POINT ( 'NONE',  ( 22.90000000000000213, 0.000000000000000000, -12.60000000000000320 ) ) ;
#666 = ORIENTED_EDGE ( 'NONE', *, *, #887, .T. ) ;
#667 = AXIS2_PLACEMENT_3D ( 'NONE', #2971, #4286, #1304 ) ;
#668 = EDGE_CURVE ( 'NONE', #1500, #4188, #3240, .T. ) ;
#669 = CARTESIAN_POINT ( 'NONE',  ( -2.060236852187089862E-14, 51.79999999999999716, 22.68965329530471209 ) ) ;
#670 = CIRCLE ( 'NONE', #3605, 1.750000000000005107 ) ;
#671 = CARTESIAN_POINT ( 'NONE',  ( -19.53745194575719069, 9.999926847331114033, 72.60000000000002274 ) ) ;
#672 = ORIENTED_EDGE ( 'NONE', *, *, #3307, .F. ) ;
#673 = EDGE_CURVE ( 'NONE', #415, #3098, #3785, .T. ) ;
#674 = ORIENTED_EDGE ( 'NONE', *, *, #1128, .T. ) ;
#675 = VECTOR ( 'NONE', #2295, 1000.000000000000000 ) ;
#676 = LINE ( 'NONE', #3050, #1174 ) ;
#677 = CARTESIAN_POINT ( 'NONE',  ( -33.60000000000000142, 26.40000000000003055, 11.53965329530469930 ) ) ;
#678 = ORIENTED_EDGE ( 'NONE', *, *, #1768, .T. ) ;
#679 = ORIENTED_EDGE ( 'NONE', *, *, #980, .T. ) ;
#680 = EDGE_CURVE ( 'NONE', #2091, #1276, #985, .T. ) ;
#681 = VECTOR ( 'NONE', #4305, 1000.000000000000000 ) ;
#682 = LINE ( 'NONE', #1736, #2275 ) ;
#683 = CARTESIAN_POINT ( 'NONE',  ( 20.79999999999999361, -5.000000000000000000, 6.999999999999976907 ) ) ;
#684 = CARTESIAN_POINT ( 'NONE',  ( 39.99999999999996447, 51.79999999999999716, 31.08965329530470356 ) ) ;
#685 = CIRCLE ( 'NONE', #3681, 5.000000000000004441 ) ;
#686 = VERTEX_POINT ( 'NONE', #371 ) ;
#687 = ORIENTED_EDGE ( 'NONE', *, *, #1220, .T. ) ;
#688 = CARTESIAN_POINT ( 'NONE',  ( -3.382710778154773834E-14, 30.00000000000000355, 36.83965329530472133 ) ) ;
#689 = DIRECTION ( 'NONE',  ( 0.000000000000000000, 0.000000000000000000, 1.000000000000000000 ) ) ;
#690 = DIRECTION ( 'NONE',  ( -0.000000000000000000, 1.000000000000000000, -0.000000000000000000 ) ) ;
#691 = ORIENTED_EDGE ( 'NONE', *, *, #2781, .T. ) ;
#692 = CYLINDRICAL_SURFACE ( 'NONE', #1703, 1.750000000000001554 ) ;
#693 = CARTESIAN_POINT ( 'NONE',  ( -32.89999999999999858, -5.000000000000000888, 10.83965329530468225 ) ) ;
#694 = ADVANCED_FACE ( 'NONE', ( #4032 ), #1050, .T. ) ;
#695 = DIRECTION ( 'NONE',  ( -0.000000000000000000, 1.000000000000000000, -0.000000000000000000 ) ) ;
#696 = VERTEX_POINT ( 'NONE', #2070 ) ;
#697 = DIRECTION ( 'NONE',  ( 0.000000000000000000, -1.000000000000000000, 0.000000000000000000 ) ) ;
#698 = EDGE_CURVE ( 'NONE', #3102, #259, #2340, .T. ) ;
#699 = LINE ( 'NONE', #677, #3728 ) ;
#700 = EDGE_LOOP ( 'NONE', ( #3857, #316, #2546, #4035, #4275, #334, #2604, #3519 ) ) ;
#701 = CIRCLE ( 'NONE', #2109, 14.90000000000000391 ) ;
#702 = ORIENTED_EDGE ( 'NONE', *, *, #3086, .T. ) ;
#703 = CARTESIAN_POINT ( 'NONE',  ( -50.00000000000002842, -113.4619749036500025, 52.83965329530469290 ) ) ;
#704 = DIRECTION ( 'NONE',  ( 0.000000000000000000, -0.000000000000000000, -1.000000000000000000 ) ) ;
#705 = CARTESIAN_POINT ( 'NONE',  ( -2.041687604822277624, -4.000000000000000000, 27.15247043730543197 ) ) ;
#706 = ORIENTED_EDGE ( 'NONE', *, *, #333, .T. ) ;
#707 = LINE ( 'NONE', #2120, #3206 ) ;
#708 = DIRECTION ( 'NONE',  ( -0.000000000000000000, -1.000000000000000000, -0.000000000000000000 ) ) ;
#709 = EDGE_CURVE ( 'NONE', #259, #3492, #2744, .T. ) ;
#710 = DIRECTION ( 'NONE',  ( 0.000000000000000000, -0.7071067811865513475, 0.7071067811865437980 ) ) ;
#711 = ORIENTED_EDGE ( 'NONE', *, *, #680, .F. ) ;
#712 = FACE_OUTER_BOUND ( 'NONE', #1804, .T. ) ;
#713 = CARTESIAN_POINT ( 'NONE',  ( -1.572033041489715899, -2.710553507430683240, 50.01621839394528024 ) ) ;
#714 = PLANE ( 'NONE',  #806 ) ;
#715 = VERTEX_POINT ( 'NONE', #1669 ) ;
#716 = DIRECTION ( 'NONE',  ( 1.000000000000000000, 0.000000000000000000, 0.000000000000000000 ) ) ;
#717 = DIRECTION ( 'NONE',  ( 0.5773502691896266192, -0.5773502691896283956, 0.5773502691896222894 ) ) ;
#718 = DIRECTION ( 'NONE',  ( 0.000000000000000000, -1.000000000000000000, 0.000000000000000000 ) ) ;
#719 = VERTEX_POINT ( 'NONE', #1338 ) ;
#720 = VERTEX_POINT ( 'NONE', #2811 ) ;
#721 = CARTESIAN_POINT ( 'NONE',  ( -1.599999999999986766, -5.000000000000000000, -22.60000000000000142 ) ) ;
#722 = CARTESIAN_POINT ( 'NONE',  ( -40.00000000000003553, 51.79999999999999716, 29.33965329530468225 ) ) ;
#723 = FACE_OUTER_BOUND ( 'NONE', #3337, .T. ) ;
#724 = VECTOR ( 'NONE', #664, 1000.000000000000000 ) ;
#725 = ORIENTED_EDGE ( 'NONE', *, *, #387, .T. ) ;
#726 = ORIENTED_EDGE ( 'NONE', *, *, #1232, .T. ) ;
#727 = AXIS2_PLACEMENT_3D ( 'NONE', #1545, #2517, #115 ) ;
#728 = EDGE_CURVE ( 'NONE', #4183, #2657, #3837, .T. ) ;
#729 = DIRECTION ( 'NONE',  ( 1.000000000000000000, 0.000000000000000000, -0.000000000000000000 ) ) ;
#730 = LINE ( 'NONE', #753, #1779 ) ;
#731 = CIRCLE ( 'NONE', #3313, 1.750000000000001554 ) ;
#732 = CARTESIAN_POINT ( 'NONE',  ( 20.79999999999999361, 25.00000000000000000, -10.00000000000002309 ) ) ;
#733 = CARTESIAN_POINT ( 'NONE',  ( 33.59999999999999432, 26.39999999999998437, 62.13965329530472559 ) ) ;
#734 = VECTOR ( 'NONE', #1395, 1000.000000000000000 ) ;
#735 = CARTESIAN_POINT ( 'NONE',  ( -0.9353166416569700381, -2.207852609371295571, 50.72277242028034294 ) ) ;
#736 = EDGE_CURVE ( 'NONE', #524, #2741, #447, .T. ) ;
#737 = AXIS2_PLACEMENT_3D ( 'NONE', #1671, #2072, #4078 ) ;
#738 = CARTESIAN_POINT ( 'NONE',  ( -3.700000000000004174, -5.000000000000000000, -13.00000000000002309 ) ) ;
#739 = LINE ( 'NONE', #1442, #3712 ) ;
#740 = DIRECTION ( 'NONE',  ( 0.000000000000000000, 0.000000000000000000, -1.000000000000000000 ) ) ;
#741 = VECTOR ( 'NONE', #3357, 1000.000000000000000 ) ;
#742 = FACE_OUTER_BOUND ( 'NONE', #3484, .T. ) ;
#743 = DIRECTION ( 'NONE',  ( -1.000000000000000000, 0.000000000000000000, 0.000000000000000000 ) ) ;
#744 = AXIS2_PLACEMENT_3D ( 'NONE', #3418, #2048, #3714 ) ;
#745 = ORIENTED_EDGE ( 'NONE', *, *, #37, .T. ) ;
#746 = DIRECTION ( 'NONE',  ( 0.000000000000000000, 0.000000000000000000, -1.000000000000000000 ) ) ;
#747 = LINE ( 'NONE', #2361, #3129 ) ;
#748 = EDGE_CURVE ( 'NONE', #3036, #3149, #2792, .T. ) ;
#749 = LINE ( 'NONE', #3033, #1582 ) ;
#750 = EDGE_CURVE ( 'NONE', #3691, #2917, #3797, .T. ) ;
#751 = ORIENTED_EDGE ( 'NONE', *, *, #3421, .T. ) ;
#752 = CARTESIAN_POINT ( 'NONE',  ( -1.632321361821989614, -2.780607978189192586, 46.60443400064983166 ) ) ;
#753 = CARTESIAN_POINT ( 'NONE',  ( -40.00000000000003553, 51.79999999999999716, 46.08965329530468580 ) ) ;
#754 = ADVANCED_FACE ( 'NONE', ( #3754, #4121, #1142, #1867 ), #3161, .F. ) ;
#755 = DIRECTION ( 'NONE',  ( -0.000000000000000000, -1.000000000000000000, -0.000000000000000000 ) ) ;
#756 = CARTESIAN_POINT ( 'NONE',  ( 12.39999999999996660, -5.000000000000004441, 36.83965329530473554 ) ) ;
#757 = DIRECTION ( 'NONE',  ( 0.000000000000000000, -1.000000000000000000, 0.000000000000000000 ) ) ;
#758 = CARTESIAN_POINT ( 'NONE',  ( -3.599999999999988542, -3.000000000000000000, -9.500000000000003553 ) ) ;
#759 = EDGE_LOOP ( 'NONE', ( #1493, #4276, #4279, #4206 ) ) ;
#760 = DIRECTION ( 'NONE',  ( 1.000000000000000000, -0.000000000000000000, -1.136281752823236226E-16 ) ) ;
#761 = CARTESIAN_POINT ( 'NONE',  ( -3.382710778154773834E-14, 44.60000000000000142, 36.83965329530472133 ) ) ;
#762 = CARTESIAN_POINT ( 'NONE',  ( -40.00000000000003553, -5.000000000000000000, 27.58965329530467869 ) ) ;
#763 = ORIENTED_EDGE ( 'NONE', *, *, #376, .T. ) ;
#764 = CARTESIAN_POINT ( 'NONE',  ( 27.90000000000000213, 25.00000000000000000, -22.60000000000000142 ) ) ;
#765 = CARTESIAN_POINT ( 'NONE',  ( -40.00000000000003553, -2.000000000000000000, 25.33965329530467869 ) ) ;
#766 = LINE ( 'NONE', #1340, #3396 ) ;
#767 = VERTEX_POINT ( 'NONE', #764 ) ;
#768 = EDGE_CURVE ( 'NONE', #2741, #524, #3524, .T. ) ;
#769 = ORIENTED_EDGE ( 'NONE', *, *, #3298, .F. ) ;
#770 = DIRECTION ( 'NONE',  ( 0.000000000000000000, 0.000000000000000000, -1.000000000000000000 ) ) ;
#771 = CARTESIAN_POINT ( 'NONE',  ( -0.04168760482227765185, -2.000000000000000000, 46.73956552439059919 ) ) ;
#772 = AXIS2_PLACEMENT_3D ( 'NONE', #1162, #3521, #3195 ) ;
#773 = CARTESIAN_POINT ( 'NONE',  ( 5.401863903362722041, 27.20080036590992023, 12.59999999999999432 ) ) ;
#774 = DIRECTION ( 'NONE',  ( 0.000000000000000000, 1.000000000000000000, 0.000000000000000000 ) ) ;
#775 = DIRECTION ( 'NONE',  ( -0.000000000000000000, 1.000000000000000000, -0.000000000000000000 ) ) ;
#776 = CARTESIAN_POINT ( 'NONE',  ( 32.90000000000000568, 14.99999999999983835, 67.59999999999995168 ) ) ;
#777 = EDGE_CURVE ( 'NONE', #31, #3987, #815, .T. ) ;
#778 = AXIS2_PLACEMENT_3D ( 'NONE', #1154, #1482, #3538 ) ;
#779 = CARTESIAN_POINT ( 'NONE',  ( 10.40000000000001101, -2.000000000000000000, -12.60000000000000142 ) ) ;
#780 = CARTESIAN_POINT ( 'NONE',  ( -40.00000000000003553, 51.79999999999999716, 29.33965329530468225 ) ) ;
#781 = CARTESIAN_POINT ( 'NONE',  ( -0.9453417762753066889, 11.80651788240791156, 72.59999999999999432 ) ) ;
#782 = EDGE_CURVE ( 'NONE', #2708, #4029, #1847, .T. ) ;
#783 = CARTESIAN_POINT ( 'NONE',  ( -22.89999999999999503, 0.000000000000000000, -5.500000000000006217 ) ) ;
#784 = CARTESIAN_POINT ( 'NONE',  ( 7.545903941270146298, 11.25824201865499674, 72.59999999999999432 ) ) ;
#785 =( BOUNDED_CURVE ( )  B_SPLINE_CURVE ( 3, ( #114, #1173, #2187, #2142 ),
 .UNSPECIFIED., .F., .T. ) 
 B_SPLINE_CURVE_WITH_KNOTS ( ( 4, 4 ),
 ( 4.712388980384689674, 7.853981633974482790 ),
 .UNSPECIFIED. ) 
 CURVE ( )  GEOMETRIC_REPRESENTATION_ITEM ( )  RATIONAL_B_SPLINE_CURVE ( ( 1.000000000000000000, 0.3333333333333333703, 0.3333333333333333703, 1.000000000000000000 ) ) 
 REPRESENTATION_ITEM ( '' )  );
#786 = EDGE_LOOP ( 'NONE', ( #3281, #1685, #1153, #926 ) ) ;
#787 = VERTEX_POINT ( 'NONE', #856 ) ;
#788 = AXIS2_PLACEMENT_3D ( 'NONE', #2601, #3599, #2370 ) ;
#789 = DIRECTION ( 'NONE',  ( -2.305280366746587933E-16, 0.000000000000000000, 1.000000000000000000 ) ) ;
#790 = CARTESIAN_POINT ( 'NONE',  ( -3.599999999999988987, 0.000000000000000000, -7.500000000000003553 ) ) ;
#791 = VECTOR ( 'NONE', #1383, 1000.000000000000000 ) ;
#792 = EDGE_LOOP ( 'NONE', ( #915, #391, #1709, #1474 ) ) ;
#793 = ORIENTED_EDGE ( 'NONE', *, *, #1114, .F. ) ;
#794 = CARTESIAN_POINT ( 'NONE',  ( 44.99999999999995737, -5.000000000000004441, 15.83965329530470356 ) ) ;
#795 = AXIS2_PLACEMENT_3D ( 'NONE', #3444, #507, #443 ) ;
#796 = FACE_OUTER_BOUND ( 'NONE', #484, .T. ) ;
#797 = AXIS2_PLACEMENT_3D ( 'NONE', #2130, #3455, #1797 ) ;
#798 = DIRECTION ( 'NONE',  ( 1.000000000000000000, 0.000000000000000000, 0.000000000000000000 ) ) ;
#799 = EDGE_CURVE ( 'NONE', #6, #3537, #4205, .T. ) ;
#800 = PLANE ( 'NONE',  #3939 ) ;
#801 = ORIENTED_EDGE ( 'NONE', *, *, #1214, .F. ) ;
#802 = VERTEX_POINT ( 'NONE', #482 ) ;
#803 = CARTESIAN_POINT ( 'NONE',  ( 32.90000000000000568, 25.00000000000000000, 57.59999999999989484 ) ) ;
#804 = CARTESIAN_POINT ( 'NONE',  ( -5.426547664932199311, 27.19545496886753355, 12.59999999999999609 ) ) ;
#805 = ADVANCED_FACE ( 'NONE', ( #1776 ), #3119, .T. ) ;
#806 = AXIS2_PLACEMENT_3D ( 'NONE', #3639, #4023, #3046 ) ;
#807 = ORIENTED_EDGE ( 'NONE', *, *, #503, .F. ) ;
#808 = CARTESIAN_POINT ( 'NONE',  ( -5.358312395177730281, -5.000000000000000000, 7.499999999999994671 ) ) ;
#809 = CARTESIAN_POINT ( 'NONE',  ( -6.854633982214384247, 11.34710101849493746, 72.59999999999999432 ) ) ;
#810 = FACE_OUTER_BOUND ( 'NONE', #2204, .T. ) ;
#811 = CARTESIAN_POINT ( 'NONE',  ( 14.82295212839969878, 10.31874343456110488, 72.60000000000000853 ) ) ;
#812 = EDGE_CURVE ( 'NONE', #2586, #3753, #3438, .T. ) ;
#813 = ORIENTED_EDGE ( 'NONE', *, *, #3345, .T. ) ;
#814 = ORIENTED_EDGE ( 'NONE', *, *, #2727, .T. ) ;
#815 = LINE ( 'NONE', #2161, #3787 ) ;
#816 = DIRECTION ( 'NONE',  ( 0.000000000000000000, 0.000000000000000000, 1.000000000000000000 ) ) ;
#817 = VECTOR ( 'NONE', #3080, 1000.000000000000000 ) ;
#818 = EDGE_CURVE ( 'NONE', #3363, #1941, #3249, .T. ) ;
#819 = ORIENTED_EDGE ( 'NONE', *, *, #2997, .T. ) ;
#820 = ORIENTED_EDGE ( 'NONE', *, *, #4066, .T. ) ;
#821 = DIRECTION ( 'NONE',  ( -0.7071067811865494601, 0.000000000000000000, 0.7071067811865455743 ) ) ;
#822 = AXIS2_PLACEMENT_3D ( 'NONE', #3568, #628, #569 ) ;
#823 = LINE ( 'NONE', #444, #2283 ) ;
#824 = DIRECTION ( 'NONE',  ( -0.000000000000000000, -1.000000000000000000, -0.000000000000000000 ) ) ;
#825 = ORIENTED_EDGE ( 'NONE', *, *, #1172, .F. ) ;
#826 = CARTESIAN_POINT ( 'NONE',  ( 20.79999999999999361, -5.000000000000000000, -10.00000000000002309 ) ) ;
#827 = AXIS2_PLACEMENT_3D ( 'NONE', #3146, #508, #3445 ) ;
#828 = CARTESIAN_POINT ( 'NONE',  ( -40.00000000000003553, -2.000000000000000000, 44.33965329530468580 ) ) ;
#829 = ORIENTED_EDGE ( 'NONE', *, *, #891, .F. ) ;
#830 = ADVANCED_FACE ( 'NONE', ( #1950 ), #2313, .T. ) ;
#831 = CARTESIAN_POINT ( 'NONE',  ( 20.79999999999999361, 0.000000000000000000, 10.74999999999998046 ) ) ;
#832 = CARTESIAN_POINT ( 'NONE',  ( 19.26005249594146918, 24.99997174977208658, 58.24571309531639685 ) ) ;
#833 = CYLINDRICAL_SURFACE ( 'NONE', #1710, 17.00000000000000000 ) ;
#834 = CARTESIAN_POINT ( 'NONE',  ( 17.96686934256635482, 10.06539747674068153, 72.59999999999999432 ) ) ;
#835 = EDGE_LOOP ( 'NONE', ( #1573, #725, #156, #4039 ) ) ;
#836 = DIRECTION ( 'NONE',  ( 0.000000000000000000, 0.000000000000000000, -1.000000000000000000 ) ) ;
#837 = DIRECTION ( 'NONE',  ( -0.000000000000000000, -1.000000000000000000, -0.000000000000000000 ) ) ;
#838 = ADVANCED_FACE ( 'NONE', ( #2954 ), #3322, .F. ) ;
#839 = ORIENTED_EDGE ( 'NONE', *, *, #2997, .F. ) ;
#840 = EDGE_LOOP ( 'NONE', ( #2636, #87, #2559, #3861 ) ) ;
#841 = FACE_OUTER_BOUND ( 'NONE', #3278, .T. ) ;
#842 = DIRECTION ( 'NONE',  ( 0.000000000000000000, -1.000000000000000000, -0.000000000000000000 ) ) ;
#843 = CARTESIAN_POINT ( 'NONE',  ( 22.90000000000000213, 25.00000000000000000, 12.59999999999999609 ) ) ;
#844 = ORIENTED_EDGE ( 'NONE', *, *, #2322, .F. ) ;
#845 = ORIENTED_EDGE ( 'NONE', *, *, #351, .F. ) ;
#846 = CARTESIAN_POINT ( 'NONE',  ( -27.89999999999995239, 25.00000000000000000, -22.60000000000000142 ) ) ;
#847 = EDGE_CURVE ( 'NONE', #3691, #2492, #66, .T. ) ;
#848 = LINE ( 'NONE', #3110, #1294 ) ;
#849 = EDGE_LOOP ( 'NONE', ( #4061, #2317 ) ) ;
#850 = LINE ( 'NONE', #495, #3979 ) ;
#851 = DIRECTION ( 'NONE',  ( 0.000000000000000000, 0.000000000000000000, 1.000000000000000000 ) ) ;
#852 = CARTESIAN_POINT ( 'NONE',  ( -22.89999999999999503, -2.000000000000000000, 7.499999999999992895 ) ) ;
#853 = CARTESIAN_POINT ( 'NONE',  ( 2.494345210188766426, 11.74099706109733887, 72.59999999999999432 ) ) ;
#854 = EDGE_LOOP ( 'NONE', ( #2597, #4044 ) ) ;
#855 = VERTEX_POINT ( 'NONE', #4124 ) ;
#856 = CARTESIAN_POINT ( 'NONE',  ( -32.89999999999999858, 14.99999999999982236, 67.59999999999996589 ) ) ;
#857 = DIRECTION ( 'NONE',  ( 0.000000000000000000, 0.000000000000000000, 1.000000000000000000 ) ) ;
#858 = APPLICATION_PROTOCOL_DEFINITION ( 'draft international standard', 'automotive_design', 1998, #2633 ) ;
#859 = AXIS2_PLACEMENT_3D ( 'NONE', #1065, #3412, #3729 ) ;
#860 = ORIENTED_EDGE ( 'NONE', *, *, #3975, .F. ) ;
#861 = CARTESIAN_POINT ( 'NONE',  ( -1.340321701931225018, -2.476122132898874284, 25.56987322010380836 ) ) ;
#862 = DIRECTION ( 'NONE',  ( 0.000000000000000000, 0.000000000000000000, -1.000000000000000000 ) ) ;
#863 = LINE ( 'NONE', #1127, #4069 ) ;
#864 = EDGE_CURVE ( 'NONE', #1141, #2445, #2683, .T. ) ;
#865 = VECTOR ( 'NONE', #2003, 1000.000000000000114 ) ;
#866 = ORIENTED_EDGE ( 'NONE', *, *, #481, .T. ) ;
#867 = DIRECTION ( 'NONE',  ( 0.000000000000000000, 0.000000000000000000, 1.000000000000000000 ) ) ;
#868 = AXIS2_PLACEMENT_3D ( 'NONE', #2447, #129, #2859 ) ;
#869 = CARTESIAN_POINT ( 'NONE',  ( 9.393208671974887736, -2.257396716338465836, 40.00006574372781643 ) ) ;
#870 = EDGE_CURVE ( 'NONE', #3123, #2677, #3379, .T. ) ;
#871 = DIRECTION ( 'NONE',  ( 0.000000000000000000, -0.000000000000000000, -1.000000000000000000 ) ) ;
#872 = DIRECTION ( 'NONE',  ( -0.000000000000000000, 1.000000000000000000, -0.000000000000000000 ) ) ;
#873 = VECTOR ( 'NONE', #1094, 1000.000000000000000 ) ;
#874 = CARTESIAN_POINT ( 'NONE',  ( 13.45115861023698400, 10.47490319084161037, 72.59999999999999432 ) ) ;
#875 = CIRCLE ( 'NONE', #1291, 3.000000000000000888 ) ;
#876 = ORIENTED_EDGE ( 'NONE', *, *, #3570, .F. ) ;
#877 = VERTEX_POINT ( 'NONE', #3124 ) ;
#878 = CARTESIAN_POINT ( 'NONE',  ( 0.000000000000000000, 9.999999999999738876, 72.59999999999999432 ) ) ;
#879 = CARTESIAN_POINT ( 'NONE',  ( -20.35030683854497013, 25.00000000000000000, 57.59999999999990195 ) ) ;
#880 = VECTOR ( 'NONE', #1363, 1000.000000000000000 ) ;
#881 = EDGE_LOOP ( 'NONE', ( #2637, #93 ) ) ;
#882 = ORIENTED_EDGE ( 'NONE', *, *, #2596, .T. ) ;
#883 = VECTOR ( 'NONE', #3695, 1000.000000000000000 ) ;
#884 = DIRECTION ( 'NONE',  ( -0.000000000000000000, -1.000000000000000000, -0.000000000000000000 ) ) ;
#885 = CARTESIAN_POINT ( 'NONE',  ( -4.510465863058028037E-14, -5.000000000000004441, 47.48965329530471990 ) ) ;
#886 = DIRECTION ( 'NONE',  ( -0.000000000000000000, -0.000000000000000000, 1.000000000000000000 ) ) ;
#887 = EDGE_CURVE ( 'NONE', #2662, #1519, #785, .T. ) ;
#888 = AXIS2_PLACEMENT_3D ( 'NONE', #2752, #2382, #3398 ) ;
#889 = VERTEX_POINT ( 'NONE', #2516 ) ;
#890 = CARTESIAN_POINT ( 'NONE',  ( -44.99999999999997158, -113.4619749036500025, 57.83965329530472133 ) ) ;
#891 = EDGE_CURVE ( 'NONE', #1486, #511, #3780, .T. ) ;
#892 = CARTESIAN_POINT ( 'NONE',  ( 9.234489499500069698, -2.171876744067087639, 33.24200426316567558 ) ) ;
#893 = DIRECTION ( 'NONE',  ( 0.000000000000000000, -1.000000000000000000, 0.000000000000000000 ) ) ;
#894 = DIRECTION ( 'NONE',  ( -0.000000000000000000, -1.000000000000000000, -0.000000000000000000 ) ) ;
#895 = EDGE_CURVE ( 'NONE', #2833, #2846, #4104, .T. ) ;
#896 = CIRCLE ( 'NONE', #2021, 1.750000000000001554 ) ;
#897 = CARTESIAN_POINT ( 'NONE',  ( -7.695137001404605215, 11.23916538705205248, 72.60000000000000853 ) ) ;
#898 = VERTEX_POINT ( 'NONE', #3821 ) ;
#899 = VERTEX_POINT ( 'NONE', #2865 ) ;
#900 = CARTESIAN_POINT ( 'NONE',  ( 16.05598217878029388, 25.09029846085148208, 59.93171356778194792 ) ) ;
#901 = DIRECTION ( 'NONE',  ( 0.000000000000000000, -1.000000000000000000, 0.000000000000000000 ) ) ;
#902 = EDGE_CURVE ( 'NONE', #1646, #2800, #1125, .T. ) ;
#903 = VERTEX_POINT ( 'NONE', #794 ) ;
#904 = LINE ( 'NONE', #553, #274 ) ;
#905 = CARTESIAN_POINT ( 'NONE',  ( -0.04168760482227765185, -2.000000000000000000, 26.93974106621883990 ) ) ;
#906 = CARTESIAN_POINT ( 'NONE',  ( -1.363495720594245952, -2.493439774443297008, 27.03355714004142740 ) ) ;
#907 = ORIENTED_EDGE ( 'NONE', *, *, #668, .F. ) ;
#908 = CARTESIAN_POINT ( 'NONE',  ( 49.99999999999997158, -5.000000000000004441, 20.83965329530468935 ) ) ;
#909 = CARTESIAN_POINT ( 'NONE',  ( 8.399999999999996803, -2.000000000000000000, 42.07892805427655958 ) ) ;
#910 = AXIS2_PLACEMENT_3D ( 'NONE', #1514, #3562, #2582 ) ;
#911 = ADVANCED_FACE ( 'NONE', ( #3801 ), #2534, .F. ) ;
#912 = CARTESIAN_POINT ( 'NONE',  ( 31.99999999999995381, 28.00000000000003197, 40.33965329530468580 ) ) ;
#913 = CARTESIAN_POINT ( 'NONE',  ( -3.261470745039185785E-14, 51.79999999999999716, 46.73965329530471990 ) ) ;
#914 = CARTESIAN_POINT ( 'NONE',  ( -2.260553215395814775, 11.75309353502072440, 72.59999999999999432 ) ) ;
#915 = ORIENTED_EDGE ( 'NONE', *, *, #3075, .F. ) ;
#916 = ORIENTED_EDGE ( 'NONE', *, *, #165, .F. ) ;
#917 = CARTESIAN_POINT ( 'NONE',  ( -5.514107314364379953, 25.40471342096581253, 63.39369784281306863 ) ) ;
#918 = CARTESIAN_POINT ( 'NONE',  ( -1.924056889628997347, -3.301427347058788708, 12.41853124060740043 ) ) ;
#919 = ORIENTED_EDGE ( 'NONE', *, *, #2286, .F. ) ;
#920 = ADVANCED_FACE ( 'NONE', ( #841 ), #3186, .F. ) ;
#921 = DIRECTION ( 'NONE',  ( 0.000000000000000000, 1.000000000000000000, 0.000000000000000000 ) ) ;
#922 = CARTESIAN_POINT ( 'NONE',  ( -3.382710778154773834E-14, 25.00000000000000000, 36.83965329530472133 ) ) ;
#923 = DIRECTION ( 'NONE',  ( -0.7071067811865510144, 0.000000000000000000, -0.7071067811865441310 ) ) ;
#924 = AXIS2_PLACEMENT_3D ( 'NONE', #211, #1554, #3561 ) ;
#925 = ORIENTED_EDGE ( 'NONE', *, *, #576, .F. ) ;
#926 = ORIENTED_EDGE ( 'NONE', *, *, #2260, .F. ) ;
#927 = ORIENTED_EDGE ( 'NONE', *, *, #1963, .F. ) ;
#928 = CARTESIAN_POINT ( 'NONE',  ( -32.89999999999999858, 25.00000000000000000, -17.59999999999995524 ) ) ;
#929 = DIRECTION ( 'NONE',  ( -1.136281752823236226E-16, 0.000000000000000000, -1.000000000000000000 ) ) ;
#930 = AXIS2_PLACEMENT_3D ( 'NONE', #1110, #1789, #2457 ) ;
#931 = CARTESIAN_POINT ( 'NONE',  ( -4.531897182043106688E-14, -5.000000000000004441, 49.23965329530471990 ) ) ;
#932 = VECTOR ( 'NONE', #109, 1000.000000000000000 ) ;
#933 = ADVANCED_FACE ( 'NONE', ( #157 ), #1501, .F. ) ;
#934 = CARTESIAN_POINT ( 'NONE',  ( -3.036481544811165278, 11.71074760838654782, 72.59999999999998010 ) ) ;
#935 = VECTOR ( 'NONE', #488, 1000.000000000000000 ) ;
#936 = VERTEX_POINT ( 'NONE', #3841 ) ;
#937 = CIRCLE ( 'NONE', #1222, 3.000000000000000888 ) ;
#938 = CARTESIAN_POINT ( 'NONE',  ( 6.212702824605852214, 25.39004494256914413, 63.25389660973105777 ) ) ;
#939 = DIRECTION ( 'NONE',  ( 0.000000000000000000, -1.000000000000000000, 0.000000000000000000 ) ) ;
#940 = EDGE_CURVE ( 'NONE', #3961, #2044, #3886, .T. ) ;
#941 = AXIS2_PLACEMENT_3D ( 'NONE', #1976, #923, #2613 ) ;
#942 = ORIENTED_EDGE ( 'NONE', *, *, #3225, .F. ) ;
#943 = EDGE_LOOP ( 'NONE', ( #2076, #1885, #2466, #3930, #1331, #174, #3825, #3028, #219, #4067 ) ) ;
#944 = CYLINDRICAL_SURFACE ( 'NONE', #3699, 4.000000000000010658 ) ;
#945 = CARTESIAN_POINT ( 'NONE',  ( -32.89999999999999858, -5.000000000000000000, 10.83965329530468580 ) ) ;
#946 = CYLINDRICAL_SURFACE ( 'NONE', #1161, 1.750000000000001554 ) ;
#947 = EDGE_CURVE ( 'NONE', #4054, #2554, #1974, .T. ) ;
#948 = VECTOR ( 'NONE', #4034, 1000.000000000000000 ) ;
#949 = ORIENTED_EDGE ( 'NONE', *, *, #3231, .F. ) ;
#950 = VERTEX_POINT ( 'NONE', #3554 ) ;
#951 = VECTOR ( 'NONE', #2561, 1000.000000000000000 ) ;
#952 = FACE_OUTER_BOUND ( 'NONE', #3174, .T. ) ;
#953 = FACE_OUTER_BOUND ( 'NONE', #792, .T. ) ;
#954 = CARTESIAN_POINT ( 'NONE',  ( 37.90000000000001279, -5.000000000000004441, 15.83965329530470356 ) ) ;
#955 = CARTESIAN_POINT ( 'NONE',  ( -40.00000000000003553, -2.000000000000001776, 46.08965329530468580 ) ) ;
#956 = CARTESIAN_POINT ( 'NONE',  ( 0.7402160700200047794, 11.80432319320229340, 72.60000000000003695 ) ) ;
#957 = EDGE_CURVE ( 'NONE', #3515, #1391, #1626, .T. ) ;
#958 = ORIENTED_EDGE ( 'NONE', *, *, #709, .F. ) ;
#959 = CARTESIAN_POINT ( 'NONE',  ( 16.52882348427010228, 25.07502410741966514, 59.69788085156150714 ) ) ;
#960 = CARTESIAN_POINT ( 'NONE',  ( 39.99999999999996447, 19.99999999999998934, 25.33965329530469290 ) ) ;
#961 = ORIENTED_EDGE ( 'NONE', *, *, #650, .F. ) ;
#962 = VERTEX_POINT ( 'NONE', #1213 ) ;
#963 = LINE ( 'NONE', #1935, #3287 ) ;
#964 = CARTESIAN_POINT ( 'NONE',  ( -48.00000000000004974, 11.99999999999994493, 40.33965329530467159 ) ) ;
#965 = DIRECTION ( 'NONE',  ( 1.000000000000000000, 0.000000000000000000, -1.387778780781445676E-16 ) ) ;
#966 = ORIENTED_EDGE ( 'NONE', *, *, #799, .F. ) ;
#967 = VERTEX_POINT ( 'NONE', #279 ) ;
#968 = ORIENTED_EDGE ( 'NONE', *, *, #1341, .F. ) ;
#969 = CARTESIAN_POINT ( 'NONE',  ( -33.60000000000000853, 26.40000000000002700, 62.13965329530474691 ) ) ;
#970 = DIRECTION ( 'NONE',  ( -0.000000000000000000, -1.000000000000000000, -0.000000000000000000 ) ) ;
#971 = DIRECTION ( 'NONE',  ( -0.000000000000000000, -1.000000000000000000, -0.000000000000000000 ) ) ;
#972 = LINE ( 'NONE', #3020, #579 ) ;
#973 = CARTESIAN_POINT ( 'NONE',  ( 10.40000000000000391, -2.828427124746190735, 6.671572875253805712 ) ) ;
#974 = EDGE_CURVE ( 'NONE', #3060, #3239, #2610, .T. ) ;
#975 = CARTESIAN_POINT ( 'NONE',  ( -14.59688510889762192, 10.34349046673987793, 72.59999999999999432 ) ) ;
#976 = VERTEX_POINT ( 'NONE', #2318 ) ;
#977 =( GEOMETRIC_REPRESENTATION_CONTEXT ( 3 ) GLOBAL_UNCERTAINTY_ASSIGNED_CONTEXT ( ( #1421 ) ) GLOBAL_UNIT_ASSIGNED_CONTEXT ( ( #2359, #2108, #3750 ) ) REPRESENTATION_CONTEXT ( 'NONE', 'WORKASPACE' ) );
#978 = CARTESIAN_POINT ( 'NONE',  ( -0.6282427024679989591, -2.084724733806132768, 22.80228573676386006 ) ) ;
#979 = CARTESIAN_POINT ( 'NONE',  ( 27.89999999999998792, 0.000000000000000000, 72.59999999999999432 ) ) ;
#980 = EDGE_CURVE ( 'NONE', #3002, #3098, #1608, .T. ) ;
#981 = VERTEX_POINT ( 'NONE', #242 ) ;
#982 = ORIENTED_EDGE ( 'NONE', *, *, #2794, .T. ) ;
#983 = CARTESIAN_POINT ( 'NONE',  ( -4.531897182043106688E-14, -2.000000000000000000, 49.23965329530471990 ) ) ;
#984 = VECTOR ( 'NONE', #4064, 1000.000000000000000 ) ;
#985 = LINE ( 'NONE', #703, #1350 ) ;
#986 = DIRECTION ( 'NONE',  ( 0.000000000000000000, -1.000000000000000000, 0.000000000000000000 ) ) ;
#987 = CARTESIAN_POINT ( 'NONE',  ( -0.9292741363403874688, -2.202963312961711217, 26.98261629010822560 ) ) ;
#988 = ORIENTED_EDGE ( 'NONE', *, *, #2194, .T. ) ;
#989 = VERTEX_POINT ( 'NONE', #220 ) ;
#990 = ORIENTED_EDGE ( 'NONE', *, *, #1997, .T. ) ;
#991 = CYLINDRICAL_SURFACE ( 'NONE', #2238, 2.000000000000000000 ) ;
#992 = EDGE_CURVE ( 'NONE', #962, #1713, #2902, .T. ) ;
#993 = DIRECTION ( 'NONE',  ( 0.000000000000000000, 0.000000000000000000, -1.000000000000000000 ) ) ;
#994 = DIRECTION ( 'NONE',  ( -0.000000000000000000, 1.000000000000000000, -0.000000000000000000 ) ) ;
#995 = CARTESIAN_POINT ( 'NONE',  ( -27.89999999999995239, 25.00000000000000000, -22.60000000000000142 ) ) ;
#996 = VECTOR ( 'NONE', #3009, 1000.000000000000000 ) ;
#997 = CARTESIAN_POINT ( 'NONE',  ( 8.400000000000005684, 0.000000000000000000, 5.499999999999996447 ) ) ;
#998 = VERTEX_POINT ( 'NONE', #4256 ) ;
#999 = ORIENTED_EDGE ( 'NONE', *, *, #1054, .F. ) ;
#1000 = AXIS2_PLACEMENT_3D ( 'NONE', #1771, #4116, #1418 ) ;
#1001 = DIRECTION ( 'NONE',  ( 0.7071067811865494601, 0.000000000000000000, 0.7071067811865455743 ) ) ;
#1002 = DIRECTION ( 'NONE',  ( -1.000000000000000000, -0.000000000000000000, -1.385561881770612682E-16 ) ) ;
#1003 = ORIENTED_EDGE ( 'NONE', *, *, #1012, .F. ) ;
#1004 = VERTEX_POINT ( 'NONE', #4238 ) ;
#1005 = CARTESIAN_POINT ( 'NONE',  ( -16.96762742182585271, 10.10610589139575133, 72.60000000000000853 ) ) ;
#1006 = VECTOR ( 'NONE', #1752, 1000.000000000000000 ) ;
#1007 = CARTESIAN_POINT ( 'NONE',  ( 18.60000000000012577, 0.6999999999997268407, 81.89999999999992042 ) ) ;
#1008 = LINE ( 'NONE', #1693, #2986 ) ;
#1009 = AXIS2_PLACEMENT_3D ( 'NONE', #3650, #1610, #2342 ) ;
#1010 = LINE ( 'NONE', #684, #2774 ) ;
#1011 = ORIENTED_EDGE ( 'NONE', *, *, #1719, .F. ) ;
#1012 = EDGE_CURVE ( 'NONE', #3226, #3207, #1590, .T. ) ;
#1013 = ORIENTED_EDGE ( 'NONE', *, *, #2770, .T. ) ;
#1014 = ORIENTED_EDGE ( 'NONE', *, *, #430, .T. ) ;
#1015 = DIRECTION ( 'NONE',  ( -1.000000000000000000, 0.000000000000000000, 1.387778780781445676E-16 ) ) ;
#1016 = CARTESIAN_POINT ( 'NONE',  ( -22.89999999999999503, 0.000000000000000000, -12.59999999999999609 ) ) ;
#1017 = DIRECTION ( 'NONE',  ( -0.000000000000000000, -1.000000000000000000, -0.000000000000000000 ) ) ;
#1018 = CARTESIAN_POINT ( 'NONE',  ( 20.79999999999999361, -5.000000000000000000, 12.99999999999997868 ) ) ;
#1019 = EDGE_CURVE ( 'NONE', #1500, #2800, #1123, .T. ) ;
#1020 = VECTOR ( 'NONE', #1435, 1000.000000000000000 ) ;
#1021 = DIRECTION ( 'NONE',  ( 1.387778780781445676E-16, -0.000000000000000000, 1.000000000000000000 ) ) ;
#1022 = ORIENTED_EDGE ( 'NONE', *, *, #1353, .T. ) ;
#1023 = DIRECTION ( 'NONE',  ( 0.000000000000000000, 0.000000000000000000, -1.000000000000000000 ) ) ;
#1024 = DIRECTION ( 'NONE',  ( -0.000000000000000000, 1.000000000000000000, -0.000000000000000000 ) ) ;
#1025 = ORIENTED_EDGE ( 'NONE', *, *, #4066, .F. ) ;
#1026 = ORIENTED_EDGE ( 'NONE', *, *, #887, .F. ) ;
#1027 = FACE_OUTER_BOUND ( 'NONE', #2678, .T. ) ;
#1028 = EDGE_CURVE ( 'NONE', #802, #3546, #1295, .T. ) ;
#1029 = DIRECTION ( 'NONE',  ( -1.000000000000000000, 0.000000000000000000, -1.436029367530469557E-16 ) ) ;
#1030 = CARTESIAN_POINT ( 'NONE',  ( 22.90000000000000213, 0.000000000000000000, -12.60000000000000320 ) ) ;
#1031 = ORIENTED_EDGE ( 'NONE', *, *, #607, .T. ) ;
#1032 = ORIENTED_EDGE ( 'NONE', *, *, #3145, .F. ) ;
#1033 = CARTESIAN_POINT ( 'NONE',  ( -2.081668171172168513E-14, -2.000000000000000000, 24.43965329530471209 ) ) ;
#1034 = CARTESIAN_POINT ( 'NONE',  ( 44.99999999999995737, -113.4619749036500025, 15.83965329530470356 ) ) ;
#1035 = EDGE_CURVE ( 'NONE', #1292, #3002, #4317, .T. ) ;
#1036 = CARTESIAN_POINT ( 'NONE',  ( 10.40000000000000568, 0.000000000000000000, 7.499999999999996447 ) ) ;
#1037 = EDGE_LOOP ( 'NONE', ( #4030, #2278 ) ) ;
#1038 = CIRCLE ( 'NONE', #2618, 2.000000000000000000 ) ;
#1039 = CARTESIAN_POINT ( 'NONE',  ( -32.89999999999999147, 0.000000000000000000, 7.499999999999992006 ) ) ;
#1040 = CARTESIAN_POINT ( 'NONE',  ( -22.89999999999999503, -2.000000000000000000, -5.500000000000006217 ) ) ;
#1041 = FACE_BOUND ( 'NONE', #2208, .T. ) ;
#1042 = EDGE_CURVE ( 'NONE', #2586, #3804, #2571, .T. ) ;
#1043 = ORIENTED_EDGE ( 'NONE', *, *, #3891, .T. ) ;
#1044 = LINE ( 'NONE', #2439, #1063 ) ;
#1045 = CARTESIAN_POINT ( 'NONE',  ( 22.90000000000000213, 25.00000000000000000, -12.60000000000000320 ) ) ;
#1046 = DIRECTION ( 'NONE',  ( -0.000000000000000000, -1.000000000000000000, -0.000000000000000000 ) ) ;
#1047 = EDGE_CURVE ( 'NONE', #3816, #2850, #904, .T. ) ;
#1048 = ORIENTED_EDGE ( 'NONE', *, *, #940, .T. ) ;
#1049 = ORIENTED_EDGE ( 'NONE', *, *, #2307, .F. ) ;
#1050 = PLANE ( 'NONE',  #3304 ) ;
#1051 = CARTESIAN_POINT ( 'NONE',  ( -3.382710778154773834E-14, -2.000000000000000000, 36.83965329530472133 ) ) ;
#1052 = CARTESIAN_POINT ( 'NONE',  ( 20.79999999999999361, -5.000000000000000000, 9.999999999999976907 ) ) ;
#1053 = VECTOR ( 'NONE', #4137, 1000.000000000000114 ) ;
#1054 = EDGE_CURVE ( 'NONE', #3488, #2044, #2732, .T. ) ;
#1055 = ORIENTED_EDGE ( 'NONE', *, *, #3690, .T. ) ;
#1056 = ORIENTED_EDGE ( 'NONE', *, *, #870, .T. ) ;
#1057 = LINE ( 'NONE', #2078, #2067 ) ;
#1058 = FACE_OUTER_BOUND ( 'NONE', #700, .T. ) ;
#1059 = ORIENTED_EDGE ( 'NONE', *, *, #4025, .T. ) ;
#1060 = FACE_BOUND ( 'NONE', #881, .T. ) ;
#1061 = CARTESIAN_POINT ( 'NONE',  ( -0.8371155191215142732, -2.161615253628752953, 50.78073740524813928 ) ) ;
#1062 = CARTESIAN_POINT ( 'NONE',  ( -1.599999999999986766, 0.000000000000000000, -22.60000000000000142 ) ) ;
#1063 = VECTOR ( 'NONE', #760, 1000.000000000000000 ) ;
#1064 = ORIENTED_EDGE ( 'NONE', *, *, #4284, .T. ) ;
#1065 = CARTESIAN_POINT ( 'NONE',  ( -3.382710778154773834E-14, -2.000000000000000000, 36.83965329530472133 ) ) ;
#1066 = CARTESIAN_POINT ( 'NONE',  ( -32.89999999999999147, -5.000000000000000000, 7.499999999999992006 ) ) ;
#1067 = ADVANCED_FACE ( 'NONE', ( #260 ), #944, .F. ) ;
#1068 = PLANE ( 'NONE',  #302 ) ;
#1069 = AXIS2_PLACEMENT_3D ( 'NONE', #3031, #655, #2424 ) ;
#1070 = ORIENTED_EDGE ( 'NONE', *, *, #4047, .F. ) ;
#1071 = ORIENTED_EDGE ( 'NONE', *, *, #2575, .F. ) ;
#1072 = LINE ( 'NONE', #4012, #791 ) ;
#1073 = FACE_OUTER_BOUND ( 'NONE', #175, .T. ) ;
#1074 = EDGE_CURVE ( 'NONE', #39, #3415, #963, .T. ) ;
#1075 = CARTESIAN_POINT ( 'NONE',  ( 8.400000000000000355, -2.000000000000000000, 31.60037853633287952 ) ) ;
#1076 = VECTOR ( 'NONE', #3390, 1000.000000000000114 ) ;
#1077 = VERTEX_POINT ( 'NONE', #3283 ) ;
#1078 = ORIENTED_EDGE ( 'NONE', *, *, #3800, .T. ) ;
#1079 = VECTOR ( 'NONE', #3906, 1000.000000000000000 ) ;
#1080 = VECTOR ( 'NONE', #3167, 1000.000000000000114 ) ;
#1081 = CIRCLE ( 'NONE', #3045, 0.7500000000000024425 ) ;
#1082 = DIRECTION ( 'NONE',  ( -0.000000000000000000, 1.000000000000000000, -0.000000000000000000 ) ) ;
#1083 = EDGE_CURVE ( 'NONE', #2159, #1077, #1400, .T. ) ;
#1084 = DIRECTION ( 'NONE',  ( 1.515042337097648137E-16, -0.000000000000000000, 1.000000000000000000 ) ) ;
#1085 = ORIENTED_EDGE ( 'NONE', *, *, #1450, .F. ) ;
#1086 = CARTESIAN_POINT ( 'NONE',  ( 32.90000000000000568, 25.00000000000000000, -17.59999999999996945 ) ) ;
#1087 = CARTESIAN_POINT ( 'NONE',  ( 16.04886886498543319, 25.00000000000000000, 12.59999999999999609 ) ) ;
#1088 = CARTESIAN_POINT ( 'NONE',  ( 22.90000000000000213, 25.00000000000000000, 12.59999999999999609 ) ) ;
#1089 = FACE_OUTER_BOUND ( 'NONE', #2378, .T. ) ;
#1090 = SURFACE_STYLE_FILL_AREA ( #1647 ) ;
#1091 = VECTOR ( 'NONE', #755, 1000.000000000000000 ) ;
#1092 = DIRECTION ( 'NONE',  ( -0.000000000000000000, -1.000000000000000000, -0.000000000000000000 ) ) ;
#1093 = ADVANCED_FACE ( 'NONE', ( #2631 ), #1544, .F. ) ;
#1094 = DIRECTION ( 'NONE',  ( 0.000000000000000000, 1.000000000000000000, 0.000000000000000000 ) ) ;
#1095 = AXIS2_PLACEMENT_3D ( 'NONE', #2778, #4059, #3105 ) ;
#1096 = ORIENTED_EDGE ( 'NONE', *, *, #2414, .F. ) ;
#1097 = EDGE_LOOP ( 'NONE', ( #1960, #1460 ) ) ;
#1098 = CARTESIAN_POINT ( 'NONE',  ( -4.531897182043106688E-14, -2.000000000000000000, 49.23965329530471990 ) ) ;
#1099 = DIRECTION ( 'NONE',  ( 0.000000000000000000, 0.000000000000000000, -1.000000000000000000 ) ) ;
#1100 = AXIS2_PLACEMENT_3D ( 'NONE', #2041, #2737, #1711 ) ;
#1101 = CARTESIAN_POINT ( 'NONE',  ( -5.508648451427500575E-16, 0.000000000000000000, 5.499999999999995559 ) ) ;
#1102 = EDGE_CURVE ( 'NONE', #2533, #2846, #1826, .T. ) ;
#1103 = MANIFOLD_SOLID_BREP ( 'Cut-Extrude11', #2197 ) ;
#1104 = VECTOR ( 'NONE', #1836, 1000.000000000000000 ) ;
#1105 = VERTEX_POINT ( 'NONE', #3770 ) ;
#1106 = CARTESIAN_POINT ( 'NONE',  ( -0.04168760482227765185, -2.000000000000000000, 26.18915669444522010 ) ) ;
#1107 = DIRECTION ( 'NONE',  ( 0.000000000000000000, 1.000000000000000000, 0.000000000000000000 ) ) ;
#1108 = CARTESIAN_POINT ( 'NONE',  ( 20.79999999999999361, -5.000000000000000000, -10.00000000000002309 ) ) ;
#1109 = PLANE ( 'NONE',  #2302 ) ;
#1110 = CARTESIAN_POINT ( 'NONE',  ( 39.99999999999996447, -2.000000000000001776, 44.33965329530470001 ) ) ;
#1111 = DIRECTION ( 'NONE',  ( -1.000000000000000000, 0.000000000000000000, -0.000000000000000000 ) ) ;
#1112 = DIRECTION ( 'NONE',  ( 0.000000000000000000, 0.000000000000000000, 1.000000000000000000 ) ) ;
#1114 = EDGE_CURVE ( 'NONE', #2118, #4164, #2671, .T. ) ;
#1113 = ORIENTED_EDGE ( 'NONE', *, *, #1903, .F. ) ;
#1115 = DIRECTION ( 'NONE',  ( 0.000000000000000000, -0.000000000000000000, -1.000000000000000000 ) ) ;
#1116 = CARTESIAN_POINT ( 'NONE',  ( -4.531897182043106688E-14, 51.79999999999999716, 49.23965329530471990 ) ) ;
#1117 = CARTESIAN_POINT ( 'NONE',  ( 17.79983039862398542, 10.07458715803536542, 72.59999999999998010 ) ) ;
#1118 = ORIENTED_EDGE ( 'NONE', *, *, #3947, .F. ) ;
#1119 = ORIENTED_EDGE ( 'NONE', *, *, #2522, .T. ) ;
#1120 = ADVANCED_FACE ( 'NONE', ( #3965 ), #432, .F. ) ;
#1121 = CARTESIAN_POINT ( 'NONE',  ( -17.02913561036453771, 25.05958136568788674, 59.44453732179728433 ) ) ;
#1122 = CYLINDRICAL_SURFACE ( 'NONE', #2366, 1.750000000000001554 ) ;
#1123 = CIRCLE ( 'NONE', #139, 17.00000000000000000 ) ;
#1124 = ORIENTED_EDGE ( 'NONE', *, *, #1246, .F. ) ;
#1125 = LINE ( 'NONE', #1146, #3246 ) ;
#1126 = PLANE ( 'NONE',  #123 ) ;
#1127 = CARTESIAN_POINT ( 'NONE',  ( -3.382710778154773834E-14, 51.79999999999999716, 21.93965329530471919 ) ) ;
#1128 = EDGE_CURVE ( 'NONE', #3537, #3300, #3429, .T. ) ;
#1129 = DIRECTION ( 'NONE',  ( 0.000000000000000000, 0.000000000000000000, 1.000000000000000000 ) ) ;
#1130 = DIRECTION ( 'NONE',  ( 0.000000000000000000, 0.000000000000000000, -1.000000000000000000 ) ) ;
#1131 = LINE ( 'NONE', #188, #282 ) ;
#1132 = ADVANCED_FACE ( 'NONE', ( #2338 ), #1367, .T. ) ;
#1133 = DIRECTION ( 'NONE',  ( -1.000000000000000000, 0.000000000000000000, 0.000000000000000000 ) ) ;
#1134 = DIRECTION ( 'NONE',  ( -0.000000000000000000, -1.000000000000000000, -0.000000000000000000 ) ) ;
#1135 = CARTESIAN_POINT ( 'NONE',  ( 6.691445257655662004, 11.36696740015629992, 72.59999999999999432 ) ) ;
#1136 = CARTESIAN_POINT ( 'NONE',  ( 10.40000000000001279, -2.000000000000000000, -22.60000000000000142 ) ) ;
#1137 = VECTOR ( 'NONE', #2890, 1000.000000000000000 ) ;
#1138 = EDGE_CURVE ( 'NONE', #3552, #39, #1488, .T. ) ;
#1139 = CARTESIAN_POINT ( 'NONE',  ( 5.005052863465928148, 11.54831679480187567, 72.60000000000000853 ) ) ;
#1140 = ORIENTED_EDGE ( 'NONE', *, *, #2596, .F. ) ;
#1141 = VERTEX_POINT ( 'NONE', #1818 ) ;
#1142 = FACE_BOUND ( 'NONE', #2668, .T. ) ;
#1143 = CARTESIAN_POINT ( 'NONE',  ( -2.041687604822277624, -3.000000000000000000, 12.49999999999996092 ) ) ;
#1144 = EDGE_LOOP ( 'NONE', ( #1959, #2958, #691, #3898 ) ) ;
#1145 = ORIENTED_EDGE ( 'NONE', *, *, #3687, .T. ) ;
#1146 = CARTESIAN_POINT ( 'NONE',  ( -3.174520822299723451E-14, 44.60000000000000142, 53.83965329530472133 ) ) ;
#1147 = DIRECTION ( 'NONE',  ( 0.000000000000000000, -0.000000000000000000, -1.000000000000000000 ) ) ;
#1148 = AXIS2_PLACEMENT_3D ( 'NONE', #2346, #1634, #2968 ) ;
#1149 = CARTESIAN_POINT ( 'NONE',  ( 111.7309874518249586, -51.73098745182522862, 15.83965329530469646 ) ) ;
#1150 = EDGE_CURVE ( 'NONE', #494, #31, #701, .T. ) ;
#1151 = ORIENTED_EDGE ( 'NONE', *, *, #560, .F. ) ;
#1152 = AXIS2_PLACEMENT_3D ( 'NONE', #4037, #3680, #689 ) ;
#1153 = ORIENTED_EDGE ( 'NONE', *, *, #2465, .T. ) ;
#1154 = CARTESIAN_POINT ( 'NONE',  ( -40.00000000000003553, -2.000000000000001776, 44.33965329530468580 ) ) ;
#1155 = VECTOR ( 'NONE', #2651, 1000.000000000000000 ) ;
#1156 = VECTOR ( 'NONE', #4241, 1000.000000000000000 ) ;
#1157 = DIRECTION ( 'NONE',  ( -0.000000000000000000, 1.000000000000000000, -0.000000000000000000 ) ) ;
#1158 = EDGE_LOOP ( 'NONE', ( #1299, #465, #2375, #1864 ) ) ;
#1159 = EDGE_CURVE ( 'NONE', #4231, #3565, #2245, .T. ) ;
#1160 = FACE_BOUND ( 'NONE', #3464, .T. ) ;
#1161 = AXIS2_PLACEMENT_3D ( 'NONE', #617, #1957, #3286 ) ;
#1162 = CARTESIAN_POINT ( 'NONE',  ( 0.4000000000000117351, -2.000000000000000000, -12.59999999999999964 ) ) ;
#1163 = CYLINDRICAL_SURFACE ( 'NONE', #2281, 0.7500000000000006661 ) ;
#1164 = CARTESIAN_POINT ( 'NONE',  ( 2.799815628177580340, 11.72392781073518719, 72.60000000000000853 ) ) ;
#1165 = EDGE_LOOP ( 'NONE', ( #327, #1940, #552, #2729, #3897, #2132, #1145 ) ) ;
#1166 = ORIENTED_EDGE ( 'NONE', *, *, #902, .F. ) ;
#1167 = VECTOR ( 'NONE', #2387, 1000.000000000000000 ) ;
#1168 = CARTESIAN_POINT ( 'NONE',  ( -14.17701972887848783, 25.15536113640422755, 60.79503434177887300 ) ) ;
#1169 = DIRECTION ( 'NONE',  ( -0.000000000000000000, 1.000000000000000000, -0.000000000000000000 ) ) ;
#1170 = VECTOR ( 'NONE', #2955, 1000.000000000000000 ) ;
#1171 = EDGE_LOOP ( 'NONE', ( #3683, #2467, #2648, #702 ) ) ;
#1172 = EDGE_CURVE ( 'NONE', #3816, #6, #3156, .T. ) ;
#1173 = CARTESIAN_POINT ( 'NONE',  ( -48.00000000000004974, 11.99999999999994671, 25.33965329530467869 ) ) ;
#1174 = VECTOR ( 'NONE', #717, 1000.000000000000000 ) ;
#1175 = DIRECTION ( 'NONE',  ( 0.5773502691896261751, 0.5773502691896280625, 0.5773502691896230665 ) ) ;
#1176 = DIRECTION ( 'NONE',  ( 0.000000000000000000, -1.000000000000000000, 0.000000000000000000 ) ) ;
#1177 = ORIENTED_EDGE ( 'NONE', *, *, #3570, .T. ) ;
#1178 = ORIENTED_EDGE ( 'NONE', *, *, #2286, .T. ) ;
#1179 = CARTESIAN_POINT ( 'NONE',  ( -0.04168760482227765185, -2.000000000000000000, 5.499999999999996447 ) ) ;
#1180 = ADVANCED_FACE ( 'NONE', ( #2829, #2505, #3894 ), #3830, .T. ) ;
#1181 = PLANE ( 'NONE',  #4283 ) ;
#1182 = ORIENTED_EDGE ( 'NONE', *, *, #1958, .F. ) ;
#1183 = CARTESIAN_POINT ( 'NONE',  ( -14.66803408969432532, 25.00000000000000355, 12.60000000000000142 ) ) ;
#1184 = CARTESIAN_POINT ( 'NONE',  ( -20.35030683854497724, 25.00000000000000000, 57.59999999999990195 ) ) ;
#1185 = FACE_OUTER_BOUND ( 'NONE', #1165, .T. ) ;
#1186 = EDGE_CURVE ( 'NONE', #787, #3711, #3155, .T. ) ;
#1187 = CARTESIAN_POINT ( 'NONE',  ( 7.605230145835538913, 11.25067354188220392, 72.59999999999998010 ) ) ;
#1188 = ORIENTED_EDGE ( 'NONE', *, *, #1564, .F. ) ;
#1189 = ORIENTED_EDGE ( 'NONE', *, *, #4269, .T. ) ;
#1190 = CARTESIAN_POINT ( 'NONE',  ( -13.19859680094694987, 25.18990877555552643, 61.20065661371821619 ) ) ;
#1191 = CARTESIAN_POINT ( 'NONE',  ( -12.40000000000003411, -5.000000000000004441, 36.83965329530470711 ) ) ;
#1192 = EDGE_CURVE ( 'NONE', #2203, #308, #1618, .T. ) ;
#1193 = ORIENTED_EDGE ( 'NONE', *, *, #650, .T. ) ;
#1194 = DIRECTION ( 'NONE',  ( 0.000000000000000000, -1.000000000000000000, 0.000000000000000000 ) ) ;
#1195 = DIRECTION ( 'NONE',  ( 0.000000000000000000, 0.000000000000000000, 1.000000000000000000 ) ) ;
#1196 = LINE ( 'NONE', #2536, #2494 ) ;
#1197 = ADVANCED_FACE ( 'NONE', ( #1923 ), #2687, .F. ) ;
#1198 = ORIENTED_EDGE ( 'NONE', *, *, #4178, .T. ) ;
#1199 = EDGE_LOOP ( 'NONE', ( #1070, #1406, #2333, #2153 ) ) ;
#1200 = CARTESIAN_POINT ( 'NONE',  ( -3.382710778154773834E-14, 37.07106781186549682, 19.83965329530471777 ) ) ;
#1201 = EDGE_CURVE ( 'NONE', #998, #3718, #1686, .T. ) ;
#1202 = DIRECTION ( 'NONE',  ( 0.000000000000000000, 0.000000000000000000, -1.000000000000000000 ) ) ;
#1203 = DIRECTION ( 'NONE',  ( 1.000000000000000000, 0.000000000000000000, 1.385561881770612682E-16 ) ) ;
#1204 = FACE_OUTER_BOUND ( 'NONE', #3006, .T. ) ;
#1205 = CARTESIAN_POINT ( 'NONE',  ( 17.78456290701192088, 10.07545022471681584, 72.59999999999998010 ) ) ;
#1206 = ORIENTED_EDGE ( 'NONE', *, *, #3748, .T. ) ;
#1207 = ORIENTED_EDGE ( 'NONE', *, *, #2296, .F. ) ;
#1208 = EDGE_CURVE ( 'NONE', #2097, #1571, #1602, .T. ) ;
#1209 = CARTESIAN_POINT ( 'NONE',  ( 3.683114973616034682, 25.43065891718343963, 63.63410351914315299 ) ) ;
#1210 = CARTESIAN_POINT ( 'NONE',  ( -40.00000000000003553, -5.000000000000000000, 42.58965329530467869 ) ) ;
#1211 =( NAMED_UNIT ( * ) PLANE_ANGLE_UNIT ( ) SI_UNIT ( $, .RADIAN. ) );
#1212 = ORIENTED_EDGE ( 'NONE', *, *, #223, .F. ) ;
#1213 = CARTESIAN_POINT ( 'NONE',  ( -45.00000000000002132, 15.00000000000000711, 15.83965329530471422 ) ) ;
#1214 = EDGE_CURVE ( 'NONE', #3651, #1973, #2643, .T. ) ;
#1215 = DIRECTION ( 'NONE',  ( 0.000000000000000000, -1.000000000000000000, 0.000000000000000000 ) ) ;
#1216 = VECTOR ( 'NONE', #3936, 1000.000000000000000 ) ;
#1217 = DIRECTION ( 'NONE',  ( 0.000000000000000000, 0.000000000000000000, -1.000000000000000000 ) ) ;
#1218 = ORIENTED_EDGE ( 'NONE', *, *, #3140, .F. ) ;
#1219 = CARTESIAN_POINT ( 'NONE',  ( -40.00000000000003553, 51.79999999999999716, 42.58965329530467869 ) ) ;
#1220 = EDGE_CURVE ( 'NONE', #2553, #2035, #3096, .T. ) ;
#1221 = DIRECTION ( 'NONE',  ( 0.000000000000000000, 0.000000000000000000, -1.000000000000000000 ) ) ;
#1222 = AXIS2_PLACEMENT_3D ( 'NONE', #1108, #2454, #379 ) ;
#1223 = CARTESIAN_POINT ( 'NONE',  ( 57.61321776510155956, 2.386782234898340960, 45.22643553020305518 ) ) ;
#1224 = CARTESIAN_POINT ( 'NONE',  ( -4.482795256944718254, 25.42144684472076932, 63.54938105626865763 ) ) ;
#1225 = CIRCLE ( 'NONE', #4212, 2.000000000000000000 ) ;
#1226 = CARTESIAN_POINT ( 'NONE',  ( -16.37396023715837146, 10.17126424405050322, 72.60000000000000853 ) ) ;
#1227 = AXIS2_PLACEMENT_3D ( 'NONE', #3351, #2722, #3101 ) ;
#1228 = ORIENTED_EDGE ( 'NONE', *, *, #4178, .F. ) ;
#1229 = VERTEX_POINT ( 'NONE', #955 ) ;
#1230 = CARTESIAN_POINT ( 'NONE',  ( 11.26844253131231000, 25.25555905813784463, 61.91893697512522721 ) ) ;
#1231 = CARTESIAN_POINT ( 'NONE',  ( -1.856956359311226823, -3.144137712167134779, 12.36959348098484135 ) ) ;
#1232 = EDGE_CURVE ( 'NONE', #474, #981, #2310, .T. ) ;
#1233 = AXIS2_PLACEMENT_3D ( 'NONE', #641, #3018, #4308 ) ;
#1234 = CARTESIAN_POINT ( 'NONE',  ( -32.89999999999999858, -5.000000000000000000, 22.59999999999999432 ) ) ;
#1235 = CARTESIAN_POINT ( 'NONE',  ( 8.400000000000007461, -2.000000000000000000, 7.499999999999996447 ) ) ;
#1236 = AXIS2_PLACEMENT_3D ( 'NONE', #3736, #2402, #1384 ) ;
#1237 = LINE ( 'NONE', #4302, #2841 ) ;
#1238 = ORIENTED_EDGE ( 'NONE', *, *, #1392, .T. ) ;
#1239 = CARTESIAN_POINT ( 'NONE',  ( 10.40000000000000568, -2.000000000000000000, 7.499999999999996447 ) ) ;
#1240 = AXIS2_PLACEMENT_3D ( 'NONE', #1896, #226, #141 ) ;
#1241 = EDGE_CURVE ( 'NONE', #2554, #2097, #3578, .T. ) ;
#1242 = DIRECTION ( 'NONE',  ( 0.000000000000000000, -1.000000000000000000, 0.000000000000000000 ) ) ;
#1243 = AXIS2_PLACEMENT_3D ( 'NONE', #3512, #1215, #2144 ) ;
#1244 = CONICAL_SURFACE ( 'NONE', #1243, 17.00000000000000000, 0.7853981633974427279 ) ;
#1245 = CARTESIAN_POINT ( 'NONE',  ( -10.76945842657283947, 10.82443832088089408, 72.59999999999999432 ) ) ;
#1246 = EDGE_CURVE ( 'NONE', #3808, #3779, #2016, .T. ) ;
#1247 = ORIENTED_EDGE ( 'NONE', *, *, #3656, .F. ) ;
#1248 = VERTEX_POINT ( 'NONE', #2603 ) ;
#1249 = CARTESIAN_POINT ( 'NONE',  ( 10.23173873386233268, 25.28842099932878895, 62.25879883204517284 ) ) ;
#1250 = CARTESIAN_POINT ( 'NONE',  ( -20.35030683854497724, 9.999999999999738876, 72.59999999999999432 ) ) ;
#1251 = ORIENTED_EDGE ( 'NONE', *, *, #3298, .T. ) ;
#1252 = ORIENTED_EDGE ( 'NONE', *, *, #2734, .F. ) ;
#1253 = CARTESIAN_POINT ( 'NONE',  ( -3.382710778154773834E-14, 37.07106781186549682, 36.83965329530472133 ) ) ;
#1254 = CARTESIAN_POINT ( 'NONE',  ( -3.700000000000004174, -3.000000000000000000, -13.00000000000002309 ) ) ;
#1255 = CARTESIAN_POINT ( 'NONE',  ( 20.79999999999999361, -3.000000000000000000, 12.99999999999997868 ) ) ;
#1256 = ORIENTED_EDGE ( 'NONE', *, *, #2207, .F. ) ;
#1257 = ORIENTED_EDGE ( 'NONE', *, *, #2181, .F. ) ;
#1258 = ORIENTED_EDGE ( 'NONE', *, *, #3748, .F. ) ;
#1259 = DIRECTION ( 'NONE',  ( 0.000000000000000000, 0.000000000000000000, 1.000000000000000000 ) ) ;
#1260 = EDGE_CURVE ( 'NONE', #3753, #2118, #2452, .T. ) ;
#1261 = DIRECTION ( 'NONE',  ( 0.000000000000000000, -1.000000000000000000, 0.000000000000000000 ) ) ;
#1262 = DIRECTION ( 'NONE',  ( 0.000000000000000000, 0.000000000000000000, 1.000000000000000000 ) ) ;
#1263 = DIRECTION ( 'NONE',  ( 0.000000000000000000, 0.000000000000000000, 1.000000000000000000 ) ) ;
#1264 = EDGE_CURVE ( 'NONE', #1323, #3048, #2289, .T. ) ;
#1265 = CARTESIAN_POINT ( 'NONE',  ( -6.899313781647538946, 11.33906121796146316, 72.59999999999999432 ) ) ;
#1266 = ORIENTED_EDGE ( 'NONE', *, *, #3587, .F. ) ;
#1267 = CARTESIAN_POINT ( 'NONE',  ( 18.01480792929656616, 25.02862974902994253, 58.94927130126066572 ) ) ;
#1268 = CARTESIAN_POINT ( 'NONE',  ( -22.89999999999999503, 0.000000000000000000, 12.60000000000000142 ) ) ;
#1269 = AXIS2_PLACEMENT_3D ( 'NONE', #537, #3805, #867 ) ;
#1270 = AXIS2_PLACEMENT_3D ( 'NONE', #1988, #2350, #3317 ) ;
#1271 = ORIENTED_EDGE ( 'NONE', *, *, #3215, .F. ) ;
#1272 = CARTESIAN_POINT ( 'NONE',  ( -40.00000000000003553, 51.79999999999999716, 44.33965329530468580 ) ) ;
#1273 = DIRECTION ( 'NONE',  ( -0.000000000000000000, -0.000000000000000000, 1.000000000000000000 ) ) ;
#1274 = CARTESIAN_POINT ( 'NONE',  ( -32.89999999999999858, 9.999999999999738876, 72.59999999999999432 ) ) ;
#1275 = ORIENTED_EDGE ( 'NONE', *, *, #1413, .T. ) ;
#1276 = VERTEX_POINT ( 'NONE', #3600 ) ;
#1277 = VECTOR ( 'NONE', #3255, 1000.000000000000000 ) ;
#1278 = DIRECTION ( 'NONE',  ( 0.7071067811865475727, 0.000000000000000000, 0.7071067811865475727 ) ) ;
#1279 = ADVANCED_FACE ( 'NONE', ( #624 ), #605, .F. ) ;
#1280 = CARTESIAN_POINT ( 'NONE',  ( 14.66803408969387768, 25.00000000000000355, 12.59999999999999787 ) ) ;
#1281 = AXIS2_PLACEMENT_3D ( 'NONE', #3349, #3673, #2093 ) ;
#1282 = DIRECTION ( 'NONE',  ( 0.000000000000000000, 0.000000000000000000, -1.000000000000000000 ) ) ;
#1283 = FACE_OUTER_BOUND ( 'NONE', #2511, .T. ) ;
#1284 = CARTESIAN_POINT ( 'NONE',  ( -12.17709471869694937, 10.63590927377160433, 72.59999999999999432 ) ) ;
#1285 = CIRCLE ( 'NONE', #2970, 2.000000000000000000 ) ;
#1286 = EDGE_LOOP ( 'NONE', ( #3184, #155, #1788, #4141, #801, #4207, #3459, #3904 ) ) ;
#1287 = ORIENTED_EDGE ( 'NONE', *, *, #3963, .T. ) ;
#1288 = AXIS2_PLACEMENT_3D ( 'NONE', #555, #3230, #1892 ) ;
#1289 = CARTESIAN_POINT ( 'NONE',  ( 16.66410392251763284, 25.07076704713126958, 59.62999510341457210 ) ) ;
#1290 = CARTESIAN_POINT ( 'NONE',  ( 8.400000000000007461, 0.000000000000000000, 1.936435508067135757E-15 ) ) ;
#1291 = AXIS2_PLACEMENT_3D ( 'NONE', #159, #1527, #3468 ) ;
#1292 = VERTEX_POINT ( 'NONE', #2658 ) ;
#1293 = ORIENTED_EDGE ( 'NONE', *, *, #668, .T. ) ;
#1294 = VECTOR ( 'NONE', #3430, 1000.000000000000000 ) ;
#1295 = LINE ( 'NONE', #2593, #2462 ) ;
#1296 = DIRECTION ( 'NONE',  ( 0.7071067811865500152, 0.000000000000000000, -0.7071067811865451302 ) ) ;
#1297 = DIRECTION ( 'NONE',  ( 0.000000000000000000, -1.000000000000000000, 0.000000000000000000 ) ) ;
#1298 = EDGE_CURVE ( 'NONE', #2217, #4313, #1617, .T. ) ;
#1299 = ORIENTED_EDGE ( 'NONE', *, *, #3667, .F. ) ;
#1300 = VERTEX_POINT ( 'NONE', #4266 ) ;
#1301 = DIRECTION ( 'NONE',  ( 0.000000000000000000, 0.000000000000000000, -1.000000000000000000 ) ) ;
#1302 = CARTESIAN_POINT ( 'NONE',  ( -3.700000000000004174, -2.999999999999999112, -10.00000000000002309 ) ) ;
#1303 = AXIS2_PLACEMENT_3D ( 'NONE', #1191, #483, #857 ) ;
#1304 = DIRECTION ( 'NONE',  ( 0.000000000000000000, 0.000000000000000000, -1.000000000000000000 ) ) ;
#1305 = ADVANCED_FACE ( 'NONE', ( #1283, #3293 ), #645, .T. ) ;
#1306 = LINE ( 'NONE', #644, #3850 ) ;
#1307 = CARTESIAN_POINT ( 'NONE',  ( 20.79999999999999361, -2.999999999999999112, -10.00000000000002309 ) ) ;
#1308 = CIRCLE ( 'NONE', #54, 1.750000000000005107 ) ;
#1309 = CARTESIAN_POINT ( 'NONE',  ( -5.156570696987161639, 11.53329611974873536, 72.59999999999998010 ) ) ;
#1310 = ORIENTED_EDGE ( 'NONE', *, *, #2681, .T. ) ;
#1311 = DIRECTION ( 'NONE',  ( 0.000000000000000000, 1.000000000000000000, 0.000000000000000000 ) ) ;
#1312 = FACE_OUTER_BOUND ( 'NONE', #3778, .T. ) ;
#1313 = TOROIDAL_SURFACE ( 'NONE', #3747, 29.07106781186540800, 5.000000000000000000 ) ;
#1314 = ORIENTED_EDGE ( 'NONE', *, *, #356, .F. ) ;
#1315 = ORIENTED_EDGE ( 'NONE', *, *, #2380, .F. ) ;
#1316 = CARTESIAN_POINT ( 'NONE',  ( 5.840989742765533066, 11.46655147459260959, 72.59999999999999432 ) ) ;
#1317 = CARTESIAN_POINT ( 'NONE',  ( -27.89999999999995239, -5.000000000000000000, -22.60000000000000142 ) ) ;
#1318 = CARTESIAN_POINT ( 'NONE',  ( -2.081668171172168513E-14, -2.000000000000000000, 26.18965329530471564 ) ) ;
#1319 = EDGE_CURVE ( 'NONE', #3719, #2532, #291, .T. ) ;
#1320 = FACE_OUTER_BOUND ( 'NONE', #3358, .T. ) ;
#1321 = ORIENTED_EDGE ( 'NONE', *, *, #3790, .T. ) ;
#1322 = ORIENTED_EDGE ( 'NONE', *, *, #2042, .F. ) ;
#1323 = VERTEX_POINT ( 'NONE', #2975 ) ;
#1324 = CARTESIAN_POINT ( 'NONE',  ( 7.620590349738374064E-16, -2.000000000000000000, -5.500000000000003553 ) ) ;
#1325 = DIRECTION ( 'NONE',  ( -0.000000000000000000, 1.000000000000000000, -0.000000000000000000 ) ) ;
#1326 = EDGE_CURVE ( 'NONE', #354, #2305, #4288, .T. ) ;
#1327 = CYLINDRICAL_SURFACE ( 'NONE', #1726, 3.000000000000000888 ) ;
#1328 = CARTESIAN_POINT ( 'NONE',  ( -12.40000000000003411, -5.000000000000004441, 36.83965329530470711 ) ) ;
#1329 = CARTESIAN_POINT ( 'NONE',  ( 9.571572875253815837, -2.000000000000000444, 7.499999999999996447 ) ) ;
#1330 = CARTESIAN_POINT ( 'NONE',  ( 12.39999999999996660, -5.000000000000004441, 35.08965329530472843 ) ) ;
#1331 = ORIENTED_EDGE ( 'NONE', *, *, #974, .F. ) ;
#1332 = LINE ( 'NONE', #2020, #1076 ) ;
#1333 = LINE ( 'NONE', #2764, #1922 ) ;
#1334 = ORIENTED_EDGE ( 'NONE', *, *, #2558, .F. ) ;
#1335 = EDGE_CURVE ( 'NONE', #187, #354, #91, .T. ) ;
#1336 = ORIENTED_EDGE ( 'NONE', *, *, #2572, .F. ) ;
#1337 = FILL_AREA_STYLE_COLOUR ( '', #4181 ) ;
#1338 = CARTESIAN_POINT ( 'NONE',  ( 39.99999999999996447, -5.000000000000000000, 27.58965329530469290 ) ) ;
#1339 = FACE_OUTER_BOUND ( 'NONE', #4316, .T. ) ;
#1340 = CARTESIAN_POINT ( 'NONE',  ( -2.060236852187089862E-14, -5.000000000000004441, 22.68965329530471209 ) ) ;
#1341 = EDGE_CURVE ( 'NONE', #3565, #612, #2401, .T. ) ;
#1342 = ORIENTED_EDGE ( 'NONE', *, *, #2084, .T. ) ;
#1343 = ORIENTED_EDGE ( 'NONE', *, *, #3919, .T. ) ;
#1344 = FACE_OUTER_BOUND ( 'NONE', #206, .T. ) ;
#1345 = CARTESIAN_POINT ( 'NONE',  ( -20.35030683854497724, 9.999999999999738876, 72.59999999999999432 ) ) ;
#1346 = CARTESIAN_POINT ( 'NONE',  ( 32.90000000000000568, 25.00000000000000000, 57.59999999999989484 ) ) ;
#1347 = EDGE_CURVE ( 'NONE', #855, #2293, #3745, .T. ) ;
#1348 = DIRECTION ( 'NONE',  ( 0.000000000000000000, 0.000000000000000000, -1.000000000000000000 ) ) ;
#1349 = DIRECTION ( 'NONE',  ( 0.000000000000000000, -1.000000000000000000, 0.000000000000000000 ) ) ;
#1350 = VECTOR ( 'NONE', #2047, 1000.000000000000000 ) ;
#1351 = CARTESIAN_POINT ( 'NONE',  ( 33.05344890156505500, 26.94655109843492724, 3.893102196869875353 ) ) ;
#1353 = EDGE_CURVE ( 'NONE', #3289, #273, #1766, .T. ) ;
#1352 = ORIENTED_EDGE ( 'NONE', *, *, #426, .T. ) ;
#1354 = ORIENTED_EDGE ( 'NONE', *, *, #1897, .T. ) ;
#1355 = LINE ( 'NONE', #2393, #3855 ) ;
#1356 = AXIS2_PLACEMENT_3D ( 'NONE', #2842, #204, #1195 ) ;
#1357 = DIRECTION ( 'NONE',  ( -0.000000000000000000, -1.000000000000000000, -0.000000000000000000 ) ) ;
#1358 = CIRCLE ( 'NONE', #1427, 25.53553390593265959 ) ;
#1359 = ORIENTED_EDGE ( 'NONE', *, *, #891, .T. ) ;
#1360 = VERTEX_POINT ( 'NONE', #1087 ) ;
#1361 = FACE_OUTER_BOUND ( 'NONE', #1753, .T. ) ;
#1362 = LINE ( 'NONE', #3350, #1592 ) ;
#1363 = DIRECTION ( 'NONE',  ( -0.7071067811865441310, 0.000000000000000000, 0.7071067811865510144 ) ) ;
#1364 = AXIS2_PLACEMENT_3D ( 'NONE', #1684, #1021, #3000 ) ;
#1365 = VERTEX_POINT ( 'NONE', #776 ) ;
#1366 = ORIENTED_EDGE ( 'NONE', *, *, #592, .T. ) ;
#1367 = B_SPLINE_SURFACE_WITH_KNOTS ( 'NONE', 1, 3, ( 
 ( #4070, #3647, #1465, #1668, #301, #3113, #104, #4115, #654, #1135, #1316, #1443, #2481, #2785, #328, #781, #3008, #2129, #409, #1750, #809, #3454, #1795, #2002, #3302, #3327, #3988, #1005, #2853, #2872 ),
 ( #212, #832, #2543, #3217, #1900, #1860, #2200, #2176, #191, #562, #2892, #2222, #4229, #3811, #4160, #4201, #3852, #1224, #2564, #3176, #3874, #2155, #230, #1533, #3498, #4180, #169, #496, #1579, #1184 ) ),
 .UNSPECIFIED., .F., .F., .F.,
 ( 2, 2 ),
 ( 4, 2, 2, 2, 2, 2, 2, 2, 2, 2, 2, 2, 2, 2, 4 ),
 ( 0.000000000000000000, 1.000000000000000000 ),
 ( 0.000000000000000000, 0.005076403948685384755, 0.007614605923028077566, 0.01015280789737076951, 0.01269100987171346145, 0.01522921184605615513, 0.01776741382039884881, 0.02030561579474153902, 0.02284381776908422923, 0.02538201974342692291, 0.02792022171776961659, 0.03045842369211231027, 0.03299662566645500394, 0.03553482764079769762, 0.04061123158948307804 ),
 .UNSPECIFIED. ) ;
#1368 = FACE_OUTER_BOUND ( 'NONE', #1850, .T. ) ;
#1369 = DIRECTION ( 'NONE',  ( 0.000000000000000000, -1.000000000000000000, -0.000000000000000000 ) ) ;
#1370 = LINE ( 'NONE', #665, #741 ) ;
#1371 = ORIENTED_EDGE ( 'NONE', *, *, #1828, .F. ) ;
#1372 = AXIS2_PLACEMENT_3D ( 'NONE', #1838, #3133, #3495 ) ;
#1373 = FACE_BOUND ( 'NONE', #2868, .T. ) ;
#1374 = CARTESIAN_POINT ( 'NONE',  ( -51.41982664765221500, -5.000000000000000000, 51.41982664765250632 ) ) ;
#1375 = AXIS2_PLACEMENT_3D ( 'NONE', #2652, #3057, #704 ) ;
#1376 = CARTESIAN_POINT ( 'NONE',  ( 39.99999999999996447, -2.000000000000001776, 46.08965329530470001 ) ) ;
#1377 = CARTESIAN_POINT ( 'NONE',  ( -37.89999999999999147, 22.10000000000005471, 57.83965329530472133 ) ) ;
#1378 = CIRCLE ( 'NONE', #118, 3.000000000000000888 ) ;
#1379 = EDGE_CURVE ( 'NONE', #3816, #3300, #3765, .T. ) ;
#1380 = CARTESIAN_POINT ( 'NONE',  ( 27.90000000000000213, 25.00000000000000000, -22.60000000000000142 ) ) ;
#1381 = ORIENTED_EDGE ( 'NONE', *, *, #4264, .F. ) ;
#1382 = VERTEX_POINT ( 'NONE', #3726 ) ;
#1383 = DIRECTION ( 'NONE',  ( 1.000000000000000000, 0.000000000000000000, 0.000000000000000000 ) ) ;
#1384 = DIRECTION ( 'NONE',  ( 0.000000000000000000, 0.000000000000000000, -1.000000000000000000 ) ) ;
#1385 = DIRECTION ( 'NONE',  ( 0.000000000000000000, 1.000000000000000000, 0.000000000000000000 ) ) ;
#1386 = ORIENTED_EDGE ( 'NONE', *, *, #344, .F. ) ;
#1387 = EDGE_LOOP ( 'NONE', ( #1811, #2421, #3880, #1252 ) ) ;
#1388 = CARTESIAN_POINT ( 'NONE',  ( 11.03017335234780560, 25.00000000000000000, -11.03017335234771856 ) ) ;
#1389 = CARTESIAN_POINT ( 'NONE',  ( -3.599999999999988987, -3.000000000000000000, -7.500000000000003553 ) ) ;
#1390 = CARTESIAN_POINT ( 'NONE',  ( -2.041687604822277624, -2.000000000000000000, 72.59999999999999432 ) ) ;
#1391 = VERTEX_POINT ( 'NONE', #3450 ) ;
#1392 = EDGE_CURVE ( 'NONE', #2061, #2492, #3409, .T. ) ;
#1393 = FACE_OUTER_BOUND ( 'NONE', #458, .T. ) ;
#1394 = CARTESIAN_POINT ( 'NONE',  ( -1.750017446031420620, -2.959995598681310902, 49.36015372823442249 ) ) ;
#1395 = DIRECTION ( 'NONE',  ( 0.000000000000000000, 0.000000000000000000, -1.000000000000000000 ) ) ;
#1396 = EDGE_CURVE ( 'NONE', #976, #3097, #80, .T. ) ;
#1397 = DIRECTION ( 'NONE',  ( 1.000000000000000000, 0.000000000000000000, 0.000000000000000000 ) ) ;
#1398 = DIRECTION ( 'NONE',  ( 1.000000000000000000, -0.000000000000000000, -1.136281752823236226E-16 ) ) ;
#1399 = CARTESIAN_POINT ( 'NONE',  ( 32.90000000000000568, -5.000000000000000000, 10.83965329530466271 ) ) ;
#1400 = CIRCLE ( 'NONE', #2390, 4.000000000000010658 ) ;
#1401 = ORIENTED_EDGE ( 'NONE', *, *, #2879, .F. ) ;
#1402 = EDGE_CURVE ( 'NONE', #2272, #3920, #2436, .T. ) ;
#1403 = DIRECTION ( 'NONE',  ( -0.5773502691896266192, -0.5773502691896283956, 0.5773502691896222894 ) ) ;
#1404 = CARTESIAN_POINT ( 'NONE',  ( 20.79999999999999361, -3.000000000000000000, 12.99999999999997868 ) ) ;
#1405 = PLANE ( 'NONE',  #43 ) ;
#1406 = ORIENTED_EDGE ( 'NONE', *, *, #4107, .F. ) ;
#1407 = DIRECTION ( 'NONE',  ( -0.7071067811865445751, 0.000000000000000000, -0.7071067811865503483 ) ) ;
#1408 = CARTESIAN_POINT ( 'NONE',  ( 20.79999999999999361, -2.999999999999999112, -10.00000000000002309 ) ) ;
#1409 = PLANE ( 'NONE',  #888 ) ;
#1410 = DIRECTION ( 'NONE',  ( 0.000000000000000000, 1.000000000000000000, 0.000000000000000000 ) ) ;
#1411 = CARTESIAN_POINT ( 'NONE',  ( -3.174520822299723451E-14, 35.00000000000002842, 53.83965329530472133 ) ) ;
#1412 = AXIS2_PLACEMENT_3D ( 'NONE', #384, #757, #3069 ) ;
#1413 = EDGE_CURVE ( 'NONE', #308, #1894, #3131, .T. ) ;
#1414 = DIRECTION ( 'NONE',  ( -0.000000000000000000, -1.000000000000000000, -0.000000000000000000 ) ) ;
#1415 = CARTESIAN_POINT ( 'NONE',  ( -4.510465863058028037E-14, 51.79999999999999716, 47.48965329530471990 ) ) ;
#1416 = CARTESIAN_POINT ( 'NONE',  ( -3.700000000000004174, 25.00000000000000000, 9.999999999999976907 ) ) ;
#1417 = VECTOR ( 'NONE', #290, 1000.000000000000000 ) ;
#1418 = DIRECTION ( 'NONE',  ( 1.000000000000000000, 0.000000000000000000, 0.000000000000000000 ) ) ;
#1419 = LINE ( 'NONE', #3005, #3594 ) ;
#1420 = AXIS2_PLACEMENT_3D ( 'NONE', #2411, #79, #3725 ) ;
#1421 = UNCERTAINTY_MEASURE_WITH_UNIT (LENGTH_MEASURE( 1.000000000000000082E-05 ), #2359, 'distance_accuracy_value', 'NONE');
#1422 = ORIENTED_EDGE ( 'NONE', *, *, #287, .T. ) ;
#1423 = ORIENTED_EDGE ( 'NONE', *, *, #2575, .T. ) ;
#1424 = DIRECTION ( 'NONE',  ( 0.000000000000000000, 0.000000000000000000, 1.000000000000000000 ) ) ;
#1425 = LINE ( 'NONE', #1143, #463 ) ;
#1426 = DIRECTION ( 'NONE',  ( 0.000000000000000000, -1.000000000000000000, 0.000000000000000000 ) ) ;
#1427 = AXIS2_PLACEMENT_3D ( 'NONE', #1861, #563, #4306 ) ;
#1428 = ORIENTED_EDGE ( 'NONE', *, *, #3800, .F. ) ;
#1429 = VERTEX_POINT ( 'NONE', #1018 ) ;
#1430 = TOROIDAL_SURFACE ( 'NONE', #1578, 22.00000000000000000, 5.000000000000000000 ) ;
#1431 = CARTESIAN_POINT ( 'NONE',  ( -1.689716091487034832, -2.866046176272973423, 23.96976226475483784 ) ) ;
#1432 = DIRECTION ( 'NONE',  ( 0.000000000000000000, 0.000000000000000000, -1.000000000000000000 ) ) ;
#1433 = CARTESIAN_POINT ( 'NONE',  ( 32.90000000000000568, 25.00000000000000000, -17.59999999999995524 ) ) ;
#1434 = EDGE_CURVE ( 'NONE', #567, #2052, #3685, .T. ) ;
#1435 = DIRECTION ( 'NONE',  ( -0.000000000000000000, -0.000000000000000000, -1.000000000000000000 ) ) ;
#1436 = VERTEX_POINT ( 'NONE', #3044 ) ;
#1437 = CARTESIAN_POINT ( 'NONE',  ( -45.00000000000002842, -5.000000000000004441, 15.83965329530471600 ) ) ;
#1438 = CARTESIAN_POINT ( 'NONE',  ( 39.99999999999996447, 51.79999999999999716, 33.33965329530470001 ) ) ;
#1439 = CIRCLE ( 'NONE', #4217, 3.000000000000000888 ) ;
#1440 = VECTOR ( 'NONE', #710, 1000.000000000000000 ) ;
#1441 = DIRECTION ( 'NONE',  ( 0.000000000000000000, 0.000000000000000000, 1.000000000000000000 ) ) ;
#1442 = CARTESIAN_POINT ( 'NONE',  ( -1.599999999999988987, 0.000000000000000000, -7.500000000000003553 ) ) ;
#1443 = CARTESIAN_POINT ( 'NONE',  ( 4.141320545059945957, 11.63280109647257099, 72.59999999999999432 ) ) ;
#1444 = AXIS2_PLACEMENT_3D ( 'NONE', #3214, #929, #1898 ) ;
#1445 = DIRECTION ( 'NONE',  ( 0.000000000000000000, 0.000000000000000000, -1.000000000000000000 ) ) ;
#1446 = CARTESIAN_POINT ( 'NONE',  ( 12.36120074794995105, 10.61159428072975963, 72.60000000000002274 ) ) ;
#1447 = CIRCLE ( 'NONE', #1303, 1.750000000000001554 ) ;
#1448 = EDGE_LOOP ( 'NONE', ( #2944, #1498, #2451, #1206 ) ) ;
#1449 = ORIENTED_EDGE ( 'NONE', *, *, #4144, .T. ) ;
#1450 = EDGE_CURVE ( 'NONE', #348, #2091, #41, .T. ) ;
#1451 = CARTESIAN_POINT ( 'NONE',  ( -19.79884420441029036, 24.99999999999999645, 57.92661024002838843 ) ) ;
#1452 = CARTESIAN_POINT ( 'NONE',  ( 22.90000000000000213, 0.000000000000000000, -12.60000000000000320 ) ) ;
#1453 = AXIS2_PLACEMENT_3D ( 'NONE', #2193, #3517, #1301 ) ;
#1454 = VERTEX_POINT ( 'NONE', #3473 ) ;
#1455 = CARTESIAN_POINT ( 'NONE',  ( -1.737007039926408147, -2.938057931630729147, 24.68186347502602018 ) ) ;
#1456 = EDGE_CURVE ( 'NONE', #1774, #1229, #2661, .T. ) ;
#1457 = LINE ( 'NONE', #2472, #4235 ) ;
#1458 = DIRECTION ( 'NONE',  ( 1.000000000000000000, -0.000000000000000000, -1.136281752823236226E-16 ) ) ;
#1459 = VECTOR ( 'NONE', #3423, 1000.000000000000000 ) ;
#1460 = ORIENTED_EDGE ( 'NONE', *, *, #3383, .F. ) ;
#1461 = CARTESIAN_POINT ( 'NONE',  ( 31.99999999999995737, 28.00000000000002487, 33.33965329530470001 ) ) ;
#1462 = CARTESIAN_POINT ( 'NONE',  ( 0.4000000000000099587, 0.000000000000000000, 5.744117470122021455E-17 ) ) ;
#1463 = PLANE ( 'NONE',  #2982 ) ;
#1464 = FACE_BOUND ( 'NONE', #1473, .T. ) ;
#1465 = CARTESIAN_POINT ( 'NONE',  ( 16.91323858340039976, 10.10973996525576446, 72.60000000000000853 ) ) ;
#1466 = LINE ( 'NONE', #3157, #2758 ) ;
#1467 = CARTESIAN_POINT ( 'NONE',  ( 6.402345214518959438, 11.39955182534903777, 72.59999999999999432 ) ) ;
#1468 = ORIENTED_EDGE ( 'NONE', *, *, #818, .T. ) ;
#1469 = EDGE_LOOP ( 'NONE', ( #1321, #660 ) ) ;
#1470 = DIRECTION ( 'NONE',  ( 0.000000000000000000, 0.000000000000000000, -1.000000000000000000 ) ) ;
#1471 = LINE ( 'NONE', #1452, #2506 ) ;
#1472 = AXIS2_PLACEMENT_3D ( 'NONE', #2881, #4189, #455 ) ;
#1473 = EDGE_LOOP ( 'NONE', ( #402, #2821 ) ) ;
#1474 = ORIENTED_EDGE ( 'NONE', *, *, #3715, .F. ) ;
#1475 = CARTESIAN_POINT ( 'NONE',  ( -1.749982517363476875, -2.959938226395300020, 24.31864666460755231 ) ) ;
#1476 = CARTESIAN_POINT ( 'NONE',  ( 32.90000000000000568, 25.00000000000000000, 22.59999999999999432 ) ) ;
#1477 = DIRECTION ( 'NONE',  ( 0.000000000000000000, 1.000000000000000000, 0.000000000000000000 ) ) ;
#1478 = EDGE_CURVE ( 'NONE', #4095, #3106, #2195, .T. ) ;
#1479 = DIRECTION ( 'NONE',  ( -1.000000000000000000, 0.000000000000000000, 1.387778780781445676E-16 ) ) ;
#1480 = ORIENTED_EDGE ( 'NONE', *, *, #2879, .T. ) ;
#1481 = EDGE_LOOP ( 'NONE', ( #3374, #2030, #793, #2625, #2186, #1877 ) ) ;
#1482 = DIRECTION ( 'NONE',  ( -0.000000000000000000, 1.000000000000000000, -0.000000000000000000 ) ) ;
#1483 = VECTOR ( 'NONE', #1813, 1000.000000000000000 ) ;
#1484 = AXIS2_PLACEMENT_3D ( 'NONE', #1946, #318, #3276 ) ;
#1485 = DIRECTION ( 'NONE',  ( -0.000000000000000000, 1.000000000000000000, -0.000000000000000000 ) ) ;
#1486 = VERTEX_POINT ( 'NONE', #557 ) ;
#1487 = CARTESIAN_POINT ( 'NONE',  ( 0.4000000000000114575, 0.000000000000000000, -12.59999999999999964 ) ) ;
#1488 = LINE ( 'NONE', #2524, #1550 ) ;
#1489 = DIRECTION ( 'NONE',  ( 0.000000000000000000, 0.000000000000000000, -1.000000000000000000 ) ) ;
#1490 = CIRCLE ( 'NONE', #3915, 1.750000000000001554 ) ;
#1491 = CARTESIAN_POINT ( 'NONE',  ( 15.23387721182254850, 10.27766269945871436, 72.59999999999999432 ) ) ;
#1492 = EDGE_CURVE ( 'NONE', #2677, #3123, #357, .T. ) ;
#1493 = ORIENTED_EDGE ( 'NONE', *, *, #4221, .F. ) ;
#1494 = ORIENTED_EDGE ( 'NONE', *, *, #1074, .T. ) ;
#1495 = CARTESIAN_POINT ( 'NONE',  ( -16.88735073283718080, 25.06387296971481859, 59.51695365667973903 ) ) ;
#1496 = CARTESIAN_POINT ( 'NONE',  ( 12.39999999999996660, 51.79999999999999716, 36.83965329530473554 ) ) ;
#1497 = CARTESIAN_POINT ( 'NONE',  ( 0.000000000000000000, 0.000000000000000000, 0.000000000000000000 ) ) ;
#1498 = ORIENTED_EDGE ( 'NONE', *, *, #3170, .T. ) ;
#1499 = ADVANCED_FACE ( 'NONE', ( #1529 ), #164, .F. ) ;
#1500 = VERTEX_POINT ( 'NONE', #1200 ) ;
#1501 = PLANE ( 'NONE',  #587 ) ;
#1502 = AXIS2_PLACEMENT_3D ( 'NONE', #4294, #1311, #3642 ) ;
#1503 = CARTESIAN_POINT ( 'NONE',  ( -0.04168760482227765185, -4.000000000000000000, 7.499999999999995559 ) ) ;
#1504 = LINE ( 'NONE', #1808, #3999 ) ;
#1505 = CIRCLE ( 'NONE', #727, 1.750000000000001554 ) ;
#1506 = AXIS2_PLACEMENT_3D ( 'NONE', #4106, #2145, #3823 ) ;
#1507 = EDGE_LOOP ( 'NONE', ( #1314, #3616 ) ) ;
#1508 = DIRECTION ( 'NONE',  ( 0.000000000000000000, 0.000000000000000000, -1.000000000000000000 ) ) ;
#1509 = EDGE_CURVE ( 'NONE', #353, #1382, #2477, .T. ) ;
#1510 = CARTESIAN_POINT ( 'NONE',  ( -3.604753723755496361E-14, 27.76034670469528010, 12.59999999999999964 ) ) ;
#1511 = AXIS2_PLACEMENT_3D ( 'NONE', #2803, #1157, #1112 ) ;
#1512 = ORIENTED_EDGE ( 'NONE', *, *, #1553, .T. ) ;
#1513 = CARTESIAN_POINT ( 'NONE',  ( 39.99999999999996447, 19.99999999999998934, 40.33965329530468580 ) ) ;
#1514 = CARTESIAN_POINT ( 'NONE',  ( -4.531897182043106688E-14, -2.000000000000000000, 49.23965329530471990 ) ) ;
#1515 = EDGE_CURVE ( 'NONE', #903, #386, #2539, .T. ) ;
#1516 = DIRECTION ( 'NONE',  ( 0.000000000000000000, 0.000000000000000000, -1.000000000000000000 ) ) ;
#1517 = CARTESIAN_POINT ( 'NONE',  ( 10.37858692585698606, 10.87804481246586441, 72.59999999999998010 ) ) ;
#1518 = AXIS2_PLACEMENT_3D ( 'NONE', #1869, #2137, #504 ) ;
#1519 = VERTEX_POINT ( 'NONE', #2802 ) ;
#1520 = EDGE_LOOP ( 'NONE', ( #1538, #2724, #9, #4251 ) ) ;
#1521 = CARTESIAN_POINT ( 'NONE',  ( -0.04168760482227765185, -2.000000000000000000, 5.499999999999996447 ) ) ;
#1522 = EDGE_CURVE ( 'NONE', #4194, #2962, #1131, .T. ) ;
#1523 = AXIS2_PLACEMENT_3D ( 'NONE', #3142, #89, #3182 ) ;
#1524 = ORIENTED_EDGE ( 'NONE', *, *, #1019, .T. ) ;
#1525 = CARTESIAN_POINT ( 'NONE',  ( -1.572033041489707683, -2.710553507430673470, 25.21621839394523334 ) ) ;
#1526 = FACE_OUTER_BOUND ( 'NONE', #2312, .T. ) ;
#1527 = DIRECTION ( 'NONE',  ( 0.000000000000000000, -1.000000000000000000, 0.000000000000000000 ) ) ;
#1528 = ORIENTED_EDGE ( 'NONE', *, *, #1660, .F. ) ;
#1529 = FACE_OUTER_BOUND ( 'NONE', #2343, .T. ) ;
#1530 = DIRECTION ( 'NONE',  ( -0.000000000000000000, -1.000000000000000000, -0.000000000000000000 ) ) ;
#1531 = EDGE_CURVE ( 'NONE', #3102, #3363, #1552, .T. ) ;
#1532 = CARTESIAN_POINT ( 'NONE',  ( -13.31793556604129414, 25.16827173681613772, 12.60000000000000142 ) ) ;
#1533 = CARTESIAN_POINT ( 'NONE',  ( -13.03840586210295704, 25.19591973572402921, 61.27503234269074284 ) ) ;
#1534 = CARTESIAN_POINT ( 'NONE',  ( -2.041687604822277624, -4.000000000000000000, 12.49999999999996092 ) ) ;
#1535 = VECTOR ( 'NONE', #1175, 1000.000000000000114 ) ;
#1536 = CARTESIAN_POINT ( 'NONE',  ( 12.75052516427966331, 10.56198158731849190, 72.60000000000000853 ) ) ;
#1537 = EDGE_CURVE ( 'NONE', #1774, #3289, #4176, .T. ) ;
#1538 = ORIENTED_EDGE ( 'NONE', *, *, #2727, .F. ) ;
#1539 = ORIENTED_EDGE ( 'NONE', *, *, #3392, .T. ) ;
#1540 = DIRECTION ( 'NONE',  ( 0.000000000000000000, -1.000000000000000000, 0.000000000000000000 ) ) ;
#1541 = CARTESIAN_POINT ( 'NONE',  ( -8.031357294035675665, 26.46446609406728001, 12.59999999999999964 ) ) ;
#1542 = EDGE_CURVE ( 'NONE', #2800, #1500, #149, .T. ) ;
#1543 = EDGE_LOOP ( 'NONE', ( #2953, #4237, #3885, #86 ) ) ;
#1544 = CYLINDRICAL_SURFACE ( 'NONE', #1472, 3.000000000000000888 ) ;
#1545 = CARTESIAN_POINT ( 'NONE',  ( -4.531897182043106688E-14, 51.79999999999999716, 49.23965329530471990 ) ) ;
#1546 = FACE_OUTER_BOUND ( 'NONE', #3201, .T. ) ;
#1547 = VECTOR ( 'NONE', #884, 1000.000000000000000 ) ;
#1548 = EDGE_CURVE ( 'NONE', #1391, #2940, #2399, .T. ) ;
#1549 = ORIENTED_EDGE ( 'NONE', *, *, #3411, .F. ) ;
#1550 = VECTOR ( 'NONE', #894, 1000.000000000000000 ) ;
#1551 = ORIENTED_EDGE ( 'NONE', *, *, #3819, .F. ) ;
#1552 = LINE ( 'NONE', #803, #3362 ) ;
#1553 = EDGE_CURVE ( 'NONE', #474, #1323, #2743, .T. ) ;
#1554 = DIRECTION ( 'NONE',  ( -1.000000000000000000, 0.000000000000000000, 0.000000000000000000 ) ) ;
#1555 = VECTOR ( 'NONE', #2218, 1000.000000000000114 ) ;
#1556 = VECTOR ( 'NONE', #3620, 1000.000000000000114 ) ;
#1557 = CARTESIAN_POINT ( 'NONE',  ( 20.35030683854490974, 9.999999999999738876, 72.59999999999999432 ) ) ;
#1558 = CARTESIAN_POINT ( 'NONE',  ( -15.23295818721378758, 10.27775364720825202, 72.59999999999998010 ) ) ;
#1559 = ORIENTED_EDGE ( 'NONE', *, *, #1889, .F. ) ;
#1560 = VERTEX_POINT ( 'NONE', #2888 ) ;
#1561 = AXIS2_PLACEMENT_3D ( 'NONE', #780, #2128, #3453 ) ;
#1562 = CARTESIAN_POINT ( 'NONE',  ( -4.453919519118214154, 25.42191104703828231, 63.55296970305307269 ) ) ;
#1563 = CARTESIAN_POINT ( 'NONE',  ( 20.79999999999999361, -3.000000000000000000, 9.999999999999976907 ) ) ;
#1564 = EDGE_CURVE ( 'NONE', #2096, #348, #2499, .T. ) ;
#1565 = ORIENTED_EDGE ( 'NONE', *, *, #847, .F. ) ;
#1566 = VERTEX_POINT ( 'NONE', #3151 ) ;
#1567 = CARTESIAN_POINT ( 'NONE',  ( 10.40000000000001279, -2.000000000000000000, 72.59999999999999432 ) ) ;
#1568 = FACE_OUTER_BOUND ( 'NONE', #1689, .T. ) ;
#1569 = ADVANCED_FACE ( 'NONE', ( #4154 ), #2240, .F. ) ;
#1570 = LINE ( 'NONE', #281, #314 ) ;
#1571 = VERTEX_POINT ( 'NONE', #846 ) ;
#1572 = VECTOR ( 'NONE', #2134, 1000.000000000000000 ) ;
#1573 = ORIENTED_EDGE ( 'NONE', *, *, #3891, .F. ) ;
#1574 = CIRCLE ( 'NONE', #3042, 1.750000000000001554 ) ;
#1575 = FACE_BOUND ( 'NONE', #3757, .T. ) ;
#1576 = VECTOR ( 'NONE', #886, 1000.000000000000000 ) ;
#1577 = LINE ( 'NONE', #145, #2268 ) ;
#1578 = AXIS2_PLACEMENT_3D ( 'NONE', #3095, #1024, #1665 ) ;
#1579 = CARTESIAN_POINT ( 'NONE',  ( -19.27927846084336849, 24.99996190161255072, 58.23432917094606154 ) ) ;
#1580 = VECTOR ( 'NONE', #2667, 1000.000000000000000 ) ;
#1581 = CARTESIAN_POINT ( 'NONE',  ( -6.141621507792458523, 11.42946267284894546, 72.59999999999999432 ) ) ;
#1582 = VECTOR ( 'NONE', #1738, 1000.000000000000000 ) ;
#1583 = ORIENTED_EDGE ( 'NONE', *, *, #3405, .T. ) ;
#1584 = VERTEX_POINT ( 'NONE', #1854 ) ;
#1585 = CARTESIAN_POINT ( 'NONE',  ( -8.513380926083691236, 25.33735859209853203, 62.74649531675645164 ) ) ;
#1586 = DIRECTION ( 'NONE',  ( 0.000000000000000000, 0.000000000000000000, -1.000000000000000000 ) ) ;
#1587 = VECTOR ( 'NONE', #289, 1000.000000000000000 ) ;
#1588 = EDGE_CURVE ( 'NONE', #2917, #2118, #2172, .T. ) ;
#1589 = ORIENTED_EDGE ( 'NONE', *, *, #3790, .F. ) ;
#1590 = LINE ( 'NONE', #631, #1547 ) ;
#1591 = LINE ( 'NONE', #221, #1155 ) ;
#1592 = VECTOR ( 'NONE', #3694, 1000.000000000000114 ) ;
#1593 = DIRECTION ( 'NONE',  ( 0.000000000000000000, -0.7071067811865514585, -0.7071067811865435759 ) ) ;
#1594 = EDGE_CURVE ( 'NONE', #614, #3300, #2847, .T. ) ;
#1595 = ORIENTED_EDGE ( 'NONE', *, *, #1298, .T. ) ;
#1596 = ORIENTED_EDGE ( 'NONE', *, *, #1035, .F. ) ;
#1597 = LINE ( 'NONE', #2930, #681 ) ;
#1598 = DIRECTION ( 'NONE',  ( 0.000000000000000000, 1.000000000000000000, 0.000000000000000000 ) ) ;
#1599 = EDGE_CURVE ( 'NONE', #2101, #855, #2443, .T. ) ;
#1600 = CARTESIAN_POINT ( 'NONE',  ( 32.90000000000000568, 25.00000000000000000, 62.83965329530472133 ) ) ;
#1601 = AXIS2_PLACEMENT_3D ( 'NONE', #3376, #3403, #729 ) ;
#1602 = LINE ( 'NONE', #995, #2396 ) ;
#1603 = CARTESIAN_POINT ( 'NONE',  ( -12.68567358057916117, 10.57022411702098807, 72.59999999999999432 ) ) ;
#1604 = ORIENTED_EDGE ( 'NONE', *, *, #3369, .F. ) ;
#1605 = CARTESIAN_POINT ( 'NONE',  ( -1.220071055069321009, 25.44983719390878463, 63.81183154801570367 ) ) ;
#1606 = DIRECTION ( 'NONE',  ( 0.000000000000000000, 1.000000000000000000, 0.000000000000000000 ) ) ;
#1607 = ORIENTED_EDGE ( 'NONE', *, *, #3969, .F. ) ;
#1608 = LINE ( 'NONE', #3590, #347 ) ;
#1609 = CARTESIAN_POINT ( 'NONE',  ( -32.00000000000002842, 28.00000000000002132, 25.33965329530467869 ) ) ;
#1610 = DIRECTION ( 'NONE',  ( -0.000000000000000000, -1.000000000000000000, -0.000000000000000000 ) ) ;
#1611 = EDGE_LOOP ( 'NONE', ( #3395, #3222, #845, #112, #1494, #2498, #4260, #2364, #2324, #4000 ) ) ;
#1612 = ORIENTED_EDGE ( 'NONE', *, *, #2509, .T. ) ;
#1613 = CARTESIAN_POINT ( 'NONE',  ( -2.081668171172168513E-14, -5.000000000000004441, 24.43965329530471209 ) ) ;
#1614 = EDGE_CURVE ( 'NONE', #3510, #3671, #1597, .T. ) ;
#1615 = LINE ( 'NONE', #249, #4223 ) ;
#1616 = DIRECTION ( 'NONE',  ( 0.000000000000000000, 0.000000000000000000, 1.000000000000000000 ) ) ;
#1617 = LINE ( 'NONE', #2950, #3908 ) ;
#1618 = CIRCLE ( 'NONE', #772, 2.000000000000000000 ) ;
#1619 = CARTESIAN_POINT ( 'NONE',  ( -5.543851115865342294, 11.49440168838774667, 72.60000000000000853 ) ) ;
#1620 = VECTOR ( 'NONE', #4248, 1000.000000000000000 ) ;
#1621 = CARTESIAN_POINT ( 'NONE',  ( 5.020527435946939399, 25.41154017034163459, 63.45621275631425817 ) ) ;
#1622 = DIRECTION ( 'NONE',  ( -0.000000000000000000, 1.000000000000000000, -0.000000000000000000 ) ) ;
#1623 = ADVANCED_FACE ( 'NONE', ( #2967 ), #3655, .F. ) ;
#1624 = ORIENTED_EDGE ( 'NONE', *, *, #698, .T. ) ;
#1625 = ORIENTED_EDGE ( 'NONE', *, *, #1773, .T. ) ;
#1626 = LINE ( 'NONE', #2959, #1893 ) ;
#1627 = CARTESIAN_POINT ( 'NONE',  ( 51.41982664765247080, -5.000000000000000000, 51.41982664765218658 ) ) ;
#1628 = CARTESIAN_POINT ( 'NONE',  ( -5.508648451427500575E-16, -2.000000000000000000, 5.499999999999995559 ) ) ;
#1629 = CIRCLE ( 'NONE', #643, 2.000000000000000000 ) ;
#1630 = B_SPLINE_CURVE_WITH_KNOTS ( 'NONE', 3,
 ( #2828, #1183, #1532, #4179, #3619, #1966 ),
 .UNSPECIFIED., .F., .F.,
 ( 4, 2, 4 ),
 ( 3.469446951953614189E-18, 0.004075081371292640225, 0.008150162742585276981 ),
 .UNSPECIFIED. ) ;
#1631 = VERTEX_POINT ( 'NONE', #2946 ) ;
#1632 = ORIENTED_EDGE ( 'NONE', *, *, #3593, .F. ) ;
#1633 = LINE ( 'NONE', #969, #3266 ) ;
#1634 = DIRECTION ( 'NONE',  ( 0.000000000000000000, 1.000000000000000000, 0.000000000000000000 ) ) ;
#1635 = CARTESIAN_POINT ( 'NONE',  ( -2.041687604822277624, -5.000000000000000000, 7.499999999999994671 ) ) ;
#1636 = ADVANCED_FACE ( 'NONE', ( #952 ), #1980, .F. ) ;
#1637 = DIRECTION ( 'NONE',  ( 0.000000000000000000, -1.000000000000000000, 0.000000000000000000 ) ) ;
#1638 = DIRECTION ( 'NONE',  ( -0.000000000000000000, -0.000000000000000000, 1.000000000000000000 ) ) ;
#1639 = CARTESIAN_POINT ( 'NONE',  ( -4.782540224155389375, 11.56989002773417319, 72.60000000000002274 ) ) ;
#1640 = VECTOR ( 'NONE', #466, 1000.000000000000000 ) ;
#1641 = ADVANCED_FACE ( 'NONE', ( #3951, #1575 ), #3912, .F. ) ;
#1642 = ORIENTED_EDGE ( 'NONE', *, *, #2804, .T. ) ;
#1643 = CARTESIAN_POINT ( 'NONE',  ( -1.120667258997379845, -2.305860420069310912, 23.07890243714057021 ) ) ;
#1644 = PLANE ( 'NONE',  #1100 ) ;
#1645 = EDGE_LOOP ( 'NONE', ( #2353, #1816 ) ) ;
#1646 = VERTEX_POINT ( 'NONE', #1943 ) ;
#1647 = FILL_AREA_STYLE ('',( #1337 ) ) ;
#1648 = CARTESIAN_POINT ( 'NONE',  ( -40.00000000000003553, 51.79999999999999716, 31.08965329530468935 ) ) ;
#1649 = DIRECTION ( 'NONE',  ( -0.000000000000000000, -0.000000000000000000, 1.000000000000000000 ) ) ;
#1650 = ORIENTED_EDGE ( 'NONE', *, *, #2681, .F. ) ;
#1651 = VERTEX_POINT ( 'NONE', #3575 ) ;
#1652 = EDGE_LOOP ( 'NONE', ( #3558, #3626, #3569, #876, #107, #2266 ) ) ;
#1653 = DIRECTION ( 'NONE',  ( -0.000000000000000000, -1.000000000000000000, -0.000000000000000000 ) ) ;
#1654 = FACE_OUTER_BOUND ( 'NONE', #3343, .T. ) ;
#1655 = CIRCLE ( 'NONE', #3197, 3.000000000000000888 ) ;
#1656 = DIRECTION ( 'NONE',  ( 1.000000000000000000, -0.000000000000000000, 2.305280366746587933E-16 ) ) ;
#1657 = CYLINDRICAL_SURFACE ( 'NONE', #788, 2.000000000000000000 ) ;
#1658 = CARTESIAN_POINT ( 'NONE',  ( -32.89999999999999858, 25.00000000000000000, 22.59999999999999432 ) ) ;
#1659 = CIRCLE ( 'NONE', #4155, 1.750000000000005107 ) ;
#1660 = EDGE_CURVE ( 'NONE', #889, #3589, #663, .T. ) ;
#1661 = PLANE ( 'NONE',  #1364 ) ;
#1662 = EDGE_LOOP ( 'NONE', ( #2051, #414, #3202, #2645 ) ) ;
#1663 = FACE_OUTER_BOUND ( 'NONE', #2963, .T. ) ;
#1664 = ADVANCED_FACE ( 'NONE', ( #3311, #2259 ), #4224, .F. ) ;
#1665 = DIRECTION ( 'NONE',  ( 0.000000000000000000, 0.000000000000000000, 1.000000000000000000 ) ) ;
#1666 = VERTEX_POINT ( 'NONE', #908 ) ;
#1667 = ORIENTED_EDGE ( 'NONE', *, *, #4157, .F. ) ;
#1668 = CARTESIAN_POINT ( 'NONE',  ( 14.35193861952273942, 10.36584270341153591, 72.59999999999998010 ) ) ;
#1669 = CARTESIAN_POINT ( 'NONE',  ( 44.99999999999998579, -5.000000000000004441, 57.83965329530470711 ) ) ;
#1670 = DIRECTION ( 'NONE',  ( 1.000000000000000000, 0.000000000000000000, 0.000000000000000000 ) ) ;
#1671 = CARTESIAN_POINT ( 'NONE',  ( -40.00000000000003553, -2.000000000000000000, 29.33965329530468225 ) ) ;
#1672 = EDGE_CURVE ( 'NONE', #32, #259, #1633, .T. ) ;
#1673 = ORIENTED_EDGE ( 'NONE', *, *, #1997, .F. ) ;
#1674 = ORIENTED_EDGE ( 'NONE', *, *, #4163, .F. ) ;
#1675 = ORIENTED_EDGE ( 'NONE', *, *, #1128, .F. ) ;
#1676 = DIRECTION ( 'NONE',  ( 0.000000000000000000, 0.000000000000000000, -1.000000000000000000 ) ) ;
#1677 = DIRECTION ( 'NONE',  ( -0.000000000000000000, -1.000000000000000000, -0.000000000000000000 ) ) ;
#1678 = ADVANCED_FACE ( 'NONE', ( #4261 ), #991, .F. ) ;
#1679 = LINE ( 'NONE', #3066, #459 ) ;
#1680 = ORIENTED_EDGE ( 'NONE', *, *, #1809, .F. ) ;
#1681 = FACE_OUTER_BOUND ( 'NONE', #1144, .T. ) ;
#1682 = CARTESIAN_POINT ( 'NONE',  ( 20.79999999999999361, 0.000000000000000000, -10.00000000000002309 ) ) ;
#1683 = STYLED_ITEM ( 'NONE', ( #2806 ), #1103 ) ;
#1684 = CARTESIAN_POINT ( 'NONE',  ( 49.99999999999997158, -113.4619749036500025, 57.83965329530470711 ) ) ;
#1685 = ORIENTED_EDGE ( 'NONE', *, *, #3947, .T. ) ;
#1686 = CIRCLE ( 'NONE', #3504, 0.7500000000000024425 ) ;
#1687 = PLANE ( 'NONE',  #2063 ) ;
#1688 = CARTESIAN_POINT ( 'NONE',  ( -14.58017335234776368, -5.000000000000000000, -14.58017335234769263 ) ) ;
#1689 = EDGE_LOOP ( 'NONE', ( #2591, #3078, #3352, #3909, #958 ) ) ;
#1690 = EDGE_LOOP ( 'NONE', ( #1953, #3420, #4304, #3436, #4073, #751, #2398, #1928 ) ) ;
#1691 = ADVANCED_FACE ( 'NONE', ( #2578 ), #1962, .F. ) ;
#1692 = DIRECTION ( 'NONE',  ( 0.000000000000000000, 0.000000000000000000, 1.000000000000000000 ) ) ;
#1693 = CARTESIAN_POINT ( 'NONE',  ( -32.89999999999999858, -5.000000000000000000, -22.60000000000000142 ) ) ;
#1694 = FACE_OUTER_BOUND ( 'NONE', #2280, .T. ) ;
#1695 = ORIENTED_EDGE ( 'NONE', *, *, #3942, .F. ) ;
#1696 = ORIENTED_EDGE ( 'NONE', *, *, #3929, .F. ) ;
#1697 = ORIENTED_EDGE ( 'NONE', *, *, #4042, .T. ) ;
#1698 = PLANE ( 'NONE',  #2791 ) ;
#1699 = VECTOR ( 'NONE', #3749, 1000.000000000000000 ) ;
#1700 = CARTESIAN_POINT ( 'NONE',  ( -0.04168760482233581366, -1.999999999999643174, 47.49014989616380689 ) ) ;
#1701 = CARTESIAN_POINT ( 'NONE',  ( 32.90000000000000568, 9.999999999999738876, 72.59999999999999432 ) ) ;
#1702 = ORIENTED_EDGE ( 'NONE', *, *, #3086, .F. ) ;
#1703 = AXIS2_PLACEMENT_3D ( 'NONE', #931, #2287, #1616 ) ;
#1704 = LINE ( 'NONE', #383, #3373 ) ;
#1705 = DIRECTION ( 'NONE',  ( 0.000000000000000000, 0.000000000000000000, -1.000000000000000000 ) ) ;
#1706 = ADVANCED_FACE ( 'NONE', ( #2306 ), #3890, .T. ) ;
#1707 = AXIS2_PLACEMENT_3D ( 'NONE', #394, #3397, #2360 ) ;
#1708 = CARTESIAN_POINT ( 'NONE',  ( 39.99999999999996447, -2.000000000000000000, 40.33965329530468580 ) ) ;
#1709 = ORIENTED_EDGE ( 'NONE', *, *, #2951, .F. ) ;
#1710 = AXIS2_PLACEMENT_3D ( 'NONE', #761, #1092, #1516 ) ;
#1711 = DIRECTION ( 'NONE',  ( 0.000000000000000000, 1.000000000000000000, 0.000000000000000000 ) ) ;
#1712 = CARTESIAN_POINT ( 'NONE',  ( -3.382710778154773834E-14, -2.000000000000000000, 36.83965329530472133 ) ) ;
#1713 = VERTEX_POINT ( 'NONE', #3253 ) ;
#1714 = ORIENTED_EDGE ( 'NONE', *, *, #2394, .F. ) ;
#1715 = CARTESIAN_POINT ( 'NONE',  ( 33.60000000000000142, 26.39999999999998437, 11.53965329530465311 ) ) ;
#1716 = FACE_OUTER_BOUND ( 'NONE', #4173, .T. ) ;
#1717 = CIRCLE ( 'NONE', #2908, 4.000000000000010658 ) ;
#1718 = DIRECTION ( 'NONE',  ( -1.000000000000000000, 0.000000000000000000, -1.001572445714091955E-16 ) ) ;
#1719 = EDGE_CURVE ( 'NONE', #2741, #4232, #1918, .T. ) ;
#1720 = VECTOR ( 'NONE', #2757, 1000.000000000000000 ) ;
#1721 = CARTESIAN_POINT ( 'NONE',  ( -1.050148577410779049, -2.253365143938112602, 46.68674994375034260 ) ) ;
#1722 = CARTESIAN_POINT ( 'NONE',  ( 10.40000000000001279, -5.000000000000000000, 72.59999999999999432 ) ) ;
#1723 = ADVANCED_FACE ( 'NONE', ( #2282 ), #3597, .F. ) ;
#1724 = CARTESIAN_POINT ( 'NONE',  ( -3.382710778154773834E-14, 51.79999999999999716, 36.83965329530472133 ) ) ;
#1725 = EDGE_LOOP ( 'NONE', ( #2570, #7, #4195, #4215 ) ) ;
#1726 = AXIS2_PLACEMENT_3D ( 'NONE', #2034, #3378, #381 ) ;
#1727 = FACE_BOUND ( 'NONE', #246, .T. ) ;
#1728 = CARTESIAN_POINT ( 'NONE',  ( 39.99999999999996447, 19.99999999999998934, 48.33965329530470711 ) ) ;
#1729 = LINE ( 'NONE', #4065, #311 ) ;
#1730 = EDGE_CURVE ( 'NONE', #2052, #3415, #620, .T. ) ;
#1731 = DIRECTION ( 'NONE',  ( 0.000000000000000000, -0.000000000000000000, 1.000000000000000000 ) ) ;
#1732 = CARTESIAN_POINT ( 'NONE',  ( -20.35030683854497013, 25.00000000000000000, 57.59999999999990195 ) ) ;
#1733 = DIRECTION ( 'NONE',  ( 0.000000000000000000, -1.000000000000000000, 0.000000000000000000 ) ) ;
#1734 = ORIENTED_EDGE ( 'NONE', *, *, #1768, .F. ) ;
#1735 = ORIENTED_EDGE ( 'NONE', *, *, #3819, .T. ) ;
#1736 = CARTESIAN_POINT ( 'NONE',  ( 10.40000000000000568, -5.000000000000000000, 7.499999999999996447 ) ) ;
#1737 = PLANE ( 'NONE',  #2156 ) ;
#1738 = DIRECTION ( 'NONE',  ( -0.000000000000000000, -1.000000000000000000, -0.000000000000000000 ) ) ;
#1739 = VERTEX_POINT ( 'NONE', #2725 ) ;
#1740 = CARTESIAN_POINT ( 'NONE',  ( 0.000000000000000000, -5.000000000000000000, 0.000000000000000000 ) ) ;
#1741 = CARTESIAN_POINT ( 'NONE',  ( -40.00000000000003553, 51.79999999999999716, 27.58965329530467869 ) ) ;
#1742 = CARTESIAN_POINT ( 'NONE',  ( -32.00000000000002132, 28.00000000000002487, 40.33965329530467159 ) ) ;
#1743 = ORIENTED_EDGE ( 'NONE', *, *, #2141, .F. ) ;
#1744 = DIRECTION ( 'NONE',  ( 0.000000000000000000, 1.000000000000000000, 0.000000000000000000 ) ) ;
#1745 = DIRECTION ( 'NONE',  ( 0.000000000000000000, 0.000000000000000000, -1.000000000000000000 ) ) ;
#1746 = EDGE_CURVE ( 'NONE', #273, #3289, #3481, .T. ) ;
#1747 = FACE_OUTER_BOUND ( 'NONE', #3525, .T. ) ;
#1748 = ORIENTED_EDGE ( 'NONE', *, *, #947, .T. ) ;
#1749 = FACE_OUTER_BOUND ( 'NONE', #4134, .T. ) ;
#1750 = CARTESIAN_POINT ( 'NONE',  ( -6.011766222655308134, 11.44740241390672431, 72.59999999999999432 ) ) ;
#1751 = DIRECTION ( 'NONE',  ( 0.5773502691896199579, 0.5773502691896317263, -0.5773502691896255090 ) ) ;
#1752 = DIRECTION ( 'NONE',  ( 0.7071067811865457964, -0.000000000000000000, -0.7071067811865492381 ) ) ;
#1753 = EDGE_LOOP ( 'NONE', ( #2809, #3496, #1906, #3986 ) ) ;
#1754 = EDGE_LOOP ( 'NONE', ( #3211, #1839, #513, #1905, #1422, #1565 ) ) ;
#1755 = DIRECTION ( 'NONE',  ( 0.5773502691896215122, 0.5773502691896309491, -0.5773502691896248429 ) ) ;
#1756 = EDGE_CURVE ( 'NONE', #128, #32, #4057, .T. ) ;
#1757 = DIRECTION ( 'NONE',  ( 0.000000000000000000, 0.000000000000000000, -1.000000000000000000 ) ) ;
#1758 = CARTESIAN_POINT ( 'NONE',  ( -32.89999999999999858, 9.999999999999742428, 67.59999999999996589 ) ) ;
#1759 = ORIENTED_EDGE ( 'NONE', *, *, #3307, .T. ) ;
#1760 = ORIENTED_EDGE ( 'NONE', *, *, #2509, .F. ) ;
#1761 = CARTESIAN_POINT ( 'NONE',  ( -0.3065717720586789152, -2.000000000000000000, 46.73845012192722947 ) ) ;
#1762 = EDGE_LOOP ( 'NONE', ( #961, #2069 ) ) ;
#1763 = FACE_BOUND ( 'NONE', #4280, .T. ) ;
#1764 = VECTOR ( 'NONE', #1134, 1000.000000000000000 ) ;
#1765 = CARTESIAN_POINT ( 'NONE',  ( -1.737007039926426799, -2.938057931630757125, 49.48186347502606708 ) ) ;
#1766 = CIRCLE ( 'NONE', #1412, 1.750000000000001554 ) ;
#1767 = CARTESIAN_POINT ( 'NONE',  ( -3.382710778154773834E-14, 44.60000000000000142, 21.93965329530470854 ) ) ;
#1768 = EDGE_CURVE ( 'NONE', #967, #936, #3354, .T. ) ;
#1769 = ORIENTED_EDGE ( 'NONE', *, *, #1963, .T. ) ;
#1770 = DIRECTION ( 'NONE',  ( 0.000000000000000000, -1.000000000000000000, 0.000000000000000000 ) ) ;
#1771 = CARTESIAN_POINT ( 'NONE',  ( 0.000000000000000000, 9.999999999999738876, 72.59999999999999432 ) ) ;
#1772 = CARTESIAN_POINT ( 'NONE',  ( 18.16089036255685230, 10.05532118457507629, 72.59999999999999432 ) ) ;
#1773 = EDGE_CURVE ( 'NONE', #470, #962, #707, .T. ) ;
#1774 = VERTEX_POINT ( 'NONE', #96 ) ;
#1775 = AXIS2_PLACEMENT_3D ( 'NONE', #1971, #3983, #4295 ) ;
#1776 = FACE_OUTER_BOUND ( 'NONE', #4236, .T. ) ;
#1777 = CARTESIAN_POINT ( 'NONE',  ( -32.89999999999999858, 25.00000000000000000, 10.83965329530468225 ) ) ;
#1778 = FACE_OUTER_BOUND ( 'NONE', #1662, .T. ) ;
#1779 = VECTOR ( 'NONE', #708, 1000.000000000000000 ) ;
#1780 = ADVANCED_FACE ( 'NONE', ( #2453 ), #355, .T. ) ;
#1781 = AXIS2_PLACEMENT_3D ( 'NONE', #3966, #3887, #2594 ) ;
#1782 = CARTESIAN_POINT ( 'NONE',  ( -1.406685694109034213, -2.535919579254477529, 25.48600942391286850 ) ) ;
#1783 = VECTOR ( 'NONE', #184, 1000.000000000000000 ) ;
#1784 = LINE ( 'NONE', #4105, #2837 ) ;
#1785 = CYLINDRICAL_SURFACE ( 'NONE', #1152, 1.750000000000001554 ) ;
#1786 = AXIS2_PLACEMENT_3D ( 'NONE', #997, #2083, #81 ) ;
#1787 = CARTESIAN_POINT ( 'NONE',  ( 10.40000000000000568, -2.000000000000000000, 7.499999999999996447 ) ) ;
#1788 = ORIENTED_EDGE ( 'NONE', *, *, #1392, .F. ) ;
#1789 = DIRECTION ( 'NONE',  ( -0.000000000000000000, 1.000000000000000000, -0.000000000000000000 ) ) ;
#1790 = CARTESIAN_POINT ( 'NONE',  ( 39.99999999999996447, 19.99999999999998934, 40.33965329530468580 ) ) ;
#1791 = CIRCLE ( 'NONE', #3869, 0.7500000000000024425 ) ;
#1792 = FACE_OUTER_BOUND ( 'NONE', #3994, .T. ) ;
#1793 = ADVANCED_FACE ( 'NONE', ( #1368 ), #2776, .F. ) ;
#1794 = FACE_OUTER_BOUND ( 'NONE', #3019, .T. ) ;
#1795 = CARTESIAN_POINT ( 'NONE',  ( -9.382042460002383066, 11.01473948705839412, 72.59999999999999432 ) ) ;
#1796 = AXIS2_PLACEMENT_3D ( 'NONE', #2721, #417, #1757 ) ;
#1797 = DIRECTION ( 'NONE',  ( 0.000000000000000000, 0.000000000000000000, -1.000000000000000000 ) ) ;
#1798 = CARTESIAN_POINT ( 'NONE',  ( 15.40235305367997576, 10.26105215055175890, 72.60000000000000853 ) ) ;
#1799 = ORIENTED_EDGE ( 'NONE', *, *, #3975, .T. ) ;
#1800 = EDGE_LOOP ( 'NONE', ( #215, #1258, #919, #2024 ) ) ;
#1801 = CARTESIAN_POINT ( 'NONE',  ( -12.36813999130300701, 25.21869873846197407, 61.52287319176178926 ) ) ;
#1802 = ADVANCED_FACE ( 'NONE', ( #398 ), #1313, .F. ) ;
#1803 = VECTOR ( 'NONE', #3826, 1000.000000000000000 ) ;
#1804 = EDGE_LOOP ( 'NONE', ( #4049, #1696, #1865, #2404 ) ) ;
#1805 = ORIENTED_EDGE ( 'NONE', *, *, #2804, .F. ) ;
#1806 = CARTESIAN_POINT ( 'NONE',  ( 50.25000000000007816, -5.000000000000000000, 50.24999999999980105 ) ) ;
#1807 = DIRECTION ( 'NONE',  ( -0.000000000000000000, -1.000000000000000000, -0.000000000000000000 ) ) ;
#1808 = CARTESIAN_POINT ( 'NONE',  ( 44.99999999999998579, -113.4619749036500025, 57.83965329530470711 ) ) ;
#1809 = EDGE_CURVE ( 'NONE', #4188, #976, #3884, .T. ) ;
#1810 = CARTESIAN_POINT ( 'NONE',  ( 39.99999999999996447, 51.79999999999999716, 27.58965329530469290 ) ) ;
#1811 = ORIENTED_EDGE ( 'NONE', *, *, #208, .F. ) ;
#1812 = EDGE_LOOP ( 'NONE', ( #1271, #1151, #3143, #1257 ) ) ;
#1813 = DIRECTION ( 'NONE',  ( -0.000000000000000000, -1.000000000000000000, -0.000000000000000000 ) ) ;
#1814 = ADVANCED_FACE ( 'NONE', ( #1344, #3996 ), #2705, .T. ) ;
#1815 = CARTESIAN_POINT ( 'NONE',  ( -32.89999999999999858, 25.00000000000000000, 10.83965329530468580 ) ) ;
#1816 = ORIENTED_EDGE ( 'NONE', *, *, #3405, .F. ) ;
#1817 = CARTESIAN_POINT ( 'NONE',  ( -4.510465863058028037E-14, -2.000000000000000000, 47.48965329530471990 ) ) ;
#1818 = CARTESIAN_POINT ( 'NONE',  ( 8.400000000000011013, 0.000000000000000000, -12.60000000000000142 ) ) ;
#1819 = DIRECTION ( 'NONE',  ( 0.000000000000000000, 1.000000000000000000, 0.000000000000000000 ) ) ;
#1820 = ADVANCED_FACE ( 'NONE', ( #3016 ), #1698, .T. ) ;
#1821 = CARTESIAN_POINT ( 'NONE',  ( 7.073091261365686222, 11.31840694365835454, 72.60000000000000853 ) ) ;
#1822 = ORIENTED_EDGE ( 'NONE', *, *, #607, .F. ) ;
#1823 = ORIENTED_EDGE ( 'NONE', *, *, #1853, .F. ) ;
#1824 = CARTESIAN_POINT ( 'NONE',  ( -18.32385921316789990, 25.02499721876704086, 58.75818343006069711 ) ) ;
#1825 = DIRECTION ( 'NONE',  ( 0.000000000000000000, -1.000000000000000000, 0.000000000000000000 ) ) ;
#1826 = CIRCLE ( 'NONE', #3831, 0.7500000000000006661 ) ;
#1827 = ORIENTED_EDGE ( 'NONE', *, *, #4296, .T. ) ;
#1828 = EDGE_CURVE ( 'NONE', #4313, #2850, #2328, .T. ) ;
#1829 = ORIENTED_EDGE ( 'NONE', *, *, #3539, .T. ) ;
#1830 = CARTESIAN_POINT ( 'NONE',  ( 27.90000000000000213, 25.00000000000000000, -22.60000000000000142 ) ) ;
#1831 = CARTESIAN_POINT ( 'NONE',  ( -3.604753723755496361E-14, 27.76034670469528010, 12.59999999999999964 ) ) ;
#1832 = B_SPLINE_CURVE_WITH_KNOTS ( 'NONE', 3,
 ( #3335, #3973, #337, #1557 ),
 .UNSPECIFIED., .F., .F.,
 ( 4, 4 ),
 ( 0.000000000000000000, 1.000000000000000000 ),
 .UNSPECIFIED. ) ;
#1833 = CARTESIAN_POINT ( 'NONE',  ( -2.041687604822277624, -5.000000000000000000, 72.59999999999999432 ) ) ;
#1834 = ORIENTED_EDGE ( 'NONE', *, *, #4264, .T. ) ;
#1835 = ORIENTED_EDGE ( 'NONE', *, *, #185, .F. ) ;
#1836 = DIRECTION ( 'NONE',  ( 1.000000000000000000, 0.000000000000000000, 1.661343971998989427E-16 ) ) ;
#1837 = VECTOR ( 'NONE', #3339, 1000.000000000000000 ) ;
#1838 = CARTESIAN_POINT ( 'NONE',  ( -3.700000000000004174, 25.00000000000000000, 9.999999999999976907 ) ) ;
#1839 = ORIENTED_EDGE ( 'NONE', *, *, #4289, .T. ) ;
#1840 = CARTESIAN_POINT ( 'NONE',  ( 22.90000000000000213, 25.00000000000000000, 12.59999999999999609 ) ) ;
#1841 = DIRECTION ( 'NONE',  ( 0.000000000000000000, 1.000000000000000000, 0.000000000000000000 ) ) ;
#1842 = CARTESIAN_POINT ( 'NONE',  ( -4.531897182043106688E-14, -2.000000000000000000, 50.98965329530471990 ) ) ;
#1843 = CARTESIAN_POINT ( 'NONE',  ( 7.546673148586380719, 11.25814405175385602, 72.59999999999998010 ) ) ;
#1844 = EDGE_LOOP ( 'NONE', ( #652, #2566, #2315, #1799, #3144 ) ) ;
#1845 = ORIENTED_EDGE ( 'NONE', *, *, #895, .T. ) ;
#1846 = PRODUCT_DEFINITION ( 'UNKNOWN', '', #4220, #413 ) ;
#1847 = LINE ( 'NONE', #4076, #1572 ) ;
#1848 = LINE ( 'NONE', #1777, #1938 ) ;
#1849 = CIRCLE ( 'NONE', #930, 1.750000000000001554 ) ;
#1850 = EDGE_LOOP ( 'NONE', ( #769, #647, #839, #278, #3911, #609, #2007, #4250, #436, #4242 ) ) ;
#1851 = DIRECTION ( 'NONE',  ( 0.000000000000000000, -1.000000000000000000, 0.000000000000000000 ) ) ;
#1852 = DIRECTION ( 'NONE',  ( 0.7071067811865463515, -0.7071067811865486830, -9.813077866773578460E-17 ) ) ;
#1853 = EDGE_CURVE ( 'NONE', #3691, #1292, #896, .T. ) ;
#1854 = CARTESIAN_POINT ( 'NONE',  ( 39.99999999999996447, -2.000000000000000000, 48.33965329530470711 ) ) ;
#1855 = ADVANCED_FACE ( 'NONE', ( #336, #3698, #2535, #796, #3822, #3865 ), #1126, .T. ) ;
#1856 = CARTESIAN_POINT ( 'NONE',  ( -3.382710778154773834E-14, 44.60000000000000142, 19.83965329530471777 ) ) ;
#1857 = ORIENTED_EDGE ( 'NONE', *, *, #2844, .F. ) ;
#1858 = CARTESIAN_POINT ( 'NONE',  ( -2.081668171172168513E-14, -2.000000000000000000, 24.43965329530471209 ) ) ;
#1859 = VECTOR ( 'NONE', #2362, 1000.000000000000000 ) ;
#1860 = CARTESIAN_POINT ( 'NONE',  ( 13.73609306373291261, 25.17090305076902368, 60.98893183474524449 ) ) ;
#1861 = CARTESIAN_POINT ( 'NONE',  ( -3.382710778154773834E-14, 26.46446609406728712, 36.83965329530472133 ) ) ;
#1862 = ADVANCED_FACE ( 'NONE', ( #1526 ), #1244, .T. ) ;
#1863 = CARTESIAN_POINT ( 'NONE',  ( 1.587712520425381024, 11.78275823869646821, 72.59999999999996589 ) ) ;
#1864 = ORIENTED_EDGE ( 'NONE', *, *, #2301, .F. ) ;
#1865 = ORIENTED_EDGE ( 'NONE', *, *, #117, .F. ) ;
#1866 = AXIS2_PLACEMENT_3D ( 'NONE', #732, #2079, #3407 ) ;
#1867 = FACE_OUTER_BOUND ( 'NONE', #2615, .T. ) ;
#1868 = CARTESIAN_POINT ( 'NONE',  ( -3.069990679530582532E-14, 26.46446609406728712, 62.37518720123736671 ) ) ;
#1869 = CARTESIAN_POINT ( 'NONE',  ( 20.79999999999999361, 25.00000000000000000, 9.999999999999976907 ) ) ;
#1870 = VECTOR ( 'NONE', #2489, 1000.000000000000000 ) ;
#1871 = ORIENTED_EDGE ( 'NONE', *, *, #4191, .F. ) ;
#1872 = CARTESIAN_POINT ( 'NONE',  ( -0.9353166416569694830, -2.207852609371295127, 25.92277242028032802 ) ) ;
#1873 = LINE ( 'NONE', #158, #1535 ) ;
#1874 = DIRECTION ( 'NONE',  ( 0.000000000000000000, 0.000000000000000000, -1.000000000000000000 ) ) ;
#1875 = EDGE_CURVE ( 'NONE', #2800, #976, #685, .T. ) ;
#1876 = EDGE_LOOP ( 'NONE', ( #3476, #3815, #2133, #3054 ) ) ;
#1877 = ORIENTED_EDGE ( 'NONE', *, *, #2004, .F. ) ;
#1878 = DIRECTION ( 'NONE',  ( 0.000000000000000000, 0.000000000000000000, -1.000000000000000000 ) ) ;
#1879 = CARTESIAN_POINT ( 'NONE',  ( 8.400000000000000355, -2.000000000000000000, 31.60037853633287952 ) ) ;
#1880 = EDGE_CURVE ( 'NONE', #3779, #2180, #1457, .T. ) ;
#1881 = CARTESIAN_POINT ( 'NONE',  ( 39.99999999999996447, 19.99999999999998934, 48.33965329530470711 ) ) ;
#1882 = CARTESIAN_POINT ( 'NONE',  ( -32.89999999999999858, 25.00000000000000000, -17.59999999999994102 ) ) ;
#1883 = CARTESIAN_POINT ( 'NONE',  ( -5.071424042534019350, 11.54178675247437802, 72.59999999999999432 ) ) ;
#1884 = EDGE_CURVE ( 'NONE', #241, #1566, #2373, .T. ) ;
#1885 = ORIENTED_EDGE ( 'NONE', *, *, #4239, .F. ) ;
#1886 = CARTESIAN_POINT ( 'NONE',  ( 11.86199791224125910, 25.23585721858158593, 61.70920415782622825 ) ) ;
#1887 = DIRECTION ( 'NONE',  ( 0.000000000000000000, -0.000000000000000000, -1.000000000000000000 ) ) ;
#1888 = ORIENTED_EDGE ( 'NONE', *, *, #1450, .T. ) ;
#1889 = EDGE_CURVE ( 'NONE', #6, #140, #3467, .T. ) ;
#1890 = DIRECTION ( 'NONE',  ( -0.000000000000000000, -1.000000000000000000, -0.000000000000000000 ) ) ;
#1891 = CARTESIAN_POINT ( 'NONE',  ( -40.00000000000003553, 19.99999999999998224, 33.33965329530468580 ) ) ;
#1892 = DIRECTION ( 'NONE',  ( 0.000000000000000000, 0.000000000000000000, 1.000000000000000000 ) ) ;
#1893 = VECTOR ( 'NONE', #1890, 1000.000000000000000 ) ;
#1894 = VERTEX_POINT ( 'NONE', #2213 ) ;
#1895 = ORIENTED_EDGE ( 'NONE', *, *, #3026, .F. ) ;
#1896 = CARTESIAN_POINT ( 'NONE',  ( -3.700000000000004174, -3.000000000000000000, 9.999999999999976907 ) ) ;
#1897 = EDGE_CURVE ( 'NONE', #936, #3773, #3168, .T. ) ;
#1898 = DIRECTION ( 'NONE',  ( -1.000000000000000000, 0.000000000000000000, 1.136281752823236226E-16 ) ) ;
#1899 = FACE_OUTER_BOUND ( 'NONE', #3862, .T. ) ;
#1900 = CARTESIAN_POINT ( 'NONE',  ( 15.27587034072060845, 25.11660352493450077, 60.31022141345115983 ) ) ;
#1901 = VECTOR ( 'NONE', #1263, 1000.000000000000000 ) ;
#1902 = FACE_OUTER_BOUND ( 'NONE', #1543, .T. ) ;
#1903 = EDGE_CURVE ( 'NONE', #1229, #1774, #4018, .T. ) ;
#1904 = CARTESIAN_POINT ( 'NONE',  ( -4.974835527109822131, 11.55130525761324201, 72.59999999999999432 ) ) ;
#1905 = ORIENTED_EDGE ( 'NONE', *, *, #980, .F. ) ;
#1906 = ORIENTED_EDGE ( 'NONE', *, *, #3767, .T. ) ;
#1907 = AXIS2_PLACEMENT_3D ( 'NONE', #2262, #190, #4200 ) ;
#1908 = CARTESIAN_POINT ( 'NONE',  ( 16.59578932015526220, 25.07291142535756379, 59.66431981508161897 ) ) ;
#1909 = CARTESIAN_POINT ( 'NONE',  ( 10.40000000000000568, 0.000000000000000000, 7.499999999999996447 ) ) ;
#1910 = EDGE_CURVE ( 'NONE', #1276, #2096, #1873, .T. ) ;
#1911 = B_SPLINE_CURVE_WITH_KNOTS ( 'NONE', 3,
 ( #2696, #3772, #2875, #3137, #1772, #834, #148, #4182, #1117, #1205, #3115, #2508, #2545, #172, #1798, #3833, #126, #1491, #3793, #811, #2224, #874, #106, #3856, #1536, #2178, #434, #194, #2832, #2856, #1446, #4162, #3456, #3502, #1517, #2158, #2131, #2788, #4093, #478, #1187, #457, #3178, #2464, #1843, #784, #1821, #1467, #2808, #498, #3523, #4117, #4139, #2526, #1139, #2483, #3482, #3158, #1164, #3814, #3199, #853, #2202, #521, #1863, #956, #232, #4249, #4204, #3622, #914, #3918, #3877, #1948, #547, #934, #252, #2565, #1639, #1904, #1883, #2952, #2311, #1309, #1619, #1581, #1265, #3294, #3564, #3277, #2291, #2916, #586, #3257, #897, #625, #3938, #3956, #3219, #2978, #293, #4230, #272, #1245, #3602, #1284, #3237, #4268, #1603, #2264, #3544, #1968, #3581, #2584, #564, #4290, #975, #213, #3896, #2247, #1558, #2624, #606, #2894, #1226, #1926, #2935, #2332, #3410, #362, #3978, #42, #341, #671, #406 ),
 .UNSPECIFIED., .F., .F.,
 ( 4, 1, 1, 1, 1, 1, 2, 2, 1, 1, 1, 1, 1, 2, 2, 1, 1, 1, 1, 1, 1, 1, 2, 2, 1, 2, 2, 1, 1, 1, 1, 1, 1, 1, 2, 2, 1, 1, 1, 1, 1, 2, 2, 1, 1, 1, 1, 2, 2, 2, 2, 1, 1, 1, 1, 2, 2, 1, 1, 1, 1, 1, 2, 2, 1, 1, 1, 1, 1, 1, 1, 2, 2, 1, 1, 1, 1, 2, 2, 1, 1, 1, 1, 1, 1, 1, 2, 2, 1, 1, 1, 1, 1, 2, 2, 1, 1, 1, 1, 1, 2, 2, 4 ),
 ( 0.000000000000000000, 0.03125000000000491968, 0.04687500000000750788, 0.05468750000000879852, 0.05859375000000944383, 0.06054687500000964506, 0.06152343750000974221, 0.06250000000000983935, 0.09375000000001040834, 0.1093750000000106998, 0.1171875000000107137, 0.1210937500000107969, 0.1230468750000108247, 0.1240234375000108386, 0.1250000000000108524, 0.1562500000000116573, 0.1718750000000120182, 0.1796875000000121847, 0.1835937500000122680, 0.1855468750000122402, 0.1865234375000122957, 0.1870117187500122680, 0.1872558593750121847, 0.1875000000000121014, 0.2187500000000205669, 0.2343750000000248412, 0.2500000000000291434, 0.2812500000000377476, 0.2968750000000419664, 0.3046875000000441314, 0.3085937500000452416, 0.3105468750000457967, 0.3115234375000459632, 0.3120117187500461298, 0.3122558593750462408, 0.3125000000000462963, 0.3437500000000479061, 0.3593750000000487388, 0.3671875000000491274, 0.3710937500000492939, 0.3730468750000493494, 0.3740234375000493494, 0.3750000000000492939, 0.4062500000000476841, 0.4218750000000467959, 0.4296875000000464073, 0.4335937500000461853, 0.4355468750000460187, 0.4375000000000459077, 0.4687500000000440203, 0.5000000000000421885, 0.5312500000000404121, 0.5468750000000395239, 0.5546875000000391909, 0.5585937500000389688, 0.5605468750000388578, 0.5625000000000387468, 0.5937500000000366374, 0.6093750000000355271, 0.6171875000000349720, 0.6210937500000347500, 0.6230468750000345279, 0.6240234375000345279, 0.6250000000000344169, 0.6562500000000326406, 0.6718750000000317524, 0.6796875000000313083, 0.6835937500000309752, 0.6855468750000308642, 0.6865234375000307532, 0.6870117187500307532, 0.6872558593750308642, 0.6875000000000308642, 0.7187500000000317524, 0.7343750000000323075, 0.7421875000000325295, 0.7460937500000326406, 0.7480468750000327516, 0.7500000000000327516, 0.7812500000000346390, 0.7968750000000356382, 0.8046875000000360822, 0.8085937500000364153, 0.8105468750000365263, 0.8115234375000366374, 0.8120117187500365263, 0.8122558593750365263, 0.8125000000000364153, 0.8437500000000290878, 0.8593750000000254241, 0.8671875000000235367, 0.8710937500000225375, 0.8730468750000220934, 0.8740234375000217604, 0.8750000000000215383, 0.9062500000000144329, 0.9218750000000108802, 0.9296875000000092149, 0.9335937500000084377, 0.9355468750000081046, 0.9365234375000079936, 0.9375000000000078826, 1.000000000000000000 ),
 .UNSPECIFIED. ) ;
#1912 = ORIENTED_EDGE ( 'NONE', *, *, #3895, .F. ) ;
#1913 = DIRECTION ( 'NONE',  ( -0.000000000000000000, 1.000000000000000000, -0.000000000000000000 ) ) ;
#1914 = DIRECTION ( 'NONE',  ( -0.000000000000000000, -1.000000000000000000, -0.000000000000000000 ) ) ;
#1915 = DIRECTION ( 'NONE',  ( 0.000000000000000000, 0.000000000000000000, 1.000000000000000000 ) ) ;
#1916 = EDGE_CURVE ( 'NONE', #2917, #802, #1038, .T. ) ;
#1917 = ORIENTED_EDGE ( 'NONE', *, *, #333, .F. ) ;
#1918 = LINE ( 'NONE', #637, #3946 ) ;
#1919 = CYLINDRICAL_SURFACE ( 'NONE', #2228, 2.000000000000000000 ) ;
#1920 = VECTOR ( 'NONE', #2407, 1000.000000000000000 ) ;
#1921 = FACE_OUTER_BOUND ( 'NONE', #1690, .T. ) ;
#1922 = VECTOR ( 'NONE', #3710, 1000.000000000000000 ) ;
#1923 = FACE_OUTER_BOUND ( 'NONE', #3320, .T. ) ;
#1924 = CIRCLE ( 'NONE', #2143, 17.00000000000000000 ) ;
#1925 = VECTOR ( 'NONE', #695, 1000.000000000000000 ) ;
#1926 = CARTESIAN_POINT ( 'NONE',  ( -17.10305838553489366, 10.11786879264218975, 72.59999999999999432 ) ) ;
#1927 = ADVANCED_FACE ( 'NONE', ( #2817 ), #3187, .F. ) ;
#1928 = ORIENTED_EDGE ( 'NONE', *, *, #2455, .T. ) ;
#1929 = ORIENTED_EDGE ( 'NONE', *, *, #2787, .F. ) ;
#1930 = CARTESIAN_POINT ( 'NONE',  ( 2.063444878526781601, 25.44713712512310266, 63.78667170980535417 ) ) ;
#1931 = DIRECTION ( 'NONE',  ( -0.000000000000000000, 1.000000000000000000, -0.000000000000000000 ) ) ;
#1932 = CIRCLE ( 'NONE', #108, 1.750000000000001554 ) ;
#1933 = ORIENTED_EDGE ( 'NONE', *, *, #736, .F. ) ;
#1934 = ORIENTED_EDGE ( 'NONE', *, *, #1531, .T. ) ;
#1935 = CARTESIAN_POINT ( 'NONE',  ( 10.40000000000000568, -5.000000000000000000, 7.499999999999996447 ) ) ;
#1936 = EDGE_CURVE ( 'NONE', #1973, #3326, #823, .T. ) ;
#1937 = DIRECTION ( 'NONE',  ( -1.000000000000000000, -0.000000000000000000, -0.000000000000000000 ) ) ;
#1938 = VECTOR ( 'NONE', #110, 1000.000000000000000 ) ;
#1939 = DIRECTION ( 'NONE',  ( 0.000000000000000000, -1.000000000000000000, -0.000000000000000000 ) ) ;
#1940 = ORIENTED_EDGE ( 'NONE', *, *, #622, .T. ) ;
#1941 = VERTEX_POINT ( 'NONE', #3781 ) ;
#1942 = VERTEX_POINT ( 'NONE', #4171 ) ;
#1943 = CARTESIAN_POINT ( 'NONE',  ( -3.174520822299723451E-14, 44.60000000000000142, 53.83965329530472133 ) ) ;
#1944 = DIRECTION ( 'NONE',  ( 0.000000000000000000, 0.000000000000000000, 1.000000000000000000 ) ) ;
#1945 = CARTESIAN_POINT ( 'NONE',  ( -3.700000000000004174, 0.000000000000000000, 9.999999999999976907 ) ) ;
#1946 = CARTESIAN_POINT ( 'NONE',  ( -2.041687604822277624, -2.000000000000000000, 7.499999999999994671 ) ) ;
#1947 = EDGE_CURVE ( 'NONE', #3987, #2484, #2688, .T. ) ;
#1948 = CARTESIAN_POINT ( 'NONE',  ( -2.582194892651892726, 11.73623712490888238, 72.59999999999999432 ) ) ;
#1949 = ORIENTED_EDGE ( 'NONE', *, *, #618, .T. ) ;
#1950 = FACE_OUTER_BOUND ( 'NONE', #4281, .T. ) ;
#1951 = CARTESIAN_POINT ( 'NONE',  ( 32.90000000000000568, -5.000000000000000000, -17.59999999999995524 ) ) ;
#1952 = EDGE_CURVE ( 'NONE', #3889, #950, #1784, .T. ) ;
#1953 = ORIENTED_EDGE ( 'NONE', *, *, #4254, .T. ) ;
#1954 = ORIENTED_EDGE ( 'NONE', *, *, #313, .T. ) ;
#1955 = DIRECTION ( 'NONE',  ( 0.000000000000000000, -1.000000000000000000, 0.000000000000000000 ) ) ;
#1956 = DIRECTION ( 'NONE',  ( -0.000000000000000000, -1.000000000000000000, -0.000000000000000000 ) ) ;
#1957 = DIRECTION ( 'NONE',  ( -0.000000000000000000, -1.000000000000000000, -0.000000000000000000 ) ) ;
#1958 = EDGE_CURVE ( 'NONE', #3804, #511, #2167, .T. ) ;
#1959 = ORIENTED_EDGE ( 'NONE', *, *, #576, .T. ) ;
#1960 = ORIENTED_EDGE ( 'NONE', *, *, #481, .F. ) ;
#1961 = ORIENTED_EDGE ( 'NONE', *, *, #4254, .F. ) ;
#1962 = PLANE ( 'NONE',  #2860 ) ;
#1963 = EDGE_CURVE ( 'NONE', #3366, #3091, #4150, .T. ) ;
#1964 = CARTESIAN_POINT ( 'NONE',  ( 10.40000000000000568, 0.000000000000000000, 7.499999999999996447 ) ) ;
#1965 = PRESENTATION_LAYER_ASSIGNMENT (  '', '', ( #1683 ) ) ;
#1966 = CARTESIAN_POINT ( 'NONE',  ( -8.031357294035675665, 26.46446609406728001, 12.59999999999999964 ) ) ;
#1967 = DIRECTION ( 'NONE',  ( -0.000000000000000000, 1.000000000000000000, -0.000000000000000000 ) ) ;
#1968 = CARTESIAN_POINT ( 'NONE',  ( -12.74224173968916496, 10.56303505947154875, 72.60000000000000853 ) ) ;
#1969 = ORIENTED_EDGE ( 'NONE', *, *, #2104, .F. ) ;
#1970 = CARTESIAN_POINT ( 'NONE',  ( -11.30697920554621128, 25.25480072756606731, 61.91634187491999342 ) ) ;
#1971 = CARTESIAN_POINT ( 'NONE',  ( -2.041687604822277624, -2.000000000000000000, 7.499999999999994671 ) ) ;
#1972 = EDGE_LOOP ( 'NONE', ( #1551, #127, #2813, #1022 ) ) ;
#1973 = VERTEX_POINT ( 'NONE', #531 ) ;
#1974 = LINE ( 'NONE', #1234, #3926 ) ;
#1975 = CARTESIAN_POINT ( 'NONE',  ( 20.79999999999999361, 0.000000000000000000, -10.75000000000002487 ) ) ;
#1976 = CARTESIAN_POINT ( 'NONE',  ( 32.90000000000000568, 25.00000000000000000, 62.83965329530472133 ) ) ;
#1977 = ORIENTED_EDGE ( 'NONE', *, *, #3603, .F. ) ;
#1978 = VERTEX_POINT ( 'NONE', #1831 ) ;
#1979 = AXIS2_PLACEMENT_3D ( 'NONE', #1328, #994, #1262 ) ;
#1980 = PLANE ( 'NONE',  #3070 ) ;
#1981 = EDGE_CURVE ( 'NONE', #1300, #140, #1505, .T. ) ;
#1982 = CARTESIAN_POINT ( 'NONE',  ( 10.40000000000001279, -5.000000000000000000, -22.60000000000000142 ) ) ;
#1983 = CARTESIAN_POINT ( 'NONE',  ( 20.79999999999999361, -2.999999999999999112, 10.74999999999998046 ) ) ;
#1984 = CIRCLE ( 'NONE', #162, 1.750000000000001554 ) ;
#1985 = ORIENTED_EDGE ( 'NONE', *, *, #1159, .F. ) ;
#1986 = VECTOR ( 'NONE', #2418, 1000.000000000000000 ) ;
#1987 = DIRECTION ( 'NONE',  ( 1.000000000000000000, 0.000000000000000000, 0.000000000000000000 ) ) ;
#1988 = CARTESIAN_POINT ( 'NONE',  ( -3.700000000000004174, -3.000000000000000000, 9.999999999999976907 ) ) ;
#1989 = EDGE_CURVE ( 'NONE', #3363, #4175, #2419, .T. ) ;
#1990 = AXIS2_PLACEMENT_3D ( 'NONE', #261, #1296, #2611 ) ;
#1991 = AXIS2_PLACEMENT_3D ( 'NONE', #3104, #2055, #97 ) ;
#1992 = CARTESIAN_POINT ( 'NONE',  ( 32.90000000000000568, -5.000000000000000000, 22.59999999999999432 ) ) ;
#1993 = AXIS2_PLACEMENT_3D ( 'NONE', #1830, #821, #1194 ) ;
#1994 = EDGE_LOOP ( 'NONE', ( #4074, #1871, #2923, #1857 ) ) ;
#1995 = VECTOR ( 'NONE', #1852, 1000.000000000000114 ) ;
#1996 = CARTESIAN_POINT ( 'NONE',  ( -0.9408179539260519419, -2.199758480982836772, 22.94633241972717386 ) ) ;
#1997 = EDGE_CURVE ( 'NONE', #1519, #2662, #541, .T. ) ;
#1998 = DIRECTION ( 'NONE',  ( 0.000000000000000000, 0.000000000000000000, -1.000000000000000000 ) ) ;
#1999 = AXIS2_PLACEMENT_3D ( 'NONE', #828, #452, #4132 ) ;
#2000 = ORIENTED_EDGE ( 'NONE', *, *, #565, .T. ) ;
#2001 = ORIENTED_EDGE ( 'NONE', *, *, #622, .F. ) ;
#2002 = CARTESIAN_POINT ( 'NONE',  ( -11.06662114373851580, 10.78367894289370810, 72.59999999999999432 ) ) ;
#2003 = DIRECTION ( 'NONE',  ( -0.5773502691896236216, 0.5773502691896253980, -0.5773502691896282846 ) ) ;
#2004 = EDGE_CURVE ( 'NONE', #3149, #2586, #1285, .T. ) ;
#2005 = CARTESIAN_POINT ( 'NONE',  ( -2.041687604822277624, -4.000000000000000000, 72.59999999999999432 ) ) ;
#2006 = DIRECTION ( 'NONE',  ( 0.000000000000000000, 0.000000000000000000, 1.000000000000000000 ) ) ;
#2007 = ORIENTED_EDGE ( 'NONE', *, *, #117, .T. ) ;
#2008 = ORIENTED_EDGE ( 'NONE', *, *, #2042, .T. ) ;
#2009 = VERTEX_POINT ( 'NONE', #2941 ) ;
#2010 = CARTESIAN_POINT ( 'NONE',  ( 0.000000000000000000, 25.00000000000000000, 0.000000000000000000 ) ) ;
#2011 = DIRECTION ( 'NONE',  ( -0.000000000000000000, -1.000000000000000000, -0.000000000000000000 ) ) ;
#2012 = EDGE_CURVE ( 'NONE', #3589, #3060, #4278, .T. ) ;
#2013 = DIRECTION ( 'NONE',  ( 0.000000000000000000, 0.000000000000000000, 1.000000000000000000 ) ) ;
#2014 = EDGE_LOOP ( 'NONE', ( #1559, #277, #284, #2323 ) ) ;
#2015 = CARTESIAN_POINT ( 'NONE',  ( -44.99999999999997158, -5.000000000000004441, 57.83965329530472133 ) ) ;
#2016 = LINE ( 'NONE', #251, #1901 ) ;
#2017 = LINE ( 'NONE', #4004, #2290 ) ;
#2018 = EDGE_CURVE ( 'NONE', #3515, #898, #3529, .T. ) ;
#2019 = ORIENTED_EDGE ( 'NONE', *, *, #2092, .F. ) ;
#2020 = CARTESIAN_POINT ( 'NONE',  ( -61.73098745182518599, -1.730987451825219292, 15.83965329530471600 ) ) ;
#2021 = AXIS2_PLACEMENT_3D ( 'NONE', #1033, #2385, #3103 ) ;
#2022 = CARTESIAN_POINT ( 'NONE',  ( -12.40000000000003411, -5.000000000000004441, 38.58965329530470711 ) ) ;
#2023 = EDGE_CURVE ( 'NONE', #4313, #2945, #616, .T. ) ;
#2024 = ORIENTED_EDGE ( 'NONE', *, *, #2711, .F. ) ;
#2025 = ORIENTED_EDGE ( 'NONE', *, *, #728, .T. ) ;
#2026 = CARTESIAN_POINT ( 'NONE',  ( -0.04168760482227765185, -2.000000000000000000, 72.59999999999999432 ) ) ;
#2027 = FACE_OUTER_BOUND ( 'NONE', #943, .T. ) ;
#2028 = CARTESIAN_POINT ( 'NONE',  ( 32.90000000000000568, -5.000000000000000888, 62.83965329530472133 ) ) ;
#2029 = ADVANCED_FACE ( 'NONE', ( #1568 ), #2905, .F. ) ;
#2030 = ORIENTED_EDGE ( 'NONE', *, *, #2572, .T. ) ;
#2031 = ORIENTED_EDGE ( 'NONE', *, *, #940, .F. ) ;
#2032 = CARTESIAN_POINT ( 'NONE',  ( -2.041687604822276736, -3.867551238005143333, 46.52683615330399647 ) ) ;
#2033 = CYLINDRICAL_SURFACE ( 'NONE', #2285, 17.00000000000000000 ) ;
#2034 = CARTESIAN_POINT ( 'NONE',  ( -3.700000000000004174, -3.000000000000000000, -10.00000000000002309 ) ) ;
#2035 = VERTEX_POINT ( 'NONE', #1975 ) ;
#2036 = DIRECTION ( 'NONE',  ( 0.000000000000000000, 1.000000000000000000, 0.000000000000000000 ) ) ;
#2037 = DIRECTION ( 'NONE',  ( 0.7071067811865434649, 0.000000000000000000, -0.7071067811865515695 ) ) ;
#2038 = AXIS2_PLACEMENT_3D ( 'NONE', #983, #1770, #2 ) ;
#2039 = LINE ( 'NONE', #1351, #4002 ) ;
#2040 = ORIENTED_EDGE ( 'NONE', *, *, #1958, .T. ) ;
#2041 = CARTESIAN_POINT ( 'NONE',  ( -45.00000000000002842, -113.4619749036500025, 15.83965329530471600 ) ) ;
#2042 = EDGE_CURVE ( 'NONE', #3149, #614, #2632, .T. ) ;
#2043 = CARTESIAN_POINT ( 'NONE',  ( -40.00000000000003553, -2.000000000000000000, 40.33965329530467159 ) ) ;
#2044 = VERTEX_POINT ( 'NONE', #596 ) ;
#2045 = ORIENTED_EDGE ( 'NONE', *, *, #2864, .T. ) ;
#2046 = VECTOR ( 'NONE', #207, 1000.000000000000000 ) ;
#2047 = DIRECTION ( 'NONE',  ( 0.000000000000000000, 1.000000000000000000, 0.000000000000000000 ) ) ;
#2048 = DIRECTION ( 'NONE',  ( -0.000000000000000000, -1.000000000000000000, -0.000000000000000000 ) ) ;
#2049 = EDGE_CURVE ( 'NONE', #1436, #2148, #3927, .T. ) ;
#2050 = CARTESIAN_POINT ( 'NONE',  ( -1.788281081794818483, -2.991462678241285200, 27.10197274485615182 ) ) ;
#2051 = ORIENTED_EDGE ( 'NONE', *, *, #1884, .F. ) ;
#2052 = VERTEX_POINT ( 'NONE', #945 ) ;
#2053 = DIRECTION ( 'NONE',  ( 0.000000000000000000, 0.000000000000000000, -1.000000000000000000 ) ) ;
#2054 = AXIS2_PLACEMENT_3D ( 'NONE', #518, #1242, #871 ) ;
#2055 = DIRECTION ( 'NONE',  ( 0.000000000000000000, -1.000000000000000000, 0.000000000000000000 ) ) ;
#2056 = CARTESIAN_POINT ( 'NONE',  ( -40.00000000000003553, 19.99999999999998224, 25.33965329530467869 ) ) ;
#2057 = ORIENTED_EDGE ( 'NONE', *, *, #777, .F. ) ;
#2058 = DIRECTION ( 'NONE',  ( 0.000000000000000000, 0.000000000000000000, -1.000000000000000000 ) ) ;
#2059 = CARTESIAN_POINT ( 'NONE',  ( -1.193256692612243652, -2.362152965609658928, 50.52417570017622239 ) ) ;
#2060 = CARTESIAN_POINT ( 'NONE',  ( 39.99999999999996447, -2.000000000000001776, 31.08965329530470356 ) ) ;
#2061 = VERTEX_POINT ( 'NONE', #905 ) ;
#2062 = CARTESIAN_POINT ( 'NONE',  ( -3.700000000000004174, -3.000000000000000000, -10.00000000000002309 ) ) ;
#2063 = AXIS2_PLACEMENT_3D ( 'NONE', #410, #3500, #125 ) ;
#2064 = CARTESIAN_POINT ( 'NONE',  ( -40.00000000000003553, 51.79999999999999716, 25.33965329530467869 ) ) ;
#2065 = EDGE_CURVE ( 'NONE', #2657, #4158, #731, .T. ) ;
#2066 = LINE ( 'NONE', #390, #176 ) ;
#2067 = VECTOR ( 'NONE', #1369, 1000.000000000000000 ) ;
#2068 = ORIENTED_EDGE ( 'NONE', *, *, #3439, .F. ) ;
#2069 = ORIENTED_EDGE ( 'NONE', *, *, #2781, .F. ) ;
#2070 = CARTESIAN_POINT ( 'NONE',  ( 37.89999999999999147, 22.09999999999998721, 15.83965329530470711 ) ) ;
#2071 = CYLINDRICAL_SURFACE ( 'NONE', #49, 4.000000000000003553 ) ;
#2072 = DIRECTION ( 'NONE',  ( 0.000000000000000000, -1.000000000000000000, 0.000000000000000000 ) ) ;
#2073 = AXIS2_PLACEMENT_3D ( 'NONE', #3807, #1485, #2126 ) ;
#2074 = ORIENTED_EDGE ( 'NONE', *, *, #3004, .T. ) ;
#2075 = EDGE_CURVE ( 'NONE', #4095, #3615, #280, .T. ) ;
#2076 = ORIENTED_EDGE ( 'NONE', *, *, #782, .F. ) ;
#2077 = CARTESIAN_POINT ( 'NONE',  ( -3.382710778154773834E-14, 33.53553390593278039, 36.83965329530472133 ) ) ;
#2078 = CARTESIAN_POINT ( 'NONE',  ( -32.89999999999999858, 25.00000000000000000, -17.59999999999995524 ) ) ;
#2079 = DIRECTION ( 'NONE',  ( -0.000000000000000000, -1.000000000000000000, -0.000000000000000000 ) ) ;
#2080 = ORIENTED_EDGE ( 'NONE', *, *, #1379, .F. ) ;
#2081 = PLANE ( 'NONE',  #2612 ) ;
#2082 = CARTESIAN_POINT ( 'NONE',  ( -1.406685694109037765, -2.535919579254480638, 50.28600942391289408 ) ) ;
#2083 = DIRECTION ( 'NONE',  ( 0.000000000000000000, -1.000000000000000000, 0.000000000000000000 ) ) ;
#2084 = EDGE_CURVE ( 'NONE', #2180, #715, #3285, .T. ) ;
#2085 = FACE_BOUND ( 'NONE', #3835, .T. ) ;
#2086 = AXIS2_PLACEMENT_3D ( 'NONE', #389, #4007, #1023 ) ;
#2087 = CARTESIAN_POINT ( 'NONE',  ( -3.700000000000004174, -2.999999999999999112, 9.999999999999976907 ) ) ;
#2088 = LINE ( 'NONE', #433, #3993 ) ;
#2089 = FACE_OUTER_BOUND ( 'NONE', #2165, .T. ) ;
#2090 = ORIENTED_EDGE ( 'NONE', *, *, #2931, .T. ) ;
#2091 = VERTEX_POINT ( 'NONE', #2925 ) ;
#2092 = EDGE_CURVE ( 'NONE', #2164, #4259, #2891, .T. ) ;
#2093 = DIRECTION ( 'NONE',  ( 0.000000000000000000, 0.000000000000000000, 1.000000000000000000 ) ) ;
#2094 = CYLINDRICAL_SURFACE ( 'NONE', #744, 4.000000000000003553 ) ;
#2095 = CARTESIAN_POINT ( 'NONE',  ( -2.041687604822278068, -3.735106930410408754, 27.15247043730543197 ) ) ;
#2096 = VERTEX_POINT ( 'NONE', #3629 ) ;
#2097 = VERTEX_POINT ( 'NONE', #1317 ) ;
#2098 = CARTESIAN_POINT ( 'NONE',  ( -0.5695844538293887149, -2.053451318242248469, 46.72619455038591241 ) ) ;
#2099 = FACE_OUTER_BOUND ( 'NONE', #322, .T. ) ;
#2100 = CARTESIAN_POINT ( 'NONE',  ( 49.99999999999997158, -113.4619749036500025, 15.83965329530470356 ) ) ;
#2101 = VERTEX_POINT ( 'NONE', #1254 ) ;
#2102 = CYLINDRICAL_SURFACE ( 'NONE', #4056, 9.899999999999998579 ) ;
#2103 = CARTESIAN_POINT ( 'NONE',  ( -1.655512744784835011, -2.816730617635071710, 48.66222918481985715 ) ) ;
#2104 = EDGE_CURVE ( 'NONE', #2692, #3239, #1591, .T. ) ;
#2105 = CYLINDRICAL_SURFACE ( 'NONE', #1511, 1.750000000000001554 ) ;
#2106 = EDGE_LOOP ( 'NONE', ( #2430, #1969, #813, #706, #1119, #3015, #882, #425, #525 ) ) ;
#2107 = LINE ( 'NONE', #431, #4193 ) ;
#2108 =( NAMED_UNIT ( * ) PLANE_ANGLE_UNIT ( ) SI_UNIT ( $, .RADIAN. ) );
#2109 = AXIS2_PLACEMENT_3D ( 'NONE', #544, #1841, #519 ) ;
#2110 = PLANE ( 'NONE',  #3588 ) ;
#2111 = EDGE_CURVE ( 'NONE', #2833, #3442, #2288, .T. ) ;
#2112 = DIRECTION ( 'NONE',  ( -0.7071067811865451302, 0.000000000000000000, -0.7071067811865500152 ) ) ;
#2113 = EDGE_LOOP ( 'NONE', ( #907, #201, #2304, #1680 ) ) ;
#2114 = ORIENTED_EDGE ( 'NONE', *, *, #2787, .T. ) ;
#2115 = DIRECTION ( 'NONE',  ( 0.000000000000000000, -1.000000000000000000, 0.000000000000000000 ) ) ;
#2116 = CARTESIAN_POINT ( 'NONE',  ( -22.89999999999999503, 25.00000000000000000, -12.59999999999999609 ) ) ;
#2117 = ORIENTED_EDGE ( 'NONE', *, *, #503, .T. ) ;
#2118 = VERTEX_POINT ( 'NONE', #1235 ) ;
#2119 = CARTESIAN_POINT ( 'NONE',  ( -3.700000000000004174, 25.00000000000000000, 10.74999999999997868 ) ) ;
#2120 = CARTESIAN_POINT ( 'NONE',  ( -45.00000000000002842, -113.4619749036500025, 15.83965329530471600 ) ) ;
#2121 = CARTESIAN_POINT ( 'NONE',  ( 8.031357294035709415, 26.46446609406733330, 12.59999999999999787 ) ) ;
#2122 = CARTESIAN_POINT ( 'NONE',  ( -3.174520822299723451E-14, 37.07106781186549682, 53.83965329530472133 ) ) ;
#2123 = EDGE_CURVE ( 'NONE', #2484, #3987, #380, .T. ) ;
#2124 = FACE_BOUND ( 'NONE', #1037, .T. ) ;
#2125 = CARTESIAN_POINT ( 'NONE',  ( -0.1624880213413575358, -2.000000000000004885, 47.49302835872033057 ) ) ;
#2126 = DIRECTION ( 'NONE',  ( 0.000000000000000000, 0.000000000000000000, -1.000000000000000000 ) ) ;
#2127 = EDGE_CURVE ( 'NONE', #578, #3632, #699, .T. ) ;
#2128 = DIRECTION ( 'NONE',  ( -0.000000000000000000, -1.000000000000000000, -0.000000000000000000 ) ) ;
#2129 = CARTESIAN_POINT ( 'NONE',  ( -3.480788357406767286, 11.68578737899565034, 72.59999999999999432 ) ) ;
#2130 = CARTESIAN_POINT ( 'NONE',  ( -3.382710778154773834E-14, 33.53553390593278039, 36.83965329530472133 ) ) ;
#2131 = CARTESIAN_POINT ( 'NONE',  ( 8.782936681646271282, 11.09589557476718724, 72.59999999999999432 ) ) ;
#2132 = ORIENTED_EDGE ( 'NONE', *, *, #2739, .F. ) ;
#2133 = ORIENTED_EDGE ( 'NONE', *, *, #1012, .T. ) ;
#2134 = DIRECTION ( 'NONE',  ( -0.000000000000000000, -0.000000000000000000, 1.000000000000000000 ) ) ;
#2135 = DIRECTION ( 'NONE',  ( 0.000000000000000000, 0.000000000000000000, 1.000000000000000000 ) ) ;
#2136 = AXIS2_PLACEMENT_3D ( 'NONE', #2166, #3511, #486 ) ;
#2137 = DIRECTION ( 'NONE',  ( -0.000000000000000000, -1.000000000000000000, -0.000000000000000000 ) ) ;
#2138 = CIRCLE ( 'NONE', #1288, 1.750000000000001554 ) ;
#2139 = EDGE_LOOP ( 'NONE', ( #598, #1198, #1583, #1929 ) ) ;
#2140 = VECTOR ( 'NONE', #345, 1000.000000000000000 ) ;
#2141 = EDGE_CURVE ( 'NONE', #3537, #1300, #1333, .T. ) ;
#2142 = CARTESIAN_POINT ( 'NONE',  ( -40.00000000000003553, 19.99999999999998224, 33.33965329530468580 ) ) ;
#2143 = AXIS2_PLACEMENT_3D ( 'NONE', #634, #3248, #1915 ) ;
#2144 = DIRECTION ( 'NONE',  ( 0.000000000000000000, 0.000000000000000000, -1.000000000000000000 ) ) ;
#2145 = DIRECTION ( 'NONE',  ( -0.000000000000000000, -1.000000000000000000, -0.000000000000000000 ) ) ;
#2146 = FACE_OUTER_BOUND ( 'NONE', #1448, .T. ) ;
#2147 = VECTOR ( 'NONE', #3992, 1000.000000000000000 ) ;
#2148 = VERTEX_POINT ( 'NONE', #3365 ) ;
#2149 = ORIENTED_EDGE ( 'NONE', *, *, #1172, .T. ) ;
#2150 = DIRECTION ( 'NONE',  ( 1.000000000000000000, 0.000000000000000000, 0.000000000000000000 ) ) ;
#2151 = ADVANCED_FACE ( 'NONE', ( #2089 ), #4028, .F. ) ;
#2152 = CARTESIAN_POINT ( 'NONE',  ( 39.99999999999996447, -5.000000000000000000, 31.08965329530470356 ) ) ;
#2153 = ORIENTED_EDGE ( 'NONE', *, *, #3064, .T. ) ;
#2154 = CARTESIAN_POINT ( 'NONE',  ( 10.40000000000000568, 0.000000000000000000, 7.499999999999996447 ) ) ;
#2155 = CARTESIAN_POINT ( 'NONE',  ( -10.44405183789039526, 25.28267487020798043, 62.20266621933709672 ) ) ;
#2156 = AXIS2_PLACEMENT_3D ( 'NONE', #3990, #1029, #350 ) ;
#2157 = DIRECTION ( 'NONE',  ( 0.000000000000000000, 1.000000000000000000, 0.000000000000000000 ) ) ;
#2158 = CARTESIAN_POINT ( 'NONE',  ( 9.527542318326188919, 10.99479988367620109, 72.60000000000002274 ) ) ;
#2159 = VERTEX_POINT ( 'NONE', #2043 ) ;
#2160 = VERTEX_POINT ( 'NONE', #2022 ) ;
#2161 = CARTESIAN_POINT ( 'NONE',  ( -3.200238405081818211E-14, 51.79999999999999716, 51.73965329530471990 ) ) ;
#2162 = DIRECTION ( 'NONE',  ( 0.000000000000000000, 0.000000000000000000, -1.000000000000000000 ) ) ;
#2163 = ADVANCED_FACE ( 'NONE', ( #4072 ), #1430, .F. ) ;
#2164 = VERTEX_POINT ( 'NONE', #3346 ) ;
#2165 = EDGE_LOOP ( 'NONE', ( #1695, #3839, #500, #3724 ) ) ;
#2166 = CARTESIAN_POINT ( 'NONE',  ( 32.90000000000000568, 25.00000000000000000, 10.83965329530465915 ) ) ;
#2167 = LINE ( 'NONE', #134, #935 ) ;
#2168 = CARTESIAN_POINT ( 'NONE',  ( -40.00000000000003553, 51.79999999999999716, 48.33965329530469290 ) ) ;
#2169 = ADVANCED_FACE ( 'NONE', ( #2377 ), #4315, .F. ) ;
#2170 = ORIENTED_EDGE ( 'NONE', *, *, #1114, .T. ) ;
#2171 = ORIENTED_EDGE ( 'NONE', *, *, #2423, .F. ) ;
#2172 = LINE ( 'NONE', #3493, #1104 ) ;
#2173 = CARTESIAN_POINT ( 'NONE',  ( -0.04168760482227765185, -2.000000000000000000, 26.18915669444522010 ) ) ;
#2174 = ORIENTED_EDGE ( 'NONE', *, *, #1264, .T. ) ;
#2175 = FACE_OUTER_BOUND ( 'NONE', #3530, .T. ) ;
#2176 = CARTESIAN_POINT ( 'NONE',  ( 11.19578719232119290, 25.25841924134222438, 61.95380233877150999 ) ) ;
#2177 = DIRECTION ( 'NONE',  ( -0.000000000000000000, -1.000000000000000000, -0.000000000000000000 ) ) ;
#2178 = CARTESIAN_POINT ( 'NONE',  ( 12.69936424257300800, 10.56847887582629220, 72.59999999999999432 ) ) ;
#2179 = ORIENTED_EDGE ( 'NONE', *, *, #3179, .T. ) ;
#2180 = VERTEX_POINT ( 'NONE', #3752 ) ;
#2181 = EDGE_CURVE ( 'NONE', #767, #2676, #3052, .T. ) ;
#2182 = CARTESIAN_POINT ( 'NONE',  ( 49.99999999999997158, -113.4619749036500025, 57.83965329530470711 ) ) ;
#2183 = LINE ( 'NONE', #3440, #2919 ) ;
#2184 = VECTOR ( 'NONE', #203, 1000.000000000000000 ) ;
#2185 = EDGE_LOOP ( 'NONE', ( #2031, #1805, #1014, #3688 ) ) ;
#2186 = ORIENTED_EDGE ( 'NONE', *, *, #812, .F. ) ;
#2187 = CARTESIAN_POINT ( 'NONE',  ( -48.00000000000004974, 11.99999999999994671, 33.33965329530468580 ) ) ;
#2188 = ADVANCED_FACE ( 'NONE', ( #367 ), #1068, .F. ) ;
#2189 = DIRECTION ( 'NONE',  ( -1.000000000000000000, 0.000000000000000000, 0.000000000000000000 ) ) ;
#2190 = CARTESIAN_POINT ( 'NONE',  ( 39.99999999999996447, -2.000000000000000000, 33.33965329530470001 ) ) ;
#2191 = EDGE_LOOP ( 'NONE', ( #3258, #990, #2514, #1056 ) ) ;
#2192 = ORIENTED_EDGE ( 'NONE', *, *, #768, .T. ) ;
#2193 = CARTESIAN_POINT ( 'NONE',  ( -3.700000000000004174, -3.000000000000000000, -10.00000000000002309 ) ) ;
#2194 = EDGE_CURVE ( 'NONE', #686, #470, #412, .T. ) ;
#2195 = CIRCLE ( 'NONE', #12, 1.750000000000005107 ) ;
#2196 = CARTESIAN_POINT ( 'NONE',  ( -3.700000000000004174, -3.000000000000000000, 9.999999999999976907 ) ) ;
#2197 = CLOSED_SHELL ( 'NONE', ( #3514, #2169, #1067, #2903, #138, #1499, #3163, #405, #3806, #3196, #1623, #450, #4101, #171, #3901, #522, #3509, #1723, #3674, #3611, #3551, #2777, #4307, #2502, #1279, #3836, #3220, #72, #838, #2188, #3935, #1636, #1120, #2969, #3494, #3661, #2583, #754, #1855, #268, #1793, #1197, #3011, #2590, #2488, #2824, #2927, #1820, #4008, #30, #2690, #2911, #218, #3997, #487, #2151, #4152, #1678, #2763, #92, #1569, #1305, #4245, #3341, #3319, #1093, #17, #1814, #3813, #2329, #538, #1706, #2450, #2374, #1780, #805, #2874, #2884, #3447, #694, #442, #3400, #1862, #1802, #2163, #2316, #830, #1132, #3501, #1180, #911, #920, #3457, #933, #4088, #3452, #2720, #2029, #3535, #3375, #545, #1691, #3092, #601, #366, #2408, #263, #3340, #4130, #613, #4168, #438, #1641, #639, #1664, #2947, #292, #1927 ) ) ;
#2198 = ORIENTED_EDGE ( 'NONE', *, *, #2522, .F. ) ;
#2199 = DIRECTION ( 'NONE',  ( -0.000000000000000000, -1.000000000000000000, -0.000000000000000000 ) ) ;
#2200 = CARTESIAN_POINT ( 'NONE',  ( 12.92084464954645995, 25.20006234342589124, 61.32177276981359881 ) ) ;
#2201 = CARTESIAN_POINT ( 'NONE',  ( -40.00000000000003553, -5.000000000000000000, 31.08965329530468935 ) ) ;
#2202 = CARTESIAN_POINT ( 'NONE',  ( 2.470595392178755123, 11.74225942662046940, 72.60000000000000853 ) ) ;
#2203 = VERTEX_POINT ( 'NONE', #85 ) ;
#2204 = EDGE_LOOP ( 'NONE', ( #1933, #1310, #1632, #1011 ) ) ;
#2205 = CARTESIAN_POINT ( 'NONE',  ( -19.22411404821254166, 25.00699026554601900, 58.25857107061516160 ) ) ;
#2206 = DIRECTION ( 'NONE',  ( 0.000000000000000000, 0.000000000000000000, -1.000000000000000000 ) ) ;
#2207 = EDGE_CURVE ( 'NONE', #2061, #981, #2691, .T. ) ;
#2208 = EDGE_LOOP ( 'NONE', ( #2019, #1401 ) ) ;
#2209 = VERTEX_POINT ( 'NONE', #762 ) ;
#2210 = CARTESIAN_POINT ( 'NONE',  ( -1.690063008456170524, -2.866559453562298021, 24.90821092821938620 ) ) ;
#2211 = AXIS2_PLACEMENT_3D ( 'NONE', #2236, #3303, #303 ) ;
#2212 = AXIS2_PLACEMENT_3D ( 'NONE', #878, #3279, #275 ) ;
#2213 = CARTESIAN_POINT ( 'NONE',  ( 0.4000000000000131783, 0.000000000000000000, -22.60000000000000142 ) ) ;
#2214 = DIRECTION ( 'NONE',  ( 0.7071067811865455743, -0.000000000000000000, 0.7071067811865493491 ) ) ;
#2215 = EDGE_CURVE ( 'NONE', #3238, #128, #1419, .T. ) ;
#2216 = VECTOR ( 'NONE', #1956, 1000.000000000000000 ) ;
#2217 = VERTEX_POINT ( 'NONE', #2395 ) ;
#2218 = DIRECTION ( 'NONE',  ( -0.7071067811865493491, -0.000000000000000000, -0.7071067811865455743 ) ) ;
#2219 = AXIS2_PLACEMENT_3D ( 'NONE', #2660, #1414, #3318 ) ;
#2220 = CARTESIAN_POINT ( 'NONE',  ( 9.835714569124077045, -2.606898242714272396, 37.98917977058283668 ) ) ;
#2221 = FACE_OUTER_BOUND ( 'NONE', #253, .T. ) ;
#2222 = CARTESIAN_POINT ( 'NONE',  ( 5.311611059487499453, 25.40820027415416149, 63.42624112109009360 ) ) ;
#2223 = DIRECTION ( 'NONE',  ( 0.000000000000000000, 0.000000000000000000, -1.000000000000000000 ) ) ;
#2224 = CARTESIAN_POINT ( 'NONE',  ( 14.21618093033493935, 10.38426192088478572, 72.60000000000000853 ) ) ;
#2225 = EDGE_CURVE ( 'NONE', #936, #2257, #3984, .T. ) ;
#2226 = ORIENTED_EDGE ( 'NONE', *, *, #4075, .F. ) ;
#2227 = ORIENTED_EDGE ( 'NONE', *, *, #3369, .T. ) ;
#2228 = AXIS2_PLACEMENT_3D ( 'NONE', #3618, #3914, #1221 ) ;
#2229 = CARTESIAN_POINT ( 'NONE',  ( -6.591921066925414685, 25.38235174872260203, 63.18081011709264772 ) ) ;
#2230 = LINE ( 'NONE', #591, #2440 ) ;
#2231 = CIRCLE ( 'NONE', #602, 9.899999999999998579 ) ;
#2232 = EDGE_CURVE ( 'NONE', #1105, #1739, #22, .T. ) ;
#2233 = EDGE_LOOP ( 'NONE', ( #517, #1048, #1343, #4142 ) ) ;
#2234 = DIRECTION ( 'NONE',  ( 0.000000000000000000, 0.000000000000000000, -1.000000000000000000 ) ) ;
#2235 = VECTOR ( 'NONE', #3024, 1000.000000000000000 ) ;
#2236 = CARTESIAN_POINT ( 'NONE',  ( 20.79999999999999361, -3.000000000000000000, -10.00000000000002309 ) ) ;
#2237 = CARTESIAN_POINT ( 'NONE',  ( 8.400000000000012790, -2.000000000000000000, -22.60000000000000142 ) ) ;
#2238 = AXIS2_PLACEMENT_3D ( 'NONE', #1324, #3932, #3633 ) ;
#2239 = ORIENTED_EDGE ( 'NONE', *, *, #462, .F. ) ;
#2240 = CYLINDRICAL_SURFACE ( 'NONE', #1240, 3.000000000000000888 ) ;
#2241 = EDGE_CURVE ( 'NONE', #612, #309, #2066, .T. ) ;
#2242 = AXIS2_PLACEMENT_3D ( 'NONE', #2077, #4083, #1432 ) ;
#2243 = LINE ( 'NONE', #1964, #46 ) ;
#2244 = FACE_OUTER_BOUND ( 'NONE', #588, .T. ) ;
#2245 = LINE ( 'NONE', #2914, #210 ) ;
#2246 = CARTESIAN_POINT ( 'NONE',  ( 20.79999999999999361, -3.000000000000000000, -10.00000000000002309 ) ) ;
#2247 = CARTESIAN_POINT ( 'NONE',  ( -15.19711219655028600, 10.28132885501290161, 72.59999999999999432 ) ) ;
#2248 = ORIENTED_EDGE ( 'NONE', *, *, #1138, .F. ) ;
#2249 = EDGE_LOOP ( 'NONE', ( #3995, #1845, #4147, #3029 ) ) ;
#2250 = CARTESIAN_POINT ( 'NONE',  ( 6.113809999591931721, 25.39199074470788986, 63.27233552071138689 ) ) ;
#2251 = EDGE_CURVE ( 'NONE', #2203, #2521, #2738, .T. ) ;
#2252 = CYLINDRICAL_SURFACE ( 'NONE', #822, 2.000000000000000000 ) ;
#2253 = EDGE_LOOP ( 'NONE', ( #2608, #672 ) ) ;
#2254 = DIRECTION ( 'NONE',  ( 0.000000000000000000, 0.000000000000000000, -1.000000000000000000 ) ) ;
#2255 = CARTESIAN_POINT ( 'NONE',  ( -3.382710778154773834E-14, 44.60000000000000142, 36.83965329530472133 ) ) ;
#2256 = CARTESIAN_POINT ( 'NONE',  ( -1.639358640597159189, -2.769126775802464024, 27.07455868271173216 ) ) ;
#2257 = VERTEX_POINT ( 'NONE', #1399 ) ;
#2258 = ORIENTED_EDGE ( 'NONE', *, *, #3762, .F. ) ;
#2259 = FACE_BOUND ( 'NONE', #294, .T. ) ;
#2260 = EDGE_CURVE ( 'NONE', #2164, #2159, #2444, .T. ) ;
#2261 = CARTESIAN_POINT ( 'NONE',  ( 8.648719548630225518, -2.000000000000000888, 31.99914445425239151 ) ) ;
#2262 = CARTESIAN_POINT ( 'NONE',  ( -3.382710778154773834E-14, 35.00000000000002842, 36.83965329530472133 ) ) ;
#2263 = VECTOR ( 'NONE', #3786, 1000.000000000000000 ) ;
#2264 = CARTESIAN_POINT ( 'NONE',  ( -12.71882389264029101, 10.56600772051444537, 72.59999999999999432 ) ) ;
#2265 = EDGE_CURVE ( 'NONE', #1739, #3665, #1911, .T. ) ;
#2266 = ORIENTED_EDGE ( 'NONE', *, *, #1828, .T. ) ;
#2267 = ORIENTED_EDGE ( 'NONE', *, *, #2455, .F. ) ;
#2268 = VECTOR ( 'NONE', #584, 1000.000000000000114 ) ;
#2269 = CARTESIAN_POINT ( 'NONE',  ( -6.621391612616974953, 25.38173609004146414, 63.17494489983329942 ) ) ;
#2270 = CYLINDRICAL_SURFACE ( 'NONE', #3406, 1.750000000000001554 ) ;
#2271 = CIRCLE ( 'NONE', #2826, 1.750000000000001554 ) ;
#2272 = VERTEX_POINT ( 'NONE', #3021 ) ;
#2273 = DIRECTION ( 'NONE',  ( -0.000000000000000000, -0.000000000000000000, 1.000000000000000000 ) ) ;
#2274 = CARTESIAN_POINT ( 'NONE',  ( -40.00000000000003553, 19.99999999999998224, 25.33965329530467869 ) ) ;
#2275 = VECTOR ( 'NONE', #52, 1000.000000000000000 ) ;
#2276 = CARTESIAN_POINT ( 'NONE',  ( 20.79999999999999361, -3.000000000000000000, 9.999999999999976907 ) ) ;
#2277 = EDGE_CURVE ( 'NONE', #2846, #2533, #594, .T. ) ;
#2278 = ORIENTED_EDGE ( 'NONE', *, *, #3539, .F. ) ;
#2279 = ORIENTED_EDGE ( 'NONE', *, *, #2819, .F. ) ;
#2280 = EDGE_LOOP ( 'NONE', ( #3264, #2344 ) ) ;
#2281 = AXIS2_PLACEMENT_3D ( 'NONE', #3771, #2177, #497 ) ;
#2282 = FACE_OUTER_BOUND ( 'NONE', #759, .T. ) ;
#2283 = VECTOR ( 'NONE', #3209, 1000.000000000000000 ) ;
#2284 = CARTESIAN_POINT ( 'NONE',  ( 8.031357294035709415, 26.46446609406733330, 12.59999999999999787 ) ) ;
#2285 = AXIS2_PLACEMENT_3D ( 'NONE', #3742, #3377, #4017 ) ;
#2286 = EDGE_CURVE ( 'NONE', #3808, #549, #2039, .T. ) ;
#2287 = DIRECTION ( 'NONE',  ( -0.000000000000000000, 1.000000000000000000, -0.000000000000000000 ) ) ;
#2288 = CIRCLE ( 'NONE', #1781, 0.7500000000000006661 ) ;
#2289 = LINE ( 'NONE', #913, #2815 ) ;
#2290 = VECTOR ( 'NONE', #4043, 1000.000000000000114 ) ;
#2291 = CARTESIAN_POINT ( 'NONE',  ( -7.646156108337391899, 11.24544623344081629, 72.60000000000000853 ) ) ;
#2292 = VECTOR ( 'NONE', #1385, 1000.000000000000000 ) ;
#2293 = VERTEX_POINT ( 'NONE', #2372 ) ;
#2294 = CARTESIAN_POINT ( 'NONE',  ( -0.4034283237048085780, 25.45197492722742183, 63.83173726142884874 ) ) ;
#2295 = DIRECTION ( 'NONE',  ( -2.305280366746587933E-16, 0.000000000000000000, 1.000000000000000000 ) ) ;
#2296 = EDGE_CURVE ( 'NONE', #686, #2091, #1729, .T. ) ;
#2297 = VECTOR ( 'NONE', #3777, 1000.000000000000114 ) ;
#2298 = VERTEX_POINT ( 'NONE', #1376 ) ;
#2299 = DIRECTION ( 'NONE',  ( -1.000000000000000000, 0.000000000000000000, -1.001572445714092078E-16 ) ) ;
#2300 = DIRECTION ( 'NONE',  ( 0.000000000000000000, 0.000000000000000000, 1.000000000000000000 ) ) ;
#2301 = EDGE_CURVE ( 'NONE', #2783, #3347, #2695, .T. ) ;
#2302 = AXIS2_PLACEMENT_3D ( 'NONE', #3425, #1084, #2456 ) ;
#2303 = FACE_OUTER_BOUND ( 'NONE', #3117, .T. ) ;
#2304 = ORIENTED_EDGE ( 'NONE', *, *, #1875, .T. ) ;
#2305 = VERTEX_POINT ( 'NONE', #1708 ) ;
#2306 = FACE_OUTER_BOUND ( 'NONE', #2989, .T. ) ;
#2307 = EDGE_CURVE ( 'NONE', #2148, #1004, #3703, .T. ) ;
#2308 = CARTESIAN_POINT ( 'NONE',  ( 20.79999999999999361, 25.00000000000000000, 9.249999999999975131 ) ) ;
#2309 = FACE_OUTER_BOUND ( 'NONE', #1481, .T. ) ;
#2310 = LINE ( 'NONE', #271, #2885 ) ;
#2311 = CARTESIAN_POINT ( 'NONE',  ( -5.140594284196504660, 11.53489629543870265, 72.59999999999999432 ) ) ;
#2312 = EDGE_LOOP ( 'NONE', ( #3282, #167, #820, #2198, #4096 ) ) ;
#2313 = PLANE ( 'NONE',  #2212 ) ;
#2314 = FACE_OUTER_BOUND ( 'NONE', #2233, .T. ) ;
#2315 = ORIENTED_EDGE ( 'NONE', *, *, #1952, .T. ) ;
#2316 = ADVANCED_FACE ( 'NONE', ( #320, #1041, #1747 ), #714, .T. ) ;
#2317 = ORIENTED_EDGE ( 'NONE', *, *, #2277, .T. ) ;
#2318 = CARTESIAN_POINT ( 'NONE',  ( -3.113288482342356508E-14, 33.53553390593278039, 55.30411938937195515 ) ) ;
#2319 = CARTESIAN_POINT ( 'NONE',  ( -48.00000000000004974, 11.99999999999994493, 48.33965329530470711 ) ) ;
#2320 = CARTESIAN_POINT ( 'NONE',  ( -0.1741339534265506639, -2.000000000000000444, 26.94029878540997558 ) ) ;
#2321 = VERTEX_POINT ( 'NONE', #2060 ) ;
#2322 = EDGE_CURVE ( 'NONE', #2180, #1666, #2391, .T. ) ;
#2323 = ORIENTED_EDGE ( 'NONE', *, *, #1981, .T. ) ;
#2324 = ORIENTED_EDGE ( 'NONE', *, *, #3192, .F. ) ;
#2325 = DIRECTION ( 'NONE',  ( 0.000000000000000000, -0.000000000000000000, -1.000000000000000000 ) ) ;
#2326 = LINE ( 'NONE', #3634, #3306 ) ;
#2327 = CARTESIAN_POINT ( 'NONE',  ( 10.40000000000000568, 0.000000000000000000, 5.499999999999998224 ) ) ;
#2328 = B_SPLINE_CURVE_WITH_KNOTS ( 'NONE', 3,
 ( #10, #2032, #3721, #76, #58, #3741, #3679, #752, #3038, #378, #1721, #2098, #1761, #771 ),
 .UNSPECIFIED., .F., .F.,
 ( 4, 2, 2, 2, 2, 2, 4 ),
 ( 0.000000000000000000, 0.0003916224369121438327, 0.0007832448738242876653, 0.001174867310736431390, 0.001566489747648575331, 0.002349734621472861912, 0.003132979495297148493 ),
 .UNSPECIFIED. ) ;
#2329 = ADVANCED_FACE ( 'NONE', ( #646 ), #3663, .F. ) ;
#2330 = DIRECTION ( 'NONE',  ( 0.000000000000000000, -1.000000000000000000, 0.000000000000000000 ) ) ;
#2331 = DIRECTION ( 'NONE',  ( 0.000000000000000000, 0.000000000000000000, -1.000000000000000000 ) ) ;
#2332 = CARTESIAN_POINT ( 'NONE',  ( -17.63736305666003190, 10.08398245064848453, 72.60000000000000853 ) ) ;
#2333 = ORIENTED_EDGE ( 'NONE', *, *, #1522, .T. ) ;
#2334 = CARTESIAN_POINT ( 'NONE',  ( -0.2842326993047392114, -2.011281691037706931, 22.70880544209200380 ) ) ;
#2335 = CARTESIAN_POINT ( 'NONE',  ( 22.90000000000000213, 25.00000000000000000, -12.60000000000000320 ) ) ;
#2336 = ORIENTED_EDGE ( 'NONE', *, *, #902, .T. ) ;
#2337 = VERTEX_POINT ( 'NONE', #738 ) ;
#2338 = FACE_OUTER_BOUND ( 'NONE', #840, .T. ) ;
#2339 = EDGE_CURVE ( 'NONE', #1560, #4231, #65, .T. ) ;
#2340 = LINE ( 'NONE', #71, #3853 ) ;
#2341 = DIRECTION ( 'NONE',  ( 0.000000000000000000, -1.000000000000000000, 0.000000000000000000 ) ) ;
#2342 = DIRECTION ( 'NONE',  ( 0.000000000000000000, 0.000000000000000000, -1.000000000000000000 ) ) ;
#2343 = EDGE_LOOP ( 'NONE', ( #577, #1735, #3931, #300 ) ) ;
#2344 = ORIENTED_EDGE ( 'NONE', *, *, #1492, .F. ) ;
#2345 = ORIENTED_EDGE ( 'NONE', *, *, #462, .T. ) ;
#2346 = CARTESIAN_POINT ( 'NONE',  ( -3.382710778154773834E-14, 44.60000000000000142, 36.83965329530472133 ) ) ;
#2347 = LINE ( 'NONE', #1390, #3601 ) ;
#2348 = ORIENTED_EDGE ( 'NONE', *, *, #974, .T. ) ;
#2349 = DIRECTION ( 'NONE',  ( 0.000000000000000000, 0.000000000000000000, 1.000000000000000000 ) ) ;
#2350 = DIRECTION ( 'NONE',  ( 0.000000000000000000, -1.000000000000000000, 0.000000000000000000 ) ) ;
#2351 = VECTOR ( 'NONE', #1458, 1000.000000000000000 ) ;
#2352 = DIRECTION ( 'NONE',  ( 0.000000000000000000, 0.000000000000000000, -1.000000000000000000 ) ) ;
#2353 = ORIENTED_EDGE ( 'NONE', *, *, #3004, .F. ) ;
#2354 = CARTESIAN_POINT ( 'NONE',  ( 39.99999999999996447, 19.99999999999998934, 25.33965329530469290 ) ) ;
#2355 = VECTOR ( 'NONE', #1357, 1000.000000000000000 ) ;
#2356 = EDGE_CURVE ( 'NONE', #32, #2096, #2017, .T. ) ;
#2357 = CARTESIAN_POINT ( 'NONE',  ( 39.99999999999996447, 51.79999999999999716, 29.33965329530469646 ) ) ;
#2358 = ORIENTED_EDGE ( 'NONE', *, *, #2251, .T. ) ;
#2359 =( LENGTH_UNIT ( ) NAMED_UNIT ( * ) SI_UNIT ( .MILLI., .METRE. ) );
#2360 = DIRECTION ( 'NONE',  ( 0.000000000000000000, 0.000000000000000000, -1.000000000000000000 ) ) ;
#2361 = CARTESIAN_POINT ( 'NONE',  ( 20.79999999999999361, 25.00000000000000000, -10.75000000000002487 ) ) ;
#2362 = DIRECTION ( 'NONE',  ( 0.000000000000000000, 1.000000000000000000, 0.000000000000000000 ) ) ;
#2363 = EDGE_CURVE ( 'NONE', #3692, #629, #2733, .T. ) ;
#2364 = ORIENTED_EDGE ( 'NONE', *, *, #2012, .T. ) ;
#2365 = ORIENTED_EDGE ( 'NONE', *, *, #1335, .F. ) ;
#2366 = AXIS2_PLACEMENT_3D ( 'NONE', #2448, #1169, #2135 ) ;
#2367 = DIRECTION ( 'NONE',  ( 0.000000000000000000, 1.000000000000000000, 0.000000000000000000 ) ) ;
#2368 = CARTESIAN_POINT ( 'NONE',  ( 20.79999999999999361, -2.999999999999999112, 9.999999999999976907 ) ) ;
#2369 = EDGE_CURVE ( 'NONE', #3288, #2257, #2689, .T. ) ;
#2370 = DIRECTION ( 'NONE',  ( 1.000000000000000000, 0.000000000000000000, 4.336808689942017736E-16 ) ) ;
#2371 = CARTESIAN_POINT ( 'NONE',  ( -0.5156194873771127174, -2.053408824134512312, 47.56312143978806262 ) ) ;
#2372 = CARTESIAN_POINT ( 'NONE',  ( -1.599999999999988765, -3.000000000000000000, -9.500000000000003553 ) ) ;
#2373 = CIRCLE ( 'NONE', #472, 0.7500000000000024425 ) ;
#2374 = ADVANCED_FACE ( 'NONE', ( #2413 ), #1661, .T. ) ;
#2375 = ORIENTED_EDGE ( 'NONE', *, *, #2988, .F. ) ;
#2376 = FACE_OUTER_BOUND ( 'NONE', #1725, .T. ) ;
#2377 = FACE_OUTER_BOUND ( 'NONE', #2839, .T. ) ;
#2378 = EDGE_LOOP ( 'NONE', ( #4103, #1949, #3677, #535, #4050, #1888, #1207, #988, #2845, #94, #2735, #3582, #75, #2279, #480, #3483 ) ) ;
#2379 = ORIENTED_EDGE ( 'NONE', *, *, #1201, .F. ) ;
#2380 = EDGE_CURVE ( 'NONE', #3041, #4158, #4312, .T. ) ;
#2381 = CARTESIAN_POINT ( 'NONE',  ( -40.00000000000003553, 51.79999999999999716, 44.33965329530468580 ) ) ;
#2382 = DIRECTION ( 'NONE',  ( 1.000000000000000000, -0.000000000000000000, 0.000000000000000000 ) ) ;
#2383 = CARTESIAN_POINT ( 'NONE',  ( 20.79999999999999361, -3.000000000000000000, 6.999999999999976907 ) ) ;
#2384 = ORIENTED_EDGE ( 'NONE', *, *, #2111, .T. ) ;
#2385 = DIRECTION ( 'NONE',  ( 0.000000000000000000, -1.000000000000000000, 0.000000000000000000 ) ) ;
#2386 = CARTESIAN_POINT ( 'NONE',  ( 32.90000000000000568, 19.76034670469512022, 62.83965329530472133 ) ) ;
#2387 = DIRECTION ( 'NONE',  ( 1.000000000000000000, 0.000000000000000000, 0.000000000000000000 ) ) ;
#2388 = DIRECTION ( 'NONE',  ( 0.000000000000000000, 0.000000000000000000, -1.000000000000000000 ) ) ;
#2389 = DIRECTION ( 'NONE',  ( -1.436029367530469557E-16, 0.000000000000000000, 1.000000000000000000 ) ) ;
#2390 = AXIS2_PLACEMENT_3D ( 'NONE', #3610, #1955, #2234 ) ;
#2391 = LINE ( 'NONE', #18, #3391 ) ;
#2392 = PLANE ( 'NONE',  #3516 ) ;
#2393 = CARTESIAN_POINT ( 'NONE',  ( -22.89999999999999503, 0.000000000000000000, -7.500000000000006217 ) ) ;
#2394 = EDGE_CURVE ( 'NONE', #2553, #998, #189, .T. ) ;
#2395 = CARTESIAN_POINT ( 'NONE',  ( -2.041687604822277624, -5.000000000000004441, 46.52683615330400357 ) ) ;
#2396 = VECTOR ( 'NONE', #2934, 1000.000000000000000 ) ;
#2397 = ORIENTED_EDGE ( 'NONE', *, *, #1353, .F. ) ;
#2398 = ORIENTED_EDGE ( 'NONE', *, *, #2241, .T. ) ;
#2399 = CIRCLE ( 'NONE', #3166, 3.000000000000000888 ) ;
#2400 = CARTESIAN_POINT ( 'NONE',  ( 8.400000000000005684, -2.000000000000000000, 5.499999999999996447 ) ) ;
#2401 = CIRCLE ( 'NONE', #2745, 2.000000000000000000 ) ;
#2402 = DIRECTION ( 'NONE',  ( 0.000000000000000000, -1.000000000000000000, 0.000000000000000000 ) ) ;
#2403 = PLANE ( 'NONE',  #737 ) ;
#2404 = ORIENTED_EDGE ( 'NONE', *, *, #1413, .F. ) ;
#2405 = ORIENTED_EDGE ( 'NONE', *, *, #2084, .F. ) ;
#2406 = CARTESIAN_POINT ( 'NONE',  ( -3.382710778154773834E-14, 44.60000000000000142, 36.83965329530472133 ) ) ;
#2407 = DIRECTION ( 'NONE',  ( 0.000000000000000000, -1.000000000000000000, 0.000000000000000000 ) ) ;
#2408 = ADVANCED_FACE ( 'NONE', ( #4089 ), #2105, .F. ) ;
#2409 = DIRECTION ( 'NONE',  ( -0.000000000000000000, -1.000000000000000000, -0.000000000000000000 ) ) ;
#2410 = VERTEX_POINT ( 'NONE', #2152 ) ;
#2411 = CARTESIAN_POINT ( 'NONE',  ( -3.382710778154773834E-14, 51.79999999999999716, 36.83965329530472133 ) ) ;
#2412 = CARTESIAN_POINT ( 'NONE',  ( -0.04168760482227765185, -2.000000000000000000, 50.98915669444522791 ) ) ;
#2413 = FACE_OUTER_BOUND ( 'NONE', #335, .T. ) ;
#2414 = EDGE_CURVE ( 'NONE', #1248, #4232, #3933, .T. ) ;
#2415 = ORIENTED_EDGE ( 'NONE', *, *, #2897, .F. ) ;
#2416 = CARTESIAN_POINT ( 'NONE',  ( -32.89999999999999858, -2.000000000000000000, 5.499999999999992006 ) ) ;
#2417 = CIRCLE ( 'NONE', #2900, 0.7500000000000024425 ) ;
#2418 = DIRECTION ( 'NONE',  ( -0.000000000000000000, -1.000000000000000000, -0.000000000000000000 ) ) ;
#2419 = CIRCLE ( 'NONE', #3183, 29.07106781186540800 ) ;
#2420 = CARTESIAN_POINT ( 'NONE',  ( 8.400000000000007461, -2.000000000000000000, 1.936435508067135757E-15 ) ) ;
#2421 = ORIENTED_EDGE ( 'NONE', *, *, #2931, .F. ) ;
#2422 = ORIENTED_EDGE ( 'NONE', *, *, #356, .T. ) ;
#2423 = EDGE_CURVE ( 'NONE', #3589, #490, #2623, .T. ) ;
#2424 = DIRECTION ( 'NONE',  ( 0.000000000000000000, 0.000000000000000000, -1.000000000000000000 ) ) ;
#2425 = DIRECTION ( 'NONE',  ( -0.000000000000000000, -1.000000000000000000, -0.000000000000000000 ) ) ;
#2426 = TOROIDAL_SURFACE ( 'NONE', #523, 22.00000000000000000, 5.000000000000000000 ) ;
#2427 = CARTESIAN_POINT ( 'NONE',  ( 20.79999999999999361, -3.000000000000000000, -10.00000000000002309 ) ) ;
#2428 = VECTOR ( 'NONE', #2870, 1000.000000000000000 ) ;
#2429 = VERTEX_POINT ( 'NONE', #2459 ) ;
#2430 = ORIENTED_EDGE ( 'NONE', *, *, #64, .F. ) ;
#2431 = EDGE_CURVE ( 'NONE', #2101, #2337, #848, .T. ) ;
#2432 = DIRECTION ( 'NONE',  ( 0.000000000000000000, -1.000000000000000000, 0.000000000000000000 ) ) ;
#2433 = DIRECTION ( 'NONE',  ( 0.000000000000000000, 0.000000000000000000, -1.000000000000000000 ) ) ;
#2434 = LINE ( 'NONE', #119, #3259 ) ;
#2435 = CARTESIAN_POINT ( 'NONE',  ( 39.99999999999996447, 19.99999999999998934, 33.33965329530470001 ) ) ;
#2436 = LINE ( 'NONE', #1438, #4118 ) ;
#2437 = CIRCLE ( 'NONE', #248, 1.750000000000001554 ) ;
#2438 = CARTESIAN_POINT ( 'NONE',  ( 20.79999999999999361, 0.000000000000000000, -9.250000000000019540 ) ) ;
#2439 = CARTESIAN_POINT ( 'NONE',  ( 22.90000000000000213, 0.000000000000000000, 12.59999999999999609 ) ) ;
#2440 = VECTOR ( 'NONE', #551, 1000.000000000000000 ) ;
#2441 = SURFACE_SIDE_STYLE ('',( #1090 ) ) ;
#2442 = DIRECTION ( 'NONE',  ( 0.000000000000000000, -0.000000000000000000, -1.000000000000000000 ) ) ;
#2443 = CIRCLE ( 'NONE', #1453, 3.000000000000000888 ) ;
#2444 = LINE ( 'NONE', #3669, #2355 ) ;
#2445 = VERTEX_POINT ( 'NONE', #779 ) ;
#2446 = ORIENTED_EDGE ( 'NONE', *, *, #3690, .F. ) ;
#2447 = CARTESIAN_POINT ( 'NONE',  ( 0.000000000000000000, 0.000000000000000000, 0.000000000000000000 ) ) ;
#2448 = CARTESIAN_POINT ( 'NONE',  ( -4.531897182043106688E-14, -5.000000000000004441, 49.23965329530471990 ) ) ;
#2449 = CARTESIAN_POINT ( 'NONE',  ( 14.58017335234749012, -5.000000000000000000, -14.58017335234757894 ) ) ;
#2450 = ADVANCED_FACE ( 'NONE', ( #1792 ), #1181, .T. ) ;
#2451 = ORIENTED_EDGE ( 'NONE', *, *, #3969, .T. ) ;
#2452 =( BOUNDED_CURVE ( )  B_SPLINE_CURVE ( 3, ( #3955, #973, #1329, #3638 ),
 .UNSPECIFIED., .F., .T. ) 
 B_SPLINE_CURVE_WITH_KNOTS ( ( 4, 4 ),
 ( 4.712388980384689674, 6.283185307179586232 ),
 .UNSPECIFIED. ) 
 CURVE ( )  GEOMETRIC_REPRESENTATION_ITEM ( )  RATIONAL_B_SPLINE_CURVE ( ( 1.000000000000000000, 0.8047378541243649375, 0.8047378541243649375, 1.000000000000000000 ) ) 
 REPRESENTATION_ITEM ( '' )  );
#2453 = FACE_OUTER_BOUND ( 'NONE', #113, .T. ) ;
#2454 = DIRECTION ( 'NONE',  ( 0.000000000000000000, -1.000000000000000000, 0.000000000000000000 ) ) ;
#2455 = EDGE_CURVE ( 'NONE', #309, #4054, #122, .T. ) ;
#2456 = DIRECTION ( 'NONE',  ( 1.000000000000000000, 0.000000000000000000, -1.515042337097648137E-16 ) ) ;
#2457 = DIRECTION ( 'NONE',  ( 0.000000000000000000, 0.000000000000000000, -1.000000000000000000 ) ) ;
#2458 = DIRECTION ( 'NONE',  ( -0.000000000000000000, -1.000000000000000000, -0.000000000000000000 ) ) ;
#2459 = CARTESIAN_POINT ( 'NONE',  ( -5.358312395177676990, -5.000000000000000000, -7.500000000000003553 ) ) ;
#2460 = EDGE_CURVE ( 'NONE', #3889, #2293, #2977, .T. ) ;
#2461 = DIRECTION ( 'NONE',  ( 0.000000000000000000, 0.000000000000000000, -1.000000000000000000 ) ) ;
#2462 = VECTOR ( 'NONE', #3863, 1000.000000000000000 ) ;
#2463 = DIRECTION ( 'NONE',  ( 0.000000000000000000, 0.000000000000000000, 1.000000000000000000 ) ) ;
#2464 = CARTESIAN_POINT ( 'NONE',  ( 7.551120563513950223, 11.25757777853982411, 72.59999999999999432 ) ) ;
#2465 = EDGE_CURVE ( 'NONE', #1077, #2159, #3536, .T. ) ;
#2466 = ORIENTED_EDGE ( 'NONE', *, *, #3126, .T. ) ;
#2467 = ORIENTED_EDGE ( 'NONE', *, *, #1335, .T. ) ;
#2468 = CARTESIAN_POINT ( 'NONE',  ( -16.78561802455694973, 25.06699384148299004, 59.56862002890770214 ) ) ;
#2469 = FACE_OUTER_BOUND ( 'NONE', #2139, .T. ) ;
#2470 = ORIENTED_EDGE ( 'NONE', *, *, #3867, .F. ) ;
#2471 = DIRECTION ( 'NONE',  ( -0.000000000000000000, -1.000000000000000000, -0.000000000000000000 ) ) ;
#2472 = CARTESIAN_POINT ( 'NONE',  ( 49.99999999999997158, -113.4619749036500025, 52.83965329530469290 ) ) ;
#2473 = DIRECTION ( 'NONE',  ( 0.000000000000000000, -0.000000000000000000, 1.000000000000000000 ) ) ;
#2474 = CARTESIAN_POINT ( 'NONE',  ( -0.04168760482227765185, -2.000000000000000000, 46.73956552439059919 ) ) ;
#2475 = CARTESIAN_POINT ( 'NONE',  ( 39.99999999999996447, -2.000000000000001776, 44.33965329530470001 ) ) ;
#2476 = AXIS2_PLACEMENT_3D ( 'NONE', #3809, #3829, #2562 ) ;
#2477 = LINE ( 'NONE', #3870, #2263 ) ;
#2478 = CARTESIAN_POINT ( 'NONE',  ( -8.031357294035675665, 26.46446609406728001, 12.59999999999999964 ) ) ;
#2479 = ORIENTED_EDGE ( 'NONE', *, *, #2018, .T. ) ;
#2480 = DIRECTION ( 'NONE',  ( 0.000000000000000000, 0.000000000000000000, -1.000000000000000000 ) ) ;
#2481 = CARTESIAN_POINT ( 'NONE',  ( 3.292117952330916086, 11.69928626868182064, 72.59999999999999432 ) ) ;
#2482 = FACE_OUTER_BOUND ( 'NONE', #2592, .T. ) ;
#2483 = CARTESIAN_POINT ( 'NONE',  ( 4.546428118210758207, 11.59317998891552648, 72.60000000000002274 ) ) ;
#2484 = VERTEX_POINT ( 'NONE', #1767 ) ;
#2485 = ORIENTED_EDGE ( 'NONE', *, *, #2369, .F. ) ;
#2486 = CIRCLE ( 'NONE', #2966, 1.750000000000005107 ) ;
#2487 = CARTESIAN_POINT ( 'NONE',  ( -3.700000000000004174, 0.000000000000000000, -10.00000000000002309 ) ) ;
#2488 = ADVANCED_FACE ( 'NONE', ( #3788 ), #1463, .T. ) ;
#2489 = DIRECTION ( 'NONE',  ( -1.000000000000000000, 0.000000000000000000, 1.387778780781445676E-16 ) ) ;
#2490 = CIRCLE ( 'NONE', #2761, 2.000000000000000000 ) ;
#2491 = ORIENTED_EDGE ( 'NONE', *, *, #2232, .T. ) ;
#2492 = VERTEX_POINT ( 'NONE', #2173 ) ;
#2493 = CARTESIAN_POINT ( 'NONE',  ( -1.530309327011080134, -2.657525634249416679, 23.56374372821498042 ) ) ;
#2494 = VECTOR ( 'NONE', #1939, 1000.000000000000000 ) ;
#2495 = CARTESIAN_POINT ( 'NONE',  ( 39.99999999999996447, 51.79999999999999716, 44.33965329530470001 ) ) ;
#2496 = CARTESIAN_POINT ( 'NONE',  ( 10.40000000000001101, 0.000000000000000000, -12.59999999999999964 ) ) ;
#2497 = ORIENTED_EDGE ( 'NONE', *, *, #105, .T. ) ;
#2498 = ORIENTED_EDGE ( 'NONE', *, *, #583, .F. ) ;
#2499 = LINE ( 'NONE', #890, #3704 ) ;
#2500 = AXIS2_PLACEMENT_3D ( 'NONE', #1036, #1656, #3040 ) ;
#2501 = DIRECTION ( 'NONE',  ( 0.000000000000000000, 0.000000000000000000, 1.000000000000000000 ) ) ;
#2502 = ADVANCED_FACE ( 'NONE', ( #3827 ), #3768, .F. ) ;
#2503 = ORIENTED_EDGE ( 'NONE', *, *, #2049, .F. ) ;
#2504 = DIRECTION ( 'NONE',  ( 0.000000000000000000, 0.000000000000000000, -1.000000000000000000 ) ) ;
#2505 = FACE_BOUND ( 'NONE', #1097, .T. ) ;
#2506 = VECTOR ( 'NONE', #2793, 1000.000000000000000 ) ;
#2507 = PLANE ( 'NONE',  #1000 ) ;
#2508 = CARTESIAN_POINT ( 'NONE',  ( 16.74331732248803561, 10.14198724013048647, 72.60000000000000853 ) ) ;
#2509 = EDGE_CURVE ( 'NONE', #989, #1500, #3475, .T. ) ;
#2510 = ORIENTED_EDGE ( 'NONE', *, *, #2339, .T. ) ;
#2511 = EDGE_LOOP ( 'NONE', ( #2598, #3227, #225 ) ) ;
#2512 = CARTESIAN_POINT ( 'NONE',  ( -12.89987410712850036, 25.20036703550350765, 61.31967317287069363 ) ) ;
#2513 = CARTESIAN_POINT ( 'NONE',  ( -35.00000000000002842, 25.00000000000000000, 57.59999999999989484 ) ) ;
#2514 = ORIENTED_EDGE ( 'NONE', *, *, #3433, .T. ) ;
#2515 = ORIENTED_EDGE ( 'NONE', *, *, #2644, .F. ) ;
#2516 = CARTESIAN_POINT ( 'NONE',  ( -32.89999999999999147, -2.000000000000000000, 7.499999999999992006 ) ) ;
#2517 = DIRECTION ( 'NONE',  ( 0.000000000000000000, 1.000000000000000000, 0.000000000000000000 ) ) ;
#2518 = PLANE ( 'NONE',  #240 ) ;
#2519 = ORIENTED_EDGE ( 'NONE', *, *, #4031, .T. ) ;
#2520 = DIRECTION ( 'NONE',  ( -1.000000000000000000, 0.000000000000000000, -0.000000000000000000 ) ) ;
#2521 = VERTEX_POINT ( 'NONE', #3746 ) ;
#2522 = EDGE_CURVE ( 'NONE', #3272, #1978, #3315, .T. ) ;
#2523 = CARTESIAN_POINT ( 'NONE',  ( -40.00000000000003553, -5.000000000000000000, 29.33965329530468225 ) ) ;
#2524 = CARTESIAN_POINT ( 'NONE',  ( -5.358312395177729393, -3.000000000000000000, 7.499999999999994671 ) ) ;
#2525 = DIRECTION ( 'NONE',  ( 0.000000000000000000, 0.7071067811865513475, -0.7071067811865437980 ) ) ;
#2526 = CARTESIAN_POINT ( 'NONE',  ( 5.015002470168225202, 11.54734014235645390, 72.60000000000000853 ) ) ;
#2527 = ORIENTED_EDGE ( 'NONE', *, *, #1150, .T. ) ;
#2528 = ORIENTED_EDGE ( 'NONE', *, *, #344, .T. ) ;
#2529 = CARTESIAN_POINT ( 'NONE',  ( -13.79026976927152148, 25.16909713122840486, 60.95965548802048062 ) ) ;
#2530 = CARTESIAN_POINT ( 'NONE',  ( 20.79999999999999361, -5.000000000000000000, 9.999999999999976907 ) ) ;
#2531 = LINE ( 'NONE', #179, #2297 ) ;
#2532 = VERTEX_POINT ( 'NONE', #1815 ) ;
#2533 = VERTEX_POINT ( 'NONE', #2849 ) ;
#2534 = PLANE ( 'NONE',  #1993 ) ;
#2535 = FACE_BOUND ( 'NONE', #3645, .T. ) ;
#2536 = CARTESIAN_POINT ( 'NONE',  ( -32.89999999999999858, 25.00000000000000000, 62.83965329530476396 ) ) ;
#2537 = VECTOR ( 'NONE', #2037, 1000.000000000000114 ) ;
#2538 = ORIENTED_EDGE ( 'NONE', *, *, #2277, .F. ) ;
#2539 = LINE ( 'NONE', #3848, #2046 ) ;
#2540 = EDGE_CURVE ( 'NONE', #3546, #3552, #2628, .T. ) ;
#2541 = CARTESIAN_POINT ( 'NONE',  ( 9.236481512684411754, -2.172713992111274361, 40.43241896032084526 ) ) ;
#2542 = CARTESIAN_POINT ( 'NONE',  ( 39.99999999999996447, -2.000000000000000000, 29.33965329530469646 ) ) ;
#2543 = CARTESIAN_POINT ( 'NONE',  ( 18.05316129618291043, 25.02743499008749950, 58.92994334044626470 ) ) ;
#2544 = CARTESIAN_POINT ( 'NONE',  ( -3.599999999999988542, 0.000000000000000000, -9.500000000000003553 ) ) ;
#2545 = CARTESIAN_POINT ( 'NONE',  ( 15.98467420915014614, 10.20640378096398848, 72.60000000000000853 ) ) ;
#2546 = ORIENTED_EDGE ( 'NONE', *, *, #3667, .T. ) ;
#2547 = ORIENTED_EDGE ( 'NONE', *, *, #3709, .F. ) ;
#2548 = CIRCLE ( 'NONE', #3034, 9.899999999999998579 ) ;
#2549 = CARTESIAN_POINT ( 'NONE',  ( -7.788480445270887564, 25.35543097404378443, 62.92227508102990186 ) ) ;
#2550 = CARTESIAN_POINT ( 'NONE',  ( 39.99999999999996447, -2.000000000000000000, 25.33965329530469290 ) ) ;
#2551 = VECTOR ( 'NONE', #3328, 999.9999999999997726 ) ;
#2552 = AXIS2_PLACEMENT_3D ( 'NONE', #979, #1001, #3668 ) ;
#2553 = VERTEX_POINT ( 'NONE', #2438 ) ;
#2554 = VERTEX_POINT ( 'NONE', #581 ) ;
#2555 = DIRECTION ( 'NONE',  ( -0.000000000000000000, -1.000000000000000000, -0.000000000000000000 ) ) ;
#2556 = CARTESIAN_POINT ( 'NONE',  ( 20.79999999999999361, 0.000000000000000000, 9.999999999999976907 ) ) ;
#2557 = CYLINDRICAL_SURFACE ( 'NONE', #1506, 14.90000000000000036 ) ;
#2558 = EDGE_CURVE ( 'NONE', #3041, #4183, #1932, .T. ) ;
#2559 = ORIENTED_EDGE ( 'NONE', *, *, #3687, .F. ) ;
#2560 = DIRECTION ( 'NONE',  ( 0.000000000000000000, 0.000000000000000000, -1.000000000000000000 ) ) ;
#2561 = DIRECTION ( 'NONE',  ( -0.000000000000000000, -0.000000000000000000, -1.000000000000000000 ) ) ;
#2562 = DIRECTION ( 'NONE',  ( -1.000000000000000000, 0.000000000000000000, -1.385561881770612682E-16 ) ) ;
#2563 = VECTOR ( 'NONE', #1718, 1000.000000000000000 ) ;
#2564 = CARTESIAN_POINT ( 'NONE',  ( -5.538958920147397436, 25.40420814685954554, 63.38879402100265281 ) ) ;
#2565 = CARTESIAN_POINT ( 'NONE',  ( -4.401476529822330619, 11.60525060734885550, 72.59999999999999432 ) ) ;
#2566 = ORIENTED_EDGE ( 'NONE', *, *, #2460, .F. ) ;
#2567 = ORIENTED_EDGE ( 'NONE', *, *, #2819, .T. ) ;
#2568 = CARTESIAN_POINT ( 'NONE',  ( 13.69257549763746873, 25.17247201307421989, 61.00700137947136881 ) ) ;
#2569 = FACE_OUTER_BOUND ( 'NONE', #479, .T. ) ;
#2570 = ORIENTED_EDGE ( 'NONE', *, *, #2609, .F. ) ;
#2571 = LINE ( 'NONE', #1567, #2184 ) ;
#2572 = EDGE_CURVE ( 'NONE', #3036, #4164, #2587, .T. ) ;
#2573 = DIRECTION ( 'NONE',  ( -0.000000000000000000, -1.000000000000000000, -0.000000000000000000 ) ) ;
#2574 = CARTESIAN_POINT ( 'NONE',  ( -40.00000000000003553, -2.000000000000001776, 31.08965329530468935 ) ) ;
#2575 = EDGE_CURVE ( 'NONE', #1713, #686, #1615, .T. ) ;
#2576 = ORIENTED_EDGE ( 'NONE', *, *, #2251, .F. ) ;
#2577 = ORIENTED_EDGE ( 'NONE', *, *, #632, .T. ) ;
#2578 = FACE_OUTER_BOUND ( 'NONE', #1520, .T. ) ;
#2579 = EDGE_CURVE ( 'NONE', #499, #2783, #2243, .T. ) ;
#2580 = CARTESIAN_POINT ( 'NONE',  ( 9.645287558883406831, -2.427616914996772124, 39.11759181639363447 ) ) ;
#2581 = LINE ( 'NONE', #1840, #154 ) ;
#2582 = DIRECTION ( 'NONE',  ( 0.000000000000000000, 0.000000000000000000, -1.000000000000000000 ) ) ;
#2583 = ADVANCED_FACE ( 'NONE', ( #953 ), #1919, .T. ) ;
#2584 = CARTESIAN_POINT ( 'NONE',  ( -12.74793666211552257, 10.56231278718317590, 72.59999999999998010 ) ) ;
#2585 = ORIENTED_EDGE ( 'NONE', *, *, #1402, .T. ) ;
#2586 = VERTEX_POINT ( 'NONE', #3934 ) ;
#2587 = B_SPLINE_CURVE_WITH_KNOTS ( 'NONE', 3,
 ( #909, #269, #3849, #2541, #869, #2580, #3872, #2220, #2619, #3576, #2912, #3540, #4226, #4246, #4199, #3892, #892, #540, #2261, #1879 ),
 .UNSPECIFIED., .F., .F.,
 ( 4, 2, 2, 2, 2, 2, 2, 2, 2, 4 ),
 ( 0.000000000000000000, 0.001389532811259475142, 0.002779065622518950285, 0.004168598433778425427, 0.004863364839408162131, 0.005558131245037900570, 0.006947664056297395661, 0.008337196867556892488, 0.009726729678816388447, 0.01111626249007588441 ),
 .UNSPECIFIED. ) ;
#2588 = CARTESIAN_POINT ( 'NONE',  ( -6.683441720800268548, 25.38043188177933729, 63.16251233008122767 ) ) ;
#2589 = DIRECTION ( 'NONE',  ( 0.000000000000000000, 0.000000000000000000, -1.000000000000000000 ) ) ;
#2590 = ADVANCED_FACE ( 'NONE', ( #3254 ), #558, .T. ) ;
#2591 = ORIENTED_EDGE ( 'NONE', *, *, #1672, .F. ) ;
#2592 = EDGE_LOOP ( 'NONE', ( #3308, #3221, #2928, #285 ) ) ;
#2593 = CARTESIAN_POINT ( 'NONE',  ( -1.773738412391154817, -3.000000000000000000, 7.499999999999995559 ) ) ;
#2594 = DIRECTION ( 'NONE',  ( 0.000000000000000000, 0.000000000000000000, -1.000000000000000000 ) ) ;
#2595 = DIRECTION ( 'NONE',  ( 0.000000000000000000, 0.000000000000000000, -1.000000000000000000 ) ) ;
#2596 = EDGE_CURVE ( 'NONE', #1651, #1360, #4127, .T. ) ;
#2597 = ORIENTED_EDGE ( 'NONE', *, *, #2123, .F. ) ;
#2598 = ORIENTED_EDGE ( 'NONE', *, *, #351, .T. ) ;
#2599 = DIRECTION ( 'NONE',  ( 0.000000000000000000, -1.000000000000000000, 0.000000000000000000 ) ) ;
#2600 = EDGE_CURVE ( 'NONE', #1566, #3007, #227, .T. ) ;
#2601 = CARTESIAN_POINT ( 'NONE',  ( 8.400000000000005684, -4.000000000000000000, 5.499999999999996447 ) ) ;
#2602 = AXIS2_PLACEMENT_3D ( 'NONE', #492, #4129, #3559 ) ;
#2603 = CARTESIAN_POINT ( 'NONE',  ( -3.700000000000004174, -2.999999999999999112, -9.250000000000021316 ) ) ;
#2604 = ORIENTED_EDGE ( 'NONE', *, *, #1614, .T. ) ;
#2605 = CIRCLE ( 'NONE', #3107, 1.750000000000005107 ) ;
#2606 = CARTESIAN_POINT ( 'NONE',  ( 12.89162723160385582, 25.20105780624035319, 61.33247939619877087 ) ) ;
#2607 = CARTESIAN_POINT ( 'NONE',  ( -3.700000000000004174, -5.000000000000000000, 9.999999999999976907 ) ) ;
#2608 = ORIENTED_EDGE ( 'NONE', *, *, #321, .F. ) ;
#2609 = EDGE_CURVE ( 'NONE', #898, #2940, #621, .T. ) ;
#2610 = LINE ( 'NONE', #3945, #3962 ) ;
#2611 = DIRECTION ( 'NONE',  ( 0.000000000000000000, -1.000000000000000000, 0.000000000000000000 ) ) ;
#2612 = AXIS2_PLACEMENT_3D ( 'NONE', #2755, #4086, #1410 ) ;
#2613 = DIRECTION ( 'NONE',  ( 0.000000000000000000, 1.000000000000000000, 0.000000000000000000 ) ) ;
#2614 = ORIENTED_EDGE ( 'NONE', *, *, #2307, .T. ) ;
#2615 = EDGE_LOOP ( 'NONE', ( #3879, #3252, #370, #2348, #3627, #2614, #1834 ) ) ;
#2616 = AXIS2_PLACEMENT_3D ( 'NONE', #84, #2442, #3751 ) ;
#2617 = DIRECTION ( 'NONE',  ( 0.000000000000000000, -1.000000000000000000, 0.000000000000000000 ) ) ;
#2618 = AXIS2_PLACEMENT_3D ( 'NONE', #1503, #3490, #467 ) ;
#2619 = CARTESIAN_POINT ( 'NONE',  ( 9.859885887258649007, -2.632774109027089082, 37.75979879424132690 ) ) ;
#2620 = VECTOR ( 'NONE', #1176, 1000.000000000000000 ) ;
#2621 = CARTESIAN_POINT ( 'NONE',  ( -40.00000000000003553, 51.79999999999999716, 33.33965329530468580 ) ) ;
#2622 = EDGE_CURVE ( 'NONE', #4015, #2217, #209, .T. ) ;
#2623 = CIRCLE ( 'NONE', #3189, 2.000000000000000000 ) ;
#2624 = CARTESIAN_POINT ( 'NONE',  ( -15.25681539847658641, 10.27538042445663713, 72.60000000000000853 ) ) ;
#2625 = ORIENTED_EDGE ( 'NONE', *, *, #1260, .F. ) ;
#2626 = CARTESIAN_POINT ( 'NONE',  ( 11.94621620111444393, 25.23302385046761032, 61.67867652252704858 ) ) ;
#2627 = PLANE ( 'NONE',  #3132 ) ;
#2628 = CIRCLE ( 'NONE', #2848, 3.000000000000000888 ) ;
#2629 = ORIENTED_EDGE ( 'NONE', *, *, #1515, .F. ) ;
#2630 = ORIENTED_EDGE ( 'NONE', *, *, #1588, .T. ) ;
#2631 = FACE_OUTER_BOUND ( 'NONE', #1199, .T. ) ;
#2632 = LINE ( 'NONE', #3247, #99 ) ;
#2633 = APPLICATION_CONTEXT ( 'automotive_design' ) ;
#2634 = CIRCLE ( 'NONE', #4082, 1.750000000000001554 ) ;
#2635 = DIRECTION ( 'NONE',  ( -1.001572445714091708E-16, 0.000000000000000000, 1.000000000000000000 ) ) ;
#2636 = ORIENTED_EDGE ( 'NONE', *, *, #3274, .T. ) ;
#2637 = ORIENTED_EDGE ( 'NONE', *, *, #1553, .F. ) ;
#2638 = DIRECTION ( 'NONE',  ( -0.000000000000000000, 1.000000000000000000, -0.000000000000000000 ) ) ;
#2639 = CARTESIAN_POINT ( 'NONE',  ( 32.90000000000000568, -5.000000000000000000, 67.59999999999995168 ) ) ;
#2640 = AXIS2_PLACEMENT_3D ( 'NONE', #3273, #310, #4244 ) ;
#2641 = LINE ( 'NONE', #358, #532 ) ;
#2642 = CARTESIAN_POINT ( 'NONE',  ( -40.00000000000003553, 51.79999999999999716, 29.33965329530468225 ) ) ;
#2643 = LINE ( 'NONE', #3660, #1620 ) ;
#2644 = EDGE_CURVE ( 'NONE', #505, #629, #3636, .T. ) ;
#2645 = ORIENTED_EDGE ( 'NONE', *, *, #2600, .F. ) ;
#2646 = CARTESIAN_POINT ( 'NONE',  ( -0.1624880213412486785, -1.999999999999997780, 22.69302835872031210 ) ) ;
#2647 = CARTESIAN_POINT ( 'NONE',  ( -3.700000000000004174, 0.000000000000000000, 9.249999999999976907 ) ) ;
#2648 = ORIENTED_EDGE ( 'NONE', *, *, #1326, .T. ) ;
#2649 = ORIENTED_EDGE ( 'NONE', *, *, #2558, .T. ) ;
#2650 = DIRECTION ( 'NONE',  ( 0.000000000000000000, 0.000000000000000000, -1.000000000000000000 ) ) ;
#2651 = DIRECTION ( 'NONE',  ( -0.000000000000000000, -1.000000000000000000, -0.000000000000000000 ) ) ;
#2652 = CARTESIAN_POINT ( 'NONE',  ( 0.000000000000000000, 0.000000000000000000, 0.000000000000000000 ) ) ;
#2653 = CARTESIAN_POINT ( 'NONE',  ( -0.5602279840217547768, -2.063988288163606910, 26.95468733339621537 ) ) ;
#2654 = ORIENTED_EDGE ( 'NONE', *, *, #1492, .T. ) ;
#2655 = ORIENTED_EDGE ( 'NONE', *, *, #2127, .T. ) ;
#2656 = PLANE ( 'NONE',  #1233 ) ;
#2657 = VERTEX_POINT ( 'NONE', #2707 ) ;
#2658 = CARTESIAN_POINT ( 'NONE',  ( -2.060236852187089862E-14, -2.000000000000000000, 22.68965329530471209 ) ) ;
#2659 = EDGE_CURVE ( 'NONE', #2521, #2708, #1370, .T. ) ;
#2660 = CARTESIAN_POINT ( 'NONE',  ( -3.382710778154773834E-14, 51.79999999999999716, 36.83965329530472133 ) ) ;
#2661 = CIRCLE ( 'NONE', #778, 1.750000000000001554 ) ;
#2662 = VERTEX_POINT ( 'NONE', #2056 ) ;
#2663 = VERTEX_POINT ( 'NONE', #1983 ) ;
#2664 = CARTESIAN_POINT ( 'NONE',  ( -0.04168760482227765185, -4.000000000000000000, 5.499999999999996447 ) ) ;
#2665 = EDGE_CURVE ( 'NONE', #31, #494, #3321, .T. ) ;
#2666 = ADVANCED_BREP_SHAPE_REPRESENTATION ( 'camera_tracker_base', ( #1103, #3465 ), #3664 ) ;
#2667 = DIRECTION ( 'NONE',  ( -1.000000000000000000, 0.000000000000000000, 0.000000000000000000 ) ) ;
#2668 = EDGE_LOOP ( 'NONE', ( #2528, #687 ) ) ;
#2669 = EDGE_LOOP ( 'NONE', ( #1049, #2503, #1954, #3774 ) ) ;
#2670 = AXIS2_PLACEMENT_3D ( 'NONE', #2062, #4068, #1115 ) ;
#2671 = LINE ( 'NONE', #3730, #3499 ) ;
#2672 = DIRECTION ( 'NONE',  ( 0.000000000000000000, 1.000000000000000000, 0.000000000000000000 ) ) ;
#2673 = DIRECTION ( 'NONE',  ( 0.000000000000000000, -1.000000000000000000, 0.000000000000000000 ) ) ;
#2674 = DIRECTION ( 'NONE',  ( -0.000000000000000000, 1.000000000000000000, -0.000000000000000000 ) ) ;
#2675 = EDGE_CURVE ( 'NONE', #3828, #1365, #401, .T. ) ;
#2676 = VERTEX_POINT ( 'NONE', #2995 ) ;
#2677 = VERTEX_POINT ( 'NONE', #2728 ) ;
#2678 = EDGE_LOOP ( 'NONE', ( #1118, #1480, #2991, #3950 ) ) ;
#2679 = DIRECTION ( 'NONE',  ( 0.000000000000000000, 1.000000000000000000, 0.000000000000000000 ) ) ;
#2680 = DIRECTION ( 'NONE',  ( 0.000000000000000000, 1.000000000000000000, 0.000000000000000000 ) ) ;
#2681 = EDGE_CURVE ( 'NONE', #524, #1248, #2641, .T. ) ;
#2682 = LINE ( 'NONE', #3336, #3059 ) ;
#2683 = CIRCLE ( 'NONE', #795, 2.000000000000000000 ) ;
#2684 = VERTEX_POINT ( 'NONE', #3314 ) ;
#2685 = CIRCLE ( 'NONE', #797, 18.46446609406723738 ) ;
#2686 = CARTESIAN_POINT ( 'NONE',  ( -32.89999999999999858, -5.000000000000000000, 67.59999999999995168 ) ) ;
#2687 = PLANE ( 'NONE',  #142 ) ;
#2688 = CIRCLE ( 'NONE', #1356, 14.90000000000001101 ) ;
#2689 = LINE ( 'NONE', #1992, #1720 ) ;
#2690 = ADVANCED_FACE ( 'NONE', ( #1058 ), #3953, .F. ) ;
#2691 = CIRCLE ( 'NONE', #36, 9.899999999999998579 ) ;
#2692 = VERTEX_POINT ( 'NONE', #315 ) ;
#2693 = VECTOR ( 'NONE', #1593, 1000.000000000000000 ) ;
#2694 = DIRECTION ( 'NONE',  ( 0.000000000000000000, 0.000000000000000000, -1.000000000000000000 ) ) ;
#2695 = CIRCLE ( 'NONE', #1786, 2.000000000000000000 ) ;
#2696 = CARTESIAN_POINT ( 'NONE',  ( 20.35030683854490974, 9.999999999999738876, 72.59999999999999432 ) ) ;
#2697 = ORIENTED_EDGE ( 'NONE', *, *, #3621, .T. ) ;
#2698 = VERTEX_POINT ( 'NONE', #3974 ) ;
#2699 = LINE ( 'NONE', #1007, #3720 ) ;
#2700 = DIRECTION ( 'NONE',  ( -0.000000000000000000, -1.000000000000000000, -0.000000000000000000 ) ) ;
#2701 = CARTESIAN_POINT ( 'NONE',  ( -1.599999999999988987, -5.000000000000000000, -7.500000000000003553 ) ) ;
#2702 = ORIENTED_EDGE ( 'NONE', *, *, #2194, .F. ) ;
#2703 = ORIENTED_EDGE ( 'NONE', *, *, #1564, .T. ) ;
#2704 = VECTOR ( 'NONE', #2836, 1000.000000000000000 ) ;
#2705 = PLANE ( 'NONE',  #332 ) ;
#2706 = DIRECTION ( 'NONE',  ( -0.000000000000000000, -1.000000000000000000, -0.000000000000000000 ) ) ;
#2707 = CARTESIAN_POINT ( 'NONE',  ( 12.39999999999996660, 51.79999999999999716, 38.58965329530473554 ) ) ;
#2708 = VERTEX_POINT ( 'NONE', #1016 ) ;
#2709 = CARTESIAN_POINT ( 'NONE',  ( -37.89999999999997726, -5.000000000000004441, 15.83965329530471600 ) ) ;
#2710 = CARTESIAN_POINT ( 'NONE',  ( -1.120667258997453342, -2.305860420069358430, 47.87890243714061711 ) ) ;
#2711 = EDGE_CURVE ( 'NONE', #1666, #3808, #1679, .T. ) ;
#2712 = CARTESIAN_POINT ( 'NONE',  ( 22.90000000000000213, 0.000000000000000000, 12.59999999999999609 ) ) ;
#2713 = AXIS2_PLACEMENT_3D ( 'NONE', #2993, #600, #3617 ) ;
#2714 = PLANE ( 'NONE',  #3845 ) ;
#2715 = DIRECTION ( 'NONE',  ( 0.000000000000000000, 0.000000000000000000, -1.000000000000000000 ) ) ;
#2716 = DIRECTION ( 'NONE',  ( -2.305280366746587933E-16, 0.000000000000000000, 1.000000000000000000 ) ) ;
#2717 = ORIENTED_EDGE ( 'NONE', *, *, #1884, .T. ) ;
#2718 = ORIENTED_EDGE ( 'NONE', *, *, #2922, .T. ) ;
#2719 = LINE ( 'NONE', #26, #582 ) ;
#2720 = ADVANCED_FACE ( 'NONE', ( #38 ), #2656, .T. ) ;
#2721 = CARTESIAN_POINT ( 'NONE',  ( 20.79999999999999361, 25.00000000000000000, 9.999999999999976907 ) ) ;
#2722 = DIRECTION ( 'NONE',  ( 0.000000000000000000, -1.000000000000000000, 0.000000000000000000 ) ) ;
#2723 = EDGE_LOOP ( 'NONE', ( #1026, #1673 ) ) ;
#2724 = ORIENTED_EDGE ( 'NONE', *, *, #1208, .F. ) ;
#2725 = CARTESIAN_POINT ( 'NONE',  ( 20.35030683854490974, 9.999999999999738876, 72.59999999999999432 ) ) ;
#2726 = CARTESIAN_POINT ( 'NONE',  ( -3.382710778154773834E-14, -5.000000000000004441, 36.83965329530472133 ) ) ;
#2727 = EDGE_CURVE ( 'NONE', #1571, #3719, #2682, .T. ) ;
#2728 = CARTESIAN_POINT ( 'NONE',  ( -40.00000000000003553, -2.000000000000000000, 33.33965329530468580 ) ) ;
#2729 = ORIENTED_EDGE ( 'NONE', *, *, #3560, .T. ) ;
#2730 = DIRECTION ( 'NONE',  ( -1.000000000000000000, 0.000000000000000000, -1.436029367530469557E-16 ) ) ;
#2731 = CARTESIAN_POINT ( 'NONE',  ( -1.599999999999988987, -3.000000000000000000, -7.500000000000003553 ) ) ;
#2732 = CIRCLE ( 'NONE', #3426, 1.750000000000001554 ) ;
#2733 = LINE ( 'NONE', #1062, #3460 ) ;
#2734 = EDGE_CURVE ( 'NONE', #2663, #3007, #1791, .T. ) ;
#2735 = ORIENTED_EDGE ( 'NONE', *, *, #1730, .T. ) ;
#2736 = CARTESIAN_POINT ( 'NONE',  ( -37.90000000000000568, -5.000000000000004441, 57.83965329530472133 ) ) ;
#2737 = DIRECTION ( 'NONE',  ( 0.7071067811865492381, -0.000000000000000000, 0.7071067811865457964 ) ) ;
#2738 = LINE ( 'NONE', #3076, #873 ) ;
#2739 = EDGE_CURVE ( 'NONE', #1941, #2684, #4019, .T. ) ;
#2740 = UNCERTAINTY_MEASURE_WITH_UNIT (LENGTH_MEASURE( 1.000000000000000082E-05 ), #3441, 'distance_accuracy_value', 'NONE');
#2741 = VERTEX_POINT ( 'NONE', #3998 ) ;
#2742 = ORIENTED_EDGE ( 'NONE', *, *, #4107, .T. ) ;
#2743 = CIRCLE ( 'NONE', #1269, 9.899999999999998579 ) ;
#2744 = LINE ( 'NONE', #4051, #2551 ) ;
#2745 = AXIS2_PLACEMENT_3D ( 'NONE', #1040, #1111, #1705 ) ;
#2746 = FACE_OUTER_BOUND ( 'NONE', #1387, .T. ) ;
#2747 = CARTESIAN_POINT ( 'NONE',  ( 27.89999999999998792, 9.999999999999742428, 72.59999999999999432 ) ) ;
#2748 = AXIS2_PLACEMENT_3D ( 'NONE', #3112, #3073, #716 ) ;
#2749 = ORIENTED_EDGE ( 'NONE', *, *, #583, .T. ) ;
#2750 = DIRECTION ( 'NONE',  ( 0.000000000000000000, -1.000000000000000000, 0.000000000000000000 ) ) ;
#2751 = CARTESIAN_POINT ( 'NONE',  ( -3.700000000000004174, -5.000000000000000000, -10.00000000000002309 ) ) ;
#2752 = CARTESIAN_POINT ( 'NONE',  ( 49.99999999999997158, -113.4619749036500025, 57.83965329530470711 ) ) ;
#2753 = ORIENTED_EDGE ( 'NONE', *, *, #3919, .F. ) ;
#2754 = CIRCLE ( 'NONE', #3782, 0.7500000000000024425 ) ;
#2755 = CARTESIAN_POINT ( 'NONE',  ( -32.89999999999999858, 25.00000000000000000, 10.83965329530468225 ) ) ;
#2756 = CARTESIAN_POINT ( 'NONE',  ( -0.04168760482227765185, -2.000000000000000000, 5.499999999999996447 ) ) ;
#2757 = DIRECTION ( 'NONE',  ( -0.000000000000000000, -0.000000000000000000, 1.000000000000000000 ) ) ;
#2758 = VECTOR ( 'NONE', #3434, 1000.000000000000000 ) ;
#2759 = LINE ( 'NONE', #4114, #1764 ) ;
#2760 = DIRECTION ( 'NONE',  ( -0.000000000000000000, -1.000000000000000000, -0.000000000000000000 ) ) ;
#2761 = AXIS2_PLACEMENT_3D ( 'NONE', #2544, #872, #2223 ) ;
#2762 = DIRECTION ( 'NONE',  ( 0.7071067811865456854, 0.000000000000000000, -0.7071067811865494601 ) ) ;
#2763 = ADVANCED_FACE ( 'NONE', ( #3682 ), #1327, .F. ) ;
#2764 = CARTESIAN_POINT ( 'NONE',  ( -4.531897182043106688E-14, -5.000000000000004441, 50.98965329530471990 ) ) ;
#2765 = ORIENTED_EDGE ( 'NONE', *, *, #4081, .F. ) ;
#2766 = ORIENTED_EDGE ( 'NONE', *, *, #2265, .T. ) ;
#2767 = VECTOR ( 'NONE', #2352, 1000.000000000000000 ) ;
#2768 = DIRECTION ( 'NONE',  ( 1.224646799147350249E-16, 0.000000000000000000, -1.000000000000000000 ) ) ;
#2769 = DIRECTION ( 'NONE',  ( 0.000000000000000000, -1.000000000000000000, 0.000000000000000000 ) ) ;
#2770 = EDGE_CURVE ( 'NONE', #2945, #4015, #2347, .T. ) ;
#2771 = LINE ( 'NONE', #1101, #2563 ) ;
#2772 = ORIENTED_EDGE ( 'NONE', *, *, #2711, .T. ) ;
#2773 = ORIENTED_EDGE ( 'NONE', *, *, #2225, .T. ) ;
#2774 = VECTOR ( 'NONE', #28, 1000.000000000000000 ) ;
#2775 = CARTESIAN_POINT ( 'NONE',  ( -1.193256692612239211, -2.362152965609656707, 25.72417570017617550 ) ) ;
#2776 = PLANE ( 'NONE',  #1601 ) ;
#2777 = ADVANCED_FACE ( 'NONE', ( #4038 ), #3723, .F. ) ;
#2778 = CARTESIAN_POINT ( 'NONE',  ( -32.89999999999999858, -2.000000000000000000, -5.500000000000007105 ) ) ;
#2779 = PLANE ( 'NONE',  #1420 ) ;
#2780 = CARTESIAN_POINT ( 'NONE',  ( -0.9408179539261345425, -2.199758480982877629, 47.74633241972722431 ) ) ;
#2781 = EDGE_CURVE ( 'NONE', #877, #1942, #3738, .T. ) ;
#2782 = DIRECTION ( 'NONE',  ( -0.000000000000000000, 1.000000000000000000, -0.000000000000000000 ) ) ;
#2783 = VERTEX_POINT ( 'NONE', #2327 ) ;
#2784 = AXIS2_PLACEMENT_3D ( 'NONE', #3922, #901, #4253 ) ;
#2785 = CARTESIAN_POINT ( 'NONE',  ( 1.595392131294430804, 11.78804119043507548, 72.59999999999999432 ) ) ;
#2786 = FACE_OUTER_BOUND ( 'NONE', #392, .T. ) ;
#2787 = EDGE_CURVE ( 'NONE', #2698, #719, #3743, .T. ) ;
#2788 = CARTESIAN_POINT ( 'NONE',  ( 8.100498304508741754, 11.18643663249778442, 72.59999999999999432 ) ) ;
#2789 = ORIENTED_EDGE ( 'NONE', *, *, #3656, .T. ) ;
#2790 = ORIENTED_EDGE ( 'NONE', *, *, #3842, .T. ) ;
#2791 = AXIS2_PLACEMENT_3D ( 'NONE', #1740, #2432, #3760 ) ;
#2792 = LINE ( 'NONE', #526, #2964 ) ;
#2793 = DIRECTION ( 'NONE',  ( -1.000000000000000000, 0.000000000000000000, 1.515042337097648137E-16 ) ) ;
#2794 = EDGE_CURVE ( 'NONE', #309, #4231, #3670, .T. ) ;
#2795 = ORIENTED_EDGE ( 'NONE', *, *, #2356, .T. ) ;
#2796 = CARTESIAN_POINT ( 'NONE',  ( -1.522180756155584236, -2.652820987759215043, 25.30947599877737630 ) ) ;
#2797 = DIRECTION ( 'NONE',  ( 0.000000000000000000, 0.000000000000000000, -1.000000000000000000 ) ) ;
#2798 = DIRECTION ( 'NONE',  ( 1.000000000000000000, 0.000000000000000000, 0.000000000000000000 ) ) ;
#2799 = FACE_OUTER_BOUND ( 'NONE', #3301, .T. ) ;
#2800 = VERTEX_POINT ( 'NONE', #2122 ) ;
#2801 = CARTESIAN_POINT ( 'NONE',  ( -22.89999999999999503, 0.000000000000000000, 5.499999999999992895 ) ) ;
#2802 = CARTESIAN_POINT ( 'NONE',  ( -40.00000000000003553, 19.99999999999998224, 33.33965329530468580 ) ) ;
#2803 = CARTESIAN_POINT ( 'NONE',  ( 12.39999999999996660, -5.000000000000004441, 36.83965329530473554 ) ) ;
#2804 = EDGE_CURVE ( 'NONE', #2160, #3961, #2634, .T. ) ;
#2805 = EDGE_LOOP ( 'NONE', ( #2192, #265 ) ) ;
#2806 = PRESENTATION_STYLE_ASSIGNMENT (( #3135 ) ) ;
#2807 = DIRECTION ( 'NONE',  ( 0.000000000000000000, 0.000000000000000000, -1.000000000000000000 ) ) ;
#2808 = CARTESIAN_POINT ( 'NONE',  ( 5.677514674377999171, 11.47951575507765298, 72.59999999999999432 ) ) ;
#2809 = ORIENTED_EDGE ( 'NONE', *, *, #2075, .F. ) ;
#2810 = ORIENTED_EDGE ( 'NONE', *, *, #3560, .F. ) ;
#2811 = CARTESIAN_POINT ( 'NONE',  ( 8.400000000000012790, 0.000000000000000000, -22.60000000000000142 ) ) ;
#2812 = DIRECTION ( 'NONE',  ( 0.000000000000000000, 0.000000000000000000, -1.000000000000000000 ) ) ;
#2813 = ORIENTED_EDGE ( 'NONE', *, *, #1537, .T. ) ;
#2814 = AXIS2_PLACEMENT_3D ( 'NONE', #2869, #3191, #1878 ) ;
#2815 = VECTOR ( 'NONE', #340, 1000.000000000000000 ) ;
#2816 = CARTESIAN_POINT ( 'NONE',  ( -0.2856752049099033353, -1.999999999999998668, 26.18334289685043714 ) ) ;
#2817 = FACE_OUTER_BOUND ( 'NONE', #1171, .T. ) ;
#2818 = CARTESIAN_POINT ( 'NONE',  ( 36.56982664765239122, 23.43017335234758747, 59.16982664765230027 ) ) ;
#2819 = EDGE_CURVE ( 'NONE', #3326, #151, #3448, .T. ) ;
#2820 = CARTESIAN_POINT ( 'NONE',  ( -32.00000000000002132, 28.00000000000002487, 48.33965329530470711 ) ) ;
#2821 = ORIENTED_EDGE ( 'NONE', *, *, #2414, .T. ) ;
#2822 = AXIS2_PLACEMENT_3D ( 'NONE', #2542, #893, #1202 ) ;
#2823 = CARTESIAN_POINT ( 'NONE',  ( -40.00000000000003553, -2.000000000000000000, 29.33965329530468225 ) ) ;
#2824 = ADVANCED_FACE ( 'NONE', ( #4085 ), #1109, .T. ) ;
#2825 = DIRECTION ( 'NONE',  ( -1.000000000000000000, 0.000000000000000000, 0.000000000000000000 ) ) ;
#2826 = AXIS2_PLACEMENT_3D ( 'NONE', #756, #1744, #4109 ) ;
#2827 = ORIENTED_EDGE ( 'NONE', *, *, #1019, .F. ) ;
#2828 = CARTESIAN_POINT ( 'NONE',  ( -16.04886886498550780, 25.00000000000000000, 12.60000000000000142 ) ) ;
#2829 = FACE_BOUND ( 'NONE', #2880, .T. ) ;
#2830 = AXIS2_PLACEMENT_3D ( 'NONE', #88, #349, #2768 ) ;
#2831 = CARTESIAN_POINT ( 'NONE',  ( -1.773738412391412167, -3.000000000000000000, 12.29989484457518856 ) ) ;
#2832 = CARTESIAN_POINT ( 'NONE',  ( 12.65539381548462927, 10.57407737177467055, 72.59999999999999432 ) ) ;
#2833 = VERTEX_POINT ( 'NONE', #3148 ) ;
#2834 = ORIENTED_EDGE ( 'NONE', *, *, #1083, .F. ) ;
#2835 = CARTESIAN_POINT ( 'NONE',  ( -16.76672290099205398, 25.06757686005856556, 59.57819173114766187 ) ) ;
#2836 = DIRECTION ( 'NONE',  ( -0.000000000000000000, 1.000000000000000000, -0.000000000000000000 ) ) ;
#2837 = VECTOR ( 'NONE', #3843, 1000.000000000000000 ) ;
#2838 = VECTOR ( 'NONE', #2706, 1000.000000000000000 ) ;
#2839 = EDGE_LOOP ( 'NONE', ( #866, #2585, #2227, #1003 ) ) ;
#2840 = CARTESIAN_POINT ( 'NONE',  ( 44.99999999999998579, -113.4619749036500025, 57.83965329530470711 ) ) ;
#2841 = VECTOR ( 'NONE', #3630, 1000.000000000000000 ) ;
#2842 = CARTESIAN_POINT ( 'NONE',  ( -3.382710778154773834E-14, 44.60000000000000142, 36.83965329530472133 ) ) ;
#2843 = CARTESIAN_POINT ( 'NONE',  ( 0.000000000000000000, 0.000000000000000000, 0.000000000000000000 ) ) ;
#2844 = EDGE_CURVE ( 'NONE', #3711, #3153, #2434, .T. ) ;
#2845 = ORIENTED_EDGE ( 'NONE', *, *, #3047, .F. ) ;
#2846 = VERTEX_POINT ( 'NONE', #3763 ) ;
#2847 = LINE ( 'NONE', #1179, #1803 ) ;
#2848 = AXIS2_PLACEMENT_3D ( 'NONE', #2196, #4156, #3518 ) ;
#2849 = CARTESIAN_POINT ( 'NONE',  ( -3.700000000000004174, -2.999999999999999112, 9.249999999999976907 ) ) ;
#2850 = VERTEX_POINT ( 'NONE', #2474 ) ;
#2851 = EDGE_CURVE ( 'NONE', #2445, #3510, #446, .T. ) ;
#2852 = CARTESIAN_POINT ( 'NONE',  ( -32.89999999999999147, -2.000000000000000000, -7.500000000000007105 ) ) ;
#2853 = CARTESIAN_POINT ( 'NONE',  ( -18.65694629646055702, 9.999847606449920434, 72.59999999999996589 ) ) ;
#2854 = VECTOR ( 'NONE', #3784, 1000.000000000000000 ) ;
#2855 = CYLINDRICAL_SURFACE ( 'NONE', #3111, 0.7500000000000024425 ) ;
#2856 = CARTESIAN_POINT ( 'NONE',  ( 12.65029560956297239, 10.57472736133395053, 72.59999999999999432 ) ) ;
#2857 = ORIENTED_EDGE ( 'NONE', *, *, #3980, .T. ) ;
#2858 = ORIENTED_EDGE ( 'NONE', *, *, #2363, .F. ) ;
#2859 = DIRECTION ( 'NONE',  ( 0.000000000000000000, -0.000000000000000000, -1.000000000000000000 ) ) ;
#2860 = AXIS2_PLACEMENT_3D ( 'NONE', #928, #1278, #2617 ) ;
#2861 = CARTESIAN_POINT ( 'NONE',  ( -2.041687604822277624, -4.000000000000000000, 46.52683615330400357 ) ) ;
#2862 = VECTOR ( 'NONE', #2679, 1000.000000000000000 ) ;
#2863 = EDGE_LOOP ( 'NONE', ( #2527, #3595 ) ) ;
#2864 = EDGE_CURVE ( 'NONE', #855, #505, #424, .T. ) ;
#2865 = CARTESIAN_POINT ( 'NONE',  ( -3.599999999999988987, 0.000000000000000000, -7.500000000000003553 ) ) ;
#2866 = DIRECTION ( 'NONE',  ( 0.000000000000000000, -1.000000000000000000, 0.000000000000000000 ) ) ;
#2867 = DIRECTION ( 'NONE',  ( 0.000000000000000000, -1.000000000000000000, 0.000000000000000000 ) ) ;
#2868 = EDGE_LOOP ( 'NONE', ( #1822, #377 ) ) ;
#2869 = CARTESIAN_POINT ( 'NONE',  ( -40.00000000000003553, 51.79999999999999716, 44.33965329530468580 ) ) ;
#2870 = DIRECTION ( 'NONE',  ( -0.000000000000000000, -1.000000000000000000, -0.000000000000000000 ) ) ;
#2871 = PLANE ( 'NONE',  #924 ) ;
#2872 = CARTESIAN_POINT ( 'NONE',  ( -20.35030683854497724, 9.999999999999738876, 72.59999999999999432 ) ) ;
#2873 = CARTESIAN_POINT ( 'NONE',  ( -27.89999999999999503, 9.999999999999738876, 72.59999999999999432 ) ) ;
#2874 = ADVANCED_FACE ( 'NONE', ( #2146 ), #800, .T. ) ;
#2875 = CARTESIAN_POINT ( 'NONE',  ( 19.30558704596513309, 10.00947382932564977, 72.59999999999999432 ) ) ;
#2876 = ORIENTED_EDGE ( 'NONE', *, *, #3767, .F. ) ;
#2877 = CARTESIAN_POINT ( 'NONE',  ( 12.00230705246642948, 25.23113342422378835, 61.65827172276271995 ) ) ;
#2878 = CARTESIAN_POINT ( 'NONE',  ( 27.90000000000000213, 25.00000000000000000, -22.60000000000000142 ) ) ;
#2879 = EDGE_CURVE ( 'NONE', #4259, #2164, #199, .T. ) ;
#2880 = EDGE_LOOP ( 'NONE', ( #1835, #2365 ) ) ;
#2881 = CARTESIAN_POINT ( 'NONE',  ( 20.79999999999999361, -3.000000000000000000, 9.999999999999976907 ) ) ;
#2882 = DIRECTION ( 'NONE',  ( -0.000000000000000000, 1.000000000000000000, -0.000000000000000000 ) ) ;
#2883 = LINE ( 'NONE', #3169, #1783 ) ;
#2884 = ADVANCED_FACE ( 'NONE', ( #2799 ), #1409, .T. ) ;
#2885 = VECTOR ( 'NONE', #3917, 1000.000000000000000 ) ;
#2886 = ORIENTED_EDGE ( 'NONE', *, *, #4296, .F. ) ;
#2887 = ORIENTED_EDGE ( 'NONE', *, *, #698, .F. ) ;
#2888 = CARTESIAN_POINT ( 'NONE',  ( -32.89999999999999147, 0.000000000000000000, 5.499999999999992006 ) ) ;
#2889 = DIRECTION ( 'NONE',  ( -0.000000000000000000, -1.000000000000000000, -0.000000000000000000 ) ) ;
#2890 = DIRECTION ( 'NONE',  ( 1.000000000000000000, 0.000000000000000000, -1.387778780781445676E-16 ) ) ;
#2891 =( BOUNDED_CURVE ( )  B_SPLINE_CURVE ( 3, ( #4301, #964, #2319, #4240 ),
 .UNSPECIFIED., .F., .T. ) 
 B_SPLINE_CURVE_WITH_KNOTS ( ( 4, 4 ),
 ( 4.712388980384689674, 7.853981633974482790 ),
 .UNSPECIFIED. ) 
 CURVE ( )  GEOMETRIC_REPRESENTATION_ITEM ( )  RATIONAL_B_SPLINE_CURVE ( ( 1.000000000000000000, 0.3333333333333333703, 0.3333333333333333703, 1.000000000000000000 ) ) 
 REPRESENTATION_ITEM ( '' )  );
#2892 = CARTESIAN_POINT ( 'NONE',  ( 7.377313078102795352, 25.36663786861225134, 63.03172227549479345 ) ) ;
#2893 = LINE ( 'NONE', #3198, #2972 ) ;
#2894 = CARTESIAN_POINT ( 'NONE',  ( -15.72449206395611121, 10.22910082831891110, 72.59999999999999432 ) ) ;
#2895 = ORIENTED_EDGE ( 'NONE', *, *, #2936, .T. ) ;
#2896 = ORIENTED_EDGE ( 'NONE', *, *, #1214, .T. ) ;
#2897 = EDGE_CURVE ( 'NONE', #981, #4164, #3330, .T. ) ;
#2898 = CARTESIAN_POINT ( 'NONE',  ( 5.419529005557001788, 25.40493782072139695, 63.39445177470120996 ) ) ;
#2899 = CARTESIAN_POINT ( 'NONE',  ( -2.041687604822277624, -5.000000000000004441, 27.15247043730543197 ) ) ;
#2900 = AXIS2_PLACEMENT_3D ( 'NONE', #3480, #4071, #1445 ) ;
#2901 = ORIENTED_EDGE ( 'NONE', *, *, #4163, .T. ) ;
#2902 = LINE ( 'NONE', #615, #422 ) ;
#2903 = ADVANCED_FACE ( 'NONE', ( #1716 ), #2071, .F. ) ;
#2904 = VECTOR ( 'NONE', #439, 1000.000000000000000 ) ;
#2905 = PLANE ( 'NONE',  #1990 ) ;
#2906 = CARTESIAN_POINT ( 'NONE',  ( -1.260987951423209408, -2.409297268351794141, 27.01968144910479452 ) ) ;
#2907 = AXIS2_PLACEMENT_3D ( 'NONE', #2357, #1046, #3732 ) ;
#2908 = AXIS2_PLACEMENT_3D ( 'NONE', #2926, #3888, #2595 ) ;
#2909 = ORIENTED_EDGE ( 'NONE', *, *, #680, .T. ) ;
#2910 = DIRECTION ( 'NONE',  ( 0.000000000000000000, -1.000000000000000000, -0.000000000000000000 ) ) ;
#2911 = ADVANCED_FACE ( 'NONE', ( #1339 ), #1737, .F. ) ;
#2912 = CARTESIAN_POINT ( 'NONE',  ( 9.900287851256178939, -2.677450733095546820, 37.06026948819800282 ) ) ;
#2913 = PLANE ( 'NONE',  #2054 ) ;
#2914 = CARTESIAN_POINT ( 'NONE',  ( 7.620590349738374064E-16, 0.000000000000000000, -5.500000000000003553 ) ) ;
#2915 = EDGE_CURVE ( 'NONE', #1454, #353, #1362, .T. ) ;
#2916 = CARTESIAN_POINT ( 'NONE',  ( -7.671659282892900222, 11.24217800694739999, 72.60000000000000853 ) ) ;
#2917 = VERTEX_POINT ( 'NONE', #3675 ) ;
#2918 = ORIENTED_EDGE ( 'NONE', *, *, #1509, .F. ) ;
#2919 = VECTOR ( 'NONE', #3507, 1000.000000000000000 ) ;
#2920 = CARTESIAN_POINT ( 'NONE',  ( -2.305286332180175979, 25.44401332367054280, 63.75778083726716972 ) ) ;
#2921 = FACE_OUTER_BOUND ( 'NONE', #3380, .T. ) ;
#2922 = EDGE_CURVE ( 'NONE', #3632, #567, #73, .T. ) ;
#2923 = ORIENTED_EDGE ( 'NONE', *, *, #618, .F. ) ;
#2924 = DIRECTION ( 'NONE',  ( 0.000000000000000000, 0.000000000000000000, 1.000000000000000000 ) ) ;
#2925 = CARTESIAN_POINT ( 'NONE',  ( -50.00000000000002842, -5.000000000000004441, 52.83965329530469290 ) ) ;
#2926 = CARTESIAN_POINT ( 'NONE',  ( 39.99999999999996447, -2.000000000000000000, 44.33965329530470001 ) ) ;
#2927 = ADVANCED_FACE ( 'NONE', ( #53, #1073 ), #4033, .F. ) ;
#2928 = ORIENTED_EDGE ( 'NONE', *, *, #4075, .T. ) ;
#2929 = VERTEX_POINT ( 'NONE', #1404 ) ;
#2930 = CARTESIAN_POINT ( 'NONE',  ( 10.40000000000001279, 0.000000000000000000, -22.60000000000000142 ) ) ;
#2931 = EDGE_CURVE ( 'NONE', #1566, #241, #4009, .T. ) ;
#2932 = DIRECTION ( 'NONE',  ( -2.305280366746587933E-16, -0.000000000000000000, 1.000000000000000000 ) ) ;
#2933 = DIRECTION ( 'NONE',  ( 0.000000000000000000, 0.000000000000000000, -1.000000000000000000 ) ) ;
#2934 = DIRECTION ( 'NONE',  ( 0.000000000000000000, 1.000000000000000000, 0.000000000000000000 ) ) ;
#2935 = CARTESIAN_POINT ( 'NONE',  ( -17.46045377963328704, 10.09469120783090723, 72.59999999999999432 ) ) ;
#2936 = EDGE_CURVE ( 'NONE', #2035, #3718, #747, .T. ) ;
#2937 = ORIENTED_EDGE ( 'NONE', *, *, #2225, .F. ) ;
#2938 = CARTESIAN_POINT ( 'NONE',  ( 14.84816711096118880, 25.13169524920411035, 60.49913920079406893 ) ) ;
#2939 = FACE_OUTER_BOUND ( 'NONE', #1286, .T. ) ;
#2940 = VERTEX_POINT ( 'NONE', #3649 ) ;
#2941 = CARTESIAN_POINT ( 'NONE',  ( -1.599999999999988765, 0.000000000000000000, -9.500000000000003553 ) ) ;
#2942 = FACE_OUTER_BOUND ( 'NONE', #1972, .T. ) ;
#2943 = AXIS2_PLACEMENT_3D ( 'NONE', #1416, #2760, #2650 ) ;
#2944 = ORIENTED_EDGE ( 'NONE', *, *, #1515, .T. ) ;
#2945 = VERTEX_POINT ( 'NONE', #2005 ) ;
#2946 = CARTESIAN_POINT ( 'NONE',  ( 32.90000000000000568, -5.000000000000000000, 62.83965329530470711 ) ) ;
#2947 = ADVANCED_FACE ( 'NONE', ( #27 ), #2094, .F. ) ;
#2948 = CARTESIAN_POINT ( 'NONE',  ( 9.337173988975752792, 26.05376465833189670, 12.60000000000715481 ) ) ;
#2949 = DIRECTION ( 'NONE',  ( 0.000000000000000000, -1.000000000000000000, 0.000000000000000000 ) ) ;
#2950 = CARTESIAN_POINT ( 'NONE',  ( -2.041687604822277624, -5.000000000000004441, 46.52683615330400357 ) ) ;
#2951 = EDGE_CURVE ( 'NONE', #2009, #2293, #4013, .T. ) ;
#2952 = CARTESIAN_POINT ( 'NONE',  ( -5.112913591418740467, 11.53765893882663995, 72.59999999999999432 ) ) ;
#2953 = ORIENTED_EDGE ( 'NONE', *, *, #1599, .F. ) ;
#2954 = FACE_OUTER_BOUND ( 'NONE', #1158, .T. ) ;
#2955 = DIRECTION ( 'NONE',  ( -1.000000000000000000, 0.000000000000000000, -1.001572445714092078E-16 ) ) ;
#2956 = AXIS2_PLACEMENT_3D ( 'NONE', #3637, #3659, #1348 ) ;
#2957 = ORIENTED_EDGE ( 'NONE', *, *, #1746, .F. ) ;
#2958 = ORIENTED_EDGE ( 'NONE', *, *, #4227, .T. ) ;
#2959 = CARTESIAN_POINT ( 'NONE',  ( 20.79999999999999361, -3.000000000000000000, -13.00000000000002309 ) ) ;
#2960 = CARTESIAN_POINT ( 'NONE',  ( 8.399999999999991473, -4.000000000000000000, 72.59999999999999432 ) ) ;
#2961 = DIRECTION ( 'NONE',  ( -1.000000000000000000, 0.000000000000000000, -1.001572445714091955E-16 ) ) ;
#2962 = VERTEX_POINT ( 'NONE', #683 ) ;
#2963 = EDGE_LOOP ( 'NONE', ( #2702, #1071, #3367, #224 ) ) ;
#2964 = VECTOR ( 'NONE', #789, 1000.000000000000000 ) ;
#2965 = ORIENTED_EDGE ( 'NONE', *, *, #1989, .F. ) ;
#2966 = AXIS2_PLACEMENT_3D ( 'NONE', #3236, #1325, #546 ) ;
#2967 = FACE_OUTER_BOUND ( 'NONE', #1754, .T. ) ;
#2968 = DIRECTION ( 'NONE',  ( 0.000000000000000000, 0.000000000000000000, 1.000000000000000000 ) ) ;
#2969 = ADVANCED_FACE ( 'NONE', ( #2746 ), #4052, .F. ) ;
#2970 = AXIS2_PLACEMENT_3D ( 'NONE', #2960, #3267, #3591 ) ;
#2971 = CARTESIAN_POINT ( 'NONE',  ( 39.99999999999996447, -5.000000000000000000, 44.33965329530470001 ) ) ;
#2972 = VECTOR ( 'NONE', #4203, 1000.000000000000000 ) ;
#2973 = CARTESIAN_POINT ( 'NONE',  ( -3.382710778154773834E-14, -2.000000000000000000, 36.83965329530472133 ) ) ;
#2974 = VECTOR ( 'NONE', #2573, 1000.000000000000000 ) ;
#2975 = CARTESIAN_POINT ( 'NONE',  ( -3.261470745039185785E-14, 51.79999999999999716, 46.73965329530471990 ) ) ;
#2976 = CIRCLE ( 'NONE', #3458, 3.000000000000000888 ) ;
#2977 = CIRCLE ( 'NONE', #306, 2.000000000000000000 ) ;
#2978 = CARTESIAN_POINT ( 'NONE',  ( -9.975706120574269420, 10.93327970767293600, 72.60000000000000853 ) ) ;
#2979 = ORIENTED_EDGE ( 'NONE', *, *, #1880, .F. ) ;
#2980 = CARTESIAN_POINT ( 'NONE',  ( -1.413435120970462089, -2.532820814503954576, 23.38621171543879029 ) ) ;
#2981 = PLANE ( 'NONE',  #1775 ) ;
#2982 = AXIS2_PLACEMENT_3D ( 'NONE', #1088, #1133, #2501 ) ;
#2983 = ORIENTED_EDGE ( 'NONE', *, *, #3878, .T. ) ;
#2984 = ORIENTED_EDGE ( 'NONE', *, *, #3026, .T. ) ;
#2985 = DIRECTION ( 'NONE',  ( -0.7071067811865455743, -0.000000000000000000, 0.7071067811865495711 ) ) ;
#2986 = VECTOR ( 'NONE', #1670, 1000.000000000000000 ) ;
#2987 = CARTESIAN_POINT ( 'NONE',  ( -0.3042890632663610151, -2.013025931912784117, 26.94350173885878874 ) ) ;
#2988 = EDGE_CURVE ( 'NONE', #3347, #2118, #3100, .T. ) ;
#2989 = EDGE_LOOP ( 'NONE', ( #2057, #3443, #4128, #359 ) ) ;
#2990 = CIRCLE ( 'NONE', #3065, 4.000000000000003553 ) ;
#2991 = ORIENTED_EDGE ( 'NONE', *, *, #2260, .T. ) ;
#2992 = ORIENTED_EDGE ( 'NONE', *, *, #2665, .F. ) ;
#2993 = CARTESIAN_POINT ( 'NONE',  ( 20.79999999999999361, -3.000000000000000000, 9.999999999999976907 ) ) ;
#2994 = DIRECTION ( 'NONE',  ( 0.000000000000000000, 0.000000000000000000, -1.000000000000000000 ) ) ;
#2995 = CARTESIAN_POINT ( 'NONE',  ( 27.90000000000000213, -5.000000000000000000, -22.60000000000000142 ) ) ;
#2996 = ORIENTED_EDGE ( 'NONE', *, *, #2922, .F. ) ;
#2997 = EDGE_CURVE ( 'NONE', #3671, #2676, #1008, .T. ) ;
#2998 = CARTESIAN_POINT ( 'NONE',  ( 10.40000000000000568, -3.000000000000000000, 7.499999999999996447 ) ) ;
#2999 = CARTESIAN_POINT ( 'NONE',  ( 39.99999999999996447, 51.79999999999999716, 40.33965329530468580 ) ) ;
#3000 = DIRECTION ( 'NONE',  ( 1.000000000000000000, 0.000000000000000000, -1.387778780781445676E-16 ) ) ;
#3001 = ORIENTED_EDGE ( 'NONE', *, *, #3170, .F. ) ;
#3002 = VERTEX_POINT ( 'NONE', #1318 ) ;
#3003 = DIRECTION ( 'NONE',  ( -0.000000000000000000, -1.000000000000000000, -0.000000000000000000 ) ) ;
#3004 = EDGE_CURVE ( 'NONE', #719, #2410, #670, .T. ) ;
#3005 = CARTESIAN_POINT ( 'NONE',  ( -32.89999999999999858, -5.000000000000000888, 62.83965329530476396 ) ) ;
#3006 = EDGE_LOOP ( 'NONE', ( #1895, #4292, #2790, #3416 ) ) ;
#3007 = VERTEX_POINT ( 'NONE', #4 ) ;
#3008 = CARTESIAN_POINT ( 'NONE',  ( -1.791038441146587168, 11.78069737113926507, 72.59999999999999432 ) ) ;
#3009 = DIRECTION ( 'NONE',  ( -0.000000000000000000, -1.000000000000000000, -0.000000000000000000 ) ) ;
#3010 = CARTESIAN_POINT ( 'NONE',  ( 8.400000000000005684, -5.000000000000000000, 7.499999999999996447 ) ) ;
#3011 = ADVANCED_FACE ( 'NONE', ( #2027 ), #3032, .T. ) ;
#3012 = CARTESIAN_POINT ( 'NONE',  ( 12.39999999999996660, -5.000000000000004441, 38.58965329530473554 ) ) ;
#3013 = ORIENTED_EDGE ( 'NONE', *, *, #233, .T. ) ;
#3014 = ORIENTED_EDGE ( 'NONE', *, *, #111, .T. ) ;
#3015 = ORIENTED_EDGE ( 'NONE', *, *, #3867, .T. ) ;
#3016 = FACE_OUTER_BOUND ( 'NONE', #464, .T. ) ;
#3017 = CYLINDRICAL_SURFACE ( 'NONE', #3385, 3.000000000000000888 ) ;
#3018 = DIRECTION ( 'NONE',  ( -0.7071067811865494601, 0.000000000000000000, 0.7071067811865455743 ) ) ;
#3019 = EDGE_LOOP ( 'NONE', ( #2040, #2901, #2491, #2766, #1697, #51, #1366, #44, #1177, #1322, #3401, #4090 ) ) ;
#3020 = CARTESIAN_POINT ( 'NONE',  ( -35.00000000000002842, 25.00000000000000000, 57.83965329530472133 ) ) ;
#3021 = CARTESIAN_POINT ( 'NONE',  ( 39.99999999999996447, 19.99999999999998934, 33.33965329530470001 ) ) ;
#3022 = AXIS2_PLACEMENT_3D ( 'NONE', #2823, #3172, #1508 ) ;
#3023 = ORIENTED_EDGE ( 'NONE', *, *, #748, .T. ) ;
#3024 = DIRECTION ( 'NONE',  ( -0.000000000000000000, -1.000000000000000000, -0.000000000000000000 ) ) ;
#3025 = VECTOR ( 'NONE', #2389, 1000.000000000000000 ) ;
#3026 = EDGE_CURVE ( 'NONE', #898, #3515, #1655, .T. ) ;
#3027 = DIRECTION ( 'NONE',  ( 0.000000000000000000, 0.000000000000000000, -1.000000000000000000 ) ) ;
#3028 = ORIENTED_EDGE ( 'NONE', *, *, #4113, .F. ) ;
#3029 = ORIENTED_EDGE ( 'NONE', *, *, #131, .F. ) ;
#3030 = CIRCLE ( 'NONE', #2822, 4.000000000000003553 ) ;
#3031 = CARTESIAN_POINT ( 'NONE',  ( -40.00000000000003553, 51.79999999999999716, 29.33965329530468225 ) ) ;
#3032 = PLANE ( 'NONE',  #1523 ) ;
#3033 = CARTESIAN_POINT ( 'NONE',  ( 39.99999999999996447, 51.79999999999999716, 46.08965329530470001 ) ) ;
#3034 = AXIS2_PLACEMENT_3D ( 'NONE', #2973, #2949, #2933 ) ;
#3035 = EDGE_CURVE ( 'NONE', #3961, #2160, #1447, .T. ) ;
#3036 = VERTEX_POINT ( 'NONE', #153 ) ;
#3037 = ORIENTED_EDGE ( 'NONE', *, *, #4198, .T. ) ;
#3038 = CARTESIAN_POINT ( 'NONE',  ( -1.548178697348510102, -2.678113566843240534, 46.61829197994315876 ) ) ;
#3039 = DIRECTION ( 'NONE',  ( 0.000000000000000000, -1.000000000000000000, 0.000000000000000000 ) ) ;
#3040 = DIRECTION ( 'NONE',  ( 2.305280366746587933E-16, 0.000000000000000000, -1.000000000000000000 ) ) ;
#3041 = VERTEX_POINT ( 'NONE', #3528 ) ;
#3042 = AXIS2_PLACEMENT_3D ( 'NONE', #1116, #1819, #2463 ) ;
#3043 = CARTESIAN_POINT ( 'NONE',  ( -35.00000000000002842, 25.00000000000000000, 12.93965329530474051 ) ) ;
#3044 = CARTESIAN_POINT ( 'NONE',  ( 22.90000000000000213, 25.00000000000000000, 12.59999999999999609 ) ) ;
#3045 = AXIS2_PLACEMENT_3D ( 'NONE', #1408, #1082, #4084 ) ;
#3046 = DIRECTION ( 'NONE',  ( 0.000000000000000000, 0.000000000000000000, -1.000000000000000000 ) ) ;
#3047 = EDGE_CURVE ( 'NONE', #567, #470, #3162, .T. ) ;
#3048 = VERTEX_POINT ( 'NONE', #3120 ) ;
#3049 = AXIS2_PLACEMENT_3D ( 'NONE', #2843, #4126, #3803 ) ;
#3050 = CARTESIAN_POINT ( 'NONE',  ( 15.80000000000009841, 44.19999999999993889, 38.40000000000016911 ) ) ;
#3051 = VECTOR ( 'NONE', #1530, 1000.000000000000000 ) ;
#3052 = LINE ( 'NONE', #1380, #2140 ) ;
#3053 = PRODUCT_DEFINITION_SHAPE ( 'NONE', 'NONE',  #1846 ) ;
#3054 = ORIENTED_EDGE ( 'NONE', *, *, #223, .T. ) ;
#3055 = EDGE_LOOP ( 'NONE', ( #2149, #3138, #1829, #1743, #674, #2080 ) ) ;
#3056 = CYLINDRICAL_SURFACE ( 'NONE', #1281, 1.750000000000001554 ) ;
#3057 = DIRECTION ( 'NONE',  ( 0.000000000000000000, -1.000000000000000000, 0.000000000000000000 ) ) ;
#3058 = DIRECTION ( 'NONE',  ( 0.000000000000000000, -0.000000000000000000, -1.000000000000000000 ) ) ;
#3059 = VECTOR ( 'NONE', #61, 1000.000000000000114 ) ;
#3060 = VERTEX_POINT ( 'NONE', #4166 ) ;
#3061 = AXIS2_PLACEMENT_3D ( 'NONE', #3462, #461, #2812 ) ;
#3062 = CARTESIAN_POINT ( 'NONE',  ( 49.99999999999997158, -113.4619749036500025, 15.83965329530470356 ) ) ;
#3063 = CARTESIAN_POINT ( 'NONE',  ( 1.372354166186823932, 27.76034670469523746, 12.59999999999999964 ) ) ;
#3064 = EDGE_CURVE ( 'NONE', #2962, #1429, #3875, .T. ) ;
#3065 = AXIS2_PLACEMENT_3D ( 'NONE', #3731, #697, #2715 ) ;
#3066 = CARTESIAN_POINT ( 'NONE',  ( 49.99999999999997158, -113.4619749036500025, 20.83965329530468935 ) ) ;
#3067 = ORIENTED_EDGE ( 'NONE', *, *, #782, .T. ) ;
#3068 = CYLINDRICAL_SURFACE ( 'NONE', #364, 2.000000000000000000 ) ;
#3069 = DIRECTION ( 'NONE',  ( 0.000000000000000000, 0.000000000000000000, -1.000000000000000000 ) ) ;
#3070 = AXIS2_PLACEMENT_3D ( 'NONE', #2010, #2910, #3972 ) ;
#3071 = EDGE_CURVE ( 'NONE', #4158, #2657, #2437, .T. ) ;
#3072 = CARTESIAN_POINT ( 'NONE',  ( -3.700000000000004174, -2.999999999999999112, 9.999999999999976907 ) ) ;
#3073 = DIRECTION ( 'NONE',  ( -0.000000000000000000, 0.000000000000000000, 1.000000000000000000 ) ) ;
#3074 = FACE_OUTER_BOUND ( 'NONE', #254, .T. ) ;
#3075 = EDGE_CURVE ( 'NONE', #3889, #899, #4145, .T. ) ;
#3076 = CARTESIAN_POINT ( 'NONE',  ( -1.599999999999988320, 0.000000000000000000, -12.59999999999999964 ) ) ;
#3077 = ORIENTED_EDGE ( 'NONE', *, *, #560, .T. ) ;
#3078 = ORIENTED_EDGE ( 'NONE', *, *, #1756, .F. ) ;
#3079 = CARTESIAN_POINT ( 'NONE',  ( -2.081668171172168513E-14, 51.79999999999999716, 24.43965329530471209 ) ) ;
#3080 = DIRECTION ( 'NONE',  ( 0.000000000000000000, -1.000000000000000000, 0.000000000000000000 ) ) ;
#3081 = CARTESIAN_POINT ( 'NONE',  ( -3.700000000000004174, -2.999999999999999112, -10.75000000000002309 ) ) ;
#3082 = ORIENTED_EDGE ( 'NONE', *, *, #1730, .F. ) ;
#3083 = DIRECTION ( 'NONE',  ( -0.000000000000000000, -1.000000000000000000, -0.000000000000000000 ) ) ;
#3084 = DIRECTION ( 'NONE',  ( 0.000000000000000000, -1.000000000000000000, 0.000000000000000000 ) ) ;
#3085 = ORIENTED_EDGE ( 'NONE', *, *, #1186, .T. ) ;
#3086 = EDGE_CURVE ( 'NONE', #2305, #1584, #4225, .T. ) ;
#3087 = FACE_OUTER_BOUND ( 'NONE', #2863, .T. ) ;
#3088 = CARTESIAN_POINT ( 'NONE',  ( -0.2842326993048432393, -2.011281691037719366, 47.50880544209201872 ) ) ;
#3089 = MECHANICAL_DESIGN_GEOMETRIC_PRESENTATION_REPRESENTATION (  '', ( #1683 ), #977 ) ;
#3090 = DIRECTION ( 'NONE',  ( 0.000000000000000000, 0.000000000000000000, -1.000000000000000000 ) ) ;
#3091 = VERTEX_POINT ( 'NONE', #2116 ) ;
#3092 = ADVANCED_FACE ( 'NONE', ( #3486 ), #1122, .F. ) ;
#3093 = DIRECTION ( 'NONE',  ( 1.000000000000000000, -0.000000000000000000, 1.385561881770612682E-16 ) ) ;
#3094 = CYLINDRICAL_SURFACE ( 'NONE', #231, 4.000000000000010658 ) ;
#3095 = CARTESIAN_POINT ( 'NONE',  ( -3.382710778154773834E-14, 37.07106781186549682, 36.83965329530472133 ) ) ;
#3096 = CIRCLE ( 'NONE', #3635, 0.7500000000000024425 ) ;
#3097 = VERTEX_POINT ( 'NONE', #1868 ) ;
#3098 = VERTEX_POINT ( 'NONE', #3755 ) ;
#3099 = CARTESIAN_POINT ( 'NONE',  ( -2.081668171172168513E-14, 51.79999999999999716, 24.43965329530471209 ) ) ;
#3100 = LINE ( 'NONE', #3010, #323 ) ;
#3101 = DIRECTION ( 'NONE',  ( 0.000000000000000000, 0.000000000000000000, -1.000000000000000000 ) ) ;
#3102 = VERTEX_POINT ( 'NONE', #2513 ) ;
#3103 = DIRECTION ( 'NONE',  ( 0.000000000000000000, 0.000000000000000000, -1.000000000000000000 ) ) ;
#3104 = CARTESIAN_POINT ( 'NONE',  ( 8.400000000000005684, -2.000000000000000000, 5.499999999999996447 ) ) ;
#3105 = DIRECTION ( 'NONE',  ( 0.000000000000000000, 0.000000000000000000, -1.000000000000000000 ) ) ;
#3106 = VERTEX_POINT ( 'NONE', #3818 ) ;
#3107 = AXIS2_PLACEMENT_3D ( 'NONE', #2523, #3541, #3893 ) ;
#3108 = LINE ( 'NONE', #733, #3579 ) ;
#3109 = CARTESIAN_POINT ( 'NONE',  ( -1.340321701931229459, -2.476122132898878281, 50.36987322010383394 ) ) ;
#3110 = CARTESIAN_POINT ( 'NONE',  ( -3.700000000000004174, -3.000000000000000000, -13.00000000000002309 ) ) ;
#3111 = AXIS2_PLACEMENT_3D ( 'NONE', #147, #3114, #2807 ) ;
#3112 = CARTESIAN_POINT ( 'NONE',  ( 0.000000000000000000, 0.000000000000000000, 72.59999999999999432 ) ) ;
#3113 = CARTESIAN_POINT ( 'NONE',  ( 11.79649362758485509, 10.68361220303708592, 72.59999999999999432 ) ) ;
#3114 = DIRECTION ( 'NONE',  ( -0.000000000000000000, -1.000000000000000000, -0.000000000000000000 ) ) ;
#3115 = CARTESIAN_POINT ( 'NONE',  ( 17.36744964892441345, 10.09918637942450381, 72.59999999999998010 ) ) ;
#3116 = CIRCLE ( 'NONE', #1009, 29.07106781186540800 ) ;
#3117 = EDGE_LOOP ( 'NONE', ( #2827, #1293, #3623, #382 ) ) ;
#3118 = ORIENTED_EDGE ( 'NONE', *, *, #3071, .T. ) ;
#3119 = PLANE ( 'NONE',  #3991 ) ;
#3120 = CARTESIAN_POINT ( 'NONE',  ( -3.261470745039185785E-14, -2.000000000000000000, 46.73965329530471990 ) ) ;
#3121 = EDGE_CURVE ( 'NONE', #3651, #151, #1425, .T. ) ;
#3122 = ORIENTED_EDGE ( 'NONE', *, *, #1241, .T. ) ;
#3123 = VERTEX_POINT ( 'NONE', #765 ) ;
#3124 = CARTESIAN_POINT ( 'NONE',  ( 39.99999999999996447, -5.000000000000000000, 46.08965329530470001 ) ) ;
#3125 = DIRECTION ( 'NONE',  ( -1.000000000000000000, 0.000000000000000000, 1.515042337097648137E-16 ) ) ;
#3126 = EDGE_CURVE ( 'NONE', #3091, #2692, #2183, .T. ) ;
#3127 = DIRECTION ( 'NONE',  ( -1.387778780781445676E-16, 0.000000000000000000, -1.000000000000000000 ) ) ;
#3128 = VERTEX_POINT ( 'NONE', #502 ) ;
#3129 = VECTOR ( 'NONE', #2700, 1000.000000000000000 ) ;
#3130 = DIRECTION ( 'NONE',  ( 0.5773502691896232886, -0.5773502691896251759, -0.5773502691896288397 ) ) ;
#3131 = LINE ( 'NONE', #1462, #570 ) ;
#3132 = AXIS2_PLACEMENT_3D ( 'NONE', #1563, #4234, #1887 ) ;
#3133 = DIRECTION ( 'NONE',  ( -0.000000000000000000, -1.000000000000000000, -0.000000000000000000 ) ) ;
#3134 = PLANE ( 'NONE',  #2670 ) ;
#3135 = SURFACE_STYLE_USAGE ( .BOTH. , #2441 ) ;
#3136 = LINE ( 'NONE', #3657, #29 ) ;
#3137 = CARTESIAN_POINT ( 'NONE',  ( 18.54615676874718488, 10.03725579992160455, 72.59999999999999432 ) ) ;
#3138 = ORIENTED_EDGE ( 'NONE', *, *, #1889, .T. ) ;
#3139 = ORIENTED_EDGE ( 'NONE', *, *, #1880, .T. ) ;
#3140 = EDGE_CURVE ( 'NONE', #2052, #2532, #1848, .T. ) ;
#3141 = DIRECTION ( 'NONE',  ( -0.000000000000000000, -1.000000000000000000, -0.000000000000000000 ) ) ;
#3142 = CARTESIAN_POINT ( 'NONE',  ( -22.89999999999999503, 25.00000000000000000, 12.60000000000000142 ) ) ;
#3143 = ORIENTED_EDGE ( 'NONE', *, *, #4020, .F. ) ;
#3144 = ORIENTED_EDGE ( 'NONE', *, *, #1599, .T. ) ;
#3145 = EDGE_CURVE ( 'NONE', #1141, #308, #1471, .T. ) ;
#3146 = CARTESIAN_POINT ( 'NONE',  ( -40.00000000000003553, -2.000000000000001776, 44.33965329530468580 ) ) ;
#3147 = CARTESIAN_POINT ( 'NONE',  ( -1.599999999999986766, 0.000000000000000000, -22.60000000000000142 ) ) ;
#3148 = CARTESIAN_POINT ( 'NONE',  ( -3.700000000000004174, 0.000000000000000000, 10.74999999999997868 ) ) ;
#3149 = VERTEX_POINT ( 'NONE', #4098 ) ;
#3150 = ORIENTED_EDGE ( 'NONE', *, *, #1220, .F. ) ;
#3151 = CARTESIAN_POINT ( 'NONE',  ( 20.79999999999999361, 0.000000000000000000, 9.249999999999975131 ) ) ;
#3152 = DIRECTION ( 'NONE',  ( 0.000000000000000000, 0.000000000000000000, -1.000000000000000000 ) ) ;
#3153 = VERTEX_POINT ( 'NONE', #178 ) ;
#3154 = DIRECTION ( 'NONE',  ( 1.000000000000000000, 0.000000000000000000, 1.001572445714091955E-16 ) ) ;
#3155 = LINE ( 'NONE', #146, #1053 ) ;
#3156 = CIRCLE ( 'NONE', #910, 1.750000000000001554 ) ;
#3157 = CARTESIAN_POINT ( 'NONE',  ( 39.99999999999996447, 51.79999999999999716, 42.58965329530469290 ) ) ;
#3158 = CARTESIAN_POINT ( 'NONE',  ( 3.160286289359064416, 11.70174791569368367, 72.59999999999999432 ) ) ;
#3159 = ORIENTED_EDGE ( 'NONE', *, *, #202, .F. ) ;
#3160 = ORIENTED_EDGE ( 'NONE', *, *, #3433, .F. ) ;
#3161 = PLANE ( 'NONE',  #868 ) ;
#3162 = LINE ( 'NONE', #440, #1870 ) ;
#3163 = ADVANCED_FACE ( 'NONE', ( #2469 ), #3776, .F. ) ;
#3164 = SHAPE_DEFINITION_REPRESENTATION ( #3053, #2666 ) ;
#3165 = EDGE_LOOP ( 'NONE', ( #825, #599, #33, #3733, #3023, #2008, #4153, #1675, #966 ) ) ;
#3166 = AXIS2_PLACEMENT_3D ( 'NONE', #826, #514, #2560 ) ;
#3167 = DIRECTION ( 'NONE',  ( -0.7071067811865455743, 0.000000000000000000, 0.7071067811865493491 ) ) ;
#3168 = LINE ( 'NONE', #1476, #3269 ) ;
#3169 = CARTESIAN_POINT ( 'NONE',  ( -1.599999999999988987, -2.000000000000000000, -7.500000000000003553 ) ) ;
#3170 = EDGE_CURVE ( 'NONE', #386, #696, #4122, .T. ) ;
#3171 = EDGE_LOOP ( 'NONE', ( #3971, #636, #4123, #2538 ) ) ;
#3172 = DIRECTION ( 'NONE',  ( 0.000000000000000000, -1.000000000000000000, 0.000000000000000000 ) ) ;
#3173 = DIRECTION ( 'NONE',  ( -0.000000000000000000, -1.000000000000000000, -0.000000000000000000 ) ) ;
#3174 = EDGE_LOOP ( 'NONE', ( #1354, #3608, #1251, #814, #3696, #3013, #763, #1934, #4291, #3924, #3868, #927, #4005, #1912, #3840, #506, #150, #678 ) ) ;
#3175 = PLANE ( 'NONE',  #2476 ) ;
#3176 = CARTESIAN_POINT ( 'NONE',  ( -7.579561168093673196, 25.36185060344886821, 62.98572849958993203 ) ) ;
#3177 = LINE ( 'NONE', #4161, #516 ) ;
#3178 = CARTESIAN_POINT ( 'NONE',  ( 7.557804678943739418, 11.25672645717335030, 72.60000000000000853 ) ) ;
#3179 = EDGE_CURVE ( 'NONE', #1323, #474, #2231, .T. ) ;
#3180 = ORIENTED_EDGE ( 'NONE', *, *, #1809, .T. ) ;
#3181 = CARTESIAN_POINT ( 'NONE',  ( -18.01741078596413814, 25.03225569638325965, 58.92498887922139517 ) ) ;
#3182 = DIRECTION ( 'NONE',  ( 0.000000000000000000, 0.000000000000000000, -1.000000000000000000 ) ) ;
#3183 = AXIS2_PLACEMENT_3D ( 'NONE', #922, #1914, #3612 ) ;
#3184 = ORIENTED_EDGE ( 'NONE', *, *, #750, .F. ) ;
#3185 = VECTOR ( 'NONE', #2985, 1000.000000000000114 ) ;
#3186 = PLANE ( 'NONE',  #2136 ) ;
#3187 = CYLINDRICAL_SURFACE ( 'NONE', #4136, 4.000000000000010658 ) ;
#3188 = CARTESIAN_POINT ( 'NONE',  ( -12.40000000000003411, -5.000000000000004441, 35.08965329530470001 ) ) ;
#3189 = AXIS2_PLACEMENT_3D ( 'NONE', #429, #2520, #3451 ) ;
#3190 = ORIENTED_EDGE ( 'NONE', *, *, #393, .T. ) ;
#3191 = DIRECTION ( 'NONE',  ( -0.000000000000000000, -1.000000000000000000, -0.000000000000000000 ) ) ;
#3192 = EDGE_CURVE ( 'NONE', #3347, #3060, #3586, .T. ) ;
#3193 = CARTESIAN_POINT ( 'NONE',  ( -2.742499662044285635, 27.61519031967074511, 12.60000000000000142 ) ) ;
#3194 = CARTESIAN_POINT ( 'NONE',  ( -36.56982664765244806, 23.43017335234758747, 59.16982664765228606 ) ) ;
#3195 = DIRECTION ( 'NONE',  ( 1.000000000000000000, 0.000000000000000000, 0.000000000000000000 ) ) ;
#3196 = ADVANCED_FACE ( 'NONE', ( #2314 ), #2270, .F. ) ;
#3197 = AXIS2_PLACEMENT_3D ( 'NONE', #3798, #130, #1099 ) ;
#3198 = CARTESIAN_POINT ( 'NONE',  ( -1.599999999999988987, 0.000000000000000000, -7.500000000000003553 ) ) ;
#3199 = CARTESIAN_POINT ( 'NONE',  ( 2.545053505568875885, 11.73826492898752250, 72.59999999999999432 ) ) ;
#3200 = CIRCLE ( 'NONE', #2784, 3.000000000000000888 ) ;
#3201 = EDGE_LOOP ( 'NONE', ( #369, #1189, #2510, #3348 ) ) ;
#3202 = ORIENTED_EDGE ( 'NONE', *, *, #3477, .F. ) ;
#3203 = CARTESIAN_POINT ( 'NONE',  ( -3.700000000000004174, 0.000000000000000000, -10.00000000000002309 ) ) ;
#3204 = CARTESIAN_POINT ( 'NONE',  ( -12.40000000000003411, -5.000000000000004441, 36.83965329530470711 ) ) ;
#3205 = DIRECTION ( 'NONE',  ( 0.000000000000000000, 0.000000000000000000, 1.000000000000000000 ) ) ;
#3206 = VECTOR ( 'NONE', #1107, 1000.000000000000000 ) ;
#3207 = VERTEX_POINT ( 'NONE', #2550 ) ;
#3208 = CARTESIAN_POINT ( 'NONE',  ( -0.8371155191215133851, -2.161615253628751177, 25.98073740524811015 ) ) ;
#3209 = DIRECTION ( 'NONE',  ( 0.000000000000000000, -1.000000000000000000, 0.000000000000000000 ) ) ;
#3210 = FACE_OUTER_BOUND ( 'NONE', #57, .T. ) ;
#3211 = ORIENTED_EDGE ( 'NONE', *, *, #1853, .T. ) ;
#3212 = EDGE_LOOP ( 'NONE', ( #2965, #1468, #642, #1140, #2446, #4270, #1917 ) ) ;
#3213 = CARTESIAN_POINT ( 'NONE',  ( -40.00000000000003553, -2.000000000000001776, 29.33965329530468225 ) ) ;
#3214 = CARTESIAN_POINT ( 'NONE',  ( 22.90000000000000213, 25.00000000000000000, 12.59999999999999609 ) ) ;
#3215 = EDGE_CURVE ( 'NONE', #3773, #767, #256, .T. ) ;
#3216 = DIRECTION ( 'NONE',  ( 0.000000000000000000, -1.000000000000000000, 0.000000000000000000 ) ) ;
#3217 = CARTESIAN_POINT ( 'NONE',  ( 16.00074532814912232, 25.09146067646620537, 59.96431197407980562 ) ) ;
#3218 = LINE ( 'NONE', #1034, #1920 ) ;
#3219 = CARTESIAN_POINT ( 'NONE',  ( -9.735661209789849835, 10.96611001973652044, 72.60000000000000853 ) ) ;
#3220 = ADVANCED_FACE ( 'NONE', ( #2939 ), #2252, .F. ) ;
#3221 = ORIENTED_EDGE ( 'NONE', *, *, #160, .T. ) ;
#3222 = ORIENTED_EDGE ( 'NONE', *, *, #1916, .T. ) ;
#3223 = CARTESIAN_POINT ( 'NONE',  ( -7.423388195933669387, 25.36417129189660358, 63.00678411221829833 ) ) ;
#3224 = DIRECTION ( 'NONE',  ( 0.000000000000000000, 0.000000000000000000, -1.000000000000000000 ) ) ;
#3225 = EDGE_CURVE ( 'NONE', #2698, #2321, #3262, .T. ) ;
#3226 = VERTEX_POINT ( 'NONE', #960 ) ;
#3227 = ORIENTED_EDGE ( 'NONE', *, *, #1028, .T. ) ;
#3228 = DIRECTION ( 'NONE',  ( 0.000000000000000000, 0.000000000000000000, -1.000000000000000000 ) ) ;
#3229 = DIRECTION ( 'NONE',  ( 0.000000000000000000, 1.000000000000000000, 0.000000000000000000 ) ) ;
#3230 = DIRECTION ( 'NONE',  ( 0.000000000000000000, 1.000000000000000000, 0.000000000000000000 ) ) ;
#3231 = EDGE_CURVE ( 'NONE', #2337, #505, #3200, .T. ) ;
#3232 = ORIENTED_EDGE ( 'NONE', *, *, #3463, .T. ) ;
#3233 = DIRECTION ( 'NONE',  ( -0.000000000000000000, 1.000000000000000000, -0.000000000000000000 ) ) ;
#3234 = CARTESIAN_POINT ( 'NONE',  ( 16.04886886498543319, 25.00000000000000000, 12.59999999999999609 ) ) ;
#3235 = CONICAL_SURFACE ( 'NONE', #1907, 17.00000000000000000, 0.7853981633974427279 ) ;
#3236 = CARTESIAN_POINT ( 'NONE',  ( 39.99999999999996447, -2.000000000000001776, 29.33965329530469646 ) ) ;
#3237 = CARTESIAN_POINT ( 'NONE',  ( -12.47787680960710333, 10.59685361719205510, 72.59999999999999432 ) ) ;
#3238 = VERTEX_POINT ( 'NONE', #3625 ) ;
#3239 = VERTEX_POINT ( 'NONE', #1268 ) ;
#3240 = CIRCLE ( 'NONE', #2830, 5.000000000000000888 ) ;
#3241 = CARTESIAN_POINT ( 'NONE',  ( -2.844792361831531835, 25.43950532463333047, 63.71605696022191978 ) ) ;
#3242 = CARTESIAN_POINT ( 'NONE',  ( 37.90000000000001279, -113.4619749036500025, 15.83965329530470356 ) ) ;
#3243 = EDGE_CURVE ( 'NONE', #151, #39, #1378, .T. ) ;
#3244 = ORIENTED_EDGE ( 'NONE', *, *, #376, .F. ) ;
#3245 = DIRECTION ( 'NONE',  ( 0.000000000000000000, 0.000000000000000000, -1.000000000000000000 ) ) ;
#3246 = VECTOR ( 'NONE', #2471, 1000.000000000000000 ) ;
#3247 = CARTESIAN_POINT ( 'NONE',  ( -2.041687604822277624, -2.000000000000000000, 72.59999999999999432 ) ) ;
#3248 = DIRECTION ( 'NONE',  ( 0.000000000000000000, 1.000000000000000000, 0.000000000000000000 ) ) ;
#3249 = B_SPLINE_CURVE_WITH_KNOTS ( 'NONE', 3,
 ( #152, #1451, #2205, #1824, #3181, #4097, #177, #1121, #1495, #4165, #2468, #2835, #4143, #3775, #1168, #2529, #1190, #2512, #3461, #1801, #3567, #4185, #3624, #1970, #296, #3296, #1585, #2549, #3223, #590, #4252, #2588, #2269, #2229, #917, #1562, #3241, #2920, #238, #1605, #627, #2294, #3940, #1930, #1209, #4233, #1621, #2898, #3606, #2250, #938, #3585, #4208, #3548, #568, #610, #1249, #550, #1230, #4271, #1886, #2626, #2877, #3900, #2606, #2568, #2938, #216, #3260, #900, #3881, #959, #1908, #255, #1289, #1267, #3859, #3921 ),
 .UNSPECIFIED., .F., .F.,
 ( 4, 2, 2, 1, 1, 1, 2, 2, 2, 2, 1, 1, 1, 2, 2, 2, 2, 1, 1, 1, 2, 2, 2, 2, 2, 2, 2, 2, 1, 1, 1, 2, 2, 2, 2, 1, 1, 1, 2, 2, 2, 2, 1, 1, 1, 2, 2, 4 ),
 ( 0.000000000000000000, 0.06250000000001121325, 0.09375000000001681988, 0.1093750000000194705, 0.1171875000000208028, 0.1210937500000214551, 0.1230468750000218020, 0.1250000000000221212, 0.1875000000000236478, 0.2187500000000244527, 0.2343750000000248690, 0.2421875000000252021, 0.2460937500000254519, 0.2480468750000253964, 0.2500000000000253686, 0.3125000000000230371, 0.3437500000000219269, 0.3593750000000213718, 0.3671875000000211497, 0.3710937500000208722, 0.3730468750000208167, 0.3750000000000207057, 0.4375000000000168754, 0.4687500000000149325, 0.4843750000000139333, 0.5000000000000129896, 0.5625000000000091038, 0.5937500000000071054, 0.6093750000000062172, 0.6171875000000057732, 0.6210937500000056621, 0.6230468750000055511, 0.6250000000000054401, 0.6875000000000032196, 0.7187500000000021094, 0.7343750000000017764, 0.7421875000000014433, 0.7460937500000013323, 0.7480468750000012212, 0.7500000000000011102, 0.8125000000000019984, 0.8437500000000023315, 0.8593750000000024425, 0.8671875000000026645, 0.8710937500000028866, 0.8730468750000028866, 0.8750000000000028866, 1.000000000000000000 ),
 .UNSPECIFIED. ) ;
#3250 = ORIENTED_EDGE ( 'NONE', *, *, #1910, .T. ) ;
#3251 = VECTOR ( 'NONE', #1649, 1000.000000000000000 ) ;
#3252 = ORIENTED_EDGE ( 'NONE', *, *, #2301, .T. ) ;
#3253 = CARTESIAN_POINT ( 'NONE',  ( -50.00000000000002842, 9.999999999999953815, 20.83965329530474619 ) ) ;
#3254 = FACE_OUTER_BOUND ( 'NONE', #2106, .T. ) ;
#3255 = DIRECTION ( 'NONE',  ( 1.000000000000000000, 0.000000000000000000, 1.001572445714091955E-16 ) ) ;
#3256 = CARTESIAN_POINT ( 'NONE',  ( -25.24999999999997868, -5.000000000000000000, -25.24999999999997868 ) ) ;
#3257 = CARTESIAN_POINT ( 'NONE',  ( -7.689899668671377420, 11.23983777291026165, 72.59999999999999432 ) ) ;
#3258 = ORIENTED_EDGE ( 'NONE', *, *, #400, .F. ) ;
#3259 = VECTOR ( 'NONE', #3084, 1000.000000000000000 ) ;
#3260 = CARTESIAN_POINT ( 'NONE',  ( 15.78107041808876687, 25.09953074013858298, 60.06395470897720656 ) ) ;
#3261 = CARTESIAN_POINT ( 'NONE',  ( -0.04168760482227765185, -2.000000000000000000, 50.98915669444522791 ) ) ;
#3262 = CIRCLE ( 'NONE', #4297, 1.750000000000005107 ) ;
#3263 = EDGE_CURVE ( 'NONE', #720, #1141, #3860, .T. ) ;
#3264 = ORIENTED_EDGE ( 'NONE', *, *, #870, .F. ) ;
#3265 = CARTESIAN_POINT ( 'NONE',  ( -12.40000000000003411, -5.000000000000004441, 35.08965329530470001 ) ) ;
#3266 = VECTOR ( 'NONE', #580, 1000.000000000000114 ) ;
#3267 = DIRECTION ( 'NONE',  ( 0.000000000000000000, -0.000000000000000000, -1.000000000000000000 ) ) ;
#3268 = CARTESIAN_POINT ( 'NONE',  ( -3.382710778154773834E-14, 35.00000000000002842, 19.83965329530471777 ) ) ;
#3269 = VECTOR ( 'NONE', #2797, 1000.000000000000000 ) ;
#3270 = ORIENTED_EDGE ( 'NONE', *, *, #2127, .F. ) ;
#3271 = ORIENTED_EDGE ( 'NONE', *, *, #2296, .T. ) ;
#3272 = VERTEX_POINT ( 'NONE', #1541 ) ;
#3273 = CARTESIAN_POINT ( 'NONE',  ( -3.382710778154773834E-14, 51.79999999999999716, 36.83965329530472133 ) ) ;
#3274 = EDGE_CURVE ( 'NONE', #3363, #3665, #3899, .T. ) ;
#3275 = CARTESIAN_POINT ( 'NONE',  ( 39.99999999999996447, 19.99999999999998934, 40.33965329530468580 ) ) ;
#3276 = DIRECTION ( 'NONE',  ( 0.000000000000000000, 0.000000000000000000, 1.000000000000000000 ) ) ;
#3277 = CARTESIAN_POINT ( 'NONE',  ( -7.595267519935895884, 11.25195409410325098, 72.60000000000000853 ) ) ;
#3278 = EDGE_LOOP ( 'NONE', ( #3734, #3001, #2886, #2937, #1734 ) ) ;
#3279 = DIRECTION ( 'NONE',  ( -0.000000000000000000, 0.7071067811865437980, 0.7071067811865513475 ) ) ;
#3280 = CARTESIAN_POINT ( 'NONE',  ( -40.00000000000003553, -5.000000000000000000, 29.33965329530468225 ) ) ;
#3281 = ORIENTED_EDGE ( 'NONE', *, *, #2092, .T. ) ;
#3282 = ORIENTED_EDGE ( 'NONE', *, *, #1396, .F. ) ;
#3283 = CARTESIAN_POINT ( 'NONE',  ( -40.00000000000003553, -2.000000000000000000, 48.33965329530469290 ) ) ;
#3284 = EDGE_CURVE ( 'NONE', #3546, #3651, #4110, .T. ) ;
#3285 = LINE ( 'NONE', #1627, #3185 ) ;
#3286 = DIRECTION ( 'NONE',  ( 0.000000000000000000, 0.000000000000000000, -1.000000000000000000 ) ) ;
#3287 = VECTOR ( 'NONE', #2299, 1000.000000000000000 ) ;
#3288 = VERTEX_POINT ( 'NONE', #1951 ) ;
#3289 = VERTEX_POINT ( 'NONE', #1210 ) ;
#3290 = DIRECTION ( 'NONE',  ( 0.000000000000000000, -1.000000000000000000, 0.000000000000000000 ) ) ;
#3291 = CARTESIAN_POINT ( 'NONE',  ( 20.79999999999999361, -3.000000000000000000, -7.000000000000022204 ) ) ;
#3292 = DIRECTION ( 'NONE',  ( -0.000000000000000000, -1.000000000000000000, -0.000000000000000000 ) ) ;
#3293 = FACE_BOUND ( 'NONE', #849, .T. ) ;
#3294 = CARTESIAN_POINT ( 'NONE',  ( -7.293233289393434404, 11.29020067299467733, 72.59999999999999432 ) ) ;
#3295 = EDGE_LOOP ( 'NONE', ( #2405, #2979, #3159, #3846 ) ) ;
#3296 = CARTESIAN_POINT ( 'NONE',  ( -8.989598129476425115, 25.32451931765379527, 62.62029585473153048 ) ) ;
#3297 = DIRECTION ( 'NONE',  ( 0.000000000000000000, 0.000000000000000000, -1.000000000000000000 ) ) ;
#3298 = EDGE_CURVE ( 'NONE', #767, #1571, #2230, .T. ) ;
#3299 = CIRCLE ( 'NONE', #4196, 1.750000000000005107 ) ;
#3300 = VERTEX_POINT ( 'NONE', #3261 ) ;
#3301 = EDGE_LOOP ( 'NONE', ( #4184, #2772, #619, #3139 ) ) ;
#3302 = CARTESIAN_POINT ( 'NONE',  ( -11.90892970008468588, 10.66865456473924390, 72.59999999999999432 ) ) ;
#3303 = DIRECTION ( 'NONE',  ( 0.000000000000000000, -1.000000000000000000, 0.000000000000000000 ) ) ;
#3304 = AXIS2_PLACEMENT_3D ( 'NONE', #2400, #3713, #3 ) ;
#3305 = CARTESIAN_POINT ( 'NONE',  ( -22.89999999999999503, 0.000000000000000000, 12.60000000000000142 ) ) ;
#3306 = VECTOR ( 'NONE', #638, 1000.000000000000000 ) ;
#3307 = EDGE_CURVE ( 'NONE', #3615, #2209, #1308, .T. ) ;
#3308 = ORIENTED_EDGE ( 'NONE', *, *, #185, .T. ) ;
#3309 = AXIS2_PLACEMENT_3D ( 'NONE', #3203, #1540, #197 ) ;
#3310 = ORIENTED_EDGE ( 'NONE', *, *, #1947, .T. ) ;
#3311 = FACE_OUTER_BOUND ( 'NONE', #161, .T. ) ;
#3312 = DIRECTION ( 'NONE',  ( 0.000000000000000000, 0.000000000000000000, -1.000000000000000000 ) ) ;
#3313 = AXIS2_PLACEMENT_3D ( 'NONE', #4218, #3229, #2300 ) ;
#3314 = CARTESIAN_POINT ( 'NONE',  ( 34.99999999999997868, 25.00000000000000000, 57.59999999999989484 ) ) ;
#3315 = B_SPLINE_CURVE_WITH_KNOTS ( 'NONE', 3,
 ( #2478, #515, #804, #143, #3193, #166, #473, #1510 ),
 .UNSPECIFIED., .F., .F.,
 ( 4, 2, 2, 4 ),
 ( 0.004103402057182407164, 0.008160355286183690673, 0.01018883190068433156, 0.01221730851518497418 ),
 .UNSPECIFIED. ) ;
#3316 = DIRECTION ( 'NONE',  ( 0.000000000000000000, 0.000000000000000000, -1.000000000000000000 ) ) ;
#3317 = DIRECTION ( 'NONE',  ( 0.000000000000000000, -0.000000000000000000, -1.000000000000000000 ) ) ;
#3318 = DIRECTION ( 'NONE',  ( 0.000000000000000000, 0.000000000000000000, -1.000000000000000000 ) ) ;
#3319 = ADVANCED_FACE ( 'NONE', ( #2921, #276 ), #2627, .T. ) ;
#3320 = EDGE_LOOP ( 'NONE', ( #3082, #3641, #180, #2983, #3402, #2267, #982, #3910, #2497, #2749 ) ) ;
#3321 = CIRCLE ( 'NONE', #319, 14.90000000000000391 ) ;
#3322 = CYLINDRICAL_SURFACE ( 'NONE', #1502, 2.000000000000000000 ) ;
#3323 = CARTESIAN_POINT ( 'NONE',  ( 39.99999999999996447, -5.000000000000000000, 29.33965329530469646 ) ) ;
#3324 = VECTOR ( 'NONE', #3173, 1000.000000000000000 ) ;
#3325 = ORIENTED_EDGE ( 'NONE', *, *, #2023, .T. ) ;
#3326 = VERTEX_POINT ( 'NONE', #2899 ) ;
#3327 = CARTESIAN_POINT ( 'NONE',  ( -13.59417157611766847, 10.45505485671768042, 72.59999999999999432 ) ) ;
#3328 = DIRECTION ( 'NONE',  ( 0.5773502691896210681, -0.5773502691896312822, 0.5773502691896251759 ) ) ;
#3329 = DIRECTION ( 'NONE',  ( 0.000000000000000000, 0.000000000000000000, -1.000000000000000000 ) ) ;
#3330 = CIRCLE ( 'NONE', #3471, 9.899999999999998579 ) ;
#3331 = CARTESIAN_POINT ( 'NONE',  ( -1.988225249315201504, -3.472053504836701165, 27.14082181475640709 ) ) ;
#3332 = ORIENTED_EDGE ( 'NONE', *, *, #1936, .T. ) ;
#3333 = ORIENTED_EDGE ( 'NONE', *, *, #2951, .T. ) ;
#3334 = CARTESIAN_POINT ( 'NONE',  ( -40.00000000000003553, -2.000000000000000000, 44.33965329530468580 ) ) ;
#3335 = CARTESIAN_POINT ( 'NONE',  ( 20.35030683854490974, 25.00000000000000000, 57.59999999999989484 ) ) ;
#3336 = CARTESIAN_POINT ( 'NONE',  ( -32.89999999999999858, 25.00000000000000000, -17.59999999999995524 ) ) ;
#3337 = EDGE_LOOP ( 'NONE', ( #2479, #2984 ) ) ;
#3338 = LINE ( 'NONE', #339, #1216 ) ;
#3339 = DIRECTION ( 'NONE',  ( -0.000000000000000000, -1.000000000000000000, -0.000000000000000000 ) ) ;
#3340 = ADVANCED_FACE ( 'NONE', ( #2569 ), #3902, .F. ) ;
#3341 = ADVANCED_FACE ( 'NONE', ( #2376 ), #21, .F. ) ;
#3342 = DIRECTION ( 'NONE',  ( -0.000000000000000000, -1.000000000000000000, -0.000000000000000000 ) ) ;
#3343 = EDGE_LOOP ( 'NONE', ( #1650, #1, #3789, #1096 ) ) ;
#3344 = LINE ( 'NONE', #2064, #1986 ) ;
#3345 = EDGE_CURVE ( 'NONE', #2692, #4175, #297, .T. ) ;
#3346 = CARTESIAN_POINT ( 'NONE',  ( -40.00000000000003553, 19.99999999999998224, 40.33965329530467159 ) ) ;
#3347 = VERTEX_POINT ( 'NONE', #4027 ) ;
#3348 = ORIENTED_EDGE ( 'NONE', *, *, #1159, .T. ) ;
#3349 = CARTESIAN_POINT ( 'NONE',  ( -2.081668171172168513E-14, -5.000000000000004441, 24.43965329530471209 ) ) ;
#3350 = CARTESIAN_POINT ( 'NONE',  ( 111.7309874518249586, -51.73098745182522862, 57.83965329530470001 ) ) ;
#3351 = CARTESIAN_POINT ( 'NONE',  ( 20.79999999999999361, -3.000000000000000000, 9.999999999999976907 ) ) ;
#3352 = ORIENTED_EDGE ( 'NONE', *, *, #2215, .F. ) ;
#3353 = ORIENTED_EDGE ( 'NONE', *, *, #2431, .F. ) ;
#3354 = LINE ( 'NONE', #1388, #193 ) ;
#3355 = AXIS2_PLACEMENT_3D ( 'NONE', #3479, #476, #851 ) ;
#3356 = CARTESIAN_POINT ( 'NONE',  ( 49.99999999999997158, 9.999999999999953815, 52.83965329530469290 ) ) ;
#3357 = DIRECTION ( 'NONE',  ( -1.000000000000000000, 0.000000000000000000, 1.515042337097648137E-16 ) ) ;
#3358 = EDGE_LOOP ( 'NONE', ( #2171, #1528, #363, #3834 ) ) ;
#3359 = CARTESIAN_POINT ( 'NONE',  ( 39.99999999999996447, 19.99999999999998934, 25.33965329530469290 ) ) ;
#3360 = CARTESIAN_POINT ( 'NONE',  ( -1.749982517363506851, -2.959938226395349314, 49.11864666460761697 ) ) ;
#3361 = DIRECTION ( 'NONE',  ( -0.000000000000000000, 1.000000000000000000, -0.000000000000000000 ) ) ;
#3362 = VECTOR ( 'NONE', #2150, 1000.000000000000000 ) ;
#3363 = VERTEX_POINT ( 'NONE', #1732 ) ;
#3364 = CYLINDRICAL_SURFACE ( 'NONE', #3545, 2.000000000000000000 ) ;
#3365 = CARTESIAN_POINT ( 'NONE',  ( 22.90000000000000213, 0.000000000000000000, 12.59999999999999609 ) ) ;
#3366 = VERTEX_POINT ( 'NONE', #2335 ) ;
#3367 = ORIENTED_EDGE ( 'NONE', *, *, #992, .F. ) ;
#3368 = AXIS2_PLACEMENT_3D ( 'NONE', #3851, #3873, #4135 ) ;
#3369 = EDGE_CURVE ( 'NONE', #3920, #3207, #2990, .T. ) ;
#3370 = LINE ( 'NONE', #1715, #865 ) ;
#3371 = CARTESIAN_POINT ( 'NONE',  ( -1.599999999999988765, 0.000000000000000000, -9.500000000000003553 ) ) ;
#3372 = LINE ( 'NONE', #2747, #2292 ) ;
#3373 = VECTOR ( 'NONE', #2058, 1000.000000000000000 ) ;
#3374 = ORIENTED_EDGE ( 'NONE', *, *, #748, .F. ) ;
#3375 = ADVANCED_FACE ( 'NONE', ( #1663 ), #1644, .F. ) ;
#3376 = CARTESIAN_POINT ( 'NONE',  ( 32.90000000000000568, 25.00000000000000000, -22.60000000000000142 ) ) ;
#3377 = DIRECTION ( 'NONE',  ( -0.000000000000000000, -1.000000000000000000, -0.000000000000000000 ) ) ;
#3378 = DIRECTION ( 'NONE',  ( -0.000000000000000000, -1.000000000000000000, -0.000000000000000000 ) ) ;
#3379 = CIRCLE ( 'NONE', #3923, 4.000000000000003553 ) ;
#3380 = EDGE_LOOP ( 'NONE', ( #2742, #3883 ) ) ;
#3381 = DIRECTION ( 'NONE',  ( -0.000000000000000000, -1.000000000000000000, -0.000000000000000000 ) ) ;
#3382 = CARTESIAN_POINT ( 'NONE',  ( -1.530309327011132758, -2.657525634249473967, 48.36374372821502732 ) ) ;
#3383 = EDGE_CURVE ( 'NONE', #2272, #3226, #640, .T. ) ;
#3384 = VECTOR ( 'NONE', #3125, 1000.000000000000000 ) ;
#3385 = AXIS2_PLACEMENT_3D ( 'NONE', #2246, #1677, #3563 ) ;
#3386 = DIRECTION ( 'NONE',  ( 0.000000000000000000, 0.000000000000000000, 1.000000000000000000 ) ) ;
#3387 = VECTOR ( 'NONE', #718, 1000.000000000000000 ) ;
#3388 = EDGE_LOOP ( 'NONE', ( #1381, #1549, #1769, #3758, #200, #2576, #3553, #1032, #3437, #4079 ) ) ;
#3389 = DIRECTION ( 'NONE',  ( 1.000000000000000000, -0.000000000000000000, 0.000000000000000000 ) ) ;
#3390 = DIRECTION ( 'NONE',  ( 0.7071067811865463515, 0.7071067811865486830, -9.813077866773578460E-17 ) ) ;
#3391 = VECTOR ( 'NONE', #3090, 1000.000000000000000 ) ;
#3392 = EDGE_CURVE ( 'NONE', #2684, #3981, #676, .T. ) ;
#3393 = CARTESIAN_POINT ( 'NONE',  ( 32.90000000000000568, 25.00000000000000000, 22.59999999999999432 ) ) ;
#3394 = ORIENTED_EDGE ( 'NONE', *, *, #2065, .T. ) ;
#3395 = ORIENTED_EDGE ( 'NONE', *, *, #1588, .F. ) ;
#3396 = VECTOR ( 'NONE', #2674, 1000.000000000000000 ) ;
#3397 = DIRECTION ( 'NONE',  ( 0.000000000000000000, -1.000000000000000000, 0.000000000000000000 ) ) ;
#3398 = DIRECTION ( 'NONE',  ( 0.000000000000000000, 0.000000000000000000, -1.000000000000000000 ) ) ;
#3399 = CARTESIAN_POINT ( 'NONE',  ( -32.89999999999999147, 0.000000000000000000, -5.500000000000008882 ) ) ;
#3400 = ADVANCED_FACE ( 'NONE', ( #4314 ), #3364, .F. ) ;
#3401 = ORIENTED_EDGE ( 'NONE', *, *, #2004, .T. ) ;
#3402 = ORIENTED_EDGE ( 'NONE', *, *, #947, .F. ) ;
#3403 = DIRECTION ( 'NONE',  ( 0.000000000000000000, -0.000000000000000000, 1.000000000000000000 ) ) ;
#3404 = CARTESIAN_POINT ( 'NONE',  ( 32.90000000000000568, -5.000000000000000000, 22.59999999999999432 ) ) ;
#3405 = EDGE_CURVE ( 'NONE', #2410, #719, #1659, .T. ) ;
#3406 = AXIS2_PLACEMENT_3D ( 'NONE', #3204, #1931, #3941 ) ;
#3407 = DIRECTION ( 'NONE',  ( 0.000000000000000000, 0.000000000000000000, -1.000000000000000000 ) ) ;
#3408 = CARTESIAN_POINT ( 'NONE',  ( -3.382710778154773834E-14, 51.79999999999999716, 21.93965329530471919 ) ) ;
#3409 = LINE ( 'NONE', #2756, #8 ) ;
#3410 = CARTESIAN_POINT ( 'NONE',  ( -17.72537059016777761, 10.07884808086308048, 72.59999999999999432 ) ) ;
#3411 = EDGE_CURVE ( 'NONE', #3366, #1004, #324, .T. ) ;
#3412 = DIRECTION ( 'NONE',  ( 0.000000000000000000, -1.000000000000000000, 0.000000000000000000 ) ) ;
#3413 = CARTESIAN_POINT ( 'NONE',  ( -5.358312395177730281, -3.000000000000000000, 7.499999999999994671 ) ) ;
#3414 = DIRECTION ( 'NONE',  ( 0.000000000000000000, 0.000000000000000000, 1.000000000000000000 ) ) ;
#3415 = VERTEX_POINT ( 'NONE', #1066 ) ;
#3416 = ORIENTED_EDGE ( 'NONE', *, *, #957, .F. ) ;
#3417 = FACE_OUTER_BOUND ( 'NONE', #4169, .T. ) ;
#3418 = CARTESIAN_POINT ( 'NONE',  ( 39.99999999999996447, 51.79999999999999716, 29.33965329530469646 ) ) ;
#3419 = CARTESIAN_POINT ( 'NONE',  ( -40.00000000000003553, 19.99999999999998224, 48.33965329530469290 ) ) ;
#3420 = ORIENTED_EDGE ( 'NONE', *, *, #4081, .T. ) ;
#3421 = EDGE_CURVE ( 'NONE', #4029, #612, #1355, .T. ) ;
#3422 = EDGE_LOOP ( 'NONE', ( #3190, #2384 ) ) ;
#3423 = DIRECTION ( 'NONE',  ( 0.000000000000000000, 0.000000000000000000, -1.000000000000000000 ) ) ;
#3424 = CARTESIAN_POINT ( 'NONE',  ( 49.99999999999997158, 9.999999999999953815, 20.83965329530468935 ) ) ;
#3425 = CARTESIAN_POINT ( 'NONE',  ( 22.90000000000000213, 25.00000000000000000, -12.60000000000000320 ) ) ;
#3426 = AXIS2_PLACEMENT_3D ( 'NONE', #4277, #921, #2924 ) ;
#3427 = CARTESIAN_POINT ( 'NONE',  ( -3.700000000000004174, 0.000000000000000000, -9.250000000000021316 ) ) ;
#3428 = CARTESIAN_POINT ( 'NONE',  ( -0.04168760482233581366, -1.999999999999643174, 47.49014989616380689 ) ) ;
#3429 = CIRCLE ( 'NONE', #2038, 1.750000000000001554 ) ;
#3430 = DIRECTION ( 'NONE',  ( -0.000000000000000000, -1.000000000000000000, -0.000000000000000000 ) ) ;
#3431 = FACE_BOUND ( 'NONE', #186, .T. ) ;
#3432 = DIRECTION ( 'NONE',  ( -2.305280366746587933E-16, 0.000000000000000000, 1.000000000000000000 ) ) ;
#3433 = EDGE_CURVE ( 'NONE', #2662, #3123, #3344, .T. ) ;
#3434 = DIRECTION ( 'NONE',  ( -0.000000000000000000, -1.000000000000000000, -0.000000000000000000 ) ) ;
#3435 = DIRECTION ( 'NONE',  ( -0.5773502691896228445, -0.5773502691896248429, 0.5773502691896296168 ) ) ;
#3436 = ORIENTED_EDGE ( 'NONE', *, *, #3075, .T. ) ;
#3437 = ORIENTED_EDGE ( 'NONE', *, *, #864, .T. ) ;
#3438 = LINE ( 'NONE', #3506, #932 ) ;
#3439 = EDGE_CURVE ( 'NONE', #962, #3632, #1332, .T. ) ;
#3440 = CARTESIAN_POINT ( 'NONE',  ( -22.89999999999999503, 25.00000000000000000, 12.60000000000000142 ) ) ;
#3441 =( LENGTH_UNIT ( ) NAMED_UNIT ( * ) SI_UNIT ( .MILLI., .METRE. ) );
#3442 = VERTEX_POINT ( 'NONE', #2647 ) ;
#3443 = ORIENTED_EDGE ( 'NONE', *, *, #1150, .F. ) ;
#3444 = CARTESIAN_POINT ( 'NONE',  ( 8.400000000000011013, -2.000000000000000000, -12.60000000000000142 ) ) ;
#3445 = DIRECTION ( 'NONE',  ( 0.000000000000000000, 0.000000000000000000, -1.000000000000000000 ) ) ;
#3446 = LINE ( 'NONE', #3404, #1576 ) ;
#3447 = ADVANCED_FACE ( 'NONE', ( #3074 ), #2981, .F. ) ;
#3448 = LINE ( 'NONE', #4108, #1020 ) ;
#3449 = LINE ( 'NONE', #1086, #368 ) ;
#3450 = CARTESIAN_POINT ( 'NONE',  ( 20.79999999999999361, -5.000000000000000000, -13.00000000000002309 ) ) ;
#3451 = DIRECTION ( 'NONE',  ( 0.000000000000000000, 0.000000000000000000, -1.000000000000000000 ) ) ;
#3452 = ADVANCED_FACE ( 'NONE', ( #1312 ), #3960, .T. ) ;
#3453 = DIRECTION ( 'NONE',  ( 0.000000000000000000, 0.000000000000000000, -1.000000000000000000 ) ) ;
#3454 = CARTESIAN_POINT ( 'NONE',  ( -8.539769439822105568, 11.13069948086342720, 72.59999999999999432 ) ) ;
#3455 = DIRECTION ( 'NONE',  ( 0.000000000000000000, -1.000000000000000000, 0.000000000000000000 ) ) ;
#3456 = CARTESIAN_POINT ( 'NONE',  ( 11.13662780321119961, 10.77491533715739891, 72.60000000000000853 ) ) ;
#3457 = ADVANCED_FACE ( 'NONE', ( #343 ), #1687, .F. ) ;
#3458 = AXIS2_PLACEMENT_3D ( 'NONE', #2276, #1297, #575 ) ;
#3459 = ORIENTED_EDGE ( 'NONE', *, *, #1028, .F. ) ;
#3460 = VECTOR ( 'NONE', #3342, 1000.000000000000000 ) ;
#3461 = CARTESIAN_POINT ( 'NONE',  ( -12.54624345383444783, 25.21259010301789516, 61.45564447527559793 ) ) ;
#3462 = CARTESIAN_POINT ( 'NONE',  ( 39.99999999999996447, 51.79999999999999716, 29.33965329530469646 ) ) ;
#3463 = EDGE_CURVE ( 'NONE', #3128, #1942, #1466, .T. ) ;
#3464 = EDGE_LOOP ( 'NONE', ( #925, #3858 ) ) ;
#3465 = AXIS2_PLACEMENT_3D ( 'NONE', #1497, #3205, #4167 ) ;
#3466 = CARTESIAN_POINT ( 'NONE',  ( -1.750017446031398416, -2.959995598681275375, 24.56015372823435783 ) ) ;
#3467 = LINE ( 'NONE', #885, #257 ) ;
#3468 = DIRECTION ( 'NONE',  ( 0.000000000000000000, 0.000000000000000000, -1.000000000000000000 ) ) ;
#3469 = CARTESIAN_POINT ( 'NONE',  ( -40.00000000000003553, 19.99999999999998224, 48.33965329530469290 ) ) ;
#3470 = ORIENTED_EDGE ( 'NONE', *, *, #4020, .T. ) ;
#3471 = AXIS2_PLACEMENT_3D ( 'NONE', #1051, #2673, #395 ) ;
#3472 = ORIENTED_EDGE ( 'NONE', *, *, #4191, .T. ) ;
#3473 = CARTESIAN_POINT ( 'NONE',  ( 44.99999999999995737, 14.99999999999999289, 57.83965329530470711 ) ) ;
#3474 = VECTOR ( 'NONE', #239, 1000.000000000000114 ) ;
#3475 = LINE ( 'NONE', #1856, #3324 ) ;
#3476 = ORIENTED_EDGE ( 'NONE', *, *, #1402, .F. ) ;
#3477 = EDGE_CURVE ( 'NONE', #3007, #2663, #2417, .T. ) ;
#3478 = DIRECTION ( 'NONE',  ( 0.000000000000000000, -1.000000000000000000, 0.000000000000000000 ) ) ;
#3479 = CARTESIAN_POINT ( 'NONE',  ( 34.99999999999997868, 25.00000000000000000, 0.000000000000000000 ) ) ;
#3480 = CARTESIAN_POINT ( 'NONE',  ( 20.79999999999999361, -2.999999999999999112, 9.999999999999976907 ) ) ;
#3481 = CIRCLE ( 'NONE', #3614, 1.750000000000001554 ) ;
#3482 = CARTESIAN_POINT ( 'NONE',  ( 3.894457836171762999, 11.65005619695595662, 72.59999999999999432 ) ) ;
#3483 = ORIENTED_EDGE ( 'NONE', *, *, #2622, .F. ) ;
#3484 = EDGE_LOOP ( 'NONE', ( #1085, #1188, #3508, #711 ) ) ;
#3485 = DIRECTION ( 'NONE',  ( 0.000000000000000000, -1.000000000000000000, 0.000000000000000000 ) ) ;
#3486 = FACE_OUTER_BOUND ( 'NONE', #2014, .T. ) ;
#3487 = ORIENTED_EDGE ( 'NONE', *, *, #1509, .T. ) ;
#3488 = VERTEX_POINT ( 'NONE', #4138 ) ;
#3489 = DIRECTION ( 'NONE',  ( 0.000000000000000000, -1.000000000000000000, 0.000000000000000000 ) ) ;
#3490 = DIRECTION ( 'NONE',  ( -1.001572445714091955E-16, 0.000000000000000000, 1.000000000000000000 ) ) ;
#3491 = PLANE ( 'NONE',  #657 ) ;
#3492 = VERTEX_POINT ( 'NONE', #3812 ) ;
#3493 = CARTESIAN_POINT ( 'NONE',  ( -2.041687604822277624, -2.000000000000000000, 7.499999999999994671 ) ) ;
#3494 = ADVANCED_FACE ( 'NONE', ( #2786 ), #2855, .F. ) ;
#3495 = DIRECTION ( 'NONE',  ( 0.000000000000000000, 0.000000000000000000, -1.000000000000000000 ) ) ;
#3496 = ORIENTED_EDGE ( 'NONE', *, *, #1478, .T. ) ;
#3497 = DIRECTION ( 'NONE',  ( 0.000000000000000000, 0.000000000000000000, -1.000000000000000000 ) ) ;
#3498 = CARTESIAN_POINT ( 'NONE',  ( -13.84117956292831231, 25.16716364119293203, 60.94459552415268178 ) ) ;
#3499 = VECTOR ( 'NONE', #3432, 1000.000000000000000 ) ;
#3500 = DIRECTION ( 'NONE',  ( -0.7071067811865453523, 0.000000000000000000, 0.7071067811865496822 ) ) ;
#3501 = ADVANCED_FACE ( 'NONE', ( #1185 ), #2507, .T. ) ;
#3502 = CARTESIAN_POINT ( 'NONE',  ( 10.64176741777060009, 10.84211227702820324, 72.60000000000000853 ) ) ;
#3503 = ORIENTED_EDGE ( 'NONE', *, *, #387, .F. ) ;
#3504 = AXIS2_PLACEMENT_3D ( 'NONE', #1307, #4311, #2331 ) ;
#3505 = ORIENTED_EDGE ( 'NONE', *, *, #3477, .T. ) ;
#3506 = CARTESIAN_POINT ( 'NONE',  ( 10.40000000000000568, -4.000000000000000000, 7.499999999999996447 ) ) ;
#3507 = DIRECTION ( 'NONE',  ( -0.000000000000000000, -0.000000000000000000, 1.000000000000000000 ) ) ;
#3508 = ORIENTED_EDGE ( 'NONE', *, *, #1910, .F. ) ;
#3509 = ADVANCED_FACE ( 'NONE', ( #170 ), #833, .T. ) ;
#3510 = VERTEX_POINT ( 'NONE', #1136 ) ;
#3511 = DIRECTION ( 'NONE',  ( -0.7071067811865503483, 0.000000000000000000, 0.7071067811865446862 ) ) ;
#3512 = CARTESIAN_POINT ( 'NONE',  ( -3.382710778154773834E-14, 35.00000000000002842, 36.83965329530472133 ) ) ;
#3513 = LINE ( 'NONE', #3147, #3532 ) ;
#3514 = ADVANCED_FACE ( 'NONE', ( #2482 ), #3094, .F. ) ;
#3515 = VERTEX_POINT ( 'NONE', #456 ) ;
#3516 = AXIS2_PLACEMENT_3D ( 'NONE', #4026, #3478, #3707 ) ;
#3517 = DIRECTION ( 'NONE',  ( 0.000000000000000000, -1.000000000000000000, 0.000000000000000000 ) ) ;
#3518 = DIRECTION ( 'NONE',  ( 0.000000000000000000, 0.000000000000000000, -1.000000000000000000 ) ) ;
#3519 = ORIENTED_EDGE ( 'NONE', *, *, #659, .T. ) ;
#3520 = LINE ( 'NONE', #4159, #1137 ) ;
#3521 = DIRECTION ( 'NONE',  ( -1.515042337097648137E-16, 0.000000000000000000, -1.000000000000000000 ) ) ;
#3522 = LINE ( 'NONE', #2639, #724 ) ;
#3523 = CARTESIAN_POINT ( 'NONE',  ( 5.159138369371956578, 11.53305522160076002, 72.59999999999999432 ) ) ;
#3524 = CIRCLE ( 'NONE', #4060, 0.7500000000000006661 ) ;
#3525 = EDGE_LOOP ( 'NONE', ( #916, #3250, #4299, #4055, #2887, #3244, #2655, #2068, #593 ) ) ;
#3526 = ORIENTED_EDGE ( 'NONE', *, *, #4289, .F. ) ;
#3527 = CARTESIAN_POINT ( 'NONE',  ( 12.39999999999996660, -5.000000000000004441, 38.58965329530473554 ) ) ;
#3528 = CARTESIAN_POINT ( 'NONE',  ( 12.39999999999996660, -5.000000000000004441, 35.08965329530472843 ) ) ;
#3529 = CIRCLE ( 'NONE', #2211, 3.000000000000000888 ) ;
#3530 = EDGE_LOOP ( 'NONE', ( #572, #2000, #3232, #1193 ) ) ;
#3531 = CARTESIAN_POINT ( 'NONE',  ( -1.656127080439221411, -2.817538756534552657, 25.01548689053671737 ) ) ;
#3532 = VECTOR ( 'NONE', #798, 1000.000000000000000 ) ;
#3533 = CARTESIAN_POINT ( 'NONE',  ( 22.90000000000000213, 25.00000000000000000, -12.60000000000000320 ) ) ;
#3534 = DIRECTION ( 'NONE',  ( -0.000000000000000000, -1.000000000000000000, -0.000000000000000000 ) ) ;
#3535 = ADVANCED_FACE ( 'NONE', ( #742 ), #2110, .F. ) ;
#3536 = CIRCLE ( 'NONE', #1999, 4.000000000000010658 ) ;
#3537 = VERTEX_POINT ( 'NONE', #1842 ) ;
#3538 = DIRECTION ( 'NONE',  ( 0.000000000000000000, 0.000000000000000000, -1.000000000000000000 ) ) ;
#3539 = EDGE_CURVE ( 'NONE', #140, #1300, #1574, .T. ) ;
#3540 = CARTESIAN_POINT ( 'NONE',  ( 9.899400396903821786, -2.676444466661793253, 36.36074208122393259 ) ) ;
#3541 = DIRECTION ( 'NONE',  ( 0.000000000000000000, -1.000000000000000000, 0.000000000000000000 ) ) ;
#3542 = VECTOR ( 'NONE', #3882, 1000.000000000000000 ) ;
#3543 = CARTESIAN_POINT ( 'NONE',  ( 20.79999999999999361, -2.999999999999999112, -10.75000000000002487 ) ) ;
#3544 = CARTESIAN_POINT ( 'NONE',  ( -12.73524021119576766, 10.56392329228138571, 72.59999999999999432 ) ) ;
#3545 = AXIS2_PLACEMENT_3D ( 'NONE', #2664, #1998, #365 ) ;
#3546 = VERTEX_POINT ( 'NONE', #2831 ) ;
#3547 = EDGE_LOOP ( 'NONE', ( #4024, #196 ) ) ;
#3548 = CARTESIAN_POINT ( 'NONE',  ( 7.353346621088009627, 25.36713047774750507, 63.03630348952578544 ) ) ;
#3549 = CARTESIAN_POINT ( 'NONE',  ( -3.382710778154773834E-14, 51.79999999999999716, 36.83965329530472133 ) ) ;
#3550 = VECTOR ( 'NONE', #247, 1000.000000000000000 ) ;
#3551 = ADVANCED_FACE ( 'NONE', ( #810 ), #1163, .F. ) ;
#3552 = VERTEX_POINT ( 'NONE', #3413 ) ;
#3553 = ORIENTED_EDGE ( 'NONE', *, *, #1192, .T. ) ;
#3554 = CARTESIAN_POINT ( 'NONE',  ( -5.358312395177676990, -3.000000000000000000, -7.500000000000003553 ) ) ;
#3555 = CARTESIAN_POINT ( 'NONE',  ( 22.90000000000000213, 25.00000000000000000, 12.59999999999999609 ) ) ;
#3556 = LINE ( 'NONE', #843, #2351 ) ;
#3557 = EDGE_CURVE ( 'NONE', #787, #3492, #3177, .T. ) ;
#3558 = ORIENTED_EDGE ( 'NONE', *, *, #1047, .F. ) ;
#3559 = DIRECTION ( 'NONE',  ( 0.000000000000000000, 0.000000000000000000, 1.000000000000000000 ) ) ;
#3560 = EDGE_CURVE ( 'NONE', #3828, #3981, #2088, .T. ) ;
#3561 = DIRECTION ( 'NONE',  ( 0.000000000000000000, 0.000000000000000000, 1.000000000000000000 ) ) ;
#3562 = DIRECTION ( 'NONE',  ( 0.000000000000000000, -1.000000000000000000, 0.000000000000000000 ) ) ;
#3563 = DIRECTION ( 'NONE',  ( 0.000000000000000000, 0.000000000000000000, -1.000000000000000000 ) ) ;
#3564 = CARTESIAN_POINT ( 'NONE',  ( -7.493961385970980160, 11.26485544613051992, 72.59999999999999432 ) ) ;
#3565 = VERTEX_POINT ( 'NONE', #783 ) ;
#3566 = ORIENTED_EDGE ( 'NONE', *, *, #2897, .T. ) ;
#3567 = CARTESIAN_POINT ( 'NONE',  ( -12.29153308154360502, 25.22131522017201988, 61.55151935283502951 ) ) ;
#3568 = CARTESIAN_POINT ( 'NONE',  ( -0.04168760482227765185, -4.000000000000000000, 5.499999999999996447 ) ) ;
#3569 = ORIENTED_EDGE ( 'NONE', *, *, #1594, .F. ) ;
#3570 = EDGE_CURVE ( 'NONE', #2945, #614, #4058, .T. ) ;
#3571 = DIRECTION ( 'NONE',  ( -0.000000000000000000, 1.000000000000000000, -0.000000000000000000 ) ) ;
#3572 = DIRECTION ( 'NONE',  ( 0.000000000000000000, 1.000000000000000000, 0.000000000000000000 ) ) ;
#3573 = CARTESIAN_POINT ( 'NONE',  ( -32.89999999999999858, -5.000000000000000000, -7.500000000000000000 ) ) ;
#3574 = ORIENTED_EDGE ( 'NONE', *, *, #3064, .F. ) ;
#3575 = CARTESIAN_POINT ( 'NONE',  ( 8.031357294035709415, 26.46446609406733330, 12.59999999999999787 ) ) ;
#3576 = CARTESIAN_POINT ( 'NONE',  ( 9.892203118482063573, -2.668120390592283009, 37.29609048886954525 ) ) ;
#3577 = CARTESIAN_POINT ( 'NONE',  ( 31.99999999999995381, 28.00000000000003197, 48.33965329530470711 ) ) ;
#3578 = LINE ( 'NONE', #3256, #1556 ) ;
#3579 = VECTOR ( 'NONE', #3130, 1000.000000000000000 ) ;
#3580 = EDGE_CURVE ( 'NONE', #976, #4188, #2685, .T. ) ;
#3581 = CARTESIAN_POINT ( 'NONE',  ( -12.74690186166213657, 10.56244403617071015, 72.59999999999999432 ) ) ;
#3582 = ORIENTED_EDGE ( 'NONE', *, *, #1074, .F. ) ;
#3583 = ORIENTED_EDGE ( 'NONE', *, *, #1897, .F. ) ;
#3584 = VECTOR ( 'NONE', #3817, 1000.000000000000000 ) ;
#3585 = CARTESIAN_POINT ( 'NONE',  ( 6.278603435783654874, 25.38873873915062518, 63.24150977575001775 ) ) ;
#3586 = LINE ( 'NONE', #1909, #1170 ) ;
#3587 = EDGE_CURVE ( 'NONE', #420, #3238, #3136, .T. ) ;
#3588 = AXIS2_PLACEMENT_3D ( 'NONE', #477, #2762, #2157 ) ;
#3589 = VERTEX_POINT ( 'NONE', #852 ) ;
#3590 = CARTESIAN_POINT ( 'NONE',  ( -2.081668171172168513E-14, -5.000000000000004441, 26.18965329530471564 ) ) ;
#3591 = DIRECTION ( 'NONE',  ( 1.000000000000000000, 0.000000000000000000, 0.000000000000000000 ) ) ;
#3592 = CARTESIAN_POINT ( 'NONE',  ( -3.382710778154773834E-14, 37.07106781186549682, 36.83965329530472133 ) ) ;
#3593 = EDGE_CURVE ( 'NONE', #4232, #1248, #4062, .T. ) ;
#3594 = VECTOR ( 'NONE', #2112, 1000.000000000000114 ) ;
#3595 = ORIENTED_EDGE ( 'NONE', *, *, #2665, .T. ) ;
#3596 = ORIENTED_EDGE ( 'NONE', *, *, #2540, .F. ) ;
#3597 = CYLINDRICAL_SURFACE ( 'NONE', #2713, 3.000000000000000888 ) ;
#3598 = AXIS2_PLACEMENT_3D ( 'NONE', #1628, #2961, #2635 ) ;
#3599 = DIRECTION ( 'NONE',  ( -2.305280366746587933E-16, 0.000000000000000000, 1.000000000000000000 ) ) ;
#3600 = CARTESIAN_POINT ( 'NONE',  ( -50.00000000000002842, 9.999999999999953815, 52.83965329530470001 ) ) ;
#3601 = VECTOR ( 'NONE', #971, 1000.000000000000000 ) ;
#3602 = CARTESIAN_POINT ( 'NONE',  ( -11.49420574962845798, 10.72619083727856903, 72.59999999999999432 ) ) ;
#3603 = EDGE_CURVE ( 'NONE', #1365, #1486, #3522, .T. ) ;
#3604 = ORIENTED_EDGE ( 'NONE', *, *, #3121, .T. ) ;
#3605 = AXIS2_PLACEMENT_3D ( 'NONE', #3967, #2341, #3329 ) ;
#3606 = CARTESIAN_POINT ( 'NONE',  ( 5.882768191359817322, 25.39643562406437383, 63.31436823799335656 ) ) ;
#3607 = CARTESIAN_POINT ( 'NONE',  ( -1.773738412391412167, -3.000000000000000000, 12.29989484457518856 ) ) ;
#3608 = ORIENTED_EDGE ( 'NONE', *, *, #3215, .T. ) ;
#3609 = ORIENTED_EDGE ( 'NONE', *, *, #1298, .F. ) ;
#3610 = CARTESIAN_POINT ( 'NONE',  ( -40.00000000000003553, -2.000000000000000000, 44.33965329530468580 ) ) ;
#3611 = ADVANCED_FACE ( 'NONE', ( #1902 ), #3952, .F. ) ;
#3612 = DIRECTION ( 'NONE',  ( 0.000000000000000000, 0.000000000000000000, -1.000000000000000000 ) ) ;
#3613 = LINE ( 'NONE', #3305, #3251 ) ;
#3614 = AXIS2_PLACEMENT_3D ( 'NONE', #4016, #2750, #2053 ) ;
#3615 = VERTEX_POINT ( 'NONE', #2201 ) ;
#3616 = ORIENTED_EDGE ( 'NONE', *, *, #1478, .F. ) ;
#3617 = DIRECTION ( 'NONE',  ( 0.000000000000000000, 0.000000000000000000, -1.000000000000000000 ) ) ;
#3618 = CARTESIAN_POINT ( 'NONE',  ( -3.599999999999988542, 0.000000000000000000, -9.500000000000003553 ) ) ;
#3619 = CARTESIAN_POINT ( 'NONE',  ( -9.337173988975866479, 26.05376465832677724, 12.60000000000000142 ) ) ;
#3620 = DIRECTION ( 'NONE',  ( 0.7071067811865474617, -0.000000000000000000, -0.7071067811865474617 ) ) ;
#3621 = EDGE_CURVE ( 'NONE', #989, #1646, #4274, .T. ) ;
#3622 = CARTESIAN_POINT ( 'NONE',  ( -1.886723002926674164, 11.77040277740435847, 72.59999999999999432 ) ) ;
#3623 = ORIENTED_EDGE ( 'NONE', *, *, #3580, .F. ) ;
#3624 = CARTESIAN_POINT ( 'NONE',  ( -12.21674346093627506, 25.22386485299964676, 61.57937203700507922 ) ) ;
#3625 = CARTESIAN_POINT ( 'NONE',  ( -32.89999999999999858, -5.000000000000000000, 62.83965329530474975 ) ) ;
#3626 = ORIENTED_EDGE ( 'NONE', *, *, #1379, .T. ) ;
#3627 = ORIENTED_EDGE ( 'NONE', *, *, #64, .T. ) ;
#3628 = CARTESIAN_POINT ( 'NONE',  ( -2.081668171172168513E-14, -2.000000000000000000, 24.43965329530471209 ) ) ;
#3629 = CARTESIAN_POINT ( 'NONE',  ( -44.99999999999997158, 15.00000000000005862, 57.83965329530472133 ) ) ;
#3630 = DIRECTION ( 'NONE',  ( 0.000000000000000000, 1.000000000000000000, 0.000000000000000000 ) ) ;
#3631 = ORIENTED_EDGE ( 'NONE', *, *, #3439, .T. ) ;
#3632 = VERTEX_POINT ( 'NONE', #3876 ) ;
#3633 = DIRECTION ( 'NONE',  ( 1.385561881770612928E-16, 0.000000000000000000, -1.000000000000000000 ) ) ;
#3634 = CARTESIAN_POINT ( 'NONE',  ( 10.40000000000000568, 0.000000000000000000, 5.499999999999997335 ) ) ;
#3635 = AXIS2_PLACEMENT_3D ( 'NONE', #1682, #1349, #3977 ) ;
#3636 = LINE ( 'NONE', #14, #4006 ) ;
#3637 = CARTESIAN_POINT ( 'NONE',  ( 39.99999999999996447, 51.79999999999999716, 44.33965329530470001 ) ) ;
#3638 = CARTESIAN_POINT ( 'NONE',  ( 8.400000000000007461, -2.000000000000000000, 7.499999999999996447 ) ) ;
#3639 = CARTESIAN_POINT ( 'NONE',  ( -35.00000000000002842, 25.00000000000000000, 0.000000000000000000 ) ) ;
#3640 = CIRCLE ( 'NONE', #859, 9.899999999999998579 ) ;
#3641 = ORIENTED_EDGE ( 'NONE', *, *, #3140, .T. ) ;
#3642 = DIRECTION ( 'NONE',  ( 0.000000000000000000, 0.000000000000000000, 1.000000000000000000 ) ) ;
#3643 = CARTESIAN_POINT ( 'NONE',  ( 47.99999999999997158, 11.99999999999995559, 33.33965329530470001 ) ) ;
#3644 = EDGE_LOOP ( 'NONE', ( #626, #2179, #726, #3566, #1336, #1352 ) ) ;
#3645 = EDGE_LOOP ( 'NONE', ( #2117, #2649 ) ) ;
#3646 = PRODUCT_RELATED_PRODUCT_CATEGORY ( 'part', '', ( #3697 ) ) ;
#3647 = CARTESIAN_POINT ( 'NONE',  ( 18.62655234253455205, 9.999886999088111850, 72.59999999999996589 ) ) ;
#3648 = CARTESIAN_POINT ( 'NONE',  ( -22.89999999999999503, -2.000000000000000000, -7.500000000000006217 ) ) ;
#3649 = CARTESIAN_POINT ( 'NONE',  ( 20.79999999999999361, -5.000000000000000000, -7.000000000000022204 ) ) ;
#3650 = CARTESIAN_POINT ( 'NONE',  ( -3.382710778154773834E-14, 25.00000000000000000, 36.83965329530472133 ) ) ;
#3651 = VERTEX_POINT ( 'NONE', #1534 ) ;
#3652 = ORIENTED_EDGE ( 'NONE', *, *, #2075, .T. ) ;
#3653 = EDGE_LOOP ( 'NONE', ( #3353, #860, #2765, #1078 ) ) ;
#3654 = AXIS2_PLACEMENT_3D ( 'NONE', #4285, #2011, #2994 ) ;
#3655 = CYLINDRICAL_SURFACE ( 'NONE', #3810, 1.750000000000001554 ) ;
#3656 = EDGE_CURVE ( 'NONE', #2321, #2698, #2486, .T. ) ;
#3657 = CARTESIAN_POINT ( 'NONE',  ( -32.89999999999999858, -5.000000000000000000, 22.59999999999999432 ) ) ;
#3658 = DIRECTION ( 'NONE',  ( 0.000000000000000000, 1.000000000000000000, 0.000000000000000000 ) ) ;
#3659 = DIRECTION ( 'NONE',  ( -0.000000000000000000, -1.000000000000000000, -0.000000000000000000 ) ) ;
#3660 = CARTESIAN_POINT ( 'NONE',  ( -2.041687604822277624, -4.000000000000000000, 7.499999999999994671 ) ) ;
#3661 = ADVANCED_FACE ( 'NONE', ( #1654 ), #3854, .F. ) ;
#3662 =( BOUNDED_CURVE ( )  B_SPLINE_CURVE ( 3, ( #3359, #120, #1461, #2435 ),
 .UNSPECIFIED., .F., .T. ) 
 B_SPLINE_CURVE_WITH_KNOTS ( ( 4, 4 ),
 ( 1.570796326794896558, 4.712388980384689674 ),
 .UNSPECIFIED. ) 
 CURVE ( )  GEOMETRIC_REPRESENTATION_ITEM ( )  RATIONAL_B_SPLINE_CURVE ( ( 1.000000000000000000, 0.3333333333333333703, 0.3333333333333333703, 1.000000000000000000 ) ) 
 REPRESENTATION_ITEM ( '' )  );
#3663 = CYLINDRICAL_SURFACE ( 'NONE', #2219, 9.899999999999998579 ) ;
#3664 =( GEOMETRIC_REPRESENTATION_CONTEXT ( 3 ) GLOBAL_UNCERTAINTY_ASSIGNED_CONTEXT ( ( #2740 ) ) GLOBAL_UNIT_ASSIGNED_CONTEXT ( ( #3441, #1211, #528 ) ) REPRESENTATION_CONTEXT ( 'NONE', 'WORKASPACE' ) );
#3665 = VERTEX_POINT ( 'NONE', #1345 ) ;
#3666 = VECTOR ( 'NONE', #2889, 1000.000000000000000 ) ;
#3667 = EDGE_CURVE ( 'NONE', #3753, #2783, #2326, .T. ) ;
#3668 = DIRECTION ( 'NONE',  ( 0.000000000000000000, -1.000000000000000000, 0.000000000000000000 ) ) ;
#3669 = CARTESIAN_POINT ( 'NONE',  ( -40.00000000000003553, 51.79999999999999716, 40.33965329530467159 ) ) ;
#3670 = CIRCLE ( 'NONE', #1095, 2.000000000000000000 ) ;
#3671 = VERTEX_POINT ( 'NONE', #1982 ) ;
#3672 = ORIENTED_EDGE ( 'NONE', *, *, #1936, .F. ) ;
#3673 = DIRECTION ( 'NONE',  ( -0.000000000000000000, 1.000000000000000000, -0.000000000000000000 ) ) ;
#3674 = ADVANCED_FACE ( 'NONE', ( #1204 ), #3017, .F. ) ;
#3675 = CARTESIAN_POINT ( 'NONE',  ( -0.04168760482227765185, -2.000000000000000000, 7.499999999999994671 ) ) ;
#3676 = LINE ( 'NONE', #2028, #880 ) ;
#3677 = ORIENTED_EDGE ( 'NONE', *, *, #3587, .T. ) ;
#3678 = ORIENTED_EDGE ( 'NONE', *, *, #1396, .T. ) ;
#3679 = CARTESIAN_POINT ( 'NONE',  ( -1.777299545148946169, -2.997660813717051731, 46.57908970500286472 ) ) ;
#3680 = DIRECTION ( 'NONE',  ( -0.000000000000000000, 1.000000000000000000, -0.000000000000000000 ) ) ;
#3681 = AXIS2_PLACEMENT_3D ( 'NONE', #3802, #2189, #4190 ) ;
#3682 = FACE_OUTER_BOUND ( 'NONE', #3653, .T. ) ;
#3683 = ORIENTED_EDGE ( 'NONE', *, *, #160, .F. ) ;
#3684 = FACE_OUTER_BOUND ( 'NONE', #3055, .T. ) ;
#3685 = LINE ( 'NONE', #693, #2537 ) ;
#3686 = CARTESIAN_POINT ( 'NONE',  ( -32.89999999999999147, 0.000000000000000000, 7.499999999999992006 ) ) ;
#3687 = EDGE_CURVE ( 'NONE', #1941, #1739, #1832, .T. ) ;
#3688 = ORIENTED_EDGE ( 'NONE', *, *, #1054, .T. ) ;
#3689 = CARTESIAN_POINT ( 'NONE',  ( 22.90000000000000213, 25.00000000000000000, 12.59999999999999609 ) ) ;
#3690 = EDGE_CURVE ( 'NONE', #3097, #1651, #1358, .T. ) ;
#3691 = VERTEX_POINT ( 'NONE', #3832 ) ;
#3692 = VERTEX_POINT ( 'NONE', #192 ) ;
#3693 = DIRECTION ( 'NONE',  ( 0.000000000000000000, 1.000000000000000000, 0.000000000000000000 ) ) ;
#3694 = DIRECTION ( 'NONE',  ( -0.7071067811865463515, 0.7071067811865486830, 9.813077866773578460E-17 ) ) ;
#3695 = DIRECTION ( 'NONE',  ( -1.000000000000000000, 0.000000000000000000, 1.515042337097648137E-16 ) ) ;
#3696 = ORIENTED_EDGE ( 'NONE', *, *, #1319, .T. ) ;
#3697 = PRODUCT ( 'camera_tracker_base', 'camera_tracker_base', '', ( #4100 ) ) ;
#3698 = FACE_BOUND ( 'NONE', #1762, .T. ) ;
#3699 = AXIS2_PLACEMENT_3D ( 'NONE', #1272, #2555, #595 ) ;
#3700 = DIRECTION ( 'NONE',  ( 1.436029367530469557E-16, 0.000000000000000000, -1.000000000000000000 ) ) ;
#3701 = CARTESIAN_POINT ( 'NONE',  ( -3.382710778154773834E-14, 51.79999999999999716, 26.93965329530471919 ) ) ;
#3702 = CARTESIAN_POINT ( 'NONE',  ( -1.736932742538356722, -2.937929809168120521, 48.99674858493516183 ) ) ;
#3703 = LINE ( 'NONE', #2712, #2767 ) ;
#3704 = VECTOR ( 'NONE', #471, 1000.000000000000000 ) ;
#3705 = ORIENTED_EDGE ( 'NONE', *, *, #2915, .F. ) ;
#3706 = VECTOR ( 'NONE', #1638, 1000.000000000000000 ) ;
#3707 = DIRECTION ( 'NONE',  ( 0.000000000000000000, -0.000000000000000000, -1.000000000000000000 ) ) ;
#3708 = CARTESIAN_POINT ( 'NONE',  ( 20.79999999999999361, -3.000000000000000000, -10.00000000000002309 ) ) ;
#3709 = EDGE_CURVE ( 'NONE', #2009, #2521, #2893, .T. ) ;
#3710 = DIRECTION ( 'NONE',  ( -0.000000000000000000, 1.000000000000000000, -0.000000000000000000 ) ) ;
#3711 = VERTEX_POINT ( 'NONE', #2873 ) ;
#3712 = VECTOR ( 'NONE', #3093, 1000.000000000000000 ) ;
#3713 = DIRECTION ( 'NONE',  ( 0.000000000000000000, -1.000000000000000000, 0.000000000000000000 ) ) ;
#3714 = DIRECTION ( 'NONE',  ( 0.000000000000000000, 0.000000000000000000, -1.000000000000000000 ) ) ;
#3715 = EDGE_CURVE ( 'NONE', #899, #2009, #2490, .T. ) ;
#3716 = LINE ( 'NONE', #1758, #1859 ) ;
#3717 = CIRCLE ( 'NONE', #4267, 0.7500000000000006661 ) ;
#3718 = VERTEX_POINT ( 'NONE', #3543 ) ;
#3719 = VERTEX_POINT ( 'NONE', #1882 ) ;
#3720 = VECTOR ( 'NONE', #1755, 1000.000000000000114 ) ;
#3721 = CARTESIAN_POINT ( 'NONE',  ( -2.028661181968308025, -3.737387712720781074, 46.52960742579047348 ) ) ;
#3722 = LINE ( 'NONE', #1741, #2838 ) ;
#3723 = CYLINDRICAL_SURFACE ( 'NONE', #1866, 0.7500000000000024425 ) ;
#3724 = ORIENTED_EDGE ( 'NONE', *, *, #3263, .F. ) ;
#3725 = DIRECTION ( 'NONE',  ( 0.000000000000000000, -0.000000000000000000, 1.000000000000000000 ) ) ;
#3726 = CARTESIAN_POINT ( 'NONE',  ( 37.89999999999997016, -5.000000000000004441, 57.83965329530470711 ) ) ;
#3727 = DIRECTION ( 'NONE',  ( -0.5773502691896262862, 0.5773502691896282846, -0.5773502691896227335 ) ) ;
#3728 = VECTOR ( 'NONE', #3435, 1000.000000000000114 ) ;
#3729 = DIRECTION ( 'NONE',  ( 0.000000000000000000, 0.000000000000000000, -1.000000000000000000 ) ) ;
#3730 = CARTESIAN_POINT ( 'NONE',  ( 8.400000000000005684, -2.000000000000000000, 5.499999999999996447 ) ) ;
#3731 = CARTESIAN_POINT ( 'NONE',  ( 39.99999999999996447, -2.000000000000000000, 29.33965329530469646 ) ) ;
#3732 = DIRECTION ( 'NONE',  ( 0.000000000000000000, 0.000000000000000000, -1.000000000000000000 ) ) ;
#3733 = ORIENTED_EDGE ( 'NONE', *, *, #426, .F. ) ;
#3734 = ORIENTED_EDGE ( 'NONE', *, *, #632, .F. ) ;
#3735 = CYLINDRICAL_SURFACE ( 'NONE', #95, 4.000000000000010658 ) ;
#3736 = CARTESIAN_POINT ( 'NONE',  ( 20.79999999999999361, 0.000000000000000000, 9.999999999999976907 ) ) ;
#3737 = LINE ( 'NONE', #2701, #948 ) ;
#3738 = CIRCLE ( 'NONE', #667, 1.750000000000001554 ) ;
#3739 = ORIENTED_EDGE ( 'NONE', *, *, #4214, .F. ) ;
#3740 = VECTOR ( 'NONE', #986, 1000.000000000000000 ) ;
#3741 = CARTESIAN_POINT ( 'NONE',  ( -1.838691836555820469, -3.112346963731566163, 46.56754248728650225 ) ) ;
#3742 = CARTESIAN_POINT ( 'NONE',  ( -3.382710778154773834E-14, 44.60000000000000142, 36.83965329530472133 ) ) ;
#3743 = LINE ( 'NONE', #1810, #1091 ) ;
#3744 = DIRECTION ( 'NONE',  ( 1.436029367530469557E-16, 0.000000000000000000, -1.000000000000000000 ) ) ;
#3745 = LINE ( 'NONE', #2731, #3025 ) ;
#3746 = CARTESIAN_POINT ( 'NONE',  ( -1.599999999999988320, 0.000000000000000000, -12.60000000000000320 ) ) ;
#3747 = AXIS2_PLACEMENT_3D ( 'NONE', #688, #3083, #1676 ) ;
#3748 = EDGE_CURVE ( 'NONE', #549, #903, #3218, .T. ) ;
#3749 = DIRECTION ( 'NONE',  ( -0.000000000000000000, -1.000000000000000000, -0.000000000000000000 ) ) ;
#3750 =( NAMED_UNIT ( * ) SI_UNIT ( $, .STERADIAN. ) SOLID_ANGLE_UNIT ( ) );
#3751 = DIRECTION ( 'NONE',  ( 1.000000000000000000, 0.000000000000000000, 0.000000000000000000 ) ) ;
#3752 = CARTESIAN_POINT ( 'NONE',  ( 49.99999999999997158, -5.000000000000004441, 52.83965329530469290 ) ) ;
#3753 = VERTEX_POINT ( 'NONE', #77 ) ;
#3754 = FACE_BOUND ( 'NONE', #3422, .T. ) ;
#3755 = CARTESIAN_POINT ( 'NONE',  ( -2.081668171172168513E-14, 51.79999999999999716, 26.18965329530471564 ) ) ;
#3756 = DIRECTION ( 'NONE',  ( 0.7071067811865496822, -0.000000000000000000, 0.7071067811865453523 ) ) ;
#3757 = EDGE_LOOP ( 'NONE', ( #3964, #1113 ) ) ;
#3758 = ORIENTED_EDGE ( 'NONE', *, *, #4239, .T. ) ;
#3759 = CARTESIAN_POINT ( 'NONE',  ( -40.00000000000003553, -2.000000000000000000, 29.33965329530468225 ) ) ;
#3760 = DIRECTION ( 'NONE',  ( 0.000000000000000000, -0.000000000000000000, -1.000000000000000000 ) ) ;
#3761 = CARTESIAN_POINT ( 'NONE',  ( -3.604753723755496361E-14, 27.76034670469528010, 12.59999999999999964 ) ) ;
#3762 = EDGE_CURVE ( 'NONE', #3326, #2217, #304, .T. ) ;
#3763 = CARTESIAN_POINT ( 'NONE',  ( -3.700000000000004174, -2.999999999999999112, 10.74999999999997868 ) ) ;
#3764 = CARTESIAN_POINT ( 'NONE',  ( -3.382710778154773834E-14, 26.46446609406728712, 36.83965329530472133 ) ) ;
#3765 = B_SPLINE_CURVE_WITH_KNOTS ( 'NONE', 3,
 ( #3428, #2125, #3088, #2371, #63, #2780, #2710, #428, #3382, #2103, #404, #3702, #3360, #1394, #1765, #4041, #361, #713, #3766, #2082, #3109, #2059, #101, #735, #1061, #4003, #4087, #2412 ),
 .UNSPECIFIED., .F., .F.,
 ( 4, 2, 2, 2, 2, 2, 2, 2, 2, 2, 2, 2, 2, 4 ),
 ( 0.006021242125603926999, 0.006382446381385996521, 0.006743650637168065176, 0.007466059148732204220, 0.008188467660296343265, 0.008549671916078411052, 0.008910876171860480574, 0.009272080427642548361, 0.009633284683424617884, 0.009994488939206687406, 0.01035569319498875693, 0.01071689745077082645, 0.01107810170655289597, 0.01180051021811704196 ),
 .UNSPECIFIED. ) ;
#3766 = CARTESIAN_POINT ( 'NONE',  ( -1.522180756155590009, -2.652820987759221705, 50.10947599877740544 ) ) ;
#3767 = EDGE_CURVE ( 'NONE', #3106, #2209, #3722, .T. ) ;
#3768 = CYLINDRICAL_SURFACE ( 'NONE', #1372, 0.7500000000000006661 ) ;
#3769 = CARTESIAN_POINT ( 'NONE',  ( 0.4000000000000131783, -2.000000000000000000, -22.60000000000000142 ) ) ;
#3770 = CARTESIAN_POINT ( 'NONE',  ( 27.89999999999998792, 9.999999999999738876, 72.59999999999999432 ) ) ;
#3771 = CARTESIAN_POINT ( 'NONE',  ( -3.700000000000004174, 25.00000000000000000, -10.00000000000002309 ) ) ;
#3772 = CARTESIAN_POINT ( 'NONE',  ( 19.93749436615879844, 9.999972938033655723, 72.59999999999999432 ) ) ;
#3773 = VERTEX_POINT ( 'NONE', #1433 ) ;
#3774 = ORIENTED_EDGE ( 'NONE', *, *, #3411, .T. ) ;
#3775 = CARTESIAN_POINT ( 'NONE',  ( -15.31490122794195408, 25.11525903641096846, 60.29177918050787355 ) ) ;
#3776 = CYLINDRICAL_SURFACE ( 'NONE', #3061, 1.750000000000005107 ) ;
#3777 = DIRECTION ( 'NONE',  ( 0.7071067811865445751, 0.000000000000000000, 0.7071067811865503483 ) ) ;
#3778 = EDGE_LOOP ( 'NONE', ( #829, #1977, #2001, #1674 ) ) ;
#3779 = VERTEX_POINT ( 'NONE', #3356 ) ;
#3780 = LINE ( 'NONE', #1806, #1080 ) ;
#3781 = CARTESIAN_POINT ( 'NONE',  ( 20.35030683854490974, 25.00000000000000000, 57.59999999999989484 ) ) ;
#3782 = AXIS2_PLACEMENT_3D ( 'NONE', #4001, #1637, #3316 ) ;
#3783 = PLANE ( 'NONE',  #3049 ) ;
#3784 = DIRECTION ( 'NONE',  ( -0.000000000000000000, -1.000000000000000000, -0.000000000000000000 ) ) ;
#3785 = CIRCLE ( 'NONE', #3985, 1.750000000000001554 ) ;
#3786 = DIRECTION ( 'NONE',  ( 0.000000000000000000, -1.000000000000000000, 0.000000000000000000 ) ) ;
#3787 = VECTOR ( 'NONE', #3141, 1000.000000000000000 ) ;
#3788 = FACE_OUTER_BOUND ( 'NONE', #2669, .T. ) ;
#3789 = ORIENTED_EDGE ( 'NONE', *, *, #1719, .T. ) ;
#3790 = EDGE_CURVE ( 'NONE', #3718, #998, #1081, .T. ) ;
#3791 = FACE_BOUND ( 'NONE', #2253, .T. ) ;
#3792 = CARTESIAN_POINT ( 'NONE',  ( 39.99999999999996447, 51.79999999999999716, 44.33965329530470001 ) ) ;
#3793 = CARTESIAN_POINT ( 'NONE',  ( 15.21766630995328384, 10.27927923932206866, 72.59999999999998010 ) ) ;
#3794 = VECTOR ( 'NONE', #824, 1000.000000000000000 ) ;
#3795 = ORIENTED_EDGE ( 'NONE', *, *, #4198, .F. ) ;
#3796 = ORIENTED_EDGE ( 'NONE', *, *, #3284, .T. ) ;
#3797 = LINE ( 'NONE', #1521, #2904 ) ;
#3798 = CARTESIAN_POINT ( 'NONE',  ( 20.79999999999999361, -3.000000000000000000, -10.00000000000002309 ) ) ;
#3799 = EDGE_LOOP ( 'NONE', ( #1315, #807, #2025, #3394 ) ) ;
#3800 = EDGE_CURVE ( 'NONE', #2429, #2337, #237, .T. ) ;
#3801 = FACE_OUTER_BOUND ( 'NONE', #1812, .T. ) ;
#3802 = CARTESIAN_POINT ( 'NONE',  ( -3.382710778154773834E-14, 37.07106781186549682, 58.83965329530471422 ) ) ;
#3803 = DIRECTION ( 'NONE',  ( 0.000000000000000000, 0.000000000000000000, -1.000000000000000000 ) ) ;
#3804 = VERTEX_POINT ( 'NONE', #1722 ) ;
#3805 = DIRECTION ( 'NONE',  ( 0.000000000000000000, 1.000000000000000000, 0.000000000000000000 ) ) ;
#3806 = ADVANCED_FACE ( 'NONE', ( #116 ), #1785, .F. ) ;
#3807 = CARTESIAN_POINT ( 'NONE',  ( -3.700000000000004174, -2.999999999999999112, -10.00000000000002309 ) ) ;
#3808 = VERTEX_POINT ( 'NONE', #3424 ) ;
#3809 = CARTESIAN_POINT ( 'NONE',  ( -1.599999999999988987, 0.000000000000000000, -7.500000000000003553 ) ) ;
#3810 = AXIS2_PLACEMENT_3D ( 'NONE', #1613, #2638, #1259 ) ;
#3811 = CARTESIAN_POINT ( 'NONE',  ( 2.074966357709976172, 25.44701029763854550, 63.78628984483847120 ) ) ;
#3812 = CARTESIAN_POINT ( 'NONE',  ( -32.89999999999999858, 19.76034670469507759, 62.83965329530476396 ) ) ;
#3813 = ADVANCED_FACE ( 'NONE', ( #2099 ), #2033, .T. ) ;
#3814 = CARTESIAN_POINT ( 'NONE',  ( 2.621234075643054329, 11.73410126717409518, 72.59999999999996589 ) ) ;
#3815 = ORIENTED_EDGE ( 'NONE', *, *, #3383, .T. ) ;
#3816 = VERTEX_POINT ( 'NONE', #1700 ) ;
#3817 = DIRECTION ( 'NONE',  ( -0.000000000000000000, 1.000000000000000000, -0.000000000000000000 ) ) ;
#3818 = CARTESIAN_POINT ( 'NONE',  ( -40.00000000000003553, -2.000000000000001776, 27.58965329530467869 ) ) ;
#3819 = EDGE_CURVE ( 'NONE', #1229, #273, #730, .T. ) ;
#3820 = ORIENTED_EDGE ( 'NONE', *, *, #3621, .F. ) ;
#3821 = CARTESIAN_POINT ( 'NONE',  ( 20.79999999999999361, -3.000000000000000000, -7.000000000000022204 ) ) ;
#3822 = FACE_BOUND ( 'NONE', #3547, .T. ) ;
#3823 = DIRECTION ( 'NONE',  ( 0.000000000000000000, 0.000000000000000000, -1.000000000000000000 ) ) ;
#3824 = ORIENTED_EDGE ( 'NONE', *, *, #659, .F. ) ;
#3825 = ORIENTED_EDGE ( 'NONE', *, *, #2423, .T. ) ;
#3826 = DIRECTION ( 'NONE',  ( 0.000000000000000000, 0.000000000000000000, -1.000000000000000000 ) ) ;
#3827 = FACE_OUTER_BOUND ( 'NONE', #2249, .T. ) ;
#3828 = VERTEX_POINT ( 'NONE', #2386 ) ;
#3829 = DIRECTION ( 'NONE',  ( 1.385561881770612682E-16, 0.000000000000000000, -1.000000000000000000 ) ) ;
#3830 = PLANE ( 'NONE',  #3355 ) ;
#3831 = AXIS2_PLACEMENT_3D ( 'NONE', #2087, #4300, #740 ) ;
#3832 = CARTESIAN_POINT ( 'NONE',  ( -0.04168760482227765185, -2.000000000000000000, 22.69014989616420408 ) ) ;
#3833 = CARTESIAN_POINT ( 'NONE',  ( 15.30418795939605303, 10.27068820914660208, 72.59999999999999432 ) ) ;
#3834 = ORIENTED_EDGE ( 'NONE', *, *, #4269, .F. ) ;
#3835 = EDGE_LOOP ( 'NONE', ( #1642, #137 ) ) ;
#3836 = ADVANCED_FACE ( 'NONE', ( #35 ), #423, .T. ) ;
#3837 = LINE ( 'NONE', #3527, #3584 ) ;
#3838 = APPLICATION_PROTOCOL_DEFINITION ( 'draft international standard', 'automotive_design', 1998, #4094 ) ;
#3839 = ORIENTED_EDGE ( 'NONE', *, *, #2851, .F. ) ;
#3840 = ORIENTED_EDGE ( 'NONE', *, *, #4099, .T. ) ;
#3841 = CARTESIAN_POINT ( 'NONE',  ( 32.90000000000000568, 25.00000000000000000, 10.83965329530466271 ) ) ;
#3842 = EDGE_CURVE ( 'NONE', #2940, #1391, #937, .T. ) ;
#3843 = DIRECTION ( 'NONE',  ( -1.000000000000000000, 0.000000000000000000, -1.385561881770612682E-16 ) ) ;
#3844 = FACE_OUTER_BOUND ( 'NONE', #4119, .T. ) ;
#3845 = AXIS2_PLACEMENT_3D ( 'NONE', #2154, #475, #3154 ) ;
#3846 = ORIENTED_EDGE ( 'NONE', *, *, #3980, .F. ) ;
#3847 = AXIS2_PLACEMENT_3D ( 'NONE', #2416, #3389, #2461 ) ;
#3848 = CARTESIAN_POINT ( 'NONE',  ( 49.99999999999997158, -5.000000000000004441, 15.83965329530470356 ) ) ;
#3849 = CARTESIAN_POINT ( 'NONE',  ( 8.864546490085100316, -2.044783379203640283, 41.27139915703909878 ) ) ;
#3850 = VECTOR ( 'NONE', #1987, 1000.000000000000000 ) ;
#3851 = CARTESIAN_POINT ( 'NONE',  ( 39.99999999999996447, 51.79999999999999716, 44.33965329530470001 ) ) ;
#3852 = CARTESIAN_POINT ( 'NONE',  ( -2.327737213151380047, 25.44517434281308255, 63.76940221880940385 ) ) ;
#3853 = VECTOR ( 'NONE', #1403, 1000.000000000000000 ) ;
#3854 = CYLINDRICAL_SURFACE ( 'NONE', #3654, 0.7500000000000006661 ) ;
#3855 = VECTOR ( 'NONE', #4046, 1000.000000000000000 ) ;
#3856 = CARTESIAN_POINT ( 'NONE',  ( 12.85240073746623146, 10.54909797152095940, 72.59999999999999432 ) ) ;
#3857 = ORIENTED_EDGE ( 'NONE', *, *, #1042, .F. ) ;
#3858 = ORIENTED_EDGE ( 'NONE', *, *, #565, .F. ) ;
#3859 = CARTESIAN_POINT ( 'NONE',  ( 19.23040827935615482, 24.99999999999999289, 58.26327015342800308 ) ) ;
#3860 = LINE ( 'NONE', #1290, #675 ) ;
#3861 = ORIENTED_EDGE ( 'NONE', *, *, #818, .F. ) ;
#3862 = EDGE_LOOP ( 'NONE', ( #1702, #2226 ) ) ;
#3863 = DIRECTION ( 'NONE',  ( -0.000000000000000000, -0.000000000000000000, 1.000000000000000000 ) ) ;
#3864 = CIRCLE ( 'NONE', #1227, 3.000000000000000888 ) ;
#3865 = FACE_BOUND ( 'NONE', #342, .T. ) ;
#3866 = FACE_OUTER_BOUND ( 'NONE', #264, .T. ) ;
#3867 = EDGE_CURVE ( 'NONE', #1978, #1651, #13, .T. ) ;
#3868 = ORIENTED_EDGE ( 'NONE', *, *, #3126, .F. ) ;
#3869 = AXIS2_PLACEMENT_3D ( 'NONE', #2368, #690, #993 ) ;
#3870 = CARTESIAN_POINT ( 'NONE',  ( 37.89999999999997016, -113.4619749036500025, 57.83965329530470711 ) ) ;
#3871 = VECTOR ( 'NONE', #469, 1000.000000000000000 ) ;
#3872 = CARTESIAN_POINT ( 'NONE',  ( 9.739941408489871222, -2.512521481701007087, 38.67113088724129000 ) ) ;
#3873 = DIRECTION ( 'NONE',  ( -0.000000000000000000, -1.000000000000000000, -0.000000000000000000 ) ) ;
#3874 = CARTESIAN_POINT ( 'NONE',  ( -8.563921430203055962, 25.33677525463171065, 62.74359815858443312 ) ) ;
#3875 = CIRCLE ( 'NONE', #4293, 3.000000000000000888 ) ;
#3876 = CARTESIAN_POINT ( 'NONE',  ( -37.89999999999997016, 22.10000000000007958, 15.83965329530471422 ) ) ;
#3877 = CARTESIAN_POINT ( 'NONE',  ( -2.528517367404208738, 11.73916378767255253, 72.60000000000000853 ) ) ;
#3878 = EDGE_CURVE ( 'NONE', #3719, #2554, #1057, .T. ) ;
#3879 = ORIENTED_EDGE ( 'NONE', *, *, #2579, .T. ) ;
#3880 = ORIENTED_EDGE ( 'NONE', *, *, #2600, .T. ) ;
#3881 = CARTESIAN_POINT ( 'NONE',  ( 16.37198872641363323, 25.08002477357361570, 59.77603776834217797 ) ) ;
#3882 = DIRECTION ( 'NONE',  ( 0.000000000000000000, 1.000000000000000000, 0.000000000000000000 ) ) ;
#3883 = ORIENTED_EDGE ( 'NONE', *, *, #4221, .T. ) ;
#3884 = CIRCLE ( 'NONE', #2242, 18.46446609406723738 ) ;
#3885 = ORIENTED_EDGE ( 'NONE', *, *, #3231, .T. ) ;
#3886 = LINE ( 'NONE', #3265, #234 ) ;
#3887 = DIRECTION ( 'NONE',  ( 0.000000000000000000, -1.000000000000000000, 0.000000000000000000 ) ) ;
#3888 = DIRECTION ( 'NONE',  ( 0.000000000000000000, -1.000000000000000000, 0.000000000000000000 ) ) ;
#3889 = VERTEX_POINT ( 'NONE', #1389 ) ;
#3890 = CYLINDRICAL_SURFACE ( 'NONE', #2640, 14.90000000000000036 ) ;
#3891 = EDGE_CURVE ( 'NONE', #1631, #1486, #3446, .T. ) ;
#3892 = CARTESIAN_POINT ( 'NONE',  ( 9.390079527557116279, -2.255598123104270325, 33.67002480454910796 ) ) ;
#3893 = DIRECTION ( 'NONE',  ( 0.000000000000000000, 0.000000000000000000, -1.000000000000000000 ) ) ;
#3894 = FACE_OUTER_BOUND ( 'NONE', #529, .T. ) ;
#3895 = EDGE_CURVE ( 'NONE', #1360, #1436, #3556, .T. ) ;
#3896 = CARTESIAN_POINT ( 'NONE',  ( -15.11305033528357988, 10.28977862229757712, 72.59999999999999432 ) ) ;
#3897 = ORIENTED_EDGE ( 'NONE', *, *, #3392, .F. ) ;
#3898 = ORIENTED_EDGE ( 'NONE', *, *, #3463, .F. ) ;
#3899 = B_SPLINE_CURVE_WITH_KNOTS ( 'NONE', 1,
 ( #879, #1250 ),
 .UNSPECIFIED., .F., .F.,
 ( 2, 2 ),
 ( 0.000000000000000000, 1.000000000000000000 ),
 .UNSPECIFIED. ) ;
#3900 = CARTESIAN_POINT ( 'NONE',  ( 12.03227494247539120, 25.23012151070104991, 61.64732843423298192 ) ) ;
#3901 = ADVANCED_FACE ( 'NONE', ( #3844 ), #2557, .T. ) ;
#3902 = CYLINDRICAL_SURFACE ( 'NONE', #2086, 1.750000000000005107 ) ;
#3903 = ORIENTED_EDGE ( 'NONE', *, *, #1531, .F. ) ;
#3904 = ORIENTED_EDGE ( 'NONE', *, *, #1916, .F. ) ;
#3905 = DIRECTION ( 'NONE',  ( -0.000000000000000000, 1.000000000000000000, -0.000000000000000000 ) ) ;
#3906 = DIRECTION ( 'NONE',  ( 0.000000000000000000, 1.000000000000000000, 0.000000000000000000 ) ) ;
#3907 = PLANE ( 'NONE',  #941 ) ;
#3908 = VECTOR ( 'NONE', #1967, 1000.000000000000000 ) ;
#3909 = ORIENTED_EDGE ( 'NONE', *, *, #4025, .F. ) ;
#3910 = ORIENTED_EDGE ( 'NONE', *, *, #2339, .F. ) ;
#3911 = ORIENTED_EDGE ( 'NONE', *, *, #3942, .T. ) ;
#3912 = PLANE ( 'NONE',  #608 ) ;
#3913 = EDGE_CURVE ( 'NONE', #499, #2445, #533, .T. ) ;
#3914 = DIRECTION ( 'NONE',  ( 0.000000000000000000, -1.000000000000000000, 0.000000000000000000 ) ) ;
#3915 = AXIS2_PLACEMENT_3D ( 'NONE', #1858, #3216, #3497 ) ;
#3916 = DIRECTION ( 'NONE',  ( 0.000000000000000000, 0.000000000000000000, -1.000000000000000000 ) ) ;
#3917 = DIRECTION ( 'NONE',  ( -0.000000000000000000, -1.000000000000000000, -0.000000000000000000 ) ) ;
#3918 = CARTESIAN_POINT ( 'NONE',  ( -2.448042060909780826, 11.74348569474028992, 72.59999999999996589 ) ) ;
#3919 = EDGE_CURVE ( 'NONE', #2044, #3488, #2138, .T. ) ;
#3920 = VERTEX_POINT ( 'NONE', #2190 ) ;
#3921 = CARTESIAN_POINT ( 'NONE',  ( 20.35030683854490974, 25.00000000000000000, 57.59999999999989484 ) ) ;
#3922 = CARTESIAN_POINT ( 'NONE',  ( -3.700000000000004174, -5.000000000000000000, -10.00000000000002309 ) ) ;
#3923 = AXIS2_PLACEMENT_3D ( 'NONE', #3759, #3489, #770 ) ;
#3924 = ORIENTED_EDGE ( 'NONE', *, *, #3345, .F. ) ;
#3925 = DIRECTION ( 'NONE',  ( -0.5773502691896241767, -0.5773502691896260641, 0.5773502691896269523 ) ) ;
#3926 = VECTOR ( 'NONE', #3245, 1000.000000000000000 ) ;
#3927 = LINE ( 'NONE', #3555, #2974 ) ;
#3928 = DIRECTION ( 'NONE',  ( -1.000000000000000000, 0.000000000000000000, 0.000000000000000000 ) ) ;
#3929 = EDGE_CURVE ( 'NONE', #3692, #2203, #2883, .T. ) ;
#3930 = ORIENTED_EDGE ( 'NONE', *, *, #2104, .T. ) ;
#3931 = ORIENTED_EDGE ( 'NONE', *, *, #1746, .T. ) ;
#3932 = DIRECTION ( 'NONE',  ( 1.000000000000000000, 0.000000000000000000, 1.385561881770612682E-16 ) ) ;
#3933 = CIRCLE ( 'NONE', #2073, 0.7500000000000006661 ) ;
#3934 = CARTESIAN_POINT ( 'NONE',  ( 10.40000000000001279, -4.000000000000000000, 72.59999999999999432 ) ) ;
#3935 = ADVANCED_FACE ( 'NONE', ( #3210 ), #2518, .F. ) ;
#3936 = DIRECTION ( 'NONE',  ( -0.000000000000000000, 1.000000000000000000, -0.000000000000000000 ) ) ;
#3937 = DIRECTION ( 'NONE',  ( 1.000000000000000000, -0.000000000000000000, 0.000000000000000000 ) ) ;
#3938 = CARTESIAN_POINT ( 'NONE',  ( -8.475587925830305736, 11.13704809881862623, 72.59999999999999432 ) ) ;
#3939 = AXIS2_PLACEMENT_3D ( 'NONE', #2100, #3127, #1479 ) ;
#3940 = CARTESIAN_POINT ( 'NONE',  ( 0.9718287518792038115, 25.45254853243551807, 63.83702222315476860 ) ) ;
#3941 = DIRECTION ( 'NONE',  ( 0.000000000000000000, 0.000000000000000000, 1.000000000000000000 ) ) ;
#3942 = EDGE_CURVE ( 'NONE', #3510, #720, #1225, .T. ) ;
#3943 = EDGE_LOOP ( 'NONE', ( #2834, #4255 ) ) ;
#3944 = EDGE_LOOP ( 'NONE', ( #3505, #4102 ) ) ;
#3945 = CARTESIAN_POINT ( 'NONE',  ( -22.89999999999999503, 0.000000000000000000, 12.60000000000000142 ) ) ;
#3946 = VECTOR ( 'NONE', #1653, 1000.000000000000000 ) ;
#3947 = EDGE_CURVE ( 'NONE', #4259, #1077, #135, .T. ) ;
#3948 = CARTESIAN_POINT ( 'NONE',  ( -0.04168760482227765185, -2.000000000000000000, 26.93974106621883990 ) ) ;
#3949 = ORIENTED_EDGE ( 'NONE', *, *, #3121, .F. ) ;
#3950 = ORIENTED_EDGE ( 'NONE', *, *, #1083, .T. ) ;
#3951 = FACE_OUTER_BOUND ( 'NONE', #3943, .T. ) ;
#3952 = CYLINDRICAL_SURFACE ( 'NONE', #374, 3.000000000000000888 ) ;
#3953 = PLANE ( 'NONE',  #2500 ) ;
#3954 = LINE ( 'NONE', #1600, #1417 ) ;
#3955 = CARTESIAN_POINT ( 'NONE',  ( 10.40000000000000568, -4.000000000000000000, 5.499999999999997335 ) ) ;
#3956 = CARTESIAN_POINT ( 'NONE',  ( -9.281313699756282176, 11.02805010196377467, 72.60000000000000853 ) ) ;
#3957 = EDGE_CURVE ( 'NONE', #494, #2484, #863, .T. ) ;
#3958 = EDGE_LOOP ( 'NONE', ( #536, #2996, #3270, #485, #1218 ) ) ;
#3959 = CARTESIAN_POINT ( 'NONE',  ( -0.5156194873770134635, -2.053408824134488775, 22.76312143978804059 ) ) ;
#3960 = PLANE ( 'NONE',  #2552 ) ;
#3961 = VERTEX_POINT ( 'NONE', #3188 ) ;
#3962 = VECTOR ( 'NONE', #2273, 1000.000000000000000 ) ;
#3963 = EDGE_CURVE ( 'NONE', #1894, #720, #3513, .T. ) ;
#3964 = ORIENTED_EDGE ( 'NONE', *, *, #1456, .F. ) ;
#3965 = FACE_OUTER_BOUND ( 'NONE', #3171, .T. ) ;
#3966 = CARTESIAN_POINT ( 'NONE',  ( -3.700000000000004174, 0.000000000000000000, 9.999999999999976907 ) ) ;
#3967 = CARTESIAN_POINT ( 'NONE',  ( 39.99999999999996447, -5.000000000000000000, 29.33965329530469646 ) ) ;
#3968 = CARTESIAN_POINT ( 'NONE',  ( -0.6873588370236911604, -2.102565056345433447, 26.96279818998654321 ) ) ;
#3969 = EDGE_CURVE ( 'NONE', #696, #549, #509, .T. ) ;
#3970 = ORIENTED_EDGE ( 'NONE', *, *, #728, .F. ) ;
#3971 = ORIENTED_EDGE ( 'NONE', *, *, #895, .F. ) ;
#3972 = DIRECTION ( 'NONE',  ( 0.000000000000000000, 0.000000000000000000, -1.000000000000000000 ) ) ;
#3973 = CARTESIAN_POINT ( 'NONE',  ( 20.35030683854490974, 19.99999999999992184, 62.59999999999991616 ) ) ;
#3974 = CARTESIAN_POINT ( 'NONE',  ( 39.99999999999996447, -2.000000000000001776, 27.58965329530469290 ) ) ;
#3975 = EDGE_CURVE ( 'NONE', #950, #2101, #875, .T. ) ;
#3976 = LINE ( 'NONE', #2998, #1277 ) ;
#3977 = DIRECTION ( 'NONE',  ( 0.000000000000000000, 0.000000000000000000, -1.000000000000000000 ) ) ;
#3978 = CARTESIAN_POINT ( 'NONE',  ( -17.78805214302817461, 10.07526972505679907, 72.59999999999999432 ) ) ;
#3979 = VECTOR ( 'NONE', #2199, 1000.000000000000000 ) ;
#3980 = EDGE_CURVE ( 'NONE', #715, #1454, #1504, .T. ) ;
#3981 = VERTEX_POINT ( 'NONE', #2818 ) ;
#3982 = VECTOR ( 'NONE', #3292, 1000.000000000000000 ) ;
#3983 = DIRECTION ( 'NONE',  ( -1.000000000000000000, 0.000000000000000000, 0.000000000000000000 ) ) ;
#3984 = LINE ( 'NONE', #48, #3387 ) ;
#3985 = AXIS2_PLACEMENT_3D ( 'NONE', #3079, #3693, #1424 ) ;
#3986 = ORIENTED_EDGE ( 'NONE', *, *, #321, .T. ) ;
#3987 = VERTEX_POINT ( 'NONE', #205 ) ;
#3988 = CARTESIAN_POINT ( 'NONE',  ( -14.43710494304217384, 10.35648091737546928, 72.59999999999998010 ) ) ;
#3989 = DIRECTION ( 'NONE',  ( -0.000000000000000000, -1.000000000000000000, -0.000000000000000000 ) ) ;
#3990 = CARTESIAN_POINT ( 'NONE',  ( -1.599999999999988987, 0.000000000000000000, -7.500000000000003553 ) ) ;
#3991 = AXIS2_PLACEMENT_3D ( 'NONE', #2182, #501, #460 ) ;
#3992 = DIRECTION ( 'NONE',  ( -0.000000000000000000, -1.000000000000000000, -0.000000000000000000 ) ) ;
#3993 = VECTOR ( 'NONE', #1751, 1000.000000000000114 ) ;
#3994 = EDGE_LOOP ( 'NONE', ( #3271, #2909, #4298, #1423 ) ) ;
#3995 = ORIENTED_EDGE ( 'NONE', *, *, #2111, .F. ) ;
#3996 = FACE_BOUND ( 'NONE', #854, .T. ) ;
#3997 = ADVANCED_FACE ( 'NONE', ( #3866 ), #3783, .T. ) ;
#3998 = CARTESIAN_POINT ( 'NONE',  ( -3.700000000000004174, 0.000000000000000000, -10.75000000000002309 ) ) ;
#3999 = VECTOR ( 'NONE', #1477, 1000.000000000000000 ) ;
#4000 = ORIENTED_EDGE ( 'NONE', *, *, #2988, .T. ) ;
#4001 = CARTESIAN_POINT ( 'NONE',  ( 20.79999999999999361, 0.000000000000000000, -10.00000000000002309 ) ) ;
#4002 = VECTOR ( 'NONE', #3727, 1000.000000000000114 ) ;
#4003 = CARTESIAN_POINT ( 'NONE',  ( -0.5240818333356169756, -2.046349064329901157, 50.92507571626116913 ) ) ;
#4004 = CARTESIAN_POINT ( 'NONE',  ( -61.73098745182518599, -1.730987451825219292, 57.83965329530472133 ) ) ;
#4005 = ORIENTED_EDGE ( 'NONE', *, *, #313, .F. ) ;
#4006 = VECTOR ( 'NONE', #3700, 1000.000000000000000 ) ;
#4007 = DIRECTION ( 'NONE',  ( -0.000000000000000000, -1.000000000000000000, -0.000000000000000000 ) ) ;
#4008 = ADVANCED_FACE ( 'NONE', ( #1546 ), #3491, .T. ) ;
#4009 = CIRCLE ( 'NONE', #1236, 0.7500000000000024425 ) ;
#4010 = ORIENTED_EDGE ( 'NONE', *, *, #4144, .F. ) ;
#4011 = ORIENTED_EDGE ( 'NONE', *, *, #4031, .F. ) ;
#4012 = CARTESIAN_POINT ( 'NONE',  ( -32.89999999999999858, -5.000000000000000000, 72.59999999999999432 ) ) ;
#4013 = LINE ( 'NONE', #3371, #3740 ) ;
#4014 = DIRECTION ( 'NONE',  ( 0.000000000000000000, -1.000000000000000000, 0.000000000000000000 ) ) ;
#4015 = VERTEX_POINT ( 'NONE', #1833 ) ;
#4016 = CARTESIAN_POINT ( 'NONE',  ( -40.00000000000003553, -5.000000000000000000, 44.33965329530468580 ) ) ;
#4017 = DIRECTION ( 'NONE',  ( 0.000000000000000000, 0.000000000000000000, -1.000000000000000000 ) ) ;
#4018 = CIRCLE ( 'NONE', #827, 1.750000000000001554 ) ;
#4019 = LINE ( 'NONE', #1346, #1167 ) ;
#4020 = EDGE_CURVE ( 'NONE', #2676, #3288, #4151, .T. ) ;
#4021 = LINE ( 'NONE', #1039, #996 ) ;
#4022 = CARTESIAN_POINT ( 'NONE',  ( 47.99999999999998579, 11.99999999999995026, 48.33965329530470711 ) ) ;
#4023 = DIRECTION ( 'NONE',  ( -0.7071067811865486830, 0.7071067811865463515, 0.000000000000000000 ) ) ;
#4024 = ORIENTED_EDGE ( 'NONE', *, *, #1548, .F. ) ;
#4025 = EDGE_CURVE ( 'NONE', #3492, #3238, #1196, .T. ) ;
#4026 = CARTESIAN_POINT ( 'NONE',  ( 0.000000000000000000, -5.000000000000000000, 0.000000000000000000 ) ) ;
#4027 = CARTESIAN_POINT ( 'NONE',  ( 8.400000000000007461, 0.000000000000000000, 7.499999999999996447 ) ) ;
#4028 = CYLINDRICAL_SURFACE ( 'NONE', #451, 2.000000000000000000 ) ;
#4029 = VERTEX_POINT ( 'NONE', #222 ) ;
#4030 = ORIENTED_EDGE ( 'NONE', *, *, #1981, .F. ) ;
#4031 = EDGE_CURVE ( 'NONE', #1646, #989, #1924, .T. ) ;
#4032 = FACE_OUTER_BOUND ( 'NONE', #214, .T. ) ;
#4033 = PLANE ( 'NONE',  #1375 ) ;
#4034 = DIRECTION ( 'NONE',  ( 1.000000000000000000, -0.000000000000000000, 1.385561881770612682E-16 ) ) ;
#4035 = ORIENTED_EDGE ( 'NONE', *, *, #2579, .F. ) ;
#4036 = CARTESIAN_POINT ( 'NONE',  ( -37.90000000000000568, -113.4619749036500025, 57.83965329530472133 ) ) ;
#4037 = CARTESIAN_POINT ( 'NONE',  ( 12.39999999999996660, -5.000000000000004441, 36.83965329530473554 ) ) ;
#4038 = FACE_OUTER_BOUND ( 'NONE', #24, .T. ) ;
#4039 = ORIENTED_EDGE ( 'NONE', *, *, #3603, .T. ) ;
#4040 = CARTESIAN_POINT ( 'NONE',  ( -3.382710778154773834E-14, 51.79999999999999716, 36.83965329530472133 ) ) ;
#4041 = CARTESIAN_POINT ( 'NONE',  ( -1.690063008456183846, -2.866559453562317561, 49.70821092821942955 ) ) ;
#4042 = EDGE_CURVE ( 'NONE', #3665, #3711, #4219, .T. ) ;
#4043 = DIRECTION ( 'NONE',  ( -0.7071067811865463515, -0.7071067811865486830, 9.813077866773578460E-17 ) ) ;
#4044 = ORIENTED_EDGE ( 'NONE', *, *, #1947, .F. ) ;
#4045 = LINE ( 'NONE', #408, #1699 ) ;
#4046 = DIRECTION ( 'NONE',  ( 0.000000000000000000, -1.000000000000000000, 0.000000000000000000 ) ) ;
#4047 = EDGE_CURVE ( 'NONE', #2929, #1429, #244, .T. ) ;
#4048 = DIRECTION ( 'NONE',  ( 1.000000000000000000, 0.000000000000000000, 2.305280366746588919E-16 ) ) ;
#4049 = ORIENTED_EDGE ( 'NONE', *, *, #1192, .F. ) ;
#4050 = ORIENTED_EDGE ( 'NONE', *, *, #243, .F. ) ;
#4051 = CARTESIAN_POINT ( 'NONE',  ( -34.64655109843497627, 21.50689780313008370, 61.09310219686977206 ) ) ;
#4052 = CYLINDRICAL_SURFACE ( 'NONE', #1796, 0.7500000000000024425 ) ;
#4053 = CARTESIAN_POINT ( 'NONE',  ( -16.04886886498550780, 25.00000000000000000, 12.60000000000000142 ) ) ;
#4054 = VERTEX_POINT ( 'NONE', #3573 ) ;
#4055 = ORIENTED_EDGE ( 'NONE', *, *, #1672, .T. ) ;
#4056 = AXIS2_PLACEMENT_3D ( 'NONE', #4040, #3381, #427 ) ;
#4057 = LINE ( 'NONE', #4036, #2862 ) ;
#4058 = CIRCLE ( 'NONE', #2616, 2.000000000000000000 ) ;
#4059 = DIRECTION ( 'NONE',  ( 1.000000000000000000, -0.000000000000000000, 0.000000000000000000 ) ) ;
#4060 = AXIS2_PLACEMENT_3D ( 'NONE', #2487, #2115, #1470 ) ;
#4061 = ORIENTED_EDGE ( 'NONE', *, *, #1102, .T. ) ;
#4062 = CIRCLE ( 'NONE', #4133, 0.7500000000000006661 ) ;
#4063 = CARTESIAN_POINT ( 'NONE',  ( 44.99999999999994316, 15.00000000000000711, 15.83965329530470711 ) ) ;
#4064 = DIRECTION ( 'NONE',  ( 8.659560562354884787E-17, -0.7071067811865514585, 0.7071067811865435759 ) ) ;
#4065 = CARTESIAN_POINT ( 'NONE',  ( -50.00000000000002842, -5.000000000000004441, 57.83965329530472133 ) ) ;
#4066 = EDGE_CURVE ( 'NONE', #4188, #1978, #4258, .T. ) ;
#4067 = ORIENTED_EDGE ( 'NONE', *, *, #3421, .F. ) ;
#4068 = DIRECTION ( 'NONE',  ( 0.000000000000000000, -1.000000000000000000, 0.000000000000000000 ) ) ;
#4069 = VECTOR ( 'NONE', #3534, 1000.000000000000000 ) ;
#4070 = CARTESIAN_POINT ( 'NONE',  ( 20.35030683854490974, 9.999999999999738876, 72.59999999999999432 ) ) ;
#4071 = DIRECTION ( 'NONE',  ( -0.000000000000000000, 1.000000000000000000, -0.000000000000000000 ) ) ;
#4072 = FACE_OUTER_BOUND ( 'NONE', #2113, .T. ) ;
#4073 = ORIENTED_EDGE ( 'NONE', *, *, #37, .F. ) ;
#4074 = ORIENTED_EDGE ( 'NONE', *, *, #1186, .F. ) ;
#4075 = EDGE_CURVE ( 'NONE', #1584, #2305, #1717, .T. ) ;
#4076 = CARTESIAN_POINT ( 'NONE',  ( -22.89999999999999503, 0.000000000000000000, 12.60000000000000142 ) ) ;
#4077 = DIRECTION ( 'NONE',  ( 0.000000000000000000, 1.000000000000000000, 0.000000000000000000 ) ) ;
#4078 = DIRECTION ( 'NONE',  ( 0.000000000000000000, -0.000000000000000000, -1.000000000000000000 ) ) ;
#4079 = ORIENTED_EDGE ( 'NONE', *, *, #3913, .F. ) ;
#4080 = CARTESIAN_POINT ( 'NONE',  ( -0.5240818333356160874, -2.046349064329899825, 26.12507571626113290 ) ) ;
#4081 = EDGE_CURVE ( 'NONE', #2429, #950, #1237, .T. ) ;
#4082 = AXIS2_PLACEMENT_3D ( 'NONE', #98, #774, #1129 ) ;
#4083 = DIRECTION ( 'NONE',  ( 0.000000000000000000, -1.000000000000000000, 0.000000000000000000 ) ) ;
#4084 = DIRECTION ( 'NONE',  ( 0.000000000000000000, 0.000000000000000000, -1.000000000000000000 ) ) ;
#4085 = FACE_OUTER_BOUND ( 'NONE', #3388, .T. ) ;
#4086 = DIRECTION ( 'NONE',  ( 0.7071067811865515695, -0.000000000000000000, 0.7071067811865434649 ) ) ;
#4087 = CARTESIAN_POINT ( 'NONE',  ( -0.2856752049099042789, -2.000000000000000000, 50.98334289685045917 ) ) ;
#4088 = ADVANCED_FACE ( 'NONE', ( #262 ), #3907, .F. ) ;
#4089 = FACE_OUTER_BOUND ( 'NONE', #3799, .T. ) ;
#4090 = ORIENTED_EDGE ( 'NONE', *, *, #1042, .T. ) ;
#4091 = FACE_OUTER_BOUND ( 'NONE', #1844, .T. ) ;
#4092 = DIRECTION ( 'NONE',  ( -0.000000000000000000, -1.000000000000000000, -0.000000000000000000 ) ) ;
#4093 = CARTESIAN_POINT ( 'NONE',  ( 7.805846165687238880, 11.22485618256085971, 72.59999999999999432 ) ) ;
#4094 = APPLICATION_CONTEXT ( 'automotive_design' ) ;
#4095 = VERTEX_POINT ( 'NONE', #2574 ) ;
#4096 = ORIENTED_EDGE ( 'NONE', *, *, #571, .T. ) ;
#4097 = CARTESIAN_POINT ( 'NONE',  ( -17.54776878103449533, 25.04468272696975362, 59.17470493258972652 ) ) ;
#4098 = CARTESIAN_POINT ( 'NONE',  ( 8.399999999999991473, -2.000000000000000000, 72.59999999999999432 ) ) ;
#4099 = EDGE_CURVE ( 'NONE', #1360, #1941, #3116, .T. ) ;
#4100 = PRODUCT_CONTEXT ( 'NONE', #4094, 'mechanical' ) ;
#4101 = ADVANCED_FACE ( 'NONE', ( #2303 ), #2426, .F. ) ;
#4102 = ORIENTED_EDGE ( 'NONE', *, *, #2734, .T. ) ;
#4103 = ORIENTED_EDGE ( 'NONE', *, *, #592, .F. ) ;
#4104 = LINE ( 'NONE', #2119, #1640 ) ;
#4105 = CARTESIAN_POINT ( 'NONE',  ( -1.599999999999988987, -3.000000000000000000, -7.500000000000003553 ) ) ;
#4106 = CARTESIAN_POINT ( 'NONE',  ( -3.382710778154773834E-14, 51.79999999999999716, 36.83965329530472133 ) ) ;
#4107 = EDGE_CURVE ( 'NONE', #4194, #2929, #2976, .T. ) ;
#4108 = CARTESIAN_POINT ( 'NONE',  ( -2.041687604822277624, -5.000000000000000000, 7.499999999999994671 ) ) ;
#4109 = DIRECTION ( 'NONE',  ( 0.000000000000000000, 0.000000000000000000, 1.000000000000000000 ) ) ;
#4110 = B_SPLINE_CURVE_WITH_KNOTS ( 'NONE', 3,
 ( #3607, #1231, #918, #4272, #217, #611 ),
 .UNSPECIFIED., .F., .F.,
 ( 4, 2, 4 ),
 ( 7.687903222553248120E-18, 0.0005335542655922814520, 0.001067108531184555098 ),
 .UNSPECIFIED. ) ;
#4111 = DIRECTION ( 'NONE',  ( 0.000000000000000000, 0.000000000000000000, -1.000000000000000000 ) ) ;
#4112 = CARTESIAN_POINT ( 'NONE',  ( -50.00000000000002842, -113.4619749036500025, 57.83965329530472133 ) ) ;
#4113 = EDGE_CURVE ( 'NONE', #3565, #490, #3613, .T. ) ;
#4114 = CARTESIAN_POINT ( 'NONE',  ( 39.99999999999996447, 51.79999999999999716, 48.33965329530470711 ) ) ;
#4115 = CARTESIAN_POINT ( 'NONE',  ( 9.244161928911184489, 11.03367696537233655, 72.59999999999999432 ) ) ;
#4116 = DIRECTION ( 'NONE',  ( -0.000000000000000000, 0.7071067811865437980, 0.7071067811865513475 ) ) ;
#4117 = CARTESIAN_POINT ( 'NONE',  ( 5.074846201879257279, 11.54144234262350110, 72.60000000000000853 ) ) ;
#4118 = VECTOR ( 'NONE', #2458, 1000.000000000000000 ) ;
#4119 = EDGE_LOOP ( 'NONE', ( #2992, #236, #3310, #435 ) ) ;
#4120 = ORIENTED_EDGE ( 'NONE', *, *, #1756, .T. ) ;
#4121 = FACE_BOUND ( 'NONE', #407, .T. ) ;
#4122 = LINE ( 'NONE', #3242, #3542 ) ;
#4123 = ORIENTED_EDGE ( 'NONE', *, *, #131, .T. ) ;
#4124 = CARTESIAN_POINT ( 'NONE',  ( -1.599999999999988320, -3.000000000000000000, -12.14242852856286348 ) ) ;
#4125 = CARTESIAN_POINT ( 'NONE',  ( 0.000000000000000000, -5.000000000000000000, 0.000000000000000000 ) ) ;
#4126 = DIRECTION ( 'NONE',  ( 0.000000000000000000, -1.000000000000000000, 0.000000000000000000 ) ) ;
#4127 = B_SPLINE_CURVE_WITH_KNOTS ( 'NONE', 3,
 ( #2284, #2948, #4177, #4262, #1280, #3234 ),
 .UNSPECIFIED., .F., .F.,
 ( 4, 2, 4 ),
 ( 0.000000000000000000, 0.004075081371293128550, 0.008150162742586257100 ),
 .UNSPECIFIED. ) ;
#4128 = ORIENTED_EDGE ( 'NONE', *, *, #3957, .T. ) ;
#4129 = DIRECTION ( 'NONE',  ( -0.000000000000000000, 1.000000000000000000, -0.000000000000000000 ) ) ;
#4130 = ADVANCED_FACE ( 'NONE', ( #2942 ), #946, .F. ) ;
#4131 = AXIS2_PLACEMENT_3D ( 'NONE', #1098, #3485, #836 ) ;
#4132 = DIRECTION ( 'NONE',  ( 0.000000000000000000, 0.000000000000000000, -1.000000000000000000 ) ) ;
#4133 = AXIS2_PLACEMENT_3D ( 'NONE', #1302, #312, #3312 ) ;
#4134 = EDGE_LOOP ( 'NONE', ( #2422, #3652, #1759, #2876 ) ) ;
#4135 = DIRECTION ( 'NONE',  ( 0.000000000000000000, 0.000000000000000000, -1.000000000000000000 ) ) ;
#4136 = AXIS2_PLACEMENT_3D ( 'NONE', #2495, #1807, #183 ) ;
#4137 = DIRECTION ( 'NONE',  ( 0.5773502691896215122, -0.5773502691896309491, 0.5773502691896248429 ) ) ;
#4138 = CARTESIAN_POINT ( 'NONE',  ( -12.40000000000003411, 51.79999999999999716, 38.58965329530470711 ) ) ;
#4139 = CARTESIAN_POINT ( 'NONE',  ( 5.038914201015799676, 11.54498758723956797, 72.59999999999998010 ) ) ;
#4140 = VECTOR ( 'NONE', #2214, 1000.000000000000114 ) ;
#4141 = ORIENTED_EDGE ( 'NONE', *, *, #4157, .T. ) ;
#4142 = ORIENTED_EDGE ( 'NONE', *, *, #430, .F. ) ;
#4143 = CARTESIAN_POINT ( 'NONE',  ( -16.04364734298285455, 25.08997672503145893, 59.94381075047652274 ) ) ;
#4144 = EDGE_CURVE ( 'NONE', #1382, #715, #1570, .T. ) ;
#4145 = LINE ( 'NONE', #790, #2704 ) ;
#4146 = CYLINDRICAL_SURFACE ( 'NONE', #1518, 0.7500000000000024425 ) ;
#4147 = ORIENTED_EDGE ( 'NONE', *, *, #1102, .F. ) ;
#4148 = ORIENTED_EDGE ( 'NONE', *, *, #510, .F. ) ;
#4149 = DIRECTION ( 'NONE',  ( -0.7071067811865495711, 0.000000000000000000, -0.7071067811865455743 ) ) ;
#4150 = LINE ( 'NONE', #3533, #3384 ) ;
#4151 = LINE ( 'NONE', #4172, #4140 ) ;
#4152 = ADVANCED_FACE ( 'NONE', ( #1320 ), #305, .F. ) ;
#4153 = ORIENTED_EDGE ( 'NONE', *, *, #1594, .T. ) ;
#4154 = FACE_OUTER_BOUND ( 'NONE', #144, .T. ) ;
#4155 = AXIS2_PLACEMENT_3D ( 'NONE', #3323, #47, #3297 ) ;
#4156 = DIRECTION ( 'NONE',  ( 0.000000000000000000, -1.000000000000000000, 0.000000000000000000 ) ) ;
#4157 = EDGE_CURVE ( 'NONE', #2061, #1973, #4273, .T. ) ;
#4158 = VERTEX_POINT ( 'NONE', #331 ) ;
#4159 = CARTESIAN_POINT ( 'NONE',  ( 49.99999999999997158, -5.000000000000004441, 57.83965329530470711 ) ) ;
#4160 = CARTESIAN_POINT ( 'NONE',  ( 0.9724168502273139447, 25.45254982593734638, 63.83702541915617701 ) ) ;
#4161 = CARTESIAN_POINT ( 'NONE',  ( -32.89999999999999858, 9.999999999999738876, 72.59999999999999432 ) ) ;
#4162 = CARTESIAN_POINT ( 'NONE',  ( 11.82691673905548591, 10.68177387998813543, 72.59999999999998010 ) ) ;
#4163 = EDGE_CURVE ( 'NONE', #511, #1105, #3372, .T. ) ;
#4164 = VERTEX_POINT ( 'NONE', #1075 ) ;
#4165 = CARTESIAN_POINT ( 'NONE',  ( -16.82634349450158595, 25.06574163412097178, 59.54795785719903733 ) ) ;
#4166 = CARTESIAN_POINT ( 'NONE',  ( -22.89999999999998437, 0.000000000000000000, 7.499999999999992895 ) ) ;
#4167 = DIRECTION ( 'NONE',  ( 1.000000000000000000, 0.000000000000000000, 0.000000000000000000 ) ) ;
#4168 = ADVANCED_FACE ( 'NONE', ( #1694, #74 ), #2403, .F. ) ;
#4169 = EDGE_LOOP ( 'NONE', ( #3526, #4222, #679, #1031 ) ) ;
#4170 = DIRECTION ( 'NONE',  ( 0.000000000000000000, 1.000000000000000000, 0.000000000000000000 ) ) ;
#4171 = CARTESIAN_POINT ( 'NONE',  ( 39.99999999999996447, -5.000000000000000000, 42.58965329530469290 ) ) ;
#4172 = CARTESIAN_POINT ( 'NONE',  ( 25.25000000000008171, -5.000000000000000000, -25.24999999999994316 ) ) ;
#4173 = EDGE_LOOP ( 'NONE', ( #666, #82, #2654, #3160 ) ) ;
#4174 = EDGE_LOOP ( 'NONE', ( #4011, #2336, #307, #1760 ) ) ;
#4175 = VERTEX_POINT ( 'NONE', #4053 ) ;
#4176 = LINE ( 'NONE', #1219, #1483 ) ;
#4177 = CARTESIAN_POINT ( 'NONE',  ( 10.65216306956202352, 25.69327927643465515, 12.59999999999999609 ) ) ;
#4178 = EDGE_CURVE ( 'NONE', #2321, #2410, #1010, .T. ) ;
#4179 = CARTESIAN_POINT ( 'NONE',  ( -10.65216306956296677, 25.69327927643444553, 12.59999999999999964 ) ) ;
#4180 = CARTESIAN_POINT ( 'NONE',  ( -15.35747737531869994, 25.11376371417142650, 60.27200739638191607 ) ) ;
#4181 = COLOUR_RGB ( '',0.7921568627450980005, 0.8196078431372548767, 0.9333333333333333481 ) ;
#4182 = CARTESIAN_POINT ( 'NONE',  ( 17.82771290349112903, 10.07302344964993601, 72.59999999999999432 ) ) ;
#4183 = VERTEX_POINT ( 'NONE', #3012 ) ;
#4184 = ORIENTED_EDGE ( 'NONE', *, *, #2322, .T. ) ;
#4185 = CARTESIAN_POINT ( 'NONE',  ( -12.24040019586199612, 25.22305910979053323, 61.57057943097710506 ) ) ;
#4186 = CARTESIAN_POINT ( 'NONE',  ( 39.99999999999996447, -2.000000000000001776, 29.33965329530469646 ) ) ;
#4187 = ORIENTED_EDGE ( 'NONE', *, *, #287, .F. ) ;
#4188 = VERTEX_POINT ( 'NONE', #352 ) ;
#4189 = DIRECTION ( 'NONE',  ( -0.000000000000000000, -1.000000000000000000, -0.000000000000000000 ) ) ;
#4190 = DIRECTION ( 'NONE',  ( 0.000000000000000000, 0.000000000000000000, 1.000000000000000000 ) ) ;
#4191 = EDGE_CURVE ( 'NONE', #420, #787, #3716, .T. ) ;
#4192 = DIRECTION ( 'NONE',  ( 1.000000000000000000, -0.000000000000000000, 0.000000000000000000 ) ) ;
#4193 = VECTOR ( 'NONE', #2480, 1000.000000000000000 ) ;
#4194 = VERTEX_POINT ( 'NONE', #2383 ) ;
#4195 = ORIENTED_EDGE ( 'NONE', *, *, #957, .T. ) ;
#4196 = AXIS2_PLACEMENT_3D ( 'NONE', #4265, #4310, #250 ) ;
#4197 = DIRECTION ( 'NONE',  ( -0.000000000000000000, -1.000000000000000000, -0.000000000000000000 ) ) ;
#4198 = EDGE_CURVE ( 'NONE', #1382, #1631, #3676, .T. ) ;
#4199 = CARTESIAN_POINT ( 'NONE',  ( 9.642804296484278836, -2.425632552532513753, 34.55132123833367075 ) ) ;
#4200 = DIRECTION ( 'NONE',  ( 0.000000000000000000, 0.000000000000000000, -1.000000000000000000 ) ) ;
#4201 = CARTESIAN_POINT ( 'NONE',  ( -1.229170667403325368, 25.45162947060074643, 63.82856308839193815 ) ) ;
#4202 = CIRCLE ( 'NONE', #228, 25.53553390593265959 ) ;
#4203 = DIRECTION ( 'NONE',  ( 1.436029367530469557E-16, 0.000000000000000000, -1.000000000000000000 ) ) ;
#4204 = CARTESIAN_POINT ( 'NONE',  ( -1.143652492223542483, 11.79739550946275095, 72.59999999999999432 ) ) ;
#4205 = CIRCLE ( 'NONE', #4131, 1.750000000000001554 ) ;
#4206 = ORIENTED_EDGE ( 'NONE', *, *, #1522, .F. ) ;
#4207 = ORIENTED_EDGE ( 'NONE', *, *, #3284, .F. ) ;
#4208 = CARTESIAN_POINT ( 'NONE',  ( 6.312934426535995236, 25.38805308993432774, 63.23500289231638760 ) ) ;
#4209 = DIRECTION ( 'NONE',  ( 0.000000000000000000, -1.000000000000000000, 0.000000000000000000 ) ) ;
#4210 = AXIS2_PLACEMENT_3D ( 'NONE', #2255, #3572, #574 ) ;
#4211 =( BOUNDED_CURVE ( )  B_SPLINE_CURVE ( 3, ( #1513, #912, #3577, #229 ),
 .UNSPECIFIED., .F., .T. ) 
 B_SPLINE_CURVE_WITH_KNOTS ( ( 4, 4 ),
 ( 1.570796326794896558, 4.712388980384689674 ),
 .UNSPECIFIED. ) 
 CURVE ( )  GEOMETRIC_REPRESENTATION_ITEM ( )  RATIONAL_B_SPLINE_CURVE ( ( 1.000000000000000000, 0.3333333333333333703, 0.3333333333333333703, 1.000000000000000000 ) ) 
 REPRESENTATION_ITEM ( '' )  );
#4212 = AXIS2_PLACEMENT_3D ( 'NONE', #2237, #2473, #2798 ) ;
#4213 = ORIENTED_EDGE ( 'NONE', *, *, #3557, .F. ) ;
#4214 = EDGE_CURVE ( 'NONE', #1429, #2962, #1439, .T. ) ;
#4215 = ORIENTED_EDGE ( 'NONE', *, *, #1548, .T. ) ;
#4216 = DIRECTION ( 'NONE',  ( 0.000000000000000000, -1.000000000000000000, 0.000000000000000000 ) ) ;
#4217 = AXIS2_PLACEMENT_3D ( 'NONE', #1052, #4014, #373 ) ;
#4218 = CARTESIAN_POINT ( 'NONE',  ( 12.39999999999996660, 51.79999999999999716, 36.83965329530473554 ) ) ;
#4219 = LINE ( 'NONE', #1274, #173 ) ;
#4220 = PRODUCT_DEFINITION_FORMATION_WITH_SPECIFIED_SOURCE ( 'ANY', '', #3697, .NOT_KNOWN. ) ;
#4221 = EDGE_CURVE ( 'NONE', #2929, #4194, #3864, .T. ) ;
#4222 = ORIENTED_EDGE ( 'NONE', *, *, #1035, .T. ) ;
#4223 = VECTOR ( 'NONE', #1261, 1000.000000000000000 ) ;
#4224 = PLANE ( 'NONE',  #543 ) ;
#4225 = CIRCLE ( 'NONE', #534, 4.000000000000010658 ) ;
#4226 = CARTESIAN_POINT ( 'NONE',  ( 9.866114323271286679, -2.636703398367578721, 35.90252725790424648 ) ) ;
#4227 = EDGE_CURVE ( 'NONE', #2298, #877, #749, .T. ) ;
#4228 = CYLINDRICAL_SURFACE ( 'NONE', #3368, 1.750000000000001554 ) ;
#4229 = CARTESIAN_POINT ( 'NONE',  ( 4.244761926413027631, 25.42482156714070385, 63.58078332344852157 ) ) ;
#4230 = CARTESIAN_POINT ( 'NONE',  ( -10.15237652465956586, 10.90907651795730438, 72.60000000000002274 ) ) ;
#4231 = VERTEX_POINT ( 'NONE', #3399 ) ;
#4232 = VERTEX_POINT ( 'NONE', #3081 ) ;
#4233 = CARTESIAN_POINT ( 'NONE',  ( 4.220056077238307779, 25.42378269737623953, 63.57040829294275142 ) ) ;
#4234 = DIRECTION ( 'NONE',  ( 0.000000000000000000, -1.000000000000000000, 0.000000000000000000 ) ) ;
#4235 = VECTOR ( 'NONE', #842, 1000.000000000000000 ) ;
#4236 = EDGE_LOOP ( 'NONE', ( #1449, #2857, #419, #3487 ) ) ;
#4237 = ORIENTED_EDGE ( 'NONE', *, *, #2431, .T. ) ;
#4238 = CARTESIAN_POINT ( 'NONE',  ( 22.90000000000000213, 0.000000000000000000, -12.60000000000000320 ) ) ;
#4239 = EDGE_CURVE ( 'NONE', #3091, #2708, #90, .T. ) ;
#4240 = CARTESIAN_POINT ( 'NONE',  ( -40.00000000000003553, 19.99999999999998224, 48.33965329530469290 ) ) ;
#4241 = DIRECTION ( 'NONE',  ( -0.000000000000000000, -1.000000000000000000, -0.000000000000000000 ) ) ;
#4242 = ORIENTED_EDGE ( 'NONE', *, *, #1208, .T. ) ;
#4243 = ORIENTED_EDGE ( 'NONE', *, *, #3243, .T. ) ;
#4244 = DIRECTION ( 'NONE',  ( 0.000000000000000000, 0.000000000000000000, -1.000000000000000000 ) ) ;
#4245 = ADVANCED_FACE ( 'NONE', ( #723, #396 ), #1405, .T. ) ;
#4246 = CARTESIAN_POINT ( 'NONE',  ( 9.737997434700609745, -2.510761369807274157, 34.99850609543256752 ) ) ;
#4247 = FACE_OUTER_BOUND ( 'NONE', #2191, .T. ) ;
#4248 = DIRECTION ( 'NONE',  ( -0.000000000000000000, -0.000000000000000000, 1.000000000000000000 ) ) ;
#4249 = CARTESIAN_POINT ( 'NONE',  ( -0.5146033360239831156, 11.80745941801185417, 72.60000000000002274 ) ) ;
#4250 = ORIENTED_EDGE ( 'NONE', *, *, #2363, .T. ) ;
#4251 = ORIENTED_EDGE ( 'NONE', *, *, #3878, .F. ) ;
#4252 = CARTESIAN_POINT ( 'NONE',  ( -6.776435390178340512, 25.37846467936704187, 63.14374749943020504 ) ) ;
#4253 = DIRECTION ( 'NONE',  ( 0.000000000000000000, 0.000000000000000000, -1.000000000000000000 ) ) ;
#4254 = EDGE_CURVE ( 'NONE', #4054, #2429, #3737, .T. ) ;
#4255 = ORIENTED_EDGE ( 'NONE', *, *, #2465, .F. ) ;
#4256 = CARTESIAN_POINT ( 'NONE',  ( 20.79999999999999361, -2.999999999999999112, -9.250000000000019540 ) ) ;
#4257 = CARTESIAN_POINT ( 'NONE',  ( -2.041687604822277624, -4.000000000000000000, 7.499999999999994671 ) ) ;
#4258 = LINE ( 'NONE', #3268, #2693 ) ;
#4259 = VERTEX_POINT ( 'NONE', #3419 ) ;
#4260 = ORIENTED_EDGE ( 'NONE', *, *, #1660, .T. ) ;
#4261 = FACE_OUTER_BOUND ( 'NONE', #397, .T. ) ;
#4262 = CARTESIAN_POINT ( 'NONE',  ( 13.31793556604062445, 25.16827173681621233, 12.59999999999999432 ) ) ;
#4263 = CIRCLE ( 'NONE', #3847, 2.000000000000000000 ) ;
#4264 = EDGE_CURVE ( 'NONE', #1004, #499, #418, .T. ) ;
#4265 = CARTESIAN_POINT ( 'NONE',  ( -40.00000000000003553, -2.000000000000001776, 29.33965329530468225 ) ) ;
#4266 = CARTESIAN_POINT ( 'NONE',  ( -4.531897182043106688E-14, 51.79999999999999716, 50.98965329530471990 ) ) ;
#4267 = AXIS2_PLACEMENT_3D ( 'NONE', #1945, #2330, #1282 ) ;
#4268 = CARTESIAN_POINT ( 'NONE',  ( -12.61810225665614382, 10.57884707019576176, 72.59999999999998010 ) ) ;
#4269 = EDGE_CURVE ( 'NONE', #490, #1560, #2771, .T. ) ;
#4270 = ORIENTED_EDGE ( 'NONE', *, *, #571, .F. ) ;
#4271 = CARTESIAN_POINT ( 'NONE',  ( 11.66491388849756028, 25.24245113899260318, 61.77987423946371592 ) ) ;
#4272 = CARTESIAN_POINT ( 'NONE',  ( -2.017474977366028988, -3.642813586039804985, 12.48442686374116661 ) ) ;
#4273 = B_SPLINE_CURVE_WITH_KNOTS ( 'NONE', 3,
 ( #3948, #2320, #2987, #2653, #3968, #987, #658, #2906, #906, #2256, #2050, #3331, #2095, #705 ),
 .UNSPECIFIED., .F., .F.,
 ( 4, 2, 2, 2, 2, 2, 4 ),
 ( 1.151964808265848461E-19, 0.0003916237504556755356, 0.0007832475009113509627, 0.001174871251367026444, 0.001566495001822701925, 0.002349742502734053322, 0.003132990003645404718 ),
 .UNSPECIFIED. ) ;
#4274 = CIRCLE ( 'NONE', #1148, 17.00000000000000000 ) ;
#4275 = ORIENTED_EDGE ( 'NONE', *, *, #3913, .T. ) ;
#4276 = ORIENTED_EDGE ( 'NONE', *, *, #4047, .T. ) ;
#4277 = CARTESIAN_POINT ( 'NONE',  ( -12.40000000000003411, 51.79999999999999716, 36.83965329530470711 ) ) ;
#4278 = LINE ( 'NONE', #554, #1079 ) ;
#4279 = ORIENTED_EDGE ( 'NONE', *, *, #4214, .T. ) ;
#4280 = EDGE_LOOP ( 'NONE', ( #999, #2753 ) ) ;
#4281 = EDGE_LOOP ( 'NONE', ( #4213, #3085, #566, #630, #3903, #1624, #56 ) ) ;
#4282 = DIRECTION ( 'NONE',  ( 0.000000000000000000, -0.000000000000000000, -1.000000000000000000 ) ) ;
#4283 = AXIS2_PLACEMENT_3D ( 'NONE', #4112, #2825, #1441 ) ;
#4284 = EDGE_CURVE ( 'NONE', #903, #1666, #55, .T. ) ;
#4285 = CARTESIAN_POINT ( 'NONE',  ( -3.700000000000004174, 25.00000000000000000, -10.00000000000002309 ) ) ;
#4286 = DIRECTION ( 'NONE',  ( 0.000000000000000000, -1.000000000000000000, 0.000000000000000000 ) ) ;
#4287 = CYLINDRICAL_SURFACE ( 'NONE', #1979, 1.750000000000001554 ) ;
#4288 = LINE ( 'NONE', #2999, #1837 ) ;
#4289 = EDGE_CURVE ( 'NONE', #1292, #415, #766, .T. ) ;
#4290 = CARTESIAN_POINT ( 'NONE',  ( -13.87721398362118386, 10.42314156795420210, 72.59999999999999432 ) ) ;
#4291 = ORIENTED_EDGE ( 'NONE', *, *, #1989, .T. ) ;
#4292 = ORIENTED_EDGE ( 'NONE', *, *, #2609, .T. ) ;
#4293 = AXIS2_PLACEMENT_3D ( 'NONE', #2530, #1825, #2206 ) ;
#4294 = CARTESIAN_POINT ( 'NONE',  ( 8.400000000000005684, 0.000000000000000000, 5.499999999999996447 ) ) ;
#4295 = DIRECTION ( 'NONE',  ( 0.000000000000000000, 0.000000000000000000, 1.000000000000000000 ) ) ;
#4296 = EDGE_CURVE ( 'NONE', #2257, #386, #2531, .T. ) ;
#4297 = AXIS2_PLACEMENT_3D ( 'NONE', #4186, #1622, #2589 ) ;
#4298 = ORIENTED_EDGE ( 'NONE', *, *, #165, .T. ) ;
#4299 = ORIENTED_EDGE ( 'NONE', *, *, #2356, .F. ) ;
#4300 = DIRECTION ( 'NONE',  ( -0.000000000000000000, 1.000000000000000000, -0.000000000000000000 ) ) ;
#4301 = CARTESIAN_POINT ( 'NONE',  ( -40.00000000000003553, 19.99999999999998224, 40.33965329530467159 ) ) ;
#4302 = CARTESIAN_POINT ( 'NONE',  ( -5.358312395177676102, -3.000000000000000000, -7.500000000000003553 ) ) ;
#4303 = ORIENTED_EDGE ( 'NONE', *, *, #3557, .T. ) ;
#4304 = ORIENTED_EDGE ( 'NONE', *, *, #1952, .F. ) ;
#4305 = DIRECTION ( 'NONE',  ( -0.000000000000000000, -1.000000000000000000, -0.000000000000000000 ) ) ;
#4306 = DIRECTION ( 'NONE',  ( 0.000000000000000000, 0.000000000000000000, -1.000000000000000000 ) ) ;
#4307 = ADVANCED_FACE ( 'NONE', ( #1778 ), #4146, .F. ) ;
#4308 = DIRECTION ( 'NONE',  ( 0.000000000000000000, 1.000000000000000000, 0.000000000000000000 ) ) ;
#4309 = ORIENTED_EDGE ( 'NONE', *, *, #2241, .F. ) ;
#4310 = DIRECTION ( 'NONE',  ( -0.000000000000000000, 1.000000000000000000, -0.000000000000000000 ) ) ;
#4311 = DIRECTION ( 'NONE',  ( -0.000000000000000000, 1.000000000000000000, -0.000000000000000000 ) ) ;
#4312 = LINE ( 'NONE', #1330, #1925 ) ;
#4313 = VERTEX_POINT ( 'NONE', #2861 ) ;
#4314 = FACE_OUTER_BOUND ( 'NONE', #1652, .T. ) ;
#4315 = CYLINDRICAL_SURFACE ( 'NONE', #2907, 4.000000000000003553 ) ;
#4316 = EDGE_LOOP ( 'NONE', ( #441, #2045, #235, #2858, #635, #2358, #2547, #3333 ) ) ;
#4317 = CIRCLE ( 'NONE', #559, 1.750000000000001554 ) ;
ENDSEC;
END-ISO-10303-21;
