ISO-10303-21;
HEADER;
FILE_DESCRIPTION (( 'STEP AP214' ),
    '1' );
FILE_NAME ('camera_case.STEP',
    '2026-05-15T08:58:37',
    ( '' ),
    ( '' ),
    'SwSTEP 2.0',
    'SolidWorks 2024',
    '' );
FILE_SCHEMA (( 'AUTOMOTIVE_DESIGN' ));
ENDSEC;

DATA;
#1 = ADVANCED_FACE ( 'NONE', ( #1452 ), #7182, .F. ) ;
#2 = CIRCLE ( 'NONE', #1332, 0.9999999999999991118 ) ;
#3 = CARTESIAN_POINT ( 'NONE',  ( 33.72251633105790347, -6.105364324777919016, 8.351162091098197848 ) ) ;
#4 = CARTESIAN_POINT ( 'NONE',  ( -33.21327386202775500, -7.000000000000000888, 13.75000000000000533 ) ) ;
#5 = DIRECTION ( 'NONE',  ( -0.000000000000000000, -0.000000000000000000, -1.000000000000000000 ) ) ;
#6 = CIRCLE ( 'NONE', #3204, 2.000000000000001776 ) ;
#7 = ORIENTED_EDGE ( 'NONE', *, *, #1402, .T. ) ;
#8 = EDGE_CURVE ( 'NONE', #5514, #5480, #258, .T. ) ;
#9 = EDGE_LOOP ( 'NONE', ( #7335, #1029, #3756, #6978 ) ) ;
#10 = CARTESIAN_POINT ( 'NONE',  ( 13.40894241220452265, -21.99999999999999289, 19.50000000000000000 ) ) ;
#11 = CARTESIAN_POINT ( 'NONE',  ( -42.78378712536607509, 6.794646693483588074, 13.74999999999999467 ) ) ;
#12 = DIRECTION ( 'NONE',  ( 0.000000000000000000, -0.000000000000000000, 1.000000000000000000 ) ) ;
#13 = VERTEX_POINT ( 'NONE', #217 ) ;
#14 = DIRECTION ( 'NONE',  ( 1.000000000000000000, 7.228014483236695816E-17, -0.000000000000000000 ) ) ;
#15 = CARTESIAN_POINT ( 'NONE',  ( 14.40894241220452443, -25.41283789321709818, 0.000000000000000000 ) ) ;
#16 = VERTEX_POINT ( 'NONE', #2576 ) ;
#17 = VERTEX_POINT ( 'NONE', #297 ) ;
#18 = ORIENTED_EDGE ( 'NONE', *, *, #5689, .F. ) ;
#19 = CARTESIAN_POINT ( 'NONE',  ( 15.17106781186546449, 20.00000000000000355, 24.00000000000000000 ) ) ;
#20 = DIRECTION ( 'NONE',  ( 1.000000000000000000, -0.000000000000000000, -0.000000000000000000 ) ) ;
#21 = DIRECTION ( 'NONE',  ( 1.000000000000000000, 0.000000000000000000, 0.000000000000000000 ) ) ;
#22 = CARTESIAN_POINT ( 'NONE',  ( -14.06584112540547515, -26.36826020881670729, 5.089699414653221510 ) ) ;
#23 = CARTESIAN_POINT ( 'NONE',  ( 21.21076683067359880, -21.99999999999999289, 24.00000000000000000 ) ) ;
#24 = DIRECTION ( 'NONE',  ( 1.000000000000000000, -0.000000000000000000, -0.000000000000000000 ) ) ;
#25 = CARTESIAN_POINT ( 'NONE',  ( 21.91000000000001080, 0.01000000000000132727, 21.00000000000000000 ) ) ;
#26 = ORIENTED_EDGE ( 'NONE', *, *, #3229, .F. ) ;
#27 = ORIENTED_EDGE ( 'NONE', *, *, #282, .T. ) ;
#28 = CARTESIAN_POINT ( 'NONE',  ( 34.96893943897256918, 2.483716877278569601, 2.179795622151520007 ) ) ;
#29 = CARTESIAN_POINT ( 'NONE',  ( -13.75360726756173158, -30.43905454849310033, 19.50000000000000000 ) ) ;
#30 = CARTESIAN_POINT ( 'NONE',  ( -33.34088814144272561, 6.793639606733529845, 13.75000000000000355 ) ) ;
#31 = LINE ( 'NONE', #1219, #2051 ) ;
#32 = CARTESIAN_POINT ( 'NONE',  ( 29.79510781392744434, 10.70812877592064893, 11.42319852712419248 ) ) ;
#33 = ORIENTED_EDGE ( 'NONE', *, *, #6485, .F. ) ;
#34 = ORIENTED_EDGE ( 'NONE', *, *, #1186, .F. ) ;
#35 = FACE_OUTER_BOUND ( 'NONE', #4889, .T. ) ;
#36 = DIRECTION ( 'NONE',  ( 1.000000000000000000, 0.000000000000000000, 0.000000000000000000 ) ) ;
#37 = ORIENTED_EDGE ( 'NONE', *, *, #5087, .F. ) ;
#38 = CARTESIAN_POINT ( 'NONE',  ( -9.500000000000005329, 19.00000000000000355, 2.000000000000000888 ) ) ;
#39 = CARTESIAN_POINT ( 'NONE',  ( -41.95361301841737856, 7.678262830272520212, 10.38353187882549555 ) ) ;
#40 = DIRECTION ( 'NONE',  ( -1.000000000000000000, 0.000000000000000000, 0.000000000000000000 ) ) ;
#41 = ORIENTED_EDGE ( 'NONE', *, *, #3021, .T. ) ;
#42 = CARTESIAN_POINT ( 'NONE',  ( 0.000000000000000000, 0.000000000000000000, 24.00000000000000000 ) ) ;
#43 = CARTESIAN_POINT ( 'NONE',  ( -9.363131114445037539, 18.48240332418795617, 9.517596675812038498 ) ) ;
#44 = ORIENTED_EDGE ( 'NONE', *, *, #5595, .T. ) ;
#45 = ORIENTED_EDGE ( 'NONE', *, *, #2678, .F. ) ;
#46 = VERTEX_POINT ( 'NONE', #79 ) ;
#47 = ORIENTED_EDGE ( 'NONE', *, *, #7201, .F. ) ;
#48 = CARTESIAN_POINT ( 'NONE',  ( 14.40894241220452265, -20.99999999999998934, 0.000000000000000000 ) ) ;
#49 = ADVANCED_FACE ( 'NONE', ( #907 ), #6145, .F. ) ;
#50 = DIRECTION ( 'NONE',  ( 0.000000000000000000, 0.000000000000000000, -1.000000000000000000 ) ) ;
#51 = EDGE_CURVE ( 'NONE', #1377, #3041, #3336, .T. ) ;
#52 = EDGE_CURVE ( 'NONE', #6405, #4356, #5078, .T. ) ;
#53 = DIRECTION ( 'NONE',  ( -1.000000000000000000, -2.668805347656626678E-16, -0.000000000000000000 ) ) ;
#54 = DIRECTION ( 'NONE',  ( 0.000000000000000000, 0.000000000000000000, -1.000000000000000000 ) ) ;
#55 = DIRECTION ( 'NONE',  ( -0.000000000000000000, 0.000000000000000000, 1.000000000000000000 ) ) ;
#56 = DIRECTION ( 'NONE',  ( 1.387778780781445676E-16, 1.379605977354753491E-32, 1.000000000000000000 ) ) ;
#57 = ORIENTED_EDGE ( 'NONE', *, *, #5877, .F. ) ;
#58 = ORIENTED_EDGE ( 'NONE', *, *, #2127, .F. ) ;
#59 = CARTESIAN_POINT ( 'NONE',  ( -31.92206163403308494, 8.749720932020343511, 11.86844013285994315 ) ) ;
#60 = CARTESIAN_POINT ( 'NONE',  ( -35.15033246058882099, -1.160788314586215453, 17.68535759257368767 ) ) ;
#61 = CARTESIAN_POINT ( 'NONE',  ( -46.10000000000000853, -4.622445746416946832, 10.36840468474102828 ) ) ;
#62 = FACE_OUTER_BOUND ( 'NONE', #7457, .T. ) ;
#63 = EDGE_CURVE ( 'NONE', #3906, #3721, #4950, .T. ) ;
#64 = EDGE_CURVE ( 'NONE', #1876, #4130, #2613, .T. ) ;
#65 = CARTESIAN_POINT ( 'NONE',  ( 29.73787342055555882, 10.75004179306731977, 12.14406211463550989 ) ) ;
#66 = ORIENTED_EDGE ( 'NONE', *, *, #3878, .T. ) ;
#67 = ORIENTED_EDGE ( 'NONE', *, *, #2496, .T. ) ;
#68 = AXIS2_PLACEMENT_3D ( 'NONE', #5853, #6414, #436 ) ;
#69 = EDGE_CURVE ( 'NONE', #4116, #3794, #6050, .T. ) ;
#70 = CARTESIAN_POINT ( 'NONE',  ( 9.750000000000000000, 24.00000000000000000, 24.00000000000000000 ) ) ;
#71 = LINE ( 'NONE', #1289, #3457 ) ;
#72 = CIRCLE ( 'NONE', #2408, 4.900000000000002132 ) ;
#73 = VECTOR ( 'NONE', #973, 1000.000000000000114 ) ;
#74 = VERTEX_POINT ( 'NONE', #4399 ) ;
#75 = DIRECTION ( 'NONE',  ( -0.000000000000000000, -0.000000000000000000, 1.000000000000000000 ) ) ;
#76 = DIRECTION ( 'NONE',  ( 2.312964634635741478E-16, 1.000000000000000000, -4.589489218000145302E-32 ) ) ;
#77 = AXIS2_PLACEMENT_3D ( 'NONE', #614, #5887, #6629 ) ;
#78 = CIRCLE ( 'NONE', #570, 13.29000000000000270 ) ;
#79 = CARTESIAN_POINT ( 'NONE',  ( -8.500000000000003553, 18.00000000000000355, 2.000000000000000888 ) ) ;
#80 = CARTESIAN_POINT ( 'NONE',  ( -10.90000000000001457, -3.000000000000002665, 24.00000000000000000 ) ) ;
#81 = ORIENTED_EDGE ( 'NONE', *, *, #51, .F. ) ;
#82 = VERTEX_POINT ( 'NONE', #6866 ) ;
#83 = AXIS2_PLACEMENT_3D ( 'NONE', #3156, #5571, #148 ) ;
#84 = EDGE_CURVE ( 'NONE', #6742, #4283, #2081, .T. ) ;
#85 = CIRCLE ( 'NONE', #3799, 2.000000000000000000 ) ;
#86 = CARTESIAN_POINT ( 'NONE',  ( -61.10000000000000142, 2.899999999999991029, 12.00000000000000000 ) ) ;
#87 = EDGE_CURVE ( 'NONE', #193, #5380, #3236, .T. ) ;
#88 = CARTESIAN_POINT ( 'NONE',  ( 15.17106781186546449, 22.00000000000000355, 22.00000000000000000 ) ) ;
#89 = FACE_OUTER_BOUND ( 'NONE', #536, .T. ) ;
#90 = CARTESIAN_POINT ( 'NONE',  ( 3.918869757271530263E-15, -32.00000000000000000, 0.000000000000000000 ) ) ;
#91 = CIRCLE ( 'NONE', #4060, 13.28999999999999915 ) ;
#92 = CARTESIAN_POINT ( 'NONE',  ( 34.68836108470572555, 3.663612868964603031, 13.73117818713562777 ) ) ;
#93 = DIRECTION ( 'NONE',  ( 9.941108744852765039E-17, -1.000000000000000000, -1.215432671457254510E-63 ) ) ;
#94 = ORIENTED_EDGE ( 'NONE', *, *, #3740, .F. ) ;
#95 = EDGE_CURVE ( 'NONE', #2681, #3094, #3869, .T. ) ;
#96 = VECTOR ( 'NONE', #2725, 1000.000000000000000 ) ;
#97 = CARTESIAN_POINT ( 'NONE',  ( -35.19999999999999574, -0.01000000000000653144, 6.749971428338193746 ) ) ;
#98 = CARTESIAN_POINT ( 'NONE',  ( 3.918869757271530263E-15, -32.00000000000000000, -5.500000000000001776 ) ) ;
#99 = CARTESIAN_POINT ( 'NONE',  ( -35.19850060656308699, -0.2386162571709079805, 20.73737871888373618 ) ) ;
#100 = CARTESIAN_POINT ( 'NONE',  ( 17.89999999999998792, -7.000000000000000888, 8.250000000000000000 ) ) ;
#101 = LINE ( 'NONE', #212, #4908 ) ;
#102 = CYLINDRICAL_SURFACE ( 'NONE', #5550, 5.000000000000000888 ) ;
#103 = CIRCLE ( 'NONE', #1325, 11.09999999999999609 ) ;
#104 = CIRCLE ( 'NONE', #6167, 1.749999999999999778 ) ;
#105 = ORIENTED_EDGE ( 'NONE', *, *, #855, .T. ) ;
#106 = ORIENTED_EDGE ( 'NONE', *, *, #945, .T. ) ;
#107 = VERTEX_POINT ( 'NONE', #7453 ) ;
#108 = EDGE_CURVE ( 'NONE', #6839, #2506, #1532, .T. ) ;
#109 = AXIS2_PLACEMENT_3D ( 'NONE', #5466, #3131, #2550 ) ;
#110 = CIRCLE ( 'NONE', #1090, 1.749999999999999778 ) ;
#111 = LINE ( 'NONE', #7207, #5923 ) ;
#112 = DIRECTION ( 'NONE',  ( -1.000000000000000000, 0.000000000000000000, 0.000000000000000000 ) ) ;
#113 = VECTOR ( 'NONE', #3668, 1000.000000000000000 ) ;
#114 = ORIENTED_EDGE ( 'NONE', *, *, #984, .T. ) ;
#115 = CARTESIAN_POINT ( 'NONE',  ( -39.90000000000000568, -1.520410286126020388E-15, 20.75000000000000000 ) ) ;
#116 = DIRECTION ( 'NONE',  ( -1.000000000000000000, -6.624790897247282050E-16, 0.000000000000000000 ) ) ;
#117 = CARTESIAN_POINT ( 'NONE',  ( -46.82625601667378135, -4.231768973995964522, 14.47099516723220880 ) ) ;
#118 = AXIS2_PLACEMENT_3D ( 'NONE', #2605, #2689, #1897 ) ;
#119 = CARTESIAN_POINT ( 'NONE',  ( 9.750000000000000000, 24.00000000000000000, 1.999999999999998224 ) ) ;
#120 = ORIENTED_EDGE ( 'NONE', *, *, #5453, .T. ) ;
#121 = ORIENTED_EDGE ( 'NONE', *, *, #3838, .T. ) ;
#122 = VERTEX_POINT ( 'NONE', #1366 ) ;
#123 = CIRCLE ( 'NONE', #7071, 1.750000000000001554 ) ;
#124 = LINE ( 'NONE', #7114, #2546 ) ;
#125 = DIRECTION ( 'NONE',  ( 2.815536131330090089E-16, -1.000000000000000000, -0.000000000000000000 ) ) ;
#126 = FACE_OUTER_BOUND ( 'NONE', #1734, .T. ) ;
#127 = DIRECTION ( 'NONE',  ( 0.000000000000000000, -1.000000000000000000, 0.000000000000000000 ) ) ;
#128 = CARTESIAN_POINT ( 'NONE',  ( -52.10000000000000853, 4.664761515876234554, 10.50000000000000533 ) ) ;
#129 = CARTESIAN_POINT ( 'NONE',  ( 33.47782396052728160, 6.557916744479558524, 15.73088835922749418 ) ) ;
#130 = CYLINDRICAL_SURFACE ( 'NONE', #2968, 1.000000000000000888 ) ;
#131 = EDGE_LOOP ( 'NONE', ( #5304, #4563, #563, #6105 ) ) ;
#132 = EDGE_CURVE ( 'NONE', #3358, #2611, #1988, .T. ) ;
#133 = DIRECTION ( 'NONE',  ( -0.000000000000000000, -0.000000000000000000, -1.000000000000000000 ) ) ;
#134 = CARTESIAN_POINT ( 'NONE',  ( -32.14465354481457382, 8.489009825721574032, 12.95102985245360472 ) ) ;
#135 = EDGE_CURVE ( 'NONE', #5958, #3681, #7484, .T. ) ;
#136 = CARTESIAN_POINT ( 'NONE',  ( -15.81253292872705352, -35.02882854878291852, 24.00000000000000000 ) ) ;
#137 = CARTESIAN_POINT ( 'NONE',  ( -33.94720305674507443, 5.643433517214322848, 10.88812521043332637 ) ) ;
#138 = CARTESIAN_POINT ( 'NONE',  ( -8.099999999999996092, -17.99999999999999645, 5.000000000000000000 ) ) ;
#139 = CARTESIAN_POINT ( 'NONE',  ( 33.21327386202776921, 7.000000000000001776, 8.250000000000000000 ) ) ;
#140 = ORIENTED_EDGE ( 'NONE', *, *, #4111, .F. ) ;
#141 = ORIENTED_EDGE ( 'NONE', *, *, #1787, .F. ) ;
#142 = EDGE_LOOP ( 'NONE', ( #7614, #332, #4644, #5896, #1353, #2830 ) ) ;
#143 = EDGE_CURVE ( 'NONE', #5160, #1929, #1063, .T. ) ;
#144 = EDGE_CURVE ( 'NONE', #1142, #3149, #5758, .T. ) ;
#145 = EDGE_CURVE ( 'NONE', #7141, #2274, #6569, .T. ) ;
#146 = FACE_OUTER_BOUND ( 'NONE', #306, .T. ) ;
#147 = ORIENTED_EDGE ( 'NONE', *, *, #5595, .F. ) ;
#148 = DIRECTION ( 'NONE',  ( 1.000000000000000000, 0.000000000000000000, 0.000000000000000000 ) ) ;
#149 = FACE_OUTER_BOUND ( 'NONE', #6358, .T. ) ;
#150 = CARTESIAN_POINT ( 'NONE',  ( -41.05000000000001137, 8.750000000000005329, 12.13600572006222578 ) ) ;
#151 = FACE_OUTER_BOUND ( 'NONE', #883, .T. ) ;
#152 = EDGE_LOOP ( 'NONE', ( #2751, #727, #6508, #1982, #7464 ) ) ;
#153 = EDGE_CURVE ( 'NONE', #2696, #2590, #2580, .T. ) ;
#154 = EDGE_CURVE ( 'NONE', #5722, #4282, #2, .T. ) ;
#155 = ADVANCED_FACE ( 'NONE', ( #491 ), #953, .F. ) ;
#156 = VERTEX_POINT ( 'NONE', #3901 ) ;
#157 = ORIENTED_EDGE ( 'NONE', *, *, #3731, .F. ) ;
#158 = FACE_OUTER_BOUND ( 'NONE', #4097, .T. ) ;
#159 = DIRECTION ( 'NONE',  ( -0.000000000000000000, -0.000000000000000000, -1.000000000000000000 ) ) ;
#160 = DIRECTION ( 'NONE',  ( 1.000000000000000000, 0.000000000000000000, 0.000000000000000000 ) ) ;
#161 = CARTESIAN_POINT ( 'NONE',  ( -11.83431754716828799, -31.99999999999884892, 7.391561154329337135 ) ) ;
#162 = CARTESIAN_POINT ( 'NONE',  ( -31.93472980681446316, -8.735262376265415796, 12.25908991525337299 ) ) ;
#163 = CARTESIAN_POINT ( 'NONE',  ( 12.70206563436612868, -31.10088246350943919, 19.18659985049844252 ) ) ;
#164 = CARTESIAN_POINT ( 'NONE',  ( -35.08562283564896944, 1.749845658912417612, 4.771214157349858098 ) ) ;
#165 = ORIENTED_EDGE ( 'NONE', *, *, #2584, .T. ) ;
#166 = LINE ( 'NONE', #851, #6318 ) ;
#167 = VERTEX_POINT ( 'NONE', #5232 ) ;
#168 = ADVANCED_FACE ( 'NONE', ( #454 ), #3474, .T. ) ;
#169 = CARTESIAN_POINT ( 'NONE',  ( -41.86921551476105208, -7.773448325847216012, 10.42657378116709666 ) ) ;
#170 = CARTESIAN_POINT ( 'NONE',  ( 13.40894241220452265, -21.99999999999999289, 24.00000000000000000 ) ) ;
#171 = DIRECTION ( 'NONE',  ( 1.000000000000000000, 0.000000000000000000, -0.000000000000000000 ) ) ;
#172 = CARTESIAN_POINT ( 'NONE',  ( 14.06552558398623098, -26.36807641605784625, 5.089747674607655981 ) ) ;
#173 = LINE ( 'NONE', #4897, #7156 ) ;
#174 = CARTESIAN_POINT ( 'NONE',  ( 21.90999999999990777, -13.30000000000000249, 21.00000000000000000 ) ) ;
#175 = ORIENTED_EDGE ( 'NONE', *, *, #4241, .F. ) ;
#176 = ORIENTED_EDGE ( 'NONE', *, *, #64, .T. ) ;
#177 = EDGE_CURVE ( 'NONE', #1415, #1265, #337, .T. ) ;
#178 = DIRECTION ( 'NONE',  ( -1.000000000000000000, 0.000000000000000000, 0.000000000000000000 ) ) ;
#179 = CARTESIAN_POINT ( 'NONE',  ( -13.40894241220451732, -25.41283789321709818, 24.00000000000000000 ) ) ;
#180 = CARTESIAN_POINT ( 'NONE',  ( -43.44918167848638291, -1.547640533762451476, 5.840583812891813942 ) ) ;
#181 = ADVANCED_FACE ( 'NONE', ( #7570 ), #4523, .F. ) ;
#182 = ADVANCED_FACE ( 'NONE', ( #5262 ), #1686, .F. ) ;
#183 = ORIENTED_EDGE ( 'NONE', *, *, #1850, .F. ) ;
#184 = ADVANCED_FACE ( 'NONE', ( #1649 ), #6904, .F. ) ;
#185 = LINE ( 'NONE', #263, #4053 ) ;
#186 = CARTESIAN_POINT ( 'NONE',  ( -44.14912053627465838, 5.561592994926721545, 13.00331611518982911 ) ) ;
#187 = DIRECTION ( 'NONE',  ( 1.000000000000000000, 0.000000000000000000, 0.000000000000000000 ) ) ;
#188 = AXIS2_PLACEMENT_3D ( 'NONE', #3827, #3868, #2700 ) ;
#189 = CARTESIAN_POINT ( 'NONE',  ( 35.09747201004798001, -1.673265166800352421, 1.635063292293995385 ) ) ;
#190 = AXIS2_PLACEMENT_3D ( 'NONE', #4551, #3221, #5625 ) ;
#191 = EDGE_LOOP ( 'NONE', ( #1446, #2306, #5227, #1315, #176, #6877, #4638, #4960, #6157, #1710, #4308, #5194, #2752, #3639, #1660, #2243 ) ) ;
#192 = EDGE_LOOP ( 'NONE', ( #3809, #5472 ) ) ;
#193 = VERTEX_POINT ( 'NONE', #2888 ) ;
#194 = ORIENTED_EDGE ( 'NONE', *, *, #51, .T. ) ;
#195 = CARTESIAN_POINT ( 'NONE',  ( 35.10230000765990610, 1.625835027447497971, 15.61669813560023101 ) ) ;
#196 = CIRCLE ( 'NONE', #3787, 1.000000000000000888 ) ;
#197 = CARTESIAN_POINT ( 'NONE',  ( -13.40894241220451732, -27.16125453576510296, 24.00000000000000000 ) ) ;
#198 = CARTESIAN_POINT ( 'NONE',  ( -8.100000000000013856, -24.41053361559591650, 0.000000000000000000 ) ) ;
#199 = EDGE_CURVE ( 'NONE', #2021, #5173, #6947, .T. ) ;
#200 = CARTESIAN_POINT ( 'NONE',  ( -10.90180841670001399, -34.08819856468884524, 16.50000000000000000 ) ) ;
#201 = CARTESIAN_POINT ( 'NONE',  ( -35.17790709849746378, -0.7832316136644953408, 3.430883023440876034 ) ) ;
#202 = DIRECTION ( 'NONE',  ( -6.624790897247282050E-16, 1.000000000000000000, 0.000000000000000000 ) ) ;
#203 = EDGE_LOOP ( 'NONE', ( #1420, #5798, #1418, #4854 ) ) ;
#204 = AXIS2_PLACEMENT_3D ( 'NONE', #5351, #3522, #5964 ) ;
#205 = VECTOR ( 'NONE', #2282, 1000.000000000000000 ) ;
#206 = VECTOR ( 'NONE', #3396, 1000.000000000000000 ) ;
#207 = CARTESIAN_POINT ( 'NONE',  ( -41.62994134243869127, -8.048715751902308924, 10.59448662748076231 ) ) ;
#208 = VECTOR ( 'NONE', #2490, 1000.000000000000000 ) ;
#209 = FACE_OUTER_BOUND ( 'NONE', #2831, .T. ) ;
#210 = DIRECTION ( 'NONE',  ( -1.000000000000000000, 0.000000000000000000, 0.000000000000000000 ) ) ;
#211 = CARTESIAN_POINT ( 'NONE',  ( 14.91596253876791955, -26.27477210837486510, 5.001513403221296450 ) ) ;
#212 = CARTESIAN_POINT ( 'NONE',  ( -32.82893218813453728, 18.00000000000000000, 21.00000000000000000 ) ) ;
#213 = CIRCLE ( 'NONE', #7662, 16.09999999999999787 ) ;
#214 = ORIENTED_EDGE ( 'NONE', *, *, #4866, .T. ) ;
#215 = VERTEX_POINT ( 'NONE', #417 ) ;
#216 = VECTOR ( 'NONE', #5718, 1000.000000000000000 ) ;
#217 = CARTESIAN_POINT ( 'NONE',  ( 20.21076683067359880, -20.99999999999998934, 24.00000000000000000 ) ) ;
#218 = CIRCLE ( 'NONE', #1317, 2.900000000000003464 ) ;
#219 = CARTESIAN_POINT ( 'NONE',  ( -43.97390881046266742, 5.705232176648351583, 10.81714917570755574 ) ) ;
#220 = DIRECTION ( 'NONE',  ( 0.000000000000000000, 0.000000000000000000, -1.000000000000000000 ) ) ;
#221 = CARTESIAN_POINT ( 'NONE',  ( -41.74160558874599758, 1.507730580063645576, 19.91797700046127062 ) ) ;
#222 = EDGE_CURVE ( 'NONE', #1620, #4582, #1443, .T. ) ;
#223 = ORIENTED_EDGE ( 'NONE', *, *, #3602, .T. ) ;
#224 = AXIS2_PLACEMENT_3D ( 'NONE', #7131, #5346, #3047 ) ;
#225 = VECTOR ( 'NONE', #6463, 999.9999999999998863 ) ;
#226 = LINE ( 'NONE', #5608, #7147 ) ;
#227 = CARTESIAN_POINT ( 'NONE',  ( -44.55000000000004690, 5.250000000000005329, 12.14354268477251431 ) ) ;
#228 = CARTESIAN_POINT ( 'NONE',  ( -42.39989424075367452, 7.192203406857852421, 13.74219179502597044 ) ) ;
#229 = ADVANCED_FACE ( 'NONE', ( #7524 ), #3321, .F. ) ;
#230 = AXIS2_PLACEMENT_3D ( 'NONE', #3895, #2691, #2105 ) ;
#231 = LINE ( 'NONE', #266, #3347 ) ;
#232 = ORIENTED_EDGE ( 'NONE', *, *, #5402, .T. ) ;
#233 = VECTOR ( 'NONE', #1406, 1000.000000000000000 ) ;
#234 = VERTEX_POINT ( 'NONE', #1723 ) ;
#235 = ORIENTED_EDGE ( 'NONE', *, *, #3740, .T. ) ;
#236 = EDGE_LOOP ( 'NONE', ( #2184, #6505 ) ) ;
#237 = LINE ( 'NONE', #3800, #956 ) ;
#238 = AXIS2_PLACEMENT_3D ( 'NONE', #2345, #2379, #6618 ) ;
#239 = PLANE ( 'NONE',  #974 ) ;
#240 = CARTESIAN_POINT ( 'NONE',  ( -51.72355327481840703, -4.335074973525355979, 14.28449209380085705 ) ) ;
#241 = DIRECTION ( 'NONE',  ( -0.000000000000000000, -0.000000000000000000, -1.000000000000000000 ) ) ;
#242 = CARTESIAN_POINT ( 'NONE',  ( -42.58456515516913043, -7.000000000000000000, 13.75000000000000000 ) ) ;
#243 = DIRECTION ( 'NONE',  ( 0.000000000000000000, 0.000000000000000000, -1.000000000000000000 ) ) ;
#244 = EDGE_LOOP ( 'NONE', ( #6266, #1363, #5570, #3479, #3420 ) ) ;
#245 = CARTESIAN_POINT ( 'NONE',  ( -14.91596253876791245, -26.27477210837486865, 0.000000000000000000 ) ) ;
#246 = AXIS2_PLACEMENT_3D ( 'NONE', #6249, #6340, #6926 ) ;
#247 = CARTESIAN_POINT ( 'NONE',  ( 17.89999999999998792, -3.172144385112382281, 21.00000000000000000 ) ) ;
#248 = CARTESIAN_POINT ( 'NONE',  ( -20.21076683067359525, -21.99999999999999645, 0.000000000000000000 ) ) ;
#249 = PLANE ( 'NONE',  #451 ) ;
#250 = CARTESIAN_POINT ( 'NONE',  ( -34.75000000000001421, 13.49999999999998046, 24.00000000000000000 ) ) ;
#251 = AXIS2_PLACEMENT_3D ( 'NONE', #5710, #5007, #5098 ) ;
#252 = CARTESIAN_POINT ( 'NONE',  ( 2.891205793294680298E-16, -3.000000000000001776, 21.00000000000000000 ) ) ;
#253 = FACE_OUTER_BOUND ( 'NONE', #2533, .T. ) ;
#254 = CARTESIAN_POINT ( 'NONE',  ( 34.75000000000000000, -13.50000000000000178, 24.00000000000000000 ) ) ;
#255 = ORIENTED_EDGE ( 'NONE', *, *, #4348, .T. ) ;
#256 = ORIENTED_EDGE ( 'NONE', *, *, #6300, .F. ) ;
#257 = CARTESIAN_POINT ( 'NONE',  ( -32.82893218813453728, 22.00000000000000000, 24.00000000000000000 ) ) ;
#258 = LINE ( 'NONE', #1403, #4700 ) ;
#259 = CARTESIAN_POINT ( 'NONE',  ( -43.29280655799962574, 6.305062621769025100, 10.39069861729527133 ) ) ;
#260 = CARTESIAN_POINT ( 'NONE',  ( 39.89999999999999147, 13.00000000000000533, 21.00000000000000000 ) ) ;
#261 = DIRECTION ( 'NONE',  ( 2.668805347656626678E-16, -1.000000000000000000, -0.000000000000000000 ) ) ;
#262 = EDGE_LOOP ( 'NONE', ( #7519, #6601, #3018, #223, #3609, #5349 ) ) ;
#263 = CARTESIAN_POINT ( 'NONE',  ( 14.40894241220452265, -20.99999999999998934, 0.000000000000000000 ) ) ;
#264 = DIRECTION ( 'NONE',  ( 0.000000000000000000, 0.000000000000000000, -1.000000000000000000 ) ) ;
#265 = CARTESIAN_POINT ( 'NONE',  ( -34.89999999999999858, -18.00000000000000355, 0.000000000000000000 ) ) ;
#266 = CARTESIAN_POINT ( 'NONE',  ( -1.500000000000000222, 1.836970198721030181E-16, 0.000000000000000000 ) ) ;
#267 = ORIENTED_EDGE ( 'NONE', *, *, #3878, .F. ) ;
#268 = ORIENTED_EDGE ( 'NONE', *, *, #5238, .T. ) ;
#269 = ORIENTED_EDGE ( 'NONE', *, *, #1560, .F. ) ;
#270 = VERTEX_POINT ( 'NONE', #1138 ) ;
#271 = CARTESIAN_POINT ( 'NONE',  ( 34.73715003239147592, 3.488301941391063199, 20.41613226979242768 ) ) ;
#272 = CARTESIAN_POINT ( 'NONE',  ( -9.750000000000000000, 24.00000000000000355, 5.000000000000000888 ) ) ;
#273 = DIRECTION ( 'NONE',  ( 1.000000000000000000, -0.000000000000000000, -0.000000000000000000 ) ) ;
#274 = EDGE_CURVE ( 'NONE', #2572, #6341, #3009, .T. ) ;
#275 = DIRECTION ( 'NONE',  ( -0.000000000000000000, 0.000000000000000000, -1.000000000000000000 ) ) ;
#276 = CARTESIAN_POINT ( 'NONE',  ( -35.12783511428878569, -1.394533561296537050, 3.936671103348180711 ) ) ;
#277 = DIRECTION ( 'NONE',  ( 1.000000000000000000, 0.000000000000000000, 0.000000000000000000 ) ) ;
#278 = CYLINDRICAL_SURFACE ( 'NONE', #6448, 2.000000000000001776 ) ;
#279 = ORIENTED_EDGE ( 'NONE', *, *, #4621, .F. ) ;
#280 = ADVANCED_FACE ( 'NONE', ( #7163 ), #666, .F. ) ;
#281 = EDGE_CURVE ( 'NONE', #2865, #6573, #3592, .T. ) ;
#282 = EDGE_CURVE ( 'NONE', #4238, #3060, #5954, .T. ) ;
#283 = CARTESIAN_POINT ( 'NONE',  ( -14.91596253876791245, -26.27477210837486865, 24.00000000000000000 ) ) ;
#284 = DIRECTION ( 'NONE',  ( 1.000000000000000000, 0.000000000000000000, 0.000000000000000000 ) ) ;
#285 = FACE_BOUND ( 'NONE', #7266, .T. ) ;
#286 = DIRECTION ( 'NONE',  ( -1.000000000000000000, -9.941108744852763806E-17, 2.775557561562890858E-16 ) ) ;
#287 = CARTESIAN_POINT ( 'NONE',  ( -33.94669178320992131, -5.644523646821905771, 13.11315411990043778 ) ) ;
#288 = DIRECTION ( 'NONE',  ( 7.114481453410877694E-16, -0.7071067811865514585, 0.7071067811865435759 ) ) ;
#289 = CARTESIAN_POINT ( 'NONE',  ( -32.82893218813453728, 20.00000000000000000, 19.99999999999999645 ) ) ;
#290 = ORIENTED_EDGE ( 'NONE', *, *, #1906, .T. ) ;
#291 = EDGE_LOOP ( 'NONE', ( #3844, #4795, #1141, #5135 ) ) ;
#292 = ORIENTED_EDGE ( 'NONE', *, *, #4199, .T. ) ;
#293 = LINE ( 'NONE', #5195, #3048 ) ;
#294 = EDGE_CURVE ( 'NONE', #428, #5380, #2460, .T. ) ;
#295 = EDGE_CURVE ( 'NONE', #7323, #4229, #4163, .T. ) ;
#296 = LINE ( 'NONE', #6865, #3285 ) ;
#297 = CARTESIAN_POINT ( 'NONE',  ( 1.676305461423943655, -17.99999999999999645, 19.50000000000000000 ) ) ;
#298 = DIRECTION ( 'NONE',  ( 0.000000000000000000, 0.000000000000000000, -1.000000000000000000 ) ) ;
#299 = CARTESIAN_POINT ( 'NONE',  ( 2.684099361110245291E-15, -17.99999999999999645, 12.00000000000000000 ) ) ;
#300 = VERTEX_POINT ( 'NONE', #1169 ) ;
#301 = EDGE_CURVE ( 'NONE', #2950, #2665, #3483, .T. ) ;
#302 = FACE_OUTER_BOUND ( 'NONE', #3601, .T. ) ;
#303 = DIRECTION ( 'NONE',  ( -1.000000000000000000, 0.000000000000000000, 0.000000000000000000 ) ) ;
#304 = CARTESIAN_POINT ( 'NONE',  ( 10.17106781186546627, 20.00000000000000355, 37.13274595042155823 ) ) ;
#305 = ORIENTED_EDGE ( 'NONE', *, *, #7269, .T. ) ;
#306 = EDGE_LOOP ( 'NONE', ( #1111, #3863, #759, #5830, #7158, #3905, #7296, #1625, #7196, #4067 ) ) ;
#307 = ORIENTED_EDGE ( 'NONE', *, *, #3927, .T. ) ;
#308 = ORIENTED_EDGE ( 'NONE', *, *, #1400, .T. ) ;
#309 = DIRECTION ( 'NONE',  ( 1.000000000000000000, 9.941108744852765039E-17, 0.000000000000000000 ) ) ;
#310 = LINE ( 'NONE', #5049, #3197 ) ;
#311 = FACE_BOUND ( 'NONE', #5360, .T. ) ;
#312 = PLANE ( 'NONE',  #6331 ) ;
#313 = CIRCLE ( 'NONE', #3029, 1.000000000000000888 ) ;
#314 = CARTESIAN_POINT ( 'NONE',  ( -44.37542010582852470, -5.382736948737319338, 12.68026009211218863 ) ) ;
#315 = CARTESIAN_POINT ( 'NONE',  ( -61.10000000000000142, -4.900000000000014566, 12.00000000000000000 ) ) ;
#316 = CARTESIAN_POINT ( 'NONE',  ( 22.29429915795130412, 18.20570084204868522, 9.794299157951307677 ) ) ;
#317 = ORIENTED_EDGE ( 'NONE', *, *, #2543, .T. ) ;
#318 = EDGE_CURVE ( 'NONE', #4272, #6817, #6262, .T. ) ;
#319 = ORIENTED_EDGE ( 'NONE', *, *, #6392, .F. ) ;
#320 = CIRCLE ( 'NONE', #4394, 1.000000000000000888 ) ;
#321 = EDGE_CURVE ( 'NONE', #2609, #2027, #7302, .T. ) ;
#322 = DIRECTION ( 'NONE',  ( -0.000000000000000000, -0.000000000000000000, -1.000000000000000000 ) ) ;
#323 = CARTESIAN_POINT ( 'NONE',  ( 10.17106781186546627, 18.00000000000000711, 18.00000000000000355 ) ) ;
#324 = DIRECTION ( 'NONE',  ( 0.8619342151577693567, -0.5070201265633940135, 0.000000000000000000 ) ) ;
#325 = AXIS2_PLACEMENT_3D ( 'NONE', #5835, #1131, #442 ) ;
#326 = CARTESIAN_POINT ( 'NONE',  ( -41.91671879005108536, -1.598909452460888225, 19.71973981055883840 ) ) ;
#327 = LINE ( 'NONE', #3860, #5819 ) ;
#328 = CIRCLE ( 'NONE', #4540, 4.999999999999997335 ) ;
#329 = CARTESIAN_POINT ( 'NONE',  ( 2.499999999999992895, 7.000000000000002665, 12.00000000000000000 ) ) ;
#330 = CARTESIAN_POINT ( 'NONE',  ( -44.37571079054632150, -5.382512766074039945, 11.32029021347926268 ) ) ;
#331 = VERTEX_POINT ( 'NONE', #2016 ) ;
#332 = ORIENTED_EDGE ( 'NONE', *, *, #7394, .T. ) ;
#333 = ORIENTED_EDGE ( 'NONE', *, *, #3447, .T. ) ;
#334 = DIRECTION ( 'NONE',  ( -1.000000000000000000, 0.000000000000000000, 0.000000000000000000 ) ) ;
#335 = CIRCLE ( 'NONE', #6283, 13.29000000000000270 ) ;
#336 = CARTESIAN_POINT ( 'NONE',  ( 35.20000000000001705, 0.2586206522440711586, 8.749323675879688622 ) ) ;
#337 = LINE ( 'NONE', #7017, #2341 ) ;
#338 = FACE_BOUND ( 'NONE', #291, .T. ) ;
#339 = DIRECTION ( 'NONE',  ( 0.000000000000000000, 0.000000000000000000, -1.000000000000000000 ) ) ;
#340 = CIRCLE ( 'NONE', #7533, 1.750000000000001554 ) ;
#341 = CARTESIAN_POINT ( 'NONE',  ( -14.40894241220451732, -25.41283789321709818, 19.50000000000000000 ) ) ;
#342 = EDGE_LOOP ( 'NONE', ( #5242, #6715 ) ) ;
#343 = EDGE_CURVE ( 'NONE', #5082, #4862, #327, .T. ) ;
#344 = VERTEX_POINT ( 'NONE', #5476 ) ;
#345 = CYLINDRICAL_SURFACE ( 'NONE', #1067, 1.000000000000000888 ) ;
#346 = CIRCLE ( 'NONE', #4684, 1.750000000000001554 ) ;
#347 = CARTESIAN_POINT ( 'NONE',  ( -43.29295181151104543, 6.304928056778491552, 13.60924130833689816 ) ) ;
#348 = CARTESIAN_POINT ( 'NONE',  ( 21.91000000000001080, 0.01000000000000132727, 21.00000000000000000 ) ) ;
#349 = CARTESIAN_POINT ( 'NONE',  ( -35.19999999999999574, 0.009999999999899845948, 6.749971428338189305 ) ) ;
#350 = EDGE_LOOP ( 'NONE', ( #4236, #2434, #841, #3190, #5202, #4139, #5210, #1583, #5486, #7113 ) ) ;
#351 = EDGE_LOOP ( 'NONE', ( #3796, #6699, #2228, #214 ) ) ;
#352 = AXIS2_PLACEMENT_3D ( 'NONE', #6273, #385, #2024 ) ;
#353 = AXIS2_PLACEMENT_3D ( 'NONE', #1318, #6059, #770 ) ;
#354 = ORIENTED_EDGE ( 'NONE', *, *, #6195, .T. ) ;
#355 = CARTESIAN_POINT ( 'NONE',  ( 14.40894241220452265, -20.99999999999998934, 5.000000000000000000 ) ) ;
#356 = LINE ( 'NONE', #2042, #5197 ) ;
#357 = DIRECTION ( 'NONE',  ( 1.000000000000000000, 9.941108744852765039E-17, 0.000000000000000000 ) ) ;
#358 = VECTOR ( 'NONE', #6137, 1000.000000000000000 ) ;
#359 = CARTESIAN_POINT ( 'NONE',  ( -44.55000000000004690, -1.734723419696314672E-15, 17.24999999999999645 ) ) ;
#360 = DIRECTION ( 'NONE',  ( 0.7071067811865510144, -0.7071067811865441310, 8.659560562354895880E-17 ) ) ;
#361 = CARTESIAN_POINT ( 'NONE',  ( -8.100000000000013856, -0.000000000000000000, 0.000000000000000000 ) ) ;
#362 = CARTESIAN_POINT ( 'NONE',  ( -39.90000000000000568, 10.92893218813451384, 21.00000000000000000 ) ) ;
#363 = VERTEX_POINT ( 'NONE', #4895 ) ;
#364 = AXIS2_PLACEMENT_3D ( 'NONE', #6244, #921, #4541 ) ;
#365 = AXIS2_PLACEMENT_3D ( 'NONE', #6984, #3987, #2301 ) ;
#366 = VECTOR ( 'NONE', #3279, 1000.000000000000000 ) ;
#367 = ADVANCED_BREP_SHAPE_REPRESENTATION ( 'camera_case', ( #6212, #3334 ), #2216 ) ;
#368 = CARTESIAN_POINT ( 'NONE',  ( -51.91377122810536804, -2.011144428637927195, 14.09364198027638437 ) ) ;
#369 = CARTESIAN_POINT ( 'NONE',  ( 17.89999999999998792, 7.000000000000003553, 12.00000000000000000 ) ) ;
#370 = DIRECTION ( 'NONE',  ( 1.000000000000000000, 0.000000000000000000, 0.000000000000000000 ) ) ;
#371 = DIRECTION ( 'NONE',  ( -0.000000000000000000, -0.000000000000000000, 1.000000000000000000 ) ) ;
#372 = CARTESIAN_POINT ( 'NONE',  ( 9.363132992788662179, 18.48240745160056520, 9.517592548399438357 ) ) ;
#373 = EDGE_CURVE ( 'NONE', #3718, #6713, #3655, .T. ) ;
#374 = CARTESIAN_POINT ( 'NONE',  ( 20.21076683067359880, -21.99999999999999289, 0.000000000000000000 ) ) ;
#375 = LINE ( 'NONE', #2734, #5926 ) ;
#376 = ORIENTED_EDGE ( 'NONE', *, *, #4977, .T. ) ;
#377 = EDGE_LOOP ( 'NONE', ( #7611, #6288, #3395, #2822 ) ) ;
#378 = EDGE_LOOP ( 'NONE', ( #5201, #7232 ) ) ;
#379 = DIRECTION ( 'NONE',  ( 1.000000000000000000, 0.000000000000000000, 0.000000000000000000 ) ) ;
#380 = AXIS2_PLACEMENT_3D ( 'NONE', #5829, #509, #2872 ) ;
#381 = EDGE_CURVE ( 'NONE', #5274, #7111, #4941, .T. ) ;
#382 = CARTESIAN_POINT ( 'NONE',  ( 35.00404433346100319, 2.293031814112116873, 7.977268919210261267 ) ) ;
#383 = CARTESIAN_POINT ( 'NONE',  ( -39.90000000000000568, 7.000000000000003553, 12.00000000000000000 ) ) ;
#384 = CARTESIAN_POINT ( 'NONE',  ( -32.99999999999998579, -13.50000000000002665, 0.000000000000000000 ) ) ;
#385 = DIRECTION ( 'NONE',  ( 0.000000000000000000, 0.000000000000000000, 1.000000000000000000 ) ) ;
#386 = CARTESIAN_POINT ( 'NONE',  ( 11.67157287525389187, 26.00000000000000355, 1.999999999999997780 ) ) ;
#387 = EDGE_LOOP ( 'NONE', ( #7312, #760, #1445, #4811 ) ) ;
#388 = ORIENTED_EDGE ( 'NONE', *, *, #3124, .F. ) ;
#389 = ADVANCED_FACE ( 'NONE', ( #898 ), #6766, .T. ) ;
#390 = EDGE_CURVE ( 'NONE', #4862, #4630, #4352, .T. ) ;
#391 = EDGE_CURVE ( 'NONE', #1006, #2506, #6176, .T. ) ;
#392 = CARTESIAN_POINT ( 'NONE',  ( 35.20000000000000995, 0.009999999999907260156, 8.749986666642962874 ) ) ;
#393 = CARTESIAN_POINT ( 'NONE',  ( 9.499984707532368233, 20.00782110201305031, 7.992178897986966568 ) ) ;
#394 = ORIENTED_EDGE ( 'NONE', *, *, #4742, .T. ) ;
#395 = ORIENTED_EDGE ( 'NONE', *, *, #7239, .F. ) ;
#396 = CARTESIAN_POINT ( 'NONE',  ( 34.81832843119907750, -3.172144385112382281, 21.00000000000000000 ) ) ;
#397 = CARTESIAN_POINT ( 'NONE',  ( 17.89999999999998792, -1.275480926296549303E-15, 22.75000000000000000 ) ) ;
#398 = CARTESIAN_POINT ( 'NONE',  ( 13.27743229591009744, -30.71915747299405908, 5.831395812114998911 ) ) ;
#399 = CARTESIAN_POINT ( 'NONE',  ( -27.90000000000001634, -13.00000000000000533, 24.00000000000000000 ) ) ;
#400 = EDGE_CURVE ( 'NONE', #2706, #6773, #4822, .T. ) ;
#401 = EDGE_CURVE ( 'NONE', #6944, #5215, #812, .T. ) ;
#402 = FACE_BOUND ( 'NONE', #2144, .T. ) ;
#403 = CARTESIAN_POINT ( 'NONE',  ( -35.19279986097851776, 0.4613774660522081961, 17.30809179775154760 ) ) ;
#404 = EDGE_LOOP ( 'NONE', ( #2987, #7169, #3083, #2621, #3757, #2870, #4001 ) ) ;
#405 = CARTESIAN_POINT ( 'NONE',  ( -9.500000000000003553, 20.00000000000000355, 8.000000000000014211 ) ) ;
#406 = CARTESIAN_POINT ( 'NONE',  ( -21.90999999999990067, 13.29999999999999538, 21.00000000000000000 ) ) ;
#407 = CARTESIAN_POINT ( 'NONE',  ( 0.000000000000000000, 0.000000000000000000, 5.000000000000000000 ) ) ;
#408 = DIRECTION ( 'NONE',  ( 1.000000000000000000, 0.000000000000000000, 0.000000000000000000 ) ) ;
#409 = DIRECTION ( 'NONE',  ( 1.000000000000000000, -0.000000000000000000, -0.000000000000000000 ) ) ;
#410 = DIRECTION ( 'NONE',  ( -2.891205793294679312E-16, -2.874179119489070639E-32, -1.000000000000000000 ) ) ;
#411 = FACE_OUTER_BOUND ( 'NONE', #6032, .T. ) ;
#412 = ORIENTED_EDGE ( 'NONE', *, *, #2318, .F. ) ;
#413 = VERTEX_POINT ( 'NONE', #2641 ) ;
#414 = ORIENTED_EDGE ( 'NONE', *, *, #5911, .T. ) ;
#415 = DIRECTION ( 'NONE',  ( -1.387778780781445676E-16, -1.379605977354753764E-32, -1.000000000000000000 ) ) ;
#416 = CARTESIAN_POINT ( 'NONE',  ( 34.71841564220531495, 3.556540507661662520, 6.213605192115774223 ) ) ;
#417 = CARTESIAN_POINT ( 'NONE',  ( -23.32842712474619518, 18.00000000000000355, 2.000000000000002665 ) ) ;
#418 = DIRECTION ( 'NONE',  ( -0.000000000000000000, 0.000000000000000000, -1.000000000000000000 ) ) ;
#419 = CARTESIAN_POINT ( 'NONE',  ( -14.98761331371183481, -26.23262459370197419, 5.000000000000000000 ) ) ;
#420 = CARTESIAN_POINT ( 'NONE',  ( -35.19999999999999574, 0.009999999999899849418, 21.00000000000000000 ) ) ;
#421 = ORIENTED_EDGE ( 'NONE', *, *, #4071, .F. ) ;
#422 = ADVANCED_FACE ( 'NONE', ( #7395 ), #3698, .F. ) ;
#423 = VERTEX_POINT ( 'NONE', #444 ) ;
#424 = CARTESIAN_POINT ( 'NONE',  ( 11.15747148565976765, -33.19391915492003164, 17.35759261092316663 ) ) ;
#425 = FACE_OUTER_BOUND ( 'NONE', #4024, .T. ) ;
#426 = CARTESIAN_POINT ( 'NONE',  ( 31.88030868408414520, -8.814898597394369872, 15.31428202810628925 ) ) ;
#427 = PLANE ( 'NONE',  #1948 ) ;
#428 = VERTEX_POINT ( 'NONE', #5837 ) ;
#429 = EDGE_CURVE ( 'NONE', #3240, #6838, #1566, .T. ) ;
#430 = ADVANCED_FACE ( 'NONE', ( #3429 ), #6185, .F. ) ;
#431 = ORIENTED_EDGE ( 'NONE', *, *, #3423, .F. ) ;
#432 = ORIENTED_EDGE ( 'NONE', *, *, #2715, .T. ) ;
#433 = DIRECTION ( 'NONE',  ( -1.000000000000000000, 0.000000000000000000, 0.000000000000000000 ) ) ;
#434 = CYLINDRICAL_SURFACE ( 'NONE', #6798, 1.750000000000005107 ) ;
#435 = FACE_OUTER_BOUND ( 'NONE', #3299, .T. ) ;
#436 = DIRECTION ( 'NONE',  ( -1.000000000000000000, 0.000000000000000000, 0.000000000000000000 ) ) ;
#437 = LINE ( 'NONE', #5711, #2929 ) ;
#438 = ORIENTED_EDGE ( 'NONE', *, *, #7022, .T. ) ;
#439 = EDGE_CURVE ( 'NONE', #6199, #1785, #5224, .T. ) ;
#440 = AXIS2_PLACEMENT_3D ( 'NONE', #5328, #765, #160 ) ;
#441 = CARTESIAN_POINT ( 'NONE',  ( -46.47644672518159581, 4.335074973525335551, 14.28449209380085705 ) ) ;
#442 = DIRECTION ( 'NONE',  ( -1.000000000000000000, 0.000000000000000000, 0.000000000000000000 ) ) ;
#443 = FACE_OUTER_BOUND ( 'NONE', #2522, .T. ) ;
#444 = CARTESIAN_POINT ( 'NONE',  ( -32.82893218813453728, 18.00000000000000000, 0.000000000000000000 ) ) ;
#445 = DIRECTION ( 'NONE',  ( 0.000000000000000000, 0.000000000000000000, -1.000000000000000000 ) ) ;
#446 = AXIS2_PLACEMENT_3D ( 'NONE', #5720, #6178, #3226 ) ;
#447 = ORIENTED_EDGE ( 'NONE', *, *, #1787, .T. ) ;
#448 = CIRCLE ( 'NONE', #5509, 3.750000000000001776 ) ;
#449 = VERTEX_POINT ( 'NONE', #1053 ) ;
#450 = CARTESIAN_POINT ( 'NONE',  ( 8.500000000000001776, 18.00000000000000355, 10.82842712474618629 ) ) ;
#451 = AXIS2_PLACEMENT_3D ( 'NONE', #4634, #6426, #3500 ) ;
#452 = CIRCLE ( 'NONE', #6020, 11.09999999999999609 ) ;
#453 = DIRECTION ( 'NONE',  ( -1.000000000000000000, 0.000000000000000000, 0.000000000000000000 ) ) ;
#454 = FACE_OUTER_BOUND ( 'NONE', #9, .T. ) ;
#455 = CARTESIAN_POINT ( 'NONE',  ( -9.410179721124459107, 18.58578643762691485, 9.414213562373086930 ) ) ;
#456 = AXIS2_PLACEMENT_3D ( 'NONE', #3825, #7449, #7482 ) ;
#457 = ORIENTED_EDGE ( 'NONE', *, *, #7307, .F. ) ;
#458 = AXIS2_PLACEMENT_3D ( 'NONE', #7460, #1819, #5396 ) ;
#459 = VERTEX_POINT ( 'NONE', #3933 ) ;
#460 = DIRECTION ( 'NONE',  ( 0.000000000000000000, 1.000000000000000000, 0.000000000000000000 ) ) ;
#461 = VECTOR ( 'NONE', #6400, 1000.000000000000000 ) ;
#462 = AXIS2_PLACEMENT_3D ( 'NONE', #4315, #813, #7230 ) ;
#463 = CARTESIAN_POINT ( 'NONE',  ( 31.52184133695731916, -9.191769068227115369, 8.948705609770794211 ) ) ;
#464 = DIRECTION ( 'NONE',  ( -0.7071067811865526798, 2.799257721010300146E-17, 0.7071067811865424657 ) ) ;
#465 = ADVANCED_FACE ( 'NONE', ( #1098 ), #2179, .F. ) ;
#466 = ORIENTED_EDGE ( 'NONE', *, *, #2245, .T. ) ;
#467 = ORIENTED_EDGE ( 'NONE', *, *, #4831, .T. ) ;
#468 = ORIENTED_EDGE ( 'NONE', *, *, #6836, .T. ) ;
#469 = AXIS2_PLACEMENT_3D ( 'NONE', #4468, #202, #4423 ) ;
#470 = FACE_OUTER_BOUND ( 'NONE', #979, .T. ) ;
#471 = CARTESIAN_POINT ( 'NONE',  ( -32.82893218813453728, 20.00000000000000000, 14.00000000000000000 ) ) ;
#472 = ADVANCED_FACE ( 'NONE', ( #5148 ), #2142, .F. ) ;
#473 = LINE ( 'NONE', #2280, #2656 ) ;
#474 = ORIENTED_EDGE ( 'NONE', *, *, #6099, .F. ) ;
#475 = DIRECTION ( 'NONE',  ( 1.000000000000000000, 9.941108744852766272E-17, 0.000000000000000000 ) ) ;
#476 = AXIS2_PLACEMENT_3D ( 'NONE', #6517, #2897, #1074 ) ;
#477 = ORIENTED_EDGE ( 'NONE', *, *, #7349, .F. ) ;
#478 = EDGE_CURVE ( 'NONE', #5589, #2777, #6154, .T. ) ;
#479 = CIRCLE ( 'NONE', #4574, 1.749999999999999778 ) ;
#480 = CIRCLE ( 'NONE', #6431, 14.09999999999999432 ) ;
#481 = DIRECTION ( 'NONE',  ( 1.387778780781445676E-16, 1.379605977354753764E-32, 1.000000000000000000 ) ) ;
#482 = DIRECTION ( 'NONE',  ( 1.000000000000000000, 0.000000000000000000, 0.000000000000000000 ) ) ;
#483 = DIRECTION ( 'NONE',  ( 3.958748233630339645E-17, 1.000000000000000000, -0.000000000000000000 ) ) ;
#484 = CARTESIAN_POINT ( 'NONE',  ( -39.90000000000000568, 12.99999999999999822, 24.00000000000000000 ) ) ;
#485 = LINE ( 'NONE', #987, #4567 ) ;
#486 = VERTEX_POINT ( 'NONE', #6307 ) ;
#487 = AXIS2_PLACEMENT_3D ( 'NONE', #1182, #7648, #4652 ) ;
#488 = ORIENTED_EDGE ( 'NONE', *, *, #5576, .T. ) ;
#489 = VECTOR ( 'NONE', #4940, 1000.000000000000000 ) ;
#490 = CARTESIAN_POINT ( 'NONE',  ( -34.90000000000000568, 10.92893218813451561, 0.000000000000000000 ) ) ;
#491 = FACE_OUTER_BOUND ( 'NONE', #1078, .T. ) ;
#492 = CARTESIAN_POINT ( 'NONE',  ( -12.50000000000000178, 28.00000000000008527, 5.000000000000004441 ) ) ;
#493 = ADVANCED_FACE ( 'NONE', ( #2103, #518, #7011, #985, #5679, #3979, #1680 ), #4476, .T. ) ;
#494 = EDGE_CURVE ( 'NONE', #2777, #4094, #7442, .T. ) ;
#495 = CARTESIAN_POINT ( 'NONE',  ( 8.100000000000017408, -18.08597829525914591, 5.000000000000000000 ) ) ;
#496 = ORIENTED_EDGE ( 'NONE', *, *, #5443, .F. ) ;
#497 = AXIS2_PLACEMENT_3D ( 'NONE', #4055, #5064, #3353 ) ;
#498 = ORIENTED_EDGE ( 'NONE', *, *, #4442, .F. ) ;
#499 = CARTESIAN_POINT ( 'NONE',  ( 34.74421188084720313, -3.462323242392038924, 13.27012336419858052 ) ) ;
#500 = DIRECTION ( 'NONE',  ( 1.000000000000000000, 9.941108744852763806E-17, 0.000000000000000000 ) ) ;
#501 = CARTESIAN_POINT ( 'NONE',  ( -7.500000000000001776, 20.00000000000000355, 24.00000000000000711 ) ) ;
#502 = FACE_OUTER_BOUND ( 'NONE', #4008, .T. ) ;
#503 = EDGE_LOOP ( 'NONE', ( #3778, #6391, #5928, #7488 ) ) ;
#504 = ORIENTED_EDGE ( 'NONE', *, *, #2657, .T. ) ;
#505 = EDGE_CURVE ( 'NONE', #6239, #1646, #7513, .T. ) ;
#506 = LINE ( 'NONE', #2868, #5171 ) ;
#507 = DIRECTION ( 'NONE',  ( 0.000000000000000000, 0.000000000000000000, -1.000000000000000000 ) ) ;
#508 = VERTEX_POINT ( 'NONE', #5752 ) ;
#509 = DIRECTION ( 'NONE',  ( 1.000000000000000000, 9.941108744852766272E-17, 0.000000000000000000 ) ) ;
#510 = EDGE_LOOP ( 'NONE', ( #1370, #633, #1388, #5980, #2753 ) ) ;
#511 = CARTESIAN_POINT ( 'NONE',  ( 34.90270596550576698, -2.807748843395525107, 16.50877580089677465 ) ) ;
#512 = EDGE_LOOP ( 'NONE', ( #4157, #3641 ) ) ;
#513 = EDGE_CURVE ( 'NONE', #7170, #5024, #123, .T. ) ;
#514 = CARTESIAN_POINT ( 'NONE',  ( -39.90000000000000568, -7.000000000000000888, 12.00000000000000000 ) ) ;
#515 = DIRECTION ( 'NONE',  ( 0.000000000000000000, -0.000000000000000000, 1.000000000000000000 ) ) ;
#516 = DIRECTION ( 'NONE',  ( 1.000000000000000000, 0.000000000000000000, 0.000000000000000000 ) ) ;
#517 = LINE ( 'NONE', #5293, #4797 ) ;
#518 = FACE_BOUND ( 'NONE', #3950, .T. ) ;
#519 = CARTESIAN_POINT ( 'NONE',  ( -51.23831963447498339, -4.214261501141113087, 9.500000000000003553 ) ) ;
#520 = EDGE_CURVE ( 'NONE', #1265, #1646, #1615, .T. ) ;
#521 = ADVANCED_FACE ( 'NONE', ( #4818 ), #2292, .F. ) ;
#522 = ADVANCED_FACE ( 'NONE', ( #7194, #1783 ), #1860, .F. ) ;
#523 = EDGE_LOOP ( 'NONE', ( #256, #2762, #3248 ) ) ;
#524 = CARTESIAN_POINT ( 'NONE',  ( -8.100000000000010303, -18.82919749104296159, 4.999999999999998224 ) ) ;
#525 = DIRECTION ( 'NONE',  ( 1.000000000000000000, 0.000000000000000000, 0.000000000000000000 ) ) ;
#526 = CARTESIAN_POINT ( 'NONE',  ( -47.10000000000000853, -4.214261501141105093, 14.50000000000000178 ) ) ;
#527 = CARTESIAN_POINT ( 'NONE',  ( 37.89999999999999147, -1.734723475976807094E-15, 19.00000000000000000 ) ) ;
#528 = ORIENTED_EDGE ( 'NONE', *, *, #3113, .T. ) ;
#529 = ORIENTED_EDGE ( 'NONE', *, *, #3854, .T. ) ;
#530 = ADVANCED_FACE ( 'NONE', ( #4674 ), #7671, .T. ) ;
#531 = EDGE_CURVE ( 'NONE', #3530, #1037, #988, .T. ) ;
#532 = CARTESIAN_POINT ( 'NONE',  ( 34.50797383376819027, -4.247078398310606850, 9.441268743830745436 ) ) ;
#533 = CARTESIAN_POINT ( 'NONE',  ( -13.62298334620742857, 23.00000000000004974, 5.000000000000000888 ) ) ;
#534 = CARTESIAN_POINT ( 'NONE',  ( -21.90999999999990067, -13.30000000000000071, 0.000000000000000000 ) ) ;
#535 = CARTESIAN_POINT ( 'NONE',  ( -51.10000000000000853, -4.214261501141125521, 9.500000000000005329 ) ) ;
#536 = EDGE_LOOP ( 'NONE', ( #6536, #308, #3970, #864 ) ) ;
#537 = ORIENTED_EDGE ( 'NONE', *, *, #6882, .T. ) ;
#538 = CARTESIAN_POINT ( 'NONE',  ( -51.10000000000000142, -43.10000000000001563, 13.50000000000000533 ) ) ;
#539 = CARTESIAN_POINT ( 'NONE',  ( 12.50000000000000000, 18.00000000000000355, 1.999999999999997780 ) ) ;
#540 = FACE_BOUND ( 'NONE', #3408, .T. ) ;
#541 = ORIENTED_EDGE ( 'NONE', *, *, #4398, .T. ) ;
#542 = CARTESIAN_POINT ( 'NONE',  ( 10.90180841670002465, -34.08819856468883103, 10.00000000000000000 ) ) ;
#543 = CARTESIAN_POINT ( 'NONE',  ( -35.08559234099654844, 1.750076570125760567, 19.11261747932622157 ) ) ;
#544 = ORIENTED_EDGE ( 'NONE', *, *, #5084, .F. ) ;
#545 = ORIENTED_EDGE ( 'NONE', *, *, #6459, .F. ) ;
#546 = ORIENTED_EDGE ( 'NONE', *, *, #7600, .F. ) ;
#547 = ORIENTED_EDGE ( 'NONE', *, *, #5413, .T. ) ;
#548 = CARTESIAN_POINT ( 'NONE',  ( -35.19999999999999574, -6.098637220230962441E-16, 5.000000000000000000 ) ) ;
#549 = LINE ( 'NONE', #4088, #2071 ) ;
#550 = CARTESIAN_POINT ( 'NONE',  ( 3.918869757271530263E-15, -32.00000000000000000, 19.50000000000000000 ) ) ;
#551 = DIRECTION ( 'NONE',  ( -1.000000000000000000, 0.000000000000000000, 0.000000000000000000 ) ) ;
#552 = LINE ( 'NONE', #2921, #4802 ) ;
#553 = ORIENTED_EDGE ( 'NONE', *, *, #7639, .F. ) ;
#554 = ADVANCED_FACE ( 'NONE', ( #7262 ), #1928, .F. ) ;
#555 = ORIENTED_EDGE ( 'NONE', *, *, #4869, .T. ) ;
#556 = CARTESIAN_POINT ( 'NONE',  ( 23.88307512300519519, -20.99999999999998934, 24.00000000000000000 ) ) ;
#557 = EDGE_CURVE ( 'NONE', #5380, #2600, #5162, .T. ) ;
#558 = CARTESIAN_POINT ( 'NONE',  ( 20.21076683067359880, -21.99999999999999289, 24.00000000000000000 ) ) ;
#559 = AXIS2_PLACEMENT_3D ( 'NONE', #6460, #5833, #4087 ) ;
#560 = DIRECTION ( 'NONE',  ( -0.000000000000000000, 0.000000000000000000, 1.000000000000000000 ) ) ;
#561 = DIRECTION ( 'NONE',  ( -1.000000000000000000, -9.941108744852766272E-17, 0.000000000000000000 ) ) ;
#562 = ORIENTED_EDGE ( 'NONE', *, *, #520, .T. ) ;
#563 = ORIENTED_EDGE ( 'NONE', *, *, #6450, .F. ) ;
#564 = CIRCLE ( 'NONE', #5028, 4.999999999999997335 ) ;
#565 = AXIS2_PLACEMENT_3D ( 'NONE', #4624, #7500, #6922 ) ;
#566 = CARTESIAN_POINT ( 'NONE',  ( 34.79910128917846635, -3.249624686649049021, 11.74881592773393635 ) ) ;
#567 = CARTESIAN_POINT ( 'NONE',  ( -46.47198125777845945, 4.333855140938267958, 9.711256471143446589 ) ) ;
#568 = AXIS2_PLACEMENT_3D ( 'NONE', #550, #6381, #1612 ) ;
#569 = CARTESIAN_POINT ( 'NONE',  ( 14.91596253876792133, -26.27477210837486510, 19.50000000000000000 ) ) ;
#570 = AXIS2_PLACEMENT_3D ( 'NONE', #7152, #5947, #1889 ) ;
#571 = ORIENTED_EDGE ( 'NONE', *, *, #478, .F. ) ;
#572 = ORIENTED_EDGE ( 'NONE', *, *, #4066, .F. ) ;
#573 = AXIS2_PLACEMENT_3D ( 'NONE', #5456, #6041, #874 ) ;
#574 = VECTOR ( 'NONE', #745, 1000.000000000000000 ) ;
#575 = CARTESIAN_POINT ( 'NONE',  ( -42.99021431503639690, 6.590710553247085102, 13.71350883499999362 ) ) ;
#576 = LINE ( 'NONE', #2358, #789 ) ;
#577 = EDGE_LOOP ( 'NONE', ( #3144, #2285 ) ) ;
#578 = CARTESIAN_POINT ( 'NONE',  ( -44.43737792637011808, 5.335234891344724062, 11.44313125690833033 ) ) ;
#579 = DIRECTION ( 'NONE',  ( -0.000000000000000000, -0.000000000000000000, 1.000000000000000000 ) ) ;
#580 = ORIENTED_EDGE ( 'NONE', *, *, #3077, .T. ) ;
#581 = ORIENTED_EDGE ( 'NONE', *, *, #4262, .F. ) ;
#582 = VECTOR ( 'NONE', #7498, 1000.000000000000114 ) ;
#583 = VERTEX_POINT ( 'NONE', #3218 ) ;
#584 = CARTESIAN_POINT ( 'NONE',  ( -0.4412316987166465254, -17.99999999999999645, 19.49811321978469536 ) ) ;
#585 = CARTESIAN_POINT ( 'NONE',  ( 12.49999999999999822, 28.00000000000000355, 4.999999999999997335 ) ) ;
#586 = VECTOR ( 'NONE', #658, 1000.000000000000000 ) ;
#587 = CARTESIAN_POINT ( 'NONE',  ( -51.23860651754981888, 4.214261501141092658, 9.500000000000003553 ) ) ;
#588 = VECTOR ( 'NONE', #5398, 1000.000000000000000 ) ;
#589 = CARTESIAN_POINT ( 'NONE',  ( -39.90000000000000568, 10.92893218813451384, 24.00000000000000000 ) ) ;
#590 = CARTESIAN_POINT ( 'NONE',  ( 9.500000000000001776, 19.00000000000000355, 8.999999999999998224 ) ) ;
#591 = LINE ( 'NONE', #5335, #6927 ) ;
#592 = VERTEX_POINT ( 'NONE', #2481 ) ;
#593 = VECTOR ( 'NONE', #1329, 1000.000000000000000 ) ;
#594 = ORIENTED_EDGE ( 'NONE', *, *, #3613, .T. ) ;
#595 = LINE ( 'NONE', #4749, #5277 ) ;
#596 = AXIS2_PLACEMENT_3D ( 'NONE', #4296, #1347, #3724 ) ;
#597 = CARTESIAN_POINT ( 'NONE',  ( 15.17106781186546449, 20.00000000000000355, 19.99999999999999645 ) ) ;
#598 = CARTESIAN_POINT ( 'NONE',  ( -33.82583095531591511, 5.896065306366562453, 13.36267149924719710 ) ) ;
#599 = DIRECTION ( 'NONE',  ( -1.000000000000000000, 0.000000000000000000, 0.000000000000000000 ) ) ;
#600 = VECTOR ( 'NONE', #3239, 1000.000000000000000 ) ;
#601 = CARTESIAN_POINT ( 'NONE',  ( 29.95345551597064926, 10.59006938752829541, 13.11829017876707759 ) ) ;
#602 = EDGE_LOOP ( 'NONE', ( #6748, #4546, #2648, #147 ) ) ;
#603 = VERTEX_POINT ( 'NONE', #5588 ) ;
#604 = ADVANCED_FACE ( 'NONE', ( #6805 ), #278, .F. ) ;
#605 = AXIS2_PLACEMENT_3D ( 'NONE', #5096, #3918, #6291 ) ;
#606 = VECTOR ( 'NONE', #7326, 1000.000000000000000 ) ;
#607 = DIRECTION ( 'NONE',  ( -0.000000000000000000, -0.000000000000000000, 1.000000000000000000 ) ) ;
#608 = DIRECTION ( 'NONE',  ( -1.000000000000000000, 0.000000000000000000, 0.000000000000000000 ) ) ;
#609 = EDGE_CURVE ( 'NONE', #215, #5243, #6, .T. ) ;
#610 = EDGE_LOOP ( 'NONE', ( #5732, #5972, #7420, #3087, #5159, #2235, #3561 ) ) ;
#611 = EDGE_CURVE ( 'NONE', #5045, #6453, #6969, .T. ) ;
#612 = ORIENTED_EDGE ( 'NONE', *, *, #5885, .F. ) ;
#613 = EDGE_CURVE ( 'NONE', #1907, #3628, #1012, .T. ) ;
#614 = CARTESIAN_POINT ( 'NONE',  ( 33.00000000000000000, 13.50000000000000533, 24.00000000000000000 ) ) ;
#615 = DIRECTION ( 'NONE',  ( 0.8619342151577696898, -0.5070201265633933474, 0.000000000000000000 ) ) ;
#616 = CARTESIAN_POINT ( 'NONE',  ( 3.918869757271530263E-15, -32.00000000000000000, 10.00000000000000000 ) ) ;
#617 = ORIENTED_EDGE ( 'NONE', *, *, #4606, .F. ) ;
#618 = CARTESIAN_POINT ( 'NONE',  ( -44.55000000000004690, 5.250000000000004441, 11.85635690328504133 ) ) ;
#619 = CARTESIAN_POINT ( 'NONE',  ( 3.918869757271530263E-15, -32.00000000000000000, 19.50000000000000000 ) ) ;
#620 = VERTEX_POINT ( 'NONE', #6376 ) ;
#621 = VERTEX_POINT ( 'NONE', #3298 ) ;
#622 = ORIENTED_EDGE ( 'NONE', *, *, #5773, .T. ) ;
#623 = CARTESIAN_POINT ( 'NONE',  ( -1.058768248026764169, -18.00000000000000000, 19.50000000000000000 ) ) ;
#624 = ADVANCED_FACE ( 'NONE', ( #5667 ), #5787, .F. ) ;
#625 = DIRECTION ( 'NONE',  ( 1.000000000000000000, 2.668805347656626678E-16, 0.000000000000000000 ) ) ;
#626 = ADVANCED_FACE ( 'NONE', ( #2841 ), #4545, .F. ) ;
#627 = CARTESIAN_POINT ( 'NONE',  ( -51.77263752310226863, 4.356907988911621565, 9.757227613526481491 ) ) ;
#628 = CARTESIAN_POINT ( 'NONE',  ( -33.21327386202775500, -7.000000000000000888, 13.75000000000000533 ) ) ;
#629 = CARTESIAN_POINT ( 'NONE',  ( 34.50712993703457698, 4.249580552231612351, 14.56138194298550559 ) ) ;
#630 = CARTESIAN_POINT ( 'NONE',  ( -35.19850060656309410, 0.2386162571708103641, 3.262621281116250493 ) ) ;
#631 = CARTESIAN_POINT ( 'NONE',  ( -32.82893218813453728, 20.00000000000000000, 16.00000000000000000 ) ) ;
#632 = ORIENTED_EDGE ( 'NONE', *, *, #6252, .T. ) ;
#633 = ORIENTED_EDGE ( 'NONE', *, *, #1668, .T. ) ;
#634 = CARTESIAN_POINT ( 'NONE',  ( -32.15483433914955924, 8.476125814556102256, 11.05297613259217293 ) ) ;
#635 = CARTESIAN_POINT ( 'NONE',  ( -35.10764868691650520, -1.574636998089089301, 18.22794962050187095 ) ) ;
#636 = CARTESIAN_POINT ( 'NONE',  ( -33.68193026779577792, 6.179063735566504789, 13.54958070729765574 ) ) ;
#637 = CARTESIAN_POINT ( 'NONE',  ( 39.89999999999999147, 6.938893903907228378E-15, 9.400000000000000355 ) ) ;
#638 = FACE_OUTER_BOUND ( 'NONE', #2785, .T. ) ;
#639 = VERTEX_POINT ( 'NONE', #4007 ) ;
#640 = ORIENTED_EDGE ( 'NONE', *, *, #3804, .F. ) ;
#641 = CARTESIAN_POINT ( 'NONE',  ( 39.89999999999999147, -3.955505321723093897E-16, 6.750000000000000888 ) ) ;
#642 = EDGE_CURVE ( 'NONE', #1944, #2242, #7506, .T. ) ;
#643 = CARTESIAN_POINT ( 'NONE',  ( -47.10000000000000853, 4.214261501141093547, 9.500000000000008882 ) ) ;
#644 = EDGE_CURVE ( 'NONE', #3794, #4116, #5823, .T. ) ;
#645 = ORIENTED_EDGE ( 'NONE', *, *, #6979, .T. ) ;
#646 = CARTESIAN_POINT ( 'NONE',  ( -1.500000000000000222, 1.836970198721030181E-16, 24.00000000000000000 ) ) ;
#647 = CARTESIAN_POINT ( 'NONE',  ( 11.09999999999999787, -32.00000000000000000, 10.00000000000000000 ) ) ;
#648 = ORIENTED_EDGE ( 'NONE', *, *, #7206, .T. ) ;
#649 = EDGE_CURVE ( 'NONE', #2276, #6674, #2134, .T. ) ;
#650 = CARTESIAN_POINT ( 'NONE',  ( -42.58456515516913043, -7.000000000000000000, 13.75000000000000000 ) ) ;
#651 = CARTESIAN_POINT ( 'NONE',  ( -8.500000000000003553, 18.00000000000000355, 10.82842712474618985 ) ) ;
#652 = EDGE_LOOP ( 'NONE', ( #2495, #1231, #1399, #2359 ) ) ;
#653 = VERTEX_POINT ( 'NONE', #2250 ) ;
#654 = ORIENTED_EDGE ( 'NONE', *, *, #494, .T. ) ;
#655 = CARTESIAN_POINT ( 'NONE',  ( 1.676305461423943655, -17.99999999999999645, 19.50000000000000000 ) ) ;
#656 = CARTESIAN_POINT ( 'NONE',  ( -51.10000000000000853, 4.214261501141086441, 14.50000000000000178 ) ) ;
#657 = CARTESIAN_POINT ( 'NONE',  ( 14.98761331371184191, -26.23262459370197419, 5.000000000000000000 ) ) ;
#658 = DIRECTION ( 'NONE',  ( -0.000000000000000000, -0.000000000000000000, 1.000000000000000000 ) ) ;
#659 = FACE_OUTER_BOUND ( 'NONE', #6634, .T. ) ;
#660 = ORIENTED_EDGE ( 'NONE', *, *, #7657, .T. ) ;
#661 = ADVANCED_FACE ( 'NONE', ( #1554 ), #5181, .F. ) ;
#662 = ORIENTED_EDGE ( 'NONE', *, *, #1760, .T. ) ;
#663 = DIRECTION ( 'NONE',  ( 0.000000000000000000, 0.000000000000000000, 1.000000000000000000 ) ) ;
#664 = CARTESIAN_POINT ( 'NONE',  ( -44.55000000000003979, 5.250000000000003553, 12.00000000000000000 ) ) ;
#665 = CARTESIAN_POINT ( 'NONE',  ( -35.09704506566745863, -1.661624120408026872, 18.43915354444156307 ) ) ;
#666 = CYLINDRICAL_SURFACE ( 'NONE', #3958, 1.000000000000000888 ) ;
#667 = LINE ( 'NONE', #3737, #574 ) ;
#668 = CARTESIAN_POINT ( 'NONE',  ( 29.74937305118848840, 10.74168680153251110, 12.28775712871582293 ) ) ;
#669 = ORIENTED_EDGE ( 'NONE', *, *, #4165, .T. ) ;
#670 = ORIENTED_EDGE ( 'NONE', *, *, #7043, .F. ) ;
#671 = ORIENTED_EDGE ( 'NONE', *, *, #177, .T. ) ;
#672 = CIRCLE ( 'NONE', #5883, 1.749999999999999778 ) ;
#673 = CARTESIAN_POINT ( 'NONE',  ( -13.40894241220451732, -25.41283789321709818, 24.00000000000000000 ) ) ;
#674 = CARTESIAN_POINT ( 'NONE',  ( -41.05000000000001847, -1.520410286126020388E-15, 20.75000000000000000 ) ) ;
#675 = AXIS2_PLACEMENT_3D ( 'NONE', #556, #3509, #4640 ) ;
#676 = VECTOR ( 'NONE', #116, 1000.000000000000000 ) ;
#677 = ORIENTED_EDGE ( 'NONE', *, *, #6876, .T. ) ;
#678 = CARTESIAN_POINT ( 'NONE',  ( 7.100000000000001421, -7.999999999999994671, 0.000000000000000000 ) ) ;
#679 = CARTESIAN_POINT ( 'NONE',  ( 12.50000000000004263, 28.00000000000004619, 4.999999999999997335 ) ) ;
#680 = AXIS2_PLACEMENT_3D ( 'NONE', #4712, #4089, #6464 ) ;
#681 = ADVANCED_FACE ( 'NONE', ( #3887 ), #978, .F. ) ;
#682 = AXIS2_PLACEMENT_3D ( 'NONE', #2527, #1367, #5519 ) ;
#683 = CARTESIAN_POINT ( 'NONE',  ( 34.89922141900903085, -2.826883473937717550, 2.524079112083507326 ) ) ;
#684 = EDGE_LOOP ( 'NONE', ( #1419, #2589, #1843, #6736, #3719, #4084 ) ) ;
#685 = ORIENTED_EDGE ( 'NONE', *, *, #701, .F. ) ;
#686 = B_SPLINE_CURVE_WITH_KNOTS ( 'NONE', 3,
 ( #3715, #2502, #5317, #3054, #1230, #39, #3605, #6527, #1294, #3566, #6630, #2388, #5965, #723, #1845, #1878, #5997, #1336 ),
 .UNSPECIFIED., .F., .F.,
 ( 4, 2, 2, 2, 2, 2, 2, 2, 4 ),
 ( 0.008429546324314808950, 0.008830554180818846882, 0.009231562037322886549, 0.009632569893826924481, 0.01003357775033096241, 0.01043458560683500035, 0.01083559346333903828, 0.01123660131984307795, 0.01163760917634711588 ),
 .UNSPECIFIED. ) ;
#687 = ORIENTED_EDGE ( 'NONE', *, *, #7612, .F. ) ;
#688 = VECTOR ( 'NONE', #4688, 1000.000000000000000 ) ;
#689 = VECTOR ( 'NONE', #3894, 1000.000000000000000 ) ;
#690 = CARTESIAN_POINT ( 'NONE',  ( 39.89999999999999147, -12.99999999999999112, 24.00000000000000000 ) ) ;
#691 = EDGE_CURVE ( 'NONE', #6566, #4094, #2758, .T. ) ;
#692 = CARTESIAN_POINT ( 'NONE',  ( 32.82893218813451597, 13.00000000000000711, 24.00000000000000000 ) ) ;
#693 = DIRECTION ( 'NONE',  ( 8.673617379884028570E-16, -1.000000000000000000, 0.000000000000000000 ) ) ;
#694 = CARTESIAN_POINT ( 'NONE',  ( 15.02344265897996145, -26.21154850825013938, 5.000000000000000000 ) ) ;
#695 = CARTESIAN_POINT ( 'NONE',  ( -39.90000000000000568, -3.955505321723094390E-16, 6.750000000000000000 ) ) ;
#696 = AXIS2_PLACEMENT_3D ( 'NONE', #2207, #4584, #1080 ) ;
#697 = CARTESIAN_POINT ( 'NONE',  ( 34.30449985975678828, 4.811069117877075030, 15.05456532942069714 ) ) ;
#698 = CARTESIAN_POINT ( 'NONE',  ( 14.95627588635846728, -29.73160241978914087, 5.071787661210078291 ) ) ;
#699 = CARTESIAN_POINT ( 'NONE',  ( -7.634771516046922288E-15, 7.000000000000002665, 12.00000000000000000 ) ) ;
#700 = ORIENTED_EDGE ( 'NONE', *, *, #6625, .T. ) ;
#701 = EDGE_CURVE ( 'NONE', #2617, #7170, #1722, .T. ) ;
#702 = AXIS2_PLACEMENT_3D ( 'NONE', #7154, #1820, #3100 ) ;
#703 = CYLINDRICAL_SURFACE ( 'NONE', #7283, 11.09999999999999609 ) ;
#704 = PRODUCT_RELATED_PRODUCT_CATEGORY ( 'part', '', ( #2808 ) ) ;
#705 = CARTESIAN_POINT ( 'NONE',  ( -32.52209874691630631, 8.011282251702510848, 10.56770946391536903 ) ) ;
#706 = DIRECTION ( 'NONE',  ( -1.491166311727914324E-16, 1.000000000000000000, 0.000000000000000000 ) ) ;
#707 = CARTESIAN_POINT ( 'NONE',  ( -33.46336401395907245, -6.582555955205370068, 10.28640354733217954 ) ) ;
#708 = FACE_OUTER_BOUND ( 'NONE', #1524, .T. ) ;
#709 = CARTESIAN_POINT ( 'NONE',  ( 29.82822428460778141, 10.68373537959652531, 11.28439314537568450 ) ) ;
#710 = AXIS2_PLACEMENT_3D ( 'NONE', #3597, #4278, #6624 ) ;
#711 = AXIS2_PLACEMENT_3D ( 'NONE', #2219, #4596, #4051 ) ;
#712 = ORIENTED_EDGE ( 'NONE', *, *, #2079, .T. ) ;
#713 = ORIENTED_EDGE ( 'NONE', *, *, #3507, .T. ) ;
#714 = CIRCLE ( 'NONE', #5806, 4.000000000000000000 ) ;
#715 = EDGE_CURVE ( 'NONE', #2036, #423, #2909, .T. ) ;
#716 = EDGE_CURVE ( 'NONE', #5563, #7538, #2283, .T. ) ;
#717 = CYLINDRICAL_SURFACE ( 'NONE', #3686, 4.000000000000001776 ) ;
#718 = CARTESIAN_POINT ( 'NONE',  ( -44.55000000000004690, -3.955505321723095376E-16, 6.750000000000000000 ) ) ;
#719 = CLOSED_SHELL ( 'NONE', ( #920, #4517, #5143, #7366, #992, #2226, #1975, #3104, #1691, #2939, #1986, #7177, #422, #3937, #2883, #5871, #5534, #4209, #1737, #3214, #3986, #7543, #4883, #3360, #865, #1449, #626, #930, #2375, #5691, #6996, #3936, #389, #530, #1101, #1748, #6802, #6777, #1849, #2307, #522, #5573, #472, #1120, #3327, #6833, #5036, #4161, #493, #6191, #4118, #7045, #6596, #7505, #7517, #6627, #2316, #4769, #7165, #1087, #2353, #3738, #5872, #6690, #7604, #2108, #1275, #4263, #1733, #4916, #5020, #4337, #3064, #624, #6058, #4550, #181, #5124, #5369, #5782, #5635, #3146, #4495, #2951, #3154, #2892, #465, #1474, #5454, #4033, #2795, #6957, #2298, #554, #6220, #1842, #5100, #6976, #2542, #2067, #779, #3200, #2811, #2928, #7451, #3382, #1172, #4870, #3841, #6422, #5617, #6940, #5875, #3409, #4441, #2797, #4855, #7367, #681, #4694, #5412, #280, #1974, #2635, #6029, #1513, #7613, #184, #2058, #1885, #2810, #4153, #5826, #1102, #3464, #6111, #6310, #943, #430, #7250, #6767, #3477, #7213, #5529, #168, #2821, #1, #6931, #4518, #1047, #182, #7407, #229, #6363, #3383, #729, #4974, #521, #2456, #5552, #7081, #6942, #7197, #3230, #6733, #661, #5424, #1448, #1655, #900, #2837, #1005, #7161, #4295, #5313, #3205, #1187, #1540, #1786, #5178, #1932, #4601, #1232, #49, #6614, #5584, #5651, #604, #6396, #1747, #3734, #3952, #2118, #155 ) ) ;
#720 = AXIS2_PLACEMENT_3D ( 'NONE', #4617, #3598, #1659 ) ;
#721 = VERTEX_POINT ( 'NONE', #3491 ) ;
#722 = B_SPLINE_CURVE_WITH_KNOTS ( 'NONE', 3,
 ( #6765, #1483, #2640, #3224, #3859, #2731, #859, #4313, #5628, #326, #6694, #2565, #1521, #5592, #4939, #938, #3308, #6728, #2687, #3182, #1359, #7317, #1978, #5558 ),
 .UNSPECIFIED., .F., .F.,
 ( 4, 2, 2, 2, 2, 2, 2, 2, 2, 2, 2, 4 ),
 ( 1.410833381515299973E-19, 0.0004164557059684409154, 0.0008329114119368816139, 0.001665822823873762794, 0.002082278529842200403, 0.002498734235810638662, 0.003331645647747501302, 0.004164557059684364376, 0.004997468471621227017, 0.005830379883558090524, 0.006246835589526517074, 0.006663291295494943624 ),
 .UNSPECIFIED. ) ;
#723 = CARTESIAN_POINT ( 'NONE',  ( -41.14717689188035621, 8.629058641243915417, 11.34832117887320813 ) ) ;
#724 = CARTESIAN_POINT ( 'NONE',  ( -41.29235081809177643, 8.450988647232200890, 12.98563849163351946 ) ) ;
#725 = CARTESIAN_POINT ( 'NONE',  ( 34.86438814013873611, -2.981138845947453930, 2.711826338403511283 ) ) ;
#726 = ORIENTED_EDGE ( 'NONE', *, *, #7602, .F. ) ;
#727 = ORIENTED_EDGE ( 'NONE', *, *, #4593, .T. ) ;
#728 = ORIENTED_EDGE ( 'NONE', *, *, #4539, .T. ) ;
#729 = ADVANCED_FACE ( 'NONE', ( #7039, #1195 ), #6576, .T. ) ;
#730 = ORIENTED_EDGE ( 'NONE', *, *, #6445, .F. ) ;
#731 = AXIS2_PLACEMENT_3D ( 'NONE', #119, #6599, #6044 ) ;
#732 = CARTESIAN_POINT ( 'NONE',  ( 33.00000000000000000, -13.50000000000000178, 0.000000000000000000 ) ) ;
#733 = AXIS2_PLACEMENT_3D ( 'NONE', #975, #6845, #2132 ) ;
#734 = FACE_BOUND ( 'NONE', #236, .T. ) ;
#735 = DIRECTION ( 'NONE',  ( 0.000000000000000000, 0.000000000000000000, -1.000000000000000000 ) ) ;
#736 = DIRECTION ( 'NONE',  ( 0.000000000000000000, 0.000000000000000000, -1.000000000000000000 ) ) ;
#737 = CARTESIAN_POINT ( 'NONE',  ( 11.09999999999999787, -32.00000000000000000, 0.000000000000000000 ) ) ;
#738 = CARTESIAN_POINT ( 'NONE',  ( 3.918869757271530263E-15, -32.00000000000000000, 10.00000000000000000 ) ) ;
#739 = EDGE_CURVE ( 'NONE', #6944, #4107, #5969, .T. ) ;
#740 = CARTESIAN_POINT ( 'NONE',  ( -41.14719015530515378, -8.629041360529559057, 11.34821554470876315 ) ) ;
#741 = CARTESIAN_POINT ( 'NONE',  ( -32.26656661986359609, 8.339072264834678450, 10.86744223308940072 ) ) ;
#742 = EDGE_CURVE ( 'NONE', #592, #1285, #4824, .T. ) ;
#743 = CARTESIAN_POINT ( 'NONE',  ( -15.62781786380261906, -29.33657772717490175, 5.000000000000001776 ) ) ;
#744 = DIRECTION ( 'NONE',  ( 1.000000000000000000, 0.000000000000000000, 0.000000000000000000 ) ) ;
#745 = DIRECTION ( 'NONE',  ( 0.000000000000000000, 0.000000000000000000, -1.000000000000000000 ) ) ;
#746 = EDGE_CURVE ( 'NONE', #583, #1022, #2430, .T. ) ;
#747 = CARTESIAN_POINT ( 'NONE',  ( -51.40306990214131133, -1.542640728077888657, 9.544120890314275130 ) ) ;
#748 = ORIENTED_EDGE ( 'NONE', *, *, #6784, .T. ) ;
#749 = VERTEX_POINT ( 'NONE', #4083 ) ;
#750 = CARTESIAN_POINT ( 'NONE',  ( -9.500000000000008882, 20.00260704231020981, 7.997392957689805293 ) ) ;
#751 = CARTESIAN_POINT ( 'NONE',  ( -35.19999999999999574, -0.01000000000000653144, 21.00000000000000000 ) ) ;
#752 = VERTEX_POINT ( 'NONE', #2326 ) ;
#753 = EDGE_CURVE ( 'NONE', #6286, #7583, #2463, .T. ) ;
#754 = ORIENTED_EDGE ( 'NONE', *, *, #64, .F. ) ;
#755 = CARTESIAN_POINT ( 'NONE',  ( -8.000000000000000000, 24.00000000000000355, 2.000000000000000444 ) ) ;
#756 = DIRECTION ( 'NONE',  ( -1.000000000000000000, -1.875376730785736930E-15, 0.000000000000000000 ) ) ;
#757 = CARTESIAN_POINT ( 'NONE',  ( -41.86702873187417140, 7.774227187826415530, 13.58271378026419640 ) ) ;
#758 = CARTESIAN_POINT ( 'NONE',  ( 34.79868257938440479, -3.254333443889216859, 3.120574193955783393 ) ) ;
#759 = ORIENTED_EDGE ( 'NONE', *, *, #6100, .T. ) ;
#760 = ORIENTED_EDGE ( 'NONE', *, *, #2560, .F. ) ;
#761 = ORIENTED_EDGE ( 'NONE', *, *, #3855, .T. ) ;
#762 = ORIENTED_EDGE ( 'NONE', *, *, #7079, .T. ) ;
#763 = PLANE ( 'NONE',  #5298 ) ;
#764 = PLANE ( 'NONE',  #109 ) ;
#765 = DIRECTION ( 'NONE',  ( 0.000000000000000000, 0.000000000000000000, 1.000000000000000000 ) ) ;
#766 = CARTESIAN_POINT ( 'NONE',  ( 1.252855843761027258E-15, -13.00000000000000178, 21.00000000000000000 ) ) ;
#767 = CARTESIAN_POINT ( 'NONE',  ( -61.10000000000000142, 4.899999999999990585, 12.00000000000000000 ) ) ;
#768 = VERTEX_POINT ( 'NONE', #4704 ) ;
#769 = LINE ( 'NONE', #4933, #4561 ) ;
#770 = DIRECTION ( 'NONE',  ( 0.000000000000000000, 0.000000000000000000, 1.000000000000000000 ) ) ;
#771 = CARTESIAN_POINT ( 'NONE',  ( -8.100000000000013856, -23.55223872060722101, 7.595322360444994203 ) ) ;
#772 = DIRECTION ( 'NONE',  ( 0.000000000000000000, 0.000000000000000000, -1.000000000000000000 ) ) ;
#773 = CARTESIAN_POINT ( 'NONE',  ( -33.91034145832892222, -5.721817173379978527, 13.20095372295813974 ) ) ;
#774 = EDGE_CURVE ( 'NONE', #2264, #2893, #6555, .T. ) ;
#775 = DIRECTION ( 'NONE',  ( -0.000000000000000000, -0.000000000000000000, -1.000000000000000000 ) ) ;
#776 = DIRECTION ( 'NONE',  ( -1.387778780781445676E-16, -1.379605977354753764E-32, -1.000000000000000000 ) ) ;
#777 = EDGE_LOOP ( 'NONE', ( #6418, #1772, #3339, #4391, #7334 ) ) ;
#778 = EDGE_LOOP ( 'NONE', ( #3777, #7601, #5638, #81, #6513, #5502 ) ) ;
#779 = ADVANCED_FACE ( 'NONE', ( #5938 ), #4735, .F. ) ;
#780 = DIRECTION ( 'NONE',  ( -0.000000000000000000, -0.000000000000000000, -1.000000000000000000 ) ) ;
#781 = CARTESIAN_POINT ( 'NONE',  ( -43.39300363075232525, 6.212660480687112852, 10.43370454927624102 ) ) ;
#782 = CARTESIAN_POINT ( 'NONE',  ( 3.918869757271530263E-15, -32.00000000000000000, -5.500000000000001776 ) ) ;
#783 = EDGE_LOOP ( 'NONE', ( #4962, #5462, #3164, #2128 ) ) ;
#784 = CARTESIAN_POINT ( 'NONE',  ( 21.21076683067359880, -21.99999999999999289, 24.00000000000000000 ) ) ;
#785 = CARTESIAN_POINT ( 'NONE',  ( -61.10000000000000142, -1.196959198423997211E-14, 12.00000000000000000 ) ) ;
#786 = CARTESIAN_POINT ( 'NONE',  ( -14.40894241220451910, -20.99999999999998934, 24.00000000000000000 ) ) ;
#787 = CIRCLE ( 'NONE', #4266, 1.999999999999998224 ) ;
#788 = CARTESIAN_POINT ( 'NONE',  ( 35.16604927559753691, -0.9895720072740140649, 8.625435499946876305 ) ) ;
#789 = VECTOR ( 'NONE', #7001, 1000.000000000000000 ) ;
#790 = ORIENTED_EDGE ( 'NONE', *, *, #4783, .T. ) ;
#791 = ORIENTED_EDGE ( 'NONE', *, *, #373, .T. ) ;
#792 = EDGE_LOOP ( 'NONE', ( #2355, #5740 ) ) ;
#793 = EDGE_LOOP ( 'NONE', ( #4723, #4736 ) ) ;
#794 = CARTESIAN_POINT ( 'NONE',  ( -8.099999999999999645, -1.207844712499610558E-15, 0.000000000000000000 ) ) ;
#795 = VECTOR ( 'NONE', #7368, 1000.000000000000000 ) ;
#796 = DIRECTION ( 'NONE',  ( -1.000000000000000000, 0.000000000000000000, 2.478176394252581634E-16 ) ) ;
#797 = FACE_OUTER_BOUND ( 'NONE', #5909, .T. ) ;
#798 = LINE ( 'NONE', #1600, #2028 ) ;
#799 = DIRECTION ( 'NONE',  ( 0.000000000000000000, 0.000000000000000000, 1.000000000000000000 ) ) ;
#800 = CARTESIAN_POINT ( 'NONE',  ( -35.19999999999999574, -1.734723475976807094E-15, 19.00000000000000000 ) ) ;
#801 = CARTESIAN_POINT ( 'NONE',  ( 15.40040942447352634, -29.47034739736852060, 5.000000000000000000 ) ) ;
#802 = VERTEX_POINT ( 'NONE', #6455 ) ;
#803 = CARTESIAN_POINT ( 'NONE',  ( 35.20000000000000995, 0.009999999999907263626, 21.00000000000000000 ) ) ;
#804 = AXIS2_PLACEMENT_3D ( 'NONE', #6416, #1086, #3458 ) ;
#805 = CARTESIAN_POINT ( 'NONE',  ( -51.40282153820584909, -1.542553720136438322, 14.45593193453407466 ) ) ;
#806 = B_SPLINE_CURVE_WITH_KNOTS ( 'NONE', 3,
 ( #1865, #1977, #4350, #1278, #1937, #705, #1214, #5952, #741, #634, #3074, #4312, #1895, #3002, #59, #1319, #2407, #6693, #5438, #134, #6653, #3696, #6061, #3105, #2055, #2101 ),
 .UNSPECIFIED., .F., .F.,
 ( 4, 2, 2, 2, 2, 2, 2, 2, 2, 2, 2, 2, 4 ),
 ( 0.000000000000000000, 0.0007627863561976853859, 0.001144179534296533825, 0.001525572712395382264, 0.001906965890494230704, 0.002288359068593078926, 0.002669752246691927799, 0.003051145424790776238, 0.003432538602889624677, 0.003813931780988473550, 0.004576718137186175199, 0.005339504493383877282, 0.006102290849581579364 ),
 .UNSPECIFIED. ) ;
#807 = VECTOR ( 'NONE', #5405, 1000.000000000000114 ) ;
#808 = FACE_OUTER_BOUND ( 'NONE', #5324, .T. ) ;
#809 = CIRCLE ( 'NONE', #462, 2.000000000000001776 ) ;
#810 = CARTESIAN_POINT ( 'NONE',  ( 8.000000000000000000, 24.00000000000000000, 1.999999999999998668 ) ) ;
#811 = DIRECTION ( 'NONE',  ( 0.000000000000000000, 0.000000000000000000, -1.000000000000000000 ) ) ;
#812 = LINE ( 'NONE', #252, #1105 ) ;
#813 = DIRECTION ( 'NONE',  ( -1.000000000000000000, 0.000000000000000000, 0.000000000000000000 ) ) ;
#814 = CARTESIAN_POINT ( 'NONE',  ( -44.43734830799495938, -5.335257462509712667, 11.44305152835840111 ) ) ;
#815 = ORIENTED_EDGE ( 'NONE', *, *, #2658, .F. ) ;
#816 = CIRCLE ( 'NONE', #3178, 1.749999999999999778 ) ;
#817 = ORIENTED_EDGE ( 'NONE', *, *, #6608, .T. ) ;
#818 = EDGE_LOOP ( 'NONE', ( #1983, #3357, #2206, #2065 ) ) ;
#819 = ORIENTED_EDGE ( 'NONE', *, *, #6606, .F. ) ;
#820 = VECTOR ( 'NONE', #5697, 1000.000000000000000 ) ;
#821 = CARTESIAN_POINT ( 'NONE',  ( -61.10000000000000142, -4.214261501141107757, 14.50000000000000178 ) ) ;
#822 = AXIS2_PLACEMENT_3D ( 'NONE', #6547, #56, #2402 ) ;
#823 = CARTESIAN_POINT ( 'NONE',  ( -41.29162661589768391, -8.451870170589522502, 12.98432362681340102 ) ) ;
#824 = CARTESIAN_POINT ( 'NONE',  ( 8.100000000000015632, -24.34990062464634875, 9.264959149195821198 ) ) ;
#825 = CARTESIAN_POINT ( 'NONE',  ( -42.27783477036823712, -1.733053074461351484, 4.679459904684934557 ) ) ;
#826 = ORIENTED_EDGE ( 'NONE', *, *, #3602, .F. ) ;
#827 = VECTOR ( 'NONE', #2755, 1000.000000000000000 ) ;
#828 = VECTOR ( 'NONE', #7439, 1000.000000000000000 ) ;
#829 = CARTESIAN_POINT ( 'NONE',  ( 13.75360726756173158, -30.43905454849309322, 19.50000000000000000 ) ) ;
#830 = DIRECTION ( 'NONE',  ( 0.000000000000000000, -0.000000000000000000, 1.000000000000000000 ) ) ;
#831 = CARTESIAN_POINT ( 'NONE',  ( -46.10000000000000853, -4.622502080891606191, 13.63142012399936043 ) ) ;
#832 = EDGE_CURVE ( 'NONE', #3010, #4108, #5437, .T. ) ;
#833 = AXIS2_PLACEMENT_3D ( 'NONE', #909, #3278, #339 ) ;
#834 = CARTESIAN_POINT ( 'NONE',  ( -10.90000000000001457, -13.00000000000000355, 24.00000000000000000 ) ) ;
#835 = ORIENTED_EDGE ( 'NONE', *, *, #145, .F. ) ;
#836 = EDGE_CURVE ( 'NONE', #122, #4728, #4091, .T. ) ;
#837 = AXIS2_PLACEMENT_3D ( 'NONE', #4799, #3632, #5994 ) ;
#838 = EDGE_CURVE ( 'NONE', #3163, #270, #3711, .T. ) ;
#839 = ORIENTED_EDGE ( 'NONE', *, *, #3883, .F. ) ;
#840 = ORIENTED_EDGE ( 'NONE', *, *, #3404, .T. ) ;
#841 = ORIENTED_EDGE ( 'NONE', *, *, #2638, .F. ) ;
#842 = CARTESIAN_POINT ( 'NONE',  ( 14.40894241220452265, -21.99999999999999289, 5.000000000000000888 ) ) ;
#843 = VECTOR ( 'NONE', #4859, 1000.000000000000000 ) ;
#844 = CARTESIAN_POINT ( 'NONE',  ( -15.31698589280339462, -26.03887601776575877, 5.000000000000000000 ) ) ;
#845 = CARTESIAN_POINT ( 'NONE',  ( -38.43553390593274344, 14.46446609406725692, 24.00000000000000000 ) ) ;
#846 = FACE_OUTER_BOUND ( 'NONE', #378, .T. ) ;
#847 = DIRECTION ( 'NONE',  ( -0.000000000000000000, 0.000000000000000000, -1.000000000000000000 ) ) ;
#848 = DIRECTION ( 'NONE',  ( -1.000000000000000000, -2.668805347656626678E-16, 0.000000000000000000 ) ) ;
#849 = CARTESIAN_POINT ( 'NONE',  ( 13.27743229591009744, -30.71915747299405908, 5.831395812114998911 ) ) ;
#850 = ORIENTED_EDGE ( 'NONE', *, *, #3106, .F. ) ;
#851 = CARTESIAN_POINT ( 'NONE',  ( 39.89999999999999858, 18.00000000000000711, 16.00000000000000000 ) ) ;
#852 = EDGE_LOOP ( 'NONE', ( #7325, #7591, #18, #5280 ) ) ;
#853 = B_SPLINE_CURVE_WITH_KNOTS ( 'NONE', 3,
 ( #718, #3086, #1904, #4280, #6663, #6072, #3117, #5485, #180, #1582, #3831, #4488, #825, #3196, #6826, #5123, #5646, #1624, #5033, #7487, #5698, #4526, #3325, #2025 ),
 .UNSPECIFIED., .F., .F.,
 ( 4, 2, 2, 2, 2, 2, 2, 2, 2, 2, 2, 4 ),
 ( 2.139092974655536149E-18, 0.0004160261506599469790, 0.0008320523013198921148, 0.001664104602639783145, 0.002496156903959674718, 0.003328209205279565857, 0.004160261506599456129, 0.004992313807919347701, 0.005408339958579287850, 0.005824366109239227131, 0.006240392259899167279, 0.006656418410559106560 ),
 .UNSPECIFIED. ) ;
#854 = EDGE_CURVE ( 'NONE', #3529, #6773, #6631, .T. ) ;
#855 = EDGE_CURVE ( 'NONE', #6674, #4292, #6692, .T. ) ;
#856 = CARTESIAN_POINT ( 'NONE',  ( -51.18027734401285755, -1.469693845669919341, 14.50000000000000355 ) ) ;
#857 = DIRECTION ( 'NONE',  ( -0.000000000000000000, -0.000000000000000000, -1.000000000000000000 ) ) ;
#858 = DIRECTION ( 'NONE',  ( 0.000000000000000000, 0.000000000000000000, 1.000000000000000000 ) ) ;
#859 = CARTESIAN_POINT ( 'NONE',  ( -41.43408615220403135, -1.217015268911651793, 20.27873704266499999 ) ) ;
#860 = CARTESIAN_POINT ( 'NONE',  ( -39.89999999999999858, -6.311724647207922168E-15, 12.00000000000000000 ) ) ;
#861 = FACE_OUTER_BOUND ( 'NONE', #918, .T. ) ;
#862 = DIRECTION ( 'NONE',  ( 1.000000000000000000, 0.000000000000000000, 0.000000000000000000 ) ) ;
#863 = ORIENTED_EDGE ( 'NONE', *, *, #281, .F. ) ;
#864 = ORIENTED_EDGE ( 'NONE', *, *, #282, .F. ) ;
#865 = ADVANCED_FACE ( 'NONE', ( #4248 ), #5490, .F. ) ;
#866 = VERTEX_POINT ( 'NONE', #4287 ) ;
#867 = ORIENTED_EDGE ( 'NONE', *, *, #520, .F. ) ;
#868 = CARTESIAN_POINT ( 'NONE',  ( 10.90180841670002287, -34.08819856468883813, 16.50000000000000000 ) ) ;
#869 = CARTESIAN_POINT ( 'NONE',  ( -39.90000000000000568, -1.734723475976807094E-15, 19.00000000000000000 ) ) ;
#870 = DIRECTION ( 'NONE',  ( 0.7071067811865473507, -0.7071067811865477948, -0.000000000000000000 ) ) ;
#871 = CARTESIAN_POINT ( 'NONE',  ( 17.89999999999998792, -1.734723475976807094E-15, 19.00000000000000000 ) ) ;
#872 = CARTESIAN_POINT ( 'NONE',  ( -9.900000000000012790, 0.000000000000000000, 21.00000000000000000 ) ) ;
#873 = ORIENTED_EDGE ( 'NONE', *, *, #4018, .F. ) ;
#874 = DIRECTION ( 'NONE',  ( 1.000000000000000000, 0.000000000000000000, -0.000000000000000000 ) ) ;
#875 = FACE_OUTER_BOUND ( 'NONE', #5895, .T. ) ;
#876 = EDGE_CURVE ( 'NONE', #4919, #6772, #4326, .T. ) ;
#877 = DIRECTION ( 'NONE',  ( -0.000000000000000000, -0.000000000000000000, -1.000000000000000000 ) ) ;
#878 = DIRECTION ( 'NONE',  ( 1.000000000000000000, 0.000000000000000000, 0.000000000000000000 ) ) ;
#879 = EDGE_CURVE ( 'NONE', #2107, #5173, #231, .T. ) ;
#880 = EDGE_LOOP ( 'NONE', ( #3525, #4134 ) ) ;
#881 = EDGE_LOOP ( 'NONE', ( #6457, #7215 ) ) ;
#882 = EDGE_LOOP ( 'NONE', ( #319, #1690, #1544, #5858, #3764, #970, #2875, #5951, #3288, #4520, #3573, #2365, #2048, #5957, #5989, #2544 ) ) ;
#883 = EDGE_LOOP ( 'NONE', ( #4961, #468, #2524, #687, #6570, #7357, #4653, #2860, #5827, #1917 ) ) ;
#884 = CARTESIAN_POINT ( 'NONE',  ( 35.20000000000000995, 0.009999999999908523035, 15.25001333335703535 ) ) ;
#885 = CARTESIAN_POINT ( 'NONE',  ( 35.20000000000000995, -0.009999999999910150206, 0.000000000000000000 ) ) ;
#886 = CARTESIAN_POINT ( 'NONE',  ( 12.19027332866472335, -31.57709651873897272, 6.867639612147274697 ) ) ;
#887 = EDGE_CURVE ( 'NONE', #5774, #1377, #6126, .T. ) ;
#888 = CARTESIAN_POINT ( 'NONE',  ( -13.40894241220451910, -23.86612356705179039, 4.999999999999995559 ) ) ;
#889 = CARTESIAN_POINT ( 'NONE',  ( -35.15031487988829895, -1.160927435327556267, 6.314403163872332136 ) ) ;
#890 = DIRECTION ( 'NONE',  ( -1.000000000000000000, 0.000000000000000000, 0.000000000000000000 ) ) ;
#891 = DIRECTION ( 'NONE',  ( -0.000000000000000000, -0.000000000000000000, -1.000000000000000000 ) ) ;
#892 = VERTEX_POINT ( 'NONE', #7333 ) ;
#893 = DIRECTION ( 'NONE',  ( -0.000000000000000000, -0.000000000000000000, 1.000000000000000000 ) ) ;
#894 = LINE ( 'NONE', #3349, #3148 ) ;
#895 = LINE ( 'NONE', #3857, #5924 ) ;
#896 = DIRECTION ( 'NONE',  ( -0.000000000000000000, -0.000000000000000000, 1.000000000000000000 ) ) ;
#897 = DIRECTION ( 'NONE',  ( 0.000000000000000000, 0.000000000000000000, 1.000000000000000000 ) ) ;
#898 = FACE_OUTER_BOUND ( 'NONE', #3271, .T. ) ;
#899 = CARTESIAN_POINT ( 'NONE',  ( 7.100000000000003197, -17.99999999999999645, 0.000000000000000000 ) ) ;
#900 = ADVANCED_FACE ( 'NONE', ( #5999 ), #1413, .T. ) ;
#901 = LINE ( 'NONE', #254, #358 ) ;
#902 = B_SPLINE_CURVE_WITH_KNOTS ( 'NONE', 3,
 ( #6309, #519, #7562, #4092, #1645, #6383, #7599, #4057, #2261, #4636 ),
 .UNSPECIFIED., .F., .F.,
 ( 4, 2, 2, 2, 4 ),
 ( 0.000000000000000000, 0.0004085130822169316103, 0.0008170261644338632206, 0.001225539246650794722, 0.001634052328867726441 ),
 .UNSPECIFIED. ) ;
#903 = VERTEX_POINT ( 'NONE', #4841 ) ;
#904 = EDGE_LOOP ( 'NONE', ( #6659, #5266, #5092, #1705 ) ) ;
#905 = CARTESIAN_POINT ( 'NONE',  ( -39.90000000000000568, -6.098637220230962441E-16, 5.000000000000000000 ) ) ;
#906 = CARTESIAN_POINT ( 'NONE',  ( 35.16653843832690285, 0.9826404746024772763, 8.627234942198082734 ) ) ;
#907 = FACE_OUTER_BOUND ( 'NONE', #2770, .T. ) ;
#908 = DIRECTION ( 'NONE',  ( -0.000000000000000000, 0.000000000000000000, -1.000000000000000000 ) ) ;
#909 = CARTESIAN_POINT ( 'NONE',  ( 14.09999999999999787, -32.00000000000000000, 16.50000000000000000 ) ) ;
#910 = LINE ( 'NONE', #872, #7297 ) ;
#911 = VERTEX_POINT ( 'NONE', #834 ) ;
#912 = ORIENTED_EDGE ( 'NONE', *, *, #7015, .F. ) ;
#913 = CARTESIAN_POINT ( 'NONE',  ( 10.90180841670002287, -34.08819856468883813, 16.50000000000000000 ) ) ;
#914 = CARTESIAN_POINT ( 'NONE',  ( 3.918869757271530263E-15, -32.00000000000000000, 0.000000000000000000 ) ) ;
#915 = CARTESIAN_POINT ( 'NONE',  ( 29.75041943626128926, -10.74092367850122187, 12.29732648436208819 ) ) ;
#916 = CYLINDRICAL_SURFACE ( 'NONE', #7437, 3.750000000000001776 ) ;
#917 = ORIENTED_EDGE ( 'NONE', *, *, #5012, .F. ) ;
#918 = EDGE_LOOP ( 'NONE', ( #581, #6997, #7622, #6124 ) ) ;
#919 = CARTESIAN_POINT ( 'NONE',  ( 34.75127601573516500, 3.434857250069655699, 17.48604949594330904 ) ) ;
#920 = ADVANCED_FACE ( 'NONE', ( #151 ), #4958, .F. ) ;
#921 = DIRECTION ( 'NONE',  ( 0.000000000000000000, 0.000000000000000000, 1.000000000000000000 ) ) ;
#922 = DIRECTION ( 'NONE',  ( 1.000000000000000000, 0.000000000000000000, 0.000000000000000000 ) ) ;
#923 = CYLINDRICAL_SURFACE ( 'NONE', #6844, 1.749999999999999778 ) ;
#924 = VECTOR ( 'NONE', #7389, 1000.000000000000000 ) ;
#925 = CARTESIAN_POINT ( 'NONE',  ( -35.19850060656309410, -0.2386162571709077029, 6.737378718883737072 ) ) ;
#926 = CARTESIAN_POINT ( 'NONE',  ( 3.918869757271530263E-15, -32.00000000000000000, 10.00000000000000000 ) ) ;
#927 = DIRECTION ( 'NONE',  ( 0.000000000000000000, 0.000000000000000000, -1.000000000000000000 ) ) ;
#928 = ORIENTED_EDGE ( 'NONE', *, *, #6235, .T. ) ;
#929 = CARTESIAN_POINT ( 'NONE',  ( 35.02164335192087918, -2.198931675015882714, 15.94442889905758953 ) ) ;
#930 = ADVANCED_FACE ( 'NONE', ( #4496 ), #4410, .F. ) ;
#931 = AXIS2_PLACEMENT_3D ( 'NONE', #5906, #24, #6546 ) ;
#932 = AXIS2_PLACEMENT_3D ( 'NONE', #1663, #4542, #4004 ) ;
#933 = LINE ( 'NONE', #4472, #4890 ) ;
#934 = CARTESIAN_POINT ( 'NONE',  ( -51.10000000000000142, -43.10000000000001563, 10.50000000000000533 ) ) ;
#935 = B_SPLINE_CURVE_WITH_KNOTS ( 'NONE', 3,
 ( #6541, #4670, #1715, #2917, #7595, #627, #7008, #5254, #1676, #7667, #587, #7624 ),
 .UNSPECIFIED., .F., .F.,
 ( 4, 2, 2, 2, 2, 4 ),
 ( 0.000000000000000000, 0.0004085864697054225137, 0.0008171729394108450274, 0.001021466174263557965, 0.001225759409116271119, 0.001634345878821696560 ),
 .UNSPECIFIED. ) ;
#936 = CARTESIAN_POINT ( 'NONE',  ( -51.10000000000000853, 1.469693845669900245, 14.50000000000000178 ) ) ;
#937 = AXIS2_PLACEMENT_3D ( 'NONE', #3351, #4980, #3307 ) ;
#938 = CARTESIAN_POINT ( 'NONE',  ( -43.44752323536097549, -1.548376349548301389, 18.16094037640497305 ) ) ;
#939 = CIRCLE ( 'NONE', #5771, 11.09999999999999609 ) ;
#940 = LINE ( 'NONE', #3310, #2525 ) ;
#941 = PRODUCT_DEFINITION_SHAPE ( 'NONE', 'NONE',  #5272 ) ;
#942 = CARTESIAN_POINT ( 'NONE',  ( -31.25000000000001421, 13.49999999999998046, 24.00000000000000000 ) ) ;
#943 = ADVANCED_FACE ( 'NONE', ( #7371 ), #3997, .F. ) ;
#944 = EDGE_CURVE ( 'NONE', #4334, #3060, #5702, .T. ) ;
#945 = EDGE_CURVE ( 'NONE', #363, #3879, #2350, .T. ) ;
#946 = VERTEX_POINT ( 'NONE', #5611 ) ;
#947 = ORIENTED_EDGE ( 'NONE', *, *, #5453, .F. ) ;
#948 = ORIENTED_EDGE ( 'NONE', *, *, #5434, .F. ) ;
#949 = FACE_OUTER_BOUND ( 'NONE', #3690, .T. ) ;
#950 = VECTOR ( 'NONE', #1883, 1000.000000000000000 ) ;
#951 = VECTOR ( 'NONE', #7059, 1000.000000000000000 ) ;
#952 = CARTESIAN_POINT ( 'NONE',  ( -10.91901769020957857, -33.99835452113648415, 9.889829590211824950 ) ) ;
#953 = CYLINDRICAL_SURFACE ( 'NONE', #7181, 2.000000000000001776 ) ;
#954 = DIRECTION ( 'NONE',  ( 0.000000000000000000, 0.000000000000000000, -1.000000000000000000 ) ) ;
#955 = CARTESIAN_POINT ( 'NONE',  ( -51.46878128347870529, 1.580626454401270475, 9.568075532492887447 ) ) ;
#956 = VECTOR ( 'NONE', #2625, 1000.000000000000000 ) ;
#957 = CARTESIAN_POINT ( 'NONE',  ( 14.40894241220452265, -21.99999999999999289, 24.00000000000000000 ) ) ;
#958 = VERTEX_POINT ( 'NONE', #6788 ) ;
#959 = EDGE_LOOP ( 'NONE', ( #1767, #3093, #4181, #2557 ) ) ;
#960 = EDGE_CURVE ( 'NONE', #1007, #6820, #1464, .T. ) ;
#961 = EDGE_CURVE ( 'NONE', #16, #1907, #1543, .T. ) ;
#962 = DIRECTION ( 'NONE',  ( 1.000000000000000000, 0.000000000000000000, 0.000000000000000000 ) ) ;
#963 = AXIS2_PLACEMENT_3D ( 'NONE', #4915, #7370, #187 ) ;
#964 = CARTESIAN_POINT ( 'NONE',  ( -8.728293477980724975E-15, 18.00000000000000355, 12.00000000000000000 ) ) ;
#965 = CARTESIAN_POINT ( 'NONE',  ( 32.90928620293071560, -7.491567347847035485, 15.75000000000000355 ) ) ;
#966 = DIRECTION ( 'NONE',  ( 0.000000000000000000, 0.000000000000000000, -1.000000000000000000 ) ) ;
#967 = ORIENTED_EDGE ( 'NONE', *, *, #3198, .T. ) ;
#968 = AXIS2_PLACEMENT_3D ( 'NONE', #3116, #5484, #5378 ) ;
#969 = CIRCLE ( 'NONE', #5059, 4.900000000000002132 ) ;
#970 = ORIENTED_EDGE ( 'NONE', *, *, #3637, .T. ) ;
#971 = CARTESIAN_POINT ( 'NONE',  ( -21.90999999999999659, -0.01000000000000653144, 21.00000000000000000 ) ) ;
#972 = CARTESIAN_POINT ( 'NONE',  ( -49.10000000000000142, -2.900000000000011902, 12.00000000000000000 ) ) ;
#973 = DIRECTION ( 'NONE',  ( 0.8619342151577693567, 0.5070201265633940135, 0.000000000000000000 ) ) ;
#974 = AXIS2_PLACEMENT_3D ( 'NONE', #1380, #1424, #1922 ) ;
#975 = CARTESIAN_POINT ( 'NONE',  ( 21.90999999999990777, -13.30000000000000249, 21.00000000000000000 ) ) ;
#976 = VECTOR ( 'NONE', #2462, 1000.000000000000000 ) ;
#977 = CARTESIAN_POINT ( 'NONE',  ( -35.19999999999998863, -0.1253127035075615736, 6.749312487845563702 ) ) ;
#978 = PLANE ( 'NONE',  #246 ) ;
#979 = EDGE_LOOP ( 'NONE', ( #7347, #3143, #6077, #4842, #5463, #5025, #4994, #3962, #6995, #4333, #5580, #6757, #867, #7030, #6066, #2020, #7217, #2406 ) ) ;
#980 = VECTOR ( 'NONE', #1588, 1000.000000000000000 ) ;
#981 = DIRECTION ( 'NONE',  ( -2.815536131330090089E-16, 1.000000000000000000, 0.000000000000000000 ) ) ;
#982 = CARTESIAN_POINT ( 'NONE',  ( -46.29271518644938510, 4.426465194300637229, 14.10406907898133611 ) ) ;
#983 = DIRECTION ( 'NONE',  ( 0.000000000000000000, 0.000000000000000000, 1.000000000000000000 ) ) ;
#984 = EDGE_CURVE ( 'NONE', #1785, #3574, #6961, .T. ) ;
#985 = FACE_BOUND ( 'NONE', #5450, .T. ) ;
#986 = CARTESIAN_POINT ( 'NONE',  ( -27.90000000000001279, -4.000000000000005329, 21.00000000000000000 ) ) ;
#987 = CARTESIAN_POINT ( 'NONE',  ( -21.90999999999990067, -13.30000000000000071, 21.00000000000000000 ) ) ;
#988 = B_SPLINE_CURVE_WITH_KNOTS ( 'NONE', 3,
 ( #1205, #3582, #630, #4777, #7155, #1352, #4259, #3101, #7346, #4852, #6645, #1313, #164, #2556, #2599, #1478, #1430, #6722, #4970, #2006, #4304, #6057, #3729, #3136, #3176, #4931, #4886, #7311 ),
 .UNSPECIFIED., .F., .F.,
 ( 4, 2, 2, 2, 2, 2, 2, 2, 2, 2, 2, 2, 2, 4 ),
 ( 8.368685518872487350E-19, 0.0003410049730034386741, 0.0006820099460068765893, 0.001023014919010314504, 0.001364019892013751878, 0.002046029838020625106, 0.002728039784027497684, 0.003069044757030933105, 0.003410049730034368093, 0.003751054703037803514, 0.004092059676041238936, 0.004433064649044675225, 0.004774069622048108912, 0.005456079568054979755 ),
 .UNSPECIFIED. ) ;
#989 = ORIENTED_EDGE ( 'NONE', *, *, #1694, .T. ) ;
#990 = VERTEX_POINT ( 'NONE', #3912 ) ;
#991 = CARTESIAN_POINT ( 'NONE',  ( -9.749999999999996447, 24.00000000000000355, 24.00000000000000711 ) ) ;
#992 = ADVANCED_FACE ( 'NONE', ( #6238 ), #916, .F. ) ;
#993 = CARTESIAN_POINT ( 'NONE',  ( 34.79868257938439768, 3.254333443889215083, 6.879425806044219271 ) ) ;
#994 = CARTESIAN_POINT ( 'NONE',  ( 34.89999999999999147, -17.99999999999999289, 21.00000000000000000 ) ) ;
#995 = DIRECTION ( 'NONE',  ( 1.000000000000000000, 0.000000000000000000, 0.000000000000000000 ) ) ;
#996 = DIRECTION ( 'NONE',  ( 1.000000000000000000, 0.000000000000000000, 0.000000000000000000 ) ) ;
#997 = DIRECTION ( 'NONE',  ( 0.000000000000000000, 1.000000000000000000, -0.000000000000000000 ) ) ;
#998 = VERTEX_POINT ( 'NONE', #6285 ) ;
#999 = ORIENTED_EDGE ( 'NONE', *, *, #2362, .F. ) ;
#1000 = CARTESIAN_POINT ( 'NONE',  ( 34.04027239352179635, -5.445103164950430674, 15.42064496079061087 ) ) ;
#1001 = CARTESIAN_POINT ( 'NONE',  ( 0.000000000000000000, 0.000000000000000000, 0.000000000000000000 ) ) ;
#1002 = DIRECTION ( 'NONE',  ( 1.000000000000000000, 0.000000000000000000, 0.000000000000000000 ) ) ;
#1003 = DIRECTION ( 'NONE',  ( 9.941108744852766272E-17, -1.000000000000000000, 0.000000000000000000 ) ) ;
#1004 = ORIENTED_EDGE ( 'NONE', *, *, #3371, .T. ) ;
#1005 = ADVANCED_FACE ( 'NONE', ( #6916 ), #427, .F. ) ;
#1006 = VERTEX_POINT ( 'NONE', #1503 ) ;
#1007 = VERTEX_POINT ( 'NONE', #5042 ) ;
#1008 = DIRECTION ( 'NONE',  ( 1.000000000000000000, -0.000000000000000000, -0.000000000000000000 ) ) ;
#1009 = CARTESIAN_POINT ( 'NONE',  ( -23.32842712474619162, 18.00000000000000000, 2.000000000000001776 ) ) ;
#1010 = CARTESIAN_POINT ( 'NONE',  ( 3.918869757271530263E-15, -32.00000000000000000, 10.00000000000000000 ) ) ;
#1011 = DIRECTION ( 'NONE',  ( -0.000000000000000000, -0.000000000000000000, -1.000000000000000000 ) ) ;
#1012 = LINE ( 'NONE', #1670, #3837 ) ;
#1013 = ORIENTED_EDGE ( 'NONE', *, *, #7422, .T. ) ;
#1014 = CARTESIAN_POINT ( 'NONE',  ( 34.77460492812193849, -3.350630016742423223, 20.71690890290076581 ) ) ;
#1015 = FACE_OUTER_BOUND ( 'NONE', #152, .T. ) ;
#1016 = DIRECTION ( 'NONE',  ( -0.000000000000000000, 0.000000000000000000, -1.000000000000000000 ) ) ;
#1017 = CARTESIAN_POINT ( 'NONE',  ( 34.79251658139789072, 3.276160645306382957, 12.51176708107245439 ) ) ;
#1018 = CARTESIAN_POINT ( 'NONE',  ( 9.410179721124460883, 18.58578643762691840, 9.414213562373079824 ) ) ;
#1019 = DIRECTION ( 'NONE',  ( 1.000000000000000000, 0.000000000000000000, 0.000000000000000000 ) ) ;
#1020 = PLANE ( 'NONE',  #7548 ) ;
#1021 = ORIENTED_EDGE ( 'NONE', *, *, #3024, .T. ) ;
#1022 = VERTEX_POINT ( 'NONE', #3335 ) ;
#1023 = DIRECTION ( 'NONE',  ( -1.000000000000000000, 0.000000000000000000, 0.000000000000000000 ) ) ;
#1024 = EDGE_CURVE ( 'NONE', #2431, #7609, #7066, .T. ) ;
#1025 = DIRECTION ( 'NONE',  ( 0.000000000000000000, -1.000000000000000000, 0.000000000000000000 ) ) ;
#1026 = CARTESIAN_POINT ( 'NONE',  ( -13.40894241220451732, -27.16125453576510296, 0.000000000000000000 ) ) ;
#1027 = CARTESIAN_POINT ( 'NONE',  ( 34.89999999999999147, 18.00000000000000711, 21.00000000000000000 ) ) ;
#1028 = PLANE ( 'NONE',  #4435 ) ;
#1029 = ORIENTED_EDGE ( 'NONE', *, *, #2901, .F. ) ;
#1030 = ORIENTED_EDGE ( 'NONE', *, *, #3062, .T. ) ;
#1031 = EDGE_CURVE ( 'NONE', #4417, #5578, #3348, .T. ) ;
#1032 = CARTESIAN_POINT ( 'NONE',  ( 34.55969232442507177, -4.088328035484752654, 14.37661713301850064 ) ) ;
#1033 = CARTESIAN_POINT ( 'NONE',  ( 31.34528272366992496, -9.372632244324480055, 9.086850789171142750 ) ) ;
#1034 = CARTESIAN_POINT ( 'NONE',  ( -46.10000000000000142, 4.664761515876235443, 10.50000000000000178 ) ) ;
#1035 = CARTESIAN_POINT ( 'NONE',  ( -39.90000000000000568, -7.000000000000000888, 12.00000000000000000 ) ) ;
#1036 = ORIENTED_EDGE ( 'NONE', *, *, #1759, .F. ) ;
#1037 = VERTEX_POINT ( 'NONE', #349 ) ;
#1038 = ORIENTED_EDGE ( 'NONE', *, *, #2334, .F. ) ;
#1039 = DIRECTION ( 'NONE',  ( 1.000000000000000000, 0.000000000000000000, -0.000000000000000000 ) ) ;
#1040 = CARTESIAN_POINT ( 'NONE',  ( -32.82893218813453728, 22.00000000000000000, 24.00000000000000000 ) ) ;
#1041 = LINE ( 'NONE', #3966, #3543 ) ;
#1042 = PLANE ( 'NONE',  #1674 ) ;
#1043 = CARTESIAN_POINT ( 'NONE',  ( 35.20000000000000995, -6.098637220230962441E-16, 5.000000000000000000 ) ) ;
#1044 = CARTESIAN_POINT ( 'NONE',  ( -8.261061366972646018E-15, 13.29999999999999893, 12.00000000000000000 ) ) ;
#1045 = ORIENTED_EDGE ( 'NONE', *, *, #6724, .F. ) ;
#1046 = UNCERTAINTY_MEASURE_WITH_UNIT (LENGTH_MEASURE( 1.000000000000000082E-05 ), #7559, 'distance_accuracy_value', 'NONE');
#1047 = ADVANCED_FACE ( 'NONE', ( #2750 ), #5130, .F. ) ;
#1048 = CARTESIAN_POINT ( 'NONE',  ( 23.32842712474617741, 20.00000000000000355, 1.999999999999998224 ) ) ;
#1049 = EDGE_CURVE ( 'NONE', #6772, #4919, #6313, .T. ) ;
#1050 = DIRECTION ( 'NONE',  ( 0.000000000000000000, 0.000000000000000000, 1.000000000000000000 ) ) ;
#1051 = CARTESIAN_POINT ( 'NONE',  ( -14.40894241220451910, -21.99999999999999289, 19.50000000000000000 ) ) ;
#1052 = LINE ( 'NONE', #4555, #4065 ) ;
#1053 = CARTESIAN_POINT ( 'NONE',  ( 35.20000000000000995, 0.009999999999907263626, 0.000000000000000000 ) ) ;
#1054 = DIRECTION ( 'NONE',  ( -9.941108744852765039E-17, 1.000000000000000000, -0.000000000000000000 ) ) ;
#1055 = LINE ( 'NONE', #4015, #1816 ) ;
#1056 = AXIS2_PLACEMENT_3D ( 'NONE', #7561, #2881, #1206 ) ;
#1057 = ORIENTED_EDGE ( 'NONE', *, *, #1863, .T. ) ;
#1058 = ORIENTED_EDGE ( 'NONE', *, *, #4611, .T. ) ;
#1059 = CARTESIAN_POINT ( 'NONE',  ( 35.20000000000000995, -0.009999999999910150206, 1.250013333357041567 ) ) ;
#1060 = AXIS2_PLACEMENT_3D ( 'NONE', #7440, #1563, #370 ) ;
#1061 = VECTOR ( 'NONE', #1011, 1000.000000000000000 ) ;
#1062 = DIRECTION ( 'NONE',  ( 0.000000000000000000, 0.000000000000000000, -1.000000000000000000 ) ) ;
#1063 = LINE ( 'NONE', #2774, #6177 ) ;
#1064 = LINE ( 'NONE', #7095, #3669 ) ;
#1065 = CARTESIAN_POINT ( 'NONE',  ( 8.100000000000019185, -18.45714571893777389, 5.000000000000000888 ) ) ;
#1066 = EDGE_CURVE ( 'NONE', #4986, #7470, #1220, .T. ) ;
#1067 = AXIS2_PLACEMENT_3D ( 'NONE', #1070, #1539, #2709 ) ;
#1068 = ORIENTED_EDGE ( 'NONE', *, *, #879, .F. ) ;
#1069 = ORIENTED_EDGE ( 'NONE', *, *, #6251, .T. ) ;
#1070 = CARTESIAN_POINT ( 'NONE',  ( 14.40894241220452443, -25.41283789321709818, 24.00000000000000000 ) ) ;
#1071 = DIRECTION ( 'NONE',  ( 1.000000000000000000, 0.000000000000000000, 0.000000000000000000 ) ) ;
#1072 = CIRCLE ( 'NONE', #2554, 1.750000000000001554 ) ;
#1073 = CARTESIAN_POINT ( 'NONE',  ( -14.73024396072837661, -29.86456237604210173, 5.144068999427990008 ) ) ;
#1074 = DIRECTION ( 'NONE',  ( -1.000000000000000000, 0.000000000000000000, 0.000000000000000000 ) ) ;
#1075 = EDGE_CURVE ( 'NONE', #5480, #6820, #5207, .T. ) ;
#1076 = DIRECTION ( 'NONE',  ( 0.000000000000000000, 0.000000000000000000, 1.000000000000000000 ) ) ;
#1077 = ORIENTED_EDGE ( 'NONE', *, *, #1167, .F. ) ;
#1078 = EDGE_LOOP ( 'NONE', ( #5838, #5700, #477, #4528 ) ) ;
#1079 = VECTOR ( 'NONE', #243, 1000.000000000000000 ) ;
#1080 = DIRECTION ( 'NONE',  ( 0.000000000000000000, 1.000000000000000000, 0.000000000000000000 ) ) ;
#1081 = CARTESIAN_POINT ( 'NONE',  ( -44.90000000000004832, 4.899999999999995026, 12.00000000000000000 ) ) ;
#1082 = EDGE_CURVE ( 'NONE', #1639, #5979, #1601, .T. ) ;
#1083 = CARTESIAN_POINT ( 'NONE',  ( -52.10000000000000853, 2.481934729198162604, 13.50000000000000533 ) ) ;
#1084 = ORIENTED_EDGE ( 'NONE', *, *, #2275, .F. ) ;
#1085 = EDGE_CURVE ( 'NONE', #449, #1762, #3579, .T. ) ;
#1086 = DIRECTION ( 'NONE',  ( -0.000000000000000000, -0.000000000000000000, -1.000000000000000000 ) ) ;
#1087 = ADVANCED_FACE ( 'NONE', ( #502, #2354 ), #1115, .F. ) ;
#1088 = VECTOR ( 'NONE', #3558, 1000.000000000000000 ) ;
#1089 = DIRECTION ( 'NONE',  ( 0.000000000000000000, 0.000000000000000000, 1.000000000000000000 ) ) ;
#1090 = AXIS2_PLACEMENT_3D ( 'NONE', #6084, #3761, #736 ) ;
#1091 = VERTEX_POINT ( 'NONE', #4072 ) ;
#1092 = CARTESIAN_POINT ( 'NONE',  ( 35.13626690652721862, -1.319065335417788365, 15.48571043528989044 ) ) ;
#1093 = ORIENTED_EDGE ( 'NONE', *, *, #274, .T. ) ;
#1094 = AXIS2_PLACEMENT_3D ( 'NONE', #4354, #776, #3269 ) ;
#1095 = DIRECTION ( 'NONE',  ( 1.000000000000000000, -0.000000000000000000, -2.775557561562891351E-16 ) ) ;
#1096 = DIRECTION ( 'NONE',  ( 1.000000000000000000, 0.000000000000000000, 0.000000000000000000 ) ) ;
#1097 = PLANE ( 'NONE',  #7265 ) ;
#1098 = FACE_OUTER_BOUND ( 'NONE', #4212, .T. ) ;
#1099 = DIRECTION ( 'NONE',  ( 0.000000000000000000, -0.000000000000000000, 1.000000000000000000 ) ) ;
#1100 = VECTOR ( 'NONE', #4463, 1000.000000000000000 ) ;
#1101 = ADVANCED_FACE ( 'NONE', ( #2898 ), #5961, .T. ) ;
#1102 = ADVANCED_FACE ( 'NONE', ( #2241 ), #5241, .F. ) ;
#1103 = AXIS2_PLACEMENT_3D ( 'NONE', #2579, #5416, #1369 ) ;
#1104 = ORIENTED_EDGE ( 'NONE', *, *, #2845, .F. ) ;
#1105 = VECTOR ( 'NONE', #5593, 1000.000000000000000 ) ;
#1106 = DIRECTION ( 'NONE',  ( 1.000000000000000000, -0.000000000000000000, -0.000000000000000000 ) ) ;
#1107 = CARTESIAN_POINT ( 'NONE',  ( 39.89999999999999858, 18.00000000000001066, 18.00000000000000355 ) ) ;
#1108 = DIRECTION ( 'NONE',  ( 0.000000000000000000, 0.000000000000000000, -1.000000000000000000 ) ) ;
#1109 = CARTESIAN_POINT ( 'NONE',  ( -9.500000000000001776, 19.00000000000000355, 9.000000000000001776 ) ) ;
#1110 = VERTEX_POINT ( 'NONE', #4031 ) ;
#1111 = ORIENTED_EDGE ( 'NONE', *, *, #2607, .F. ) ;
#1112 = CARTESIAN_POINT ( 'NONE',  ( 33.48022537316950320, -6.553614684358302078, 8.269700919926336269 ) ) ;
#1113 = CARTESIAN_POINT ( 'NONE',  ( 13.40894241220452443, -25.41283789321709818, 19.50000000000000355 ) ) ;
#1114 = CARTESIAN_POINT ( 'NONE',  ( -49.10000000000000142, 2.899999999999994582, 12.00000000000000000 ) ) ;
#1115 = CYLINDRICAL_SURFACE ( 'NONE', #6673, 13.28999999999999915 ) ;
#1116 = ORIENTED_EDGE ( 'NONE', *, *, #6201, .T. ) ;
#1117 = VERTEX_POINT ( 'NONE', #569 ) ;
#1118 = DIRECTION ( 'NONE',  ( -0.000000000000000000, -0.000000000000000000, -1.000000000000000000 ) ) ;
#1119 = DIRECTION ( 'NONE',  ( 0.000000000000000000, 0.000000000000000000, -1.000000000000000000 ) ) ;
#1120 = ADVANCED_FACE ( 'NONE', ( #4727 ), #2864, .F. ) ;
#1121 = EDGE_LOOP ( 'NONE', ( #4909, #7399, #2386, #6003, #1300, #989, #3118 ) ) ;
#1122 = DIRECTION ( 'NONE',  ( 1.000000000000000000, -0.000000000000000000, -0.000000000000000000 ) ) ;
#1123 = CARTESIAN_POINT ( 'NONE',  ( -35.17151475021674401, 0.8847703529184199889, 20.51412018767742751 ) ) ;
#1124 = VERTEX_POINT ( 'NONE', #643 ) ;
#1125 = ORIENTED_EDGE ( 'NONE', *, *, #4844, .T. ) ;
#1126 = ORIENTED_EDGE ( 'NONE', *, *, #5261, .F. ) ;
#1127 = EDGE_CURVE ( 'NONE', #7617, #2788, #3826, .T. ) ;
#1128 = CYLINDRICAL_SURFACE ( 'NONE', #4695, 1.749999999999999778 ) ;
#1129 = FACE_OUTER_BOUND ( 'NONE', #1851, .T. ) ;
#1130 = CARTESIAN_POINT ( 'NONE',  ( -15.81253292872705707, -35.02882854878288299, 0.000000000000000000 ) ) ;
#1131 = DIRECTION ( 'NONE',  ( 0.000000000000000000, 0.000000000000000000, 1.000000000000000000 ) ) ;
#1132 = DIRECTION ( 'NONE',  ( 1.000000000000000000, 0.000000000000000000, -0.000000000000000000 ) ) ;
#1133 = CARTESIAN_POINT ( 'NONE',  ( 23.88307512300519519, -20.99999999999998934, 24.00000000000000000 ) ) ;
#1134 = CARTESIAN_POINT ( 'NONE',  ( -32.99999999999998579, -13.50000000000002665, 24.00000000000000000 ) ) ;
#1135 = EDGE_LOOP ( 'NONE', ( #1788, #7531, #1728, #2129 ) ) ;
#1136 = EDGE_LOOP ( 'NONE', ( #3662, #7414 ) ) ;
#1137 = CARTESIAN_POINT ( 'NONE',  ( -8.100000000000012079, -19.55016646570524586, 5.119830558636952134 ) ) ;
#1138 = CARTESIAN_POINT ( 'NONE',  ( -49.10000000000000142, -1.469693845669930221, 9.500000000000005329 ) ) ;
#1139 = DIRECTION ( 'NONE',  ( 2.668805347656626678E-16, -1.000000000000000000, -4.841886362831588996E-32 ) ) ;
#1140 = CARTESIAN_POINT ( 'NONE',  ( -9.500000000000003553, 18.85654776181612391, 9.143452238183876091 ) ) ;
#1141 = ORIENTED_EDGE ( 'NONE', *, *, #3171, .T. ) ;
#1142 = VERTEX_POINT ( 'NONE', #6518 ) ;
#1143 = CARTESIAN_POINT ( 'NONE',  ( 34.65195316509230139, -3.790222054641344318, 10.04451500883270931 ) ) ;
#1144 = DIRECTION ( 'NONE',  ( 0.000000000000000000, 0.000000000000000000, 1.000000000000000000 ) ) ;
#1145 = CARTESIAN_POINT ( 'NONE',  ( 3.918869757271530263E-15, -32.00000000000000000, 24.00000000000000000 ) ) ;
#1146 = ORIENTED_EDGE ( 'NONE', *, *, #6688, .F. ) ;
#1147 = FACE_OUTER_BOUND ( 'NONE', #4665, .T. ) ;
#1148 = CARTESIAN_POINT ( 'NONE',  ( 0.000000000000000000, 0.000000000000000000, 0.000000000000000000 ) ) ;
#1149 = DIRECTION ( 'NONE',  ( 1.000000000000000000, 0.000000000000000000, 0.000000000000000000 ) ) ;
#1150 = DIRECTION ( 'NONE',  ( 1.000000000000000000, 0.000000000000000000, 0.000000000000000000 ) ) ;
#1151 = ORIENTED_EDGE ( 'NONE', *, *, #7631, .F. ) ;
#1152 = CARTESIAN_POINT ( 'NONE',  ( 39.89999999999999858, 18.00000000000001066, 18.00000000000000355 ) ) ;
#1153 = CARTESIAN_POINT ( 'NONE',  ( -8.931340482952599302, 18.09307824227991546, 10.21186397331006823 ) ) ;
#1154 = ORIENTED_EDGE ( 'NONE', *, *, #4398, .F. ) ;
#1155 = ORIENTED_EDGE ( 'NONE', *, *, #4843, .F. ) ;
#1156 = ORIENTED_EDGE ( 'NONE', *, *, #4977, .F. ) ;
#1157 = DIRECTION ( 'NONE',  ( -9.941108744852766272E-17, 1.000000000000000000, 0.000000000000000000 ) ) ;
#1158 = FACE_OUTER_BOUND ( 'NONE', #6224, .T. ) ;
#1159 = CARTESIAN_POINT ( 'NONE',  ( -14.83941343800246848, -26.31980099117807725, 5.003669241675106072 ) ) ;
#1160 = CARTESIAN_POINT ( 'NONE',  ( 37.89999999999999147, -6.098637220230962441E-16, 1.250000000000000222 ) ) ;
#1161 = DIRECTION ( 'NONE',  ( 1.000000000000000000, 0.000000000000000000, -0.000000000000000000 ) ) ;
#1162 = EDGE_CURVE ( 'NONE', #3520, #7463, #6444, .T. ) ;
#1163 = CARTESIAN_POINT ( 'NONE',  ( 15.17106781186546449, 18.00000000000000355, 12.00000000000000000 ) ) ;
#1164 = ORIENTED_EDGE ( 'NONE', *, *, #6496, .F. ) ;
#1165 = ORIENTED_EDGE ( 'NONE', *, *, #4316, .F. ) ;
#1166 = CARTESIAN_POINT ( 'NONE',  ( 34.79369972832216007, 3.276856985273640888, 3.111384416361317573 ) ) ;
#1167 = EDGE_CURVE ( 'NONE', #1022, #7171, #5692, .T. ) ;
#1168 = VECTOR ( 'NONE', #3235, 1000.000000000000000 ) ;
#1169 = CARTESIAN_POINT ( 'NONE',  ( 31.24999999999999645, -13.50000000000000178, 0.000000000000000000 ) ) ;
#1170 = CIRCLE ( 'NONE', #6120, 11.09999999999999609 ) ;
#1171 = LINE ( 'NONE', #6473, #951 ) ;
#1172 = ADVANCED_FACE ( 'NONE', ( #2273 ), #7102, .F. ) ;
#1173 = B_SPLINE_CURVE_WITH_KNOTS ( 'NONE', 3,
 ( #5475, #4232, #99, #2487, #2378, #1216, #4750, #4787, #3624, #5985, #5816, #1829, #6617, #2518, #2451, #4202, #665, #635, #5340, #5372, #7124, #60, #3654, #1279, #2409, #6584, #7162, #4858 ),
 .UNSPECIFIED., .F., .F.,
 ( 4, 2, 2, 2, 2, 2, 2, 2, 2, 2, 2, 2, 2, 4 ),
 ( 0.000000000000000000, 0.0003410049730034202969, 0.0006820099460068405938, 0.001023014919010260945, 0.001364019892013681188, 0.002046029838020523191, 0.002728039784027364977, 0.003069044757030791291, 0.003410049730034217172, 0.003751054703037643920, 0.004092059676041070668, 0.004433064649044496548, 0.004774069622047923296, 0.005456079568054775925 ),
 .UNSPECIFIED. ) ;
#1174 = CARTESIAN_POINT ( 'NONE',  ( -14.09999999999999076, -32.00000000000000000, 16.50000000000000000 ) ) ;
#1175 = EDGE_CURVE ( 'NONE', #2395, #7251, #6519, .T. ) ;
#1176 = ORIENTED_EDGE ( 'NONE', *, *, #6006, .F. ) ;
#1177 = VERTEX_POINT ( 'NONE', #3747 ) ;
#1178 = CIRCLE ( 'NONE', #3152, 2.600000000000000089 ) ;
#1179 = AXIS2_PLACEMENT_3D ( 'NONE', #6540, #5497, #5945 ) ;
#1180 = LINE ( 'NONE', #3556, #1918 ) ;
#1181 = AXIS2_PLACEMENT_3D ( 'NONE', #2649, #5073, #3983 ) ;
#1182 = CARTESIAN_POINT ( 'NONE',  ( -16.83804627249354624, -28.62467866323906307, 5.000000000000000000 ) ) ;
#1183 = CIRCLE ( 'NONE', #2299, 5.000000000000000888 ) ;
#1184 = ORIENTED_EDGE ( 'NONE', *, *, #2489, .T. ) ;
#1185 = VERTEX_POINT ( 'NONE', #1257 ) ;
#1186 = EDGE_CURVE ( 'NONE', #2351, #3754, #71, .T. ) ;
#1187 = ADVANCED_FACE ( 'NONE', ( #1873 ), #5521, .F. ) ;
#1188 = ORIENTED_EDGE ( 'NONE', *, *, #3125, .F. ) ;
#1189 = DIRECTION ( 'NONE',  ( 1.000000000000000000, 9.941108744852765039E-17, 0.000000000000000000 ) ) ;
#1190 = VECTOR ( 'NONE', #7241, 1000.000000000000000 ) ;
#1191 = CARTESIAN_POINT ( 'NONE',  ( -9.500000000000001776, 20.00000000000000355, 24.00000000000000711 ) ) ;
#1192 = DIRECTION ( 'NONE',  ( -0.000000000000000000, -0.000000000000000000, 1.000000000000000000 ) ) ;
#1193 = ORIENTED_EDGE ( 'NONE', *, *, #1875, .F. ) ;
#1194 = CARTESIAN_POINT ( 'NONE',  ( -41.86775218931390441, -7.773424908955650636, 13.58299858409057492 ) ) ;
#1195 = FACE_BOUND ( 'NONE', #2945, .T. ) ;
#1196 = ORIENTED_EDGE ( 'NONE', *, *, #143, .F. ) ;
#1197 = ORIENTED_EDGE ( 'NONE', *, *, #7493, .T. ) ;
#1198 = CIRCLE ( 'NONE', #4552, 2.000000000000001776 ) ;
#1199 = EDGE_LOOP ( 'NONE', ( #7, #5723, #3606, #3611, #2038, #292, #2911, #4379, #6919, #4876, #1237, #546, #2571, #1742 ) ) ;
#1200 = CARTESIAN_POINT ( 'NONE',  ( -39.90000000000000568, -1.734723475976807094E-15, 17.24999999999999645 ) ) ;
#1201 = CARTESIAN_POINT ( 'NONE',  ( 14.91596253876791955, -26.27477210837486510, 24.00000000000000000 ) ) ;
#1202 = CIRCLE ( 'NONE', #5916, 2.900000000000003464 ) ;
#1203 = CARTESIAN_POINT ( 'NONE',  ( 17.89999999999998792, -1.734723475976807094E-15, 15.24999999999999822 ) ) ;
#1204 = DIRECTION ( 'NONE',  ( -1.000000000000000000, -0.000000000000000000, -0.000000000000000000 ) ) ;
#1205 = CARTESIAN_POINT ( 'NONE',  ( -35.19999999999999574, 0.009999999999899845948, 3.250028571661811139 ) ) ;
#1206 = DIRECTION ( 'NONE',  ( 1.000000000000000000, 0.000000000000000000, -1.387778780781445676E-16 ) ) ;
#1207 = CARTESIAN_POINT ( 'NONE',  ( 7.500000000000003553, 22.00000000000001066, 1.999999999999998668 ) ) ;
#1208 = VERTEX_POINT ( 'NONE', #6740 ) ;
#1209 =( BOUNDED_CURVE ( )  B_SPLINE_CURVE ( 3, ( #7504, #6491, #2170, #2760 ),
 .UNSPECIFIED., .F., .F. ) 
 B_SPLINE_CURVE_WITH_KNOTS ( ( 4, 4 ),
 ( 0.7853981633974430610, 1.570796326794896558 ),
 .UNSPECIFIED. ) 
 CURVE ( )  GEOMETRIC_REPRESENTATION_ITEM ( )  RATIONAL_B_SPLINE_CURVE ( ( 1.000000000000000000, 0.9492530216741903448, 0.9492530216741903448, 1.000000000000000000 ) ) 
 REPRESENTATION_ITEM ( '' )  );
#1210 = AXIS2_PLACEMENT_3D ( 'NONE', #4246, #3676, #7212 ) ;
#1211 = AXIS2_PLACEMENT_3D ( 'NONE', #6973, #1642, #4011 ) ;
#1212 = ORIENTED_EDGE ( 'NONE', *, *, #2390, .T. ) ;
#1213 = EDGE_CURVE ( 'NONE', #6046, #4356, #6053, .T. ) ;
#1214 = CARTESIAN_POINT ( 'NONE',  ( -32.45590170598340762, 8.098189965464525741, 10.63297666780868056 ) ) ;
#1215 = VECTOR ( 'NONE', #1268, 999.9999999999998863 ) ;
#1216 = CARTESIAN_POINT ( 'NONE',  ( -35.17793599857751019, -0.7827257084425113254, 20.56936278260027962 ) ) ;
#1217 = CARTESIAN_POINT ( 'NONE',  ( -33.21327386202775500, -7.000000000000000888, 10.25000000000000000 ) ) ;
#1218 = EDGE_CURVE ( 'NONE', #4188, #1907, #4953, .T. ) ;
#1219 = CARTESIAN_POINT ( 'NONE',  ( 20.21076683067359880, -20.99999999999998934, 24.00000000000000000 ) ) ;
#1220 = CIRCLE ( 'NONE', #4080, 2.000000000000000000 ) ;
#1221 = CARTESIAN_POINT ( 'NONE',  ( 32.57198533027882803, 7.948937229111812108, 8.364410516519091843 ) ) ;
#1222 = ORIENTED_EDGE ( 'NONE', *, *, #2979, .T. ) ;
#1223 = EDGE_LOOP ( 'NONE', ( #7103, #4044, #2417, #2573 ) ) ;
#1224 = AXIS2_PLACEMENT_3D ( 'NONE', #869, #4358, #4322 ) ;
#1225 = EDGE_CURVE ( 'NONE', #911, #5056, #7238, .T. ) ;
#1226 = EDGE_CURVE ( 'NONE', #331, #958, #2342, .T. ) ;
#1227 = CARTESIAN_POINT ( 'NONE',  ( -42.27906819731418153, 1.733279237850931409, 19.31921613881053545 ) ) ;
#1228 = VECTOR ( 'NONE', #4141, 1000.000000000000000 ) ;
#1229 = EDGE_LOOP ( 'NONE', ( #1378, #3258, #5637, #7281, #654, #1045, #2873 ) ) ;
#1230 = CARTESIAN_POINT ( 'NONE',  ( -42.12807265196536122, 7.484882870899128626, 10.31539373881867228 ) ) ;
#1231 = ORIENTED_EDGE ( 'NONE', *, *, #2757, .T. ) ;
#1232 = ADVANCED_FACE ( 'NONE', ( #146 ), #3710, .F. ) ;
#1233 = CARTESIAN_POINT ( 'NONE',  ( -49.10000000000000142, 1.469693845669898025, 14.50000000000000355 ) ) ;
#1234 = CARTESIAN_POINT ( 'NONE',  ( -9.090426258795115899, 18.18762168924504863, 9.972982463485095650 ) ) ;
#1235 = ORIENTED_EDGE ( 'NONE', *, *, #5867, .T. ) ;
#1236 = ORIENTED_EDGE ( 'NONE', *, *, #6852, .T. ) ;
#1237 = ORIENTED_EDGE ( 'NONE', *, *, #7340, .T. ) ;
#1238 = ORIENTED_EDGE ( 'NONE', *, *, #1049, .F. ) ;
#1239 = DIRECTION ( 'NONE',  ( -2.815536131330090089E-16, 1.000000000000000000, 0.000000000000000000 ) ) ;
#1240 = FACE_OUTER_BOUND ( 'NONE', #6045, .T. ) ;
#1241 = CARTESIAN_POINT ( 'NONE',  ( -11.83431754716743356, -32.00000000000000000, 18.46638831946455994 ) ) ;
#1242 = CARTESIAN_POINT ( 'NONE',  ( -32.15301278125318163, -8.478325587135111974, 11.05643166002538713 ) ) ;
#1243 = CARTESIAN_POINT ( 'NONE',  ( 33.34851798364488928, 6.781301667400917665, 15.75000000000000355 ) ) ;
#1244 = DIRECTION ( 'NONE',  ( 1.000000000000000000, 0.000000000000000000, 0.000000000000000000 ) ) ;
#1245 = ORIENTED_EDGE ( 'NONE', *, *, #613, .T. ) ;
#1246 = CARTESIAN_POINT ( 'NONE',  ( -42.21604265480539908, -7.387398053923084795, 10.28119461221646169 ) ) ;
#1247 = CARTESIAN_POINT ( 'NONE',  ( -8.100000000000015632, -24.39524917653548641, 9.628175181095912194 ) ) ;
#1248 = LINE ( 'NONE', #3034, #5526 ) ;
#1249 = CARTESIAN_POINT ( 'NONE',  ( -34.11750731285565053, 5.263728175252497365, 12.25063161601134887 ) ) ;
#1250 = DIRECTION ( 'NONE',  ( -0.000000000000000000, -0.000000000000000000, -1.000000000000000000 ) ) ;
#1251 = CARTESIAN_POINT ( 'NONE',  ( 32.05174614310525527, 8.603360263075067849, 8.602157728715726037 ) ) ;
#1252 = ORIENTED_EDGE ( 'NONE', *, *, #52, .F. ) ;
#1253 = ORIENTED_EDGE ( 'NONE', *, *, #2900, .F. ) ;
#1254 = EDGE_LOOP ( 'NONE', ( #1652, #648, #6160, #5455 ) ) ;
#1255 = EDGE_CURVE ( 'NONE', #1639, #3705, #3785, .T. ) ;
#1256 = LINE ( 'NONE', #1800, #593 ) ;
#1257 = CARTESIAN_POINT ( 'NONE',  ( 8.000000000000000000, 24.00000000000000000, 4.999999999999998224 ) ) ;
#1258 = EDGE_CURVE ( 'NONE', #1592, #2611, #4192, .T. ) ;
#1259 = VERTEX_POINT ( 'NONE', #4361 ) ;
#1260 = CYLINDRICAL_SURFACE ( 'NONE', #204, 2.600000000000000089 ) ;
#1261 = CARTESIAN_POINT ( 'NONE',  ( -13.40894241220451910, -21.99999999999999289, 0.000000000000000000 ) ) ;
#1262 = EDGE_CURVE ( 'NONE', #3866, #1505, #2529, .T. ) ;
#1263 = CARTESIAN_POINT ( 'NONE',  ( 35.20000000000001705, -0.2586206522440730460, 1.250676324120324923 ) ) ;
#1264 = ORIENTED_EDGE ( 'NONE', *, *, #642, .T. ) ;
#1265 = VERTEX_POINT ( 'NONE', #751 ) ;
#1266 = ORIENTED_EDGE ( 'NONE', *, *, #5885, .T. ) ;
#1267 = CARTESIAN_POINT ( 'NONE',  ( -35.19999999999999574, -0.01000000000000653144, 0.000000000000000000 ) ) ;
#1268 = DIRECTION ( 'NONE',  ( -0.8619342151577694677, 0.5070201265633940135, 0.000000000000000000 ) ) ;
#1269 = CARTESIAN_POINT ( 'NONE',  ( -51.61852379350081321, 4.291691304769878812, 14.36539035051769453 ) ) ;
#1270 = CARTESIAN_POINT ( 'NONE',  ( 14.95178133245642726, -26.25370222973456791, 5.000504645025176664 ) ) ;
#1271 = CARTESIAN_POINT ( 'NONE',  ( -41.05000000000002558, -8.750000000000000000, 12.00000000000000000 ) ) ;
#1272 = CARTESIAN_POINT ( 'NONE',  ( 33.21327386202776921, 7.000000000000004441, 15.75000000000000000 ) ) ;
#1273 = DIRECTION ( 'NONE',  ( 0.000000000000000000, 0.000000000000000000, 1.000000000000000000 ) ) ;
#1274 = ORIENTED_EDGE ( 'NONE', *, *, #7269, .F. ) ;
#1275 = ADVANCED_FACE ( 'NONE', ( #4836 ), #3008, .F. ) ;
#1276 = EDGE_CURVE ( 'NONE', #4918, #508, #853, .T. ) ;
#1277 = CARTESIAN_POINT ( 'NONE',  ( 15.17106781186546627, 18.00000000000000355, 12.00000000000000000 ) ) ;
#1278 = CARTESIAN_POINT ( 'NONE',  ( -32.72860018870795074, 7.729904780868918301, 10.40586709361224749 ) ) ;
#1279 = CARTESIAN_POINT ( 'NONE',  ( -35.17151475021674401, -0.8847703529184822724, 17.48587981232260802 ) ) ;
#1280 = CARTESIAN_POINT ( 'NONE',  ( -33.34267183360109499, 6.790755263249741880, 10.25000000000000178 ) ) ;
#1281 = CARTESIAN_POINT ( 'NONE',  ( 33.21327386202776921, -7.000000000000002665, 8.249999999999998224 ) ) ;
#1282 = CARTESIAN_POINT ( 'NONE',  ( 32.90119967097827214, 7.486508898111850385, 8.274238084733623211 ) ) ;
#1283 = B_SPLINE_CURVE_WITH_KNOTS ( 'NONE', 3,
 ( #2138, #856, #3767, #805, #3304, #5715, #2012, #368, #5060, #6303, #3928, #3889 ),
 .UNSPECIFIED., .F., .F.,
 ( 4, 2, 2, 2, 2, 4 ),
 ( 0.000000000000000000, 0.0002369188350490223044, 0.0004738376700980446088, 0.0009476753401961053721, 0.001421513010294166244, 0.001895350680392227224 ),
 .UNSPECIFIED. ) ;
#1284 = ORIENTED_EDGE ( 'NONE', *, *, #3707, .F. ) ;
#1285 = VERTEX_POINT ( 'NONE', #2776 ) ;
#1286 = VECTOR ( 'NONE', #2683, 1000.000000000000000 ) ;
#1287 = EDGE_CURVE ( 'NONE', #6384, #1711, #2152, .T. ) ;
#1288 = CARTESIAN_POINT ( 'NONE',  ( -9.499984707532368233, 20.00782110201305031, 7.992178897986963015 ) ) ;
#1289 = CARTESIAN_POINT ( 'NONE',  ( 17.89999999999998792, 3.172144385112378728, 21.00000000000000000 ) ) ;
#1290 = AXIS2_PLACEMENT_3D ( 'NONE', #257, #6903, #1576 ) ;
#1291 = CIRCLE ( 'NONE', #6135, 1.999999999999998224 ) ;
#1292 = EDGE_LOOP ( 'NONE', ( #3795, #612, #235, #3743 ) ) ;
#1293 = CARTESIAN_POINT ( 'NONE',  ( -4.828932188134536396, 20.00000000000000355, 18.00000000000000355 ) ) ;
#1294 = CARTESIAN_POINT ( 'NONE',  ( -41.62874733495497281, 8.050108350943331104, 10.59550340281578684 ) ) ;
#1295 = CIRCLE ( 'NONE', #937, 1.750000000000001554 ) ;
#1296 = EDGE_CURVE ( 'NONE', #7374, #1334, #6782, .T. ) ;
#1297 = AXIS2_PLACEMENT_3D ( 'NONE', #1463, #6873, #830 ) ;
#1298 = CARTESIAN_POINT ( 'NONE',  ( -46.12573708904827186, -4.575152156148718952, 13.75908495944213605 ) ) ;
#1299 = CARTESIAN_POINT ( 'NONE',  ( -33.00000000000001421, 13.49999999999998046, 24.00000000000000000 ) ) ;
#1300 = ORIENTED_EDGE ( 'NONE', *, *, #1871, .T. ) ;
#1301 = ORIENTED_EDGE ( 'NONE', *, *, #2539, .F. ) ;
#1302 = ORIENTED_EDGE ( 'NONE', *, *, #5968, .F. ) ;
#1303 = VECTOR ( 'NONE', #4021, 1000.000000000000000 ) ;
#1304 = DIRECTION ( 'NONE',  ( 0.000000000000000000, 0.000000000000000000, -1.000000000000000000 ) ) ;
#1305 = EDGE_CURVE ( 'NONE', #4630, #7205, #5081, .T. ) ;
#1306 = DIRECTION ( 'NONE',  ( -0.000000000000000000, 0.000000000000000000, 1.000000000000000000 ) ) ;
#1307 = DIRECTION ( 'NONE',  ( -0.000000000000000000, -0.000000000000000000, 1.000000000000000000 ) ) ;
#1308 = EDGE_CURVE ( 'NONE', #6816, #2950, #6907, .T. ) ;
#1309 = EDGE_CURVE ( 'NONE', #3704, #1785, #5314, .T. ) ;
#1310 = CARTESIAN_POINT ( 'NONE',  ( 13.40894241220452265, -21.99999999999999289, 5.000000000000000888 ) ) ;
#1311 = LINE ( 'NONE', #1203, #4276 ) ;
#1312 = LINE ( 'NONE', #3689, #7666 ) ;
#1313 = CARTESIAN_POINT ( 'NONE',  ( -35.09187509393028392, 1.704077662347922795, 4.541552396452907203 ) ) ;
#1314 = DIRECTION ( 'NONE',  ( 0.000000000000000000, -1.000000000000000000, 0.000000000000000000 ) ) ;
#1315 = ORIENTED_EDGE ( 'NONE', *, *, #3106, .T. ) ;
#1316 = AXIS2_PLACEMENT_3D ( 'NONE', #5470, #4885, #7261 ) ;
#1317 = AXIS2_PLACEMENT_3D ( 'NONE', #6017, #3071, #1893 ) ;
#1318 = CARTESIAN_POINT ( 'NONE',  ( 35.20000000000000995, -1.734723475976807094E-15, 19.00000000000000000 ) ) ;
#1319 = CARTESIAN_POINT ( 'NONE',  ( -31.92158147447263872, 8.750270963377966282, 12.12402779264352404 ) ) ;
#1320 = LINE ( 'NONE', #7228, #807 ) ;
#1321 = CARTESIAN_POINT ( 'NONE',  ( -34.00996231266437775, -5.507337341176211432, 12.92107894646952104 ) ) ;
#1322 = CARTESIAN_POINT ( 'NONE',  ( -39.89999999999999858, -13.00000000000000178, 24.00000000000000000 ) ) ;
#1323 = EDGE_CURVE ( 'NONE', #6278, #2935, #6171, .T. ) ;
#1324 = CARTESIAN_POINT ( 'NONE',  ( -51.18007084406624330, -1.469693845673799570, 9.499999999999888090 ) ) ;
#1325 = AXIS2_PLACEMENT_3D ( 'NONE', #7492, #3876, #1542 ) ;
#1326 = AXIS2_PLACEMENT_3D ( 'NONE', #1130, #515, #2290 ) ;
#1327 = EDGE_LOOP ( 'NONE', ( #1570, #5812, #4708, #7478 ) ) ;
#1328 = ORIENTED_EDGE ( 'NONE', *, *, #7644, .T. ) ;
#1329 = DIRECTION ( 'NONE',  ( 1.000000000000000000, -0.000000000000000000, -0.000000000000000000 ) ) ;
#1330 = DIRECTION ( 'NONE',  ( 0.000000000000000000, 0.000000000000000000, -1.000000000000000000 ) ) ;
#1331 = ORIENTED_EDGE ( 'NONE', *, *, #3951, .F. ) ;
#1332 = AXIS2_PLACEMENT_3D ( 'NONE', #5198, #2267, #1622 ) ;
#1333 = AXIS2_PLACEMENT_3D ( 'NONE', #1035, #7494, #2158 ) ;
#1334 = VERTEX_POINT ( 'NONE', #1456 ) ;
#1335 = LINE ( 'NONE', #784, #5168 ) ;
#1336 = CARTESIAN_POINT ( 'NONE',  ( -41.05000000000001137, 8.750000000000003553, 12.00000000000000000 ) ) ;
#1337 = CARTESIAN_POINT ( 'NONE',  ( -46.47198125777844524, -4.333855140938282169, 14.28874352885655874 ) ) ;
#1338 = AXIS2_PLACEMENT_3D ( 'NONE', #5103, #2798, #5712 ) ;
#1339 = CARTESIAN_POINT ( 'NONE',  ( 35.20000000000000995, -0.009999999999910150206, 1.250013333357041567 ) ) ;
#1340 = ORIENTED_EDGE ( 'NONE', *, *, #1654, .F. ) ;
#1341 = ORIENTED_EDGE ( 'NONE', *, *, #1556, .F. ) ;
#1342 = ORIENTED_EDGE ( 'NONE', *, *, #5800, .F. ) ;
#1343 = VERTEX_POINT ( 'NONE', #4449 ) ;
#1344 = ORIENTED_EDGE ( 'NONE', *, *, #1258, .F. ) ;
#1345 = DIRECTION ( 'NONE',  ( 0.000000000000000000, 1.000000000000000000, 0.000000000000000000 ) ) ;
#1346 = EDGE_CURVE ( 'NONE', #4283, #768, #6190, .T. ) ;
#1347 = DIRECTION ( 'NONE',  ( 1.000000000000000000, 2.668805347656626678E-16, -0.000000000000000000 ) ) ;
#1348 = CYLINDRICAL_SURFACE ( 'NONE', #5641, 1.749999999999999778 ) ;
#1349 = LINE ( 'NONE', #4850, #1594 ) ;
#1350 = CARTESIAN_POINT ( 'NONE',  ( -32.45384428166956781, -8.100869860349222407, 13.36486706921617440 ) ) ;
#1351 = CARTESIAN_POINT ( 'NONE',  ( -39.90000000000000568, -7.000000000000000888, 13.75000000000000000 ) ) ;
#1352 = CARTESIAN_POINT ( 'NONE',  ( -35.17793599857752440, 0.7827257084424423805, 3.430637217399690186 ) ) ;
#1353 = ORIENTED_EDGE ( 'NONE', *, *, #1497, .F. ) ;
#1354 = CARTESIAN_POINT ( 'NONE',  ( -52.10000000000000853, -1.469693845669944876, 10.50000000000000533 ) ) ;
#1355 = EDGE_CURVE ( 'NONE', #5260, #1555, #910, .T. ) ;
#1356 = B_SPLINE_CURVE_WITH_KNOTS ( 'NONE', 3,
 ( #6986, #419, #2775, #7526 ),
 .UNSPECIFIED., .F., .F.,
 ( 4, 4 ),
 ( 0.000000000000000000, 0.0001247056143196337296 ),
 .UNSPECIFIED. ) ;
#1357 = CARTESIAN_POINT ( 'NONE',  ( -47.10000000000000853, 4.214261501141087329, 14.50000000000000178 ) ) ;
#1358 = DIRECTION ( 'NONE',  ( -0.000000000000000000, -0.000000000000000000, 1.000000000000000000 ) ) ;
#1359 = CARTESIAN_POINT ( 'NONE',  ( -44.44434019904598188, -0.5396713730777024098, 17.32992071258085431 ) ) ;
#1360 = CARTESIAN_POINT ( 'NONE',  ( 13.40894241220452443, -25.41283789321709818, 5.136526129089248549 ) ) ;
#1361 = DIRECTION ( 'NONE',  ( 1.259673032754905968E-16, 0.7071067811865435759, 0.7071067811865514585 ) ) ;
#1362 = CARTESIAN_POINT ( 'NONE',  ( -44.15865705333786195, -5.552950816486912800, 10.98430809606641567 ) ) ;
#1363 = ORIENTED_EDGE ( 'NONE', *, *, #6496, .T. ) ;
#1364 = ORIENTED_EDGE ( 'NONE', *, *, #5576, .F. ) ;
#1365 = ORIENTED_EDGE ( 'NONE', *, *, #1355, .F. ) ;
#1366 = CARTESIAN_POINT ( 'NONE',  ( -46.10000000000000142, 4.899999999999995914, 12.00000000000000000 ) ) ;
#1367 = DIRECTION ( 'NONE',  ( -0.5070201265633941246, -0.8619342151577694677, 0.000000000000000000 ) ) ;
#1368 = CARTESIAN_POINT ( 'NONE',  ( -14.40894241220451910, -21.99999999999999289, 5.000000000000000888 ) ) ;
#1369 = DIRECTION ( 'NONE',  ( 1.000000000000000000, 0.000000000000000000, 0.000000000000000000 ) ) ;
#1370 = ORIENTED_EDGE ( 'NONE', *, *, #742, .F. ) ;
#1371 = CARTESIAN_POINT ( 'NONE',  ( -46.10000000000000142, -7.966383962755032780E-15, 12.00000000000000000 ) ) ;
#1372 = LINE ( 'NONE', #1541, #5175 ) ;
#1373 = CARTESIAN_POINT ( 'NONE',  ( -42.49165207300774227, 7.095772612938247015, 13.74999999999999822 ) ) ;
#1374 = CARTESIAN_POINT ( 'NONE',  ( 35.00344356079791908, -2.296394935079964394, 7.974606068307851459 ) ) ;
#1375 = ORIENTED_EDGE ( 'NONE', *, *, #4277, .T. ) ;
#1376 = EDGE_LOOP ( 'NONE', ( #1900, #928, #4747, #5230 ) ) ;
#1377 = VERTEX_POINT ( 'NONE', #3365 ) ;
#1378 = ORIENTED_EDGE ( 'NONE', *, *, #5694, .F. ) ;
#1379 = FACE_OUTER_BOUND ( 'NONE', #4000, .T. ) ;
#1380 = CARTESIAN_POINT ( 'NONE',  ( 0.000000000000000000, 0.000000000000000000, 5.000000000000000000 ) ) ;
#1381 = CARTESIAN_POINT ( 'NONE',  ( -51.77263752310226863, -4.356907988911634888, 14.24277238647353272 ) ) ;
#1382 = CARTESIAN_POINT ( 'NONE',  ( -38.43553390593273633, -14.46446609406726047, 24.00000000000000000 ) ) ;
#1383 = CARTESIAN_POINT ( 'NONE',  ( -35.08709523028638699, -1.738803474709466279, 4.771782968852541273 ) ) ;
#1384 = CARTESIAN_POINT ( 'NONE',  ( 11.83431754716743534, -32.00000000000000000, 18.46638831946455284 ) ) ;
#1385 = DIRECTION ( 'NONE',  ( -1.000000000000000000, -9.941108744852762574E-17, 2.775557561562890858E-16 ) ) ;
#1386 = ORIENTED_EDGE ( 'NONE', *, *, #876, .F. ) ;
#1387 = CARTESIAN_POINT ( 'NONE',  ( 12.49999999999999822, 28.00000000000000355, 1.999999999999997780 ) ) ;
#1388 = ORIENTED_EDGE ( 'NONE', *, *, #1677, .F. ) ;
#1389 = CARTESIAN_POINT ( 'NONE',  ( -11.09226922333779974, -33.36933407530141693, 9.108831845676984784 ) ) ;
#1390 = DIRECTION ( 'NONE',  ( 0.000000000000000000, 0.000000000000000000, 1.000000000000000000 ) ) ;
#1391 = CARTESIAN_POINT ( 'NONE',  ( -51.91411273016059624, 2.011560740707091899, 14.09327862796967068 ) ) ;
#1392 = LINE ( 'NONE', #250, #2814 ) ;
#1393 = CARTESIAN_POINT ( 'NONE',  ( 37.89999999999999147, -1.734723475976807094E-15, 19.00000000000000000 ) ) ;
#1394 = CARTESIAN_POINT ( 'NONE',  ( 7.100000000000001421, -13.30000000000000249, 12.00000000000000000 ) ) ;
#1395 = DIRECTION ( 'NONE',  ( 0.000000000000000000, 0.000000000000000000, -1.000000000000000000 ) ) ;
#1396 = ORIENTED_EDGE ( 'NONE', *, *, #5982, .F. ) ;
#1397 = ORIENTED_EDGE ( 'NONE', *, *, #5783, .F. ) ;
#1398 = ORIENTED_EDGE ( 'NONE', *, *, #4066, .T. ) ;
#1399 = ORIENTED_EDGE ( 'NONE', *, *, #5483, .T. ) ;
#1400 = EDGE_CURVE ( 'NONE', #4959, #4334, #2654, .T. ) ;
#1401 = EDGE_CURVE ( 'NONE', #6453, #5563, #5731, .T. ) ;
#1402 = EDGE_CURVE ( 'NONE', #3149, #17, #2116, .T. ) ;
#1403 = CARTESIAN_POINT ( 'NONE',  ( -4.828932188134533732, 20.00000000000000355, 37.13274595042155823 ) ) ;
#1404 = DIRECTION ( 'NONE',  ( 0.000000000000000000, 0.000000000000000000, 1.000000000000000000 ) ) ;
#1405 = CARTESIAN_POINT ( 'NONE',  ( -51.97894105385592667, 2.112077775724785500, 10.00696500036839787 ) ) ;
#1406 = DIRECTION ( 'NONE',  ( -0.000000000000000000, -0.000000000000000000, -1.000000000000000000 ) ) ;
#1407 = ORIENTED_EDGE ( 'NONE', *, *, #5133, .T. ) ;
#1408 = VECTOR ( 'NONE', #981, 1000.000000000000000 ) ;
#1409 = DIRECTION ( 'NONE',  ( 1.000000000000000000, 9.941108744852766272E-17, 0.000000000000000000 ) ) ;
#1410 = CARTESIAN_POINT ( 'NONE',  ( 33.00000000000000000, -13.50000000000000178, 0.000000000000000000 ) ) ;
#1411 = CARTESIAN_POINT ( 'NONE',  ( -42.58456515516911622, 7.000000000000003553, 13.75000000000000000 ) ) ;
#1412 = AXIS2_PLACEMENT_3D ( 'NONE', #7050, #6466, #2260 ) ;
#1413 = PLANE ( 'NONE',  #6330 ) ;
#1414 = VECTOR ( 'NONE', #7211, 1000.000000000000000 ) ;
#1415 = VERTEX_POINT ( 'NONE', #420 ) ;
#1416 = EDGE_CURVE ( 'NONE', #7617, #2609, #7527, .T. ) ;
#1417 = EDGE_CURVE ( 'NONE', #3681, #7323, #5684, .T. ) ;
#1418 = ORIENTED_EDGE ( 'NONE', *, *, #5132, .F. ) ;
#1419 = ORIENTED_EDGE ( 'NONE', *, *, #3693, .T. ) ;
#1420 = ORIENTED_EDGE ( 'NONE', *, *, #5867, .F. ) ;
#1421 = DIRECTION ( 'NONE',  ( -1.000000000000000000, 0.000000000000000000, 0.000000000000000000 ) ) ;
#1422 = AXIS2_PLACEMENT_3D ( 'NONE', #1051, #4671, #516 ) ;
#1423 = VECTOR ( 'NONE', #1500, 1000.000000000000000 ) ;
#1424 = DIRECTION ( 'NONE',  ( 0.000000000000000000, 0.000000000000000000, -1.000000000000000000 ) ) ;
#1425 = CARTESIAN_POINT ( 'NONE',  ( -52.10000000000000853, 4.664761515876231890, 13.50000000000000533 ) ) ;
#1426 = DIRECTION ( 'NONE',  ( 1.000000000000000000, 0.000000000000000000, 0.000000000000000000 ) ) ;
#1427 = CARTESIAN_POINT ( 'NONE',  ( -11.67157287525389009, 26.00000000000000355, 5.000000000000004441 ) ) ;
#1428 = B_SPLINE_CURVE_WITH_KNOTS ( 'NONE', 3,
 ( #5620, #3921, #5052, #4421, #314, #2553, #6294, #1969, #4342, #3173, #6720, #6803, #5546, #242 ),
 .UNSPECIFIED., .F., .F.,
 ( 4, 2, 2, 2, 2, 2, 4 ),
 ( 0.008314409343585040663, 0.008745496768063241652, 0.009176584192541442642, 0.009607671617019643631, 0.01003875904149784462, 0.01090093389045424660, 0.01176310873941064684 ),
 .UNSPECIFIED. ) ;
#1429 = LINE ( 'NONE', #3807, #5053 ) ;
#1430 = CARTESIAN_POINT ( 'NONE',  ( -35.09704506566747995, 1.661624120408019323, 5.560846455558461798 ) ) ;
#1431 = EDGE_CURVE ( 'NONE', #3721, #7322, #7680, .T. ) ;
#1432 = ORIENTED_EDGE ( 'NONE', *, *, #3748, .T. ) ;
#1433 = VECTOR ( 'NONE', #5153, 1000.000000000000000 ) ;
#1434 = AXIS2_PLACEMENT_3D ( 'NONE', #3184, #1250, #4205 ) ;
#1435 = CARTESIAN_POINT ( 'NONE',  ( -42.85867446679537807, 1.738786915754954476, 5.279867812257678317 ) ) ;
#1436 = DIRECTION ( 'NONE',  ( 1.000000000000000000, 0.000000000000000000, 0.000000000000000000 ) ) ;
#1437 = AXIS2_PLACEMENT_3D ( 'NONE', #3870, #3988, #6229 ) ;
#1438 = PLANE ( 'NONE',  #2536 ) ;
#1439 = CARTESIAN_POINT ( 'NONE',  ( -13.40894241220451910, -21.99999999999999289, 19.50000000000000000 ) ) ;
#1440 = CARTESIAN_POINT ( 'NONE',  ( -33.63189702726764807, -6.273760554209371065, 13.59592187421956844 ) ) ;
#1441 = DIRECTION ( 'NONE',  ( -1.000000000000000000, 0.000000000000000000, 4.956352788505163268E-16 ) ) ;
#1442 = CARTESIAN_POINT ( 'NONE',  ( -42.78562956854231913, -6.792747546526957336, 10.24999999999823608 ) ) ;
#1443 = B_SPLINE_CURVE_WITH_KNOTS ( 'NONE', 3,
 ( #6387, #5120, #6320, #3436, #5807, #7058 ),
 .UNSPECIFIED., .F., .F.,
 ( 4, 2, 4 ),
 ( 0.003023699839890090120, 0.004108775080831099033, 0.005193850321772107079 ),
 .UNSPECIFIED. ) ;
#1444 =( GEOMETRIC_REPRESENTATION_CONTEXT ( 3 ) GLOBAL_UNCERTAINTY_ASSIGNED_CONTEXT ( ( #1046 ) ) GLOBAL_UNIT_ASSIGNED_CONTEXT ( ( #7559, #6306, #4513 ) ) REPRESENTATION_CONTEXT ( 'NONE', 'WORKASPACE' ) );
#1445 = ORIENTED_EDGE ( 'NONE', *, *, #3621, .F. ) ;
#1446 = ORIENTED_EDGE ( 'NONE', *, *, #4348, .F. ) ;
#1447 = CARTESIAN_POINT ( 'NONE',  ( 20.21076683067359880, -21.99999999999999289, 5.000000000000000888 ) ) ;
#1448 = ADVANCED_FACE ( 'NONE', ( #4993 ), #7364, .F. ) ;
#1449 = ADVANCED_FACE ( 'NONE', ( #6468 ), #3584, .F. ) ;
#1450 = LINE ( 'NONE', #6186, #6395 ) ;
#1451 = AXIS2_PLACEMENT_3D ( 'NONE', #1368, #2461, #4835 ) ;
#1452 = FACE_OUTER_BOUND ( 'NONE', #351, .T. ) ;
#1453 = VECTOR ( 'NONE', #5367, 1000.000000000000000 ) ;
#1454 = DIRECTION ( 'NONE',  ( 1.000000000000000000, -0.000000000000000000, -0.000000000000000000 ) ) ;
#1455 = LINE ( 'NONE', #3238, #4689 ) ;
#1456 = CARTESIAN_POINT ( 'NONE',  ( 10.17106781186546627, 18.00000000000000355, 12.00000000000000000 ) ) ;
#1457 = EDGE_CURVE ( 'NONE', #344, #6772, #7157, .T. ) ;
#1458 =( BOUNDED_CURVE ( )  B_SPLINE_CURVE ( 3, ( #1288, #3746, #750, #5960 ),
 .UNSPECIFIED., .F., .T. ) 
 B_SPLINE_CURVE_WITH_KNOTS ( ( 4, 4 ),
 ( 1.566885765821347087, 1.570796326794897446 ),
 .UNSPECIFIED. ) 
 CURVE ( )  GEOMETRIC_REPRESENTATION_ITEM ( )  RATIONAL_B_SPLINE_CURVE ( ( 1.000000000000000000, 0.9999987256264786240, 0.9999987256264786240, 1.000000000000000000 ) ) 
 REPRESENTATION_ITEM ( '' )  );
#1459 = VERTEX_POINT ( 'NONE', #2965 ) ;
#1460 = CIRCLE ( 'NONE', #7563, 1.750000000000001554 ) ;
#1461 = AXIS2_PLACEMENT_3D ( 'NONE', #4230, #6615, #284 ) ;
#1462 = DIRECTION ( 'NONE',  ( 0.000000000000000000, 0.000000000000000000, 1.000000000000000000 ) ) ;
#1463 = CARTESIAN_POINT ( 'NONE',  ( 13.40894241220452265, -20.99999999999998934, 24.00000000000000000 ) ) ;
#1464 = LINE ( 'NONE', #304, #7074 ) ;
#1465 = EDGE_LOOP ( 'NONE', ( #3663, #5739 ) ) ;
#1466 = VECTOR ( 'NONE', #3904, 1000.000000000000000 ) ;
#1467 = ORIENTED_EDGE ( 'NONE', *, *, #6374, .F. ) ;
#1468 = EDGE_LOOP ( 'NONE', ( #2349, #2244, #1004, #4085 ) ) ;
#1469 = VERTEX_POINT ( 'NONE', #4778 ) ;
#1470 = CARTESIAN_POINT ( 'NONE',  ( -33.00000000000001421, 13.49999999999998046, 24.00000000000000000 ) ) ;
#1471 = AXIS2_PLACEMENT_3D ( 'NONE', #1393, #744, #3108 ) ;
#1472 = DIRECTION ( 'NONE',  ( -1.000000000000000000, 0.000000000000000000, 0.000000000000000000 ) ) ;
#1473 = CARTESIAN_POINT ( 'NONE',  ( -13.27743229591007967, -30.71915747299406974, 24.00000000000000000 ) ) ;
#1474 = ADVANCED_FACE ( 'NONE', ( #659 ), #4746, .F. ) ;
#1475 = DIRECTION ( 'NONE',  ( 1.000000000000000000, 0.000000000000000000, 0.000000000000000000 ) ) ;
#1476 = CARTESIAN_POINT ( 'NONE',  ( -10.90000000000001457, -4.000000000000002665, 21.00000000000000000 ) ) ;
#1477 = DIRECTION ( 'NONE',  ( 1.000000000000000000, 0.000000000000000000, 0.000000000000000000 ) ) ;
#1478 = CARTESIAN_POINT ( 'NONE',  ( -35.09283901803130590, 1.694445186663916747, 5.452079690274797663 ) ) ;
#1479 = ORIENTED_EDGE ( 'NONE', *, *, #3621, .T. ) ;
#1480 = CARTESIAN_POINT ( 'NONE',  ( -41.66377372451425742, 1.434302554940542151, 3.990728247590890287 ) ) ;
#1481 = DIRECTION ( 'NONE',  ( 0.000000000000000000, 0.000000000000000000, -1.000000000000000000 ) ) ;
#1482 = LINE ( 'NONE', #6174, #3421 ) ;
#1483 = CARTESIAN_POINT ( 'NONE',  ( -41.05000000000001847, -0.1410744556232967628, 20.74999999999999645 ) ) ;
#1484 = CARTESIAN_POINT ( 'NONE',  ( 14.58802541192839897, -26.41203802242528553, 5.020232313500425647 ) ) ;
#1485 = CARTESIAN_POINT ( 'NONE',  ( -32.82893218813453728, 22.00000000000000000, 16.00000000000000000 ) ) ;
#1486 = DIRECTION ( 'NONE',  ( 0.000000000000000000, 0.000000000000000000, -1.000000000000000000 ) ) ;
#1487 = ORIENTED_EDGE ( 'NONE', *, *, #5115, .F. ) ;
#1488 = ORIENTED_EDGE ( 'NONE', *, *, #6982, .T. ) ;
#1489 = ORIENTED_EDGE ( 'NONE', *, *, #5065, .F. ) ;
#1490 = ORIENTED_EDGE ( 'NONE', *, *, #7176, .F. ) ;
#1491 = DIRECTION ( 'NONE',  ( 0.000000000000000000, 0.000000000000000000, -1.000000000000000000 ) ) ;
#1492 = CARTESIAN_POINT ( 'NONE',  ( -52.10000000000000853, -9.567667171349009773E-15, 12.00000000000000000 ) ) ;
#1493 = DIRECTION ( 'NONE',  ( 3.958748233630338412E-17, -1.000000000000000000, 0.000000000000000000 ) ) ;
#1494 = CARTESIAN_POINT ( 'NONE',  ( -39.90000000000000568, 7.000000000000003553, 13.75000000000000000 ) ) ;
#1495 = DIRECTION ( 'NONE',  ( -1.387778780781445676E-16, -1.379605977354753764E-32, -1.000000000000000000 ) ) ;
#1496 = ORIENTED_EDGE ( 'NONE', *, *, #2688, .F. ) ;
#1497 = EDGE_CURVE ( 'NONE', #2617, #1037, #6504, .T. ) ;
#1498 = VERTEX_POINT ( 'NONE', #1207 ) ;
#1499 = DIRECTION ( 'NONE',  ( -1.000000000000000000, 0.000000000000000000, 0.000000000000000000 ) ) ;
#1500 = DIRECTION ( 'NONE',  ( -1.000000000000000000, -3.958748233630338412E-17, 0.000000000000000000 ) ) ;
#1501 = CARTESIAN_POINT ( 'NONE',  ( 3.918869757271530263E-15, -32.00000000000000000, 24.00000000000000000 ) ) ;
#1502 = EDGE_CURVE ( 'NONE', #749, #6110, #2444, .T. ) ;
#1503 = CARTESIAN_POINT ( 'NONE',  ( -7.099999999999996980, -13.30000000000000071, 1.000000000000000888 ) ) ;
#1504 = ORIENTED_EDGE ( 'NONE', *, *, #3842, .F. ) ;
#1505 = VERTEX_POINT ( 'NONE', #1163 ) ;
#1506 = DIRECTION ( 'NONE',  ( 1.000000000000000000, 2.668805347656626678E-16, -0.000000000000000000 ) ) ;
#1507 = CARTESIAN_POINT ( 'NONE',  ( -14.91596253876791422, -26.27477210837486865, 5.001513403221296450 ) ) ;
#1508 = CARTESIAN_POINT ( 'NONE',  ( 10.96184580015083831, -33.77476282955881715, 9.615652390325866605 ) ) ;
#1509 = EDGE_CURVE ( 'NONE', #6069, #2572, #591, .T. ) ;
#1510 = LINE ( 'NONE', #3884, #4973 ) ;
#1511 = EDGE_CURVE ( 'NONE', #2351, #653, #4685, .T. ) ;
#1512 = CARTESIAN_POINT ( 'NONE',  ( -35.17793599857751730, -0.7827257084425114364, 6.569362782600276063 ) ) ;
#1513 = ADVANCED_FACE ( 'NONE', ( #4154 ), #5949, .F. ) ;
#1514 = CARTESIAN_POINT ( 'NONE',  ( -39.90000000000000568, 10.92893218813450673, 0.000000000000000000 ) ) ;
#1515 = CARTESIAN_POINT ( 'NONE',  ( -35.08562283564897655, 1.749845658912417168, 18.77121415734986343 ) ) ;
#1516 = EDGE_LOOP ( 'NONE', ( #7684, #2432, #5037, #6114 ) ) ;
#1517 = EDGE_LOOP ( 'NONE', ( #917, #1235, #4438, #7637, #1811, #4169, #4187, #6034, #2842, #2248 ) ) ;
#1518 = CARTESIAN_POINT ( 'NONE',  ( -41.91742546145378157, 1.599295169537714889, 4.281059795321915828 ) ) ;
#1519 = LINE ( 'NONE', #2685, #7054 ) ;
#1520 = CARTESIAN_POINT ( 'NONE',  ( -51.40306990214132554, 1.542640728077856016, 14.45587910968573908 ) ) ;
#1521 = CARTESIAN_POINT ( 'NONE',  ( -42.46872595959796826, -1.757444237935613218, 19.11762285253073301 ) ) ;
#1522 = LINE ( 'NONE', #329, #6759 ) ;
#1523 = DIRECTION ( 'NONE',  ( 0.7071067811865526798, 1.054413810899748976E-16, -0.7071067811865424657 ) ) ;
#1524 = EDGE_LOOP ( 'NONE', ( #4086, #4058, #6524, #2376 ) ) ;
#1525 = EDGE_CURVE ( 'NONE', #4766, #6566, #6580, .T. ) ;
#1526 = EDGE_CURVE ( 'NONE', #7280, #5354, #2482, .T. ) ;
#1527 = EDGE_LOOP ( 'NONE', ( #1077, #140 ) ) ;
#1528 = EDGE_LOOP ( 'NONE', ( #7456, #6228, #594, #761, #3585, #6068, #1188, #7178, #2253, #496 ) ) ;
#1529 = ORIENTED_EDGE ( 'NONE', *, *, #4199, .F. ) ;
#1530 = DIRECTION ( 'NONE',  ( -0.000000000000000000, 0.000000000000000000, -1.000000000000000000 ) ) ;
#1531 = LINE ( 'NONE', #4522, #5763 ) ;
#1532 = LINE ( 'NONE', #6703, #4197 ) ;
#1533 = DIRECTION ( 'NONE',  ( 1.000000000000000000, 9.941108744852763806E-17, 0.000000000000000000 ) ) ;
#1534 = CARTESIAN_POINT ( 'NONE',  ( -51.91377122810535383, 2.011144428637918757, 9.906358019723624508 ) ) ;
#1535 = B_SPLINE_CURVE_WITH_KNOTS ( 'NONE', 3,
 ( #6668, #11, #575, #347, #1994, #4365, #6153, #7369, #4997, #186, #4957, #3751, #2660, #6107, #227, #6744 ),
 .UNSPECIFIED., .F., .F.,
 ( 4, 2, 2, 2, 2, 2, 2, 4 ),
 ( 0.001560326256149653472, 0.002418678544492839332, 0.002847854688664440068, 0.003277030832836040804, 0.003706206977007641973, 0.004135383121179243143, 0.004564559265350843879, 0.004993735409522444615 ),
 .UNSPECIFIED. ) ;
#1536 = DIRECTION ( 'NONE',  ( 9.941108744852766272E-17, -1.000000000000000000, -1.215432671457254510E-63 ) ) ;
#1537 = ORIENTED_EDGE ( 'NONE', *, *, #5832, .T. ) ;
#1538 = ORIENTED_EDGE ( 'NONE', *, *, #3476, .T. ) ;
#1539 = DIRECTION ( 'NONE',  ( 0.000000000000000000, 0.000000000000000000, 1.000000000000000000 ) ) ;
#1540 = ADVANCED_FACE ( 'NONE', ( #5868 ), #130, .F. ) ;
#1541 = CARTESIAN_POINT ( 'NONE',  ( 7.100000000000000533, -7.999999999999994671, 12.00000000000000000 ) ) ;
#1542 = DIRECTION ( 'NONE',  ( -1.000000000000000000, 1.875376730785738114E-15, 0.000000000000000000 ) ) ;
#1543 = LINE ( 'NONE', #7537, #3079 ) ;
#1544 = ORIENTED_EDGE ( 'NONE', *, *, #4996, .T. ) ;
#1545 = ORIENTED_EDGE ( 'NONE', *, *, #4826, .F. ) ;
#1546 = ORIENTED_EDGE ( 'NONE', *, *, #7176, .T. ) ;
#1547 = CARTESIAN_POINT ( 'NONE',  ( 33.00000000000000000, -13.50000000000000178, 24.00000000000000000 ) ) ;
#1548 = EDGE_CURVE ( 'NONE', #620, #5116, #4943, .T. ) ;
#1549 = LINE ( 'NONE', #4586, #1100 ) ;
#1550 = CARTESIAN_POINT ( 'NONE',  ( 11.09999999999999609, -32.00000000000000000, 24.00000000000000000 ) ) ;
#1551 = DIRECTION ( 'NONE',  ( -1.000000000000000000, -1.491166311727914324E-16, 0.000000000000000000 ) ) ;
#1552 = CIRCLE ( 'NONE', #559, 1.749999999999999778 ) ;
#1553 = CARTESIAN_POINT ( 'NONE',  ( -35.20000000000000284, -0.2406252227892328732, 3.251346451594333331 ) ) ;
#1554 = FACE_OUTER_BOUND ( 'NONE', #6600, .T. ) ;
#1555 = VERTEX_POINT ( 'NONE', #5978 ) ;
#1556 = EDGE_CURVE ( 'NONE', #4573, #2950, #7306, .T. ) ;
#1557 = VECTOR ( 'NONE', #6893, 1000.000000000000000 ) ;
#1558 = VECTOR ( 'NONE', #1806, 1000.000000000000000 ) ;
#1559 = EDGE_CURVE ( 'NONE', #5683, #5643, #218, .T. ) ;
#1560 = EDGE_CURVE ( 'NONE', #6369, #4963, #552, .T. ) ;
#1561 = DIRECTION ( 'NONE',  ( 1.000000000000000000, -1.734723475976803150E-15, 0.000000000000000000 ) ) ;
#1562 = CARTESIAN_POINT ( 'NONE',  ( -36.36446609406726793, 16.53553390593273775, 24.00000000000000000 ) ) ;
#1563 = DIRECTION ( 'NONE',  ( 0.000000000000000000, 0.000000000000000000, 1.000000000000000000 ) ) ;
#1564 = AXIS2_PLACEMENT_3D ( 'NONE', #6525, #1189, #1735 ) ;
#1565 = DIRECTION ( 'NONE',  ( 1.000000000000000000, -0.000000000000000000, -0.000000000000000000 ) ) ;
#1566 = LINE ( 'NONE', #3309, #5699 ) ;
#1567 = VECTOR ( 'NONE', #7292, 1000.000000000000000 ) ;
#1568 = DIRECTION ( 'NONE',  ( -1.000000000000000000, -2.668805347656626678E-16, 0.000000000000000000 ) ) ;
#1569 = ORIENTED_EDGE ( 'NONE', *, *, #2918, .F. ) ;
#1570 = ORIENTED_EDGE ( 'NONE', *, *, #3549, .F. ) ;
#1571 = ORIENTED_EDGE ( 'NONE', *, *, #2885, .F. ) ;
#1572 = CYLINDRICAL_SURFACE ( 'NONE', #5776, 1.749999999999999778 ) ;
#1573 = AXIS2_PLACEMENT_3D ( 'NONE', #2397, #3612, #1239 ) ;
#1574 = VECTOR ( 'NONE', #6619, 1000.000000000000000 ) ;
#1575 = EDGE_CURVE ( 'NONE', #6816, #122, #3563, .T. ) ;
#1576 = DIRECTION ( 'NONE',  ( -9.941108744852765039E-17, 1.000000000000000000, 0.000000000000000000 ) ) ;
#1577 = DIRECTION ( 'NONE',  ( 0.000000000000000000, 0.000000000000000000, 1.000000000000000000 ) ) ;
#1578 = CYLINDRICAL_SURFACE ( 'NONE', #5882, 1.000000000000000888 ) ;
#1579 = B_SPLINE_CURVE_WITH_KNOTS ( 'NONE', 3,
 ( #656, #4813, #6607, #1269, #3644, #6010, #1886, #4255, #6641, #1425 ),
 .UNSPECIFIED., .F., .F.,
 ( 4, 2, 2, 2, 4 ),
 ( 0.000000000000000000, 0.0004085130822169317187, 0.0008170261644338634374, 0.001225539246650795156, 0.001634052328867726875 ),
 .UNSPECIFIED. ) ;
#1580 = FACE_OUTER_BOUND ( 'NONE', #7098, .T. ) ;
#1581 = CIRCLE ( 'NONE', #6148, 4.900000000000002132 ) ;
#1582 = CARTESIAN_POINT ( 'NONE',  ( -43.05641338363982129, -1.696417820929031928, 5.473221877214755615 ) ) ;
#1583 = ORIENTED_EDGE ( 'NONE', *, *, #373, .F. ) ;
#1584 = VERTEX_POINT ( 'NONE', #1972 ) ;
#1585 = PLANE ( 'NONE',  #2934 ) ;
#1586 = PRESENTATION_LAYER_ASSIGNMENT (  '', '', ( #6035 ) ) ;
#1587 = AXIS2_PLACEMENT_3D ( 'NONE', #6328, #4614, #7532 ) ;
#1588 = DIRECTION ( 'NONE',  ( 0.000000000000000000, 0.000000000000000000, -1.000000000000000000 ) ) ;
#1589 = DIRECTION ( 'NONE',  ( 1.000000000000000000, 0.000000000000000000, 0.000000000000000000 ) ) ;
#1590 = DIRECTION ( 'NONE',  ( -1.000000000000000000, 0.000000000000000000, 2.478176394252581634E-16 ) ) ;
#1591 = ORIENTED_EDGE ( 'NONE', *, *, #3951, .T. ) ;
#1592 = VERTEX_POINT ( 'NONE', #245 ) ;
#1593 = AXIS2_PLACEMENT_3D ( 'NONE', #1872, #1903, #2498 ) ;
#1594 = VECTOR ( 'NONE', #7220, 1000.000000000000000 ) ;
#1595 = ORIENTED_EDGE ( 'NONE', *, *, #2678, .T. ) ;
#1596 = DIRECTION ( 'NONE',  ( -1.000000000000000000, 0.000000000000000000, 0.000000000000000000 ) ) ;
#1597 = DIRECTION ( 'NONE',  ( 0.7071067811865437980, -0.7071067811865513475, -9.813077866773542715E-17 ) ) ;
#1598 = LINE ( 'NONE', #3380, #2801 ) ;
#1599 = AXIS2_PLACEMENT_3D ( 'NONE', #871, #3871, #298 ) ;
#1600 = CARTESIAN_POINT ( 'NONE',  ( -9.900000000000012790, -3.000000000000002665, 24.00000000000000000 ) ) ;
#1601 = CIRCLE ( 'NONE', #5076, 13.29000000000000270 ) ;
#1602 = CARTESIAN_POINT ( 'NONE',  ( 8.100000000000017408, -24.41053361559590940, 5.000000000000000000 ) ) ;
#1603 = CARTESIAN_POINT ( 'NONE',  ( -35.17165999395618314, 0.8826091733483383273, 17.48458965445609792 ) ) ;
#1604 = ORIENTED_EDGE ( 'NONE', *, *, #3600, .T. ) ;
#1605 = CARTESIAN_POINT ( 'NONE',  ( 34.68506607467736558, -3.673683617210719898, 19.77103233538537097 ) ) ;
#1606 = ORIENTED_EDGE ( 'NONE', *, *, #1431, .F. ) ;
#1607 = EDGE_CURVE ( 'NONE', #3866, #7374, #166, .T. ) ;
#1608 = VECTOR ( 'NONE', #2652, 1000.000000000000000 ) ;
#1609 = VECTOR ( 'NONE', #893, 1000.000000000000000 ) ;
#1610 = CARTESIAN_POINT ( 'NONE',  ( -13.40894241220451910, -20.99999999999998934, 24.00000000000000000 ) ) ;
#1611 = CARTESIAN_POINT ( 'NONE',  ( -26.90000000000000924, -3.000000000000004441, 21.00000000000000000 ) ) ;
#1612 = DIRECTION ( 'NONE',  ( 1.000000000000000000, 0.000000000000000000, 0.000000000000000000 ) ) ;
#1613 = SURFACE_SIDE_STYLE ('',( #6975 ) ) ;
#1614 = DIRECTION ( 'NONE',  ( 0.000000000000000000, 0.000000000000000000, -1.000000000000000000 ) ) ;
#1615 = CIRCLE ( 'NONE', #4709, 13.28999999999999915 ) ;
#1616 = DIRECTION ( 'NONE',  ( -1.000000000000000000, 0.000000000000000000, 0.000000000000000000 ) ) ;
#1617 = FACE_OUTER_BOUND ( 'NONE', #3208, .T. ) ;
#1618 = EDGE_CURVE ( 'NONE', #3681, #7470, #2558, .T. ) ;
#1619 = ORIENTED_EDGE ( 'NONE', *, *, #4988, .T. ) ;
#1620 = VERTEX_POINT ( 'NONE', #6646 ) ;
#1621 = FACE_OUTER_BOUND ( 'NONE', #7581, .T. ) ;
#1622 = DIRECTION ( 'NONE',  ( -1.000000000000000000, 0.000000000000000000, 0.000000000000000000 ) ) ;
#1623 = LINE ( 'NONE', #7681, #2708 ) ;
#1624 = CARTESIAN_POINT ( 'NONE',  ( -41.30737183489073772, -1.012497579351050003, 3.567286152741085292 ) ) ;
#1625 = ORIENTED_EDGE ( 'NONE', *, *, #1262, .T. ) ;
#1626 = ORIENTED_EDGE ( 'NONE', *, *, #4239, .F. ) ;
#1627 = CARTESIAN_POINT ( 'NONE',  ( 34.37571340350344684, -4.621725482253296491, 14.91024529408786492 ) ) ;
#1628 = PLANE ( 'NONE',  #3570 ) ;
#1629 = CARTESIAN_POINT ( 'NONE',  ( -46.22213367103898918, 4.477030072238425085, 10.00435502187376535 ) ) ;
#1630 = CARTESIAN_POINT ( 'NONE',  ( -32.99999999999998579, -13.50000000000002665, 0.000000000000000000 ) ) ;
#1631 = ORIENTED_EDGE ( 'NONE', *, *, #5329, .F. ) ;
#1632 = ORIENTED_EDGE ( 'NONE', *, *, #3683, .F. ) ;
#1633 = ORIENTED_EDGE ( 'NONE', *, *, #1162, .T. ) ;
#1634 = CARTESIAN_POINT ( 'NONE',  ( 0.000000000000000000, 0.000000000000000000, 21.00000000000000000 ) ) ;
#1635 = LINE ( 'NONE', #1040, #827 ) ;
#1636 = CARTESIAN_POINT ( 'NONE',  ( 39.89999999999999147, 7.000000000000003553, 10.25000000000000000 ) ) ;
#1637 = CARTESIAN_POINT ( 'NONE',  ( -32.82893218813453728, 18.00000000000000000, 16.00000000000000000 ) ) ;
#1638 = DIRECTION ( 'NONE',  ( 1.000000000000000000, 2.668805347656626678E-16, -0.000000000000000000 ) ) ;
#1639 = VERTEX_POINT ( 'NONE', #4888 ) ;
#1640 = CARTESIAN_POINT ( 'NONE',  ( 34.97361473929009179, -2.463751725550269001, 16.15376850098351014 ) ) ;
#1641 = DIRECTION ( 'NONE',  ( 0.000000000000000000, 0.000000000000000000, 1.000000000000000000 ) ) ;
#1642 = DIRECTION ( 'NONE',  ( -0.000000000000000000, -0.000000000000000000, -1.000000000000000000 ) ) ;
#1643 = DIRECTION ( 'NONE',  ( 9.941108744852765039E-17, -1.000000000000000000, -0.000000000000000000 ) ) ;
#1644 = SURFACE_STYLE_USAGE ( .BOTH. , #1613 ) ;
#1645 = CARTESIAN_POINT ( 'NONE',  ( -51.72801874222157181, -4.333855140938290162, 9.711256471143453695 ) ) ;
#1646 = VERTEX_POINT ( 'NONE', #2634 ) ;
#1647 = PLANE ( 'NONE',  #7652 ) ;
#1648 = LINE ( 'NONE', #6433, #7516 ) ;
#1649 = FACE_OUTER_BOUND ( 'NONE', #3873, .T. ) ;
#1650 = DIRECTION ( 'NONE',  ( -0.8619342151577691347, -0.5070201265633943466, 0.000000000000000000 ) ) ;
#1651 = CARTESIAN_POINT ( 'NONE',  ( 8.100000000000015632, -24.11015586684337464, 8.564219598213032469 ) ) ;
#1652 = ORIENTED_EDGE ( 'NONE', *, *, #1287, .F. ) ;
#1653 = ORIENTED_EDGE ( 'NONE', *, *, #1417, .F. ) ;
#1654 = EDGE_CURVE ( 'NONE', #2431, #5897, #6087, .T. ) ;
#1655 = ADVANCED_FACE ( 'NONE', ( #4426 ), #1930, .F. ) ;
#1656 = EDGE_CURVE ( 'NONE', #1208, #2679, #2601, .T. ) ;
#1657 = CYLINDRICAL_SURFACE ( 'NONE', #6683, 1.000000000000000888 ) ;
#1658 = DIRECTION ( 'NONE',  ( 1.000000000000000000, 0.000000000000000000, 0.000000000000000000 ) ) ;
#1659 = DIRECTION ( 'NONE',  ( 1.000000000000000000, 0.000000000000000000, 0.000000000000000000 ) ) ;
#1660 = ORIENTED_EDGE ( 'NONE', *, *, #5922, .T. ) ;
#1661 = ORIENTED_EDGE ( 'NONE', *, *, #3303, .T. ) ;
#1662 = DIRECTION ( 'NONE',  ( 0.000000000000000000, 0.000000000000000000, -1.000000000000000000 ) ) ;
#1663 = CARTESIAN_POINT ( 'NONE',  ( 12.49999999999999822, 28.00000000000000355, 4.999999999999997335 ) ) ;
#1664 = CARTESIAN_POINT ( 'NONE',  ( -11.58419194333646907, -32.32852751763761745, 7.800601374321597170 ) ) ;
#1665 = LINE ( 'NONE', #6372, #6754 ) ;
#1666 = EDGE_CURVE ( 'NONE', #6326, #3494, #769, .T. ) ;
#1667 = ORIENTED_EDGE ( 'NONE', *, *, #2334, .T. ) ;
#1668 = EDGE_CURVE ( 'NONE', #592, #449, #6125, .T. ) ;
#1669 = FACE_OUTER_BOUND ( 'NONE', #5461, .T. ) ;
#1670 = CARTESIAN_POINT ( 'NONE',  ( 7.100000000000003197, -17.99999999999999645, 1.000000000000000666 ) ) ;
#1671 = VERTEX_POINT ( 'NONE', #7348 ) ;
#1672 = DIRECTION ( 'NONE',  ( 1.000000000000000000, 2.668805347656626678E-16, -0.000000000000000000 ) ) ;
#1673 = ORIENTED_EDGE ( 'NONE', *, *, #4442, .T. ) ;
#1674 = AXIS2_PLACEMENT_3D ( 'NONE', #7545, #4699, #4625 ) ;
#1675 = DIRECTION ( 'NONE',  ( 0.000000000000000000, 0.000000000000000000, -1.000000000000000000 ) ) ;
#1676 = CARTESIAN_POINT ( 'NONE',  ( -51.55764244422680775, 4.276802767314915599, 9.608372967416432431 ) ) ;
#1677 = EDGE_CURVE ( 'NONE', #7608, #449, #2008, .T. ) ;
#1678 = CARTESIAN_POINT ( 'NONE',  ( -10.90000000000001457, -13.00000000000000355, 21.00000000000000000 ) ) ;
#1679 = CARTESIAN_POINT ( 'NONE',  ( 34.55935765119333780, 4.089383397467134529, 9.622020067794680998 ) ) ;
#1680 = FACE_BOUND ( 'NONE', #1465, .T. ) ;
#1681 = VECTOR ( 'NONE', #7000, 1000.000000000000000 ) ;
#1682 = ORIENTED_EDGE ( 'NONE', *, *, #5329, .T. ) ;
#1683 = CIRCLE ( 'NONE', #77, 1.750000000000005107 ) ;
#1684 = VECTOR ( 'NONE', #14, 1000.000000000000000 ) ;
#1685 = FACE_OUTER_BOUND ( 'NONE', #6560, .T. ) ;
#1686 = CYLINDRICAL_SURFACE ( 'NONE', #5560, 1.750000000000001554 ) ;
#1687 = PLANE ( 'NONE',  #6652 ) ;
#1688 = DIRECTION ( 'NONE',  ( -0.000000000000000000, 0.000000000000000000, -1.000000000000000000 ) ) ;
#1689 = AXIS2_PLACEMENT_3D ( 'NONE', #5164, #6830, #1499 ) ;
#1690 = ORIENTED_EDGE ( 'NONE', *, *, #5884, .F. ) ;
#1691 = ADVANCED_FACE ( 'NONE', ( #3461 ), #7592, .T. ) ;
#1692 = CIRCLE ( 'NONE', #2548, 2.600000000000000089 ) ;
#1693 = ORIENTED_EDGE ( 'NONE', *, *, #5237, .F. ) ;
#1694 = EDGE_CURVE ( 'NONE', #5410, #5979, #4565, .T. ) ;
#1695 = FACE_OUTER_BOUND ( 'NONE', #5383, .T. ) ;
#1696 = CIRCLE ( 'NONE', #6420, 5.000000000000000888 ) ;
#1697 = CARTESIAN_POINT ( 'NONE',  ( -46.29291618988032297, 4.426364670405282808, 9.895732163409860505 ) ) ;
#1698 = CARTESIAN_POINT ( 'NONE',  ( -44.55000000000004690, -1.734723419696314672E-15, 17.24999999999999645 ) ) ;
#1699 = EDGE_LOOP ( 'NONE', ( #1545, #6192 ) ) ;
#1700 = ORIENTED_EDGE ( 'NONE', *, *, #836, .F. ) ;
#1701 = VECTOR ( 'NONE', #5017, 1000.000000000000000 ) ;
#1702 = DIRECTION ( 'NONE',  ( 0.000000000000000000, 0.000000000000000000, -1.000000000000000000 ) ) ;
#1703 = CARTESIAN_POINT ( 'NONE',  ( 34.89999999999999147, -17.99999999999999289, 19.50000000000000000 ) ) ;
#1704 = CARTESIAN_POINT ( 'NONE',  ( 15.17106781186546449, 22.00000000000000355, 24.00000000000000000 ) ) ;
#1705 = ORIENTED_EDGE ( 'NONE', *, *, #611, .F. ) ;
#1706 = CARTESIAN_POINT ( 'NONE',  ( 13.40894241220452443, -25.41283789321709818, 5.136526129089248549 ) ) ;
#1707 = CARTESIAN_POINT ( 'NONE',  ( 35.20000000000000995, -6.098637220230962441E-16, 5.000000000000000000 ) ) ;
#1708 = AXIS2_PLACEMENT_3D ( 'NONE', #934, #6255, #1436 ) ;
#1709 = ORIENTED_EDGE ( 'NONE', *, *, #5523, .F. ) ;
#1710 = ORIENTED_EDGE ( 'NONE', *, *, #6503, .F. ) ;
#1711 = VERTEX_POINT ( 'NONE', #4009 ) ;
#1712 = EDGE_CURVE ( 'NONE', #7205, #5265, #4650, .T. ) ;
#1713 = CIRCLE ( 'NONE', #3692, 3.750000000000000000 ) ;
#1714 = DIRECTION ( 'NONE',  ( 1.000000000000000000, 0.000000000000000000, 0.000000000000000000 ) ) ;
#1715 = CARTESIAN_POINT ( 'NONE',  ( -52.07459632688392048, 4.575523904607448955, 10.24183103899411762 ) ) ;
#1716 = CARTESIAN_POINT ( 'NONE',  ( -61.10000000000000142, 4.899999999999990585, 12.00000000000000000 ) ) ;
#1717 = FILL_AREA_STYLE_COLOUR ( '', #7159 ) ;
#1718 = LINE ( 'NONE', #1133, #2204 ) ;
#1719 = VERTEX_POINT ( 'NONE', #7577 ) ;
#1720 = AXIS2_PLACEMENT_3D ( 'NONE', #3571, #2954, #4764 ) ;
#1721 = CARTESIAN_POINT ( 'NONE',  ( 34.69758470286595298, 3.629980641251425055, 4.027409521678268156 ) ) ;
#1722 = B_SPLINE_CURVE_WITH_KNOTS ( 'NONE', 3,
 ( #5055, #6296, #2761, #403, #2677, #5141, #1603, #3969, #3385, #5747, #2095, #6849, #1515, #543, #5322, #2393, #7082, #5385, #4114, #7110, #6572, #4043, #4807, #1123, #5894, #5249, #7619, #1774 ),
 .UNSPECIFIED., .F., .F.,
 ( 4, 2, 2, 2, 2, 2, 2, 2, 2, 2, 2, 2, 2, 4 ),
 ( 1.573787215998490030E-18, 0.0003410049730034359094, 0.0006820099460068703009, 0.001023014919010304530, 0.001364019892013738867, 0.002046029838020612963, 0.002728039784027487275, 0.003069044757030924431, 0.003410049730034362021, 0.003751054703037799178, 0.004092059676041236334, 0.004433064649044673490, 0.004774069622048111514, 0.005456079568054984959 ),
 .UNSPECIFIED. ) ;
#1723 = CARTESIAN_POINT ( 'NONE',  ( -9.900000000000012790, -12.00000000000000355, 24.00000000000000000 ) ) ;
#1724 = CARTESIAN_POINT ( 'NONE',  ( -20.71778695723699926, -22.86193421515775981, 19.50000000000000000 ) ) ;
#1725 = CARTESIAN_POINT ( 'NONE',  ( 8.100000000000015632, -23.94959805203179926, 8.231332221103723867 ) ) ;
#1726 = ORIENTED_EDGE ( 'NONE', *, *, #5669, .T. ) ;
#1727 = AXIS2_PLACEMENT_3D ( 'NONE', #4580, #6332, #4456 ) ;
#1728 = ORIENTED_EDGE ( 'NONE', *, *, #2420, .T. ) ;
#1729 = CARTESIAN_POINT ( 'NONE',  ( 34.79265524656060649, -3.275617256622089357, 11.49140286999804061 ) ) ;
#1730 = CARTESIAN_POINT ( 'NONE',  ( -41.05000000000002558, -8.750000000000000000, 12.00000000000000000 ) ) ;
#1731 = LINE ( 'NONE', #7536, #1088 ) ;
#1732 = DIRECTION ( 'NONE',  ( -0.000000000000000000, 0.000000000000000000, -1.000000000000000000 ) ) ;
#1733 = ADVANCED_FACE ( 'NONE', ( #425 ), #5766, .F. ) ;
#1734 = EDGE_LOOP ( 'NONE', ( #1264, #1284, #5104, #7620, #5636 ) ) ;
#1735 = DIRECTION ( 'NONE',  ( 0.000000000000000000, -1.000000000000000000, 0.000000000000000000 ) ) ;
#1736 = DIRECTION ( 'NONE',  ( 9.941108744852765039E-17, -1.000000000000000000, 0.000000000000000000 ) ) ;
#1737 = ADVANCED_FACE ( 'NONE', ( #4027 ), #6297, .F. ) ;
#1738 = CARTESIAN_POINT ( 'NONE',  ( 7.500000000000003553, 22.00000000000001066, 1.999999999999998668 ) ) ;
#1739 = ORIENTED_EDGE ( 'NONE', *, *, #4687, .F. ) ;
#1740 = LINE ( 'NONE', #3968, #3159 ) ;
#1741 = CARTESIAN_POINT ( 'NONE',  ( -9.303159186392926827, 18.39583901342356498, 9.626323362083189394 ) ) ;
#1742 = ORIENTED_EDGE ( 'NONE', *, *, #2237, .F. ) ;
#1743 = ORIENTED_EDGE ( 'NONE', *, *, #4458, .T. ) ;
#1744 = ORIENTED_EDGE ( 'NONE', *, *, #5238, .F. ) ;
#1745 = EDGE_CURVE ( 'NONE', #3906, #1459, #5127, .T. ) ;
#1746 = CARTESIAN_POINT ( 'NONE',  ( -44.00371259525831391, 1.154960402554118470, 6.319462589536153807 ) ) ;
#1747 = ADVANCED_FACE ( 'NONE', ( #5847 ), #3909, .F. ) ;
#1748 = ADVANCED_FACE ( 'NONE', ( #2862 ), #2825, .T. ) ;
#1749 = DIRECTION ( 'NONE',  ( -1.000000000000000000, 0.000000000000000000, 0.000000000000000000 ) ) ;
#1750 = DIRECTION ( 'NONE',  ( 0.000000000000000000, 0.000000000000000000, 1.000000000000000000 ) ) ;
#1751 = DIRECTION ( 'NONE',  ( 1.000000000000000000, 2.668805347656626678E-16, -0.000000000000000000 ) ) ;
#1752 = DIRECTION ( 'NONE',  ( 0.000000000000000000, 0.000000000000000000, 1.000000000000000000 ) ) ;
#1753 = DIRECTION ( 'NONE',  ( 1.000000000000000000, 9.941108744852766272E-17, 0.000000000000000000 ) ) ;
#1754 = ORIENTED_EDGE ( 'NONE', *, *, #5523, .T. ) ;
#1755 = ORIENTED_EDGE ( 'NONE', *, *, #1167, .T. ) ;
#1756 = CARTESIAN_POINT ( 'NONE',  ( 34.66297014953885736, 3.749766359467805898, 5.248986328398948409 ) ) ;
#1757 = CARTESIAN_POINT ( 'NONE',  ( -33.21327386202774790, 7.000000000000003553, 10.25000000000000000 ) ) ;
#1758 = DIRECTION ( 'NONE',  ( 0.000000000000000000, 0.000000000000000000, 1.000000000000000000 ) ) ;
#1759 = EDGE_CURVE ( 'NONE', #3057, #3137, #5802, .T. ) ;
#1760 = EDGE_CURVE ( 'NONE', #5359, #2276, #7359, .T. ) ;
#1761 = CARTESIAN_POINT ( 'NONE',  ( 29.82778749931346240, 10.68405627380207967, 12.71372064160863324 ) ) ;
#1762 = VERTEX_POINT ( 'NONE', #5268 ) ;
#1763 = ORIENTED_EDGE ( 'NONE', *, *, #2123, .F. ) ;
#1764 = DIRECTION ( 'NONE',  ( -0.000000000000000000, -0.000000000000000000, -1.000000000000000000 ) ) ;
#1765 = CARTESIAN_POINT ( 'NONE',  ( -7.099999999999998757, -13.30000000000000071, 20.99999999999999645 ) ) ;
#1766 = DIRECTION ( 'NONE',  ( 0.000000000000000000, 0.000000000000000000, -1.000000000000000000 ) ) ;
#1767 = ORIENTED_EDGE ( 'NONE', *, *, #1457, .F. ) ;
#1768 = ORIENTED_EDGE ( 'NONE', *, *, #4539, .F. ) ;
#1769 = LINE ( 'NONE', #115, #2800 ) ;
#1770 = CARTESIAN_POINT ( 'NONE',  ( 7.500000000000007105, 22.00000000000001066, 24.00000000000000355 ) ) ;
#1771 = LINE ( 'NONE', #5825, #6388 ) ;
#1772 = ORIENTED_EDGE ( 'NONE', *, *, #4647, .F. ) ;
#1773 = CARTESIAN_POINT ( 'NONE',  ( -44.14812793373180000, 5.562397841266790266, 10.99557985776782942 ) ) ;
#1774 = CARTESIAN_POINT ( 'NONE',  ( -35.19999999999999574, 0.009999999999899845948, 20.74997142833819197 ) ) ;
#1775 = VERTEX_POINT ( 'NONE', #7645 ) ;
#1776 = ORIENTED_EDGE ( 'NONE', *, *, #5689, .T. ) ;
#1777 = EDGE_LOOP ( 'NONE', ( #2736, #1236 ) ) ;
#1778 = CARTESIAN_POINT ( 'NONE',  ( -8.500000000000003553, 19.00000000000000355, 2.000000000000001776 ) ) ;
#1779 = LINE ( 'NONE', #1201, #7256 ) ;
#1780 = CARTESIAN_POINT ( 'NONE',  ( -1.332410057327812147, -34.26509709745728571, 19.50000000000000000 ) ) ;
#1781 = DIRECTION ( 'NONE',  ( 1.000000000000000000, -0.000000000000000000, -0.000000000000000000 ) ) ;
#1782 = CARTESIAN_POINT ( 'NONE',  ( 33.83395742348622548, 5.883884942357519243, 15.58780038804907342 ) ) ;
#1783 = FACE_OUTER_BOUND ( 'NONE', #3991, .T. ) ;
#1784 = CARTESIAN_POINT ( 'NONE',  ( 11.50000000000000355, 24.00000000000000000, 24.00000000000000355 ) ) ;
#1785 = VERTEX_POINT ( 'NONE', #3994 ) ;
#1786 = ADVANCED_FACE ( 'NONE', ( #6281 ), #1657, .F. ) ;
#1787 = EDGE_CURVE ( 'NONE', #653, #1762, #2309, .T. ) ;
#1788 = ORIENTED_EDGE ( 'NONE', *, *, #401, .F. ) ;
#1789 = AXIS2_PLACEMENT_3D ( 'NONE', #6259, #3354, #5630 ) ;
#1790 = CARTESIAN_POINT ( 'NONE',  ( -13.51388176966847432, -30.58006954725383864, 19.46711026992852567 ) ) ;
#1791 = CARTESIAN_POINT ( 'NONE',  ( -33.46482043380214577, 6.579850736208816109, 13.71243963334092797 ) ) ;
#1792 = CIRCLE ( 'NONE', #440, 5.000000000000000888 ) ;
#1793 = CARTESIAN_POINT ( 'NONE',  ( 23.88307512300519519, -20.99999999999998934, 0.000000000000000000 ) ) ;
#1794 = CARTESIAN_POINT ( 'NONE',  ( 30.82514239005580237, 9.868572322512552120, 14.42720624088517489 ) ) ;
#1795 = ORIENTED_EDGE ( 'NONE', *, *, #2465, .T. ) ;
#1796 = ORIENTED_EDGE ( 'NONE', *, *, #2747, .T. ) ;
#1797 = CIRCLE ( 'NONE', #2927, 7.099999999999999645 ) ;
#1798 = AXIS2_PLACEMENT_3D ( 'NONE', #5394, #7190, #693 ) ;
#1799 = EDGE_CURVE ( 'NONE', #3982, #2899, #2440, .T. ) ;
#1800 = CARTESIAN_POINT ( 'NONE',  ( -39.90000000000000568, -6.098637220230962441E-16, 3.250000000000000444 ) ) ;
#1801 = VECTOR ( 'NONE', #1304, 1000.000000000000000 ) ;
#1802 = CARTESIAN_POINT ( 'NONE',  ( -43.64100206995166076, 1.443291113097313394, 17.98837806463932765 ) ) ;
#1803 = ORIENTED_EDGE ( 'NONE', *, *, #5357, .F. ) ;
#1804 = CIRCLE ( 'NONE', #7278, 9.900000000000007461 ) ;
#1805 = AXIS2_PLACEMENT_3D ( 'NONE', #2114, #1454, #954 ) ;
#1806 = DIRECTION ( 'NONE',  ( -1.387778780781445676E-16, -1.379605977354753764E-32, -1.000000000000000000 ) ) ;
#1807 = VERTEX_POINT ( 'NONE', #4531 ) ;
#1808 = CARTESIAN_POINT ( 'NONE',  ( -1.676305461423940990, -17.99999999999999645, 19.50000000000000000 ) ) ;
#1809 = DIRECTION ( 'NONE',  ( 0.000000000000000000, 0.000000000000000000, 1.000000000000000000 ) ) ;
#1810 = ORIENTED_EDGE ( 'NONE', *, *, #3938, .F. ) ;
#1811 = ORIENTED_EDGE ( 'NONE', *, *, #5839, .T. ) ;
#1812 = AXIS2_PLACEMENT_3D ( 'NONE', #7010, #3428, #408 ) ;
#1813 = VERTEX_POINT ( 'NONE', #6912 ) ;
#1814 = CARTESIAN_POINT ( 'NONE',  ( -9.749999999999996447, 24.00000000000000355, 24.00000000000000711 ) ) ;
#1815 = FACE_OUTER_BOUND ( 'NONE', #1516, .T. ) ;
#1816 = VECTOR ( 'NONE', #5112, 1000.000000000000114 ) ;
#1817 = DIRECTION ( 'NONE',  ( -1.000000000000000000, 0.000000000000000000, 0.000000000000000000 ) ) ;
#1818 = AXIS2_PLACEMENT_3D ( 'NONE', #1134, #7224, #3539 ) ;
#1819 = DIRECTION ( 'NONE',  ( 0.000000000000000000, 0.000000000000000000, -1.000000000000000000 ) ) ;
#1820 = DIRECTION ( 'NONE',  ( -0.000000000000000000, -1.000000000000000000, -0.000000000000000000 ) ) ;
#1821 = CARTESIAN_POINT ( 'NONE',  ( -13.40894241220451910, -21.99999999999999289, 19.50000000000000000 ) ) ;
#1822 = VERTEX_POINT ( 'NONE', #1357 ) ;
#1823 = EDGE_CURVE ( 'NONE', #5706, #7171, #2563, .T. ) ;
#1824 = ORIENTED_EDGE ( 'NONE', *, *, #7206, .F. ) ;
#1825 = CIRCLE ( 'NONE', #6165, 4.900000000000002132 ) ;
#1826 = VECTOR ( 'NONE', #3687, 1000.000000000000000 ) ;
#1827 = DIRECTION ( 'NONE',  ( 0.000000000000000000, 1.000000000000000000, 0.000000000000000000 ) ) ;
#1828 = EDGE_CURVE ( 'NONE', #1177, #5388, #7668, .T. ) ;
#1829 = CARTESIAN_POINT ( 'NONE',  ( -35.09187509393028392, -1.704077662347929234, 19.45844760354707859 ) ) ;
#1830 = CARTESIAN_POINT ( 'NONE',  ( -46.22225052016673885, -4.476878839404383470, 10.00397070302760483 ) ) ;
#1831 = CARTESIAN_POINT ( 'NONE',  ( 11.67157287525389187, 26.00000000000000355, 4.999999999999997335 ) ) ;
#1832 = VECTOR ( 'NONE', #6231, 1000.000000000000000 ) ;
#1833 = CARTESIAN_POINT ( 'NONE',  ( 30.99672533432724819, 9.711230048604916121, 14.60080130901117457 ) ) ;
#1834 = VERTEX_POINT ( 'NONE', #97 ) ;
#1835 = ORIENTED_EDGE ( 'NONE', *, *, #2018, .T. ) ;
#1836 = ORIENTED_EDGE ( 'NONE', *, *, #1162, .F. ) ;
#1837 = AXIS2_PLACEMENT_3D ( 'NONE', #3183, #4314, #6216 ) ;
#1838 = EDGE_CURVE ( 'NONE', #1334, #1505, #4264, .T. ) ;
#1839 = CARTESIAN_POINT ( 'NONE',  ( 3.918869757271530263E-15, -32.00000000000000000, -5.500000000000001776 ) ) ;
#1840 = DIRECTION ( 'NONE',  ( 1.387778780781445676E-16, 1.379605977354753764E-32, 1.000000000000000000 ) ) ;
#1841 = AXIS2_PLACEMENT_3D ( 'NONE', #2222, #1614, #3391 ) ;
#1842 = ADVANCED_FACE ( 'NONE', ( #5555 ), #2447, .T. ) ;
#1843 = ORIENTED_EDGE ( 'NONE', *, *, #3838, .F. ) ;
#1844 = CARTESIAN_POINT ( 'NONE',  ( -27.90000000000001279, -4.000000000000005329, 24.00000000000000000 ) ) ;
#1845 = CARTESIAN_POINT ( 'NONE',  ( -41.11091897871063594, 8.674074661745413195, 11.47325273700220016 ) ) ;
#1846 = ORIENTED_EDGE ( 'NONE', *, *, #5316, .F. ) ;
#1847 = CARTESIAN_POINT ( 'NONE',  ( 34.69758470286595298, -3.629980641251425055, 5.972590478321731844 ) ) ;
#1848 = ORIENTED_EDGE ( 'NONE', *, *, #6099, .T. ) ;
#1849 = ADVANCED_FACE ( 'NONE', ( #6022 ), #703, .T. ) ;
#1850 = EDGE_CURVE ( 'NONE', #1091, #2284, #3622, .T. ) ;
#1851 = EDGE_LOOP ( 'NONE', ( #6073, #4618, #1341, #1693, #3843, #1700 ) ) ;
#1852 = EDGE_LOOP ( 'NONE', ( #6664, #5093, #2976, #7638, #6494, #912 ) ) ;
#1853 = ORIENTED_EDGE ( 'NONE', *, *, #2496, .F. ) ;
#1854 = CARTESIAN_POINT ( 'NONE',  ( -6.099999999999995204, -32.00000000000000000, -5.500000000000001776 ) ) ;
#1855 = CYLINDRICAL_SURFACE ( 'NONE', #7294, 1.000000000000000888 ) ;
#1856 = CARTESIAN_POINT ( 'NONE',  ( 3.918869757271530263E-15, -32.00000000000000000, 5.000000000000000000 ) ) ;
#1857 = CARTESIAN_POINT ( 'NONE',  ( -34.90000000000000568, 10.92893218813451561, 24.00000000000000000 ) ) ;
#1858 = CARTESIAN_POINT ( 'NONE',  ( -32.26429230804946968, -8.341895335763078734, 10.87080353275521283 ) ) ;
#1859 = CARTESIAN_POINT ( 'NONE',  ( 37.89999999999999147, -1.506211723428389455E-16, 8.750000000000000000 ) ) ;
#1860 = PLANE ( 'NONE',  #2851 ) ;
#1861 = CARTESIAN_POINT ( 'NONE',  ( -47.10000000000000142, -43.10000000000001563, 10.50000000000000178 ) ) ;
#1862 = ORIENTED_EDGE ( 'NONE', *, *, #2938, .F. ) ;
#1863 = EDGE_CURVE ( 'NONE', #1469, #5022, #4301, .T. ) ;
#1864 = CYLINDRICAL_SURFACE ( 'NONE', #1461, 1.000000000000000888 ) ;
#1865 = CARTESIAN_POINT ( 'NONE',  ( -33.21327386202774790, 7.000000000000003553, 10.25000000000000000 ) ) ;
#1866 = DIRECTION ( 'NONE',  ( -0.000000000000000000, -0.000000000000000000, -1.000000000000000000 ) ) ;
#1867 = CARTESIAN_POINT ( 'NONE',  ( -46.42736247689776263, -4.356907988911634000, 9.757227613526474386 ) ) ;
#1868 = CARTESIAN_POINT ( 'NONE',  ( 30.50155339682505229, 10.15177388318464402, 9.954211164262426692 ) ) ;
#1869 = ORIENTED_EDGE ( 'NONE', *, *, #5877, .T. ) ;
#1870 = ORIENTED_EDGE ( 'NONE', *, *, #4175, .T. ) ;
#1871 = EDGE_CURVE ( 'NONE', #6250, #5410, #1943, .T. ) ;
#1872 = CARTESIAN_POINT ( 'NONE',  ( 23.88307512300519519, -20.99999999999998934, 24.00000000000000000 ) ) ;
#1873 = FACE_OUTER_BOUND ( 'NONE', #4074, .T. ) ;
#1874 = EDGE_CURVE ( 'NONE', #3529, #3432, #2415, .T. ) ;
#1875 = EDGE_CURVE ( 'NONE', #4292, #4388, #7271, .T. ) ;
#1876 = VERTEX_POINT ( 'NONE', #4311 ) ;
#1877 = EDGE_CURVE ( 'NONE', #5260, #234, #3768, .T. ) ;
#1878 = CARTESIAN_POINT ( 'NONE',  ( -41.06259796483191593, 8.734222185290281715, 11.73081221383447037 ) ) ;
#1879 = CARTESIAN_POINT ( 'NONE',  ( 34.86363070808850750, -3.001964123650242566, 7.300069659286994472 ) ) ;
#1880 = ORIENTED_EDGE ( 'NONE', *, *, #5652, .F. ) ;
#1881 = VERTEX_POINT ( 'NONE', #6130 ) ;
#1882 = ORIENTED_EDGE ( 'NONE', *, *, #1031, .T. ) ;
#1883 = DIRECTION ( 'NONE',  ( 1.000000000000000000, -0.000000000000000000, -0.000000000000000000 ) ) ;
#1884 = CARTESIAN_POINT ( 'NONE',  ( -51.10000000000000853, -4.214261501141111310, 9.500000000000008882 ) ) ;
#1885 = ADVANCED_FACE ( 'NONE', ( #808 ), #1864, .F. ) ;
#1886 = CARTESIAN_POINT ( 'NONE',  ( -51.97786632896103498, 4.477030072238422420, 13.99564497812624175 ) ) ;
#1887 = EDGE_CURVE ( 'NONE', #5337, #5215, #2175, .T. ) ;
#1888 = DIRECTION ( 'NONE',  ( 0.8619342151577695788, -0.5070201265633936805, 0.000000000000000000 ) ) ;
#1889 = DIRECTION ( 'NONE',  ( 1.000000000000000000, 0.000000000000000000, 0.000000000000000000 ) ) ;
#1890 = B_SPLINE_CURVE_WITH_KNOTS ( 'NONE', 3,
 ( #5939, #1664, #6413, #4936, #1389, #6991, #4028, #2311, #952, #6354 ),
 .UNSPECIFIED., .F., .F.,
 ( 4, 2, 2, 2, 4 ),
 ( 0.002481342518860796872, 0.004199716692671781083, 0.005058903779577273406, 0.005488497323030021302, 0.005918090866482770065 ),
 .UNSPECIFIED. ) ;
#1891 = CARTESIAN_POINT ( 'NONE',  ( 9.500000000000005329, 18.85654776181612746, 9.143452238183874314 ) ) ;
#1892 = CARTESIAN_POINT ( 'NONE',  ( 13.47231742865047899, -30.60451915961736447, 5.695626184977711226 ) ) ;
#1893 = DIRECTION ( 'NONE',  ( 0.000000000000000000, -1.000000000000000000, 0.000000000000000000 ) ) ;
#1894 = EDGE_LOOP ( 'NONE', ( #3766, #7664 ) ) ;
#1895 = CARTESIAN_POINT ( 'NONE',  ( -31.98294145263375654, 8.679561423895050254, 11.49253623220491427 ) ) ;
#1896 = DIRECTION ( 'NONE',  ( 1.000000000000000000, 0.000000000000000000, 0.000000000000000000 ) ) ;
#1897 = DIRECTION ( 'NONE',  ( 2.668805347656626678E-16, -1.000000000000000000, 0.000000000000000000 ) ) ;
#1898 = CARTESIAN_POINT ( 'NONE',  ( 20.71778695723699215, -22.86193421515775981, 5.000000000000000000 ) ) ;
#1899 = CARTESIAN_POINT ( 'NONE',  ( 30.34601383853272694, 10.28075000627987734, 10.16579474337662781 ) ) ;
#1900 = ORIENTED_EDGE ( 'NONE', *, *, #2126, .F. ) ;
#1901 = ORIENTED_EDGE ( 'NONE', *, *, #5531, .F. ) ;
#1902 = B_SPLINE_CURVE_WITH_KNOTS ( 'NONE', 3,
 ( #3752, #6108, #4840, #7243, #2585, #1956 ),
 .UNSPECIFIED., .F., .F.,
 ( 4, 2, 4 ),
 ( 0.000000000000000000, 0.001240671259430401255, 0.002481342518860796872 ),
 .UNSPECIFIED. ) ;
#1903 = DIRECTION ( 'NONE',  ( 0.5070201265633943466, -0.8619342151577692457, 0.000000000000000000 ) ) ;
#1904 = CARTESIAN_POINT ( 'NONE',  ( -44.52738231681168912, -0.2773294426433748350, 6.733122453638388016 ) ) ;
#1905 = CIRCLE ( 'NONE', #7255, 2.600000000000000089 ) ;
#1906 = EDGE_CURVE ( 'NONE', #2681, #1091, #6173, .T. ) ;
#1907 = VERTEX_POINT ( 'NONE', #3388 ) ;
#1908 = B_SPLINE_CURVE_WITH_KNOTS ( 'NONE', 3,
 ( #6279, #7490, #6989, #424, #2824, #4576, #6234, #6911, #4026, #913 ),
 .UNSPECIFIED., .F., .F.,
 ( 4, 2, 2, 2, 4 ),
 ( 0.002152093997371130017, 0.003657236037463312741, 0.004409807057509403452, 0.004786092567532459000, 0.005162378077555515414 ),
 .UNSPECIFIED. ) ;
#1909 = LINE ( 'NONE', #1293, #4408 ) ;
#1910 = DIRECTION ( 'NONE',  ( -1.000000000000000000, 2.312964634635741478E-16, 0.000000000000000000 ) ) ;
#1911 = VECTOR ( 'NONE', #2803, 1000.000000000000000 ) ;
#1912 = VECTOR ( 'NONE', #4627, 1000.000000000000000 ) ;
#1913 = EDGE_CURVE ( 'NONE', #1985, #2021, #1519, .T. ) ;
#1914 = DIRECTION ( 'NONE',  ( -1.000000000000000000, -2.668805347656626678E-16, 0.000000000000000000 ) ) ;
#1915 = VERTEX_POINT ( 'NONE', #5061 ) ;
#1916 = ORIENTED_EDGE ( 'NONE', *, *, #4844, .F. ) ;
#1917 = ORIENTED_EDGE ( 'NONE', *, *, #7029, .T. ) ;
#1918 = VECTOR ( 'NONE', #5921, 1000.000000000000000 ) ;
#1919 = ORIENTED_EDGE ( 'NONE', *, *, #3883, .T. ) ;
#1920 = VECTOR ( 'NONE', #870, 1000.000000000000000 ) ;
#1921 = CARTESIAN_POINT ( 'NONE',  ( 35.20000000000002416, 0.3475947746976878472, 15.25091358929041796 ) ) ;
#1922 = DIRECTION ( 'NONE',  ( -1.000000000000000000, 0.000000000000000000, -0.000000000000000000 ) ) ;
#1923 = LINE ( 'NONE', #3685, #2411 ) ;
#1924 = CARTESIAN_POINT ( 'NONE',  ( -52.10000000000000853, -9.567667171349009773E-15, 12.00000000000000000 ) ) ;
#1925 = CARTESIAN_POINT ( 'NONE',  ( -31.93396185097918050, -8.736144291016454844, 11.74632891399449086 ) ) ;
#1926 = AXIS2_PLACEMENT_3D ( 'NONE', #1634, #6999, #1039 ) ;
#1927 = CARTESIAN_POINT ( 'NONE',  ( 12.96962459656658950, -30.90022082554907001, 19.31699427450815776 ) ) ;
#1928 = CYLINDRICAL_SURFACE ( 'NONE', #7313, 2.000000000000000000 ) ;
#1929 = VERTEX_POINT ( 'NONE', #5015 ) ;
#1930 = CYLINDRICAL_SURFACE ( 'NONE', #6792, 2.900000000000003464 ) ;
#1931 = VERTEX_POINT ( 'NONE', #1562 ) ;
#1932 = ADVANCED_FACE ( 'NONE', ( #6304 ), #2100, .F. ) ;
#1933 = VERTEX_POINT ( 'NONE', #2802 ) ;
#1934 = VECTOR ( 'NONE', #5431, 1000.000000000000000 ) ;
#1935 = AXIS2_PLACEMENT_3D ( 'NONE', #6089, #5473, #6726 ) ;
#1936 = DIRECTION ( 'NONE',  ( -1.387778780781445676E-16, -1.379605977354753764E-32, -1.000000000000000000 ) ) ;
#1937 = CARTESIAN_POINT ( 'NONE',  ( -32.65811200763522493, 7.827624048074979690, 10.45430067367095006 ) ) ;
#1938 = CARTESIAN_POINT ( 'NONE',  ( -35.19999999999999574, -1.734723475976807094E-15, 19.00000000000000000 ) ) ;
#1939 = CARTESIAN_POINT ( 'NONE',  ( -33.34166401432235460, -6.792384971019575168, 13.75000000000001421 ) ) ;
#1940 = DIRECTION ( 'NONE',  ( -2.815536131330090089E-16, 1.000000000000000000, 0.000000000000000000 ) ) ;
#1941 = DIRECTION ( 'NONE',  ( -0.000000000000000000, -0.000000000000000000, -1.000000000000000000 ) ) ;
#1942 = AXIS2_PLACEMENT_3D ( 'NONE', #3503, #5866, #551 ) ;
#1943 = CIRCLE ( 'NONE', #353, 3.750000000000000000 ) ;
#1944 = VERTEX_POINT ( 'NONE', #5750 ) ;
#1945 = ORIENTED_EDGE ( 'NONE', *, *, #6235, .F. ) ;
#1946 = ORIENTED_EDGE ( 'NONE', *, *, #7568, .T. ) ;
#1947 = VECTOR ( 'NONE', #125, 1000.000000000000000 ) ;
#1948 = AXIS2_PLACEMENT_3D ( 'NONE', #2124, #2663, #1003 ) ;
#1949 = DIRECTION ( 'NONE',  ( -1.000000000000000000, -0.000000000000000000, -0.000000000000000000 ) ) ;
#1950 = CARTESIAN_POINT ( 'NONE',  ( -21.91421356237308160, 18.58578643762690774, 9.414213562373094035 ) ) ;
#1951 = CARTESIAN_POINT ( 'NONE',  ( -41.30869295126966279, 1.014706925021154227, 20.43111223696499223 ) ) ;
#1952 = AXIS2_PLACEMENT_3D ( 'NONE', #2188, #2149, #3945 ) ;
#1953 = ORIENTED_EDGE ( 'NONE', *, *, #2739, .T. ) ;
#1954 = CARTESIAN_POINT ( 'NONE',  ( 37.89999999999999147, 7.000000000000003553, 12.00000000000000000 ) ) ;
#1955 = DIRECTION ( 'NONE',  ( 2.668805347656626678E-16, -1.000000000000000000, 0.000000000000000000 ) ) ;
#1956 = CARTESIAN_POINT ( 'NONE',  ( -11.83431754716828799, -31.99999999999884892, 7.391561154329337135 ) ) ;
#1957 = VECTOR ( 'NONE', #6382, 1000.000000000000000 ) ;
#1958 = DIRECTION ( 'NONE',  ( 1.000000000000000000, -1.734723475976803150E-15, 0.000000000000000000 ) ) ;
#1959 = VERTEX_POINT ( 'NONE', #4473 ) ;
#1960 = VERTEX_POINT ( 'NONE', #4429 ) ;
#1961 = ORIENTED_EDGE ( 'NONE', *, *, #1877, .T. ) ;
#1962 = ORIENTED_EDGE ( 'NONE', *, *, #3631, .T. ) ;
#1963 = AXIS2_PLACEMENT_3D ( 'NONE', #1630, #2080, #878 ) ;
#1964 = DIRECTION ( 'NONE',  ( -1.387778780781445676E-16, -1.379605977354753764E-32, -1.000000000000000000 ) ) ;
#1965 = EDGE_CURVE ( 'NONE', #234, #3845, #4553, .T. ) ;
#1966 = CARTESIAN_POINT ( 'NONE',  ( -51.10000000000000853, 1.469693845669912236, 9.500000000000005329 ) ) ;
#1967 = CARTESIAN_POINT ( 'NONE',  ( -52.10000000000000853, -4.664761515876251430, 13.50000000000000533 ) ) ;
#1968 = CARTESIAN_POINT ( 'NONE',  ( -34.74999999999998579, -13.50000000000002665, 24.00000000000000000 ) ) ;
#1969 = CARTESIAN_POINT ( 'NONE',  ( -43.97466052300936212, -5.704604904256423303, 13.18218827892651035 ) ) ;
#1970 = PLANE ( 'NONE',  #469 ) ;
#1971 = ORIENTED_EDGE ( 'NONE', *, *, #2561, .F. ) ;
#1972 = CARTESIAN_POINT ( 'NONE',  ( 34.75000000000000000, -13.50000000000000178, 0.000000000000000000 ) ) ;
#1973 = EDGE_CURVE ( 'NONE', #4728, #1822, #7233, .T. ) ;
#1974 = ADVANCED_FACE ( 'NONE', ( #3350 ), #6855, .F. ) ;
#1975 = ADVANCED_FACE ( 'NONE', ( #2013 ), #5716, .F. ) ;
#1976 = CARTESIAN_POINT ( 'NONE',  ( -7.500000000000001776, 22.00000000000001066, 24.00000000000000711 ) ) ;
#1977 = CARTESIAN_POINT ( 'NONE',  ( -33.07727863116537037, 7.219912923943796912, 10.25000000000000000 ) ) ;
#1978 = CARTESIAN_POINT ( 'NONE',  ( -44.55000000000006111, -0.1410201973104542594, 17.25000000000000000 ) ) ;
#1979 = DIRECTION ( 'NONE',  ( 1.000000000000000000, 2.668805347656626678E-16, -0.000000000000000000 ) ) ;
#1980 = DIRECTION ( 'NONE',  ( 2.775557561562891351E-16, 2.759211954709507528E-32, 1.000000000000000000 ) ) ;
#1981 = CARTESIAN_POINT ( 'NONE',  ( -41.05000000000001847, -1.520410286126020388E-15, 20.75000000000000000 ) ) ;
#1982 = ORIENTED_EDGE ( 'NONE', *, *, #4611, .F. ) ;
#1983 = ORIENTED_EDGE ( 'NONE', *, *, #5229, .F. ) ;
#1984 = ORIENTED_EDGE ( 'NONE', *, *, #294, .T. ) ;
#1985 = VERTEX_POINT ( 'NONE', #7472 ) ;
#1986 = ADVANCED_FACE ( 'NONE', ( #4382 ), #2139, .F. ) ;
#1987 = EDGE_CURVE ( 'NONE', #892, #6314, #6889, .T. ) ;
#1988 = LINE ( 'NONE', #1026, #2087 ) ;
#1989 = CARTESIAN_POINT ( 'NONE',  ( -44.55000000000003979, 5.250000000000003553, 12.00000000000000000 ) ) ;
#1990 = CYLINDRICAL_SURFACE ( 'NONE', #1599, 3.750000000000001776 ) ;
#1991 = DIRECTION ( 'NONE',  ( -0.000000000000000000, -0.000000000000000000, -1.000000000000000000 ) ) ;
#1992 = EDGE_LOOP ( 'NONE', ( #1945, #1155, #4678, #2829 ) ) ;
#1993 = CARTESIAN_POINT ( 'NONE',  ( -26.90000000000000924, -3.000000000000004441, 24.00000000000000000 ) ) ;
#1994 = CARTESIAN_POINT ( 'NONE',  ( -43.39325651644094961, 6.212425487223363518, 13.56619507452668927 ) ) ;
#1995 = CARTESIAN_POINT ( 'NONE',  ( -44.90000000000004832, -4.900000000000010125, 12.00000000000000000 ) ) ;
#1996 = ORIENTED_EDGE ( 'NONE', *, *, #3694, .T. ) ;
#1997 = ORIENTED_EDGE ( 'NONE', *, *, #1906, .F. ) ;
#1998 = EDGE_LOOP ( 'NONE', ( #3317, #467, #431, #2623, #4845, #1538, #2063, #7052, #7676, #7225, #6595, #2193 ) ) ;
#1999 = ORIENTED_EDGE ( 'NONE', *, *, #3842, .T. ) ;
#2000 = CARTESIAN_POINT ( 'NONE',  ( 34.87835020859235158, 2.925799542778857898, 16.63081988631460106 ) ) ;
#2001 = CARTESIAN_POINT ( 'NONE',  ( -39.89999999999999858, -10.92893218813451739, 24.00000000000000000 ) ) ;
#2002 = CARTESIAN_POINT ( 'NONE',  ( 11.73301642589317240, -32.13273018646913926, 7.556842788812919487 ) ) ;
#2003 = DIRECTION ( 'NONE',  ( -2.668805347656626678E-16, 1.000000000000000000, 0.000000000000000000 ) ) ;
#2004 = CARTESIAN_POINT ( 'NONE',  ( -35.09704506566745152, -1.661624120408026872, 4.439153544441559518 ) ) ;
#2005 = DIRECTION ( 'NONE',  ( 7.228014483236693351E-17, -1.000000000000000000, 0.000000000000000000 ) ) ;
#2006 = CARTESIAN_POINT ( 'NONE',  ( -35.12783511428881411, 1.394533561296509738, 6.063328896651853483 ) ) ;
#2007 = ORIENTED_EDGE ( 'NONE', *, *, #5099, .T. ) ;
#2008 = LINE ( 'NONE', #3259, #6948 ) ;
#2009 = EDGE_CURVE ( 'NONE', #7251, #5024, #895, .T. ) ;
#2010 = VERTEX_POINT ( 'NONE', #5626 ) ;
#2011 = EDGE_CURVE ( 'NONE', #7374, #1007, #6562, .T. ) ;
#2012 = CARTESIAN_POINT ( 'NONE',  ( -51.74873921103974084, -1.809024329207267856, 14.27056592741835850 ) ) ;
#2013 = FACE_OUTER_BOUND ( 'NONE', #377, .T. ) ;
#2014 = CARTESIAN_POINT ( 'NONE',  ( -52.10000000000001563, 2.399552530515488336, 13.63631149331882675 ) ) ;
#2015 = DIRECTION ( 'NONE',  ( 9.941108744852765039E-17, -1.000000000000000000, -0.000000000000000000 ) ) ;
#2016 = CARTESIAN_POINT ( 'NONE',  ( -11.09999999999999076, -32.00000000000000000, -5.500000000000001776 ) ) ;
#2017 = CARTESIAN_POINT ( 'NONE',  ( 39.89999999999999147, -7.000000000000000888, 12.00000000000000000 ) ) ;
#2018 = EDGE_CURVE ( 'NONE', #7427, #17, #480, .T. ) ;
#2019 = CARTESIAN_POINT ( 'NONE',  ( -43.59385071505326437, -6.031706156771400984, 10.53861326281820965 ) ) ;
#2020 = ORIENTED_EDGE ( 'NONE', *, *, #6150, .F. ) ;
#2021 = VERTEX_POINT ( 'NONE', #2369 ) ;
#2022 = DIRECTION ( 'NONE',  ( 1.000000000000000000, 0.000000000000000000, 0.000000000000000000 ) ) ;
#2023 = CARTESIAN_POINT ( 'NONE',  ( -41.05000000000002558, -8.750000000000000000, 12.00000000000000000 ) ) ;
#2024 = DIRECTION ( 'NONE',  ( 1.000000000000000000, 0.000000000000000000, 0.000000000000000000 ) ) ;
#2025 = CARTESIAN_POINT ( 'NONE',  ( -41.05000000000001847, -6.098626466384439160E-16, 3.250000000000000000 ) ) ;
#2026 = EDGE_CURVE ( 'NONE', #4108, #6278, #7117, .T. ) ;
#2027 = VERTEX_POINT ( 'NONE', #3535 ) ;
#2028 = VECTOR ( 'NONE', #3967, 1000.000000000000000 ) ;
#2029 = LINE ( 'NONE', #5038, #6021 ) ;
#2030 = DIRECTION ( 'NONE',  ( 0.000000000000000000, 0.000000000000000000, 1.000000000000000000 ) ) ;
#2031 = DIRECTION ( 'NONE',  ( 2.815536131330090089E-16, -1.000000000000000000, 0.000000000000000000 ) ) ;
#2032 = VECTOR ( 'NONE', #5727, 1000.000000000000000 ) ;
#2033 = DIRECTION ( 'NONE',  ( 1.000000000000000000, 0.000000000000000000, 0.000000000000000000 ) ) ;
#2034 = VECTOR ( 'NONE', #1307, 1000.000000000000000 ) ;
#2035 = EDGE_LOOP ( 'NONE', ( #5250, #660, #6840, #6033, #4125, #6648, #6622, #5114, #6232, #3824 ) ) ;
#2036 = VERTEX_POINT ( 'NONE', #5290 ) ;
#2037 = ORIENTED_EDGE ( 'NONE', *, *, #7268, .F. ) ;
#2038 = ORIENTED_EDGE ( 'NONE', *, *, #7383, .F. ) ;
#2039 = DIRECTION ( 'NONE',  ( 0.000000000000000000, 1.000000000000000000, 0.000000000000000000 ) ) ;
#2040 = CIRCLE ( 'NONE', #6402, 1.000000000000000888 ) ;
#2041 = AXIS2_PLACEMENT_3D ( 'NONE', #5281, #475, #5784 ) ;
#2042 = CARTESIAN_POINT ( 'NONE',  ( 8.100000000000019185, -17.99999999999999645, 5.000000000000000000 ) ) ;
#2043 = DIRECTION ( 'NONE',  ( 0.000000000000000000, 0.000000000000000000, -1.000000000000000000 ) ) ;
#2044 = DIRECTION ( 'NONE',  ( -0.000000000000000000, -0.000000000000000000, -1.000000000000000000 ) ) ;
#2045 = CARTESIAN_POINT ( 'NONE',  ( -35.13525305468017024, -1.322782941534171419, 3.848496869188028136 ) ) ;
#2046 = CARTESIAN_POINT ( 'NONE',  ( 9.500000000000007105, 20.00000000000000000, 1.999999999999998224 ) ) ;
#2047 = CARTESIAN_POINT ( 'NONE',  ( -23.32842712474619162, 19.99999999999999645, 2.000000000000001776 ) ) ;
#2048 = ORIENTED_EDGE ( 'NONE', *, *, #301, .T. ) ;
#2049 = CARTESIAN_POINT ( 'NONE',  ( 20.21076683067359880, -20.99999999999998934, 5.000000000000000888 ) ) ;
#2050 = CIRCLE ( 'NONE', #3667, 3.750000000000000000 ) ;
#2051 = VECTOR ( 'NONE', #3005, 1000.000000000000000 ) ;
#2052 = CARTESIAN_POINT ( 'NONE',  ( -47.10000000000000853, -4.214261501141110422, 9.500000000000008882 ) ) ;
#2053 = AXIS2_PLACEMENT_3D ( 'NONE', #1778, #5944, #2993 ) ;
#2054 = DIRECTION ( 'NONE',  ( -0.000000000000000000, -0.000000000000000000, 1.000000000000000000 ) ) ;
#2055 = CARTESIAN_POINT ( 'NONE',  ( -33.07915326354110164, 7.216881524353880195, 13.74999999999999467 ) ) ;
#2056 = LINE ( 'NONE', #484, #7416 ) ;
#2057 = CARTESIAN_POINT ( 'NONE',  ( -34.01313434488093179, -5.500894734477693504, 11.06517442403546525 ) ) ;
#2058 = ADVANCED_FACE ( 'NONE', ( #5862 ), #3499, .F. ) ;
#2059 = FACE_OUTER_BOUND ( 'NONE', #6686, .T. ) ;
#2060 = CARTESIAN_POINT ( 'NONE',  ( -32.82893218813453728, 20.00000000000000000, 24.00000000000000000 ) ) ;
#2061 = ORIENTED_EDGE ( 'NONE', *, *, #1677, .T. ) ;
#2062 = VECTOR ( 'NONE', #2031, 1000.000000000000000 ) ;
#2063 = ORIENTED_EDGE ( 'NONE', *, *, #2449, .T. ) ;
#2064 = ORIENTED_EDGE ( 'NONE', *, *, #5785, .F. ) ;
#2065 = ORIENTED_EDGE ( 'NONE', *, *, #84, .F. ) ;
#2066 = CARTESIAN_POINT ( 'NONE',  ( 39.89999999999999147, -7.000000000000000888, 12.00000000000000000 ) ) ;
#2067 = ADVANCED_FACE ( 'NONE', ( #2878 ), #5946, .T. ) ;
#2068 = DIRECTION ( 'NONE',  ( -0.000000000000000000, -0.000000000000000000, -1.000000000000000000 ) ) ;
#2069 = VECTOR ( 'NONE', #5768, 1000.000000000000000 ) ;
#2070 = CARTESIAN_POINT ( 'NONE',  ( -8.261061366972646018E-15, 13.29999999999999893, 12.00000000000000000 ) ) ;
#2071 = VECTOR ( 'NONE', #5188, 1000.000000000000000 ) ;
#2072 = CARTESIAN_POINT ( 'NONE',  ( 17.89999999999998792, 7.000000000000004441, 15.75000000000000000 ) ) ;
#2073 = ORIENTED_EDGE ( 'NONE', *, *, #6028, .F. ) ;
#2074 = EDGE_CURVE ( 'NONE', #6878, #998, #3450, .T. ) ;
#2075 = CIRCLE ( 'NONE', #6670, 3.750000000000000000 ) ;
#2076 = CARTESIAN_POINT ( 'NONE',  ( -9.900000000000012790, -12.00000000000000355, 21.00000000000000000 ) ) ;
#2077 = PLANE ( 'NONE',  #1297 ) ;
#2078 = CARTESIAN_POINT ( 'NONE',  ( 29.82999735836644462, -10.68242048266222355, 12.72222896080759469 ) ) ;
#2079 = EDGE_CURVE ( 'NONE', #3489, #2958, #7173, .T. ) ;
#2080 = DIRECTION ( 'NONE',  ( -0.000000000000000000, 0.000000000000000000, -1.000000000000000000 ) ) ;
#2081 = CIRCLE ( 'NONE', #2844, 1.000000000000000888 ) ;
#2082 = ORIENTED_EDGE ( 'NONE', *, *, #3021, .F. ) ;
#2083 = AXIS2_PLACEMENT_3D ( 'NONE', #5925, #7610, #608 ) ;
#2084 = VERTEX_POINT ( 'NONE', #5793 ) ;
#2085 = ORIENTED_EDGE ( 'NONE', *, *, #4988, .F. ) ;
#2086 = DIRECTION ( 'NONE',  ( 0.000000000000000000, 0.000000000000000000, -1.000000000000000000 ) ) ;
#2087 = VECTOR ( 'NONE', #7633, 1000.000000000000000 ) ;
#2088 = LINE ( 'NONE', #6921, #6679 ) ;
#2089 = CARTESIAN_POINT ( 'NONE',  ( -51.97774947983324978, -4.476878839404383470, 13.99602929697239340 ) ) ;
#2090 = LINE ( 'NONE', #2168, #2469 ) ;
#2091 = EDGE_CURVE ( 'NONE', #7279, #5578, #549, .T. ) ;
#2092 = EDGE_CURVE ( 'NONE', #3494, #4572, #935, .T. ) ;
#2093 = CARTESIAN_POINT ( 'NONE',  ( -35.19999999999999574, -0.01000000000000653144, 6.749971428338193746 ) ) ;
#2094 = CARTESIAN_POINT ( 'NONE',  ( -15.85515533723177306, -29.20284980162833932, 5.000000000000000000 ) ) ;
#2095 = CARTESIAN_POINT ( 'NONE',  ( -35.11300443990746345, 1.530659027471270361, 18.12185546398561087 ) ) ;
#2096 = ORIENTED_EDGE ( 'NONE', *, *, #1024, .F. ) ;
#2097 = CARTESIAN_POINT ( 'NONE',  ( 35.08339411967019572, -1.772502676396211285, 15.69121425924193503 ) ) ;
#2098 = VECTOR ( 'NONE', #2732, 1000.000000000000000 ) ;
#2099 = CARTESIAN_POINT ( 'NONE',  ( -11.50000000000000000, 24.00000000000000355, 5.000000000000005329 ) ) ;
#2100 = CYLINDRICAL_SURFACE ( 'NONE', #1708, 1.000000000000000888 ) ;
#2101 = CARTESIAN_POINT ( 'NONE',  ( -33.21327386202774790, 7.000000000000004441, 13.75000000000000000 ) ) ;
#2102 = CARTESIAN_POINT ( 'NONE',  ( 15.81253292872706417, -35.02882854878289720, 19.50000000000000000 ) ) ;
#2103 = FACE_BOUND ( 'NONE', #610, .T. ) ;
#2104 = DIRECTION ( 'NONE',  ( -3.469446951953613696E-16, -1.000000000000000000, 0.000000000000000000 ) ) ;
#2105 = DIRECTION ( 'NONE',  ( 0.000000000000000000, -0.000000000000000000, 1.000000000000000000 ) ) ;
#2106 = ORIENTED_EDGE ( 'NONE', *, *, #5678, .F. ) ;
#2107 = VERTEX_POINT ( 'NONE', #4148 ) ;
#2108 = ADVANCED_FACE ( 'NONE', ( #2336 ), #3466, .F. ) ;
#2109 = ORIENTED_EDGE ( 'NONE', *, *, #1874, .T. ) ;
#2110 = EDGE_LOOP ( 'NONE', ( #5597, #2505, #7287, #4371 ) ) ;
#2111 = CARTESIAN_POINT ( 'NONE',  ( -4.828932188134533732, 20.00000000000000355, 14.00000000000000000 ) ) ;
#2112 = DIRECTION ( 'NONE',  ( 0.000000000000000000, -1.000000000000000000, 0.000000000000000000 ) ) ;
#2113 = CARTESIAN_POINT ( 'NONE',  ( -34.89999999999999858, -18.00000000000000355, 24.00000000000000000 ) ) ;
#2114 = CARTESIAN_POINT ( 'NONE',  ( -39.90000000000000568, -6.098637220230962441E-16, 5.000000000000000000 ) ) ;
#2115 = CARTESIAN_POINT ( 'NONE',  ( -8.100000000000013856, -0.000000000000000000, 5.000000000000000000 ) ) ;
#2116 = LINE ( 'NONE', #5158, #1466 ) ;
#2117 = EDGE_LOOP ( 'NONE', ( #6225, #3051, #6714, #290, #466 ) ) ;
#2118 = ADVANCED_FACE ( 'NONE', ( #1158 ), #7557, .F. ) ;
#2119 = VERTEX_POINT ( 'NONE', #6425 ) ;
#2120 = DIRECTION ( 'NONE',  ( 0.000000000000000000, 0.000000000000000000, -1.000000000000000000 ) ) ;
#2121 = FACE_OUTER_BOUND ( 'NONE', #2990, .T. ) ;
#2122 = CARTESIAN_POINT ( 'NONE',  ( 30.49852009336813552, -10.15435544398774681, 9.958087667301578350 ) ) ;
#2123 = EDGE_CURVE ( 'NONE', #903, #3906, #3572, .T. ) ;
#2124 = CARTESIAN_POINT ( 'NONE',  ( -52.10000000000000142, -43.10000000000001563, 14.50000000000000355 ) ) ;
#2125 = ORIENTED_EDGE ( 'NONE', *, *, #5669, .F. ) ;
#2126 = EDGE_CURVE ( 'NONE', #1813, #6790, #5199, .T. ) ;
#2127 = EDGE_CURVE ( 'NONE', #3163, #7426, #5468, .T. ) ;
#2128 = ORIENTED_EDGE ( 'NONE', *, *, #4566, .F. ) ;
#2129 = ORIENTED_EDGE ( 'NONE', *, *, #1887, .T. ) ;
#2130 = DIRECTION ( 'NONE',  ( -2.775557561562891351E-16, -2.759211954709507528E-32, -1.000000000000000000 ) ) ;
#2131 = CARTESIAN_POINT ( 'NONE',  ( 37.89999999999999147, -1.734723475976807094E-15, 19.00000000000000000 ) ) ;
#2132 = DIRECTION ( 'NONE',  ( -1.000000000000000000, 3.958748233630339645E-17, 0.000000000000000000 ) ) ;
#2133 = CARTESIAN_POINT ( 'NONE',  ( -35.11300443990745634, -1.530659027471288125, 5.878144536014366039 ) ) ;
#2134 = LINE ( 'NONE', #6885, #3964 ) ;
#2135 = ORIENTED_EDGE ( 'NONE', *, *, #1309, .T. ) ;
#2136 = CARTESIAN_POINT ( 'NONE',  ( 35.15117636213245333, -1.159501669711219485, 15.42986110397885824 ) ) ;
#2137 = EDGE_CURVE ( 'NONE', #1881, #5056, #6014, .T. ) ;
#2138 = CARTESIAN_POINT ( 'NONE',  ( -51.10000000000000853, -1.469693845669918453, 14.50000000000000178 ) ) ;
#2139 = CYLINDRICAL_SURFACE ( 'NONE', #3821, 1.749999999999999778 ) ;
#2140 = DIRECTION ( 'NONE',  ( 0.000000000000000000, 0.000000000000000000, -1.000000000000000000 ) ) ;
#2141 = CARTESIAN_POINT ( 'NONE',  ( 34.68712358021287656, 3.667943129427331694, 10.26068593146581165 ) ) ;
#2142 = CYLINDRICAL_SURFACE ( 'NONE', #6325, 1.749999999999999778 ) ;
#2143 = CARTESIAN_POINT ( 'NONE',  ( -10.90000000000001457, -12.00000000000000355, 24.00000000000000000 ) ) ;
#2144 = EDGE_LOOP ( 'NONE', ( #5772, #948 ) ) ;
#2145 = ORIENTED_EDGE ( 'NONE', *, *, #5085, .T. ) ;
#2146 = ORIENTED_EDGE ( 'NONE', *, *, #5312, .F. ) ;
#2147 = DIRECTION ( 'NONE',  ( 1.000000000000000000, -0.000000000000000000, -0.000000000000000000 ) ) ;
#2148 = FACE_OUTER_BOUND ( 'NONE', #2853, .T. ) ;
#2149 = DIRECTION ( 'NONE',  ( -0.000000000000000000, 0.000000000000000000, -1.000000000000000000 ) ) ;
#2150 = CARTESIAN_POINT ( 'NONE',  ( -8.500000000000003553, 18.00000000000000355, 5.000000000000004441 ) ) ;
#2151 = DIRECTION ( 'NONE',  ( 1.000000000000000000, -0.000000000000000000, -0.000000000000000000 ) ) ;
#2152 = LINE ( 'NONE', #2072, #1832 ) ;
#2153 = ORIENTED_EDGE ( 'NONE', *, *, #2315, .F. ) ;
#2154 = ORIENTED_EDGE ( 'NONE', *, *, #6462, .T. ) ;
#2155 = CARTESIAN_POINT ( 'NONE',  ( -9.750000000000000000, 24.00000000000000355, 5.000000000000004441 ) ) ;
#2156 = CARTESIAN_POINT ( 'NONE',  ( -47.10000000000000142, -43.10000000000001563, 13.50000000000000533 ) ) ;
#2157 = CARTESIAN_POINT ( 'NONE',  ( 32.57692467432407568, -7.956528027261997593, 8.344656287693632990 ) ) ;
#2158 = DIRECTION ( 'NONE',  ( 0.000000000000000000, 0.000000000000000000, -1.000000000000000000 ) ) ;
#2159 = EDGE_CURVE ( 'NONE', #6713, #428, #4447, .T. ) ;
#2160 = ORIENTED_EDGE ( 'NONE', *, *, #5065, .T. ) ;
#2161 = ORIENTED_EDGE ( 'NONE', *, *, #1218, .F. ) ;
#2162 = ORIENTED_EDGE ( 'NONE', *, *, #295, .T. ) ;
#2163 = DIRECTION ( 'NONE',  ( -0.000000000000000000, 0.000000000000000000, -1.000000000000000000 ) ) ;
#2164 = LINE ( 'NONE', #972, #4806 ) ;
#2165 = PLANE ( 'NONE',  #4896 ) ;
#2166 = EDGE_CURVE ( 'NONE', #3061, #5045, #5545, .T. ) ;
#2167 = AXIS2_PLACEMENT_3D ( 'NONE', #3943, #2068, #2612 ) ;
#2168 = CARTESIAN_POINT ( 'NONE',  ( 14.91596253876791955, -26.27477210837486510, 5.000000000000007994 ) ) ;
#2169 = VECTOR ( 'NONE', #40, 1000.000000000000000 ) ;
#2170 = CARTESIAN_POINT ( 'NONE',  ( -22.79090492061680706, 17.99999999999999645, 10.29090492061680884 ) ) ;
#2171 = ORIENTED_EDGE ( 'NONE', *, *, #505, .T. ) ;
#2172 = AXIS2_PLACEMENT_3D ( 'NONE', #678, #6597, #7651 ) ;
#2173 = CIRCLE ( 'NONE', #4660, 2.000000000000001776 ) ;
#2174 = CARTESIAN_POINT ( 'NONE',  ( -41.05000000000001847, 0.1388734178596774671, 3.250000000000000888 ) ) ;
#2175 = LINE ( 'NONE', #1611, #6666 ) ;
#2176 = FACE_OUTER_BOUND ( 'NONE', #5995, .T. ) ;
#2177 = CIRCLE ( 'NONE', #2304, 1.749999999999999778 ) ;
#2178 = CARTESIAN_POINT ( 'NONE',  ( 33.83248985503323780, 5.886932479918375982, 8.411150085582532299 ) ) ;
#2179 = CYLINDRICAL_SURFACE ( 'NONE', #4321, 1.000000000000000000 ) ;
#2180 = CIRCLE ( 'NONE', #4785, 2.000000000000000000 ) ;
#2181 = LINE ( 'NONE', #2769, #689 ) ;
#2182 = CARTESIAN_POINT ( 'NONE',  ( 3.918869757271530263E-15, -32.00000000000000000, 19.50000000000000000 ) ) ;
#2183 = ORIENTED_EDGE ( 'NONE', *, *, #2318, .T. ) ;
#2184 = ORIENTED_EDGE ( 'NONE', *, *, #400, .T. ) ;
#2185 = CYLINDRICAL_SURFACE ( 'NONE', #4672, 1.749999999999999778 ) ;
#2186 = VECTOR ( 'NONE', #1964, 1000.000000000000000 ) ;
#2187 = TOROIDAL_SURFACE ( 'NONE', #7534, 16.09999999999999787, 5.000000000000000000 ) ;
#2188 = CARTESIAN_POINT ( 'NONE',  ( -32.99999999999998579, -13.50000000000002665, 24.00000000000000000 ) ) ;
#2189 = DIRECTION ( 'NONE',  ( -1.000000000000000000, -7.228014483236695816E-17, 0.000000000000000000 ) ) ;
#2190 = CARTESIAN_POINT ( 'NONE',  ( -32.82893218813453728, 18.00000000000000000, 22.00000000000000000 ) ) ;
#2191 = VECTOR ( 'NONE', #3211, 1000.000000000000000 ) ;
#2192 = DIRECTION ( 'NONE',  ( 1.491166311727914324E-16, -1.000000000000000000, 0.000000000000000000 ) ) ;
#2193 = ORIENTED_EDGE ( 'NONE', *, *, #2530, .F. ) ;
#2194 = EDGE_LOOP ( 'NONE', ( #4871, #2937, #5325, #1631, #5105 ) ) ;
#2195 = DIRECTION ( 'NONE',  ( -2.775557561562891351E-16, -2.759211954709507528E-32, -1.000000000000000000 ) ) ;
#2196 = AXIS2_PLACEMENT_3D ( 'NONE', #6248, #6721, #277 ) ;
#2197 = AXIS2_PLACEMENT_3D ( 'NONE', #25, #3648, #2373 ) ;
#2198 = CARTESIAN_POINT ( 'NONE',  ( -32.82893218813453728, 19.99999999999999645, 12.00000000000000000 ) ) ;
#2199 = DIRECTION ( 'NONE',  ( 0.000000000000000000, 0.000000000000000000, 1.000000000000000000 ) ) ;
#2200 = CARTESIAN_POINT ( 'NONE',  ( 13.40894241220452443, -21.99999999999999289, 5.000000000000000000 ) ) ;
#2201 = CARTESIAN_POINT ( 'NONE',  ( 9.500000000000008882, 20.00260704231020625, 7.997392957689807069 ) ) ;
#2202 = ORIENTED_EDGE ( 'NONE', *, *, #52, .T. ) ;
#2203 = VERTEX_POINT ( 'NONE', #5395 ) ;
#2204 = VECTOR ( 'NONE', #3393, 1000.000000000000227 ) ;
#2205 = AXIS2_PLACEMENT_3D ( 'NONE', #5221, #4632, #5901 ) ;
#2206 = ORIENTED_EDGE ( 'NONE', *, *, #1346, .F. ) ;
#2207 = CARTESIAN_POINT ( 'NONE',  ( -44.90000000000004832, -7.646127321036250003E-15, 12.00000000000000000 ) ) ;
#2208 = FACE_OUTER_BOUND ( 'NONE', #4724, .T. ) ;
#2209 = FACE_OUTER_BOUND ( 'NONE', #6159, .T. ) ;
#2210 = CIRCLE ( 'NONE', #1094, 1.749999999999999778 ) ;
#2211 = LINE ( 'NONE', #1637, #5023 ) ;
#2212 = AXIS2_PLACEMENT_3D ( 'NONE', #4868, #2423, #6037 ) ;
#2213 = LINE ( 'NONE', #4042, #205 ) ;
#2214 = EDGE_LOOP ( 'NONE', ( #2588, #7361, #6672, #2171 ) ) ;
#2215 = CARTESIAN_POINT ( 'NONE',  ( 34.67100513036355380, -3.723179189984632931, 18.43989640560559096 ) ) ;
#2216 =( GEOMETRIC_REPRESENTATION_CONTEXT ( 3 ) GLOBAL_UNCERTAINTY_ASSIGNED_CONTEXT ( ( #2843 ) ) GLOBAL_UNIT_ASSIGNED_CONTEXT ( ( #3379, #3523, #2904 ) ) REPRESENTATION_CONTEXT ( 'NONE', 'WORKASPACE' ) );
#2217 = VECTOR ( 'NONE', #6510, 1000.000000000000000 ) ;
#2218 = DIRECTION ( 'NONE',  ( 1.000000000000000000, -0.000000000000000000, -0.000000000000000000 ) ) ;
#2219 = CARTESIAN_POINT ( 'NONE',  ( 39.89999999999999858, 18.00000000000001066, 19.99999999999999645 ) ) ;
#2220 = CARTESIAN_POINT ( 'NONE',  ( 21.21076683067359880, -21.99999999999999289, 0.000000000000000000 ) ) ;
#2221 = DIRECTION ( 'NONE',  ( 1.000000000000000000, 0.000000000000000000, 0.000000000000000000 ) ) ;
#2222 = CARTESIAN_POINT ( 'NONE',  ( 3.918869757271530263E-15, -32.00000000000000000, 10.00000000000000000 ) ) ;
#2223 = DIRECTION ( 'NONE',  ( -1.000000000000000000, 0.000000000000000000, 0.000000000000000000 ) ) ;
#2224 = EDGE_CURVE ( 'NONE', #6407, #3494, #969, .T. ) ;
#2225 = VERTEX_POINT ( 'NONE', #7259 ) ;
#2226 = ADVANCED_FACE ( 'NONE', ( #89 ), #7191, .F. ) ;
#2227 = EDGE_CURVE ( 'NONE', #3484, #1620, #3521, .T. ) ;
#2228 = ORIENTED_EDGE ( 'NONE', *, *, #5678, .T. ) ;
#2229 = LINE ( 'NONE', #690, #2422 ) ;
#2230 = CARTESIAN_POINT ( 'NONE',  ( -8.100000000000013856, -21.60274562915926921, 5.930530637367523283 ) ) ;
#2231 = DIRECTION ( 'NONE',  ( -8.673617379884027583E-16, 1.000000000000000000, 0.000000000000000000 ) ) ;
#2232 = DIRECTION ( 'NONE',  ( 0.000000000000000000, 0.000000000000000000, -1.000000000000000000 ) ) ;
#2233 = CARTESIAN_POINT ( 'NONE',  ( 32.56909989128000404, 7.952891281146961866, 15.63467570508820081 ) ) ;
#2234 = ORIENTED_EDGE ( 'NONE', *, *, #6144, .T. ) ;
#2235 = ORIENTED_EDGE ( 'NONE', *, *, #4412, .T. ) ;
#2236 = EDGE_CURVE ( 'NONE', #3280, #6980, #5309, .T. ) ;
#2237 = EDGE_CURVE ( 'NONE', #3149, #193, #1349, .T. ) ;
#2238 = CARTESIAN_POINT ( 'NONE',  ( 34.30211663119364829, -4.817149091723047505, 15.05876533518901716 ) ) ;
#2239 = CARTESIAN_POINT ( 'NONE',  ( 31.52553242530702704, -9.197089251965241630, 15.07370705962819990 ) ) ;
#2240 = LINE ( 'NONE', #7646, #7675 ) ;
#2241 = FACE_OUTER_BOUND ( 'NONE', #2866, .T. ) ;
#2242 = VERTEX_POINT ( 'NONE', #3726 ) ;
#2243 = ORIENTED_EDGE ( 'NONE', *, *, #4996, .F. ) ;
#2244 = ORIENTED_EDGE ( 'NONE', *, *, #5357, .T. ) ;
#2245 = EDGE_CURVE ( 'NONE', #1091, #2084, #3616, .T. ) ;
#2246 = CARTESIAN_POINT ( 'NONE',  ( -10.90180841670001932, -34.08819856468882392, 10.00000000000000000 ) ) ;
#2247 = CARTESIAN_POINT ( 'NONE',  ( 14.40894241220452265, -20.99999999999998934, 19.50000000000000000 ) ) ;
#2248 = ORIENTED_EDGE ( 'NONE', *, *, #1712, .T. ) ;
#2249 = CYLINDRICAL_SURFACE ( 'NONE', #6768, 2.000000000000001776 ) ;
#2250 = CARTESIAN_POINT ( 'NONE',  ( 21.90999999999991132, 13.29999999999999893, 21.00000000000000000 ) ) ;
#2251 = VERTEX_POINT ( 'NONE', #6684 ) ;
#2252 = DIRECTION ( 'NONE',  ( 0.000000000000000000, 1.000000000000000000, 0.000000000000000000 ) ) ;
#2253 = ORIENTED_EDGE ( 'NONE', *, *, #3368, .T. ) ;
#2254 = DIRECTION ( 'NONE',  ( 0.000000000000000000, 0.000000000000000000, -1.000000000000000000 ) ) ;
#2255 = DIRECTION ( 'NONE',  ( 0.000000000000000000, 0.000000000000000000, 1.000000000000000000 ) ) ;
#2256 = DIRECTION ( 'NONE',  ( 0.000000000000000000, 0.000000000000000000, -1.000000000000000000 ) ) ;
#2257 = PLANE ( 'NONE',  #3680 ) ;
#2258 = EDGE_CURVE ( 'NONE', #4572, #7426, #5975, .T. ) ;
#2259 = CARTESIAN_POINT ( 'NONE',  ( 9.303163945437677995, 18.39584595372113895, 9.626314685301595730 ) ) ;
#2260 = DIRECTION ( 'NONE',  ( 0.000000000000000000, -1.000000000000000000, 0.000000000000000000 ) ) ;
#2261 = CARTESIAN_POINT ( 'NONE',  ( -52.10000000000000142, -4.622502080891614185, 10.36857987600065378 ) ) ;
#2262 = VERTEX_POINT ( 'NONE', #6054 ) ;
#2263 = EDGE_CURVE ( 'NONE', #4282, #6794, #6642, .T. ) ;
#2264 = VERTEX_POINT ( 'NONE', #4928 ) ;
#2265 = EDGE_CURVE ( 'NONE', #1037, #7064, #104, .T. ) ;
#2266 = PLANE ( 'NONE',  #675 ) ;
#2267 = DIRECTION ( 'NONE',  ( 0.000000000000000000, -0.000000000000000000, 1.000000000000000000 ) ) ;
#2268 = PLANE ( 'NONE',  #6914 ) ;
#2269 = CARTESIAN_POINT ( 'NONE',  ( 8.100000000000015632, -24.18038858147815162, 8.738009979733389443 ) ) ;
#2270 = VERTEX_POINT ( 'NONE', #1382 ) ;
#2271 = ORIENTED_EDGE ( 'NONE', *, *, #3084, .T. ) ;
#2272 = DIRECTION ( 'NONE',  ( -0.000000000000000000, -0.000000000000000000, 1.000000000000000000 ) ) ;
#2273 = FACE_OUTER_BOUND ( 'NONE', #5687, .T. ) ;
#2274 = VERTEX_POINT ( 'NONE', #1968 ) ;
#2275 = EDGE_CURVE ( 'NONE', #5271, #2610, #110, .T. ) ;
#2276 = VERTEX_POINT ( 'NONE', #3133 ) ;
#2277 = FACE_OUTER_BOUND ( 'NONE', #5252, .T. ) ;
#2278 = SHAPE_DEFINITION_REPRESENTATION ( #941, #367 ) ;
#2279 = DIRECTION ( 'NONE',  ( 1.000000000000000000, -8.673617379884028570E-16, -1.387778780781445676E-16 ) ) ;
#2280 = CARTESIAN_POINT ( 'NONE',  ( -8.100000000000013856, -24.41053361559589518, 5.000000000000000000 ) ) ;
#2281 = ORIENTED_EDGE ( 'NONE', *, *, #6164, .T. ) ;
#2282 = DIRECTION ( 'NONE',  ( -1.000000000000000000, -9.941108744852763806E-17, 0.000000000000000000 ) ) ;
#2283 = LINE ( 'NONE', #4664, #4585 ) ;
#2284 = VERTEX_POINT ( 'NONE', #6719 ) ;
#2285 = ORIENTED_EDGE ( 'NONE', *, *, #3369, .F. ) ;
#2286 = EDGE_LOOP ( 'NONE', ( #3492, #3001 ) ) ;
#2287 = VECTOR ( 'NONE', #1150, 1000.000000000000000 ) ;
#2288 = B_SPLINE_CURVE_WITH_KNOTS ( 'NONE', 3,
 ( #4952, #3324, #5080, #3195, #955, #4525, #7486, #1534, #1405, #4448, #6103, #7328 ),
 .UNSPECIFIED., .F., .F.,
 ( 4, 2, 2, 2, 2, 4 ),
 ( 0.000000000000000000, 0.0002369188350490227923, 0.0004738376700980455845, 0.0009476753401961066732, 0.001421513010294167762, 0.001895350680392228959 ),
 .UNSPECIFIED. ) ;
#2289 = PLANE ( 'NONE',  #6632 ) ;
#2290 = DIRECTION ( 'NONE',  ( -1.000000000000000000, -4.163336342344336238E-15, 0.000000000000000000 ) ) ;
#2291 = CARTESIAN_POINT ( 'NONE',  ( -8.099999999999996092, -18.00000000000000000, 5.000000000000000888 ) ) ;
#2292 = CYLINDRICAL_SURFACE ( 'NONE', #3706, 3.750000000000000000 ) ;
#2293 = LINE ( 'NONE', #7628, #2569 ) ;
#2294 = AXIS2_PLACEMENT_3D ( 'NONE', #7360, #7452, #2112 ) ;
#2295 = AXIS2_PLACEMENT_3D ( 'NONE', #7377, #4464, #3848 ) ;
#2296 = VERTEX_POINT ( 'NONE', #161 ) ;
#2297 = CIRCLE ( 'NONE', #7647, 1.750000000000001554 ) ;
#2298 = ADVANCED_FACE ( 'NONE', ( #2511 ), #5364, .F. ) ;
#2299 = AXIS2_PLACEMENT_3D ( 'NONE', #7344, #847, #7467 ) ;
#2300 = DIRECTION ( 'NONE',  ( -0.000000000000000000, -0.000000000000000000, -1.000000000000000000 ) ) ;
#2301 = DIRECTION ( 'NONE',  ( 1.000000000000000000, 2.443272501375784959E-16, 0.000000000000000000 ) ) ;
#2302 = DIRECTION ( 'NONE',  ( 0.000000000000000000, 0.000000000000000000, 1.000000000000000000 ) ) ;
#2303 = DIRECTION ( 'NONE',  ( 9.941108744852766272E-17, -1.000000000000000000, 0.000000000000000000 ) ) ;
#2304 = AXIS2_PLACEMENT_3D ( 'NONE', #2155, #2195, #2861 ) ;
#2305 = CIRCLE ( 'NONE', #4056, 2.900000000000003464 ) ;
#2306 = ORIENTED_EDGE ( 'NONE', *, *, #6392, .T. ) ;
#2307 = ADVANCED_FACE ( 'NONE', ( #4466 ), #2674, .F. ) ;
#2308 = LINE ( 'NONE', #6442, #3791 ) ;
#2309 = LINE ( 'NONE', #7068, #3315 ) ;
#2310 = B_SPLINE_CURVE_WITH_KNOTS ( 'NONE', 3,
 ( #3802, #1508, #4419, #5097, #2593, #2002, #3294, #4966, #886, #4374, #6881, #398 ),
 .UNSPECIFIED., .F., .F.,
 ( 4, 2, 2, 2, 2, 4 ),
 ( -1.414213797722621169E-05, 0.001484565653638516983, 0.002983273445254259939, 0.003732627341062133477, 0.004481981236870006581, 0.005980689028485748453 ),
 .UNSPECIFIED. ) ;
#2311 = CARTESIAN_POINT ( 'NONE',  ( -10.93925189771555928, -33.90643844482745806, 9.776522886387715161 ) ) ;
#2312 = AXIS2_PLACEMENT_3D ( 'NONE', #4036, #1008, #7032 ) ;
#2313 = DIRECTION ( 'NONE',  ( 1.000000000000000000, -0.000000000000000000, -0.000000000000000000 ) ) ;
#2314 = ORIENTED_EDGE ( 'NONE', *, *, #832, .F. ) ;
#2315 = EDGE_CURVE ( 'NONE', #7384, #2262, #5336, .T. ) ;
#2316 = ADVANCED_FACE ( 'NONE', ( #7432, #2759 ), #312, .T. ) ;
#2317 = EDGE_LOOP ( 'NONE', ( #4461, #3127, #5389, #3560, #3519, #4439 ) ) ;
#2318 = EDGE_CURVE ( 'NONE', #2107, #1985, #4954, .T. ) ;
#2319 = AXIS2_PLACEMENT_3D ( 'NONE', #6133, #3892, #811 ) ;
#2320 = VECTOR ( 'NONE', #7195, 1000.000000000000000 ) ;
#2321 = LINE ( 'NONE', #1009, #3418 ) ;
#2322 = CARTESIAN_POINT ( 'NONE',  ( 11.09999999999999787, -32.00000000000000000, 19.50000000000000000 ) ) ;
#2323 = EDGE_LOOP ( 'NONE', ( #3207, #5538, #4415, #5482 ) ) ;
#2324 = DIRECTION ( 'NONE',  ( 1.000000000000000000, 9.941108744852765039E-17, 0.000000000000000000 ) ) ;
#2325 = AXIS2_PLACEMENT_3D ( 'NONE', #5754, #5150, #445 ) ;
#2326 = CARTESIAN_POINT ( 'NONE',  ( 8.100000000000017408, -18.08597829525914591, 5.000000000000000000 ) ) ;
#2327 = AXIS2_PLACEMENT_3D ( 'NONE', #369, #5107, #2765 ) ;
#2328 = ORIENTED_EDGE ( 'NONE', *, *, #1213, .T. ) ;
#2329 = ORIENTED_EDGE ( 'NONE', *, *, #613, .F. ) ;
#2330 = ORIENTED_EDGE ( 'NONE', *, *, #5551, .F. ) ;
#2331 = VECTOR ( 'NONE', #2509, 1000.000000000000000 ) ;
#2332 = EDGE_CURVE ( 'NONE', #1459, #1117, #4093, .T. ) ;
#2333 = CARTESIAN_POINT ( 'NONE',  ( -43.44775239184387772, 1.548167524930783800, 5.839243368190235373 ) ) ;
#2334 = EDGE_CURVE ( 'NONE', #5464, #5549, #2497, .T. ) ;
#2335 = AXIS2_PLACEMENT_3D ( 'NONE', #386, #1495, #2616 ) ;
#2336 = FACE_OUTER_BOUND ( 'NONE', #1292, .T. ) ;
#2337 = FACE_OUTER_BOUND ( 'NONE', #5724, .T. ) ;
#2338 = CYLINDRICAL_SURFACE ( 'NONE', #4560, 4.900000000000002132 ) ;
#2339 = DIRECTION ( 'NONE',  ( 0.000000000000000000, 0.000000000000000000, -1.000000000000000000 ) ) ;
#2340 = DIRECTION ( 'NONE',  ( -0.7071067811865473507, 0.7071067811865477948, 0.000000000000000000 ) ) ;
#2341 = VECTOR ( 'NONE', #2817, 1000.000000000000000 ) ;
#2342 = CIRCLE ( 'NONE', #4575, 11.09999999999999432 ) ;
#2343 = ORIENTED_EDGE ( 'NONE', *, *, #2594, .F. ) ;
#2344 = VECTOR ( 'NONE', #2989, 1000.000000000000000 ) ;
#2345 = CARTESIAN_POINT ( 'NONE',  ( 3.918869757271530263E-15, -32.00000000000000000, 5.000000000000000000 ) ) ;
#2346 = DIRECTION ( 'NONE',  ( 1.000000000000000000, 0.000000000000000000, 0.000000000000000000 ) ) ;
#2347 = FACE_BOUND ( 'NONE', #1136, .T. ) ;
#2348 = EDGE_CURVE ( 'NONE', #7583, #6713, #2090, .T. ) ;
#2349 = ORIENTED_EDGE ( 'NONE', *, *, #4393, .F. ) ;
#2350 = CIRCLE ( 'NONE', #1963, 1.750000000000005107 ) ;
#2351 = VERTEX_POINT ( 'NONE', #5585 ) ;
#2352 = CARTESIAN_POINT ( 'NONE',  ( 34.56166838522214135, -4.082190603860902378, 9.630826233263212188 ) ) ;
#2353 = ADVANCED_FACE ( 'NONE', ( #2629 ), #3254, .T. ) ;
#2354 = FACE_BOUND ( 'NONE', #342, .T. ) ;
#2355 = ORIENTED_EDGE ( 'NONE', *, *, #3312, .F. ) ;
#2356 = CARTESIAN_POINT ( 'NONE',  ( 39.89999999999999147, -1.734723475976807094E-15, 17.24999999999999645 ) ) ;
#2357 = CARTESIAN_POINT ( 'NONE',  ( 37.89999999999999147, -6.098637220230962441E-16, 5.000000000000000000 ) ) ;
#2358 = CARTESIAN_POINT ( 'NONE',  ( 38.43553390593272923, 14.46446609406726402, 21.00000000000000000 ) ) ;
#2359 = ORIENTED_EDGE ( 'NONE', *, *, #6221, .F. ) ;
#2360 = EDGE_CURVE ( 'NONE', #4117, #3472, #3992, .T. ) ;
#2361 = CARTESIAN_POINT ( 'NONE',  ( 15.17106781186546627, 18.00000000000000355, 16.00000000000000000 ) ) ;
#2362 = EDGE_CURVE ( 'NONE', #4094, #4733, #1510, .T. ) ;
#2363 = CARTESIAN_POINT ( 'NONE',  ( -9.410179721124459107, 18.58578643762691485, 9.414213562373086930 ) ) ;
#2364 = ORIENTED_EDGE ( 'NONE', *, *, #5780, .T. ) ;
#2365 = ORIENTED_EDGE ( 'NONE', *, *, #1556, .T. ) ;
#2366 = ORIENTED_EDGE ( 'NONE', *, *, #5780, .F. ) ;
#2367 = CARTESIAN_POINT ( 'NONE',  ( 0.1763054614239444873, -17.99999999999999645, 19.49836968780295621 ) ) ;
#2368 = CARTESIAN_POINT ( 'NONE',  ( 23.32842712474617741, 20.00000000000000355, 21.00000000000000000 ) ) ;
#2369 = CARTESIAN_POINT ( 'NONE',  ( 1.500000000000000222, 0.000000000000000000, 24.00000000000000000 ) ) ;
#2370 = CARTESIAN_POINT ( 'NONE',  ( -32.15378629169983782, -8.477397741305908951, 12.94511430862858070 ) ) ;
#2371 = LINE ( 'NONE', #3618, #586 ) ;
#2372 = DIRECTION ( 'NONE',  ( 1.000000000000000000, -0.000000000000000000, -0.000000000000000000 ) ) ;
#2373 = DIRECTION ( 'NONE',  ( 1.000000000000000000, 0.000000000000000000, 0.000000000000000000 ) ) ;
#2374 = ORIENTED_EDGE ( 'NONE', *, *, #4048, .T. ) ;
#2375 = ADVANCED_FACE ( 'NONE', ( #6246 ), #923, .F. ) ;
#2376 = ORIENTED_EDGE ( 'NONE', *, *, #4821, .T. ) ;
#2377 = CARTESIAN_POINT ( 'NONE',  ( -17.49999999999998934, 23.00000000000004619, 5.000000000000006217 ) ) ;
#2378 = CARTESIAN_POINT ( 'NONE',  ( -35.18853156014647254, -0.5719878014969613789, 20.65782659919739217 ) ) ;
#2379 = DIRECTION ( 'NONE',  ( 0.000000000000000000, 0.000000000000000000, -1.000000000000000000 ) ) ;
#2380 = FACE_BOUND ( 'NONE', #6908, .T. ) ;
#2381 = FACE_OUTER_BOUND ( 'NONE', #6080, .T. ) ;
#2382 = ORIENTED_EDGE ( 'NONE', *, *, #4987, .T. ) ;
#2383 = EDGE_LOOP ( 'NONE', ( #5376, #4923, #6535 ) ) ;
#2384 = CYLINDRICAL_SURFACE ( 'NONE', #710, 2.000000000000000000 ) ;
#2385 = CARTESIAN_POINT ( 'NONE',  ( -44.52687817208831689, 0.2795093950594453869, 17.26725694633445940 ) ) ;
#2386 = ORIENTED_EDGE ( 'NONE', *, *, #321, .T. ) ;
#2387 = DIRECTION ( 'NONE',  ( -1.000000000000000000, 0.000000000000000000, 0.000000000000000000 ) ) ;
#2388 = CARTESIAN_POINT ( 'NONE',  ( -41.29217832436008706, 8.451197606411378516, 11.01464838617095943 ) ) ;
#2389 = DIRECTION ( 'NONE',  ( 0.000000000000000000, 0.000000000000000000, 1.000000000000000000 ) ) ;
#2390 = EDGE_CURVE ( 'NONE', #4208, #3823, #4420, .T. ) ;
#2391 = EDGE_LOOP ( 'NONE', ( #835, #3679, #106, #4527 ) ) ;
#2392 = DIRECTION ( 'NONE',  ( 0.000000000000000000, 0.000000000000000000, 1.000000000000000000 ) ) ;
#2393 = CARTESIAN_POINT ( 'NONE',  ( -35.09283901803129879, 1.694445186663914527, 19.45207969027478967 ) ) ;
#2394 = VERTEX_POINT ( 'NONE', #6753 ) ;
#2395 = VERTEX_POINT ( 'NONE', #359 ) ;
#2396 = EDGE_LOOP ( 'NONE', ( #5870, #5657, #671, #5614, #3528 ) ) ;
#2397 = CARTESIAN_POINT ( 'NONE',  ( -13.40894241220451732, -27.16125453576510296, 24.00000000000000000 ) ) ;
#2398 = EDGE_CURVE ( 'NONE', #3874, #6239, #2723, .T. ) ;
#2399 = DIRECTION ( 'NONE',  ( 1.387778780781445676E-16, 1.379605977354752943E-32, 1.000000000000000000 ) ) ;
#2400 = DIRECTION ( 'NONE',  ( 1.000000000000000000, 0.000000000000000000, -0.000000000000000000 ) ) ;
#2401 = CARTESIAN_POINT ( 'NONE',  ( -32.01614380333637655, -8.641010875763758037, 11.38008516992491259 ) ) ;
#2402 = DIRECTION ( 'NONE',  ( 1.000000000000000000, 0.000000000000000000, 0.000000000000000000 ) ) ;
#2403 = VERTEX_POINT ( 'NONE', #7502 ) ;
#2404 = ORIENTED_EDGE ( 'NONE', *, *, #2360, .T. ) ;
#2405 = VECTOR ( 'NONE', #3417, 1000.000000000000000 ) ;
#2406 = ORIENTED_EDGE ( 'NONE', *, *, #1186, .T. ) ;
#2407 = CARTESIAN_POINT ( 'NONE',  ( -31.93403825798843343, 8.736056024905042960, 12.25406739810175161 ) ) ;
#2408 = AXIS2_PLACEMENT_3D ( 'NONE', #4477, #1568, #3861 ) ;
#2409 = CARTESIAN_POINT ( 'NONE',  ( -35.17790709849746378, -0.7832316136644952298, 17.43088302344087381 ) ) ;
#2410 = CARTESIAN_POINT ( 'NONE',  ( -46.47644672518160291, -4.335074973525356867, 9.715507906199148280 ) ) ;
#2411 = VECTOR ( 'NONE', #7150, 1000.000000000000000 ) ;
#2412 = CARTESIAN_POINT ( 'NONE',  ( -31.24999999999998224, -13.50000000000002665, 24.00000000000000000 ) ) ;
#2413 = CARTESIAN_POINT ( 'NONE',  ( -52.10000000000000853, -2.481934729198188361, 10.50000000000000533 ) ) ;
#2414 = ORIENTED_EDGE ( 'NONE', *, *, #7249, .T. ) ;
#2415 = B_SPLINE_CURVE_WITH_KNOTS ( 'NONE', 3,
 ( #1730, #4105, #2485, #3138, #740, #6480, #7226, #207, #6691, #169, #2516, #1246, #4937, #7314 ),
 .UNSPECIFIED., .F., .F.,
 ( 4, 2, 2, 2, 2, 2, 4 ),
 ( 0.001654588825863485910, 0.002056530448741252914, 0.002458472071619020351, 0.003262355317374561296, 0.003664296940252330468, 0.004066238563130097905, 0.004870121808885632779 ),
 .UNSPECIFIED. ) ;
#2416 = ORIENTED_EDGE ( 'NONE', *, *, #2901, .T. ) ;
#2417 = ORIENTED_EDGE ( 'NONE', *, *, #5382, .F. ) ;
#2418 = AXIS2_PLACEMENT_3D ( 'NONE', #407, #2140, #6763 ) ;
#2419 = VECTOR ( 'NONE', #1122, 1000.000000000000000 ) ;
#2420 = EDGE_CURVE ( 'NONE', #4107, #5337, #798, .T. ) ;
#2421 = DIRECTION ( 'NONE',  ( 0.000000000000000000, 0.000000000000000000, -1.000000000000000000 ) ) ;
#2422 = VECTOR ( 'NONE', #5973, 1000.000000000000000 ) ;
#2423 = DIRECTION ( 'NONE',  ( 0.000000000000000000, -0.000000000000000000, 1.000000000000000000 ) ) ;
#2424 = AXIS2_PLACEMENT_3D ( 'NONE', #3817, #5149, #1441 ) ;
#2425 = ORIENTED_EDGE ( 'NONE', *, *, #1887, .F. ) ;
#2426 = CYLINDRICAL_SURFACE ( 'NONE', #6528, 1.000000000000000888 ) ;
#2427 = VECTOR ( 'NONE', #5507, 1000.000000000000000 ) ;
#2428 = DIRECTION ( 'NONE',  ( 0.000000000000000000, 0.000000000000000000, 1.000000000000000000 ) ) ;
#2429 = DIRECTION ( 'NONE',  ( 1.000000000000000000, 7.228014483236695816E-17, 0.000000000000000000 ) ) ;
#2430 = LINE ( 'NONE', #7659, #4200 ) ;
#2431 = VERTEX_POINT ( 'NONE', #3172 ) ;
#2432 = ORIENTED_EDGE ( 'NONE', *, *, #7061, .T. ) ;
#2433 = CIRCLE ( 'NONE', #2196, 13.28999999999999559 ) ;
#2434 = ORIENTED_EDGE ( 'NONE', *, *, #6475, .F. ) ;
#2435 = ORIENTED_EDGE ( 'NONE', *, *, #854, .F. ) ;
#2436 = FACE_OUTER_BOUND ( 'NONE', #7122, .T. ) ;
#2437 = CARTESIAN_POINT ( 'NONE',  ( 2.499999999999992006, 18.00000000000000355, 12.00000000000000000 ) ) ;
#2438 = AXIS2_PLACEMENT_3D ( 'NONE', #4532, #6915, #1589 ) ;
#2439 = CARTESIAN_POINT ( 'NONE',  ( -11.08070436657805935, -33.36878404290007438, 17.19067128795092003 ) ) ;
#2440 = CIRCLE ( 'NONE', #5537, 2.500000000000000444 ) ;
#2441 = DIRECTION ( 'NONE',  ( -1.000000000000000000, 0.000000000000000000, 0.000000000000000000 ) ) ;
#2442 = DIRECTION ( 'NONE',  ( -1.000000000000000000, 0.000000000000000000, 0.000000000000000000 ) ) ;
#2443 = DIRECTION ( 'NONE',  ( -1.000000000000000000, 0.000000000000000000, 0.000000000000000000 ) ) ;
#2444 = LINE ( 'NONE', #1821, #3442 ) ;
#2445 = VECTOR ( 'NONE', #5343, 1000.000000000000000 ) ;
#2446 = AXIS2_PLACEMENT_3D ( 'NONE', #5834, #4711, #1749 ) ;
#2447 = CYLINDRICAL_SURFACE ( 'NONE', #1935, 2.000000000000000000 ) ;
#2448 = DIRECTION ( 'NONE',  ( 0.000000000000000000, 0.000000000000000000, -1.000000000000000000 ) ) ;
#2449 = EDGE_CURVE ( 'NONE', #107, #6838, #3533, .T. ) ;
#2450 = CIRCLE ( 'NONE', #5931, 2.000000000000003553 ) ;
#2451 = CARTESIAN_POINT ( 'NONE',  ( -35.08709523028638699, -1.738803474709467611, 18.77178296885254127 ) ) ;
#2452 = CARTESIAN_POINT ( 'NONE',  ( -46.12540367311608946, -4.575523904607464054, 10.24183103899411407 ) ) ;
#2453 = DIRECTION ( 'NONE',  ( -0.000000000000000000, -0.000000000000000000, 1.000000000000000000 ) ) ;
#2454 = EDGE_CURVE ( 'NONE', #5283, #6970, #672, .T. ) ;
#2455 = CARTESIAN_POINT ( 'NONE',  ( -52.07330524070393096, -2.309026989955512477, 10.23897235094098157 ) ) ;
#2456 = ADVANCED_FACE ( 'NONE', ( #846, #540 ), #7655, .F. ) ;
#2457 = ORIENTED_EDGE ( 'NONE', *, *, #3171, .F. ) ;
#2458 = ORIENTED_EDGE ( 'NONE', *, *, #1618, .F. ) ;
#2459 = EDGE_LOOP ( 'NONE', ( #3188, #7005, #669, #6113 ) ) ;
#2460 = CIRCLE ( 'NONE', #238, 16.09999999999999787 ) ;
#2461 = DIRECTION ( 'NONE',  ( 0.000000000000000000, 0.000000000000000000, -1.000000000000000000 ) ) ;
#2462 = DIRECTION ( 'NONE',  ( 7.228014483236695816E-17, -2.861388956816778129E-33, -1.000000000000000000 ) ) ;
#2463 = CIRCLE ( 'NONE', #4455, 1.000000000000000888 ) ;
#2464 = EDGE_CURVE ( 'NONE', #6658, #2958, #5759, .T. ) ;
#2465 = EDGE_CURVE ( 'NONE', #7128, #2969, #473, .T. ) ;
#2466 = ORIENTED_EDGE ( 'NONE', *, *, #4620, .T. ) ;
#2467 = DIRECTION ( 'NONE',  ( 0.000000000000000000, -0.000000000000000000, 1.000000000000000000 ) ) ;
#2468 = CARTESIAN_POINT ( 'NONE',  ( 0.000000000000000000, 0.000000000000000000, 0.000000000000000000 ) ) ;
#2469 = VECTOR ( 'NONE', #3343, 1000.000000000000000 ) ;
#2470 = CARTESIAN_POINT ( 'NONE',  ( -41.70453911406575997, 7.960876826682028451, 13.48024938431475839 ) ) ;
#2471 = DIRECTION ( 'NONE',  ( -1.000000000000000000, 0.000000000000000000, 0.000000000000000000 ) ) ;
#2472 = ORIENTED_EDGE ( 'NONE', *, *, #3124, .T. ) ;
#2473 = ORIENTED_EDGE ( 'NONE', *, *, #2074, .T. ) ;
#2474 = ORIENTED_EDGE ( 'NONE', *, *, #3637, .F. ) ;
#2475 = DIRECTION ( 'NONE',  ( 0.000000000000000000, 0.000000000000000000, 1.000000000000000000 ) ) ;
#2476 = PLANE ( 'NONE',  #596 ) ;
#2477 = CARTESIAN_POINT ( 'NONE',  ( -32.82893218813453728, 18.00000000000000355, 19.99999999999999645 ) ) ;
#2478 = DIRECTION ( 'NONE',  ( -0.000000000000000000, -0.000000000000000000, -1.000000000000000000 ) ) ;
#2479 = CARTESIAN_POINT ( 'NONE',  ( -32.52140300582640720, -8.012213012176790272, 13.43167457500581996 ) ) ;
#2480 = DIRECTION ( 'NONE',  ( 1.000000000000000000, 9.941108744852763806E-17, -2.775557561562891351E-16 ) ) ;
#2481 = CARTESIAN_POINT ( 'NONE',  ( 35.20000000000000995, 0.009999999999907260156, 1.250013333357037570 ) ) ;
#2482 = LINE ( 'NONE', #631, #2320 ) ;
#2483 = ORIENTED_EDGE ( 'NONE', *, *, #4340, .T. ) ;
#2484 = VECTOR ( 'NONE', #2003, 1000.000000000000000 ) ;
#2485 = CARTESIAN_POINT ( 'NONE',  ( -41.06257832191735702, -8.734246260701732822, 11.73071807973074243 ) ) ;
#2486 = CARTESIAN_POINT ( 'NONE',  ( -8.100000000000012079, -24.11946078345985711, 8.552011960040392324 ) ) ;
#2487 = CARTESIAN_POINT ( 'NONE',  ( -35.19279986097850355, -0.4613774660522942384, 20.69190820224842398 ) ) ;
#2488 = CARTESIAN_POINT ( 'NONE',  ( -33.68729423145175872, -6.172309016039624119, 10.44256622349425712 ) ) ;
#2489 = EDGE_CURVE ( 'NONE', #4388, #1498, #6338, .T. ) ;
#2490 = DIRECTION ( 'NONE',  ( -1.000000000000000000, -7.228014483236695816E-17, 0.000000000000000000 ) ) ;
#2491 = CARTESIAN_POINT ( 'NONE',  ( 29.74994369789147086, 10.74127053788753017, 11.70706021052572154 ) ) ;
#2492 = ORIENTED_EDGE ( 'NONE', *, *, #1654, .T. ) ;
#2493 = ORIENTED_EDGE ( 'NONE', *, *, #5312, .T. ) ;
#2494 = ORIENTED_EDGE ( 'NONE', *, *, #7061, .F. ) ;
#2495 = ORIENTED_EDGE ( 'NONE', *, *, #2275, .T. ) ;
#2496 = EDGE_CURVE ( 'NONE', #7322, #3896, #5278, .T. ) ;
#2497 = B_SPLINE_CURVE_WITH_KNOTS ( 'NONE', 3,
 ( #7466, #6206, #888, #3920 ),
 .UNSPECIFIED., .F., .F.,
 ( 4, 4 ),
 ( 0.000000000000000000, 0.002328088143206388447 ),
 .UNSPECIFIED. ) ;
#2498 = DIRECTION ( 'NONE',  ( 0.8619342151577692457, 0.5070201265633943466, 0.000000000000000000 ) ) ;
#2499 = CARTESIAN_POINT ( 'NONE',  ( -41.06385464149309428, 0.2815170547196352846, 20.73264664216943132 ) ) ;
#2500 = ORIENTED_EDGE ( 'NONE', *, *, #1548, .T. ) ;
#2501 = CARTESIAN_POINT ( 'NONE',  ( 39.89999999999999147, -6.098637220230962441E-16, 3.250000000000000444 ) ) ;
#2502 = CARTESIAN_POINT ( 'NONE',  ( -42.49169180845296978, 7.095731654578833592, 10.24999999999999822 ) ) ;
#2503 = CARTESIAN_POINT ( 'NONE',  ( -46.29291618988032297, -4.426364670405297019, 14.10426783659014305 ) ) ;
#2504 = CARTESIAN_POINT ( 'NONE',  ( -49.10000000000000142, -8.767025567052019698E-15, 12.00000000000000000 ) ) ;
#2505 = ORIENTED_EDGE ( 'NONE', *, *, #6930, .F. ) ;
#2506 = VERTEX_POINT ( 'NONE', #2836 ) ;
#2507 = ORIENTED_EDGE ( 'NONE', *, *, #2263, .T. ) ;
#2508 = LINE ( 'NONE', #4294, #3434 ) ;
#2509 = DIRECTION ( 'NONE',  ( 0.000000000000000000, -0.000000000000000000, 1.000000000000000000 ) ) ;
#2510 = CARTESIAN_POINT ( 'NONE',  ( 38.43553390593272923, -14.46446609406725159, 21.00000000000000000 ) ) ;
#2511 = FACE_OUTER_BOUND ( 'NONE', #4046, .T. ) ;
#2512 = CARTESIAN_POINT ( 'NONE',  ( -32.65809663432590781, -7.827653457624289324, 13.54572216935018858 ) ) ;
#2513 = DIRECTION ( 'NONE',  ( 0.000000000000000000, 0.000000000000000000, -1.000000000000000000 ) ) ;
#2514 = ORIENTED_EDGE ( 'NONE', *, *, #4782, .F. ) ;
#2515 = EDGE_LOOP ( 'NONE', ( #421, #6734, #5713, #7496 ) ) ;
#2516 = CARTESIAN_POINT ( 'NONE',  ( -41.95478304767173228, -7.676953211742654659, 10.38299608769008131 ) ) ;
#2517 = CARTESIAN_POINT ( 'NONE',  ( 39.89999999999999147, 10.92893218813452805, 24.00000000000000000 ) ) ;
#2518 = CARTESIAN_POINT ( 'NONE',  ( -35.08559234099655555, -1.750076570125763897, 18.88738252067377843 ) ) ;
#2519 = CARTESIAN_POINT ( 'NONE',  ( -39.90000000000000568, -7.000000000000000888, 12.00000000000000000 ) ) ;
#2520 = DIRECTION ( 'NONE',  ( -0.000000000000000000, -0.000000000000000000, 1.000000000000000000 ) ) ;
#2521 = DIRECTION ( 'NONE',  ( -1.000000000000000000, 0.000000000000000000, 0.000000000000000000 ) ) ;
#2522 = EDGE_LOOP ( 'NONE', ( #3610, #2416, #6001, #3155, #4220, #1058 ) ) ;
#2523 = ORIENTED_EDGE ( 'NONE', *, *, #6269, .T. ) ;
#2524 = ORIENTED_EDGE ( 'NONE', *, *, #1559, .T. ) ;
#2525 = VECTOR ( 'NONE', #6769, 1000.000000000000000 ) ;
#2526 = VECTOR ( 'NONE', #1095, 1000.000000000000000 ) ;
#2527 = CARTESIAN_POINT ( 'NONE',  ( -23.88307512300518809, -20.99999999999999645, 24.00000000000000000 ) ) ;
#2528 = CARTESIAN_POINT ( 'NONE',  ( 39.89999999999999147, -7.000000000000000888, 13.75000000000000000 ) ) ;
#2529 = LINE ( 'NONE', #6149, #113 ) ;
#2530 = EDGE_CURVE ( 'NONE', #958, #3489, #6967, .T. ) ;
#2531 = CIRCLE ( 'NONE', #5647, 2.500000000000000444 ) ;
#2532 = VECTOR ( 'NONE', #4657, 1000.000000000000114 ) ;
#2533 = EDGE_LOOP ( 'NONE', ( #4289, #3853, #1146, #3722, #1302, #1038, #4622, #47, #4661, #5513 ) ) ;
#2534 = CARTESIAN_POINT ( 'NONE',  ( 13.51388176966848320, -30.58006954725383153, 19.46711026992852567 ) ) ;
#2535 = CARTESIAN_POINT ( 'NONE',  ( 21.90999999999991132, 13.29999999999999893, 0.000000000000000000 ) ) ;
#2536 = AXIS2_PLACEMENT_3D ( 'NONE', #4512, #3931, #3769 ) ;
#2537 = AXIS2_PLACEMENT_3D ( 'NONE', #42, #2392, #6102 ) ;
#2538 = CARTESIAN_POINT ( 'NONE',  ( -13.40894241220452443, -3.775336184448629048E-15, 5.000000000000000000 ) ) ;
#2539 = EDGE_CURVE ( 'NONE', #6456, #7205, #2211, .T. ) ;
#2540 = CARTESIAN_POINT ( 'NONE',  ( 34.66297014953885736, -3.749766359467806343, 4.751013671601050703 ) ) ;
#2541 = ORIENTED_EDGE ( 'NONE', *, *, #3114, .F. ) ;
#2542 = ADVANCED_FACE ( 'NONE', ( #7106 ), #1042, .T. ) ;
#2543 = EDGE_CURVE ( 'NONE', #6850, #6369, #576, .T. ) ;
#2544 = ORIENTED_EDGE ( 'NONE', *, *, #1024, .T. ) ;
#2545 = ORIENTED_EDGE ( 'NONE', *, *, #2854, .T. ) ;
#2546 = VECTOR ( 'NONE', #2475, 1000.000000000000000 ) ;
#2547 = EDGE_LOOP ( 'NONE', ( #3316, #5350, #5315, #817, #3898, #5579, #5297, #5950 ) ) ;
#2548 = AXIS2_PLACEMENT_3D ( 'NONE', #6586, #4270, #6656 ) ;
#2549 = LINE ( 'NONE', #7301, #2186 ) ;
#2550 = DIRECTION ( 'NONE',  ( -0.7071067811865473507, 0.7071067811865477948, 0.000000000000000000 ) ) ;
#2551 = FACE_OUTER_BOUND ( 'NONE', #4196, .T. ) ;
#2552 = DIRECTION ( 'NONE',  ( 1.000000000000000000, 1.387778780781445478E-15, 0.000000000000000000 ) ) ;
#2553 = CARTESIAN_POINT ( 'NONE',  ( -44.23050984494327764, -5.496533631524779473, 12.90436853592099453 ) ) ;
#2554 = AXIS2_PLACEMENT_3D ( 'NONE', #1470, #3881, #4880 ) ;
#2555 = CARTESIAN_POINT ( 'NONE',  ( 33.21327386202776921, 7.000000000000004441, 15.75000000000000000 ) ) ;
#2556 = CARTESIAN_POINT ( 'NONE',  ( -35.08559234099654134, 1.750076570125761455, 5.112617479326218017 ) ) ;
#2557 = ORIENTED_EDGE ( 'NONE', *, *, #876, .T. ) ;
#2558 = LINE ( 'NONE', #1387, #2581 ) ;
#2559 = ORIENTED_EDGE ( 'NONE', *, *, #3731, .T. ) ;
#2560 = EDGE_CURVE ( 'NONE', #1933, #4986, #1665, .T. ) ;
#2561 = EDGE_CURVE ( 'NONE', #7322, #13, #2906, .T. ) ;
#2562 = AXIS2_PLACEMENT_3D ( 'NONE', #2799, #1672, #2252 ) ;
#2563 = LINE ( 'NONE', #4349, #4317 ) ;
#2564 = DIRECTION ( 'NONE',  ( -1.000000000000000000, 0.000000000000000000, 0.000000000000000000 ) ) ;
#2565 = CARTESIAN_POINT ( 'NONE',  ( -42.27968359161623368, -1.733506248374875991, 19.31853613600533137 ) ) ;
#2566 = DIRECTION ( 'NONE',  ( 0.000000000000000000, 0.000000000000000000, -1.000000000000000000 ) ) ;
#2567 = CARTESIAN_POINT ( 'NONE',  ( 13.08578643762699478, 27.41421356237308871, 4.999999999999997335 ) ) ;
#2568 = LINE ( 'NONE', #5681, #4309 ) ;
#2569 = VECTOR ( 'NONE', #5225, 1000.000000000000000 ) ;
#2570 = AXIS2_PLACEMENT_3D ( 'NONE', #6609, #4884, #4224 ) ;
#2571 = ORIENTED_EDGE ( 'NONE', *, *, #7022, .F. ) ;
#2572 = VERTEX_POINT ( 'NONE', #4732 ) ;
#2573 = ORIENTED_EDGE ( 'NONE', *, *, #2543, .F. ) ;
#2574 = VECTOR ( 'NONE', #4965, 1000.000000000000000 ) ;
#2575 = AXIS2_PLACEMENT_3D ( 'NONE', #1145, #5270, #4693 ) ;
#2576 = CARTESIAN_POINT ( 'NONE',  ( 8.100000000000017408, -13.30000000000000249, 0.000000000000000000 ) ) ;
#2577 = LINE ( 'NONE', #4951, #6909 ) ;
#2578 = CYLINDRICAL_SURFACE ( 'NONE', #352, 11.09999999999999609 ) ;
#2579 = CARTESIAN_POINT ( 'NONE',  ( -51.10000000000000142, -43.10000000000001563, 10.50000000000000533 ) ) ;
#2580 = CIRCLE ( 'NONE', #6440, 2.900000000000003464 ) ;
#2581 = VECTOR ( 'NONE', #3765, 1000.000000000000000 ) ;
#2582 = VERTEX_POINT ( 'NONE', #3524 ) ;
#2583 = DIRECTION ( 'NONE',  ( 0.000000000000000000, 0.000000000000000000, -1.000000000000000000 ) ) ;
#2584 = EDGE_CURVE ( 'NONE', #3366, #7423, #3411, .T. ) ;
#2585 = CARTESIAN_POINT ( 'NONE',  ( -12.01490897635253496, -31.76280215608428392, 7.096232900081901107 ) ) ;
#2586 = DIRECTION ( 'NONE',  ( 2.668805347656626678E-16, -1.000000000000000000, 0.000000000000000000 ) ) ;
#2587 = ORIENTED_EDGE ( 'NONE', *, *, #5382, .T. ) ;
#2588 = ORIENTED_EDGE ( 'NONE', *, *, #5170, .F. ) ;
#2589 = ORIENTED_EDGE ( 'NONE', *, *, #1075, .F. ) ;
#2590 = VERTEX_POINT ( 'NONE', #1083 ) ;
#2591 = CARTESIAN_POINT ( 'NONE',  ( 34.66048472976889627, 3.758245689874038398, 18.77896048420990383 ) ) ;
#2592 = CARTESIAN_POINT ( 'NONE',  ( 20.21076683067359880, -21.99999999999999289, 24.00000000000000000 ) ) ;
#2593 = CARTESIAN_POINT ( 'NONE',  ( 11.44779427991376686, -32.56541242236068712, 8.098463143726018387 ) ) ;
#2594 = EDGE_CURVE ( 'NONE', #6955, #2264, #1771, .T. ) ;
#2595 = EDGE_CURVE ( 'NONE', #6863, #2745, #313, .T. ) ;
#2596 = DIRECTION ( 'NONE',  ( -1.491166311727914324E-16, 1.000000000000000000, 0.000000000000000000 ) ) ;
#2597 = CARTESIAN_POINT ( 'NONE',  ( -35.08559234099653423, -1.750076570125762787, 4.887382520673781983 ) ) ;
#2598 = CYLINDRICAL_SURFACE ( 'NONE', #2946, 2.000000000000001776 ) ;
#2599 = CARTESIAN_POINT ( 'NONE',  ( -35.08709523028640120, 1.738803474709464281, 5.228217031147466720 ) ) ;
#2600 = VERTEX_POINT ( 'NONE', #4659 ) ;
#2601 = LINE ( 'NONE', #2049, #1609 ) ;
#2602 = CARTESIAN_POINT ( 'NONE',  ( -41.29879355845346112, 1.024743324169671066, 3.557238097201046223 ) ) ;
#2603 = FACE_OUTER_BOUND ( 'NONE', #2035, .T. ) ;
#2604 = CARTESIAN_POINT ( 'NONE',  ( -42.58456515516911622, 7.000000000000003553, 13.75000000000000000 ) ) ;
#2605 = CARTESIAN_POINT ( 'NONE',  ( -49.10000000000000142, -8.767025567052019698E-15, 12.00000000000000000 ) ) ;
#2606 = CARTESIAN_POINT ( 'NONE',  ( -27.90000000000001634, -13.00000000000000533, 0.000000000000000000 ) ) ;
#2607 = EDGE_CURVE ( 'NONE', #2913, #7097, #7036, .T. ) ;
#2608 = CARTESIAN_POINT ( 'NONE',  ( 9.499984707532368233, 20.00782110201304675, 5.000000000000000888 ) ) ;
#2609 = VERTEX_POINT ( 'NONE', #4077 ) ;
#2610 = VERTEX_POINT ( 'NONE', #6452 ) ;
#2611 = VERTEX_POINT ( 'NONE', #2949 ) ;
#2612 = DIRECTION ( 'NONE',  ( 1.000000000000000000, 0.000000000000000000, 0.000000000000000000 ) ) ;
#2613 = LINE ( 'NONE', #821, #606 ) ;
#2614 = PLANE ( 'NONE',  #682 ) ;
#2615 = FACE_OUTER_BOUND ( 'NONE', #5319, .T. ) ;
#2616 = DIRECTION ( 'NONE',  ( 1.000000000000000000, 1.734723475976807094E-15, -2.168404344971008868E-16 ) ) ;
#2617 = VERTEX_POINT ( 'NONE', #5318 ) ;
#2618 = PLANE ( 'NONE',  #5292 ) ;
#2619 = DIRECTION ( 'NONE',  ( 1.491166311727914324E-16, -1.000000000000000000, -0.000000000000000000 ) ) ;
#2620 = CARTESIAN_POINT ( 'NONE',  ( 35.14667803813338764, -1.220877180265527162, 1.445837049880572378 ) ) ;
#2621 = ORIENTED_EDGE ( 'NONE', *, *, #6689, .T. ) ;
#2622 = ORIENTED_EDGE ( 'NONE', *, *, #6112, .F. ) ;
#2623 = ORIENTED_EDGE ( 'NONE', *, *, #2465, .F. ) ;
#2624 = ORIENTED_EDGE ( 'NONE', *, *, #3633, .F. ) ;
#2625 = DIRECTION ( 'NONE',  ( -0.000000000000000000, -0.000000000000000000, -1.000000000000000000 ) ) ;
#2626 = EDGE_CURVE ( 'NONE', #4273, #3219, #1170, .T. ) ;
#2627 = CARTESIAN_POINT ( 'NONE',  ( -11.67157287525389009, 28.00000000000000355, 2.000000000000001332 ) ) ;
#2628 = CARTESIAN_POINT ( 'NONE',  ( 39.89999999999999147, 7.000000000000003553, 12.00000000000000000 ) ) ;
#2629 = FACE_OUTER_BOUND ( 'NONE', #3755, .T. ) ;
#2630 = CARTESIAN_POINT ( 'NONE',  ( -35.11406214365821654, -1.520245409625223143, 4.125788303355180098 ) ) ;
#2631 = LINE ( 'NONE', #315, #5536 ) ;
#2632 = CARTESIAN_POINT ( 'NONE',  ( -32.82893218813453728, 19.99999999999999645, 12.00000000000000000 ) ) ;
#2633 = ORIENTED_EDGE ( 'NONE', *, *, #644, .T. ) ;
#2634 = CARTESIAN_POINT ( 'NONE',  ( -27.90000000000001634, -11.87355764515854872, 21.00000000000000000 ) ) ;
#2635 = ADVANCED_FACE ( 'NONE', ( #5745 ), #2793, .F. ) ;
#2636 = CARTESIAN_POINT ( 'NONE',  ( -32.82893218813453728, 18.00000000000000000, 12.00000000000000000 ) ) ;
#2637 = CARTESIAN_POINT ( 'NONE',  ( -46.58353137565740099, 4.295104907553104034, 14.35878209799835759 ) ) ;
#2638 = EDGE_CURVE ( 'NONE', #3678, #3240, #5504, .T. ) ;
#2639 = PLANE ( 'NONE',  #5898 ) ;
#2640 = CARTESIAN_POINT ( 'NONE',  ( -41.06341708904017906, -0.2782561788967007343, 20.73319325372073507 ) ) ;
#2641 = CARTESIAN_POINT ( 'NONE',  ( -23.32842712474619162, 18.00000000000000000, 10.82842712474619340 ) ) ;
#2642 = PLANE ( 'NONE',  #446 ) ;
#2643 = CYLINDRICAL_SURFACE ( 'NONE', #7172, 3.750000000000000000 ) ;
#2644 = EDGE_CURVE ( 'NONE', #6790, #3896, #2986, .T. ) ;
#2645 = EDGE_LOOP ( 'NONE', ( #5539, #537, #6522, #6896, #1193, #3703 ) ) ;
#2646 = ORIENTED_EDGE ( 'NONE', *, *, #4299, .T. ) ;
#2647 = ORIENTED_EDGE ( 'NONE', *, *, #145, .T. ) ;
#2648 = ORIENTED_EDGE ( 'NONE', *, *, #7458, .T. ) ;
#2649 = CARTESIAN_POINT ( 'NONE',  ( -4.828932188134533732, 18.00000000000000355, 37.13274595042155823 ) ) ;
#2650 = EDGE_CURVE ( 'NONE', #7279, #2010, #6897, .T. ) ;
#2651 = CARTESIAN_POINT ( 'NONE',  ( -51.10000000000000853, 4.214261501141092658, 9.500000000000008882 ) ) ;
#2652 = DIRECTION ( 'NONE',  ( -8.673617379884027583E-16, -1.000000000000000000, -0.000000000000000000 ) ) ;
#2653 = DIRECTION ( 'NONE',  ( -1.000000000000000000, 0.000000000000000000, 0.000000000000000000 ) ) ;
#2654 = LINE ( 'NONE', #7413, #366 ) ;
#2655 = ORIENTED_EDGE ( 'NONE', *, *, #6594, .F. ) ;
#2656 = VECTOR ( 'NONE', #4110, 1000.000000000000000 ) ;
#2657 = EDGE_CURVE ( 'NONE', #6286, #4282, #5932, .T. ) ;
#2658 = EDGE_CURVE ( 'NONE', #5243, #6955, #3856, .T. ) ;
#2659 = CARTESIAN_POINT ( 'NONE',  ( 13.99666578361247815, -30.29607895081618807, 19.50000000000000000 ) ) ;
#2660 = CARTESIAN_POINT ( 'NONE',  ( -44.43798266692416377, 5.334773596167500465, 12.55531244845028738 ) ) ;
#2661 = CARTESIAN_POINT ( 'NONE',  ( -9.499984707532368233, 20.00782110201305031, 5.000000000000000888 ) ) ;
#2662 = VECTOR ( 'NONE', #2816, 1000.000000000000000 ) ;
#2663 = DIRECTION ( 'NONE',  ( -1.000000000000000000, -9.941108744852766272E-17, 0.000000000000000000 ) ) ;
#2664 = CIRCLE ( 'NONE', #7024, 6.099999999999999645 ) ;
#2665 = VERTEX_POINT ( 'NONE', #2052 ) ;
#2666 = ORIENTED_EDGE ( 'NONE', *, *, #4821, .F. ) ;
#2667 = ORIENTED_EDGE ( 'NONE', *, *, #2539, .T. ) ;
#2668 = VERTEX_POINT ( 'NONE', #2099 ) ;
#2669 = CARTESIAN_POINT ( 'NONE',  ( 35.02076837256066710, 2.204336608542791343, 15.94813768249201225 ) ) ;
#2670 = CIRCLE ( 'NONE', #325, 13.28999999999999915 ) ;
#2671 = AXIS2_PLACEMENT_3D ( 'NONE', #7109, #1949, #3607 ) ;
#2672 = CARTESIAN_POINT ( 'NONE',  ( 33.00000000000000000, 13.50000000000000533, 24.00000000000000000 ) ) ;
#2673 = DIRECTION ( 'NONE',  ( 0.000000000000000000, 1.000000000000000000, 0.000000000000000000 ) ) ;
#2674 = PLANE ( 'NONE',  #5418 ) ;
#2675 = LINE ( 'NONE', #7433, #6538 ) ;
#2676 = CARTESIAN_POINT ( 'NONE',  ( -32.82893218813453728, 18.00000000000000000, 16.00000000000000000 ) ) ;
#2677 = CARTESIAN_POINT ( 'NONE',  ( -35.18853156014647965, 0.5719878014968799995, 17.34217340080258296 ) ) ;
#2678 = EDGE_CURVE ( 'NONE', #1259, #1177, #1283, .T. ) ;
#2679 = VERTEX_POINT ( 'NONE', #7438 ) ;
#2680 = AXIS2_PLACEMENT_3D ( 'NONE', #2066, #379, #1491 ) ;
#2681 = VERTEX_POINT ( 'NONE', #5554 ) ;
#2682 = VECTOR ( 'NONE', #4524, 1000.000000000000000 ) ;
#2683 = DIRECTION ( 'NONE',  ( 1.000000000000000000, -0.000000000000000000, -0.000000000000000000 ) ) ;
#2684 = CIRCLE ( 'NONE', #5409, 5.000000000000000888 ) ;
#2685 = CARTESIAN_POINT ( 'NONE',  ( 1.500000000000000222, 0.000000000000000000, 0.000000000000000000 ) ) ;
#2686 = CARTESIAN_POINT ( 'NONE',  ( -52.07330524070391675, 2.309026989955484943, 13.76102764905902553 ) ) ;
#2687 = CARTESIAN_POINT ( 'NONE',  ( -44.18035428231366524, -0.9889212313439663671, 17.53564870366598427 ) ) ;
#2688 = EDGE_CURVE ( 'NONE', #6514, #423, #2787, .T. ) ;
#2689 = DIRECTION ( 'NONE',  ( -1.000000000000000000, -2.668805347656626678E-16, 0.000000000000000000 ) ) ;
#2690 = DIRECTION ( 'NONE',  ( 0.000000000000000000, -0.000000000000000000, 1.000000000000000000 ) ) ;
#2691 = DIRECTION ( 'NONE',  ( 0.000000000000000000, 1.000000000000000000, 0.000000000000000000 ) ) ;
#2692 = ORIENTED_EDGE ( 'NONE', *, *, #4244, .T. ) ;
#2693 = VECTOR ( 'NONE', #2480, 1000.000000000000000 ) ;
#2694 = ORIENTED_EDGE ( 'NONE', *, *, #879, .T. ) ;
#2695 = ORIENTED_EDGE ( 'NONE', *, *, #6882, .F. ) ;
#2696 = VERTEX_POINT ( 'NONE', #6129 ) ;
#2697 = CARTESIAN_POINT ( 'NONE',  ( -33.00000000000001421, 13.49999999999998046, 0.000000000000000000 ) ) ;
#2698 = EDGE_CURVE ( 'NONE', #7062, #5160, #3812, .T. ) ;
#2699 = EDGE_CURVE ( 'NONE', #508, #2859, #933, .T. ) ;
#2700 = DIRECTION ( 'NONE',  ( -1.000000000000000000, 0.000000000000000000, 0.000000000000000000 ) ) ;
#2701 = DIRECTION ( 'NONE',  ( -1.000000000000000000, 0.000000000000000000, 0.000000000000000000 ) ) ;
#2702 = VECTOR ( 'NONE', #3031, 1000.000000000000000 ) ;
#2703 = PLANE ( 'NONE',  #3050 ) ;
#2704 = CARTESIAN_POINT ( 'NONE',  ( 8.100000000000015632, -24.41053361559590940, 10.00000000000000000 ) ) ;
#2705 = DIRECTION ( 'NONE',  ( -0.000000000000000000, -0.000000000000000000, -1.000000000000000000 ) ) ;
#2706 = VERTEX_POINT ( 'NONE', #4381 ) ;
#2707 = ORIENTED_EDGE ( 'NONE', *, *, #132, .F. ) ;
#2708 = VECTOR ( 'NONE', #5200, 1000.000000000000000 ) ;
#2709 = DIRECTION ( 'NONE',  ( 1.000000000000000000, 0.000000000000000000, 0.000000000000000000 ) ) ;
#2710 = LINE ( 'NONE', #2535, #1423 ) ;
#2711 = CARTESIAN_POINT ( 'NONE',  ( 30.99582909108850259, -9.712121023032965539, 9.399957375775613855 ) ) ;
#2712 = DIRECTION ( 'NONE',  ( 0.000000000000000000, 0.000000000000000000, 1.000000000000000000 ) ) ;
#2713 = AXIS2_PLACEMENT_3D ( 'NONE', #2070, #1493, #2022 ) ;
#2714 = ORIENTED_EDGE ( 'NONE', *, *, #505, .F. ) ;
#2715 = EDGE_CURVE ( 'NONE', #5774, #7608, #894, .T. ) ;
#2716 = VECTOR ( 'NONE', #1536, 1000.000000000000000 ) ;
#2717 = ORIENTED_EDGE ( 'NONE', *, *, #4393, .T. ) ;
#2718 = ORIENTED_EDGE ( 'NONE', *, *, #4298, .T. ) ;
#2719 = DIRECTION ( 'NONE',  ( -1.000000000000000000, 0.000000000000000000, 0.000000000000000000 ) ) ;
#2720 = AXIS2_PLACEMENT_3D ( 'NONE', #619, #6533, #3015 ) ;
#2721 = DIRECTION ( 'NONE',  ( 0.000000000000000000, 0.000000000000000000, -1.000000000000000000 ) ) ;
#2722 = CARTESIAN_POINT ( 'NONE',  ( 39.89999999999999147, -10.92893218813451384, 24.00000000000000000 ) ) ;
#2723 = LINE ( 'NONE', #399, #4034 ) ;
#2724 = CARTESIAN_POINT ( 'NONE',  ( -44.90000000000004832, -4.900000000000010125, 12.00000000000000000 ) ) ;
#2725 = DIRECTION ( 'NONE',  ( -0.000000000000000000, -0.000000000000000000, -1.000000000000000000 ) ) ;
#2726 = VERTEX_POINT ( 'NONE', #405 ) ;
#2727 = ORIENTED_EDGE ( 'NONE', *, *, #69, .T. ) ;
#2728 = DIRECTION ( 'NONE',  ( -0.000000000000000000, -0.000000000000000000, 1.000000000000000000 ) ) ;
#2729 = CARTESIAN_POINT ( 'NONE',  ( 14.40894241220452265, -21.99999999999999289, 24.00000000000000000 ) ) ;
#2730 = FACE_OUTER_BOUND ( 'NONE', #1135, .T. ) ;
#2731 = CARTESIAN_POINT ( 'NONE',  ( -41.29802215840084756, -1.023095753883229486, 20.44370606135677804 ) ) ;
#2732 = DIRECTION ( 'NONE',  ( 1.000000000000000000, 9.941108744852760109E-17, -2.775557561562890858E-16 ) ) ;
#2733 = LINE ( 'NONE', #7397, #6895 ) ;
#2734 = CARTESIAN_POINT ( 'NONE',  ( -35.19999999999999574, -0.01000000000000653144, 21.00000000000000000 ) ) ;
#2735 = EDGE_LOOP ( 'NONE', ( #1164, #3072, #2037, #6737, #3082 ) ) ;
#2736 = ORIENTED_EDGE ( 'NONE', *, *, #5087, .T. ) ;
#2737 = ORIENTED_EDGE ( 'NONE', *, *, #1082, .T. ) ;
#2738 = FACE_OUTER_BOUND ( 'NONE', #1223, .T. ) ;
#2739 = EDGE_CURVE ( 'NONE', #2403, #7279, #2794, .T. ) ;
#2740 = CARTESIAN_POINT ( 'NONE',  ( 34.96886854606704276, 2.483996336765233792, 7.819790172580272980 ) ) ;
#2741 = DIRECTION ( 'NONE',  ( 1.000000000000000000, -0.000000000000000000, -0.000000000000000000 ) ) ;
#2742 = DIRECTION ( 'NONE',  ( 1.000000000000000000, 0.000000000000000000, 0.000000000000000000 ) ) ;
#2743 = CARTESIAN_POINT ( 'NONE',  ( -39.90000000000000568, -1.734723475976807094E-15, 17.24999999999999645 ) ) ;
#2744 = DIRECTION ( 'NONE',  ( -0.000000000000000000, -0.000000000000000000, -1.000000000000000000 ) ) ;
#2745 = VERTEX_POINT ( 'NONE', #283 ) ;
#2746 = ORIENTED_EDGE ( 'NONE', *, *, #3251, .F. ) ;
#2747 = EDGE_CURVE ( 'NONE', #3058, #866, #2764, .T. ) ;
#2748 = CARTESIAN_POINT ( 'NONE',  ( 15.85515533723178372, -29.20284980162836064, 5.000000000000000000 ) ) ;
#2749 = FACE_OUTER_BOUND ( 'NONE', #3440, .T. ) ;
#2750 = FACE_OUTER_BOUND ( 'NONE', #2735, .T. ) ;
#2751 = ORIENTED_EDGE ( 'NONE', *, *, #557, .T. ) ;
#2752 = ORIENTED_EDGE ( 'NONE', *, *, #5810, .T. ) ;
#2753 = ORIENTED_EDGE ( 'NONE', *, *, #5074, .F. ) ;
#2754 = CARTESIAN_POINT ( 'NONE',  ( -14.91596253876791422, -26.27477210837486865, 19.50000000000000000 ) ) ;
#2755 = DIRECTION ( 'NONE',  ( -0.000000000000000000, -0.000000000000000000, 1.000000000000000000 ) ) ;
#2756 = CARTESIAN_POINT ( 'NONE',  ( -51.23860651754981888, -4.214261501141105981, 14.50000000000000711 ) ) ;
#2757 = EDGE_CURVE ( 'NONE', #2610, #6910, #3180, .T. ) ;
#2758 =( BOUNDED_CURVE ( )  B_SPLINE_CURVE ( 3, ( #7549, #5622, #316, #4469 ),
 .UNSPECIFIED., .F., .T. ) 
 B_SPLINE_CURVE_WITH_KNOTS ( ( 4, 4 ),
 ( 1.570796326794896558, 2.356194490192348834 ),
 .UNSPECIFIED. ) 
 CURVE ( )  GEOMETRIC_REPRESENTATION_ITEM ( )  RATIONAL_B_SPLINE_CURVE ( ( 1.000000000000000000, 0.9492530216741906779, 0.9492530216741906779, 1.000000000000000000 ) ) 
 REPRESENTATION_ITEM ( '' )  );
#2759 = FACE_OUTER_BOUND ( 'NONE', #4436, .T. ) ;
#2760 = CARTESIAN_POINT ( 'NONE',  ( -23.32842712474619162, 18.00000000000000000, 10.82842712474619340 ) ) ;
#2761 = CARTESIAN_POINT ( 'NONE',  ( -35.19850060656309410, 0.2386162571708106694, 17.26262128111624961 ) ) ;
#2762 = ORIENTED_EDGE ( 'NONE', *, *, #4549, .T. ) ;
#2763 = CARTESIAN_POINT ( 'NONE',  ( 34.66470743938229049, -3.743840110590293868, 19.27216054013346280 ) ) ;
#2764 = LINE ( 'NONE', #5106, #6000 ) ;
#2765 = DIRECTION ( 'NONE',  ( 0.000000000000000000, 0.000000000000000000, -1.000000000000000000 ) ) ;
#2766 = PLANE ( 'NONE',  #2418 ) ;
#2767 = CARTESIAN_POINT ( 'NONE',  ( 33.71918841647342191, 6.111744087681044491, 8.349697612475910802 ) ) ;
#2768 = CARTESIAN_POINT ( 'NONE',  ( 22.49999999999997868, 18.58578643762691840, 9.414213562373078048 ) ) ;
#2769 = CARTESIAN_POINT ( 'NONE',  ( 39.89999999999999147, -12.99999999999999112, 0.000000000000000000 ) ) ;
#2770 = EDGE_LOOP ( 'NONE', ( #6621, #5963, #6394, #2692 ) ) ;
#2771 = ORIENTED_EDGE ( 'NONE', *, *, #5551, .T. ) ;
#2772 = CYLINDRICAL_SURFACE ( 'NONE', #7033, 5.000000000000000888 ) ;
#2773 = CARTESIAN_POINT ( 'NONE',  ( 35.19303443987409707, 0.5027848707015639684, 8.724194275547841215 ) ) ;
#2774 = CARTESIAN_POINT ( 'NONE',  ( -9.500000000000003553, 18.00000000000000355, 2.000000000000000888 ) ) ;
#2775 = CARTESIAN_POINT ( 'NONE',  ( -14.95178133245642371, -26.25370222973456791, 5.000504645025176664 ) ) ;
#2776 = CARTESIAN_POINT ( 'NONE',  ( 35.20000000000000995, -6.098637220230962441E-16, 1.250000000000000222 ) ) ;
#2777 = VERTEX_POINT ( 'NONE', #7509 ) ;
#2778 = EDGE_LOOP ( 'NONE', ( #5844, #4332, #3246 ) ) ;
#2779 = DIRECTION ( 'NONE',  ( 1.491166311727914324E-16, -1.000000000000000000, 0.000000000000000000 ) ) ;
#2780 = CARTESIAN_POINT ( 'NONE',  ( 3.918869757271530263E-15, -32.00000000000000000, 16.50000000000000000 ) ) ;
#2781 = FACE_BOUND ( 'NONE', #6712, .T. ) ;
#2782 = CARTESIAN_POINT ( 'NONE',  ( -46.10000000000000142, 4.664761515876235443, 10.50000000000000178 ) ) ;
#2783 = DIRECTION ( 'NONE',  ( -1.000000000000000000, -9.941108744852766272E-17, -0.000000000000000000 ) ) ;
#2784 = VERTEX_POINT ( 'NONE', #2636 ) ;
#2785 = EDGE_LOOP ( 'NONE', ( #6469, #1862, #57, #1632 ) ) ;
#2786 = ORIENTED_EDGE ( 'NONE', *, *, #1863, .F. ) ;
#2787 = CIRCLE ( 'NONE', #190, 4.999999999999997335 ) ;
#2788 = VERTEX_POINT ( 'NONE', #247 ) ;
#2789 = CARTESIAN_POINT ( 'NONE',  ( -52.10000000000000853, -9.567667171349009773E-15, 12.00000000000000000 ) ) ;
#2790 = CARTESIAN_POINT ( 'NONE',  ( 7.500000000000003553, 20.00000000000000000, 1.999999999999998668 ) ) ;
#2791 = CARTESIAN_POINT ( 'NONE',  ( 3.918869757271530263E-15, -32.00000000000000000, -5.500000000000001776 ) ) ;
#2792 = EDGE_CURVE ( 'NONE', #508, #4918, #3431, .T. ) ;
#2793 = CYLINDRICAL_SURFACE ( 'NONE', #4765, 1.000000000000000888 ) ;
#2794 = CIRCLE ( 'NONE', #4389, 2.000000000000004441 ) ;
#2795 = ADVANCED_FACE ( 'NONE', ( #3387 ), #3497, .F. ) ;
#2796 = DIRECTION ( 'NONE',  ( -1.387778780781445676E-16, -1.379605977354753764E-32, -1.000000000000000000 ) ) ;
#2797 = ADVANCED_FACE ( 'NONE', ( #4741 ), #2289, .F. ) ;
#2798 = DIRECTION ( 'NONE',  ( 0.000000000000000000, 0.000000000000000000, -1.000000000000000000 ) ) ;
#2799 = CARTESIAN_POINT ( 'NONE',  ( -61.10000000000000142, -1.196959198423997211E-14, 12.00000000000000000 ) ) ;
#2800 = VECTOR ( 'NONE', #4136, 1000.000000000000000 ) ;
#2801 = VECTOR ( 'NONE', #5177, 1000.000000000000000 ) ;
#2802 = CARTESIAN_POINT ( 'NONE',  ( -13.08578643762698945, 27.41421356237308871, 5.000000000000004441 ) ) ;
#2803 = DIRECTION ( 'NONE',  ( 0.000000000000000000, 0.000000000000000000, -1.000000000000000000 ) ) ;
#2804 = CIRCLE ( 'NONE', #3301, 4.900000000000002132 ) ;
#2805 = PRESENTATION_STYLE_ASSIGNMENT (( #1644 ) ) ;
#2806 = CARTESIAN_POINT ( 'NONE',  ( -35.19999999999999574, -1.734723475976807094E-15, 19.00000000000000000 ) ) ;
#2807 = CIRCLE ( 'NONE', #5401, 3.750000000000000888 ) ;
#2808 = PRODUCT ( 'camera_case', 'camera_case', '', ( #6487 ) ) ;
#2809 = DIRECTION ( 'NONE',  ( 0.000000000000000000, 0.000000000000000000, 1.000000000000000000 ) ) ;
#2810 = ADVANCED_FACE ( 'NONE', ( #7044 ), #7086, .F. ) ;
#2811 = ADVANCED_FACE ( 'NONE', ( #1015 ), #4010, .T. ) ;
#2812 = ORIENTED_EDGE ( 'NONE', *, *, #7518, .F. ) ;
#2813 = FACE_OUTER_BOUND ( 'NONE', #7078, .T. ) ;
#2814 = VECTOR ( 'NONE', #7474, 1000.000000000000000 ) ;
#2815 = VECTOR ( 'NONE', #6436, 1000.000000000000000 ) ;
#2816 = DIRECTION ( 'NONE',  ( -0.000000000000000000, -0.000000000000000000, -1.000000000000000000 ) ) ;
#2817 = DIRECTION ( 'NONE',  ( 0.000000000000000000, -1.000000000000000000, 0.000000000000000000 ) ) ;
#2818 = DIRECTION ( 'NONE',  ( -1.000000000000000000, 0.000000000000000000, 0.000000000000000000 ) ) ;
#2819 = CARTESIAN_POINT ( 'NONE',  ( 8.100000000000020961, -18.82386459610387064, 5.030606796487933963 ) ) ;
#2820 = AXIS2_PLACEMENT_3D ( 'NONE', #2102, #897, #3140 ) ;
#2821 = ADVANCED_FACE ( 'NONE', ( #4119 ), #5861, .F. ) ;
#2822 = ORIENTED_EDGE ( 'NONE', *, *, #3039, .F. ) ;
#2823 = ORIENTED_EDGE ( 'NONE', *, *, #5998, .T. ) ;
#2824 = CARTESIAN_POINT ( 'NONE',  ( 11.09202757958309427, -33.37004792969053568, 17.18804567813539208 ) ) ;
#2825 = PLANE ( 'NONE',  #6661 ) ;
#2826 = CARTESIAN_POINT ( 'NONE',  ( 34.89999999999999147, 10.92893218813452805, 24.00000000000000000 ) ) ;
#2827 = CARTESIAN_POINT ( 'NONE',  ( 38.43553390593272923, 14.46446609406726402, 24.00000000000000000 ) ) ;
#2828 = DIRECTION ( 'NONE',  ( 1.000000000000000000, 5.204170427930421283E-15, -2.168404344971008868E-16 ) ) ;
#2829 = ORIENTED_EDGE ( 'NONE', *, *, #4247, .F. ) ;
#2830 = ORIENTED_EDGE ( 'NONE', *, *, #6013, .F. ) ;
#2831 = EDGE_LOOP ( 'NONE', ( #685, #3189, #6829, #6575, #6534, #3493, #6019, #6628 ) ) ;
#2832 = EDGE_CURVE ( 'NONE', #2668, #4307, #1552, .T. ) ;
#2833 = DIRECTION ( 'NONE',  ( -1.000000000000000000, -9.941108744852765039E-17, -0.000000000000000000 ) ) ;
#2834 = APPLICATION_CONTEXT ( 'automotive_design' ) ;
#2835 = CIRCLE ( 'NONE', #605, 16.09999999999999787 ) ;
#2836 = CARTESIAN_POINT ( 'NONE',  ( -8.099999999999996092, -13.30000000000000071, 0.000000000000000000 ) ) ;
#2837 = ADVANCED_FACE ( 'NONE', ( #1129 ), #6378, .F. ) ;
#2838 = ORIENTED_EDGE ( 'NONE', *, *, #4731, .T. ) ;
#2839 = VECTOR ( 'NONE', #7455, 1000.000000000000000 ) ;
#2840 = CARTESIAN_POINT ( 'NONE',  ( -7.500000000000005329, 20.00000000000000355, 2.000000000000000444 ) ) ;
#2841 = FACE_OUTER_BOUND ( 'NONE', #3630, .T. ) ;
#2842 = ORIENTED_EDGE ( 'NONE', *, *, #2887, .T. ) ;
#2843 = UNCERTAINTY_MEASURE_WITH_UNIT (LENGTH_MEASURE( 1.000000000000000082E-05 ), #3379, 'distance_accuracy_value', 'NONE');
#2844 = AXIS2_PLACEMENT_3D ( 'NONE', #5566, #6779, #3828 ) ;
#2845 = EDGE_CURVE ( 'NONE', #2859, #3530, #2914, .T. ) ;
#2846 = FACE_OUTER_BOUND ( 'NONE', #652, .T. ) ;
#2847 = DIRECTION ( 'NONE',  ( 0.000000000000000000, 0.000000000000000000, -1.000000000000000000 ) ) ;
#2848 = DIRECTION ( 'NONE',  ( 1.000000000000000000, -0.000000000000000000, 0.000000000000000000 ) ) ;
#2849 = LINE ( 'NONE', #5751, #216 ) ;
#2850 = CARTESIAN_POINT ( 'NONE',  ( 8.500000000000001776, 18.00000000000000355, 10.82842712474618629 ) ) ;
#2851 = AXIS2_PLACEMENT_3D ( 'NONE', #4151, #4227, #5294 ) ;
#2852 = ORIENTED_EDGE ( 'NONE', *, *, #6011, .F. ) ;
#2853 = EDGE_LOOP ( 'NONE', ( #1253, #2425, #1744, #1487 ) ) ;
#2854 = EDGE_CURVE ( 'NONE', #4733, #4766, #3907, .T. ) ;
#2855 = CARTESIAN_POINT ( 'NONE',  ( -8.100000000000013856, -22.51550841392083413, 6.545999955580854568 ) ) ;
#2856 = DIRECTION ( 'NONE',  ( 1.000000000000000000, 9.941108744852765039E-17, 0.000000000000000000 ) ) ;
#2857 = DIRECTION ( 'NONE',  ( 1.000000000000000000, 0.000000000000000000, 0.000000000000000000 ) ) ;
#2858 = FACE_OUTER_BOUND ( 'NONE', #6138, .T. ) ;
#2859 = VERTEX_POINT ( 'NONE', #4631 ) ;
#2860 = ORIENTED_EDGE ( 'NONE', *, *, #838, .F. ) ;
#2861 = DIRECTION ( 'NONE',  ( -1.000000000000000000, 0.000000000000000000, 4.956352788505163268E-16 ) ) ;
#2862 = FACE_OUTER_BOUND ( 'NONE', #778, .T. ) ;
#2863 = DIRECTION ( 'NONE',  ( 0.000000000000000000, 0.000000000000000000, 1.000000000000000000 ) ) ;
#2864 = CYLINDRICAL_SURFACE ( 'NONE', #2083, 2.000000000000003553 ) ;
#2865 = VERTEX_POINT ( 'NONE', #7007 ) ;
#2866 = EDGE_LOOP ( 'NONE', ( #4481, #3575, #4459, #1467, #4508 ) ) ;
#2867 = FACE_OUTER_BOUND ( 'NONE', #4696, .T. ) ;
#2868 = CARTESIAN_POINT ( 'NONE',  ( -10.90180841670001399, -34.08819856468884524, 19.50000000000000000 ) ) ;
#2869 = DIRECTION ( 'NONE',  ( 1.000000000000000000, 9.941108744852760109E-17, -2.775557561562890858E-16 ) ) ;
#2870 = ORIENTED_EDGE ( 'NONE', *, *, #6701, .T. ) ;
#2871 = LINE ( 'NONE', #4081, #7267 ) ;
#2872 = DIRECTION ( 'NONE',  ( 0.000000000000000000, 1.000000000000000000, 0.000000000000000000 ) ) ;
#2873 = ORIENTED_EDGE ( 'NONE', *, *, #3772, .F. ) ;
#2874 = CARTESIAN_POINT ( 'NONE',  ( 34.83335423258630215, -3.111818262695813520, 16.90081831641462173 ) ) ;
#2875 = ORIENTED_EDGE ( 'NONE', *, *, #6818, .T. ) ;
#2876 = EDGE_CURVE ( 'NONE', #2203, #5958, #2877, .T. ) ;
#2877 = LINE ( 'NONE', #585, #2526 ) ;
#2878 = FACE_OUTER_BOUND ( 'NONE', #4945, .T. ) ;
#2879 = LINE ( 'NONE', #5794, #4403 ) ;
#2880 = CARTESIAN_POINT ( 'NONE',  ( 33.47819976906318828, 6.557134187594364505, 8.269373248590003556 ) ) ;
#2881 = DIRECTION ( 'NONE',  ( 1.387778780781445676E-16, 1.379605977354753764E-32, 1.000000000000000000 ) ) ;
#2882 = DIRECTION ( 'NONE',  ( 1.000000000000000000, 0.000000000000000000, -0.000000000000000000 ) ) ;
#2883 = ADVANCED_FACE ( 'NONE', ( #2846 ), #3465, .F. ) ;
#2884 = ORIENTED_EDGE ( 'NONE', *, *, #5920, .T. ) ;
#2885 = EDGE_CURVE ( 'NONE', #7538, #2270, #1792, .T. ) ;
#2886 = CARTESIAN_POINT ( 'NONE',  ( -8.100000000000013856, -20.60178417345575852, 5.460259523234511470 ) ) ;
#2887 = EDGE_CURVE ( 'NONE', #7280, #7205, #3657, .T. ) ;
#2888 = CARTESIAN_POINT ( 'NONE',  ( 34.89999999999999147, -17.99999999999999289, 5.000000000000000000 ) ) ;
#2889 = DIRECTION ( 'NONE',  ( -0.000000000000000000, -0.000000000000000000, 1.000000000000000000 ) ) ;
#2890 = EDGE_CURVE ( 'NONE', #752, #486, #5393, .T. ) ;
#2891 = CARTESIAN_POINT ( 'NONE',  ( 8.100000000000019185, -19.54912558041421988, 5.148078031208759064 ) ) ;
#2892 = ADVANCED_FACE ( 'NONE', ( #2551 ), #3022, .F. ) ;
#2893 = VERTEX_POINT ( 'NONE', #6052 ) ;
#2894 = ORIENTED_EDGE ( 'NONE', *, *, #7644, .F. ) ;
#2895 = CARTESIAN_POINT ( 'NONE',  ( 34.13717759611207470, -5.222458352793664993, 8.689136554519139466 ) ) ;
#2896 = CARTESIAN_POINT ( 'NONE',  ( -9.499984707532368233, 20.00782110201305031, 7.992178897986963015 ) ) ;
#2897 = DIRECTION ( 'NONE',  ( 0.000000000000000000, 0.000000000000000000, -1.000000000000000000 ) ) ;
#2898 = FACE_OUTER_BOUND ( 'NONE', #142, .T. ) ;
#2899 = VERTEX_POINT ( 'NONE', #2437 ) ;
#2900 = EDGE_CURVE ( 'NONE', #5215, #4320, #196, .T. ) ;
#2901 = EDGE_CURVE ( 'NONE', #2992, #3742, #5467, .T. ) ;
#2902 = ORIENTED_EDGE ( 'NONE', *, *, #2595, .T. ) ;
#2903 = CARTESIAN_POINT ( 'NONE',  ( -26.90000000000000924, -3.000000000000004441, 21.00000000000000000 ) ) ;
#2904 =( NAMED_UNIT ( * ) SI_UNIT ( $, .STERADIAN. ) SOLID_ANGLE_UNIT ( ) );
#2905 = CYLINDRICAL_SURFACE ( 'NONE', #7522, 1.000000000000000888 ) ;
#2906 = LINE ( 'NONE', #3488, #2287 ) ;
#2907 = ORIENTED_EDGE ( 'NONE', *, *, #3804, .T. ) ;
#2908 = LINE ( 'NONE', #7589, #2419 ) ;
#2909 = LINE ( 'NONE', #5358, #2344 ) ;
#2910 = ORIENTED_EDGE ( 'NONE', *, *, #3683, .T. ) ;
#2911 = ORIENTED_EDGE ( 'NONE', *, *, #7518, .T. ) ;
#2912 = ORIENTED_EDGE ( 'NONE', *, *, #6724, .T. ) ;
#2913 = VERTEX_POINT ( 'NONE', #88 ) ;
#2914 = CIRCLE ( 'NONE', #7247, 1.749999999999999778 ) ;
#2915 = CARTESIAN_POINT ( 'NONE',  ( -39.90000000000000568, 7.000000000000003553, 12.00000000000000000 ) ) ;
#2916 = CARTESIAN_POINT ( 'NONE',  ( -44.55000000000005400, 0.1413007822294613247, 6.750000000000000888 ) ) ;
#2917 = CARTESIAN_POINT ( 'NONE',  ( -51.97774947983324978, 4.476878839404368371, 10.00397070302760838 ) ) ;
#2918 = EDGE_CURVE ( 'NONE', #3520, #270, #3097, .T. ) ;
#2919 = DIRECTION ( 'NONE',  ( -1.000000000000000000, -9.941108744852763806E-17, 2.775557561562891351E-16 ) ) ;
#2920 = CARTESIAN_POINT ( 'NONE',  ( 17.89999999999998792, 7.000000000000003553, 12.00000000000000000 ) ) ;
#2921 = CARTESIAN_POINT ( 'NONE',  ( 39.89999999999999147, 13.00000000000000533, 0.000000000000000000 ) ) ;
#2922 = AXIS2_PLACEMENT_3D ( 'NONE', #5077, #5565, #1025 ) ;
#2923 = VERTEX_POINT ( 'NONE', #4849 ) ;
#2924 = CIRCLE ( 'NONE', #5764, 1.750000000000005107 ) ;
#2925 = ORIENTED_EDGE ( 'NONE', *, *, #2011, .T. ) ;
#2926 = B_SPLINE_CURVE_WITH_KNOTS ( 'NONE', 3,
 ( #2093, #977, #925, #6207, #6846, #1512, #3805, #3762, #889, #5586, #2133, #3344, #4505, #2597, #1383, #3885, #2004, #6884, #2630, #276, #2045, #3850, #3296, #3255, #201, #3216, #1553, #7309 ),
 .UNSPECIFIED., .F., .F.,
 ( 4, 2, 2, 2, 2, 2, 2, 2, 2, 2, 2, 2, 2, 4 ),
 ( 0.000000000000000000, 0.0003410049730034222485, 0.0006820099460068444969, 0.001023014919010266800, 0.001364019892013688994, 0.002046029838020536635, 0.002728039784027384493, 0.003069044757030809940, 0.003410049730034234953, 0.003751054703037659966, 0.004092059676041085413, 0.004433064649044510426, 0.004774069622047935439, 0.005456079568054783731 ),
 .UNSPECIFIED. ) ;
#2927 = AXIS2_PLACEMENT_3D ( 'NONE', #7596, #483, #5255 ) ;
#2928 = ADVANCED_FACE ( 'NONE', ( #126 ), #3578, .F. ) ;
#2929 = VECTOR ( 'NONE', #6968, 1000.000000000000000 ) ;
#2930 = CARTESIAN_POINT ( 'NONE',  ( -8.100000000000013856, -21.91686502823282723, 6.118740325104566224 ) ) ;
#2931 = CARTESIAN_POINT ( 'NONE',  ( -34.08035884836485963, 5.349410698763196415, 11.40611617363363273 ) ) ;
#2932 = FACE_BOUND ( 'NONE', #5762, .T. ) ;
#2933 = CARTESIAN_POINT ( 'NONE',  ( -9.469599583732998482, 18.71635375577179872, 9.283646244228206612 ) ) ;
#2934 = AXIS2_PLACEMENT_3D ( 'NONE', #3954, #962, #2120 ) ;
#2935 = VERTEX_POINT ( 'NONE', #4774 ) ;
#2936 = CIRCLE ( 'NONE', #4548, 6.099999999999999645 ) ;
#2937 = ORIENTED_EDGE ( 'NONE', *, *, #2348, .T. ) ;
#2938 = EDGE_CURVE ( 'NONE', #4963, #6156, #1923, .T. ) ;
#2939 = ADVANCED_FACE ( 'NONE', ( #1815 ), #1348, .F. ) ;
#2940 = CARTESIAN_POINT ( 'NONE',  ( 34.68865841940705508, -3.662555366426510695, 10.27104802673593298 ) ) ;
#2941 = EDGE_CURVE ( 'NONE', #4356, #4237, #6083, .T. ) ;
#2942 = AXIS2_PLACEMENT_3D ( 'NONE', #842, #2086, #1421 ) ;
#2943 = LINE ( 'NONE', #5310, #2069 ) ;
#2944 = CARTESIAN_POINT ( 'NONE',  ( -44.17099830979041997, 0.9772454956294481798, 17.54401867114108171 ) ) ;
#2945 = EDGE_LOOP ( 'NONE', ( #6377, #3495 ) ) ;
#2946 = AXIS2_PLACEMENT_3D ( 'NONE', #5500, #7345, #2005 ) ;
#2947 = VECTOR ( 'NONE', #133, 1000.000000000000000 ) ;
#2948 = DIRECTION ( 'NONE',  ( -0.000000000000000000, -0.000000000000000000, 1.000000000000000000 ) ) ;
#2949 = CARTESIAN_POINT ( 'NONE',  ( -13.40894241220451732, -25.41283789321709818, 0.000000000000000000 ) ) ;
#2950 = VERTEX_POINT ( 'NONE', #6578 ) ;
#2951 = ADVANCED_FACE ( 'NONE', ( #1240 ), #5974, .T. ) ;
#2952 = CARTESIAN_POINT ( 'NONE',  ( -42.58456515516911622, 7.000000000000002665, 10.25000000000000000 ) ) ;
#2953 = CIRCLE ( 'NONE', #2438, 1.000000000000000888 ) ;
#2954 = DIRECTION ( 'NONE',  ( 1.000000000000000000, 2.668805347656630623E-16, 0.000000000000000000 ) ) ;
#2955 = AXIS2_PLACEMENT_3D ( 'NONE', #1857, #3068, #3025 ) ;
#2956 = ORIENTED_EDGE ( 'NONE', *, *, #1509, .F. ) ;
#2957 = ORIENTED_EDGE ( 'NONE', *, *, #3368, .F. ) ;
#2958 = VERTEX_POINT ( 'NONE', #3614 ) ;
#2959 = PLANE ( 'NONE',  #6775 ) ;
#2960 = CIRCLE ( 'NONE', #4934, 1.750000000000001554 ) ;
#2961 = DIRECTION ( 'NONE',  ( 0.000000000000000000, 0.000000000000000000, -1.000000000000000000 ) ) ;
#2962 = DIRECTION ( 'NONE',  ( 0.5070201265633942356, -0.8619342151577693567, 0.000000000000000000 ) ) ;
#2963 = CARTESIAN_POINT ( 'NONE',  ( -14.58960892669186116, -26.40028665373624506, 5.021621744942011745 ) ) ;
#2964 = CARTESIAN_POINT ( 'NONE',  ( 34.13633855738090261, 5.224454614669207686, 15.31198223773029099 ) ) ;
#2965 = CARTESIAN_POINT ( 'NONE',  ( 13.40894241220452443, -25.41283789321709818, 19.50000000000000000 ) ) ;
#2966 = ORIENTED_EDGE ( 'NONE', *, *, #6253, .T. ) ;
#2967 = AXIS2_PLACEMENT_3D ( 'NONE', #383, #2741, #6472 ) ;
#2968 = AXIS2_PLACEMENT_3D ( 'NONE', #1861, #93, #5296 ) ;
#2969 = VERTEX_POINT ( 'NONE', #198 ) ;
#2970 = VECTOR ( 'NONE', #6348, 1000.000000000000000 ) ;
#2971 = CARTESIAN_POINT ( 'NONE',  ( 35.16604927559753691, 0.9895720072740104012, 1.374564500053125471 ) ) ;
#2972 = CARTESIAN_POINT ( 'NONE',  ( -13.99666578361246572, -30.29607895081619517, 19.50000000000000000 ) ) ;
#2973 = CARTESIAN_POINT ( 'NONE',  ( -34.12358284082694126, 5.249512810225141379, 11.88470795675161540 ) ) ;
#2974 = DIRECTION ( 'NONE',  ( -0.7071067811865511255, 0.7071067811865440200, 0.000000000000000000 ) ) ;
#2975 = CARTESIAN_POINT ( 'NONE',  ( 32.05197223758753466, 8.603036302270304247, 15.39789485202963171 ) ) ;
#2976 = ORIENTED_EDGE ( 'NONE', *, *, #7546, .T. ) ;
#2977 = AXIS2_PLACEMENT_3D ( 'NONE', #4367, #6745, #1958 ) ;
#2978 = VERTEX_POINT ( 'NONE', #7116 ) ;
#2979 = EDGE_CURVE ( 'NONE', #1117, #903, #1779, .T. ) ;
#2980 = FACE_OUTER_BOUND ( 'NONE', #7013, .T. ) ;
#2981 = DIRECTION ( 'NONE',  ( 0.000000000000000000, 0.000000000000000000, 1.000000000000000000 ) ) ;
#2982 = EDGE_CURVE ( 'NONE', #1807, #82, #1579, .T. ) ;
#2983 = ORIENTED_EDGE ( 'NONE', *, *, #5477, .F. ) ;
#2984 = CARTESIAN_POINT ( 'NONE',  ( -11.67157287525389009, 28.00000000000000355, 5.000000000000004441 ) ) ;
#2985 = CARTESIAN_POINT ( 'NONE',  ( -46.10000000000000853, 4.214261501141070454, 13.50000000000000533 ) ) ;
#2986 = LINE ( 'NONE', #5353, #2169 ) ;
#2987 = ORIENTED_EDGE ( 'NONE', *, *, #63, .T. ) ;
#2988 = LINE ( 'NONE', #4763, #1684 ) ;
#2989 = DIRECTION ( 'NONE',  ( -1.000000000000000000, -9.941108744852762574E-17, 0.000000000000000000 ) ) ;
#2990 = EDGE_LOOP ( 'NONE', ( #6771, #255 ) ) ;
#2991 = ORIENTED_EDGE ( 'NONE', *, *, #887, .T. ) ;
#2992 = VERTEX_POINT ( 'NONE', #3170 ) ;
#2993 = DIRECTION ( 'NONE',  ( 1.000000000000000000, 0.000000000000000000, 0.000000000000000000 ) ) ;
#2994 = DIRECTION ( 'NONE',  ( -1.000000000000000000, 0.000000000000000000, 0.000000000000000000 ) ) ;
#2995 = CARTESIAN_POINT ( 'NONE',  ( 14.91596253876791955, -26.27477210837486510, 5.001513403221296450 ) ) ;
#2996 = CARTESIAN_POINT ( 'NONE',  ( -31.98212766968089937, -8.680504912630830461, 12.50414912207792106 ) ) ;
#2997 = CARTESIAN_POINT ( 'NONE',  ( 33.72163975690564541, 6.107124824658822781, 15.64934781503356298 ) ) ;
#2998 = CARTESIAN_POINT ( 'NONE',  ( 39.89999999999999147, -1.734723475976807094E-15, 19.00000000000000000 ) ) ;
#2999 = ORIENTED_EDGE ( 'NONE', *, *, #4592, .F. ) ;
#3000 = ORIENTED_EDGE ( 'NONE', *, *, #5800, .T. ) ;
#3001 = ORIENTED_EDGE ( 'NONE', *, *, #2315, .T. ) ;
#3002 = CARTESIAN_POINT ( 'NONE',  ( -31.93494420566419478, 8.735017963545779196, 11.73892775246186737 ) ) ;
#3003 = CARTESIAN_POINT ( 'NONE',  ( -15.85515533723177306, -29.20284980162833932, 5.000000000000000000 ) ) ;
#3004 = CARTESIAN_POINT ( 'NONE',  ( -33.62984733087406397, 6.277571860726681940, 13.59756574481658298 ) ) ;
#3005 = DIRECTION ( 'NONE',  ( -0.000000000000000000, -0.000000000000000000, 1.000000000000000000 ) ) ;
#3006 = CARTESIAN_POINT ( 'NONE',  ( -34.89999999999999858, -10.92893218813452272, 21.00000000000000000 ) ) ;
#3007 = ORIENTED_EDGE ( 'NONE', *, *, #381, .T. ) ;
#3008 = CYLINDRICAL_SURFACE ( 'NONE', #837, 1.750000000000001554 ) ;
#3009 = B_SPLINE_CURVE_WITH_KNOTS ( 'NONE', 3,
 ( #5341, #30, #1791, #3004, #636, #3510, #598, #7094, #4099, #4720, #5441, #1249, #3625, #2973, #5406, #4203, #2931, #5873, #5913, #137, #5986, #6585, #4788, #4233, #1280, #1757 ),
 .UNSPECIFIED., .F., .F.,
 ( 4, 2, 2, 2, 2, 2, 2, 2, 2, 2, 2, 2, 4 ),
 ( 0.006102290849581579364, 0.006828073706891379241, 0.007190965135546279613, 0.007553856564201180852, 0.008279639421510982464, 0.008642530850165881101, 0.009005422278820779738, 0.009368313707475678376, 0.009731205136130575278, 0.01009409656478547565, 0.01045698799344037255, 0.01118277085075017330, 0.01190855370805997404 ),
 .UNSPECIFIED. ) ;
#3010 = VERTEX_POINT ( 'NONE', #6204 ) ;
#3011 = DIRECTION ( 'NONE',  ( 9.941108744852765039E-17, -1.000000000000000000, 0.000000000000000000 ) ) ;
#3012 = CARTESIAN_POINT ( 'NONE',  ( 17.49999999999998934, 23.00000000000004974, 4.999999999999995559 ) ) ;
#3013 = ORIENTED_EDGE ( 'NONE', *, *, #5355, .F. ) ;
#3014 = CARTESIAN_POINT ( 'NONE',  ( -41.48133673318119463, -8.223734474809040407, 13.25613993956324599 ) ) ;
#3015 = DIRECTION ( 'NONE',  ( 1.000000000000000000, 0.000000000000000000, 0.000000000000000000 ) ) ;
#3016 = ORIENTED_EDGE ( 'NONE', *, *, #281, .T. ) ;
#3017 = ORIENTED_EDGE ( 'NONE', *, *, #3402, .F. ) ;
#3018 = ORIENTED_EDGE ( 'NONE', *, *, #4504, .T. ) ;
#3019 = ORIENTED_EDGE ( 'NONE', *, *, #6049, .F. ) ;
#3020 = CARTESIAN_POINT ( 'NONE',  ( -61.10000000000000142, -4.214261501141113975, 9.500000000000008882 ) ) ;
#3021 = EDGE_CURVE ( 'NONE', #3137, #3057, #5029, .T. ) ;
#3022 = PLANE ( 'NONE',  #1798 ) ;
#3023 = EDGE_CURVE ( 'NONE', #3678, #2600, #2310, .T. ) ;
#3024 = EDGE_CURVE ( 'NONE', #2027, #2609, #448, .T. ) ;
#3025 = DIRECTION ( 'NONE',  ( 1.000000000000000000, 0.000000000000000000, 0.000000000000000000 ) ) ;
#3026 = CARTESIAN_POINT ( 'NONE',  ( -27.90000000000001634, -11.87355764515854872, 24.00000000000000000 ) ) ;
#3027 = DIRECTION ( 'NONE',  ( -1.000000000000000000, 0.000000000000000000, 0.000000000000000000 ) ) ;
#3028 = ORIENTED_EDGE ( 'NONE', *, *, #1502, .F. ) ;
#3029 = AXIS2_PLACEMENT_3D ( 'NONE', #5246, #7616, #5890 ) ;
#3030 = B_SPLINE_CURVE_WITH_KNOTS ( 'NONE', 3,
 ( #5495, #3168, #271, #6161, #6750, #7376, #6242, #2591, #3291, #6795, #4418, #919, #6081, #5616, #2000, #3723, #2669, #7428, #195, #6202, #4925, #6116, #1921, #884 ),
 .UNSPECIFIED., .F., .F.,
 ( 4, 2, 2, 2, 2, 2, 2, 2, 2, 2, 2, 4 ),
 ( 0.000000000000000000, 0.0009983816859392559244, 0.001497572528908887790, 0.001996763371878519655, 0.002995145057817794228, 0.003494335900787431948, 0.003993526743757069668, 0.004991908429696336434, 0.005990290115635602333, 0.006489480958605236584, 0.006988671801574870834, 0.007987053487514139336 ),
 .UNSPECIFIED. ) ;
#3031 = DIRECTION ( 'NONE',  ( -0.000000000000000000, 0.000000000000000000, 1.000000000000000000 ) ) ;
#3032 = DIRECTION ( 'NONE',  ( -9.941108744852763806E-17, 1.000000000000000000, 0.000000000000000000 ) ) ;
#3033 = CIRCLE ( 'NONE', #2294, 2.900000000000003464 ) ;
#3034 = CARTESIAN_POINT ( 'NONE',  ( -7.099999999999996980, -13.30000000000000071, 1.000000000000000888 ) ) ;
#3035 = CARTESIAN_POINT ( 'NONE',  ( -14.40894241220451910, -20.99999999999998934, 24.00000000000000000 ) ) ;
#3036 = AXIS2_PLACEMENT_3D ( 'NONE', #3253, #5542, #2043 ) ;
#3037 = CARTESIAN_POINT ( 'NONE',  ( 12.49999999999999822, 23.00000000000004974, 4.999999999999997335 ) ) ;
#3038 = EDGE_CURVE ( 'NONE', #6980, #1142, #5662, .T. ) ;
#3039 = EDGE_CURVE ( 'NONE', #3888, #2582, #5050, .T. ) ;
#3040 = CARTESIAN_POINT ( 'NONE',  ( 29.95540305539142167, 10.58860107841773157, 10.87641628301035368 ) ) ;
#3041 = VERTEX_POINT ( 'NONE', #3760 ) ;
#3042 = ORIENTED_EDGE ( 'NONE', *, *, #6028, .T. ) ;
#3043 = CIRCLE ( 'NONE', #6132, 11.09999999999999432 ) ;
#3044 = AXIS2_PLACEMENT_3D ( 'NONE', #5488, #2030, #4407 ) ;
#3045 =( BOUNDED_CURVE ( )  B_SPLINE_CURVE ( 3, ( #5465, #6637, #6981, #7189 ),
 .UNSPECIFIED., .F., .T. ) 
 B_SPLINE_CURVE_WITH_KNOTS ( ( 4, 4 ),
 ( 3.079048061186961949, 4.459708725242622407 ),
 .UNSPECIFIED. ) 
 CURVE ( )  GEOMETRIC_REPRESENTATION_ITEM ( )  RATIONAL_B_SPLINE_CURVE ( ( 1.000000000000000000, 0.8473571362025635878, 0.8473571362025635878, 1.000000000000000000 ) ) 
 REPRESENTATION_ITEM ( '' )  );
#3046 = EDGE_CURVE ( 'NONE', #3290, #7097, #2173, .T. ) ;
#3047 = DIRECTION ( 'NONE',  ( 0.000000000000000000, 0.000000000000000000, -1.000000000000000000 ) ) ;
#3048 = VECTOR ( 'NONE', #7566, 1000.000000000000000 ) ;
#3049 = CARTESIAN_POINT ( 'NONE',  ( -41.43867877058008276, 1.205406022325389293, 20.27464061594571376 ) ) ;
#3050 = AXIS2_PLACEMENT_3D ( 'NONE', #1027, #3902, #1533 ) ;
#3051 = ORIENTED_EDGE ( 'NONE', *, *, #4834, .T. ) ;
#3052 = DIRECTION ( 'NONE',  ( 0.000000000000000000, 0.000000000000000000, -1.000000000000000000 ) ) ;
#3053 = CIRCLE ( 'NONE', #4679, 4.900000000000002132 ) ;
#3054 = CARTESIAN_POINT ( 'NONE',  ( -42.21844338719476752, 7.386376281631642726, 10.29034917570597329 ) ) ;
#3055 = CARTESIAN_POINT ( 'NONE',  ( -47.10000000000000853, -4.214261501141105093, 14.50000000000000178 ) ) ;
#3056 = DIRECTION ( 'NONE',  ( 0.000000000000000000, -1.000000000000000000, 0.000000000000000000 ) ) ;
#3057 = VERTEX_POINT ( 'NONE', #3213 ) ;
#3058 = VERTEX_POINT ( 'NONE', #2722 ) ;
#3059 = AXIS2_PLACEMENT_3D ( 'NONE', #6543, #1204, #3581 ) ;
#3060 = VERTEX_POINT ( 'NONE', #6163 ) ;
#3061 = VERTEX_POINT ( 'NONE', #845 ) ;
#3062 = EDGE_CURVE ( 'NONE', #5934, #752, #7465, .T. ) ;
#3063 = LINE ( 'NONE', #3020, #5903 ) ;
#3064 = ADVANCED_FACE ( 'NONE', ( #797 ), #5583, .F. ) ;
#3065 = DIRECTION ( 'NONE',  ( 0.000000000000000000, 0.000000000000000000, 1.000000000000000000 ) ) ;
#3066 = DIRECTION ( 'NONE',  ( 0.000000000000000000, 1.000000000000000000, 0.000000000000000000 ) ) ;
#3067 = VECTOR ( 'NONE', #607, 1000.000000000000000 ) ;
#3068 = DIRECTION ( 'NONE',  ( 0.000000000000000000, 0.000000000000000000, 1.000000000000000000 ) ) ;
#3069 = CARTESIAN_POINT ( 'NONE',  ( 37.89999999999999147, -6.098637220230962441E-16, 3.250000000000000444 ) ) ;
#3070 = CARTESIAN_POINT ( 'NONE',  ( -61.10000000000000142, -4.900000000000014566, 12.00000000000000000 ) ) ;
#3071 = DIRECTION ( 'NONE',  ( -1.000000000000000000, -2.668805347656626678E-16, 0.000000000000000000 ) ) ;
#3072 = ORIENTED_EDGE ( 'NONE', *, *, #3613, .F. ) ;
#3073 = DIRECTION ( 'NONE',  ( 1.000000000000000000, 0.000000000000000000, 0.000000000000000000 ) ) ;
#3074 = CARTESIAN_POINT ( 'NONE',  ( -32.10432519724373890, 8.536684220114393540, 11.15383165097605556 ) ) ;
#3075 = LINE ( 'NONE', #3107, #461 ) ;
#3076 = CARTESIAN_POINT ( 'NONE',  ( -33.78421034044774984, -5.981855927048451704, 10.55787775312098731 ) ) ;
#3077 = EDGE_CURVE ( 'NONE', #1959, #5650, #5618, .T. ) ;
#3078 = CYLINDRICAL_SURFACE ( 'NONE', #6411, 1.750000000000001554 ) ;
#3079 = VECTOR ( 'NONE', #464, 999.9999999999998863 ) ;
#3080 = CARTESIAN_POINT ( 'NONE',  ( 31.87572181984443631, 8.806396862041559359, 8.705907593926971444 ) ) ;
#3081 = ORIENTED_EDGE ( 'NONE', *, *, #6070, .T. ) ;
#3082 = ORIENTED_EDGE ( 'NONE', *, *, #318, .T. ) ;
#3083 = ORIENTED_EDGE ( 'NONE', *, *, #2561, .T. ) ;
#3084 = EDGE_CURVE ( 'NONE', #1671, #3568, #3913, .T. ) ;
#3085 = CARTESIAN_POINT ( 'NONE',  ( 13.27743229591008678, -30.71915747299406618, 24.00000000000000000 ) ) ;
#3086 = CARTESIAN_POINT ( 'NONE',  ( -44.55000000000005400, -0.1415552388986014987, 6.749999999999999112 ) ) ;
#3087 = ORIENTED_EDGE ( 'NONE', *, *, #753, .T. ) ;
#3088 = CARTESIAN_POINT ( 'NONE',  ( -21.91421356237308160, 18.58578643762690774, 2.000000000000002665 ) ) ;
#3089 = CARTESIAN_POINT ( 'NONE',  ( 14.40894241220452265, -21.99999999999999289, 19.50000000000000000 ) ) ;
#3090 = CARTESIAN_POINT ( 'NONE',  ( -42.12835831404082398, 7.484571287850829258, 13.68468641863776547 ) ) ;
#3091 = CARTESIAN_POINT ( 'NONE',  ( 34.69786257457020184, -3.629005309201152496, 4.023428191603743542 ) ) ;
#3092 = ORIENTED_EDGE ( 'NONE', *, *, #1218, .T. ) ;
#3093 = ORIENTED_EDGE ( 'NONE', *, *, #4298, .F. ) ;
#3094 = VERTEX_POINT ( 'NONE', #1473 ) ;
#3095 = DIRECTION ( 'NONE',  ( -1.000000000000000000, 0.000000000000000000, 0.000000000000000000 ) ) ;
#3096 = LINE ( 'NONE', #197, #1947 ) ;
#3097 = LINE ( 'NONE', #5428, #7134 ) ;
#3098 = DIRECTION ( 'NONE',  ( 0.000000000000000000, 0.000000000000000000, -1.000000000000000000 ) ) ;
#3099 = CARTESIAN_POINT ( 'NONE',  ( -32.10285882054154882, -8.538429467423405583, 12.84278569508190770 ) ) ;
#3100 = DIRECTION ( 'NONE',  ( 0.000000000000000000, 0.000000000000000000, -1.000000000000000000 ) ) ;
#3101 = CARTESIAN_POINT ( 'NONE',  ( -35.15787436868866678, 1.071554179564753850, 3.611749623260475772 ) ) ;
#3102 = EDGE_LOOP ( 'NONE', ( #6700, #572, #7083, #6793 ) ) ;
#3103 = ORIENTED_EDGE ( 'NONE', *, *, #1226, .T. ) ;
#3104 = ADVANCED_FACE ( 'NONE', ( #311, #6843 ), #3781, .T. ) ;
#3105 = CARTESIAN_POINT ( 'NONE',  ( -32.93695931358481488, 7.432253073202246263, 13.70927893084826188 ) ) ;
#3106 = EDGE_CURVE ( 'NONE', #3588, #1876, #4595, .T. ) ;
#3107 = CARTESIAN_POINT ( 'NONE',  ( 16.83804627249358177, -28.62467866323906662, 0.000000000000000000 ) ) ;
#3108 = DIRECTION ( 'NONE',  ( 0.000000000000000000, 0.000000000000000000, -1.000000000000000000 ) ) ;
#3109 = CARTESIAN_POINT ( 'NONE',  ( 3.918869757271530263E-15, -32.00000000000000000, 10.00000000000000000 ) ) ;
#3110 = CARTESIAN_POINT ( 'NONE',  ( -51.10000000000000853, -1.469693845669930443, 9.500000000000005329 ) ) ;
#3111 = EDGE_LOOP ( 'NONE', ( #5501, #4129, #1971, #67 ) ) ;
#3112 = ORIENTED_EDGE ( 'NONE', *, *, #960, .T. ) ;
#3113 = EDGE_CURVE ( 'NONE', #3794, #3982, #7654, .T. ) ;
#3114 = EDGE_CURVE ( 'NONE', #4219, #3484, #506, .T. ) ;
#3115 = EDGE_CURVE ( 'NONE', #2119, #3866, #1291, .T. ) ;
#3116 = CARTESIAN_POINT ( 'NONE',  ( -39.90000000000000568, -7.000000000000000888, 12.00000000000000000 ) ) ;
#3117 = CARTESIAN_POINT ( 'NONE',  ( -44.00740269073372701, -1.163016923692327786, 6.324425990651984186 ) ) ;
#3118 = ORIENTED_EDGE ( 'NONE', *, *, #7552, .F. ) ;
#3119 = CARTESIAN_POINT ( 'NONE',  ( 37.89999999999999147, -7.000000000000000888, 10.25000000000000000 ) ) ;
#3120 = FACE_BOUND ( 'NONE', #4380, .T. ) ;
#3121 = CARTESIAN_POINT ( 'NONE',  ( -42.21859281195444424, 7.386215528494846083, 13.70968183174912092 ) ) ;
#3122 = CARTESIAN_POINT ( 'NONE',  ( 34.67011016244646981, -3.725671849928252399, 4.507312170013630492 ) ) ;
#3123 = ORIENTED_EDGE ( 'NONE', *, *, #4174, .T. ) ;
#3124 = EDGE_CURVE ( 'NONE', #3232, #1469, #1041, .T. ) ;
#3125 = EDGE_CURVE ( 'NONE', #3177, #2706, #4587, .T. ) ;
#3126 = ORIENTED_EDGE ( 'NONE', *, *, #143, .T. ) ;
#3127 = ORIENTED_EDGE ( 'NONE', *, *, #5445, .T. ) ;
#3128 = ORIENTED_EDGE ( 'NONE', *, *, #6837, .F. ) ;
#3129 = ORIENTED_EDGE ( 'NONE', *, *, #1828, .F. ) ;
#3130 = LINE ( 'NONE', #6841, #7412 ) ;
#3131 = DIRECTION ( 'NONE',  ( 0.7071067811865477948, 0.7071067811865473507, -0.000000000000000000 ) ) ;
#3132 = DIRECTION ( 'NONE',  ( 1.000000000000000000, 9.941108744852765039E-17, 0.000000000000000000 ) ) ;
#3133 = CARTESIAN_POINT ( 'NONE',  ( -9.499984707532368233, 20.00782110201305031, 7.992178897986963015 ) ) ;
#3134 = CARTESIAN_POINT ( 'NONE',  ( -32.93838477109312635, -7.430179784586775860, 10.29005217061269484 ) ) ;
#3135 = DIRECTION ( 'NONE',  ( 1.000000000000000000, 2.668805347656626678E-16, -0.000000000000000000 ) ) ;
#3136 = CARTESIAN_POINT ( 'NONE',  ( -35.17151475021675111, 0.8847703529184210991, 6.514120187677431062 ) ) ;
#3137 = VERTEX_POINT ( 'NONE', #1636 ) ;
#3138 = CARTESIAN_POINT ( 'NONE',  ( -41.11115530430314635, -8.673780872509670559, 11.47219280398748076 ) ) ;
#3139 = DIRECTION ( 'NONE',  ( -1.000000000000000000, -9.941108744852765039E-17, -0.000000000000000000 ) ) ;
#3140 = DIRECTION ( 'NONE',  ( 1.000000000000000000, 0.000000000000000000, 0.000000000000000000 ) ) ;
#3141 = CARTESIAN_POINT ( 'NONE',  ( 14.23890654695919267, -26.41361730124368634, 5.062419729944320324 ) ) ;
#3142 = CARTESIAN_POINT ( 'NONE',  ( 17.89999999999998792, 0.000000000000000000, 21.00000000000000000 ) ) ;
#3143 = ORIENTED_EDGE ( 'NONE', *, *, #7552, .T. ) ;
#3144 = ORIENTED_EDGE ( 'NONE', *, *, #5726, .F. ) ;
#3145 = ORIENTED_EDGE ( 'NONE', *, *, #95, .T. ) ;
#3146 = ADVANCED_FACE ( 'NONE', ( #435, #6337, #7615 ), #4037, .F. ) ;
#3147 = CIRCLE ( 'NONE', #5640, 4.900000000000002132 ) ;
#3148 = VECTOR ( 'NONE', #6934, 1000.000000000000000 ) ;
#3149 = VERTEX_POINT ( 'NONE', #1703 ) ;
#3150 = CARTESIAN_POINT ( 'NONE',  ( -44.37506096322982074, 5.383020654443804176, 11.31922570708822562 ) ) ;
#3151 = CARTESIAN_POINT ( 'NONE',  ( -41.05000000000001847, 0.1411745546776095317, 20.74999999999999645 ) ) ;
#3152 = AXIS2_PLACEMENT_3D ( 'NONE', #4803, #7179, #3052 ) ;
#3153 = AXIS2_PLACEMENT_3D ( 'NONE', #4147, #6682, #735 ) ;
#3154 = ADVANCED_FACE ( 'NONE', ( #4075 ), #2165, .F. ) ;
#3155 = ORIENTED_EDGE ( 'NONE', *, *, #144, .T. ) ;
#3156 = CARTESIAN_POINT ( 'NONE',  ( -26.90000000000000924, -4.000000000000005329, 24.00000000000000000 ) ) ;
#3157 = DIRECTION ( 'NONE',  ( 1.000000000000000000, 0.000000000000000000, 0.000000000000000000 ) ) ;
#3158 = AXIS2_PLACEMENT_3D ( 'NONE', #732, #6577, #3095 ) ;
#3159 = VECTOR ( 'NONE', #5180, 1000.000000000000000 ) ;
#3160 = CARTESIAN_POINT ( 'NONE',  ( -36.36446609406726793, 16.53553390593273775, 0.000000000000000000 ) ) ;
#3161 = CARTESIAN_POINT ( 'NONE',  ( 35.19288379952308787, -0.5073948963063111828, 8.723652204631585860 ) ) ;
#3162 = EDGE_LOOP ( 'NONE', ( #7234, #6477 ) ) ;
#3163 = VERTEX_POINT ( 'NONE', #6449 ) ;
#3164 = ORIENTED_EDGE ( 'NONE', *, *, #3693, .F. ) ;
#3165 = AXIS2_PLACEMENT_3D ( 'NONE', #6336, #2130, #6409 ) ;
#3166 = ORIENTED_EDGE ( 'NONE', *, *, #691, .T. ) ;
#3167 = VECTOR ( 'NONE', #1650, 1000.000000000000227 ) ;
#3168 = CARTESIAN_POINT ( 'NONE',  ( 34.77461468568363756, 3.350590184971494967, 20.71697207896502491 ) ) ;
#3169 = CARTESIAN_POINT ( 'NONE',  ( 17.89999999999998792, -3.172144385112382281, 21.00000000000000000 ) ) ;
#3170 = CARTESIAN_POINT ( 'NONE',  ( 38.43553390593272923, -14.46446609406725159, 0.000000000000000000 ) ) ;
#3171 = EDGE_CURVE ( 'NONE', #413, #215, #2321, .T. ) ;
#3172 = CARTESIAN_POINT ( 'NONE',  ( -52.10000000000000853, -4.664761515876254094, 10.50000000000000533 ) ) ;
#3173 = CARTESIAN_POINT ( 'NONE',  ( -43.59545881514503662, -6.028399530462700717, 13.47128283812230087 ) ) ;
#3174 = AXIS2_PLACEMENT_3D ( 'NONE', #7381, #1477, #3256 ) ;
#3175 = FACE_OUTER_BOUND ( 'NONE', #684, .T. ) ;
#3176 = CARTESIAN_POINT ( 'NONE',  ( -35.17790709849745667, 0.7832316136644270621, 6.569116976559156384 ) ) ;
#3177 = VERTEX_POINT ( 'NONE', #3415 ) ;
#3178 = AXIS2_PLACEMENT_3D ( 'NONE', #3886, #4303, #2513 ) ;
#3179 = AXIS2_PLACEMENT_3D ( 'NONE', #4228, #1753, #4819 ) ;
#3180 = LINE ( 'NONE', #5144, #1286 ) ;
#3181 = CARTESIAN_POINT ( 'NONE',  ( 33.21327386202783316, -7.000000000000093259, 15.75000000000025047 ) ) ;
#3182 = CARTESIAN_POINT ( 'NONE',  ( -44.38622151436537422, -0.6594815273943478440, 17.37441346116268193 ) ) ;
#3183 = CARTESIAN_POINT ( 'NONE',  ( -20.21076683067359525, -21.99999999999999645, 24.00000000000000000 ) ) ;
#3184 = CARTESIAN_POINT ( 'NONE',  ( 20.21076683067359880, -21.99999999999999289, 24.00000000000000000 ) ) ;
#3185 = CARTESIAN_POINT ( 'NONE',  ( 37.89999999999999147, 7.000000000000003553, 12.00000000000000000 ) ) ;
#3186 = VERTEX_POINT ( 'NONE', #471 ) ;
#3187 = VECTOR ( 'NONE', #53, 1000.000000000000000 ) ;
#3188 = ORIENTED_EDGE ( 'NONE', *, *, #5226, .F. ) ;
#3189 = ORIENTED_EDGE ( 'NONE', *, *, #1497, .T. ) ;
#3190 = ORIENTED_EDGE ( 'NONE', *, *, #3023, .T. ) ;
#3191 = VECTOR ( 'NONE', #159, 1000.000000000000000 ) ;
#3192 = VECTOR ( 'NONE', #2705, 1000.000000000000000 ) ;
#3193 = ORIENTED_EDGE ( 'NONE', *, *, #2079, .F. ) ;
#3194 = CARTESIAN_POINT ( 'NONE',  ( -41.06245996768566187, -8.734394459833946911, 12.26818435631732562 ) ) ;
#3195 = CARTESIAN_POINT ( 'NONE',  ( -51.40282153820585620, 1.542553720136435880, 9.544068065465932449 ) ) ;
#3196 = CARTESIAN_POINT ( 'NONE',  ( -41.91502127849931725, -1.608750438439822350, 4.280179926353667064 ) ) ;
#3197 = VECTOR ( 'NONE', #7429, 1000.000000000000000 ) ;
#3198 = EDGE_CURVE ( 'NONE', #46, #215, #5852, .T. ) ;
#3199 = ORIENTED_EDGE ( 'NONE', *, *, #6836, .F. ) ;
#3200 = ADVANCED_FACE ( 'NONE', ( #6371, #4698 ), #5888, .T. ) ;
#3201 = DIRECTION ( 'NONE',  ( -0.000000000000000000, 0.000000000000000000, 1.000000000000000000 ) ) ;
#3202 = DIRECTION ( 'NONE',  ( 0.000000000000000000, 0.000000000000000000, -1.000000000000000000 ) ) ;
#3203 = CARTESIAN_POINT ( 'NONE',  ( -41.23745173724617530, 8.518049245992797225, 12.87986863339868471 ) ) ;
#3204 = AXIS2_PLACEMENT_3D ( 'NONE', #2047, #7223, #3345 ) ;
#3205 = ADVANCED_FACE ( 'NONE', ( #7075 ), #2905, .F. ) ;
#3206 = CARTESIAN_POINT ( 'NONE',  ( -49.10000000000000142, -8.767025567052019698E-15, 12.00000000000000000 ) ) ;
#3207 = ORIENTED_EDGE ( 'NONE', *, *, #3312, .T. ) ;
#3208 = EDGE_LOOP ( 'NONE', ( #3712, #7252, #3713, #6181, #5623, #4899, #2281, #6490, #3123, #3145, #4921, #3403, #6312, #5417, #333, #622, #3741, #700, #5083, #1946, #4023 ) ) ;
#3209 = EDGE_LOOP ( 'NONE', ( #5845, #645, #5000, #1755 ) ) ;
#3210 = VERTEX_POINT ( 'NONE', #7586 ) ;
#3211 = DIRECTION ( 'NONE',  ( -9.941108744852767504E-17, 1.000000000000000000, 0.000000000000000000 ) ) ;
#3212 = FACE_OUTER_BOUND ( 'NONE', #4865, .T. ) ;
#3213 = CARTESIAN_POINT ( 'NONE',  ( 39.89999999999999147, 7.000000000000003553, 13.75000000000000000 ) ) ;
#3214 = ADVANCED_FACE ( 'NONE', ( #6966 ), #7140, .F. ) ;
#3215 = DIRECTION ( 'NONE',  ( 1.000000000000000000, 3.958748233630338412E-17, 0.000000000000000000 ) ) ;
#3216 = CARTESIAN_POINT ( 'NONE',  ( -35.19382164771545263, -0.4669092279708302318, 3.297996721532588271 ) ) ;
#3217 = DIRECTION ( 'NONE',  ( 1.000000000000000000, -0.000000000000000000, -0.000000000000000000 ) ) ;
#3218 = CARTESIAN_POINT ( 'NONE',  ( 6.100000000000004086, -32.00000000000000000, -5.500000000000001776 ) ) ;
#3219 = VERTEX_POINT ( 'NONE', #2246 ) ;
#3220 = DIRECTION ( 'NONE',  ( -1.000000000000000000, -9.941108744852765039E-17, -0.000000000000000000 ) ) ;
#3221 = DIRECTION ( 'NONE',  ( -0.000000000000000000, 0.000000000000000000, -1.000000000000000000 ) ) ;
#3222 = CARTESIAN_POINT ( 'NONE',  ( -46.96139348245019107, 4.214261501141085553, 14.50000000000000533 ) ) ;
#3223 = CARTESIAN_POINT ( 'NONE',  ( -61.10000000000000142, -4.900000000000014566, 12.00000000000000000 ) ) ;
#3224 = CARTESIAN_POINT ( 'NONE',  ( -41.11539431425246960, -0.5453854718413967406, 20.66851432206667027 ) ) ;
#3225 = DIRECTION ( 'NONE',  ( 0.000000000000000000, 1.000000000000000000, 0.000000000000000000 ) ) ;
#3226 = DIRECTION ( 'NONE',  ( -2.815536131330090089E-16, 1.000000000000000000, 0.000000000000000000 ) ) ;
#3227 = CARTESIAN_POINT ( 'NONE',  ( 13.08578643762699478, 27.41421356237308871, 1.999999999999997780 ) ) ;
#3228 = ORIENTED_EDGE ( 'NONE', *, *, #3113, .F. ) ;
#3229 = EDGE_CURVE ( 'NONE', #4701, #5650, #1598, .T. ) ;
#3230 = ADVANCED_FACE ( 'NONE', ( #2209, #6568 ), #7180, .F. ) ;
#3231 = ORIENTED_EDGE ( 'NONE', *, *, #774, .T. ) ;
#3232 = VERTEX_POINT ( 'NONE', #6042 ) ;
#3233 = ORIENTED_EDGE ( 'NONE', *, *, #5074, .T. ) ;
#3234 = CARTESIAN_POINT ( 'NONE',  ( 31.24999999999999645, 13.50000000000000533, 0.000000000000000000 ) ) ;
#3235 = DIRECTION ( 'NONE',  ( -1.000000000000000000, -2.668805347656626678E-16, -0.000000000000000000 ) ) ;
#3236 = LINE ( 'NONE', #7410, #5933 ) ;
#3237 = FACE_OUTER_BOUND ( 'NONE', #203, .T. ) ;
#3238 = CARTESIAN_POINT ( 'NONE',  ( 2.684099361110245291E-15, -17.99999999999999645, 5.000000000000000000 ) ) ;
#3239 = DIRECTION ( 'NONE',  ( -1.000000000000000000, -9.941108744852765039E-17, -0.000000000000000000 ) ) ;
#3240 = VERTEX_POINT ( 'NONE', #647 ) ;
#3241 = CARTESIAN_POINT ( 'NONE',  ( -16.83804627249354624, -28.62467866323906307, 5.000000000000000000 ) ) ;
#3242 = EDGE_CURVE ( 'NONE', #6581, #998, #4839, .T. ) ;
#3243 = CYLINDRICAL_SURFACE ( 'NONE', #458, 4.999999999999997335 ) ;
#3244 = DIRECTION ( 'NONE',  ( -9.941108744852765039E-17, 1.000000000000000000, 0.000000000000000000 ) ) ;
#3245 = DIRECTION ( 'NONE',  ( -1.000000000000000000, -2.668805347656626678E-16, -0.000000000000000000 ) ) ;
#3246 = ORIENTED_EDGE ( 'NONE', *, *, #2650, .F. ) ;
#3247 = EDGE_LOOP ( 'NONE', ( #7299, #4041, #2135, #6315 ) ) ;
#3248 = ORIENTED_EDGE ( 'NONE', *, *, #2626, .F. ) ;
#3249 = ORIENTED_EDGE ( 'NONE', *, *, #753, .F. ) ;
#3250 = CYLINDRICAL_SURFACE ( 'NONE', #5910, 5.000000000000000888 ) ;
#3251 = EDGE_CURVE ( 'NONE', #1960, #4728, #4730, .T. ) ;
#3252 = LINE ( 'NONE', #6203, #4579 ) ;
#3253 = CARTESIAN_POINT ( 'NONE',  ( 37.89999999999999147, -1.734723475976807094E-15, 19.00000000000000000 ) ) ;
#3254 = PLANE ( 'NONE',  #733 ) ;
#3255 = CARTESIAN_POINT ( 'NONE',  ( -35.17151475021675111, -0.8847703529184809401, 3.485879812322605797 ) ) ;
#3256 = DIRECTION ( 'NONE',  ( 0.000000000000000000, 0.000000000000000000, -1.000000000000000000 ) ) ;
#3257 = DIRECTION ( 'NONE',  ( 1.491166311727914324E-16, -1.000000000000000000, 0.000000000000000000 ) ) ;
#3258 = ORIENTED_EDGE ( 'NONE', *, *, #1031, .F. ) ;
#3259 = CARTESIAN_POINT ( 'NONE',  ( 35.20000000000000995, 0.009999999999907263626, 0.000000000000000000 ) ) ;
#3260 = EDGE_CURVE ( 'NONE', #3270, #4229, #3636, .T. ) ;
#3261 = EDGE_CURVE ( 'NONE', #7253, #3177, #686, .T. ) ;
#3262 = EDGE_CURVE ( 'NONE', #3896, #5113, #4040, .T. ) ;
#3263 = CARTESIAN_POINT ( 'NONE',  ( -41.11550767288171926, 0.5457640429437853324, 3.331626311604568347 ) ) ;
#3264 = DIRECTION ( 'NONE',  ( 1.000000000000000000, -0.000000000000000000, -0.000000000000000000 ) ) ;
#3265 = DIRECTION ( 'NONE',  ( 1.000000000000000000, 0.000000000000000000, 0.000000000000000000 ) ) ;
#3266 = CARTESIAN_POINT ( 'NONE',  ( -10.90000000000001457, -4.000000000000002665, 0.000000000000000000 ) ) ;
#3267 = CARTESIAN_POINT ( 'NONE',  ( -33.82780816858502249, -5.892082878999103102, 13.35961790071565680 ) ) ;
#3268 = FACE_OUTER_BOUND ( 'NONE', #2214, .T. ) ;
#3269 = DIRECTION ( 'NONE',  ( -1.000000000000000000, 0.000000000000000000, 2.478176394252581634E-16 ) ) ;
#3270 = VERTEX_POINT ( 'NONE', #3012 ) ;
#3271 = EDGE_LOOP ( 'NONE', ( #4497, #4686 ) ) ;
#3272 = ORIENTED_EDGE ( 'NONE', *, *, #2876, .T. ) ;
#3273 = DIRECTION ( 'NONE',  ( 1.000000000000000000, -0.000000000000000000, -0.000000000000000000 ) ) ;
#3274 = EDGE_CURVE ( 'NONE', #2726, #1929, #4214, .T. ) ;
#3275 = CARTESIAN_POINT ( 'NONE',  ( 35.14667803813338054, 1.220877180265523387, 8.554162950119430064 ) ) ;
#3276 = DIRECTION ( 'NONE',  ( 0.8619342151577695788, -0.5070201265633936805, 0.000000000000000000 ) ) ;
#3277 = CARTESIAN_POINT ( 'NONE',  ( 13.40894241220452443, -25.41283789321709818, 24.00000000000000000 ) ) ;
#3278 = DIRECTION ( 'NONE',  ( 0.000000000000000000, -1.000000000000000000, 0.000000000000000000 ) ) ;
#3279 = DIRECTION ( 'NONE',  ( 1.000000000000000000, -0.000000000000000000, -0.000000000000000000 ) ) ;
#3280 = VERTEX_POINT ( 'NONE', #5457 ) ;
#3281 = ORIENTED_EDGE ( 'NONE', *, *, #3261, .F. ) ;
#3282 = FACE_OUTER_BOUND ( 'NONE', #6333, .T. ) ;
#3283 = CARTESIAN_POINT ( 'NONE',  ( -51.10000000000000853, 1.469693845669900245, 14.50000000000000178 ) ) ;
#3284 = DIRECTION ( 'NONE',  ( -1.000000000000000000, -9.941108744852765039E-17, 0.000000000000000000 ) ) ;
#3285 = VECTOR ( 'NONE', #6270, 1000.000000000000000 ) ;
#3286 = CARTESIAN_POINT ( 'NONE',  ( 9.500000000000008882, 20.00000000000000000, 8.000000000000010658 ) ) ;
#3287 = VECTOR ( 'NONE', #615, 1000.000000000000114 ) ;
#3288 = ORIENTED_EDGE ( 'NONE', *, *, #6503, .T. ) ;
#3289 = EDGE_LOOP ( 'NONE', ( #5535, #547, #5686, #5368 ) ) ;
#3290 = VERTEX_POINT ( 'NONE', #5352 ) ;
#3291 = CARTESIAN_POINT ( 'NONE',  ( 34.67112562699850287, 3.722733768821914424, 18.43953140612695307 ) ) ;
#3292 = VECTOR ( 'NONE', #75, 1000.000000000000000 ) ;
#3293 = VECTOR ( 'NONE', #6194, 1000.000000000000000 ) ;
#3294 = CARTESIAN_POINT ( 'NONE',  ( 11.83799211249914229, -31.98985566445015749, 7.378619622013157908 ) ) ;
#3295 = DIRECTION ( 'NONE',  ( -1.387778780781445676E-16, -1.379605977354753764E-32, -1.000000000000000000 ) ) ;
#3296 = CARTESIAN_POINT ( 'NONE',  ( -35.15776259639427792, -1.072912428254559236, 3.612831141701692950 ) ) ;
#3297 = LINE ( 'NONE', #361, #4422 ) ;
#3298 = CARTESIAN_POINT ( 'NONE',  ( 37.89999999999999147, -3.955505321723093897E-16, 6.750000000000000888 ) ) ;
#3299 = EDGE_LOOP ( 'NONE', ( #5613, #4499, #6851, #5705, #3513, #1479, #5345, #2966, #1013, #105, #7129, #1953 ) ) ;
#3300 = CARTESIAN_POINT ( 'NONE',  ( 34.74997251340889193, -3.443155728398425541, 17.47777860646171177 ) ) ;
#3301 = AXIS2_PLACEMENT_3D ( 'NONE', #1371, #1409, #7331 ) ;
#3302 = AXIS2_PLACEMENT_3D ( 'NONE', #5874, #560, #7679 ) ;
#3303 = EDGE_CURVE ( 'NONE', #2865, #3010, #4760, .T. ) ;
#3304 = CARTESIAN_POINT ( 'NONE',  ( -51.46878128347870529, -1.580626454401273140, 14.43192446750712676 ) ) ;
#3305 = AXIS2_PLACEMENT_3D ( 'NONE', #6654, #6025, #1896 ) ;
#3306 = CARTESIAN_POINT ( 'NONE',  ( -46.82577677230060686, 4.231855881549587473, 14.47084659414183605 ) ) ;
#3307 = DIRECTION ( 'NONE',  ( 0.000000000000000000, 0.000000000000000000, -1.000000000000000000 ) ) ;
#3308 = CARTESIAN_POINT ( 'NONE',  ( -43.64186376273998036, -1.442653765342935435, 17.98763888177766646 ) ) ;
#3309 = CARTESIAN_POINT ( 'NONE',  ( 11.09999999999999787, -32.00000000000000000, 19.50000000000000000 ) ) ;
#3310 = CARTESIAN_POINT ( 'NONE',  ( -0.000000000000000000, -20.99999999999998934, 5.000000000000000000 ) ) ;
#3311 = CARTESIAN_POINT ( 'NONE',  ( -44.52518211991416308, -5.268519640960335870, 11.71097563692071297 ) ) ;
#3312 = EDGE_CURVE ( 'NONE', #583, #5706, #2664, .T. ) ;
#3313 = VECTOR ( 'NONE', #3647, 1000.000000000000000 ) ;
#3314 = ORIENTED_EDGE ( 'NONE', *, *, #961, .F. ) ;
#3315 = VECTOR ( 'NONE', #4691, 1000.000000000000000 ) ;
#3316 = ORIENTED_EDGE ( 'NONE', *, *, #960, .F. ) ;
#3317 = ORIENTED_EDGE ( 'NONE', *, *, #1226, .F. ) ;
#3318 = DIRECTION ( 'NONE',  ( 0.000000000000000000, 0.000000000000000000, 1.000000000000000000 ) ) ;
#3319 = CARTESIAN_POINT ( 'NONE',  ( -46.10000000000000142, -4.900000000000010125, 12.00000000000000000 ) ) ;
#3320 = VECTOR ( 'NONE', #3784, 1000.000000000000000 ) ;
#3321 = CYLINDRICAL_SURFACE ( 'NONE', #2967, 1.749999999999999778 ) ;
#3322 = VECTOR ( 'NONE', #857, 1000.000000000000000 ) ;
#3323 = DIRECTION ( 'NONE',  ( 0.000000000000000000, 0.000000000000000000, -1.000000000000000000 ) ) ;
#3324 = CARTESIAN_POINT ( 'NONE',  ( -51.18027734401283624, 1.469693845669912458, 9.500000000000003553 ) ) ;
#3325 = CARTESIAN_POINT ( 'NONE',  ( -41.05000000000002558, -0.1391235032929107052, 3.250000000000000000 ) ) ;
#3326 = ORIENTED_EDGE ( 'NONE', *, *, #716, .F. ) ;
#3327 = ADVANCED_FACE ( 'NONE', ( #149 ), #4286, .F. ) ;
#3328 = ORIENTED_EDGE ( 'NONE', *, *, #2227, .F. ) ;
#3329 = AXIS2_PLACEMENT_3D ( 'NONE', #4387, #6770, #3818 ) ;
#3330 = AXIS2_PLACEMENT_3D ( 'NONE', #6104, #1840, #5379 ) ;
#3331 = CARTESIAN_POINT ( 'NONE',  ( 35.20000000000000995, 0.009999999999907263626, 21.00000000000000000 ) ) ;
#3332 = B_SPLINE_CURVE_WITH_KNOTS ( 'NONE', 3,
 ( #6872, #5126, #6362, #6958, #6327, #1000, #3370, #2238, #1627, #4613, #1032, #5765, #6398, #499, #5239, #6479, #3516, #566, #1729, #7067, #4104, #2940, #1143, #2352, #532, #5880, #7099, #2895, #5267, #5307, #3, #1112, #7643, #4725 ),
 .UNSPECIFIED., .F., .F.,
 ( 4, 2, 2, 2, 2, 2, 2, 2, 2, 2, 2, 2, 2, 2, 2, 2, 4 ),
 ( 0.01376936052131869093, 0.01453516432831430255, 0.01530096813530991244, 0.01606677194230552233, 0.01683257574930113395, 0.01759837955629674558, 0.01836418336329235373, 0.01912998717028796536, 0.01989579097728357351, 0.02066159478427918514, 0.02142739859127479329, 0.02219320239827040492, 0.02295900620526601654, 0.02372481001226162817, 0.02449061381925723979, 0.02525641762625285142, 0.02602222143324845957 ),
 .UNSPECIFIED. ) ;
#3333 = CARTESIAN_POINT ( 'NONE',  ( 33.21327386202783316, -7.000000000000093259, 15.75000000000025047 ) ) ;
#3334 = AXIS2_PLACEMENT_3D ( 'NONE', #1148, #5212, #7585 ) ;
#3335 = CARTESIAN_POINT ( 'NONE',  ( 6.100000000000004086, -32.00000000000000000, 24.00000000000000000 ) ) ;
#3336 = CIRCLE ( 'NONE', #5075, 3.750000000000000888 ) ;
#3337 = ORIENTED_EDGE ( 'NONE', *, *, #2698, .T. ) ;
#3338 = ORIENTED_EDGE ( 'NONE', *, *, #3402, .T. ) ;
#3339 = ORIENTED_EDGE ( 'NONE', *, *, #4549, .F. ) ;
#3340 = DIRECTION ( 'NONE',  ( 0.000000000000000000, 0.000000000000000000, 1.000000000000000000 ) ) ;
#3341 = VECTOR ( 'NONE', #7469, 1000.000000000000000 ) ;
#3342 = CARTESIAN_POINT ( 'NONE',  ( -44.90000000000004832, -7.646127321036251580E-15, 12.00000000000000000 ) ) ;
#3343 = DIRECTION ( 'NONE',  ( -0.000000000000000000, -0.000000000000000000, 1.000000000000000000 ) ) ;
#3344 = CARTESIAN_POINT ( 'NONE',  ( -35.09187509393028392, -1.704077662347928568, 5.458447603547075921 ) ) ;
#3345 = DIRECTION ( 'NONE',  ( 1.000000000000000000, 0.000000000000000000, -2.168404344971006896E-16 ) ) ;
#3346 = ORIENTED_EDGE ( 'NONE', *, *, #4975, .T. ) ;
#3347 = VECTOR ( 'NONE', #6076, 1000.000000000000000 ) ;
#3348 =( BOUNDED_CURVE ( )  B_SPLINE_CURVE ( 3, ( #3286, #2201, #5656, #393 ),
 .UNSPECIFIED., .F., .T. ) 
 B_SPLINE_CURVE_WITH_KNOTS ( ( 4, 4 ),
 ( 4.712388980384690562, 4.716299541358239367 ),
 .UNSPECIFIED. ) 
 CURVE ( )  GEOMETRIC_REPRESENTATION_ITEM ( )  RATIONAL_B_SPLINE_CURVE ( ( 1.000000000000000000, 0.9999987256264786240, 0.9999987256264786240, 1.000000000000000000 ) ) 
 REPRESENTATION_ITEM ( '' )  );
#3349 = CARTESIAN_POINT ( 'NONE',  ( 35.20000000000000995, -0.009999999999910150206, 21.00000000000000000 ) ) ;
#3350 = FACE_OUTER_BOUND ( 'NONE', #7093, .T. ) ;
#3351 = CARTESIAN_POINT ( 'NONE',  ( 39.89999999999999147, -1.734723475976807094E-15, 19.00000000000000000 ) ) ;
#3352 = CARTESIAN_POINT ( 'NONE',  ( 34.13415103185758426, 5.229521766202651634, 8.685442543772298407 ) ) ;
#3353 = DIRECTION ( 'NONE',  ( -1.000000000000000000, 0.000000000000000000, 0.000000000000000000 ) ) ;
#3354 = DIRECTION ( 'NONE',  ( 0.000000000000000000, 0.000000000000000000, -1.000000000000000000 ) ) ;
#3355 = FACE_BOUND ( 'NONE', #6415, .T. ) ;
#3356 = ORIENTED_EDGE ( 'NONE', *, *, #2890, .T. ) ;
#3357 = ORIENTED_EDGE ( 'NONE', *, *, #4412, .F. ) ;
#3358 = VERTEX_POINT ( 'NONE', #1261 ) ;
#3359 = CARTESIAN_POINT ( 'NONE',  ( -8.099999999999996092, -18.00000000000000000, 0.000000000000000000 ) ) ;
#3360 = ADVANCED_FACE ( 'NONE', ( #5419 ), #3674, .F. ) ;
#3361 = CARTESIAN_POINT ( 'NONE',  ( -49.10000000000000142, -1.469693845669918009, 14.50000000000000178 ) ) ;
#3362 = DIRECTION ( 'NONE',  ( 0.000000000000000000, 1.000000000000000000, 0.000000000000000000 ) ) ;
#3363 = CYLINDRICAL_SURFACE ( 'NONE', #7405, 2.000000000000001776 ) ;
#3364 = DIRECTION ( 'NONE',  ( 0.000000000000000000, 0.000000000000000000, -1.000000000000000000 ) ) ;
#3365 = CARTESIAN_POINT ( 'NONE',  ( 35.20000000000000995, -0.009999999999911170223, 8.749986666642968203 ) ) ;
#3366 = VERTEX_POINT ( 'NONE', #7242 ) ;
#3367 = ORIENTED_EDGE ( 'NONE', *, *, #7244, .F. ) ;
#3368 = EDGE_CURVE ( 'NONE', #6069, #4759, #1535, .T. ) ;
#3369 = EDGE_CURVE ( 'NONE', #1584, #300, #2924, .T. ) ;
#3370 = CARTESIAN_POINT ( 'NONE',  ( 34.13490784209365358, -5.227745226002983969, 15.31360777394734640 ) ) ;
#3371 = EDGE_CURVE ( 'NONE', #5722, #1208, #6075, .T. ) ;
#3372 = DIRECTION ( 'NONE',  ( -0.000000000000000000, -0.000000000000000000, 1.000000000000000000 ) ) ;
#3373 = CARTESIAN_POINT ( 'NONE',  ( 29.95286229586535498, -10.59052733432106486, 10.88241847206828616 ) ) ;
#3374 = CARTESIAN_POINT ( 'NONE',  ( -15.81253292872705707, -35.02882854878288299, 19.50000000000000000 ) ) ;
#3375 = EDGE_LOOP ( 'NONE', ( #4370, #999, #4887, #4143 ) ) ;
#3376 = EDGE_LOOP ( 'NONE', ( #4737, #4198, #3017, #3410 ) ) ;
#3377 = ORIENTED_EDGE ( 'NONE', *, *, #3125, .T. ) ;
#3378 = CARTESIAN_POINT ( 'NONE',  ( 11.67157287525389187, 28.00000000000000355, 4.999999999999997335 ) ) ;
#3379 =( LENGTH_UNIT ( ) NAMED_UNIT ( * ) SI_UNIT ( .MILLI., .METRE. ) );
#3380 = CARTESIAN_POINT ( 'NONE',  ( -35.19999999999999574, 0.009999999999899849418, 0.000000000000000000 ) ) ;
#3381 = DIRECTION ( 'NONE',  ( -1.000000000000000000, 0.000000000000000000, 0.000000000000000000 ) ) ;
#3382 = ADVANCED_FACE ( 'NONE', ( #302 ), #4493, .T. ) ;
#3383 = ADVANCED_FACE ( 'NONE', ( #3120, #2121 ), #3790, .T. ) ;
#3384 = LINE ( 'NONE', #7618, #3546 ) ;
#3385 = CARTESIAN_POINT ( 'NONE',  ( -35.15031487988830605, 1.160927435327510748, 17.68559683612762967 ) ) ;
#3386 = EDGE_LOOP ( 'NONE', ( #545, #4810, #268, #4251, #2823, #3972, #7330, #7550 ) ) ;
#3387 = FACE_OUTER_BOUND ( 'NONE', #3375, .T. ) ;
#3388 = CARTESIAN_POINT ( 'NONE',  ( 7.100000000000002309, -13.30000000000000249, 1.000000000000000888 ) ) ;
#3389 = CARTESIAN_POINT ( 'NONE',  ( -42.58456515516913043, -7.000000000000000000, 13.75000000000000000 ) ) ;
#3390 = CARTESIAN_POINT ( 'NONE',  ( 34.76544246290766438, 3.381147862940815152, 13.01626487439867574 ) ) ;
#3391 = DIRECTION ( 'NONE',  ( -1.000000000000000000, 0.000000000000000000, 0.000000000000000000 ) ) ;
#3392 = DIRECTION ( 'NONE',  ( -0.7071067811865473507, -0.7071067811865477948, 0.000000000000000000 ) ) ;
#3393 = DIRECTION ( 'NONE',  ( -0.8619342151577691347, -0.5070201265633943466, 0.000000000000000000 ) ) ;
#3394 = ORIENTED_EDGE ( 'NONE', *, *, #1401, .F. ) ;
#3395 = ORIENTED_EDGE ( 'NONE', *, *, #4082, .T. ) ;
#3396 = DIRECTION ( 'NONE',  ( 1.000000000000000000, 9.941108744852763806E-17, -0.000000000000000000 ) ) ;
#3397 = CARTESIAN_POINT ( 'NONE',  ( -35.19999999999999574, 0.009999999999899849418, 0.000000000000000000 ) ) ;
#3398 = DIRECTION ( 'NONE',  ( -0.000000000000000000, 0.000000000000000000, -1.000000000000000000 ) ) ;
#3399 = CARTESIAN_POINT ( 'NONE',  ( -34.89999999999999858, -18.00000000000000355, 0.000000000000000000 ) ) ;
#3400 = DIRECTION ( 'NONE',  ( 1.000000000000000000, 0.000000000000000000, -0.000000000000000000 ) ) ;
#3401 = EDGE_LOOP ( 'NONE', ( #1197, #7145, #2458, #5134, #7582, #2545, #4260, #2328, #1252, #2894, #4142, #6987, #1196, #4837, #967, #6835 ) ) ;
#3402 = EDGE_CURVE ( 'NONE', #5113, #1459, #5039, .T. ) ;
#3403 = ORIENTED_EDGE ( 'NONE', *, *, #6678, .T. ) ;
#3404 = EDGE_CURVE ( 'NONE', #1762, #6314, #2710, .T. ) ;
#3405 = LINE ( 'NONE', #5701, #5058 ) ;
#3406 = CARTESIAN_POINT ( 'NONE',  ( 10.17106781186546272, 20.00000000000000355, 14.00000000000000000 ) ) ;
#3407 = DIRECTION ( 'NONE',  ( -1.387778780781445676E-16, -1.379605977354753764E-32, -1.000000000000000000 ) ) ;
#3408 = EDGE_LOOP ( 'NONE', ( #1084, #5512 ) ) ;
#3409 = ADVANCED_FACE ( 'NONE', ( #7417 ), #2077, .F. ) ;
#3410 = ORIENTED_EDGE ( 'NONE', *, *, #4754, .T. ) ;
#3411 = CIRCLE ( 'NONE', #68, 1.750000000000005107 ) ;
#3412 = B_SPLINE_CURVE_WITH_KNOTS ( 'NONE', 3,
 ( #2972, #29, #1790, #4475 ),
 .UNSPECIFIED., .F., .F.,
 ( 4, 4 ),
 ( 6.254634441385501517E-18, 0.0008401887801933335086 ),
 .UNSPECIFIED. ) ;
#3413 = ORIENTED_EDGE ( 'NONE', *, *, #4506, .T. ) ;
#3414 = FACE_BOUND ( 'NONE', #5400, .T. ) ;
#3415 = CARTESIAN_POINT ( 'NONE',  ( -41.05000000000001137, 8.750000000000003553, 12.00000000000000000 ) ) ;
#3416 = AXIS2_PLACEMENT_3D ( 'NONE', #2017, #5066, #5753 ) ;
#3417 = DIRECTION ( 'NONE',  ( 1.000000000000000000, -2.312964634635741478E-16, -1.156482317317870739E-16 ) ) ;
#3418 = VECTOR ( 'NONE', #1118, 1000.000000000000000 ) ;
#3419 = CARTESIAN_POINT ( 'NONE',  ( 11.67157287525389187, 28.00000000000000355, 1.999999999999997780 ) ) ;
#3420 = ORIENTED_EDGE ( 'NONE', *, *, #1874, .F. ) ;
#3421 = VECTOR ( 'NONE', #896, 1000.000000000000000 ) ;
#3422 = TOROIDAL_SURFACE ( 'NONE', #3044, 14.09999999999999432, 3.000000000000000000 ) ;
#3423 = EDGE_CURVE ( 'NONE', #2969, #5236, #5517, .T. ) ;
#3424 = DIRECTION ( 'NONE',  ( 0.8619342151577693567, 0.5070201265633941246, 0.000000000000000000 ) ) ;
#3425 = CARTESIAN_POINT ( 'NONE',  ( 11.09999999999999609, -32.00000000000000000, 19.50000000000000000 ) ) ;
#3426 = DIRECTION ( 'NONE',  ( 1.000000000000000000, 9.637352644315594010E-17, -0.000000000000000000 ) ) ;
#3427 = CIRCLE ( 'NONE', #6913, 1.750000000000001554 ) ;
#3428 = DIRECTION ( 'NONE',  ( 0.000000000000000000, -0.000000000000000000, 1.000000000000000000 ) ) ;
#3429 = FACE_OUTER_BOUND ( 'NONE', #523, .T. ) ;
#3430 = CIRCLE ( 'NONE', #1434, 1.000000000000000888 ) ;
#3431 = B_SPLINE_CURVE_WITH_KNOTS ( 'NONE', 3,
 ( #5014, #2174, #6213, #3263, #6854, #2602, #6808, #1480, #4978, #1518, #5674, #7350, #6761, #1435, #6172, #2333, #5749, #3974, #1746, #3534, #5220, #4710, #4594, #5253, #2916, #6423 ),
 .UNSPECIFIED., .F., .F.,
 ( 4, 2, 2, 2, 2, 2, 2, 2, 2, 2, 2, 2, 4 ),
 ( 0.006656418410559106560, 0.007071696721510723274, 0.007486975032462339120, 0.008317531654365571681, 0.008732809965317183190, 0.009148088276268792965, 0.009978644898172026392, 0.01080920152007525982, 0.01163975814197849325, 0.01205503645293011863, 0.01247031476388174229, 0.01288559307483336594, 0.01330087138578499133 ),
 .UNSPECIFIED. ) ;
#3432 = VERTEX_POINT ( 'NONE', #6709 ) ;
#3433 = DIRECTION ( 'NONE',  ( -1.000000000000000000, 0.000000000000000000, 0.000000000000000000 ) ) ;
#3434 = VECTOR ( 'NONE', #5540, 1000.000000000000000 ) ;
#3435 = LINE ( 'NONE', #6471, #2662 ) ;
#3436 = CARTESIAN_POINT ( 'NONE',  ( -12.70206563436612512, -31.10088246350943919, 19.18659985049843542 ) ) ;
#3437 = DIRECTION ( 'NONE',  ( 1.000000000000000000, 0.000000000000000000, 0.000000000000000000 ) ) ;
#3438 = FACE_OUTER_BOUND ( 'NONE', #5820, .T. ) ;
#3439 = ORIENTED_EDGE ( 'NONE', *, *, #3720, .F. ) ;
#3440 = EDGE_LOOP ( 'NONE', ( #2366, #6582, #447, #7621, #6749, #7385, #4347 ) ) ;
#3441 = VECTOR ( 'NONE', #6662, 1000.000000000000000 ) ;
#3442 = VECTOR ( 'NONE', #7673, 1000.000000000000000 ) ;
#3443 = DIRECTION ( 'NONE',  ( 1.000000000000000000, 0.000000000000000000, 0.000000000000000000 ) ) ;
#3444 = FACE_OUTER_BOUND ( 'NONE', #1327, .T. ) ;
#3445 = LINE ( 'NONE', #1114, #3944 ) ;
#3446 = CARTESIAN_POINT ( 'NONE',  ( 10.17106781186546627, 20.00000000000000355, 14.00000000000000000 ) ) ;
#3447 = EDGE_CURVE ( 'NONE', #1142, #3742, #5609, .T. ) ;
#3448 = ORIENTED_EDGE ( 'NONE', *, *, #1305, .T. ) ;
#3449 = AXIS2_PLACEMENT_3D ( 'NONE', #1174, #4861, #5988 ) ;
#3450 = CIRCLE ( 'NONE', #1326, 5.000000000000000888 ) ;
#3451 = ORIENTED_EDGE ( 'NONE', *, *, #5533, .F. ) ;
#3452 = CARTESIAN_POINT ( 'NONE',  ( 32.82893218813451597, 13.00000000000000711, 0.000000000000000000 ) ) ;
#3453 = CARTESIAN_POINT ( 'NONE',  ( -51.10000000000000142, -43.10000000000001563, 13.50000000000000533 ) ) ;
#3454 = EDGE_CURVE ( 'NONE', #4188, #3704, #1372, .T. ) ;
#3455 = DIRECTION ( 'NONE',  ( 0.000000000000000000, 0.000000000000000000, 1.000000000000000000 ) ) ;
#3456 = ORIENTED_EDGE ( 'NONE', *, *, #2137, .F. ) ;
#3457 = VECTOR ( 'NONE', #112, 1000.000000000000000 ) ;
#3458 = DIRECTION ( 'NONE',  ( -1.000000000000000000, 0.000000000000000000, 0.000000000000000000 ) ) ;
#3459 = DIRECTION ( 'NONE',  ( 1.000000000000000000, 0.000000000000000000, 0.000000000000000000 ) ) ;
#3460 = VERTEX_POINT ( 'NONE', #3283 ) ;
#3461 = FACE_OUTER_BOUND ( 'NONE', #191, .T. ) ;
#3462 = EDGE_LOOP ( 'NONE', ( #6870, #3629, #1537, #7372 ) ) ;
#3463 = VECTOR ( 'NONE', #5031, 1000.000000000000000 ) ;
#3464 = ADVANCED_FACE ( 'NONE', ( #5653 ), #3422, .F. ) ;
#3465 = CYLINDRICAL_SURFACE ( 'NONE', #3776, 1.749999999999999778 ) ;
#3466 = CYLINDRICAL_SURFACE ( 'NONE', #2446, 1.750000000000005107 ) ;
#3467 = LINE ( 'NONE', #4554, #3540 ) ;
#3468 = CARTESIAN_POINT ( 'NONE',  ( 9.090441531509185324, 18.18763315161880101, 9.972958872481239467 ) ) ;
#3469 = VECTOR ( 'NONE', #4590, 1000.000000000000000 ) ;
#3470 = CARTESIAN_POINT ( 'NONE',  ( -35.19999999999999574, -6.098637220230962441E-16, 5.000000000000000000 ) ) ;
#3471 = FACE_BOUND ( 'NONE', #1777, .T. ) ;
#3472 = VERTEX_POINT ( 'NONE', #5088 ) ;
#3473 = CARTESIAN_POINT ( 'NONE',  ( 35.20000000000002416, 0.2586350382347729071, 1.250676362483056581 ) ) ;
#3474 = CYLINDRICAL_SURFACE ( 'NONE', #7065, 5.000000000000000888 ) ;
#3475 = CARTESIAN_POINT ( 'NONE',  ( 17.89999999999998792, -1.506211723428388469E-16, 8.750000000000000000 ) ) ;
#3476 = EDGE_CURVE ( 'NONE', #4273, #107, #6786, .T. ) ;
#3477 = ADVANCED_FACE ( 'NONE', ( #875 ), #3243, .T. ) ;
#3478 = CARTESIAN_POINT ( 'NONE',  ( -39.90000000000000568, -1.734723475976807094E-15, 19.00000000000000000 ) ) ;
#3479 = ORIENTED_EDGE ( 'NONE', *, *, #6461, .F. ) ;
#3480 = PLANE ( 'NONE',  #6282 ) ;
#3481 = DIRECTION ( 'NONE',  ( -1.000000000000000000, 0.000000000000000000, 0.000000000000000000 ) ) ;
#3482 = CARTESIAN_POINT ( 'NONE',  ( -21.90999999999999659, -0.01000000000000653144, 21.00000000000000000 ) ) ;
#3483 = B_SPLINE_CURVE_WITH_KNOTS ( 'NONE', 3,
 ( #6026, #61, #2452, #1830, #4751, #1867, #2410, #4828, #3550, #7125, #7200, #6556 ),
 .UNSPECIFIED., .F., .F.,
 ( 4, 2, 2, 2, 2, 4 ),
 ( 1.734723475976807094E-18, 0.0004085864697054258747, 0.0008171729394108500147, 0.001021466174263562085, 0.001225759409116274155, 0.001634345878821698945 ),
 .UNSPECIFIED. ) ;
#3484 = VERTEX_POINT ( 'NONE', #7221 ) ;
#3485 = EDGE_CURVE ( 'NONE', #2242, #3489, #452, .T. ) ;
#3486 = CARTESIAN_POINT ( 'NONE',  ( -9.750000000000000000, 24.00000000000000355, 24.00000000000000000 ) ) ;
#3487 = DIRECTION ( 'NONE',  ( 0.000000000000000000, 0.000000000000000000, -1.000000000000000000 ) ) ;
#3488 = CARTESIAN_POINT ( 'NONE',  ( 13.40894241220452265, -20.99999999999998934, 24.00000000000000000 ) ) ;
#3489 = VERTEX_POINT ( 'NONE', #737 ) ;
#3490 = FACE_OUTER_BOUND ( 'NONE', #503, .T. ) ;
#3491 = CARTESIAN_POINT ( 'NONE',  ( 34.89999999999999147, -17.99999999999999289, 0.000000000000000000 ) ) ;
#3492 = ORIENTED_EDGE ( 'NONE', *, *, #5860, .T. ) ;
#3493 = ORIENTED_EDGE ( 'NONE', *, *, #1987, .F. ) ;
#3494 = VERTEX_POINT ( 'NONE', #128 ) ;
#3495 = ORIENTED_EDGE ( 'NONE', *, *, #1276, .T. ) ;
#3496 = EDGE_CURVE ( 'NONE', #892, #1415, #78, .T. ) ;
#3497 = CYLINDRICAL_SURFACE ( 'NONE', #5386, 2.000000000000001776 ) ;
#3498 = B_SPLINE_CURVE_WITH_KNOTS ( 'NONE', 3,
 ( #5730, #4570, #6952, #2233, #4609, #2975, #6512, #5956, #5479, #1833, #1794, #4206, #3627, #6030, #601, #1761, #6587, #668, #65, #3552, #2491, #32, #709, #3040, #4271, #1899, #1868, #6065, #5444, #4790, #4128, #3080, #1251, #6558, #1221, #1282, #5408, #139 ),
 .UNSPECIFIED., .F., .F.,
 ( 4, 2, 2, 2, 2, 2, 2, 2, 2, 2, 2, 2, 2, 2, 2, 2, 2, 2, 4 ),
 ( 0.01230534722726486958, 0.01316708709343850613, 0.01402882695961214267, 0.01489056682578577921, 0.01575230669195941402, 0.01661404655813304709, 0.01747578642430667323, 0.01833752629048030630, 0.01876839622356712284, 0.01919926615665394284, 0.01963013608974075938, 0.02006100602282757939, 0.02092274588900121246, 0.02178448575517484553, 0.02264622562134847861, 0.02350796548752210474, 0.02436970535369573088, 0.02523144521986935701, 0.02609318508604298661 ),
 .UNSPECIFIED. ) ;
#3499 = CYLINDRICAL_SURFACE ( 'NONE', #6040, 0.9999999999999991118 ) ;
#3500 = DIRECTION ( 'NONE',  ( 0.000000000000000000, 0.000000000000000000, -1.000000000000000000 ) ) ;
#3501 = CARTESIAN_POINT ( 'NONE',  ( 34.76464971839578055, 3.384186211764380836, 10.97257507689956668 ) ) ;
#3502 = DIRECTION ( 'NONE',  ( 0.000000000000000000, 0.000000000000000000, -1.000000000000000000 ) ) ;
#3503 = CARTESIAN_POINT ( 'NONE',  ( -34.90000000000000568, 10.92893218813451561, 21.00000000000000000 ) ) ;
#3504 = EDGE_CURVE ( 'NONE', #6817, #4272, #3851, .T. ) ;
#3505 = CARTESIAN_POINT ( 'NONE',  ( -35.19999999999999574, 0.009999999999899849418, 21.00000000000000000 ) ) ;
#3506 = EDGE_CURVE ( 'NONE', #2274, #7141, #4669, .T. ) ;
#3507 = EDGE_CURVE ( 'NONE', #621, #6970, #7118, .T. ) ;
#3508 = ORIENTED_EDGE ( 'NONE', *, *, #7406, .T. ) ;
#3509 = DIRECTION ( 'NONE',  ( 0.5070201265633943466, -0.8619342151577692457, 0.000000000000000000 ) ) ;
#3510 = CARTESIAN_POINT ( 'NONE',  ( -33.78032334736680298, 5.987550772037558033, 13.43181118849148348 ) ) ;
#3511 = CARTESIAN_POINT ( 'NONE',  ( 39.89999999999999147, -12.99999999999999112, 21.00000000000000000 ) ) ;
#3512 = CARTESIAN_POINT ( 'NONE',  ( 8.100000000000019185, -21.60891277594943460, 5.933996712684392882 ) ) ;
#3513 = ORIENTED_EDGE ( 'NONE', *, *, #2876, .F. ) ;
#3514 = ORIENTED_EDGE ( 'NONE', *, *, #2979, .F. ) ;
#3515 = EDGE_CURVE ( 'NONE', #6250, #2027, #1311, .T. ) ;
#3516 = CARTESIAN_POINT ( 'NONE',  ( 34.79891053975116932, -3.250383503744421976, 12.26226810740242357 ) ) ;
#3517 = CARTESIAN_POINT ( 'NONE',  ( -46.96168036552500524, 4.214261501141093547, 9.500000000000001776 ) ) ;
#3518 = CARTESIAN_POINT ( 'NONE',  ( -44.24848879658606648, 0.8798416201570933293, 17.48228750046337510 ) ) ;
#3519 = ORIENTED_EDGE ( 'NONE', *, *, #1666, .T. ) ;
#3520 = VERTEX_POINT ( 'NONE', #5976 ) ;
#3521 = B_SPLINE_CURVE_WITH_KNOTS ( 'NONE', 3,
 ( #200, #6579, #2439, #4300, #7151, #1241 ),
 .UNSPECIFIED., .F., .F.,
 ( 4, 2, 4 ),
 ( -1.174258289790465758E-05, 0.001505978628496092890, 0.003023699839890090120 ),
 .UNSPECIFIED. ) ;
#3522 = DIRECTION ( 'NONE',  ( 1.000000000000000000, -0.000000000000000000, -0.000000000000000000 ) ) ;
#3523 =( NAMED_UNIT ( * ) PLANE_ANGLE_UNIT ( ) SI_UNIT ( $, .RADIAN. ) );
#3524 = CARTESIAN_POINT ( 'NONE',  ( 37.89999999999999147, 7.000000000000003553, 8.250000000000000000 ) ) ;
#3525 = ORIENTED_EDGE ( 'NONE', *, *, #199, .F. ) ;
#3526 = CARTESIAN_POINT ( 'NONE',  ( -2.500000000000008882, 13.29999999999999893, 12.00000000000000000 ) ) ;
#3527 = CARTESIAN_POINT ( 'NONE',  ( -8.848075773645296849, 18.05832543307477422, 10.33287115087355978 ) ) ;
#3528 = ORIENTED_EDGE ( 'NONE', *, *, #7546, .F. ) ;
#3529 = VERTEX_POINT ( 'NONE', #1271 ) ;
#3530 = VERTEX_POINT ( 'NONE', #6015 ) ;
#3531 = ORIENTED_EDGE ( 'NONE', *, *, #5839, .F. ) ;
#3532 = AXIS2_PLACEMENT_3D ( 'NONE', #6502, #1099, #2223 ) ;
#3533 = CIRCLE ( 'NONE', #6128, 11.09999999999999609 ) ;
#3534 = CARTESIAN_POINT ( 'NONE',  ( -44.17013292903795474, 0.9782914923290841891, 6.455287192512171757 ) ) ;
#3535 = CARTESIAN_POINT ( 'NONE',  ( 37.89999999999999147, -1.734723475976807094E-15, 15.24999999999999822 ) ) ;
#3536 = CARTESIAN_POINT ( 'NONE',  ( -14.75877180410781264, -26.35374960037583492, 5.008123559986366047 ) ) ;
#3537 = CARTESIAN_POINT ( 'NONE',  ( 38.43553390593272923, 14.46446609406726402, 0.000000000000000000 ) ) ;
#3538 = FACE_BOUND ( 'NONE', #6097, .T. ) ;
#3539 = DIRECTION ( 'NONE',  ( -1.000000000000000000, 0.000000000000000000, 0.000000000000000000 ) ) ;
#3540 = VECTOR ( 'NONE', #3426, 1000.000000000000000 ) ;
#3541 = VERTEX_POINT ( 'NONE', #3069 ) ;
#3542 = EDGE_CURVE ( 'NONE', #1931, #6514, #4467, .T. ) ;
#3543 = VECTOR ( 'NONE', #3487, 1000.000000000000000 ) ;
#3544 = EDGE_LOOP ( 'NONE', ( #2202, #7324, #748, #3000 ) ) ;
#3545 = VECTOR ( 'NONE', #6567, 1000.000000000000000 ) ;
#3546 = VECTOR ( 'NONE', #2796, 1000.000000000000000 ) ;
#3547 =( BOUNDED_CURVE ( )  B_SPLINE_CURVE ( 3, ( #1109, #1140, #2933, #455 ),
 .UNSPECIFIED., .F., .T. ) 
 B_SPLINE_CURVE_WITH_KNOTS ( ( 4, 4 ),
 ( 4.712388980384689674, 5.139467566777160101 ),
 .UNSPECIFIED. ) 
 CURVE ( )  GEOMETRIC_REPRESENTATION_ITEM ( )  RATIONAL_B_SPLINE_CURVE ( ( 1.000000000000000000, 0.9848579932443005669, 0.9848579932443005669, 1.000000000000000000 ) ) 
 REPRESENTATION_ITEM ( '' )  );
#3548 = LINE ( 'NONE', #5912, #7386 ) ;
#3549 = EDGE_CURVE ( 'NONE', #1555, #6944, #4903, .T. ) ;
#3550 = CARTESIAN_POINT ( 'NONE',  ( -46.64235755577321640, -4.276802767314928921, 9.608372967416425325 ) ) ;
#3551 = FACE_OUTER_BOUND ( 'NONE', #4800, .T. ) ;
#3552 = CARTESIAN_POINT ( 'NONE',  ( 29.73798853134111653, 10.74995789369141264, 11.85377025553517072 ) ) ;
#3553 = ORIENTED_EDGE ( 'NONE', *, *, #6253, .F. ) ;
#3554 = CIRCLE ( 'NONE', #5905, 11.10000000000000320 ) ;
#3555 = ORIENTED_EDGE ( 'NONE', *, *, #887, .F. ) ;
#3556 = CARTESIAN_POINT ( 'NONE',  ( -52.10000000000000853, 1.469693845669889365, 13.50000000000000533 ) ) ;
#3557 = VECTOR ( 'NONE', #1662, 1000.000000000000000 ) ;
#3558 = DIRECTION ( 'NONE',  ( 5.151865880056171617E-16, 0.7071067811865514585, -0.7071067811865435759 ) ) ;
#3559 = CARTESIAN_POINT ( 'NONE',  ( 15.81253292872706062, -35.02882854878291141, 19.50000000000000000 ) ) ;
#3560 = ORIENTED_EDGE ( 'NONE', *, *, #3691, .F. ) ;
#3561 = ORIENTED_EDGE ( 'NONE', *, *, #5477, .T. ) ;
#3562 = CIRCLE ( 'NONE', #7282, 1.749999999999999778 ) ;
#3563 = CIRCLE ( 'NONE', #4922, 4.900000000000002132 ) ;
#3564 = DIRECTION ( 'NONE',  ( 0.000000000000000000, 0.000000000000000000, -1.000000000000000000 ) ) ;
#3565 = APPLICATION_PROTOCOL_DEFINITION ( 'draft international standard', 'automotive_design', 1998, #4559 ) ;
#3566 = CARTESIAN_POINT ( 'NONE',  ( -41.48241616541775301, 8.222453403036093178, 10.74264328147162750 ) ) ;
#3567 = CARTESIAN_POINT ( 'NONE',  ( 9.750000000000000000, 24.00000000000000000, 5.000000000000000888 ) ) ;
#3568 = VERTEX_POINT ( 'NONE', #5101 ) ;
#3569 = LINE ( 'NONE', #3745, #5899 ) ;
#3570 = AXIS2_PLACEMENT_3D ( 'NONE', #5041, #3244, #5089 ) ;
#3571 = CARTESIAN_POINT ( 'NONE',  ( -44.90000000000004832, -7.646127321036251580E-15, 12.00000000000000000 ) ) ;
#3572 = CIRCLE ( 'NONE', #1211, 1.000000000000000888 ) ;
#3573 = ORIENTED_EDGE ( 'NONE', *, *, #6360, .F. ) ;
#3574 = VERTEX_POINT ( 'NONE', #6247 ) ;
#3575 = ORIENTED_EDGE ( 'NONE', *, *, #4424, .F. ) ;
#3576 = DIRECTION ( 'NONE',  ( -1.387778780781445676E-16, -1.379605977354753764E-32, -1.000000000000000000 ) ) ;
#3577 = AXIS2_PLACEMENT_3D ( 'NONE', #3478, #5843, #5264 ) ;
#3578 = PLANE ( 'NONE',  #3153 ) ;
#3579 = CIRCLE ( 'NONE', #720, 13.28999999999999915 ) ;
#3580 = DIRECTION ( 'NONE',  ( 1.000000000000000000, -0.000000000000000000, -0.000000000000000000 ) ) ;
#3581 = DIRECTION ( 'NONE',  ( 0.000000000000000000, 0.000000000000000000, -1.000000000000000000 ) ) ;
#3582 = CARTESIAN_POINT ( 'NONE',  ( -35.19999999999998863, 0.1253127035074571849, 3.250687512154437631 ) ) ;
#3583 = FACE_OUTER_BOUND ( 'NONE', #7085, .T. ) ;
#3584 = CYLINDRICAL_SURFACE ( 'NONE', #1818, 1.750000000000001554 ) ;
#3585 = ORIENTED_EDGE ( 'NONE', *, *, #854, .T. ) ;
#3586 = VECTOR ( 'NONE', #3276, 999.9999999999998863 ) ;
#3587 = AXIS2_PLACEMENT_3D ( 'NONE', #2780, #5165, #6990 ) ;
#3588 = VERTEX_POINT ( 'NONE', #4929 ) ;
#3589 = AXIS2_PLACEMENT_3D ( 'NONE', #6209, #891, #4507 ) ;
#3590 = CARTESIAN_POINT ( 'NONE',  ( -49.10000000000000142, 1.469693845669900689, 14.50000000000000178 ) ) ;
#3591 = CARTESIAN_POINT ( 'NONE',  ( -14.07948995927561242, -30.24735884748490733, 5.355050072567244968 ) ) ;
#3592 = LINE ( 'NONE', #3035, #2217 ) ;
#3593 = DIRECTION ( 'NONE',  ( 0.000000000000000000, 0.000000000000000000, -1.000000000000000000 ) ) ;
#3594 = DIRECTION ( 'NONE',  ( -1.000000000000000000, 0.000000000000000000, 0.000000000000000000 ) ) ;
#3595 = ORIENTED_EDGE ( 'NONE', *, *, #4826, .T. ) ;
#3596 = VERTEX_POINT ( 'NONE', #5664 ) ;
#3597 = CARTESIAN_POINT ( 'NONE',  ( 34.89999999999999147, 20.00000000000000355, 10.82842712474617919 ) ) ;
#3598 = DIRECTION ( 'NONE',  ( 0.000000000000000000, 0.000000000000000000, 1.000000000000000000 ) ) ;
#3599 = EDGE_CURVE ( 'NONE', #2225, #3840, #4968, .T. ) ;
#3600 = EDGE_CURVE ( 'NONE', #866, #2992, #1183, .T. ) ;
#3601 = EDGE_LOOP ( 'NONE', ( #5869, #1529, #3634, #6861, #1795 ) ) ;
#3602 = EDGE_CURVE ( 'NONE', #1834, #1959, #2926, .T. ) ;
#3603 = B_SPLINE_CURVE_WITH_KNOTS ( 'NONE', 3,
 ( #5902, #1159, #3536, #2963, #3976, #5331, #22, #6346, #5275, #4213, #4729, #7210 ),
 .UNSPECIFIED., .F., .F.,
 ( 4, 2, 2, 2, 2, 4 ),
 ( 0.000000000000000000, 0.0002626760614366807113, 0.0005253521228733614226, 0.001050704245746722628, 0.001576056368620083834, 0.002101408491493445257 ),
 .UNSPECIFIED. ) ;
#3604 = LINE ( 'NONE', #1844, #4668 ) ;
#3605 = CARTESIAN_POINT ( 'NONE',  ( -41.86943168068792431, 7.773203319549151225, 10.42645342467200464 ) ) ;
#3606 = ORIENTED_EDGE ( 'NONE', *, *, #7553, .T. ) ;
#3607 = DIRECTION ( 'NONE',  ( 0.000000000000000000, 0.000000000000000000, -1.000000000000000000 ) ) ;
#3608 = CARTESIAN_POINT ( 'NONE',  ( -8.676450307102188120, 18.01168171962867603, 10.57889503657646024 ) ) ;
#3609 = ORIENTED_EDGE ( 'NONE', *, *, #4872, .T. ) ;
#3610 = ORIENTED_EDGE ( 'NONE', *, *, #4592, .T. ) ;
#3611 = ORIENTED_EDGE ( 'NONE', *, *, #1850, .T. ) ;
#3612 = DIRECTION ( 'NONE',  ( 1.000000000000000000, 2.815536131330090089E-16, -0.000000000000000000 ) ) ;
#3613 = EDGE_CURVE ( 'NONE', #3840, #5044, #1428, .T. ) ;
#3614 = CARTESIAN_POINT ( 'NONE',  ( 10.90180841670002465, -34.08819856468883103, 0.000000000000000000 ) ) ;
#3615 = EDGE_CURVE ( 'NONE', #4307, #5247, #2675, .T. ) ;
#3616 = LINE ( 'NONE', #4193, #7555 ) ;
#3617 = CARTESIAN_POINT ( 'NONE',  ( -32.65689088548351293, -7.832319028931300942, 10.44558008878799171 ) ) ;
#3618 = CARTESIAN_POINT ( 'NONE',  ( -20.71778695723698860, -22.86193421515776336, 5.000000000000000888 ) ) ;
#3619 = DIRECTION ( 'NONE',  ( 0.000000000000000000, 0.000000000000000000, -1.000000000000000000 ) ) ;
#3620 = EDGE_LOOP ( 'NONE', ( #790, #3103 ) ) ;
#3621 = EDGE_CURVE ( 'NONE', #2203, #1933, #2180, .T. ) ;
#3622 = LINE ( 'NONE', #3732, #2947 ) ;
#3623 = DIRECTION ( 'NONE',  ( -0.000000000000000000, 0.000000000000000000, -1.000000000000000000 ) ) ;
#3624 = CARTESIAN_POINT ( 'NONE',  ( -35.15031487988829895, -1.160927435327557156, 20.31440316387233125 ) ) ;
#3625 = CARTESIAN_POINT ( 'NONE',  ( -34.12315218346955703, 5.250516581566032848, 12.12963574131720890 ) ) ;
#3626 = CARTESIAN_POINT ( 'NONE',  ( -7.500000000000005329, 22.00000000000001066, 5.000000000000000888 ) ) ;
#3627 = CARTESIAN_POINT ( 'NONE',  ( 30.34517282324136644, 10.28144168762218058, 13.83300876020885006 ) ) ;
#3628 = VERTEX_POINT ( 'NONE', #4663 ) ;
#3629 = ORIENTED_EDGE ( 'NONE', *, *, #3506, .F. ) ;
#3630 = EDGE_LOOP ( 'NONE', ( #5435, #4612, #4355, #94 ) ) ;
#3631 = EDGE_CURVE ( 'NONE', #3484, #107, #939, .T. ) ;
#3632 = DIRECTION ( 'NONE',  ( -0.000000000000000000, -0.000000000000000000, -1.000000000000000000 ) ) ;
#3633 = EDGE_CURVE ( 'NONE', #7111, #6573, #1740, .T. ) ;
#3634 = ORIENTED_EDGE ( 'NONE', *, *, #7069, .T. ) ;
#3635 = FACE_OUTER_BOUND ( 'NONE', #7185, .T. ) ;
#3636 = LINE ( 'NONE', #679, #1414 ) ;
#3637 = EDGE_CURVE ( 'NONE', #4572, #1124, #5746, .T. ) ;
#3638 = CARTESIAN_POINT ( 'NONE',  ( 35.20000000000000995, -0.009999999999911170223, 8.749986666642968203 ) ) ;
#3639 = ORIENTED_EDGE ( 'NONE', *, *, #2982, .T. ) ;
#3640 = EDGE_LOOP ( 'NONE', ( #2514, #863, #7656, #3028 ) ) ;
#3641 = ORIENTED_EDGE ( 'NONE', *, *, #6380, .T. ) ;
#3642 = FACE_OUTER_BOUND ( 'NONE', #6687, .T. ) ;
#3643 = DIRECTION ( 'NONE',  ( 0.000000000000000000, 0.000000000000000000, -1.000000000000000000 ) ) ;
#3644 = CARTESIAN_POINT ( 'NONE',  ( -51.72801874222157181, 4.333855140938264405, 14.28874352885655874 ) ) ;
#3645 = CARTESIAN_POINT ( 'NONE',  ( 15.81253292872706062, -35.02882854878291141, 24.00000000000000000 ) ) ;
#3646 = CARTESIAN_POINT ( 'NONE',  ( -32.93659651780497200, -7.432765681730452378, 13.70906021505201977 ) ) ;
#3647 = DIRECTION ( 'NONE',  ( -0.000000000000000000, -0.000000000000000000, -1.000000000000000000 ) ) ;
#3648 = DIRECTION ( 'NONE',  ( 0.000000000000000000, 0.000000000000000000, 1.000000000000000000 ) ) ;
#3649 = ORIENTED_EDGE ( 'NONE', *, *, #3454, .F. ) ;
#3650 = EDGE_CURVE ( 'NONE', #1929, #4388, #5288, .T. ) ;
#3651 = CARTESIAN_POINT ( 'NONE',  ( 3.918869757271530263E-15, -32.00000000000000000, 19.50000000000000000 ) ) ;
#3652 = CARTESIAN_POINT ( 'NONE',  ( -32.82893218813453728, 20.00000000000000000, 16.00000000000000000 ) ) ;
#3653 = CIRCLE ( 'NONE', #2922, 1.999999999999998224 ) ;
#3654 = CARTESIAN_POINT ( 'NONE',  ( -35.15776259639428503, -1.072912428254561013, 17.61283114170168673 ) ) ;
#3655 = B_SPLINE_CURVE_WITH_KNOTS ( 'NONE', 3,
 ( #1360, #3771, #5018, #3736, #6093, #7354, #6812, #172, #3141, #1484, #4385, #211 ),
 .UNSPECIFIED., .F., .F.,
 ( 4, 2, 2, 2, 2, 4 ),
 ( 0.000000000000000000, 0.0002627222364900144301, 0.0005254444729800288602, 0.001050888945960057504, 0.001576333418940086255, 0.002101777891920115007 ),
 .UNSPECIFIED. ) ;
#3656 = CARTESIAN_POINT ( 'NONE',  ( -33.34283204473287299, -6.790496191676307802, 10.25000000000000178 ) ) ;
#3657 = CIRCLE ( 'NONE', #7641, 2.000000000000001776 ) ;
#3658 = LINE ( 'NONE', #1322, #3926 ) ;
#3659 = LINE ( 'NONE', #174, #2445 ) ;
#3660 = B_SPLINE_CURVE_WITH_KNOTS ( 'NONE', 3,
 ( #6227, #336, #2773, #906, #3275, #6319, #5693, #382, #2740, #5119, #7483, #993, #4989, #416, #5154, #4719, #1756, #7016, #6983, #1721, #5339, #1166, #4160, #28, #5805, #4605, #6509, #5231, #2971, #5840, #3473, #7632 ),
 .UNSPECIFIED., .F., .F.,
 ( 4, 2, 2, 2, 2, 2, 2, 2, 2, 2, 2, 2, 2, 2, 2, 4 ),
 ( 3.710004308973835004E-19, 0.0007350032669911467711, 0.001470006533982293109, 0.002205009800973439012, 0.002940013067964584916, 0.003675016334955729085, 0.004410019601946873688, 0.005145022868938017857, 0.005880026135929162893, 0.006615029402920306195, 0.007350032669911449497, 0.008820039203893742172, 0.009555042470884884606, 0.01029004573787602878, 0.01102504900486717294, 0.01176005227185831711 ),
 .UNSPECIFIED. ) ;
#3661 = ORIENTED_EDGE ( 'NONE', *, *, #2092, .F. ) ;
#3662 = ORIENTED_EDGE ( 'NONE', *, *, #3084, .F. ) ;
#3663 = ORIENTED_EDGE ( 'NONE', *, *, #4340, .F. ) ;
#3664 = AXIS2_PLACEMENT_3D ( 'NONE', #7273, #4231, #2564 ) ;
#3665 = VECTOR ( 'NONE', #2232, 1000.000000000000000 ) ;
#3666 = CYLINDRICAL_SURFACE ( 'NONE', #968, 1.749999999999999778 ) ;
#3667 = AXIS2_PLACEMENT_3D ( 'NONE', #4364, #3834, #1462 ) ;
#3668 = DIRECTION ( 'NONE',  ( 0.000000000000000000, 0.000000000000000000, -1.000000000000000000 ) ) ;
#3669 = VECTOR ( 'NONE', #1139, 1000.000000000000000 ) ;
#3670 = ORIENTED_EDGE ( 'NONE', *, *, #3631, .F. ) ;
#3671 = ORIENTED_EDGE ( 'NONE', *, *, #2009, .F. ) ;
#3672 = CARTESIAN_POINT ( 'NONE',  ( -8.099999999999996092, -17.99999999999999645, 0.000000000000000000 ) ) ;
#3673 = CIRCLE ( 'NONE', #4416, 1.999999999999998224 ) ;
#3674 = CYLINDRICAL_SURFACE ( 'NONE', #6268, 1.500000000000000222 ) ;
#3675 = EDGE_CURVE ( 'NONE', #1185, #4919, #3384, .T. ) ;
#3676 = DIRECTION ( 'NONE',  ( 0.7071067811865477948, -0.7071067811865473507, 0.000000000000000000 ) ) ;
#3677 = CARTESIAN_POINT ( 'NONE',  ( 34.96886854606702855, -2.483996336765235124, 2.180209827419728796 ) ) ;
#3678 = VERTEX_POINT ( 'NONE', #542 ) ;
#3679 = ORIENTED_EDGE ( 'NONE', *, *, #4050, .T. ) ;
#3680 = AXIS2_PLACEMENT_3D ( 'NONE', #6465, #5836, #5190 ) ;
#3681 = VERTEX_POINT ( 'NONE', #3419 ) ;
#3682 = DIRECTION ( 'NONE',  ( -1.000000000000000000, -2.668805347656626678E-16, 0.000000000000000000 ) ) ;
#3683 = EDGE_CURVE ( 'NONE', #5082, #2036, #7003, .T. ) ;
#3684 = LINE ( 'NONE', #4373, #2331 ) ;
#3685 = CARTESIAN_POINT ( 'NONE',  ( 36.36446609406725372, 16.53553390593274486, 21.00000000000000000 ) ) ;
#3686 = AXIS2_PLACEMENT_3D ( 'NONE', #70, #2421, #7174 ) ;
#3687 = DIRECTION ( 'NONE',  ( -0.000000000000000000, -0.000000000000000000, 1.000000000000000000 ) ) ;
#3688 = AXIS2_PLACEMENT_3D ( 'NONE', #323, #5330, #2847 ) ;
#3689 = CARTESIAN_POINT ( 'NONE',  ( 15.17106781186546627, 20.00000000000000355, 18.00000000000000355 ) ) ;
#3690 = EDGE_LOOP ( 'NONE', ( #7121, #4135, #27, #307 ) ) ;
#3691 = EDGE_CURVE ( 'NONE', #6326, #2696, #5035, .T. ) ;
#3692 = AXIS2_PLACEMENT_3D ( 'NONE', #3774, #862, #5631 ) ;
#3693 = EDGE_CURVE ( 'NONE', #3290, #6820, #2213, .T. ) ;
#3694 = EDGE_CURVE ( 'NONE', #6955, #413, #1209, .T. ) ;
#3695 = DIRECTION ( 'NONE',  ( 1.000000000000000000, 9.941108744852763806E-17, -0.000000000000000000 ) ) ;
#3696 = CARTESIAN_POINT ( 'NONE',  ( -32.51651480623990409, 8.020541725097531938, 13.43878084029409159 ) ) ;
#3697 = DIRECTION ( 'NONE',  ( 0.000000000000000000, 0.000000000000000000, -1.000000000000000000 ) ) ;
#3698 = CYLINDRICAL_SURFACE ( 'NONE', #5943, 1.749999999999999778 ) ;
#3699 = DIRECTION ( 'NONE',  ( 0.000000000000000000, 1.000000000000000000, 0.000000000000000000 ) ) ;
#3700 = AXIS2_PLACEMENT_3D ( 'NONE', #299, #2192, #3948 ) ;
#3701 = CARTESIAN_POINT ( 'NONE',  ( -51.46867534151110846, -1.580543532281681651, 9.568017918702002689 ) ) ;
#3702 = ORIENTED_EDGE ( 'NONE', *, *, #2263, .F. ) ;
#3703 = ORIENTED_EDGE ( 'NONE', *, *, #855, .F. ) ;
#3704 = VERTEX_POINT ( 'NONE', #6924 ) ;
#3705 = VERTEX_POINT ( 'NONE', #7038 ) ;
#3706 = AXIS2_PLACEMENT_3D ( 'NONE', #2920, #2372, #4123 ) ;
#3707 = EDGE_CURVE ( 'NONE', #6675, #2242, #4589, .T. ) ;
#3708 = EDGE_CURVE ( 'NONE', #4918, #7064, #2908, .T. ) ;
#3709 = DIRECTION ( 'NONE',  ( -1.000000000000000000, 0.000000000000000000, 0.000000000000000000 ) ) ;
#3710 = PLANE ( 'NONE',  #3953 ) ;
#3711 = CIRCLE ( 'NONE', #4714, 2.900000000000003464 ) ;
#3712 = ORIENTED_EDGE ( 'NONE', *, *, #6100, .F. ) ;
#3713 = ORIENTED_EDGE ( 'NONE', *, *, #5012, .T. ) ;
#3714 = DIRECTION ( 'NONE',  ( 0.8619342151577696898, -0.5070201265633933474, 0.000000000000000000 ) ) ;
#3715 = CARTESIAN_POINT ( 'NONE',  ( -42.58456515516911622, 7.000000000000002665, 10.25000000000000000 ) ) ;
#3716 = CARTESIAN_POINT ( 'NONE',  ( -46.22213367103898918, -4.477030072238438407, 13.99564497812624353 ) ) ;
#3717 = CARTESIAN_POINT ( 'NONE',  ( 34.76869306414338467, -3.369683544342448211, 3.336554552756128444 ) ) ;
#3718 = VERTEX_POINT ( 'NONE', #1706 ) ;
#3719 = ORIENTED_EDGE ( 'NONE', *, *, #4244, .F. ) ;
#3720 = EDGE_CURVE ( 'NONE', #802, #1719, #437, .T. ) ;
#3721 = VERTEX_POINT ( 'NONE', #4006 ) ;
#3722 = ORIENTED_EDGE ( 'NONE', *, *, #4743, .F. ) ;
#3723 = CARTESIAN_POINT ( 'NONE',  ( 34.97385197738189078, 2.462705775143489095, 16.15247517294717028 ) ) ;
#3724 = DIRECTION ( 'NONE',  ( -2.668805347656626678E-16, 1.000000000000000000, 0.000000000000000000 ) ) ;
#3725 = DIRECTION ( 'NONE',  ( 1.000000000000000000, -0.000000000000000000, -0.000000000000000000 ) ) ;
#3726 = CARTESIAN_POINT ( 'NONE',  ( 8.100000000000017408, -24.41053361559590940, 0.000000000000000000 ) ) ;
#3727 = CARTESIAN_POINT ( 'NONE',  ( -32.51772452285074877, -8.018996395027937041, 10.55975920969091497 ) ) ;
#3728 = DIRECTION ( 'NONE',  ( 1.000000000000000000, -0.000000000000000000, -0.000000000000000000 ) ) ;
#3729 = CARTESIAN_POINT ( 'NONE',  ( -35.15776259639429213, 1.072912428254511719, 6.387168858298342577 ) ) ;
#3730 = ORIENTED_EDGE ( 'NONE', *, *, #5129, .F. ) ;
#3731 = EDGE_CURVE ( 'NONE', #2611, #5464, #2871, .T. ) ;
#3732 = CARTESIAN_POINT ( 'NONE',  ( -34.89999999999999858, -18.00000000000000355, 21.00000000000000000 ) ) ;
#3733 = DIRECTION ( 'NONE',  ( 1.000000000000000000, 2.668805347656626678E-16, 0.000000000000000000 ) ) ;
#3734 = ADVANCED_FACE ( 'NONE', ( #3490 ), #2249, .F. ) ;
#3735 = CARTESIAN_POINT ( 'NONE',  ( -14.16666666666665186, 26.33333333333341741, 1.666666666666669627 ) ) ;
#3736 = CARTESIAN_POINT ( 'NONE',  ( 13.46613698410442161, -25.75758626805757956, 5.160710945080562162 ) ) ;
#3737 = CARTESIAN_POINT ( 'NONE',  ( 20.71778695723699215, -22.86193421515775981, 19.50000000000000000 ) ) ;
#3738 = ADVANCED_FACE ( 'NONE', ( #1669, #402 ), #7080, .F. ) ;
#3739 = DIRECTION ( 'NONE',  ( 0.000000000000000000, -0.000000000000000000, -1.000000000000000000 ) ) ;
#3740 = EDGE_CURVE ( 'NONE', #7423, #300, #5248, .T. ) ;
#3741 = ORIENTED_EDGE ( 'NONE', *, *, #5624, .T. ) ;
#3742 = VERTEX_POINT ( 'NONE', #6375 ) ;
#3743 = ORIENTED_EDGE ( 'NONE', *, *, #5726, .T. ) ;
#3744 = DIRECTION ( 'NONE',  ( 1.000000000000000000, -3.958748233630339028E-17, -0.000000000000000000 ) ) ;
#3745 = CARTESIAN_POINT ( 'NONE',  ( -8.500000000000005329, 23.00000000000004619, 5.000000000000003553 ) ) ;
#3746 = CARTESIAN_POINT ( 'NONE',  ( -9.499994902504299787, 20.00521407963689668, 7.994785920363118414 ) ) ;
#3747 = CARTESIAN_POINT ( 'NONE',  ( -52.10000000000000853, -2.481934729198181699, 13.50000000000000533 ) ) ;
#3748 = EDGE_CURVE ( 'NONE', #3041, #6635, #2807, .T. ) ;
#3749 = ORIENTED_EDGE ( 'NONE', *, *, #7421, .F. ) ;
#3750 = LINE ( 'NONE', #3672, #4906 ) ;
#3751 = CARTESIAN_POINT ( 'NONE',  ( -44.37547906978767998, 5.382697706120771031, 12.67999478491376841 ) ) ;
#3752 = CARTESIAN_POINT ( 'NONE',  ( -13.27743229591008856, -30.71915747299403421, 5.831395812114998023 ) ) ;
#3753 = CARTESIAN_POINT ( 'NONE',  ( 35.09738866112217437, -1.673835389229679782, 8.364603598197893675 ) ) ;
#3754 = VERTEX_POINT ( 'NONE', #6704 ) ;
#3755 = EDGE_LOOP ( 'NONE', ( #3128, #7144, #5284, #6723, #2414, #6478, #1364, #5251, #2161, #6495 ) ) ;
#3756 = ORIENTED_EDGE ( 'NONE', *, *, #3600, .F. ) ;
#3757 = ORIENTED_EDGE ( 'NONE', *, *, #4247, .T. ) ;
#3758 = LINE ( 'NONE', #4462, #2191 ) ;
#3759 = FACE_OUTER_BOUND ( 'NONE', #1376, .T. ) ;
#3760 = CARTESIAN_POINT ( 'NONE',  ( 35.20000000000000995, -1.506211723428389455E-16, 8.750000000000000000 ) ) ;
#3761 = DIRECTION ( 'NONE',  ( -1.000000000000000000, -0.000000000000000000, -0.000000000000000000 ) ) ;
#3762 = CARTESIAN_POINT ( 'NONE',  ( -35.15787436868864546, -1.071554179564804476, 6.388250376739485148 ) ) ;
#3763 = CARTESIAN_POINT ( 'NONE',  ( -39.90000000000000568, -7.000000000000000888, 10.25000000000000000 ) ) ;
#3764 = ORIENTED_EDGE ( 'NONE', *, *, #2092, .T. ) ;
#3765 = DIRECTION ( 'NONE',  ( -1.000000000000000000, 0.000000000000000000, 1.387778780781445676E-16 ) ) ;
#3766 = ORIENTED_EDGE ( 'NONE', *, *, #2832, .T. ) ;
#3767 = CARTESIAN_POINT ( 'NONE',  ( -51.25840710254077948, -1.486668787830261795, 14.49015854151143579 ) ) ;
#3768 = LINE ( 'NONE', #4823, #2702 ) ;
#3769 = DIRECTION ( 'NONE',  ( -1.000000000000000000, -9.637352644315595243E-17, 0.000000000000000000 ) ) ;
#3770 = CARTESIAN_POINT ( 'NONE',  ( -14.91596253876791422, -26.27477210837486865, 0.000000000000000000 ) ) ;
#3771 = CARTESIAN_POINT ( 'NONE',  ( 13.40894241220452443, -25.50115925848509590, 5.145817987435853169 ) ) ;
#3772 = EDGE_CURVE ( 'NONE', #2010, #3270, #3569, .T. ) ;
#3773 = CARTESIAN_POINT ( 'NONE',  ( -33.00000000000001421, 13.49999999999998046, 24.00000000000000000 ) ) ;
#3774 = CARTESIAN_POINT ( 'NONE',  ( 37.89999999999999147, -6.098637220230962441E-16, 5.000000000000000000 ) ) ;
#3775 = VERTEX_POINT ( 'NONE', #1808 ) ;
#3776 = AXIS2_PLACEMENT_3D ( 'NONE', #514, #20, #2961 ) ;
#3777 = ORIENTED_EDGE ( 'NONE', *, *, #5259, .F. ) ;
#3778 = ORIENTED_EDGE ( 'NONE', *, *, #3115, .F. ) ;
#3779 = EDGE_CURVE ( 'NONE', #5173, #2021, #6404, .T. ) ;
#3780 = CIRCLE ( 'NONE', #1789, 1.750000000000005107 ) ;
#3781 = CONICAL_SURFACE ( 'NONE', #7387, 4.900000000000002132, 0.7853981633974437271 ) ;
#3782 = DIRECTION ( 'NONE',  ( 7.228014483236695816E-17, -1.000000000000000000, 0.000000000000000000 ) ) ;
#3783 = CARTESIAN_POINT ( 'NONE',  ( -43.59155584991946597, 6.033744501338258459, 10.53728496659952540 ) ) ;
#3784 = DIRECTION ( 'NONE',  ( 0.000000000000000000, -1.000000000000000000, 0.000000000000000000 ) ) ;
#3785 = LINE ( 'NONE', #4240, #6441 ) ;
#3786 = CIRCLE ( 'NONE', #1060, 5.000000000000000888 ) ;
#3787 = AXIS2_PLACEMENT_3D ( 'NONE', #5363, #4882, #4223 ) ;
#3788 = ORIENTED_EDGE ( 'NONE', *, *, #2258, .F. ) ;
#3789 = CARTESIAN_POINT ( 'NONE',  ( -32.82893218813453728, 20.00000000000000000, 18.00000000000000355 ) ) ;
#3790 = PLANE ( 'NONE',  #6649 ) ;
#3791 = VECTOR ( 'NONE', #1764, 1000.000000000000000 ) ;
#3792 = VECTOR ( 'NONE', #6121, 1000.000000000000000 ) ;
#3793 = DIRECTION ( 'NONE',  ( -0.000000000000000000, -0.000000000000000000, -1.000000000000000000 ) ) ;
#3794 = VERTEX_POINT ( 'NONE', #3526 ) ;
#3795 = ORIENTED_EDGE ( 'NONE', *, *, #7320, .F. ) ;
#3796 = ORIENTED_EDGE ( 'NONE', *, *, #5099, .F. ) ;
#3797 = VECTOR ( 'NONE', #371, 1000.000000000000000 ) ;
#3798 = ORIENTED_EDGE ( 'NONE', *, *, #6243, .T. ) ;
#3799 = AXIS2_PLACEMENT_3D ( 'NONE', #1831, #1980, #5407 ) ;
#3800 = CARTESIAN_POINT ( 'NONE',  ( -34.74999999999998579, -13.50000000000002665, 24.00000000000000000 ) ) ;
#3801 = LINE ( 'NONE', #5582, #3191 ) ;
#3802 = CARTESIAN_POINT ( 'NONE',  ( 10.90180841670002465, -34.08819856468883103, 10.00000000000000000 ) ) ;
#3803 = DIRECTION ( 'NONE',  ( 0.000000000000000000, 0.000000000000000000, -1.000000000000000000 ) ) ;
#3804 = EDGE_CURVE ( 'NONE', #4759, #7253, #7100, .T. ) ;
#3805 = CARTESIAN_POINT ( 'NONE',  ( -35.17165999395618314, -0.8826091733484008328, 6.515410345543865667 ) ) ;
#3806 = CIRCLE ( 'NONE', #1316, 1.000000000000000888 ) ;
#3807 = CARTESIAN_POINT ( 'NONE',  ( -34.90000000000000568, 18.00000000000000000, 24.00000000000000000 ) ) ;
#3808 = CARTESIAN_POINT ( 'NONE',  ( 13.67381992877800201, -30.48598827718941351, 5.576198242265961724 ) ) ;
#3809 = ORIENTED_EDGE ( 'NONE', *, *, #2360, .F. ) ;
#3810 = CIRCLE ( 'NONE', #833, 2.999999999999999112 ) ;
#3811 = AXIS2_PLACEMENT_3D ( 'NONE', #957, #2744, #6953 ) ;
#3812 = LINE ( 'NONE', #6254, #924 ) ;
#3813 = DIRECTION ( 'NONE',  ( 1.000000000000000000, -0.000000000000000000, -0.000000000000000000 ) ) ;
#3814 = CARTESIAN_POINT ( 'NONE',  ( 20.21076683067359880, -21.99999999999999289, 19.50000000000000000 ) ) ;
#3815 = CARTESIAN_POINT ( 'NONE',  ( 15.17106781186546449, 22.00000000000000355, 24.00000000000000000 ) ) ;
#3816 = CARTESIAN_POINT ( 'NONE',  ( -34.09526751632064645, -5.315104793509031644, 11.51174982495940924 ) ) ;
#3817 = CARTESIAN_POINT ( 'NONE',  ( 9.750000000000000000, 24.00000000000000000, 4.999999999999997335 ) ) ;
#3818 = DIRECTION ( 'NONE',  ( 0.000000000000000000, 1.000000000000000000, 0.000000000000000000 ) ) ;
#3819 = VECTOR ( 'NONE', #3739, 1000.000000000000000 ) ;
#3820 = VERTEX_POINT ( 'NONE', #5937 ) ;
#3821 = AXIS2_PLACEMENT_3D ( 'NONE', #6762, #3813, #1481 ) ;
#3822 = EDGE_LOOP ( 'NONE', ( #2957, #6211, #1093, #2125, #640 ) ) ;
#3823 = VERTEX_POINT ( 'NONE', #1233 ) ;
#3824 = ORIENTED_EDGE ( 'NONE', *, *, #7383, .T. ) ;
#3825 = CARTESIAN_POINT ( 'NONE',  ( 20.21076683067359880, -21.99999999999999289, 0.000000000000000000 ) ) ;
#3826 = CIRCLE ( 'NONE', #6807, 3.750000000000001776 ) ;
#3827 = CARTESIAN_POINT ( 'NONE',  ( -26.90000000000000924, -4.000000000000005329, 0.000000000000000000 ) ) ;
#3828 = DIRECTION ( 'NONE',  ( -1.000000000000000000, 0.000000000000000000, 0.000000000000000000 ) ) ;
#3829 = CARTESIAN_POINT ( 'NONE',  ( -61.10000000000000142, -1.196959198423997211E-14, 12.00000000000000000 ) ) ;
#3830 = CARTESIAN_POINT ( 'NONE',  ( 13.40894241220452443, -25.41283789321709818, 5.136526129089248549 ) ) ;
#3831 = CARTESIAN_POINT ( 'NONE',  ( -42.85905843001809501, -1.738729883063402371, 5.280249824222925881 ) ) ;
#3832 = VECTOR ( 'NONE', #2566, 1000.000000000000000 ) ;
#3833 = ORIENTED_EDGE ( 'NONE', *, *, #2644, .T. ) ;
#3834 = DIRECTION ( 'NONE',  ( -1.000000000000000000, 0.000000000000000000, 0.000000000000000000 ) ) ;
#3835 = CARTESIAN_POINT ( 'NONE',  ( -11.09999999999999254, -32.00000000000000000, 19.50000000000000000 ) ) ;
#3836 = FACE_OUTER_BOUND ( 'NONE', #131, .T. ) ;
#3837 = VECTOR ( 'NONE', #3257, 1000.000000000000000 ) ;
#3838 = EDGE_CURVE ( 'NONE', #3186, #5480, #2988, .T. ) ;
#3839 = CARTESIAN_POINT ( 'NONE',  ( 17.89999999999998792, -1.734723475976807094E-15, 19.00000000000000000 ) ) ;
#3840 = VERTEX_POINT ( 'NONE', #4359 ) ;
#3841 = ADVANCED_FACE ( 'NONE', ( #5356 ), #2614, .F. ) ;
#3842 = EDGE_CURVE ( 'NONE', #3541, #621, #7028, .T. ) ;
#3843 = ORIENTED_EDGE ( 'NONE', *, *, #3251, .T. ) ;
#3844 = ORIENTED_EDGE ( 'NONE', *, *, #3984, .T. ) ;
#3845 = VERTEX_POINT ( 'NONE', #5321 ) ;
#3846 = DIRECTION ( 'NONE',  ( 1.000000000000000000, 0.000000000000000000, 0.000000000000000000 ) ) ;
#3847 = FACE_OUTER_BOUND ( 'NONE', #5209, .T. ) ;
#3848 = DIRECTION ( 'NONE',  ( 1.000000000000000000, 9.637352644315594010E-17, 0.000000000000000000 ) ) ;
#3849 = DIRECTION ( 'NONE',  ( 1.000000000000000000, 0.000000000000000000, 0.000000000000000000 ) ) ;
#3850 = CARTESIAN_POINT ( 'NONE',  ( -35.15033246058881389, -1.160788314586215675, 3.685357592573684560 ) ) ;
#3851 = B_SPLINE_CURVE_WITH_KNOTS ( 'NONE', 3,
 ( #628, #6643, #3646, #7260, #2512, #2479, #1350, #6055, #4816, #2370, #3099, #7192, #2996, #162, #4225, #5365, #1925, #4302, #2401, #5469, #1242, #1858, #4149, #3727, #3617, #3134, #4257, #5499 ),
 .UNSPECIFIED., .F., .F.,
 ( 4, 2, 2, 2, 2, 2, 2, 2, 2, 2, 2, 2, 2, 4 ),
 ( 0.005833844676642087335, 0.006598019938096762703, 0.006980107568824100821, 0.007362195199551439806, 0.007744282830278777924, 0.008126370461006116042, 0.008508458091733455894, 0.008890545722460794012, 0.009272633353188132130, 0.009654720983915471982, 0.01003680861464281010, 0.01041889624537014822, 0.01118307150682483660, 0.01194724676827952671 ),
 .UNSPECIFIED. ) ;
#3852 = DIRECTION ( 'NONE',  ( -0.000000000000000000, -0.000000000000000000, 1.000000000000000000 ) ) ;
#3853 = ORIENTED_EDGE ( 'NONE', *, *, #6300, .T. ) ;
#3854 = EDGE_CURVE ( 'NONE', #802, #6456, #2577, .T. ) ;
#3855 = EDGE_CURVE ( 'NONE', #5044, #3529, #5786, .T. ) ;
#3856 = LINE ( 'NONE', #4428, #6523 ) ;
#3857 = CARTESIAN_POINT ( 'NONE',  ( -39.90000000000000568, -1.520410286126020388E-15, 20.75000000000000000 ) ) ;
#3858 = CARTESIAN_POINT ( 'NONE',  ( 3.918869757271530263E-15, -32.00000000000000000, 19.50000000000000000 ) ) ;
#3859 = CARTESIAN_POINT ( 'NONE',  ( -41.15381636757225436, -0.6726990840594564425, 20.62083434397497683 ) ) ;
#3860 = CARTESIAN_POINT ( 'NONE',  ( 34.89999999999999147, 18.00000000000000711, 24.00000000000000000 ) ) ;
#3861 = DIRECTION ( 'NONE',  ( 0.000000000000000000, -1.000000000000000000, 0.000000000000000000 ) ) ;
#3862 = CARTESIAN_POINT ( 'NONE',  ( -42.98889045460798286, -6.591974682276569908, 10.28609190997344669 ) ) ;
#3863 = ORIENTED_EDGE ( 'NONE', *, *, #5132, .T. ) ;
#3864 = VERTEX_POINT ( 'NONE', #4400 ) ;
#3865 = ORIENTED_EDGE ( 'NONE', *, *, #3024, .F. ) ;
#3866 = VERTEX_POINT ( 'NONE', #2361 ) ;
#3867 = DIRECTION ( 'NONE',  ( 0.000000000000000000, 0.000000000000000000, -1.000000000000000000 ) ) ;
#3868 = DIRECTION ( 'NONE',  ( 0.000000000000000000, 0.000000000000000000, -1.000000000000000000 ) ) ;
#3869 = LINE ( 'NONE', #2113, #3586 ) ;
#3870 = CARTESIAN_POINT ( 'NONE',  ( 37.89999999999999147, -7.000000000000000888, 12.00000000000000000 ) ) ;
#3871 = DIRECTION ( 'NONE',  ( 1.000000000000000000, -0.000000000000000000, -0.000000000000000000 ) ) ;
#3872 = CARTESIAN_POINT ( 'NONE',  ( 39.89999999999999858, 18.00000000000000711, 22.00000000000000000 ) ) ;
#3873 = EDGE_LOOP ( 'NONE', ( #2622, #2145, #157, #1344 ) ) ;
#3874 = VERTEX_POINT ( 'NONE', #4734 ) ;
#3875 = DIRECTION ( 'NONE',  ( 1.000000000000000000, 0.000000000000000000, 0.000000000000000000 ) ) ;
#3876 = DIRECTION ( 'NONE',  ( -0.000000000000000000, -0.000000000000000000, 1.000000000000000000 ) ) ;
#3877 = DIRECTION ( 'NONE',  ( 1.000000000000000000, 0.000000000000000000, 0.000000000000000000 ) ) ;
#3878 = EDGE_CURVE ( 'NONE', #3718, #6286, #4140, .T. ) ;
#3879 = VERTEX_POINT ( 'NONE', #7571 ) ;
#3880 = ORIENTED_EDGE ( 'NONE', *, *, #7201, .T. ) ;
#3881 = DIRECTION ( 'NONE',  ( -0.000000000000000000, 0.000000000000000000, -1.000000000000000000 ) ) ;
#3882 = CARTESIAN_POINT ( 'NONE',  ( 14.91596253876792133, -26.27477210837486510, 0.000000000000000000 ) ) ;
#3883 = EDGE_CURVE ( 'NONE', #3596, #5563, #328, .T. ) ;
#3884 = CARTESIAN_POINT ( 'NONE',  ( 21.91421356237307450, 18.58578643762691485, 1.999999999999998224 ) ) ;
#3885 = CARTESIAN_POINT ( 'NONE',  ( -35.09283901803129169, -1.694445186663921410, 4.547920309725218324 ) ) ;
#3886 = CARTESIAN_POINT ( 'NONE',  ( 37.89999999999999147, -6.098637220230962441E-16, 5.000000000000000000 ) ) ;
#3887 = FACE_OUTER_BOUND ( 'NONE', #3376, .T. ) ;
#3888 = VERTEX_POINT ( 'NONE', #4446 ) ;
#3889 = CARTESIAN_POINT ( 'NONE',  ( -52.10000000000000853, -2.481934729198181699, 13.50000000000000533 ) ) ;
#3890 = CARTESIAN_POINT ( 'NONE',  ( -46.10000000000001563, 4.622445746416927292, 13.63159531525897705 ) ) ;
#3891 = CARTESIAN_POINT ( 'NONE',  ( 8.500000000000000000, 18.00000000000000355, 1.999999999999998224 ) ) ;
#3892 = DIRECTION ( 'NONE',  ( 1.000000000000000000, 0.000000000000000000, 0.000000000000000000 ) ) ;
#3893 = DIRECTION ( 'NONE',  ( 1.387778780781445676E-16, 1.379605977354753491E-32, 1.000000000000000000 ) ) ;
#3894 = DIRECTION ( 'NONE',  ( 0.000000000000000000, 1.000000000000000000, 0.000000000000000000 ) ) ;
#3895 = CARTESIAN_POINT ( 'NONE',  ( 13.40894241220452265, -20.99999999999998934, 24.00000000000000000 ) ) ;
#3896 = VERTEX_POINT ( 'NONE', #6272 ) ;
#3897 = EDGE_LOOP ( 'NONE', ( #4176, #6633, #7565, #5338 ) ) ;
#3898 = ORIENTED_EDGE ( 'NONE', *, *, #1526, .T. ) ;
#3899 = LINE ( 'NONE', #6184, #206 ) ;
#3900 = PLANE ( 'NONE',  #1290 ) ;
#3901 = CARTESIAN_POINT ( 'NONE',  ( 34.75000000000000000, 13.50000000000000533, 0.000000000000000000 ) ) ;
#3902 = DIRECTION ( 'NONE',  ( 9.941108744852763806E-17, -1.000000000000000000, 0.000000000000000000 ) ) ;
#3903 = DIRECTION ( 'NONE',  ( 0.000000000000000000, 0.000000000000000000, 1.000000000000000000 ) ) ;
#3904 = DIRECTION ( 'NONE',  ( -1.000000000000000000, -1.491166311727914324E-16, 0.000000000000000000 ) ) ;
#3905 = ORIENTED_EDGE ( 'NONE', *, *, #5704, .T. ) ;
#3906 = VERTEX_POINT ( 'NONE', #3277 ) ;
#3907 = CIRCLE ( 'NONE', #7130, 2.000000000000001776 ) ;
#3908 = CARTESIAN_POINT ( 'NONE',  ( 34.75000000000000000, 13.50000000000000533, 24.00000000000000000 ) ) ;
#3909 = CYLINDRICAL_SURFACE ( 'NONE', #5668, 2.000000000000001776 ) ;
#3910 = DIRECTION ( 'NONE',  ( -9.941108744852767504E-17, 1.000000000000000000, 0.000000000000000000 ) ) ;
#3911 = CIRCLE ( 'NONE', #5889, 1.749999999999999778 ) ;
#3912 = CARTESIAN_POINT ( 'NONE',  ( 37.89999999999999147, 7.000000000000003553, 13.75000000000000000 ) ) ;
#3913 = CIRCLE ( 'NONE', #3036, 1.750000000000001554 ) ;
#3914 = VERTEX_POINT ( 'NONE', #6824 ) ;
#3915 = ORIENTED_EDGE ( 'NONE', *, *, #5785, .T. ) ;
#3916 = DIRECTION ( 'NONE',  ( 0.000000000000000000, -1.000000000000000000, 0.000000000000000000 ) ) ;
#3917 = CIRCLE ( 'NONE', #568, 14.09999999999999432 ) ;
#3918 = DIRECTION ( 'NONE',  ( 0.000000000000000000, 0.000000000000000000, -1.000000000000000000 ) ) ;
#3919 = CARTESIAN_POINT ( 'NONE',  ( 8.100000000000017408, 0.000000000000000000, 5.000000000000000000 ) ) ;
#3920 = CARTESIAN_POINT ( 'NONE',  ( -13.40894241220451732, -23.08875635019541050, 5.000000000000000000 ) ) ;
#3921 = CARTESIAN_POINT ( 'NONE',  ( -44.55000000000006111, -5.250000000000005329, 12.14627961127238720 ) ) ;
#3922 = CARTESIAN_POINT ( 'NONE',  ( 37.89999999999999147, 6.938893903907228378E-15, 12.00000000000000000 ) ) ;
#3923 = EDGE_LOOP ( 'NONE', ( #6101, #4369, #662 ) ) ;
#3924 = CARTESIAN_POINT ( 'NONE',  ( 34.71626718245339305, -3.563937602957750972, 17.78586323694077720 ) ) ;
#3925 = VECTOR ( 'NONE', #5814, 1000.000000000000000 ) ;
#3926 = VECTOR ( 'NONE', #4829, 1000.000000000000000 ) ;
#3927 = EDGE_CURVE ( 'NONE', #3060, #4334, #6545, .T. ) ;
#3928 = CARTESIAN_POINT ( 'NONE',  ( -52.09999999999998721, -2.399496757735744890, 13.63640377625151423 ) ) ;
#3929 = CIRCLE ( 'NONE', #6542, 1.750000000000005107 ) ;
#3930 = CARTESIAN_POINT ( 'NONE',  ( -46.42736247689776263, 4.356907988911616236, 14.24277238647353272 ) ) ;
#3931 = DIRECTION ( 'NONE',  ( -9.637352644315595243E-17, 1.000000000000000000, 0.000000000000000000 ) ) ;
#3932 = CARTESIAN_POINT ( 'NONE',  ( 34.79890806179707852, 3.250393361225441424, 11.73749637517983402 ) ) ;
#3933 = CARTESIAN_POINT ( 'NONE',  ( -24.71784614963141280, -13.00000000000000533, 24.00000000000000000 ) ) ;
#3934 = DIRECTION ( 'NONE',  ( -1.000000000000000000, 3.469446951953613696E-16, 0.000000000000000000 ) ) ;
#3935 = CARTESIAN_POINT ( 'NONE',  ( -39.89999999999999147, -9.900000000000019895, 12.00000000000000000 ) ) ;
#3936 = ADVANCED_FACE ( 'NONE', ( #7525, #5079, #6188, #5644, #338 ), #2703, .F. ) ;
#3937 = ADVANCED_FACE ( 'NONE', ( #6867 ), #5729, .F. ) ;
#3938 = EDGE_CURVE ( 'NONE', #6368, #6343, #5295, .T. ) ;
#3939 = VECTOR ( 'NONE', #55, 1000.000000000000000 ) ;
#3940 = EDGE_LOOP ( 'NONE', ( #5425, #4293, #4655, #1328, #1342, #1882 ) ) ;
#3941 = ORIENTED_EDGE ( 'NONE', *, *, #3038, .F. ) ;
#3942 = DIRECTION ( 'NONE',  ( 0.000000000000000000, 0.000000000000000000, -1.000000000000000000 ) ) ;
#3943 = CARTESIAN_POINT ( 'NONE',  ( 3.918869757271530263E-15, -32.00000000000000000, 16.50000000000000000 ) ) ;
#3944 = VECTOR ( 'NONE', #5848, 1000.000000000000000 ) ;
#3945 = DIRECTION ( 'NONE',  ( 1.000000000000000000, 0.000000000000000000, 0.000000000000000000 ) ) ;
#3946 = CARTESIAN_POINT ( 'NONE',  ( 20.21076683067359880, -21.99999999999999289, 24.00000000000000000 ) ) ;
#3947 = CARTESIAN_POINT ( 'NONE',  ( -35.19999999999999574, 0.009999999999899845948, 20.74997142833819197 ) ) ;
#3948 = DIRECTION ( 'NONE',  ( 1.000000000000000000, 0.000000000000000000, 0.000000000000000000 ) ) ;
#3949 = EDGE_LOOP ( 'NONE', ( #7660, #2559, #1667, #2655, #3413 ) ) ;
#3950 = EDGE_LOOP ( 'NONE', ( #2707, #5532, #947, #1057, #3367, #5492 ) ) ;
#3951 = EDGE_CURVE ( 'NONE', #5643, #5683, #2305, .T. ) ;
#3952 = ADVANCED_FACE ( 'NONE', ( #3237 ), #3363, .T. ) ;
#3953 = AXIS2_PLACEMENT_3D ( 'NONE', #6706, #7329, #6626 ) ;
#3954 = CARTESIAN_POINT ( 'NONE',  ( 37.89999999999999147, 6.938893903907228378E-15, 12.00000000000000000 ) ) ;
#3955 = DIRECTION ( 'NONE',  ( 0.000000000000000000, 0.000000000000000000, 1.000000000000000000 ) ) ;
#3956 = CARTESIAN_POINT ( 'NONE',  ( 31.87532476837027318, -8.806856220832496973, 8.706139088923107394 ) ) ;
#3957 = CARTESIAN_POINT ( 'NONE',  ( -11.67157287525389009, 26.00000000000000355, 2.000000000000001332 ) ) ;
#3958 = AXIS2_PLACEMENT_3D ( 'NONE', #558, #5299, #7678 ) ;
#3959 = ORIENTED_EDGE ( 'NONE', *, *, #2626, .T. ) ;
#3960 = VECTOR ( 'NONE', #7264, 1000.000000000000000 ) ;
#3961 = ORIENTED_EDGE ( 'NONE', *, *, #3242, .T. ) ;
#3962 = ORIENTED_EDGE ( 'NONE', *, *, #1355, .T. ) ;
#3963 = CARTESIAN_POINT ( 'NONE',  ( 8.100000000000019185, -17.99999999999999645, 5.000000000000000000 ) ) ;
#3964 = VECTOR ( 'NONE', #927, 1000.000000000000000 ) ;
#3965 = DIRECTION ( 'NONE',  ( -0.000000000000000000, -0.000000000000000000, 1.000000000000000000 ) ) ;
#3966 = CARTESIAN_POINT ( 'NONE',  ( -20.21076683067359525, -20.99999999999999289, 0.000000000000000000 ) ) ;
#3967 = DIRECTION ( 'NONE',  ( -1.000000000000000000, -9.637352644315595243E-17, 0.000000000000000000 ) ) ;
#3968 = CARTESIAN_POINT ( 'NONE',  ( -13.40894241220451910, -20.99999999999998934, 24.00000000000000000 ) ) ;
#3969 = CARTESIAN_POINT ( 'NONE',  ( -35.15787436868867388, 1.071554179564754072, 17.61174962326047222 ) ) ;
#3970 = ORIENTED_EDGE ( 'NONE', *, *, #944, .T. ) ;
#3971 = CARTESIAN_POINT ( 'NONE',  ( 34.69590780241389183, -3.635903966666634624, 19.93287697874401587 ) ) ;
#3972 = ORIENTED_EDGE ( 'NONE', *, *, #1965, .F. ) ;
#3973 = AXIS2_PLACEMENT_3D ( 'NONE', #3206, #3245, #7419 ) ;
#3974 = CARTESIAN_POINT ( 'NONE',  ( -43.91530137662206101, 1.233538871115850588, 6.245808502053744604 ) ) ;
#3975 = DIRECTION ( 'NONE',  ( 0.000000000000000000, 0.000000000000000000, 1.000000000000000000 ) ) ;
#3976 = CARTESIAN_POINT ( 'NONE',  ( -14.50156391645307608, -26.41233248918426568, 5.030692971156010884 ) ) ;
#3977 = CARTESIAN_POINT ( 'NONE',  ( 34.79910366270110700, 3.249615244604944220, 12.25114196201819716 ) ) ;
#3978 = EDGE_CURVE ( 'NONE', #3879, #363, #7034, .T. ) ;
#3979 = FACE_BOUND ( 'NONE', #577, .T. ) ;
#3980 = CARTESIAN_POINT ( 'NONE',  ( -9.499999999999994671, 10.99999999999999289, 16.99999999999992184 ) ) ;
#3981 = CARTESIAN_POINT ( 'NONE',  ( 14.91596253876791955, -26.27477210837486510, 5.001513403221296450 ) ) ;
#3982 = VERTEX_POINT ( 'NONE', #4569 ) ;
#3983 = DIRECTION ( 'NONE',  ( 0.000000000000000000, 0.000000000000000000, 1.000000000000000000 ) ) ;
#3984 = EDGE_CURVE ( 'NONE', #46, #2893, #5121, .T. ) ;
#3985 = DIRECTION ( 'NONE',  ( -1.000000000000000000, -9.941108744852766272E-17, -0.000000000000000000 ) ) ;
#3986 = ADVANCED_FACE ( 'NONE', ( #6905 ), #1578, .F. ) ;
#3987 = DIRECTION ( 'NONE',  ( 1.491166311727914324E-16, -1.000000000000000000, -0.000000000000000000 ) ) ;
#3988 = DIRECTION ( 'NONE',  ( 1.000000000000000000, 0.000000000000000000, 0.000000000000000000 ) ) ;
#3989 = CARTESIAN_POINT ( 'NONE',  ( -20.21076683067359525, -20.99999999999999289, 24.00000000000000000 ) ) ;
#3990 = DIRECTION ( 'NONE',  ( 1.000000000000000000, 0.000000000000000000, 0.000000000000000000 ) ) ;
#3991 = EDGE_LOOP ( 'NONE', ( #7540, #2160, #4363 ) ) ;
#3992 = CIRCLE ( 'NONE', #6592, 2.600000000000000089 ) ;
#3993 = ORIENTED_EDGE ( 'NONE', *, *, #2757, .F. ) ;
#3994 = CARTESIAN_POINT ( 'NONE',  ( -7.099999999999996980, -17.99999999999999645, 12.00000000000000000 ) ) ;
#3995 = CYLINDRICAL_SURFACE ( 'NONE', #6039, 13.28999999999999915 ) ;
#3996 = DIRECTION ( 'NONE',  ( -1.000000000000000000, 0.000000000000000000, 0.000000000000000000 ) ) ;
#3997 = CYLINDRICAL_SURFACE ( 'NONE', #5090, 5.000000000000000888 ) ;
#3998 = ORIENTED_EDGE ( 'NONE', *, *, #1175, .F. ) ;
#3999 = EDGE_CURVE ( 'NONE', #3596, #6581, #6356, .T. ) ;
#4000 = EDGE_LOOP ( 'NONE', ( #7040, #7401, #3328, #2541, #1396 ) ) ;
#4001 = ORIENTED_EDGE ( 'NONE', *, *, #2123, .T. ) ;
#4002 = CARTESIAN_POINT ( 'NONE',  ( -13.27743229591008856, -30.71915747299403421, 5.831395812114998023 ) ) ;
#4003 = DIRECTION ( 'NONE',  ( 1.000000000000000000, 0.000000000000000000, -2.168404344971004924E-16 ) ) ;
#4004 = DIRECTION ( 'NONE',  ( -1.000000000000000000, 0.000000000000000000, 2.775557561562891351E-16 ) ) ;
#4005 = DIRECTION ( 'NONE',  ( -0.000000000000000000, -0.000000000000000000, 1.000000000000000000 ) ) ;
#4006 = CARTESIAN_POINT ( 'NONE',  ( 13.40894241220452265, -21.99999999999999289, 24.00000000000000000 ) ) ;
#4007 = CARTESIAN_POINT ( 'NONE',  ( 13.27743229591008678, -30.71915747299406618, 19.40189321836893299 ) ) ;
#4008 = EDGE_LOOP ( 'NONE', ( #1176, #5208, #562, #2714, #4619, #7146, #2884, #4583, #1156, #5370, #826, #4171 ) ) ;
#4009 = CARTESIAN_POINT ( 'NONE',  ( 37.89999999999999147, 7.000000000000004441, 15.75000000000000000 ) ) ;
#4010 = PLANE ( 'NONE',  #7634 ) ;
#4011 = DIRECTION ( 'NONE',  ( 1.000000000000000000, 0.000000000000000000, 0.000000000000000000 ) ) ;
#4012 = CARTESIAN_POINT ( 'NONE',  ( -20.71778695723698860, -22.86193421515776336, 0.000000000000000000 ) ) ;
#4013 = DIRECTION ( 'NONE',  ( 0.000000000000000000, 0.000000000000000000, -1.000000000000000000 ) ) ;
#4014 = CARTESIAN_POINT ( 'NONE',  ( -7.099999999999998757, -7.999999999999994671, 12.00000000000000000 ) ) ;
#4015 = CARTESIAN_POINT ( 'NONE',  ( 14.16666666666664831, 26.33333333333342452, 1.666666666666659191 ) ) ;
#4016 = ORIENTED_EDGE ( 'NONE', *, *, #4910, .F. ) ;
#4017 = DIRECTION ( 'NONE',  ( 0.000000000000000000, 0.000000000000000000, 1.000000000000000000 ) ) ;
#4018 = EDGE_CURVE ( 'NONE', #486, #6794, #5604, .T. ) ;
#4019 = DIRECTION ( 'NONE',  ( 1.000000000000000000, 2.759706520478257244E-16, 0.000000000000000000 ) ) ;
#4020 = CARTESIAN_POINT ( 'NONE',  ( -14.40894241220451732, -25.41283789321709818, 24.00000000000000000 ) ) ;
#4021 = DIRECTION ( 'NONE',  ( -2.815536131330090089E-16, 1.000000000000000000, 0.000000000000000000 ) ) ;
#4022 = CARTESIAN_POINT ( 'NONE',  ( 8.100000000000017408, -20.61259175530688381, 5.464322966894140876 ) ) ;
#4023 = ORIENTED_EDGE ( 'NONE', *, *, #343, .T. ) ;
#4024 = EDGE_LOOP ( 'NONE', ( #1068, #6197, #7216, #6988 ) ) ;
#4025 = EDGE_CURVE ( 'NONE', #3163, #270, #1064, .T. ) ;
#4026 = CARTESIAN_POINT ( 'NONE',  ( 10.91906254841043022, -33.99812033099780706, 16.58556005146158085 ) ) ;
#4027 = FACE_OUTER_BOUND ( 'NONE', #6698, .T. ) ;
#4028 = CARTESIAN_POINT ( 'NONE',  ( -10.98430102168915568, -33.72621417586407233, 9.553425564183502416 ) ) ;
#4029 = CARTESIAN_POINT ( 'NONE',  ( 30.35105394106876275, -10.27664041251695437, 13.84179910880292930 ) ) ;
#4030 = DIRECTION ( 'NONE',  ( -7.228014483236695816E-17, 2.861388956816778129E-33, 1.000000000000000000 ) ) ;
#4031 = CARTESIAN_POINT ( 'NONE',  ( -8.100000000000013856, -18.08597829525914591, 5.000000000000000000 ) ) ;
#4032 = EDGE_LOOP ( 'NONE', ( #6470, #6241, #677, #6789 ) ) ;
#4033 = ADVANCED_FACE ( 'NONE', ( #62 ), #1687, .T. ) ;
#4034 = VECTOR ( 'NONE', #5139, 1000.000000000000000 ) ;
#4035 = VERTEX_POINT ( 'NONE', #7126 ) ;
#4036 = CARTESIAN_POINT ( 'NONE',  ( -39.90000000000000568, -1.734723475976807094E-15, 19.00000000000000000 ) ) ;
#4037 = PLANE ( 'NONE',  #932 ) ;
#4038 = VECTOR ( 'NONE', #4680, 1000.000000000000000 ) ;
#4039 = DIRECTION ( 'NONE',  ( 0.000000000000000000, 0.000000000000000000, -1.000000000000000000 ) ) ;
#4040 = CIRCLE ( 'NONE', #6760, 0.9999999999999991118 ) ;
#4041 = ORIENTED_EDGE ( 'NONE', *, *, #3454, .T. ) ;
#4042 = CARTESIAN_POINT ( 'NONE',  ( 10.17106781186546272, 20.00000000000000000, 14.00000000000000000 ) ) ;
#4043 = CARTESIAN_POINT ( 'NONE',  ( -35.15033246058882810, 1.160788314586167713, 20.31464240742635852 ) ) ;
#4044 = ORIENTED_EDGE ( 'NONE', *, *, #6195, .F. ) ;
#4045 = CARTESIAN_POINT ( 'NONE',  ( 35.20000000000000995, -0.3476052291319022269, 15.25091361716906135 ) ) ;
#4046 = EDGE_LOOP ( 'NONE', ( #5648, #2457, #4879, #815 ) ) ;
#4047 = VECTOR ( 'NONE', #6890, 1000.000000000000000 ) ;
#4048 = EDGE_CURVE ( 'NONE', #6314, #4701, #335, .T. ) ;
#4049 = CARTESIAN_POINT ( 'NONE',  ( 14.40894241220452265, -21.99999999999999289, 24.00000000000000000 ) ) ;
#4050 = EDGE_CURVE ( 'NONE', #7141, #363, #4127, .T. ) ;
#4051 = DIRECTION ( 'NONE',  ( 0.000000000000000000, 1.000000000000000000, 0.000000000000000000 ) ) ;
#4052 = LINE ( 'NONE', #7048, #1911 ) ;
#4053 = VECTOR ( 'NONE', #4284, 1000.000000000000000 ) ;
#4054 = CARTESIAN_POINT ( 'NONE',  ( 34.65012230389976366, 3.796410116853361494, 10.03442389475459784 ) ) ;
#4055 = CARTESIAN_POINT ( 'NONE',  ( 0.000000000000000000, 0.000000000000000000, 0.000000000000000000 ) ) ;
#4056 = AXIS2_PLACEMENT_3D ( 'NONE', #3829, #5156, #5696 ) ;
#4057 = CARTESIAN_POINT ( 'NONE',  ( -52.07426291095173809, -4.575152156148723392, 10.24091504055787460 ) ) ;
#4058 = ORIENTED_EDGE ( 'NONE', *, *, #5860, .F. ) ;
#4059 = ORIENTED_EDGE ( 'NONE', *, *, #7503, .F. ) ;
#4060 = AXIS2_PLACEMENT_3D ( 'NONE', #971, #3340, #2719 ) ;
#4061 = CARTESIAN_POINT ( 'NONE',  ( 33.00000000000000000, 13.50000000000000533, 0.000000000000000000 ) ) ;
#4062 = CARTESIAN_POINT ( 'NONE',  ( 11.67157287525389187, 28.00000000000000355, 1.999999999999997780 ) ) ;
#4063 = CARTESIAN_POINT ( 'NONE',  ( 3.918869757271530263E-15, -32.00000000000000000, 24.00000000000000000 ) ) ;
#4064 = CARTESIAN_POINT ( 'NONE',  ( -8.100000000000003197, -24.41053361559590584, 10.00000000000000000 ) ) ;
#4065 = VECTOR ( 'NONE', #1565, 1000.000000000000000 ) ;
#4066 = EDGE_CURVE ( 'NONE', #1343, #6945, #7019, .T. ) ;
#4067 = ORIENTED_EDGE ( 'NONE', *, *, #3046, .T. ) ;
#4068 = CARTESIAN_POINT ( 'NONE',  ( -44.90000000000004832, 4.899999999999995026, 12.00000000000000000 ) ) ;
#4069 = AXIS2_PLACEMENT_3D ( 'NONE', #5498, #4775, #1817 ) ;
#4070 = CARTESIAN_POINT ( 'NONE',  ( -47.10000000000000853, 4.214261501141093547, 9.500000000000008882 ) ) ;
#4071 = EDGE_CURVE ( 'NONE', #5056, #5260, #4281, .T. ) ;
#4072 = CARTESIAN_POINT ( 'NONE',  ( -34.89999999999999858, -18.00000000000000355, 19.50000000000000000 ) ) ;
#4073 = VECTOR ( 'NONE', #1523, 999.9999999999998863 ) ;
#4074 = EDGE_LOOP ( 'NONE', ( #5714, #1836, #395, #1340 ) ) ;
#4075 = FACE_OUTER_BOUND ( 'NONE', #3544, .T. ) ;
#4076 = EDGE_CURVE ( 'NONE', #768, #7583, #4100, .T. ) ;
#4077 = CARTESIAN_POINT ( 'NONE',  ( 37.89999999999999147, -1.275480926296549303E-15, 22.75000000000000000 ) ) ;
#4078 = EDGE_LOOP ( 'NONE', ( #4437, #6589 ) ) ;
#4079 = EDGE_CURVE ( 'NONE', #3041, #6343, #5914, .T. ) ;
#4080 = AXIS2_PLACEMENT_3D ( 'NONE', #3957, #3407, #2828 ) ;
#4081 = CARTESIAN_POINT ( 'NONE',  ( -13.40894241220451732, -25.41283789321709818, 5.000000000000000888 ) ) ;
#4082 = EDGE_CURVE ( 'NONE', #1711, #2582, #6776, .T. ) ;
#4083 = CARTESIAN_POINT ( 'NONE',  ( -13.40894241220451910, -21.99999999999999289, 24.00000000000000000 ) ) ;
#4084 = ORIENTED_EDGE ( 'NONE', *, *, #3046, .F. ) ;
#4085 = ORIENTED_EDGE ( 'NONE', *, *, #1656, .T. ) ;
#4086 = ORIENTED_EDGE ( 'NONE', *, *, #4204, .F. ) ;
#4087 = DIRECTION ( 'NONE',  ( -1.000000000000000000, 0.000000000000000000, 4.956352788505163268E-16 ) ) ;
#4088 = CARTESIAN_POINT ( 'NONE',  ( 9.499984707532368233, 20.00782110201304675, 14.50000000000000000 ) ) ;
#4089 = DIRECTION ( 'NONE',  ( -1.000000000000000000, 0.000000000000000000, 0.000000000000000000 ) ) ;
#4090 = CARTESIAN_POINT ( 'NONE',  ( 34.74408720584472832, 3.462772873348176628, 10.72884278226099042 ) ) ;
#4091 = CIRCLE ( 'NONE', #380, 4.900000000000002132 ) ;
#4092 = CARTESIAN_POINT ( 'NONE',  ( -51.61852379350081321, -4.291691304769904569, 9.634609649482319682 ) ) ;
#4093 = CIRCLE ( 'NONE', #7579, 1.000000000000000888 ) ;
#4094 = VERTEX_POINT ( 'NONE', #5842 ) ;
#4095 = EDGE_CURVE ( 'NONE', #6790, #13, #31, .T. ) ;
#4096 = EDGE_CURVE ( 'NONE', #2270, #3596, #1171, .T. ) ;
#4097 = EDGE_LOOP ( 'NONE', ( #7288, #2852, #2812, #2146 ) ) ;
#4098 = DIRECTION ( 'NONE',  ( -1.000000000000000000, 0.000000000000000000, 0.000000000000000000 ) ) ;
#4099 = CARTESIAN_POINT ( 'NONE',  ( -34.01319912631066700, 5.500730689711035737, 12.93377339061566644 ) ) ;
#4100 = LINE ( 'NONE', #1793, #3167 ) ;
#4101 = PLANE ( 'NONE',  #7677 ) ;
#4102 = ORIENTED_EDGE ( 'NONE', *, *, #4079, .F. ) ;
#4103 = VERTEX_POINT ( 'NONE', #4721 ) ;
#4104 = CARTESIAN_POINT ( 'NONE',  ( 34.74513636216585155, -3.458847092769139042, 10.73982235552577258 ) ) ;
#4105 = CARTESIAN_POINT ( 'NONE',  ( -41.05000000000001847, -8.749999999999998224, 11.86421405438403731 ) ) ;
#4106 = CARTESIAN_POINT ( 'NONE',  ( -44.44401531387503468, 0.5405422217763284909, 17.33016824247776100 ) ) ;
#4107 = VERTEX_POINT ( 'NONE', #5808 ) ;
#4108 = VERTEX_POINT ( 'NONE', #1724 ) ;
#4109 = CARTESIAN_POINT ( 'NONE',  ( 15.17106781186546627, 18.00000000000000711, 18.00000000000000355 ) ) ;
#4110 = DIRECTION ( 'NONE',  ( 0.000000000000000000, 0.000000000000000000, -1.000000000000000000 ) ) ;
#4111 = EDGE_CURVE ( 'NONE', #7171, #1022, #2936, .T. ) ;
#4112 = ORIENTED_EDGE ( 'NONE', *, *, #4869, .F. ) ;
#4113 = DIRECTION ( 'NONE',  ( 1.000000000000000000, 0.000000000000000000, 0.000000000000000000 ) ) ;
#4114 = CARTESIAN_POINT ( 'NONE',  ( -35.11406214365823786, 1.520245409625205157, 19.87421169664485276 ) ) ;
#4115 = ORIENTED_EDGE ( 'NONE', *, *, #5226, .T. ) ;
#4116 = VERTEX_POINT ( 'NONE', #4164 ) ;
#4117 = VERTEX_POINT ( 'NONE', #637 ) ;
#4118 = ADVANCED_FACE ( 'NONE', ( #5263, #2932, #4642, #5300, #2380, #3551 ), #2268, .F. ) ;
#4119 = FACE_OUTER_BOUND ( 'NONE', #4032, .T. ) ;
#4120 = CARTESIAN_POINT ( 'NONE',  ( 3.918869757271530263E-15, -32.00000000000000000, 19.50000000000000000 ) ) ;
#4121 = CARTESIAN_POINT ( 'NONE',  ( -13.08578643762698945, 27.41421356237308871, 2.000000000000001332 ) ) ;
#4122 = DIRECTION ( 'NONE',  ( 0.000000000000000000, 1.000000000000000000, 0.000000000000000000 ) ) ;
#4123 = DIRECTION ( 'NONE',  ( 0.000000000000000000, 0.000000000000000000, -1.000000000000000000 ) ) ;
#4124 = CARTESIAN_POINT ( 'NONE',  ( 23.32842712474617741, 18.00000000000000711, 9.999999999999984013 ) ) ;
#4125 = ORIENTED_EDGE ( 'NONE', *, *, #6853, .T. ) ;
#4126 = CARTESIAN_POINT ( 'NONE',  ( 13.08578643762699478, 27.41421356237308871, 4.999999999999997335 ) ) ;
#4127 = LINE ( 'NONE', #2412, #2815 ) ;
#4128 = CARTESIAN_POINT ( 'NONE',  ( 31.52270030638655030, 9.190860633113533851, 8.948075346733647351 ) ) ;
#4129 = ORIENTED_EDGE ( 'NONE', *, *, #4095, .T. ) ;
#4130 = VERTEX_POINT ( 'NONE', #526 ) ;
#4131 = DIRECTION ( 'NONE',  ( 0.7071067811865505703, 0.7071067811865444641, 0.000000000000000000 ) ) ;
#4132 = CARTESIAN_POINT ( 'NONE',  ( 11.09999999999999787, -32.00000000000000000, 16.50000000000000000 ) ) ;
#4133 = DIRECTION ( 'NONE',  ( 1.000000000000000000, 0.000000000000000000, 0.000000000000000000 ) ) ;
#4134 = ORIENTED_EDGE ( 'NONE', *, *, #3779, .F. ) ;
#4135 = ORIENTED_EDGE ( 'NONE', *, *, #5434, .T. ) ;
#4136 = DIRECTION ( 'NONE',  ( 1.000000000000000000, -0.000000000000000000, -0.000000000000000000 ) ) ;
#4137 = DIRECTION ( 'NONE',  ( 1.000000000000000000, 0.000000000000000000, 0.000000000000000000 ) ) ;
#4138 = DIRECTION ( 'NONE',  ( 1.000000000000000000, 0.000000000000000000, 0.000000000000000000 ) ) ;
#4139 = ORIENTED_EDGE ( 'NONE', *, *, #294, .F. ) ;
#4140 = LINE ( 'NONE', #6532, #3665 ) ;
#4141 = DIRECTION ( 'NONE',  ( 0.000000000000000000, -0.000000000000000000, 1.000000000000000000 ) ) ;
#4142 = ORIENTED_EDGE ( 'NONE', *, *, #2489, .F. ) ;
#4143 = ORIENTED_EDGE ( 'NONE', *, *, #1525, .F. ) ;
#4144 = ORIENTED_EDGE ( 'NONE', *, *, #7029, .F. ) ;
#4145 = CARTESIAN_POINT ( 'NONE',  ( -61.10000000000000142, -2.900000000000015454, 12.00000000000000000 ) ) ;
#4146 = AXIS2_PLACEMENT_3D ( 'NONE', #7556, #2218, #1675 ) ;
#4147 = CARTESIAN_POINT ( 'NONE',  ( 8.100000000000017408, 0.000000000000000000, 5.000000000000000000 ) ) ;
#4148 = CARTESIAN_POINT ( 'NONE',  ( -1.500000000000000222, 1.836970198721030181E-16, 21.00000000000000000 ) ) ;
#4149 = CARTESIAN_POINT ( 'NONE',  ( -32.32477248579802165, -8.266364198067400082, 10.78700432208491655 ) ) ;
#4150 = CARTESIAN_POINT ( 'NONE',  ( 31.24999999999999645, 13.50000000000000533, 24.00000000000000000 ) ) ;
#4151 = CARTESIAN_POINT ( 'NONE',  ( 3.918869757271530263E-15, -32.00000000000000000, 19.50000000000000000 ) ) ;
#4152 = FACE_OUTER_BOUND ( 'NONE', #6783, .T. ) ;
#4153 = ADVANCED_FACE ( 'NONE', ( #7635 ), #4752, .F. ) ;
#4154 = FACE_OUTER_BOUND ( 'NONE', #3640, .T. ) ;
#4155 = VECTOR ( 'NONE', #7073, 1000.000000000000000 ) ;
#4156 = VECTOR ( 'NONE', #2399, 1000.000000000000000 ) ;
#4157 = ORIENTED_EDGE ( 'NONE', *, *, #2390, .F. ) ;
#4158 = VECTOR ( 'NONE', #4812, 1000.000000000000000 ) ;
#4159 = AXIS2_PLACEMENT_3D ( 'NONE', #2840, #7547, #4544 ) ;
#4160 = CARTESIAN_POINT ( 'NONE',  ( 34.86363070808850040, 3.001964123650243899, 2.699930340713006860 ) ) ;
#4161 = ADVANCED_FACE ( 'NONE', ( #6557 ), #6730, .T. ) ;
#4162 = CARTESIAN_POINT ( 'NONE',  ( -10.90000000000001457, -4.000000000000002665, 24.00000000000000000 ) ) ;
#4163 = LINE ( 'NONE', #4126, #4581 ) ;
#4164 = CARTESIAN_POINT ( 'NONE',  ( 2.499999999999992450, 13.29999999999999893, 12.00000000000000000 ) ) ;
#4165 = EDGE_CURVE ( 'NONE', #3472, #4117, #1692, .T. ) ;
#4166 = CARTESIAN_POINT ( 'NONE',  ( -51.65067355744990607, -1.708632156454272355, 9.654537367874253206 ) ) ;
#4167 = EDGE_CURVE ( 'NONE', #2788, #3754, #4789, .T. ) ;
#4168 = VECTOR ( 'NONE', #6092, 1000.000000000000000 ) ;
#4169 = ORIENTED_EDGE ( 'NONE', *, *, #7639, .T. ) ;
#4170 = AXIS2_PLACEMENT_3D ( 'NONE', #4682, #3437, #3593 ) ;
#4171 = ORIENTED_EDGE ( 'NONE', *, *, #7394, .F. ) ;
#4172 = FACE_OUTER_BOUND ( 'NONE', #2194, .T. ) ;
#4173 = CARTESIAN_POINT ( 'NONE',  ( -43.05620456028893983, 1.696515306460526729, 18.52696883013226525 ) ) ;
#4174 = EDGE_CURVE ( 'NONE', #2270, #2681, #3658, .T. ) ;
#4175 = EDGE_CURVE ( 'NONE', #5658, #603, #667, .T. ) ;
#4176 = ORIENTED_EDGE ( 'NONE', *, *, #5935, .F. ) ;
#4177 = AXIS2_PLACEMENT_3D ( 'NONE', #5568, #2653, #3903 ) ;
#4178 = AXIS2_PLACEMENT_3D ( 'NONE', #699, #4716, #3027 ) ;
#4179 = CARTESIAN_POINT ( 'NONE',  ( -27.90000000000001279, 9.679756995950586742E-15, 21.00000000000000000 ) ) ;
#4180 = CARTESIAN_POINT ( 'NONE',  ( 3.918869757271530263E-15, -32.00000000000000000, -5.500000000000001776 ) ) ;
#4181 = ORIENTED_EDGE ( 'NONE', *, *, #3675, .T. ) ;
#4182 = CARTESIAN_POINT ( 'NONE',  ( -42.39695701508166792, -7.193382044451555046, 13.75000000000000178 ) ) ;
#4183 = CIRCLE ( 'NONE', #5672, 4.999999999999997335 ) ;
#4184 = DIRECTION ( 'NONE',  ( 0.000000000000000000, -0.000000000000000000, 1.000000000000000000 ) ) ;
#4185 = VECTOR ( 'NONE', #4256, 1000.000000000000000 ) ;
#4186 = ORIENTED_EDGE ( 'NONE', *, *, #6070, .F. ) ;
#4187 = ORIENTED_EDGE ( 'NONE', *, *, #7349, .T. ) ;
#4188 = VERTEX_POINT ( 'NONE', #1394 ) ;
#4189 = DIRECTION ( 'NONE',  ( -1.491166311727914324E-16, 1.000000000000000000, 0.000000000000000000 ) ) ;
#4190 = CIRCLE ( 'NONE', #5203, 4.999999999999997335 ) ;
#4191 = CARTESIAN_POINT ( 'NONE',  ( 9.500000000000001776, 19.00000000000000355, 5.000000000000000888 ) ) ;
#4192 = CIRCLE ( 'NONE', #2212, 1.000000000000000888 ) ;
#4193 = CARTESIAN_POINT ( 'NONE',  ( -34.89999999999999858, -18.00000000000000355, 19.50000000000000000 ) ) ;
#4194 = FACE_OUTER_BOUND ( 'NONE', #350, .T. ) ;
#4195 = CARTESIAN_POINT ( 'NONE',  ( -14.40894241220451910, -21.99999999999999289, 24.00000000000000000 ) ) ;
#4196 = EDGE_LOOP ( 'NONE', ( #6438, #1673, #3337, #3126 ) ) ;
#4197 = VECTOR ( 'NONE', #3744, 1000.000000000000000 ) ;
#4198 = ORIENTED_EDGE ( 'NONE', *, *, #1745, .T. ) ;
#4199 = EDGE_CURVE ( 'NONE', #5047, #5494, #6094, .T. ) ;
#4200 = VECTOR ( 'NONE', #1809, 1000.000000000000000 ) ;
#4201 = CARTESIAN_POINT ( 'NONE',  ( -35.19999999999999574, -0.01000000000000653144, 20.74997142833818842 ) ) ;
#4202 = CARTESIAN_POINT ( 'NONE',  ( -35.09283901803131300, -1.694445186663923630, 18.54792030972522809 ) ) ;
#4203 = CARTESIAN_POINT ( 'NONE',  ( -34.09666818394764931, 5.311881968094678719, 11.52300534119501840 ) ) ;
#4204 = EDGE_CURVE ( 'NONE', #7384, #3210, #173, .T. ) ;
#4205 = DIRECTION ( 'NONE',  ( 1.000000000000000000, 0.000000000000000000, 0.000000000000000000 ) ) ;
#4206 = CARTESIAN_POINT ( 'NONE',  ( 30.49845183647588343, 10.15444217913013958, 14.04194315391043446 ) ) ;
#4207 = ORIENTED_EDGE ( 'NONE', *, *, #3506, .T. ) ;
#4208 = VERTEX_POINT ( 'NONE', #7202 ) ;
#4209 = ADVANCED_FACE ( 'NONE', ( #253 ), #2187, .F. ) ;
#4210 = DIRECTION ( 'NONE',  ( 0.000000000000000000, 0.000000000000000000, -1.000000000000000000 ) ) ;
#4211 = CARTESIAN_POINT ( 'NONE',  ( -10.90000000000001457, -13.00000000000000355, 21.00000000000000000 ) ) ;
#4212 = EDGE_LOOP ( 'NONE', ( #5788, #1546, #3231, #4626, #4357 ) ) ;
#4213 = CARTESIAN_POINT ( 'NONE',  ( -13.45686297008839816, -25.76537108599285730, 5.163954475603789618 ) ) ;
#4214 = LINE ( 'NONE', #1191, #1558 ) ;
#4215 = EDGE_CURVE ( 'NONE', #4229, #5958, #85, .T. ) ;
#4216 = CARTESIAN_POINT ( 'NONE',  ( 35.20000000000001705, -0.2586350382347741839, 8.749323637516942753 ) ) ;
#4217 = CARTESIAN_POINT ( 'NONE',  ( -47.10000000000000853, 4.214261501141090882, 9.500000000000003553 ) ) ;
#4218 = ORIENTED_EDGE ( 'NONE', *, *, #4783, .F. ) ;
#4219 = VERTEX_POINT ( 'NONE', #5987 ) ;
#4220 = ORIENTED_EDGE ( 'NONE', *, *, #2237, .T. ) ;
#4221 = CARTESIAN_POINT ( 'NONE',  ( 20.71778695723699215, -22.86193421515775981, 24.00000000000000000 ) ) ;
#4222 = CARTESIAN_POINT ( 'NONE',  ( 34.89999999999999147, -17.99999999999999289, 19.50000000000000000 ) ) ;
#4223 = DIRECTION ( 'NONE',  ( 1.000000000000000000, 0.000000000000000000, 0.000000000000000000 ) ) ;
#4224 = DIRECTION ( 'NONE',  ( 0.000000000000000000, 0.000000000000000000, -1.000000000000000000 ) ) ;
#4225 = CARTESIAN_POINT ( 'NONE',  ( -31.92201948724704508, -8.749769211979227634, 12.13304953125748398 ) ) ;
#4226 = LINE ( 'NONE', #4745, #2693 ) ;
#4227 = DIRECTION ( 'NONE',  ( 0.000000000000000000, 0.000000000000000000, 1.000000000000000000 ) ) ;
#4228 = CARTESIAN_POINT ( 'NONE',  ( -46.10000000000000142, -7.966383962755032780E-15, 12.00000000000000000 ) ) ;
#4229 = VERTEX_POINT ( 'NONE', #2567 ) ;
#4230 = CARTESIAN_POINT ( 'NONE',  ( 14.40894241220452443, -25.41283789321709818, 24.00000000000000000 ) ) ;
#4231 = DIRECTION ( 'NONE',  ( -0.000000000000000000, -0.000000000000000000, -1.000000000000000000 ) ) ;
#4232 = CARTESIAN_POINT ( 'NONE',  ( -35.19999999999999574, -0.1253127035075613238, 20.74931248784555393 ) ) ;
#4233 = CARTESIAN_POINT ( 'NONE',  ( -33.46628400282503435, 6.577353595547919873, 10.28787775886657840 ) ) ;
#4234 = CARTESIAN_POINT ( 'NONE',  ( 9.500000000000001776, 19.00000000000000355, 8.999999999999998224 ) ) ;
#4235 = CARTESIAN_POINT ( 'NONE',  ( -51.97975137338504936, -2.113542182762028876, 10.00857752780107646 ) ) ;
#4236 = ORIENTED_EDGE ( 'NONE', *, *, #7107, .F. ) ;
#4237 = VERTEX_POINT ( 'NONE', #4234 ) ;
#4238 = VERTEX_POINT ( 'NONE', #1281 ) ;
#4239 = EDGE_CURVE ( 'NONE', #423, #2784, #101, .T. ) ;
#4240 = CARTESIAN_POINT ( 'NONE',  ( 21.90999999999990777, -13.30000000000000426, 21.00000000000000000 ) ) ;
#4241 = EDGE_CURVE ( 'NONE', #5236, #6878, #3554, .T. ) ;
#4242 = ORIENTED_EDGE ( 'NONE', *, *, #1828, .T. ) ;
#4243 = FACE_OUTER_BOUND ( 'NONE', #3923, .T. ) ;
#4244 = EDGE_CURVE ( 'NONE', #7097, #4335, #7276, .T. ) ;
#4245 = CARTESIAN_POINT ( 'NONE',  ( -16.83804627249354624, -28.62467866323906307, 0.000000000000000000 ) ) ;
#4246 = CARTESIAN_POINT ( 'NONE',  ( -34.90000000000000568, 18.00000000000000000, 21.00000000000000000 ) ) ;
#4247 = EDGE_CURVE ( 'NONE', #7337, #5658, #3430, .T. ) ;
#4248 = FACE_OUTER_BOUND ( 'NONE', #7336, .T. ) ;
#4249 = ORIENTED_EDGE ( 'NONE', *, *, #6269, .F. ) ;
#4250 = ORIENTED_EDGE ( 'NONE', *, *, #2594, .T. ) ;
#4251 = ORIENTED_EDGE ( 'NONE', *, *, #2420, .F. ) ;
#4252 = ORIENTED_EDGE ( 'NONE', *, *, #6515, .F. ) ;
#4253 = CYLINDRICAL_SURFACE ( 'NONE', #6537, 1.749999999999999778 ) ;
#4254 = DIRECTION ( 'NONE',  ( 1.000000000000000000, -0.000000000000000000, -0.000000000000000000 ) ) ;
#4255 = CARTESIAN_POINT ( 'NONE',  ( -52.07426291095173099, 4.575152156148701188, 13.75908495944213605 ) ) ;
#4256 = DIRECTION ( 'NONE',  ( 9.941108744852767504E-17, -1.000000000000000000, -5.473822126268817899E-48 ) ) ;
#4257 = CARTESIAN_POINT ( 'NONE',  ( -33.07750726057718538, -7.219543215667047598, 10.25000000000000178 ) ) ;
#4258 = DIRECTION ( 'NONE',  ( 0.000000000000000000, 0.000000000000000000, -1.000000000000000000 ) ) ;
#4259 = CARTESIAN_POINT ( 'NONE',  ( -35.17165999395618314, 0.8826091733483382162, 3.484589654456098362 ) ) ;
#4260 = ORIENTED_EDGE ( 'NONE', *, *, #6828, .T. ) ;
#4261 = VECTOR ( 'NONE', #1119, 1000.000000000000000 ) ;
#4262 = EDGE_CURVE ( 'NONE', #2935, #6110, #4353, .T. ) ;
#4263 = ADVANCED_FACE ( 'NONE', ( #708 ), #3078, .F. ) ;
#4264 = LINE ( 'NONE', #1277, #4291 ) ;
#4265 = CARTESIAN_POINT ( 'NONE',  ( -8.100000000000015632, -23.95552357384358544, 8.219689529739754974 ) ) ;
#4266 = AXIS2_PLACEMENT_3D ( 'NONE', #3652, #3139, #1827 ) ;
#4267 = CARTESIAN_POINT ( 'NONE',  ( 8.500000000000000000, 18.00000000000000355, 1.999999999999998224 ) ) ;
#4268 = CARTESIAN_POINT ( 'NONE',  ( -33.46514928400295474, -6.579359924509054380, 13.71263638050445088 ) ) ;
#4269 = VECTOR ( 'NONE', #7105, 1000.000000000000000 ) ;
#4270 = DIRECTION ( 'NONE',  ( 1.000000000000000000, 0.000000000000000000, 0.000000000000000000 ) ) ;
#4271 = CARTESIAN_POINT ( 'NONE',  ( 30.07305485167539771, 10.49900236743000903, 10.62718830138674342 ) ) ;
#4272 = VERTEX_POINT ( 'NONE', #4860 ) ;
#4273 = VERTEX_POINT ( 'NONE', #6136 ) ;
#4274 = ORIENTED_EDGE ( 'NONE', *, *, #4490, .F. ) ;
#4275 = VECTOR ( 'NONE', #983, 1000.000000000000000 ) ;
#4276 = VECTOR ( 'NONE', #3580, 1000.000000000000000 ) ;
#4277 = EDGE_CURVE ( 'NONE', #5514, #802, #809, .T. ) ;
#4278 = DIRECTION ( 'NONE',  ( -1.000000000000000000, -9.941108744852762574E-17, 2.775557561562890858E-16 ) ) ;
#4279 = CIRCLE ( 'NONE', #83, 1.000000000000000888 ) ;
#4280 = CARTESIAN_POINT ( 'NONE',  ( -44.44463972782796901, -0.5391590125801662969, 6.670309138517782621 ) ) ;
#4281 = CIRCLE ( 'NONE', #5040, 1.000000000000000888 ) ;
#4282 = VERTEX_POINT ( 'NONE', #5561 ) ;
#4283 = VERTEX_POINT ( 'NONE', #1898 ) ;
#4284 = DIRECTION ( 'NONE',  ( 0.000000000000000000, 0.000000000000000000, -1.000000000000000000 ) ) ;
#4285 = CIRCLE ( 'NONE', #2053, 1.000000000000000000 ) ;
#4286 = PLANE ( 'NONE',  #5279 ) ;
#4287 = CARTESIAN_POINT ( 'NONE',  ( 39.89999999999999147, -10.92893218813451384, 0.000000000000000000 ) ) ;
#4288 = ORIENTED_EDGE ( 'NONE', *, *, #1913, .F. ) ;
#4289 = ORIENTED_EDGE ( 'NONE', *, *, #6553, .T. ) ;
#4290 = CIRCLE ( 'NONE', #963, 1.500000000000000222 ) ;
#4291 = VECTOR ( 'NONE', #3695, 1000.000000000000000 ) ;
#4292 = VERTEX_POINT ( 'NONE', #3626 ) ;
#4293 = ORIENTED_EDGE ( 'NONE', *, *, #2739, .F. ) ;
#4294 = CARTESIAN_POINT ( 'NONE',  ( -34.89999999999999858, -18.00000000000000355, 5.000000000000000000 ) ) ;
#4295 = ADVANCED_FACE ( 'NONE', ( #2059 ), #4433, .F. ) ;
#4296 = CARTESIAN_POINT ( 'NONE',  ( -39.89999999999999858, -13.00000000000000178, 21.00000000000000000 ) ) ;
#4297 = DIRECTION ( 'NONE',  ( 0.000000000000000000, 0.000000000000000000, -1.000000000000000000 ) ) ;
#4298 = EDGE_CURVE ( 'NONE', #1185, #344, #5777, .T. ) ;
#4299 = EDGE_CURVE ( 'NONE', #866, #946, #2181, .T. ) ;
#4300 = CARTESIAN_POINT ( 'NONE',  ( -11.38783669438021917, -32.66916489969268156, 17.85850966407915763 ) ) ;
#4301 = CIRCLE ( 'NONE', #4808, 1.000000000000000888 ) ;
#4302 = CARTESIAN_POINT ( 'NONE',  ( -31.98125888136353723, -8.681513704197246994, 11.49894343462928603 ) ) ;
#4303 = DIRECTION ( 'NONE',  ( -1.000000000000000000, -0.000000000000000000, -0.000000000000000000 ) ) ;
#4304 = CARTESIAN_POINT ( 'NONE',  ( -35.13525305468019866, 1.322782941534139889, 6.151503130812009168 ) ) ;
#4305 = ORIENTED_EDGE ( 'NONE', *, *, #6112, .T. ) ;
#4306 = DIRECTION ( 'NONE',  ( -1.000000000000000000, -2.668805347656626678E-16, -0.000000000000000000 ) ) ;
#4307 = VERTEX_POINT ( 'NONE', #4386 ) ;
#4308 = ORIENTED_EDGE ( 'NONE', *, *, #836, .T. ) ;
#4309 = VECTOR ( 'NONE', #6260, 1000.000000000000000 ) ;
#4310 = AXIS2_PLACEMENT_3D ( 'NONE', #6366, #2783, #6834 ) ;
#4311 = CARTESIAN_POINT ( 'NONE',  ( -51.10000000000000853, -4.214261501141105981, 14.50000000000000178 ) ) ;
#4312 = CARTESIAN_POINT ( 'NONE',  ( -32.01763318934016667, 8.639273510930982169, 11.37535480182867076 ) ) ;
#4313 = CARTESIAN_POINT ( 'NONE',  ( -41.66498829755661149, -1.435330575877771908, 20.00785653007376297 ) ) ;
#4314 = DIRECTION ( 'NONE',  ( -0.000000000000000000, -0.000000000000000000, -1.000000000000000000 ) ) ;
#4315 = CARTESIAN_POINT ( 'NONE',  ( -4.828932188134536396, 18.00000000000000711, 18.00000000000000355 ) ) ;
#4316 = EDGE_CURVE ( 'NONE', #6514, #1915, #7444, .T. ) ;
#4317 = VECTOR ( 'NONE', #663, 1000.000000000000000 ) ;
#4318 = LINE ( 'NONE', #6697, #3819 ) ;
#4319 = EDGE_LOOP ( 'NONE', ( #114, #4451, #5990, #5821 ) ) ;
#4320 = VERTEX_POINT ( 'NONE', #986 ) ;
#4321 = AXIS2_PLACEMENT_3D ( 'NONE', #6892, #3893, #7475 ) ;
#4322 = DIRECTION ( 'NONE',  ( 0.000000000000000000, 0.000000000000000000, -1.000000000000000000 ) ) ;
#4323 = CARTESIAN_POINT ( 'NONE',  ( -41.11076643188038560, -8.674264044479736313, 12.52620043770257574 ) ) ;
#4324 = CARTESIAN_POINT ( 'NONE',  ( -10.90180841670002998, -34.08819856468882392, 0.000000000000000000 ) ) ;
#4325 = CARTESIAN_POINT ( 'NONE',  ( 7.100000000000000533, -13.30000000000000249, 21.00000000000000000 ) ) ;
#4326 = CIRCLE ( 'NONE', #731, 1.749999999999999778 ) ;
#4327 = ORIENTED_EDGE ( 'NONE', *, *, #4424, .T. ) ;
#4328 = LINE ( 'NONE', #6106, #795 ) ;
#4329 = CARTESIAN_POINT ( 'NONE',  ( -8.100000000000013856, 0.000000000000000000, 5.000000000000000000 ) ) ;
#4330 = LINE ( 'NONE', #5655, #5308 ) ;
#4331 = CARTESIAN_POINT ( 'NONE',  ( 34.79369972832216007, -3.276856985273643108, 6.888615583638680206 ) ) ;
#4332 = ORIENTED_EDGE ( 'NONE', *, *, #5694, .T. ) ;
#4333 = ORIENTED_EDGE ( 'NONE', *, *, #401, .T. ) ;
#4334 = VERTEX_POINT ( 'NONE', #6308 ) ;
#4335 = VERTEX_POINT ( 'NONE', #1485 ) ;
#4336 = DIRECTION ( 'NONE',  ( -1.000000000000000000, -2.668805347656626678E-16, 0.000000000000000000 ) ) ;
#4337 = ADVANCED_FACE ( 'NONE', ( #3268 ), #4515, .F. ) ;
#4338 = CARTESIAN_POINT ( 'NONE',  ( -35.19999999999999574, -1.734723475976807094E-15, 19.00000000000000000 ) ) ;
#4339 = CARTESIAN_POINT ( 'NONE',  ( -51.90728481355065327, -4.426465194300655881, 14.10406907898133255 ) ) ;
#4340 = EDGE_CURVE ( 'NONE', #5612, #156, #3780, .T. ) ;
#4341 = CARTESIAN_POINT ( 'NONE',  ( -51.10000000000000853, 1.469693845669896248, 9.500000000000005329 ) ) ;
#4342 = CARTESIAN_POINT ( 'NONE',  ( -43.88100259145568316, -5.783069346452410997, 13.26219053632793710 ) ) ;
#4343 = DIRECTION ( 'NONE',  ( -0.7071067811865473507, -0.7071067811865477948, 0.000000000000000000 ) ) ;
#4344 = CARTESIAN_POINT ( 'NONE',  ( 34.89999999999999147, 20.00000000000000355, 10.82842712474617919 ) ) ;
#4345 = ORIENTED_EDGE ( 'NONE', *, *, #381, .F. ) ;
#4346 = DIRECTION ( 'NONE',  ( -9.941108744852766272E-17, 1.000000000000000000, 1.215432671457254510E-63 ) ) ;
#4347 = ORIENTED_EDGE ( 'NONE', *, *, #5439, .F. ) ;
#4348 = EDGE_CURVE ( 'NONE', #4947, #5071, #72, .T. ) ;
#4349 = CARTESIAN_POINT ( 'NONE',  ( -6.099999999999995204, -32.00000000000000000, 19.50000000000000000 ) ) ;
#4350 = CARTESIAN_POINT ( 'NONE',  ( -32.93883809349296143, 7.429473686367322749, 10.28998970699814741 ) ) ;
#4351 = CYLINDRICAL_SURFACE ( 'NONE', #5183, 1.000000000000000888 ) ;
#4352 = LINE ( 'NONE', #6729, #3832 ) ;
#4353 = LINE ( 'NONE', #4942, #5522 ) ;
#4354 = CARTESIAN_POINT ( 'NONE',  ( -9.750000000000000000, 24.00000000000000355, 2.000000000000000888 ) ) ;
#4355 = ORIENTED_EDGE ( 'NONE', *, *, #3369, .T. ) ;
#4356 = VERTEX_POINT ( 'NONE', #6217 ) ;
#4357 = ORIENTED_EDGE ( 'NONE', *, *, #5734, .F. ) ;
#4358 = DIRECTION ( 'NONE',  ( 1.000000000000000000, -0.000000000000000000, -0.000000000000000000 ) ) ;
#4359 = CARTESIAN_POINT ( 'NONE',  ( -44.55000000000005400, -5.250000000000000888, 12.00000000000002842 ) ) ;
#4360 = LINE ( 'NONE', #2115, #3320 ) ;
#4361 = CARTESIAN_POINT ( 'NONE',  ( -51.10000000000000853, -1.469693845669918453, 14.50000000000000178 ) ) ;
#4362 = ORIENTED_EDGE ( 'NONE', *, *, #1666, .F. ) ;
#4363 = ORIENTED_EDGE ( 'NONE', *, *, #2245, .F. ) ;
#4364 = CARTESIAN_POINT ( 'NONE',  ( 35.20000000000000995, -1.734723475976807094E-15, 19.00000000000000000 ) ) ;
#4365 = CARTESIAN_POINT ( 'NONE',  ( -43.59230669101837918, 6.033075069669691537, 13.46229162746448971 ) ) ;
#4366 = CARTESIAN_POINT ( 'NONE',  ( -41.05000000000001137, 8.750000000000003553, 12.00000000000000000 ) ) ;
#4367 = CARTESIAN_POINT ( 'NONE',  ( -7.500000000000004441, 20.00000000000000355, 5.000000000000000888 ) ) ;
#4368 = ORIENTED_EDGE ( 'NONE', *, *, #1296, .F. ) ;
#4369 = ORIENTED_EDGE ( 'NONE', *, *, #7422, .F. ) ;
#4370 = ORIENTED_EDGE ( 'NONE', *, *, #2854, .F. ) ;
#4371 = ORIENTED_EDGE ( 'NONE', *, *, #5959, .F. ) ;
#4372 = DIRECTION ( 'NONE',  ( 0.000000000000000000, 0.000000000000000000, 1.000000000000000000 ) ) ;
#4373 = CARTESIAN_POINT ( 'NONE',  ( -13.27743229591008856, -30.71915747299403776, 5.000000000000000000 ) ) ;
#4374 = CARTESIAN_POINT ( 'NONE',  ( 12.59367769398590120, -31.18437209205468363, 6.386941154967410661 ) ) ;
#4375 = CARTESIAN_POINT ( 'NONE',  ( 3.918869757271530263E-15, -32.00000000000000000, 16.50000000000000000 ) ) ;
#4376 = CARTESIAN_POINT ( 'NONE',  ( -36.36446609406726793, 16.53553390593273775, 21.00000000000000000 ) ) ;
#4377 = DIRECTION ( 'NONE',  ( 1.000000000000000000, 0.000000000000000000, -0.000000000000000000 ) ) ;
#4378 = CARTESIAN_POINT ( 'NONE',  ( 14.08971297124385202, -30.24134531103302947, 5.369169563396046563 ) ) ;
#4379 = ORIENTED_EDGE ( 'NONE', *, *, #984, .F. ) ;
#4380 = EDGE_LOOP ( 'NONE', ( #1331, #4645 ) ) ;
#4381 = CARTESIAN_POINT ( 'NONE',  ( -39.90000000000000568, 9.900000000000000355, 12.00000000000000000 ) ) ;
#4382 = FACE_OUTER_BOUND ( 'NONE', #3822, .T. ) ;
#4383 = CARTESIAN_POINT ( 'NONE',  ( -51.65067355744992028, 1.708632156454242601, 14.34546263212575745 ) ) ;
#4384 = CARTESIAN_POINT ( 'NONE',  ( -22.49999999999998579, 18.00000000000000000, 10.82842712474619340 ) ) ;
#4385 = CARTESIAN_POINT ( 'NONE',  ( 14.76288907734422295, -26.36481532097705127, 5.005824383377758480 ) ) ;
#4386 = CARTESIAN_POINT ( 'NONE',  ( -8.000000000000000000, 24.00000000000000355, 5.000000000000003553 ) ) ;
#4387 = CARTESIAN_POINT ( 'NONE',  ( -32.82893218813453728, 18.00000000000000355, 18.00000000000000355 ) ) ;
#4388 = VERTEX_POINT ( 'NONE', #6938 ) ;
#4389 = AXIS2_PLACEMENT_3D ( 'NONE', #5590, #322, #1561 ) ;
#4390 = ORIENTED_EDGE ( 'NONE', *, *, #4025, .T. ) ;
#4391 = ORIENTED_EDGE ( 'NONE', *, *, #6553, .F. ) ;
#4392 = CYLINDRICAL_SURFACE ( 'NONE', #5174, 3.750000000000000000 ) ;
#4393 = EDGE_CURVE ( 'NONE', #5971, #2679, #940, .T. ) ;
#4394 = AXIS2_PLACEMENT_3D ( 'NONE', #2143, #7355, #5019 ) ;
#4395 = AXIS2_PLACEMENT_3D ( 'NONE', #2791, #5213, #7544 ) ;
#4396 = EDGE_CURVE ( 'NONE', #3628, #3704, #4557, .T. ) ;
#4397 = LINE ( 'NONE', #3361, #1168 ) ;
#4398 = EDGE_CURVE ( 'NONE', #4116, #2899, #1522, .T. ) ;
#4399 = CARTESIAN_POINT ( 'NONE',  ( 37.89999999999999147, 7.000000000000003553, 10.25000000000000000 ) ) ;
#4400 = CARTESIAN_POINT ( 'NONE',  ( 15.17106781186546449, 20.00000000000000355, 24.00000000000000000 ) ) ;
#4401 = CARTESIAN_POINT ( 'NONE',  ( 13.40894241220452443, -23.86612356705178684, 4.999999999999999112 ) ) ;
#4402 = CARTESIAN_POINT ( 'NONE',  ( 10.17106781186546627, 18.00000000000000355, 37.13274595042155823 ) ) ;
#4403 = VECTOR ( 'NONE', #7626, 1000.000000000000000 ) ;
#4404 = VECTOR ( 'NONE', #360, 1000.000000000000000 ) ;
#4405 = ORIENTED_EDGE ( 'NONE', *, *, #3615, .F. ) ;
#4406 = FACE_OUTER_BOUND ( 'NONE', #7661, .T. ) ;
#4407 = DIRECTION ( 'NONE',  ( 1.000000000000000000, 0.000000000000000000, 0.000000000000000000 ) ) ;
#4408 = VECTOR ( 'NONE', #6667, 1000.000000000000000 ) ;
#4409 = CARTESIAN_POINT ( 'NONE',  ( -41.14704580625109998, 8.629219497930503024, 12.65137251466517831 ) ) ;
#4410 = CYLINDRICAL_SURFACE ( 'NONE', #1727, 1.750000000000005107 ) ;
#4411 = ORIENTED_EDGE ( 'NONE', *, *, #1323, .T. ) ;
#4412 = EDGE_CURVE ( 'NONE', #768, #5001, #6521, .T. ) ;
#4413 = EDGE_CURVE ( 'NONE', #4603, #6910, #7023, .T. ) ;
#4414 = EDGE_LOOP ( 'NONE', ( #1661, #5941, #4955, #4411, #6200, #2382 ) ) ;
#4415 = ORIENTED_EDGE ( 'NONE', *, *, #4111, .T. ) ;
#4416 = AXIS2_PLACEMENT_3D ( 'NONE', #7254, #6677, #1345 ) ;
#4417 = VERTEX_POINT ( 'NONE', #5111 ) ;
#4418 = CARTESIAN_POINT ( 'NONE',  ( 34.71845060316368858, 3.555646632416417763, 17.79680945712020446 ) ) ;
#4419 = CARTESIAN_POINT ( 'NONE',  ( 11.05162610024821390, -33.46676731471451660, 9.230998899559295978 ) ) ;
#4420 = LINE ( 'NONE', #6923, #2484 ) ;
#4421 = CARTESIAN_POINT ( 'NONE',  ( -44.43713545261868347, -5.335420119895870172, 12.55745030838513898 ) ) ;
#4422 = VECTOR ( 'NONE', #5102, 1000.000000000000000 ) ;
#4423 = DIRECTION ( 'NONE',  ( -1.000000000000000000, -6.624790897247282050E-16, 0.000000000000000000 ) ) ;
#4424 = EDGE_CURVE ( 'NONE', #5599, #3280, #2733, .T. ) ;
#4425 = ORIENTED_EDGE ( 'NONE', *, *, #611, .T. ) ;
#4426 = FACE_OUTER_BOUND ( 'NONE', #7063, .T. ) ;
#4427 = AXIS2_PLACEMENT_3D ( 'NONE', #4616, #3996, #1144 ) ;
#4428 = CARTESIAN_POINT ( 'NONE',  ( -21.91421356237308515, 18.58578643762690774, 9.999999999999996447 ) ) ;
#4429 = CARTESIAN_POINT ( 'NONE',  ( -46.10000000000000142, -4.664761515876249653, 13.50000000000000533 ) ) ;
#4430 = CARTESIAN_POINT ( 'NONE',  ( -51.46867534151112977, 1.580543532281649011, 14.43198208129800975 ) ) ;
#4431 = LINE ( 'NONE', #3815, #5789 ) ;
#4432 = CARTESIAN_POINT ( 'NONE',  ( -33.68509523447631437, -6.173009039462362679, 13.54632837974408766 ) ) ;
#4433 = PLANE ( 'NONE',  #4793 ) ;
#4434 = CARTESIAN_POINT ( 'NONE',  ( 17.89999999999998792, -6.098637220230962441E-16, 5.000000000000000000 ) ) ;
#4435 = AXIS2_PLACEMENT_3D ( 'NONE', #7607, #3400, #1688 ) ;
#4436 = EDGE_LOOP ( 'NONE', ( #5940, #141, #6335, #5235 ) ) ;
#4437 = ORIENTED_EDGE ( 'NONE', *, *, #1799, .F. ) ;
#4438 = ORIENTED_EDGE ( 'NONE', *, *, #7593, .F. ) ;
#4439 = ORIENTED_EDGE ( 'NONE', *, *, #2224, .F. ) ;
#4440 = CARTESIAN_POINT ( 'NONE',  ( 8.500000000000000000, 18.00000000000000355, 10.82842712474618629 ) ) ;
#4441 = ADVANCED_FACE ( 'NONE', ( #861 ), #2642, .F. ) ;
#4442 = EDGE_CURVE ( 'NONE', #2726, #7062, #5594, .T. ) ;
#4443 = VECTOR ( 'NONE', #6403, 1000.000000000000000 ) ;
#4444 = FACE_OUTER_BOUND ( 'NONE', #1517, .T. ) ;
#4445 = DIRECTION ( 'NONE',  ( -0.8619342151577693567, -0.5070201265633941246, 0.000000000000000000 ) ) ;
#4446 = CARTESIAN_POINT ( 'NONE',  ( 33.21327386202776921, 7.000000000000001776, 8.250000000000000000 ) ) ;
#4447 = B_SPLINE_CURVE_WITH_KNOTS ( 'NONE', 3,
 ( #2995, #1270, #657, #694 ),
 .UNSPECIFIED., .F., .F.,
 ( 4, 4 ),
 ( 0.000000000000000000, 0.0001247056143196319407 ),
 .UNSPECIFIED. ) ;
#4448 = CARTESIAN_POINT ( 'NONE',  ( -52.07325070178681159, 2.308686329710941010, 10.23845849567121213 ) ) ;
#4449 = CARTESIAN_POINT ( 'NONE',  ( -14.40894241220451910, -20.99999999999998934, 0.000000000000000000 ) ) ;
#4450 = AXIS2_PLACEMENT_3D ( 'NONE', #860, #1979, #3225 ) ;
#4451 = ORIENTED_EDGE ( 'NONE', *, *, #6011, .T. ) ;
#4452 = DIRECTION ( 'NONE',  ( -0.8619342151577692457, -0.5070201265633943466, 0.000000000000000000 ) ) ;
#4453 = DIRECTION ( 'NONE',  ( -1.000000000000000000, -2.668805347656626678E-16, 0.000000000000000000 ) ) ;
#4454 = CARTESIAN_POINT ( 'NONE',  ( 29.73832478197879681, -10.74971281433169601, 12.15337627659396524 ) ) ;
#4455 = AXIS2_PLACEMENT_3D ( 'NONE', #15, #4184, #5282 ) ;
#4456 = DIRECTION ( 'NONE',  ( -1.000000000000000000, 0.000000000000000000, 0.000000000000000000 ) ) ;
#4457 = ORIENTED_EDGE ( 'NONE', *, *, #2638, .T. ) ;
#4458 = EDGE_CURVE ( 'NONE', #2394, #167, #1905, .T. ) ;
#4459 = ORIENTED_EDGE ( 'NONE', *, *, #5402, .F. ) ;
#4460 = ORIENTED_EDGE ( 'NONE', *, *, #715, .F. ) ;
#4461 = ORIENTED_EDGE ( 'NONE', *, *, #5922, .F. ) ;
#4462 = CARTESIAN_POINT ( 'NONE',  ( -51.10000000000000853, -1.469693845669930887, 14.50000000000000355 ) ) ;
#4463 = DIRECTION ( 'NONE',  ( 1.000000000000000000, -0.000000000000000000, -0.000000000000000000 ) ) ;
#4464 = DIRECTION ( 'NONE',  ( 9.637352644315594010E-17, -1.000000000000000000, 0.000000000000000000 ) ) ;
#4465 = EDGE_CURVE ( 'NONE', #234, #911, #320, .T. ) ;
#4466 = FACE_OUTER_BOUND ( 'NONE', #1199, .T. ) ;
#4467 = LINE ( 'NONE', #4376, #3792 ) ;
#4468 = CARTESIAN_POINT ( 'NONE',  ( -13.40894241220451910, -20.99999999999998934, 24.00000000000000000 ) ) ;
#4469 = CARTESIAN_POINT ( 'NONE',  ( 21.91421356237307450, 18.58578643762691485, 9.414213562373079824 ) ) ;
#4470 = ORIENTED_EDGE ( 'NONE', *, *, #1308, .F. ) ;
#4471 = ORIENTED_EDGE ( 'NONE', *, *, #2530, .T. ) ;
#4472 = CARTESIAN_POINT ( 'NONE',  ( -39.90000000000000568, -6.098637220230962441E-16, 3.250000000000000444 ) ) ;
#4473 = CARTESIAN_POINT ( 'NONE',  ( -35.19999999999999574, -0.01000000000000653144, 3.250028571661816024 ) ) ;
#4474 = CARTESIAN_POINT ( 'NONE',  ( -11.09999999999999254, -32.00000000000000000, 19.50000000000000000 ) ) ;
#4475 = CARTESIAN_POINT ( 'NONE',  ( -13.27743229591008323, -30.71915747299406618, 19.40189321836893299 ) ) ;
#4476 = PLANE ( 'NONE',  #497 ) ;
#4477 = CARTESIAN_POINT ( 'NONE',  ( -61.10000000000000142, -1.196959198423997211E-14, 12.00000000000000000 ) ) ;
#4478 = CARTESIAN_POINT ( 'NONE',  ( -44.55000000000005400, -5.250000000000000888, 12.00000000000002842 ) ) ;
#4479 = ORIENTED_EDGE ( 'NONE', *, *, #1656, .F. ) ;
#4480 = ORIENTED_EDGE ( 'NONE', *, *, #4413, .T. ) ;
#4481 = ORIENTED_EDGE ( 'NONE', *, *, #2236, .F. ) ;
#4482 = ORIENTED_EDGE ( 'NONE', *, *, #6731, .T. ) ;
#4483 = CARTESIAN_POINT ( 'NONE',  ( 34.89999999999999147, 10.92893218813452805, 21.00000000000000000 ) ) ;
#4484 = CARTESIAN_POINT ( 'NONE',  ( 39.89999999999999147, -7.000000000000000888, 10.25000000000000000 ) ) ;
#4485 = CARTESIAN_POINT ( 'NONE',  ( 13.40894241220452443, -27.16125453576510296, 24.00000000000000000 ) ) ;
#4486 = DIRECTION ( 'NONE',  ( 1.000000000000000000, 0.000000000000000000, 0.000000000000000000 ) ) ;
#4487 = DIRECTION ( 'NONE',  ( -1.000000000000000000, -1.491166311727914324E-16, 0.000000000000000000 ) ) ;
#4488 = CARTESIAN_POINT ( 'NONE',  ( -42.47089652037601581, -1.757385719906077171, 4.884600685856236524 ) ) ;
#4489 = ORIENTED_EDGE ( 'NONE', *, *, #2887, .F. ) ;
#4490 = EDGE_CURVE ( 'NONE', #4630, #6002, #5392, .T. ) ;
#4491 = ORIENTED_EDGE ( 'NONE', *, *, #6374, .T. ) ;
#4492 = DIRECTION ( 'NONE',  ( -1.000000000000000000, -1.491166311727914324E-16, -7.228014483236695816E-17 ) ) ;
#4493 = PLANE ( 'NONE',  #7148 ) ;
#4494 = CARTESIAN_POINT ( 'NONE',  ( 29.95748425197415443, -10.58702064266423548, 13.12832798464746631 ) ) ;
#4495 = ADVANCED_FACE ( 'NONE', ( #3538, #4635, #7012 ), #7672, .F. ) ;
#4496 = FACE_OUTER_BOUND ( 'NONE', #3289, .T. ) ;
#4497 = ORIENTED_EDGE ( 'NONE', *, *, #4025, .F. ) ;
#4498 = ORIENTED_EDGE ( 'NONE', *, *, #3938, .T. ) ;
#4499 = ORIENTED_EDGE ( 'NONE', *, *, #3772, .T. ) ;
#4500 = CARTESIAN_POINT ( 'NONE',  ( 13.40894241220452443, -27.16125453576510296, 24.00000000000000000 ) ) ;
#4501 = CARTESIAN_POINT ( 'NONE',  ( -35.19999999999999574, -0.01000000000000653144, 21.00000000000000000 ) ) ;
#4502 = EDGE_CURVE ( 'NONE', #3358, #1343, #6127, .T. ) ;
#4503 = CARTESIAN_POINT ( 'NONE',  ( 9.750000000000003553, 24.00000000000000000, 24.00000000000000355 ) ) ;
#4504 = EDGE_CURVE ( 'NONE', #7064, #1834, #3911, .T. ) ;
#4505 = CARTESIAN_POINT ( 'NONE',  ( -35.08562283564895523, -1.749845658912419166, 5.228785842650132132 ) ) ;
#4506 = EDGE_CURVE ( 'NONE', #6963, #3358, #4599, .T. ) ;
#4507 = DIRECTION ( 'NONE',  ( -1.000000000000000000, 0.000000000000000000, 0.000000000000000000 ) ) ;
#4508 = ORIENTED_EDGE ( 'NONE', *, *, #6373, .F. ) ;
#4509 = CARTESIAN_POINT ( 'NONE',  ( 34.87913455859894896, -2.914463798475400047, 16.63443930364831047 ) ) ;
#4510 = CARTESIAN_POINT ( 'NONE',  ( 13.40894241220452443, -27.16125453576510296, 0.000000000000000000 ) ) ;
#4511 = CARTESIAN_POINT ( 'NONE',  ( -46.10000000000000142, 4.664761515876233666, 13.50000000000000533 ) ) ;
#4512 = CARTESIAN_POINT ( 'NONE',  ( -9.900000000000012790, -3.000000000000002665, 0.000000000000000000 ) ) ;
#4513 =( NAMED_UNIT ( * ) SI_UNIT ( $, .STERADIAN. ) SOLID_ANGLE_UNIT ( ) );
#4514 = CARTESIAN_POINT ( 'NONE',  ( 8.676117450622486515, 18.00000000000000355, 10.57935902271951001 ) ) ;
#4515 = PLANE ( 'NONE',  #5161 ) ;
#4516 = FACE_BOUND ( 'NONE', #3386, .T. ) ;
#4517 = ADVANCED_FACE ( 'NONE', ( #4152 ), #4715, .F. ) ;
#4518 = ADVANCED_FACE ( 'NONE', ( #3583 ), #5796, .F. ) ;
#4519 = ORIENTED_EDGE ( 'NONE', *, *, #7236, .F. ) ;
#4520 = ORIENTED_EDGE ( 'NONE', *, *, #7602, .T. ) ;
#4521 = DIRECTION ( 'NONE',  ( 0.000000000000000000, 0.000000000000000000, -1.000000000000000000 ) ) ;
#4522 = CARTESIAN_POINT ( 'NONE',  ( 13.27743229591009744, -30.71915747299405908, 0.000000000000000000 ) ) ;
#4523 = CYLINDRICAL_SURFACE ( 'NONE', #365, 7.099999999999999645 ) ;
#4524 = DIRECTION ( 'NONE',  ( 1.387778780781445676E-16, 1.379605977354753491E-32, 1.000000000000000000 ) ) ;
#4525 = CARTESIAN_POINT ( 'NONE',  ( -51.65019687596661413, 1.708279968497220080, 9.654296275042463904 ) ) ;
#4526 = CARTESIAN_POINT ( 'NONE',  ( -41.06380488308732168, -0.2805840601340258700, 3.267290006803416524 ) ) ;
#4527 = ORIENTED_EDGE ( 'NONE', *, *, #5832, .F. ) ;
#4528 = ORIENTED_EDGE ( 'NONE', *, *, #3854, .F. ) ;
#4529 = VECTOR ( 'NONE', #2339, 1000.000000000000000 ) ;
#4530 = AXIS2_PLACEMENT_3D ( 'NONE', #5781, #12, #7077 ) ;
#4531 = CARTESIAN_POINT ( 'NONE',  ( -51.10000000000000853, 4.214261501141086441, 14.50000000000000178 ) ) ;
#4532 = CARTESIAN_POINT ( 'NONE',  ( 20.21076683067359880, -21.99999999999999289, 24.00000000000000000 ) ) ;
#4533 = CIRCLE ( 'NONE', #5506, 1.749999999999999778 ) ;
#4534 = CARTESIAN_POINT ( 'NONE',  ( 9.750000000000000000, 24.00000000000000000, 1.999999999999998224 ) ) ;
#4535 = AXIS2_PLACEMENT_3D ( 'NONE', #1856, #4297, #2994 ) ;
#4536 = ORIENTED_EDGE ( 'NONE', *, *, #5229, .T. ) ;
#4537 = EDGE_LOOP ( 'NONE', ( #4519, #5491, #3019, #1489, #7588, #4878, #3013, #4491, #6393, #6827 ) ) ;
#4538 = CIRCLE ( 'NONE', #5403, 1.000000000000000888 ) ;
#4539 = EDGE_CURVE ( 'NONE', #2665, #1124, #5460, .T. ) ;
#4540 = AXIS2_PLACEMENT_3D ( 'NONE', #7411, #908, #2818 ) ;
#4541 = DIRECTION ( 'NONE',  ( 1.000000000000000000, 0.000000000000000000, 0.000000000000000000 ) ) ;
#4542 = DIRECTION ( 'NONE',  ( -2.775557561562891351E-16, -2.759211954709507528E-32, -1.000000000000000000 ) ) ;
#4543 = DIRECTION ( 'NONE',  ( 0.000000000000000000, 0.000000000000000000, -1.000000000000000000 ) ) ;
#4544 = DIRECTION ( 'NONE',  ( 1.000000000000000000, 0.000000000000000000, -2.168404344971003938E-16 ) ) ;
#4545 = CYLINDRICAL_SURFACE ( 'NONE', #3589, 1.750000000000005107 ) ;
#4546 = ORIENTED_EDGE ( 'NONE', *, *, #3615, .T. ) ;
#4547 = CIRCLE ( 'NONE', #3158, 1.750000000000005107 ) ;
#4548 = AXIS2_PLACEMENT_3D ( 'NONE', #4063, #5955, #7606 ) ;
#4549 = EDGE_CURVE ( 'NONE', #2296, #3219, #1890, .T. ) ;
#4550 = ADVANCED_FACE ( 'NONE', ( #2148 ), #5602, .F. ) ;
#4551 = CARTESIAN_POINT ( 'NONE',  ( -32.82893218813453018, 13.00000000000000000, 0.000000000000000000 ) ) ;
#4552 = AXIS2_PLACEMENT_3D ( 'NONE', #5004, #309, #2039 ) ;
#4553 = LINE ( 'NONE', #5145, #7290 ) ;
#4554 = CARTESIAN_POINT ( 'NONE',  ( -9.900000000000012790, -13.00000000000000355, 24.00000000000000000 ) ) ;
#4555 = CARTESIAN_POINT ( 'NONE',  ( -39.90000000000000568, -7.000000000000000888, 10.25000000000000000 ) ) ;
#4556 = DIRECTION ( 'NONE',  ( 0.000000000000000000, 0.000000000000000000, 1.000000000000000000 ) ) ;
#4557 = LINE ( 'NONE', #899, #1557 ) ;
#4558 = FACE_BOUND ( 'NONE', #880, .T. ) ;
#4559 = APPLICATION_CONTEXT ( 'automotive_design' ) ;
#4560 = AXIS2_PLACEMENT_3D ( 'NONE', #7089, #1751, #4122 ) ;
#4561 = VECTOR ( 'NONE', #4346, 1000.000000000000000 ) ;
#4562 = ORIENTED_EDGE ( 'NONE', *, *, #4620, .F. ) ;
#4563 = ORIENTED_EDGE ( 'NONE', *, *, #5306, .T. ) ;
#4564 = CARTESIAN_POINT ( 'NONE',  ( 21.90999999999990777, -13.30000000000000249, 0.000000000000000000 ) ) ;
#4565 = B_SPLINE_CURVE_WITH_KNOTS ( 'NONE', 3,
 ( #5671, #4045, #6419, #2136, #1092, #6887, #2097, #929, #1640, #511, #4509, #2874, #7551, #3300, #3924, #2215, #6299, #2763, #6929, #1605, #3971, #6342, #1014, #6971 ),
 .UNSPECIFIED., .F., .F.,
 ( 4, 2, 2, 2, 2, 2, 2, 2, 2, 2, 2, 4 ),
 ( 9.927226141820399974E-19, 0.0009980705308488037070, 0.001497105796273204585, 0.001996141061697605246, 0.002994211592546407001, 0.003493246857970810481, 0.003992282123395213961, 0.004990352654244018318, 0.005988423185092822676, 0.006487458450517223987, 0.006986493715941627033, 0.007984564246790443534 ),
 .UNSPECIFIED. ) ;
#4566 = EDGE_CURVE ( 'NONE', #1505, #3290, #3653, .T. ) ;
#4567 = VECTOR ( 'NONE', #5258, 1000.000000000000000 ) ;
#4568 = CARTESIAN_POINT ( 'NONE',  ( -52.10000000000000853, -9.567667171349008195E-15, 12.00000000000000000 ) ) ;
#4569 = CARTESIAN_POINT ( 'NONE',  ( -2.500000000000009326, 18.00000000000000355, 12.00000000000000000 ) ) ;
#4570 = CARTESIAN_POINT ( 'NONE',  ( 33.06173616172801388, 7.245046083964238548, 15.74999999999999645 ) ) ;
#4571 = CARTESIAN_POINT ( 'NONE',  ( 17.89999999999998792, -1.275480926296549500E-15, 22.75000000000000000 ) ) ;
#4572 = VERTEX_POINT ( 'NONE', #2651 ) ;
#4573 = VERTEX_POINT ( 'NONE', #3319 ) ;
#4574 = AXIS2_PLACEMENT_3D ( 'NONE', #6605, #6162, #796 ) ;
#4575 = AXIS2_PLACEMENT_3D ( 'NONE', #782, #1330, #4907 ) ;
#4576 = CARTESIAN_POINT ( 'NONE',  ( 11.00924653100001827, -33.63702369363846145, 16.93140273046826749 ) ) ;
#4577 = CARTESIAN_POINT ( 'NONE',  ( -13.12198096477004761, 21.05962612028271863, 6.940373879717306238 ) ) ;
#4578 = CARTESIAN_POINT ( 'NONE',  ( 29.73717109117571056, -10.75055369221187895, 11.71481779407613999 ) ) ;
#4579 = VECTOR ( 'NONE', #1597, 1000.000000000000000 ) ;
#4580 = CARTESIAN_POINT ( 'NONE',  ( 33.00000000000000000, 13.50000000000000533, 24.00000000000000000 ) ) ;
#4581 = VECTOR ( 'NONE', #5373, 1000.000000000000000 ) ;
#4582 = VERTEX_POINT ( 'NONE', #5030 ) ;
#4583 = ORIENTED_EDGE ( 'NONE', *, *, #6702, .T. ) ;
#4584 = DIRECTION ( 'NONE',  ( -1.000000000000000000, -2.668805347656630623E-16, -0.000000000000000000 ) ) ;
#4585 = VECTOR ( 'NONE', #579, 1000.000000000000000 ) ;
#4586 = CARTESIAN_POINT ( 'NONE',  ( 37.89999999999999147, 6.938893903907228378E-15, 9.400000000000000355 ) ) ;
#4587 = LINE ( 'NONE', #1081, #2532 ) ;
#4588 = CARTESIAN_POINT ( 'NONE',  ( 37.89999999999999147, -7.000000000000000888, 12.00000000000000000 ) ) ;
#4589 = LINE ( 'NONE', #1602, #1912 ) ;
#4590 = DIRECTION ( 'NONE',  ( 0.000000000000000000, 0.000000000000000000, -1.000000000000000000 ) ) ;
#4591 = ORIENTED_EDGE ( 'NONE', *, *, #4204, .T. ) ;
#4592 = EDGE_CURVE ( 'NONE', #721, #2992, #296, .T. ) ;
#4593 = EDGE_CURVE ( 'NONE', #2600, #6658, #1531, .T. ) ;
#4594 = CARTESIAN_POINT ( 'NONE',  ( -44.44417927135394564, 0.5400013031172049560, 6.669956098116921694 ) ) ;
#4595 = B_SPLINE_CURVE_WITH_KNOTS ( 'NONE', 3,
 ( #1967, #4927, #7304, #2089, #4339, #1381, #240, #7342, #5744, #6412, #2756, #5138 ),
 .UNSPECIFIED., .F., .F.,
 ( 4, 2, 2, 2, 2, 4 ),
 ( 0.000000000000000000, 0.0004085864697054246279, 0.0008171729394108492557, 0.001021466174263561217, 0.001225759409116273070, 0.001634345878821697427 ),
 .UNSPECIFIED. ) ;
#4596 = DIRECTION ( 'NONE',  ( 1.000000000000000000, 9.941108744852765039E-17, -0.000000000000000000 ) ) ;
#4597 = LINE ( 'NONE', #6936, #5399 ) ;
#4598 = CARTESIAN_POINT ( 'NONE',  ( 39.89999999999999147, -6.098637220230962441E-16, 5.000000000000000000 ) ) ;
#4599 = LINE ( 'NONE', #5865, #4529 ) ;
#4600 = FACE_BOUND ( 'NONE', #6079, .T. ) ;
#4601 = ADVANCED_FACE ( 'NONE', ( #4444 ), #3900, .F. ) ;
#4602 = EDGE_LOOP ( 'NONE', ( #3671, #3998, #5755, #7021, #6458, #6219 ) ) ;
#4603 = VERTEX_POINT ( 'NONE', #4484 ) ;
#4604 = CARTESIAN_POINT ( 'NONE',  ( 34.89999999999999147, -10.92893218813451384, 24.00000000000000000 ) ) ;
#4605 = CARTESIAN_POINT ( 'NONE',  ( 35.06755428048344925, 1.892719159909825422, 1.753567320706459043 ) ) ;
#4606 = EDGE_CURVE ( 'NONE', #4208, #1259, #4397, .T. ) ;
#4607 = CARTESIAN_POINT ( 'NONE',  ( -39.90000000000000568, -1.734723475976807094E-15, 19.00000000000000000 ) ) ;
#4608 = CARTESIAN_POINT ( 'NONE',  ( -1.554126667111981883E-15, 20.00000000000000355, 22.00000000000000000 ) ) ;
#4609 = CARTESIAN_POINT ( 'NONE',  ( 32.39908937618116624, 8.175713552324465283, 15.56834870139207894 ) ) ;
#4610 = ORIENTED_EDGE ( 'NONE', *, *, #4096, .F. ) ;
#4611 = EDGE_CURVE ( 'NONE', #193, #721, #7408, .T. ) ;
#4612 = ORIENTED_EDGE ( 'NONE', *, *, #7320, .T. ) ;
#4613 = CARTESIAN_POINT ( 'NONE',  ( 34.50548299143135722, -4.254505954114474520, 14.56670602086233934 ) ) ;
#4614 = DIRECTION ( 'NONE',  ( 1.000000000000000000, 0.000000000000000000, 0.000000000000000000 ) ) ;
#4615 = CARTESIAN_POINT ( 'NONE',  ( 32.58096716113193736, -7.951269068125371930, 15.65696724632314663 ) ) ;
#4616 = CARTESIAN_POINT ( 'NONE',  ( 35.20000000000000995, 0.009999999999907263626, 21.00000000000000000 ) ) ;
#4617 = CARTESIAN_POINT ( 'NONE',  ( 21.91000000000001080, 0.01000000000000132727, 0.000000000000000000 ) ) ;
#4618 = ORIENTED_EDGE ( 'NONE', *, *, #1308, .T. ) ;
#4619 = ORIENTED_EDGE ( 'NONE', *, *, #6459, .T. ) ;
#4620 = EDGE_CURVE ( 'NONE', #6838, #5599, #7133, .T. ) ;
#4621 = EDGE_CURVE ( 'NONE', #1822, #4130, #1450, .T. ) ;
#4622 = ORIENTED_EDGE ( 'NONE', *, *, #5085, .F. ) ;
#4623 = PLANE ( 'NONE',  #6920 ) ;
#4624 = CARTESIAN_POINT ( 'NONE',  ( 3.918869757271530263E-15, -32.00000000000000000, 16.50000000000000000 ) ) ;
#4625 = DIRECTION ( 'NONE',  ( 0.8619342151577696898, -0.5070201265633936805, 0.000000000000000000 ) ) ;
#4626 = ORIENTED_EDGE ( 'NONE', *, *, #3984, .F. ) ;
#4627 = DIRECTION ( 'NONE',  ( 0.000000000000000000, 0.000000000000000000, -1.000000000000000000 ) ) ;
#4628 = DIRECTION ( 'NONE',  ( 0.000000000000000000, 0.000000000000000000, -1.000000000000000000 ) ) ;
#4629 = ORIENTED_EDGE ( 'NONE', *, *, #6507, .T. ) ;
#4630 = VERTEX_POINT ( 'NONE', #6949 ) ;
#4631 = CARTESIAN_POINT ( 'NONE',  ( -35.19999999999999574, -6.098637220230962441E-16, 3.250000000000000000 ) ) ;
#4632 = DIRECTION ( 'NONE',  ( 0.000000000000000000, 0.000000000000000000, -1.000000000000000000 ) ) ;
#4633 = EDGE_CURVE ( 'NONE', #7609, #3588, #3147, .T. ) ;
#4634 = CARTESIAN_POINT ( 'NONE',  ( 37.89999999999999147, 7.000000000000003553, 12.00000000000000000 ) ) ;
#4635 = FACE_BOUND ( 'NONE', #7629, .T. ) ;
#4636 = CARTESIAN_POINT ( 'NONE',  ( -52.10000000000000853, -4.664761515876254094, 10.50000000000000533 ) ) ;
#4637 = ORIENTED_EDGE ( 'NONE', *, *, #4239, .T. ) ;
#4638 = ORIENTED_EDGE ( 'NONE', *, *, #5237, .T. ) ;
#4639 = EDGE_CURVE ( 'NONE', #5388, #5897, #3033, .T. ) ;
#4640 = DIRECTION ( 'NONE',  ( 0.8619342151577692457, 0.5070201265633943466, 0.000000000000000000 ) ) ;
#4641 = DIRECTION ( 'NONE',  ( 0.000000000000000000, -1.000000000000000000, 0.000000000000000000 ) ) ;
#4642 = FACE_BOUND ( 'NONE', #793, .T. ) ;
#4643 = ORIENTED_EDGE ( 'NONE', *, *, #1607, .T. ) ;
#4644 = ORIENTED_EDGE ( 'NONE', *, *, #4504, .F. ) ;
#4645 = ORIENTED_EDGE ( 'NONE', *, *, #1559, .F. ) ;
#4646 = EDGE_CURVE ( 'NONE', #6635, #592, #3660, .T. ) ;
#4647 = EDGE_CURVE ( 'NONE', #3219, #6878, #3548, .T. ) ;
#4648 = LINE ( 'NONE', #7025, #688 ) ;
#4649 = EDGE_CURVE ( 'NONE', #4292, #2403, #1648, .T. ) ;
#4650 = LINE ( 'NONE', #5736, #7168 ) ;
#4651 = DIRECTION ( 'NONE',  ( 1.000000000000000000, 0.000000000000000000, -0.000000000000000000 ) ) ;
#4652 = DIRECTION ( 'NONE',  ( -0.8619342151577696898, 0.5070201265633933474, 0.000000000000000000 ) ) ;
#4653 = ORIENTED_EDGE ( 'NONE', *, *, #2918, .T. ) ;
#4654 = VECTOR ( 'NONE', #3455, 1000.000000000000000 ) ;
#4655 = ORIENTED_EDGE ( 'NONE', *, *, #4687, .T. ) ;
#4656 = DIRECTION ( 'NONE',  ( -1.000000000000000000, -2.668805347656626678E-16, 0.000000000000000000 ) ) ;
#4657 = DIRECTION ( 'NONE',  ( 0.7071067811865505703, 0.7071067811865444641, 0.000000000000000000 ) ) ;
#4658 = VECTOR ( 'NONE', #7246, 1000.000000000000000 ) ;
#4659 = CARTESIAN_POINT ( 'NONE',  ( 13.27743229591009744, -30.71915747299405908, 5.831395812114998911 ) ) ;
#4660 = AXIS2_PLACEMENT_3D ( 'NONE', #6718, #357, #6118 ) ;
#4661 = ORIENTED_EDGE ( 'NONE', *, *, #7657, .F. ) ;
#4662 = EDGE_CURVE ( 'NONE', #74, #3137, #595, .T. ) ;
#4663 = CARTESIAN_POINT ( 'NONE',  ( 7.100000000000003197, -17.99999999999999645, 1.000000000000000666 ) ) ;
#4664 = CARTESIAN_POINT ( 'NONE',  ( -39.89999999999999858, -10.92893218813452449, 21.00000000000000000 ) ) ;
#4665 = EDGE_LOOP ( 'NONE', ( #3092, #1245, #6351, #3649 ) ) ;
#4666 = VERTEX_POINT ( 'NONE', #2377 ) ;
#4667 = ORIENTED_EDGE ( 'NONE', *, *, #3542, .F. ) ;
#4668 = VECTOR ( 'NONE', #2467, 1000.000000000000000 ) ;
#4669 = CIRCLE ( 'NONE', #6143, 1.750000000000005107 ) ;
#4670 = CARTESIAN_POINT ( 'NONE',  ( -52.10000000000001563, 4.622445746416929069, 10.36840468474103361 ) ) ;
#4671 = DIRECTION ( 'NONE',  ( 0.000000000000000000, 0.000000000000000000, 1.000000000000000000 ) ) ;
#4672 = AXIS2_PLACEMENT_3D ( 'NONE', #905, #3273, #4521 ) ;
#4673 = FACE_OUTER_BOUND ( 'NONE', #387, .T. ) ;
#4674 = FACE_OUTER_BOUND ( 'NONE', #2396, .T. ) ;
#4675 = AXIS2_PLACEMENT_3D ( 'NONE', #384, #418, #2742 ) ;
#4676 = FACE_OUTER_BOUND ( 'NONE', #7014, .T. ) ;
#4677 = ORIENTED_EDGE ( 'NONE', *, *, #3720, .T. ) ;
#4678 = ORIENTED_EDGE ( 'NONE', *, *, #4175, .F. ) ;
#4679 = AXIS2_PLACEMENT_3D ( 'NONE', #2789, #7584, #5095 ) ;
#4680 = DIRECTION ( 'NONE',  ( -1.387778780781445676E-16, -1.379605977354753764E-32, -1.000000000000000000 ) ) ;
#4681 = CARTESIAN_POINT ( 'NONE',  ( 0.000000000000000000, 0.000000000000000000, 24.00000000000000000 ) ) ;
#4682 = CARTESIAN_POINT ( 'NONE',  ( 37.89999999999999147, 7.000000000000003553, 12.00000000000000000 ) ) ;
#4683 = CARTESIAN_POINT ( 'NONE',  ( -6.099999999999995204, -32.00000000000000000, 24.00000000000000000 ) ) ;
#4684 = AXIS2_PLACEMENT_3D ( 'NONE', #800, #4377, #7310 ) ;
#4685 = CIRCLE ( 'NONE', #2197, 13.28999999999999915 ) ;
#4686 = ORIENTED_EDGE ( 'NONE', *, *, #838, .T. ) ;
#4687 = EDGE_CURVE ( 'NONE', #2403, #1498, #7123, .T. ) ;
#4688 = DIRECTION ( 'NONE',  ( 1.000000000000000000, 6.624790897247282050E-16, -0.000000000000000000 ) ) ;
#4689 = VECTOR ( 'NONE', #4487, 1000.000000000000000 ) ;
#4690 = VECTOR ( 'NONE', #1936, 1000.000000000000000 ) ;
#4691 = DIRECTION ( 'NONE',  ( -0.000000000000000000, -0.000000000000000000, -1.000000000000000000 ) ) ;
#4692 = CARTESIAN_POINT ( 'NONE',  ( -46.82625601667378135, 4.231768973995951200, 9.529004832767801858 ) ) ;
#4693 = DIRECTION ( 'NONE',  ( 1.000000000000000000, 0.000000000000000000, 0.000000000000000000 ) ) ;
#4694 = ADVANCED_FACE ( 'NONE', ( #1685 ), #2266, .F. ) ;
#4695 = AXIS2_PLACEMENT_3D ( 'NONE', #2915, #4254, #7257 ) ;
#4696 = EDGE_LOOP ( 'NONE', ( #2271, #2007, #2500, #2106 ) ) ;
#4697 = CYLINDRICAL_SURFACE ( 'NONE', #7138, 4.000000000000000000 ) ;
#4698 = FACE_BOUND ( 'NONE', #792, .T. ) ;
#4699 = DIRECTION ( 'NONE',  ( -0.5070201265633936805, -0.8619342151577696898, 0.000000000000000000 ) ) ;
#4700 = VECTOR ( 'NONE', #780, 1000.000000000000000 ) ;
#4701 = VERTEX_POINT ( 'NONE', #3397 ) ;
#4702 = AXIS2_PLACEMENT_3D ( 'NONE', #5818, #5348, #1732 ) ;
#4703 = DIRECTION ( 'NONE',  ( 0.000000000000000000, 1.000000000000000000, 0.000000000000000000 ) ) ;
#4704 = CARTESIAN_POINT ( 'NONE',  ( 20.71778695723699215, -22.86193421515775981, 0.000000000000000000 ) ) ;
#4705 = EDGE_LOOP ( 'NONE', ( #194, #6067, #305, #7373, #3233, #2991 ) ) ;
#4706 = ORIENTED_EDGE ( 'NONE', *, *, #144, .F. ) ;
#4707 = ORIENTED_EDGE ( 'NONE', *, *, #2832, .F. ) ;
#4708 = ORIENTED_EDGE ( 'NONE', *, *, #5998, .F. ) ;
#4709 = AXIS2_PLACEMENT_3D ( 'NONE', #5257, #1752, #2443 ) ;
#4710 = CARTESIAN_POINT ( 'NONE',  ( -44.38549208950916380, 0.6607367755734454562, 6.625018534704757656 ) ) ;
#4711 = DIRECTION ( 'NONE',  ( -0.000000000000000000, -0.000000000000000000, -1.000000000000000000 ) ) ;
#4712 = CARTESIAN_POINT ( 'NONE',  ( 35.20000000000000995, -6.098637220230962441E-16, 5.000000000000000000 ) ) ;
#4713 = CARTESIAN_POINT ( 'NONE',  ( 9.410179721124460883, 18.58578643762691840, 9.414213562373079824 ) ) ;
#4714 = AXIS2_PLACEMENT_3D ( 'NONE', #2504, #5421, #3056 ) ;
#4715 = CYLINDRICAL_SURFACE ( 'NONE', #5503, 2.500000000000000444 ) ;
#4716 = DIRECTION ( 'NONE',  ( -9.941108744852765039E-17, 1.000000000000000000, -0.000000000000000000 ) ) ;
#4717 = ORIENTED_EDGE ( 'NONE', *, *, #5228, .F. ) ;
#4718 = B_SPLINE_CURVE_WITH_KNOTS ( 'NONE', 3,
 ( #3055, #4998, #117, #5528, #1337, #2503, #3716, #1298, #831, #6043 ),
 .UNSPECIFIED., .F., .F.,
 ( 4, 2, 2, 2, 4 ),
 ( 0.000000000000000000, 0.0004085130822169332908, 0.0008170261644338665816, 0.001225539246650799927, 0.001634052328867733163 ),
 .UNSPECIFIED. ) ;
#4719 = CARTESIAN_POINT ( 'NONE',  ( 34.67011016244646981, 3.725671849928251511, 5.492687829986370396 ) ) ;
#4720 = CARTESIAN_POINT ( 'NONE',  ( -34.07833831302197325, 5.354015891570379715, 12.60625623068649226 ) ) ;
#4721 = CARTESIAN_POINT ( 'NONE',  ( -15.02344265897995612, -26.21154850825013938, 5.000000000000000000 ) ) ;
#4722 = CARTESIAN_POINT ( 'NONE',  ( 8.100000000000015632, -23.85898487560920955, 8.070949972295048624 ) ) ;
#4723 = ORIENTED_EDGE ( 'NONE', *, *, #4866, .F. ) ;
#4724 = EDGE_LOOP ( 'NONE', ( #5218, #37, #3798, #2483 ) ) ;
#4725 = CARTESIAN_POINT ( 'NONE',  ( 33.21327386202776921, -7.000000000000002665, 8.249999999999998224 ) ) ;
#4726 = PLANE ( 'NONE',  #4427 ) ;
#4727 = FACE_OUTER_BOUND ( 'NONE', #3940, .T. ) ;
#4728 = VERTEX_POINT ( 'NONE', #5757 ) ;
#4729 = CARTESIAN_POINT ( 'NONE',  ( -13.40894241220450667, -25.58953602615439138, 5.155115674397793946 ) ) ;
#4730 = LINE ( 'NONE', #2985, #4269 ) ;
#4731 = EDGE_CURVE ( 'NONE', #6453, #1915, #564, .T. ) ;
#4732 = CARTESIAN_POINT ( 'NONE',  ( -33.21327386202774790, 7.000000000000004441, 13.75000000000000000 ) ) ;
#4733 = VERTEX_POINT ( 'NONE', #7056 ) ;
#4734 = CARTESIAN_POINT ( 'NONE',  ( -27.90000000000001279, -4.000000000000005329, 24.00000000000000000 ) ) ;
#4735 = CYLINDRICAL_SURFACE ( 'NONE', #2720, 6.099999999999999645 ) ;
#4736 = ORIENTED_EDGE ( 'NONE', *, *, #1548, .F. ) ;
#4737 = ORIENTED_EDGE ( 'NONE', *, *, #63, .F. ) ;
#4738 = ORIENTED_EDGE ( 'NONE', *, *, #4782, .T. ) ;
#4739 = DIRECTION ( 'NONE',  ( -0.7071067811865424657, -1.054413810899733939E-16, -0.7071067811865525687 ) ) ;
#4740 = EDGE_CURVE ( 'NONE', #156, #5612, #6638, .T. ) ;
#4741 = FACE_OUTER_BOUND ( 'NONE', #7674, .T. ) ;
#4742 = EDGE_CURVE ( 'NONE', #5410, #1377, #3435, .T. ) ;
#4743 = EDGE_CURVE ( 'NONE', #1110, #7128, #5983, .T. ) ;
#4744 = CARTESIAN_POINT ( 'NONE',  ( -32.99999999999998579, -13.50000000000002665, 24.00000000000000000 ) ) ;
#4745 = CARTESIAN_POINT ( 'NONE',  ( -8.500000000000005329, 23.00000000000004619, 5.000000000000003553 ) ) ;
#4746 = CYLINDRICAL_SURFACE ( 'NONE', #822, 1.000000000000000888 ) ;
#4747 = ORIENTED_EDGE ( 'NONE', *, *, #6689, .F. ) ;
#4748 = ORIENTED_EDGE ( 'NONE', *, *, #1175, .T. ) ;
#4749 = CARTESIAN_POINT ( 'NONE',  ( -39.90000000000000568, 7.000000000000003553, 10.25000000000000000 ) ) ;
#4750 = CARTESIAN_POINT ( 'NONE',  ( -35.17165999395618314, -0.8826091733484008328, 20.51541034554387011 ) ) ;
#4751 = CARTESIAN_POINT ( 'NONE',  ( -46.29271518644937089, -4.426465194300652328, 9.895930921018672777 ) ) ;
#4752 = CYLINDRICAL_SURFACE ( 'NONE', #3302, 1.000000000000000888 ) ;
#4753 = EDGE_CURVE ( 'NONE', #4335, #3186, #787, .T. ) ;
#4754 = EDGE_CURVE ( 'NONE', #5113, #3721, #5371, .T. ) ;
#4755 = CYLINDRICAL_SURFACE ( 'NONE', #7057, 4.999999999999997335 ) ;
#4756 = VERTEX_POINT ( 'NONE', #2517 ) ;
#4757 = ORIENTED_EDGE ( 'NONE', *, *, #6205, .T. ) ;
#4758 = CARTESIAN_POINT ( 'NONE',  ( -44.00488229722458300, 1.153844441481390870, 17.67957075404385137 ) ) ;
#4759 = VERTEX_POINT ( 'NONE', #664 ) ;
#4760 = LINE ( 'NONE', #6598, #676 ) ;
#4761 = DIRECTION ( 'NONE',  ( -1.000000000000000000, 6.876381346214372952E-15, 0.000000000000000000 ) ) ;
#4762 = ORIENTED_EDGE ( 'NONE', *, *, #4772, .T. ) ;
#4763 = CARTESIAN_POINT ( 'NONE',  ( -32.82893218813453728, 20.00000000000000000, 14.00000000000000000 ) ) ;
#4764 = DIRECTION ( 'NONE',  ( 0.000000000000000000, 1.000000000000000000, 0.000000000000000000 ) ) ;
#4765 = AXIS2_PLACEMENT_3D ( 'NONE', #5179, #2389, #6529 ) ;
#4766 = VERTEX_POINT ( 'NONE', #5984 ) ;
#4767 = EDGE_LOOP ( 'NONE', ( #412, #2694, #5125, #4288 ) ) ;
#4768 = ORIENTED_EDGE ( 'NONE', *, *, #301, .F. ) ;
#4769 = ADVANCED_FACE ( 'NONE', ( #5505, #209 ), #4857, .F. ) ;
#4770 = LINE ( 'NONE', #19, #1801 ) ;
#4771 = VECTOR ( 'NONE', #288, 1000.000000000000000 ) ;
#4772 = EDGE_CURVE ( 'NONE', #2899, #3982, #2531, .T. ) ;
#4773 = AXIS2_PLACEMENT_3D ( 'NONE', #2357, #7137, #5930 ) ;
#4774 = CARTESIAN_POINT ( 'NONE',  ( -13.40894241220451732, -25.41283789321709818, 19.50000000000000000 ) ) ;
#4775 = DIRECTION ( 'NONE',  ( 0.000000000000000000, 0.000000000000000000, -1.000000000000000000 ) ) ;
#4776 = CARTESIAN_POINT ( 'NONE',  ( -14.91596253876792133, -26.27477210837486510, 19.50000000000000000 ) ) ;
#4777 = CARTESIAN_POINT ( 'NONE',  ( -35.19279986097852486, 0.4613774660522077520, 3.308091797751548491 ) ) ;
#4778 = CARTESIAN_POINT ( 'NONE',  ( -20.21076683067359525, -20.99999999999999289, 0.000000000000000000 ) ) ;
#4779 = CIRCLE ( 'NONE', #1422, 0.9999999999999991118 ) ;
#4780 = ORIENTED_EDGE ( 'NONE', *, *, #4018, .T. ) ;
#4781 = VECTOR ( 'NONE', #6454, 1000.000000000000000 ) ;
#4782 = EDGE_CURVE ( 'NONE', #6573, #749, #5034, .T. ) ;
#4783 = EDGE_CURVE ( 'NONE', #958, #331, #3043, .T. ) ;
#4784 = CIRCLE ( 'NONE', #6410, 1.749999999999999778 ) ;
#4785 = AXIS2_PLACEMENT_3D ( 'NONE', #1427, #6168, #7380 ) ;
#4786 = CARTESIAN_POINT ( 'NONE',  ( -8.100000000000013856, -24.33554382753258949, 9.261598825231978083 ) ) ;
#4787 = CARTESIAN_POINT ( 'NONE',  ( -35.15787436868865257, -1.071554179564804699, 20.38825037673948870 ) ) ;
#4788 = CARTESIAN_POINT ( 'NONE',  ( -33.68828069595528518, 6.170352023236426398, 10.44382623514206720 ) ) ;
#4789 = LINE ( 'NONE', #3142, #6023 ) ;
#4790 = CARTESIAN_POINT ( 'NONE',  ( 31.34479407609419610, 9.373127067814341018, 9.087244662100788517 ) ) ;
#4791 = CIRCLE ( 'NONE', #6289, 4.999999999999997335 ) ;
#4792 = ORIENTED_EDGE ( 'NONE', *, *, #2126, .T. ) ;
#4793 = AXIS2_PLACEMENT_3D ( 'NONE', #6858, #410, #6814 ) ;
#4794 = VERTEX_POINT ( 'NONE', #4201 ) ;
#4795 = ORIENTED_EDGE ( 'NONE', *, *, #6098, .T. ) ;
#4796 = EDGE_CURVE ( 'NONE', #3460, #3823, #4892, .T. ) ;
#4797 = VECTOR ( 'NONE', #7627, 1000.000000000000000 ) ;
#4798 = FACE_OUTER_BOUND ( 'NONE', #2778, .T. ) ;
#4799 = CARTESIAN_POINT ( 'NONE',  ( -32.99999999999998579, -13.50000000000002665, 24.00000000000000000 ) ) ;
#4800 = EDGE_LOOP ( 'NONE', ( #2646, #354, #6725, #1796 ) ) ;
#4801 = VECTOR ( 'NONE', #2151, 1000.000000000000000 ) ;
#4802 = VECTOR ( 'NONE', #2340, 1000.000000000000000 ) ;
#4803 = CARTESIAN_POINT ( 'NONE',  ( 37.89999999999999147, 6.938893903907228378E-15, 12.00000000000000000 ) ) ;
#4804 = DIRECTION ( 'NONE',  ( -1.000000000000000000, 0.000000000000000000, 0.000000000000000000 ) ) ;
#4805 = DIRECTION ( 'NONE',  ( 0.000000000000000000, 0.000000000000000000, 1.000000000000000000 ) ) ;
#4806 = VECTOR ( 'NONE', #6965, 1000.000000000000000 ) ;
#4807 = CARTESIAN_POINT ( 'NONE',  ( -35.15776259639429924, 1.072912428254510830, 20.38716885829834169 ) ) ;
#4808 = AXIS2_PLACEMENT_3D ( 'NONE', #248, #6651, #4891 ) ;
#4809 = ORIENTED_EDGE ( 'NONE', *, *, #5935, .T. ) ;
#4810 = ORIENTED_EDGE ( 'NONE', *, *, #2398, .F. ) ;
#4811 = ORIENTED_EDGE ( 'NONE', *, *, #5133, .F. ) ;
#4812 = DIRECTION ( 'NONE',  ( 1.000000000000000000, -0.000000000000000000, -0.000000000000000000 ) ) ;
#4813 = CARTESIAN_POINT ( 'NONE',  ( -51.23831963447498339, 4.214261501141086441, 14.49999999999999822 ) ) ;
#4814 = VECTOR ( 'NONE', #261, 1000.000000000000000 ) ;
#4815 = DIRECTION ( 'NONE',  ( 1.000000000000000000, 9.637352644315594010E-17, -0.000000000000000000 ) ) ;
#4816 = CARTESIAN_POINT ( 'NONE',  ( -32.26599651392576362, -8.339785009413342109, 13.13177792474565031 ) ) ;
#4817 = CARTESIAN_POINT ( 'NONE',  ( -52.10000000000000853, 2.481934729198169265, 10.50000000000000533 ) ) ;
#4818 = FACE_OUTER_BOUND ( 'NONE', #1254, .T. ) ;
#4819 = DIRECTION ( 'NONE',  ( 0.000000000000000000, 1.000000000000000000, 0.000000000000000000 ) ) ;
#4820 = ORIENTED_EDGE ( 'NONE', *, *, #2845, .T. ) ;
#4821 = EDGE_CURVE ( 'NONE', #5577, #3210, #2297, .T. ) ;
#4822 = CIRCLE ( 'NONE', #4450, 9.900000000000007461 ) ;
#4823 = CARTESIAN_POINT ( 'NONE',  ( -9.900000000000012790, -12.00000000000000355, 24.00000000000000000 ) ) ;
#4824 = CIRCLE ( 'NONE', #7574, 3.750000000000000888 ) ;
#4825 = DIRECTION ( 'NONE',  ( 1.000000000000000000, 0.000000000000000000, 0.000000000000000000 ) ) ;
#4826 = EDGE_CURVE ( 'NONE', #6341, #2572, #806, .T. ) ;
#4827 = FACE_OUTER_BOUND ( 'NONE', #2110, .T. ) ;
#4828 = CARTESIAN_POINT ( 'NONE',  ( -46.58353137565741520, -4.295104907553128015, 9.641217902001644191 ) ) ;
#4829 = DIRECTION ( 'NONE',  ( 0.7071067811865473507, -0.7071067811865477948, 0.000000000000000000 ) ) ;
#4830 = CARTESIAN_POINT ( 'NONE',  ( -51.91411273016059624, -2.011560740707120765, 9.906721372030339978 ) ) ;
#4831 = EDGE_CURVE ( 'NONE', #331, #5236, #6305, .T. ) ;
#4832 = EDGE_LOOP ( 'NONE', ( #2494, #2523, #6707, #41 ) ) ;
#4833 = ORIENTED_EDGE ( 'NONE', *, *, #1973, .F. ) ;
#4834 = EDGE_CURVE ( 'NONE', #4582, #3094, #1482, .T. ) ;
#4835 = DIRECTION ( 'NONE',  ( -1.000000000000000000, 0.000000000000000000, 0.000000000000000000 ) ) ;
#4836 = FACE_OUTER_BOUND ( 'NONE', #3462, .T. ) ;
#4837 = ORIENTED_EDGE ( 'NONE', *, *, #5734, .T. ) ;
#4838 = PLANE ( 'NONE',  #2172 ) ;
#4839 = LINE ( 'NONE', #4245, #3287 ) ;
#4840 = CARTESIAN_POINT ( 'NONE',  ( -12.69590903239261692, -31.10591879674461069, 6.292593065682664744 ) ) ;
#4841 = CARTESIAN_POINT ( 'NONE',  ( 14.91596253876792133, -26.27477210837486510, 24.00000000000000000 ) ) ;
#4842 = ORIENTED_EDGE ( 'NONE', *, *, #7249, .F. ) ;
#4843 = EDGE_CURVE ( 'NONE', #603, #1813, #2040, .T. ) ;
#4844 = EDGE_CURVE ( 'NONE', #5589, #6046, #6856, .T. ) ;
#4845 = ORIENTED_EDGE ( 'NONE', *, *, #6688, .T. ) ;
#4846 = ORIENTED_EDGE ( 'NONE', *, *, #429, .T. ) ;
#4847 = FACE_OUTER_BOUND ( 'NONE', #602, .T. ) ;
#4848 = FACE_OUTER_BOUND ( 'NONE', #7630, .T. ) ;
#4849 = CARTESIAN_POINT ( 'NONE',  ( -35.19999999999999574, -1.734723475976807094E-15, 17.24999999999999645 ) ) ;
#4850 = CARTESIAN_POINT ( 'NONE',  ( 34.89999999999999147, -17.99999999999999289, 21.00000000000000000 ) ) ;
#4851 = CARTESIAN_POINT ( 'NONE',  ( -32.82893218813453728, 22.00000000000000000, 22.00000000000000000 ) ) ;
#4852 = CARTESIAN_POINT ( 'NONE',  ( -35.12795923864888437, 1.401237537353287932, 3.927308938655987181 ) ) ;
#4853 = DIRECTION ( 'NONE',  ( 1.000000000000000000, 9.941108744852766272E-17, 0.000000000000000000 ) ) ;
#4854 = ORIENTED_EDGE ( 'NONE', *, *, #7076, .F. ) ;
#4855 = ADVANCED_FACE ( 'NONE', ( #2176 ), #2639, .F. ) ;
#4856 = DIRECTION ( 'NONE',  ( 0.000000000000000000, -1.000000000000000000, -1.794541526872556887E-15 ) ) ;
#4857 = CYLINDRICAL_SURFACE ( 'NONE', #3664, 13.29000000000000270 ) ;
#4858 = CARTESIAN_POINT ( 'NONE',  ( -35.19999999999999574, -0.01000000000000653144, 17.25002857166181158 ) ) ;
#4859 = DIRECTION ( 'NONE',  ( 1.000000000000000000, -0.000000000000000000, -0.000000000000000000 ) ) ;
#4860 = CARTESIAN_POINT ( 'NONE',  ( -33.21327386202775500, -7.000000000000000888, 10.25000000000000000 ) ) ;
#4861 = DIRECTION ( 'NONE',  ( 1.224646799147353207E-16, 1.000000000000000000, -0.000000000000000000 ) ) ;
#4862 = VERTEX_POINT ( 'NONE', #5146 ) ;
#4863 = ORIENTED_EDGE ( 'NONE', *, *, #6818, .F. ) ;
#4864 = EDGE_LOOP ( 'NONE', ( #2956, #5285, #3281, #1726, #3595 ) ) ;
#4865 = EDGE_LOOP ( 'NONE', ( #6613, #7479, #6334, #4425 ) ) ;
#4866 = EDGE_CURVE ( 'NONE', #5116, #620, #1295, .T. ) ;
#4867 = LINE ( 'NONE', #179, #3067 ) ;
#4868 = CARTESIAN_POINT ( 'NONE',  ( -14.40894241220451732, -25.41283789321709818, 0.000000000000000000 ) ) ;
#4869 = EDGE_CURVE ( 'NONE', #2590, #3460, #5446, .T. ) ;
#4870 = ADVANCED_FACE ( 'NONE', ( #2603 ), #2766, .F. ) ;
#4871 = ORIENTED_EDGE ( 'NONE', *, *, #4076, .T. ) ;
#4872 = EDGE_CURVE ( 'NONE', #1959, #2859, #4533, .T. ) ;
#4873 = LINE ( 'NONE', #3241, #7528 ) ;
#4874 = DIRECTION ( 'NONE',  ( 1.000000000000000000, 0.000000000000000000, 0.000000000000000000 ) ) ;
#4875 = CARTESIAN_POINT ( 'NONE',  ( 35.19303443987409707, -0.5027848707015677432, 1.275805724452159895 ) ) ;
#4876 = ORIENTED_EDGE ( 'NONE', *, *, #4396, .F. ) ;
#4877 = ORIENTED_EDGE ( 'NONE', *, *, #3261, .T. ) ;
#4878 = ORIENTED_EDGE ( 'NONE', *, *, #2018, .F. ) ;
#4879 = ORIENTED_EDGE ( 'NONE', *, *, #3694, .F. ) ;
#4880 = DIRECTION ( 'NONE',  ( 1.000000000000000000, 0.000000000000000000, 0.000000000000000000 ) ) ;
#4881 = FACE_OUTER_BOUND ( 'NONE', #7539, .T. ) ;
#4882 = DIRECTION ( 'NONE',  ( 0.000000000000000000, 0.000000000000000000, 1.000000000000000000 ) ) ;
#4883 = ADVANCED_FACE ( 'NONE', ( #6214 ), #5108, .F. ) ;
#4884 = DIRECTION ( 'NONE',  ( 1.000000000000000000, -0.000000000000000000, -0.000000000000000000 ) ) ;
#4885 = DIRECTION ( 'NONE',  ( 0.000000000000000000, 0.000000000000000000, -1.000000000000000000 ) ) ;
#4886 = CARTESIAN_POINT ( 'NONE',  ( -35.19999999999998863, 0.2406252227891338413, 6.748653548405681768 ) ) ;
#4887 = ORIENTED_EDGE ( 'NONE', *, *, #691, .F. ) ;
#4888 = CARTESIAN_POINT ( 'NONE',  ( 21.90999999999990777, -13.30000000000000426, 21.00000000000000000 ) ) ;
#4889 = EDGE_LOOP ( 'NONE', ( #3166, #5564, #571, #1901 ) ) ;
#4890 = VECTOR ( 'NONE', #7471, 1000.000000000000000 ) ;
#4891 = DIRECTION ( 'NONE',  ( -1.000000000000000000, 0.000000000000000000, 0.000000000000000000 ) ) ;
#4892 = LINE ( 'NONE', #3590, #6275 ) ;
#4893 = VECTOR ( 'NONE', #1358, 1000.000000000000000 ) ;
#4894 = CYLINDRICAL_SURFACE ( 'NONE', #3305, 1.000000000000000888 ) ;
#4895 = CARTESIAN_POINT ( 'NONE',  ( -31.24999999999998224, -13.50000000000002665, 0.000000000000000000 ) ) ;
#4896 = AXIS2_PLACEMENT_3D ( 'NONE', #5779, #2279, #6488 ) ;
#4897 = CARTESIAN_POINT ( 'NONE',  ( -31.25000000000001421, 13.49999999999998046, 24.00000000000000000 ) ) ;
#4898 = CARTESIAN_POINT ( 'NONE',  ( -51.25800526366317911, -1.486522398393244293, 9.509752266060537806 ) ) ;
#4899 = ORIENTED_EDGE ( 'NONE', *, *, #2166, .T. ) ;
#4900 = ORIENTED_EDGE ( 'NONE', *, *, #7612, .T. ) ;
#4901 = ORIENTED_EDGE ( 'NONE', *, *, #2560, .T. ) ;
#4902 = CIRCLE ( 'NONE', #680, 3.750000000000000888 ) ;
#4903 = CIRCLE ( 'NONE', #7396, 1.000000000000000888 ) ;
#4904 = CARTESIAN_POINT ( 'NONE',  ( -43.88189615983366565, 5.782307922365260922, 10.73850063495799390 ) ) ;
#4905 = PLANE ( 'NONE',  #1593 ) ;
#4906 = VECTOR ( 'NONE', #6743, 1000.000000000000000 ) ;
#4907 = DIRECTION ( 'NONE',  ( -1.000000000000000000, 0.000000000000000000, 0.000000000000000000 ) ) ;
#4908 = VECTOR ( 'NONE', #2453, 1000.000000000000000 ) ;
#4909 = ORIENTED_EDGE ( 'NONE', *, *, #1127, .F. ) ;
#4910 = EDGE_CURVE ( 'NONE', #5265, #1931, #3786, .T. ) ;
#4911 = ORIENTED_EDGE ( 'NONE', *, *, #1560, .T. ) ;
#4912 = CARTESIAN_POINT ( 'NONE',  ( -13.62298334620742857, 23.00000000000004974, 5.000000000000000888 ) ) ;
#4913 = CIRCLE ( 'NONE', #696, 4.900000000000002132 ) ;
#4914 = DIRECTION ( 'NONE',  ( -0.000000000000000000, -0.000000000000000000, 1.000000000000000000 ) ) ;
#4915 = CARTESIAN_POINT ( 'NONE',  ( 0.000000000000000000, 0.000000000000000000, 21.00000000000000000 ) ) ;
#4916 = ADVANCED_FACE ( 'NONE', ( #2730 ), #1438, .F. ) ;
#4917 = CARTESIAN_POINT ( 'NONE',  ( 35.16653843832690995, -0.9826404746024809400, 1.372765057801920374 ) ) ;
#4918 = VERTEX_POINT ( 'NONE', #6131 ) ;
#4919 = VERTEX_POINT ( 'NONE', #810 ) ;
#4920 = TOROIDAL_SURFACE ( 'NONE', #6660, 16.09999999999999787, 5.000000000000000000 ) ;
#4921 = ORIENTED_EDGE ( 'NONE', *, *, #5982, .T. ) ;
#4922 = AXIS2_PLACEMENT_3D ( 'NONE', #5433, #4853, #7091 ) ;
#4923 = ORIENTED_EDGE ( 'NONE', *, *, #6142, .T. ) ;
#4924 = EDGE_LOOP ( 'NONE', ( #5411, #1824 ) ) ;
#4925 = CARTESIAN_POINT ( 'NONE',  ( 35.15075881604163754, 1.164169640841807851, 15.43142304062283543 ) ) ;
#4926 = DIRECTION ( 'NONE',  ( 1.000000000000000000, 0.000000000000000000, 0.000000000000000000 ) ) ;
#4927 = CARTESIAN_POINT ( 'NONE',  ( -52.10000000000001563, -4.622445746416945056, 13.63159531525897705 ) ) ;
#4928 = CARTESIAN_POINT ( 'NONE',  ( -9.410179721124459107, 18.58578643762691485, 9.414213562373086930 ) ) ;
#4929 = CARTESIAN_POINT ( 'NONE',  ( -52.10000000000000853, -4.664761515876251430, 13.50000000000000533 ) ) ;
#4930 = FACE_OUTER_BOUND ( 'NONE', #5518, .T. ) ;
#4931 = CARTESIAN_POINT ( 'NONE',  ( -35.19382164771547394, 0.4669092279707482973, 6.702003278467437042 ) ) ;
#4932 = ORIENTED_EDGE ( 'NONE', *, *, #6876, .F. ) ;
#4933 = CARTESIAN_POINT ( 'NONE',  ( -52.10000000000000853, 4.214261501141076671, 10.50000000000000533 ) ) ;
#4934 = AXIS2_PLACEMENT_3D ( 'NONE', #4338, #6717, #3643 ) ;
#4935 = AXIS2_PLACEMENT_3D ( 'NONE', #3559, #1076, #36 ) ;
#4936 = CARTESIAN_POINT ( 'NONE',  ( -11.15784067908837862, -33.19299948207869733, 8.887682433854722674 ) ) ;
#4937 = CARTESIAN_POINT ( 'NONE',  ( -42.39685456294865418, -7.193487649692660746, 10.24999999999823252 ) ) ;
#4938 = DIRECTION ( 'NONE',  ( -1.000000000000000000, 0.000000000000000000, 0.000000000000000000 ) ) ;
#4939 = CARTESIAN_POINT ( 'NONE',  ( -43.05613710576685094, -1.696414327697927327, 18.52706364004325579 ) ) ;
#4940 = DIRECTION ( 'NONE',  ( -0.7071067811865474617, 2.799257721010280424E-17, -0.7071067811865476838 ) ) ;
#4941 = CIRCLE ( 'NONE', #1837, 1.000000000000000888 ) ;
#4942 = CARTESIAN_POINT ( 'NONE',  ( -13.40894241220451555, -32.00000000000000711, 19.50000000000000000 ) ) ;
#4943 = CIRCLE ( 'NONE', #5193, 1.750000000000001554 ) ;
#4944 = FACE_OUTER_BOUND ( 'NONE', #4864, .T. ) ;
#4945 = EDGE_LOOP ( 'NONE', ( #3941, #6324, #6561, #414, #4706 ) ) ;
#4946 = ORIENTED_EDGE ( 'NONE', *, *, #2348, .F. ) ;
#4947 = VERTEX_POINT ( 'NONE', #3223 ) ;
#4948 = ORIENTED_EDGE ( 'NONE', *, *, #3999, .F. ) ;
#4949 = AXIS2_PLACEMENT_3D ( 'NONE', #3922, #7004, #4628 ) ;
#4950 = LINE ( 'NONE', #4485, #3463 ) ;
#4951 = CARTESIAN_POINT ( 'NONE',  ( 39.89999999999999858, 18.00000000000000711, 16.00000000000000000 ) ) ;
#4952 = CARTESIAN_POINT ( 'NONE',  ( -51.10000000000000853, 1.469693845669912236, 9.500000000000005329 ) ) ;
#4953 = LINE ( 'NONE', #4325, #976 ) ;
#4954 = CIRCLE ( 'NONE', #251, 1.500000000000000222 ) ;
#4955 = ORIENTED_EDGE ( 'NONE', *, *, #2026, .T. ) ;
#4956 = CARTESIAN_POINT ( 'NONE',  ( -32.82893218813453728, 18.00000000000000000, 24.00000000000000000 ) ) ;
#4957 = CARTESIAN_POINT ( 'NONE',  ( -44.23182063291579169, 5.495497287671558873, 12.90251382587376483 ) ) ;
#4958 = CYLINDRICAL_SURFACE ( 'NONE', #3973, 2.900000000000003464 ) ;
#4959 = VERTEX_POINT ( 'NONE', #3181 ) ;
#4960 = ORIENTED_EDGE ( 'NONE', *, *, #6360, .T. ) ;
#4961 = ORIENTED_EDGE ( 'NONE', *, *, #3691, .T. ) ;
#4962 = ORIENTED_EDGE ( 'NONE', *, *, #1838, .F. ) ;
#4963 = VERTEX_POINT ( 'NONE', #5556 ) ;
#4964 = DIRECTION ( 'NONE',  ( 0.7071067811865476838, 1.054413810899741704E-16, -0.7071067811865473507 ) ) ;
#4965 = DIRECTION ( 'NONE',  ( 1.000000000000000000, -0.000000000000000000, -0.000000000000000000 ) ) ;
#4966 = CARTESIAN_POINT ( 'NONE',  ( 12.06654913931452100, -31.71221335539222608, 7.034237781418866575 ) ) ;
#4967 = CARTESIAN_POINT ( 'NONE',  ( 39.89999999999999147, -6.098637220230962441E-16, 5.000000000000000000 ) ) ;
#4968 = LINE ( 'NONE', #2724, #4404 ) ;
#4969 = CARTESIAN_POINT ( 'NONE',  ( 13.27743229591008678, -30.71915747299406618, 19.50000000000000000 ) ) ;
#4970 = CARTESIAN_POINT ( 'NONE',  ( -35.11406214365822365, 1.520245409625204269, 5.874211696644850100 ) ) ;
#4971 = ORIENTED_EDGE ( 'NONE', *, *, #1838, .T. ) ;
#4972 = DIRECTION ( 'NONE',  ( -0.000000000000000000, -0.000000000000000000, -1.000000000000000000 ) ) ;
#4973 = VECTOR ( 'NONE', #2044, 1000.000000000000000 ) ;
#4974 = ADVANCED_FACE ( 'NONE', ( #5591, #285 ), #249, .F. ) ;
#4975 = EDGE_CURVE ( 'NONE', #459, #911, #3467, .T. ) ;
#4976 = B_SPLINE_CURVE_WITH_KNOTS ( 'NONE', 3,
 ( #5223, #7597, #2880, #2767, #2178, #7049, #3352, #5147, #7512, #6937, #1679, #4054, #2141, #4090, #3501, #5864, #3932, #3977, #1017, #3390, #5366, #92, #5948, #7119, #629, #5904, #697, #2964, #6016, #1782, #2997, #129, #1243, #1272 ),
 .UNSPECIFIED., .F., .F.,
 ( 4, 2, 2, 2, 2, 2, 2, 2, 2, 2, 2, 2, 2, 2, 2, 2, 4 ),
 ( 1.734723475976806902E-18, 0.0007690842017040556500, 0.001538168403408109565, 0.002307252605112163589, 0.003076336806816217396, 0.003845421008520271636, 0.004614505210224325443, 0.005383589411928379684, 0.006152673613632435659, 0.006921757815336489900, 0.007690842017040542405, 0.008459926218744596646, 0.009229010420448650887, 0.009998094622152705127, 0.01076717882385675763, 0.01153626302556081361, 0.01230534722726486958 ),
 .UNSPECIFIED. ) ;
#4977 = EDGE_CURVE ( 'NONE', #5650, #6839, #2670, .T. ) ;
#4978 = CARTESIAN_POINT ( 'NONE',  ( -41.74632911146682801, 1.496587067763431644, 4.086300264959825235 ) ) ;
#4979 = CARTESIAN_POINT ( 'NONE',  ( -52.10000000000000853, -9.567667171349008195E-15, 12.00000000000000000 ) ) ;
#4980 = DIRECTION ( 'NONE',  ( 1.000000000000000000, 0.000000000000000000, 0.000000000000000000 ) ) ;
#4981 = CARTESIAN_POINT ( 'NONE',  ( 21.90999999999991132, 13.29999999999999893, 21.00000000000000000 ) ) ;
#4982 = CARTESIAN_POINT ( 'NONE',  ( -33.78279781517150582, -5.982622559775618853, 13.42828171273577631 ) ) ;
#4983 = DIRECTION ( 'NONE',  ( 0.000000000000000000, 0.000000000000000000, -1.000000000000000000 ) ) ;
#4984 = CARTESIAN_POINT ( 'NONE',  ( 21.21076683067359880, -21.99999999999999289, 24.00000000000000000 ) ) ;
#4985 = ORIENTED_EDGE ( 'NONE', *, *, #2227, .T. ) ;
#4986 = VERTEX_POINT ( 'NONE', #4121 ) ;
#4987 = EDGE_CURVE ( 'NONE', #6110, #2865, #4779, .T. ) ;
#4988 = EDGE_CURVE ( 'NONE', #7111, #3010, #4052, .T. ) ;
#4989 = CARTESIAN_POINT ( 'NONE',  ( 34.76869306414339178, 3.369683544342448211, 6.663445447243868003 ) ) ;
#4990 = CARTESIAN_POINT ( 'NONE',  ( -1.698686956776715873E-15, 22.00000000000000355, 0.000000000000000000 ) ) ;
#4991 = CARTESIAN_POINT ( 'NONE',  ( -41.14682372130816645, -8.629495858449217849, 12.65056787540508942 ) ) ;
#4992 = DIRECTION ( 'NONE',  ( -0.7071067811865477948, -0.7071067811865473507, 0.000000000000000000 ) ) ;
#4993 = FACE_OUTER_BOUND ( 'NONE', #5493, .T. ) ;
#4994 = ORIENTED_EDGE ( 'NONE', *, *, #4071, .T. ) ;
#4995 = CARTESIAN_POINT ( 'NONE',  ( -7.099999999999998757, -7.999999999999994671, 12.00000000000000000 ) ) ;
#4996 = EDGE_CURVE ( 'NONE', #5071, #6407, #2879, .T. ) ;
#4997 = CARTESIAN_POINT ( 'NONE',  ( -43.97434313980473775, 5.704867219154385438, 13.18249271423658087 ) ) ;
#4998 = CARTESIAN_POINT ( 'NONE',  ( -46.96168036552500524, -4.214261501141105981, 14.50000000000000178 ) ) ;
#4999 = CARTESIAN_POINT ( 'NONE',  ( 34.71841564220531495, -3.556540507661662964, 3.786394807884224445 ) ) ;
#5000 = ORIENTED_EDGE ( 'NONE', *, *, #746, .T. ) ;
#5001 = VERTEX_POINT ( 'NONE', #2220 ) ;
#5002 = ORIENTED_EDGE ( 'NONE', *, *, #1085, .T. ) ;
#5003 = EDGE_LOOP ( 'NONE', ( #4252, #279, #4833, #2746 ) ) ;
#5004 = CARTESIAN_POINT ( 'NONE',  ( -32.82893218813453728, 19.99999999999999645, 12.00000000000000000 ) ) ;
#5005 = LINE ( 'NONE', #844, #1215 ) ;
#5006 = DIRECTION ( 'NONE',  ( 0.000000000000000000, 0.000000000000000000, -1.000000000000000000 ) ) ;
#5007 = DIRECTION ( 'NONE',  ( 0.000000000000000000, 0.000000000000000000, 1.000000000000000000 ) ) ;
#5008 = DIRECTION ( 'NONE',  ( -1.387778780781445676E-16, -1.379605977354753764E-32, -1.000000000000000000 ) ) ;
#5009 = LINE ( 'NONE', #4969, #1079 ) ;
#5010 = DIRECTION ( 'NONE',  ( 1.000000000000000000, 9.941108744852763806E-17, 0.000000000000000000 ) ) ;
#5011 = ORIENTED_EDGE ( 'NONE', *, *, #5911, .F. ) ;
#5012 = EDGE_CURVE ( 'NONE', #7358, #5265, #4597, .T. ) ;
#5013 = EDGE_CURVE ( 'NONE', #6199, #4188, #1797, .T. ) ;
#5014 = CARTESIAN_POINT ( 'NONE',  ( -41.05000000000001847, -6.098626466384439160E-16, 3.250000000000000000 ) ) ;
#5015 = CARTESIAN_POINT ( 'NONE',  ( -9.500000000000005329, 20.00000000000000355, 2.000000000000000888 ) ) ;
#5016 = CARTESIAN_POINT ( 'NONE',  ( -23.88307512300518809, -20.99999999999999645, 24.00000000000000000 ) ) ;
#5017 = DIRECTION ( 'NONE',  ( -1.000000000000000000, -3.958748233630338412E-17, 0.000000000000000000 ) ) ;
#5018 = CARTESIAN_POINT ( 'NONE',  ( 13.42043816795585975, -25.58774608717194354, 5.152765897524475669 ) ) ;
#5019 = DIRECTION ( 'NONE',  ( 1.000000000000000000, 0.000000000000000000, 0.000000000000000000 ) ) ;
#5020 = ADVANCED_FACE ( 'NONE', ( #2337 ), #1097, .F. ) ;
#5021 = CARTESIAN_POINT ( 'NONE',  ( -44.55000000000007532, -5.250000000000000000, 11.85390752168896178 ) ) ;
#5022 = VERTEX_POINT ( 'NONE', #4012 ) ;
#5023 = VECTOR ( 'NONE', #5214, 1000.000000000000000 ) ;
#5024 = VERTEX_POINT ( 'NONE', #5222 ) ;
#5025 = ORIENTED_EDGE ( 'NONE', *, *, #2137, .T. ) ;
#5026 = VERTEX_POINT ( 'NONE', #6974 ) ;
#5027 = FACE_OUTER_BOUND ( 'NONE', #3949, .T. ) ;
#5028 = AXIS2_PLACEMENT_3D ( 'NONE', #490, #6386, #453 ) ;
#5029 = CIRCLE ( 'NONE', #6902, 1.749999999999999778 ) ;
#5030 = CARTESIAN_POINT ( 'NONE',  ( -13.27743229591008323, -30.71915747299406618, 19.40189321836893299 ) ) ;
#5031 = DIRECTION ( 'NONE',  ( -2.815536131330090089E-16, 1.000000000000000000, 0.000000000000000000 ) ) ;
#5032 = DIRECTION ( 'NONE',  ( -1.000000000000000000, -0.000000000000000000, -0.000000000000000000 ) ) ;
#5033 = CARTESIAN_POINT ( 'NONE',  ( -41.25014798167836005, -0.9067909998865723020, 3.497490305380439590 ) ) ;
#5034 = CIRCLE ( 'NONE', #7392, 0.9999999999999991118 ) ;
#5035 = CIRCLE ( 'NONE', #2041, 2.900000000000003464 ) ;
#5036 = ADVANCED_FACE ( 'NONE', ( #7009 ), #5189, .T. ) ;
#5037 = ORIENTED_EDGE ( 'NONE', *, *, #1759, .T. ) ;
#5038 = CARTESIAN_POINT ( 'NONE',  ( -38.43553390593274344, 14.46446609406725692, 21.00000000000000000 ) ) ;
#5039 = LINE ( 'NONE', #5527, #7649 ) ;
#5040 = AXIS2_PLACEMENT_3D ( 'NONE', #6389, #2302, #2346 ) ;
#5041 = CARTESIAN_POINT ( 'NONE',  ( 39.89999999999999858, 20.00000000000000711, 16.00000000000000000 ) ) ;
#5042 = CARTESIAN_POINT ( 'NONE',  ( 10.17106781186546627, 20.00000000000000355, 18.00000000000000355 ) ) ;
#5043 = ORIENTED_EDGE ( 'NONE', *, *, #2658, .T. ) ;
#5044 = VERTEX_POINT ( 'NONE', #3389 ) ;
#5045 = VERTEX_POINT ( 'NONE', #589 ) ;
#5046 = CIRCLE ( 'NONE', #7041, 1.000000000000000888 ) ;
#5047 = VERTEX_POINT ( 'NONE', #2291 ) ;
#5048 = CARTESIAN_POINT ( 'NONE',  ( -39.89999999999999858, -6.311724647207922168E-15, 12.00000000000000000 ) ) ;
#5049 = CARTESIAN_POINT ( 'NONE',  ( -52.10000000000000853, -4.214261501141118416, 13.50000000000000533 ) ) ;
#5050 = LINE ( 'NONE', #6797, #6639 ) ;
#5051 = CARTESIAN_POINT ( 'NONE',  ( 21.90999999999991132, 13.29999999999999893, 21.00000000000000000 ) ) ;
#5052 = CARTESIAN_POINT ( 'NONE',  ( -44.52510078711021180, -5.268580516509135059, 12.28941941150238826 ) ) ;
#5053 = VECTOR ( 'NONE', #4343, 1000.000000000000000 ) ;
#5054 = CARTESIAN_POINT ( 'NONE',  ( -49.10000000000000142, -8.767025567052019698E-15, 12.00000000000000000 ) ) ;
#5055 = CARTESIAN_POINT ( 'NONE',  ( -35.19999999999999574, 0.009999999999899845948, 17.25002857166180803 ) ) ;
#5056 = VERTEX_POINT ( 'NONE', #1678 ) ;
#5057 = CARTESIAN_POINT ( 'NONE',  ( -49.10000000000000142, -8.767025567052019698E-15, 12.00000000000000000 ) ) ;
#5058 = VECTOR ( 'NONE', #3284, 1000.000000000000000 ) ;
#5059 = AXIS2_PLACEMENT_3D ( 'NONE', #1924, #5429, #127 ) ;
#5060 = CARTESIAN_POINT ( 'NONE',  ( -51.97894105385593377, -2.112077775724797046, 13.99303499963161634 ) ) ;
#5061 = CARTESIAN_POINT ( 'NONE',  ( -38.43553390593274344, 14.46446609406725692, 0.000000000000000000 ) ) ;
#5062 = CARTESIAN_POINT ( 'NONE',  ( -51.25800526366320042, 1.486522398393210098, 14.49024773393947463 ) ) ;
#5063 = LINE ( 'NONE', #4384, #7153 ) ;
#5064 = DIRECTION ( 'NONE',  ( 0.000000000000000000, 0.000000000000000000, -1.000000000000000000 ) ) ;
#5065 = EDGE_CURVE ( 'NONE', #3775, #2084, #3917, .T. ) ;
#5066 = DIRECTION ( 'NONE',  ( 1.000000000000000000, 0.000000000000000000, 0.000000000000000000 ) ) ;
#5067 = LINE ( 'NONE', #7398, #4073 ) ;
#5068 = CIRCLE ( 'NONE', #3449, 2.999999999999999112 ) ;
#5069 = ORIENTED_EDGE ( 'NONE', *, *, #6142, .F. ) ;
#5070 = ORIENTED_EDGE ( 'NONE', *, *, #4299, .F. ) ;
#5071 = VERTEX_POINT ( 'NONE', #1716 ) ;
#5072 = ORIENTED_EDGE ( 'NONE', *, *, #5259, .T. ) ;
#5073 = DIRECTION ( 'NONE',  ( -1.000000000000000000, 0.000000000000000000, 0.000000000000000000 ) ) ;
#5074 = EDGE_CURVE ( 'NONE', #1285, #5774, #4902, .T. ) ;
#5075 = AXIS2_PLACEMENT_3D ( 'NONE', #6187, #2701, #4805 ) ;
#5076 = AXIS2_PLACEMENT_3D ( 'NONE', #7070, #2981, #6994 ) ;
#5077 = CARTESIAN_POINT ( 'NONE',  ( 15.17106781186546627, 20.00000000000000000, 12.00000000000000000 ) ) ;
#5078 = LINE ( 'NONE', #6823, #1608 ) ;
#5079 = FACE_BOUND ( 'NONE', #5733, .T. ) ;
#5080 = CARTESIAN_POINT ( 'NONE',  ( -51.25840710254078658, 1.486668787830260463, 9.509841458488574872 ) ) ;
#5081 = LINE ( 'NONE', #3872, #600 ) ;
#5082 = VERTEX_POINT ( 'NONE', #7669 ) ;
#5083 = ORIENTED_EDGE ( 'NONE', *, *, #6801, .T. ) ;
#5084 = EDGE_CURVE ( 'NONE', #3705, #7608, #5769, .T. ) ;
#5085 = EDGE_CURVE ( 'NONE', #7650, #5464, #3603, .T. ) ;
#5086 = LINE ( 'NONE', #3908, #3925 ) ;
#5087 = EDGE_CURVE ( 'NONE', #6096, #1775, #1683, .T. ) ;
#5088 = CARTESIAN_POINT ( 'NONE',  ( 39.89999999999999147, 7.257302071685540394E-15, 14.59999999999999964 ) ) ;
#5089 = DIRECTION ( 'NONE',  ( -1.000000000000000000, -9.941108744852765039E-17, 0.000000000000000000 ) ) ;
#5090 = AXIS2_PLACEMENT_3D ( 'NONE', #3374, #2712, #2033 ) ;
#5091 = CARTESIAN_POINT ( 'NONE',  ( 37.89999999999999147, -7.000000000000000888, 12.00000000000000000 ) ) ;
#5092 = ORIENTED_EDGE ( 'NONE', *, *, #4731, .F. ) ;
#5093 = ORIENTED_EDGE ( 'NONE', *, *, #2009, .T. ) ;
#5094 = ORIENTED_EDGE ( 'NONE', *, *, #7642, .T. ) ;
#5095 = DIRECTION ( 'NONE',  ( 0.000000000000000000, -1.000000000000000000, 0.000000000000000000 ) ) ;
#5096 = CARTESIAN_POINT ( 'NONE',  ( 3.918869757271530263E-15, -32.00000000000000000, 5.000000000000000000 ) ) ;
#5097 = CARTESIAN_POINT ( 'NONE',  ( 11.29475381463420014, -32.86181654957707110, 8.472038748245305229 ) ) ;
#5098 = DIRECTION ( 'NONE',  ( 1.000000000000000000, 0.000000000000000000, 0.000000000000000000 ) ) ;
#5099 = EDGE_CURVE ( 'NONE', #3568, #620, #1769, .T. ) ;
#5100 = ADVANCED_FACE ( 'NONE', ( #4243 ), #4697, .F. ) ;
#5101 = CARTESIAN_POINT ( 'NONE',  ( 37.89999999999999147, -1.520410286126020585E-15, 20.75000000000000000 ) ) ;
#5102 = DIRECTION ( 'NONE',  ( 0.000000000000000000, -1.000000000000000000, 0.000000000000000000 ) ) ;
#5103 = CARTESIAN_POINT ( 'NONE',  ( -10.90000000000001457, -12.00000000000000355, 0.000000000000000000 ) ) ;
#5104 = ORIENTED_EDGE ( 'NONE', *, *, #7107, .T. ) ;
#5105 = ORIENTED_EDGE ( 'NONE', *, *, #1346, .T. ) ;
#5106 = CARTESIAN_POINT ( 'NONE',  ( 39.89999999999999147, -10.92893218813451384, 21.00000000000000000 ) ) ;
#5107 = DIRECTION ( 'NONE',  ( 1.000000000000000000, -0.000000000000000000, -0.000000000000000000 ) ) ;
#5108 = CYLINDRICAL_SURFACE ( 'NONE', #6018, 6.099999999999999645 ) ;
#5109 = CARTESIAN_POINT ( 'NONE',  ( 31.24999999999999645, 13.50000000000000533, 24.00000000000000000 ) ) ;
#5110 = DIRECTION ( 'NONE',  ( 0.000000000000000000, 0.000000000000000000, -1.000000000000000000 ) ) ;
#5111 = CARTESIAN_POINT ( 'NONE',  ( 9.500000000000008882, 20.00000000000000000, 8.000000000000010658 ) ) ;
#5112 = DIRECTION ( 'NONE',  ( 0.5773502691896238437, -0.5773502691896299499, 0.5773502691896235106 ) ) ;
#5113 = VERTEX_POINT ( 'NONE', #10 ) ;
#5114 = ORIENTED_EDGE ( 'NONE', *, *, #5968, .T. ) ;
#5115 = EDGE_CURVE ( 'NONE', #4320, #3874, #3604, .T. ) ;
#5116 = VERTEX_POINT ( 'NONE', #2356 ) ;
#5117 = ORIENTED_EDGE ( 'NONE', *, *, #6678, .F. ) ;
#5118 = DIRECTION ( 'NONE',  ( 1.000000000000000000, 0.000000000000000000, 0.000000000000000000 ) ) ;
#5119 = CARTESIAN_POINT ( 'NONE',  ( 34.89922141900904506, 2.826883473937715774, 7.475920887916493562 ) ) ;
#5120 = CARTESIAN_POINT ( 'NONE',  ( -12.01323481708019258, -31.76500108086967344, 18.67253769237217398 ) ) ;
#5121 = LINE ( 'NONE', #2150, #2682 ) ;
#5122 = CARTESIAN_POINT ( 'NONE',  ( -9.500000000000001776, 19.00000000000000355, 9.000000000000001776 ) ) ;
#5123 = CARTESIAN_POINT ( 'NONE',  ( -41.51008857542880293, -1.288703066436335032, 3.810410686326439755 ) ) ;
#5124 = ADVANCED_FACE ( 'NONE', ( #1147 ), #4838, .F. ) ;
#5125 = ORIENTED_EDGE ( 'NONE', *, *, #3779, .T. ) ;
#5126 = CARTESIAN_POINT ( 'NONE',  ( 33.34852772875935756, -6.781285908931998563, 15.75000000000000000 ) ) ;
#5127 = LINE ( 'NONE', #1113, #980 ) ;
#5128 = CARTESIAN_POINT ( 'NONE',  ( 29.78416435227374848, -10.71666747106441697, 11.42793538860323643 ) ) ;
#5129 = EDGE_CURVE ( 'NONE', #167, #3472, #7104, .T. ) ;
#5130 = CYLINDRICAL_SURFACE ( 'NONE', #1333, 1.749999999999999778 ) ;
#5131 = ORIENTED_EDGE ( 'NONE', *, *, #2688, .T. ) ;
#5132 = EDGE_CURVE ( 'NONE', #2913, #3864, #6647, .T. ) ;
#5133 = EDGE_CURVE ( 'NONE', #7470, #2203, #5929, .T. ) ;
#5134 = ORIENTED_EDGE ( 'NONE', *, *, #1417, .T. ) ;
#5135 = ORIENTED_EDGE ( 'NONE', *, *, #3198, .F. ) ;
#5136 = DIRECTION ( 'NONE',  ( 0.000000000000000000, 0.000000000000000000, -1.000000000000000000 ) ) ;
#5137 = CARTESIAN_POINT ( 'NONE',  ( -44.90000000000004832, -7.646127321036250003E-15, 12.00000000000000000 ) ) ;
#5138 = CARTESIAN_POINT ( 'NONE',  ( -51.10000000000000853, -4.214261501141105981, 14.50000000000000178 ) ) ;
#5139 = DIRECTION ( 'NONE',  ( -3.469446951953614189E-16, -1.000000000000000000, -0.000000000000000000 ) ) ;
#5140 = DIRECTION ( 'NONE',  ( -0.000000000000000000, -0.000000000000000000, -1.000000000000000000 ) ) ;
#5141 = CARTESIAN_POINT ( 'NONE',  ( -35.17793599857752440, 0.7827257084424416034, 17.43063721739969907 ) ) ;
#5142 = ORIENTED_EDGE ( 'NONE', *, *, #2941, .F. ) ;
#5143 = ADVANCED_FACE ( 'NONE', ( #6486 ), #1260, .F. ) ;
#5144 = CARTESIAN_POINT ( 'NONE',  ( -39.90000000000000568, -7.000000000000000888, 13.75000000000000000 ) ) ;
#5145 = CARTESIAN_POINT ( 'NONE',  ( -9.900000000000012790, -13.00000000000000355, 24.00000000000000000 ) ) ;
#5146 = CARTESIAN_POINT ( 'NONE',  ( 15.17106781186546449, 18.00000000000000355, 24.00000000000000000 ) ) ;
#5147 = CARTESIAN_POINT ( 'NONE',  ( 34.30148299979329352, 4.818786227663055755, 8.940066865705640353 ) ) ;
#5148 = FACE_OUTER_BOUND ( 'NONE', #959, .T. ) ;
#5149 = DIRECTION ( 'NONE',  ( -2.775557561562891351E-16, -2.759211954709507528E-32, -1.000000000000000000 ) ) ;
#5150 = DIRECTION ( 'NONE',  ( 1.000000000000000000, -0.000000000000000000, -0.000000000000000000 ) ) ;
#5151 = ORIENTED_EDGE ( 'NONE', *, *, #5445, .F. ) ;
#5152 = ORIENTED_EDGE ( 'NONE', *, *, #3708, .F. ) ;
#5153 = DIRECTION ( 'NONE',  ( -1.000000000000000000, -9.941108744852763806E-17, 2.775557561562890858E-16 ) ) ;
#5154 = CARTESIAN_POINT ( 'NONE',  ( 34.69786257457020184, 3.629005309201152052, 5.976571808396258234 ) ) ;
#5155 = DIRECTION ( 'NONE',  ( 1.000000000000000000, 0.000000000000000000, 0.000000000000000000 ) ) ;
#5156 = DIRECTION ( 'NONE',  ( -1.000000000000000000, -2.668805347656626678E-16, 0.000000000000000000 ) ) ;
#5157 = CARTESIAN_POINT ( 'NONE',  ( 8.100000000000017408, -22.80733586064617313, 6.792266811113151448 ) ) ;
#5158 = CARTESIAN_POINT ( 'NONE',  ( 34.89999999999999147, -17.99999999999999289, 19.50000000000000000 ) ) ;
#5159 = ORIENTED_EDGE ( 'NONE', *, *, #4076, .F. ) ;
#5160 = VERTEX_POINT ( 'NONE', #38 ) ;
#5161 = AXIS2_PLACEMENT_3D ( 'NONE', #2606, #3934, #2104 ) ;
#5162 = B_SPLINE_CURVE_WITH_KNOTS ( 'NONE', 3,
 ( #5548, #801, #698, #5432, #4378, #3808, #1892, #849 ),
 .UNSPECIFIED., .F., .F.,
 ( 4, 2, 2, 4 ),
 ( 0.000000000000000000, 0.001559985535779673726, 0.002339978303669512649, 0.003119971071559352223 ),
 .UNSPECIFIED. ) ;
#5163 = AXIS2_PLACEMENT_3D ( 'NONE', #3567, #7139, #4138 ) ;
#5164 = CARTESIAN_POINT ( 'NONE',  ( 34.89999999999999147, 10.92893218813452805, 0.000000000000000000 ) ) ;
#5165 = DIRECTION ( 'NONE',  ( 0.000000000000000000, 0.000000000000000000, 1.000000000000000000 ) ) ;
#5166 = CARTESIAN_POINT ( 'NONE',  ( 32.90630043880371147, -7.496395518035169125, 8.250000000000003553 ) ) ;
#5167 = CARTESIAN_POINT ( 'NONE',  ( -46.12573708904827186, 4.575152156148704741, 10.24091504055787283 ) ) ;
#5168 = VECTOR ( 'NONE', #3201, 1000.000000000000000 ) ;
#5169 = DIRECTION ( 'NONE',  ( -1.387778780781445676E-16, -1.379605977354753764E-32, -1.000000000000000000 ) ) ;
#5170 = EDGE_CURVE ( 'NONE', #4320, #1646, #7136, .T. ) ;
#5171 = VECTOR ( 'NONE', #7035, 1000.000000000000000 ) ;
#5172 = ORIENTED_EDGE ( 'NONE', *, *, #5959, .T. ) ;
#5173 = VERTEX_POINT ( 'NONE', #646 ) ;
#5174 = AXIS2_PLACEMENT_3D ( 'NONE', #5725, #2147, #3867 ) ;
#5175 = VECTOR ( 'NONE', #2619, 1000.000000000000000 ) ;
#5176 = CYLINDRICAL_SURFACE ( 'NONE', #364, 1.000000000000000888 ) ;
#5177 = DIRECTION ( 'NONE',  ( 0.000000000000000000, -1.000000000000000000, 0.000000000000000000 ) ) ;
#5178 = ADVANCED_FACE ( 'NONE', ( #3635 ), #2426, .F. ) ;
#5179 = CARTESIAN_POINT ( 'NONE',  ( -20.21076683067359525, -21.99999999999999645, 24.00000000000000000 ) ) ;
#5180 = DIRECTION ( 'NONE',  ( 1.000000000000000000, 6.624790897247282050E-16, -0.000000000000000000 ) ) ;
#5181 = CYLINDRICAL_SURFACE ( 'NONE', #4949, 2.600000000000000089 ) ;
#5182 = ORIENTED_EDGE ( 'NONE', *, *, #6474, .T. ) ;
#5183 = AXIS2_PLACEMENT_3D ( 'NONE', #3266, #772, #210 ) ;
#5184 = VECTOR ( 'NONE', #5233, 1000.000000000000000 ) ;
#5185 = CARTESIAN_POINT ( 'NONE',  ( 16.83804627249358177, -28.62467866323906662, 5.000000000000000000 ) ) ;
#5186 = B_SPLINE_CURVE_WITH_KNOTS ( 'NONE', 3,
 ( #4002, #6370, #3591, #1073, #6062, #5953, #743, #3003 ),
 .UNSPECIFIED., .F., .F.,
 ( 4, 2, 2, 4 ),
 ( 0.000000000000000000, 0.001560061168888508603, 0.002340091753332760195, 0.003120122337777011569 ),
 .UNSPECIFIED. ) ;
#5187 = AXIS2_PLACEMENT_3D ( 'NONE', #926, #3852, #890 ) ;
#5188 = DIRECTION ( 'NONE',  ( -0.000000000000000000, -0.000000000000000000, 1.000000000000000000 ) ) ;
#5189 = PLANE ( 'NONE',  #5287 ) ;
#5190 = DIRECTION ( 'NONE',  ( -0.7071067811865473507, -0.7071067811865477948, 0.000000000000000000 ) ) ;
#5191 = CARTESIAN_POINT ( 'NONE',  ( -27.90000000000001634, -11.87355764515854872, 27.37564445790673773 ) ) ;
#5192 = VECTOR ( 'NONE', #6147, 1000.000000000000000 ) ;
#5193 = AXIS2_PLACEMENT_3D ( 'NONE', #2998, #1244, #3619 ) ;
#5194 = ORIENTED_EDGE ( 'NONE', *, *, #1973, .T. ) ;
#5195 = CARTESIAN_POINT ( 'NONE',  ( -11.49999999999999645, 24.00000000000000355, 24.00000000000000711 ) ) ;
#5196 = CARTESIAN_POINT ( 'NONE',  ( -8.100000000000013856, -18.08597829525914591, 5.000000000000000000 ) ) ;
#5197 = VECTOR ( 'NONE', #2721, 1000.000000000000000 ) ;
#5198 = CARTESIAN_POINT ( 'NONE',  ( 14.40894241220452265, -21.99999999999999289, 0.000000000000000000 ) ) ;
#5199 = CIRCLE ( 'NONE', #6302, 1.000000000000000888 ) ;
#5200 = DIRECTION ( 'NONE',  ( -1.000000000000000000, -7.228014483236695816E-17, 0.000000000000000000 ) ) ;
#5201 = ORIENTED_EDGE ( 'NONE', *, *, #3927, .F. ) ;
#5202 = ORIENTED_EDGE ( 'NONE', *, *, #557, .F. ) ;
#5203 = AXIS2_PLACEMENT_3D ( 'NONE', #692, #3065, #6880 ) ;
#5204 = AXIS2_PLACEMENT_3D ( 'NONE', #4534, #5169, #1590 ) ;
#5205 = CARTESIAN_POINT ( 'NONE',  ( -11.50007584254798942, 19.88256284509100169, 8.117437154909014296 ) ) ;
#5206 = CARTESIAN_POINT ( 'NONE',  ( 30.07522944417877397, -10.49734118448878561, 13.37738919314953101 ) ) ;
#5207 = LINE ( 'NONE', #3446, #5553 ) ;
#5208 = ORIENTED_EDGE ( 'NONE', *, *, #6506, .F. ) ;
#5209 = EDGE_LOOP ( 'NONE', ( #33, #6520, #2786, #388 ) ) ;
#5210 = ORIENTED_EDGE ( 'NONE', *, *, #2159, .F. ) ;
#5211 = CARTESIAN_POINT ( 'NONE',  ( -61.10000000000000142, -1.196959198423997211E-14, 12.00000000000000000 ) ) ;
#5212 = DIRECTION ( 'NONE',  ( 0.000000000000000000, 0.000000000000000000, 1.000000000000000000 ) ) ;
#5213 = DIRECTION ( 'NONE',  ( 0.000000000000000000, 0.000000000000000000, -1.000000000000000000 ) ) ;
#5214 = DIRECTION ( 'NONE',  ( 0.000000000000000000, 0.000000000000000000, 1.000000000000000000 ) ) ;
#5215 = VERTEX_POINT ( 'NONE', #2903 ) ;
#5216 = CARTESIAN_POINT ( 'NONE',  ( 32.82893218813451597, 18.00000000000000711, 21.00000000000000000 ) ) ;
#5217 = CARTESIAN_POINT ( 'NONE',  ( 8.100000000000017408, 0.000000000000000000, 0.000000000000000000 ) ) ;
#5218 = ORIENTED_EDGE ( 'NONE', *, *, #5413, .F. ) ;
#5219 = DIRECTION ( 'NONE',  ( -0.000000000000000000, 1.000000000000000000, -0.000000000000000000 ) ) ;
#5220 = CARTESIAN_POINT ( 'NONE',  ( -44.24903112608173927, 0.8789324698400782232, 6.518135711387493814 ) ) ;
#5221 = CARTESIAN_POINT ( 'NONE',  ( 3.918869757271530263E-15, -32.00000000000000000, 0.000000000000000000 ) ) ;
#5222 = CARTESIAN_POINT ( 'NONE',  ( -35.19999999999999574, -1.520410286126020585E-15, 20.75000000000000000 ) ) ;
#5223 = CARTESIAN_POINT ( 'NONE',  ( 33.21327386202776921, 7.000000000000001776, 8.250000000000000000 ) ) ;
#5224 = LINE ( 'NONE', #4014, #1957 ) ;
#5225 = DIRECTION ( 'NONE',  ( 1.000000000000000000, -0.000000000000000000, -0.000000000000000000 ) ) ;
#5226 = EDGE_CURVE ( 'NONE', #167, #2394, #1178, .T. ) ;
#5227 = ORIENTED_EDGE ( 'NONE', *, *, #4633, .T. ) ;
#5228 = EDGE_CURVE ( 'NONE', #459, #1881, #4328, .T. ) ;
#5229 = EDGE_CURVE ( 'NONE', #5001, #6742, #1335, .T. ) ;
#5230 = ORIENTED_EDGE ( 'NONE', *, *, #4095, .F. ) ;
#5231 = CARTESIAN_POINT ( 'NONE',  ( 35.14649340874795058, 1.222769616257974867, 1.446534543744629309 ) ) ;
#5232 = CARTESIAN_POINT ( 'NONE',  ( 37.89999999999999147, 7.257302071685540394E-15, 14.59999999999999964 ) ) ;
#5233 = DIRECTION ( 'NONE',  ( 1.000000000000000000, -0.000000000000000000, -0.000000000000000000 ) ) ;
#5234 = DIRECTION ( 'NONE',  ( -1.000000000000000000, -0.000000000000000000, -0.000000000000000000 ) ) ;
#5235 = ORIENTED_EDGE ( 'NONE', *, *, #1987, .T. ) ;
#5236 = VERTEX_POINT ( 'NONE', #6708 ) ;
#5237 = EDGE_CURVE ( 'NONE', #1960, #4573, #2804, .T. ) ;
#5238 = EDGE_CURVE ( 'NONE', #3874, #5337, #4279, .T. ) ;
#5239 = CARTESIAN_POINT ( 'NONE',  ( 34.76467590440478972, -3.384081366975751681, 13.02660998673339954 ) ) ;
#5240 = FACE_OUTER_BOUND ( 'NONE', #510, .T. ) ;
#5241 = CYLINDRICAL_SURFACE ( 'NONE', #4935, 5.000000000000000888 ) ;
#5242 = ORIENTED_EDGE ( 'NONE', *, *, #318, .F. ) ;
#5243 = VERTEX_POINT ( 'NONE', #3088 ) ;
#5244 = PLANE ( 'NONE',  #1926 ) ;
#5245 = DIRECTION ( 'NONE',  ( 0.000000000000000000, -1.000000000000000000, 0.000000000000000000 ) ) ;
#5246 = CARTESIAN_POINT ( 'NONE',  ( -14.40894241220451732, -25.41283789321709818, 24.00000000000000000 ) ) ;
#5247 = VERTEX_POINT ( 'NONE', #755 ) ;
#5248 = LINE ( 'NONE', #6339, #1061 ) ;
#5249 = CARTESIAN_POINT ( 'NONE',  ( -35.19382164771546684, 0.4669092279707486859, 20.70200327846743349 ) ) ;
#5250 = ORIENTED_EDGE ( 'NONE', *, *, #5316, .T. ) ;
#5251 = ORIENTED_EDGE ( 'NONE', *, *, #961, .T. ) ;
#5252 = EDGE_LOOP ( 'NONE', ( #873, #762, #66, #504, #2507 ) ) ;
#5253 = CARTESIAN_POINT ( 'NONE',  ( -44.52666687120720468, 0.2801994398870625291, 6.732582768843423437 ) ) ;
#5254 = CARTESIAN_POINT ( 'NONE',  ( -51.61646862434259475, 4.295104907553111140, 9.641217902001651296 ) ) ;
#5255 = DIRECTION ( 'NONE',  ( -1.000000000000000000, 0.000000000000000000, 0.000000000000000000 ) ) ;
#5256 = FILL_AREA_STYLE ('',( #1717 ) ) ;
#5257 = CARTESIAN_POINT ( 'NONE',  ( -21.90999999999999659, -0.01000000000000653144, 21.00000000000000000 ) ) ;
#5258 = DIRECTION ( 'NONE',  ( -0.000000000000000000, -0.000000000000000000, -1.000000000000000000 ) ) ;
#5259 = EDGE_CURVE ( 'NONE', #2978, #6250, #2050, .T. ) ;
#5260 = VERTEX_POINT ( 'NONE', #2076 ) ;
#5261 = EDGE_CURVE ( 'NONE', #74, #990, #4784, .T. ) ;
#5262 = FACE_OUTER_BOUND ( 'NONE', #4602, .T. ) ;
#5263 = FACE_BOUND ( 'NONE', #192, .T. ) ;
#5264 = DIRECTION ( 'NONE',  ( 0.000000000000000000, 0.000000000000000000, -1.000000000000000000 ) ) ;
#5265 = VERTEX_POINT ( 'NONE', #4956 ) ;
#5266 = ORIENTED_EDGE ( 'NONE', *, *, #5306, .F. ) ;
#5267 = CARTESIAN_POINT ( 'NONE',  ( 34.04216868098526305, -5.440847018759431997, 8.581314370226477806 ) ) ;
#5268 = CARTESIAN_POINT ( 'NONE',  ( 21.90999999999991132, 13.29999999999999893, 0.000000000000000000 ) ) ;
#5269 = LINE ( 'NONE', #5415, #3441 ) ;
#5270 = DIRECTION ( 'NONE',  ( 0.000000000000000000, 0.000000000000000000, 1.000000000000000000 ) ) ;
#5271 = VERTEX_POINT ( 'NONE', #3119 ) ;
#5272 = PRODUCT_DEFINITION ( 'UNKNOWN', '', #5557, #5790 ) ;
#5273 = AXIS2_PLACEMENT_3D ( 'NONE', #4049, #1641, #1714 ) ;
#5274 = VERTEX_POINT ( 'NONE', #7415 ) ;
#5275 = CARTESIAN_POINT ( 'NONE',  ( -13.63356408224038141, -26.06821821145288709, 5.154357993182009601 ) ) ;
#5276 = CARTESIAN_POINT ( 'NONE',  ( -2.500000000000008438, 7.000000000000002665, 12.00000000000000000 ) ) ;
#5277 = VECTOR ( 'NONE', #1106, 1000.000000000000000 ) ;
#5278 = LINE ( 'NONE', #2247, #5634 ) ;
#5279 = AXIS2_PLACEMENT_3D ( 'NONE', #1770, #76, #1910 ) ;
#5280 = ORIENTED_EDGE ( 'NONE', *, *, #2464, .F. ) ;
#5281 = CARTESIAN_POINT ( 'NONE',  ( -52.10000000000000853, -9.567667171349008195E-15, 12.00000000000000000 ) ) ;
#5282 = DIRECTION ( 'NONE',  ( -1.000000000000000000, 0.000000000000000000, 0.000000000000000000 ) ) ;
#5283 = VERTEX_POINT ( 'NONE', #2501 ) ;
#5284 = ORIENTED_EDGE ( 'NONE', *, *, #108, .F. ) ;
#5285 = ORIENTED_EDGE ( 'NONE', *, *, #6549, .F. ) ;
#5286 = ORIENTED_EDGE ( 'NONE', *, *, #5533, .T. ) ;
#5287 = AXIS2_PLACEMENT_3D ( 'NONE', #5291, #7558, #2919 ) ;
#5288 = CIRCLE ( 'NONE', #4159, 2.000000000000004441 ) ;
#5289 = DIRECTION ( 'NONE',  ( 0.5070201265633941246, -0.8619342151577693567, 0.000000000000000000 ) ) ;
#5290 = CARTESIAN_POINT ( 'NONE',  ( 32.82893218813451597, 18.00000000000000711, 0.000000000000000000 ) ) ;
#5291 = CARTESIAN_POINT ( 'NONE',  ( 12.49999999999999822, 23.00000000000004974, 4.999999999999997335 ) ) ;
#5292 = AXIS2_PLACEMENT_3D ( 'NONE', #4995, #4492, #2779 ) ;
#5293 = CARTESIAN_POINT ( 'NONE',  ( 39.89999999999999147, 10.92893218813452805, 21.00000000000000000 ) ) ;
#5294 = DIRECTION ( 'NONE',  ( 1.000000000000000000, 0.000000000000000000, -0.000000000000000000 ) ) ;
#5295 = CIRCLE ( 'NONE', #5654, 3.750000000000000000 ) ;
#5296 = DIRECTION ( 'NONE',  ( 1.000000000000000000, 0.000000000000000000, 0.000000000000000000 ) ) ;
#5297 = ORIENTED_EDGE ( 'NONE', *, *, #8, .T. ) ;
#5298 = AXIS2_PLACEMENT_3D ( 'NONE', #794, #4964, #7339 ) ;
#5299 = DIRECTION ( 'NONE',  ( -0.000000000000000000, 0.000000000000000000, 1.000000000000000000 ) ) ;
#5300 = FACE_BOUND ( 'NONE', #6862, .T. ) ;
#5301 = CYLINDRICAL_SURFACE ( 'NONE', #3577, 1.750000000000001554 ) ;
#5302 = CIRCLE ( 'NONE', #3059, 1.749999999999999778 ) ;
#5303 = AXIS2_PLACEMENT_3D ( 'NONE', #1001, #3372, #3443 ) ;
#5304 = ORIENTED_EDGE ( 'NONE', *, *, #4316, .T. ) ;
#5305 = ORIENTED_EDGE ( 'NONE', *, *, #135, .T. ) ;
#5306 = EDGE_CURVE ( 'NONE', #1915, #3061, #2029, .T. ) ;
#5307 = CARTESIAN_POINT ( 'NONE',  ( 33.83467833228410626, -5.882449481826279580, 8.412598392504541778 ) ) ;
#5308 = VECTOR ( 'NONE', #3910, 1000.000000000000000 ) ;
#5309 = CIRCLE ( 'NONE', #7425, 5.000000000000000888 ) ;
#5310 = CARTESIAN_POINT ( 'NONE',  ( 12.50000000000000000, 18.00000000000000355, 1.999999999999997780 ) ) ;
#5311 = CARTESIAN_POINT ( 'NONE',  ( -42.47141763522980540, 1.757445846358038466, 19.11484748463551142 ) ) ;
#5312 = EDGE_CURVE ( 'NONE', #2506, #5494, #3750, .T. ) ;
#5313 = ADVANCED_FACE ( 'NONE', ( #4406 ), #6785, .F. ) ;
#5314 = CIRCLE ( 'NONE', #3700, 7.099999999999999645 ) ;
#5315 = ORIENTED_EDGE ( 'NONE', *, *, #5704, .F. ) ;
#5316 = EDGE_CURVE ( 'NONE', #2284, #6421, #4873, .T. ) ;
#5317 = CARTESIAN_POINT ( 'NONE',  ( -42.39991217600215379, 7.192183362325283547, 10.25780077853820771 ) ) ;
#5318 = CARTESIAN_POINT ( 'NONE',  ( -35.19999999999999574, 0.009999999999899845948, 17.25002857166180803 ) ) ;
#5319 = EDGE_LOOP ( 'NONE', ( #4911, #7204, #6367, #317 ) ) ;
#5320 = AXIS2_PLACEMENT_3D ( 'NONE', #4979, #7198, #4856 ) ;
#5321 = CARTESIAN_POINT ( 'NONE',  ( -9.900000000000012790, -4.000000000000001776, 24.00000000000000000 ) ) ;
#5322 = CARTESIAN_POINT ( 'NONE',  ( -35.08709523028639410, 1.738803474709463170, 19.22821703114747294 ) ) ;
#5323 = ORIENTED_EDGE ( 'NONE', *, *, #3114, .T. ) ;
#5324 = EDGE_LOOP ( 'NONE', ( #267, #791, #4946, #3249 ) ) ;
#5325 = ORIENTED_EDGE ( 'NONE', *, *, #2159, .T. ) ;
#5326 = CARTESIAN_POINT ( 'NONE',  ( 7.100000000000001421, -7.999999999999994671, 1.000000000000000888 ) ) ;
#5327 = EDGE_CURVE ( 'NONE', #1415, #7170, #6074, .T. ) ;
#5328 = CARTESIAN_POINT ( 'NONE',  ( -34.89999999999999858, -10.92893218813452272, 24.00000000000000000 ) ) ;
#5329 = EDGE_CURVE ( 'NONE', #4283, #428, #226, .T. ) ;
#5330 = DIRECTION ( 'NONE',  ( 1.000000000000000000, 0.000000000000000000, 0.000000000000000000 ) ) ;
#5331 = CARTESIAN_POINT ( 'NONE',  ( -14.24058200779231598, -26.41380119718655450, 5.062192153310885345 ) ) ;
#5332 = CARTESIAN_POINT ( 'NONE',  ( -33.21327386202774790, 7.000000000000003553, 10.25000000000000000 ) ) ;
#5333 = AXIS2_PLACEMENT_3D ( 'NONE', #1299, #3793, #2471 ) ;
#5334 = CARTESIAN_POINT ( 'NONE',  ( -7.634771516046922288E-15, 7.000000000000002665, 12.00000000000000000 ) ) ;
#5335 = CARTESIAN_POINT ( 'NONE',  ( -39.90000000000000568, 7.000000000000003553, 13.75000000000000000 ) ) ;
#5336 = CIRCLE ( 'NONE', #6451, 1.750000000000001554 ) ;
#5337 = VERTEX_POINT ( 'NONE', #1993 ) ;
#5338 = ORIENTED_EDGE ( 'NONE', *, *, #3675, .F. ) ;
#5339 = CARTESIAN_POINT ( 'NONE',  ( 34.71770976430044442, 3.559107480253770106, 3.793437081965246094 ) ) ;
#5340 = CARTESIAN_POINT ( 'NONE',  ( -35.11406214365822365, -1.520245409625222477, 18.12578830335517921 ) ) ;
#5341 = CARTESIAN_POINT ( 'NONE',  ( -33.21327386202774790, 7.000000000000004441, 13.75000000000000000 ) ) ;
#5342 = CARTESIAN_POINT ( 'NONE',  ( -21.90999999999999304, 0.009999999999992653654, 0.000000000000000000 ) ) ;
#5343 = DIRECTION ( 'NONE',  ( 1.000000000000000000, -3.958748233630339028E-17, -0.000000000000000000 ) ) ;
#5344 = ORIENTED_EDGE ( 'NONE', *, *, #3633, .T. ) ;
#5345 = ORIENTED_EDGE ( 'NONE', *, *, #6943, .T. ) ;
#5346 = DIRECTION ( 'NONE',  ( 1.000000000000000000, 0.000000000000000000, 0.000000000000000000 ) ) ;
#5347 = EDGE_CURVE ( 'NONE', #5354, #5514, #1909, .T. ) ;
#5348 = DIRECTION ( 'NONE',  ( 1.000000000000000000, 0.000000000000000000, -0.000000000000000000 ) ) ;
#5349 = ORIENTED_EDGE ( 'NONE', *, *, #2699, .F. ) ;
#5350 = ORIENTED_EDGE ( 'NONE', *, *, #6361, .T. ) ;
#5351 = CARTESIAN_POINT ( 'NONE',  ( 37.89999999999999147, 6.938893903907228378E-15, 12.00000000000000000 ) ) ;
#5352 = CARTESIAN_POINT ( 'NONE',  ( 15.17106781186546449, 20.00000000000000355, 14.00000000000000000 ) ) ;
#5353 = CARTESIAN_POINT ( 'NONE',  ( 3.918869757271530263E-15, -20.99999999999998934, 19.50000000000000000 ) ) ;
#5354 = VERTEX_POINT ( 'NONE', #3789 ) ;
#5355 = EDGE_CURVE ( 'NONE', #639, #7427, #7508, .T. ) ;
#5356 = FACE_OUTER_BOUND ( 'NONE', #7446, .T. ) ;
#5357 = EDGE_CURVE ( 'NONE', #5971, #5722, #185, .T. ) ;
#5358 = CARTESIAN_POINT ( 'NONE',  ( 34.89999999999999147, 18.00000000000000711, 0.000000000000000000 ) ) ;
#5359 = VERTEX_POINT ( 'NONE', #4912 ) ;
#5360 = EDGE_LOOP ( 'NONE', ( #4748, #2234 ) ) ;
#5361 = ORIENTED_EDGE ( 'NONE', *, *, #6943, .F. ) ;
#5362 = CARTESIAN_POINT ( 'NONE',  ( 10.17106781186546627, 18.00000000000000355, 37.13274595042155823 ) ) ;
#5363 = CARTESIAN_POINT ( 'NONE',  ( -26.90000000000000924, -4.000000000000005329, 21.00000000000000000 ) ) ;
#5364 = CYLINDRICAL_SURFACE ( 'NONE', #4069, 2.000000000000001776 ) ;
#5365 = CARTESIAN_POINT ( 'NONE',  ( -31.92162125074719725, -8.750225398881985583, 11.87309245071056019 ) ) ;
#5366 = CARTESIAN_POINT ( 'NONE',  ( 34.74516757844516235, 3.458749373412792760, 13.26015911830550387 ) ) ;
#5367 = DIRECTION ( 'NONE',  ( -1.387778780781445676E-16, -1.379605977354753764E-32, -1.000000000000000000 ) ) ;
#5368 = ORIENTED_EDGE ( 'NONE', *, *, #6243, .F. ) ;
#5369 = ADVANCED_FACE ( 'NONE', ( #7291 ), #2618, .F. ) ;
#5370 = ORIENTED_EDGE ( 'NONE', *, *, #3077, .F. ) ;
#5371 = LINE ( 'NONE', #170, #4893 ) ;
#5372 = CARTESIAN_POINT ( 'NONE',  ( -35.12783511428879279, -1.394533561296535940, 17.93667110334817849 ) ) ;
#5373 = DIRECTION ( 'NONE',  ( -0.000000000000000000, -0.000000000000000000, 1.000000000000000000 ) ) ;
#5374 = DIRECTION ( 'NONE',  ( 0.000000000000000000, 0.000000000000000000, 1.000000000000000000 ) ) ;
#5375 = DIRECTION ( 'NONE',  ( 0.000000000000000000, 0.000000000000000000, -1.000000000000000000 ) ) ;
#5376 = ORIENTED_EDGE ( 'NONE', *, *, #4167, .T. ) ;
#5377 = ORIENTED_EDGE ( 'NONE', *, *, #2332, .T. ) ;
#5378 = DIRECTION ( 'NONE',  ( 0.000000000000000000, 0.000000000000000000, -1.000000000000000000 ) ) ;
#5379 = DIRECTION ( 'NONE',  ( 1.000000000000000000, 0.000000000000000000, 0.000000000000000000 ) ) ;
#5380 = VERTEX_POINT ( 'NONE', #2748 ) ;
#5381 = DIRECTION ( 'NONE',  ( 0.000000000000000000, 0.000000000000000000, -1.000000000000000000 ) ) ;
#5382 = EDGE_CURVE ( 'NONE', #6369, #946, #6141, .T. ) ;
#5383 = EDGE_LOOP ( 'NONE', ( #7037, #2162, #6359, #2912, #7447 ) ) ;
#5384 = CARTESIAN_POINT ( 'NONE',  ( -41.23666117066840542, -8.519018158150860387, 12.87811112532538083 ) ) ;
#5385 = CARTESIAN_POINT ( 'NONE',  ( -35.10764868691649809, 1.574636998089074647, 19.77205037949814681 ) ) ;
#5386 = AXIS2_PLACEMENT_3D ( 'NONE', #2368, #7665, #7623 ) ;
#5387 = ORIENTED_EDGE ( 'NONE', *, *, #6828, .F. ) ;
#5388 = VERTEX_POINT ( 'NONE', #7576 ) ;
#5389 = ORIENTED_EDGE ( 'NONE', *, *, #153, .F. ) ;
#5390 = DIRECTION ( 'NONE',  ( 1.000000000000000000, 0.000000000000000000, 0.000000000000000000 ) ) ;
#5391 = EDGE_CURVE ( 'NONE', #4307, #2668, #2177, .T. ) ;
#5392 = CIRCLE ( 'NONE', #1412, 1.999999999999998224 ) ;
#5393 = CIRCLE ( 'NONE', #4535, 16.09999999999999787 ) ;
#5394 = CARTESIAN_POINT ( 'NONE',  ( -9.500000000000000000, 18.00000000000000355, 24.00000000000000711 ) ) ;
#5395 = CARTESIAN_POINT ( 'NONE',  ( -11.67157287525389009, 28.00000000000000355, 5.000000000000004441 ) ) ;
#5396 = DIRECTION ( 'NONE',  ( -1.000000000000000000, 0.000000000000000000, 0.000000000000000000 ) ) ;
#5397 = LINE ( 'NONE', #4150, #3313 ) ;
#5398 = DIRECTION ( 'NONE',  ( -0.000000000000000000, -0.000000000000000000, 1.000000000000000000 ) ) ;
#5399 = VECTOR ( 'NONE', #1643, 1000.000000000000000 ) ;
#5400 = EDGE_LOOP ( 'NONE', ( #6590, #2183 ) ) ;
#5401 = AXIS2_PLACEMENT_3D ( 'NONE', #1043, #178, #1404 ) ;
#5402 = EDGE_CURVE ( 'NONE', #7575, #5599, #1908, .T. ) ;
#5403 = AXIS2_PLACEMENT_3D ( 'NONE', #1447, #3942, #1023 ) ;
#5404 = DIRECTION ( 'NONE',  ( 1.000000000000000000, 0.000000000000000000, 0.000000000000000000 ) ) ;
#5405 = DIRECTION ( 'NONE',  ( -0.8619342151577693567, 0.5070201265633939025, -0.000000000000000000 ) ) ;
#5406 = CARTESIAN_POINT ( 'NONE',  ( -34.11818070159750249, 5.262157441127561341, 11.76089827532183740 ) ) ;
#5407 = DIRECTION ( 'NONE',  ( -1.000000000000000000, -1.734723475976807094E-15, 4.336808689942017736E-16 ) ) ;
#5408 = CARTESIAN_POINT ( 'NONE',  ( 33.06023810908679650, 7.247468530210808169, 8.250000000000000000 ) ) ;
#5409 = AXIS2_PLACEMENT_3D ( 'NONE', #136, #1866, #7274 ) ;
#5410 = VERTEX_POINT ( 'NONE', #5735 ) ;
#5411 = ORIENTED_EDGE ( 'NONE', *, *, #6222, .F. ) ;
#5412 = ADVANCED_FACE ( 'NONE', ( #3282 ), #345, .F. ) ;
#5413 = EDGE_CURVE ( 'NONE', #1775, #156, #5086, .T. ) ;
#5414 = VECTOR ( 'NONE', #6804, 1000.000000000000000 ) ;
#5415 = CARTESIAN_POINT ( 'NONE',  ( 1.391206088421927988E-14, -20.99999999999998224, 5.000000000000000000 ) ) ;
#5416 = DIRECTION ( 'NONE',  ( 9.941108744852765039E-17, -1.000000000000000000, -1.215432671457254510E-63 ) ) ;
#5417 = ORIENTED_EDGE ( 'NONE', *, *, #3038, .T. ) ;
#5418 = AXIS2_PLACEMENT_3D ( 'NONE', #6293, #2596, #1551 ) ;
#5419 = FACE_OUTER_BOUND ( 'NONE', #4767, .T. ) ;
#5420 = CARTESIAN_POINT ( 'NONE',  ( -41.48351737345623036, 8.221139673719207508, 13.25868920954445151 ) ) ;
#5421 = DIRECTION ( 'NONE',  ( -1.000000000000000000, -2.668805347656626678E-16, 0.000000000000000000 ) ) ;
#5422 = ORIENTED_EDGE ( 'NONE', *, *, #6098, .F. ) ;
#5423 = ORIENTED_EDGE ( 'NONE', *, *, #7244, .T. ) ;
#5424 = ADVANCED_FACE ( 'NONE', ( #7459 ), #1585, .T. ) ;
#5425 = ORIENTED_EDGE ( 'NONE', *, *, #2091, .F. ) ;
#5426 = CARTESIAN_POINT ( 'NONE',  ( -39.90000000000000568, 7.000000000000003553, 10.25000000000000000 ) ) ;
#5427 = CARTESIAN_POINT ( 'NONE',  ( 13.99666578361247815, -30.29607895081618807, 19.50000000000000000 ) ) ;
#5428 = CARTESIAN_POINT ( 'NONE',  ( -49.10000000000000142, -1.469693845669929999, 9.500000000000005329 ) ) ;
#5429 = DIRECTION ( 'NONE',  ( -1.000000000000000000, -9.941108744852766272E-17, -0.000000000000000000 ) ) ;
#5430 = DIRECTION ( 'NONE',  ( 1.000000000000000000, 0.000000000000000000, 0.000000000000000000 ) ) ;
#5431 = DIRECTION ( 'NONE',  ( 1.000000000000000000, 2.668805347656626678E-16, -0.000000000000000000 ) ) ;
#5432 = CARTESIAN_POINT ( 'NONE',  ( 14.30514481855833964, -30.11462069496569072, 5.281405381921589814 ) ) ;
#5433 = CARTESIAN_POINT ( 'NONE',  ( -46.10000000000000142, -7.966383962755032780E-15, 12.00000000000000000 ) ) ;
#5434 = EDGE_CURVE ( 'NONE', #4959, #4238, #3332, .T. ) ;
#5435 = ORIENTED_EDGE ( 'NONE', *, *, #2584, .F. ) ;
#5436 = B_SPLINE_CURVE_WITH_KNOTS ( 'NONE', 3,
 ( #4366, #150, #5574, #6787, #4409, #3203, #724, #6710, #5420, #2470, #757, #3090, #3121, #228, #1373, #1411 ),
 .UNSPECIFIED., .F., .F.,
 ( 4, 2, 2, 2, 2, 2, 2, 4 ),
 ( 0.01163760917634711588, 0.01203792725678463557, 0.01243824533722215353, 0.01283856341765967149, 0.01323888149809719118, 0.01403951765897221843, 0.01443983573940973118, 0.01484015381984724394 ),
 .UNSPECIFIED. ) ;
#5437 = CIRCLE ( 'NONE', #7450, 1.000000000000000888 ) ;
#5438 = CARTESIAN_POINT ( 'NONE',  ( -32.01602572816347703, 8.641150223664578078, 12.61959902655214094 ) ) ;
#5439 = EDGE_CURVE ( 'NONE', #2978, #6635, #2308, .T. ) ;
#5440 = DIRECTION ( 'NONE',  ( -0.000000000000000000, -0.000000000000000000, -1.000000000000000000 ) ) ;
#5441 = CARTESIAN_POINT ( 'NONE',  ( -34.09511176779870567, 5.315463762869308439, 12.48968737185070843 ) ) ;
#5442 = DIRECTION ( 'NONE',  ( -0.000000000000000000, -0.000000000000000000, -1.000000000000000000 ) ) ;
#5443 = EDGE_CURVE ( 'NONE', #5026, #4759, #6516, .T. ) ;
#5444 = CARTESIAN_POINT ( 'NONE',  ( 30.99518746075476372, 9.712724181861721817, 9.400576361653211421 ) ) ;
#5445 = EDGE_CURVE ( 'NONE', #82, #2590, #1180, .T. ) ;
#5446 = B_SPLINE_CURVE_WITH_KNOTS ( 'NONE', 3,
 ( #7473, #2014, #2686, #6727, #1391, #7391, #4383, #4430, #1520, #5062, #5627, #936 ),
 .UNSPECIFIED., .F., .F.,
 ( 4, 2, 2, 2, 2, 4 ),
 ( 0.000000000000000000, 0.0004692038875703324571, 0.0009384077751406649142, 0.001407611662710996775, 0.001642213606496155170, 0.001876815550281313565 ),
 .UNSPECIFIED. ) ;
#5447 = ORIENTED_EDGE ( 'NONE', *, *, #343, .F. ) ;
#5448 = B_SPLINE_CURVE_WITH_KNOTS ( 'NONE', 3,
 ( #6230, #4401, #6781, #3830 ),
 .UNSPECIFIED., .F., .F.,
 ( 4, 4 ),
 ( 0.000000000000000000, 0.002328088143206394952 ),
 .UNSPECIFIED. ) ;
#5449 = EDGE_LOOP ( 'NONE', ( #3865, #6047 ) ) ;
#5450 = EDGE_LOOP ( 'NONE', ( #2666, #3451 ) ) ;
#5451 = CARTESIAN_POINT ( 'NONE',  ( 37.89999999999999147, -7.000000000000000888, 12.00000000000000000 ) ) ;
#5452 = CARTESIAN_POINT ( 'NONE',  ( -41.91636039588774310, 1.609404259648018920, 19.71831315501599136 ) ) ;
#5453 = EDGE_CURVE ( 'NONE', #1469, #1343, #4648, .T. ) ;
#5454 = ADVANCED_FACE ( 'NONE', ( #1695 ), #3480, .T. ) ;
#5455 = ORIENTED_EDGE ( 'NONE', *, *, #7307, .T. ) ;
#5456 = CARTESIAN_POINT ( 'NONE',  ( -46.10000000000000142, -43.10000000000001563, 14.50000000000000355 ) ) ;
#5457 = CARTESIAN_POINT ( 'NONE',  ( 10.90180841670002465, -34.08819856468883813, 24.00000000000000000 ) ) ;
#5458 = LINE ( 'NONE', #2538, #2062 ) ;
#5459 = CARTESIAN_POINT ( 'NONE',  ( 34.67008344141273568, -3.725757385001199129, 5.491348758511942485 ) ) ;
#5460 = LINE ( 'NONE', #4217, #4658 ) ;
#5461 = EDGE_LOOP ( 'NONE', ( #6636, #394, #3555, #432, #544, #7497, #2737 ) ) ;
#5462 = ORIENTED_EDGE ( 'NONE', *, *, #6474, .F. ) ;
#5463 = ORIENTED_EDGE ( 'NONE', *, *, #5920, .F. ) ;
#5464 = VERTEX_POINT ( 'NONE', #6267 ) ;
#5465 = CARTESIAN_POINT ( 'NONE',  ( 9.499984707532368233, 20.00782110201305031, 7.992178897986966568 ) ) ;
#5466 = CARTESIAN_POINT ( 'NONE',  ( -34.89999999999999858, -18.00000000000000355, 21.00000000000000000 ) ) ;
#5467 = LINE ( 'NONE', #2510, #2034 ) ;
#5468 = LINE ( 'NONE', #6119, #3187 ) ;
#5469 = CARTESIAN_POINT ( 'NONE',  ( -32.10171152411394502, -8.539801141908858639, 11.15962893059189298 ) ) ;
#5470 = CARTESIAN_POINT ( 'NONE',  ( -20.21076683067359525, -21.99999999999999645, 5.000000000000000888 ) ) ;
#5471 = ORIENTED_EDGE ( 'NONE', *, *, #7268, .T. ) ;
#5472 = ORIENTED_EDGE ( 'NONE', *, *, #4165, .F. ) ;
#5473 = DIRECTION ( 'NONE',  ( -0.000000000000000000, 0.000000000000000000, -1.000000000000000000 ) ) ;
#5474 = CARTESIAN_POINT ( 'NONE',  ( -8.100000000000013856, -24.29071110282207258, 9.079331702669957593 ) ) ;
#5475 = CARTESIAN_POINT ( 'NONE',  ( -35.19999999999999574, -0.01000000000000653144, 20.74997142833818842 ) ) ;
#5476 = CARTESIAN_POINT ( 'NONE',  ( 11.50000000000000000, 24.00000000000000000, 4.999999999999996447 ) ) ;
#5477 = EDGE_CURVE ( 'NONE', #5001, #1208, #7404, .T. ) ;
#5478 = CARTESIAN_POINT ( 'NONE',  ( 3.918869757271530263E-15, -32.00000000000000000, 0.000000000000000000 ) ) ;
#5479 = CARTESIAN_POINT ( 'NONE',  ( 31.34323977381457027, 9.374637159398259811, 14.91136294312773991 ) ) ;
#5480 = VERTEX_POINT ( 'NONE', #2111 ) ;
#5481 = ORIENTED_EDGE ( 'NONE', *, *, #3262, .T. ) ;
#5482 = ORIENTED_EDGE ( 'NONE', *, *, #746, .F. ) ;
#5483 = EDGE_CURVE ( 'NONE', #6910, #4603, #7270, .T. ) ;
#5484 = DIRECTION ( 'NONE',  ( 1.000000000000000000, -0.000000000000000000, -0.000000000000000000 ) ) ;
#5485 = CARTESIAN_POINT ( 'NONE',  ( -43.64053783034417933, -1.443652732496361057, 6.011226659787533677 ) ) ;
#5486 = ORIENTED_EDGE ( 'NONE', *, *, #7079, .F. ) ;
#5487 = CARTESIAN_POINT ( 'NONE',  ( -35.19999999999999574, 0.009999999999899849418, 21.00000000000000000 ) ) ;
#5488 = CARTESIAN_POINT ( 'NONE',  ( 3.918869757271530263E-15, -32.00000000000000000, 16.50000000000000000 ) ) ;
#5489 = CARTESIAN_POINT ( 'NONE',  ( 23.32842712474617741, 18.00000000000000711, 10.82842712474618274 ) ) ;
#5490 = CYLINDRICAL_SURFACE ( 'NONE', #5333, 1.750000000000001554 ) ;
#5491 = ORIENTED_EDGE ( 'NONE', *, *, #222, .T. ) ;
#5492 = ORIENTED_EDGE ( 'NONE', *, *, #1258, .T. ) ;
#5493 = EDGE_LOOP ( 'NONE', ( #1154, #2727, #528, #7495 ) ) ;
#5494 = VERTEX_POINT ( 'NONE', #3359 ) ;
#5495 = CARTESIAN_POINT ( 'NONE',  ( 34.81832843119907750, 3.172144385112378728, 21.00000000000000000 ) ) ;
#5496 = LINE ( 'NONE', #6082, #6941 ) ;
#5497 = DIRECTION ( 'NONE',  ( 0.000000000000000000, 1.000000000000000000, 0.000000000000000000 ) ) ;
#5498 = CARTESIAN_POINT ( 'NONE',  ( -23.32842712474619162, 19.99999999999999645, 21.00000000000000000 ) ) ;
#5499 = CARTESIAN_POINT ( 'NONE',  ( -33.21327386202775500, -7.000000000000000888, 10.25000000000000000 ) ) ;
#5500 = CARTESIAN_POINT ( 'NONE',  ( -1.554126667111981883E-15, 20.00000000000000355, 16.00000000000000000 ) ) ;
#5501 = ORIENTED_EDGE ( 'NONE', *, *, #2644, .F. ) ;
#5502 = ORIENTED_EDGE ( 'NONE', *, *, #1871, .F. ) ;
#5503 = AXIS2_PLACEMENT_3D ( 'NONE', #5334, #1054, #7090 ) ;
#5504 = CIRCLE ( 'NONE', #7379, 11.09999999999999609 ) ;
#5505 = FACE_BOUND ( 'NONE', #1699, .T. ) ;
#5506 = AXIS2_PLACEMENT_3D ( 'NONE', #5676, #5717, #7352 ) ;
#5507 = DIRECTION ( 'NONE',  ( 0.000000000000000000, 0.000000000000000000, -1.000000000000000000 ) ) ;
#5508 = CARTESIAN_POINT ( 'NONE',  ( -34.03711303636485752, -5.446914931523934911, 12.81541785592408011 ) ) ;
#5509 = AXIS2_PLACEMENT_3D ( 'NONE', #2131, #922, #6752 ) ;
#5510 = DIRECTION ( 'NONE',  ( -1.000000000000000000, 0.000000000000000000, 0.000000000000000000 ) ) ;
#5511 = CARTESIAN_POINT ( 'NONE',  ( 14.40894241220452265, -20.99999999999998934, 24.00000000000000000 ) ) ;
#5512 = ORIENTED_EDGE ( 'NONE', *, *, #6982, .F. ) ;
#5513 = ORIENTED_EDGE ( 'NONE', *, *, #5981, .F. ) ;
#5514 = VERTEX_POINT ( 'NONE', #6353 ) ;
#5515 = EDGE_LOOP ( 'NONE', ( #3338, #5377, #4757, #6917, #4792, #3833, #5481 ) ) ;
#5516 = VECTOR ( 'NONE', #4131, 1000.000000000000114 ) ;
#5517 = CIRCLE ( 'NONE', #7530, 11.10000000000000320 ) ;
#5518 = EDGE_LOOP ( 'NONE', ( #6446, #2472, #120, #1398 ) ) ;
#5519 = DIRECTION ( 'NONE',  ( 0.8619342151577693567, -0.5070201265633940135, 0.000000000000000000 ) ) ;
#5520 = FACE_OUTER_BOUND ( 'NONE', #1998, .T. ) ;
#5521 = CYLINDRICAL_SURFACE ( 'NONE', #1103, 1.000000000000000888 ) ;
#5522 = VECTOR ( 'NONE', #1940, 1000.000000000000000 ) ;
#5523 = EDGE_CURVE ( 'NONE', #2679, #6742, #4538, .T. ) ;
#5524 = ORIENTED_EDGE ( 'NONE', *, *, #3262, .F. ) ;
#5525 = DIRECTION ( 'NONE',  ( -0.000000000000000000, -0.000000000000000000, 1.000000000000000000 ) ) ;
#5526 = VECTOR ( 'NONE', #706, 1000.000000000000000 ) ;
#5527 = CARTESIAN_POINT ( 'NONE',  ( 13.40894241220452621, -31.99999999999999289, 19.50000000000000000 ) ) ;
#5528 = CARTESIAN_POINT ( 'NONE',  ( -46.58147620649918963, -4.291691304769897464, 14.36539035051768920 ) ) ;
#5529 = ADVANCED_FACE ( 'NONE', ( #2738 ), #2772, .T. ) ;
#5530 = CARTESIAN_POINT ( 'NONE',  ( -49.10000000000000142, -8.767025567052019698E-15, 12.00000000000000000 ) ) ;
#5531 = EDGE_CURVE ( 'NONE', #6566, #5589, #6316, .T. ) ;
#5532 = ORIENTED_EDGE ( 'NONE', *, *, #4502, .T. ) ;
#5533 = EDGE_CURVE ( 'NONE', #3210, #5577, #3427, .T. ) ;
#5534 = ADVANCED_FACE ( 'NONE', ( #2813 ), #2185, .F. ) ;
#5535 = ORIENTED_EDGE ( 'NONE', *, *, #6852, .F. ) ;
#5536 = VECTOR ( 'NONE', #5547, 1000.000000000000000 ) ;
#5537 = AXIS2_PLACEMENT_3D ( 'NONE', #964, #7491, #5815 ) ;
#5538 = ORIENTED_EDGE ( 'NONE', *, *, #1823, .T. ) ;
#5539 = ORIENTED_EDGE ( 'NONE', *, *, #649, .F. ) ;
#5540 = DIRECTION ( 'NONE',  ( 0.000000000000000000, 0.000000000000000000, -1.000000000000000000 ) ) ;
#5541 = CARTESIAN_POINT ( 'NONE',  ( -8.099999999999996092, -17.99999999999999645, 0.000000000000000000 ) ) ;
#5542 = DIRECTION ( 'NONE',  ( -1.000000000000000000, -0.000000000000000000, -0.000000000000000000 ) ) ;
#5543 = CIRCLE ( 'NONE', #7167, 11.09999999999999609 ) ;
#5544 = CARTESIAN_POINT ( 'NONE',  ( 39.89999999999999147, 6.938893903907228378E-15, 12.00000000000000000 ) ) ;
#5545 = CIRCLE ( 'NONE', #2955, 5.000000000000000888 ) ;
#5546 = CARTESIAN_POINT ( 'NONE',  ( -42.78565522079757244, -6.792721104787895037, 13.75000000000000000 ) ) ;
#5547 = DIRECTION ( 'NONE',  ( 1.000000000000000000, 2.668805347656626678E-16, -0.000000000000000000 ) ) ;
#5548 = CARTESIAN_POINT ( 'NONE',  ( 15.85515533723178372, -29.20284980162836064, 5.000000000000000000 ) ) ;
#5549 = VERTEX_POINT ( 'NONE', #5601 ) ;
#5550 = AXIS2_PLACEMENT_3D ( 'NONE', #7166, #7231, #2521 ) ;
#5551 = EDGE_CURVE ( 'NONE', #2784, #1719, #3899, .T. ) ;
#5552 = ADVANCED_FACE ( 'NONE', ( #949 ), #4392, .F. ) ;
#5553 = VECTOR ( 'NONE', #2313, 1000.000000000000000 ) ;
#5554 = CARTESIAN_POINT ( 'NONE',  ( -34.89999999999999858, -18.00000000000000355, 24.00000000000000000 ) ) ;
#5555 = FACE_OUTER_BOUND ( 'NONE', #5670, .T. ) ;
#5556 = CARTESIAN_POINT ( 'NONE',  ( 36.36446609406725372, 16.53553390593274486, 0.000000000000000000 ) ) ;
#5557 = PRODUCT_DEFINITION_FORMATION_WITH_SPECIFIED_SOURCE ( 'ANY', '', #2808, .NOT_KNOWN. ) ;
#5558 = CARTESIAN_POINT ( 'NONE',  ( -44.55000000000004690, -1.734723419696314672E-15, 17.24999999999999645 ) ) ;
#5559 = CARTESIAN_POINT ( 'NONE',  ( 17.40499999999994785, -13.30000000000000249, 25.50499999999995993 ) ) ;
#5560 = AXIS2_PLACEMENT_3D ( 'NONE', #4607, #6271, #5841 ) ;
#5561 = CARTESIAN_POINT ( 'NONE',  ( 13.40894241220452265, -21.99999999999999289, 0.000000000000000000 ) ) ;
#5562 = CARTESIAN_POINT ( 'NONE',  ( -43.97626603088073693, -5.701235763127917799, 10.80764748677449383 ) ) ;
#5563 = VERTEX_POINT ( 'NONE', #6821 ) ;
#5564 = ORIENTED_EDGE ( 'NONE', *, *, #494, .F. ) ;
#5565 = DIRECTION ( 'NONE',  ( -1.000000000000000000, -9.941108744852765039E-17, -0.000000000000000000 ) ) ;
#5566 = CARTESIAN_POINT ( 'NONE',  ( 20.21076683067359880, -21.99999999999999289, 5.000000000000000888 ) ) ;
#5567 = CARTESIAN_POINT ( 'NONE',  ( -44.23119449096884637, 5.495994314782588930, 11.09664915969565868 ) ) ;
#5568 = CARTESIAN_POINT ( 'NONE',  ( -4.828932188134533732, 20.00000000000000000, 12.00000000000000000 ) ) ;
#5569 = CARTESIAN_POINT ( 'NONE',  ( -39.89999999999999858, -13.00000000000000178, 0.000000000000000000 ) ) ;
#5570 = ORIENTED_EDGE ( 'NONE', *, *, #3504, .T. ) ;
#5571 = DIRECTION ( 'NONE',  ( -0.000000000000000000, -0.000000000000000000, -1.000000000000000000 ) ) ;
#5572 = DIRECTION ( 'NONE',  ( -1.000000000000000000, 0.000000000000000000, 0.000000000000000000 ) ) ;
#5573 = ADVANCED_FACE ( 'NONE', ( #6900 ), #1572, .F. ) ;
#5574 = CARTESIAN_POINT ( 'NONE',  ( -41.06248639603969508, 8.734360839569440316, 12.26871027913913892 ) ) ;
#5575 = DIRECTION ( 'NONE',  ( 0.7071067811865510144, -0.7071067811865441310, 8.659560562354895880E-17 ) ) ;
#5576 = EDGE_CURVE ( 'NONE', #16, #3705, #7521, .T. ) ;
#5577 = VERTEX_POINT ( 'NONE', #6946 ) ;
#5578 = VERTEX_POINT ( 'NONE', #6774 ) ;
#5579 = ORIENTED_EDGE ( 'NONE', *, *, #5347, .T. ) ;
#5580 = ORIENTED_EDGE ( 'NONE', *, *, #2900, .T. ) ;
#5581 = CARTESIAN_POINT ( 'NONE',  ( -15.81253292872705352, -35.02882854878291852, 19.50000000000000000 ) ) ;
#5582 = CARTESIAN_POINT ( 'NONE',  ( -35.19999999999999574, 0.009999999999899849418, 21.00000000000000000 ) ) ;
#5583 = PLANE ( 'NONE',  #2295 ) ;
#5584 = ADVANCED_FACE ( 'NONE', ( #1621 ), #6226, .F. ) ;
#5585 = CARTESIAN_POINT ( 'NONE',  ( 34.81832843119907750, 3.172144385112378728, 21.00000000000000000 ) ) ;
#5586 = CARTESIAN_POINT ( 'NONE',  ( -35.12795923864888437, -1.401237537353315910, 6.072691061343974184 ) ) ;
#5587 = LINE ( 'NONE', #6122, #5414 ) ;
#5588 = CARTESIAN_POINT ( 'NONE',  ( 20.71778695723699215, -22.86193421515775981, 19.50000000000000000 ) ) ;
#5589 = VERTEX_POINT ( 'NONE', #450 ) ;
#5590 = CARTESIAN_POINT ( 'NONE',  ( 7.500000000000004441, 20.00000000000000000, 5.000000000000000888 ) ) ;
#5591 = FACE_OUTER_BOUND ( 'NONE', #5919, .T. ) ;
#5592 = CARTESIAN_POINT ( 'NONE',  ( -42.86043564823408758, -1.738709401991023418, 18.71833530516131461 ) ) ;
#5593 = DIRECTION ( 'NONE',  ( -1.000000000000000000, -9.637352644315595243E-17, 0.000000000000000000 ) ) ;
#5594 = LINE ( 'NONE', #3980, #4771 ) ;
#5595 = EDGE_CURVE ( 'NONE', #2668, #2251, #293, .T. ) ;
#5596 = FACE_OUTER_BOUND ( 'NONE', #4705, .T. ) ;
#5597 = ORIENTED_EDGE ( 'NONE', *, *, #2595, .F. ) ;
#5598 = ORIENTED_EDGE ( 'NONE', *, *, #3999, .T. ) ;
#5599 = VERTEX_POINT ( 'NONE', #868 ) ;
#5600 = EDGE_LOOP ( 'NONE', ( #6998, #2343, #1996, #5422 ) ) ;
#5601 = CARTESIAN_POINT ( 'NONE',  ( -13.40894241220451732, -23.08875635019541050, 5.000000000000000000 ) ) ;
#5602 = CYLINDRICAL_SURFACE ( 'NONE', #188, 1.000000000000000888 ) ;
#5603 = ORIENTED_EDGE ( 'NONE', *, *, #6608, .F. ) ;
#5604 = LINE ( 'NONE', #6985, #1303 ) ;
#5605 = PLANE ( 'NONE',  #6665 ) ;
#5606 = DIRECTION ( 'NONE',  ( 0.000000000000000000, 0.000000000000000000, 1.000000000000000000 ) ) ;
#5607 = ORIENTED_EDGE ( 'NONE', *, *, #4458, .F. ) ;
#5608 = CARTESIAN_POINT ( 'NONE',  ( 15.31698589280340705, -26.03887601776575522, 5.000000000000000000 ) ) ;
#5609 = LINE ( 'NONE', #7332, #1567 ) ;
#5610 = DIRECTION ( 'NONE',  ( 0.000000000000000000, 0.000000000000000000, 1.000000000000000000 ) ) ;
#5611 = CARTESIAN_POINT ( 'NONE',  ( 39.89999999999999147, 10.92893218813452805, 0.000000000000000000 ) ) ;
#5612 = VERTEX_POINT ( 'NONE', #3234 ) ;
#5613 = ORIENTED_EDGE ( 'NONE', *, *, #2650, .T. ) ;
#5614 = ORIENTED_EDGE ( 'NONE', *, *, #6506, .T. ) ;
#5615 = ORIENTED_EDGE ( 'NONE', *, *, #7305, .F. ) ;
#5616 = CARTESIAN_POINT ( 'NONE',  ( 34.83129425968186155, 3.123129547148410623, 16.89797368117118381 ) ) ;
#5617 = ADVANCED_FACE ( 'NONE', ( #5027 ), #7403, .F. ) ;
#5618 = LINE ( 'NONE', #4501, #6397 ) ;
#5619 = DIRECTION ( 'NONE',  ( 3.958748233630338412E-17, -1.000000000000000000, 0.000000000000000000 ) ) ;
#5620 = CARTESIAN_POINT ( 'NONE',  ( -44.55000000000005400, -5.250000000000000888, 12.00000000000002842 ) ) ;
#5621 = CARTESIAN_POINT ( 'NONE',  ( 12.22374965098728872, -31.53248734353425320, 18.86547514658690616 ) ) ;
#5622 = CARTESIAN_POINT ( 'NONE',  ( 22.79090492061679285, 18.00000000000000355, 10.29090492061679818 ) ) ;
#5623 = ORIENTED_EDGE ( 'NONE', *, *, #6450, .T. ) ;
#5624 = EDGE_CURVE ( 'NONE', #3058, #4756, #2229, .T. ) ;
#5625 = DIRECTION ( 'NONE',  ( -1.000000000000000000, 0.000000000000000000, 0.000000000000000000 ) ) ;
#5626 = CARTESIAN_POINT ( 'NONE',  ( 13.62298334620743034, 23.00000000000004619, 5.000000000000000888 ) ) ;
#5627 = CARTESIAN_POINT ( 'NONE',  ( -51.18007084406625751, 1.469693845673763599, 14.50000000000012434 ) ) ;
#5628 = CARTESIAN_POINT ( 'NONE',  ( -41.74624548058329765, -1.496498192317673892, 19.91379975512253253 ) ) ;
#5629 = CARTESIAN_POINT ( 'NONE',  ( -33.94948219653533528, -5.641234577064687450, 10.87301710143180955 ) ) ;
#5630 = DIRECTION ( 'NONE',  ( -1.000000000000000000, 0.000000000000000000, 0.000000000000000000 ) ) ;
#5631 = DIRECTION ( 'NONE',  ( 0.000000000000000000, 0.000000000000000000, -1.000000000000000000 ) ) ;
#5632 = EDGE_CURVE ( 'NONE', #17, #3775, #6847, .T. ) ;
#5633 = EDGE_LOOP ( 'NONE', ( #7112, #4218, #4471, #712, #1776, #4457, #4846, #2466, #4327, #5117, #5323, #1962, #5908, #3959, #7436, #175 ) ) ;
#5634 = VECTOR ( 'NONE', #4039, 1000.000000000000000 ) ;
#5635 = ADVANCED_FACE ( 'NONE', ( #2436 ), #2959, .T. ) ;
#5636 = ORIENTED_EDGE ( 'NONE', *, *, #7600, .T. ) ;
#5637 = ORIENTED_EDGE ( 'NONE', *, *, #6784, .F. ) ;
#5638 = ORIENTED_EDGE ( 'NONE', *, *, #3748, .F. ) ;
#5639 = DIRECTION ( 'NONE',  ( 1.000000000000000000, -3.958748233630339028E-17, -0.000000000000000000 ) ) ;
#5640 = AXIS2_PLACEMENT_3D ( 'NONE', #1492, #3985, #6778 ) ;
#5641 = AXIS2_PLACEMENT_3D ( 'NONE', #7258, #3725, #50 ) ;
#5642 = CARTESIAN_POINT ( 'NONE',  ( 34.89999999999999147, -17.99999999999999289, 5.000000000000000000 ) ) ;
#5643 = VERTEX_POINT ( 'NONE', #4145 ) ;
#5644 = FACE_BOUND ( 'NONE', #6038, .T. ) ;
#5645 = DIRECTION ( 'NONE',  ( 0.7071067811865473507, -0.7071067811865477948, 0.000000000000000000 ) ) ;
#5646 = CARTESIAN_POINT ( 'NONE',  ( -41.43759148290090621, -1.204077090595842225, 3.724061648737906793 ) ) ;
#5647 = AXIS2_PLACEMENT_3D ( 'NONE', #7227, #3032, #4938 ) ;
#5648 = ORIENTED_EDGE ( 'NONE', *, *, #609, .F. ) ;
#5649 = VECTOR ( 'NONE', #1781, 1000.000000000000000 ) ;
#5650 = VERTEX_POINT ( 'NONE', #1267 ) ;
#5651 = ADVANCED_FACE ( 'NONE', ( #3642 ), #1647, .F. ) ;
#5652 = EDGE_CURVE ( 'NONE', #2665, #7463, #3063, .T. ) ;
#5653 = FACE_OUTER_BOUND ( 'NONE', #5878, .T. ) ;
#5654 = AXIS2_PLACEMENT_3D ( 'NONE', #6951, #4486, #3323 ) ;
#5655 = CARTESIAN_POINT ( 'NONE',  ( -51.10000000000000853, 4.214261501141083777, 14.50000000000000355 ) ) ;
#5656 = CARTESIAN_POINT ( 'NONE',  ( 9.499994902504299787, 20.00521407963689313, 7.994785920363118414 ) ) ;
#5657 = ORIENTED_EDGE ( 'NONE', *, *, #5327, .F. ) ;
#5658 = VERTEX_POINT ( 'NONE', #4221 ) ;
#5659 = ORIENTED_EDGE ( 'NONE', *, *, #7409, .T. ) ;
#5660 = CIRCLE ( 'NONE', #2942, 0.9999999999999991118 ) ;
#5661 = DIRECTION ( 'NONE',  ( -1.000000000000000000, -2.815536131330090089E-16, 0.000000000000000000 ) ) ;
#5662 = LINE ( 'NONE', #1550, #73 ) ;
#5663 = DIRECTION ( 'NONE',  ( -1.000000000000000000, 0.000000000000000000, 0.000000000000000000 ) ) ;
#5664 = CARTESIAN_POINT ( 'NONE',  ( -38.43553390593273633, -14.46446609406726047, 0.000000000000000000 ) ) ;
#5665 = VECTOR ( 'NONE', #3728, 1000.000000000000000 ) ;
#5666 = CARTESIAN_POINT ( 'NONE',  ( -35.19999999999999574, -0.01000000000000653144, 21.00000000000000000 ) ) ;
#5667 = FACE_OUTER_BOUND ( 'NONE', #2515, .T. ) ;
#5668 = AXIS2_PLACEMENT_3D ( 'NONE', #2198, #500, #460 ) ;
#5669 = EDGE_CURVE ( 'NONE', #7253, #6341, #6005, .T. ) ;
#5670 = EDGE_LOOP ( 'NONE', ( #6265, #5811, #1653, #6886 ) ) ;
#5671 = CARTESIAN_POINT ( 'NONE',  ( 35.20000000000000995, -0.009999999999910146736, 15.25001333335703535 ) ) ;
#5672 = AXIS2_PLACEMENT_3D ( 'NONE', #2826, #5610, #1002 ) ;
#5673 = VECTOR ( 'NONE', #4815, 1000.000000000000000 ) ;
#5674 = CARTESIAN_POINT ( 'NONE',  ( -42.00557928807474184, 1.639760962925673748, 4.379837338426850302 ) ) ;
#5675 = CARTESIAN_POINT ( 'NONE',  ( -46.12540367311608946, 4.575523904607444514, 13.75816896100589659 ) ) ;
#5676 = CARTESIAN_POINT ( 'NONE',  ( -35.19999999999999574, -6.098637220230962441E-16, 5.000000000000000000 ) ) ;
#5677 = CYLINDRICAL_SURFACE ( 'NONE', #2820, 5.000000000000000888 ) ;
#5678 = EDGE_CURVE ( 'NONE', #1671, #5116, #6539, .T. ) ;
#5679 = FACE_BOUND ( 'NONE', #881, .T. ) ;
#5680 = DIRECTION ( 'NONE',  ( -9.941108744852765039E-17, 1.000000000000000000, -0.000000000000000000 ) ) ;
#5681 = CARTESIAN_POINT ( 'NONE',  ( 2.684099361110245291E-15, -17.99999999999999645, 5.000000000000000000 ) ) ;
#5682 = AXIS2_PLACEMENT_3D ( 'NONE', #6322, #996, #3364 ) ;
#5683 = VERTEX_POINT ( 'NONE', #86 ) ;
#5684 = CIRCLE ( 'NONE', #2335, 2.000000000000000000 ) ;
#5685 = ORIENTED_EDGE ( 'NONE', *, *, #3423, .T. ) ;
#5686 = ORIENTED_EDGE ( 'NONE', *, *, #4740, .T. ) ;
#5687 = EDGE_LOOP ( 'NONE', ( #3961, #5659, #7573, #1846, #7042 ) ) ;
#5688 = DIRECTION ( 'NONE',  ( 0.7071067811865513475, 0.7071067811865437980, -0.000000000000000000 ) ) ;
#5689 = EDGE_CURVE ( 'NONE', #2958, #3678, #124, .T. ) ;
#5690 = AXIS2_PLACEMENT_3D ( 'NONE', #4990, #3782, #2429 ) ;
#5691 = ADVANCED_FACE ( 'NONE', ( #4847 ), #4253, .F. ) ;
#5692 = CIRCLE ( 'NONE', #2575, 6.099999999999999645 ) ;
#5693 = CARTESIAN_POINT ( 'NONE',  ( 35.06830332312192411, 1.887574213608777418, 8.249490530213151374 ) ) ;
#5694 = EDGE_CURVE ( 'NONE', #5578, #2010, #3045, .T. ) ;
#5695 = DIRECTION ( 'NONE',  ( 1.000000000000000000, 9.941108744852766272E-17, 0.000000000000000000 ) ) ;
#5696 = DIRECTION ( 'NONE',  ( 0.000000000000000000, -1.000000000000000000, 0.000000000000000000 ) ) ;
#5697 = DIRECTION ( 'NONE',  ( 1.000000000000000000, -0.000000000000000000, -0.000000000000000000 ) ) ;
#5698 = CARTESIAN_POINT ( 'NONE',  ( -41.11538844702478457, -0.5450179556553206295, 3.331477670710428107 ) ) ;
#5699 = VECTOR ( 'NONE', #4556, 1000.000000000000000 ) ;
#5700 = ORIENTED_EDGE ( 'NONE', *, *, #5347, .F. ) ;
#5701 = CARTESIAN_POINT ( 'NONE',  ( -32.82893218813453728, 20.00000000000000000, 19.99999999999999645 ) ) ;
#5702 = CIRCLE ( 'NONE', #6060, 3.750000000000000000 ) ;
#5703 = ORIENTED_EDGE ( 'NONE', *, *, #7340, .F. ) ;
#5704 = EDGE_CURVE ( 'NONE', #6002, #2119, #4770, .T. ) ;
#5705 = ORIENTED_EDGE ( 'NONE', *, *, #4215, .T. ) ;
#5706 = VERTEX_POINT ( 'NONE', #1854 ) ;
#5707 = CARTESIAN_POINT ( 'NONE',  ( 3.918869757271530263E-15, -32.00000000000000000, 5.000000000000000000 ) ) ;
#5708 = DIRECTION ( 'NONE',  ( -0.000000000000000000, -0.000000000000000000, -1.000000000000000000 ) ) ;
#5709 = DIRECTION ( 'NONE',  ( 1.000000000000000000, 2.668805347656630623E-16, 0.000000000000000000 ) ) ;
#5710 = CARTESIAN_POINT ( 'NONE',  ( 0.000000000000000000, 0.000000000000000000, 21.00000000000000000 ) ) ;
#5711 = CARTESIAN_POINT ( 'NONE',  ( -4.828932188134533732, 18.00000000000000355, 37.13274595042155823 ) ) ;
#5712 = DIRECTION ( 'NONE',  ( -1.000000000000000000, 0.000000000000000000, 0.000000000000000000 ) ) ;
#5713 = ORIENTED_EDGE ( 'NONE', *, *, #4465, .F. ) ;
#5714 = ORIENTED_EDGE ( 'NONE', *, *, #6741, .F. ) ;
#5715 = CARTESIAN_POINT ( 'NONE',  ( -51.65019687596660702, -1.708279968497224743, 14.34570372495754320 ) ) ;
#5716 = CYLINDRICAL_SURFACE ( 'NONE', #2327, 3.750000000000000000 ) ;
#5717 = DIRECTION ( 'NONE',  ( 1.000000000000000000, 0.000000000000000000, -0.000000000000000000 ) ) ;
#5718 = DIRECTION ( 'NONE',  ( 0.8619342151577692457, 0.5070201265633943466, -0.000000000000000000 ) ) ;
#5719 = DIRECTION ( 'NONE',  ( -1.000000000000000000, 0.000000000000000000, 0.000000000000000000 ) ) ;
#5720 = CARTESIAN_POINT ( 'NONE',  ( -13.40894241220451732, -27.16125453576510296, 24.00000000000000000 ) ) ;
#5721 = FACE_BOUND ( 'NONE', #5515, .T. ) ;
#5722 = VERTEX_POINT ( 'NONE', #48 ) ;
#5723 = ORIENTED_EDGE ( 'NONE', *, *, #5632, .T. ) ;
#5724 = EDGE_LOOP ( 'NONE', ( #1365, #1961, #6198, #3508 ) ) ;
#5725 = CARTESIAN_POINT ( 'NONE',  ( 17.89999999999998792, -7.000000000000000888, 12.00000000000000000 ) ) ;
#5726 = EDGE_CURVE ( 'NONE', #300, #1584, #4547, .T. ) ;
#5727 = DIRECTION ( 'NONE',  ( 0.000000000000000000, 0.000000000000000000, -1.000000000000000000 ) ) ;
#5728 = DIRECTION ( 'NONE',  ( 0.000000000000000000, 0.000000000000000000, -1.000000000000000000 ) ) ;
#5729 = CYLINDRICAL_SURFACE ( 'NONE', #1805, 1.749999999999999778 ) ;
#5730 = CARTESIAN_POINT ( 'NONE',  ( 33.21327386202776921, 7.000000000000004441, 15.75000000000000000 ) ) ;
#5731 = LINE ( 'NONE', #5569, #4814 ) ;
#5732 = ORIENTED_EDGE ( 'NONE', *, *, #3371, .F. ) ;
#5733 = EDGE_LOOP ( 'NONE', ( #6004, #4971, #6287, #4643 ) ) ;
#5734 = EDGE_CURVE ( 'NONE', #5160, #46, #4285, .T. ) ;
#5735 = CARTESIAN_POINT ( 'NONE',  ( 35.20000000000000995, -0.009999999999910146736, 15.25001333335703535 ) ) ;
#5736 = CARTESIAN_POINT ( 'NONE',  ( -32.82893218813453728, 18.00000000000000000, 24.00000000000000000 ) ) ;
#5737 = FACE_BOUND ( 'NONE', #404, .T. ) ;
#5738 = CARTESIAN_POINT ( 'NONE',  ( -7.099999999999996980, -17.99999999999999645, 12.00000000000000000 ) ) ;
#5739 = ORIENTED_EDGE ( 'NONE', *, *, #4740, .F. ) ;
#5740 = ORIENTED_EDGE ( 'NONE', *, *, #6979, .F. ) ;
#5741 = ORIENTED_EDGE ( 'NONE', *, *, #5443, .T. ) ;
#5742 = DIRECTION ( 'NONE',  ( 2.815536131330090089E-16, -1.000000000000000000, 0.000000000000000000 ) ) ;
#5743 = DIRECTION ( 'NONE',  ( -1.000000000000000000, -2.668805347656630623E-16, -0.000000000000000000 ) ) ;
#5744 = CARTESIAN_POINT ( 'NONE',  ( -51.55764244422679354, -4.276802767314925369, 14.39162703258357823 ) ) ;
#5745 = FACE_OUTER_BOUND ( 'NONE', #7400, .T. ) ;
#5746 = LINE ( 'NONE', #5828, #6277 ) ;
#5747 = CARTESIAN_POINT ( 'NONE',  ( -35.12795923864889858, 1.401237537353287044, 17.92730893865599029 ) ) ;
#5748 = ORIENTED_EDGE ( 'NONE', *, *, #2699, .T. ) ;
#5749 = CARTESIAN_POINT ( 'NONE',  ( -43.63876521144010212, 1.444870939290020972, 6.009690967656845295 ) ) ;
#5750 = CARTESIAN_POINT ( 'NONE',  ( 8.100000000000019185, -17.99999999999999645, 0.000000000000000000 ) ) ;
#5751 = CARTESIAN_POINT ( 'NONE',  ( 1.332410057327821473, -34.26509709745728571, 19.50000000000000000 ) ) ;
#5752 = CARTESIAN_POINT ( 'NONE',  ( -41.05000000000001847, -6.098626466384439160E-16, 3.250000000000000000 ) ) ;
#5753 = DIRECTION ( 'NONE',  ( 0.000000000000000000, 0.000000000000000000, -1.000000000000000000 ) ) ;
#5754 = CARTESIAN_POINT ( 'NONE',  ( 17.89999999999998792, -6.098637220230962441E-16, 5.000000000000000000 ) ) ;
#5755 = ORIENTED_EDGE ( 'NONE', *, *, #7015, .T. ) ;
#5756 = DIRECTION ( 'NONE',  ( 0.000000000000000000, 0.000000000000000000, -1.000000000000000000 ) ) ;
#5757 = CARTESIAN_POINT ( 'NONE',  ( -46.10000000000000142, 4.664761515876233666, 13.50000000000000533 ) ) ;
#5758 = LINE ( 'NONE', #994, #7567 ) ;
#5759 = CIRCLE ( 'NONE', #4530, 5.000000000000000888 ) ;
#5760 = CARTESIAN_POINT ( 'NONE',  ( 8.100000000000019185, -21.92812077111407376, 6.125849316471738248 ) ) ;
#5761 = ORIENTED_EDGE ( 'NONE', *, *, #478, .T. ) ;
#5762 = EDGE_LOOP ( 'NONE', ( #2082, #1036 ) ) ;
#5763 = VECTOR ( 'NONE', #7523, 1000.000000000000000 ) ;
#5764 = AXIS2_PLACEMENT_3D ( 'NONE', #1410, #3202, #5572 ) ;
#5765 = CARTESIAN_POINT ( 'NONE',  ( 34.65016761431979120, -3.796238849660272585, 13.96521172332016825 ) ) ;
#5766 = CYLINDRICAL_SURFACE ( 'NONE', #5303, 1.500000000000000222 ) ;
#5767 = CARTESIAN_POINT ( 'NONE',  ( 32.05353095920903428, -8.601245666578812177, 8.601175468522754386 ) ) ;
#5768 = DIRECTION ( 'NONE',  ( -1.000000000000000000, 0.000000000000000000, 1.387778780781445676E-16 ) ) ;
#5769 = CIRCLE ( 'NONE', #6764, 13.29000000000000270 ) ;
#5770 = DIRECTION ( 'NONE',  ( 1.000000000000000000, -0.000000000000000000, -0.000000000000000000 ) ) ;
#5771 = AXIS2_PLACEMENT_3D ( 'NONE', #5855, #5140, #4113 ) ;
#5772 = ORIENTED_EDGE ( 'NONE', *, *, #6669, .F. ) ;
#5773 = EDGE_CURVE ( 'NONE', #3742, #3058, #4791, .T. ) ;
#5774 = VERTEX_POINT ( 'NONE', #1059 ) ;
#5775 = LINE ( 'NONE', #2754, #3557 ) ;
#5776 = AXIS2_PLACEMENT_3D ( 'NONE', #991, #415, #334 ) ;
#5777 = CIRCLE ( 'NONE', #2424, 1.749999999999999778 ) ;
#5778 = CARTESIAN_POINT ( 'NONE',  ( -52.10000000000000853, -4.900000000000011902, 12.00000000000000000 ) ) ;
#5779 = CARTESIAN_POINT ( 'NONE',  ( 9.500000000000003553, 18.00000000000000000, 24.00000000000000355 ) ) ;
#5780 = EDGE_CURVE ( 'NONE', #2351, #2978, #3030, .T. ) ;
#5781 = CARTESIAN_POINT ( 'NONE',  ( 15.81253292872706417, -35.02882854878289720, 0.000000000000000000 ) ) ;
#5782 = ADVANCED_FACE ( 'NONE', ( #158 ), #763, .T. ) ;
#5783 = EDGE_CURVE ( 'NONE', #6794, #5971, #5660, .T. ) ;
#5784 = DIRECTION ( 'NONE',  ( 0.000000000000000000, -1.000000000000000000, 0.000000000000000000 ) ) ;
#5785 = EDGE_CURVE ( 'NONE', #1876, #1259, #3758, .T. ) ;
#5786 = B_SPLINE_CURVE_WITH_KNOTS ( 'NONE', 3,
 ( #650, #4182, #6780, #1194, #5967, #3014, #7284, #823, #5384, #4991, #4323, #3194, #7362, #2023 ),
 .UNSPECIFIED., .F., .F.,
 ( 4, 2, 2, 2, 2, 2, 4 ),
 ( 0.01176310873941064684, 0.01256747975265486497, 0.01337185076589908136, 0.01377403627252119477, 0.01417622177914330817, 0.01457840728576541983, 0.01498059279238753323 ),
 .UNSPECIFIED. ) ;
#5787 = CYLINDRICAL_SURFACE ( 'NONE', #1338, 1.000000000000000888 ) ;
#5788 = ORIENTED_EDGE ( 'NONE', *, *, #2698, .F. ) ;
#5789 = VECTOR ( 'NONE', #2015, 1000.000000000000000 ) ;
#5790 = PRODUCT_DEFINITION_CONTEXT ( 'detailed design', #4559, 'design' ) ;
#5791 = DIRECTION ( 'NONE',  ( 1.000000000000000000, 0.000000000000000000, -2.168404344971006896E-16 ) ) ;
#5792 = VECTOR ( 'NONE', #3135, 1000.000000000000000 ) ;
#5793 = CARTESIAN_POINT ( 'NONE',  ( -13.99666578361246572, -30.29607895081619517, 19.50000000000000000 ) ) ;
#5794 = CARTESIAN_POINT ( 'NONE',  ( -61.10000000000000142, 4.899999999999990585, 12.00000000000000000 ) ) ;
#5795 = DIRECTION ( 'NONE',  ( -1.387778780781445676E-16, -1.379605977354753764E-32, -1.000000000000000000 ) ) ;
#5796 = CYLINDRICAL_SURFACE ( 'NONE', #931, 1.749999999999999778 ) ;
#5797 = CARTESIAN_POINT ( 'NONE',  ( 0.000000000000000000, 0.000000000000000000, 24.00000000000000000 ) ) ;
#5798 = ORIENTED_EDGE ( 'NONE', *, *, #7186, .F. ) ;
#5799 = EDGE_CURVE ( 'NONE', #2284, #6581, #2508, .T. ) ;
#5800 = EDGE_CURVE ( 'NONE', #4417, #6405, #2549, .T. ) ;
#5801 = AXIS2_PLACEMENT_3D ( 'NONE', #5451, #5032, #220 ) ;
#5802 = CIRCLE ( 'NONE', #1587, 1.749999999999999778 ) ;
#5803 = ORIENTED_EDGE ( 'NONE', *, *, #2792, .F. ) ;
#5804 = CARTESIAN_POINT ( 'NONE',  ( 0.6763057136278954884, -17.99999999999999645, 19.49857734182297264 ) ) ;
#5805 = CARTESIAN_POINT ( 'NONE',  ( 35.00344356079791908, 2.296394935079961730, 2.025393931692149430 ) ) ;
#5806 = AXIS2_PLACEMENT_3D ( 'NONE', #272, #7303, #6751 ) ;
#5807 = CARTESIAN_POINT ( 'NONE',  ( -12.96962459656658773, -30.90022082554906646, 19.31699427450816131 ) ) ;
#5808 = CARTESIAN_POINT ( 'NONE',  ( -10.90000000000001457, -3.000000000000002665, 24.00000000000000000 ) ) ;
#5809 = CARTESIAN_POINT ( 'NONE',  ( 8.100000000000020961, -19.90978294410731664, 5.235696292787952899 ) ) ;
#5810 = EDGE_CURVE ( 'NONE', #1822, #1807, #3130, .T. ) ;
#5811 = ORIENTED_EDGE ( 'NONE', *, *, #295, .F. ) ;
#5812 = ORIENTED_EDGE ( 'NONE', *, *, #7406, .F. ) ;
#5813 = VECTOR ( 'NONE', #6274, 1000.000000000000000 ) ;
#5814 = DIRECTION ( 'NONE',  ( -0.000000000000000000, -0.000000000000000000, -1.000000000000000000 ) ) ;
#5815 = DIRECTION ( 'NONE',  ( -1.000000000000000000, 0.000000000000000000, 0.000000000000000000 ) ) ;
#5816 = CARTESIAN_POINT ( 'NONE',  ( -35.11300443990745634, -1.530659027471288791, 19.87814453601436426 ) ) ;
#5817 = FACE_OUTER_BOUND ( 'NONE', #2645, .T. ) ;
#5818 = CARTESIAN_POINT ( 'NONE',  ( -35.19999999999999574, 0.009999999999899849418, 21.00000000000000000 ) ) ;
#5819 = VECTOR ( 'NONE', #6655, 1000.000000000000000 ) ;
#5820 = EDGE_LOOP ( 'NONE', ( #3129, #5854, #7507, #2096, #2492, #7248 ) ) ;
#5821 = ORIENTED_EDGE ( 'NONE', *, *, #439, .T. ) ;
#5822 = EDGE_CURVE ( 'NONE', #6773, #2706, #1804, .T. ) ;
#5823 = CIRCLE ( 'NONE', #7443, 2.500000000000000444 ) ;
#5824 = DIRECTION ( 'NONE',  ( -9.941108744852765039E-17, 1.000000000000000000, -0.000000000000000000 ) ) ;
#5825 = CARTESIAN_POINT ( 'NONE',  ( -8.500000000000000000, 18.58578643762691485, 9.414213562373086930 ) ) ;
#5826 = ADVANCED_FACE ( 'NONE', ( #1379 ), #3250, .F. ) ;
#5827 = ORIENTED_EDGE ( 'NONE', *, *, #2127, .T. ) ;
#5828 = CARTESIAN_POINT ( 'NONE',  ( -61.10000000000000142, 4.214261501141089994, 9.500000000000008882 ) ) ;
#5829 = CARTESIAN_POINT ( 'NONE',  ( -46.10000000000000142, -7.966383962755032780E-15, 12.00000000000000000 ) ) ;
#5830 = ORIENTED_EDGE ( 'NONE', *, *, #390, .T. ) ;
#5831 = ORIENTED_EDGE ( 'NONE', *, *, #5531, .T. ) ;
#5832 = EDGE_CURVE ( 'NONE', #2274, #3879, #237, .T. ) ;
#5833 = DIRECTION ( 'NONE',  ( -2.775557561562891351E-16, -2.759211954709507528E-32, -1.000000000000000000 ) ) ;
#5834 = CARTESIAN_POINT ( 'NONE',  ( 33.00000000000000000, -13.50000000000000178, 24.00000000000000000 ) ) ;
#5835 = CARTESIAN_POINT ( 'NONE',  ( -21.90999999999999659, -0.01000000000000653144, 0.000000000000000000 ) ) ;
#5836 = DIRECTION ( 'NONE',  ( -0.7071067811865477948, 0.7071067811865473507, 0.000000000000000000 ) ) ;
#5837 = CARTESIAN_POINT ( 'NONE',  ( 15.02344265897996145, -26.21154850825013938, 5.000000000000000000 ) ) ;
#5838 = ORIENTED_EDGE ( 'NONE', *, *, #4277, .F. ) ;
#5839 = EDGE_CURVE ( 'NONE', #3186, #2784, #1198, .T. ) ;
#5840 = CARTESIAN_POINT ( 'NONE',  ( 35.19288379952308787, 0.5073948963063066309, 1.276347795368413252 ) ) ;
#5841 = DIRECTION ( 'NONE',  ( 0.000000000000000000, 0.000000000000000000, -1.000000000000000000 ) ) ;
#5842 = CARTESIAN_POINT ( 'NONE',  ( 21.91421356237307450, 18.58578643762691485, 9.414213562373079824 ) ) ;
#5843 = DIRECTION ( 'NONE',  ( 1.000000000000000000, -0.000000000000000000, -0.000000000000000000 ) ) ;
#5844 = ORIENTED_EDGE ( 'NONE', *, *, #2091, .T. ) ;
#5845 = ORIENTED_EDGE ( 'NONE', *, *, #1823, .F. ) ;
#5846 = CARTESIAN_POINT ( 'NONE',  ( 12.49999999999999822, 28.00000000000009237, 4.999999999999997335 ) ) ;
#5847 = FACE_OUTER_BOUND ( 'NONE', #7683, .T. ) ;
#5848 = DIRECTION ( 'NONE',  ( -1.000000000000000000, -2.668805347656626678E-16, -0.000000000000000000 ) ) ;
#5849 = DIRECTION ( 'NONE',  ( -1.000000000000000000, 0.000000000000000000, 0.000000000000000000 ) ) ;
#5850 = ORIENTED_EDGE ( 'NONE', *, *, #3303, .F. ) ;
#5851 = CARTESIAN_POINT ( 'NONE',  ( 37.89999999999999147, 7.257302071685540394E-15, 14.59999999999999964 ) ) ;
#5852 = LINE ( 'NONE', #539, #1681 ) ;
#5853 = CARTESIAN_POINT ( 'NONE',  ( 33.00000000000000000, -13.50000000000000178, 24.00000000000000000 ) ) ;
#5854 = ORIENTED_EDGE ( 'NONE', *, *, #7631, .T. ) ;
#5855 = CARTESIAN_POINT ( 'NONE',  ( 3.918869757271530263E-15, -32.00000000000000000, 16.50000000000000000 ) ) ;
#5856 = DIRECTION ( 'NONE',  ( 0.000000000000000000, 0.000000000000000000, 1.000000000000000000 ) ) ;
#5857 = ORIENTED_EDGE ( 'NONE', *, *, #5822, .F. ) ;
#5858 = ORIENTED_EDGE ( 'NONE', *, *, #2224, .T. ) ;
#5859 = ORIENTED_EDGE ( 'NONE', *, *, #5084, .T. ) ;
#5860 = EDGE_CURVE ( 'NONE', #2262, #7384, #1072, .T. ) ;
#5861 = CYLINDRICAL_SURFACE ( 'NONE', #4146, 1.749999999999999778 ) ;
#5862 = FACE_OUTER_BOUND ( 'NONE', #3102, .T. ) ;
#5863 = CARTESIAN_POINT ( 'NONE',  ( -9.900000000000012790, -13.00000000000000355, 0.000000000000000000 ) ) ;
#5864 = CARTESIAN_POINT ( 'NONE',  ( 34.79225704091467009, 3.277201479266012907, 11.47992068121913078 ) ) ;
#5865 = CARTESIAN_POINT ( 'NONE',  ( -13.40894241220451910, -21.99999999999999289, 0.000000000000000000 ) ) ;
#5866 = DIRECTION ( 'NONE',  ( 0.000000000000000000, 0.000000000000000000, -1.000000000000000000 ) ) ;
#5867 = EDGE_CURVE ( 'NONE', #7358, #6264, #3673, .T. ) ;
#5868 = FACE_OUTER_BOUND ( 'NONE', #6758, .T. ) ;
#5869 = ORIENTED_EDGE ( 'NONE', *, *, #6507, .F. ) ;
#5870 = ORIENTED_EDGE ( 'NONE', *, *, #513, .F. ) ;
#5871 = ADVANCED_FACE ( 'NONE', ( #2867 ), #6964, .F. ) ;
#5872 = ADVANCED_FACE ( 'NONE', ( #3414, #470 ), #5244, .F. ) ;
#5873 = CARTESIAN_POINT ( 'NONE',  ( -34.03713858578576890, 5.446860383455266685, 11.18458576656017556 ) ) ;
#5874 = CARTESIAN_POINT ( 'NONE',  ( 20.21076683067359880, -21.99999999999999289, 24.00000000000000000 ) ) ;
#5875 = ADVANCED_FACE ( 'NONE', ( #2277 ), #4623, .F. ) ;
#5876 = CARTESIAN_POINT ( 'NONE',  ( 8.100000000000017408, -23.55989393422479949, 7.605787210054968384 ) ) ;
#5877 = EDGE_CURVE ( 'NONE', #2036, #4963, #1696, .T. ) ;
#5878 = EDGE_LOOP ( 'NONE', ( #6170, #232, #4562 ) ) ;
#5879 = ORIENTED_EDGE ( 'NONE', *, *, #742, .T. ) ;
#5880 = CARTESIAN_POINT ( 'NONE',  ( 34.37885636280981316, -4.613194442271139728, 9.096753159660684318 ) ) ;
#5881 = CARTESIAN_POINT ( 'NONE',  ( -42.86002896972323839, 1.738597737143560584, 18.71878165776835345 ) ) ;
#5882 = AXIS2_PLACEMENT_3D ( 'NONE', #3946, #6321, #995 ) ;
#5883 = AXIS2_PLACEMENT_3D ( 'NONE', #4967, #1426, #3803 ) ;
#5884 = EDGE_CURVE ( 'NONE', #5071, #4947, #1581, .T. ) ;
#5885 = EDGE_CURVE ( 'NONE', #7423, #3366, #3929, .T. ) ;
#5886 = ORIENTED_EDGE ( 'NONE', *, *, #1712, .F. ) ;
#5887 = DIRECTION ( 'NONE',  ( 0.000000000000000000, 0.000000000000000000, -1.000000000000000000 ) ) ;
#5888 = PLANE ( 'NONE',  #4395 ) ;
#5889 = AXIS2_PLACEMENT_3D ( 'NONE', #3470, #1132, #3502 ) ;
#5890 = DIRECTION ( 'NONE',  ( 1.000000000000000000, 0.000000000000000000, 0.000000000000000000 ) ) ;
#5891 = VECTOR ( 'NONE', #3157, 1000.000000000000000 ) ;
#5892 = EDGE_LOOP ( 'NONE', ( #4948, #1919, #3394, #2838, #1165, #5131, #4460, #1869, #269, #2587, #5070, #1604, #2999, #6747, #6860, #3193, #6548, #7520, #2154, #488, #5859, #2061, #5002, #840, #2374, #7209, #376, #6180, #2493, #4629, #5685, #7402, #2473, #6439 ) ) ;
#5893 = CARTESIAN_POINT ( 'NONE',  ( -44.52517372939634299, 5.268526082806726407, 11.71096066339010200 ) ) ;
#5894 = CARTESIAN_POINT ( 'NONE',  ( -35.17790709849746378, 0.7832316136644268401, 20.56911697655915461 ) ) ;
#5895 = EDGE_LOOP ( 'NONE', ( #4016, #5886, #1301, #553, #1626, #1496, #4667 ) ) ;
#5896 = ORIENTED_EDGE ( 'NONE', *, *, #2265, .F. ) ;
#5897 = VERTEX_POINT ( 'NONE', #7542 ) ;
#5898 = AXIS2_PLACEMENT_3D ( 'NONE', #5016, #6810, #324 ) ;
#5899 = VECTOR ( 'NONE', #7142, 1000.000000000000000 ) ;
#5900 = DIRECTION ( 'NONE',  ( 1.000000000000000000, 0.000000000000000000, -0.000000000000000000 ) ) ;
#5901 = DIRECTION ( 'NONE',  ( -1.000000000000000000, 0.000000000000000000, 0.000000000000000000 ) ) ;
#5902 = CARTESIAN_POINT ( 'NONE',  ( -14.91596253876791422, -26.27477210837486865, 5.001513403221296450 ) ) ;
#5903 = VECTOR ( 'NONE', #3682, 1000.000000000000000 ) ;
#5904 = CARTESIAN_POINT ( 'NONE',  ( 34.37803288510006894, 4.615418752454128359, 14.90503990856706196 ) ) ;
#5905 = AXIS2_PLACEMENT_3D ( 'NONE', #5478, #2520, #7164 ) ;
#5906 = CARTESIAN_POINT ( 'NONE',  ( -39.90000000000000568, -6.098637220230962441E-16, 5.000000000000000000 ) ) ;
#5907 = DIRECTION ( 'NONE',  ( 1.000000000000000000, -0.000000000000000000, -0.000000000000000000 ) ) ;
#5908 = ORIENTED_EDGE ( 'NONE', *, *, #3476, .F. ) ;
#5909 = EDGE_LOOP ( 'NONE', ( #3346, #6183, #3456, #4717 ) ) ;
#5910 = AXIS2_PLACEMENT_3D ( 'NONE', #5581, #4372, #3846 ) ;
#5911 = EDGE_CURVE ( 'NONE', #7427, #3149, #6879, .T. ) ;
#5912 = CARTESIAN_POINT ( 'NONE',  ( -10.90180841670001932, -34.08819856468882392, 19.50000000000000000 ) ) ;
#5913 = CARTESIAN_POINT ( 'NONE',  ( -34.01059684900065605, 5.505942732611202928, 11.08112511643087927 ) ) ;
#5914 = LINE ( 'NONE', #3475, #5184 ) ;
#5915 = DIRECTION ( 'NONE',  ( -0.8619342151577693567, 0.5070201265633939025, -0.000000000000000000 ) ) ;
#5916 = AXIS2_PLACEMENT_3D ( 'NONE', #5054, #848, #6756 ) ;
#5917 = AXIS2_PLACEMENT_3D ( 'NONE', #4195, #1273, #6612 ) ;
#5918 = ORIENTED_EDGE ( 'NONE', *, *, #1525, .T. ) ;
#5919 = EDGE_LOOP ( 'NONE', ( #457, #6276 ) ) ;
#5920 = EDGE_CURVE ( 'NONE', #1881, #4035, #91, .T. ) ;
#5921 = DIRECTION ( 'NONE',  ( 9.941108744852766272E-17, -1.000000000000000000, -0.000000000000000000 ) ) ;
#5922 = EDGE_CURVE ( 'NONE', #82, #6407, #3053, .T. ) ;
#5923 = VECTOR ( 'NONE', #6705, 999.9999999999998863 ) ;
#5924 = VECTOR ( 'NONE', #3264, 1000.000000000000000 ) ;
#5925 = CARTESIAN_POINT ( 'NONE',  ( 7.500000000000007105, 20.00000000000000000, 24.00000000000000355 ) ) ;
#5926 = VECTOR ( 'NONE', #1941, 1000.000000000000000 ) ;
#5927 = VECTOR ( 'NONE', #7462, 1000.000000000000000 ) ;
#5928 = ORIENTED_EDGE ( 'NONE', *, *, #2011, .F. ) ;
#5929 = LINE ( 'NONE', #2984, #3292 ) ;
#5930 = DIRECTION ( 'NONE',  ( 0.000000000000000000, 0.000000000000000000, -1.000000000000000000 ) ) ;
#5931 = AXIS2_PLACEMENT_3D ( 'NONE', #2790, #6842, #4003 ) ;
#5932 = LINE ( 'NONE', #4510, #1408 ) ;
#5933 = VECTOR ( 'NONE', #4445, 1000.000000000000000 ) ;
#5934 = VERTEX_POINT ( 'NONE', #3963 ) ;
#5935 = EDGE_CURVE ( 'NONE', #344, #1185, #6031, .T. ) ;
#5936 = VECTOR ( 'NONE', #4972, 1000.000000000000000 ) ;
#5937 = CARTESIAN_POINT ( 'NONE',  ( -13.27743229591008856, -30.71915747299403421, 5.831395812114998023 ) ) ;
#5938 = FACE_OUTER_BOUND ( 'NONE', #3209, .T. ) ;
#5939 = CARTESIAN_POINT ( 'NONE',  ( -11.83431754716828799, -31.99999999999884892, 7.391561154329337135 ) ) ;
#5940 = ORIENTED_EDGE ( 'NONE', *, *, #3404, .F. ) ;
#5941 = ORIENTED_EDGE ( 'NONE', *, *, #832, .T. ) ;
#5942 = ORIENTED_EDGE ( 'NONE', *, *, #4096, .T. ) ;
#5943 = AXIS2_PLACEMENT_3D ( 'NONE', #2519, #409, #5110 ) ;
#5944 = DIRECTION ( 'NONE',  ( 1.387778780781445676E-16, 1.379605977354753764E-32, 1.000000000000000000 ) ) ;
#5945 = DIRECTION ( 'NONE',  ( 0.000000000000000000, -0.000000000000000000, 1.000000000000000000 ) ) ;
#5946 = PLANE ( 'NONE',  #6800 ) ;
#5947 = DIRECTION ( 'NONE',  ( 0.000000000000000000, 0.000000000000000000, 1.000000000000000000 ) ) ;
#5948 = CARTESIAN_POINT ( 'NONE',  ( 34.65173965377834264, 3.790934619139239459, 13.95660470504286010 ) ) ;
#5949 = CYLINDRICAL_SURFACE ( 'NONE', #5917, 0.9999999999999991118 ) ;
#5950 = ORIENTED_EDGE ( 'NONE', *, *, #1075, .T. ) ;
#5951 = ORIENTED_EDGE ( 'NONE', *, *, #1575, .T. ) ;
#5952 = CARTESIAN_POINT ( 'NONE',  ( -32.32836725024328928, 8.261816984686658927, 10.78238270045194191 ) ) ;
#5953 = CARTESIAN_POINT ( 'NONE',  ( -15.40209363606592063, -29.46935668466708336, 5.018223344674069608 ) ) ;
#5954 = LINE ( 'NONE', #100, #843 ) ;
#5955 = DIRECTION ( 'NONE',  ( 0.000000000000000000, 0.000000000000000000, 1.000000000000000000 ) ) ;
#5956 = CARTESIAN_POINT ( 'NONE',  ( 31.51925341933577940, 9.194492428645123283, 15.04937481014199285 ) ) ;
#5957 = ORIENTED_EDGE ( 'NONE', *, *, #5652, .T. ) ;
#5958 = VERTEX_POINT ( 'NONE', #3378 ) ;
#5959 = EDGE_CURVE ( 'NONE', #2745, #6278, #5775, .T. ) ;
#5960 = CARTESIAN_POINT ( 'NONE',  ( -9.500000000000003553, 20.00000000000000355, 8.000000000000014211 ) ) ;
#5961 = PLANE ( 'NONE',  #4702 ) ;
#5962 = EDGE_CURVE ( 'NONE', #2225, #5026, #4913, .T. ) ;
#5963 = ORIENTED_EDGE ( 'NONE', *, *, #7076, .T. ) ;
#5964 = DIRECTION ( 'NONE',  ( 0.000000000000000000, 0.000000000000000000, -1.000000000000000000 ) ) ;
#5965 = CARTESIAN_POINT ( 'NONE',  ( -41.23721606102045456, 8.518338715903672309, 11.12070204918659755 ) ) ;
#5966 = ORIENTED_EDGE ( 'NONE', *, *, #8, .F. ) ;
#5967 = CARTESIAN_POINT ( 'NONE',  ( -41.70129830834345341, -7.964640392347416942, 13.47770882242060786 ) ) ;
#5968 = EDGE_CURVE ( 'NONE', #5549, #1110, #213, .T. ) ;
#5969 = LINE ( 'NONE', #80, #1228 ) ;
#5970 = ORIENTED_EDGE ( 'NONE', *, *, #5799, .F. ) ;
#5971 = VERTEX_POINT ( 'NONE', #355 ) ;
#5972 = ORIENTED_EDGE ( 'NONE', *, *, #154, .T. ) ;
#5973 = DIRECTION ( 'NONE',  ( 0.000000000000000000, 1.000000000000000000, 0.000000000000000000 ) ) ;
#5974 = PLANE ( 'NONE',  #1179 ) ;
#5975 = LINE ( 'NONE', #4341, #4185 ) ;
#5976 = CARTESIAN_POINT ( 'NONE',  ( -51.10000000000000853, -1.469693845669930443, 9.500000000000005329 ) ) ;
#5977 = CARTESIAN_POINT ( 'NONE',  ( 35.20000000000000995, -1.734723475976807094E-15, 15.24999999999999822 ) ) ;
#5978 = CARTESIAN_POINT ( 'NONE',  ( -9.900000000000012790, -4.000000000000002665, 21.00000000000000000 ) ) ;
#5979 = VERTEX_POINT ( 'NONE', #396 ) ;
#5980 = ORIENTED_EDGE ( 'NONE', *, *, #2715, .F. ) ;
#5981 = EDGE_CURVE ( 'NONE', #3820, #6421, #5186, .T. ) ;
#5982 = EDGE_CURVE ( 'NONE', #3094, #4219, #2684, .T. ) ;
#5983 = B_SPLINE_CURVE_WITH_KNOTS ( 'NONE', 3,
 ( #5196, #524, #1137, #2886, #7569, #2230, #2930, #2855, #7603, #6090, #771, #4265, #2486, #5474, #4786, #1247, #7160, #7199 ),
 .UNSPECIFIED., .F., .F.,
 ( 4, 2, 2, 2, 2, 2, 2, 2, 4 ),
 ( 0.000000000000000000, 0.002192187444513162345, 0.003288281166769743517, 0.004384374889026324690, 0.005480468611282905862, 0.006576562333539487035, 0.007672656055796068207, 0.008220702916924359227, 0.008768749778052649380 ),
 .UNSPECIFIED. ) ;
#5984 = CARTESIAN_POINT ( 'NONE',  ( 23.32842712474617741, 18.00000000000000355, 1.999999999999996669 ) ) ;
#5985 = CARTESIAN_POINT ( 'NONE',  ( -35.12795923864890568, -1.401237537353318130, 20.07269106134398129 ) ) ;
#5986 = CARTESIAN_POINT ( 'NONE',  ( -33.91031454576632598, 5.721855509164037734, 10.79912840028247345 ) ) ;
#5987 = CARTESIAN_POINT ( 'NONE',  ( -10.90180841670001399, -34.08819856468884524, 24.00000000000000000 ) ) ;
#5988 = DIRECTION ( 'NONE',  ( -1.000000000000000000, 0.000000000000000000, 0.000000000000000000 ) ) ;
#5989 = ORIENTED_EDGE ( 'NONE', *, *, #6741, .T. ) ;
#5990 = ORIENTED_EDGE ( 'NONE', *, *, #6837, .T. ) ;
#5991 = ORIENTED_EDGE ( 'NONE', *, *, #4649, .F. ) ;
#5992 = B_SPLINE_CURVE_WITH_KNOTS ( 'NONE', 3,
 ( #4070, #3517, #4692, #7101, #567, #1697, #1629, #5167, #6365, #1034 ),
 .UNSPECIFIED., .F., .F.,
 ( 4, 2, 2, 2, 4 ),
 ( 0.000000000000000000, 0.0004085130822169330740, 0.0008170261644338661479, 0.001225539246650799276, 0.001634052328867732296 ),
 .UNSPECIFIED. ) ;
#5993 = EDGE_CURVE ( 'NONE', #721, #6658, #3075, .T. ) ;
#5994 = DIRECTION ( 'NONE',  ( -1.000000000000000000, 0.000000000000000000, 0.000000000000000000 ) ) ;
#5995 = EDGE_LOOP ( 'NONE', ( #6088, #1848, #2073, #5172 ) ) ;
#5996 = DIRECTION ( 'NONE',  ( 1.000000000000000000, 0.000000000000000000, 0.000000000000000000 ) ) ;
#5997 = CARTESIAN_POINT ( 'NONE',  ( -41.05000000000001137, 8.750000000000003553, 11.86375993256454109 ) ) ;
#5998 = EDGE_CURVE ( 'NONE', #4107, #3845, #5046, .T. ) ;
#5999 = FACE_OUTER_BOUND ( 'NONE', #512, .T. ) ;
#6000 = VECTOR ( 'NONE', #6888, 1000.000000000000000 ) ;
#6001 = ORIENTED_EDGE ( 'NONE', *, *, #3447, .F. ) ;
#6002 = VERTEX_POINT ( 'NONE', #597 ) ;
#6003 = ORIENTED_EDGE ( 'NONE', *, *, #3515, .F. ) ;
#6004 = ORIENTED_EDGE ( 'NONE', *, *, #1296, .T. ) ;
#6005 = LINE ( 'NONE', #5426, #950 ) ;
#6006 = EDGE_CURVE ( 'NONE', #4794, #3914, #1173, .T. ) ;
#6007 = AXIS2_PLACEMENT_3D ( 'NONE', #4061, #1062, #4098 ) ;
#6008 = VECTOR ( 'NONE', #6292, 1000.000000000000000 ) ;
#6009 = DIRECTION ( 'NONE',  ( -1.000000000000000000, -1.491166311727914324E-16, 0.000000000000000000 ) ) ;
#6010 = CARTESIAN_POINT ( 'NONE',  ( -51.90708381011968697, 4.426364670405278368, 14.10426783659014127 ) ) ;
#6011 = EDGE_CURVE ( 'NONE', #3574, #1006, #1248, .T. ) ;
#6012 =( BOUNDED_CURVE ( )  B_SPLINE_CURVE ( 3, ( #4713, #7193, #1891, #590 ),
 .UNSPECIFIED., .F., .F. ) 
 B_SPLINE_CURVE_WITH_KNOTS ( ( 4, 4 ),
 ( 1.143717740402430350, 1.570796326794896558 ),
 .UNSPECIFIED. ) 
 CURVE ( )  GEOMETRIC_REPRESENTATION_ITEM ( )  RATIONAL_B_SPLINE_CURVE ( ( 1.000000000000000000, 0.9848579932443009000, 0.9848579932443009000, 1.000000000000000000 ) ) 
 REPRESENTATION_ITEM ( '' )  );
#6013 = EDGE_CURVE ( 'NONE', #2923, #2617, #340, .T. ) ;
#6014 = LINE ( 'NONE', #766, #5673 ) ;
#6015 = CARTESIAN_POINT ( 'NONE',  ( -35.19999999999999574, 0.009999999999899845948, 3.250028571661811139 ) ) ;
#6016 = CARTESIAN_POINT ( 'NONE',  ( 34.04094521320077149, 5.443548857559640908, 15.41986612129443657 ) ) ;
#6017 = CARTESIAN_POINT ( 'NONE',  ( -61.10000000000000142, -1.196959198423997211E-14, 12.00000000000000000 ) ) ;
#6018 = AXIS2_PLACEMENT_3D ( 'NONE', #3858, #7511, #3265 ) ;
#6019 = ORIENTED_EDGE ( 'NONE', *, *, #3496, .T. ) ;
#6020 = AXIS2_PLACEMENT_3D ( 'NONE', #90, #54, #2441 ) ;
#6021 = VECTOR ( 'NONE', #5525, 1000.000000000000000 ) ;
#6022 = FACE_OUTER_BOUND ( 'NONE', #5633, .T. ) ;
#6023 = VECTOR ( 'NONE', #3699, 1000.000000000000000 ) ;
#6024 = DIRECTION ( 'NONE',  ( -0.000000000000000000, -0.000000000000000000, -1.000000000000000000 ) ) ;
#6025 = DIRECTION ( 'NONE',  ( 0.000000000000000000, 0.000000000000000000, 1.000000000000000000 ) ) ;
#6026 = CARTESIAN_POINT ( 'NONE',  ( -46.10000000000000142, -4.664761515876251430, 10.50000000000000178 ) ) ;
#6027 = CARTESIAN_POINT ( 'NONE',  ( -1.698686956776715873E-15, 22.00000000000000355, 16.00000000000000000 ) ) ;
#6028 = EDGE_CURVE ( 'NONE', #2745, #5274, #1320, .T. ) ;
#6029 = ADVANCED_FACE ( 'NONE', ( #4827 ), #4894, .F. ) ;
#6030 = CARTESIAN_POINT ( 'NONE',  ( 30.07210687666948701, 10.49974099937634975, 13.37098271380470038 ) ) ;
#6031 = CIRCLE ( 'NONE', #3165, 1.749999999999999778 ) ;
#6032 = EDGE_LOOP ( 'NONE', ( #5011, #1835, #7240 ) ) ;
#6033 = ORIENTED_EDGE ( 'NONE', *, *, #6485, .T. ) ;
#6034 = ORIENTED_EDGE ( 'NONE', *, *, #1526, .F. ) ;
#6035 = STYLED_ITEM ( 'NONE', ( #2805 ), #6212 ) ;
#6036 = CARTESIAN_POINT ( 'NONE',  ( -13.40894241220451732, -21.99999999999999289, 5.000000000000000000 ) ) ;
#6037 = DIRECTION ( 'NONE',  ( -1.000000000000000000, 3.469446951953611033E-15, 0.000000000000000000 ) ) ;
#6038 = EDGE_LOOP ( 'NONE', ( #5831, #1125, #5387, #5918 ) ) ;
#6039 = AXIS2_PLACEMENT_3D ( 'NONE', #348, #877, #303 ) ;
#6040 = AXIS2_PLACEMENT_3D ( 'NONE', #7087, #6498, #1096 ) ;
#6041 = DIRECTION ( 'NONE',  ( 0.000000000000000000, 0.000000000000000000, 1.000000000000000000 ) ) ;
#6042 = CARTESIAN_POINT ( 'NONE',  ( -20.21076683067359525, -20.99999999999999289, 5.000000000000000000 ) ) ;
#6043 = CARTESIAN_POINT ( 'NONE',  ( -46.10000000000000142, -4.664761515876249653, 13.50000000000000533 ) ) ;
#6044 = DIRECTION ( 'NONE',  ( -1.000000000000000000, 0.000000000000000000, 2.478176394252581634E-16 ) ) ;
#6045 = EDGE_LOOP ( 'NONE', ( #6432, #1407, #3272, #5305 ) ) ;
#6046 = VERTEX_POINT ( 'NONE', #4267 ) ;
#6047 = ORIENTED_EDGE ( 'NONE', *, *, #321, .F. ) ;
#6048 = DIRECTION ( 'NONE',  ( 0.000000000000000000, 0.000000000000000000, -1.000000000000000000 ) ) ;
#6049 = EDGE_CURVE ( 'NONE', #2084, #4582, #3412, .T. ) ;
#6050 = CIRCLE ( 'NONE', #2713, 2.500000000000000444 ) ;
#6051 = CARTESIAN_POINT ( 'NONE',  ( 31.24999999999999645, -13.50000000000000178, 24.00000000000000000 ) ) ;
#6052 = CARTESIAN_POINT ( 'NONE',  ( -8.500000000000003553, 18.00000000000000355, 10.82842712474618985 ) ) ;
#6053 = CIRCLE ( 'NONE', #3330, 1.000000000000000888 ) ;
#6054 = CARTESIAN_POINT ( 'NONE',  ( -34.75000000000001421, 13.49999999999998046, 24.00000000000000000 ) ) ;
#6055 = CARTESIAN_POINT ( 'NONE',  ( -32.32646223951301323, -8.264219632769828294, 13.21512356827417989 ) ) ;
#6056 = DIRECTION ( 'NONE',  ( 1.000000000000000000, 9.941108744852765039E-17, -0.000000000000000000 ) ) ;
#6057 = CARTESIAN_POINT ( 'NONE',  ( -35.15033246058882810, 1.160788314586171044, 6.314642407426354076 ) ) ;
#6058 = ADVANCED_FACE ( 'NONE', ( #3444 ), #4351, .F. ) ;
#6059 = DIRECTION ( 'NONE',  ( -1.000000000000000000, 0.000000000000000000, 0.000000000000000000 ) ) ;
#6060 = AXIS2_PLACEMENT_3D ( 'NONE', #5091, #3877, #966 ) ;
#6061 = CARTESIAN_POINT ( 'NONE',  ( -32.65699183166222497, 7.832137748486702300, 13.55435644247966565 ) ) ;
#6062 = CARTESIAN_POINT ( 'NONE',  ( -14.95377450932830143, -29.73307381804213989, 5.090019166778431803 ) ) ;
#6063 = CARTESIAN_POINT ( 'NONE',  ( -34.11747538374510214, -5.263801106786290873, 11.74925412568319238 ) ) ;
#6064 = DIRECTION ( 'NONE',  ( -1.000000000000000000, -9.941108744852763806E-17, 2.775557561562891351E-16 ) ) ;
#6065 = CARTESIAN_POINT ( 'NONE',  ( 30.82525607917798993, 9.868426665083145366, 9.572849605361605896 ) ) ;
#6066 = ORIENTED_EDGE ( 'NONE', *, *, #3496, .F. ) ;
#6067 = ORIENTED_EDGE ( 'NONE', *, *, #4079, .T. ) ;
#6068 = ORIENTED_EDGE ( 'NONE', *, *, #400, .F. ) ;
#6069 = VERTEX_POINT ( 'NONE', #2604 ) ;
#6070 = EDGE_CURVE ( 'NONE', #6955, #4666, #7353, .T. ) ;
#6071 = CARTESIAN_POINT ( 'NONE',  ( -10.90000000000001457, -3.000000000000002665, 21.00000000000000000 ) ) ;
#6072 = CARTESIAN_POINT ( 'NONE',  ( -44.18029266032812785, -0.9891440193081487697, 6.464307657270056851 ) ) ;
#6073 = ORIENTED_EDGE ( 'NONE', *, *, #1575, .F. ) ;
#6074 = LINE ( 'NONE', #5487, #1190 ) ;
#6075 = LINE ( 'NONE', #6831, #5891 ) ;
#6076 = DIRECTION ( 'NONE',  ( -0.000000000000000000, -0.000000000000000000, 1.000000000000000000 ) ) ;
#6077 = ORIENTED_EDGE ( 'NONE', *, *, #1082, .F. ) ;
#6078 = EDGE_LOOP ( 'NONE', ( #4405, #4707, #44, #6352 ) ) ;
#6079 = EDGE_LOOP ( 'NONE', ( #1266, #165 ) ) ;
#6080 = EDGE_LOOP ( 'NONE', ( #1571, #3326, #839, #4610 ) ) ;
#6081 = CARTESIAN_POINT ( 'NONE',  ( 34.77022769634353949, 3.363427176613871250, 17.33346292242105946 ) ) ;
#6082 = CARTESIAN_POINT ( 'NONE',  ( -1.682681771697502882E-13, 40.50000000000004263, 1.999999999999999556 ) ) ;
#6083 = LINE ( 'NONE', #4191, #4156 ) ;
#6084 = CARTESIAN_POINT ( 'NONE',  ( 37.89999999999999147, -7.000000000000000888, 12.00000000000000000 ) ) ;
#6085 = LINE ( 'NONE', #767, #5792 ) ;
#6086 = ORIENTED_EDGE ( 'NONE', *, *, #4872, .F. ) ;
#6087 = LINE ( 'NONE', #1354, #3960 ) ;
#6088 = ORIENTED_EDGE ( 'NONE', *, *, #2026, .F. ) ;
#6089 = CARTESIAN_POINT ( 'NONE',  ( 11.67157287525389187, 26.00000000000000355, 0.000000000000000000 ) ) ;
#6090 = CARTESIAN_POINT ( 'NONE',  ( -8.100000000000013856, -23.31871375064816831, 7.311232129844375649 ) ) ;
#6091 = EDGE_CURVE ( 'NONE', #2262, #5577, #1392, .T. ) ;
#6092 = DIRECTION ( 'NONE',  ( 0.5773502691896239547, 0.5773502691896299499, -0.5773502691896235106 ) ) ;
#6093 = CARTESIAN_POINT ( 'NONE',  ( 13.50051024190518589, -25.83994524451722441, 5.161557651480594089 ) ) ;
#6094 = LINE ( 'NONE', #138, #1574 ) ;
#6095 = CARTESIAN_POINT ( 'NONE',  ( -43.29286791558431702, -6.305000074440552993, 10.39070154921070532 ) ) ;
#6096 = VERTEX_POINT ( 'NONE', #5109 ) ;
#6097 = EDGE_LOOP ( 'NONE', ( #1386, #1238 ) ) ;
#6098 = EDGE_CURVE ( 'NONE', #2893, #413, #5063, .T. ) ;
#6099 = EDGE_CURVE ( 'NONE', #4108, #5274, #7441, .T. ) ;
#6100 = EDGE_CURVE ( 'NONE', #3864, #4862, #4431, .T. ) ;
#6101 = ORIENTED_EDGE ( 'NONE', *, *, #649, .T. ) ;
#6102 = DIRECTION ( 'NONE',  ( 1.000000000000000000, 0.000000000000000000, 0.000000000000000000 ) ) ;
#6103 = CARTESIAN_POINT ( 'NONE',  ( -52.10000000000002984, 2.399496757735734676, 10.36359622374849820 ) ) ;
#6104 = CARTESIAN_POINT ( 'NONE',  ( 8.500000000000000000, 19.00000000000000355, 1.999999999999998224 ) ) ;
#6105 = ORIENTED_EDGE ( 'NONE', *, *, #3542, .T. ) ;
#6106 = CARTESIAN_POINT ( 'NONE',  ( -24.71784614963141280, -13.00000000000000533, 27.37564445790673773 ) ) ;
#6107 = CARTESIAN_POINT ( 'NONE',  ( -44.52514995118411179, 5.268545964545158000, 12.28882142325650584 ) ) ;
#6108 = CARTESIAN_POINT ( 'NONE',  ( -12.96451843998241849, -30.90322444706913174, 6.049391905239191125 ) ) ;
#6109 = CARTESIAN_POINT ( 'NONE',  ( 35.14649340874795058, -1.222769616257980418, 8.553465456255366917 ) ) ;
#6110 = VERTEX_POINT ( 'NONE', #1439 ) ;
#6111 = ADVANCED_FACE ( 'NONE', ( #6811 ), #5677, .F. ) ;
#6112 = EDGE_CURVE ( 'NONE', #7650, #1592, #6175, .T. ) ;
#6113 = ORIENTED_EDGE ( 'NONE', *, *, #7642, .F. ) ;
#6114 = ORIENTED_EDGE ( 'NONE', *, *, #4662, .F. ) ;
#6115 = VERTEX_POINT ( 'NONE', #6857 ) ;
#6116 = CARTESIAN_POINT ( 'NONE',  ( 35.18674157451312112, 0.6845661578327574270, 15.29810872037394986 ) ) ;
#6117 = LINE ( 'NONE', #3169, #2574 ) ;
#6118 = DIRECTION ( 'NONE',  ( 0.000000000000000000, -1.000000000000000000, 0.000000000000000000 ) ) ;
#6119 = CARTESIAN_POINT ( 'NONE',  ( -49.10000000000000142, 1.469693845669912458, 9.500000000000005329 ) ) ;
#6120 = AXIS2_PLACEMENT_3D ( 'NONE', #1010, #4005, #3381 ) ;
#6121 = DIRECTION ( 'NONE',  ( 0.000000000000000000, 0.000000000000000000, -1.000000000000000000 ) ) ;
#6122 = CARTESIAN_POINT ( 'NONE',  ( 8.100000000000017408, -13.30000000000000249, 0.000000000000000000 ) ) ;
#6123 = DIRECTION ( 'NONE',  ( 0.000000000000000000, 0.000000000000000000, 1.000000000000000000 ) ) ;
#6124 = ORIENTED_EDGE ( 'NONE', *, *, #1502, .T. ) ;
#6125 = LINE ( 'NONE', #803, #5936 ) ;
#6126 = B_SPLINE_CURVE_WITH_KNOTS ( 'NONE', 3,
 ( #1339, #1263, #4875, #4917, #2620, #189, #7245, #6671, #3677, #683, #725, #758, #3717, #4999, #3091, #3122, #2540, #7295, #5459, #1847, #7214, #4331, #1879, #6711, #1374, #6155, #3753, #6109, #788, #3161, #4216, #3638 ),
 .UNSPECIFIED., .F., .F.,
 ( 4, 2, 2, 2, 2, 2, 2, 2, 2, 2, 2, 2, 2, 2, 2, 4 ),
 ( 1.012819081615646594E-18, 0.0007350032669911450364, 0.001470006533982289205, 0.002205009800973432941, 0.002940013067964577110, 0.003675016334955720845, 0.004410019601946865014, 0.005145022868938009183, 0.005880026135929153352, 0.006615029402920296654, 0.007350032669911440823, 0.008820039203893733498, 0.009555042470884875933, 0.01029004573787601837, 0.01102504900486716080, 0.01176005227185830324 ),
 .UNSPECIFIED. ) ;
#6127 = CIRCLE ( 'NONE', #3532, 0.9999999999999991118 ) ;
#6128 = AXIS2_PLACEMENT_3D ( 'NONE', #4375, #241, #7343 ) ;
#6129 = CARTESIAN_POINT ( 'NONE',  ( -52.10000000000000853, 2.899999999999993694, 12.00000000000000000 ) ) ;
#6130 = CARTESIAN_POINT ( 'NONE',  ( -24.71784614963141280, -13.00000000000000533, 21.00000000000000000 ) ) ;
#6131 = CARTESIAN_POINT ( 'NONE',  ( -44.55000000000004690, -3.955505321723095376E-16, 6.750000000000000000 ) ) ;
#6132 = AXIS2_PLACEMENT_3D ( 'NONE', #98, #2448, #7316 ) ;
#6133 = CARTESIAN_POINT ( 'NONE',  ( 17.89999999999998792, -1.734723475976807094E-15, 19.00000000000000000 ) ) ;
#6134 = CARTESIAN_POINT ( 'NONE',  ( -34.10164332216337613, -5.301426214428676786, 12.48504137318629148 ) ) ;
#6135 = AXIS2_PLACEMENT_3D ( 'NONE', #4109, #2833, #5245 ) ;
#6136 = CARTESIAN_POINT ( 'NONE',  ( -11.09999999999999254, -32.00000000000000000, 10.00000000000000000 ) ) ;
#6137 = DIRECTION ( 'NONE',  ( -0.000000000000000000, -0.000000000000000000, -1.000000000000000000 ) ) ;
#6138 = EDGE_LOOP ( 'NONE', ( #6086, #580, #26, #3749, #1104 ) ) ;
#6139 = ORIENTED_EDGE ( 'NONE', *, *, #4413, .F. ) ;
#6140 = ORIENTED_EDGE ( 'NONE', *, *, #1416, .F. ) ;
#6141 = CIRCLE ( 'NONE', #1689, 5.000000000000000888 ) ;
#6142 = EDGE_CURVE ( 'NONE', #3754, #7617, #6925, .T. ) ;
#6143 = AXIS2_PLACEMENT_3D ( 'NONE', #4744, #6610, #5430 ) ;
#6144 = EDGE_CURVE ( 'NONE', #7251, #2395, #722, .T. ) ;
#6145 = PLANE ( 'NONE',  #5690 ) ;
#6146 = CARTESIAN_POINT ( 'NONE',  ( -43.69066697923213383, 5.946593414911905739, 10.59839762756021919 ) ) ;
#6147 = DIRECTION ( 'NONE',  ( 1.000000000000000000, 7.228014483236695816E-17, -0.000000000000000000 ) ) ;
#6148 = AXIS2_PLACEMENT_3D ( 'NONE', #5211, #4656, #3916 ) ;
#6149 = CARTESIAN_POINT ( 'NONE',  ( 15.17106781186546449, 18.00000000000000355, 24.00000000000000000 ) ) ;
#6150 = EDGE_CURVE ( 'NONE', #653, #892, #6215, .T. ) ;
#6151 = ORIENTED_EDGE ( 'NONE', *, *, #5810, .F. ) ;
#6152 = CARTESIAN_POINT ( 'NONE',  ( 13.27743229591008678, -30.71915747299406618, 19.40189321836893299 ) ) ;
#6153 = CARTESIAN_POINT ( 'NONE',  ( -43.69157987657213482, 5.945800164175287783, 13.40098607975345502 ) ) ;
#6154 = B_SPLINE_CURVE_WITH_KNOTS ( 'NONE', 3,
 ( #2850, #4514, #7598, #3468, #6428, #2259, #372, #1018 ),
 .UNSPECIFIED., .F., .F.,
 ( 4, 2, 2, 4 ),
 ( -8.944281848185323475E-06, 0.0009061888350755181124, 0.001363755393537369708, 0.001821321951999221520 ),
 .UNSPECIFIED. ) ;
#6155 = CARTESIAN_POINT ( 'NONE',  ( 35.06755428048343504, -1.892719159909827198, 8.246432679293539181 ) ) ;
#6156 = VERTEX_POINT ( 'NONE', #7393 ) ;
#6157 = ORIENTED_EDGE ( 'NONE', *, *, #5962, .T. ) ;
#6158 = AXIS2_PLACEMENT_3D ( 'NONE', #501, #6443, #3481 ) ;
#6159 = EDGE_LOOP ( 'NONE', ( #1810, #1274 ) ) ;
#6160 = ORIENTED_EDGE ( 'NONE', *, *, #3039, .T. ) ;
#6161 = CARTESIAN_POINT ( 'NONE',  ( 34.69626434446366403, 3.634653045567118212, 19.93786592768620025 ) ) ;
#6162 = DIRECTION ( 'NONE',  ( -1.387778780781445676E-16, -1.379605977354753764E-32, -1.000000000000000000 ) ) ;
#6163 = CARTESIAN_POINT ( 'NONE',  ( 37.89999999999999147, -7.000000000000000888, 8.250000000000000000 ) ) ;
#6164 = EDGE_CURVE ( 'NONE', #5045, #7538, #2056, .T. ) ;
#6165 = AXIS2_PLACEMENT_3D ( 'NONE', #5137, #5743, #7499 ) ;
#6166 = DIRECTION ( 'NONE',  ( 0.000000000000000000, 0.000000000000000000, 1.000000000000000000 ) ) ;
#6167 = AXIS2_PLACEMENT_3D ( 'NONE', #7308, #2400, #3098 ) ;
#6168 = DIRECTION ( 'NONE',  ( 2.775557561562891351E-16, 2.759211954709507528E-32, 1.000000000000000000 ) ) ;
#6169 = LINE ( 'NONE', #3763, #6424 ) ;
#6170 = ORIENTED_EDGE ( 'NONE', *, *, #7092, .F. ) ;
#6171 = CIRCLE ( 'NONE', #7564, 1.000000000000000888 ) ;
#6172 = CARTESIAN_POINT ( 'NONE',  ( -43.05810213846724821, 1.695792535827959524, 5.474805003903473910 ) ) ;
#6173 = LINE ( 'NONE', #7390, #828 ) ;
#6174 = CARTESIAN_POINT ( 'NONE',  ( -13.27743229591008145, -30.71915747299406618, 24.00000000000000000 ) ) ;
#6175 = LINE ( 'NONE', #3770, #2427 ) ;
#6176 = LINE ( 'NONE', #5559, #489 ) ;
#6177 = VECTOR ( 'NONE', #2231, 1000.000000000000000 ) ;
#6178 = DIRECTION ( 'NONE',  ( 1.000000000000000000, 2.815536131330090089E-16, -0.000000000000000000 ) ) ;
#6179 = CARTESIAN_POINT ( 'NONE',  ( -43.69135818018591522, -5.945998979854374866, 10.59890039104092629 ) ) ;
#6180 = ORIENTED_EDGE ( 'NONE', *, *, #108, .T. ) ;
#6181 = ORIENTED_EDGE ( 'NONE', *, *, #4910, .T. ) ;
#6182 = EDGE_LOOP ( 'NONE', ( #4637, #2771, #3439, #529, #2667, #6928, #7002, #5447, #2910, #7055 ) ) ;
#6183 = ORIENTED_EDGE ( 'NONE', *, *, #1225, .T. ) ;
#6184 = CARTESIAN_POINT ( 'NONE',  ( -4.828932188134533732, 18.00000000000000355, 12.00000000000000000 ) ) ;
#6185 = TOROIDAL_SURFACE ( 'NONE', #1841, 16.09999999999999787, 5.000000000000000000 ) ;
#6186 = CARTESIAN_POINT ( 'NONE',  ( -47.10000000000000853, -4.214261501141105093, 14.50000000000000355 ) ) ;
#6187 = CARTESIAN_POINT ( 'NONE',  ( 35.20000000000000995, -6.098637220230962441E-16, 5.000000000000000000 ) ) ;
#6188 = FACE_BOUND ( 'NONE', #4078, .T. ) ;
#6189 = LINE ( 'NONE', #1494, #820 ) ;
#6190 = LINE ( 'NONE', #6323, #2839 ) ;
#6191 = ADVANCED_FACE ( 'NONE', ( #443 ), #2257, .F. ) ;
#6192 = ORIENTED_EDGE ( 'NONE', *, *, #274, .F. ) ;
#6193 = DIRECTION ( 'NONE',  ( -1.000000000000000000, -0.000000000000000000, -0.000000000000000000 ) ) ;
#6194 = DIRECTION ( 'NONE',  ( 0.000000000000000000, 0.000000000000000000, 1.000000000000000000 ) ) ;
#6195 = EDGE_CURVE ( 'NONE', #946, #4756, #517, .T. ) ;
#6196 = DIRECTION ( 'NONE',  ( 0.000000000000000000, 0.000000000000000000, -1.000000000000000000 ) ) ;
#6197 = ORIENTED_EDGE ( 'NONE', *, *, #6593, .F. ) ;
#6198 = ORIENTED_EDGE ( 'NONE', *, *, #1965, .T. ) ;
#6199 = VERTEX_POINT ( 'NONE', #6427 ) ;
#6200 = ORIENTED_EDGE ( 'NONE', *, *, #4262, .T. ) ;
#6201 = EDGE_CURVE ( 'NONE', #6970, #5283, #3562, .T. ) ;
#6202 = CARTESIAN_POINT ( 'NONE',  ( 35.13612734764232925, 1.320441800301388691, 15.48624068921291119 ) ) ;
#6203 = CARTESIAN_POINT ( 'NONE',  ( 12.50000000000004263, 28.00000000000004619, 1.999999999999997780 ) ) ;
#6204 = CARTESIAN_POINT ( 'NONE',  ( -20.21076683067359525, -20.99999999999999645, 19.50000000000000000 ) ) ;
#6205 = EDGE_CURVE ( 'NONE', #1117, #603, #2849, .T. ) ;
#6206 = CARTESIAN_POINT ( 'NONE',  ( -13.40894241220451732, -24.64024543787444443, 5.055245460103714450 ) ) ;
#6207 = CARTESIAN_POINT ( 'NONE',  ( -35.19279986097851776, -0.4613774660522944604, 6.691908202248428417 ) ) ;
#6208 = CARTESIAN_POINT ( 'NONE',  ( 13.27743229591008678, -30.71915747299406618, 19.40189321836893299 ) ) ;
#6209 = CARTESIAN_POINT ( 'NONE',  ( 33.00000000000000000, -13.50000000000000178, 24.00000000000000000 ) ) ;
#6210 = EDGE_LOOP ( 'NONE', ( #4144, #3788, #3661, #4362 ) ) ;
#6211 = ORIENTED_EDGE ( 'NONE', *, *, #1509, .T. ) ;
#6212 = MANIFOLD_SOLID_BREP ( 'Fillet10', #719 ) ;
#6213 = CARTESIAN_POINT ( 'NONE',  ( -41.06353297745754816, 0.2790548906882904245, 3.266951379019194857 ) ) ;
#6214 = FACE_OUTER_BOUND ( 'NONE', #2323, .T. ) ;
#6215 = LINE ( 'NONE', #4981, #1701 ) ;
#6216 = DIRECTION ( 'NONE',  ( 1.000000000000000000, 0.000000000000000000, 0.000000000000000000 ) ) ;
#6217 = CARTESIAN_POINT ( 'NONE',  ( 9.500000000000001776, 19.00000000000000355, 1.999999999999998224 ) ) ;
#6218 = FACE_OUTER_BOUND ( 'NONE', #3111, .T. ) ;
#6219 = ORIENTED_EDGE ( 'NONE', *, *, #513, .T. ) ;
#6220 = ADVANCED_FACE ( 'NONE', ( #4673 ), #6347, .T. ) ;
#6221 = EDGE_CURVE ( 'NONE', #5271, #4603, #1052, .T. ) ;
#6222 = EDGE_CURVE ( 'NONE', #3888, #6384, #4976, .T. ) ;
#6223 = ORIENTED_EDGE ( 'NONE', *, *, #6380, .F. ) ;
#6224 = EDGE_LOOP ( 'NONE', ( #4274, #3448, #4489, #5603 ) ) ;
#6225 = ORIENTED_EDGE ( 'NONE', *, *, #6049, .T. ) ;
#6226 = PLANE ( 'NONE',  #1181 ) ;
#6227 = CARTESIAN_POINT ( 'NONE',  ( 35.20000000000000995, 0.009999999999907260156, 8.749986666642962874 ) ) ;
#6228 = ORIENTED_EDGE ( 'NONE', *, *, #3599, .T. ) ;
#6229 = DIRECTION ( 'NONE',  ( 0.000000000000000000, 0.000000000000000000, -1.000000000000000000 ) ) ;
#6230 = CARTESIAN_POINT ( 'NONE',  ( 13.40894241220452443, -23.08875635019540340, 5.000000000000000000 ) ) ;
#6231 = DIRECTION ( 'NONE',  ( 1.000000000000000000, -0.000000000000000000, -0.000000000000000000 ) ) ;
#6232 = ORIENTED_EDGE ( 'NONE', *, *, #7069, .F. ) ;
#6233 = EDGE_LOOP ( 'NONE', ( #1743, #4115 ) ) ;
#6234 = CARTESIAN_POINT ( 'NONE',  ( 10.98423106845147856, -33.72648079472724447, 16.84546467871175324 ) ) ;
#6235 = EDGE_CURVE ( 'NONE', #1813, #7337, #6500, .T. ) ;
#6236 = DIRECTION ( 'NONE',  ( 2.815536131330090089E-16, -1.000000000000000000, 0.000000000000000000 ) ) ;
#6237 = CARTESIAN_POINT ( 'NONE',  ( 30.82931143327531132, -9.864773736141634330, 14.43150562838745365 ) ) ;
#6238 = FACE_OUTER_BOUND ( 'NONE', #1121, .T. ) ;
#6239 = VERTEX_POINT ( 'NONE', #3026 ) ;
#6240 = ORIENTED_EDGE ( 'NONE', *, *, #2265, .T. ) ;
#6241 = ORIENTED_EDGE ( 'NONE', *, *, #6445, .T. ) ;
#6242 = CARTESIAN_POINT ( 'NONE',  ( 34.66484099937196106, 3.743384219401051816, 19.27796918748046906 ) ) ;
#6243 = EDGE_CURVE ( 'NONE', #6096, #5612, #5397, .T. ) ;
#6244 = CARTESIAN_POINT ( 'NONE',  ( -20.21076683067359525, -21.99999999999999645, 24.00000000000000000 ) ) ;
#6245 = DIRECTION ( 'NONE',  ( 1.000000000000000000, 0.000000000000000000, 0.000000000000000000 ) ) ;
#6246 = FACE_OUTER_BOUND ( 'NONE', #3897, .T. ) ;
#6247 = CARTESIAN_POINT ( 'NONE',  ( -7.099999999999996092, -17.99999999999999645, 1.000000000000000888 ) ) ;
#6248 = CARTESIAN_POINT ( 'NONE',  ( -21.90999999999999659, -0.01000000000000653144, 24.00000000000000000 ) ) ;
#6249 = CARTESIAN_POINT ( 'NONE',  ( 13.40894241220452443, -27.16125453576510296, 24.00000000000000000 ) ) ;
#6250 = VERTEX_POINT ( 'NONE', #5977 ) ;
#6251 = EDGE_CURVE ( 'NONE', #2777, #4237, #6012, .T. ) ;
#6252 = EDGE_CURVE ( 'NONE', #5022, #6115, #2371, .T. ) ;
#6253 = EDGE_CURVE ( 'NONE', #4666, #5359, #4226, .T. ) ;
#6254 = CARTESIAN_POINT ( 'NONE',  ( -9.500000000000003553, 19.00000000000000355, 2.000000000000001776 ) ) ;
#6255 = DIRECTION ( 'NONE',  ( 9.941108744852765039E-17, -1.000000000000000000, -1.215432671457254510E-63 ) ) ;
#6256 = DIRECTION ( 'NONE',  ( 1.000000000000000000, 0.000000000000000000, 0.000000000000000000 ) ) ;
#6257 = CARTESIAN_POINT ( 'NONE',  ( -20.71778695723698860, -22.86193421515776336, 24.00000000000000000 ) ) ;
#6258 = CARTESIAN_POINT ( 'NONE',  ( 9.750000000000003553, 24.00000000000000000, 24.00000000000000355 ) ) ;
#6259 = CARTESIAN_POINT ( 'NONE',  ( 33.00000000000000000, 13.50000000000000533, 0.000000000000000000 ) ) ;
#6260 = DIRECTION ( 'NONE',  ( -1.000000000000000000, -1.491166311727914324E-16, 0.000000000000000000 ) ) ;
#6261 = ORIENTED_EDGE ( 'NONE', *, *, #7493, .F. ) ;
#6262 = B_SPLINE_CURVE_WITH_KNOTS ( 'NONE', 3,
 ( #1217, #3656, #707, #2488, #3076, #5629, #2057, #7275, #3816, #6063, #7229, #7318, #6134, #5508, #1321, #287, #773, #3267, #4982, #4432, #1440, #4268, #1939, #6695 ),
 .UNSPECIFIED., .F., .F.,
 ( 4, 2, 2, 2, 2, 2, 2, 2, 2, 2, 2, 4 ),
 ( 0.000000000000000000, 0.0007292305845802610252, 0.001458461169160522050, 0.002187691753740783184, 0.002552307046030914944, 0.002916922338321046703, 0.003646152922901310222, 0.004010768215191438078, 0.004375383507481566368, 0.004739998799771694658, 0.005104614092061822948, 0.005833844676642087335 ),
 .UNSPECIFIED. ) ;
#6263 = AXIS2_PLACEMENT_3D ( 'NONE', #6497, #6972, #1157 ) ;
#6264 = VERTEX_POINT ( 'NONE', #4851 ) ;
#6265 = ORIENTED_EDGE ( 'NONE', *, *, #4215, .F. ) ;
#6266 = ORIENTED_EDGE ( 'NONE', *, *, #3855, .F. ) ;
#6267 = CARTESIAN_POINT ( 'NONE',  ( -13.40894241220451732, -25.41283789321709818, 5.136526129089248549 ) ) ;
#6268 = AXIS2_PLACEMENT_3D ( 'NONE', #2468, #2948, #4874 ) ;
#6269 = EDGE_CURVE ( 'NONE', #990, #74, #5302, .T. ) ;
#6270 = DIRECTION ( 'NONE',  ( 0.7071067811865473507, 0.7071067811865477948, -0.000000000000000000 ) ) ;
#6271 = DIRECTION ( 'NONE',  ( 1.000000000000000000, -0.000000000000000000, -0.000000000000000000 ) ) ;
#6272 = CARTESIAN_POINT ( 'NONE',  ( 14.40894241220452265, -20.99999999999998934, 19.50000000000000000 ) ) ;
#6273 = CARTESIAN_POINT ( 'NONE',  ( 3.918869757271530263E-15, -32.00000000000000000, 19.50000000000000000 ) ) ;
#6274 = DIRECTION ( 'NONE',  ( 1.000000000000000000, -0.000000000000000000, -0.000000000000000000 ) ) ;
#6275 = VECTOR ( 'NONE', #3733, 1000.000000000000000 ) ;
#6276 = ORIENTED_EDGE ( 'NONE', *, *, #4082, .F. ) ;
#6277 = VECTOR ( 'NONE', #1638, 1000.000000000000000 ) ;
#6278 = VERTEX_POINT ( 'NONE', #4776 ) ;
#6279 = CARTESIAN_POINT ( 'NONE',  ( 11.83431754716743534, -32.00000000000000000, 18.46638831946455284 ) ) ;
#6280 = B_SPLINE_CURVE_WITH_KNOTS ( 'NONE', 3,
 ( #2704, #7454, #824, #2269, #1651, #1725, #4722, #5876, #6357, #5157, #7636, #5760, #3512, #6390, #4022, #5809, #2891, #2819, #1065, #495 ),
 .UNSPECIFIED., .F., .F.,
 ( 4, 2, 2, 2, 2, 2, 2, 2, 2, 4 ),
 ( 0.000000000000000000, 0.001099448582026955976, 0.001649172873040431579, 0.002198897164053907182, 0.003298345746080858388, 0.004397794328107809160, 0.005497242910134760366, 0.006596691492161711572, 0.007696140074188662777, 0.008795588656215613116 ),
 .UNSPECIFIED. ) ;
#6281 = FACE_OUTER_BOUND ( 'NONE', #5003, .T. ) ;
#6282 = AXIS2_PLACEMENT_3D ( 'NONE', #5846, #5688, #3318 ) ;
#6283 = AXIS2_PLACEMENT_3D ( 'NONE', #5342, #1758, #2857 ) ;
#6284 = CARTESIAN_POINT ( 'NONE',  ( 30.82319466778172057, -9.870303523846494897, 9.574980016075029354 ) ) ;
#6285 = CARTESIAN_POINT ( 'NONE',  ( -13.27743229591008856, -30.71915747299403776, 0.000000000000000000 ) ) ;
#6286 = VERTEX_POINT ( 'NONE', #7222 ) ;
#6287 = ORIENTED_EDGE ( 'NONE', *, *, #1262, .F. ) ;
#6288 = ORIENTED_EDGE ( 'NONE', *, *, #1287, .T. ) ;
#6289 = AXIS2_PLACEMENT_3D ( 'NONE', #4604, #4017, #6385 ) ;
#6290 = CARTESIAN_POINT ( 'NONE',  ( 11.09999999999999609, -32.00000000000000000, 19.50000000000000000 ) ) ;
#6291 = DIRECTION ( 'NONE',  ( -1.000000000000000000, 0.000000000000000000, 0.000000000000000000 ) ) ;
#6292 = DIRECTION ( 'NONE',  ( 0.000000000000000000, -1.000000000000000000, 0.000000000000000000 ) ) ;
#6293 = CARTESIAN_POINT ( 'NONE',  ( 34.89999999999999147, -17.99999999999999289, 21.00000000000000000 ) ) ;
#6294 = CARTESIAN_POINT ( 'NONE',  ( -44.14914676998965604, -5.561573633180171505, 13.00326824336526954 ) ) ;
#6295 = MECHANICAL_DESIGN_GEOMETRIC_PRESENTATION_REPRESENTATION (  '', ( #6035 ), #1444 ) ;
#6296 = CARTESIAN_POINT ( 'NONE',  ( -35.20000000000000284, 0.1253127035074574069, 17.25068751215443541 ) ) ;
#6297 = TOROIDAL_SURFACE ( 'NONE', #3587, 14.09999999999999432, 3.000000000000000000 ) ;
#6298 = ORIENTED_EDGE ( 'NONE', *, *, #6201, .F. ) ;
#6299 = CARTESIAN_POINT ( 'NONE',  ( 34.66058731418647909, -3.757895207453566311, 18.77116787183742730 ) ) ;
#6300 = EDGE_CURVE ( 'NONE', #2296, #4273, #7046, .T. ) ;
#6301 = AXIS2_PLACEMENT_3D ( 'NONE', #1839, #4210, #3709 ) ;
#6302 = AXIS2_PLACEMENT_3D ( 'NONE', #6379, #1050, #482 ) ;
#6303 = CARTESIAN_POINT ( 'NONE',  ( -52.07325070178680448, -2.308686329710953000, 13.76154150432879320 ) ) ;
#6304 = FACE_OUTER_BOUND ( 'NONE', #6210, .T. ) ;
#6305 = LINE ( 'NONE', #4474, #4275 ) ;
#6306 =( NAMED_UNIT ( * ) PLANE_ANGLE_UNIT ( ) SI_UNIT ( $, .RADIAN. ) );
#6307 = CARTESIAN_POINT ( 'NONE',  ( 13.40894241220452443, -23.08875635019540340, 5.000000000000000000 ) ) ;
#6308 = CARTESIAN_POINT ( 'NONE',  ( 37.89999999999999147, -7.000000000000000000, 15.75000000000000000 ) ) ;
#6309 = CARTESIAN_POINT ( 'NONE',  ( -51.10000000000000853, -4.214261501141111310, 9.500000000000008882 ) ) ;
#6310 = ADVANCED_FACE ( 'NONE', ( #4194 ), #4920, .F. ) ;
#6311 = VECTOR ( 'NONE', #6640, 1000.000000000000000 ) ;
#6312 = ORIENTED_EDGE ( 'NONE', *, *, #2236, .T. ) ;
#6313 = CIRCLE ( 'NONE', #5204, 1.749999999999999778 ) ;
#6314 = VERTEX_POINT ( 'NONE', #6644 ) ;
#6315 = ORIENTED_EDGE ( 'NONE', *, *, #439, .F. ) ;
#6316 = LINE ( 'NONE', #4440, #1433 ) ;
#6317 = AXIS2_PLACEMENT_3D ( 'NONE', #4681, #1577, #5155 ) ;
#6318 = VECTOR ( 'NONE', #3220, 1000.000000000000000 ) ;
#6319 = CARTESIAN_POINT ( 'NONE',  ( 35.09747201004798001, 1.673265166800348869, 8.364936707706009500 ) ) ;
#6320 = CARTESIAN_POINT ( 'NONE',  ( -12.22374965098728872, -31.53248734353426741, 18.86547514658690972 ) ) ;
#6321 = DIRECTION ( 'NONE',  ( -0.000000000000000000, 0.000000000000000000, 1.000000000000000000 ) ) ;
#6322 = CARTESIAN_POINT ( 'NONE',  ( 37.89999999999999147, -1.734723475976807094E-15, 19.00000000000000000 ) ) ;
#6323 = CARTESIAN_POINT ( 'NONE',  ( 20.71778695723699215, -22.86193421515775981, 0.000000000000000000 ) ) ;
#6324 = ORIENTED_EDGE ( 'NONE', *, *, #6373, .T. ) ;
#6325 = AXIS2_PLACEMENT_3D ( 'NONE', #6258, #5795, #5719 ) ;
#6326 = VERTEX_POINT ( 'NONE', #4817 ) ;
#6327 = CARTESIAN_POINT ( 'NONE',  ( 33.83219535738078321, -5.887509048494920627, 15.58899428785400509 ) ) ;
#6328 = CARTESIAN_POINT ( 'NONE',  ( 39.89999999999999147, 7.000000000000003553, 12.00000000000000000 ) ) ;
#6329 = CARTESIAN_POINT ( 'NONE',  ( 30.34444936456887021, -10.28205269188369719, 10.16783152858103989 ) ) ;
#6330 = AXIS2_PLACEMENT_3D ( 'NONE', #5530, #1914, #2586 ) ;
#6331 = AXIS2_PLACEMENT_3D ( 'NONE', #5051, #5619, #3215 ) ;
#6332 = DIRECTION ( 'NONE',  ( -0.000000000000000000, -0.000000000000000000, -1.000000000000000000 ) ) ;
#6333 = EDGE_LOOP ( 'NONE', ( #1763, #3514, #7480, #7663 ) ) ;
#6334 = ORIENTED_EDGE ( 'NONE', *, *, #6164, .F. ) ;
#6335 = ORIENTED_EDGE ( 'NONE', *, *, #6150, .T. ) ;
#6336 = CARTESIAN_POINT ( 'NONE',  ( 9.750000000000000000, 24.00000000000000000, 4.999999999999997335 ) ) ;
#6337 = FACE_BOUND ( 'NONE', #6899, .T. ) ;
#6338 = LINE ( 'NONE', #1738, #2405 ) ;
#6339 = CARTESIAN_POINT ( 'NONE',  ( 31.24999999999999645, -13.50000000000000178, 24.00000000000000000 ) ) ;
#6340 = DIRECTION ( 'NONE',  ( -1.000000000000000000, -2.815536131330090089E-16, 0.000000000000000000 ) ) ;
#6341 = VERTEX_POINT ( 'NONE', #5332 ) ;
#6342 = CARTESIAN_POINT ( 'NONE',  ( 34.73643113877415090, -3.490924571367810092, 20.40931688636421271 ) ) ;
#6343 = VERTEX_POINT ( 'NONE', #1859 ) ;
#6344 = DIRECTION ( 'NONE',  ( -6.624790897247282050E-16, 1.000000000000000000, 0.000000000000000000 ) ) ;
#6345 = DIRECTION ( 'NONE',  ( 1.000000000000000000, 0.000000000000000000, 0.000000000000000000 ) ) ;
#6346 = CARTESIAN_POINT ( 'NONE',  ( -13.76209465912586261, -26.19523055581433013, 5.136231100049084120 ) ) ;
#6347 = CYLINDRICAL_SURFACE ( 'NONE', #1812, 2.000000000000000000 ) ;
#6348 = DIRECTION ( 'NONE',  ( 0.000000000000000000, 0.000000000000000000, -1.000000000000000000 ) ) ;
#6349 = CARTESIAN_POINT ( 'NONE',  ( 37.89999999999999147, 6.938893903907228378E-15, 12.00000000000000000 ) ) ;
#6350 = CYLINDRICAL_SURFACE ( 'NONE', #2325, 3.750000000000000000 ) ;
#6351 = ORIENTED_EDGE ( 'NONE', *, *, #4396, .T. ) ;
#6352 = ORIENTED_EDGE ( 'NONE', *, *, #7305, .T. ) ;
#6353 = CARTESIAN_POINT ( 'NONE',  ( -4.828932188134533732, 20.00000000000000355, 18.00000000000000355 ) ) ;
#6354 = CARTESIAN_POINT ( 'NONE',  ( -10.90180841670001932, -34.08819856468882392, 10.00000000000000000 ) ) ;
#6355 = DIRECTION ( 'NONE',  ( 0.000000000000000000, 0.000000000000000000, 1.000000000000000000 ) ) ;
#6356 = LINE ( 'NONE', #3399, #1920 ) ;
#6357 = CARTESIAN_POINT ( 'NONE',  ( 8.100000000000015632, -23.32258063774968448, 7.315752435696800227 ) ) ;
#6358 = EDGE_LOOP ( 'NONE', ( #5991, #6871, #1184, #1739 ) ) ;
#6359 = ORIENTED_EDGE ( 'NONE', *, *, #3260, .F. ) ;
#6360 = EDGE_CURVE ( 'NONE', #4573, #2225, #6611, .T. ) ;
#6361 = EDGE_CURVE ( 'NONE', #1007, #2119, #1312, .T. ) ;
#6362 = CARTESIAN_POINT ( 'NONE',  ( 33.47896429189268730, -6.555791582127637795, 15.73048095705760474 ) ) ;
#6363 = ADVANCED_FACE ( 'NONE', ( #7670 ), #2338, .T. ) ;
#6364 = CARTESIAN_POINT ( 'NONE',  ( 30.06980217014070433, -10.50155046370546330, 10.63330488766266413 ) ) ;
#6365 = CARTESIAN_POINT ( 'NONE',  ( -46.10000000000000853, 4.622502080891594645, 10.36857987600065023 ) ) ;
#6366 = CARTESIAN_POINT ( 'NONE',  ( -52.10000000000000853, -9.567667171349009773E-15, 12.00000000000000000 ) ) ;
#6367 = ORIENTED_EDGE ( 'NONE', *, *, #6801, .F. ) ;
#6368 = VERTEX_POINT ( 'NONE', #1160 ) ;
#6369 = VERTEX_POINT ( 'NONE', #3537 ) ;
#6370 = CARTESIAN_POINT ( 'NONE',  ( -13.66722968906021762, -30.48986488878808032, 5.559837658945959049 ) ) ;
#6371 = FACE_OUTER_BOUND ( 'NONE', #3620, .T. ) ;
#6372 = CARTESIAN_POINT ( 'NONE',  ( -13.08578643762699123, 27.41421356237308871, 2.000000000000001332 ) ) ;
#6373 = EDGE_CURVE ( 'NONE', #6980, #639, #5009, .T. ) ;
#6374 = EDGE_CURVE ( 'NONE', #639, #7575, #7388, .T. ) ;
#6375 = CARTESIAN_POINT ( 'NONE',  ( 38.43553390593272923, -14.46446609406724981, 24.00000000000000000 ) ) ;
#6376 = CARTESIAN_POINT ( 'NONE',  ( 39.89999999999999147, -1.520410286126020585E-15, 20.75000000000000000 ) ) ;
#6377 = ORIENTED_EDGE ( 'NONE', *, *, #2792, .T. ) ;
#6378 = PLANE ( 'NONE',  #6263 ) ;
#6379 = CARTESIAN_POINT ( 'NONE',  ( 20.21076683067359880, -21.99999999999999289, 19.50000000000000000 ) ) ;
#6380 = EDGE_CURVE ( 'NONE', #4208, #3823, #1202, .T. ) ;
#6381 = DIRECTION ( 'NONE',  ( 0.000000000000000000, 0.000000000000000000, 1.000000000000000000 ) ) ;
#6382 = DIRECTION ( 'NONE',  ( 1.491166311727914324E-16, -1.000000000000000000, -0.000000000000000000 ) ) ;
#6383 = CARTESIAN_POINT ( 'NONE',  ( -51.90708381011968697, -4.426364670405302348, 9.895732163409865834 ) ) ;
#6384 = VERTEX_POINT ( 'NONE', #2555 ) ;
#6385 = DIRECTION ( 'NONE',  ( 1.000000000000000000, 0.000000000000000000, 0.000000000000000000 ) ) ;
#6386 = DIRECTION ( 'NONE',  ( -0.000000000000000000, 0.000000000000000000, -1.000000000000000000 ) ) ;
#6387 = CARTESIAN_POINT ( 'NONE',  ( -11.83431754716743356, -32.00000000000000000, 18.46638831946455994 ) ) ;
#6388 = VECTOR ( 'NONE', #2869, 1000.000000000000000 ) ;
#6389 = CARTESIAN_POINT ( 'NONE',  ( -10.90000000000001457, -12.00000000000000355, 21.00000000000000000 ) ) ;
#6390 = CARTESIAN_POINT ( 'NONE',  ( 8.100000000000019185, -20.95235503192306936, 5.604120287097835273 ) ) ;
#6391 = ORIENTED_EDGE ( 'NONE', *, *, #6361, .F. ) ;
#6392 = EDGE_CURVE ( 'NONE', #4947, #7609, #2631, .T. ) ;
#6393 = ORIENTED_EDGE ( 'NONE', *, *, #7092, .T. ) ;
#6394 = ORIENTED_EDGE ( 'NONE', *, *, #2607, .T. ) ;
#6395 = VECTOR ( 'NONE', #6822, 1000.000000000000000 ) ;
#6396 = ADVANCED_FACE ( 'NONE', ( #3175 ), #2598, .T. ) ;
#6397 = VECTOR ( 'NONE', #7430, 1000.000000000000000 ) ;
#6398 = CARTESIAN_POINT ( 'NONE',  ( 34.68700921413264382, -3.668355629843744747, 13.74026319630360149 ) ) ;
#6399 = DIRECTION ( 'NONE',  ( 9.941108744852765039E-17, -1.000000000000000000, 0.000000000000000000 ) ) ;
#6400 = DIRECTION ( 'NONE',  ( -0.8619342151577693567, -0.5070201265633941246, 0.000000000000000000 ) ) ;
#6401 = LINE ( 'NONE', #1765, #6791 ) ;
#6402 = AXIS2_PLACEMENT_3D ( 'NONE', #3814, #858, #6256 ) ;
#6403 = DIRECTION ( 'NONE',  ( 9.941108744852767504E-17, -1.000000000000000000, -5.473822126268817899E-48 ) ) ;
#6404 = CIRCLE ( 'NONE', #2537, 1.500000000000000222 ) ;
#6405 = VERTEX_POINT ( 'NONE', #2046 ) ;
#6406 = EDGE_CURVE ( 'NONE', #3914, #2923, #346, .T. ) ;
#6407 = VERTEX_POINT ( 'NONE', #6848 ) ;
#6408 = ORIENTED_EDGE ( 'NONE', *, *, #2454, .F. ) ;
#6409 = DIRECTION ( 'NONE',  ( -1.000000000000000000, 0.000000000000000000, 4.956352788505163268E-16 ) ) ;
#6410 = AXIS2_PLACEMENT_3D ( 'NONE', #1954, #6193, #2583 ) ;
#6411 = AXIS2_PLACEMENT_3D ( 'NONE', #3773, #5442, #7319 ) ;
#6412 = CARTESIAN_POINT ( 'NONE',  ( -51.37422322769941019, -4.231855881549607012, 14.47084659414184138 ) ) ;
#6413 = CARTESIAN_POINT ( 'NONE',  ( -11.38808668240702282, -32.66874621601698436, 8.229152739873567768 ) ) ;
#6414 = DIRECTION ( 'NONE',  ( 0.000000000000000000, 0.000000000000000000, -1.000000000000000000 ) ) ;
#6415 = EDGE_LOOP ( 'NONE', ( #4207, #2647 ) ) ;
#6416 = CARTESIAN_POINT ( 'NONE',  ( 21.91000000000000725, -0.01000000000000132727, 21.00000000000000000 ) ) ;
#6417 = CARTESIAN_POINT ( 'NONE',  ( -20.21076683067359525, -21.99999999999999645, 19.50000000000000000 ) ) ;
#6418 = ORIENTED_EDGE ( 'NONE', *, *, #2074, .F. ) ;
#6419 = CARTESIAN_POINT ( 'NONE',  ( 35.18716684682654972, -0.6770552365325983590, 15.29656380607572785 ) ) ;
#6420 = AXIS2_PLACEMENT_3D ( 'NONE', #3452, #2163, #1596 ) ;
#6421 = VERTEX_POINT ( 'NONE', #2094 ) ;
#6422 = ADVANCED_FACE ( 'NONE', ( #4930 ), #1970, .F. ) ;
#6423 = CARTESIAN_POINT ( 'NONE',  ( -44.55000000000004690, -3.955505321723095376E-16, 6.750000000000000000 ) ) ;
#6424 = VECTOR ( 'NONE', #3217, 1000.000000000000000 ) ;
#6425 = CARTESIAN_POINT ( 'NONE',  ( 15.17106781186546449, 20.00000000000000355, 18.00000000000000355 ) ) ;
#6426 = DIRECTION ( 'NONE',  ( 1.000000000000000000, 0.000000000000000000, 0.000000000000000000 ) ) ;
#6427 = CARTESIAN_POINT ( 'NONE',  ( -7.099999999999997868, -13.30000000000000071, 12.00000000000000000 ) ) ;
#6428 = CARTESIAN_POINT ( 'NONE',  ( 9.167072467532435098, 18.24827614249225505, 9.853825642960709175 ) ) ;
#6429 = FACE_OUTER_BOUND ( 'NONE', #904, .T. ) ;
#6430 = CIRCLE ( 'NONE', #476, 1.750000000000005107 ) ;
#6431 = AXIS2_PLACEMENT_3D ( 'NONE', #4120, #2255, #21 ) ;
#6432 = ORIENTED_EDGE ( 'NONE', *, *, #1618, .T. ) ;
#6433 = CARTESIAN_POINT ( 'NONE',  ( -6.285898384862242949, 22.00000000000001066, 5.000000000000000888 ) ) ;
#6434 = CIRCLE ( 'NONE', #3329, 2.000000000000001776 ) ;
#6435 = DIRECTION ( 'NONE',  ( -1.000000000000000000, 0.000000000000000000, 0.000000000000000000 ) ) ;
#6436 = DIRECTION ( 'NONE',  ( -0.000000000000000000, -0.000000000000000000, -1.000000000000000000 ) ) ;
#6437 = CARTESIAN_POINT ( 'NONE',  ( -52.10000000000000142, -43.10000000000001563, 14.50000000000000355 ) ) ;
#6438 = ORIENTED_EDGE ( 'NONE', *, *, #3274, .F. ) ;
#6439 = ORIENTED_EDGE ( 'NONE', *, *, #3242, .F. ) ;
#6440 = AXIS2_PLACEMENT_3D ( 'NONE', #4568, #5695, #4641 ) ;
#6441 = VECTOR ( 'NONE', #1991, 1000.000000000000000 ) ;
#6442 = CARTESIAN_POINT ( 'NONE',  ( 35.20000000000000995, 0.009999999999907263626, 21.00000000000000000 ) ) ;
#6443 = DIRECTION ( 'NONE',  ( -1.387778780781445676E-16, -1.379605977354753764E-32, -1.000000000000000000 ) ) ;
#6444 = LINE ( 'NONE', #535, #4443 ) ;
#6445 = EDGE_CURVE ( 'NONE', #621, #3541, #816, .T. ) ;
#6446 = ORIENTED_EDGE ( 'NONE', *, *, #6853, .F. ) ;
#6447 = DIRECTION ( 'NONE',  ( -1.000000000000000000, 0.000000000000000000, 0.000000000000000000 ) ) ;
#6448 = AXIS2_PLACEMENT_3D ( 'NONE', #2632, #5010, #7382 ) ;
#6449 = CARTESIAN_POINT ( 'NONE',  ( -49.10000000000000142, 1.469693845669912680, 9.500000000000005329 ) ) ;
#6450 = EDGE_CURVE ( 'NONE', #1931, #3061, #1429, .T. ) ;
#6451 = AXIS2_PLACEMENT_3D ( 'NONE', #6883, #275, #1475 ) ;
#6452 = CARTESIAN_POINT ( 'NONE',  ( 37.89999999999999147, -7.000000000000000888, 13.75000000000000000 ) ) ;
#6453 = VERTEX_POINT ( 'NONE', #1514 ) ;
#6454 = DIRECTION ( 'NONE',  ( 0.000000000000000000, 0.000000000000000000, -1.000000000000000000 ) ) ;
#6455 = CARTESIAN_POINT ( 'NONE',  ( -4.828932188134533732, 18.00000000000000355, 16.00000000000000000 ) ) ;
#6456 = VERTEX_POINT ( 'NONE', #2676 ) ;
#6457 = ORIENTED_EDGE ( 'NONE', *, *, #3978, .F. ) ;
#6458 = ORIENTED_EDGE ( 'NONE', *, *, #701, .T. ) ;
#6459 = EDGE_CURVE ( 'NONE', #6239, #459, #2433, .T. ) ;
#6460 = CARTESIAN_POINT ( 'NONE',  ( -9.750000000000000000, 24.00000000000000355, 5.000000000000004441 ) ) ;
#6461 = EDGE_CURVE ( 'NONE', #3432, #4272, #6169, .T. ) ;
#6462 = EDGE_CURVE ( 'NONE', #1944, #16, #5587, .T. ) ;
#6463 = DIRECTION ( 'NONE',  ( 0.8619342151577694677, -0.5070201265633940135, 0.000000000000000000 ) ) ;
#6464 = DIRECTION ( 'NONE',  ( 0.000000000000000000, 0.000000000000000000, 1.000000000000000000 ) ) ;
#6465 = CARTESIAN_POINT ( 'NONE',  ( 39.89999999999999147, -12.99999999999999112, 21.00000000000000000 ) ) ;
#6466 = DIRECTION ( 'NONE',  ( -1.000000000000000000, -9.941108744852765039E-17, -0.000000000000000000 ) ) ;
#6467 = CYLINDRICAL_SURFACE ( 'NONE', #1942, 4.999999999999997335 ) ;
#6468 = FACE_OUTER_BOUND ( 'NONE', #2391, .T. ) ;
#6469 = ORIENTED_EDGE ( 'NONE', *, *, #7568, .F. ) ;
#6470 = ORIENTED_EDGE ( 'NONE', *, *, #3507, .F. ) ;
#6471 = CARTESIAN_POINT ( 'NONE',  ( 35.20000000000000995, -0.009999999999910150206, 21.00000000000000000 ) ) ;
#6472 = DIRECTION ( 'NONE',  ( 0.000000000000000000, 0.000000000000000000, -1.000000000000000000 ) ) ;
#6473 = CARTESIAN_POINT ( 'NONE',  ( -38.43553390593273633, -14.46446609406726047, 21.00000000000000000 ) ) ;
#6474 = EDGE_CURVE ( 'NONE', #6820, #1334, #6551, .T. ) ;
#6475 = EDGE_CURVE ( 'NONE', #3240, #6675, #7541, .T. ) ;
#6476 = DIRECTION ( 'NONE',  ( 0.000000000000000000, 0.000000000000000000, -1.000000000000000000 ) ) ;
#6477 = ORIENTED_EDGE ( 'NONE', *, *, #69, .F. ) ;
#6478 = ORIENTED_EDGE ( 'NONE', *, *, #1255, .T. ) ;
#6479 = CARTESIAN_POINT ( 'NONE',  ( 34.79212929901211027, -3.277699864092749493, 12.52275933634662941 ) ) ;
#6480 = CARTESIAN_POINT ( 'NONE',  ( -41.28266136741126502, -8.462457195575099789, 11.00596082923692087 ) ) ;
#6481 = B_SPLINE_CURVE_WITH_KNOTS ( 'NONE', 3,
 ( #6832, #5166, #2157, #5767, #3956, #463, #1033, #2711, #6284, #2122, #6329, #6364, #3373, #5128, #4578, #4454, #915, #7535, #2078, #4494, #5206, #4029, #7578, #6237, #6874, #2239, #426, #4615, #965, #3333 ),
 .UNSPECIFIED., .F., .F.,
 ( 4, 2, 2, 2, 2, 2, 2, 2, 2, 2, 2, 2, 2, 2, 4 ),
 ( 8.673617379884035472E-19, 0.001721170065164835715, 0.002581755097747248043, 0.003442340130329660589, 0.004302925162912078771, 0.005163510195494497822, 0.006024095228076916872, 0.006884680260659335922, 0.007314972776950545014, 0.007745265293241754105, 0.008605850325824174890, 0.009466435358406594808, 0.01032702039098901473, 0.01204819045615385109, 0.01376936052131869093 ),
 .UNSPECIFIED. ) ;
#6482 = CARTESIAN_POINT ( 'NONE',  ( 20.21076683067359880, -20.99999999999998934, 19.50000000000000000 ) ) ;
#6483 = CARTESIAN_POINT ( 'NONE',  ( -44.55000000000006111, 0.1411202578659056794, 17.25000000000000000 ) ) ;
#6484 = EDGE_LOOP ( 'NONE', ( #6898, #3553, #4186, #4250, #1490, #498, #2695 ) ) ;
#6485 = EDGE_CURVE ( 'NONE', #6115, #3232, #3806, .T. ) ;
#6486 = FACE_OUTER_BOUND ( 'NONE', #2459, .T. ) ;
#6487 = PRODUCT_CONTEXT ( 'NONE', #2834, 'mechanical' ) ;
#6488 = DIRECTION ( 'NONE',  ( 8.673617379884028570E-16, 1.000000000000000000, 0.000000000000000000 ) ) ;
#6489 = DIRECTION ( 'NONE',  ( -0.000000000000000000, 0.000000000000000000, -1.000000000000000000 ) ) ;
#6490 = ORIENTED_EDGE ( 'NONE', *, *, #2885, .T. ) ;
#6491 = CARTESIAN_POINT ( 'NONE',  ( -22.29429915795131834, 18.20570084204867811, 9.794299157951318335 ) ) ;
#6492 = CARTESIAN_POINT ( 'NONE',  ( -9.167060926113647312, 18.24826540771308814, 9.853844216396232980 ) ) ;
#6493 = EDGE_LOOP ( 'NONE', ( #6531, #726, #5741, #2907, #4877, #3377, #5857, #2435, #2109, #5471 ) ) ;
#6494 = ORIENTED_EDGE ( 'NONE', *, *, #6406, .T. ) ;
#6495 = ORIENTED_EDGE ( 'NONE', *, *, #5013, .F. ) ;
#6496 = EDGE_CURVE ( 'NONE', #5044, #6817, #6685, .T. ) ;
#6497 = CARTESIAN_POINT ( 'NONE',  ( -46.10000000000000142, -43.10000000000001563, 14.50000000000000355 ) ) ;
#6498 = DIRECTION ( 'NONE',  ( 0.000000000000000000, 0.000000000000000000, 1.000000000000000000 ) ) ;
#6499 = DIRECTION ( 'NONE',  ( 1.000000000000000000, 0.000000000000000000, 0.000000000000000000 ) ) ;
#6500 = LINE ( 'NONE', #23, #3939 ) ;
#6501 = CARTESIAN_POINT ( 'NONE',  ( -35.19999999999999574, 0.009999999999899849418, 21.00000000000000000 ) ) ;
#6502 = CARTESIAN_POINT ( 'NONE',  ( -14.40894241220451910, -21.99999999999999289, 0.000000000000000000 ) ) ;
#6503 = EDGE_CURVE ( 'NONE', #122, #5026, #6085, .T. ) ;
#6504 = LINE ( 'NONE', #3505, #6559 ) ;
#6505 = ORIENTED_EDGE ( 'NONE', *, *, #5822, .T. ) ;
#6506 = EDGE_CURVE ( 'NONE', #1265, #4794, #7468, .T. ) ;
#6507 = EDGE_CURVE ( 'NONE', #5494, #2969, #3297, .T. ) ;
#6508 = ORIENTED_EDGE ( 'NONE', *, *, #5993, .F. ) ;
#6509 = CARTESIAN_POINT ( 'NONE',  ( 35.09738866112217437, 1.673835389229674897, 1.635396401802106769 ) ) ;
#6510 = DIRECTION ( 'NONE',  ( -0.000000000000000000, -0.000000000000000000, 1.000000000000000000 ) ) ;
#6511 = CARTESIAN_POINT ( 'NONE',  ( -14.40894241220451910, -20.99999999999998934, 5.000000000000000888 ) ) ;
#6512 = CARTESIAN_POINT ( 'NONE',  ( 31.87354260324242006, 8.808890341527689571, 15.29277990221591566 ) ) ;
#6513 = ORIENTED_EDGE ( 'NONE', *, *, #4742, .F. ) ;
#6514 = VERTEX_POINT ( 'NONE', #3160 ) ;
#6515 = EDGE_CURVE ( 'NONE', #4130, #1960, #4718, .T. ) ;
#6516 = LINE ( 'NONE', #4068, #5516 ) ;
#6517 = CARTESIAN_POINT ( 'NONE',  ( 33.00000000000000000, 13.50000000000000533, 24.00000000000000000 ) ) ;
#6518 = CARTESIAN_POINT ( 'NONE',  ( 34.89999999999999147, -17.99999999999999289, 24.00000000000000000 ) ) ;
#6519 = B_SPLINE_CURVE_WITH_KNOTS ( 'NONE', 3,
 ( #1698, #6483, #2385, #4106, #6564, #3518, #2944, #4758, #7132, #1802, #7027, #4173, #5881, #5311, #1227, #5452, #221, #6591, #3049, #1951, #7175, #7208, #7286, #2499, #3151, #674 ),
 .UNSPECIFIED., .F., .F.,
 ( 4, 2, 2, 2, 2, 2, 2, 2, 2, 2, 2, 2, 4 ),
 ( 0.006663291295494943624, 0.007080042496648154826, 0.007496793697801366896, 0.007913544898954578966, 0.008330296100107791035, 0.009163798502414215175, 0.009997300904720639314, 0.01083080330702706345, 0.01166430570933348759, 0.01208105691048669619, 0.01249780811163990479, 0.01291455931279311339, 0.01333131051394632199 ),
 .UNSPECIFIED. ) ;
#6520 = ORIENTED_EDGE ( 'NONE', *, *, #6252, .F. ) ;
#6521 = CIRCLE ( 'NONE', #6901, 1.000000000000000888 ) ;
#6522 = ORIENTED_EDGE ( 'NONE', *, *, #3274, .T. ) ;
#6523 = VECTOR ( 'NONE', #2728, 1000.000000000000000 ) ;
#6524 = ORIENTED_EDGE ( 'NONE', *, *, #6091, .T. ) ;
#6525 = CARTESIAN_POINT ( 'NONE',  ( 15.17106781186546449, 20.00000000000000355, 22.00000000000000000 ) ) ;
#6526 = APPLICATION_PROTOCOL_DEFINITION ( 'draft international standard', 'automotive_design', 1998, #2834 ) ;
#6527 = CARTESIAN_POINT ( 'NONE',  ( -41.70735276671594249, 7.958705132056556941, 10.53208424361044848 ) ) ;
#6528 = AXIS2_PLACEMENT_3D ( 'NONE', #538, #3011, #5996 ) ;
#6529 = DIRECTION ( 'NONE',  ( 1.000000000000000000, 0.000000000000000000, 0.000000000000000000 ) ) ;
#6530 = VECTOR ( 'NONE', #5824, 1000.000000000000000 ) ;
#6531 = ORIENTED_EDGE ( 'NONE', *, *, #3599, .F. ) ;
#6532 = CARTESIAN_POINT ( 'NONE',  ( 13.40894241220452443, -25.41283789321709818, 6.938893903907228378E-15 ) ) ;
#6533 = DIRECTION ( 'NONE',  ( 0.000000000000000000, 0.000000000000000000, 1.000000000000000000 ) ) ;
#6534 = ORIENTED_EDGE ( 'NONE', *, *, #4048, .F. ) ;
#6535 = ORIENTED_EDGE ( 'NONE', *, *, #1127, .T. ) ;
#6536 = ORIENTED_EDGE ( 'NONE', *, *, #6669, .T. ) ;
#6537 = AXIS2_PLACEMENT_3D ( 'NONE', #1814, #3576, #3433 ) ;
#6538 = VECTOR ( 'NONE', #5008, 1000.000000000000000 ) ;
#6539 = LINE ( 'NONE', #1200, #4158 ) ;
#6540 = CARTESIAN_POINT ( 'NONE',  ( -9.941108744852764793E-16, 28.00000000000000355, 0.000000000000000000 ) ) ;
#6541 = CARTESIAN_POINT ( 'NONE',  ( -52.10000000000000853, 4.664761515876234554, 10.50000000000000533 ) ) ;
#6542 = AXIS2_PLACEMENT_3D ( 'NONE', #1547, #1702, #433 ) ;
#6543 = CARTESIAN_POINT ( 'NONE',  ( 37.89999999999999147, 7.000000000000003553, 12.00000000000000000 ) ) ;
#6544 = DIRECTION ( 'NONE',  ( -0.000000000000000000, 0.000000000000000000, -1.000000000000000000 ) ) ;
#6545 = CIRCLE ( 'NONE', #1437, 3.750000000000000000 ) ;
#6546 = DIRECTION ( 'NONE',  ( 0.000000000000000000, 0.000000000000000000, -1.000000000000000000 ) ) ;
#6547 = CARTESIAN_POINT ( 'NONE',  ( 8.500000000000003553, 19.00000000000000355, 21.00000000000000355 ) ) ;
#6548 = ORIENTED_EDGE ( 'NONE', *, *, #3485, .F. ) ;
#6549 = EDGE_CURVE ( 'NONE', #3177, #6069, #5436, .T. ) ;
#6550 = ORIENTED_EDGE ( 'NONE', *, *, #7043, .T. ) ;
#6551 = CIRCLE ( 'NONE', #3174, 2.000000000000000000 ) ;
#6552 = CARTESIAN_POINT ( 'NONE',  ( 7.500000000000007105, 22.00000000000001066, 24.00000000000000355 ) ) ;
#6553 = EDGE_CURVE ( 'NONE', #3820, #2296, #1902, .T. ) ;
#6554 = DIRECTION ( 'NONE',  ( 1.000000000000000000, -2.602085213965208275E-15, 0.000000000000000000 ) ) ;
#6555 = B_SPLINE_CURVE_WITH_KNOTS ( 'NONE', 3,
 ( #2363, #43, #1741, #6492, #1234, #1153, #3527, #3608, #7183, #651 ),
 .UNSPECIFIED., .F., .F.,
 ( 4, 2, 2, 2, 4 ),
 ( 0.000000000000000000, 0.0004538767193366773306, 0.0009077534386733546613, 0.001361630158010032100, 0.001815506877346709323 ),
 .UNSPECIFIED. ) ;
#6556 = CARTESIAN_POINT ( 'NONE',  ( -47.10000000000000853, -4.214261501141110422, 9.500000000000008882 ) ) ;
#6557 = FACE_OUTER_BOUND ( 'NONE', #1229, .T. ) ;
#6558 = CARTESIAN_POINT ( 'NONE',  ( 32.40105980289100529, 8.173241981856993021, 8.430742446146163971 ) ) ;
#6559 = VECTOR ( 'NONE', #7120, 1000.000000000000000 ) ;
#6560 = EDGE_LOOP ( 'NONE', ( #6603, #1222, #6588, #1870 ) ) ;
#6561 = ORIENTED_EDGE ( 'NONE', *, *, #5355, .T. ) ;
#6562 = CIRCLE ( 'NONE', #3688, 2.000000000000001776 ) ;
#6563 = CARTESIAN_POINT ( 'NONE',  ( -14.40894241220451910, -20.99999999999998934, 5.000000000000000000 ) ) ;
#6564 = CARTESIAN_POINT ( 'NONE',  ( -44.38635300722476984, 0.6593181181445625372, 17.37430872337436938 ) ) ;
#6565 = VECTOR ( 'NONE', #6009, 1000.000000000000000 ) ;
#6566 = VERTEX_POINT ( 'NONE', #5489 ) ;
#6567 = DIRECTION ( 'NONE',  ( -3.469446951953613696E-16, -1.000000000000000000, 0.000000000000000000 ) ) ;
#6568 = FACE_BOUND ( 'NONE', #7006, .T. ) ;
#6569 = CIRCLE ( 'NONE', #1952, 1.750000000000005107 ) ;
#6570 = ORIENTED_EDGE ( 'NONE', *, *, #4639, .T. ) ;
#6571 = CARTESIAN_POINT ( 'NONE',  ( -42.78349845109161720, 6.794944252114818006, 10.24999999999999645 ) ) ;
#6572 = CARTESIAN_POINT ( 'NONE',  ( -35.13525305468019155, 1.322782941534137224, 20.15150313081201006 ) ) ;
#6573 = VERTEX_POINT ( 'NONE', #786 ) ;
#6574 = ORIENTED_EDGE ( 'NONE', *, *, #4606, .T. ) ;
#6575 = ORIENTED_EDGE ( 'NONE', *, *, #7421, .T. ) ;
#6576 = CONICAL_SURFACE ( 'NONE', #1720, 4.900000000000002132, 0.7853981633974437271 ) ;
#6577 = DIRECTION ( 'NONE',  ( 0.000000000000000000, 0.000000000000000000, -1.000000000000000000 ) ) ;
#6578 = CARTESIAN_POINT ( 'NONE',  ( -46.10000000000000142, -4.664761515876251430, 10.50000000000000178 ) ) ;
#6579 = CARTESIAN_POINT ( 'NONE',  ( -10.97140174671466006, -33.72487432736330248, 16.84510046628256674 ) ) ;
#6580 = LINE ( 'NONE', #4124, #588 ) ;
#6581 = VERTEX_POINT ( 'NONE', #265 ) ;
#6582 = ORIENTED_EDGE ( 'NONE', *, *, #1511, .T. ) ;
#6583 = CARTESIAN_POINT ( 'NONE',  ( -33.00000000000001421, 13.49999999999998046, 0.000000000000000000 ) ) ;
#6584 = CARTESIAN_POINT ( 'NONE',  ( -35.19382164771544552, -0.4669092279708295656, 17.29799672153258783 ) ) ;
#6585 = CARTESIAN_POINT ( 'NONE',  ( -33.78798155705790407, 5.974279030175045690, 10.56355290876717135 ) ) ;
#6586 = CARTESIAN_POINT ( 'NONE',  ( 39.89999999999999147, 6.938893903907228378E-15, 12.00000000000000000 ) ) ;
#6587 = CARTESIAN_POINT ( 'NONE',  ( 29.79416079573331189, 10.70882610331195472, 12.57239254125226502 ) ) ;
#6588 = ORIENTED_EDGE ( 'NONE', *, *, #6701, .F. ) ;
#6589 = ORIENTED_EDGE ( 'NONE', *, *, #4772, .F. ) ;
#6590 = ORIENTED_EDGE ( 'NONE', *, *, #6593, .T. ) ;
#6591 = CARTESIAN_POINT ( 'NONE',  ( -41.51145220084362819, 1.290184322209273704, 20.18797421419158056 ) ) ;
#6592 = AXIS2_PLACEMENT_3D ( 'NONE', #5544, #7378, #4543 ) ;
#6593 = EDGE_CURVE ( 'NONE', #1985, #2107, #4290, .T. ) ;
#6594 = EDGE_CURVE ( 'NONE', #6963, #5549, #5458, .T. ) ;
#6595 = ORIENTED_EDGE ( 'NONE', *, *, #3485, .T. ) ;
#6596 = ADVANCED_FACE ( 'NONE', ( #3836 ), #7293, .F. ) ;
#6597 = DIRECTION ( 'NONE',  ( 1.000000000000000000, 1.491166311727914324E-16, 7.228014483236695816E-17 ) ) ;
#6598 = CARTESIAN_POINT ( 'NONE',  ( -3.368400229700492811E-15, -20.99999999999998224, 19.50000000000000000 ) ) ;
#6599 = DIRECTION ( 'NONE',  ( -1.387778780781445676E-16, -1.379605977354753764E-32, -1.000000000000000000 ) ) ;
#6600 = EDGE_LOOP ( 'NONE', ( #3730, #5607, #5094, #2404 ) ) ;
#6601 = ORIENTED_EDGE ( 'NONE', *, *, #3708, .T. ) ;
#6602 = ORIENTED_EDGE ( 'NONE', *, *, #6606, .T. ) ;
#6603 = ORIENTED_EDGE ( 'NONE', *, *, #6205, .F. ) ;
#6604 = CARTESIAN_POINT ( 'NONE',  ( 1.176305166099825161, -17.99999999999999645, 19.50000000000000000 ) ) ;
#6605 = CARTESIAN_POINT ( 'NONE',  ( -9.750000000000000000, 24.00000000000000355, 2.000000000000000888 ) ) ;
#6606 = EDGE_CURVE ( 'NONE', #3460, #1807, #4330, .T. ) ;
#6607 = CARTESIAN_POINT ( 'NONE',  ( -51.37374398332624281, 4.231768973995946759, 14.47099516723220525 ) ) ;
#6608 = EDGE_CURVE ( 'NONE', #6002, #7280, #3405, .T. ) ;
#6609 = CARTESIAN_POINT ( 'NONE',  ( 17.89999999999998792, -7.000000000000000888, 12.00000000000000000 ) ) ;
#6610 = DIRECTION ( 'NONE',  ( -0.000000000000000000, 0.000000000000000000, -1.000000000000000000 ) ) ;
#6611 = LINE ( 'NONE', #3070, #1934 ) ;
#6612 = DIRECTION ( 'NONE',  ( 1.000000000000000000, 0.000000000000000000, 0.000000000000000000 ) ) ;
#6613 = ORIENTED_EDGE ( 'NONE', *, *, #1401, .T. ) ;
#6614 = ADVANCED_FACE ( 'NONE', ( #6960 ), #1628, .F. ) ;
#6615 = DIRECTION ( 'NONE',  ( 0.000000000000000000, 0.000000000000000000, 1.000000000000000000 ) ) ;
#6616 = CARTESIAN_POINT ( 'NONE',  ( -14.40894241220451910, -21.99999999999999289, 24.00000000000000000 ) ) ;
#6617 = CARTESIAN_POINT ( 'NONE',  ( -35.08562283564896234, -1.749845658912420276, 19.22878584265013657 ) ) ;
#6618 = DIRECTION ( 'NONE',  ( -1.000000000000000000, 0.000000000000000000, 0.000000000000000000 ) ) ;
#6619 = DIRECTION ( 'NONE',  ( 0.000000000000000000, 0.000000000000000000, -1.000000000000000000 ) ) ;
#6620 = CARTESIAN_POINT ( 'NONE',  ( -23.88307512300518809, -20.99999999999999645, 0.000000000000000000 ) ) ;
#6621 = ORIENTED_EDGE ( 'NONE', *, *, #7593, .T. ) ;
#6622 = ORIENTED_EDGE ( 'NONE', *, *, #6594, .T. ) ;
#6623 = ORIENTED_EDGE ( 'NONE', *, *, #84, .T. ) ;
#6624 = DIRECTION ( 'NONE',  ( 0.000000000000000000, 0.000000000000000000, 1.000000000000000000 ) ) ;
#6625 = EDGE_CURVE ( 'NONE', #4756, #6850, #4183, .T. ) ;
#6626 = DIRECTION ( 'NONE',  ( 9.941108744852765039E-17, -1.000000000000000000, 0.000000000000000000 ) ) ;
#6627 = ADVANCED_FACE ( 'NONE', ( #2749, #7418 ), #3995, .F. ) ;
#6628 = ORIENTED_EDGE ( 'NONE', *, *, #5327, .T. ) ;
#6629 = DIRECTION ( 'NONE',  ( -1.000000000000000000, 0.000000000000000000, 0.000000000000000000 ) ) ;
#6630 = CARTESIAN_POINT ( 'NONE',  ( -41.41486776529873737, 8.303155672764081174, 10.82582897826917545 ) ) ;
#6631 = LINE ( 'NONE', #1995, #7315 ) ;
#6632 = AXIS2_PLACEMENT_3D ( 'NONE', #1610, #6344, #7594 ) ;
#6633 = ORIENTED_EDGE ( 'NONE', *, *, #1457, .T. ) ;
#6634 = EDGE_LOOP ( 'NONE', ( #1916, #5761, #1069, #5142, #7184 ) ) ;
#6635 = VERTEX_POINT ( 'NONE', #392 ) ;
#6636 = ORIENTED_EDGE ( 'NONE', *, *, #1694, .F. ) ;
#6637 = CARTESIAN_POINT ( 'NONE',  ( 11.50007584254798942, 19.88256284509100169, 8.117437154909016073 ) ) ;
#6638 = CIRCLE ( 'NONE', #6007, 1.750000000000005107 ) ;
#6639 = VECTOR ( 'NONE', #273, 1000.000000000000000 ) ;
#6640 = DIRECTION ( 'NONE',  ( 0.7071067811865474617, 1.054413810899741457E-16, 0.7071067811865476838 ) ) ;
#6641 = CARTESIAN_POINT ( 'NONE',  ( -52.10000000000000853, 4.622502080891590204, 13.63142012399935687 ) ) ;
#6642 = LINE ( 'NONE', #1310, #1826 ) ;
#6643 = CARTESIAN_POINT ( 'NONE',  ( -33.07873126292052746, -7.217563926154253906, 13.75000000000001066 ) ) ;
#6644 = CARTESIAN_POINT ( 'NONE',  ( -21.90999999999990067, 13.29999999999999538, 0.000000000000000000 ) ) ;
#6645 = CARTESIAN_POINT ( 'NONE',  ( -35.11300443990745634, 1.530659027471269695, 4.121855463985601986 ) ) ;
#6646 = CARTESIAN_POINT ( 'NONE',  ( -11.83431754716743356, -32.00000000000000000, 18.46638831946455994 ) ) ;
#6647 = CIRCLE ( 'NONE', #1564, 2.000000000000001776 ) ;
#6648 = ORIENTED_EDGE ( 'NONE', *, *, #6956, .T. ) ;
#6649 = AXIS2_PLACEMENT_3D ( 'NONE', #785, #4453, #1955 ) ;
#6650 = VECTOR ( 'NONE', #5639, 1000.000000000000000 ) ;
#6651 = DIRECTION ( 'NONE',  ( 0.000000000000000000, -0.000000000000000000, 1.000000000000000000 ) ) ;
#6652 = AXIS2_PLACEMENT_3D ( 'NONE', #492, #2974, #1108 ) ;
#6653 = CARTESIAN_POINT ( 'NONE',  ( -32.26193420191260941, 8.346929491352732100, 13.13902443537734932 ) ) ;
#6654 = CARTESIAN_POINT ( 'NONE',  ( -14.40894241220451732, -25.41283789321709818, 24.00000000000000000 ) ) ;
#6655 = DIRECTION ( 'NONE',  ( -1.000000000000000000, -9.941108744852762574E-17, 0.000000000000000000 ) ) ;
#6656 = DIRECTION ( 'NONE',  ( 0.000000000000000000, 0.000000000000000000, -1.000000000000000000 ) ) ;
#6657 = CARTESIAN_POINT ( 'NONE',  ( -51.74837658389207462, -1.808582144804763869, 9.729048073304474187 ) ) ;
#6658 = VERTEX_POINT ( 'NONE', #7461 ) ;
#6659 = ORIENTED_EDGE ( 'NONE', *, *, #2166, .F. ) ;
#6660 = AXIS2_PLACEMENT_3D ( 'NONE', #738, #4258, #2442 ) ;
#6661 = AXIS2_PLACEMENT_3D ( 'NONE', #3331, #6959, #3955 ) ;
#6662 = DIRECTION ( 'NONE',  ( 1.000000000000000000, 6.624790897247282050E-16, 0.000000000000000000 ) ) ;
#6663 = CARTESIAN_POINT ( 'NONE',  ( -44.38660557078805624, -0.6588046917055933038, 6.625885014293737996 ) ) ;
#6664 = ORIENTED_EDGE ( 'NONE', *, *, #6144, .F. ) ;
#6665 = AXIS2_PLACEMENT_3D ( 'NONE', #260, #4992, #5645 ) ;
#6666 = VECTOR ( 'NONE', #1016, 1000.000000000000000 ) ;
#6667 = DIRECTION ( 'NONE',  ( 1.000000000000000000, 9.941108744852765039E-17, -0.000000000000000000 ) ) ;
#6668 = CARTESIAN_POINT ( 'NONE',  ( -42.58456515516911622, 7.000000000000003553, 13.75000000000000000 ) ) ;
#6669 = EDGE_CURVE ( 'NONE', #4238, #4959, #6481, .T. ) ;
#6670 = AXIS2_PLACEMENT_3D ( 'NONE', #3185, #6732, #1395 ) ;
#6671 = CARTESIAN_POINT ( 'NONE',  ( 35.00404433346098187, -2.293031814112119537, 2.022731080789741398 ) ) ;
#6672 = ORIENTED_EDGE ( 'NONE', *, *, #2398, .T. ) ;
#6673 = AXIS2_PLACEMENT_3D ( 'NONE', #3482, #5, #5849 ) ;
#6674 = VERTEX_POINT ( 'NONE', #2661 ) ;
#6675 = VERTEX_POINT ( 'NONE', #6992 ) ;
#6676 = ORIENTED_EDGE ( 'NONE', *, *, #4621, .T. ) ;
#6677 = DIRECTION ( 'NONE',  ( -1.000000000000000000, -9.941108744852765039E-17, -0.000000000000000000 ) ) ;
#6678 = EDGE_CURVE ( 'NONE', #4219, #3280, #5543, .T. ) ;
#6679 = VECTOR ( 'NONE', #3965, 1000.000000000000000 ) ;
#6680 = AXIS2_PLACEMENT_3D ( 'NONE', #4020, #6355, #525 ) ;
#6681 = DIRECTION ( 'NONE',  ( 0.7071067811865440200, 0.7071067811865511255, -9.813077866773545180E-17 ) ) ;
#6682 = DIRECTION ( 'NONE',  ( 1.000000000000000000, 0.000000000000000000, 0.000000000000000000 ) ) ;
#6683 = AXIS2_PLACEMENT_3D ( 'NONE', #2156, #6399, #1071 ) ;
#6684 = CARTESIAN_POINT ( 'NONE',  ( -11.50000000000000000, 24.00000000000000355, 2.000000000000001332 ) ) ;
#6685 = LINE ( 'NONE', #1351, #5665 ) ;
#6686 = EDGE_LOOP ( 'NONE', ( #1569, #1633, #1880, #728, #2474, #6746, #58, #4390 ) ) ;
#6687 = EDGE_LOOP ( 'NONE', ( #3112, #5182, #4368, #2925 ) ) ;
#6688 = EDGE_CURVE ( 'NONE', #7128, #4273, #103, .T. ) ;
#6689 = EDGE_CURVE ( 'NONE', #13, #7337, #2953, .T. ) ;
#6690 = ADVANCED_FACE ( 'NONE', ( #5737, #2781, #4516, #4558, #6939, #3355, #4600, #3471, #1617, #7051 ), #1020, .T. ) ;
#6691 = CARTESIAN_POINT ( 'NONE',  ( -41.70715392836645208, -7.958935110693492909, 10.53223440824294421 ) ) ;
#6692 = CIRCLE ( 'NONE', #2977, 2.000000000000004441 ) ;
#6693 = CARTESIAN_POINT ( 'NONE',  ( -31.98117869559021642, 8.681606334981271544, 12.50064048831285568 ) ) ;
#6694 = CARTESIAN_POINT ( 'NONE',  ( -42.00656420234377464, -1.640202986538762175, 19.61906094911835297 ) ) ;
#6695 = CARTESIAN_POINT ( 'NONE',  ( -33.21327386202775500, -7.000000000000000888, 13.75000000000000533 ) ) ;
#6696 = DIRECTION ( 'NONE',  ( 0.000000000000000000, 0.000000000000000000, -1.000000000000000000 ) ) ;
#6697 = CARTESIAN_POINT ( 'NONE',  ( -9.900000000000012790, -4.000000000000002665, 21.00000000000000000 ) ) ;
#6698 = EDGE_LOOP ( 'NONE', ( #4985, #7263, #3670 ) ) ;
#6699 = ORIENTED_EDGE ( 'NONE', *, *, #7115, .T. ) ;
#6700 = ORIENTED_EDGE ( 'NONE', *, *, #6956, .F. ) ;
#6701 = EDGE_CURVE ( 'NONE', #5658, #903, #1718, .T. ) ;
#6702 = EDGE_CURVE ( 'NONE', #4035, #6839, #485, .T. ) ;
#6703 = CARTESIAN_POINT ( 'NONE',  ( 21.90999999999990777, -13.30000000000000249, 0.000000000000000000 ) ) ;
#6704 = CARTESIAN_POINT ( 'NONE',  ( 17.89999999999998792, 3.172144385112378728, 21.00000000000000000 ) ) ;
#6705 = DIRECTION ( 'NONE',  ( -0.7071067811865440200, -0.7071067811865511255, 1.962615573354709036E-16 ) ) ;
#6706 = CARTESIAN_POINT ( 'NONE',  ( 15.17106781186546449, 22.00000000000000355, 24.00000000000000000 ) ) ;
#6707 = ORIENTED_EDGE ( 'NONE', *, *, #4662, .T. ) ;
#6708 = CARTESIAN_POINT ( 'NONE',  ( -11.10000000000000142, -32.00000000000000000, 0.000000000000000000 ) ) ;
#6709 = CARTESIAN_POINT ( 'NONE',  ( -42.58456515516913043, -7.000000000000000000, 10.25000000000000000 ) ) ;
#6710 = CARTESIAN_POINT ( 'NONE',  ( -41.41488311870370609, 8.303137969416221509, 13.17417320836923622 ) ) ;
#6711 = CARTESIAN_POINT ( 'NONE',  ( 34.96893943897256207, -2.483716877278570934, 7.820204377848479105 ) ) ;
#6712 = EDGE_LOOP ( 'NONE', ( #5344, #4738, #7375, #2902, #3042, #3007 ) ) ;
#6713 = VERTEX_POINT ( 'NONE', #3981 ) ;
#6714 = ORIENTED_EDGE ( 'NONE', *, *, #95, .F. ) ;
#6715 = ORIENTED_EDGE ( 'NONE', *, *, #3504, .F. ) ;
#6716 = DIRECTION ( 'NONE',  ( 0.000000000000000000, 1.000000000000000000, 0.000000000000000000 ) ) ;
#6717 = DIRECTION ( 'NONE',  ( 1.000000000000000000, 0.000000000000000000, -0.000000000000000000 ) ) ;
#6718 = CARTESIAN_POINT ( 'NONE',  ( 15.17106781186546449, 20.00000000000000355, 16.00000000000000000 ) ) ;
#6719 = CARTESIAN_POINT ( 'NONE',  ( -34.89999999999999858, -18.00000000000000355, 5.000000000000004441 ) ) ;
#6720 = CARTESIAN_POINT ( 'NONE',  ( -43.39476263340594642, -6.208797164052180406, 13.57426281522985789 ) ) ;
#6721 = DIRECTION ( 'NONE',  ( 0.000000000000000000, 0.000000000000000000, 1.000000000000000000 ) ) ;
#6722 = CARTESIAN_POINT ( 'NONE',  ( -35.10764868691650520, 1.574636998089075313, 5.772050379498151251 ) ) ;
#6723 = ORIENTED_EDGE ( 'NONE', *, *, #6702, .F. ) ;
#6724 = EDGE_CURVE ( 'NONE', #3270, #4094, #1055, .T. ) ;
#6725 = ORIENTED_EDGE ( 'NONE', *, *, #5624, .F. ) ;
#6726 = DIRECTION ( 'NONE',  ( -1.000000000000000000, 0.000000000000000000, 0.000000000000000000 ) ) ;
#6727 = CARTESIAN_POINT ( 'NONE',  ( -51.97975137338505647, 2.113542182762000454, 13.99142247219893065 ) ) ;
#6728 = CARTESIAN_POINT ( 'NONE',  ( -44.00626777901033648, -1.163869760233561923, 17.67654539119756407 ) ) ;
#6729 = CARTESIAN_POINT ( 'NONE',  ( 15.17106781186546449, 18.00000000000000355, 24.00000000000000000 ) ) ;
#6730 = PLANE ( 'NONE',  #7653 ) ;
#6731 = EDGE_CURVE ( 'NONE', #1285, #6368, #2293, .T. ) ;
#6732 = DIRECTION ( 'NONE',  ( 1.000000000000000000, 0.000000000000000000, 0.000000000000000000 ) ) ;
#6733 = ADVANCED_FACE ( 'NONE', ( #4676 ), #6350, .F. ) ;
#6734 = ORIENTED_EDGE ( 'NONE', *, *, #1225, .F. ) ;
#6735 = ORIENTED_EDGE ( 'NONE', *, *, #4796, .T. ) ;
#6736 = ORIENTED_EDGE ( 'NONE', *, *, #4753, .F. ) ;
#6737 = ORIENTED_EDGE ( 'NONE', *, *, #6461, .T. ) ;
#6738 = DIRECTION ( 'NONE',  ( -1.000000000000000000, -9.941108744852765039E-17, -0.000000000000000000 ) ) ;
#6739 = CARTESIAN_POINT ( 'NONE',  ( 15.17106781186546449, 22.00000000000000355, 16.00000000000000000 ) ) ;
#6740 = CARTESIAN_POINT ( 'NONE',  ( 20.21076683067359880, -20.99999999999998934, 0.000000000000000000 ) ) ;
#6741 = EDGE_CURVE ( 'NONE', #7463, #2431, #902, .T. ) ;
#6742 = VERTEX_POINT ( 'NONE', #6894 ) ;
#6743 = DIRECTION ( 'NONE',  ( 1.491166311727914324E-16, -1.000000000000000000, 0.000000000000000000 ) ) ;
#6744 = CARTESIAN_POINT ( 'NONE',  ( -44.55000000000003979, 5.250000000000003553, 12.00000000000000000 ) ) ;
#6745 = DIRECTION ( 'NONE',  ( -0.000000000000000000, -0.000000000000000000, -1.000000000000000000 ) ) ;
#6746 = ORIENTED_EDGE ( 'NONE', *, *, #2258, .T. ) ;
#6747 = ORIENTED_EDGE ( 'NONE', *, *, #5993, .T. ) ;
#6748 = ORIENTED_EDGE ( 'NONE', *, *, #5391, .F. ) ;
#6749 = ORIENTED_EDGE ( 'NONE', *, *, #1668, .F. ) ;
#6750 = CARTESIAN_POINT ( 'NONE',  ( 34.68518424062309435, 3.673272022829792149, 19.77294152708624964 ) ) ;
#6751 = DIRECTION ( 'NONE',  ( 1.000000000000000000, 0.000000000000000000, 0.000000000000000000 ) ) ;
#6752 = DIRECTION ( 'NONE',  ( 0.000000000000000000, 0.000000000000000000, -1.000000000000000000 ) ) ;
#6753 = CARTESIAN_POINT ( 'NONE',  ( 37.89999999999999147, 6.938893903907228378E-15, 9.400000000000000355 ) ) ;
#6754 = VECTOR ( 'NONE', #6489, 1000.000000000000000 ) ;
#6755 = DIRECTION ( 'NONE',  ( 1.000000000000000000, 0.000000000000000000, 0.000000000000000000 ) ) ;
#6756 = DIRECTION ( 'NONE',  ( 0.000000000000000000, -1.000000000000000000, 0.000000000000000000 ) ) ;
#6757 = ORIENTED_EDGE ( 'NONE', *, *, #5170, .T. ) ;
#6758 = EDGE_LOOP ( 'NONE', ( #4768, #4470, #4863, #1768 ) ) ;
#6759 = VECTOR ( 'NONE', #5680, 1000.000000000000000 ) ;
#6760 = AXIS2_PLACEMENT_3D ( 'NONE', #3089, #2428, #4137 ) ;
#6761 = CARTESIAN_POINT ( 'NONE',  ( -42.47060473323504937, 1.757361097892306656, 4.884293896646402899 ) ) ;
#6762 = CARTESIAN_POINT ( 'NONE',  ( -39.90000000000000568, 7.000000000000003553, 12.00000000000000000 ) ) ;
#6763 = DIRECTION ( 'NONE',  ( -1.000000000000000000, 0.000000000000000000, -0.000000000000000000 ) ) ;
#6764 = AXIS2_PLACEMENT_3D ( 'NONE', #7088, #1750, #6499 ) ;
#6765 = CARTESIAN_POINT ( 'NONE',  ( -41.05000000000001847, -1.520410286126020388E-15, 20.75000000000000000 ) ) ;
#6766 = PLANE ( 'NONE',  #118 ) ;
#6767 = ADVANCED_FACE ( 'NONE', ( #6429 ), #6467, .T. ) ;
#6768 = AXIS2_PLACEMENT_3D ( 'NONE', #1152, #2324, #4703 ) ;
#6769 = DIRECTION ( 'NONE',  ( 1.000000000000000000, -0.000000000000000000, 0.000000000000000000 ) ) ;
#6770 = DIRECTION ( 'NONE',  ( 1.000000000000000000, 9.941108744852765039E-17, 0.000000000000000000 ) ) ;
#6771 = ORIENTED_EDGE ( 'NONE', *, *, #5884, .T. ) ;
#6772 = VERTEX_POINT ( 'NONE', #7477 ) ;
#6773 = VERTEX_POINT ( 'NONE', #3935 ) ;
#6774 = CARTESIAN_POINT ( 'NONE',  ( 9.499984707532368233, 20.00782110201305031, 7.992178897986966568 ) ) ;
#6775 = AXIS2_PLACEMENT_3D ( 'NONE', #5326, #4739, #4189 ) ;
#6776 = CIRCLE ( 'NONE', #4170, 3.750000000000000000 ) ;
#6777 = ADVANCED_FACE ( 'NONE', ( #5721, #411 ), #7515, .F. ) ;
#6778 = DIRECTION ( 'NONE',  ( 0.000000000000000000, -1.000000000000000000, 0.000000000000000000 ) ) ;
#6779 = DIRECTION ( 'NONE',  ( 0.000000000000000000, 0.000000000000000000, -1.000000000000000000 ) ) ;
#6780 = CARTESIAN_POINT ( 'NONE',  ( -42.21477728786080519, -7.388785499142662694, 13.71840520328653312 ) ) ;
#6781 = CARTESIAN_POINT ( 'NONE',  ( 13.40894241220452443, -24.64024543787444088, 5.055245460103714450 ) ) ;
#6782 = LINE ( 'NONE', #4402, #3192 ) ;
#6783 = EDGE_LOOP ( 'NONE', ( #2633, #541, #4762, #3228 ) ) ;
#6784 = EDGE_CURVE ( 'NONE', #4237, #4417, #1731, .T. ) ;
#6785 = PLANE ( 'NONE',  #573 ) ;
#6786 = LINE ( 'NONE', #3835, #3293 ) ;
#6787 = CARTESIAN_POINT ( 'NONE',  ( -41.11115776008504952, 8.673777660336513762, 12.52790252860303077 ) ) ;
#6788 = CARTESIAN_POINT ( 'NONE',  ( 11.09999999999999787, -32.00000000000000000, -5.500000000000001776 ) ) ;
#6789 = ORIENTED_EDGE ( 'NONE', *, *, #2454, .T. ) ;
#6790 = VERTEX_POINT ( 'NONE', #6482 ) ;
#6791 = VECTOR ( 'NONE', #4030, 1000.000000000000000 ) ;
#6792 = AXIS2_PLACEMENT_3D ( 'NONE', #5057, #4306, #1314 ) ;
#6793 = ORIENTED_EDGE ( 'NONE', *, *, #4506, .F. ) ;
#6794 = VERTEX_POINT ( 'NONE', #2200 ) ;
#6795 = CARTESIAN_POINT ( 'NONE',  ( 34.70450009358240351, 3.605347296418957903, 17.95522068752977063 ) ) ;
#6796 = CARTESIAN_POINT ( 'NONE',  ( 11.83431754716743534, -32.00000000000000000, 18.46638831946455284 ) ) ;
#6797 = CARTESIAN_POINT ( 'NONE',  ( 17.89999999999998792, 7.000000000000003553, 8.250000000000000000 ) ) ;
#6798 = AXIS2_PLACEMENT_3D ( 'NONE', #2672, #5708, #1472 ) ;
#6799 = CARTESIAN_POINT ( 'NONE',  ( 14.40894241220452443, -25.41283789321709818, 19.50000000000000000 ) ) ;
#6800 = AXIS2_PLACEMENT_3D ( 'NONE', #3425, #2962, #7047 ) ;
#6801 = EDGE_CURVE ( 'NONE', #6850, #6156, #2240, .T. ) ;
#6802 = ADVANCED_FACE ( 'NONE', ( #5240 ), #4726, .T. ) ;
#6803 = CARTESIAN_POINT ( 'NONE',  ( -42.98779616951595273, -6.593015400169956131, 13.71425461193152096 ) ) ;
#6804 = DIRECTION ( 'NONE',  ( -1.491166311727914324E-16, 1.000000000000000000, 0.000000000000000000 ) ) ;
#6805 = FACE_OUTER_BOUND ( 'NONE', #783, .T. ) ;
#6806 = ORIENTED_EDGE ( 'NONE', *, *, #4174, .F. ) ;
#6807 = AXIS2_PLACEMENT_3D ( 'NONE', #7580, #4133, #1766 ) ;
#6808 = CARTESIAN_POINT ( 'NONE',  ( -41.43385797994842079, 1.216556749263323356, 3.720975827788408186 ) ) ;
#6809 = DIRECTION ( 'NONE',  ( 0.000000000000000000, 1.000000000000000000, 0.000000000000000000 ) ) ;
#6810 = DIRECTION ( 'NONE',  ( -0.5070201265633941246, -0.8619342151577694677, 0.000000000000000000 ) ) ;
#6811 = FACE_OUTER_BOUND ( 'NONE', #852, .T. ) ;
#6812 = CARTESIAN_POINT ( 'NONE',  ( 13.76244521329773995, -26.19543429317569760, 5.136177476393849695 ) ) ;
#6813 = VECTOR ( 'NONE', #3398, 1000.000000000000000 ) ;
#6814 = DIRECTION ( 'NONE',  ( -1.000000000000000000, 0.000000000000000000, 2.891205793294679312E-16 ) ) ;
#6815 = DIRECTION ( 'NONE',  ( 1.000000000000000000, -0.000000000000000000, -0.000000000000000000 ) ) ;
#6816 = VERTEX_POINT ( 'NONE', #2782 ) ;
#6817 = VERTEX_POINT ( 'NONE', #4 ) ;
#6818 = EDGE_CURVE ( 'NONE', #1124, #6816, #5992, .T. ) ;
#6819 = ORIENTED_EDGE ( 'NONE', *, *, #4796, .F. ) ;
#6820 = VERTEX_POINT ( 'NONE', #3406 ) ;
#6821 = CARTESIAN_POINT ( 'NONE',  ( -39.89999999999999858, -10.92893218813452449, 0.000000000000000000 ) ) ;
#6822 = DIRECTION ( 'NONE',  ( 9.941108744852767504E-17, -1.000000000000000000, -0.000000000000000000 ) ) ;
#6823 = CARTESIAN_POINT ( 'NONE',  ( 9.500000000000000000, 18.00000000000000000, 1.999999999999998224 ) ) ;
#6824 = CARTESIAN_POINT ( 'NONE',  ( -35.19999999999999574, -0.01000000000000653144, 17.25002857166181158 ) ) ;
#6825 = CARTESIAN_POINT ( 'NONE',  ( 15.17106781186546449, 22.00000000000000355, 22.00000000000000000 ) ) ;
#6826 = CARTESIAN_POINT ( 'NONE',  ( -41.74015231064075948, -1.506736367594503356, 4.080348526254046426 ) ) ;
#6827 = ORIENTED_EDGE ( 'NONE', *, *, #2449, .F. ) ;
#6828 = EDGE_CURVE ( 'NONE', #4766, #6046, #2943, .T. ) ;
#6829 = ORIENTED_EDGE ( 'NONE', *, *, #531, .F. ) ;
#6830 = DIRECTION ( 'NONE',  ( -0.000000000000000000, 0.000000000000000000, -1.000000000000000000 ) ) ;
#6831 = CARTESIAN_POINT ( 'NONE',  ( 13.40894241220452265, -20.99999999999998934, 0.000000000000000000 ) ) ;
#6832 = CARTESIAN_POINT ( 'NONE',  ( 33.21327386202776921, -7.000000000000002665, 8.249999999999998224 ) ) ;
#6833 = ADVANCED_FACE ( 'NONE', ( #5817 ), #6993, .F. ) ;
#6834 = DIRECTION ( 'NONE',  ( 0.000000000000000000, -1.000000000000000000, 0.000000000000000000 ) ) ;
#6835 = ORIENTED_EDGE ( 'NONE', *, *, #609, .T. ) ;
#6836 = EDGE_CURVE ( 'NONE', #2696, #5683, #3445, .T. ) ;
#6837 = EDGE_CURVE ( 'NONE', #1006, #6199, #6401, .T. ) ;
#6838 = VERTEX_POINT ( 'NONE', #4132 ) ;
#6839 = VERTEX_POINT ( 'NONE', #534 ) ;
#6840 = ORIENTED_EDGE ( 'NONE', *, *, #7503, .T. ) ;
#6841 = CARTESIAN_POINT ( 'NONE',  ( -61.10000000000000142, 4.214261501141083777, 14.50000000000000178 ) ) ;
#6842 = DIRECTION ( 'NONE',  ( -1.387778780781445676E-16, -1.379605977354753764E-32, -1.000000000000000000 ) ) ;
#6843 = FACE_OUTER_BOUND ( 'NONE', #1528, .T. ) ;
#6844 = AXIS2_PLACEMENT_3D ( 'NONE', #4503, #3295, #5663 ) ;
#6845 = DIRECTION ( 'NONE',  ( 3.958748233630339645E-17, 1.000000000000000000, -0.000000000000000000 ) ) ;
#6846 = CARTESIAN_POINT ( 'NONE',  ( -35.18853156014647254, -0.5719878014969613789, 6.657826599197391282 ) ) ;
#6847 = B_SPLINE_CURVE_WITH_KNOTS ( 'NONE', 3,
 ( #655, #6604, #5804, #2367, #584, #623, #7149 ),
 .UNSPECIFIED., .F., .F.,
 ( 4, 3, 4 ),
 ( 8.673617379884035472E-19, 0.001500000885972358443, 0.003352613662594109735 ),
 .UNSPECIFIED. ) ;
#6848 = CARTESIAN_POINT ( 'NONE',  ( -52.10000000000000853, 4.899999999999994138, 12.00000000000000000 ) ) ;
#6849 = CARTESIAN_POINT ( 'NONE',  ( -35.09187509393029814, 1.704077662347923017, 18.54155239645291076 ) ) ;
#6850 = VERTEX_POINT ( 'NONE', #2827 ) ;
#6851 = ORIENTED_EDGE ( 'NONE', *, *, #3260, .T. ) ;
#6852 = EDGE_CURVE ( 'NONE', #1775, #6096, #6430, .T. ) ;
#6853 = EDGE_CURVE ( 'NONE', #3232, #6945, #5269, .T. ) ;
#6854 = CARTESIAN_POINT ( 'NONE',  ( -41.15379450373781367, 0.6727589353603768973, 3.379140471218303077 ) ) ;
#6855 = CYLINDRICAL_SURFACE ( 'NONE', #6933, 0.9999999999999991118 ) ;
#6856 = LINE ( 'NONE', #3891, #4047 ) ;
#6857 = CARTESIAN_POINT ( 'NONE',  ( -20.71778695723698860, -22.86193421515775981, 5.000000000000000000 ) ) ;
#6858 = CARTESIAN_POINT ( 'NONE',  ( -46.10000000000000142, -43.10000000000001563, 9.500000000000003553 ) ) ;
#6859 = CARTESIAN_POINT ( 'NONE',  ( 10.17106781186546627, 18.00000000000000355, 16.00000000000000000 ) ) ;
#6860 = ORIENTED_EDGE ( 'NONE', *, *, #2464, .T. ) ;
#6861 = ORIENTED_EDGE ( 'NONE', *, *, #4743, .T. ) ;
#6862 = EDGE_LOOP ( 'NONE', ( #6139, #7481 ) ) ;
#6863 = VERTEX_POINT ( 'NONE', #673 ) ;
#6864 = DIRECTION ( 'NONE',  ( -1.000000000000000000, 0.000000000000000000, 0.000000000000000000 ) ) ;
#6865 = CARTESIAN_POINT ( 'NONE',  ( 39.89999999999999147, -12.99999999999999112, 0.000000000000000000 ) ) ;
#6866 = CARTESIAN_POINT ( 'NONE',  ( -52.10000000000000853, 4.664761515876231890, 13.50000000000000533 ) ) ;
#6867 = FACE_OUTER_BOUND ( 'NONE', #262, .T. ) ;
#6868 = LINE ( 'NONE', #2743, #4801 ) ;
#6869 = CARTESIAN_POINT ( 'NONE',  ( -46.10000000000000853, -4.214261501141105093, 10.50000000000000178 ) ) ;
#6870 = ORIENTED_EDGE ( 'NONE', *, *, #4050, .F. ) ;
#6871 = ORIENTED_EDGE ( 'NONE', *, *, #1875, .T. ) ;
#6872 = CARTESIAN_POINT ( 'NONE',  ( 33.21327386202783316, -7.000000000000093259, 15.75000000000025047 ) ) ;
#6873 = DIRECTION ( 'NONE',  ( 0.000000000000000000, 1.000000000000000000, 0.000000000000000000 ) ) ;
#6874 = CARTESIAN_POINT ( 'NONE',  ( 31.00211339799356480, -9.706226954050345412, 14.60613310108074359 ) ) ;
#6875 = DIRECTION ( 'NONE',  ( -0.000000000000000000, -0.000000000000000000, -1.000000000000000000 ) ) ;
#6876 = EDGE_CURVE ( 'NONE', #3541, #5283, #1256, .T. ) ;
#6877 = ORIENTED_EDGE ( 'NONE', *, *, #6515, .T. ) ;
#6878 = VERTEX_POINT ( 'NONE', #4324 ) ;
#6879 = LINE ( 'NONE', #6290, #582 ) ;
#6880 = DIRECTION ( 'NONE',  ( 1.000000000000000000, 0.000000000000000000, 0.000000000000000000 ) ) ;
#6881 = CARTESIAN_POINT ( 'NONE',  ( 12.90428835538268615, -30.93865390859842535, 6.091352089751817189 ) ) ;
#6882 = EDGE_CURVE ( 'NONE', #2276, #2726, #1458, .T. ) ;
#6883 = CARTESIAN_POINT ( 'NONE',  ( -33.00000000000001421, 13.49999999999998046, 24.00000000000000000 ) ) ;
#6884 = CARTESIAN_POINT ( 'NONE',  ( -35.10764868691649809, -1.574636998089089746, 4.227949620501879835 ) ) ;
#6885 = CARTESIAN_POINT ( 'NONE',  ( -9.499984707532368233, 20.00782110201305031, 14.50000000000000000 ) ) ;
#6886 = ORIENTED_EDGE ( 'NONE', *, *, #135, .F. ) ;
#6887 = CARTESIAN_POINT ( 'NONE',  ( 35.10240339979723956, -1.625017297773586389, 15.61629148925800692 ) ) ;
#6888 = DIRECTION ( 'NONE',  ( 0.000000000000000000, 0.000000000000000000, -1.000000000000000000 ) ) ;
#6889 = LINE ( 'NONE', #406, #3322 ) ;
#6890 = DIRECTION ( 'NONE',  ( -1.387778780781445676E-16, -1.379605977354753491E-32, -1.000000000000000000 ) ) ;
#6891 = DIRECTION ( 'NONE',  ( 2.668805347656626678E-16, -1.000000000000000000, 0.000000000000000000 ) ) ;
#6892 = CARTESIAN_POINT ( 'NONE',  ( -8.500000000000000000, 19.00000000000000355, 24.00000000000000711 ) ) ;
#6893 = DIRECTION ( 'NONE',  ( -7.228014483236695816E-17, 0.000000000000000000, 1.000000000000000000 ) ) ;
#6894 = CARTESIAN_POINT ( 'NONE',  ( 21.21076683067359880, -21.99999999999999289, 5.000000000000000888 ) ) ;
#6895 = VECTOR ( 'NONE', #7476, 1000.000000000000000 ) ;
#6896 = ORIENTED_EDGE ( 'NONE', *, *, #3650, .T. ) ;
#6897 = CIRCLE ( 'NONE', #5163, 4.000000000000001776 ) ;
#6898 = ORIENTED_EDGE ( 'NONE', *, *, #1760, .F. ) ;
#6899 = EDGE_LOOP ( 'NONE', ( #2718, #4809 ) ) ;
#6900 = FACE_OUTER_BOUND ( 'NONE', #6078, .T. ) ;
#6901 = AXIS2_PLACEMENT_3D ( 'NONE', #374, #2690, #1616 ) ;
#6902 = AXIS2_PLACEMENT_3D ( 'NONE', #2628, #6245, #5006 ) ;
#6903 = DIRECTION ( 'NONE',  ( 1.000000000000000000, 9.941108744852765039E-17, 0.000000000000000000 ) ) ;
#6904 = CYLINDRICAL_SURFACE ( 'NONE', #6680, 1.000000000000000888 ) ;
#6905 = FACE_OUTER_BOUND ( 'NONE', #7298, .T. ) ;
#6906 = CARTESIAN_POINT ( 'NONE',  ( -35.19999999999999574, -3.955505321723093897E-16, 6.750000000000000888 ) ) ;
#6907 = LINE ( 'NONE', #6869, #2716 ) ;
#6908 = EDGE_LOOP ( 'NONE', ( #6408, #6298 ) ) ;
#6909 = VECTOR ( 'NONE', #6738, 1000.000000000000000 ) ;
#6910 = VERTEX_POINT ( 'NONE', #2528 ) ;
#6911 = CARTESIAN_POINT ( 'NONE',  ( 10.93923787931776204, -33.90650778900105422, 16.67303858056542865 ) ) ;
#6912 = CARTESIAN_POINT ( 'NONE',  ( 21.21076683067359880, -21.99999999999999289, 19.50000000000000000 ) ) ;
#6913 = AXIS2_PLACEMENT_3D ( 'NONE', #2697, #1530, #5118 ) ;
#6914 = AXIS2_PLACEMENT_3D ( 'NONE', #3511, #599, #5374 ) ;
#6915 = DIRECTION ( 'NONE',  ( -0.000000000000000000, -0.000000000000000000, -1.000000000000000000 ) ) ;
#6916 = FACE_OUTER_BOUND ( 'NONE', #2317, .T. ) ;
#6917 = ORIENTED_EDGE ( 'NONE', *, *, #4843, .T. ) ;
#6918 = ORIENTED_EDGE ( 'NONE', *, *, #4646, .T. ) ;
#6919 = ORIENTED_EDGE ( 'NONE', *, *, #1309, .F. ) ;
#6920 = AXIS2_PLACEMENT_3D ( 'NONE', #4500, #5661, #5742 ) ;
#6921 = CARTESIAN_POINT ( 'NONE',  ( -32.82893218813453728, 18.00000000000000000, 24.00000000000000000 ) ) ;
#6922 = DIRECTION ( 'NONE',  ( 1.000000000000000000, 0.000000000000000000, 0.000000000000000000 ) ) ;
#6923 = CARTESIAN_POINT ( 'NONE',  ( -49.10000000000000142, -8.767025567052019698E-15, 14.50000000000000355 ) ) ;
#6924 = CARTESIAN_POINT ( 'NONE',  ( 7.100000000000002309, -17.99999999999999645, 12.00000000000000000 ) ) ;
#6925 = CIRCLE ( 'NONE', #2319, 3.750000000000001776 ) ;
#6926 = DIRECTION ( 'NONE',  ( 2.815536131330090089E-16, -1.000000000000000000, 0.000000000000000000 ) ) ;
#6927 = VECTOR ( 'NONE', #5907, 1000.000000000000000 ) ;
#6928 = ORIENTED_EDGE ( 'NONE', *, *, #1305, .F. ) ;
#6929 = CARTESIAN_POINT ( 'NONE',  ( 34.66944671013760626, -3.727715765163988948, 19.44110923331993845 ) ) ;
#6930 = EDGE_CURVE ( 'NONE', #2935, #6863, #4867, .T. ) ;
#6931 = ADVANCED_FACE ( 'NONE', ( #2980 ), #3666, .F. ) ;
#6932 = CIRCLE ( 'NONE', #6301, 6.099999999999999645 ) ;
#6933 = AXIS2_PLACEMENT_3D ( 'NONE', #2729, #3975, #6345 ) ;
#6934 = DIRECTION ( 'NONE',  ( -0.000000000000000000, -0.000000000000000000, -1.000000000000000000 ) ) ;
#6935 = CARTESIAN_POINT ( 'NONE',  ( -47.10000000000000853, 4.214261501141087329, 14.50000000000000178 ) ) ;
#6936 = CARTESIAN_POINT ( 'NONE',  ( -32.82893218813453728, 22.00000000000000000, 24.00000000000000000 ) ) ;
#6937 = CARTESIAN_POINT ( 'NONE',  ( 34.50548142381303762, 4.254470669325410626, 9.433434108946087804 ) ) ;
#6938 = CARTESIAN_POINT ( 'NONE',  ( -7.500000000000005329, 22.00000000000001066, 2.000000000000000444 ) ) ;
#6939 = FACE_BOUND ( 'NONE', #2286, .T. ) ;
#6940 = ADVANCED_FACE ( 'NONE', ( #4172 ), #4905, .F. ) ;
#6941 = VECTOR ( 'NONE', #6681, 999.9999999999998863 ) ;
#6942 = ADVANCED_FACE ( 'NONE', ( #7285 ), #7237, .T. ) ;
#6943 = EDGE_CURVE ( 'NONE', #1933, #4666, #111, .T. ) ;
#6944 = VERTEX_POINT ( 'NONE', #6071 ) ;
#6945 = VERTEX_POINT ( 'NONE', #6563 ) ;
#6946 = CARTESIAN_POINT ( 'NONE',  ( -34.75000000000001421, 13.49999999999998046, 0.000000000000000000 ) ) ;
#6947 = CIRCLE ( 'NONE', #6317, 1.500000000000000222 ) ;
#6948 = VECTOR ( 'NONE', #5219, 1000.000000000000000 ) ;
#6949 = CARTESIAN_POINT ( 'NONE',  ( 15.17106781186546449, 18.00000000000000355, 22.00000000000000000 ) ) ;
#6950 = DIRECTION ( 'NONE',  ( -0.000000000000000000, -0.000000000000000000, -1.000000000000000000 ) ) ;
#6951 = CARTESIAN_POINT ( 'NONE',  ( 37.89999999999999147, -6.098637220230962441E-16, 5.000000000000000000 ) ) ;
#6952 = CARTESIAN_POINT ( 'NONE',  ( 32.90100623092921239, 7.486878655433793384, 15.72583124278694200 ) ) ;
#6953 = DIRECTION ( 'NONE',  ( 1.000000000000000000, 0.000000000000000000, 0.000000000000000000 ) ) ;
#6954 = ORIENTED_EDGE ( 'NONE', *, *, #5783, .T. ) ;
#6955 = VERTEX_POINT ( 'NONE', #1950 ) ;
#6956 = EDGE_CURVE ( 'NONE', #6945, #6963, #7424, .T. ) ;
#6957 = ADVANCED_FACE ( 'NONE', ( #35 ), #2384, .F. ) ;
#6958 = CARTESIAN_POINT ( 'NONE',  ( 33.72010095754514936, -6.109986688209410488, 15.64988843587220302 ) ) ;
#6959 = DIRECTION ( 'NONE',  ( -1.000000000000000000, 0.000000000000000000, 0.000000000000000000 ) ) ;
#6960 = FACE_OUTER_BOUND ( 'NONE', #2547, .T. ) ;
#6961 = LINE ( 'NONE', #5738, #5927 ) ;
#6962 = ORIENTED_EDGE ( 'NONE', *, *, #153, .T. ) ;
#6963 = VERTEX_POINT ( 'NONE', #6036 ) ;
#6964 = CYLINDRICAL_SURFACE ( 'NONE', #2312, 1.750000000000001554 ) ;
#6965 = DIRECTION ( 'NONE',  ( -1.000000000000000000, -2.668805347656626678E-16, -0.000000000000000000 ) ) ;
#6966 = FACE_OUTER_BOUND ( 'NONE', #4537, .T. ) ;
#6967 = LINE ( 'NONE', #2322, #4654 ) ;
#6968 = DIRECTION ( 'NONE',  ( -0.000000000000000000, -0.000000000000000000, -1.000000000000000000 ) ) ;
#6969 = LINE ( 'NONE', #362, #3469 ) ;
#6970 = VERTEX_POINT ( 'NONE', #641 ) ;
#6971 = CARTESIAN_POINT ( 'NONE',  ( 34.81832843119907750, -3.172144385112382281, 21.00000000000000000 ) ) ;
#6972 = DIRECTION ( 'NONE',  ( 1.000000000000000000, 9.941108744852766272E-17, 0.000000000000000000 ) ) ;
#6973 = CARTESIAN_POINT ( 'NONE',  ( 14.40894241220452443, -25.41283789321709818, 24.00000000000000000 ) ) ;
#6974 = CARTESIAN_POINT ( 'NONE',  ( -44.90000000000004832, 4.899999999999995026, 12.00000000000000000 ) ) ;
#6975 = SURFACE_STYLE_FILL_AREA ( #5256 ) ;
#6976 = ADVANCED_FACE ( 'NONE', ( #4798 ), #717, .F. ) ;
#6977 = DIRECTION ( 'NONE',  ( 0.000000000000000000, 0.000000000000000000, -1.000000000000000000 ) ) ;
#6978 = ORIENTED_EDGE ( 'NONE', *, *, #2747, .F. ) ;
#6979 = EDGE_CURVE ( 'NONE', #5706, #583, #6932, .T. ) ;
#6980 = VERTEX_POINT ( 'NONE', #3085 ) ;
#6981 = CARTESIAN_POINT ( 'NONE',  ( 13.12198096477004761, 21.05962612028271863, 6.940373879717308903 ) ) ;
#6982 = EDGE_CURVE ( 'NONE', #2610, #5271, #7053, .T. ) ;
#6983 = CARTESIAN_POINT ( 'NONE',  ( 34.67008344141272858, 3.725757385001198241, 4.508651241488056627 ) ) ;
#6984 = CARTESIAN_POINT ( 'NONE',  ( 1.192933049382330868E-15, -7.999999999999994671, 12.00000000000000000 ) ) ;
#6985 = CARTESIAN_POINT ( 'NONE',  ( 13.40894241220451732, 3.775336184448626682E-15, 5.000000000000000000 ) ) ;
#6986 = CARTESIAN_POINT ( 'NONE',  ( -15.02344265897995612, -26.21154850825013938, 5.000000000000000000 ) ) ;
#6987 = ORIENTED_EDGE ( 'NONE', *, *, #3650, .F. ) ;
#6988 = ORIENTED_EDGE ( 'NONE', *, *, #199, .T. ) ;
#6989 = CARTESIAN_POINT ( 'NONE',  ( 11.38782376133849716, -32.66918728924797222, 17.85848866279121339 ) ) ;
#6990 = DIRECTION ( 'NONE',  ( 1.000000000000000000, 0.000000000000000000, 0.000000000000000000 ) ) ;
#6991 = CARTESIAN_POINT ( 'NONE',  ( -11.00935624689689973, -33.63663725369958968, 9.442079627108434181 ) ) ;
#6992 = CARTESIAN_POINT ( 'NONE',  ( 8.100000000000015632, -24.41053361559590940, 10.00000000000000000 ) ) ;
#6993 = CYLINDRICAL_SURFACE ( 'NONE', #6158, 2.000000000000003553 ) ;
#6994 = DIRECTION ( 'NONE',  ( 1.000000000000000000, 0.000000000000000000, 0.000000000000000000 ) ) ;
#6995 = ORIENTED_EDGE ( 'NONE', *, *, #3549, .T. ) ;
#6996 = ADVANCED_FACE ( 'NONE', ( #5520 ), #2578, .T. ) ;
#6997 = ORIENTED_EDGE ( 'NONE', *, *, #6930, .T. ) ;
#6998 = ORIENTED_EDGE ( 'NONE', *, *, #774, .F. ) ;
#6999 = DIRECTION ( 'NONE',  ( 0.000000000000000000, 0.000000000000000000, 1.000000000000000000 ) ) ;
#7000 = DIRECTION ( 'NONE',  ( -1.000000000000000000, 0.000000000000000000, 1.387778780781445676E-16 ) ) ;
#7001 = DIRECTION ( 'NONE',  ( 0.000000000000000000, 0.000000000000000000, -1.000000000000000000 ) ) ;
#7002 = ORIENTED_EDGE ( 'NONE', *, *, #390, .F. ) ;
#7003 = LINE ( 'NONE', #5216, #4781 ) ;
#7004 = DIRECTION ( 'NONE',  ( 1.000000000000000000, -0.000000000000000000, -0.000000000000000000 ) ) ;
#7005 = ORIENTED_EDGE ( 'NONE', *, *, #5129, .T. ) ;
#7006 = EDGE_LOOP ( 'NONE', ( #1504, #730 ) ) ;
#7007 = CARTESIAN_POINT ( 'NONE',  ( -14.40894241220451910, -20.99999999999999289, 19.50000000000000000 ) ) ;
#7008 = CARTESIAN_POINT ( 'NONE',  ( -51.72355327481841414, 4.335074973525342656, 9.715507906199157162 ) ) ;
#7009 = FACE_OUTER_BOUND ( 'NONE', #6484, .T. ) ;
#7010 = CARTESIAN_POINT ( 'NONE',  ( -11.67157287525389009, 26.00000000000000355, 0.000000000000000000 ) ) ;
#7011 = FACE_OUTER_BOUND ( 'NONE', #5892, .T. ) ;
#7012 = FACE_OUTER_BOUND ( 'NONE', #3401, .T. ) ;
#7013 = EDGE_LOOP ( 'NONE', ( #3993, #1488, #7529, #4480 ) ) ;
#7014 = EDGE_LOOP ( 'NONE', ( #4102, #1432, #6918, #5879, #4482, #4498 ) ) ;
#7015 = EDGE_CURVE ( 'NONE', #2395, #2923, #6868, .T. ) ;
#7016 = CARTESIAN_POINT ( 'NONE',  ( 34.66283409397679094, 3.750230291030153040, 4.758101867378181637 ) ) ;
#7017 = CARTESIAN_POINT ( 'NONE',  ( -35.19999999999999574, 0.009999999999899849418, 21.00000000000000000 ) ) ;
#7018 = AXIS2_PLACEMENT_3D ( 'NONE', #4588, #7587, #507 ) ;
#7019 = LINE ( 'NONE', #6511, #7272 ) ;
#7020 = FACE_OUTER_BOUND ( 'NONE', #1852, .T. ) ;
#7021 = ORIENTED_EDGE ( 'NONE', *, *, #6013, .T. ) ;
#7022 = EDGE_CURVE ( 'NONE', #193, #5934, #1455, .T. ) ;
#7023 = CIRCLE ( 'NONE', #3416, 1.749999999999999778 ) ;
#7024 = AXIS2_PLACEMENT_3D ( 'NONE', #4180, #5381, #4804 ) ;
#7025 = CARTESIAN_POINT ( 'NONE',  ( -13.40894241220451910, -20.99999999999998934, 0.000000000000000000 ) ) ;
#7026 = DIRECTION ( 'NONE',  ( -0.7071067811865473507, 0.7071067811865477948, 0.000000000000000000 ) ) ;
#7027 = CARTESIAN_POINT ( 'NONE',  ( -43.44971852861098682, 1.547418779149457801, 18.15891867536075921 ) ) ;
#7028 = CIRCLE ( 'NONE', #2671, 1.749999999999999778 ) ;
#7029 = EDGE_CURVE ( 'NONE', #7426, #6326, #2288, .T. ) ;
#7030 = ORIENTED_EDGE ( 'NONE', *, *, #177, .F. ) ;
#7031 = B_SPLINE_CURVE_WITH_KNOTS ( 'NONE', 3,
 ( #7356, #1442, #3862, #6095, #7277, #2019, #6179, #5562, #1362, #330, #814, #3311, #5021, #4478 ),
 .UNSPECIFIED., .F., .F.,
 ( 4, 2, 2, 2, 2, 2, 4 ),
 ( 0.004870121808885632779, 0.005731193692560491472, 0.006161729634397912145, 0.006592265576235333685, 0.007453337459910187174, 0.007883873401747613918, 0.008314409343585040663 ),
 .UNSPECIFIED. ) ;
#7032 = DIRECTION ( 'NONE',  ( 0.000000000000000000, 0.000000000000000000, -1.000000000000000000 ) ) ;
#7033 = AXIS2_PLACEMENT_3D ( 'NONE', #4483, #5756, #6864 ) ;
#7034 = CIRCLE ( 'NONE', #4675, 1.750000000000005107 ) ;
#7035 = DIRECTION ( 'NONE',  ( -0.000000000000000000, -0.000000000000000000, -1.000000000000000000 ) ) ;
#7036 = LINE ( 'NONE', #1704, #4261 ) ;
#7037 = ORIENTED_EDGE ( 'NONE', *, *, #7625, .F. ) ;
#7038 = CARTESIAN_POINT ( 'NONE',  ( 21.90999999999990777, -13.30000000000000426, 0.000000000000000000 ) ) ;
#7039 = FACE_OUTER_BOUND ( 'NONE', #6493, .T. ) ;
#7040 = ORIENTED_EDGE ( 'NONE', *, *, #4834, .F. ) ;
#7041 = AXIS2_PLACEMENT_3D ( 'NONE', #4162, #5440, #6554 ) ;
#7042 = ORIENTED_EDGE ( 'NONE', *, *, #5799, .T. ) ;
#7043 = EDGE_CURVE ( 'NONE', #1719, #5480, #7554, .T. ) ;
#7044 = FACE_OUTER_BOUND ( 'NONE', #7365, .T. ) ;
#7045 = ADVANCED_FACE ( 'NONE', ( #2615 ), #5605, .F. ) ;
#7046 = CIRCLE ( 'NONE', #702, 5.000000000000000000 ) ;
#7047 = DIRECTION ( 'NONE',  ( 0.8619342151577692457, 0.5070201265633941246, 0.000000000000000000 ) ) ;
#7048 = CARTESIAN_POINT ( 'NONE',  ( -20.21076683067359525, -20.99999999999999289, 19.50000000000000000 ) ) ;
#7049 = CARTESIAN_POINT ( 'NONE',  ( 34.04095467494033755, 5.443602708280518954, 8.580001391403328626 ) ) ;
#7050 = CARTESIAN_POINT ( 'NONE',  ( 15.17106781186546627, 18.00000000000000711, 19.99999999999999645 ) ) ;
#7051 = FACE_BOUND ( 'NONE', #1527, .T. ) ;
#7052 = ORIENTED_EDGE ( 'NONE', *, *, #429, .F. ) ;
#7053 = CIRCLE ( 'NONE', #5801, 1.749999999999999778 ) ;
#7054 = VECTOR ( 'NONE', #2054, 1000.000000000000000 ) ;
#7055 = ORIENTED_EDGE ( 'NONE', *, *, #715, .T. ) ;
#7056 = CARTESIAN_POINT ( 'NONE',  ( 21.91421356237307450, 18.58578643762691485, 1.999999999999996669 ) ) ;
#7057 = AXIS2_PLACEMENT_3D ( 'NONE', #3006, #5375, #3594 ) ;
#7058 = CARTESIAN_POINT ( 'NONE',  ( -13.27743229591008323, -30.71915747299406618, 19.40189321836893299 ) ) ;
#7059 = DIRECTION ( 'NONE',  ( 0.000000000000000000, 0.000000000000000000, -1.000000000000000000 ) ) ;
#7060 = PLANE ( 'NONE',  #5682 ) ;
#7061 = EDGE_CURVE ( 'NONE', #990, #3057, #6189, .T. ) ;
#7062 = VERTEX_POINT ( 'NONE', #5122 ) ;
#7063 = EDGE_LOOP ( 'NONE', ( #3199, #6962, #555, #6735, #6223, #6574, #1595, #4242, #4900, #1591 ) ) ;
#7064 = VERTEX_POINT ( 'NONE', #6906 ) ;
#7065 = AXIS2_PLACEMENT_3D ( 'NONE', #7605, #5728, #6435 ) ;
#7066 = CIRCLE ( 'NONE', #4310, 4.900000000000002132 ) ;
#7067 = CARTESIAN_POINT ( 'NONE',  ( 34.76547611946882199, -3.381022991652586018, 10.98377990923707159 ) ) ;
#7068 = CARTESIAN_POINT ( 'NONE',  ( 21.90999999999991132, 13.29999999999999893, 21.00000000000000000 ) ) ;
#7069 = EDGE_CURVE ( 'NONE', #5047, #1110, #4360, .T. ) ;
#7070 = CARTESIAN_POINT ( 'NONE',  ( 21.91000000000000725, -0.01000000000000132727, 21.00000000000000000 ) ) ;
#7071 = AXIS2_PLACEMENT_3D ( 'NONE', #2806, #7560, #6977 ) ;
#7072 = ORIENTED_EDGE ( 'NONE', *, *, #87, .F. ) ;
#7073 = DIRECTION ( 'NONE',  ( 1.000000000000000000, -0.000000000000000000, -0.000000000000000000 ) ) ;
#7074 = VECTOR ( 'NONE', #6875, 1000.000000000000000 ) ;
#7075 = FACE_OUTER_BOUND ( 'NONE', #7187, .T. ) ;
#7076 = EDGE_CURVE ( 'NONE', #6264, #2913, #7363, .T. ) ;
#7077 = DIRECTION ( 'NONE',  ( -1.000000000000000000, -4.163336342344336238E-15, 0.000000000000000000 ) ) ;
#7078 = EDGE_LOOP ( 'NONE', ( #1999, #713, #1116, #4932 ) ) ;
#7079 = EDGE_CURVE ( 'NONE', #486, #3718, #5448, .T. ) ;
#7080 = CYLINDRICAL_SURFACE ( 'NONE', #804, 13.29000000000000270 ) ;
#7081 = ADVANCED_FACE ( 'NONE', ( #1580 ), #1990, .F. ) ;
#7082 = CARTESIAN_POINT ( 'NONE',  ( -35.09704506566746574, 1.661624120408017991, 19.56084645555845469 ) ) ;
#7083 = ORIENTED_EDGE ( 'NONE', *, *, #4502, .F. ) ;
#7084 = ORIENTED_EDGE ( 'NONE', *, *, #7458, .F. ) ;
#7085 = EDGE_LOOP ( 'NONE', ( #5152, #5803, #5748, #4820, #7135, #6240 ) ) ;
#7086 = CYLINDRICAL_SURFACE ( 'NONE', #5273, 0.9999999999999991118 ) ;
#7087 = CARTESIAN_POINT ( 'NONE',  ( -14.40894241220451910, -21.99999999999999289, 24.00000000000000000 ) ) ;
#7088 = CARTESIAN_POINT ( 'NONE',  ( 21.91000000000000725, -0.01000000000000132727, 0.000000000000000000 ) ) ;
#7089 = CARTESIAN_POINT ( 'NONE',  ( -61.10000000000000142, -1.196959198423997211E-14, 12.00000000000000000 ) ) ;
#7090 = DIRECTION ( 'NONE',  ( -1.000000000000000000, 0.000000000000000000, 0.000000000000000000 ) ) ;
#7091 = DIRECTION ( 'NONE',  ( 0.000000000000000000, 1.000000000000000000, 0.000000000000000000 ) ) ;
#7092 = EDGE_CURVE ( 'NONE', #7575, #6838, #3810, .T. ) ;
#7093 = EDGE_LOOP ( 'NONE', ( #1606, #7300, #5524, #1853 ) ) ;
#7094 = CARTESIAN_POINT ( 'NONE',  ( -33.94794105828309227, 5.644433748231639569, 13.13009814960441624 ) ) ;
#7095 = CARTESIAN_POINT ( 'NONE',  ( -49.10000000000000142, -8.767025567052019698E-15, 9.500000000000005329 ) ) ;
#7096 = CARTESIAN_POINT ( 'NONE',  ( -31.24999999999998224, -13.50000000000002665, 24.00000000000000000 ) ) ;
#7097 = VERTEX_POINT ( 'NONE', #6739 ) ;
#7098 = EDGE_LOOP ( 'NONE', ( #6140, #5069, #34, #2364, #5072, #7338, #1021 ) ) ;
#7099 = CARTESIAN_POINT ( 'NONE',  ( 34.30478948392984506, -4.810290376168503634, 8.946044724382147706 ) ) ;
#7100 = B_SPLINE_CURVE_WITH_KNOTS ( 'NONE', 3,
 ( #1989, #618, #5893, #578, #3150, #5567, #1773, #219, #4904, #6146, #3783, #781, #259, #7327, #6571, #2952 ),
 .UNSPECIFIED., .F., .F.,
 ( 4, 2, 2, 2, 2, 2, 2, 4 ),
 ( 0.004993735409522444615, 0.005423211773871490157, 0.005852688138220534832, 0.006282164502569580374, 0.006711640866918625048, 0.007141117231267670590, 0.007570593595616716132, 0.008429546324314808950 ),
 .UNSPECIFIED. ) ;
#7101 = CARTESIAN_POINT ( 'NONE',  ( -46.58147620649919673, 4.291691304769884141, 9.634609649482312577 ) ) ;
#7102 = PLANE ( 'NONE',  #487 ) ;
#7103 = ORIENTED_EDGE ( 'NONE', *, *, #6625, .F. ) ;
#7104 = LINE ( 'NONE', #5851, #4155 ) ;
#7105 = DIRECTION ( 'NONE',  ( -9.941108744852766272E-17, 1.000000000000000000, -0.000000000000000000 ) ) ;
#7106 = FACE_OUTER_BOUND ( 'NONE', #2117, .T. ) ;
#7107 = EDGE_CURVE ( 'NONE', #6675, #752, #6280, .T. ) ;
#7108 = ORIENTED_EDGE ( 'NONE', *, *, #2982, .F. ) ;
#7109 = CARTESIAN_POINT ( 'NONE',  ( 37.89999999999999147, -6.098637220230962441E-16, 5.000000000000000000 ) ) ;
#7110 = CARTESIAN_POINT ( 'NONE',  ( -35.12783511428881411, 1.394533561296510182, 20.06332889665184993 ) ) ;
#7111 = VERTEX_POINT ( 'NONE', #3989 ) ;
#7112 = ORIENTED_EDGE ( 'NONE', *, *, #4831, .F. ) ;
#7113 = ORIENTED_EDGE ( 'NONE', *, *, #2890, .F. ) ;
#7114 = CARTESIAN_POINT ( 'NONE',  ( 10.90180841670002465, -34.08819856468883103, 19.50000000000000000 ) ) ;
#7115 = EDGE_CURVE ( 'NONE', #3568, #1671, #1460, .T. ) ;
#7116 = CARTESIAN_POINT ( 'NONE',  ( 35.20000000000000995, 0.009999999999908523035, 15.25001333335703535 ) ) ;
#7117 = LINE ( 'NONE', #1780, #225 ) ;
#7118 = LINE ( 'NONE', #695, #5649 ) ;
#7119 = CARTESIAN_POINT ( 'NONE',  ( 34.56154537678097682, 4.082566215314984426, 14.36959547231449008 ) ) ;
#7120 = DIRECTION ( 'NONE',  ( -0.000000000000000000, -0.000000000000000000, -1.000000000000000000 ) ) ;
#7121 = ORIENTED_EDGE ( 'NONE', *, *, #1400, .F. ) ;
#7122 = EDGE_LOOP ( 'NONE', ( #3314, #7448, #5703, #2329 ) ) ;
#7123 = LINE ( 'NONE', #6552, #4038 ) ;
#7124 = CARTESIAN_POINT ( 'NONE',  ( -35.13525305468017734, -1.322782941534171419, 17.84849686918802547 ) ) ;
#7125 = CARTESIAN_POINT ( 'NONE',  ( -46.82577677230062108, -4.231855881549609677, 9.529153405858169279 ) ) ;
#7126 = CARTESIAN_POINT ( 'NONE',  ( -21.90999999999990067, -13.30000000000000071, 21.00000000000000000 ) ) ;
#7127 = CARTESIAN_POINT ( 'NONE',  ( -52.10000000000001563, -2.399552530515515425, 10.36368850668118391 ) ) ;
#7128 = VERTEX_POINT ( 'NONE', #4064 ) ;
#7129 = ORIENTED_EDGE ( 'NONE', *, *, #4649, .T. ) ;
#7130 = AXIS2_PLACEMENT_3D ( 'NONE', #1048, #481, #5791 ) ;
#7131 = CARTESIAN_POINT ( 'NONE',  ( 17.89999999999998792, -1.734723475976807094E-15, 19.00000000000000000 ) ) ;
#7132 = CARTESIAN_POINT ( 'NONE',  ( -43.91539384119617040, 1.233402975607573948, 17.75412314249180312 ) ) ;
#7133 = CIRCLE ( 'NONE', #2167, 11.09999999999999609 ) ;
#7134 = VECTOR ( 'NONE', #625, 1000.000000000000000 ) ;
#7135 = ORIENTED_EDGE ( 'NONE', *, *, #531, .T. ) ;
#7136 = LINE ( 'NONE', #4179, #3545 ) ;
#7137 = DIRECTION ( 'NONE',  ( 1.000000000000000000, 0.000000000000000000, 0.000000000000000000 ) ) ;
#7138 = AXIS2_PLACEMENT_3D ( 'NONE', #3486, #3564, #2387 ) ;
#7139 = DIRECTION ( 'NONE',  ( 0.000000000000000000, 0.000000000000000000, 1.000000000000000000 ) ) ;
#7140 = TOROIDAL_SURFACE ( 'NONE', #565, 14.09999999999999432, 3.000000000000000000 ) ;
#7141 = VERTEX_POINT ( 'NONE', #7096 ) ;
#7142 = DIRECTION ( 'NONE',  ( 1.000000000000000000, 9.941108744852763806E-17, -2.775557561562891351E-16 ) ) ;
#7143 = DIRECTION ( 'NONE',  ( -1.000000000000000000, 0.000000000000000000, 0.000000000000000000 ) ) ;
#7144 = ORIENTED_EDGE ( 'NONE', *, *, #391, .T. ) ;
#7145 = ORIENTED_EDGE ( 'NONE', *, *, #1066, .T. ) ;
#7146 = ORIENTED_EDGE ( 'NONE', *, *, #5228, .T. ) ;
#7147 = VECTOR ( 'NONE', #4452, 1000.000000000000000 ) ;
#7148 = AXIS2_PLACEMENT_3D ( 'NONE', #4329, #3875, #264 ) ;
#7149 = CARTESIAN_POINT ( 'NONE',  ( -1.676305461423940990, -17.99999999999999645, 19.50000000000000000 ) ) ;
#7150 = DIRECTION ( 'NONE',  ( -0.000000000000000000, -0.000000000000000000, 1.000000000000000000 ) ) ;
#7151 = CARTESIAN_POINT ( 'NONE',  ( -11.58406159680921554, -32.32869872130611810, 18.17804216228353198 ) ) ;
#7152 = CARTESIAN_POINT ( 'NONE',  ( -21.90999999999999304, 0.009999999999992653654, 21.00000000000000000 ) ) ;
#7153 = VECTOR ( 'NONE', #286, 1000.000000000000000 ) ;
#7154 = CARTESIAN_POINT ( 'NONE',  ( -16.09999999999999432, -32.00000000000000000, 10.00000000000000000 ) ) ;
#7155 = CARTESIAN_POINT ( 'NONE',  ( -35.18853156014647254, 0.5719878014968811097, 3.342173400802582517 ) ) ;
#7156 = VECTOR ( 'NONE', #775, 1000.000000000000000 ) ;
#7157 = LINE ( 'NONE', #1784, #1453 ) ;
#7158 = ORIENTED_EDGE ( 'NONE', *, *, #4490, .T. ) ;
#7159 = COLOUR_RGB ( '',0.7921568627450980005, 0.8196078431372548767, 0.9333333333333333481 ) ;
#7160 = CARTESIAN_POINT ( 'NONE',  ( -8.100000000000013856, -24.41053361559591650, 9.813184639509781704 ) ) ;
#7161 = ADVANCED_FACE ( 'NONE', ( #3438 ), #4101, .F. ) ;
#7162 = CARTESIAN_POINT ( 'NONE',  ( -35.19999999999998863, -0.2406252227892319295, 17.25134645159433333 ) ) ;
#7163 = FACE_OUTER_BOUND ( 'NONE', #1992, .T. ) ;
#7164 = DIRECTION ( 'NONE',  ( -1.000000000000000000, 0.000000000000000000, 0.000000000000000000 ) ) ;
#7165 = ADVANCED_FACE ( 'NONE', ( #2858 ), #1028, .T. ) ;
#7166 = CARTESIAN_POINT ( 'NONE',  ( 32.82893218813451597, 13.00000000000000711, 21.00000000000000000 ) ) ;
#7167 = AXIS2_PLACEMENT_3D ( 'NONE', #1501, #2199, #1658 ) ;
#7168 = VECTOR ( 'NONE', #2272, 1000.000000000000000 ) ;
#7169 = ORIENTED_EDGE ( 'NONE', *, *, #1431, .T. ) ;
#7170 = VERTEX_POINT ( 'NONE', #3947 ) ;
#7171 = VERTEX_POINT ( 'NONE', #4683 ) ;
#7172 = AXIS2_PLACEMENT_3D ( 'NONE', #4434, #6815, #1486 ) ;
#7173 = CIRCLE ( 'NONE', #2205, 11.09999999999999609 ) ;
#7174 = DIRECTION ( 'NONE',  ( -1.000000000000000000, 0.000000000000000000, 0.000000000000000000 ) ) ;
#7175 = CARTESIAN_POINT ( 'NONE',  ( -41.25135416756737783, 0.9092667560487789347, 20.50103488273262897 ) ) ;
#7176 = EDGE_CURVE ( 'NONE', #7062, #2264, #3547, .T. ) ;
#7177 = ADVANCED_FACE ( 'NONE', ( #7020 ), #5301, .F. ) ;
#7178 = ORIENTED_EDGE ( 'NONE', *, *, #6549, .T. ) ;
#7179 = DIRECTION ( 'NONE',  ( 1.000000000000000000, 0.000000000000000000, 0.000000000000000000 ) ) ;
#7180 = PLANE ( 'NONE',  #4773 ) ;
#7181 = AXIS2_PLACEMENT_3D ( 'NONE', #1107, #2856, #3362 ) ;
#7182 = CYLINDRICAL_SURFACE ( 'NONE', #1224, 1.750000000000001554 ) ;
#7183 = CARTESIAN_POINT ( 'NONE',  ( -8.587348615436932064, 18.00000000000000711, 10.70489732241403402 ) ) ;
#7184 = ORIENTED_EDGE ( 'NONE', *, *, #1213, .F. ) ;
#7185 = EDGE_LOOP ( 'NONE', ( #4112, #5151, #7108, #819 ) ) ;
#7186 = EDGE_CURVE ( 'NONE', #3864, #7358, #1623, .T. ) ;
#7187 = EDGE_LOOP ( 'NONE', ( #850, #1151, #45, #2064 ) ) ;
#7188 = AXIS2_PLACEMENT_3D ( 'NONE', #6501, #1161, #6544 ) ;
#7189 = CARTESIAN_POINT ( 'NONE',  ( 13.62298334620743034, 23.00000000000004619, 5.000000000000000888 ) ) ;
#7190 = DIRECTION ( 'NONE',  ( -1.000000000000000000, -8.673617379884028570E-16, 1.387778780781445676E-16 ) ) ;
#7191 = CYLINDRICAL_SURFACE ( 'NONE', #2570, 3.750000000000000000 ) ;
#7192 = CARTESIAN_POINT ( 'NONE',  ( -32.01741448451777217, -8.639522150992370086, 12.62371473485616669 ) ) ;
#7193 = CARTESIAN_POINT ( 'NONE',  ( 9.469599583732998482, 18.71635375577180227, 9.283646244228201283 ) ) ;
#7194 = FACE_BOUND ( 'NONE', #4414, .T. ) ;
#7195 = DIRECTION ( 'NONE',  ( -0.000000000000000000, -0.000000000000000000, -1.000000000000000000 ) ) ;
#7196 = ORIENTED_EDGE ( 'NONE', *, *, #4566, .T. ) ;
#7197 = ADVANCED_FACE ( 'NONE', ( #7572, #2347 ), #7060, .F. ) ;
#7198 = DIRECTION ( 'NONE',  ( 1.000000000000000000, 9.941108744852766272E-17, 0.000000000000000000 ) ) ;
#7199 = CARTESIAN_POINT ( 'NONE',  ( -8.100000000000003197, -24.41053361559590584, 10.00000000000000000 ) ) ;
#7200 = CARTESIAN_POINT ( 'NONE',  ( -46.96139348245020528, -4.214261501141108646, 9.500000000000001776 ) ) ;
#7201 = EDGE_CURVE ( 'NONE', #4103, #7650, #1356, .T. ) ;
#7202 = CARTESIAN_POINT ( 'NONE',  ( -49.10000000000000142, -1.469693845669915344, 14.50000000000000355 ) ) ;
#7203 = LINE ( 'NONE', #6620, #7431 ) ;
#7204 = ORIENTED_EDGE ( 'NONE', *, *, #2938, .T. ) ;
#7205 = VERTEX_POINT ( 'NONE', #2190 ) ;
#7206 = EDGE_CURVE ( 'NONE', #6384, #3888, #3498, .T. ) ;
#7207 = CARTESIAN_POINT ( 'NONE',  ( -1.682681771697502882E-13, 40.50000000000004263, 5.000000000000000888 ) ) ;
#7208 = CARTESIAN_POINT ( 'NONE',  ( -41.15425195108696954, 0.6741827054497608884, 20.62029300822662137 ) ) ;
#7209 = ORIENTED_EDGE ( 'NONE', *, *, #3229, .T. ) ;
#7210 = CARTESIAN_POINT ( 'NONE',  ( -13.40894241220451732, -25.41283789321709818, 5.136526129089248549 ) ) ;
#7211 = DIRECTION ( 'NONE',  ( -0.7071067811865437980, 0.7071067811865513475, 1.962615573354708543E-16 ) ) ;
#7212 = DIRECTION ( 'NONE',  ( 0.7071067811865473507, 0.7071067811865477948, 0.000000000000000000 ) ) ;
#7213 = ADVANCED_FACE ( 'NONE', ( #638 ), #102, .T. ) ;
#7214 = CARTESIAN_POINT ( 'NONE',  ( 34.71770976430045152, -3.559107480253771438, 6.206562918034752130 ) ) ;
#7215 = ORIENTED_EDGE ( 'NONE', *, *, #945, .F. ) ;
#7216 = ORIENTED_EDGE ( 'NONE', *, *, #1913, .T. ) ;
#7217 = ORIENTED_EDGE ( 'NONE', *, *, #1511, .F. ) ;
#7218 = LINE ( 'NONE', #5541, #6311 ) ;
#7219 = DIRECTION ( 'NONE',  ( -0.000000000000000000, -0.000000000000000000, 1.000000000000000000 ) ) ;
#7220 = DIRECTION ( 'NONE',  ( -0.000000000000000000, -0.000000000000000000, -1.000000000000000000 ) ) ;
#7221 = CARTESIAN_POINT ( 'NONE',  ( -10.90180841670001399, -34.08819856468884524, 16.50000000000000000 ) ) ;
#7222 = CARTESIAN_POINT ( 'NONE',  ( 13.40894241220452443, -25.41283789321709818, 0.000000000000000000 ) ) ;
#7223 = DIRECTION ( 'NONE',  ( 1.387778780781445676E-16, 1.379605977354753764E-32, 1.000000000000000000 ) ) ;
#7224 = DIRECTION ( 'NONE',  ( -0.000000000000000000, -0.000000000000000000, -1.000000000000000000 ) ) ;
#7225 = ORIENTED_EDGE ( 'NONE', *, *, #3707, .T. ) ;
#7226 = CARTESIAN_POINT ( 'NONE',  ( -41.41075769285372843, -8.306823908755061936, 10.81433497733133287 ) ) ;
#7227 = CARTESIAN_POINT ( 'NONE',  ( -8.728293477980724975E-15, 18.00000000000000355, 12.00000000000000000 ) ) ;
#7228 = CARTESIAN_POINT ( 'NONE',  ( -23.88307512300518809, -20.99999999999999645, 24.00000000000000000 ) ) ;
#7229 = CARTESIAN_POINT ( 'NONE',  ( -34.12323281499718064, -5.250328647122815440, 11.87330849718736125 ) ) ;
#7230 = DIRECTION ( 'NONE',  ( 0.000000000000000000, 0.000000000000000000, 1.000000000000000000 ) ) ;
#7231 = DIRECTION ( 'NONE',  ( 0.000000000000000000, 0.000000000000000000, -1.000000000000000000 ) ) ;
#7232 = ORIENTED_EDGE ( 'NONE', *, *, #944, .F. ) ;
#7233 = B_SPLINE_CURVE_WITH_KNOTS ( 'NONE', 3,
 ( #4511, #3890, #5675, #7351, #982, #3930, #441, #2637, #7510, #3306, #3222, #6935 ),
 .UNSPECIFIED., .F., .F.,
 ( 4, 2, 2, 2, 2, 4 ),
 ( 1.939479807224432123E-18, 0.0004085864697054260915, 0.0008171729394108502315, 0.001021466174263562518, 0.001225759409116275022, 0.001634345878821700680 ),
 .UNSPECIFIED. ) ;
#7234 = ORIENTED_EDGE ( 'NONE', *, *, #644, .F. ) ;
#7235 = ORIENTED_EDGE ( 'NONE', *, *, #6091, .F. ) ;
#7236 = EDGE_CURVE ( 'NONE', #1620, #107, #5068, .T. ) ;
#7237 = PLANE ( 'NONE',  #224 ) ;
#7238 = LINE ( 'NONE', #4211, #233 ) ;
#7239 = EDGE_CURVE ( 'NONE', #5897, #3520, #7682, .T. ) ;
#7240 = ORIENTED_EDGE ( 'NONE', *, *, #1402, .F. ) ;
#7241 = DIRECTION ( 'NONE',  ( -0.000000000000000000, -0.000000000000000000, -1.000000000000000000 ) ) ;
#7242 = CARTESIAN_POINT ( 'NONE',  ( 34.75000000000000000, -13.50000000000000178, 24.00000000000000000 ) ) ;
#7243 = CARTESIAN_POINT ( 'NONE',  ( -12.22089257538177165, -31.53559437311393054, 6.815913012894180056 ) ) ;
#7244 = EDGE_CURVE ( 'NONE', #1592, #5022, #7203, .T. ) ;
#7245 = CARTESIAN_POINT ( 'NONE',  ( 35.06830332312191700, -1.887574213608780083, 1.750509469786851291 ) ) ;
#7246 = DIRECTION ( 'NONE',  ( -9.941108744852767504E-17, 1.000000000000000000, 5.473822126268817899E-48 ) ) ;
#7247 = AXIS2_PLACEMENT_3D ( 'NONE', #548, #5900, #2254 ) ;
#7248 = ORIENTED_EDGE ( 'NONE', *, *, #4639, .F. ) ;
#7249 = EDGE_CURVE ( 'NONE', #4035, #1639, #3659, .T. ) ;
#7250 = ADVANCED_FACE ( 'NONE', ( #2381 ), #4755, .T. ) ;
#7251 = VERTEX_POINT ( 'NONE', #1981 ) ;
#7252 = ORIENTED_EDGE ( 'NONE', *, *, #7186, .T. ) ;
#7253 = VERTEX_POINT ( 'NONE', #7321 ) ;
#7254 = CARTESIAN_POINT ( 'NONE',  ( -32.82893218813453728, 20.00000000000000000, 22.00000000000000000 ) ) ;
#7255 = AXIS2_PLACEMENT_3D ( 'NONE', #6349, #1019, #4983 ) ;
#7256 = VECTOR ( 'NONE', #7219, 1000.000000000000000 ) ;
#7257 = DIRECTION ( 'NONE',  ( 0.000000000000000000, 0.000000000000000000, -1.000000000000000000 ) ) ;
#7258 = CARTESIAN_POINT ( 'NONE',  ( -39.90000000000000568, 7.000000000000003553, 12.00000000000000000 ) ) ;
#7259 = CARTESIAN_POINT ( 'NONE',  ( -44.90000000000004832, -4.900000000000010125, 12.00000000000000000 ) ) ;
#7260 = CARTESIAN_POINT ( 'NONE',  ( -32.72731550343342377, -7.731695447391395248, 13.59327963984979881 ) ) ;
#7261 = DIRECTION ( 'NONE',  ( -1.000000000000000000, 0.000000000000000000, 0.000000000000000000 ) ) ;
#7262 = FACE_OUTER_BOUND ( 'NONE', #5600, .T. ) ;
#7263 = ORIENTED_EDGE ( 'NONE', *, *, #7236, .T. ) ;
#7264 = DIRECTION ( 'NONE',  ( -9.941108744852766272E-17, 1.000000000000000000, 1.215432671457254510E-63 ) ) ;
#7265 = AXIS2_PLACEMENT_3D ( 'NONE', #5863, #2848, #2256 ) ;
#7266 = EDGE_LOOP ( 'NONE', ( #1126, #4249 ) ) ;
#7267 = VECTOR ( 'NONE', #7658, 1000.000000000000000 ) ;
#7268 = EDGE_CURVE ( 'NONE', #3432, #3840, #7031, .T. ) ;
#7269 = EDGE_CURVE ( 'NONE', #6343, #6368, #1713, .T. ) ;
#7270 = CIRCLE ( 'NONE', #2680, 1.749999999999999778 ) ;
#7271 = LINE ( 'NONE', #1976, #4690 ) ;
#7272 = VECTOR ( 'NONE', #2889, 1000.000000000000000 ) ;
#7273 = CARTESIAN_POINT ( 'NONE',  ( -21.90999999999999304, 0.009999999999992653654, 21.00000000000000000 ) ) ;
#7274 = DIRECTION ( 'NONE',  ( 1.000000000000000000, -8.326672684688672475E-15, 0.000000000000000000 ) ) ;
#7275 = CARTESIAN_POINT ( 'NONE',  ( -34.07892368874391309, -5.352688250905679901, 11.39705484084837828 ) ) ;
#7276 = LINE ( 'NONE', #6027, #208 ) ;
#7277 = CARTESIAN_POINT ( 'NONE',  ( -43.39482556844263428, -6.210989767602204559, 10.43452658418712709 ) ) ;
#7278 = AXIS2_PLACEMENT_3D ( 'NONE', #5048, #1506, #6716 ) ;
#7279 = VERTEX_POINT ( 'NONE', #2608 ) ;
#7280 = VERTEX_POINT ( 'NONE', #289 ) ;
#7281 = ORIENTED_EDGE ( 'NONE', *, *, #6251, .F. ) ;
#7282 = AXIS2_PLACEMENT_3D ( 'NONE', #4598, #2221, #4013 ) ;
#7283 = AXIS2_PLACEMENT_3D ( 'NONE', #3651, #1390, #3073 ) ;
#7284 = CARTESIAN_POINT ( 'NONE',  ( -41.41386008182061573, -8.304364819445304136, 13.17279683336209217 ) ) ;
#7285 = FACE_OUTER_BOUND ( 'NONE', #2383, .T. ) ;
#7286 = CARTESIAN_POINT ( 'NONE',  ( -41.11611302229130160, 0.5480442995119394478, 20.66762216478778669 ) ) ;
#7287 = ORIENTED_EDGE ( 'NONE', *, *, #1323, .F. ) ;
#7288 = ORIENTED_EDGE ( 'NONE', *, *, #391, .F. ) ;
#7289 = AXIS2_PLACEMENT_3D ( 'NONE', #2182, #2863, #4651 ) ;
#7290 = VECTOR ( 'NONE', #6809, 1000.000000000000000 ) ;
#7291 = FACE_OUTER_BOUND ( 'NONE', #4319, .T. ) ;
#7292 = DIRECTION ( 'NONE',  ( 0.7071067811865473507, 0.7071067811865477948, 0.000000000000000000 ) ) ;
#7293 = PLANE ( 'NONE',  #1210 ) ;
#7294 = AXIS2_PLACEMENT_3D ( 'NONE', #2592, #1306, #4926 ) ;
#7295 = CARTESIAN_POINT ( 'NONE',  ( 34.66283409397678383, -3.750230291030154817, 5.241898132621817474 ) ) ;
#7296 = ORIENTED_EDGE ( 'NONE', *, *, #3115, .T. ) ;
#7297 = VECTOR ( 'NONE', #997, 1000.000000000000000 ) ;
#7298 = EDGE_LOOP ( 'NONE', ( #2983, #4536, #1709, #4479 ) ) ;
#7299 = ORIENTED_EDGE ( 'NONE', *, *, #5013, .T. ) ;
#7300 = ORIENTED_EDGE ( 'NONE', *, *, #4754, .F. ) ;
#7301 = CARTESIAN_POINT ( 'NONE',  ( 9.500000000000010658, 20.00000000000000000, 24.00000000000000355 ) ) ;
#7302 = CIRCLE ( 'NONE', #1471, 3.750000000000001776 ) ;
#7303 = DIRECTION ( 'NONE',  ( 0.000000000000000000, 0.000000000000000000, 1.000000000000000000 ) ) ;
#7304 = CARTESIAN_POINT ( 'NONE',  ( -52.07459632688390627, -4.575523904607462278, 13.75816896100589304 ) ) ;
#7305 = EDGE_CURVE ( 'NONE', #2251, #5247, #2210, .T. ) ;
#7306 = CIRCLE ( 'NONE', #3179, 4.900000000000002132 ) ;
#7307 = EDGE_CURVE ( 'NONE', #2582, #1711, #2075, .T. ) ;
#7308 = CARTESIAN_POINT ( 'NONE',  ( -35.19999999999999574, -6.098637220230962441E-16, 5.000000000000000000 ) ) ;
#7309 = CARTESIAN_POINT ( 'NONE',  ( -35.19999999999999574, -0.01000000000000653144, 3.250028571661816024 ) ) ;
#7310 = DIRECTION ( 'NONE',  ( 0.000000000000000000, 0.000000000000000000, -1.000000000000000000 ) ) ;
#7311 = CARTESIAN_POINT ( 'NONE',  ( -35.19999999999999574, 0.009999999999899845948, 6.749971428338189305 ) ) ;
#7312 = ORIENTED_EDGE ( 'NONE', *, *, #1066, .F. ) ;
#7313 = AXIS2_PLACEMENT_3D ( 'NONE', #4344, #1385, #6123 ) ;
#7314 = CARTESIAN_POINT ( 'NONE',  ( -42.58456515516913043, -7.000000000000000000, 10.25000000000000000 ) ) ;
#7315 = VECTOR ( 'NONE', #5575, 1000.000000000000000 ) ;
#7316 = DIRECTION ( 'NONE',  ( -1.000000000000000000, 0.000000000000000000, 0.000000000000000000 ) ) ;
#7317 = CARTESIAN_POINT ( 'NONE',  ( -44.52684904519669828, -0.2794480045999540030, 17.26727993319431320 ) ) ;
#7318 = CARTESIAN_POINT ( 'NONE',  ( -34.12364795882823643, -5.249361032657662740, 12.23951101410699493 ) ) ;
#7319 = DIRECTION ( 'NONE',  ( -1.000000000000000000, 0.000000000000000000, 0.000000000000000000 ) ) ;
#7320 = EDGE_CURVE ( 'NONE', #3366, #1584, #901, .T. ) ;
#7321 = CARTESIAN_POINT ( 'NONE',  ( -42.58456515516911622, 7.000000000000002665, 10.25000000000000000 ) ) ;
#7322 = VERTEX_POINT ( 'NONE', #5511 ) ;
#7323 = VERTEX_POINT ( 'NONE', #3227 ) ;
#7324 = ORIENTED_EDGE ( 'NONE', *, *, #2941, .T. ) ;
#7325 = ORIENTED_EDGE ( 'NONE', *, *, #4593, .F. ) ;
#7326 = DIRECTION ( 'NONE',  ( 1.000000000000000000, 2.668805347656626678E-16, -0.000000000000000000 ) ) ;
#7327 = CARTESIAN_POINT ( 'NONE',  ( -42.98997313576614232, 6.590943338871415591, 10.28642821914635341 ) ) ;
#7328 = CARTESIAN_POINT ( 'NONE',  ( -52.10000000000000853, 2.481934729198169265, 10.50000000000000533 ) ) ;
#7329 = DIRECTION ( 'NONE',  ( -1.000000000000000000, -9.941108744852765039E-17, 0.000000000000000000 ) ) ;
#7330 = ORIENTED_EDGE ( 'NONE', *, *, #4465, .T. ) ;
#7331 = DIRECTION ( 'NONE',  ( 0.000000000000000000, 1.000000000000000000, 0.000000000000000000 ) ) ;
#7332 = CARTESIAN_POINT ( 'NONE',  ( 34.89999999999999147, -17.99999999999999289, 24.00000000000000000 ) ) ;
#7333 = CARTESIAN_POINT ( 'NONE',  ( -21.90999999999990067, 13.29999999999999538, 21.00000000000000000 ) ) ;
#7334 = ORIENTED_EDGE ( 'NONE', *, *, #7409, .F. ) ;
#7335 = ORIENTED_EDGE ( 'NONE', *, *, #5773, .F. ) ;
#7336 = EDGE_LOOP ( 'NONE', ( #2153, #4591, #5286, #7235 ) ) ;
#7337 = VERTEX_POINT ( 'NONE', #4984 ) ;
#7338 = ORIENTED_EDGE ( 'NONE', *, *, #3515, .T. ) ;
#7339 = DIRECTION ( 'NONE',  ( -1.491166311727914324E-16, 1.000000000000000000, 0.000000000000000000 ) ) ;
#7340 = EDGE_CURVE ( 'NONE', #3628, #1944, #5067, .T. ) ;
#7341 = LINE ( 'NONE', #4222, #6565 ) ;
#7342 = CARTESIAN_POINT ( 'NONE',  ( -51.61646862434260186, -4.295104907553123574, 14.35878209799835403 ) ) ;
#7343 = DIRECTION ( 'NONE',  ( 1.000000000000000000, 0.000000000000000000, 0.000000000000000000 ) ) ;
#7344 = CARTESIAN_POINT ( 'NONE',  ( 34.89999999999999147, -10.92893218813451384, 0.000000000000000000 ) ) ;
#7345 = DIRECTION ( 'NONE',  ( -1.000000000000000000, -7.228014483236695816E-17, 0.000000000000000000 ) ) ;
#7346 = CARTESIAN_POINT ( 'NONE',  ( -35.15031487988829895, 1.160927435327511414, 3.685596836127628784 ) ) ;
#7347 = ORIENTED_EDGE ( 'NONE', *, *, #4167, .F. ) ;
#7348 = CARTESIAN_POINT ( 'NONE',  ( 37.89999999999999147, -1.734723475976807094E-15, 17.24999999999999645 ) ) ;
#7349 = EDGE_CURVE ( 'NONE', #6456, #5354, #6434, .T. ) ;
#7350 = CARTESIAN_POINT ( 'NONE',  ( -42.27752184118784839, 1.732976475426432073, 4.679120731432684366 ) ) ;
#7351 = CARTESIAN_POINT ( 'NONE',  ( -46.22225052016673885, 4.476878839404366595, 13.99602929697240050 ) ) ;
#7352 = DIRECTION ( 'NONE',  ( 0.000000000000000000, 0.000000000000000000, -1.000000000000000000 ) ) ;
#7353 = LINE ( 'NONE', #3735, #4168 ) ;
#7354 = CARTESIAN_POINT ( 'NONE',  ( 13.63261334852996853, -26.06704884938621092, 5.154461789019284090 ) ) ;
#7355 = DIRECTION ( 'NONE',  ( -0.000000000000000000, -0.000000000000000000, -1.000000000000000000 ) ) ;
#7356 = CARTESIAN_POINT ( 'NONE',  ( -42.58456515516913043, -7.000000000000000000, 10.25000000000000000 ) ) ;
#7357 = ORIENTED_EDGE ( 'NONE', *, *, #7239, .T. ) ;
#7358 = VERTEX_POINT ( 'NONE', #2060 ) ;
#7359 =( BOUNDED_CURVE ( )  B_SPLINE_CURVE ( 3, ( #533, #4577, #5205, #2896 ),
 .UNSPECIFIED., .F., .F. ) 
 B_SPLINE_CURVE_WITH_KNOTS ( ( 4, 4 ),
 ( 1.823476581936963825, 3.204137245992624283 ),
 .UNSPECIFIED. ) 
 CURVE ( )  GEOMETRIC_REPRESENTATION_ITEM ( )  RATIONAL_B_SPLINE_CURVE ( ( 1.000000000000000000, 0.8473571362025635878, 0.8473571362025635878, 1.000000000000000000 ) ) 
 REPRESENTATION_ITEM ( '' )  );
#7360 = CARTESIAN_POINT ( 'NONE',  ( -52.10000000000000853, -9.567667171349008195E-15, 12.00000000000000000 ) ) ;
#7361 = ORIENTED_EDGE ( 'NONE', *, *, #5115, .T. ) ;
#7362 = CARTESIAN_POINT ( 'NONE',  ( -41.05000000000001847, -8.750000000000000000, 12.13586833565213219 ) ) ;
#7363 = LINE ( 'NONE', #6825, #5192 ) ;
#7364 = CYLINDRICAL_SURFACE ( 'NONE', #4178, 2.500000000000000444 ) ;
#7365 = EDGE_LOOP ( 'NONE', ( #1397, #3702, #7489, #1803 ) ) ;
#7366 = ADVANCED_FACE ( 'NONE', ( #5596 ), #2643, .F. ) ;
#7367 = ADVANCED_FACE ( 'NONE', ( #6218 ), #7445, .F. ) ;
#7368 = DIRECTION ( 'NONE',  ( 0.000000000000000000, 0.000000000000000000, -1.000000000000000000 ) ) ;
#7369 = CARTESIAN_POINT ( 'NONE',  ( -43.88230591931273494, 5.781964937625491352, 13.26114625493720744 ) ) ;
#7370 = DIRECTION ( 'NONE',  ( 0.000000000000000000, 0.000000000000000000, 1.000000000000000000 ) ) ;
#7371 = FACE_OUTER_BOUND ( 'NONE', #777, .T. ) ;
#7372 = ORIENTED_EDGE ( 'NONE', *, *, #3978, .T. ) ;
#7373 = ORIENTED_EDGE ( 'NONE', *, *, #6731, .F. ) ;
#7374 = VERTEX_POINT ( 'NONE', #6859 ) ;
#7375 = ORIENTED_EDGE ( 'NONE', *, *, #7501, .T. ) ;
#7376 = CARTESIAN_POINT ( 'NONE',  ( 34.66953248148195854, 3.727421841696061833, 19.44350013759372331 ) ) ;
#7377 = CARTESIAN_POINT ( 'NONE',  ( -9.900000000000012790, -13.00000000000000355, 0.000000000000000000 ) ) ;
#7378 = DIRECTION ( 'NONE',  ( 1.000000000000000000, 0.000000000000000000, 0.000000000000000000 ) ) ;
#7379 = AXIS2_PLACEMENT_3D ( 'NONE', #616, #1192, #4761 ) ;
#7380 = DIRECTION ( 'NONE',  ( -1.000000000000000000, -1.734723475976807094E-15, 4.336808689942017736E-16 ) ) ;
#7381 = CARTESIAN_POINT ( 'NONE',  ( 10.17106781186546272, 20.00000000000000000, 12.00000000000000000 ) ) ;
#7382 = DIRECTION ( 'NONE',  ( 0.000000000000000000, 1.000000000000000000, 0.000000000000000000 ) ) ;
#7383 = EDGE_CURVE ( 'NONE', #5047, #2284, #2568, .T. ) ;
#7384 = VERTEX_POINT ( 'NONE', #942 ) ;
#7385 = ORIENTED_EDGE ( 'NONE', *, *, #4646, .F. ) ;
#7386 = VECTOR ( 'NONE', #2300, 1000.000000000000000 ) ;
#7387 = AXIS2_PLACEMENT_3D ( 'NONE', #3342, #5709, #2673 ) ;
#7388 = B_SPLINE_CURVE_WITH_KNOTS ( 'NONE', 3,
 ( #6208, #1927, #163, #5621, #7434, #1384 ),
 .UNSPECIFIED., .F., .F.,
 ( 4, 2, 4 ),
 ( 0.000000000000000000, 0.001076046998685565009, 0.002152093997371130017 ),
 .UNSPECIFIED. ) ;
#7389 = DIRECTION ( 'NONE',  ( -1.387778780781445676E-16, -1.379605977354752943E-32, -1.000000000000000000 ) ) ;
#7390 = CARTESIAN_POINT ( 'NONE',  ( -34.89999999999999858, -18.00000000000000355, 21.00000000000000000 ) ) ;
#7391 = CARTESIAN_POINT ( 'NONE',  ( -51.74837658389207462, 1.808582144804732561, 14.27095192669552937 ) ) ;
#7392 = AXIS2_PLACEMENT_3D ( 'NONE', #6616, #6024, #5404 ) ;
#7393 = CARTESIAN_POINT ( 'NONE',  ( 36.36446609406725372, 16.53553390593274486, 24.00000000000000000 ) ) ;
#7394 = EDGE_CURVE ( 'NONE', #3914, #1834, #375, .T. ) ;
#7395 = FACE_OUTER_BOUND ( 'NONE', #244, .T. ) ;
#7396 = AXIS2_PLACEMENT_3D ( 'NONE', #1476, #799, #6755 ) ;
#7397 = CARTESIAN_POINT ( 'NONE',  ( 10.90180841670002465, -34.08819856468883813, 19.50000000000000000 ) ) ;
#7398 = CARTESIAN_POINT ( 'NONE',  ( 7.100000000000003197, -17.99999999999999645, 1.000000000000000888 ) ) ;
#7399 = ORIENTED_EDGE ( 'NONE', *, *, #1416, .T. ) ;
#7400 = EDGE_LOOP ( 'NONE', ( #4345, #474, #2314, #2085 ) ) ;
#7401 = ORIENTED_EDGE ( 'NONE', *, *, #222, .F. ) ;
#7402 = ORIENTED_EDGE ( 'NONE', *, *, #4241, .T. ) ;
#7403 = PLANE ( 'NONE',  #1573 ) ;
#7404 = CIRCLE ( 'NONE', #456, 1.000000000000000888 ) ;
#7405 = AXIS2_PLACEMENT_3D ( 'NONE', #4608, #2189, #7485 ) ;
#7406 = EDGE_CURVE ( 'NONE', #3845, #1555, #4318, .T. ) ;
#7407 = ADVANCED_FACE ( 'NONE', ( #4944 ), #1128, .F. ) ;
#7408 = LINE ( 'NONE', #5642, #2032 ) ;
#7409 = EDGE_CURVE ( 'NONE', #998, #3820, #3684, .T. ) ;
#7410 = CARTESIAN_POINT ( 'NONE',  ( 16.83804627249358177, -28.62467866323906662, 5.000000000000000000 ) ) ;
#7411 = CARTESIAN_POINT ( 'NONE',  ( -34.89999999999999858, -10.92893218813452272, 0.000000000000000000 ) ) ;
#7412 = VECTOR ( 'NONE', #4336, 1000.000000000000000 ) ;
#7413 = CARTESIAN_POINT ( 'NONE',  ( 17.89999999999998792, -7.000000000000000000, 15.75000000000000000 ) ) ;
#7414 = ORIENTED_EDGE ( 'NONE', *, *, #7115, .F. ) ;
#7415 = CARTESIAN_POINT ( 'NONE',  ( -20.71778695723698860, -22.86193421515776336, 24.00000000000000000 ) ) ;
#7416 = VECTOR ( 'NONE', #6891, 1000.000000000000000 ) ;
#7417 = FACE_OUTER_BOUND ( 'NONE', #1468, .T. ) ;
#7418 = FACE_BOUND ( 'NONE', #4924, .T. ) ;
#7419 = DIRECTION ( 'NONE',  ( 0.000000000000000000, -1.000000000000000000, 0.000000000000000000 ) ) ;
#7420 = ORIENTED_EDGE ( 'NONE', *, *, #2657, .F. ) ;
#7421 = EDGE_CURVE ( 'NONE', #3530, #4701, #3801, .T. ) ;
#7422 = EDGE_CURVE ( 'NONE', #5359, #6674, #714, .T. ) ;
#7423 = VERTEX_POINT ( 'NONE', #6051 ) ;
#7424 = CIRCLE ( 'NONE', #1451, 0.9999999999999991118 ) ;
#7425 = AXIS2_PLACEMENT_3D ( 'NONE', #3645, #2478, #2552 ) ;
#7426 = VERTEX_POINT ( 'NONE', #1966 ) ;
#7427 = VERTEX_POINT ( 'NONE', #5427 ) ;
#7428 = CARTESIAN_POINT ( 'NONE',  ( 35.08293272774535154, 1.776000698733573246, 15.69304711398927132 ) ) ;
#7429 = DIRECTION ( 'NONE',  ( 9.941108744852766272E-17, -1.000000000000000000, -0.000000000000000000 ) ) ;
#7430 = DIRECTION ( 'NONE',  ( -0.000000000000000000, -0.000000000000000000, -1.000000000000000000 ) ) ;
#7431 = VECTOR ( 'NONE', #5915, 1000.000000000000114 ) ;
#7432 = FACE_BOUND ( 'NONE', #3162, .T. ) ;
#7433 = CARTESIAN_POINT ( 'NONE',  ( -7.999999999999996447, 24.00000000000000355, 24.00000000000000711 ) ) ;
#7434 = CARTESIAN_POINT ( 'NONE',  ( 12.01323481708019436, -31.76500108086967344, 18.67253769237217753 ) ) ;
#7435 = DIRECTION ( 'NONE',  ( 3.958748233630338412E-17, -1.000000000000000000, 0.000000000000000000 ) ) ;
#7436 = ORIENTED_EDGE ( 'NONE', *, *, #4647, .T. ) ;
#7437 = AXIS2_PLACEMENT_3D ( 'NONE', #3839, #5770, #6196 ) ;
#7438 = CARTESIAN_POINT ( 'NONE',  ( 20.21076683067359880, -20.99999999999998934, 5.000000000000000000 ) ) ;
#7439 = DIRECTION ( 'NONE',  ( -0.000000000000000000, -0.000000000000000000, -1.000000000000000000 ) ) ;
#7440 = CARTESIAN_POINT ( 'NONE',  ( -32.82893218813453018, 13.00000000000000000, 24.00000000000000000 ) ) ;
#7441 = LINE ( 'NONE', #6257, #3797 ) ;
#7442 = LINE ( 'NONE', #2768, #2098 ) ;
#7443 = AXIS2_PLACEMENT_3D ( 'NONE', #1044, #7435, #7590 ) ;
#7444 = LINE ( 'NONE', #7514, #7640 ) ;
#7445 = PLANE ( 'NONE',  #230 ) ;
#7446 = EDGE_LOOP ( 'NONE', ( #5423, #632, #4059, #3880, #4305 ) ) ;
#7447 = ORIENTED_EDGE ( 'NONE', *, *, #2362, .T. ) ;
#7448 = ORIENTED_EDGE ( 'NONE', *, *, #6462, .F. ) ;
#7449 = DIRECTION ( 'NONE',  ( 0.000000000000000000, -0.000000000000000000, 1.000000000000000000 ) ) ;
#7450 = AXIS2_PLACEMENT_3D ( 'NONE', #6417, #1089, #3459 ) ;
#7451 = ADVANCED_FACE ( 'NONE', ( #4881 ), #239, .F. ) ;
#7452 = DIRECTION ( 'NONE',  ( 1.000000000000000000, 9.941108744852766272E-17, 0.000000000000000000 ) ) ;
#7453 = CARTESIAN_POINT ( 'NONE',  ( -11.09999999999999254, -32.00000000000000000, 16.50000000000000000 ) ) ;
#7454 = CARTESIAN_POINT ( 'NONE',  ( 8.100000000000013856, -24.41053361559590940, 9.626532614617310912 ) ) ;
#7455 = DIRECTION ( 'NONE',  ( 0.000000000000000000, 0.000000000000000000, -1.000000000000000000 ) ) ;
#7456 = ORIENTED_EDGE ( 'NONE', *, *, #5962, .F. ) ;
#7457 = EDGE_LOOP ( 'NONE', ( #6261, #5043, #3081, #5361, #4901 ) ) ;
#7458 = EDGE_CURVE ( 'NONE', #5247, #2251, #479, .T. ) ;
#7459 = FACE_OUTER_BOUND ( 'NONE', #6233, .T. ) ;
#7460 = CARTESIAN_POINT ( 'NONE',  ( -32.82893218813453018, 13.00000000000000000, 21.00000000000000000 ) ) ;
#7461 = CARTESIAN_POINT ( 'NONE',  ( 13.27743229591009744, -30.71915747299405908, 0.000000000000000000 ) ) ;
#7462 = DIRECTION ( 'NONE',  ( 7.228014483236695816E-17, 0.000000000000000000, -1.000000000000000000 ) ) ;
#7463 = VERTEX_POINT ( 'NONE', #1884 ) ;
#7464 = ORIENTED_EDGE ( 'NONE', *, *, #87, .T. ) ;
#7465 = LINE ( 'NONE', #3919, #6008 ) ;
#7466 = CARTESIAN_POINT ( 'NONE',  ( -13.40894241220451732, -25.41283789321709818, 5.136526129089248549 ) ) ;
#7467 = DIRECTION ( 'NONE',  ( -1.000000000000000000, 0.000000000000000000, 0.000000000000000000 ) ) ;
#7468 = LINE ( 'NONE', #5666, #96 ) ;
#7469 = DIRECTION ( 'NONE',  ( 0.000000000000000000, -1.000000000000000000, 0.000000000000000000 ) ) ;
#7470 = VERTEX_POINT ( 'NONE', #2627 ) ;
#7471 = DIRECTION ( 'NONE',  ( 1.000000000000000000, -0.000000000000000000, -0.000000000000000000 ) ) ;
#7472 = CARTESIAN_POINT ( 'NONE',  ( 1.500000000000000222, 0.000000000000000000, 21.00000000000000000 ) ) ;
#7473 = CARTESIAN_POINT ( 'NONE',  ( -52.10000000000000853, 2.481934729198162604, 13.50000000000000533 ) ) ;
#7474 = DIRECTION ( 'NONE',  ( -0.000000000000000000, -0.000000000000000000, -1.000000000000000000 ) ) ;
#7475 = DIRECTION ( 'NONE',  ( 1.000000000000000000, 0.000000000000000000, 0.000000000000000000 ) ) ;
#7476 = DIRECTION ( 'NONE',  ( 0.000000000000000000, 0.000000000000000000, 1.000000000000000000 ) ) ;
#7477 = CARTESIAN_POINT ( 'NONE',  ( 11.50000000000000000, 24.00000000000000000, 1.999999999999997780 ) ) ;
#7478 = ORIENTED_EDGE ( 'NONE', *, *, #739, .F. ) ;
#7479 = ORIENTED_EDGE ( 'NONE', *, *, #716, .T. ) ;
#7480 = ORIENTED_EDGE ( 'NONE', *, *, #2332, .F. ) ;
#7481 = ORIENTED_EDGE ( 'NONE', *, *, #5483, .F. ) ;
#7482 = DIRECTION ( 'NONE',  ( -1.000000000000000000, 0.000000000000000000, 0.000000000000000000 ) ) ;
#7483 = CARTESIAN_POINT ( 'NONE',  ( 34.86438814013874321, 2.981138845947452598, 7.288173661596490938 ) ) ;
#7484 = LINE ( 'NONE', #4062, #6813 ) ;
#7485 = DIRECTION ( 'NONE',  ( 7.228014483236693351E-17, -1.000000000000000000, 0.000000000000000000 ) ) ;
#7486 = CARTESIAN_POINT ( 'NONE',  ( -51.74873921103973373, 1.809024329207262305, 9.729434072581648607 ) ) ;
#7487 = CARTESIAN_POINT ( 'NONE',  ( -41.15352892502073701, -0.6719788980192372696, 3.378812268576552036 ) ) ;
#7488 = ORIENTED_EDGE ( 'NONE', *, *, #1607, .F. ) ;
#7489 = ORIENTED_EDGE ( 'NONE', *, *, #154, .F. ) ;
#7490 = CARTESIAN_POINT ( 'NONE',  ( 11.58405347415413900, -32.32870939000881805, 18.17803280331974491 ) ) ;
#7491 = DIRECTION ( 'NONE',  ( -9.941108744852763806E-17, 1.000000000000000000, 0.000000000000000000 ) ) ;
#7492 = CARTESIAN_POINT ( 'NONE',  ( 3.918869757271530263E-15, -32.00000000000000000, 10.00000000000000000 ) ) ;
#7493 = EDGE_CURVE ( 'NONE', #5243, #4986, #5496, .T. ) ;
#7494 = DIRECTION ( 'NONE',  ( 1.000000000000000000, -0.000000000000000000, -0.000000000000000000 ) ) ;
#7495 = ORIENTED_EDGE ( 'NONE', *, *, #1799, .T. ) ;
#7496 = ORIENTED_EDGE ( 'NONE', *, *, #1877, .F. ) ;
#7497 = ORIENTED_EDGE ( 'NONE', *, *, #1255, .F. ) ;
#7498 = DIRECTION ( 'NONE',  ( 0.8619342151577693567, 0.5070201265633940135, 0.000000000000000000 ) ) ;
#7499 = DIRECTION ( 'NONE',  ( 0.000000000000000000, 1.000000000000000000, 0.000000000000000000 ) ) ;
#7500 = DIRECTION ( 'NONE',  ( 0.000000000000000000, 0.000000000000000000, 1.000000000000000000 ) ) ;
#7501 = EDGE_CURVE ( 'NONE', #749, #6863, #3096, .T. ) ;
#7502 = CARTESIAN_POINT ( 'NONE',  ( 7.500000000000004441, 22.00000000000001066, 5.000000000000000888 ) ) ;
#7503 = EDGE_CURVE ( 'NONE', #4103, #6115, #5005, .T. ) ;
#7504 = CARTESIAN_POINT ( 'NONE',  ( -21.91421356237308160, 18.58578643762690774, 9.414213562373094035 ) ) ;
#7505 = ADVANCED_FACE ( 'NONE', ( #734, #3212 ), #2476, .F. ) ;
#7506 = LINE ( 'NONE', #5217, #3341 ) ;
#7507 = ORIENTED_EDGE ( 'NONE', *, *, #4633, .F. ) ;
#7508 = B_SPLINE_CURVE_WITH_KNOTS ( 'NONE', 3,
 ( #6152, #2534, #829, #2659 ),
 .UNSPECIFIED., .F., .F.,
 ( 4, 4 ),
 ( 0.000000000000000000, 0.0008401887801933381706 ),
 .UNSPECIFIED. ) ;
#7509 = CARTESIAN_POINT ( 'NONE',  ( 9.410179721124460883, 18.58578643762691840, 9.414213562373079824 ) ) ;
#7510 = CARTESIAN_POINT ( 'NONE',  ( -46.64235755577320930, 4.276802767314907605, 14.39162703258358000 ) ) ;
#7511 = DIRECTION ( 'NONE',  ( 0.000000000000000000, 0.000000000000000000, 1.000000000000000000 ) ) ;
#7512 = CARTESIAN_POINT ( 'NONE',  ( 34.37631809634291358, 4.620053869660996959, 9.091211902630204733 ) ) ;
#7513 = LINE ( 'NONE', #5191, #2970 ) ;
#7514 = CARTESIAN_POINT ( 'NONE',  ( -34.90000000000000568, 18.00000000000000000, 0.000000000000000000 ) ) ;
#7515 = PLANE ( 'NONE',  #7289 ) ;
#7516 = VECTOR ( 'NONE', #4019, 1000.000000000000000 ) ;
#7517 = ADVANCED_FACE ( 'NONE', ( #4848 ), #764, .F. ) ;
#7518 = EDGE_CURVE ( 'NONE', #5494, #3574, #7218, .T. ) ;
#7519 = ORIENTED_EDGE ( 'NONE', *, *, #1276, .F. ) ;
#7520 = ORIENTED_EDGE ( 'NONE', *, *, #642, .F. ) ;
#7521 = LINE ( 'NONE', #4564, #6650 ) ;
#7522 = AXIS2_PLACEMENT_3D ( 'NONE', #3453, #1736, #1149 ) ;
#7523 = DIRECTION ( 'NONE',  ( 0.000000000000000000, 0.000000000000000000, -1.000000000000000000 ) ) ;
#7524 = FACE_OUTER_BOUND ( 'NONE', #4832, .T. ) ;
#7525 = FACE_OUTER_BOUND ( 'NONE', #6182, .T. ) ;
#7526 = CARTESIAN_POINT ( 'NONE',  ( -14.91596253876791422, -26.27477210837486865, 5.001513403221296450 ) ) ;
#7527 = LINE ( 'NONE', #4571, #5813 ) ;
#7528 = VECTOR ( 'NONE', #3714, 1000.000000000000114 ) ;
#7529 = ORIENTED_EDGE ( 'NONE', *, *, #6221, .T. ) ;
#7530 = AXIS2_PLACEMENT_3D ( 'NONE', #914, #4914, #756 ) ;
#7531 = ORIENTED_EDGE ( 'NONE', *, *, #739, .T. ) ;
#7532 = DIRECTION ( 'NONE',  ( 0.000000000000000000, 0.000000000000000000, -1.000000000000000000 ) ) ;
#7533 = AXIS2_PLACEMENT_3D ( 'NONE', #1938, #171, #3697 ) ;
#7534 = AXIS2_PLACEMENT_3D ( 'NONE', #3109, #6696, #5510 ) ;
#7535 = CARTESIAN_POINT ( 'NONE',  ( 29.79602212213754342, -10.70745553949533324, 12.58110793260772020 ) ) ;
#7536 = CARTESIAN_POINT ( 'NONE',  ( 9.499999999999996447, 10.99999999999999289, 16.99999999999991829 ) ) ;
#7537 = CARTESIAN_POINT ( 'NONE',  ( 4.505000000000061178, -13.30000000000000249, 3.594999999999903828 ) ) ;
#7538 = VERTEX_POINT ( 'NONE', #2001 ) ;
#7539 = EDGE_LOOP ( 'NONE', ( #1030, #3356, #4780, #6954, #2717, #1754, #6623, #1682, #1984, #7072, #438 ) ) ;
#7540 = ORIENTED_EDGE ( 'NONE', *, *, #7553, .F. ) ;
#7541 = CIRCLE ( 'NONE', #5187, 11.09999999999999609 ) ;
#7542 = CARTESIAN_POINT ( 'NONE',  ( -52.10000000000000853, -2.481934729198188361, 10.50000000000000533 ) ) ;
#7543 = ADVANCED_FACE ( 'NONE', ( #3759 ), #1855, .F. ) ;
#7544 = DIRECTION ( 'NONE',  ( -1.000000000000000000, 0.000000000000000000, -0.000000000000000000 ) ) ;
#7545 = CARTESIAN_POINT ( 'NONE',  ( -34.89999999999999858, -18.00000000000000355, 19.50000000000000000 ) ) ;
#7546 = EDGE_CURVE ( 'NONE', #5024, #4794, #2960, .T. ) ;
#7547 = DIRECTION ( 'NONE',  ( -1.387778780781445676E-16, -1.379605977354753764E-32, -1.000000000000000000 ) ) ;
#7548 = AXIS2_PLACEMENT_3D ( 'NONE', #5797, #2809, #2882 ) ;
#7549 = CARTESIAN_POINT ( 'NONE',  ( 23.32842712474617741, 18.00000000000000711, 10.82842712474618274 ) ) ;
#7550 = ORIENTED_EDGE ( 'NONE', *, *, #4975, .F. ) ;
#7551 = CARTESIAN_POINT ( 'NONE',  ( 34.81106557717334482, -3.202717506076306453, 17.04229843655640408 ) ) ;
#7552 = EDGE_CURVE ( 'NONE', #2788, #5979, #6117, .T. ) ;
#7553 = EDGE_CURVE ( 'NONE', #3775, #1091, #7341, .T. ) ;
#7554 = CIRCLE ( 'NONE', #4177, 2.000000000000000000 ) ;
#7555 = VECTOR ( 'NONE', #1888, 999.9999999999998863 ) ;
#7556 = CARTESIAN_POINT ( 'NONE',  ( -39.90000000000000568, -6.098637220230962441E-16, 5.000000000000000000 ) ) ;
#7557 = CYLINDRICAL_SURFACE ( 'NONE', #711, 2.000000000000001776 ) ;
#7558 = DIRECTION ( 'NONE',  ( 1.259673032754905968E-16, 0.7071067811865435759, 0.7071067811865514585 ) ) ;
#7559 =( LENGTH_UNIT ( ) NAMED_UNIT ( * ) SI_UNIT ( .MILLI., .METRE. ) );
#7560 = DIRECTION ( 'NONE',  ( 1.000000000000000000, 0.000000000000000000, -0.000000000000000000 ) ) ;
#7561 = CARTESIAN_POINT ( 'NONE',  ( 12.49999999999999822, 28.00000000000000355, 1.999999999999997780 ) ) ;
#7562 = CARTESIAN_POINT ( 'NONE',  ( -51.37374398332624281, -4.231768973995973404, 9.529004832767805411 ) ) ;
#7563 = AXIS2_PLACEMENT_3D ( 'NONE', #527, #5234, #6476 ) ;
#7564 = AXIS2_PLACEMENT_3D ( 'NONE', #341, #5606, #3990 ) ;
#7565 = ORIENTED_EDGE ( 'NONE', *, *, #1049, .T. ) ;
#7566 = DIRECTION ( 'NONE',  ( -1.387778780781445676E-16, -1.379605977354753764E-32, -1.000000000000000000 ) ) ;
#7567 = VECTOR ( 'NONE', #6950, 1000.000000000000000 ) ;
#7568 = EDGE_CURVE ( 'NONE', #6156, #5082, #4190, .T. ) ;
#7569 = CARTESIAN_POINT ( 'NONE',  ( -8.100000000000013856, -20.94680173577177129, 5.601704249787314183 ) ) ;
#7570 = FACE_OUTER_BOUND ( 'NONE', #3247, .T. ) ;
#7571 = CARTESIAN_POINT ( 'NONE',  ( -34.74999999999998579, -13.50000000000002665, 0.000000000000000000 ) ) ;
#7572 = FACE_OUTER_BOUND ( 'NONE', #5449, .T. ) ;
#7573 = ORIENTED_EDGE ( 'NONE', *, *, #5981, .T. ) ;
#7574 = AXIS2_PLACEMENT_3D ( 'NONE', #1707, #7143, #5856 ) ;
#7575 = VERTEX_POINT ( 'NONE', #6796 ) ;
#7576 = CARTESIAN_POINT ( 'NONE',  ( -52.10000000000000853, -2.900000000000012790, 12.00000000000000000 ) ) ;
#7577 = CARTESIAN_POINT ( 'NONE',  ( -4.828932188134533732, 18.00000000000000355, 12.00000000000000000 ) ) ;
#7578 = CARTESIAN_POINT ( 'NONE',  ( 30.50461135940032520, -10.14919806568397398, 14.04980480125769837 ) ) ;
#7579 = AXIS2_PLACEMENT_3D ( 'NONE', #6799, #6166, #3849 ) ;
#7580 = CARTESIAN_POINT ( 'NONE',  ( 17.89999999999998792, -1.734723475976807094E-15, 19.00000000000000000 ) ) ;
#7581 = EDGE_LOOP ( 'NONE', ( #4677, #6550, #5966, #1375 ) ) ;
#7582 = ORIENTED_EDGE ( 'NONE', *, *, #7625, .T. ) ;
#7583 = VERTEX_POINT ( 'NONE', #3882 ) ;
#7584 = DIRECTION ( 'NONE',  ( -1.000000000000000000, -9.941108744852766272E-17, -0.000000000000000000 ) ) ;
#7585 = DIRECTION ( 'NONE',  ( 1.000000000000000000, 0.000000000000000000, 0.000000000000000000 ) ) ;
#7586 = CARTESIAN_POINT ( 'NONE',  ( -31.25000000000001421, 13.49999999999998046, 0.000000000000000000 ) ) ;
#7587 = DIRECTION ( 'NONE',  ( 1.000000000000000000, 0.000000000000000000, 0.000000000000000000 ) ) ;
#7588 = ORIENTED_EDGE ( 'NONE', *, *, #5632, .F. ) ;
#7589 = CARTESIAN_POINT ( 'NONE',  ( -39.90000000000000568, -3.955505321723094390E-16, 6.750000000000000000 ) ) ;
#7590 = DIRECTION ( 'NONE',  ( 1.000000000000000000, 0.000000000000000000, 0.000000000000000000 ) ) ;
#7591 = ORIENTED_EDGE ( 'NONE', *, *, #3023, .F. ) ;
#7592 = CYLINDRICAL_SURFACE ( 'NONE', #2562, 4.900000000000002132 ) ;
#7593 = EDGE_CURVE ( 'NONE', #4335, #6264, #1635, .T. ) ;
#7594 = DIRECTION ( 'NONE',  ( -1.000000000000000000, -6.624790897247282050E-16, 0.000000000000000000 ) ) ;
#7595 = CARTESIAN_POINT ( 'NONE',  ( -51.90728481355065327, 4.426465194300639894, 9.895930921018678106 ) ) ;
#7596 = CARTESIAN_POINT ( 'NONE',  ( 1.983251194598126461E-15, -13.30000000000000249, 12.00000000000000000 ) ) ;
#7597 = CARTESIAN_POINT ( 'NONE',  ( 33.34985496324268439, 6.779139686493626193, 8.249999999999998224 ) ) ;
#7598 = CARTESIAN_POINT ( 'NONE',  ( 8.851824210691090045, 18.04581756529978520, 10.33126607751207793 ) ) ;
#7599 = CARTESIAN_POINT ( 'NONE',  ( -51.97786632896103498, -4.477030072238445513, 10.00435502187377068 ) ) ;
#7600 = EDGE_CURVE ( 'NONE', #5934, #1944, #356, .T. ) ;
#7601 = ORIENTED_EDGE ( 'NONE', *, *, #5439, .T. ) ;
#7602 = EDGE_CURVE ( 'NONE', #5026, #2225, #1825, .T. ) ;
#7603 = CARTESIAN_POINT ( 'NONE',  ( -8.100000000000013856, -22.80166518784199425, 6.787108035151543817 ) ) ;
#7604 = ADVANCED_FACE ( 'NONE', ( #2208 ), #434, .F. ) ;
#7605 = CARTESIAN_POINT ( 'NONE',  ( 34.89999999999999147, -10.92893218813451384, 21.00000000000000000 ) ) ;
#7606 = DIRECTION ( 'NONE',  ( 1.000000000000000000, 0.000000000000000000, 0.000000000000000000 ) ) ;
#7607 = CARTESIAN_POINT ( 'NONE',  ( -35.19999999999999574, 0.009999999999899849418, 21.00000000000000000 ) ) ;
#7608 = VERTEX_POINT ( 'NONE', #885 ) ;
#7609 = VERTEX_POINT ( 'NONE', #5778 ) ;
#7610 = DIRECTION ( 'NONE',  ( -1.387778780781445676E-16, -1.379605977354753764E-32, -1.000000000000000000 ) ) ;
#7611 = ORIENTED_EDGE ( 'NONE', *, *, #6222, .T. ) ;
#7612 = EDGE_CURVE ( 'NONE', #5388, #5643, #2164, .T. ) ;
#7613 = ADVANCED_FACE ( 'NONE', ( #3847 ), #5176, .F. ) ;
#7614 = ORIENTED_EDGE ( 'NONE', *, *, #6406, .F. ) ;
#7615 = FACE_BOUND ( 'NONE', #1894, .T. ) ;
#7616 = DIRECTION ( 'NONE',  ( -0.000000000000000000, -0.000000000000000000, -1.000000000000000000 ) ) ;
#7617 = VERTEX_POINT ( 'NONE', #397 ) ;
#7618 = CARTESIAN_POINT ( 'NONE',  ( 8.000000000000003553, 24.00000000000000000, 24.00000000000000355 ) ) ;
#7619 = CARTESIAN_POINT ( 'NONE',  ( -35.19999999999998863, 0.2406252227891331474, 20.74865354840567733 ) ) ;
#7620 = ORIENTED_EDGE ( 'NONE', *, *, #3062, .F. ) ;
#7621 = ORIENTED_EDGE ( 'NONE', *, *, #1085, .F. ) ;
#7622 = ORIENTED_EDGE ( 'NONE', *, *, #7501, .F. ) ;
#7623 = DIRECTION ( 'NONE',  ( 1.000000000000000000, 0.000000000000000000, 0.000000000000000000 ) ) ;
#7624 = CARTESIAN_POINT ( 'NONE',  ( -51.10000000000000853, 4.214261501141092658, 9.500000000000008882 ) ) ;
#7625 = EDGE_CURVE ( 'NONE', #7323, #4733, #3252, .T. ) ;
#7626 = DIRECTION ( 'NONE',  ( 1.000000000000000000, 2.668805347656626678E-16, -0.000000000000000000 ) ) ;
#7627 = DIRECTION ( 'NONE',  ( -0.000000000000000000, -0.000000000000000000, 1.000000000000000000 ) ) ;
#7628 = CARTESIAN_POINT ( 'NONE',  ( 17.89999999999998792, -6.098637220230962441E-16, 1.250000000000000222 ) ) ;
#7629 = EDGE_LOOP ( 'NONE', ( #5615, #7084 ) ) ;
#7630 = EDGE_LOOP ( 'NONE', ( #6806, #5942, #5598, #5970, #183, #1997 ) ) ;
#7631 = EDGE_CURVE ( 'NONE', #1177, #3588, #310, .T. ) ;
#7632 = CARTESIAN_POINT ( 'NONE',  ( 35.20000000000000995, 0.009999999999907260156, 1.250013333357037570 ) ) ;
#7633 = DIRECTION ( 'NONE',  ( 2.815536131330090089E-16, -1.000000000000000000, -0.000000000000000000 ) ) ;
#7634 = AXIS2_PLACEMENT_3D ( 'NONE', #5185, #5289, #3424 ) ;
#7635 = FACE_OUTER_BOUND ( 'NONE', #818, .T. ) ;
#7636 = CARTESIAN_POINT ( 'NONE',  ( 8.100000000000017408, -22.52740246672617275, 6.555449652970069430 ) ) ;
#7637 = ORIENTED_EDGE ( 'NONE', *, *, #4753, .T. ) ;
#7638 = ORIENTED_EDGE ( 'NONE', *, *, #6006, .T. ) ;
#7639 = EDGE_CURVE ( 'NONE', #2784, #6456, #2088, .T. ) ;
#7640 = VECTOR ( 'NONE', #3392, 1000.000000000000000 ) ;
#7641 = AXIS2_PLACEMENT_3D ( 'NONE', #2477, #3132, #3066 ) ;
#7642 = EDGE_CURVE ( 'NONE', #2394, #4117, #1549, .T. ) ;
#7643 = CARTESIAN_POINT ( 'NONE',  ( 33.34985619105458454, -6.779137701043804753, 8.250000000000001776 ) ) ;
#7644 = EDGE_CURVE ( 'NONE', #1498, #6405, #2450, .T. ) ;
#7645 = CARTESIAN_POINT ( 'NONE',  ( 34.75000000000000000, 13.50000000000000533, 24.00000000000000000 ) ) ;
#7646 = CARTESIAN_POINT ( 'NONE',  ( 39.89999999999999147, 13.00000000000000533, 24.00000000000000000 ) ) ;
#7647 = AXIS2_PLACEMENT_3D ( 'NONE', #6583, #3623, #4825 ) ;
#7648 = DIRECTION ( 'NONE',  ( 0.5070201265633934584, 0.8619342151577698008, 0.000000000000000000 ) ) ;
#7649 = VECTOR ( 'NONE', #6236, 1000.000000000000000 ) ;
#7650 = VERTEX_POINT ( 'NONE', #1507 ) ;
#7651 = DIRECTION ( 'NONE',  ( -1.491166311727914324E-16, 1.000000000000000000, 0.000000000000000000 ) ) ;
#7652 = AXIS2_PLACEMENT_3D ( 'NONE', #5362, #5390, #6048 ) ;
#7653 = AXIS2_PLACEMENT_3D ( 'NONE', #3037, #1361, #6064 ) ;
#7654 = LINE ( 'NONE', #5276, #6530 ) ;
#7655 = PLANE ( 'NONE',  #7018 ) ;
#7656 = ORIENTED_EDGE ( 'NONE', *, *, #4987, .F. ) ;
#7657 = EDGE_CURVE ( 'NONE', #6421, #4103, #2835, .T. ) ;
#7658 = DIRECTION ( 'NONE',  ( -0.000000000000000000, -0.000000000000000000, 1.000000000000000000 ) ) ;
#7659 = CARTESIAN_POINT ( 'NONE',  ( 6.100000000000004086, -32.00000000000000000, 19.50000000000000000 ) ) ;
#7660 = ORIENTED_EDGE ( 'NONE', *, *, #132, .T. ) ;
#7661 = EDGE_LOOP ( 'NONE', ( #754, #3915, #617, #1212, #6819, #6602, #6151, #6676 ) ) ;
#7662 = AXIS2_PLACEMENT_3D ( 'NONE', #5707, #5136, #6447 ) ;
#7663 = ORIENTED_EDGE ( 'NONE', *, *, #1745, .F. ) ;
#7664 = ORIENTED_EDGE ( 'NONE', *, *, #5391, .T. ) ;
#7665 = DIRECTION ( 'NONE',  ( 0.000000000000000000, 0.000000000000000000, 1.000000000000000000 ) ) ;
#7666 = VECTOR ( 'NONE', #6056, 1000.000000000000000 ) ;
#7667 = CARTESIAN_POINT ( 'NONE',  ( -51.37422322769941019, 4.231855881549596354, 9.529153405858178161 ) ) ;
#7668 = CIRCLE ( 'NONE', #5320, 2.900000000000003464 ) ;
#7669 = CARTESIAN_POINT ( 'NONE',  ( 32.82893218813451597, 18.00000000000000711, 24.00000000000000000 ) ) ;
#7670 = FACE_OUTER_BOUND ( 'NONE', #882, .T. ) ;
#7671 = PLANE ( 'NONE',  #7188 ) ;
#7672 = PLANE ( 'NONE',  #1056 ) ;
#7673 = DIRECTION ( 'NONE',  ( 0.000000000000000000, 0.000000000000000000, -1.000000000000000000 ) ) ;
#7674 = EDGE_LOOP ( 'NONE', ( #2624, #1619, #5850, #3016 ) ) ;
#7675 = VECTOR ( 'NONE', #7026, 1000.000000000000000 ) ;
#7676 = ORIENTED_EDGE ( 'NONE', *, *, #6475, .T. ) ;
#7677 = AXIS2_PLACEMENT_3D ( 'NONE', #6437, #561, #2303 ) ;
#7678 = DIRECTION ( 'NONE',  ( 1.000000000000000000, 0.000000000000000000, 0.000000000000000000 ) ) ;
#7679 = DIRECTION ( 'NONE',  ( 1.000000000000000000, 0.000000000000000000, 0.000000000000000000 ) ) ;
#7680 = CIRCLE ( 'NONE', #3811, 0.9999999999999991118 ) ;
#7681 = CARTESIAN_POINT ( 'NONE',  ( -32.82893218813453728, 20.00000000000000000, 24.00000000000000000 ) ) ;
#7682 = B_SPLINE_CURVE_WITH_KNOTS ( 'NONE', 3,
 ( #2413, #7127, #2455, #4235, #4830, #6657, #4166, #3701, #747, #4898, #1324, #3110 ),
 .UNSPECIFIED., .F., .F.,
 ( 4, 2, 2, 2, 2, 4 ),
 ( 0.000000000000000000, 0.0004692038875703228619, 0.0009384077751406457238, 0.001407611662710968803, 0.001642213606496138473, 0.001876815550281307711 ),
 .UNSPECIFIED. ) ;
#7683 = EDGE_LOOP ( 'NONE', ( #670, #2330, #3531, #121 ) ) ;
#7684 = ORIENTED_EDGE ( 'NONE', *, *, #5261, .T. ) ;
ENDSEC;
END-ISO-10303-21;
