ISO-10303-21;
HEADER;
FILE_DESCRIPTION (( 'STEP AP214' ),
    '1' );
FILE_NAME ('base_gear_bigger.STEP',
    '2026-05-16T14:55:57',
    ( '' ),
    ( '' ),
    'SwSTEP 2.0',
    'SolidWorks 2024',
    '' );
FILE_SCHEMA (( 'AUTOMOTIVE_DESIGN' ));
ENDSEC;

DATA;
#1 = CARTESIAN_POINT ( 'NONE',  ( 20.71178771499496918, 11.09036006156944332, 2.000000000000000000 ) ) ;
#2 = CARTESIAN_POINT ( 'NONE',  ( 22.78920619399659131, -14.18622855212691469, -2.099999999999998757 ) ) ;
#3 = FACE_OUTER_BOUND ( 'NONE', #363, .T. ) ;
#4 = CARTESIAN_POINT ( 'NONE',  ( -21.69704443755540169, -10.30300297322495418, -2.099999999999998757 ) ) ;
#5 = ORIENTED_EDGE ( 'NONE', *, *, #2506, .F. ) ;
#6 = CARTESIAN_POINT ( 'NONE',  ( 17.84651532293613485, 15.31230279367191649, -2.099999999999998757 ) ) ;
#7 = CARTESIAN_POINT ( 'NONE',  ( -21.84033501313437142, 12.97800555654220389, -2.099999999999999645 ) ) ;
#8 = CARTESIAN_POINT ( 'NONE',  ( -16.08024905276407068, -20.49638744246056277, 2.000000000000000000 ) ) ;
#9 = CARTESIAN_POINT ( 'NONE',  ( 4.482856113983134883, -25.20816636816325484, 2.000000000000000000 ) ) ;
#10 = CARTESIAN_POINT ( 'NONE',  ( 11.10648537714066997, 24.13101166629980554, -2.099999999999998757 ) ) ;
#12 = CARTESIAN_POINT ( 'NONE',  ( 14.60388312963064017, -19.32135064906642796, -2.099999999999998757 ) ) ;
#11 = CARTESIAN_POINT ( 'NONE',  ( -13.55023046621763783, 22.84843530275376011, -2.099999999999998757 ) ) ;
#13 = CARTESIAN_POINT ( 'NONE',  ( 12.94401591853664968, 20.68877481383771055, -2.099999999999998757 ) ) ;
#14 = CARTESIAN_POINT ( 'NONE',  ( 10.03175227225610655, -22.96619924196638607, -2.099999999999998757 ) ) ;
#15 = DIRECTION ( 'NONE',  ( -0.000000000000000000, 0.000000000000000000, -1.000000000000000000 ) ) ;
#16 = CARTESIAN_POINT ( 'NONE',  ( 12.86131782747429497, 20.40223119301177945, -2.099999999999998757 ) ) ;
#17 = EDGE_CURVE ( 'NONE', #1782, #1096, #8059, .T. ) ;
#18 = CARTESIAN_POINT ( 'NONE',  ( 17.35181857730699662, 15.87069998699208995, 2.000000000000000000 ) ) ;
#19 = CARTESIAN_POINT ( 'NONE',  ( -18.83778878485559716, 19.53549755878801264, -2.099999999999998757 ) ) ;
#20 = ORIENTED_EDGE ( 'NONE', *, *, #2016, .F. ) ;
#21 = PLANE ( 'NONE',  #6306 ) ;
#22 = CARTESIAN_POINT ( 'NONE',  ( -3.781464864188913477, 23.62174820993211455, 2.000000000000000000 ) ) ;
#23 = CARTESIAN_POINT ( 'NONE',  ( 15.02890815691219295, -19.71604682249877527, -2.099999999999998757 ) ) ;
#24 = CARTESIAN_POINT ( 'NONE',  ( 26.06641539771072402, 8.850830286109200529, 2.000000000000000000 ) ) ;
#25 = CARTESIAN_POINT ( 'NONE',  ( 8.334619726030521036, 21.97658606862350794, 2.000000000000000000 ) ) ;
#26 = CARTESIAN_POINT ( 'NONE',  ( 23.00007343659231296, 5.130111501463117563, 2.000000000000000000 ) ) ;
#27 = CARTESIAN_POINT ( 'NONE',  ( 21.23211141880577202, 10.40363348579839631, -2.099999999999998757 ) ) ;
#28 = CARTESIAN_POINT ( 'NONE',  ( -24.59949625084631819, -4.790317889056109557, 2.000000000000000000 ) ) ;
#29 = ORIENTED_EDGE ( 'NONE', *, *, #7708, .F. ) ;
#30 = CARTESIAN_POINT ( 'NONE',  ( -10.25081980592598363, -23.24542008693366668, 2.000000000000000000 ) ) ;
#31 = CARTESIAN_POINT ( 'NONE',  ( -23.55944914529948520, -0.5232380683118340592, -2.099999999999998757 ) ) ;
#32 = CARTESIAN_POINT ( 'NONE',  ( -17.83462167525290454, 17.40060223031303011, 2.000000000000000000 ) ) ;
#33 = CARTESIAN_POINT ( 'NONE',  ( 22.85055158908932782, -6.414095051321351271, -2.099999999999998757 ) ) ;
#34 = CARTESIAN_POINT ( 'NONE',  ( 22.81713236683327395, -5.623918026294829176, 2.000000000000000000 ) ) ;
#35 = CARTESIAN_POINT ( 'NONE',  ( 0.000000000000000000, 0.000000000000000000, -2.099999999999998757 ) ) ;
#36 = CARTESIAN_POINT ( 'NONE',  ( -13.35177211813242515, 19.34338136197018798, 2.000000000000000000 ) ) ;
#37 = VERTEX_POINT ( 'NONE', #6791 ) ;
#38 = CARTESIAN_POINT ( 'NONE',  ( 0.000000000000000000, 0.000000000000000000, 2.000000000000000000 ) ) ;
#39 = CARTESIAN_POINT ( 'NONE',  ( -9.230471089887526404, -21.96684885186929748, 2.000000000000000000 ) ) ;
#40 = CARTESIAN_POINT ( 'NONE',  ( -18.62447386782100267, -18.94171889292492850, -2.099999999999998757 ) ) ;
#41 = CARTESIAN_POINT ( 'NONE',  ( 22.27987727495455061, -10.41835660743990211, 2.000000000000000000 ) ) ;
#42 = CARTESIAN_POINT ( 'NONE',  ( 23.76349960547259954, 10.67578541799517744, 2.000000000000000000 ) ) ;
#43 = FACE_OUTER_BOUND ( 'NONE', #2100, .T. ) ;
#44 = CARTESIAN_POINT ( 'NONE',  ( 17.35181857730701083, -15.87069998699208462, -2.099999999999998757 ) ) ;
#45 = CARTESIAN_POINT ( 'NONE',  ( -23.08741356227222496, -10.60189590196922893, -2.099999999999998757 ) ) ;
#46 = ORIENTED_EDGE ( 'NONE', *, *, #6040, .F. ) ;
#47 = CARTESIAN_POINT ( 'NONE',  ( 17.45584392081710590, 15.72474958968643044, -2.099999999999998757 ) ) ;
#48 = CARTESIAN_POINT ( 'NONE',  ( -21.47582202528876039, 10.32148794313314610, 2.000000000000000000 ) ) ;
#49 = CARTESIAN_POINT ( 'NONE',  ( -16.30896799194538715, -20.63258928533521441, 2.000000000000000000 ) ) ;
#50 = CARTESIAN_POINT ( 'NONE',  ( 4.389956462724883934, -25.02313217738665685, 2.000000000000000000 ) ) ;
#51 = CARTESIAN_POINT ( 'NONE',  ( 9.230471089887526404, 21.96684885186929037, -2.099999999999998757 ) ) ;
#53 = FACE_OUTER_BOUND ( 'NONE', #5050, .T. ) ;
#52 = CARTESIAN_POINT ( 'NONE',  ( -13.25426296490209843, 21.46155364981478542, -2.099999999999998757 ) ) ;
#54 = CARTESIAN_POINT ( 'NONE',  ( 24.19711102278062143, -1.042982032116798852, -2.099999999999998757 ) ) ;
#55 = CARTESIAN_POINT ( 'NONE',  ( 27.50168382520134713, -4.167564885984408996, 2.000000000000000000 ) ) ;
#56 = CARTESIAN_POINT ( 'NONE',  ( 12.83364937058815869, 20.18870745851076975, -2.099999999999998757 ) ) ;
#57 = CARTESIAN_POINT ( 'NONE',  ( 17.35181857730699662, 15.87069998699208995, -2.099999999999999645 ) ) ;
#58 = CARTESIAN_POINT ( 'NONE',  ( -17.42017265760605227, 16.82633584436268848, 2.000000000000000000 ) ) ;
#59 = VERTEX_POINT ( 'NONE', #1026 ) ;
#60 = CARTESIAN_POINT ( 'NONE',  ( -26.31772476188398713, 9.122342503868194896, -2.100000000000000089 ) ) ;
#61 = CARTESIAN_POINT ( 'NONE',  ( -20.74579233589062355, -11.91211842489101791, 2.000000000000000000 ) ) ;
#62 = CARTESIAN_POINT ( 'NONE',  ( 12.95267602360809889, -19.68627963667922387, 2.000000000000000000 ) ) ;
#63 =( NAMED_UNIT ( * ) PLANE_ANGLE_UNIT ( ) SI_UNIT ( $, .RADIAN. ) );
#64 = CARTESIAN_POINT ( 'NONE',  ( 10.13323285654343664, 23.09959661296539224, -2.099999999999997868 ) ) ;
#65 = CARTESIAN_POINT ( 'NONE',  ( 23.15601641226234975, 6.742658068406557348, 2.000000000000000000 ) ) ;
#66 = DIRECTION ( 'NONE',  ( -0.000000000000000000, -0.000000000000000000, 1.000000000000000000 ) ) ;
#67 = CIRCLE ( 'NONE', #5718, 27.99999957948218920 ) ;
#68 = CARTESIAN_POINT ( 'NONE',  ( 2.638449045045050845, 23.34550970278807114, -2.099999999999998757 ) ) ;
#69 = ORIENTED_EDGE ( 'NONE', *, *, #7733, .T. ) ;
#70 = CARTESIAN_POINT ( 'NONE',  ( 5.183190230475051230, -26.33878392258043277, -2.099999999999998757 ) ) ;
#71 = CARTESIAN_POINT ( 'NONE',  ( 1.846803834033445613, 24.33438445894235258, 2.000000000000000000 ) ) ;
#72 = CARTESIAN_POINT ( 'NONE',  ( -19.31055424225242945, 15.54648119520596161, 2.000000000000000000 ) ) ;
#73 = CARTESIAN_POINT ( 'NONE',  ( 24.31153459173804166, -7.374154019703432539, -2.099999999999998757 ) ) ;
#74 = DIRECTION ( 'NONE',  ( -0.000000000000000000, 0.000000000000000000, -1.000000000000000000 ) ) ;
#75 = VECTOR ( 'NONE', #5131, 1000.000000000000000 ) ;
#76 = EDGE_CURVE ( 'NONE', #4503, #4964, #395, .T. ) ;
#77 = CARTESIAN_POINT ( 'NONE',  ( -1.810672407536207729, 24.85107952805194387, 2.000000000000000000 ) ) ;
#78 = CARTESIAN_POINT ( 'NONE',  ( -13.20212662322860275, 21.30225842247369172, 2.000000000000000000 ) ) ;
#79 = AXIS2_PLACEMENT_3D ( 'NONE', #940, #3376, #5950 ) ;
#80 = VERTEX_POINT ( 'NONE', #4261 ) ;
#81 = CARTESIAN_POINT ( 'NONE',  ( -7.601435196559586771, 26.05218098595103626, -2.099999999999998757 ) ) ;
#82 = CARTESIAN_POINT ( 'NONE',  ( -10.38530154243853154, -23.40284517865930880, 2.000000000000000000 ) ) ;
#83 = CARTESIAN_POINT ( 'NONE',  ( -18.51632561903327456, -18.67704107051118001, -2.099999999999998757 ) ) ;
#84 = CARTESIAN_POINT ( 'NONE',  ( 25.75863198250609543, 8.543467069173823702, -2.099999999999998757 ) ) ;
#85 = CARTESIAN_POINT ( 'NONE',  ( 21.91017567687077161, 10.32144346381601352, -2.099999999999998757 ) ) ;
#86 = PLANE ( 'NONE',  #2371 ) ;
#87 = CARTESIAN_POINT ( 'NONE',  ( 19.70744990308224587, -15.74452889495767849, -2.099999999999998757 ) ) ;
#88 = CARTESIAN_POINT ( 'NONE',  ( -4.030460310774755861, -24.06924055886029734, -2.099999999999998757 ) ) ;
#89 = CARTESIAN_POINT ( 'NONE',  ( 17.71416793792179689, 15.43316205167866784, -2.099999999999998757 ) ) ;
#90 = CARTESIAN_POINT ( 'NONE',  ( -9.673488752447893191, -22.40527988562696748, -2.099999999999998757 ) ) ;
#91 = CARTESIAN_POINT ( 'NONE',  ( 27.76006294791574192, 4.069062116696102294, 2.000000000000000000 ) ) ;
#92 = CARTESIAN_POINT ( 'NONE',  ( 4.713207230075936671, -25.62151411210379948, 2.000000000000000000 ) ) ;
#93 = CARTESIAN_POINT ( 'NONE',  ( -20.99999999999999289, -3.903127820947815962E-15, 2.100000000000001865 ) ) ;
#95 = CARTESIAN_POINT ( 'NONE',  ( -14.88619985382990407, 19.57897187542434736, 2.000000000000000000 ) ) ;
#94 = CARTESIAN_POINT ( 'NONE',  ( 24.31153459173804166, -7.374154019703432539, 2.000000000000000000 ) ) ;
#96 = CARTESIAN_POINT ( 'NONE',  ( 23.49332454121249825, -0.1947784575707308674, -2.099999999999998757 ) ) ;
#97 = CARTESIAN_POINT ( 'NONE',  ( -23.40793038981978924, -6.902300070437910051, -2.099999999999998757 ) ) ;
#98 = CARTESIAN_POINT ( 'NONE',  ( 17.25237999601837657, -16.29857992973628811, 2.000000000000000000 ) ) ;
#99 = CARTESIAN_POINT ( 'NONE',  ( 15.36687483434009849, 20.00332296475709626, 2.000000000000000000 ) ) ;
#100 = CARTESIAN_POINT ( 'NONE',  ( 17.71416793792180400, -15.43316205167865895, -2.099999999999998757 ) ) ;
#101 = AXIS2_PLACEMENT_3D ( 'NONE', #4923, #5476, #2319 ) ;
#102 = ORIENTED_EDGE ( 'NONE', *, *, #770, .F. ) ;
#103 = CARTESIAN_POINT ( 'NONE',  ( -23.07262568452397034, 6.675893319502702816, -2.100000000000000089 ) ) ;
#104 = CARTESIAN_POINT ( 'NONE',  ( -22.61633054543464638, -13.93417863138606805, 2.000000000000000000 ) ) ;
#105 = CARTESIAN_POINT ( 'NONE',  ( 12.94401591853666211, -20.68877481383771411, 2.000000000000000000 ) ) ;
#106 = CARTESIAN_POINT ( 'NONE',  ( -14.32589460713082730, 19.15868494228939056, 2.000000000000000000 ) ) ;
#107 = CARTESIAN_POINT ( 'NONE',  ( 24.76692767734244782, 4.782579349257336965, -2.099999999999999645 ) ) ;
#108 = AXIS2_PLACEMENT_3D ( 'NONE', #791, #1543, #5342 ) ;
#109 = CARTESIAN_POINT ( 'NONE',  ( -26.00281877978270373, -1.590510388571586997, 2.000000000000000000 ) ) ;
#110 = CARTESIAN_POINT ( 'NONE',  ( 4.590305982006120722, 25.40785750275295030, -2.099999999999998757 ) ) ;
#111 = ORIENTED_EDGE ( 'NONE', *, *, #7298, .T. ) ;
#112 = CARTESIAN_POINT ( 'NONE',  ( 3.781464864188905484, -23.62174820993211455, 2.000000000000000000 ) ) ;
#113 = CARTESIAN_POINT ( 'NONE',  ( 3.705239350424536671, 23.53752846792088960, 2.000000000000000000 ) ) ;
#114 = CARTESIAN_POINT ( 'NONE',  ( 3.025165651672266254, -23.29855380546641186, -2.099999999999998757 ) ) ;
#115 = CIRCLE ( 'NONE', #5087, 27.99999957948218920 ) ;
#116 = CARTESIAN_POINT ( 'NONE',  ( 18.96747865530085519, 19.95068825630396248, 2.000000000000000000 ) ) ;
#117 = CARTESIAN_POINT ( 'NONE',  ( -23.51224346894561990, -0.3730054609666991761, -2.099999999999998757 ) ) ;
#118 = EDGE_CURVE ( 'NONE', #7758, #7264, #4900, .T. ) ;
#119 = CARTESIAN_POINT ( 'NONE',  ( -2.320354714939441898, 23.45074361513812278, 2.000000000000000000 ) ) ;
#120 = CARTESIAN_POINT ( 'NONE',  ( -12.88702750944971420, 19.82328597831586947, 2.000000000000000000 ) ) ;
#121 = CARTESIAN_POINT ( 'NONE',  ( 9.230471089887526404, 21.96684885186929037, 2.000000000000000000 ) ) ;
#122 = ORIENTED_EDGE ( 'NONE', *, *, #513, .F. ) ;
#123 = CARTESIAN_POINT ( 'NONE',  ( -13.55023046621762717, -22.84843530275375656, -2.099999999999998757 ) ) ;
#124 = CARTESIAN_POINT ( 'NONE',  ( -12.36707919775595421, -25.12081464776624173, 2.000000000000000000 ) ) ;
#125 = CARTESIAN_POINT ( 'NONE',  ( 27.05471844848150198, 2.130765319231056054, 2.000000000000000000 ) ) ;
#126 = CARTESIAN_POINT ( 'NONE',  ( 26.06641551139172464, 8.850830399634995516, -2.099999999999998757 ) ) ;
#127 = CARTESIAN_POINT ( 'NONE',  ( -20.28441937235457004, 15.97411852388379216, -2.099999999999998757 ) ) ;
#128 = CARTESIAN_POINT ( 'NONE',  ( 20.81172461973597620, -10.92283569232044904, -2.099999999999998757 ) ) ;
#129 = B_SPLINE_SURFACE_WITH_KNOTS ( 'NONE', 3, 1, ( 
 ( #3970, #141 ),
 ( #55, #4058 ),
 ( #2796, #1492 ),
 ( #6458, #819 ),
 ( #7932, #1320 ),
 ( #7134, #4557 ),
 ( #7767, #3886 ),
 ( #2754, #1451 ),
 ( #1363, #687 ),
 ( #3927, #3382 ),
 ( #3252, #5825 ),
 ( #6501, #2626 ),
 ( #5199, #2713 ),
 ( #2085, #5871 ),
 ( #2671, #5242 ),
 ( #7810, #4018 ),
 ( #5328, #6586 ),
 ( #2043, #4599 ),
 ( #7173, #5956 ),
 ( #6543, #774 ),
 ( #4894, #269 ),
 ( #3547, #6785 ),
 ( #6115, #5490 ),
 ( #5448, #2875 ),
 ( #347, #1692 ),
 ( #7297, #2208 ),
 ( #7382, #7457 ),
 ( #2994, #8054 ),
 ( #4096, #1571 ),
 ( #8012, #4257 ),
 ( #2956, #2916 ),
 ( #1063, #4732 ),
 ( #3465, #2249 ),
 ( #4814, #1531 ),
 ( #5569, #2293 ),
 ( #7337, #4141 ),
 ( #4179, #6664 ),
 ( #8127, #4855 ),
 ( #903, #6039 ),
 ( #5532, #6826 ),
 ( #8091, #4216 ),
 ( #2837, #5410 ),
 ( #7421, #3629 ),
 ( #2330, #6200 ),
 ( #1651, #1611 ),
 ( #429, #7974 ),
 ( #981, #6746 ),
 ( #1020, #4773 ),
 ( #3588, #6157 ),
 ( #6705, #390 ),
 ( #943, #3508 ),
 ( #6076, #309 ),
 ( #548, #8290 ),
 ( #7502, #6904 ),
 ( #7579, #3751 ) ),
 .UNSPECIFIED., .F., .F., .F.,
 ( 4, 1, 1, 1, 1, 1, 1, 1, 1, 1, 1, 1, 1, 1, 1, 1, 1, 1, 1, 1, 1, 1, 1, 1, 1, 1, 1, 1, 1, 1, 1, 1, 1, 1, 1, 1, 1, 1, 1, 1, 1, 1, 1, 1, 1, 1, 1, 1, 1, 1, 1, 1, 4 ),
 ( 2, 2 ),
 ( 0.01037066610069833916, 0.06767854499841075011, 0.09884629602760430789, 0.1282330327458526265, 0.1558387551553858108, 0.1816634632588949305, 0.2057071570596704646, 0.2279698365617907063, 0.2484515017704002071, 0.2671521526921107892, 0.2840717893356240475, 0.2992104117127127871, 0.3125680198398574916, 0.3241446137411457817, 0.3339401934538051009, 0.3662021699428081867, 0.3760430630535980256, 0.3856763336118157470, 0.3952492422856400678, 0.4049624801021076692, 0.4150869914083017420, 0.4259748013331248195, 0.4380386266454291411, 0.4516469595390834035, 0.4668849008038628012, 0.4803437228220500677, 0.5000000000000002220, 0.5196562771779504875, 0.5331150991961376429, 0.5483530404609170406, 0.5619613733545713030, 0.5740251986668756246, 0.5849130085916987021, 0.5950375198978927749, 0.6047507577143603763, 0.6143236663881848081, 0.6239569369464024184, 0.6337978300571922574, 0.6660598065461953432, 0.6758553862588546624, 0.6874319801601429525, 0.7007895882872876570, 0.7159282106643762855, 0.7328478473078895439, 0.7515484982296001260, 0.7720301634382096267, 0.7942928429403297574, 0.8183365367411052915, 0.8441612448446143002, 0.8717669672541474846, 0.9011537039723958031, 0.9323214550015893609, 0.9955048858948380985 ),
 ( 0.000000000000000000, 1.000000000000000000 ),
 .UNSPECIFIED. ) ;
#130 = CARTESIAN_POINT ( 'NONE',  ( 19.13918860107962416, -15.44754172932142744, 2.000000000000000000 ) ) ;
#131 = CARTESIAN_POINT ( 'NONE',  ( -5.883579182731642376, -27.22541580022855356, -2.099999999999998757 ) ) ;
#132 = ORIENTED_EDGE ( 'NONE', *, *, #4059, .T. ) ;
#133 = CARTESIAN_POINT ( 'NONE',  ( 26.42834261551471897, -9.248930024438973163, -2.099999999999998757 ) ) ;
#134 = CARTESIAN_POINT ( 'NONE',  ( -23.20206106938387336, 14.85029190760768891, 2.000000000000000000 ) ) ;
#135 = CARTESIAN_POINT ( 'NONE',  ( 27.69932686549402945, 4.092342562581445797, 2.000000000000000000 ) ) ;
#136 = CARTESIAN_POINT ( 'NONE',  ( 1.726035193247317912, -25.34659078107458896, 2.000000000000000000 ) ) ;
#137 = CARTESIAN_POINT ( 'NONE',  ( -4.590305982006153585, 25.40785750275294674, 2.000000000000000000 ) ) ;
#139 = CARTESIAN_POINT ( 'NONE',  ( -15.68419099428257013, 20.23743569325269931, -2.099999999999998757 ) ) ;
#138 = CARTESIAN_POINT ( 'NONE',  ( -12.83485696772680562, 20.07512121109397896, -2.099999999999998757 ) ) ;
#140 = CARTESIAN_POINT ( 'NONE',  ( 23.55944914529948520, -0.5232380683118309506, -2.099999999999998757 ) ) ;
#141 = CARTESIAN_POINT ( 'NONE',  ( 27.69932731601889486, -4.092342391113072075, -2.099999999999998757 ) ) ;
#142 = EDGE_CURVE ( 'NONE', #80, #6646, #7458, .T. ) ;
#143 = CARTESIAN_POINT ( 'NONE',  ( -4.082273444348678559, -24.25428063893853192, -2.099999999999998757 ) ) ;
#144 = CARTESIAN_POINT ( 'NONE',  ( 17.45584392081710590, 15.72474958968643044, 2.000000000000000000 ) ) ;
#145 = CARTESIAN_POINT ( 'NONE',  ( 17.28752988749540620, -16.01445386190351172, -2.099999999999998757 ) ) ;
#146 = ORIENTED_EDGE ( 'NONE', *, *, #2235, .F. ) ;
#147 = CARTESIAN_POINT ( 'NONE',  ( 21.69704443755539813, -10.30300297322494885, -2.099999999999999645 ) ) ;
#148 = CARTESIAN_POINT ( 'NONE',  ( -21.70974829699418507, -12.84369887095659912, 2.000000000000000000 ) ) ;
#149 = CARTESIAN_POINT ( 'NONE',  ( 13.25426296490209843, -21.46155364981478542, 2.000000000000000000 ) ) ;
#150 = CARTESIAN_POINT ( 'NONE',  ( 25.38450439115045043, 4.717739787684809727, 2.000000000000000000 ) ) ;
#151 = CARTESIAN_POINT ( 'NONE',  ( 10.53741832910564824, 23.57101921525815058, 2.000000000000000000 ) ) ;
#152 = CARTESIAN_POINT ( 'NONE',  ( 25.88937528683162270, 4.628868634690457284, -2.099999999999999645 ) ) ;
#153 = EDGE_CURVE ( 'NONE', #7331, #5978, #4942, .T. ) ;
#154 = CARTESIAN_POINT ( 'NONE',  ( -25.19179192507393239, -1.283507464112910057, 2.000000000000000000 ) ) ;
#155 = B_SPLINE_CURVE_WITH_KNOTS ( 'NONE', 3,
 ( #8086, #4292, #4175, #7333, #5607, #2952, #2990, #6742, #1567, #2366, #8123, #4136, #6700, #939, #6822, #3503, #8049, #977, #2326, #6073, #305, #4851, #1016, #4253, #5443, #8009, #6153, #4890, #2245, #3543, #6111, #7453, #5486, #7417, #1647, #1688, #1059, #4212, #6781, #3625, #6195, #584, #2567, #7537, #5013, #506, #544, #7705, #8166, #6400, #1218, #7069, #5136, #3704, #1810 ),
 .UNSPECIFIED., .F., .F.,
 ( 4, 1, 1, 1, 1, 1, 1, 1, 1, 1, 1, 1, 1, 1, 1, 1, 1, 1, 1, 1, 1, 1, 1, 1, 1, 1, 1, 1, 1, 1, 1, 1, 1, 1, 1, 1, 1, 1, 1, 1, 1, 1, 1, 1, 1, 1, 1, 1, 1, 1, 1, 1, 4 ),
 ( 0.01037066611188849387, 0.06767854499841063909, 0.09884629602760419687, 0.1282330327458525154, 0.1558387551553856998, 0.1816634632588947085, 0.2057071570596702426, 0.2279698365617903733, 0.2484515017703998740, 0.2671521526921104561, 0.2840717893356237145, 0.2992104117127123430, 0.3125680198398570475, 0.3241446137411453376, 0.3339401934538046568, 0.3662021699428077426, 0.3760430630535975816, 0.3856763336118151919, 0.3952492422856396237, 0.4049624801021072251, 0.4150869914083012979, 0.4259748013331243754, 0.4380386266454286970, 0.4516469595390829594, 0.4668849008038623571, 0.4803437228220495125, 0.4999999999999997780, 0.5196562771779499323, 0.5331150991961371988, 0.5483530404609165965, 0.5619613733545708589, 0.5740251986668751805, 0.5849130085916982580, 0.5950375198978923308, 0.6047507577143599322, 0.6143236663881842530, 0.6239569369464019744, 0.6337978300571918133, 0.6660598065461948991, 0.6758553862588542183, 0.6874319801601425084, 0.7007895882872872129, 0.7159282106643759525, 0.7328478473078892108, 0.7515484982295997929, 0.7720301634382092937, 0.7942928429403295354, 0.8183365367411050695, 0.8441612448446141892, 0.8717669672541473735, 0.9011537039723956921, 0.9323214550015892499, 0.9896293338881133606 ),
 .UNSPECIFIED. ) ;
#156 = PLANE ( 'NONE',  #4951 ) ;
#157 = ORIENTED_EDGE ( 'NONE', *, *, #3223, .T. ) ;
#158 = CARTESIAN_POINT ( 'NONE',  ( 1.810672407536199291, -24.85107952805194387, -2.099999999999998757 ) ) ;
#159 = CARTESIAN_POINT ( 'NONE',  ( 1.555379675915602666, 26.00494379640384679, 2.000000000000000000 ) ) ;
#160 = CARTESIAN_POINT ( 'NONE',  ( 5.855490625420822326, -27.19235995333590594, -2.099999999999998757 ) ) ;
#161 = CARTESIAN_POINT ( 'NONE',  ( 17.64188601445203020, 17.13764696917009189, 2.000000000000000000 ) ) ;
#162 = CARTESIAN_POINT ( 'NONE',  ( -23.49332454121249825, 0.1947784575707280086, -2.099999999999998757 ) ) ;
#163 = EDGE_CURVE ( 'NONE', #5092, #5257, #2362, .T. ) ;
#164 = EDGE_CURVE ( 'NONE', #5878, #6591, #3160, .T. ) ;
#165 = FACE_OUTER_BOUND ( 'NONE', #3323, .T. ) ;
#166 = CARTESIAN_POINT ( 'NONE',  ( -14.60388312963063484, -19.32135064906643152, -2.099999999999999645 ) ) ;
#167 = EDGE_LOOP ( 'NONE', ( #7291, #3138 ) ) ;
#168 = CARTESIAN_POINT ( 'NONE',  ( -7.745447077757172671, -24.40400991946479081, 2.000000000000000000 ) ) ;
#169 = CARTESIAN_POINT ( 'NONE',  ( -9.768079280210441695, -22.57254334279473085, 2.000000000000000000 ) ) ;
#170 = CARTESIAN_POINT ( 'NONE',  ( 23.90532429094090716, 0.9066066167179774871, 2.000000000000000000 ) ) ;
#171 = CARTESIAN_POINT ( 'NONE',  ( 21.47582202528876039, -10.32148794313314788, 2.000000000000000000 ) ) ;
#172 = FACE_OUTER_BOUND ( 'NONE', #6257, .T. ) ;
#173 = CARTESIAN_POINT ( 'NONE',  ( 22.12901452267052704, -13.30176109182831290, -2.099999999999998757 ) ) ;
#174 = CARTESIAN_POINT ( 'NONE',  ( 22.62472994142223115, -16.49610848302603827, -2.099999999999998757 ) ) ;
#175 = CARTESIAN_POINT ( 'NONE',  ( -6.039214814332614090, -27.39901906653085462, -2.099999999999998757 ) ) ;
#176 = CARTESIAN_POINT ( 'NONE',  ( -14.84924240491749892, 14.84924240491749536, -3.599999999999998757 ) ) ;
#177 = CARTESIAN_POINT ( 'NONE',  ( -9.873836557350644583, -22.73978747338223982, -2.099999999999998757 ) ) ;
#178 = CARTESIAN_POINT ( 'NONE',  ( 27.69932731590314390, -4.092342391157166581, -2.099999999999998757 ) ) ;
#179 = CARTESIAN_POINT ( 'NONE',  ( -21.23055223844789907, -12.41767842381811171, 2.000000000000000000 ) ) ;
#180 = DIRECTION ( 'NONE',  ( -0.000000000000000000, -0.000000000000000000, -1.000000000000000000 ) ) ;
#182 = CARTESIAN_POINT ( 'NONE',  ( -15.51594276222061985, 20.11676867469219587, -2.099999999999998757 ) ) ;
#181 = CARTESIAN_POINT ( 'NONE',  ( 13.66345410753368483, -19.13830577319235360, 2.000000000000000000 ) ) ;
#183 = CARTESIAN_POINT ( 'NONE',  ( 25.03107770533010523, -1.235924829161913374, 2.000000000000000000 ) ) ;
#184 = CARTESIAN_POINT ( 'NONE',  ( -23.24438501506255506, -6.803422568062742037, -2.099999999999998757 ) ) ;
#185 = CARTESIAN_POINT ( 'NONE',  ( 17.25657676350752823, -16.16318976602639168, 2.000000000000000000 ) ) ;
#186 = CARTESIAN_POINT ( 'NONE',  ( 14.42373451280540841, 19.20597537996032500, 2.000000000000000000 ) ) ;
#187 = CARTESIAN_POINT ( 'NONE',  ( 19.42345833902674102, 15.60717637591975837, 2.000000000000000000 ) ) ;
#188 = DIRECTION ( 'NONE',  ( -0.000000000000000000, -0.000000000000000000, 1.000000000000000000 ) ) ;
#189 = VERTEX_POINT ( 'NONE', #5105 ) ;
#190 = CARTESIAN_POINT ( 'NONE',  ( 21.47582202528876039, -10.32148794313314788, 2.000000000000000000 ) ) ;
#191 = CARTESIAN_POINT ( 'NONE',  ( -23.19083049384954265, -14.83174289769086052, 2.000000000000000000 ) ) ;
#192 = CARTESIAN_POINT ( 'NONE',  ( 13.15214330072518933, -21.16307668733837488, -2.099999999999998757 ) ) ;
#193 = CARTESIAN_POINT ( 'NONE',  ( -12.83485696772680562, 20.07512121109397896, 2.000000000000000000 ) ) ;
#194 = CARTESIAN_POINT ( 'NONE',  ( 23.74358889077459267, 4.778072828450351750, 2.000000000000000000 ) ) ;
#195 = DIRECTION ( 'NONE',  ( 0.000000000000000000, 0.000000000000000000, -1.000000000000000000 ) ) ;
#196 = CARTESIAN_POINT ( 'NONE',  ( 1.846803834033445613, 24.33438445894235258, -2.099999999999998757 ) ) ;
#197 = EDGE_CURVE ( 'NONE', #4663, #353, #1103, .T. ) ;
#198 = CARTESIAN_POINT ( 'NONE',  ( 1.680116617297973125, 25.54848055630612791, -2.099999999999998757 ) ) ;
#199 = B_SPLINE_SURFACE_WITH_KNOTS ( 'NONE', 3, 1, ( 
 ( #3660, #1094 ),
 ( #6818, #2948 ),
 ( #6149, #6859 ),
 ( #5525, #8083 ),
 ( #1682, #5562 ),
 ( #2323, #1055 ),
 ( #5603, #6897 ),
 ( #3621, #1728 ),
 ( #7534, #4970 ),
 ( #2987, #4928 ),
 ( #7492, #4289 ),
 ( #8161, #1767 ),
 ( #4325, #7394 ),
 ( #1624, #4191 ),
 ( #2264, #3520 ),
 ( #2850, #7272 ),
 ( #4829, #196 ),
 ( #4229, #5506 ),
 ( #7904, #5967 ),
 ( #2221, #1036 ),
 ( #2305, #6089 ),
 ( #2769, #8066 ),
 ( #5462, #1504 ),
 ( #4070, #4868 ),
 ( #3481, #6052 ),
 ( #2812, #5422 ),
 ( #284, #6636 ),
 ( #6678, #4745 ),
 ( #8026, #7433 ),
 ( #7986, #7947 ),
 ( #1665, #321 ),
 ( #7311, #6759 ),
 ( #3560, #2142 ),
 ( #2184, #6800 ),
 ( #7353, #5343 ),
 ( #2930, #871 ),
 ( #994, #3438 ),
 ( #6132, #4705 ),
 ( #6011, #240 ),
 ( #917, #5384 ),
 ( #1544, #361 ),
 ( #6719, #4788 ),
 ( #4114, #1586 ),
 ( #4154, #955 ),
 ( #2889, #6881 ),
 ( #6842, #483 ),
 ( #4430, #8262 ),
 ( #3603, #8104 ),
 ( #2344, #3643 ),
 ( #6333, #3764 ),
 ( #563, #3682 ),
 ( #3085, #6253 ),
 ( #3047, #6918 ),
 ( #6213, #1077 ),
 ( #4271, #3125 ) ),
 .UNSPECIFIED., .F., .F., .F.,
 ( 4, 1, 1, 1, 1, 1, 1, 1, 1, 1, 1, 1, 1, 1, 1, 1, 1, 1, 1, 1, 1, 1, 1, 1, 1, 1, 1, 1, 1, 1, 1, 1, 1, 1, 1, 1, 1, 1, 1, 1, 1, 1, 1, 1, 1, 1, 1, 1, 1, 1, 1, 1, 4 ),
 ( 2, 2 ),
 ( 0.01037066610069577524, 0.06767854499841075011, 0.09884629602760430789, 0.1282330327458526265, 0.1558387551553858108, 0.1816634632588949305, 0.2057071570596704646, 0.2279698365617907063, 0.2484515017704002071, 0.2671521526921107892, 0.2840717893356240475, 0.2992104117127127871, 0.3125680198398574916, 0.3241446137411457817, 0.3339401934538051009, 0.3662021699428081867, 0.3760430630535980256, 0.3856763336118157470, 0.3952492422856400678, 0.4049624801021076692, 0.4150869914083017420, 0.4259748013331248195, 0.4380386266454291411, 0.4516469595390834035, 0.4668849008038628012, 0.4803437228220500677, 0.5000000000000002220, 0.5196562771779504875, 0.5331150991961376429, 0.5483530404609170406, 0.5619613733545713030, 0.5740251986668756246, 0.5849130085916987021, 0.5950375198978927749, 0.6047507577143603763, 0.6143236663881848081, 0.6239569369464024184, 0.6337978300571922574, 0.6660598065461953432, 0.6758553862588546624, 0.6874319801601429525, 0.7007895882872876570, 0.7159282106643762855, 0.7328478473078895439, 0.7515484982296001260, 0.7720301634382096267, 0.7942928429403297574, 0.8183365367411052915, 0.8441612448446143002, 0.8717669672541474846, 0.9011537039723958031, 0.9323214550015893609, 0.9896292903663898022 ),
 ( 0.000000000000000000, 1.000000000000000000 ),
 .UNSPECIFIED. ) ;
#200 = CARTESIAN_POINT ( 'NONE',  ( 2.833089530561781366, -23.33259147460854166, -2.099999999999998757 ) ) ;
#201 = CARTESIAN_POINT ( 'NONE',  ( 14.84924240491750602, -14.84924240491749714, 2.100000000000001865 ) ) ;
#202 = CARTESIAN_POINT ( 'NONE',  ( 4.144933467011483685, -24.44197433207706638, -2.099999999999998757 ) ) ;
#203 = CARTESIAN_POINT ( 'NONE',  ( 17.35181857730699662, 15.87069998699208995, 2.000000000000000000 ) ) ;
#204 = CARTESIAN_POINT ( 'NONE',  ( -25.19179192507393239, -1.283507464112910057, 2.000000000000000000 ) ) ;
#205 = CIRCLE ( 'NONE', #6009, 28.00000000000000000 ) ;
#206 = CARTESIAN_POINT ( 'NONE',  ( 23.51224346894562345, -0.3730054609666969556, -2.099999999999998757 ) ) ;
#207 = CARTESIAN_POINT ( 'NONE',  ( -15.12400615833752404, -19.80199803049035978, -2.099999999999999645 ) ) ;
#208 = ORIENTED_EDGE ( 'NONE', *, *, #2611, .F. ) ;
#209 = CARTESIAN_POINT ( 'NONE',  ( -13.35177211813241982, -19.34338136197018798, -2.099999999999998757 ) ) ;
#210 = CARTESIAN_POINT ( 'NONE',  ( -26.16863607189503327, 4.567518758412558277, -2.099999999999998757 ) ) ;
#211 = CARTESIAN_POINT ( 'NONE',  ( -26.06641539771070981, 8.850830286109145462, 2.000000000000000000 ) ) ;
#212 = FACE_OUTER_BOUND ( 'NONE', #8264, .T. ) ;
#213 = AXIS2_PLACEMENT_3D ( 'NONE', #4012, #7379, #267 ) ;
#214 = CARTESIAN_POINT ( 'NONE',  ( -17.83462167525290454, 17.40060223031303011, -2.099999999999998757 ) ) ;
#215 = CARTESIAN_POINT ( 'NONE',  ( 11.92825707278597491, -24.80951228023632993, -2.099999999999999645 ) ) ;
#216 = CARTESIAN_POINT ( 'NONE',  ( 17.29220078062825650, -16.53076698689342550, 2.000000000000000000 ) ) ;
#217 = AXIS2_PLACEMENT_3D ( 'NONE', #5836, #2012, #5209 ) ;
#218 = DIRECTION ( 'NONE',  ( -0.1205366802553232142, 0.9927088740980538617, 0.000000000000000000 ) ) ;
#219 = ORIENTED_EDGE ( 'NONE', *, *, #4110, .F. ) ;
#220 = DIRECTION ( 'NONE',  ( 0.000000000000000000, 0.000000000000000000, -1.000000000000000000 ) ) ;
#221 = CARTESIAN_POINT ( 'NONE',  ( -10.89735721165042115, -23.93603524774559332, -2.099999999999998757 ) ) ;
#222 = CARTESIAN_POINT ( 'NONE',  ( 0.000000000000000000, 0.000000000000000000, 2.100000000000000089 ) ) ;
#223 = DIRECTION ( 'NONE',  ( -0.000000000000000000, 0.000000000000000000, -1.000000000000000000 ) ) ;
#224 = CARTESIAN_POINT ( 'NONE',  ( 14.32589460713082730, -19.15868494228939056, 2.000000000000000000 ) ) ;
#225 = CARTESIAN_POINT ( 'NONE',  ( -25.75863198250609898, -8.543467069173807715, -2.099999999999998757 ) ) ;
#226 = CIRCLE ( 'NONE', #8152, 28.00000000000000000 ) ;
#227 = EDGE_CURVE ( 'NONE', #3312, #2505, #6326, .T. ) ;
#228 = CARTESIAN_POINT ( 'NONE',  ( -1.145856306001357350, -27.11429446801520271, -2.099999999999998757 ) ) ;
#229 = CARTESIAN_POINT ( 'NONE',  ( -4.389956462724874164, -25.02313217738666040, -2.099999999999998757 ) ) ;
#230 = CARTESIAN_POINT ( 'NONE',  ( 20.28441937235455583, 15.97411852388380638, 2.000000000000000000 ) ) ;
#231 = DIRECTION ( 'NONE',  ( 0.000000000000000000, 0.000000000000000000, -1.000000000000000000 ) ) ;
#232 = ORIENTED_EDGE ( 'NONE', *, *, #4678, .F. ) ;
#233 = CARTESIAN_POINT ( 'NONE',  ( 20.61769535193586833, -11.41192623884528246, -2.099999999999999645 ) ) ;
#234 = CARTESIAN_POINT ( 'NONE',  ( -22.44798333931211687, -13.70307343545946388, -2.099999999999998757 ) ) ;
#235 = CARTESIAN_POINT ( 'NONE',  ( -7.601435196559586771, 26.05218098595103626, -2.099999999999998757 ) ) ;
#236 = APPLICATION_PROTOCOL_DEFINITION ( 'draft international standard', 'automotive_design', 1998, #2627 ) ;
#237 = CARTESIAN_POINT ( 'NONE',  ( 10.03175227225609945, 22.96619924196638607, -2.099999999999997868 ) ) ;
#238 = CARTESIAN_POINT ( 'NONE',  ( -24.09676835437406694, -1.005131229266923665, 2.000000000000000000 ) ) ;
#239 = AXIS2_PLACEMENT_3D ( 'NONE', #201, #2188, #2729 ) ;
#240 = CARTESIAN_POINT ( 'NONE',  ( 4.030460310774742538, 24.06924055886030089, -2.099999999999998757 ) ) ;
#241 = DIRECTION ( 'NONE',  ( -0.000000000000000000, -0.000000000000000000, 1.000000000000000000 ) ) ;
#242 = ORIENTED_EDGE ( 'NONE', *, *, #2743, .F. ) ;
#243 = CARTESIAN_POINT ( 'NONE',  ( 1.555379675915627313, -26.00494379640385390, 2.000000000000000000 ) ) ;
#244 = ADVANCED_FACE ( 'NONE', ( #5952 ), #4595, .T. ) ;
#245 = DIRECTION ( 'NONE',  ( -1.000000000000000000, 0.000000000000000000, 0.000000000000000000 ) ) ;
#246 = CARTESIAN_POINT ( 'NONE',  ( 1.270707428516388404, -26.81384534371724016, -2.099999999999998757 ) ) ;
#247 = CARTESIAN_POINT ( 'NONE',  ( 17.37016481680591795, 16.73146461459393208, 2.000000000000000000 ) ) ;
#248 = CARTESIAN_POINT ( 'NONE',  ( -23.81253063529220171, 0.8410884408854168992, -2.099999999999998757 ) ) ;
#249 = AXIS2_PLACEMENT_3D ( 'NONE', #3482, #6053, #2851 ) ;
#250 = ADVANCED_FACE ( 'NONE', ( #7845 ), #769, .F. ) ;
#251 = CARTESIAN_POINT ( 'NONE',  ( 26.00281877978271439, -1.590510388571584333, -2.099999999999998757 ) ) ;
#252 = CARTESIAN_POINT ( 'NONE',  ( -14.21926140100350189, -19.11953582679382890, -2.099999999999999645 ) ) ;
#253 = CIRCLE ( 'NONE', #1056, 1.750000000000003331 ) ;
#254 = ORIENTED_EDGE ( 'NONE', *, *, #7524, .T. ) ;
#255 = DIRECTION ( 'NONE',  ( 0.000000000000000000, -0.000000000000000000, -1.000000000000000000 ) ) ;
#256 = CARTESIAN_POINT ( 'NONE',  ( -23.93435179486865039, 4.766524473500956205, 2.000000000000000000 ) ) ;
#257 = CARTESIAN_POINT ( 'NONE',  ( -25.75863198250611319, 8.543467069173791728, 2.000000000000000000 ) ) ;
#258 = CARTESIAN_POINT ( 'NONE',  ( 20.81172461973597620, -10.92283569232044904, 2.000000000000000000 ) ) ;
#259 = CARTESIAN_POINT ( 'NONE',  ( -21.34551800689748191, 16.27777197600731185, -2.099999999999998757 ) ) ;
#260 = CARTESIAN_POINT ( 'NONE',  ( 11.58603556222320385, -24.54102139527087090, -2.099999999999999645 ) ) ;
#261 = CARTESIAN_POINT ( 'NONE',  ( 18.97394387000454330, -19.97138607174008484, 2.000000000000000000 ) ) ;
#262 = CARTESIAN_POINT ( 'NONE',  ( -22.44798333931211687, -13.70307343545946388, -2.099999999999998757 ) ) ;
#263 = ORIENTED_EDGE ( 'NONE', *, *, #4979, .F. ) ;
#264 = DIRECTION ( 'NONE',  ( 0.000000000000000000, 0.000000000000000000, -1.000000000000000000 ) ) ;
#265 = CARTESIAN_POINT ( 'NONE',  ( -27.99999957948218920, 3.429010986114009550E-15, 0.000000000000000000 ) ) ;
#266 = DIRECTION ( 'NONE',  ( -0.000000000000000000, -0.000000000000000000, -1.000000000000000000 ) ) ;
#267 = DIRECTION ( 'NONE',  ( -1.000000000000000000, 0.000000000000000000, -0.000000000000000000 ) ) ;
#268 = CARTESIAN_POINT ( 'NONE',  ( 13.36064030761172639, -21.84126693107096173, 2.000000000000000000 ) ) ;
#269 = CARTESIAN_POINT ( 'NONE',  ( 23.42764417793268095, -4.840656286569377187, -2.099999999999998757 ) ) ;
#270 = EDGE_CURVE ( 'NONE', #6921, #6397, #5341, .T. ) ;
#271 = CARTESIAN_POINT ( 'NONE',  ( 17.12241726305227729, 21.05518411798322376, 2.000000000000000000 ) ) ;
#272 = CARTESIAN_POINT ( 'NONE',  ( 14.51573139705936022, 19.26027195864160291, -2.099999999999998757 ) ) ;
#273 = CARTESIAN_POINT ( 'NONE',  ( 11.10648537714067530, -24.13101166629980199, 2.000000000000000000 ) ) ;
#274 = CARTESIAN_POINT ( 'NONE',  ( 17.37016481680592506, -16.73146461459391787, -2.099999999999998757 ) ) ;
#275 = ORIENTED_EDGE ( 'NONE', *, *, #2447, .F. ) ;
#276 = CARTESIAN_POINT ( 'NONE',  ( 22.46994110604167005, -10.47341059000766350, -2.099999999999999645 ) ) ;
#277 = CARTESIAN_POINT ( 'NONE',  ( -20.61769535193586478, -11.41192623884528601, -2.099999999999998757 ) ) ;
#278 = CARTESIAN_POINT ( 'NONE',  ( 13.64313002038035805, -23.93181587041764402, -2.099999999999998757 ) ) ;
#279 = CARTESIAN_POINT ( 'NONE',  ( -13.41263264250317455, 22.06199033373686547, 2.000000000000000000 ) ) ;
#280 = EDGE_CURVE ( 'NONE', #1119, #6309, #7529, .T. ) ;
#281 = ADVANCED_FACE ( 'NONE', ( #1342 ), #4406, .T. ) ;
#282 = CARTESIAN_POINT ( 'NONE',  ( -18.60089775827983871, -15.19605903441929051, 2.000000000000000000 ) ) ;
#283 = LINE ( 'NONE', #4704, #6295 ) ;
#284 = CARTESIAN_POINT ( 'NONE',  ( 2.638449045045050845, 23.34550970278807114, 2.000000000000000000 ) ) ;
#285 = DIRECTION ( 'NONE',  ( 0.1205366802553228811, 0.9927088740980539727, 0.000000000000000000 ) ) ;
#286 = ORIENTED_EDGE ( 'NONE', *, *, #5604, .T. ) ;
#287 = CARTESIAN_POINT ( 'NONE',  ( 1.145856306001367342, -27.11429446801521337, -2.099999999999998757 ) ) ;
#288 = B_SPLINE_CURVE_WITH_KNOTS ( 'NONE', 3,
 ( #4467, #8259, #6250, #3801, #2581, #6372, #3210, #3082, #480, #3842, #7636, #1911, #1273, #5068, #6415, #2423, #5152, #3044, #7722, #5621, #1194, #8182, #4990, #7551, #1787, #4384, #2459, #6914, #1155, #3720, #5027, #7588, #727, #7889, #5997, #4645, #2000, #184, #97, #2126, #5285, #6625, #1405, #7259, #3423, #5372, #7087, #4691, #3341, #2169, #7849, #225, #7217, #859, #3295 ),
 .UNSPECIFIED., .F., .F.,
 ( 4, 1, 1, 1, 1, 1, 1, 1, 1, 1, 1, 1, 1, 1, 1, 1, 1, 1, 1, 1, 1, 1, 1, 1, 1, 1, 1, 1, 1, 1, 1, 1, 1, 1, 1, 1, 1, 1, 1, 1, 1, 1, 1, 1, 1, 1, 1, 1, 1, 1, 1, 1, 4 ),
 ( 0.01037066611188676608, 0.06767854499841063909, 0.09884629602760419687, 0.1282330327458525154, 0.1558387551553856998, 0.1816634632588947085, 0.2057071570596702426, 0.2279698365617903733, 0.2484515017703998740, 0.2671521526921104561, 0.2840717893356237145, 0.2992104117127123430, 0.3125680198398570475, 0.3241446137411453376, 0.3339401934538046568, 0.3662021699428077426, 0.3760430630535975816, 0.3856763336118151919, 0.3952492422856396237, 0.4049624801021072251, 0.4150869914083012979, 0.4259748013331243754, 0.4380386266454286970, 0.4516469595390829594, 0.4668849008038623571, 0.4803437228220495125, 0.4999999999999997780, 0.5196562771779499323, 0.5331150991961371988, 0.5483530404609165965, 0.5619613733545708589, 0.5740251986668751805, 0.5849130085916982580, 0.5950375198978923308, 0.6047507577143599322, 0.6143236663881842530, 0.6239569369464019744, 0.6337978300571918133, 0.6660598065461948991, 0.6758553862588542183, 0.6874319801601425084, 0.7007895882872872129, 0.7159282106643759525, 0.7328478473078892108, 0.7515484982295997929, 0.7720301634382092937, 0.7942928429403295354, 0.8183365367411050695, 0.8441612448446141892, 0.8717669672541474846, 0.9011537039723956921, 0.9323214550015892499, 0.9896293338881126944 ),
 .UNSPECIFIED. ) ;
#289 = CARTESIAN_POINT ( 'NONE',  ( 22.62472946281695840, 16.49610842548438683, 2.000000000000000000 ) ) ;
#290 = CARTESIAN_POINT ( 'NONE',  ( 3.846120836016039490, -23.70909028424117082, -2.099999999999998757 ) ) ;
#291 = CARTESIAN_POINT ( 'NONE',  ( 23.74358889077459622, -4.778072828450329546, -2.099999999999998757 ) ) ;
#292 = CARTESIAN_POINT ( 'NONE',  ( -24.37956700134304100, -1.099847363974311154, -2.099999999999998757 ) ) ;
#293 = CARTESIAN_POINT ( 'NONE',  ( -13.64849315754606707, 24.51320044201071013, 2.000000000000000000 ) ) ;
#294 = CARTESIAN_POINT ( 'NONE',  ( -13.15214330072518045, -21.16307668733837133, -2.099999999999999645 ) ) ;
#295 = EDGE_LOOP ( 'NONE', ( #5798, #6224 ) ) ;
#296 = CARTESIAN_POINT ( 'NONE',  ( -13.96529143882090551, -19.07901412642182493, -2.099999999999998757 ) ) ;
#297 = CARTESIAN_POINT ( 'NONE',  ( -26.77848301813143905, 4.405768766048581142, -2.100000000000000089 ) ) ;
#298 = CARTESIAN_POINT ( 'NONE',  ( -22.73975435582775617, 5.989014764842353067, 2.000000000000000000 ) ) ;
#299 = CARTESIAN_POINT ( 'NONE',  ( 21.98040231662191957, -13.13048226772782279, 2.000000000000000000 ) ) ;
#300 = CARTESIAN_POINT ( 'NONE',  ( -18.51632561903327456, 18.67704107051115869, -2.099999999999998757 ) ) ;
#301 = CARTESIAN_POINT ( 'NONE',  ( 21.47582202528876039, -10.32148794313314788, -2.099999999999998757 ) ) ;
#302 = CARTESIAN_POINT ( 'NONE',  ( 18.96747870321462059, 19.95068840969567958, -2.099999999999999645 ) ) ;
#303 = EDGE_LOOP ( 'NONE', ( #3623, #8317 ) ) ;
#304 = CARTESIAN_POINT ( 'NONE',  ( -10.89735721165043536, 23.93603524774559332, 2.000000000000000000 ) ) ;
#305 = CARTESIAN_POINT ( 'NONE',  ( -20.74579233589062355, 11.91211842489101080, -2.099999999999998757 ) ) ;
#306 = FACE_OUTER_BOUND ( 'NONE', #1038, .T. ) ;
#307 = CARTESIAN_POINT ( 'NONE',  ( -21.35721522671293471, -10.35169942632023954, 2.000000000000000000 ) ) ;
#308 = CARTESIAN_POINT ( 'NONE',  ( 0.000000000000000000, 0.000000000000000000, -2.099999999999998757 ) ) ;
#309 = CARTESIAN_POINT ( 'NONE',  ( 25.75863198250611319, -8.543467069173802386, -2.099999999999998757 ) ) ;
#310 = CARTESIAN_POINT ( 'NONE',  ( 13.36064030761171573, 21.84126693107096528, 2.000000000000000000 ) ) ;
#311 = FACE_BOUND ( 'NONE', #4116, .T. ) ;
#312 = CARTESIAN_POINT ( 'NONE',  ( 7.768531058981743342, -22.33132486425837726, 2.000000000000000000 ) ) ;
#313 = CARTESIAN_POINT ( 'NONE',  ( -25.91507356787314009, 10.60230927570855108, 2.000000000000000000 ) ) ;
#314 = ORIENTED_EDGE ( 'NONE', *, *, #2181, .T. ) ;
#315 = CARTESIAN_POINT ( 'NONE',  ( 23.51784779677759474, -10.65556037457646177, -2.099999999999999645 ) ) ;
#316 = CARTESIAN_POINT ( 'NONE',  ( -20.89282384029109707, -10.74542454372254596, 2.000000000000000000 ) ) ;
#317 = CARTESIAN_POINT ( 'NONE',  ( 15.87213422487471881, 20.36431896814134035, -2.099999999999998757 ) ) ;
#318 = DIRECTION ( 'NONE',  ( -0.000000000000000000, -0.000000000000000000, 1.000000000000000000 ) ) ;
#319 = CARTESIAN_POINT ( 'NONE',  ( -17.59296804644543855, -15.58600964088961049, -2.099999999999998757 ) ) ;
#320 = CARTESIAN_POINT ( 'NONE',  ( -5.995910227648074020, -27.35048556318489332, -2.099999999999998757 ) ) ;
#321 = CARTESIAN_POINT ( 'NONE',  ( 3.359200862297568868, 23.32460485566309671, -2.099999999999998757 ) ) ;
#322 = CARTESIAN_POINT ( 'NONE',  ( -27.69932731590314745, -4.092342391157132830, -2.099999999999998757 ) ) ;
#323 = EDGE_LOOP ( 'NONE', ( #5441, #1537, #5267, #3039 ) ) ;
#324 = DIRECTION ( 'NONE',  ( -0.000000000000000000, 0.000000000000000000, -1.000000000000000000 ) ) ;
#325 = SURFACE_STYLE_USAGE ( .BOTH. , #8147 ) ;
#326 = CARTESIAN_POINT ( 'NONE',  ( -20.07157227525353704, -15.89590000543998194, 2.000000000000000000 ) ) ;
#327 = CARTESIAN_POINT ( 'NONE',  ( 20.89282384029108997, 10.74542454372255840, 2.000000000000000000 ) ) ;
#328 = CARTESIAN_POINT ( 'NONE',  ( -24.37956700134304810, 1.099847363974305381, 2.000000000000000000 ) ) ;
#329 = CARTESIAN_POINT ( 'NONE',  ( 26.24483786523219209, -1.701370919965213169, -2.099999999999998757 ) ) ;
#330 = CARTESIAN_POINT ( 'NONE',  ( -12.94401591853665145, -20.68877481383770700, -2.099999999999999645 ) ) ;
#331 = ORIENTED_EDGE ( 'NONE', *, *, #2016, .T. ) ;
#332 = CARTESIAN_POINT ( 'NONE',  ( -8.334619726030519260, -21.97658606862351505, 2.000000000000000000 ) ) ;
#333 = CARTESIAN_POINT ( 'NONE',  ( -23.32186741149923392, 4.882063647943431839, -2.100000000000000089 ) ) ;
#334 = FACE_OUTER_BOUND ( 'NONE', #4184, .T. ) ;
#335 = CARTESIAN_POINT ( 'NONE',  ( 0.000000000000000000, 0.000000000000000000, 2.000000000000000000 ) ) ;
#336 = CARTESIAN_POINT ( 'NONE',  ( -23.15601641226234975, -6.742658068406544913, -2.099999999999999645 ) ) ;
#337 = CARTESIAN_POINT ( 'NONE',  ( 11.10648537714067530, -24.13101166629980199, 2.000000000000000000 ) ) ;
#338 = CARTESIAN_POINT ( 'NONE',  ( 23.51224346894562345, -0.3730054609666969556, -2.099999999999998757 ) ) ;
#339 = DIRECTION ( 'NONE',  ( 0.000000000000000000, 0.000000000000000000, -1.000000000000000000 ) ) ;
#340 = VECTOR ( 'NONE', #6066, 1000.000000000000000 ) ;
#341 = EDGE_LOOP ( 'NONE', ( #536, #3605 ) ) ;
#342 = CARTESIAN_POINT ( 'NONE',  ( -10.03175227225610655, 22.96619924196638252, 2.000000000000000000 ) ) ;
#343 = CARTESIAN_POINT ( 'NONE',  ( -7.743106042156100877, -24.63076208136010337, -2.099999999999998757 ) ) ;
#344 = DIRECTION ( 'NONE',  ( 0.000000000000000000, 0.000000000000000000, -1.000000000000000000 ) ) ;
#345 = CARTESIAN_POINT ( 'NONE',  ( -23.19083041061902861, -14.83174276022295857, 2.000000000000000000 ) ) ;
#346 = CARTESIAN_POINT ( 'NONE',  ( 13.50602898338109270, -19.22398027845277113, 2.000000000000000000 ) ) ;
#347 = CARTESIAN_POINT ( 'NONE',  ( 23.00007343659231651, -5.130111501463095358, 2.000000000000000000 ) ) ;
#348 = CIRCLE ( 'NONE', #4651, 27.99999957948218920 ) ;
#349 = CARTESIAN_POINT ( 'NONE',  ( 14.75432918952970063, 19.43920578531972865, 2.000000000000000000 ) ) ;
#350 = CARTESIAN_POINT ( 'NONE',  ( -1.881261915648288596, -24.14640443156746841, -2.099999999999998757 ) ) ;
#351 = CARTESIAN_POINT ( 'NONE',  ( 12.19289813512191500, -25.00088857611624249, 2.000000000000000000 ) ) ;
#352 = CARTESIAN_POINT ( 'NONE',  ( -25.70517131636681185, 10.62804675829313439, -2.099999999999999645 ) ) ;
#353 = VERTEX_POINT ( 'NONE', #6437 ) ;
#355 = AXIS2_PLACEMENT_3D ( 'NONE', #4681, #339, #218 ) ;
#354 = CARTESIAN_POINT ( 'NONE',  ( 22.12901452267052704, -13.30176109182831290, -2.099999999999999645 ) ) ;
#356 = CARTESIAN_POINT ( 'NONE',  ( -20.62323650117463458, -11.56374771533980272, 2.000000000000000000 ) ) ;
#357 = CARTESIAN_POINT ( 'NONE',  ( -9.324636732261669891, 22.03037936177864964, -2.099999999999998757 ) ) ;
#358 = CARTESIAN_POINT ( 'NONE',  ( -13.55023046621763783, 22.84843530275376011, 2.000000000000000000 ) ) ;
#359 = CARTESIAN_POINT ( 'NONE',  ( -17.98147192499884284, -15.23115522593614024, 2.000000000000000000 ) ) ;
#360 = CARTESIAN_POINT ( 'NONE',  ( -23.99982295939236820, 0.9602632500303778240, 2.000000000000000000 ) ) ;
#361 = CARTESIAN_POINT ( 'NONE',  ( 4.144933467011459705, 24.44197433207706638, -2.099999999999998757 ) ) ;
#362 = CARTESIAN_POINT ( 'NONE',  ( -22.41476768512104201, 16.47086518438798919, 2.000000000000000000 ) ) ;
#363 = EDGE_LOOP ( 'NONE', ( #3302, #802, #6898, #8146 ) ) ;
#364 = CARTESIAN_POINT ( 'NONE',  ( 21.00000000000000355, 2.602085213965210642E-15, 2.100000000000001865 ) ) ;
#365 =( NAMED_UNIT ( * ) SI_UNIT ( $, .STERADIAN. ) SOLID_ANGLE_UNIT ( ) );
#366 = CARTESIAN_POINT ( 'NONE',  ( -19.13918860107962061, -15.44754172932143632, 2.000000000000000000 ) ) ;
#367 = FACE_OUTER_BOUND ( 'NONE', #4173, .T. ) ;
#368 = CARTESIAN_POINT ( 'NONE',  ( -27.05471844848150909, 2.130765319231053834, -2.099999999999998757 ) ) ;
#369 = AXIS2_PLACEMENT_3D ( 'NONE', #7418, #3585, #1689 ) ;
#370 = CARTESIAN_POINT ( 'NONE',  ( -1.555379675915636417, 26.00494379640385390, 2.000000000000000000 ) ) ;
#371 = CARTESIAN_POINT ( 'NONE',  ( -24.31153459173803810, -7.374154019703442309, 2.000000000000000000 ) ) ;
#372 = EDGE_LOOP ( 'NONE', ( #2687, #5840 ) ) ;
#373 = CARTESIAN_POINT ( 'NONE',  ( -9.873836557350644583, -22.73978747338223982, -2.099999999999998757 ) ) ;
#374 = CARTESIAN_POINT ( 'NONE',  ( -24.56950331401515442, 1.128978604501155836, -2.099999999999998757 ) ) ;
#375 = EDGE_CURVE ( 'NONE', #8019, #3540, #3829, .T. ) ;
#376 = CARTESIAN_POINT ( 'NONE',  ( -7.705310163655084033, 23.69563005194943273, 2.000000000000000000 ) ) ;
#377 = VECTOR ( 'NONE', #7352, 1000.000000000000000 ) ;
#378 = CARTESIAN_POINT ( 'NONE',  ( -22.82097940566847782, -5.624866236205940950, -2.099999999999999645 ) ) ;
#379 = CARTESIAN_POINT ( 'NONE',  ( 10.03175227225610655, -22.96619924196638607, -2.099999999999999645 ) ) ;
#380 = CARTESIAN_POINT ( 'NONE',  ( 27.05471844848150909, -2.130765319231056942, -2.099999999999998757 ) ) ;
#381 = CIRCLE ( 'NONE', #3066, 1.750000000000000888 ) ;
#382 = CARTESIAN_POINT ( 'NONE',  ( 18.40868586258351414, 18.43357243192681238, -2.099999999999999645 ) ) ;
#383 = ORIENTED_EDGE ( 'NONE', *, *, #3200, .T. ) ;
#384 = CARTESIAN_POINT ( 'NONE',  ( -7.657608382361899224, 22.56335699501520509, 2.000000000000000000 ) ) ;
#385 = CARTESIAN_POINT ( 'NONE',  ( -7.650756190596010420, -25.73058353783937591, -2.099999999999998757 ) ) ;
#386 = CARTESIAN_POINT ( 'NONE',  ( -19.70744990308224232, -15.74452889495768915, -2.099999999999998757 ) ) ;
#387 = CARTESIAN_POINT ( 'NONE',  ( 26.46517536639174750, 4.493494443281885964, -2.099999999999998757 ) ) ;
#388 = CARTESIAN_POINT ( 'NONE',  ( 21.70974829699417796, 12.84369887095661156, 2.000000000000000000 ) ) ;
#389 = AXIS2_PLACEMENT_3D ( 'NONE', #2827, #4003, #807 ) ;
#390 = CARTESIAN_POINT ( 'NONE',  ( 25.29380829876431491, -8.116834556469569861, -2.099999999999998757 ) ) ;
#391 = CARTESIAN_POINT ( 'NONE',  ( 17.82169893237839986, 21.35645667456328667, 2.000000000000000000 ) ) ;
#392 = FACE_OUTER_BOUND ( 'NONE', #5723, .T. ) ;
#393 = DIRECTION ( 'NONE',  ( -1.000000000000000000, 0.000000000000000000, 0.000000000000000000 ) ) ;
#394 = CARTESIAN_POINT ( 'NONE',  ( -23.29246673278348823, 10.63055238855664442, -2.099999999999999645 ) ) ;
#395 = LINE ( 'NONE', #5537, #1683 ) ;
#397 = CARTESIAN_POINT ( 'NONE',  ( 13.61524630358647414, -23.47600944080825869, -2.099999999999998757 ) ) ;
#396 = CARTESIAN_POINT ( 'NONE',  ( 26.50130185302208830, 1.827769560624223022, -2.099999999999998757 ) ) ;
#398 = CARTESIAN_POINT ( 'NONE',  ( -21.23211141880577912, -10.40363348579838565, -2.099999999999998757 ) ) ;
#399 = CARTESIAN_POINT ( 'NONE',  ( 14.75432918952970063, 19.43920578531972865, -2.099999999999998757 ) ) ;
#400 = EDGE_CURVE ( 'NONE', #4708, #6175, #1932, .T. ) ;
#401 = CARTESIAN_POINT ( 'NONE',  ( 7.745447077757181553, -24.40400991946479792, -2.099999999999998757 ) ) ;
#402 = CARTESIAN_POINT ( 'NONE',  ( -17.28752988749540265, -16.01445386190352238, 2.000000000000000000 ) ) ;
#403 = CARTESIAN_POINT ( 'NONE',  ( 13.64180599432874530, 23.91017242913070007, 2.000000000000000000 ) ) ;
#404 = CARTESIAN_POINT ( 'NONE',  ( -2.833089530561789360, 23.33259147460854166, -2.099999999999998757 ) ) ;
#405 = CARTESIAN_POINT ( 'NONE',  ( -21.04854468720650118, 16.20550857031050995, 2.000000000000000000 ) ) ;
#406 = VERTEX_POINT ( 'NONE', #3781 ) ;
#407 = DIRECTION ( 'NONE',  ( 0.000000000000000000, -0.000000000000000000, -1.000000000000000000 ) ) ;
#408 = CARTESIAN_POINT ( 'NONE',  ( -4.590305982006153585, 25.40785750275294674, -2.099999999999998757 ) ) ;
#409 = CARTESIAN_POINT ( 'NONE',  ( 18.01951924832315299, -21.43121382622468474, -2.099999999999998757 ) ) ;
#410 = CARTESIAN_POINT ( 'NONE',  ( 20.86952096496491649, 12.08832612917524330, 2.000000000000000000 ) ) ;
#411 = CARTESIAN_POINT ( 'NONE',  ( 7.733573568718047575, 24.87706067138157451, -2.099999999999997868 ) ) ;
#412 = CARTESIAN_POINT ( 'NONE',  ( 17.76075994573093553, -17.29583732711386901, 2.000000000000000000 ) ) ;
#413 = B_SPLINE_CURVE_WITH_KNOTS ( 'NONE', 3,
 ( #2476, #5045, #1549, #7826, #246, #5390, #7190, #5889, #2817, #6057, #2855, #6517, #1591, #5260, #7236, #7991, #4666, #746, #922, #7358, #4711, #1469, #3444, #3486, #7316, #5973, #3315, #5933, #114, #6016, #2103, #2690, #2061, #2226, #4751, #290, #4618, #4119, #7952, #5427, #202, #1425, #6561, #7277, #4793, #6683, #3991, #796, #6603, #6641, #4036, #1509, #3357, #160, #2730 ),
 .UNSPECIFIED., .F., .F.,
 ( 4, 1, 1, 1, 1, 1, 1, 1, 1, 1, 1, 1, 1, 1, 1, 1, 1, 1, 1, 1, 1, 1, 1, 1, 1, 1, 1, 1, 1, 1, 1, 1, 1, 1, 1, 1, 1, 1, 1, 1, 1, 1, 1, 1, 1, 1, 1, 1, 1, 1, 1, 1, 4 ),
 ( 0.01037066611188940113, 0.06767854499841063909, 0.09884629602760419687, 0.1282330327458525154, 0.1558387551553856998, 0.1816634632588947085, 0.2057071570596702426, 0.2279698365617903733, 0.2484515017703998740, 0.2671521526921104561, 0.2840717893356237145, 0.2992104117127123430, 0.3125680198398570475, 0.3241446137411453376, 0.3339401934538046568, 0.3662021699428077426, 0.3760430630535975816, 0.3856763336118151919, 0.3952492422856396237, 0.4049624801021072251, 0.4150869914083012979, 0.4259748013331243754, 0.4380386266454286970, 0.4516469595390829594, 0.4668849008038623571, 0.4803437228220495125, 0.4999999999999997780, 0.5196562771779499323, 0.5331150991961371988, 0.5483530404609165965, 0.5619613733545708589, 0.5740251986668751805, 0.5849130085916983690, 0.5950375198978923308, 0.6047507577143599322, 0.6143236663881842530, 0.6239569369464019744, 0.6337978300571918133, 0.6660598065461948991, 0.6758553862588542183, 0.6874319801601425084, 0.7007895882872872129, 0.7159282106643759525, 0.7328478473078892108, 0.7515484982295997929, 0.7720301634382092937, 0.7942928429403295354, 0.8183365367411050695, 0.8441612448446141892, 0.8717669672541473735, 0.9011537039723956921, 0.9323214550015892499, 0.9896293338881091417 ),
 .UNSPECIFIED. ) ;
#414 = DIRECTION ( 'NONE',  ( -1.000000000000000000, 0.000000000000000000, 0.000000000000000000 ) ) ;
#415 = CARTESIAN_POINT ( 'NONE',  ( -24.15260079455800479, -7.275001489028700696, 2.000000000000000000 ) ) ;
#416 = ORIENTED_EDGE ( 'NONE', *, *, #1759, .T. ) ;
#417 = CARTESIAN_POINT ( 'NONE',  ( -9.230471089887526404, -21.96684885186929748, -2.099999999999998757 ) ) ;
#418 = CARTESIAN_POINT ( 'NONE',  ( 25.03107770533010523, -1.235924829161913374, 2.000000000000000000 ) ) ;
#419 = CARTESIAN_POINT ( 'NONE',  ( -12.36707919775603415, 25.12081464776627726, 2.000000000000000000 ) ) ;
#420 = CARTESIAN_POINT ( 'NONE',  ( -23.10489730742583703, -5.020145956116677688, -2.099999999999999645 ) ) ;
#421 = CARTESIAN_POINT ( 'NONE',  ( 8.512968716744138575, -21.89757064776837225, -2.099999999999999645 ) ) ;
#422 = CARTESIAN_POINT ( 'NONE',  ( 27.44567954253905384, -2.366745034183022067, -2.099999999999998757 ) ) ;
#423 = VERTEX_POINT ( 'NONE', #4491 ) ;
#424 = CARTESIAN_POINT ( 'NONE',  ( -10.89735721165043536, 23.93603524774559332, -2.099999999999998757 ) ) ;
#425 = CARTESIAN_POINT ( 'NONE',  ( -7.605208680130565391, -22.99453835804834867, -2.099999999999998757 ) ) ;
#426 = LINE ( 'NONE', #8167, #3467 ) ;
#427 = CARTESIAN_POINT ( 'NONE',  ( -24.02931632081062574, -10.69009516955077110, 2.000000000000000000 ) ) ;
#428 = CARTESIAN_POINT ( 'NONE',  ( 22.78920619399658420, 14.18622855212693246, 2.000000000000000000 ) ) ;
#429 = CARTESIAN_POINT ( 'NONE',  ( 24.48402185937397491, -7.488679734998055615, 2.000000000000000000 ) ) ;
#430 = CARTESIAN_POINT ( 'NONE',  ( -2.035327432088044119, -23.74029248485179266, -2.099999999999998757 ) ) ;
#431 = CARTESIAN_POINT ( 'NONE',  ( -2.463801941912927784, -23.38577358155836095, -2.099999999999998757 ) ) ;
#432 = CARTESIAN_POINT ( 'NONE',  ( -16.59924240491749003, -14.84924240491749892, -3.599999999999998757 ) ) ;
#433 = CARTESIAN_POINT ( 'NONE',  ( -23.51784779677759474, 10.65556037457645999, -2.099999999999999645 ) ) ;
#434 = EDGE_LOOP ( 'NONE', ( #2153, #4064, #132, #1216 ) ) ;
#436 = CARTESIAN_POINT ( 'NONE',  ( 13.10549974122803008, -21.04367979295773239, -2.099999999999998757 ) ) ;
#435 = DIRECTION ( 'NONE',  ( 0.000000000000000000, -0.000000000000000000, -1.000000000000000000 ) ) ;
#437 = CARTESIAN_POINT ( 'NONE',  ( -21.80373651133526991, -10.30832712212200519, -2.099999999999998757 ) ) ;
#438 = CARTESIAN_POINT ( 'NONE',  ( -9.873836557350655241, 22.73978747338223272, -2.099999999999998757 ) ) ;
#439 = CARTESIAN_POINT ( 'NONE',  ( -13.64897234010188676, 24.23668188073544627, 2.000000000000000000 ) ) ;
#440 = CARTESIAN_POINT ( 'NONE',  ( -18.73200657000872127, -19.22781655172589055, 2.000000000000000000 ) ) ;
#441 = CARTESIAN_POINT ( 'NONE',  ( -26.50130185302209540, 1.827769560624219913, 2.000000000000000000 ) ) ;
#442 = CARTESIAN_POINT ( 'NONE',  ( -0.8222169760116685433, 27.80351002194753818, -2.099999999999998757 ) ) ;
#443 = CARTESIAN_POINT ( 'NONE',  ( -20.28441937235457004, 15.97411852388379216, -2.099999999999998757 ) ) ;
#444 = VERTEX_POINT ( 'NONE', #1977 ) ;
#445 = CYLINDRICAL_SURFACE ( 'NONE', #7202, 1.750000000000001554 ) ;
#446 = LINE ( 'NONE', #4234, #2521 ) ;
#447 = CARTESIAN_POINT ( 'NONE',  ( -18.49458355994168812, -15.17355739294055006, 2.000000000000000000 ) ) ;
#448 = CARTESIAN_POINT ( 'NONE',  ( 20.65156267108762478, 11.69620803915342755, 2.000000000000000000 ) ) ;
#449 = CARTESIAN_POINT ( 'NONE',  ( -27.92719627399534588, 2.692595338240467484, -2.099999999999998757 ) ) ;
#450 = CARTESIAN_POINT ( 'NONE',  ( -18.00000000000000000, 2.204364238465235428E-15, 2.100000000000002309 ) ) ;
#451 = ADVANCED_FACE ( 'NONE', ( #7064 ), #2650, .T. ) ;
#452 = AXIS2_PLACEMENT_3D ( 'NONE', #3476, #2178, #7268 ) ;
#453 = CARTESIAN_POINT ( 'NONE',  ( -22.73975435582775262, -5.989014764842368166, 2.000000000000000000 ) ) ;
#454 = EDGE_LOOP ( 'NONE', ( #461, #5831 ) ) ;
#455 = CARTESIAN_POINT ( 'NONE',  ( -8.843531895616186134, -21.84292484346596197, -2.099999999999998757 ) ) ;
#456 = DIRECTION ( 'NONE',  ( -1.000000000000000000, 0.000000000000000000, 0.000000000000000000 ) ) ;
#457 = CARTESIAN_POINT ( 'NONE',  ( -10.53741832910565712, 23.57101921525814703, 2.000000000000000000 ) ) ;
#458 = CARTESIAN_POINT ( 'NONE',  ( -22.82097940566847782, -5.624866236205940950, 2.000000000000000000 ) ) ;
#459 = CARTESIAN_POINT ( 'NONE',  ( 9.555618961847068604, -22.25484530667600325, -2.099999999999999645 ) ) ;
#460 = CARTESIAN_POINT ( 'NONE',  ( 26.24483786523219209, -1.701370919965213169, 2.000000000000000000 ) ) ;
#461 = ORIENTED_EDGE ( 'NONE', *, *, #5382, .T. ) ;
#462 = CARTESIAN_POINT ( 'NONE',  ( -7.701896059577427955, 22.44925656542958592, -2.099999999999998757 ) ) ;
#463 = CARTESIAN_POINT ( 'NONE',  ( -7.741715957670622039, -24.19699765967529359, -2.099999999999998757 ) ) ;
#464 = CARTESIAN_POINT ( 'NONE',  ( -17.71416793792180044, -15.43316205167866784, -2.099999999999998757 ) ) ;
#465 = CARTESIAN_POINT ( 'NONE',  ( -24.31514428139132278, -10.69735948946559567, 2.000000000000000000 ) ) ;
#466 = CARTESIAN_POINT ( 'NONE',  ( 21.98040231662190891, 13.13048226772783877, -2.099999999999998757 ) ) ;
#467 = CARTESIAN_POINT ( 'NONE',  ( -20.62323650117463103, 11.56374771533979384, 2.000000000000000000 ) ) ;
#468 = AXIS2_PLACEMENT_3D ( 'NONE', #811, #7841, #4768 ) ;
#469 = CARTESIAN_POINT ( 'NONE',  ( -1.846803834033459157, -24.33438445894234903, 2.000000000000000000 ) ) ;
#470 = CARTESIAN_POINT ( 'NONE',  ( -0.9676081431083159989, -27.51106960583350514, -2.099999999999998757 ) ) ;
#471 = CARTESIAN_POINT ( 'NONE',  ( 7.720532692246934836, -23.84272921084243890, 2.000000000000000000 ) ) ;
#472 = CARTESIAN_POINT ( 'NONE',  ( -25.38017835885622020, 10.66028906035441004, -2.099999999999999645 ) ) ;
#473 = DIRECTION ( 'NONE',  ( 0.000000000000000000, 0.000000000000000000, -1.000000000000000000 ) ) ;
#475 = CARTESIAN_POINT ( 'NONE',  ( 21.70974829699418507, -12.84369887095659557, 2.000000000000000000 ) ) ;
#474 = DIRECTION ( 'NONE',  ( 0.7485107481711008592, 0.6631226582407954151, 0.000000000000000000 ) ) ;
#476 = CARTESIAN_POINT ( 'NONE',  ( 1.750000000000009992, -21.00000000000000000, 2.100000000000001865 ) ) ;
#477 = ADVANCED_FACE ( 'NONE', ( #580 ), #2522, .F. ) ;
#478 = CARTESIAN_POINT ( 'NONE',  ( -11.10648537714067707, 24.13101166629979488, -2.099999999999998757 ) ) ;
#479 = VECTOR ( 'NONE', #3545, 1000.000000000000000 ) ;
#480 = CARTESIAN_POINT ( 'NONE',  ( -25.38450439115045398, -4.717739787684796404, -2.099999999999998757 ) ) ;
#481 = CARTESIAN_POINT ( 'NONE',  ( 19.42345833902674812, -15.60717637591974238, 2.000000000000000000 ) ) ;
#482 = FACE_BOUND ( 'NONE', #3225, .T. ) ;
#483 = CARTESIAN_POINT ( 'NONE',  ( 4.482856113983113566, 25.20816636816326195, -2.099999999999998757 ) ) ;
#484 = CARTESIAN_POINT ( 'NONE',  ( -17.84651532293614551, 15.31230279367190050, 2.000000000000000000 ) ) ;
#485 = EDGE_LOOP ( 'NONE', ( #254, #825, #3988, #2144 ) ) ;
#486 = CARTESIAN_POINT ( 'NONE',  ( -23.74358889077459267, 4.778072828450320664, -2.100000000000000089 ) ) ;
#487 = CARTESIAN_POINT ( 'NONE',  ( -3.612999446203305709, 23.45707906485272431, -2.099999999999998757 ) ) ;
#488 = CARTESIAN_POINT ( 'NONE',  ( -19.87933552333217690, -15.81900378855656975, 2.000000000000000000 ) ) ;
#489 = CARTESIAN_POINT ( 'NONE',  ( 21.84033501313436432, 12.97800555654222165, 2.000000000000000000 ) ) ;
#490 = CARTESIAN_POINT ( 'NONE',  ( -24.56950331401515442, 1.128978604501155836, -2.099999999999998757 ) ) ;
#491 = CARTESIAN_POINT ( 'NONE',  ( 18.73200657000872482, -19.22781655172587634, 2.000000000000000000 ) ) ;
#492 = FACE_OUTER_BOUND ( 'NONE', #7208, .T. ) ;
#493 = CARTESIAN_POINT ( 'NONE',  ( -15.68419099428256658, -20.23743569325270641, 2.000000000000000000 ) ) ;
#494 = EDGE_LOOP ( 'NONE', ( #3027, #2008 ) ) ;
#495 = CARTESIAN_POINT ( 'NONE',  ( -9.230471089887526404, -21.96684885186929748, 2.000000000000000000 ) ) ;
#496 = CARTESIAN_POINT ( 'NONE',  ( 27.69989816616291378, -2.535120532250939362, 2.000000000000000000 ) ) ;
#497 = CARTESIAN_POINT ( 'NONE',  ( -11.10648537714067707, 24.13101166629979488, 2.000000000000000000 ) ) ;
#498 = CARTESIAN_POINT ( 'NONE',  ( -23.76414829993701261, -7.060866680122703798, 2.000000000000000000 ) ) ;
#499 = CARTESIAN_POINT ( 'NONE',  ( 9.673488752447900296, -22.40527988562695683, -2.099999999999999645 ) ) ;
#500 = CARTESIAN_POINT ( 'NONE',  ( 26.77150907641003386, -1.970609361940795390, 2.000000000000000000 ) ) ;
#501 = ADVANCED_FACE ( 'NONE', ( #3948 ), #6587, .T. ) ;
#502 = EDGE_CURVE ( 'NONE', #668, #2771, #2379, .T. ) ;
#503 = CIRCLE ( 'NONE', #2925, 28.00000000000000000 ) ;
#504 = ORIENTED_EDGE ( 'NONE', *, *, #5604, .F. ) ;
#505 = CARTESIAN_POINT ( 'NONE',  ( -9.673488752447902073, 22.40527988562695327, -2.099999999999998757 ) ) ;
#506 = CARTESIAN_POINT ( 'NONE',  ( -23.29246673278348823, 10.63055238855664442, -2.099999999999998757 ) ) ;
#507 = CARTESIAN_POINT ( 'NONE',  ( 0.000000000000000000, 0.000000000000000000, -3.599999999999998757 ) ) ;
#508 = CARTESIAN_POINT ( 'NONE',  ( -14.84924240491748826, -14.84924240491749892, 2.100000000000001865 ) ) ;
#509 = CARTESIAN_POINT ( 'NONE',  ( 20.86952096496491649, 12.08832612917524330, 2.000000000000000000 ) ) ;
#510 = CARTESIAN_POINT ( 'NONE',  ( -20.71178771499497984, 11.09036006156942555, 2.000000000000000000 ) ) ;
#511 = AXIS2_PLACEMENT_3D ( 'NONE', #5421, #6051, #2055 ) ;
#512 = CARTESIAN_POINT ( 'NONE',  ( -2.833089530561774261, -23.33259147460854166, 2.000000000000000000 ) ) ;
#513 = EDGE_CURVE ( 'NONE', #1088, #3918, #1912, .T. ) ;
#514 = CARTESIAN_POINT ( 'NONE',  ( 9.121658707306940173, 21.91081161619598916, 2.000000000000000000 ) ) ;
#515 = CARTESIAN_POINT ( 'NONE',  ( -2.638449045045063723, -23.34550970278806759, 2.000000000000000000 ) ) ;
#516 = CARTESIAN_POINT ( 'NONE',  ( -20.86952096496492004, 12.08832612917522376, -2.099999999999999645 ) ) ;
#517 = AXIS2_PLACEMENT_3D ( 'NONE', #4052, #7970, #3920 ) ;
#518 = EDGE_LOOP ( 'NONE', ( #3242, #46, #5758, #6938 ) ) ;
#520 = CARTESIAN_POINT ( 'NONE',  ( 22.78920619399659131, -14.18622855212691469, -2.099999999999999645 ) ) ;
#519 = CARTESIAN_POINT ( 'NONE',  ( 24.59949625084632174, -4.790317889056099787, 2.000000000000000000 ) ) ;
#521 = CARTESIAN_POINT ( 'NONE',  ( 13.64872344037203789, 24.44815634047358799, -2.099999999999998757 ) ) ;
#522 = CARTESIAN_POINT ( 'NONE',  ( 7.865059710290389638, -22.21401039568610614, -2.099999999999998757 ) ) ;
#523 = CARTESIAN_POINT ( 'NONE',  ( -20.28441937235456294, -15.97411852388380638, 2.000000000000000000 ) ) ;
#524 = CARTESIAN_POINT ( 'NONE',  ( 13.55023046621762539, 22.84843530275376011, -2.099999999999998757 ) ) ;
#525 = CARTESIAN_POINT ( 'NONE',  ( -3.499191490208550359, 23.38362255772745968, -2.099999999999998757 ) ) ;
#526 = CARTESIAN_POINT ( 'NONE',  ( -20.51809281624190362, 16.05254419007954425, 2.000000000000000000 ) ) ;
#527 = VERTEX_POINT ( 'NONE', #561 ) ;
#528 = CARTESIAN_POINT ( 'NONE',  ( -26.16863607189503327, 4.567518758412558277, -2.100000000000000089 ) ) ;
#529 = CARTESIAN_POINT ( 'NONE',  ( -4.082273444348693658, 24.25428063893853192, 2.000000000000000000 ) ) ;
#530 = CARTESIAN_POINT ( 'NONE',  ( 12.83364937058816579, -20.18870745851076265, 2.000000000000000000 ) ) ;
#531 = CARTESIAN_POINT ( 'NONE',  ( 23.15601641226234975, 6.742658068406557348, 2.000000000000000000 ) ) ;
#532 = CARTESIAN_POINT ( 'NONE',  ( 9.484645845787888163, 22.17444536155052148, -2.099999999999997868 ) ) ;
#533 = CARTESIAN_POINT ( 'NONE',  ( 23.07262568452395968, 6.675893319502731238, 2.000000000000000000 ) ) ;
#534 = CARTESIAN_POINT ( 'NONE',  ( 23.76349960547259954, 10.67578541799517744, -2.099999999999998757 ) ) ;
#535 = CARTESIAN_POINT ( 'NONE',  ( -16.82973023395796730, -20.91308632741409923, -2.099999999999999645 ) ) ;
#536 = ORIENTED_EDGE ( 'NONE', *, *, #4932, .T. ) ;
#537 = CARTESIAN_POINT ( 'NONE',  ( -10.70787966366669330, -23.74905515802277378, -2.099999999999998757 ) ) ;
#538 = PLANE ( 'NONE',  #8041 ) ;
#539 = CARTESIAN_POINT ( 'NONE',  ( -18.83778878485559716, 19.53549755878801264, 2.000000000000000000 ) ) ;
#540 = CARTESIAN_POINT ( 'NONE',  ( -25.88937528683161915, -4.628868634690443962, -2.099999999999999645 ) ) ;
#541 = CARTESIAN_POINT ( 'NONE',  ( -27.87379684351585141, -2.655456558194571048, -2.099999999999998757 ) ) ;
#542 = VERTEX_POINT ( 'NONE', #7001 ) ;
#543 = CARTESIAN_POINT ( 'NONE',  ( -14.60388312963063484, -19.32135064906643152, -2.099999999999998757 ) ) ;
#544 = CARTESIAN_POINT ( 'NONE',  ( -23.51784779677759474, 10.65556037457645999, -2.099999999999998757 ) ) ;
#545 = CARTESIAN_POINT ( 'NONE',  ( -24.76692767734244427, 4.782579349257304102, 2.000000000000000000 ) ) ;
#546 = CARTESIAN_POINT ( 'NONE',  ( -28.00000000000000355, 3.429011037612589276E-15, -3.599999999999998757 ) ) ;
#547 = CARTESIAN_POINT ( 'NONE',  ( 22.12901452267051639, 13.30176109182833244, -2.099999999999998757 ) ) ;
#548 = CARTESIAN_POINT ( 'NONE',  ( 26.08175881547111175, -8.866152756419925396, 2.000000000000000000 ) ) ;
#549 = EDGE_CURVE ( 'NONE', #7949, #7758, #6827, .T. ) ;
#550 = CARTESIAN_POINT ( 'NONE',  ( -2.198555820827210905, -23.54154832015335330, 2.000000000000000000 ) ) ;
#551 = B_SPLINE_CURVE_WITH_KNOTS ( 'NONE', 3,
 ( #6349, #1930, #6478, #705, #3273, #5802, #5762, #3862, #2560, #7060, #73, #578, #3142, #2648, #8279, #6435, #5130, #7699, #1176, #6313, #2519, #664, #33, #5172, #4120, #7910, #6684, #7317, #3316, #6518, #879, #923, #3487, #6058, #7237, #2856, #5428, #291, #5305, #7151, #1550, #7992, #2148, #7865, #4076, #2227, #7953, #6604, #1382, #3946, #3358, #2190, #5261, #5934, #747 ),
 .UNSPECIFIED., .F., .F.,
 ( 4, 1, 1, 1, 1, 1, 1, 1, 1, 1, 1, 1, 1, 1, 1, 1, 1, 1, 1, 1, 1, 1, 1, 1, 1, 1, 1, 1, 1, 1, 1, 1, 1, 1, 1, 1, 1, 1, 1, 1, 1, 1, 1, 1, 1, 1, 1, 1, 1, 1, 1, 1, 4 ),
 ( 0.01037066611188773753, 0.06767854499841063909, 0.09884629602760419687, 0.1282330327458525154, 0.1558387551553856998, 0.1816634632588947085, 0.2057071570596702426, 0.2279698365617903733, 0.2484515017703998740, 0.2671521526921104561, 0.2840717893356237145, 0.2992104117127123430, 0.3125680198398570475, 0.3241446137411453376, 0.3339401934538046568, 0.3662021699428077426, 0.3760430630535975816, 0.3856763336118151919, 0.3952492422856396237, 0.4049624801021072251, 0.4150869914083012979, 0.4259748013331243754, 0.4380386266454286970, 0.4516469595390829594, 0.4668849008038623571, 0.4803437228220495125, 0.4999999999999997780, 0.5196562771779499323, 0.5331150991961371988, 0.5483530404609165965, 0.5619613733545708589, 0.5740251986668751805, 0.5849130085916982580, 0.5950375198978923308, 0.6047507577143599322, 0.6143236663881842530, 0.6239569369464019744, 0.6337978300571918133, 0.6660598065461948991, 0.6758553862588542183, 0.6874319801601425084, 0.7007895882872872129, 0.7159282106643759525, 0.7328478473078892108, 0.7515484982295997929, 0.7720301634382092937, 0.7942928429403295354, 0.8183365367411050695, 0.8441612448446141892, 0.8717669672541473735, 0.9011537039723956921, 0.9323214550015892499, 0.9896293338881103629 ),
 .UNSPECIFIED. ) ;
#552 = CARTESIAN_POINT ( 'NONE',  ( 9.555618961847061499, 22.25484530667599969, 2.000000000000000000 ) ) ;
#553 = CARTESIAN_POINT ( 'NONE',  ( 7.629252907546909768, -22.67335363560524186, 2.000000000000000000 ) ) ;
#554 = CARTESIAN_POINT ( 'NONE',  ( -21.98040231662191957, 13.13048226772782101, 2.000000000000000000 ) ) ;
#555 = CARTESIAN_POINT ( 'NONE',  ( -12.94401591853665145, -20.68877481383770700, 2.000000000000000000 ) ) ;
#556 = CARTESIAN_POINT ( 'NONE',  ( 9.873836557350646359, 22.73978747338223272, -2.099999999999998757 ) ) ;
#558 = CARTESIAN_POINT ( 'NONE',  ( 13.18542992737236474, -19.44527382878997201, -2.099999999999998757 ) ) ;
#557 = CARTESIAN_POINT ( 'NONE',  ( 27.69932686549411471, -4.092342562581388954, 2.000000000000000000 ) ) ;
#559 = CARTESIAN_POINT ( 'NONE',  ( 26.77150907641003741, 1.970609361940795390, -2.099999999999998757 ) ) ;
#560 = CARTESIAN_POINT ( 'NONE',  ( 10.70787966366669686, -23.74905515802276312, -2.099999999999998757 ) ) ;
#561 = CARTESIAN_POINT ( 'NONE',  ( 0.7237198720500166438, -27.99064497287968223, 2.000000000000000000 ) ) ;
#562 = CARTESIAN_POINT ( 'NONE',  ( 13.50602898338108382, 19.22398027845277468, -2.099999999999998757 ) ) ;
#563 = CARTESIAN_POINT ( 'NONE',  ( 5.183190230475027249, 26.33878392258043633, 2.000000000000000000 ) ) ;
#564 = CARTESIAN_POINT ( 'NONE',  ( -18.51632561903327456, 18.67704107051115869, -2.099999999999998757 ) ) ;
#565 = ORIENTED_EDGE ( 'NONE', *, *, #3134, .F. ) ;
#566 = CARTESIAN_POINT ( 'NONE',  ( -22.85055158908932782, 6.414095051321343277, 2.000000000000000000 ) ) ;
#567 = CARTESIAN_POINT ( 'NONE',  ( -1.846803834033476699, 24.33438445894235613, -2.099999999999998757 ) ) ;
#568 = CARTESIAN_POINT ( 'NONE',  ( 13.18542992737236474, -19.44527382878997201, 2.000000000000000000 ) ) ;
#569 = CARTESIAN_POINT ( 'NONE',  ( 22.76403769146248379, 5.811439118492644162, 2.000000000000000000 ) ) ;
#570 = CARTESIAN_POINT ( 'NONE',  ( 9.673488752447894967, 22.40527988562696393, -2.099999999999997868 ) ) ;
#571 = CARTESIAN_POINT ( 'NONE',  ( 23.24438501506255150, 6.803422568062755360, 2.000000000000000000 ) ) ;
#572 = CARTESIAN_POINT ( 'NONE',  ( 20.71178771499496918, 11.09036006156944332, -2.099999999999998757 ) ) ;
#573 = DIRECTION ( 'NONE',  ( 0.3546048870425354549, 0.9350162426854149444, 0.000000000000000000 ) ) ;
#574 = ORIENTED_EDGE ( 'NONE', *, *, #3505, .F. ) ;
#575 = CARTESIAN_POINT ( 'NONE',  ( -11.10648537714066819, -24.13101166629981265, -2.099999999999998757 ) ) ;
#576 = DIRECTION ( 'NONE',  ( 0.000000000000000000, 0.000000000000000000, -1.000000000000000000 ) ) ;
#577 = CARTESIAN_POINT ( 'NONE',  ( -22.62472946281705433, 16.49610842548437972, 2.000000000000000000 ) ) ;
#578 = CARTESIAN_POINT ( 'NONE',  ( 24.15260079455800835, -7.275001489028691815, -2.099999999999998757 ) ) ;
#579 = CARTESIAN_POINT ( 'NONE',  ( 7.705310163655081368, -23.69563005194943983, 2.000000000000000000 ) ) ;
#580 = FACE_OUTER_BOUND ( 'NONE', #1848, .T. ) ;
#581 = CARTESIAN_POINT ( 'NONE',  ( -13.81390900009209943, 19.09181343516790719, -2.099999999999998757 ) ) ;
#582 = VERTEX_POINT ( 'NONE', #4558 ) ;
#583 = CARTESIAN_POINT ( 'NONE',  ( -7.743106042156109758, 24.63076208136009271, -2.099999999999998757 ) ) ;
#584 = CARTESIAN_POINT ( 'NONE',  ( -22.59408972245014624, 10.50532236015857102, -2.099999999999998757 ) ) ;
#585 = CARTESIAN_POINT ( 'NONE',  ( -26.77848301813143905, 4.405768766048581142, 2.000000000000000000 ) ) ;
#586 = CARTESIAN_POINT ( 'NONE',  ( 25.70517099647025105, -10.62804679002982411, 2.000000000000000000 ) ) ;
#587 = CARTESIAN_POINT ( 'NONE',  ( 21.10401706161571411, 10.48531763796958671, 2.000000000000000000 ) ) ;
#588 = CARTESIAN_POINT ( 'NONE',  ( 0.000000000000000000, 0.000000000000000000, -2.099999999999998757 ) ) ;
#589 = CARTESIAN_POINT ( 'NONE',  ( -1.981471996724997853, -23.84030691368550592, 2.000000000000000000 ) ) ;
#590 = CARTESIAN_POINT ( 'NONE',  ( 8.843531895616187910, 21.84292484346595842, 2.000000000000000000 ) ) ;
#591 = CARTESIAN_POINT ( 'NONE',  ( -4.082273444348678559, -24.25428063893853192, 2.000000000000000000 ) ) ;
#592 = CARTESIAN_POINT ( 'NONE',  ( -22.46994110604167005, 10.47341059000766350, 2.000000000000000000 ) ) ;
#593 = CARTESIAN_POINT ( 'NONE',  ( -13.64897234010188320, -24.23668188073550311, 2.000000000000000000 ) ) ;
#594 = CARTESIAN_POINT ( 'NONE',  ( 1.762385718735297591, -25.16282512725968701, 2.000000000000000000 ) ) ;
#595 = CARTESIAN_POINT ( 'NONE',  ( 7.733032203436366103, 24.00987265162540751, -2.099999999999998757 ) ) ;
#597 = CARTESIAN_POINT ( 'NONE',  ( 12.94401591853666211, -20.68877481383771411, -2.099999999999998757 ) ) ;
#596 = CARTESIAN_POINT ( 'NONE',  ( -15.36687483434010737, 20.00332296475708915, -2.099999999999998757 ) ) ;
#598 = CARTESIAN_POINT ( 'NONE',  ( 27.05471844848150198, 2.130765319231056054, -2.099999999999998757 ) ) ;
#599 = CARTESIAN_POINT ( 'NONE',  ( 11.92825707275348179, -24.80951228021083921, -2.099999999999998757 ) ) ;
#600 = CARTESIAN_POINT ( 'NONE',  ( -20.28441937235456294, -15.97411852388380638, -2.099999999999998757 ) ) ;
#601 = CARTESIAN_POINT ( 'NONE',  ( 13.15214330072517690, 21.16307668733837488, 2.000000000000000000 ) ) ;
#602 = CARTESIAN_POINT ( 'NONE',  ( 18.00520414013333337, 17.66596715945037843, -2.099999999999999645 ) ) ;
#603 = CARTESIAN_POINT ( 'NONE',  ( -18.97394387000454685, 19.97138607174008840, 2.000000000000000000 ) ) ;
#604 = AXIS2_PLACEMENT_3D ( 'NONE', #1358, #639, #5779 ) ;
#605 = ORIENTED_EDGE ( 'NONE', *, *, #4755, .T. ) ;
#606 = CARTESIAN_POINT ( 'NONE',  ( -23.58537593626265050, 6.976039544898362976, -2.100000000000000089 ) ) ;
#607 = CARTESIAN_POINT ( 'NONE',  ( -4.244076555440686960, 24.69959869036684452, -2.099999999999998757 ) ) ;
#608 = CARTESIAN_POINT ( 'NONE',  ( 13.04949915500205115, -19.56208827861912525, -2.099999999999998757 ) ) ;
#609 = CARTESIAN_POINT ( 'NONE',  ( 23.00007343659231296, 5.130111501463117563, 2.000000000000000000 ) ) ;
#610 = CARTESIAN_POINT ( 'NONE',  ( 8.148726673636440765, 22.03570943365874513, -2.099999999999997868 ) ) ;
#611 = CARTESIAN_POINT ( 'NONE',  ( 22.99371384847795241, 6.601180838822673813, 2.000000000000000000 ) ) ;
#612 = AXIS2_PLACEMENT_3D ( 'NONE', #5140, #7710, #7755 ) ;
#613 = B_SPLINE_SURFACE_WITH_KNOTS ( 'NONE', 3, 1, ( 
 ( #944, #3509 ),
 ( #8092, #2331 ),
 ( #4896, #7459 ),
 ( #1694, #228 ),
 ( #3154, #6282 ),
 ( #7580, #3074 ),
 ( #1738, #3791 ),
 ( #6988, #4297 ),
 ( #3752, #1104 ),
 ( #5058, #6869 ),
 ( #1223, #3669 ),
 ( #6322, #6361 ),
 ( #4417, #7542 ),
 ( #5652, #2414 ),
 ( #5611, #6239 ),
 ( #2451, #1816 ),
 ( #469, #3035 ),
 ( #5687, #8291 ),
 ( #8172, #4981 ),
 ( #4376, #7504 ),
 ( #589, #1778 ),
 ( #4258, #430 ),
 ( #2995, #4334 ),
 ( #550, #6905 ),
 ( #1856, #1144 ),
 ( #5731, #7669 ),
 ( #3112, #3710 ),
 ( #512, #6945 ),
 ( #8212, #5019 ),
 ( #4938, #2532 ),
 ( #6829, #8249 ),
 ( #5099, #1185 ),
 ( #2488, #7625 ),
 ( #1064, #3631 ),
 ( #6201, #5570 ),
 ( #8129, #2372 ),
 ( #2661, #6577 ),
 ( #4007, #3876 ),
 ( #4635, #88 ),
 ( #5905, #6491 ),
 ( #3201, #7712 ),
 ( #1943, #7076 ),
 ( #7207, #4547 ),
 ( #2075, #2616 ),
 ( #718, #3960 ),
 ( #4502, #3917 ),
 ( #2704, #810 ),
 ( #3371, #7124 ),
 ( #4457, #1309 ),
 ( #1353, #1441 ),
 ( #5275, #1395 ),
 ( #7030, #6533 ),
 ( #763, #3332 ),
 ( #1263, #131 ),
 ( #5946, #175 ) ),
 .UNSPECIFIED., .F., .F., .F.,
 ( 4, 1, 1, 1, 1, 1, 1, 1, 1, 1, 1, 1, 1, 1, 1, 1, 1, 1, 1, 1, 1, 1, 1, 1, 1, 1, 1, 1, 1, 1, 1, 1, 1, 1, 1, 1, 1, 1, 1, 1, 1, 1, 1, 1, 1, 1, 1, 1, 1, 1, 1, 1, 4 ),
 ( 2, 2 ),
 ( 0.01037066610069594177, 0.06767854499841075011, 0.09884629602760430789, 0.1282330327458526265, 0.1558387551553858108, 0.1816634632588949305, 0.2057071570596704646, 0.2279698365617907063, 0.2484515017704002071, 0.2671521526921107892, 0.2840717893356240475, 0.2992104117127127871, 0.3125680198398574916, 0.3241446137411457817, 0.3339401934538051009, 0.3662021699428081867, 0.3760430630535980256, 0.3856763336118157470, 0.3952492422856400678, 0.4049624801021076692, 0.4150869914083017420, 0.4259748013331248195, 0.4380386266454291411, 0.4516469595390834035, 0.4668849008038628012, 0.4803437228220500677, 0.5000000000000002220, 0.5196562771779504875, 0.5331150991961376429, 0.5483530404609170406, 0.5619613733545713030, 0.5740251986668756246, 0.5849130085916987021, 0.5950375198978927749, 0.6047507577143603763, 0.6143236663881848081, 0.6239569369464024184, 0.6337978300571922574, 0.6660598065461953432, 0.6758553862588546624, 0.6874319801601429525, 0.7007895882872876570, 0.7159282106643762855, 0.7328478473078895439, 0.7515484982296001260, 0.7720301634382096267, 0.7942928429403297574, 0.8183365367411052915, 0.8441612448446143002, 0.8717669672541474846, 0.9011537039723958031, 0.9323214550015893609, 0.9955048858948387647 ),
 ( 0.000000000000000000, 1.000000000000000000 ),
 .UNSPECIFIED. ) ;
#614 = CARTESIAN_POINT ( 'NONE',  ( 14.84924240491750602, -14.84924240491749714, 2.100000000000001865 ) ) ;
#615 = CARTESIAN_POINT ( 'NONE',  ( 2.833089530561761382, 23.33259147460854521, -2.099999999999998757 ) ) ;
#616 = EDGE_LOOP ( 'NONE', ( #4747, #8187 ) ) ;
#617 = CARTESIAN_POINT ( 'NONE',  ( -12.22808153238819173, -25.02626203674998351, -2.099999999999998757 ) ) ;
#618 = CARTESIAN_POINT ( 'NONE',  ( -25.56471904745757939, -1.411662356313491795, -2.099999999999998757 ) ) ;
#619 = CARTESIAN_POINT ( 'NONE',  ( -20.51809281624190362, 16.05254419007954425, 2.000000000000000000 ) ) ;
#620 = CARTESIAN_POINT ( 'NONE',  ( -23.74358889077459622, -4.778072828450338427, -2.099999999999999645 ) ) ;
#621 = DIRECTION ( 'NONE',  ( 0.000000000000000000, 0.000000000000000000, -1.000000000000000000 ) ) ;
#622 = AXIS2_PLACEMENT_3D ( 'NONE', #3117, #6497, #7631 ) ;
#623 = CARTESIAN_POINT ( 'NONE',  ( -0.8222171190861158330, 27.80350973416697613, 2.000000000000000000 ) ) ;
#624 = CARTESIAN_POINT ( 'NONE',  ( -13.30747633062666146, 21.64116298680352202, 2.000000000000000000 ) ) ;
#625 = ORIENTED_EDGE ( 'NONE', *, *, #633, .F. ) ;
#626 = CARTESIAN_POINT ( 'NONE',  ( -7.720532692246934836, 23.84272921084243535, 2.000000000000000000 ) ) ;
#627 = CARTESIAN_POINT ( 'NONE',  ( -22.85726476338738067, 5.433202019314275155, -2.099999999999998757 ) ) ;
#628 = CARTESIAN_POINT ( 'NONE',  ( -26.46517536639175106, 4.493494443281853101, 2.000000000000000000 ) ) ;
#629 = CARTESIAN_POINT ( 'NONE',  ( 22.90269961712299462, -10.57072003481730782, 2.000000000000000000 ) ) ;
#630 = CARTESIAN_POINT ( 'NONE',  ( 21.69704443755539813, 10.30300297322496661, 2.000000000000000000 ) ) ;
#631 = LINE ( 'NONE', #3239, #1967 ) ;
#632 = CARTESIAN_POINT ( 'NONE',  ( -23.08741356227222852, 10.60189590196922360, 2.000000000000000000 ) ) ;
#633 = EDGE_CURVE ( 'NONE', #1326, #4758, #1453, .T. ) ;
#634 = AXIS2_PLACEMENT_3D ( 'NONE', #2395, #5636, #1633 ) ;
#635 = CARTESIAN_POINT ( 'NONE',  ( -22.27987727495454706, -10.41835660743990566, -2.099999999999998757 ) ) ;
#636 = CARTESIAN_POINT ( 'NONE',  ( 18.25928954266904469, 15.16201400375275199, -2.099999999999998757 ) ) ;
#637 = CARTESIAN_POINT ( 'NONE',  ( -21.48061666422703553, 12.62686802027752542, -2.099999999999999645 ) ) ;
#638 = CARTESIAN_POINT ( 'NONE',  ( -12.85055170543023983, -19.95373759773043432, 2.000000000000000000 ) ) ;
#639 = DIRECTION ( 'NONE',  ( -0.000000000000000000, 0.000000000000000000, -1.000000000000000000 ) ) ;
#640 = CARTESIAN_POINT ( 'NONE',  ( 7.523321107007127750, 26.48008413688457452, -2.099999999999998757 ) ) ;
#642 = DIRECTION ( 'NONE',  ( 0.000000000000000000, 0.000000000000000000, -1.000000000000000000 ) ) ;
#641 = CARTESIAN_POINT ( 'NONE',  ( -12.94401591853666211, 20.68877481383771411, -2.099999999999998757 ) ) ;
#643 = CARTESIAN_POINT ( 'NONE',  ( 13.15214330072517690, 21.16307668733837488, -2.099999999999998757 ) ) ;
#644 = VECTOR ( 'NONE', #4032, 1000.000000000000000 ) ;
#645 = CARTESIAN_POINT ( 'NONE',  ( 11.10648537714067530, -24.13101166629980199, -2.099999999999998757 ) ) ;
#646 = CARTESIAN_POINT ( 'NONE',  ( 18.49458355994169523, -15.17355739294053940, 2.000000000000000000 ) ) ;
#647 = CARTESIAN_POINT ( 'NONE',  ( 13.25426296490208955, 21.46155364981479252, 2.000000000000000000 ) ) ;
#648 = AXIS2_PLACEMENT_3D ( 'NONE', #6660, #3375, #5406 ) ;
#649 = CARTESIAN_POINT ( 'NONE',  ( 18.09985454995500120, 17.82762258356555307, 2.000000000000000000 ) ) ;
#650 = CARTESIAN_POINT ( 'NONE',  ( -18.09985454995501897, 17.82762258356554241, -2.099999999999998757 ) ) ;
#651 = ORIENTED_EDGE ( 'NONE', *, *, #4350, .T. ) ;
#652 = CARTESIAN_POINT ( 'NONE',  ( -26.47130246195388992, 9.297768937128731537, -2.100000000000000089 ) ) ;
#653 = CARTESIAN_POINT ( 'NONE',  ( -2.463801941912943327, 23.38577358155836450, 2.000000000000000000 ) ) ;
#654 = CARTESIAN_POINT ( 'NONE',  ( 14.10020032022225323, -19.09116743896563051, -2.099999999999998757 ) ) ;
#655 = CARTESIAN_POINT ( 'NONE',  ( 25.75863198250609543, 8.543467069173823702, 2.000000000000000000 ) ) ;
#656 = CARTESIAN_POINT ( 'NONE',  ( 7.720532692246926842, 23.84272921084243890, -2.099999999999997868 ) ) ;
#657 = CARTESIAN_POINT ( 'NONE',  ( 23.76414829993700906, 7.060866680122717121, -2.099999999999999645 ) ) ;
#658 = CARTESIAN_POINT ( 'NONE',  ( 25.38017835881497675, 10.66028906035689872, -2.099999999999998757 ) ) ;
#659 = CARTESIAN_POINT ( 'NONE',  ( -25.38450439115045398, -4.717739787684796404, 2.000000000000000000 ) ) ;
#660 = VERTEX_POINT ( 'NONE', #2582 ) ;
#661 = CARTESIAN_POINT ( 'NONE',  ( 4.144933467011483685, -24.44197433207706638, -2.099999999999998757 ) ) ;
#662 = CARTESIAN_POINT ( 'NONE',  ( -24.37956700134304100, -1.099847363974311154, -2.099999999999998757 ) ) ;
#663 = CARTESIAN_POINT ( 'NONE',  ( -17.51903422860500115, 16.98989084997259269, 2.000000000000000000 ) ) ;
#664 = CARTESIAN_POINT ( 'NONE',  ( 22.91929613358907503, -6.515359526762108722, -2.099999999999998757 ) ) ;
#665 = CARTESIAN_POINT ( 'NONE',  ( 7.688595528318264982, -23.56854007989867483, 2.000000000000000000 ) ) ;
#666 = DIRECTION ( 'NONE',  ( 0.000000000000000000, 0.000000000000000000, -1.000000000000000000 ) ) ;
#667 = CARTESIAN_POINT ( 'NONE',  ( -13.04949915500205115, 19.56208827861912525, -2.099999999999998757 ) ) ;
#668 = VERTEX_POINT ( 'NONE', #3928 ) ;
#669 = CARTESIAN_POINT ( 'NONE',  ( -14.88619985382989697, -19.57897187542435091, -2.099999999999998757 ) ) ;
#670 = CARTESIAN_POINT ( 'NONE',  ( -22.73975435582775617, 5.989014764842353067, -2.099999999999998757 ) ) ;
#671 = CARTESIAN_POINT ( 'NONE',  ( -5.995909907646406189, -27.35048520283305962, 2.000000000000000000 ) ) ;
#672 = CARTESIAN_POINT ( 'NONE',  ( 25.07504586300960980, 7.932732980984177118, -2.099999999999998757 ) ) ;
#673 = CARTESIAN_POINT ( 'NONE',  ( 22.09815905990546980, 10.35588323418789258, -2.099999999999998757 ) ) ;
#674 = DIRECTION ( 'NONE',  ( 1.000000000000000000, 0.000000000000000000, 0.000000000000000000 ) ) ;
#675 = CARTESIAN_POINT ( 'NONE',  ( 17.84651532293614196, -15.31230279367190406, -2.099999999999998757 ) ) ;
#676 = ADVANCED_FACE ( 'NONE', ( #1406 ), #3342, .F. ) ;
#677 = CARTESIAN_POINT ( 'NONE',  ( -24.62078186107713407, -10.69645268464871180, -2.099999999999998757 ) ) ;
#678 = ORIENTED_EDGE ( 'NONE', *, *, #6977, .T. ) ;
#679 = CARTESIAN_POINT ( 'NONE',  ( 17.59296804644543499, 15.58600964088961049, -2.099999999999998757 ) ) ;
#680 = CARTESIAN_POINT ( 'NONE',  ( -20.61769535193586833, 11.41192623884528068, 2.000000000000000000 ) ) ;
#681 = CARTESIAN_POINT ( 'NONE',  ( -14.60388312963063484, -19.32135064906643152, 2.000000000000000000 ) ) ;
#682 = CARTESIAN_POINT ( 'NONE',  ( 3.705239350424557987, -23.53752846792088604, 2.000000000000000000 ) ) ;
#683 = CARTESIAN_POINT ( 'NONE',  ( 7.733573568718047575, 24.87706067138157451, -2.099999999999998757 ) ) ;
#685 = CARTESIAN_POINT ( 'NONE',  ( 12.84317218923419723, -20.29695877980780949, -2.099999999999998757 ) ) ;
#684 = CARTESIAN_POINT ( 'NONE',  ( 26.06641539771070981, -8.850830286109157896, 2.000000000000000000 ) ) ;
#686 = CARTESIAN_POINT ( 'NONE',  ( 23.63491054742289421, -0.6550942090464556555, 2.000000000000000000 ) ) ;
#687 = CARTESIAN_POINT ( 'NONE',  ( 25.38450439115045754, -4.717739787684787522, -2.099999999999998757 ) ) ;
#688 = CARTESIAN_POINT ( 'NONE',  ( 17.35181857730701083, -15.87069998699208462, 2.000000000000000000 ) ) ;
#689 = CARTESIAN_POINT ( 'NONE',  ( 13.58617081224543277, 23.15195374360799008, -2.099999999999998757 ) ) ;
#690 = CARTESIAN_POINT ( 'NONE',  ( 17.64188601445203020, 17.13764696917009189, -2.099999999999999645 ) ) ;
#691 = CARTESIAN_POINT ( 'NONE',  ( -17.25237999601838013, 16.29857992973628811, -2.099999999999998757 ) ) ;
#692 = VERTEX_POINT ( 'NONE', #7723 ) ;
#693 = CARTESIAN_POINT ( 'NONE',  ( -25.29380829876431136, 8.116834556469559203, -2.100000000000000089 ) ) ;
#694 = CARTESIAN_POINT ( 'NONE',  ( -4.852431640496140730, 25.84840584550508069, -2.099999999999998757 ) ) ;
#695 = CARTESIAN_POINT ( 'NONE',  ( 15.87213422487472947, -20.36431896814133680, 2.000000000000000000 ) ) ;
#696 = CARTESIAN_POINT ( 'NONE',  ( 22.73828148979403352, 10.53816474365924805, 2.000000000000000000 ) ) ;
#697 = CARTESIAN_POINT ( 'NONE',  ( 7.605017794998032876, 22.88729425358476632, -2.099999999999997868 ) ) ;
#698 = CARTESIAN_POINT ( 'NONE',  ( 25.75863198250609543, 8.543467069173823702, 2.000000000000000000 ) ) ;
#699 = LINE ( 'NONE', #3267, #4142 ) ;
#700 = CARTESIAN_POINT ( 'NONE',  ( -1.749999999999992673, -21.00000000000000000, 2.100000000000001865 ) ) ;
#701 = ORIENTED_EDGE ( 'NONE', *, *, #7945, .T. ) ;
#702 = CARTESIAN_POINT ( 'NONE',  ( -11.33585971340118093, -24.33300811744742020, 2.000000000000000000 ) ) ;
#703 = CARTESIAN_POINT ( 'NONE',  ( 1.840779285638389329, 24.52644730507024562, 2.000000000000000000 ) ) ;
#704 = CARTESIAN_POINT ( 'NONE',  ( -18.40868586258353545, 18.43357243192680173, 2.000000000000000000 ) ) ;
#705 = CARTESIAN_POINT ( 'NONE',  ( 25.75863198250611319, -8.543467069173802386, -2.099999999999998757 ) ) ;
#706 = LINE ( 'NONE', #3274, #5461 ) ;
#707 = EDGE_CURVE ( 'NONE', #189, #7355, #5447, .T. ) ;
#708 = CARTESIAN_POINT ( 'NONE',  ( -2.198555820827225560, 23.54154832015334975, 2.000000000000000000 ) ) ;
#709 = CARTESIAN_POINT ( 'NONE',  ( -14.10020032022225323, 19.09116743896563051, 2.000000000000000000 ) ) ;
#710 = ORIENTED_EDGE ( 'NONE', *, *, #2479, .F. ) ;
#711 = CARTESIAN_POINT ( 'NONE',  ( -7.688595528318266759, 23.56854007989867128, 2.000000000000000000 ) ) ;
#712 = CARTESIAN_POINT ( 'NONE',  ( -9.945601713251328135, -22.84599953686307572, 2.000000000000000000 ) ) ;
#713 = LINE ( 'NONE', #3280, #2263 ) ;
#714 = CARTESIAN_POINT ( 'NONE',  ( 23.74358889077459267, 4.778072828450351750, -2.099999999999998757 ) ) ;
#715 = CARTESIAN_POINT ( 'NONE',  ( -18.73200657000872837, 19.22781655172587278, -2.099999999999998757 ) ) ;
#716 = CARTESIAN_POINT ( 'NONE',  ( 22.28520553958149719, -13.49243943284463398, -2.099999999999998757 ) ) ;
#717 = CARTESIAN_POINT ( 'NONE',  ( 21.66370631000717495, -16.34569607223865617, 2.000000000000000000 ) ) ;
#718 = CARTESIAN_POINT ( 'NONE',  ( -4.389956462724874164, -25.02313217738666040, 2.000000000000000000 ) ) ;
#719 = CARTESIAN_POINT ( 'NONE',  ( -5.995909907646296944, -27.35048520283293882, 2.000000000000000000 ) ) ;
#720 = CARTESIAN_POINT ( 'NONE',  ( -23.47699277379168947, 15.36259000563081578, -2.099999999999999645 ) ) ;
#721 = CARTESIAN_POINT ( 'NONE',  ( -13.50856635788135662, -22.56556696682680752, 2.000000000000000000 ) ) ;
#722 = CARTESIAN_POINT ( 'NONE',  ( 3.025165651672266254, -23.29855380546641186, 2.000000000000000000 ) ) ;
#723 = CARTESIAN_POINT ( 'NONE',  ( 8.993578510876917065, 21.86672564825609655, -2.099999999999998757 ) ) ;
#725 = CARTESIAN_POINT ( 'NONE',  ( 12.86131782747430208, -20.40223119301177235, -2.099999999999998757 ) ) ;
#724 = CARTESIAN_POINT ( 'NONE',  ( -14.21926140100350722, 19.11953582679382535, -2.099999999999998757 ) ) ;
#726 = CARTESIAN_POINT ( 'NONE',  ( 23.72154950710864441, 0.7592181733933792698, 2.000000000000000000 ) ) ;
#727 = CARTESIAN_POINT ( 'NONE',  ( -22.85055158908931716, -6.414095051321358376, -2.099999999999998757 ) ) ;
#728 = DIRECTION ( 'NONE',  ( 0.000000000000000000, 0.000000000000000000, -1.000000000000000000 ) ) ;
#729 = CARTESIAN_POINT ( 'NONE',  ( 16.30896799194538360, 20.63258928533522152, 2.000000000000000000 ) ) ;
#730 = CARTESIAN_POINT ( 'NONE',  ( 17.71416793792179689, 15.43316205167866784, -2.099999999999999645 ) ) ;
#731 = CARTESIAN_POINT ( 'NONE',  ( -17.32735312033766562, 16.63359376186218341, -2.099999999999998757 ) ) ;
#732 = EDGE_CURVE ( 'NONE', #7114, #2133, #1296, .T. ) ;
#733 = ORIENTED_EDGE ( 'NONE', *, *, #2209, .F. ) ;
#734 = CARTESIAN_POINT ( 'NONE',  ( -24.86659007404523436, 7.767174896947384610, 2.000000000000000000 ) ) ;
#735 = CARTESIAN_POINT ( 'NONE',  ( -23.34891264155150026, -15.11752257340559424, -2.099999999999998757 ) ) ;
#736 = CARTESIAN_POINT ( 'NONE',  ( 12.88716835993242960, -20.50631329690557436, 2.000000000000000000 ) ) ;
#737 = APPLICATION_PROTOCOL_DEFINITION ( 'draft international standard', 'automotive_design', 1998, #1768 ) ;
#738 = CARTESIAN_POINT ( 'NONE',  ( 10.53741832910564824, 23.57101921525815058, -2.099999999999997868 ) ) ;
#739 = CARTESIAN_POINT ( 'NONE',  ( 23.32186741149923392, 4.882063647943462037, -2.099999999999999645 ) ) ;
#740 = LINE ( 'NONE', #1464, #377 ) ;
#741 = VECTOR ( 'NONE', #6902, 1000.000000000000000 ) ;
#742 = CARTESIAN_POINT ( 'NONE',  ( -25.88937528683161915, -4.628868634690443962, 2.000000000000000000 ) ) ;
#743 = ORIENTED_EDGE ( 'NONE', *, *, #5299, .F. ) ;
#744 = CARTESIAN_POINT ( 'NONE',  ( 2.320354714939433460, -23.45074361513812278, 2.000000000000000000 ) ) ;
#745 = CARTESIAN_POINT ( 'NONE',  ( 0.8222171190860536605, 27.80350973416702942, 2.000000000000000000 ) ) ;
#746 = CARTESIAN_POINT ( 'NONE',  ( 1.881261915648297478, -24.14640443156747196, -2.099999999999998757 ) ) ;
#747 = CARTESIAN_POINT ( 'NONE',  ( 27.69932731590314390, -4.092342391157166581, -2.099999999999998757 ) ) ;
#748 = CARTESIAN_POINT ( 'NONE',  ( -23.81253063529220171, -0.8410884408854227834, -2.099999999999998757 ) ) ;
#749 = CARTESIAN_POINT ( 'NONE',  ( -18.83778878485557939, -19.53549755878801975, 2.000000000000000000 ) ) ;
#750 = CARTESIAN_POINT ( 'NONE',  ( -12.86131782747430208, 20.40223119301177235, -2.099999999999998757 ) ) ;
#751 = ADVANCED_FACE ( 'NONE', ( #2210 ), #5533, .F. ) ;
#752 = CARTESIAN_POINT ( 'NONE',  ( 10.13323285654343664, 23.09959661296539224, 2.000000000000000000 ) ) ;
#753 = CIRCLE ( 'NONE', #4796, 27.99999957948218920 ) ;
#754 = ORIENTED_EDGE ( 'NONE', *, *, #7923, .T. ) ;
#755 = CARTESIAN_POINT ( 'NONE',  ( -7.715738321650221110, -25.14266413352904550, -2.099999999999998757 ) ) ;
#756 = CARTESIAN_POINT ( 'NONE',  ( -11.92825694635265776, -24.80951218104270950, 2.000000000000000000 ) ) ;
#757 = CARTESIAN_POINT ( 'NONE',  ( -23.76414829993700906, 7.060866680122685146, 2.000000000000000000 ) ) ;
#758 = CARTESIAN_POINT ( 'NONE',  ( 23.00007343659231296, 5.130111501463117563, -2.099999999999998757 ) ) ;
#759 = ADVANCED_FACE ( 'NONE', ( #4143 ), #613, .T. ) ;
#760 = CARTESIAN_POINT ( 'NONE',  ( 22.27987727495454706, 10.41835660743991809, -2.099999999999998757 ) ) ;
#761 = CARTESIAN_POINT ( 'NONE',  ( -25.70517099655240045, -10.62804679002167951, 2.000000000000000000 ) ) ;
#762 = CARTESIAN_POINT ( 'NONE',  ( 22.41476768512104201, -16.47086518438799274, -2.099999999999998757 ) ) ;
#763 = CARTESIAN_POINT ( 'NONE',  ( -5.657699897570084069, -26.96029004809875573, 2.000000000000000000 ) ) ;
#764 = CARTESIAN_POINT ( 'NONE',  ( 18.60089775827983516, 15.19605903441929051, -2.099999999999998757 ) ) ;
#765 = CARTESIAN_POINT ( 'NONE',  ( -23.20206106938387336, 14.85029190760768891, -2.099999999999999645 ) ) ;
#766 = B_SPLINE_CURVE_WITH_KNOTS ( 'NONE', 3,
 ( #7243, #3279, #2737, #886, #5178, #4673, #5809, #2155, #6610, #5311, #7872, #4718, #2027, #5980, #3953, #7116, #4082, #844, #2783, #804, #7833, #3365, #7284, #1346, #3911, #4540, #2608, #3408, #5940, #4626, #1517, #7750, #6649, #39, #7199, #1981, #2112, #1434, #6484, #169, #5898, #712, #4582, #5851, #5269, #82, #2654, #5226, #7792, #7157, #1388, #6525, #756, #3325, #124 ),
 .UNSPECIFIED., .F., .F.,
 ( 4, 1, 1, 1, 1, 1, 1, 1, 1, 1, 1, 1, 1, 1, 1, 1, 1, 1, 1, 1, 1, 1, 1, 1, 1, 1, 1, 1, 1, 1, 1, 1, 1, 1, 1, 1, 1, 1, 1, 1, 1, 1, 1, 1, 1, 1, 1, 1, 1, 1, 1, 1, 4 ),
 ( 0.01037070964479215422, 0.06767854499841075011, 0.09884629602760430789, 0.1282330327458526265, 0.1558387551553858108, 0.1816634632588949305, 0.2057071570596704646, 0.2279698365617907063, 0.2484515017704002071, 0.2671521526921107892, 0.2840717893356240475, 0.2992104117127127871, 0.3125680198398574916, 0.3241446137411457817, 0.3339401934538051009, 0.3662021699428081867, 0.3760430630535980256, 0.3856763336118158025, 0.3952492422856400678, 0.4049624801021076692, 0.4150869914083017420, 0.4259748013331248195, 0.4380386266454291411, 0.4516469595390834035, 0.4668849008038628012, 0.4803437228220500677, 0.5000000000000002220, 0.5196562771779504875, 0.5331150991961376429, 0.5483530404609170406, 0.5619613733545713030, 0.5740251986668756246, 0.5849130085916987021, 0.5950375198978927749, 0.6047507577143603763, 0.6143236663881848081, 0.6239569369464024184, 0.6337978300571922574, 0.6660598065461953432, 0.6758553862588546624, 0.6874319801601429525, 0.7007895882872876570, 0.7159282106643762855, 0.7328478473078895439, 0.7515484982296001260, 0.7720301634382096267, 0.7942928429403297574, 0.8183365367411052915, 0.8441612448446143002, 0.8717669672541474846, 0.9011537039723958031, 0.9323214550015893609, 0.9896292903551998643 ),
 .UNSPECIFIED. ) ;
#767 = CARTESIAN_POINT ( 'NONE',  ( 18.01951924820727413, 21.43121382618090109, -2.099999999999998757 ) ) ;
#768 = CARTESIAN_POINT ( 'NONE',  ( 2.198555820827218010, -23.54154832015334975, 2.000000000000000000 ) ) ;
#769 = CYLINDRICAL_SURFACE ( 'NONE', #6809, 1.750000000000001554 ) ;
#770 = EDGE_CURVE ( 'NONE', #2547, #4840, #226, .T. ) ;
#772 = CARTESIAN_POINT ( 'NONE',  ( -16.30896799194540137, 20.63258928533522152, 2.000000000000000000 ) ) ;
#771 = CARTESIAN_POINT ( 'NONE',  ( -13.66345410753368483, 19.13830577319235360, -2.099999999999998757 ) ) ;
#773 = CARTESIAN_POINT ( 'NONE',  ( 24.37956700134304810, -1.099847363974308267, 2.000000000000000000 ) ) ;
#774 = CARTESIAN_POINT ( 'NONE',  ( 23.53223775966786491, -4.811173829118819967, -2.099999999999998757 ) ) ;
#775 = CIRCLE ( 'NONE', #7231, 28.00000000000000000 ) ;
#776 = CARTESIAN_POINT ( 'NONE',  ( 13.46232027610273363, 22.30341320457493026, 2.000000000000000000 ) ) ;
#777 = CARTESIAN_POINT ( 'NONE',  ( -4.189195047382276549, -24.56227459198278851, -2.099999999999998757 ) ) ;
#778 = CARTESIAN_POINT ( 'NONE',  ( 17.64188601445203020, 17.13764696917009189, 2.000000000000000000 ) ) ;
#779 = FACE_BOUND ( 'NONE', #2346, .T. ) ;
#780 = EDGE_CURVE ( 'NONE', #4041, #5011, #5842, .T. ) ;
#781 = PRESENTATION_LAYER_ASSIGNMENT (  '', '', ( #4396 ) ) ;
#782 = EDGE_LOOP ( 'NONE', ( #4682, #5335, #4232, #6098 ) ) ;
#783 = EDGE_CURVE ( 'NONE', #4572, #1238, #205, .T. ) ;
#784 = CARTESIAN_POINT ( 'NONE',  ( 21.58843454132472317, -10.30659784155100667, -2.099999999999999645 ) ) ;
#785 = CARTESIAN_POINT ( 'NONE',  ( -22.28520553958148653, -13.49243943284463398, 2.000000000000000000 ) ) ;
#786 = CARTESIAN_POINT ( 'NONE',  ( -7.657608382361899224, 22.56335699501520509, -2.099999999999998757 ) ) ;
#787 = CARTESIAN_POINT ( 'NONE',  ( 25.15968768847577763, 4.747395707336154125, 2.000000000000000000 ) ) ;
#788 = CARTESIAN_POINT ( 'NONE',  ( -12.95267602360809889, 19.68627963667922387, 2.000000000000000000 ) ) ;
#789 = CARTESIAN_POINT ( 'NONE',  ( 25.88937528683162270, 4.628868634690457284, 2.000000000000000000 ) ) ;
#790 = VECTOR ( 'NONE', #66, 1000.000000000000000 ) ;
#791 = CARTESIAN_POINT ( 'NONE',  ( -8.333214720347251969, -21.97288137310767908, 2.000000000000000000 ) ) ;
#792 = CARTESIAN_POINT ( 'NONE',  ( 26.42834229636209642, -9.248929663334747531, 2.000000000000000000 ) ) ;
#793 = EDGE_LOOP ( 'NONE', ( #1014, #7527 ) ) ;
#794 = CARTESIAN_POINT ( 'NONE',  ( 2.833089530561781366, -23.33259147460854166, 2.000000000000000000 ) ) ;
#795 = CARTESIAN_POINT ( 'NONE',  ( 4.590305982006120722, 25.40785750275295030, 2.000000000000000000 ) ) ;
#796 = CARTESIAN_POINT ( 'NONE',  ( 4.713207230075936671, -25.62151411210379948, -2.099999999999998757 ) ) ;
#797 = CIRCLE ( 'NONE', #1862, 1.749999999999996447 ) ;
#798 = CARTESIAN_POINT ( 'NONE',  ( 17.76075994573092842, 17.29583732711387967, 2.000000000000000000 ) ) ;
#799 = CARTESIAN_POINT ( 'NONE',  ( -23.51224346894562345, 0.3730054609666941245, 2.000000000000000000 ) ) ;
#800 = DIRECTION ( 'NONE',  ( 0.000000000000000000, 0.000000000000000000, -1.000000000000000000 ) ) ;
#801 = CARTESIAN_POINT ( 'NONE',  ( -13.66345410753368306, -19.13830577319236070, -2.099999999999999645 ) ) ;
#802 = ORIENTED_EDGE ( 'NONE', *, *, #549, .T. ) ;
#803 = CARTESIAN_POINT ( 'NONE',  ( -7.743106042156100877, -24.63076208136010337, 2.000000000000000000 ) ) ;
#804 = CARTESIAN_POINT ( 'NONE',  ( -7.612592773523887857, -22.78073832991432823, 2.000000000000000000 ) ) ;
#805 = CARTESIAN_POINT ( 'NONE',  ( 24.09676835437406694, 1.005131229266920556, 2.000000000000000000 ) ) ;
#806 = DIRECTION ( 'NONE',  ( -1.000000000000000000, 0.000000000000000000, 0.000000000000000000 ) ) ;
#807 = DIRECTION ( 'NONE',  ( -0.5680647467311559229, 0.8229838658936563522, 0.000000000000000000 ) ) ;
#808 = CARTESIAN_POINT ( 'NONE',  ( 21.84033501313437142, -12.97800555654220389, -2.099999999999998757 ) ) ;
#809 = CARTESIAN_POINT ( 'NONE',  ( 18.97770164392054326, -15.34339570340774550, 2.000000000000000000 ) ) ;
#810 = CARTESIAN_POINT ( 'NONE',  ( -4.590305982006135821, -25.40785750275295030, -2.099999999999998757 ) ) ;
#811 = CARTESIAN_POINT ( 'NONE',  ( 0.000000000000000000, 21.00000000000000000, 2.100000000000001865 ) ) ;
#812 = CARTESIAN_POINT ( 'NONE',  ( -11.33585971340118093, -24.33300811744742020, -2.099999999999998757 ) ) ;
#813 = CARTESIAN_POINT ( 'NONE',  ( 19.10294311796688049, 20.47138403312589716, -2.099999999999998757 ) ) ;
#814 = CARTESIAN_POINT ( 'NONE',  ( 0.000000000000000000, 0.000000000000000000, 2.000000000000000000 ) ) ;
#815 = DIRECTION ( 'NONE',  ( -0.3546048870425355659, -0.9350162426854148334, 0.000000000000000000 ) ) ;
#817 = CARTESIAN_POINT ( 'NONE',  ( -16.08024905276406713, 20.49638744246054856, 2.000000000000000000 ) ) ;
#816 = CARTESIAN_POINT ( 'NONE',  ( 16.30896799194540137, -20.63258928533522152, 2.000000000000000000 ) ) ;
#818 = CARTESIAN_POINT ( 'NONE',  ( 24.56950331401515442, -1.128978604501158944, -2.099999999999998757 ) ) ;
#819 = CARTESIAN_POINT ( 'NONE',  ( 26.77848301813143905, -4.405768766048591800, -2.099999999999998757 ) ) ;
#820 = ADVANCED_FACE ( 'NONE', ( #4049 ), #4172, .T. ) ;
#821 = CARTESIAN_POINT ( 'NONE',  ( 17.45584392081711655, -15.72474958968642156, 2.000000000000000000 ) ) ;
#822 = CARTESIAN_POINT ( 'NONE',  ( -3.612999446203290610, -23.45707906485273142, -2.099999999999998757 ) ) ;
#823 = CARTESIAN_POINT ( 'NONE',  ( 21.66370631000717495, 16.34569607223867749, -2.099999999999999645 ) ) ;
#824 = CARTESIAN_POINT ( 'NONE',  ( 19.10294311796694444, -20.47138403312583677, -2.099999999999998757 ) ) ;
#825 = ORIENTED_EDGE ( 'NONE', *, *, #6106, .T. ) ;
#826 = CARTESIAN_POINT ( 'NONE',  ( 22.59408972245014624, -10.50532236015857279, -2.099999999999999645 ) ) ;
#827 = CARTESIAN_POINT ( 'NONE',  ( -21.84033501313436787, -12.97800555654220922, 2.000000000000000000 ) ) ;
#828 = CARTESIAN_POINT ( 'NONE',  ( 13.50856635788135840, -22.56556696682679686, 2.000000000000000000 ) ) ;
#829 = CARTESIAN_POINT ( 'NONE',  ( 12.19289813518880194, 25.00088857616461979, 2.000000000000000000 ) ) ;
#830 = CARTESIAN_POINT ( 'NONE',  ( 23.93435179486865749, 4.766524473500989956, 2.000000000000000000 ) ) ;
#831 = FACE_OUTER_BOUND ( 'NONE', #6506, .T. ) ;
#832 = CARTESIAN_POINT ( 'NONE',  ( -20.99999999999999289, -3.903127820947815962E-15, -3.599999999999998757 ) ) ;
#833 = VERTEX_POINT ( 'NONE', #2909 ) ;
#834 = CARTESIAN_POINT ( 'NONE',  ( 3.952016953262632804, -23.89496924813284906, 2.000000000000000000 ) ) ;
#835 = DIRECTION ( 'NONE',  ( -1.000000000000000000, 0.000000000000000000, 0.000000000000000000 ) ) ;
#836 = CARTESIAN_POINT ( 'NONE',  ( 8.673617379884035472E-15, -21.00000000000000000, 2.100000000000001865 ) ) ;
#837 = CARTESIAN_POINT ( 'NONE',  ( 17.25237999601835881, 16.29857992973629521, 2.000000000000000000 ) ) ;
#838 = CARTESIAN_POINT ( 'NONE',  ( -23.49332454121249825, -0.1947784575707349475, 2.000000000000000000 ) ) ;
#839 = CARTESIAN_POINT ( 'NONE',  ( 23.63491054742289421, -0.6550942090464556555, -2.099999999999998757 ) ) ;
#840 = CARTESIAN_POINT ( 'NONE',  ( -14.42373451280541197, -19.20597537996032145, 2.000000000000000000 ) ) ;
#841 = EDGE_CURVE ( 'NONE', #7949, #7758, #4517, .T. ) ;
#842 = ORIENTED_EDGE ( 'NONE', *, *, #2927, .F. ) ;
#843 = CARTESIAN_POINT ( 'NONE',  ( -7.452140315417445038, -26.79882114981107932, -2.099999999999998757 ) ) ;
#844 = CARTESIAN_POINT ( 'NONE',  ( -7.605208680130565391, -22.99453835804834867, 2.000000000000000000 ) ) ;
#845 = CARTESIAN_POINT ( 'NONE',  ( 25.56471904745757939, 1.411662356313488909, 2.000000000000000000 ) ) ;
#846 = LINE ( 'NONE', #1519, #1420 ) ;
#847 = CARTESIAN_POINT ( 'NONE',  ( -25.75863198250609898, -8.543467069173807715, 2.000000000000000000 ) ) ;
#848 = CARTESIAN_POINT ( 'NONE',  ( 12.36707959479895358, -25.12081492113581405, -2.099999999999999645 ) ) ;
#849 = CARTESIAN_POINT ( 'NONE',  ( 20.28441937235456649, -15.97411852388379572, 2.000000000000000000 ) ) ;
#850 = CARTESIAN_POINT ( 'NONE',  ( -21.84033501313436787, -12.97800555654220922, -2.099999999999998757 ) ) ;
#851 = ORIENTED_EDGE ( 'NONE', *, *, #2447, .T. ) ;
#852 = CARTESIAN_POINT ( 'NONE',  ( 19.05257571805189443, 20.26599538152711233, -2.099999999999998757 ) ) ;
#853 = CARTESIAN_POINT ( 'NONE',  ( -22.78920619399659131, 14.18622855212691292, 2.000000000000000000 ) ) ;
#854 = CYLINDRICAL_SURFACE ( 'NONE', #2498, 1.750000000000001554 ) ;
#855 = DIRECTION ( 'NONE',  ( -1.000000000000000000, 0.000000000000000000, -0.000000000000000000 ) ) ;
#856 = CARTESIAN_POINT ( 'NONE',  ( -4.082273444348693658, 24.25428063893853192, 2.000000000000000000 ) ) ;
#858 = CARTESIAN_POINT ( 'NONE',  ( -18.01951924832315299, 21.43121382622468829, -2.099999999999998757 ) ) ;
#857 = CARTESIAN_POINT ( 'NONE',  ( 13.10549974122803008, -21.04367979295773239, 2.000000000000000000 ) ) ;
#859 = CARTESIAN_POINT ( 'NONE',  ( -26.28829563209072973, -9.090474303136142353, -2.099999999999998757 ) ) ;
#860 = CARTESIAN_POINT ( 'NONE',  ( 14.42373451280540841, 19.20597537996032500, 2.000000000000000000 ) ) ;
#861 = CIRCLE ( 'NONE', #452, 27.99999957948218920 ) ;
#862 = CARTESIAN_POINT ( 'NONE',  ( 16.55868018414817655, 20.77185239767593217, -2.099999999999998757 ) ) ;
#863 = CARTESIAN_POINT ( 'NONE',  ( 8.512968716744138575, -21.89757064776837225, 2.000000000000000000 ) ) ;
#864 = DIRECTION ( 'NONE',  ( 0.7485107481711013033, -0.6631226582407950820, 0.000000000000000000 ) ) ;
#865 = VERTEX_POINT ( 'NONE', #6031 ) ;
#866 = CARTESIAN_POINT ( 'NONE',  ( 20.64571337519313943, -11.25696429976830437, -2.099999999999999645 ) ) ;
#867 = CARTESIAN_POINT ( 'NONE',  ( -22.96554745452509394, -14.45965356729541362, -2.099999999999998757 ) ) ;
#868 = CARTESIAN_POINT ( 'NONE',  ( -7.629252907546909768, 22.67335363560523476, -2.099999999999998757 ) ) ;
#869 = CARTESIAN_POINT ( 'NONE',  ( -14.10020032022225323, 19.09116743896563051, 2.000000000000000000 ) ) ;
#870 = CARTESIAN_POINT ( 'NONE',  ( -27.69989816616296707, -2.535120532250974446, 2.000000000000000000 ) ) ;
#871 = CARTESIAN_POINT ( 'NONE',  ( 3.846120836016019062, 23.70909028424117437, -2.099999999999998757 ) ) ;
#872 = LINE ( 'NONE', #6012, #1319 ) ;
#873 = B_SPLINE_SURFACE_WITH_KNOTS ( 'NONE', 3, 1, ( 
 ( #2823, #4081 ),
 ( #5397, #843 ),
 ( #4672, #2067 ),
 ( #6063, #5433 ),
 ( #7998, #4625 ),
 ( #5939, #6524 ),
 ( #7242, #755 ),
 ( #3997, #6569 ),
 ( #803, #3364 ),
 ( #168, #2736 ),
 ( #4042, #6609 ),
 ( #1089, #5597 ),
 ( #4965, #3060 ),
 ( #2356, #8078 ),
 ( #1762, #8156 ),
 ( #7365, #6770 ),
 ( #4284, #2943 ),
 ( #2278, #4243 ),
 ( #3655, #1677 ),
 ( #1597, #3532 ),
 ( #6099, #7407 ),
 ( #7528, #6813 ),
 ( #6892, #2437 ),
 ( #6854, #1049 ),
 ( #2398, #6268 ),
 ( #3616, #4922 ),
 ( #4320, #5557 ),
 ( #332, #4165 ),
 ( #5639, #6186 ),
 ( #6225, #1636 ),
 ( #2901, #455 ),
 ( #6732, #3021 ),
 ( #3694, #1130 ),
 ( #495, #417 ),
 ( #5518, #967 ),
 ( #8197, #7487 ),
 ( #4202, #1004 ),
 ( #1722, #5474 ),
 ( #4841, #3572 ),
 ( #8037, #6144 ),
 ( #2982, #373 ),
 ( #2318, #4882 ),
 ( #7445, #3902 ),
 ( #5713, #2516 ),
 ( #30, #7738 ),
 ( #5127, #3139 ),
 ( #1337, #6932 ),
 ( #1248, #537 ),
 ( #1971, #3098 ),
 ( #6475, #575 ),
 ( #702, #8276 ),
 ( #3736, #8237 ),
 ( #7105, #7696 ),
 ( #5084, #617 ),
 ( #1173, #5006 ) ),
 .UNSPECIFIED., .F., .F., .F.,
 ( 4, 1, 1, 1, 1, 1, 1, 1, 1, 1, 1, 1, 1, 1, 1, 1, 1, 1, 1, 1, 1, 1, 1, 1, 1, 1, 1, 1, 1, 1, 1, 1, 1, 1, 1, 1, 1, 1, 1, 1, 1, 1, 1, 1, 1, 1, 1, 1, 1, 1, 1, 1, 4 ),
 ( 2, 2 ),
 ( 0.01037066610069798181, 0.06767854499841075011, 0.09884629602760430789, 0.1282330327458526265, 0.1558387551553858108, 0.1816634632588949305, 0.2057071570596704646, 0.2279698365617907063, 0.2484515017704002071, 0.2671521526921107892, 0.2840717893356240475, 0.2992104117127127871, 0.3125680198398574916, 0.3241446137411457817, 0.3339401934538051009, 0.3662021699428081867, 0.3760430630535980256, 0.3856763336118157470, 0.3952492422856400678, 0.4049624801021076692, 0.4150869914083017420, 0.4259748013331248195, 0.4380386266454291411, 0.4516469595390834035, 0.4668849008038628012, 0.4803437228220500677, 0.5000000000000002220, 0.5196562771779504875, 0.5331150991961376429, 0.5483530404609170406, 0.5619613733545713030, 0.5740251986668756246, 0.5849130085916987021, 0.5950375198978927749, 0.6047507577143603763, 0.6143236663881848081, 0.6239569369464024184, 0.6337978300571922574, 0.6660598065461953432, 0.6758553862588546624, 0.6874319801601429525, 0.7007895882872876570, 0.7159282106643762855, 0.7328478473078895439, 0.7515484982296001260, 0.7720301634382096267, 0.7942928429403297574, 0.8183365367411052915, 0.8441612448446143002, 0.8717669672541474846, 0.9011537039723958031, 0.9323214550015893609, 0.9955048858948347679 ),
 ( 0.000000000000000000, 1.000000000000000000 ),
 .UNSPECIFIED. ) ;
#874 = ORIENTED_EDGE ( 'NONE', *, *, #1976, .T. ) ;
#875 = B_SPLINE_CURVE_WITH_KNOTS ( 'NONE', 3,
 ( #1187, #1024, #5021, #3672, #2959, #6242, #1818, #2997, #5654, #5689, #4299, #4219, #3754, #3037, #7424, #8174, #2416, #4983, #7544, #6947, #1780, #1656, #4336, #6907, #1147, #3712, #515, #3919, #8293, #7759, #5907, #1858, #1355, #2490, #2035, #6493, #1991, #3793, #7671, #591, #4591, #2534, #1902, #7165, #3202, #2573, #1225, #4459, #4504, #1945, #5144, #5733, #3834, #7627, #719 ),
 .UNSPECIFIED., .F., .F.,
 ( 4, 1, 1, 1, 1, 1, 1, 1, 1, 1, 1, 1, 1, 1, 1, 1, 1, 1, 1, 1, 1, 1, 1, 1, 1, 1, 1, 1, 1, 1, 1, 1, 1, 1, 1, 1, 1, 1, 1, 1, 1, 1, 1, 1, 1, 1, 1, 1, 1, 1, 1, 1, 4 ),
 ( 0.01037070964479200504, 0.06767854499841075011, 0.09884629602760430789, 0.1282330327458526265, 0.1558387551553858108, 0.1816634632588949305, 0.2057071570596704646, 0.2279698365617907063, 0.2484515017704002071, 0.2671521526921107892, 0.2840717893356240475, 0.2992104117127127871, 0.3125680198398574916, 0.3241446137411457817, 0.3339401934538051009, 0.3662021699428081867, 0.3760430630535980256, 0.3856763336118157470, 0.3952492422856400678, 0.4049624801021076692, 0.4150869914083017420, 0.4259748013331248195, 0.4380386266454291411, 0.4516469595390834035, 0.4668849008038628012, 0.4803437228220500677, 0.5000000000000002220, 0.5196562771779504875, 0.5331150991961376429, 0.5483530404609170406, 0.5619613733545713030, 0.5740251986668756246, 0.5849130085916987021, 0.5950375198978927749, 0.6047507577143603763, 0.6143236663881848081, 0.6239569369464024184, 0.6337978300571922574, 0.6660598065461953432, 0.6758553862588546624, 0.6874319801601429525, 0.7007895882872876570, 0.7159282106643762855, 0.7328478473078895439, 0.7515484982296001260, 0.7720301634382096267, 0.7942928429403297574, 0.8183365367411052915, 0.8441612448446143002, 0.8717669672541474846, 0.9011537039723958031, 0.9323214550015893609, 0.9896292903552001974 ),
 .UNSPECIFIED. ) ;
#876 = CARTESIAN_POINT ( 'NONE',  ( 2.320354714939433460, -23.45074361513812278, -2.099999999999998757 ) ) ;
#877 = CARTESIAN_POINT ( 'NONE',  ( 2.638449045045050845, 23.34550970278807114, 2.000000000000000000 ) ) ;
#878 = CARTESIAN_POINT ( 'NONE',  ( -18.96747865530085875, -19.95068825630396603, 2.000000000000000000 ) ) ;
#879 = CARTESIAN_POINT ( 'NONE',  ( 23.00007343659231651, -5.130111501463095358, -2.099999999999998757 ) ) ;
#880 = CARTESIAN_POINT ( 'NONE',  ( -23.81253063529220171, 0.8410884408854168992, 2.000000000000000000 ) ) ;
#881 = AXIS2_PLACEMENT_3D ( 'NONE', #35, #666, #5719 ) ;
#882 = CARTESIAN_POINT ( 'NONE',  ( 23.72154950710864441, 0.7592181733933792698, -2.099999999999998757 ) ) ;
#883 = CARTESIAN_POINT ( 'NONE',  ( -12.95267602360809356, -19.68627963667922742, 2.000000000000000000 ) ) ;
#884 = ORIENTED_EDGE ( 'NONE', *, *, #4139, .F. ) ;
#885 = CARTESIAN_POINT ( 'NONE',  ( -13.58617081224543632, -23.15195374360798652, -2.099999999999998757 ) ) ;
#886 = CARTESIAN_POINT ( 'NONE',  ( -7.601435196559572560, -26.05218098595103626, 2.000000000000000000 ) ) ;
#887 = CARTESIAN_POINT ( 'NONE',  ( -22.74963530479514873, 6.146178943449458920, 2.000000000000000000 ) ) ;
#888 = CARTESIAN_POINT ( 'NONE',  ( 20.65156267108764254, -11.69620803915341867, 2.000000000000000000 ) ) ;
#889 = CIRCLE ( 'NONE', #4646, 28.00000000000000000 ) ;
#890 = CARTESIAN_POINT ( 'NONE',  ( -17.98147192499884994, 15.23115522593612958, -2.099999999999998757 ) ) ;
#891 = CARTESIAN_POINT ( 'NONE',  ( 20.61769535193586833, -11.41192623884528246, -2.099999999999998757 ) ) ;
#892 = CARTESIAN_POINT ( 'NONE',  ( 18.83778878485559360, -19.53549755878801264, -2.099999999999998757 ) ) ;
#893 = ADVANCED_FACE ( 'NONE', ( #2789 ), #7186, .T. ) ;
#894 = VECTOR ( 'NONE', #3579, 1000.000000000000000 ) ;
#895 = CARTESIAN_POINT ( 'NONE',  ( 0.000000000000000000, 0.000000000000000000, -2.099999999999998757 ) ) ;
#896 = VERTEX_POINT ( 'NONE', #2212 ) ;
#897 = PLANE ( 'NONE',  #6657 ) ;
#898 = CARTESIAN_POINT ( 'NONE',  ( -11.10648537714066819, -24.13101166629981265, -2.099999999999998757 ) ) ;
#899 = FACE_BOUND ( 'NONE', #5214, .T. ) ;
#900 = DIRECTION ( 'NONE',  ( -1.000000000000000000, 0.000000000000000000, 0.000000000000000000 ) ) ;
#901 = CARTESIAN_POINT ( 'NONE',  ( 13.20212662322860275, -21.30225842247369172, 2.000000000000000000 ) ) ;
#902 = EDGE_CURVE ( 'NONE', #660, #3693, #2886, .T. ) ;
#903 = CARTESIAN_POINT ( 'NONE',  ( 23.40793038981979990, -6.902300070437902946, 2.000000000000000000 ) ) ;
#904 = VECTOR ( 'NONE', #15, 1000.000000000000000 ) ;
#905 = CARTESIAN_POINT ( 'NONE',  ( 15.87213422487471881, 20.36431896814134035, 2.000000000000000000 ) ) ;
#906 = CARTESIAN_POINT ( 'NONE',  ( 17.86193223065026814, 21.37267289045674801, -2.099999999999998757 ) ) ;
#907 = CARTESIAN_POINT ( 'NONE',  ( 20.77276083323510036, 16.13005223007173683, 2.000000000000000000 ) ) ;
#908 = CARTESIAN_POINT ( 'NONE',  ( 18.96747870320231399, -19.95068840965622670, -2.099999999999998757 ) ) ;
#909 = ORIENTED_EDGE ( 'NONE', *, *, #4766, .F. ) ;
#910 = CARTESIAN_POINT ( 'NONE',  ( 21.23211141880578623, -10.40363348579838565, 2.000000000000000000 ) ) ;
#911 = CARTESIAN_POINT ( 'NONE',  ( -23.29246673278348823, -10.63055238855665330, -2.099999999999998757 ) ) ;
#912 = CARTESIAN_POINT ( 'NONE',  ( 13.55023046621763783, -22.84843530275376011, -2.099999999999998757 ) ) ;
#913 = CARTESIAN_POINT ( 'NONE',  ( -17.12241726305228084, 21.05518411798320955, 2.000000000000000000 ) ) ;
#914 = CARTESIAN_POINT ( 'NONE',  ( -17.76075994573093197, -17.29583732711387967, 2.000000000000000000 ) ) ;
#915 = CARTESIAN_POINT ( 'NONE',  ( 22.78920619399658420, 14.18622855212693246, -2.099999999999998757 ) ) ;
#916 = AXIS2_PLACEMENT_3D ( 'NONE', #5640, #4530, #5800 ) ;
#917 = CARTESIAN_POINT ( 'NONE',  ( 4.082273444348664349, 24.25428063893853547, 2.000000000000000000 ) ) ;
#918 = DIRECTION ( 'NONE',  ( -1.000000000000000000, 0.000000000000000000, 0.000000000000000000 ) ) ;
#919 = ORIENTED_EDGE ( 'NONE', *, *, #1352, .F. ) ;
#920 = CARTESIAN_POINT ( 'NONE',  ( 1.906741771391420315, -24.04223096406908056, -2.099999999999998757 ) ) ;
#921 = CARTESIAN_POINT ( 'NONE',  ( 23.49999964706540823, 2.459419508319977254E-15, 2.000000000000000000 ) ) ;
#922 = CARTESIAN_POINT ( 'NONE',  ( 1.906741771391420315, -24.04223096406908056, -2.099999999999998757 ) ) ;
#923 = CARTESIAN_POINT ( 'NONE',  ( 23.10489730742584413, -5.020145956116670583, -2.099999999999998757 ) ) ;
#924 = CARTESIAN_POINT ( 'NONE',  ( -25.36983614870255366, -1.341743455198752155, -2.099999999999998757 ) ) ;
#925 = AXIS2_PLACEMENT_3D ( 'NONE', #7517, #2345, #6801 ) ;
#926 = CARTESIAN_POINT ( 'NONE',  ( 24.37956700134304100, 1.099847363974308045, -2.099999999999998757 ) ) ;
#927 = CARTESIAN_POINT ( 'NONE',  ( -13.18542992737235764, -19.44527382878997557, 2.000000000000000000 ) ) ;
#928 = VECTOR ( 'NONE', #1062, 1000.000000000000000 ) ;
#929 = ORIENTED_EDGE ( 'NONE', *, *, #17, .T. ) ;
#930 = CARTESIAN_POINT ( 'NONE',  ( 21.00000000000000355, 2.602085213965210642E-15, 2.100000000000001865 ) ) ;
#931 = CARTESIAN_POINT ( 'NONE',  ( -24.45163473737931525, 4.792937194118060518, 2.000000000000000000 ) ) ;
#932 = CARTESIAN_POINT ( 'NONE',  ( -26.28829541374613044, 9.090474067310799100, 2.000000000000000000 ) ) ;
#933 = DIRECTION ( 'NONE',  ( 0.000000000000000000, 0.000000000000000000, -1.000000000000000000 ) ) ;
#934 = CARTESIAN_POINT ( 'NONE',  ( -18.80342269287540446, 15.26496932198516632, -2.099999999999998757 ) ) ;
#935 = DIRECTION ( 'NONE',  ( -0.000000000000000000, -0.000000000000000000, -1.000000000000000000 ) ) ;
#936 = CARTESIAN_POINT ( 'NONE',  ( -23.34891264151150736, -15.11752257333330185, -2.099999999999998757 ) ) ;
#937 = ORIENTED_EDGE ( 'NONE', *, *, #1095, .F. ) ;
#938 = CARTESIAN_POINT ( 'NONE',  ( -11.58603556222320563, 24.54102139527086379, -2.099999999999998757 ) ) ;
#939 = CARTESIAN_POINT ( 'NONE',  ( -21.48061666422703553, 12.62686802027752542, -2.099999999999998757 ) ) ;
#940 = CARTESIAN_POINT ( 'NONE',  ( -14.84924240491749892, 14.84924240491749536, -3.599999999999998757 ) ) ;
#941 = CARTESIAN_POINT ( 'NONE',  ( -20.89282384029109707, -10.74542454372254596, 2.000000000000000000 ) ) ;
#942 = CARTESIAN_POINT ( 'NONE',  ( -18.01951924820728124, 21.43121382618089399, -2.099999999999998757 ) ) ;
#943 = CARTESIAN_POINT ( 'NONE',  ( 25.52197998938346757, -8.320188513921038975, 2.000000000000000000 ) ) ;
#944 = CARTESIAN_POINT ( 'NONE',  ( -0.7237196475270748497, -27.99064539945150543, 2.000000000000000000 ) ) ;
#945 = CARTESIAN_POINT ( 'NONE',  ( -2.198555820827210905, -23.54154832015335330, -2.099999999999998757 ) ) ;
#946 = CARTESIAN_POINT ( 'NONE',  ( 22.68932755563024983, 16.50372007927584406, -2.099999999999999645 ) ) ;
#947 = CARTESIAN_POINT ( 'NONE',  ( 19.70744990308224587, -15.74452889495767849, -2.099999999999998757 ) ) ;
#948 = ORIENTED_EDGE ( 'NONE', *, *, #1990, .T. ) ;
#949 = CARTESIAN_POINT ( 'NONE',  ( 23.08741356227222852, -10.60189590196922360, 2.000000000000000000 ) ) ;
#950 = CARTESIAN_POINT ( 'NONE',  ( -23.76349960547260309, -10.67578541799516501, -2.099999999999998757 ) ) ;
#951 = CARTESIAN_POINT ( 'NONE',  ( -8.512968716744140352, 21.89757064776836515, -2.099999999999998757 ) ) ;
#952 = CARTESIAN_POINT ( 'NONE',  ( 7.705310163655081368, -23.69563005194943983, -2.099999999999998757 ) ) ;
#953 = CARTESIAN_POINT ( 'NONE',  ( -17.42017265760603806, -16.82633584436269913, -2.099999999999998757 ) ) ;
#954 = CARTESIAN_POINT ( 'NONE',  ( -23.99982295939236465, -0.9602632500303831531, 2.000000000000000000 ) ) ;
#955 = CARTESIAN_POINT ( 'NONE',  ( 4.310684217927220452, 24.85340566964549680, -2.099999999999998757 ) ) ;
#956 = CARTESIAN_POINT ( 'NONE',  ( -26.42834229636219945, -9.248929663334882534, 2.000000000000000000 ) ) ;
#957 = EDGE_CURVE ( 'NONE', #692, #527, #6786, .T. ) ;
#958 = EDGE_LOOP ( 'NONE', ( #5921, #1378 ) ) ;
#959 = LINE ( 'NONE', #6845, #4113 ) ;
#960 = CARTESIAN_POINT ( 'NONE',  ( -5.008822010445505235, 26.08776424953685336, 2.000000000000000000 ) ) ;
#961 = CARTESIAN_POINT ( 'NONE',  ( -17.25657676350752823, -16.16318976602640589, 2.000000000000000000 ) ) ;
#962 = CARTESIAN_POINT ( 'NONE',  ( 18.12539239010958880, 15.18249965295456683, 2.000000000000000000 ) ) ;
#963 = CARTESIAN_POINT ( 'NONE',  ( -27.73609896860202895, 2.559020027025895150, 2.000000000000000000 ) ) ;
#964 = CARTESIAN_POINT ( 'NONE',  ( -13.64986784116812579, 24.28005101752160044, -2.099999999999998757 ) ) ;
#965 = CARTESIAN_POINT ( 'NONE',  ( -13.20212662322859565, -21.30225842247369172, 2.000000000000000000 ) ) ;
#966 = ORIENTED_EDGE ( 'NONE', *, *, #7325, .F. ) ;
#967 = CARTESIAN_POINT ( 'NONE',  ( -9.324636732261659233, -22.03037936177865674, -2.099999999999998757 ) ) ;
#968 = CARTESIAN_POINT ( 'NONE',  ( -23.32186741149923392, 4.882063647943431839, 2.000000000000000000 ) ) ;
#969 = DIRECTION ( 'NONE',  ( 0.7485107481711013033, -0.6631226582407948600, 0.000000000000000000 ) ) ;
#970 = FACE_OUTER_BOUND ( 'NONE', #2814, .T. ) ;
#971 = CARTESIAN_POINT ( 'NONE',  ( -20.77276083323512523, 16.13005223007172972, -2.099999999999998757 ) ) ;
#972 = CARTESIAN_POINT ( 'NONE',  ( 9.768079280210450577, -22.57254334279472729, -2.099999999999999645 ) ) ;
#973 = CARTESIAN_POINT ( 'NONE',  ( 23.55944914529948520, 0.5232380683118310616, 2.000000000000000000 ) ) ;
#974 = CARTESIAN_POINT ( 'NONE',  ( -20.62323650117463458, -11.56374771533980272, -2.099999999999998757 ) ) ;
#975 = ORIENTED_EDGE ( 'NONE', *, *, #1653, .T. ) ;
#976 = FACE_OUTER_BOUND ( 'NONE', #6163, .T. ) ;
#977 = CARTESIAN_POINT ( 'NONE',  ( -20.94077984017083338, 12.16847291378769391, -2.099999999999998757 ) ) ;
#978 = CARTESIAN_POINT ( 'NONE',  ( -22.62472994129926462, -16.49610848301127319, -2.099999999999998757 ) ) ;
#979 = DIRECTION ( 'NONE',  ( 0.000000000000000000, 0.000000000000000000, -1.000000000000000000 ) ) ;
#980 = CARTESIAN_POINT ( 'NONE',  ( -16.30896799194540137, 20.63258928533522152, -2.099999999999998757 ) ) ;
#981 = CARTESIAN_POINT ( 'NONE',  ( 24.66930537037450577, -7.619416278945021048, 2.000000000000000000 ) ) ;
#982 = CARTESIAN_POINT ( 'NONE',  ( 13.18542992737235409, 19.44527382878997912, 2.000000000000000000 ) ) ;
#983 = CARTESIAN_POINT ( 'NONE',  ( -1.981471996724997853, -23.84030691368550592, -2.099999999999998757 ) ) ;
#984 = CARTESIAN_POINT ( 'NONE',  ( 11.58603556222320385, -24.54102139527087090, 2.000000000000000000 ) ) ;
#985 = CARTESIAN_POINT ( 'NONE',  ( -24.02931632081063995, 10.69009516955076933, 2.000000000000000000 ) ) ;
#986 = ORIENTED_EDGE ( 'NONE', *, *, #3200, .F. ) ;
#987 = CARTESIAN_POINT ( 'NONE',  ( 23.36986005557945134, -15.15550759550597881, 2.000000000000000000 ) ) ;
#988 = CARTESIAN_POINT ( 'NONE',  ( -20.71178771499497628, -11.09036006156943088, 2.000000000000000000 ) ) ;
#989 = CARTESIAN_POINT ( 'NONE',  ( -8.993578510876927723, 21.86672564825610010, -2.099999999999998757 ) ) ;
#990 = CARTESIAN_POINT ( 'NONE',  ( 7.688496923001413741, -25.42728370346968347, -2.099999999999998757 ) ) ;
#991 = CARTESIAN_POINT ( 'NONE',  ( -17.71416793792180044, -15.43316205167866784, 2.000000000000000000 ) ) ;
#992 = EDGE_CURVE ( 'NONE', #4493, #59, #1740, .T. ) ;
#993 = CARTESIAN_POINT ( 'NONE',  ( -26.00281877978271439, 1.590510388571581002, 2.000000000000000000 ) ) ;
#994 = CARTESIAN_POINT ( 'NONE',  ( 3.902347153244113187, 23.79992060087550954, 2.000000000000000000 ) ) ;
#995 = CARTESIAN_POINT ( 'NONE',  ( -21.04854468720650118, 16.20550857031050995, -2.099999999999998757 ) ) ;
#996 = ORIENTED_EDGE ( 'NONE', *, *, #2611, .T. ) ;
#997 = CARTESIAN_POINT ( 'NONE',  ( 1.145856306001367342, -27.11429446801521337, 2.000000000000000000 ) ) ;
#998 = CARTESIAN_POINT ( 'NONE',  ( -17.51903422860498694, -16.98989084997260335, 2.000000000000000000 ) ) ;
#999 = CARTESIAN_POINT ( 'NONE',  ( 22.96554745452508683, 14.45965356729542783, 2.000000000000000000 ) ) ;
#1000 = CARTESIAN_POINT ( 'NONE',  ( 7.650756190596012196, 25.73058353783937235, -2.099999999999997868 ) ) ;
#1001 = DIRECTION ( 'NONE',  ( 0.000000000000000000, 0.000000000000000000, -1.000000000000000000 ) ) ;
#1002 = CARTESIAN_POINT ( 'NONE',  ( -25.07504586300961336, -7.932732980984162907, 2.000000000000000000 ) ) ;
#1003 = ORIENTED_EDGE ( 'NONE', *, *, #4405, .T. ) ;
#1004 = CARTESIAN_POINT ( 'NONE',  ( -9.484645845787888163, -22.17444536155052504, -2.099999999999998757 ) ) ;
#1005 = CARTESIAN_POINT ( 'NONE',  ( -23.00007343659231651, 5.130111501463086476, 2.000000000000000000 ) ) ;
#1006 = CARTESIAN_POINT ( 'NONE',  ( -25.03107770533010523, 1.235924829161910266, -2.099999999999998757 ) ) ;
#1007 = CARTESIAN_POINT ( 'NONE',  ( -8.334619726030529918, 21.97658606862350439, 2.000000000000000000 ) ) ;
#1008 = CARTESIAN_POINT ( 'NONE',  ( -22.74963530479514873, -6.146178943449475796, -2.099999999999999645 ) ) ;
#1009 = CARTESIAN_POINT ( 'NONE',  ( 7.701896059577425291, -22.44925656542959302, -2.099999999999999645 ) ) ;
#1010 = CARTESIAN_POINT ( 'NONE',  ( 27.73609896860202895, -2.559020027025897370, -2.099999999999998757 ) ) ;
#1011 = CARTESIAN_POINT ( 'NONE',  ( 18.51632561903327101, 18.67704107051118001, -2.099999999999999645 ) ) ;
#1012 = CIRCLE ( 'NONE', #6256, 27.99999957948219631 ) ;
#1013 = ADVANCED_FACE ( 'NONE', ( #3076 ), #8131, .F. ) ;
#1014 = ORIENTED_EDGE ( 'NONE', *, *, #1942, .T. ) ;
#1015 = CARTESIAN_POINT ( 'NONE',  ( -7.865059710290389638, 22.21401039568610258, -2.099999999999998757 ) ) ;
#1016 = CARTESIAN_POINT ( 'NONE',  ( -20.65156267108764254, 11.69620803915341689, -2.099999999999998757 ) ) ;
#1017 = LINE ( 'NONE', #3070, #6935 ) ;
#1018 = CARTESIAN_POINT ( 'NONE',  ( 26.77848301813144971, 4.405768766048617557, -2.099999999999998757 ) ) ;
#1019 = CARTESIAN_POINT ( 'NONE',  ( 21.70974829699417796, 12.84369887095661156, -2.099999999999998757 ) ) ;
#1020 = CARTESIAN_POINT ( 'NONE',  ( 24.86659007404523791, -7.767174896947393492, 2.000000000000000000 ) ) ;
#1021 = AXIS2_PLACEMENT_3D ( 'NONE', #1786, #2458, #7634 ) ;
#1022 = CARTESIAN_POINT ( 'NONE',  ( 16.08024905276406713, 20.49638744246056632, 2.000000000000000000 ) ) ;
#1023 = CARTESIAN_POINT ( 'NONE',  ( 7.733573568718047575, 24.87706067138157451, 2.000000000000000000 ) ) ;
#1024 = CARTESIAN_POINT ( 'NONE',  ( -0.8222171190860710910, -27.80350973416702587, 2.000000000000000000 ) ) ;
#1025 = CARTESIAN_POINT ( 'NONE',  ( -23.51784779677759474, 10.65556037457645999, 2.000000000000000000 ) ) ;
#1026 = CARTESIAN_POINT ( 'NONE',  ( 13.09924240491750602, -14.84924240491749714, -3.599999999999998757 ) ) ;
#1029 = AXIS2_PLACEMENT_3D ( 'NONE', #5110, #2424, #3802 ) ;
#1028 = CARTESIAN_POINT ( 'NONE',  ( 21.23055223844790262, -12.41767842381810816, -2.099999999999999645 ) ) ;
#1027 = CARTESIAN_POINT ( 'NONE',  ( 23.00007343659231651, -5.130111501463095358, 2.000000000000000000 ) ) ;
#1030 = CARTESIAN_POINT ( 'NONE',  ( -23.08741356227222496, -10.60189590196922893, 2.000000000000000000 ) ) ;
#1031 = CARTESIAN_POINT ( 'NONE',  ( -10.13323285654344375, 23.09959661296538513, -2.099999999999998757 ) ) ;
#1032 = CARTESIAN_POINT ( 'NONE',  ( -13.64872344093926770, 24.44815585854584938, 2.000000000000000000 ) ) ;
#1033 = CARTESIAN_POINT ( 'NONE',  ( -18.12539239010959236, -15.18249965295456683, -2.099999999999998757 ) ) ;
#1034 = CARTESIAN_POINT ( 'NONE',  ( 13.64872344037188867, 24.44815634059745690, 2.000000000000000000 ) ) ;
#1035 = EDGE_CURVE ( 'NONE', #37, #3127, #6386, .T. ) ;
#1036 = CARTESIAN_POINT ( 'NONE',  ( 1.939597136465224247, 23.94058417290086638, -2.099999999999998757 ) ) ;
#1037 = CARTESIAN_POINT ( 'NONE',  ( -18.70321540207056898, 15.22676155773647544, 2.000000000000000000 ) ) ;
#1038 = EDGE_LOOP ( 'NONE', ( #6534, #4985, #3103, #651 ) ) ;
#1039 = CARTESIAN_POINT ( 'NONE',  ( 0.000000000000000000, 0.000000000000000000, 2.000000000000000000 ) ) ;
#1040 = CARTESIAN_POINT ( 'NONE',  ( -4.713207230075946441, 25.62151411210379948, -2.099999999999998757 ) ) ;
#1041 = CARTESIAN_POINT ( 'NONE',  ( -18.97770164392054326, -15.34339570340775971, 2.000000000000000000 ) ) ;
#1042 = CARTESIAN_POINT ( 'NONE',  ( 22.44798333931210976, 13.70307343545947454, 2.000000000000000000 ) ) ;
#1043 = CARTESIAN_POINT ( 'NONE',  ( 7.401289567484102605, 27.00409066686567527, -2.099999999999997868 ) ) ;
#1044 = CARTESIAN_POINT ( 'NONE',  ( -1.750000000000000888, 21.00000000000000000, -3.599999999999998757 ) ) ;
#1045 =( GEOMETRIC_REPRESENTATION_CONTEXT ( 3 ) GLOBAL_UNCERTAINTY_ASSIGNED_CONTEXT ( ( #3929 ) ) GLOBAL_UNIT_ASSIGNED_CONTEXT ( ( #4834, #3524, #365 ) ) REPRESENTATION_CONTEXT ( 'NONE', 'WORKASPACE' ) );
#1046 = FACE_OUTER_BOUND ( 'NONE', #3441, .T. ) ;
#1047 = CARTESIAN_POINT ( 'NONE',  ( -25.75863198250609898, -8.543467069173807715, 2.000000000000000000 ) ) ;
#1048 = VERTEX_POINT ( 'NONE', #432 ) ;
#1049 = CARTESIAN_POINT ( 'NONE',  ( -7.768531058981738013, -22.33132486425838437, -2.099999999999998757 ) ) ;
#1050 = CARTESIAN_POINT ( 'NONE',  ( -26.77150907641003386, 1.970609361940791837, -2.099999999999998757 ) ) ;
#1051 = CARTESIAN_POINT ( 'NONE',  ( -7.688595528318266759, 23.56854007989867128, 2.000000000000000000 ) ) ;
#1052 = CIRCLE ( 'NONE', #5755, 27.99999957948219276 ) ;
#1053 = CARTESIAN_POINT ( 'NONE',  ( -23.21393719209896744, -4.939781705126451428, 2.000000000000000000 ) ) ;
#1054 = CARTESIAN_POINT ( 'NONE',  ( 9.408316245588480342, -22.09971024729808420, -2.099999999999999645 ) ) ;
#1055 = CARTESIAN_POINT ( 'NONE',  ( 1.379935885169537357, 26.52839079975560566, -2.099999999999998757 ) ) ;
#1056 = AXIS2_PLACEMENT_3D ( 'NONE', #1781, #6120, #2254 ) ;
#1057 = ORIENTED_EDGE ( 'NONE', *, *, #6728, .F. ) ;
#1058 = CARTESIAN_POINT ( 'NONE',  ( -9.873836557350655241, 22.73978747338223272, 2.000000000000000000 ) ) ;
#1059 = CARTESIAN_POINT ( 'NONE',  ( -21.80373651133527702, 10.30832712212200164, -2.099999999999998757 ) ) ;
#1060 = CARTESIAN_POINT ( 'NONE',  ( -18.70321540207055477, -15.22676155773648610, -2.099999999999998757 ) ) ;
#1061 = DIRECTION ( 'NONE',  ( -0.5680647467311555898, -0.8229838658936565743, 0.000000000000000000 ) ) ;
#1062 = DIRECTION ( 'NONE',  ( -0.000000000000000000, -0.000000000000000000, -1.000000000000000000 ) ) ;
#1063 = CARTESIAN_POINT ( 'NONE',  ( 22.79134869580807177, -6.292262679950364479, 2.000000000000000000 ) ) ;
#1064 = CARTESIAN_POINT ( 'NONE',  ( -3.705239350424549549, -23.53752846792088604, 2.000000000000000000 ) ) ;
#1065 = CARTESIAN_POINT ( 'NONE',  ( -1.555379675915617765, -26.00494379640384324, -2.099999999999998757 ) ) ;
#1066 = DIRECTION ( 'NONE',  ( -0.1205366802553232419, 0.9927088740980539727, 0.000000000000000000 ) ) ;
#1067 = CARTESIAN_POINT ( 'NONE',  ( 22.62472994129923975, -16.49610848301131227, -2.099999999999998757 ) ) ;
#1068 = CARTESIAN_POINT ( 'NONE',  ( 0.000000000000000000, 0.000000000000000000, 2.000000000000000000 ) ) ;
#1070 = CARTESIAN_POINT ( 'NONE',  ( 13.20212662322860275, -21.30225842247369172, -2.099999999999998757 ) ) ;
#1069 = CARTESIAN_POINT ( 'NONE',  ( 27.50168352219550627, -4.167564993355136416, 2.000000000000000000 ) ) ;
#1071 = CARTESIAN_POINT ( 'NONE',  ( -21.35721522671293471, -10.35169942632023954, -2.099999999999998757 ) ) ;
#1072 = CARTESIAN_POINT ( 'NONE',  ( 15.51594276222061097, 20.11676867469219943, -2.099999999999998757 ) ) ;
#1073 = CARTESIAN_POINT ( 'NONE',  ( -13.30747633062666146, 21.64116298680352202, 2.000000000000000000 ) ) ;
#1074 = EDGE_CURVE ( 'NONE', #5404, #6883, #875, .T. ) ;
#1075 = CARTESIAN_POINT ( 'NONE',  ( -18.62447386782100267, -18.94171889292492850, 2.000000000000000000 ) ) ;
#1076 = CARTESIAN_POINT ( 'NONE',  ( -23.72154950710865506, 0.7592181733933760501, 2.000000000000000000 ) ) ;
#1077 = CARTESIAN_POINT ( 'NONE',  ( 5.855490417686866955, 27.19235970822072446, -2.099999999999998757 ) ) ;
#1078 = CARTESIAN_POINT ( 'NONE',  ( -18.80342269287540446, 15.26496932198516632, -2.099999999999998757 ) ) ;
#1079 = ORIENTED_EDGE ( 'NONE', *, *, #6952, .F. ) ;
#1080 = DIRECTION ( 'NONE',  ( 0.000000000000000000, 0.000000000000000000, -1.000000000000000000 ) ) ;
#1081 = CARTESIAN_POINT ( 'NONE',  ( -5.183190230475061000, 26.33878392258043277, -2.099999999999998757 ) ) ;
#1082 = CARTESIAN_POINT ( 'NONE',  ( -17.26619031893428158, -16.42019235248055509, 2.000000000000000000 ) ) ;
#1083 = CARTESIAN_POINT ( 'NONE',  ( 22.28520553958147943, 13.49243943284464819, 2.000000000000000000 ) ) ;
#1084 = CARTESIAN_POINT ( 'NONE',  ( -25.19179192507393239, 1.283507464112904284, 2.000000000000000000 ) ) ;
#1085 = CARTESIAN_POINT ( 'NONE',  ( 18.00520414013334403, -17.66596715945036777, 2.000000000000000000 ) ) ;
#1086 = CARTESIAN_POINT ( 'NONE',  ( -1.726035193247326571, 25.34659078107458896, -2.099999999999998757 ) ) ;
#1087 = CARTESIAN_POINT ( 'NONE',  ( -23.00007343659231651, -5.130111501463104240, 2.000000000000000000 ) ) ;
#1088 = VERTEX_POINT ( 'NONE', #2662 ) ;
#1089 = CARTESIAN_POINT ( 'NONE',  ( -7.733032203436363439, -24.00987265162541462, 2.000000000000000000 ) ) ;
#1090 = PLANE ( 'NONE',  #101 ) ;
#1091 = CARTESIAN_POINT ( 'NONE',  ( -7.401289683397486385, 27.00409019895743157, 2.000000000000000000 ) ) ;
#1092 = CARTESIAN_POINT ( 'NONE',  ( -24.66930537037450932, -7.619416278945030818, -2.099999999999999645 ) ) ;
#1093 = CARTESIAN_POINT ( 'NONE',  ( 9.873836557350655241, -22.73978747338223982, -2.099999999999999645 ) ) ;
#1094 = CARTESIAN_POINT ( 'NONE',  ( 0.7237196475270584184, 27.99064539945150543, -2.099999999999998757 ) ) ;
#1095 = EDGE_CURVE ( 'NONE', #7233, #4251, #7079, .T. ) ;
#1096 = VERTEX_POINT ( 'NONE', #5233 ) ;
#1097 = CARTESIAN_POINT ( 'NONE',  ( -7.988790274807843872, 22.11659910479056279, 2.000000000000000000 ) ) ;
#1098 = CARTESIAN_POINT ( 'NONE',  ( -7.656852614504648713, -23.37322600383987847, -2.099999999999998757 ) ) ;
#1099 = CARTESIAN_POINT ( 'NONE',  ( -18.12539239010959236, -15.18249965295456683, -2.099999999999998757 ) ) ;
#1100 = CARTESIAN_POINT ( 'NONE',  ( 24.45163473737931881, 4.792937194118093380, -2.099999999999998757 ) ) ;
#1101 = CARTESIAN_POINT ( 'NONE',  ( 20.61769535193586123, 11.41192623884529844, 2.000000000000000000 ) ) ;
#1102 = CARTESIAN_POINT ( 'NONE',  ( -20.99240193721332304, 10.59640443373927177, 2.000000000000000000 ) ) ;
#1103 = B_SPLINE_CURVE_WITH_KNOTS ( 'NONE', 3,
 ( #1820, #7083, #3882, #4553, #3756, #10, #5780, #3248, #7718, #6949, #1949, #4508, #3797, #2494, #556, #5821, #7763, #3206, #5737, #1315, #6411, #51, #1269, #723, #8255, #5064, #6368, #6454, #2577, #5693, #7675, #5194, #5148, #1906, #3291, #1359, #5866, #7584, #2622, #4423, #6994, #7036, #1229, #595, #1995, #2455, #3838, #683, #4463, #8297, #2538, #7130, #640, #3923, #4380 ),
 .UNSPECIFIED., .F., .F.,
 ( 4, 1, 1, 1, 1, 1, 1, 1, 1, 1, 1, 1, 1, 1, 1, 1, 1, 1, 1, 1, 1, 1, 1, 1, 1, 1, 1, 1, 1, 1, 1, 1, 1, 1, 1, 1, 1, 1, 1, 1, 1, 1, 1, 1, 1, 1, 1, 1, 1, 1, 1, 1, 4 ),
 ( 0.01037066611188999093, 0.06767854499841063909, 0.09884629602760419687, 0.1282330327458525154, 0.1558387551553856998, 0.1816634632588947085, 0.2057071570596702426, 0.2279698365617903733, 0.2484515017703998740, 0.2671521526921104561, 0.2840717893356237145, 0.2992104117127123430, 0.3125680198398570475, 0.3241446137411453376, 0.3339401934538046568, 0.3662021699428077426, 0.3760430630535975816, 0.3856763336118151919, 0.3952492422856396237, 0.4049624801021072251, 0.4150869914083012979, 0.4259748013331243754, 0.4380386266454286970, 0.4516469595390829594, 0.4668849008038623571, 0.4803437228220495125, 0.4999999999999997780, 0.5196562771779499323, 0.5331150991961371988, 0.5483530404609165965, 0.5619613733545708589, 0.5740251986668751805, 0.5849130085916982580, 0.5950375198978923308, 0.6047507577143599322, 0.6143236663881842530, 0.6239569369464019744, 0.6337978300571918133, 0.6660598065461948991, 0.6758553862588542183, 0.6874319801601425084, 0.7007895882872872129, 0.7159282106643759525, 0.7328478473078892108, 0.7515484982295997929, 0.7720301634382092937, 0.7942928429403295354, 0.8183365367411050695, 0.8441612448446141892, 0.8717669672541473735, 0.9011537039723956921, 0.9323214550015892499, 0.9896293338881104740 ),
 .UNSPECIFIED. ) ;
#1104 = CARTESIAN_POINT ( 'NONE',  ( -1.623578263684206435, -25.76808346599204924, -2.099999999999998757 ) ) ;
#1105 = CARTESIAN_POINT ( 'NONE',  ( -1.846803834033459157, -24.33438445894234903, -2.099999999999998757 ) ) ;
#1106 = CARTESIAN_POINT ( 'NONE',  ( 7.733573568718056457, -24.87706067138158872, 2.000000000000000000 ) ) ;
#1107 = CARTESIAN_POINT ( 'NONE',  ( 21.04854468720649763, -16.20550857031051351, -2.099999999999998757 ) ) ;
#1108 = ORIENTED_EDGE ( 'NONE', *, *, #163, .F. ) ;
#1110 = CARTESIAN_POINT ( 'NONE',  ( 13.58617081224543988, -23.15195374360797942, -2.099999999999998757 ) ) ;
#1109 = CARTESIAN_POINT ( 'NONE',  ( 25.36983614870255366, 1.341743455198749269, -2.099999999999998757 ) ) ;
#1111 = CARTESIAN_POINT ( 'NONE',  ( -5.995909907646427506, 27.35048520283305962, 2.000000000000000000 ) ) ;
#1112 = CARTESIAN_POINT ( 'NONE',  ( -9.408316245588480342, 22.09971024729808065, -2.099999999999998757 ) ) ;
#1113 = CARTESIAN_POINT ( 'NONE',  ( 9.873836557350655241, -22.73978747338223982, -2.099999999999998757 ) ) ;
#1114 = EDGE_CURVE ( 'NONE', #3725, #4503, #7404, .T. ) ;
#1115 = CARTESIAN_POINT ( 'NONE',  ( -19.55560045884524811, -15.67357176803118790, -2.099999999999998757 ) ) ;
#1116 = FACE_BOUND ( 'NONE', #7573, .T. ) ;
#1117 = CARTESIAN_POINT ( 'NONE',  ( -1.379935885169571108, 26.52839079975561276, -2.099999999999998757 ) ) ;
#1118 = CARTESIAN_POINT ( 'NONE',  ( -22.09150234436910409, 16.42439467823394139, 2.000000000000000000 ) ) ;
#1119 = VERTEX_POINT ( 'NONE', #2870 ) ;
#1120 = EDGE_CURVE ( 'NONE', #4251, #3849, #5585, .T. ) ;
#1121 = ADVANCED_FACE ( 'NONE', ( #4637 ), #897, .F. ) ;
#1122 = CARTESIAN_POINT ( 'NONE',  ( -2.105634209995062012, 23.64010634127342669, 2.000000000000000000 ) ) ;
#1123 = CARTESIAN_POINT ( 'NONE',  ( -17.59296804644543855, -15.58600964088961049, 2.000000000000000000 ) ) ;
#1124 = CARTESIAN_POINT ( 'NONE',  ( 21.66370631000717495, 16.34569607223867749, 2.000000000000000000 ) ) ;
#1125 = CARTESIAN_POINT ( 'NONE',  ( -27.44567954253905384, 2.366745034183019403, 2.000000000000000000 ) ) ;
#1126 = DIRECTION ( 'NONE',  ( -1.000000000000000000, 0.000000000000000000, 0.000000000000000000 ) ) ;
#1127 = CARTESIAN_POINT ( 'NONE',  ( -1.762385718735306250, 25.16282512725968701, 2.000000000000000000 ) ) ;
#1128 = CARTESIAN_POINT ( 'NONE',  ( -24.48402185937396780, -7.488679734998063608, 2.000000000000000000 ) ) ;
#1129 = VERTEX_POINT ( 'NONE', #5990 ) ;
#1130 = CARTESIAN_POINT ( 'NONE',  ( -9.121658707306938396, -21.91081161619599271, -2.099999999999998757 ) ) ;
#1131 = CARTESIAN_POINT ( 'NONE',  ( 24.56950331401515442, -1.128978604501158944, 2.000000000000000000 ) ) ;
#1132 = CARTESIAN_POINT ( 'NONE',  ( -11.58603556222320563, 24.54102139527086379, 2.000000000000000000 ) ) ;
#1133 = CARTESIAN_POINT ( 'NONE',  ( -23.53223775966787201, -4.811173829118829737, -2.099999999999999645 ) ) ;
#1134 = CARTESIAN_POINT ( 'NONE',  ( 7.605017794998038205, -22.88729425358476632, 2.000000000000000000 ) ) ;
#1135 = CARTESIAN_POINT ( 'NONE',  ( 26.77150907641003386, -1.970609361940795390, -2.099999999999998757 ) ) ;
#1136 = ORIENTED_EDGE ( 'NONE', *, *, #4488, .T. ) ;
#1137 = CARTESIAN_POINT ( 'NONE',  ( -7.605017794998039982, 22.88729425358475922, 2.000000000000000000 ) ) ;
#1138 = CARTESIAN_POINT ( 'NONE',  ( -22.99371384847795596, 6.601180838822642727, -2.099999999999998757 ) ) ;
#1139 = FACE_BOUND ( 'NONE', #616, .T. ) ;
#1140 = FACE_OUTER_BOUND ( 'NONE', #4210, .T. ) ;
#1141 = CARTESIAN_POINT ( 'NONE',  ( 21.58955567576247958, 12.72687891813090921, 2.000000000000000000 ) ) ;
#1142 = CARTESIAN_POINT ( 'NONE',  ( -21.84033501313437142, 12.97800555654220389, 2.000000000000000000 ) ) ;
#1143 = AXIS2_PLACEMENT_3D ( 'NONE', #4422, #3012, #6092 ) ;
#1144 = CARTESIAN_POINT ( 'NONE',  ( -2.320354714939425023, -23.45074361513812278, -2.099999999999998757 ) ) ;
#1145 = CARTESIAN_POINT ( 'NONE',  ( 9.873836557350646359, 22.73978747338223272, 2.000000000000000000 ) ) ;
#1146 = ADVANCED_FACE ( 'NONE', ( #5366 ), #7332, .F. ) ;
#1147 = CARTESIAN_POINT ( 'NONE',  ( -2.320354714939425023, -23.45074361513812278, 2.000000000000000000 ) ) ;
#1148 = CARTESIAN_POINT ( 'NONE',  ( -20.69407544885352124, 11.81098159931166336, -2.099999999999999645 ) ) ;
#1149 = VERTEX_POINT ( 'NONE', #6741 ) ;
#1151 = CARTESIAN_POINT ( 'NONE',  ( 21.98040231662191957, -13.13048226772782279, 2.000000000000000000 ) ) ;
#1150 = CARTESIAN_POINT ( 'NONE',  ( 26.77848301813143905, -4.405768766048591800, 2.000000000000000000 ) ) ;
#1152 = CARTESIAN_POINT ( 'NONE',  ( 22.96554745452510815, -14.45965356729541718, -2.099999999999998757 ) ) ;
#1153 = CARTESIAN_POINT ( 'NONE',  ( 25.19179192507393239, 1.283507464112907170, 2.000000000000000000 ) ) ;
#1154 = CIRCLE ( 'NONE', #5334, 28.00000000000000000 ) ;
#1155 = CARTESIAN_POINT ( 'NONE',  ( -22.76403769146248735, -5.811439118492631728, -2.099999999999998757 ) ) ;
#1156 = DIRECTION ( 'NONE',  ( -0.000000000000000000, -0.000000000000000000, 1.000000000000000000 ) ) ;
#1157 = CARTESIAN_POINT ( 'NONE',  ( 12.88702750944970887, 19.82328597831587658, 2.000000000000000000 ) ) ;
#1158 = CIRCLE ( 'NONE', #5470, 1.749999999999999778 ) ;
#1159 = CARTESIAN_POINT ( 'NONE',  ( -1.810672407536207729, 24.85107952805194387, -2.099999999999998757 ) ) ;
#1160 = CARTESIAN_POINT ( 'NONE',  ( -19.31055424225242945, 15.54648119520596161, -2.099999999999998757 ) ) ;
#1161 = ADVANCED_FACE ( 'NONE', ( #976 ), #7292, .F. ) ;
#1162 = ORIENTED_EDGE ( 'NONE', *, *, #7572, .T. ) ;
#1163 = CARTESIAN_POINT ( 'NONE',  ( -22.85726476338738067, 5.433202019314275155, -2.100000000000000089 ) ) ;
#1164 = CARTESIAN_POINT ( 'NONE',  ( -3.359200862297599066, 23.32460485566309316, 2.000000000000000000 ) ) ;
#1165 = CARTESIAN_POINT ( 'NONE',  ( 14.88619985382990407, -19.57897187542434736, -2.099999999999998757 ) ) ;
#1166 = CARTESIAN_POINT ( 'NONE',  ( 21.47582202528875328, 10.32148794313316387, 2.000000000000000000 ) ) ;
#1167 = CARTESIAN_POINT ( 'NONE',  ( 7.988790274807834990, 22.11659910479056279, 2.000000000000000000 ) ) ;
#1168 = CARTESIAN_POINT ( 'NONE',  ( 17.26619031893428513, -16.42019235248054443, -2.099999999999998757 ) ) ;
#1169 = CARTESIAN_POINT ( 'NONE',  ( -0.7237198720499676829, -27.99064497287975328, 2.000000000000000000 ) ) ;
#1170 = B_SPLINE_CURVE_WITH_KNOTS ( 'NONE', 3,
 ( #6096, #5394, #5352, #1512, #5430, #1594, #329, #251, #6729, #4621, #4669, #5936, #5976, #7829, #2064, #7195, #6644, #1429, #3994, #3361, #6606, #2733, #7868, #839, #3404, #206, #2778, #7913, #7955, #2192, #2151, #4714, #882, #4754, #6686, #7319, #1553, #4123, #926, #6287, #6910, #8097, #2419, #5538, #1109, #6835, #7632, #2337, #7547, #396, #6874, #1743, #3675, #6950, #6246 ),
 .UNSPECIFIED., .F., .F.,
 ( 4, 1, 1, 1, 1, 1, 1, 1, 1, 1, 1, 1, 1, 1, 1, 1, 1, 1, 1, 1, 1, 1, 1, 1, 1, 1, 1, 1, 1, 1, 1, 1, 1, 1, 1, 1, 1, 1, 1, 1, 1, 1, 1, 1, 1, 1, 1, 1, 1, 1, 1, 1, 4 ),
 ( 0.01037066611189005859, 0.06767854499841063909, 0.09884629602760419687, 0.1282330327458525154, 0.1558387551553856998, 0.1816634632588947085, 0.2057071570596702426, 0.2279698365617903733, 0.2484515017703998740, 0.2671521526921104561, 0.2840717893356237145, 0.2992104117127123430, 0.3125680198398570475, 0.3241446137411453376, 0.3339401934538046568, 0.3662021699428077426, 0.3760430630535975816, 0.3856763336118151919, 0.3952492422856396237, 0.4049624801021072251, 0.4150869914083012979, 0.4259748013331243754, 0.4380386266454286970, 0.4516469595390829039, 0.4668849008038623571, 0.4803437228220495125, 0.4999999999999997780, 0.5196562771779499323, 0.5331150991961371988, 0.5483530404609165965, 0.5619613733545708589, 0.5740251986668751805, 0.5849130085916982580, 0.5950375198978923308, 0.6047507577143599322, 0.6143236663881842530, 0.6239569369464019744, 0.6337978300571918133, 0.6660598065461948991, 0.6758553862588542183, 0.6874319801601425084, 0.7007895882872872129, 0.7159282106643759525, 0.7328478473078892108, 0.7515484982295997929, 0.7720301634382092937, 0.7942928429403295354, 0.8183365367411050695, 0.8441612448446141892, 0.8717669672541473735, 0.9011537039723956921, 0.9323214550015892499, 0.9896293338881114732 ),
 .UNSPECIFIED. ) ;
#1171 = CARTESIAN_POINT ( 'NONE',  ( -16.82973023395796730, -20.91308632741409923, 2.000000000000000000 ) ) ;
#1172 = ORIENTED_EDGE ( 'NONE', *, *, #5578, .T. ) ;
#1173 = CARTESIAN_POINT ( 'NONE',  ( -12.42074065638870550, -25.15757466308123114, 2.000000000000000000 ) ) ;
#1174 = FACE_OUTER_BOUND ( 'NONE', #3942, .T. ) ;
#1175 = CARTESIAN_POINT ( 'NONE',  ( -7.629252907546909768, 22.67335363560523476, 2.000000000000000000 ) ) ;
#1176 = CARTESIAN_POINT ( 'NONE',  ( 23.15601641226234975, -6.742658068406535143, -2.099999999999998757 ) ) ;
#1177 = CARTESIAN_POINT ( 'NONE',  ( 0.000000000000000000, 0.000000000000000000, -2.099999999999998757 ) ) ;
#1178 = EDGE_LOOP ( 'NONE', ( #986, #2025 ) ) ;
#1179 = CARTESIAN_POINT ( 'NONE',  ( -8.993578510876927723, 21.86672564825610010, -2.099999999999998757 ) ) ;
#1180 = CARTESIAN_POINT ( 'NONE',  ( -26.42834261551471897, 9.248930024438967834, -2.099999999999998757 ) ) ;
#1181 = CYLINDRICAL_SURFACE ( 'NONE', #2660, 1.749999999999999778 ) ;
#1182 = CARTESIAN_POINT ( 'NONE',  ( -22.90269961712299462, -10.57072003481731137, 2.000000000000000000 ) ) ;
#1183 = LINE ( 'NONE', #6784, #928 ) ;
#1184 = CARTESIAN_POINT ( 'NONE',  ( -23.34891248594831126, 15.11752229210735976, 2.000000000000000000 ) ) ;
#1185 = CARTESIAN_POINT ( 'NONE',  ( -3.499191490208533928, -23.38362255772745613, -2.099999999999998757 ) ) ;
#1186 = CARTESIAN_POINT ( 'NONE',  ( 7.605208680130566279, 22.99453835804834156, 2.000000000000000000 ) ) ;
#1187 = CARTESIAN_POINT ( 'NONE',  ( -0.7237198720499676829, -27.99064497287975328, 2.000000000000000000 ) ) ;
#1188 = CARTESIAN_POINT ( 'NONE',  ( -21.58955567576248669, 12.72687891813088967, 2.000000000000000000 ) ) ;
#1189 = AXIS2_PLACEMENT_3D ( 'NONE', #7994, #3448, #7280 ) ;
#1190 = DIRECTION ( 'NONE',  ( 0.000000000000000000, -0.000000000000000000, -1.000000000000000000 ) ) ;
#1192 = CARTESIAN_POINT ( 'NONE',  ( 13.35177211813242515, -19.34338136197018798, -2.099999999999998757 ) ) ;
#1191 = CARTESIAN_POINT ( 'NONE',  ( 24.45163473737931881, -4.792937194118069399, 2.000000000000000000 ) ) ;
#1193 = CARTESIAN_POINT ( 'NONE',  ( 12.84317218923418658, 20.29695877980780949, -2.099999999999998757 ) ) ;
#1194 = CARTESIAN_POINT ( 'NONE',  ( -23.42764417793267384, -4.840656286569386069, -2.099999999999998757 ) ) ;
#1195 = CARTESIAN_POINT ( 'NONE',  ( -22.11282838689584551, -16.42831787920694708, 2.000000000000000000 ) ) ;
#1196 = CARTESIAN_POINT ( 'NONE',  ( 13.50856635788135485, 22.56556696682681107, 2.000000000000000000 ) ) ;
#1197 = CARTESIAN_POINT ( 'NONE',  ( -4.189195047382292536, 24.56227459198278140, -2.099999999999998757 ) ) ;
#1198 = CARTESIAN_POINT ( 'NONE',  ( -17.42017265760605227, 16.82633584436268848, -2.099999999999998757 ) ) ;
#1199 = EDGE_LOOP ( 'NONE', ( #3354, #4156 ) ) ;
#1200 = CARTESIAN_POINT ( 'NONE',  ( -23.24438501506255861, 6.803422568062724274, -2.100000000000000089 ) ) ;
#1201 = CARTESIAN_POINT ( 'NONE',  ( -1.846803834033476699, 24.33438445894235613, 2.000000000000000000 ) ) ;
#1202 = CARTESIAN_POINT ( 'NONE',  ( 13.66345410753368483, -19.13830577319235360, -2.099999999999998757 ) ) ;
#1203 = CARTESIAN_POINT ( 'NONE',  ( 23.07262568452395968, 6.675893319502731238, 2.000000000000000000 ) ) ;
#1204 = CARTESIAN_POINT ( 'NONE',  ( 7.741715957670624704, 24.19699765967529004, -2.099999999999997868 ) ) ;
#1205 = CARTESIAN_POINT ( 'NONE',  ( 24.31153459173803455, 7.374154019703455631, -2.099999999999999645 ) ) ;
#1206 = CARTESIAN_POINT ( 'NONE',  ( 21.58843454132471606, 10.30659784155102088, -2.099999999999998757 ) ) ;
#1207 = CARTESIAN_POINT ( 'NONE',  ( 4.244076555440654985, 24.69959869036685163, -2.099999999999998757 ) ) ;
#1208 = ORIENTED_EDGE ( 'NONE', *, *, #6860, .T. ) ;
#1209 = CARTESIAN_POINT ( 'NONE',  ( 4.310684217927242656, -24.85340566964549325, 2.000000000000000000 ) ) ;
#1210 = PLANE ( 'NONE',  #1585 ) ;
#1211 = CARTESIAN_POINT ( 'NONE',  ( -17.32735312033766562, 16.63359376186218341, 2.000000000000000000 ) ) ;
#1212 = CARTESIAN_POINT ( 'NONE',  ( -24.45163473737932236, -4.792937194118080058, -2.099999999999999645 ) ) ;
#1213 = DIRECTION ( 'NONE',  ( 0.000000000000000000, 0.000000000000000000, -1.000000000000000000 ) ) ;
#1214 = DIRECTION ( 'NONE',  ( -0.000000000000000000, -0.000000000000000000, -1.000000000000000000 ) ) ;
#1215 = CARTESIAN_POINT ( 'NONE',  ( -12.94401591853666211, 20.68877481383771411, -2.099999999999998757 ) ) ;
#1216 = ORIENTED_EDGE ( 'NONE', *, *, #6342, .T. ) ;
#1217 = CARTESIAN_POINT ( 'NONE',  ( -7.733573568718058233, 24.87706067138158161, 2.000000000000000000 ) ) ;
#1218 = CARTESIAN_POINT ( 'NONE',  ( -24.62078186107714117, 10.69645268464870647, -2.099999999999998757 ) ) ;
#1219 = CARTESIAN_POINT ( 'NONE',  ( -18.73200657000872127, -19.22781655172589055, -2.099999999999998757 ) ) ;
#1220 = CARTESIAN_POINT ( 'NONE',  ( 24.31153459173803455, 7.374154019703455631, -2.099999999999998757 ) ) ;
#1221 = CARTESIAN_POINT ( 'NONE',  ( 23.51784779677758408, 10.65556037457647776, 2.000000000000000000 ) ) ;
#1222 = CARTESIAN_POINT ( 'NONE',  ( -23.44696895445775908, 15.30488886923681413, 2.000000000000000000 ) ) ;
#1223 = CARTESIAN_POINT ( 'NONE',  ( -1.726035193247308364, -25.34659078107458541, 2.000000000000000000 ) ) ;
#1224 = CARTESIAN_POINT ( 'NONE',  ( 7.657608382361889454, 22.56335699501520509, 2.000000000000000000 ) ) ;
#1225 = CARTESIAN_POINT ( 'NONE',  ( -4.590305982006135821, -25.40785750275295030, 2.000000000000000000 ) ) ;
#1226 = CARTESIAN_POINT ( 'NONE',  ( -21.80373651133527702, 10.30832712212200164, 2.000000000000000000 ) ) ;
#1227 = CARTESIAN_POINT ( 'NONE',  ( -13.15214330072518045, -21.16307668733837133, 2.000000000000000000 ) ) ;
#1228 = CARTESIAN_POINT ( 'NONE',  ( 0.9587223012481048690, -27.53084922696113424, 2.000000000000000000 ) ) ;
#1229 = CARTESIAN_POINT ( 'NONE',  ( 7.720532692246926842, 23.84272921084243890, -2.099999999999998757 ) ) ;
#1231 = CARTESIAN_POINT ( 'NONE',  ( 15.12400615833752582, -19.80199803049035268, -2.099999999999998757 ) ) ;
#1230 = CARTESIAN_POINT ( 'NONE',  ( -13.50602898338109270, 19.22398027845277113, -2.099999999999998757 ) ) ;
#1232 = FACE_OUTER_BOUND ( 'NONE', #8236, .T. ) ;
#1233 = CARTESIAN_POINT ( 'NONE',  ( 9.230471089887533509, -21.96684885186929392, -2.099999999999998757 ) ) ;
#1234 = CARTESIAN_POINT ( 'NONE',  ( -22.11282838689584551, -16.42831787920694708, -2.099999999999998757 ) ) ;
#1235 = CARTESIAN_POINT ( 'NONE',  ( 14.32589460713081664, 19.15868494228939056, 2.000000000000000000 ) ) ;
#1236 = CARTESIAN_POINT ( 'NONE',  ( 17.32735312033765140, 16.63359376186219762, 2.000000000000000000 ) ) ;
#1237 = CARTESIAN_POINT ( 'NONE',  ( -18.83778878485559716, 19.53549755878801264, 2.000000000000000000 ) ) ;
#1238 = VERTEX_POINT ( 'NONE', #133 ) ;
#1239 = CARTESIAN_POINT ( 'NONE',  ( -25.75863198250611319, 8.543467069173791728, -2.100000000000000089 ) ) ;
#1240 = CARTESIAN_POINT ( 'NONE',  ( -1.790249464186380868, 24.99754724227145530, 2.000000000000000000 ) ) ;
#1241 = CARTESIAN_POINT ( 'NONE',  ( 14.42373451280541552, -19.20597537996031434, -2.099999999999998757 ) ) ;
#1242 = CARTESIAN_POINT ( 'NONE',  ( 23.63710370791871185, 4.790810183414345502, 2.000000000000000000 ) ) ;
#1243 = CARTESIAN_POINT ( 'NONE',  ( 9.945601713251328135, 22.84599953686306861, -2.099999999999997868 ) ) ;
#1244 = CARTESIAN_POINT ( 'NONE',  ( 22.73975435582775262, 5.989014764842381489, 2.000000000000000000 ) ) ;
#1245 = CARTESIAN_POINT ( 'NONE',  ( 21.23055223844789197, 12.41767842381812414, -2.099999999999998757 ) ) ;
#1246 = CARTESIAN_POINT ( 'NONE',  ( -27.50168352219545653, -4.167564993355163949, 2.000000000000000000 ) ) ;
#1247 = ORIENTED_EDGE ( 'NONE', *, *, #5520, .T. ) ;
#1248 = CARTESIAN_POINT ( 'NONE',  ( -10.70787966366669330, -23.74905515802277378, 2.000000000000000000 ) ) ;
#1249 = CARTESIAN_POINT ( 'NONE',  ( 26.42834261551470831, 9.248930024439001585, -2.099999999999998757 ) ) ;
#1250 = LINE ( 'NONE', #6348, #5049 ) ;
#1251 = CARTESIAN_POINT ( 'NONE',  ( -24.12574046566792063, -4.783694468719414949, -2.099999999999999645 ) ) ;
#1252 = CARTESIAN_POINT ( 'NONE',  ( 7.616738452866469444, -23.18530238615924333, 2.000000000000000000 ) ) ;
#1253 = CARTESIAN_POINT ( 'NONE',  ( -1.680116617298004655, 25.54848055630612791, 2.000000000000000000 ) ) ;
#1254 = CARTESIAN_POINT ( 'NONE',  ( -13.50856635788135840, 22.56556696682679686, 2.000000000000000000 ) ) ;
#1255 = VERTEX_POINT ( 'NONE', #2706 ) ;
#1256 = CARTESIAN_POINT ( 'NONE',  ( -7.733573568718058233, 24.87706067138158161, -2.099999999999998757 ) ) ;
#1257 = CARTESIAN_POINT ( 'NONE',  ( -23.58537593626265050, 6.976039544898362976, -2.099999999999998757 ) ) ;
#1258 = DIRECTION ( 'NONE',  ( 0.000000000000000000, -0.000000000000000000, 1.000000000000000000 ) ) ;
#1259 = CARTESIAN_POINT ( 'NONE',  ( 23.29246673278348823, -10.63055238855664619, 2.000000000000000000 ) ) ;
#1260 = EDGE_CURVE ( 'NONE', #4799, #6591, #5057, .T. ) ;
#1261 = CARTESIAN_POINT ( 'NONE',  ( 25.38017819848320755, 10.66028906994526615, 2.000000000000000000 ) ) ;
#1262 = CARTESIAN_POINT ( 'NONE',  ( -21.91017567687078227, 10.32144346381599576, 2.000000000000000000 ) ) ;
#1263 = CARTESIAN_POINT ( 'NONE',  ( -5.883579182731642376, -27.22541580022855356, 2.000000000000000000 ) ) ;
#1264 = CARTESIAN_POINT ( 'NONE',  ( 9.945601713251328135, 22.84599953686306861, 2.000000000000000000 ) ) ;
#1265 = CARTESIAN_POINT ( 'NONE',  ( 18.70321540207055122, 15.22676155773648610, -2.099999999999998757 ) ) ;
#1266 = CARTESIAN_POINT ( 'NONE',  ( -20.74579233589062355, 11.91211842489101080, -2.099999999999999645 ) ) ;
#1267 = CARTESIAN_POINT ( 'NONE',  ( 27.21455713558068723, 4.270209306672444249, -2.099999999999999645 ) ) ;
#1268 = CARTESIAN_POINT ( 'NONE',  ( 0.8222171190861049528, -27.80350973416697613, 2.000000000000000000 ) ) ;
#1269 = CARTESIAN_POINT ( 'NONE',  ( 9.121658707306940173, 21.91081161619598916, -2.099999999999998757 ) ) ;
#1271 = CARTESIAN_POINT ( 'NONE',  ( 13.96529143882091439, -19.07901412642182848, -2.099999999999998757 ) ) ;
#1270 = CARTESIAN_POINT ( 'NONE',  ( -15.87213422487472947, 20.36431896814133680, -2.099999999999998757 ) ) ;
#1272 = CARTESIAN_POINT ( 'NONE',  ( 27.69989843466851198, 2.535120709015747487, -2.099999999999998757 ) ) ;
#1273 = CARTESIAN_POINT ( 'NONE',  ( -24.59949625084631819, -4.790317889056109557, -2.099999999999998757 ) ) ;
#1274 = VECTOR ( 'NONE', #7256, 1000.000000000000000 ) ;
#1275 = CARTESIAN_POINT ( 'NONE',  ( -21.04854468720649763, -16.20550857031053127, 2.000000000000000000 ) ) ;
#1276 = CARTESIAN_POINT ( 'NONE',  ( 13.20212662322859209, 21.30225842247369528, -2.099999999999998757 ) ) ;
#1277 = CARTESIAN_POINT ( 'NONE',  ( 18.19936168673939392, 18.00918889841835480, -2.099999999999999645 ) ) ;
#1278 = CARTESIAN_POINT ( 'NONE',  ( 0.000000000000000000, 0.000000000000000000, -2.099999999999998757 ) ) ;
#1279 = CIRCLE ( 'NONE', #1143, 18.00000000000000000 ) ;
#1280 = EDGE_LOOP ( 'NONE', ( #6071, #5415 ) ) ;
#1281 = CARTESIAN_POINT ( 'NONE',  ( -24.31153459173803810, 7.374154019703423657, -2.100000000000000089 ) ) ;
#1282 = CARTESIAN_POINT ( 'NONE',  ( -2.833089530561789360, 23.33259147460854166, -2.099999999999998757 ) ) ;
#1283 = CARTESIAN_POINT ( 'NONE',  ( 12.84317218923419723, -20.29695877980780949, -2.099999999999998757 ) ) ;
#1284 = CARTESIAN_POINT ( 'NONE',  ( 23.32186741149923392, 4.882063647943462037, 2.000000000000000000 ) ) ;
#1285 = CARTESIAN_POINT ( 'NONE',  ( 9.555618961847061499, 22.25484530667599969, -2.099999999999997868 ) ) ;
#1286 = CARTESIAN_POINT ( 'NONE',  ( 25.52197998938346402, 8.320188513921063844, -2.099999999999999645 ) ) ;
#1287 = AXIS2_PLACEMENT_3D ( 'NONE', #3504, #7971, #3418 ) ;
#1288 = CARTESIAN_POINT ( 'NONE',  ( 0.000000000000000000, 0.000000000000000000, -2.099999999999998757 ) ) ;
#1289 = CARTESIAN_POINT ( 'NONE',  ( 1.981471996724984974, 23.84030691368550947, -2.099999999999998757 ) ) ;
#1290 = ORIENTED_EDGE ( 'NONE', *, *, #164, .F. ) ;
#1291 = CARTESIAN_POINT ( 'NONE',  ( 4.189195047382283654, -24.56227459198278140, 2.000000000000000000 ) ) ;
#1292 = CARTESIAN_POINT ( 'NONE',  ( -23.50396181942852891, -2.270536500527282371E-15, -2.099999999999998757 ) ) ;
#1293 = CARTESIAN_POINT ( 'NONE',  ( -19.70744990308224942, 15.74452889495767494, 2.000000000000000000 ) ) ;
#1294 = CARTESIAN_POINT ( 'NONE',  ( -27.19385050690369710, -4.276646238553125201, 2.000000000000000000 ) ) ;
#1295 = DIRECTION ( 'NONE',  ( -1.000000000000000000, 0.000000000000000000, 0.000000000000000000 ) ) ;
#1296 = CIRCLE ( 'NONE', #7483, 28.00000000000000000 ) ;
#1297 = ADVANCED_FACE ( 'NONE', ( #4683 ), #2160, .T. ) ;
#1298 = CARTESIAN_POINT ( 'NONE',  ( -0.9676082089449732360, 27.51106945928309599, 2.000000000000000000 ) ) ;
#1299 = CARTESIAN_POINT ( 'NONE',  ( -13.50602898338109270, 19.22398027845277113, 2.000000000000000000 ) ) ;
#1300 = VERTEX_POINT ( 'NONE', #4451 ) ;
#1301 = CARTESIAN_POINT ( 'NONE',  ( -7.745447077757183330, 24.40400991946479081, -2.099999999999998757 ) ) ;
#1302 = CARTESIAN_POINT ( 'NONE',  ( -23.24438501506255861, 6.803422568062724274, -2.099999999999998757 ) ) ;
#1303 = CARTESIAN_POINT ( 'NONE',  ( -17.83462167525289033, -17.40060223031303721, -2.099999999999998757 ) ) ;
#1304 = CARTESIAN_POINT ( 'NONE',  ( 22.79134869580807532, 6.292262679950386683, -2.099999999999998757 ) ) ;
#1305 = CARTESIAN_POINT ( 'NONE',  ( 24.31514428139131567, 10.69735948946560633, 2.000000000000000000 ) ) ;
#1306 = DIRECTION ( 'NONE',  ( -0.000000000000000000, 0.000000000000000000, -1.000000000000000000 ) ) ;
#1307 = CARTESIAN_POINT ( 'NONE',  ( 18.49458355994169523, -15.17355739294053940, -2.099999999999998757 ) ) ;
#1308 = AXIS2_PLACEMENT_3D ( 'NONE', #6183, #2979, #5554 ) ;
#1309 = CARTESIAN_POINT ( 'NONE',  ( -4.852431640496120302, -25.84840584550507359, -2.099999999999998757 ) ) ;
#1310 = EDGE_LOOP ( 'NONE', ( #7224, #111, #7344, #2317 ) ) ;
#1311 = DIRECTION ( 'NONE',  ( -0.000000000000000000, -0.000000000000000000, -1.000000000000000000 ) ) ;
#1312 = CARTESIAN_POINT ( 'NONE',  ( -20.86952096496492004, 12.08832612917522376, 2.000000000000000000 ) ) ;
#1313 = CARTESIAN_POINT ( 'NONE',  ( -13.36064030761171928, -21.84126693107096173, 2.000000000000000000 ) ) ;
#1314 = CARTESIAN_POINT ( 'NONE',  ( 5.183190230475051230, -26.33878392258043277, 2.000000000000000000 ) ) ;
#1315 = CARTESIAN_POINT ( 'NONE',  ( 9.408316245588475013, 22.09971024729808775, -2.099999999999998757 ) ) ;
#1317 = CARTESIAN_POINT ( 'NONE',  ( 13.66345410753368483, -19.13830577319235360, -2.099999999999998757 ) ) ;
#1316 = CARTESIAN_POINT ( 'NONE',  ( -13.36064030761172639, 21.84126693107096173, -2.099999999999998757 ) ) ;
#1318 = CARTESIAN_POINT ( 'NONE',  ( 13.64897234715404473, 24.23668220204248414, -2.099999999999998757 ) ) ;
#1319 = VECTOR ( 'NONE', #241, 1000.000000000000000 ) ;
#1320 = CARTESIAN_POINT ( 'NONE',  ( 26.46517536639175816, -4.493494443281861095, -2.099999999999998757 ) ) ;
#1321 = CARTESIAN_POINT ( 'NONE',  ( 18.80342269287540446, -15.26496932198516987, 2.000000000000000000 ) ) ;
#1322 = CARTESIAN_POINT ( 'NONE',  ( 13.15214330072517690, 21.16307668733837488, -2.099999999999998757 ) ) ;
#1323 = AXIS2_PLACEMENT_3D ( 'NONE', #4078, #5307, #6019 ) ;
#1324 = CARTESIAN_POINT ( 'NONE',  ( 17.25237999601835881, 16.29857992973629521, 2.000000000000000000 ) ) ;
#1325 = FACE_BOUND ( 'NONE', #3087, .T. ) ;
#1326 = VERTEX_POINT ( 'NONE', #2607 ) ;
#1327 = CARTESIAN_POINT ( 'NONE',  ( -23.76414829993700906, 7.060866680122685146, 2.000000000000000000 ) ) ;
#1328 = EDGE_CURVE ( 'NONE', #7737, #2760, #2503, .T. ) ;
#1329 = CARTESIAN_POINT ( 'NONE',  ( -22.96554745452509394, -14.45965356729541362, 2.000000000000000000 ) ) ;
#1330 = CARTESIAN_POINT ( 'NONE',  ( 15.51594276222061985, -20.11676867469219587, -2.099999999999998757 ) ) ;
#1331 = CARTESIAN_POINT ( 'NONE',  ( 24.62078186107712696, 10.69645268464872423, 2.000000000000000000 ) ) ;
#1332 = CARTESIAN_POINT ( 'NONE',  ( 7.605208680130566279, 22.99453835804834156, 2.000000000000000000 ) ) ;
#1333 = CARTESIAN_POINT ( 'NONE',  ( 22.74963530479514517, 6.146178943449489118, 2.000000000000000000 ) ) ;
#1334 = CARTESIAN_POINT ( 'NONE',  ( 22.90269961712298752, 10.57072003481732381, -2.099999999999998757 ) ) ;
#1335 = CARTESIAN_POINT ( 'NONE',  ( 3.025165651672243605, 23.29855380546641541, -2.099999999999998757 ) ) ;
#1336 = ORIENTED_EDGE ( 'NONE', *, *, #270, .T. ) ;
#1337 = CARTESIAN_POINT ( 'NONE',  ( -10.53741832910564646, -23.57101921525815769, 2.000000000000000000 ) ) ;
#1338 = CARTESIAN_POINT ( 'NONE',  ( -24.56950331401515442, -1.128978604501161387, -2.099999999999998757 ) ) ;
#1339 = CARTESIAN_POINT ( 'NONE',  ( -18.60089775827984226, 15.19605903441927630, 2.000000000000000000 ) ) ;
#1340 = CARTESIAN_POINT ( 'NONE',  ( -24.59949625084631819, -4.790317889056109557, -2.099999999999999645 ) ) ;
#1341 = CARTESIAN_POINT ( 'NONE',  ( -16.59924240491749714, 14.84924240491749536, 2.100000000000001865 ) ) ;
#1342 = FACE_OUTER_BOUND ( 'NONE', #8216, .T. ) ;
#1343 = CARTESIAN_POINT ( 'NONE',  ( -13.18542992737236474, 19.44527382878997201, -2.099999999999998757 ) ) ;
#1344 = ORIENTED_EDGE ( 'NONE', *, *, #3490, .F. ) ;
#1345 = CARTESIAN_POINT ( 'NONE',  ( -14.51573139705936377, -19.26027195864160291, -2.099999999999998757 ) ) ;
#1346 = CARTESIAN_POINT ( 'NONE',  ( -7.768531058981738013, -22.33132486425838437, 2.000000000000000000 ) ) ;
#1347 = CARTESIAN_POINT ( 'NONE',  ( -18.19936168673940102, -18.00918889841835480, -2.099999999999998757 ) ) ;
#1348 = CARTESIAN_POINT ( 'NONE',  ( 24.02931632081063995, -10.69009516955077110, 2.000000000000000000 ) ) ;
#1349 = CARTESIAN_POINT ( 'NONE',  ( 21.35721522671293116, 10.35169942632025197, 2.000000000000000000 ) ) ;
#1350 = LINE ( 'NONE', #3677, #1563 ) ;
#1351 = CARTESIAN_POINT ( 'NONE',  ( 17.28752988749540620, -16.01445386190351172, -2.099999999999998757 ) ) ;
#1352 = EDGE_CURVE ( 'NONE', #7475, #2525, #3580, .T. ) ;
#1353 = CARTESIAN_POINT ( 'NONE',  ( -5.008822010445487471, -26.08776424953686401, 2.000000000000000000 ) ) ;
#1354 = ORIENTED_EDGE ( 'NONE', *, *, #227, .F. ) ;
#1355 = CARTESIAN_POINT ( 'NONE',  ( -3.612999446203290610, -23.45707906485273142, 2.000000000000000000 ) ) ;
#1356 = CARTESIAN_POINT ( 'NONE',  ( -10.53741832910564646, -23.57101921525815769, -2.099999999999998757 ) ) ;
#1357 = CARTESIAN_POINT ( 'NONE',  ( -14.88619985382989697, -19.57897187542435091, 2.000000000000000000 ) ) ;
#1358 = CARTESIAN_POINT ( 'NONE',  ( 20.80821629034236508, 10.92099437901169523, 2.000000000000000000 ) ) ;
#1359 = CARTESIAN_POINT ( 'NONE',  ( 7.612592773523889633, 22.78073832991432468, -2.099999999999998757 ) ) ;
#1361 = LINE ( 'NONE', #5868, #7915 ) ;
#1360 = CARTESIAN_POINT ( 'NONE',  ( -14.10020032022225323, 19.09116743896563051, -2.099999999999998757 ) ) ;
#1362 = CARTESIAN_POINT ( 'NONE',  ( 24.56950331401515442, 1.128978604501158500, 2.000000000000000000 ) ) ;
#1363 = CARTESIAN_POINT ( 'NONE',  ( 25.38450439115045754, -4.717739787684787522, 2.000000000000000000 ) ) ;
#1364 = CARTESIAN_POINT ( 'NONE',  ( 19.10294300318477667, -20.47138356506634693, 2.000000000000000000 ) ) ;
#1365 = CARTESIAN_POINT ( 'NONE',  ( 15.23641901094384998, 19.89808777236047987, 2.000000000000000000 ) ) ;
#1366 = CARTESIAN_POINT ( 'NONE',  ( 18.25928954266904469, 15.16201400375275199, -2.099999999999999645 ) ) ;
#1367 = CARTESIAN_POINT ( 'NONE',  ( -18.62447386782101688, 18.94171889292491784, 2.000000000000000000 ) ) ;
#1368 = VERTEX_POINT ( 'NONE', #4581 ) ;
#1369 = CARTESIAN_POINT ( 'NONE',  ( -22.74963530479514873, 6.146178943449458920, 2.000000000000000000 ) ) ;
#1370 = CARTESIAN_POINT ( 'NONE',  ( -4.389956462724892816, 25.02313217738665685, -2.099999999999998757 ) ) ;
#1371 = CARTESIAN_POINT ( 'NONE',  ( -7.523321107007135744, 26.48008413688456741, -2.099999999999998757 ) ) ;
#1372 = CARTESIAN_POINT ( 'NONE',  ( -14.88619985382990407, 19.57897187542434736, 2.000000000000000000 ) ) ;
#1373 = CARTESIAN_POINT ( 'NONE',  ( 24.32345666766047643, 4.791663430616663000, -2.099999999999999645 ) ) ;
#1374 = EDGE_CURVE ( 'NONE', #2760, #7737, #4692, .T. ) ;
#1375 = CARTESIAN_POINT ( 'NONE',  ( 24.31514428139131567, 10.69735948946560633, -2.099999999999998757 ) ) ;
#1376 = EDGE_CURVE ( 'NONE', #5404, #6883, #4660, .T. ) ;
#1377 = CARTESIAN_POINT ( 'NONE',  ( 5.995910227648052704, 27.35048556318490043, -2.099999999999998757 ) ) ;
#1378 = ORIENTED_EDGE ( 'NONE', *, *, #375, .F. ) ;
#1379 = CARTESIAN_POINT ( 'NONE',  ( 3.359200862297590628, -23.32460485566309316, 2.000000000000000000 ) ) ;
#1380 = CARTESIAN_POINT ( 'NONE',  ( 3.204373604290264410, 23.29585190159430397, 2.000000000000000000 ) ) ;
#1381 = CARTESIAN_POINT ( 'NONE',  ( -18.00520414013334758, 17.66596715945036422, 2.000000000000000000 ) ) ;
#1382 = CARTESIAN_POINT ( 'NONE',  ( 25.88937528683163336, -4.628868634690435968, -2.099999999999998757 ) ) ;
#1383 = CARTESIAN_POINT ( 'NONE',  ( -24.09676835437406694, -1.005131229266923665, -2.099999999999998757 ) ) ;
#1384 = CARTESIAN_POINT ( 'NONE',  ( -1.555379675915636417, 26.00494379640385390, 2.000000000000000000 ) ) ;
#1385 = CARTESIAN_POINT ( 'NONE',  ( -13.35177211813242515, 19.34338136197018798, -2.099999999999998757 ) ) ;
#1386 = EDGE_LOOP ( 'NONE', ( #7595, #842, #7045, #1892 ) ) ;
#1387 = CYLINDRICAL_SURFACE ( 'NONE', #1959, 1.750000000000001554 ) ;
#1388 = CARTESIAN_POINT ( 'NONE',  ( -11.33585971340118093, -24.33300811744742020, 2.000000000000000000 ) ) ;
#1389 = CARTESIAN_POINT ( 'NONE',  ( -24.48402185937397491, 7.488679734998046733, 2.000000000000000000 ) ) ;
#1390 = CARTESIAN_POINT ( 'NONE',  ( 24.62078186107714117, -10.69645268464870824, 2.000000000000000000 ) ) ;
#1391 = CARTESIAN_POINT ( 'NONE',  ( 23.29246673278348467, 10.63055238855666573, 2.000000000000000000 ) ) ;
#1392 = CARTESIAN_POINT ( 'NONE',  ( -8.333214720347264404, 21.97288137310766842, 2.000000000000000000 ) ) ;
#1393 = ADVANCED_FACE ( 'NONE', ( #1475 ), #1387, .F. ) ;
#1394 = CARTESIAN_POINT ( 'NONE',  ( 21.34551800689747836, -16.27777197600731540, -2.099999999999998757 ) ) ;
#1395 = CARTESIAN_POINT ( 'NONE',  ( -5.183190230475042348, -26.33878392258043277, -2.099999999999998757 ) ) ;
#1396 = ORIENTED_EDGE ( 'NONE', *, *, #2743, .T. ) ;
#1397 = CARTESIAN_POINT ( 'NONE',  ( -13.09924240491750069, 14.84924240491749536, 2.100000000000001865 ) ) ;
#1398 = CARTESIAN_POINT ( 'NONE',  ( -8.334619726030519260, -21.97658606862351505, -2.099999999999998757 ) ) ;
#1399 = CARTESIAN_POINT ( 'NONE',  ( -12.83364937058816224, -20.18870745851076975, 2.000000000000000000 ) ) ;
#1400 = CARTESIAN_POINT ( 'NONE',  ( 3.902347153244135836, -23.79992060087550954, 2.000000000000000000 ) ) ;
#1401 = CARTESIAN_POINT ( 'NONE',  ( -3.612999446203305709, 23.45707906485272431, 2.000000000000000000 ) ) ;
#1403 = CARTESIAN_POINT ( 'NONE',  ( -14.51573139705937088, 19.26027195864160291, -2.099999999999998757 ) ) ;
#1402 = CARTESIAN_POINT ( 'NONE',  ( 28.00000000000000355, 0.000000000000000000, -2.099999999999998757 ) ) ;
#1404 = CARTESIAN_POINT ( 'NONE',  ( 23.55944914529948520, 0.5232380683118310616, -2.099999999999998757 ) ) ;
#1405 = CARTESIAN_POINT ( 'NONE',  ( -24.00794390784557564, -7.190340088713012889, -2.099999999999998757 ) ) ;
#1406 = FACE_OUTER_BOUND ( 'NONE', #5484, .T. ) ;
#1407 = PRODUCT_DEFINITION_CONTEXT ( 'detailed design', #2627, 'design' ) ;
#1408 = CARTESIAN_POINT ( 'NONE',  ( -4.590305982006135821, -25.40785750275295030, -2.099999999999998757 ) ) ;
#1409 = CARTESIAN_POINT ( 'NONE',  ( 17.28752988749539554, 16.01445386190352238, -2.099999999999999645 ) ) ;
#1410 = CARTESIAN_POINT ( 'NONE',  ( 17.35181857730701083, -15.87069998699208462, -2.099999999999998757 ) ) ;
#1411 = ORIENTED_EDGE ( 'NONE', *, *, #6648, .F. ) ;
#1412 = CARTESIAN_POINT ( 'NONE',  ( 22.90269961712299462, -10.57072003481730782, -2.099999999999999645 ) ) ;
#1413 = B_SPLINE_CURVE_WITH_KNOTS ( 'NONE', 3,
 ( #1649, #4214, #6783, #1018, #387, #4935, #3586, #7500, #2954, #5530, #2328, #5015, #1734, #1100, #6235, #3031, #5608, #714, #3327, #5096, #7665, #3194, #1852, #7621, #758, #5853, #2029, #3150, #2656, #7118, #6527, #1304, #5900, #3913, #8329, #5138, #5228, #4497, #3828, #7159, #2700, #5770, #2610, #3955, #1220, #7794, #3871, #5727, #672, #4584, #8288, #84, #126, #2568, #6984 ),
 .UNSPECIFIED., .F., .F.,
 ( 4, 1, 1, 1, 1, 1, 1, 1, 1, 1, 1, 1, 1, 1, 1, 1, 1, 1, 1, 1, 1, 1, 1, 1, 1, 1, 1, 1, 1, 1, 1, 1, 1, 1, 1, 1, 1, 1, 1, 1, 1, 1, 1, 1, 1, 1, 1, 1, 1, 1, 1, 1, 4 ),
 ( 0.01037066611188801162, 0.06767854499841063909, 0.09884629602760419687, 0.1282330327458525154, 0.1558387551553856998, 0.1816634632588947085, 0.2057071570596702426, 0.2279698365617903733, 0.2484515017703998740, 0.2671521526921104561, 0.2840717893356237145, 0.2992104117127123430, 0.3125680198398570475, 0.3241446137411453376, 0.3339401934538046568, 0.3662021699428077426, 0.3760430630535975816, 0.3856763336118151919, 0.3952492422856396792, 0.4049624801021072251, 0.4150869914083012979, 0.4259748013331243754, 0.4380386266454286970, 0.4516469595390829594, 0.4668849008038623571, 0.4803437228220495125, 0.4999999999999997780, 0.5196562771779499323, 0.5331150991961371988, 0.5483530404609165965, 0.5619613733545708589, 0.5740251986668751805, 0.5849130085916982580, 0.5950375198978923308, 0.6047507577143599322, 0.6143236663881842530, 0.6239569369464019744, 0.6337978300571918133, 0.6660598065461948991, 0.6758553862588542183, 0.6874319801601425084, 0.7007895882872872129, 0.7159282106643759525, 0.7328478473078892108, 0.7515484982295997929, 0.7720301634382092937, 0.7942928429403295354, 0.8183365367411050695, 0.8441612448446141892, 0.8717669672541473735, 0.9011537039723956921, 0.9323214550015892499, 0.9896293338881134716 ),
 .UNSPECIFIED. ) ;
#1414 = CARTESIAN_POINT ( 'NONE',  ( -5.376315588043460991, 26.60062371204863041, -2.099999999999998757 ) ) ;
#1415 = CARTESIAN_POINT ( 'NONE',  ( -7.605208680130574272, 22.99453835804833801, -2.099999999999998757 ) ) ;
#1416 = CARTESIAN_POINT ( 'NONE',  ( 26.46517536639174750, 4.493494443281885964, 2.000000000000000000 ) ) ;
#1417 = CARTESIAN_POINT ( 'NONE',  ( -13.66345410753368483, 19.13830577319235360, 2.000000000000000000 ) ) ;
#1418 = CARTESIAN_POINT ( 'NONE',  ( 25.62785817443977621, 4.678588802317997342, 2.000000000000000000 ) ) ;
#1419 = CARTESIAN_POINT ( 'NONE',  ( -26.24483786523220274, -1.701370919965217166, 2.000000000000000000 ) ) ;
#1420 = VECTOR ( 'NONE', #7447, 1000.000000000000000 ) ;
#1421 = FACE_OUTER_BOUND ( 'NONE', #6193, .T. ) ;
#1422 = ORIENTED_EDGE ( 'NONE', *, *, #4755, .F. ) ;
#1423 = CARTESIAN_POINT ( 'NONE',  ( 1.981471996725006290, -23.84030691368550237, 2.000000000000000000 ) ) ;
#1424 = CARTESIAN_POINT ( 'NONE',  ( 4.310684217927220452, 24.85340566964549680, 2.000000000000000000 ) ) ;
#1425 = CARTESIAN_POINT ( 'NONE',  ( 4.189195047382283654, -24.56227459198278140, -2.099999999999998757 ) ) ;
#1426 = CARTESIAN_POINT ( 'NONE',  ( 18.19936168673939392, 18.00918889841835480, 2.000000000000000000 ) ) ;
#1427 = CARTESIAN_POINT ( 'NONE',  ( -23.50396181942852891, -2.270536500527282371E-15, 2.000000000000000000 ) ) ;
#1428 = AXIS2_PLACEMENT_3D ( 'NONE', #1487, #6620, #4137 ) ;
#1429 = CARTESIAN_POINT ( 'NONE',  ( 24.19711102278062143, -1.042982032116798852, -2.099999999999998757 ) ) ;
#1430 = CARTESIAN_POINT ( 'NONE',  ( 10.38530154243853154, 23.40284517865930169, 2.000000000000000000 ) ) ;
#1431 = ORIENTED_EDGE ( 'NONE', *, *, #2056, .T. ) ;
#1432 = CARTESIAN_POINT ( 'NONE',  ( -12.94401591853665145, -20.68877481383770700, -2.099999999999998757 ) ) ;
#1433 = VECTOR ( 'NONE', #5023, 1000.000000000000000 ) ;
#1434 = CARTESIAN_POINT ( 'NONE',  ( -9.555618961847061499, -22.25484530667600680, 2.000000000000000000 ) ) ;
#1435 = CARTESIAN_POINT ( 'NONE',  ( 27.87379644711753102, 2.655456283891157288, 2.000000000000000000 ) ) ;
#1436 = PLANE ( 'NONE',  #2363 ) ;
#1437 = CARTESIAN_POINT ( 'NONE',  ( -17.29220078062826005, 16.53076698689342194, -2.099999999999998757 ) ) ;
#1438 = CARTESIAN_POINT ( 'NONE',  ( 22.73828148979404062, -10.53816474365923028, -2.099999999999998757 ) ) ;
#1439 = ADVANCED_FACE ( 'NONE', ( #5355 ), #873, .T. ) ;
#1440 = CARTESIAN_POINT ( 'NONE',  ( 19.87933552333218046, -15.81900378855655909, -2.099999999999998757 ) ) ;
#1441 = CARTESIAN_POINT ( 'NONE',  ( -5.008822010445487471, -26.08776424953686401, -2.099999999999998757 ) ) ;
#1442 = VERTEX_POINT ( 'NONE', #6310 ) ;
#1443 = CARTESIAN_POINT ( 'NONE',  ( -12.36707959479895003, 25.12081492113580339, -2.099999999999998757 ) ) ;
#1444 = CARTESIAN_POINT ( 'NONE',  ( -22.96554745452510815, 14.45965356729541540, 2.000000000000000000 ) ) ;
#1445 = DIRECTION ( 'NONE',  ( -0.000000000000000000, 0.000000000000000000, -1.000000000000000000 ) ) ;
#1446 = CARTESIAN_POINT ( 'NONE',  ( 1.810672407536199291, -24.85107952805194387, 2.000000000000000000 ) ) ;
#1447 = CARTESIAN_POINT ( 'NONE',  ( -5.008822010445505235, 26.08776424953685336, 2.000000000000000000 ) ) ;
#1449 = CARTESIAN_POINT ( 'NONE',  ( -17.82169923038156512, 21.35645679512519735, 2.000000000000000000 ) ) ;
#1448 = CARTESIAN_POINT ( 'NONE',  ( 12.84317218923419723, -20.29695877980780949, 2.000000000000000000 ) ) ;
#1450 = CARTESIAN_POINT ( 'NONE',  ( 24.19711102278062143, 1.042982032116798852, 2.000000000000000000 ) ) ;
#1451 = CARTESIAN_POINT ( 'NONE',  ( 25.62785817443977265, -4.678588802317970696, -2.099999999999998757 ) ) ;
#1452 = MECHANICAL_DESIGN_GEOMETRIC_PRESENTATION_REPRESENTATION (  '', ( #4396 ), #1045 ) ;
#1453 = LINE ( 'NONE', #7135, #904 ) ;
#1454 = CARTESIAN_POINT ( 'NONE',  ( 14.60388312963063129, 19.32135064906643507, 2.000000000000000000 ) ) ;
#1455 = CARTESIAN_POINT ( 'NONE',  ( 21.34551800689746770, 16.27777197600732251, -2.099999999999999645 ) ) ;
#1456 = DIRECTION ( 'NONE',  ( 0.000000000000000000, 0.000000000000000000, -1.000000000000000000 ) ) ;
#1457 = AXIS2_PLACEMENT_3D ( 'NONE', #3353, #2890, #285 ) ;
#1458 = ORIENTED_EDGE ( 'NONE', *, *, #6241, .F. ) ;
#1459 = CARTESIAN_POINT ( 'NONE',  ( 22.73828148979404062, -10.53816474365923028, -2.099999999999999645 ) ) ;
#1460 = CARTESIAN_POINT ( 'NONE',  ( -21.23055223844789907, -12.41767842381811171, -2.099999999999998757 ) ) ;
#1461 = CARTESIAN_POINT ( 'NONE',  ( -7.745447077757183330, 24.40400991946479081, -2.099999999999998757 ) ) ;
#1462 = CARTESIAN_POINT ( 'NONE',  ( -13.50602898338109270, 19.22398027845277113, 2.000000000000000000 ) ) ;
#1463 = CARTESIAN_POINT ( 'NONE',  ( 23.63710370791871185, 4.790810183414345502, -2.099999999999999645 ) ) ;
#1464 = CARTESIAN_POINT ( 'NONE',  ( 18.01951879739603513, -21.43121365581738758, 2.000000000000000000 ) ) ;
#1465 = CARTESIAN_POINT ( 'NONE',  ( -25.91507308940477827, -10.60230933437667034, 2.000000000000000000 ) ) ;
#1466 = VERTEX_POINT ( 'NONE', #4529 ) ;
#1467 = CARTESIAN_POINT ( 'NONE',  ( 1.762385718735297591, -25.16282512725968701, 2.000000000000000000 ) ) ;
#1468 = CARTESIAN_POINT ( 'NONE',  ( 0.000000000000000000, 0.000000000000000000, -2.099999999999998757 ) ) ;
#1469 = CARTESIAN_POINT ( 'NONE',  ( 2.035327432088052557, -23.74029248485179266, -2.099999999999998757 ) ) ;
#1470 = CARTESIAN_POINT ( 'NONE',  ( 18.73200657000871416, 19.22781655172589055, 2.000000000000000000 ) ) ;
#1471 = CARTESIAN_POINT ( 'NONE',  ( -27.42711520703382178, -2.355539810268463707, -2.099999999999998757 ) ) ;
#1472 = CARTESIAN_POINT ( 'NONE',  ( -1.749999999999993117, -21.00000000000000000, -3.599999999999998757 ) ) ;
#1473 = CARTESIAN_POINT ( 'NONE',  ( -13.96529143882090551, -19.07901412642182493, 2.000000000000000000 ) ) ;
#1474 = ORIENTED_EDGE ( 'NONE', *, *, #6447, .F. ) ;
#1475 = FACE_OUTER_BOUND ( 'NONE', #3269, .T. ) ;
#1476 = CARTESIAN_POINT ( 'NONE',  ( -27.19385050686426197, 4.276646238565365188, -2.099999999999998757 ) ) ;
#1477 = CARTESIAN_POINT ( 'NONE',  ( -22.85726476338738067, 5.433202019314275155, 2.000000000000000000 ) ) ;
#1478 = CARTESIAN_POINT ( 'NONE',  ( 21.58955567576248669, -12.72687891813089145, 2.000000000000000000 ) ) ;
#1479 = CARTESIAN_POINT ( 'NONE',  ( -17.28752988749540975, 16.01445386190350817, -2.099999999999998757 ) ) ;
#1480 = CARTESIAN_POINT ( 'NONE',  ( 13.09924240491749714, 14.84924240491749714, 2.100000000000001865 ) ) ;
#1481 = B_SPLINE_SURFACE_WITH_KNOTS ( 'NONE', 3, 1, ( 
 ( #6329, #4989 ),
 ( #4511, #1272 ),
 ( #6913, #3209 ),
 ( #1952, #598 ),
 ( #7678, #559 ),
 ( #5783, #3163 ),
 ( #2580, #6457 ),
 ( #5108, #5740 ),
 ( #8300, #7039 ),
 ( #8219, #5026 ),
 ( #3719, #5151 ),
 ( #1153, #3043 ),
 ( #6953, #3841 ),
 ( #7721, #5327 ),
 ( #5197, #7133 ),
 ( #1362, #2625 ),
 ( #4171, #5284 ),
 ( #1450, #5481 ),
 ( #2908, #2669 ),
 ( #3538, #7216 ),
 ( #4806, #7848 ),
 ( #4556, #6542 ),
 ( #726, #5869 ),
 ( #6105, #3340 ),
 ( #973, #1404 ),
 ( #2084, #2753 ),
 ( #6500, #2712 ),
 ( #8044, #3294 ),
 ( #1998, #96 ),
 ( #3251, #338 ),
 ( #2285, #140 ),
 ( #686, #6738 ),
 ( #4208, #4016 ),
 ( #6585, #4847 ),
 ( #5824, #7413 ),
 ( #7372, #1603 ),
 ( #1642, #3926 ),
 ( #5241, #54 ),
 ( #773, #7766 ),
 ( #4644, #818 ),
 ( #7809, #2042 ),
 ( #3381, #5955 ),
 ( #183, #3969 ),
 ( #8004, #2240 ),
 ( #4598, #7172 ),
 ( #5913, #8120 ),
 ( #6274, #8202 ),
 ( #4887, #3065 ),
 ( #460, #5644 ),
 ( #7450, #6191 ),
 ( #500, #1135 ),
 ( #2442, #380 ),
 ( #6776, #422 ),
 ( #3699, #1010 ),
 ( #3026, #4249 ) ),
 .UNSPECIFIED., .F., .F., .F.,
 ( 4, 1, 1, 1, 1, 1, 1, 1, 1, 1, 1, 1, 1, 1, 1, 1, 1, 1, 1, 1, 1, 1, 1, 1, 1, 1, 1, 1, 1, 1, 1, 1, 1, 1, 1, 1, 1, 1, 1, 1, 1, 1, 1, 1, 1, 1, 1, 1, 1, 1, 1, 1, 4 ),
 ( 2, 2 ),
 ( 0.01037066610069722547, 0.06767854499841075011, 0.09884629602760430789, 0.1282330327458526265, 0.1558387551553858108, 0.1816634632588949305, 0.2057071570596704646, 0.2279698365617907063, 0.2484515017704002071, 0.2671521526921107892, 0.2840717893356240475, 0.2992104117127127871, 0.3125680198398574916, 0.3241446137411457817, 0.3339401934538051009, 0.3662021699428081867, 0.3760430630535980256, 0.3856763336118157470, 0.3952492422856400678, 0.4049624801021076692, 0.4150869914083017420, 0.4259748013331248195, 0.4380386266454291411, 0.4516469595390834035, 0.4668849008038628012, 0.4803437228220500677, 0.5000000000000002220, 0.5196562771779504875, 0.5331150991961376429, 0.5483530404609170406, 0.5619613733545713030, 0.5740251986668756246, 0.5849130085916987021, 0.5950375198978927749, 0.6047507577143603763, 0.6143236663881848081, 0.6239569369464024184, 0.6337978300571922574, 0.6660598065461953432, 0.6758553862588546624, 0.6874319801601429525, 0.7007895882872876570, 0.7159282106643762855, 0.7328478473078895439, 0.7515484982296001260, 0.7720301634382096267, 0.7942928429403297574, 0.8183365367411052915, 0.8441612448446143002, 0.8717669672541474846, 0.9011537039723958031, 0.9323214550015893609, 0.9955048858948349899 ),
 ( 0.000000000000000000, 1.000000000000000000 ),
 .UNSPECIFIED. ) ;
#1482 = CARTESIAN_POINT ( 'NONE',  ( 17.71416793792180400, -15.43316205167865895, 2.000000000000000000 ) ) ;
#1483 = CARTESIAN_POINT ( 'NONE',  ( 18.83778878485557229, 19.53549755878801619, -2.099999999999999645 ) ) ;
#1484 = ORIENTED_EDGE ( 'NONE', *, *, #3010, .T. ) ;
#1485 = DIRECTION ( 'NONE',  ( 0.000000000000000000, 0.000000000000000000, -1.000000000000000000 ) ) ;
#1486 = CARTESIAN_POINT ( 'NONE',  ( -22.12901452267052704, 13.30176109182831112, -2.099999999999999645 ) ) ;
#1487 = CARTESIAN_POINT ( 'NONE',  ( -17.59000231784553847, -15.58338223461977279, 2.000000000000000000 ) ) ;
#1488 = CARTESIAN_POINT ( 'NONE',  ( 0.7237198720500166438, -27.99064497287968223, 2.000000000000000000 ) ) ;
#1489 = CARTESIAN_POINT ( 'NONE',  ( -4.189195047382292536, 24.56227459198278140, 2.000000000000000000 ) ) ;
#1491 = CARTESIAN_POINT ( 'NONE',  ( -14.75432918952970596, 19.43920578531971799, -2.099999999999998757 ) ) ;
#1490 = CARTESIAN_POINT ( 'NONE',  ( 12.94401591853666211, -20.68877481383771411, 2.000000000000000000 ) ) ;
#1492 = CARTESIAN_POINT ( 'NONE',  ( 27.19385066032131348, -4.276646190861202790, -2.099999999999998757 ) ) ;
#1493 = CARTESIAN_POINT ( 'NONE',  ( 17.37016481680592506, -16.73146461459391787, 2.000000000000000000 ) ) ;
#1494 = CARTESIAN_POINT ( 'NONE',  ( 15.02890815691218229, 19.71604682249878238, -2.099999999999998757 ) ) ;
#1495 = CARTESIAN_POINT ( 'NONE',  ( 22.45771235314886383, 16.47698168227518067, -2.099999999999999645 ) ) ;
#1496 = CARTESIAN_POINT ( 'NONE',  ( 17.91646094264595845, -17.52377780514962424, -2.099999999999998757 ) ) ;
#1497 = EDGE_LOOP ( 'NONE', ( #1605, #1079 ) ) ;
#1498 = CARTESIAN_POINT ( 'NONE',  ( 20.71178771499497984, -11.09036006156942733, 2.000000000000000000 ) ) ;
#1499 = CARTESIAN_POINT ( 'NONE',  ( -4.482856113983144652, 25.20816636816325484, -2.099999999999998757 ) ) ;
#1500 = CARTESIAN_POINT ( 'NONE',  ( 12.88716835993242960, -20.50631329690557436, -2.099999999999998757 ) ) ;
#1501 = CARTESIAN_POINT ( 'NONE',  ( -16.55868018414818010, 20.77185239767592151, 2.000000000000000000 ) ) ;
#1502 = CARTESIAN_POINT ( 'NONE',  ( 24.45163473737931881, 4.792937194118093380, 2.000000000000000000 ) ) ;
#1503 = CARTESIAN_POINT ( 'NONE',  ( -22.62472994129923620, 16.49610848301131227, -2.099999999999998757 ) ) ;
#1504 = CARTESIAN_POINT ( 'NONE',  ( 2.105634209995030925, 23.64010634127341959, -2.099999999999998757 ) ) ;
#1505 = LINE ( 'NONE', #1465, #644 ) ;
#1506 = ORIENTED_EDGE ( 'NONE', *, *, #5632, .T. ) ;
#1507 = CARTESIAN_POINT ( 'NONE',  ( 1.846803834033468039, -24.33438445894235613, -2.099999999999998757 ) ) ;
#1508 = CARTESIAN_POINT ( 'NONE',  ( 2.035327432088031241, 23.74029248485179622, 2.000000000000000000 ) ) ;
#1509 = CARTESIAN_POINT ( 'NONE',  ( 5.376315588043452109, -26.60062371204863396, -2.099999999999998757 ) ) ;
#1510 = CARTESIAN_POINT ( 'NONE',  ( 17.29220078062824939, 16.53076698689343615, 2.000000000000000000 ) ) ;
#1511 = CARTESIAN_POINT ( 'NONE',  ( -23.72154950710865506, 0.7592181733933760501, -2.099999999999998757 ) ) ;
#1512 = CARTESIAN_POINT ( 'NONE',  ( 27.05471844848150909, -2.130765319231056942, -2.099999999999998757 ) ) ;
#1513 = CARTESIAN_POINT ( 'NONE',  ( -13.02793750094271985, -20.86163776548603721, 2.000000000000000000 ) ) ;
#1514 = ADVANCED_FACE ( 'NONE', ( #1803 ), #7567, .T. ) ;
#1515 = ORIENTED_EDGE ( 'NONE', *, *, #1074, .T. ) ;
#1516 = DIRECTION ( 'NONE',  ( -0.000000000000000000, -0.000000000000000000, -1.000000000000000000 ) ) ;
#1517 = CARTESIAN_POINT ( 'NONE',  ( -8.843531895616186134, -21.84292484346596197, 2.000000000000000000 ) ) ;
#1518 = CARTESIAN_POINT ( 'NONE',  ( -22.82097940566847782, 5.624866236205926739, 2.000000000000000000 ) ) ;
#1519 = CARTESIAN_POINT ( 'NONE',  ( -23.44696895445782658, -15.30488886923696512, 2.000000000000000000 ) ) ;
#1520 = CARTESIAN_POINT ( 'NONE',  ( -17.25237999601838013, 16.29857992973628811, -2.099999999999998757 ) ) ;
#1521 = CARTESIAN_POINT ( 'NONE',  ( 20.99240193721332304, -10.59640443373927354, -2.099999999999998757 ) ) ;
#1522 = CARTESIAN_POINT ( 'NONE',  ( 17.51903422860499759, -16.98989084997259624, 2.000000000000000000 ) ) ;
#1523 = CARTESIAN_POINT ( 'NONE',  ( -22.96554745452509394, -14.45965356729541362, -2.099999999999998757 ) ) ;
#1524 = ADVANCED_FACE ( 'NONE', ( #2597 ), #2755, .T. ) ;
#1525 = EDGE_LOOP ( 'NONE', ( #3662, #6638, #6820, #6054 ) ) ;
#1526 = CARTESIAN_POINT ( 'NONE',  ( 17.42017265760603451, 16.82633584436269913, -2.099999999999998757 ) ) ;
#1527 = CARTESIAN_POINT ( 'NONE',  ( -8.686322604036277539, -21.85205998608588374, -2.099999999999998757 ) ) ;
#1528 = PLANE ( 'NONE',  #6130 ) ;
#1529 = DIRECTION ( 'NONE',  ( -1.000000000000000000, 0.000000000000000000, 0.000000000000000000 ) ) ;
#1530 = CARTESIAN_POINT ( 'NONE',  ( 14.60388312963064017, -19.32135064906642796, 2.000000000000000000 ) ) ;
#1531 = CARTESIAN_POINT ( 'NONE',  ( 22.91929613358907503, -6.515359526762108722, -2.099999999999998757 ) ) ;
#1532 = CARTESIAN_POINT ( 'NONE',  ( 15.02890815691218229, 19.71604682249878238, 2.000000000000000000 ) ) ;
#1533 = AXIS2_PLACEMENT_3D ( 'NONE', #2731, #7827, #6642 ) ;
#1534 = CARTESIAN_POINT ( 'NONE',  ( 15.51594276222061097, 20.11676867469219943, 2.000000000000000000 ) ) ;
#1535 = CARTESIAN_POINT ( 'NONE',  ( 20.07157227525352994, 15.89590000543998194, -2.099999999999999645 ) ) ;
#1536 = CARTESIAN_POINT ( 'NONE',  ( 18.80342269287540446, -15.26496932198516987, -2.099999999999998757 ) ) ;
#1537 = ORIENTED_EDGE ( 'NONE', *, *, #7860, .T. ) ;
#1538 = CARTESIAN_POINT ( 'NONE',  ( 24.62078186107714117, -10.69645268464870824, -2.099999999999999645 ) ) ;
#1539 = CARTESIAN_POINT ( 'NONE',  ( -22.59408972245015335, -10.50532236015857990, 2.000000000000000000 ) ) ;
#1540 = CARTESIAN_POINT ( 'NONE',  ( 13.50856635788135840, -22.56556696682679686, -2.099999999999998757 ) ) ;
#1541 = CARTESIAN_POINT ( 'NONE',  ( -15.23641901094385886, 19.89808777236047632, 2.000000000000000000 ) ) ;
#1542 = CARTESIAN_POINT ( 'NONE',  ( -17.84651532293613840, -15.31230279367191649, -2.099999999999998757 ) ) ;
#1543 = DIRECTION ( 'NONE',  ( 0.000000000000000000, 0.000000000000000000, -1.000000000000000000 ) ) ;
#1544 = CARTESIAN_POINT ( 'NONE',  ( 4.144933467011459705, 24.44197433207706638, 2.000000000000000000 ) ) ;
#1545 = CARTESIAN_POINT ( 'NONE',  ( 0.000000000000000000, 0.000000000000000000, -2.099999999999998757 ) ) ;
#1546 = ORIENTED_EDGE ( 'NONE', *, *, #1260, .F. ) ;
#1547 = CARTESIAN_POINT ( 'NONE',  ( 1.790249464186372208, -24.99754724227145530, 2.000000000000000000 ) ) ;
#1548 = CARTESIAN_POINT ( 'NONE',  ( 1.762385718735274720, 25.16282512725969056, 2.000000000000000000 ) ) ;
#1549 = CARTESIAN_POINT ( 'NONE',  ( 0.9676081431083313200, -27.51106960583349093, -2.099999999999998757 ) ) ;
#1550 = CARTESIAN_POINT ( 'NONE',  ( 24.32345666766048353, -4.791663430616639907, -2.099999999999998757 ) ) ;
#1551 = CARTESIAN_POINT ( 'NONE',  ( -25.77590585922884614, -1.494258687380737527, 2.000000000000000000 ) ) ;
#1552 = VECTOR ( 'NONE', #6155, 1000.000000000000000 ) ;
#1553 = CARTESIAN_POINT ( 'NONE',  ( 24.09676835437406694, 1.005131229266920556, -2.099999999999998757 ) ) ;
#1554 = CARTESIAN_POINT ( 'NONE',  ( -13.81390900009209233, -19.09181343516791074, 2.000000000000000000 ) ) ;
#1555 = ORIENTED_EDGE ( 'NONE', *, *, #1376, .F. ) ;
#1556 = CARTESIAN_POINT ( 'NONE',  ( -13.64872344037206808, -24.44815634047356667, -2.099999999999998757 ) ) ;
#1557 = CYLINDRICAL_SURFACE ( 'NONE', #4826, 1.750000000000001332 ) ;
#1558 = CARTESIAN_POINT ( 'NONE',  ( -23.00007343659231651, 5.130111501463086476, 2.000000000000000000 ) ) ;
#1559 = CARTESIAN_POINT ( 'NONE',  ( 22.96554745452510815, -14.45965356729541718, 2.000000000000000000 ) ) ;
#1560 = CIRCLE ( 'NONE', #5592, 27.99999957948218920 ) ;
#1561 = CARTESIAN_POINT ( 'NONE',  ( -18.09985454995501897, 17.82762258356554241, -2.099999999999998757 ) ) ;
#1562 = CARTESIAN_POINT ( 'NONE',  ( 21.10401706161572122, -10.48531763796957073, -2.099999999999998757 ) ) ;
#1563 = VECTOR ( 'NONE', #5772, 1000.000000000000000 ) ;
#1564 = CARTESIAN_POINT ( 'NONE',  ( -20.81172461973597265, -10.92283569232045437, -2.099999999999998757 ) ) ;
#1565 = VERTEX_POINT ( 'NONE', #4833 ) ;
#1566 = CARTESIAN_POINT ( 'NONE',  ( 17.91646094264594780, 17.52377780514963490, -2.099999999999998757 ) ) ;
#1567 = CARTESIAN_POINT ( 'NONE',  ( -22.12901452267052704, 13.30176109182831112, -2.099999999999998757 ) ) ;
#1568 = CARTESIAN_POINT ( 'NONE',  ( 14.84924240491750602, -14.84924240491749714, -3.599999999999998757 ) ) ;
#1569 = CARTESIAN_POINT ( 'NONE',  ( -21.48061666422702487, -12.62686802027752542, 2.000000000000000000 ) ) ;
#1570 = CARTESIAN_POINT ( 'NONE',  ( 13.46232027610274784, -22.30341320457493381, 2.000000000000000000 ) ) ;
#1571 = CARTESIAN_POINT ( 'NONE',  ( 22.76403769146249090, -5.811439118492621958, -2.099999999999998757 ) ) ;
#1572 = EDGE_CURVE ( 'NONE', #7406, #692, #959, .T. ) ;
#1573 = CARTESIAN_POINT ( 'NONE',  ( 13.96529143882090196, 19.07901412642182848, 2.000000000000000000 ) ) ;
#1574 = B_SPLINE_CURVE_WITH_KNOTS ( 'NONE', 3,
 ( #824, #3387, #908, #2759, #2841, #4650, #7222, #2090, #5376, #5959, #5333, #2131, #1496, #2048, #4603, #4146, #2717, #3976, #274, #3471, #7302, #2213, #7263, #5877, #145, #1410, #3345, #7937, #100, #5414, #2676, #5920, #2173, #7978, #5289, #5247, #6547, #1536, #4777, #6204, #4337, #3038, #2920, #947, #3673, #7462, #7507, #5495, #5614, #1107, #1741, #6243, #4820, #6832, #1067 ),
 .UNSPECIFIED., .F., .F.,
 ( 4, 1, 1, 1, 1, 1, 1, 1, 1, 1, 1, 1, 1, 1, 1, 1, 1, 1, 1, 1, 1, 1, 1, 1, 1, 1, 1, 1, 1, 1, 1, 1, 1, 1, 1, 1, 1, 1, 1, 1, 1, 1, 1, 1, 1, 1, 1, 1, 1, 1, 1, 1, 4 ),
 ( 0.01037066611188988685, 0.06767854499841063909, 0.09884629602760419687, 0.1282330327458525154, 0.1558387551553856998, 0.1816634632588946807, 0.2057071570596702148, 0.2279698365617903733, 0.2484515017703998740, 0.2671521526921104561, 0.2840717893356237145, 0.2992104117127123430, 0.3125680198398570475, 0.3241446137411453376, 0.3339401934538046568, 0.3662021699428077426, 0.3760430630535975816, 0.3856763336118151919, 0.3952492422856396237, 0.4049624801021072251, 0.4150869914083012979, 0.4259748013331243754, 0.4380386266454286970, 0.4516469595390829594, 0.4668849008038623571, 0.4803437228220495125, 0.4999999999999997780, 0.5196562771779499323, 0.5331150991961371988, 0.5483530404609165965, 0.5619613733545708589, 0.5740251986668751805, 0.5849130085916982580, 0.5950375198978923308, 0.6047507577143599322, 0.6143236663881842530, 0.6239569369464019744, 0.6337978300571918133, 0.6660598065461947881, 0.6758553862588542183, 0.6874319801601425084, 0.7007895882872872129, 0.7159282106643759525, 0.7328478473078892108, 0.7515484982295997929, 0.7720301634382092937, 0.7942928429403295354, 0.8183365367411050695, 0.8441612448446141892, 0.8717669672541473735, 0.9011537039723956921, 0.9323214550015892499, 0.9896293338881106960 ),
 .UNSPECIFIED. ) ;
#1575 = CARTESIAN_POINT ( 'NONE',  ( -3.025165651672256928, -23.29855380546641186, -2.099999999999998757 ) ) ;
#1576 = CARTESIAN_POINT ( 'NONE',  ( 8.993578510876927723, -21.86672564825610721, 2.000000000000000000 ) ) ;
#1577 = CARTESIAN_POINT ( 'NONE',  ( -26.42834261551471897, -9.248930024438980269, -2.099999999999998757 ) ) ;
#1578 = VERTEX_POINT ( 'NONE', #6176 ) ;
#1579 = CARTESIAN_POINT ( 'NONE',  ( 25.91507356787314009, -10.60230927570855108, -2.099999999999999645 ) ) ;
#1580 = CARTESIAN_POINT ( 'NONE',  ( -23.51784779677758763, -10.65556037457646354, 2.000000000000000000 ) ) ;
#1581 = LINE ( 'NONE', #8062, #5600 ) ;
#1582 = CARTESIAN_POINT ( 'NONE',  ( 7.733573568718056457, -24.87706067138158872, -2.099999999999998757 ) ) ;
#1583 = CARTESIAN_POINT ( 'NONE',  ( -17.83462167525289033, -17.40060223031303721, 2.000000000000000000 ) ) ;
#1584 = LINE ( 'NONE', #7310, #2670 ) ;
#1585 = AXIS2_PLACEMENT_3D ( 'NONE', #6347, #576, #3140 ) ;
#1586 = CARTESIAN_POINT ( 'NONE',  ( 4.244076555440654985, 24.69959869036685163, -2.099999999999998757 ) ) ;
#1587 = CARTESIAN_POINT ( 'NONE',  ( 1.810672407536176198, 24.85107952805194031, -2.099999999999998757 ) ) ;
#1588 = ORIENTED_EDGE ( 'NONE', *, *, #7062, .T. ) ;
#1589 = FACE_OUTER_BOUND ( 'NONE', #4624, .T. ) ;
#1590 = DIRECTION ( 'NONE',  ( -1.000000000000000000, 0.000000000000000000, 0.000000000000000000 ) ) ;
#1591 = CARTESIAN_POINT ( 'NONE',  ( 1.790249464186372208, -24.99754724227145530, -2.099999999999998757 ) ) ;
#1592 = CARTESIAN_POINT ( 'NONE',  ( 0.000000000000000000, 0.000000000000000000, -2.099999999999998757 ) ) ;
#1593 = CARTESIAN_POINT ( 'NONE',  ( -23.99982295939236820, 0.9602632500303778240, -2.099999999999998757 ) ) ;
#1594 = CARTESIAN_POINT ( 'NONE',  ( 26.50130185302209540, -1.827769560624223244, -2.099999999999998757 ) ) ;
#1595 = CARTESIAN_POINT ( 'NONE',  ( -15.36687483434010204, -20.00332296475709271, 2.000000000000000000 ) ) ;
#1596 = ORIENTED_EDGE ( 'NONE', *, *, #2479, .T. ) ;
#1597 = CARTESIAN_POINT ( 'NONE',  ( -7.612592773523887857, -22.78073832991432823, 2.000000000000000000 ) ) ;
#1598 = CARTESIAN_POINT ( 'NONE',  ( -25.88937528683162981, 4.628868634690426198, -2.100000000000000089 ) ) ;
#1599 = CARTESIAN_POINT ( 'NONE',  ( 23.72154950710865506, -0.7592181733933789367, 2.000000000000000000 ) ) ;
#1600 = CARTESIAN_POINT ( 'NONE',  ( 21.38382933992361501, -12.54282366362884105, 2.000000000000000000 ) ) ;
#1601 = CARTESIAN_POINT ( 'NONE',  ( -18.38167992440538256, 15.16106487615012099, -2.099999999999998757 ) ) ;
#1602 = CARTESIAN_POINT ( 'NONE',  ( 21.38382933992361501, -12.54282366362884105, -2.099999999999998757 ) ) ;
#1603 = CARTESIAN_POINT ( 'NONE',  ( 23.99982295939236820, -0.9602632500303808216, -2.099999999999998757 ) ) ;
#1604 = CARTESIAN_POINT ( 'NONE',  ( -20.71178771499497628, -11.09036006156943088, -2.099999999999998757 ) ) ;
#1605 = ORIENTED_EDGE ( 'NONE', *, *, #6342, .F. ) ;
#1606 = CARTESIAN_POINT ( 'NONE',  ( 0.000000000000000000, 0.000000000000000000, -2.099999999999998757 ) ) ;
#1607 = CARTESIAN_POINT ( 'NONE',  ( -7.452140315435451967, -26.79882114973045049, -2.099999999999998757 ) ) ;
#1608 = CARTESIAN_POINT ( 'NONE',  ( 1.750000000000000444, 21.00000000000000000, 2.100000000000001865 ) ) ;
#1609 = CARTESIAN_POINT ( 'NONE',  ( 0.000000000000000000, 0.000000000000000000, -2.099999999999998757 ) ) ;
#1610 = CARTESIAN_POINT ( 'NONE',  ( -17.82169923030497927, 21.35645679509421768, -2.099999999999998757 ) ) ;
#1611 = CARTESIAN_POINT ( 'NONE',  ( 24.31153459173804166, -7.374154019703432539, -2.099999999999998757 ) ) ;
#1612 = ADVANCED_FACE ( 'NONE', ( #1589 ), #8254, .T. ) ;
#1613 = CARTESIAN_POINT ( 'NONE',  ( 12.94401591853664968, 20.68877481383771055, 2.000000000000000000 ) ) ;
#1614 = CARTESIAN_POINT ( 'NONE',  ( 0.000000000000000000, 0.000000000000000000, 2.100000000000000089 ) ) ;
#1615 = CARTESIAN_POINT ( 'NONE',  ( 19.31055424225241168, 15.54648119520597227, -2.099999999999999645 ) ) ;
#1616 = CARTESIAN_POINT ( 'NONE',  ( -24.62078186107714117, 10.69645268464870647, -2.099999999999999645 ) ) ;
#1617 = ORIENTED_EDGE ( 'NONE', *, *, #783, .T. ) ;
#1618 = CARTESIAN_POINT ( 'NONE',  ( 23.47699277379169303, -15.36259000563083355, 2.000000000000000000 ) ) ;
#1619 = CARTESIAN_POINT ( 'NONE',  ( -24.94597949059292574, -10.68625558496336936, 2.000000000000000000 ) ) ;
#1620 = DIRECTION ( 'NONE',  ( -0.000000000000000000, -0.000000000000000000, 1.000000000000000000 ) ) ;
#1621 = CARTESIAN_POINT ( 'NONE',  ( -12.94401591853666211, 20.68877481383771411, 2.000000000000000000 ) ) ;
#1622 = CARTESIAN_POINT ( 'NONE',  ( -17.32735312033765496, -16.63359376186219762, -2.099999999999998757 ) ) ;
#1623 = CARTESIAN_POINT ( 'NONE',  ( -23.81253063529220171, -0.8410884408854227834, 2.000000000000000000 ) ) ;
#1624 = CARTESIAN_POINT ( 'NONE',  ( 1.810672407536176198, 24.85107952805194031, 2.000000000000000000 ) ) ;
#1625 = CARTESIAN_POINT ( 'NONE',  ( -18.25928954266905180, 15.16201400375273067, 2.000000000000000000 ) ) ;
#1626 = ORIENTED_EDGE ( 'NONE', *, *, #8136, .T. ) ;
#1627 = DIRECTION ( 'NONE',  ( -0.000000000000000000, -0.000000000000000000, -1.000000000000000000 ) ) ;
#1628 = CARTESIAN_POINT ( 'NONE',  ( -5.995910227730327335, 27.35048556327749125, -2.099999999999998757 ) ) ;
#1629 = CARTESIAN_POINT ( 'NONE',  ( -17.29220078062825650, -16.53076698689343615, 2.000000000000000000 ) ) ;
#1630 = CARTESIAN_POINT ( 'NONE',  ( 23.44696895445778395, 15.30488886923690650, 2.000000000000000000 ) ) ;
#1631 = CARTESIAN_POINT ( 'NONE',  ( 7.523321106999709684, 26.48008413692519980, -2.099999999999997868 ) ) ;
#1632 = EDGE_CURVE ( 'NONE', #2076, #7055, #8139, .T. ) ;
#1633 = DIRECTION ( 'NONE',  ( 1.000000000000000000, 1.224646799147353207E-16, 0.000000000000000000 ) ) ;
#1634 = CARTESIAN_POINT ( 'NONE',  ( -14.21926140100350189, -19.11953582679382890, 2.000000000000000000 ) ) ;
#1635 = ORIENTED_EDGE ( 'NONE', *, *, #1770, .T. ) ;
#1636 = CARTESIAN_POINT ( 'NONE',  ( -8.686322604036277539, -21.85205998608588374, -2.099999999999998757 ) ) ;
#1637 = CARTESIAN_POINT ( 'NONE',  ( -25.38450439115045754, 4.717739787684777752, -2.100000000000000089 ) ) ;
#1638 = CARTESIAN_POINT ( 'NONE',  ( -25.36983614870255366, 1.341743455198745716, -2.099999999999998757 ) ) ;
#1639 = CARTESIAN_POINT ( 'NONE',  ( -7.612592773523898515, 22.78073832991432468, 2.000000000000000000 ) ) ;
#1640 = CARTESIAN_POINT ( 'NONE',  ( -22.79134869580807887, -6.292262679950373361, -2.099999999999999645 ) ) ;
#1641 = CARTESIAN_POINT ( 'NONE',  ( 8.843531895616193239, -21.84292484346595842, -2.099999999999999645 ) ) ;
#1642 = CARTESIAN_POINT ( 'NONE',  ( 24.09676835437406339, -1.005131229266920112, 2.000000000000000000 ) ) ;
#1643 = ADVANCED_FACE ( 'NONE', ( #6135 ), #445, .F. ) ;
#1644 = CARTESIAN_POINT ( 'NONE',  ( -21.07590994840523280, -12.30361618564757720, -2.099999999999998757 ) ) ;
#1645 = EDGE_LOOP ( 'NONE', ( #3373, #625, #4221, #3996 ) ) ;
#1646 = CARTESIAN_POINT ( 'NONE',  ( -9.484645845787898821, 22.17444536155052148, -2.099999999999998757 ) ) ;
#1647 = CARTESIAN_POINT ( 'NONE',  ( -21.58843454132472317, 10.30659784155100489, -2.099999999999998757 ) ) ;
#1648 = CARTESIAN_POINT ( 'NONE',  ( 14.84924240491750602, -14.84924240491749714, -3.599999999999998757 ) ) ;
#1649 = CARTESIAN_POINT ( 'NONE',  ( 27.69932731590314745, 4.092342391157151482, -2.099999999999998757 ) ) ;
#1650 = CARTESIAN_POINT ( 'NONE',  ( -26.42834229636219945, 9.248929663334859441, 2.000000000000000000 ) ) ;
#1651 = CARTESIAN_POINT ( 'NONE',  ( 24.31153459173804166, -7.374154019703432539, 2.000000000000000000 ) ) ;
#1652 = EDGE_CURVE ( 'NONE', #4090, #3918, #1279, .T. ) ;
#1653 = EDGE_CURVE ( 'NONE', #7055, #5878, #1560, .T. ) ;
#1654 = CARTESIAN_POINT ( 'NONE',  ( 15.51594276222061097, 20.11676867469219943, 2.000000000000000000 ) ) ;
#1655 = CARTESIAN_POINT ( 'NONE',  ( -1.145856306001357350, -27.11429446801520271, -2.099999999999998757 ) ) ;
#1656 = CARTESIAN_POINT ( 'NONE',  ( -2.035327432088044119, -23.74029248485179266, 2.000000000000000000 ) ) ;
#1657 = CARTESIAN_POINT ( 'NONE',  ( -25.38017835885622020, 10.66028906035441004, 2.000000000000000000 ) ) ;
#1658 = ORIENTED_EDGE ( 'NONE', *, *, #7966, .F. ) ;
#1659 = CARTESIAN_POINT ( 'NONE',  ( 21.98040231662191957, -13.13048226772782279, -2.099999999999999645 ) ) ;
#1660 = CARTESIAN_POINT ( 'NONE',  ( -22.46994110604166650, -10.47341059000766883, -2.099999999999998757 ) ) ;
#1661 = CARTESIAN_POINT ( 'NONE',  ( -10.89735721165043536, 23.93603524774559332, -2.099999999999998757 ) ) ;
#1662 = CARTESIAN_POINT ( 'NONE',  ( -13.25426296490209843, 21.46155364981478542, 2.000000000000000000 ) ) ;
#1663 = CARTESIAN_POINT ( 'NONE',  ( -18.73200657000872127, -19.22781655172589055, -2.099999999999998757 ) ) ;
#1664 = FACE_BOUND ( 'NONE', #2652, .T. ) ;
#1665 = CARTESIAN_POINT ( 'NONE',  ( 3.359200862297568868, 23.32460485566309671, 2.000000000000000000 ) ) ;
#1666 = CARTESIAN_POINT ( 'NONE',  ( -18.80342269287540446, 15.26496932198516632, 2.000000000000000000 ) ) ;
#1667 = ORIENTED_EDGE ( 'NONE', *, *, #3760, .T. ) ;
#1668 = CARTESIAN_POINT ( 'NONE',  ( 1.474499619732455580, -26.25856105065617641, -2.099999999999998757 ) ) ;
#1669 = CARTESIAN_POINT ( 'NONE',  ( -5.008822010445505235, 26.08776424953685336, -2.099999999999998757 ) ) ;
#1670 = CARTESIAN_POINT ( 'NONE',  ( -18.70321540207055477, -15.22676155773648610, 2.000000000000000000 ) ) ;
#1671 = CARTESIAN_POINT ( 'NONE',  ( 18.97770164392053971, 15.34339570340775971, 2.000000000000000000 ) ) ;
#1672 = CARTESIAN_POINT ( 'NONE',  ( -24.88813961944797271, 1.197996060026730092, -2.099999999999998757 ) ) ;
#1673 = LINE ( 'NONE', #8112, #5860 ) ;
#1674 = DIRECTION ( 'NONE',  ( -0.000000000000000000, -0.000000000000000000, 1.000000000000000000 ) ) ;
#1675 = CARTESIAN_POINT ( 'NONE',  ( -22.99371384847795596, -6.601180838822660490, 2.000000000000000000 ) ) ;
#1676 = ORIENTED_EDGE ( 'NONE', *, *, #5477, .T. ) ;
#1677 = CARTESIAN_POINT ( 'NONE',  ( -7.605017794998031100, -22.88729425358476988, -2.099999999999998757 ) ) ;
#1678 = CARTESIAN_POINT ( 'NONE',  ( -24.09676835437406339, 1.005131229266917225, -2.099999999999998757 ) ) ;
#1679 = CARTESIAN_POINT ( 'NONE',  ( -7.715738321650229103, 25.14266413352902418, 2.000000000000000000 ) ) ;
#1680 = CARTESIAN_POINT ( 'NONE',  ( -22.91828645517601615, -5.264681564480675036, -2.099999999999999645 ) ) ;
#1681 = CARTESIAN_POINT ( 'NONE',  ( 10.38530154243853865, -23.40284517865930169, -2.099999999999999645 ) ) ;
#1682 = CARTESIAN_POINT ( 'NONE',  ( 1.270707428516364201, 26.81384534371724371, 2.000000000000000000 ) ) ;
#1683 = VECTOR ( 'NONE', #2336, 1000.000000000000000 ) ;
#1684 = AXIS2_PLACEMENT_3D ( 'NONE', #4414, #7707, #3787 ) ;
#1685 = EDGE_LOOP ( 'NONE', ( #937, #3645, #7178, #8242 ) ) ;
#1686 = CARTESIAN_POINT ( 'NONE',  ( -7.629252907546909768, 22.67335363560523476, 2.000000000000000000 ) ) ;
#1687 = ADVANCED_FACE ( 'NONE', ( #8069 ), #6217, .F. ) ;
#1688 = CARTESIAN_POINT ( 'NONE',  ( -21.69704443755539813, 10.30300297322494707, -2.099999999999998757 ) ) ;
#1689 = DIRECTION ( 'NONE',  ( -1.000000000000000000, 0.000000000000000000, 0.000000000000000000 ) ) ;
#1690 = CARTESIAN_POINT ( 'NONE',  ( 0.000000000000000000, 0.000000000000000000, 2.000000000000000000 ) ) ;
#1691 = CARTESIAN_POINT ( 'NONE',  ( -19.24999999999999289, -3.688814631097028664E-15, -3.599999999999998757 ) ) ;
#1692 = CARTESIAN_POINT ( 'NONE',  ( 23.00007343659231651, -5.130111501463095358, -2.099999999999998757 ) ) ;
#1693 = AXIS2_PLACEMENT_3D ( 'NONE', #6550, #1962, #4066 ) ;
#1694 = CARTESIAN_POINT ( 'NONE',  ( -1.145856306001357350, -27.11429446801520271, 2.000000000000000000 ) ) ;
#1695 = CARTESIAN_POINT ( 'NONE',  ( 7.733032203436366103, 24.00987265162540751, 2.000000000000000000 ) ) ;
#1696 = CARTESIAN_POINT ( 'NONE',  ( 7.612592773523897627, -22.78073832991432823, 2.000000000000000000 ) ) ;
#1697 = DIRECTION ( 'NONE',  ( 0.000000000000000000, 0.000000000000000000, -1.000000000000000000 ) ) ;
#1698 = ORIENTED_EDGE ( 'NONE', *, *, #8233, .F. ) ;
#1701 = AXIS2_PLACEMENT_3D ( 'NONE', #3188, #5764, #5132 ) ;
#1700 = CARTESIAN_POINT ( 'NONE',  ( 13.25426296490209843, -21.46155364981478542, -2.099999999999998757 ) ) ;
#1699 = CARTESIAN_POINT ( 'NONE',  ( 24.95373504430678580, -4.768644361883064065, 2.000000000000000000 ) ) ;
#1702 = CARTESIAN_POINT ( 'NONE',  ( -21.23211141880577912, -10.40363348579838565, 2.000000000000000000 ) ) ;
#1703 = CARTESIAN_POINT ( 'NONE',  ( 14.42373451280540841, 19.20597537996032500, -2.099999999999998757 ) ) ;
#1704 = CARTESIAN_POINT ( 'NONE',  ( 0.000000000000000000, 0.000000000000000000, 0.000000000000000000 ) ) ;
#1705 = CARTESIAN_POINT ( 'NONE',  ( -17.26619031893428158, -16.42019235248055509, 2.000000000000000000 ) ) ;
#1706 = CARTESIAN_POINT ( 'NONE',  ( -23.63491054742290132, -0.6550942090464579870, 2.000000000000000000 ) ) ;
#1707 = CARTESIAN_POINT ( 'NONE',  ( -0.9676081431083366491, 27.51106960583350158, -2.099999999999998757 ) ) ;
#1708 = CARTESIAN_POINT ( 'NONE',  ( -19.31055424225242945, 15.54648119520596161, 2.000000000000000000 ) ) ;
#1709 = ORIENTED_EDGE ( 'NONE', *, *, #3134, .T. ) ;
#1710 = CARTESIAN_POINT ( 'NONE',  ( 0.6932882410798570927, -28.04813207321576840, -2.099999999999998757 ) ) ;
#1711 = FACE_OUTER_BOUND ( 'NONE', #4442, .T. ) ;
#1712 = CARTESIAN_POINT ( 'NONE',  ( -17.42017265760603806, -16.82633584436269913, 2.000000000000000000 ) ) ;
#1713 = CARTESIAN_POINT ( 'NONE',  ( 20.77276083323510036, 16.13005223007173683, 2.000000000000000000 ) ) ;
#1714 = CARTESIAN_POINT ( 'NONE',  ( -24.19711102278062143, 1.042982032116795743, 2.000000000000000000 ) ) ;
#1715 = EDGE_CURVE ( 'NONE', #7957, #3540, #4913, .T. ) ;
#1716 = CARTESIAN_POINT ( 'NONE',  ( 17.25657676350752823, -16.16318976602639168, -2.099999999999998757 ) ) ;
#1717 = ADVANCED_FACE ( 'NONE', ( #3523 ), #2267, .T. ) ;
#1718 = AXIS2_PLACEMENT_3D ( 'NONE', #6767, #1001, #3569 ) ;
#1719 = CARTESIAN_POINT ( 'NONE',  ( -1.623578263684223977, 25.76808346599205279, 2.000000000000000000 ) ) ;
#1720 = CARTESIAN_POINT ( 'NONE',  ( -23.74358889077459622, -4.778072828450338427, 2.000000000000000000 ) ) ;
#1721 = EDGE_LOOP ( 'NONE', ( #3775, #6231, #6740, #710 ) ) ;
#1722 = CARTESIAN_POINT ( 'NONE',  ( -9.555618961847061499, -22.25484530667600680, 2.000000000000000000 ) ) ;
#1723 = CARTESIAN_POINT ( 'NONE',  ( -27.69989843459949697, 2.535120708970307390, -2.099999999999998757 ) ) ;
#1724 = CARTESIAN_POINT ( 'NONE',  ( -7.523321135858870079, 26.48008397883692666, 2.000000000000000000 ) ) ;
#1725 = CIRCLE ( 'NONE', #2803, 28.00000000000000000 ) ;
#1726 = CARTESIAN_POINT ( 'NONE',  ( -25.52197998938346757, -8.320188513921049633, -2.099999999999999645 ) ) ;
#1727 = CARTESIAN_POINT ( 'NONE',  ( 11.33585971340118981, -24.33300811744742020, -2.099999999999999645 ) ) ;
#1728 = CARTESIAN_POINT ( 'NONE',  ( 1.555379675915602666, 26.00494379640384679, -2.099999999999998757 ) ) ;
#1729 = AXIS2_PLACEMENT_3D ( 'NONE', #6001, #1456, #6629 ) ;
#1730 = ORIENTED_EDGE ( 'NONE', *, *, #6216, .F. ) ;
#1731 = CARTESIAN_POINT ( 'NONE',  ( -9.408316245588480342, 22.09971024729808065, -2.099999999999998757 ) ) ;
#1732 = CARTESIAN_POINT ( 'NONE',  ( -7.612592773523887857, -22.78073832991432823, -2.099999999999998757 ) ) ;
#1733 = CARTESIAN_POINT ( 'NONE',  ( -18.38167992440537546, -15.16106487615013521, -2.099999999999998757 ) ) ;
#1734 = CARTESIAN_POINT ( 'NONE',  ( 24.59949625084631464, 4.790317889056124656, -2.099999999999998757 ) ) ;
#1735 = CARTESIAN_POINT ( 'NONE',  ( 20.65156267108762478, 11.69620803915342755, -2.099999999999998757 ) ) ;
#1736 = CARTESIAN_POINT ( 'NONE',  ( -22.59408972245014624, 10.50532236015857102, 2.000000000000000000 ) ) ;
#1737 = EDGE_CURVE ( 'NONE', #6021, #406, #3568, .T. ) ;
#1738 = CARTESIAN_POINT ( 'NONE',  ( -1.474499619732447142, -26.25856105065618351, 2.000000000000000000 ) ) ;
#1739 = CARTESIAN_POINT ( 'NONE',  ( -3.359200862297582191, -23.32460485566309316, -2.099999999999998757 ) ) ;
#1740 = LINE ( 'NONE', #3591, #7867 ) ;
#1741 = CARTESIAN_POINT ( 'NONE',  ( 21.34551800689747836, -16.27777197600731540, -2.099999999999998757 ) ) ;
#1742 = ORIENTED_EDGE ( 'NONE', *, *, #5187, .T. ) ;
#1744 = CARTESIAN_POINT ( 'NONE',  ( 23.20206106938387691, -14.85029190760769779, 2.000000000000000000 ) ) ;
#1743 = CARTESIAN_POINT ( 'NONE',  ( 27.05471844848150198, 2.130765319231056054, -2.099999999999998757 ) ) ;
#1745 = CARTESIAN_POINT ( 'NONE',  ( 8.673617379884035472E-15, -21.00000000000000000, 2.100000000000001865 ) ) ;
#1746 = CARTESIAN_POINT ( 'NONE',  ( -11.58603556222320563, 24.54102139527086379, -2.099999999999998757 ) ) ;
#1747 = CYLINDRICAL_SURFACE ( 'NONE', #3701, 18.00000000000000000 ) ;
#1748 = CARTESIAN_POINT ( 'NONE',  ( 19.70744990308224587, -15.74452889495767849, 2.000000000000000000 ) ) ;
#1749 = FACE_BOUND ( 'NONE', #3961, .T. ) ;
#1750 = CARTESIAN_POINT ( 'NONE',  ( -1.939597136465254223, 23.94058417290087348, -2.099999999999998757 ) ) ;
#1751 = CARTESIAN_POINT ( 'NONE',  ( -18.97770164392054681, 15.34339570340774195, -2.099999999999998757 ) ) ;
#1752 = ORIENTED_EDGE ( 'NONE', *, *, #6998, .F. ) ;
#1753 = DIRECTION ( 'NONE',  ( -1.000000000000000000, 0.000000000000000000, 0.000000000000000000 ) ) ;
#1754 = CARTESIAN_POINT ( 'NONE',  ( -18.80342269287539736, -15.26496932198517875, 2.000000000000000000 ) ) ;
#1755 = CARTESIAN_POINT ( 'NONE',  ( 22.62472946281695840, 16.49610842548438683, 2.000000000000000000 ) ) ;
#1756 = CARTESIAN_POINT ( 'NONE',  ( -24.09676835437406339, 1.005131229266917225, -2.099999999999998757 ) ) ;
#1757 = CARTESIAN_POINT ( 'NONE',  ( 17.76075994573093553, -17.29583732711386901, -2.099999999999998757 ) ) ;
#1758 = CARTESIAN_POINT ( 'NONE',  ( 0.000000000000000000, 0.000000000000000000, -3.599999999999998757 ) ) ;
#1759 = EDGE_CURVE ( 'NONE', #1048, #896, #3437, .T. ) ;
#1760 = CARTESIAN_POINT ( 'NONE',  ( -16.55868018414818010, -20.77185239767593217, 2.000000000000000000 ) ) ;
#1761 = VERTEX_POINT ( 'NONE', #5425 ) ;
#1762 = CARTESIAN_POINT ( 'NONE',  ( -7.688595528318257877, -23.56854007989868194, 2.000000000000000000 ) ) ;
#1763 = CARTESIAN_POINT ( 'NONE',  ( 24.09676835437406339, -1.005131229266920112, 2.000000000000000000 ) ) ;
#1764 = DIRECTION ( 'NONE',  ( -0.000000000000000000, -0.000000000000000000, -1.000000000000000000 ) ) ;
#1765 = CARTESIAN_POINT ( 'NONE',  ( -23.53223775966787201, -4.811173829118829737, 2.000000000000000000 ) ) ;
#1766 = CARTESIAN_POINT ( 'NONE',  ( 9.673488752447900296, -22.40527988562695683, 2.000000000000000000 ) ) ;
#1767 = CARTESIAN_POINT ( 'NONE',  ( 1.762385718735274720, 25.16282512725969056, -2.099999999999998757 ) ) ;
#1768 = APPLICATION_CONTEXT ( 'automotive_design' ) ;
#1769 = EDGE_CURVE ( 'NONE', #2525, #4840, #2224, .T. ) ;
#1770 = EDGE_CURVE ( 'NONE', #1442, #4134, #1012, .T. ) ;
#1771 = VERTEX_POINT ( 'NONE', #5280 ) ;
#1772 = CARTESIAN_POINT ( 'NONE',  ( -7.629252907546909768, 22.67335363560523476, -2.099999999999998757 ) ) ;
#1773 = CARTESIAN_POINT ( 'NONE',  ( -23.53223775966786491, 4.811173829118811973, -2.099999999999998757 ) ) ;
#1774 = DIRECTION ( 'NONE',  ( -1.000000000000000000, 0.000000000000000000, 0.000000000000000000 ) ) ;
#1775 = CARTESIAN_POINT ( 'NONE',  ( -22.74999999999999645, -3.903127820947815962E-15, 2.100000000000001865 ) ) ;
#1776 = CARTESIAN_POINT ( 'NONE',  ( 22.44798333931210976, 13.70307343545947454, 2.000000000000000000 ) ) ;
#1777 = CARTESIAN_POINT ( 'NONE',  ( -20.80453127045305095, 12.00354473513042031, 2.000000000000000000 ) ) ;
#1778 = CARTESIAN_POINT ( 'NONE',  ( -1.981471996724997853, -23.84030691368550592, -2.099999999999998757 ) ) ;
#1779 = CARTESIAN_POINT ( 'NONE',  ( 7.768531058981739790, 22.33132486425838081, 2.000000000000000000 ) ) ;
#1780 = CARTESIAN_POINT ( 'NONE',  ( -1.981471996724997853, -23.84030691368550592, 2.000000000000000000 ) ) ;
#1781 = CARTESIAN_POINT ( 'NONE',  ( 14.84924240491750069, 14.84924240491749714, 2.100000000000001865 ) ) ;
#1782 = VERTEX_POINT ( 'NONE', #7674 ) ;
#1784 = CARTESIAN_POINT ( 'NONE',  ( 22.61633054543465704, -13.93417863138606627, -2.099999999999999645 ) ) ;
#1783 = CARTESIAN_POINT ( 'NONE',  ( 23.63710370791871895, -4.790810183414325074, 2.000000000000000000 ) ) ;
#1785 = DIRECTION ( 'NONE',  ( -0.000000000000000000, -0.000000000000000000, -1.000000000000000000 ) ) ;
#1786 = CARTESIAN_POINT ( 'NONE',  ( 0.000000000000000000, 0.000000000000000000, 0.000000000000000000 ) ) ;
#1787 = CARTESIAN_POINT ( 'NONE',  ( -23.00007343659231651, -5.130111501463104240, -2.099999999999998757 ) ) ;
#1788 = B_SPLINE_CURVE_WITH_KNOTS ( 'NONE', 3,
 ( #5295, #7228, #7900, #913, #4109, #1501, #5882, #2765, #7778, #4568, #4068, #7143, #1541, #6634, #5339, #1372, #7819, #3938, #6675, #3984, #106, #2053, #869, #2723, #4609, #1417, #1462, #4029, #5964, #6553, #788, #3350, #3435, #193, #2302, #4225, #2926, #4188, #1621, #4865, #7430, #4825, #4267, #1662, #1073, #7983, #279, #8023, #7513, #358, #6796, #8140, #4783, #439, #1032 ),
 .UNSPECIFIED., .F., .F.,
 ( 4, 1, 1, 1, 1, 1, 1, 1, 1, 1, 1, 1, 1, 1, 1, 1, 1, 1, 1, 1, 1, 1, 1, 1, 1, 1, 1, 1, 1, 1, 1, 1, 1, 1, 1, 1, 1, 1, 1, 1, 1, 1, 1, 1, 1, 1, 1, 1, 1, 1, 1, 1, 4 ),
 ( 0.01037070964479203279, 0.06767854499841075011, 0.09884629602760430789, 0.1282330327458526265, 0.1558387551553858108, 0.1816634632588949305, 0.2057071570596704646, 0.2279698365617907063, 0.2484515017704002071, 0.2671521526921107892, 0.2840717893356240475, 0.2992104117127127871, 0.3125680198398574916, 0.3241446137411457817, 0.3339401934538051009, 0.3662021699428081312, 0.3760430630535980256, 0.3856763336118157470, 0.3952492422856400678, 0.4049624801021076692, 0.4150869914083017420, 0.4259748013331248195, 0.4380386266454291411, 0.4516469595390834035, 0.4668849008038628012, 0.4803437228220500677, 0.5000000000000002220, 0.5196562771779504875, 0.5331150991961376429, 0.5483530404609170406, 0.5619613733545713030, 0.5740251986668756246, 0.5849130085916987021, 0.5950375198978927749, 0.6047507577143603763, 0.6143236663881848081, 0.6239569369464024184, 0.6337978300571922574, 0.6660598065461953432, 0.6758553862588546624, 0.6874319801601429525, 0.7007895882872876570, 0.7159282106643762855, 0.7328478473078895439, 0.7515484982296001260, 0.7720301634382096267, 0.7942928429403297574, 0.8183365367411052915, 0.8441612448446143002, 0.8717669672541474846, 0.9011537039723958031, 0.9323214550015893609, 0.9896292903552005304 ),
 .UNSPECIFIED. ) ;
#1789 = CARTESIAN_POINT ( 'NONE',  ( 19.87933552333218046, -15.81900378855655909, 2.000000000000000000 ) ) ;
#1790 = CARTESIAN_POINT ( 'NONE',  ( 13.18542992737235409, 19.44527382878997912, 2.000000000000000000 ) ) ;
#1791 = CARTESIAN_POINT ( 'NONE',  ( -2.320354714939441898, 23.45074361513812278, -2.099999999999998757 ) ) ;
#1792 = CARTESIAN_POINT ( 'NONE',  ( -20.07157227525354060, 15.89590000543996595, -2.099999999999998757 ) ) ;
#1793 = ORIENTED_EDGE ( 'NONE', *, *, #227, .T. ) ;
#1794 = CARTESIAN_POINT ( 'NONE',  ( -23.53223775966786491, 4.811173829118811973, -2.100000000000000089 ) ) ;
#1795 = CARTESIAN_POINT ( 'NONE',  ( -3.781464864188913477, 23.62174820993211455, -2.099999999999998757 ) ) ;
#1796 = CARTESIAN_POINT ( 'NONE',  ( 16.08024905276406713, -20.49638744246054856, -2.099999999999998757 ) ) ;
#1797 = CARTESIAN_POINT ( 'NONE',  ( 23.76414829993700906, 7.060866680122717121, 2.000000000000000000 ) ) ;
#1798 = CARTESIAN_POINT ( 'NONE',  ( 9.408316245588475013, 22.09971024729808775, -2.099999999999997868 ) ) ;
#1799 = CARTESIAN_POINT ( 'NONE',  ( 18.62447386782101688, -18.94171889292492139, 2.000000000000000000 ) ) ;
#1800 = CARTESIAN_POINT ( 'NONE',  ( -1.379935885169571108, 26.52839079975561276, -2.099999999999998757 ) ) ;
#1801 = CARTESIAN_POINT ( 'NONE',  ( -16.08024905276407068, -20.49638744246056277, 2.000000000000000000 ) ) ;
#1802 = ORIENTED_EDGE ( 'NONE', *, *, #3690, .T. ) ;
#1803 = FACE_OUTER_BOUND ( 'NONE', #4349, .T. ) ;
#1804 = CARTESIAN_POINT ( 'NONE',  ( 0.000000000000000000, 0.000000000000000000, -2.099999999999998757 ) ) ;
#1805 = CARTESIAN_POINT ( 'NONE',  ( 25.91507308940461485, 10.60230933437670764, 2.000000000000000000 ) ) ;
#1806 = CARTESIAN_POINT ( 'NONE',  ( -24.48402185937396780, -7.488679734998063608, -2.099999999999999645 ) ) ;
#1807 = CARTESIAN_POINT ( 'NONE',  ( 10.13323285654344197, -23.09959661296539224, 2.000000000000000000 ) ) ;
#1808 = VERTEX_POINT ( 'NONE', #6367 ) ;
#1809 = CARTESIAN_POINT ( 'NONE',  ( -9.230471089887535285, 21.96684885186929037, 2.000000000000000000 ) ) ;
#1810 = CARTESIAN_POINT ( 'NONE',  ( -25.91507356775019844, 10.60230927572362702, -2.099999999999998757 ) ) ;
#1811 = CARTESIAN_POINT ( 'NONE',  ( -17.28752988749540265, -16.01445386190352238, -2.099999999999998757 ) ) ;
#1812 = CARTESIAN_POINT ( 'NONE',  ( -23.51784779677758763, -10.65556037457646354, 2.000000000000000000 ) ) ;
#1813 = CARTESIAN_POINT ( 'NONE',  ( 23.44696917797589464, 15.30488929633596840, -2.099999999999998757 ) ) ;
#1814 = CARTESIAN_POINT ( 'NONE',  ( -22.61633054543465704, 13.93417863138606450, 2.000000000000000000 ) ) ;
#1815 = AXIS2_PLACEMENT_3D ( 'NONE', #2992, #5054, #5649 ) ;
#1816 = CARTESIAN_POINT ( 'NONE',  ( -1.840779285638403318, -24.52644730507024562, -2.099999999999998757 ) ) ;
#1817 = CARTESIAN_POINT ( 'NONE',  ( -13.61524630358646171, -23.47600944080825514, 2.000000000000000000 ) ) ;
#1818 = CARTESIAN_POINT ( 'NONE',  ( -1.474499619732447142, -26.25856105065618351, 2.000000000000000000 ) ) ;
#1819 = CARTESIAN_POINT ( 'NONE',  ( -21.23055223844790262, 12.41767842381810638, -2.099999999999999645 ) ) ;
#1820 = CARTESIAN_POINT ( 'NONE',  ( 12.36707959469685925, 25.12081492106560887, -2.099999999999998757 ) ) ;
#1822 = CARTESIAN_POINT ( 'NONE',  ( 14.42373451280541552, -19.20597537996031434, -2.099999999999998757 ) ) ;
#1821 = CARTESIAN_POINT ( 'NONE',  ( 22.99371384847795596, -6.601180838822651609, 2.000000000000000000 ) ) ;
#1823 = CARTESIAN_POINT ( 'NONE',  ( 13.46232027610273363, 22.30341320457493026, -2.099999999999998757 ) ) ;
#1824 = CARTESIAN_POINT ( 'NONE',  ( 10.25081980592599251, -23.24542008693366313, -2.099999999999998757 ) ) ;
#1825 = CARTESIAN_POINT ( 'NONE',  ( -22.45771235314887093, -16.47698168227518067, 2.000000000000000000 ) ) ;
#1826 = CARTESIAN_POINT ( 'NONE',  ( 13.50602898338108382, 19.22398027845277468, 2.000000000000000000 ) ) ;
#1827 = CARTESIAN_POINT ( 'NONE',  ( -4.030460310774771848, 24.06924055886029024, -2.099999999999998757 ) ) ;
#1828 = CARTESIAN_POINT ( 'NONE',  ( -17.29220078062826005, 16.53076698689342194, -2.099999999999998757 ) ) ;
#1829 = VERTEX_POINT ( 'NONE', #3837 ) ;
#1830 = DIRECTION ( 'NONE',  ( -0.000000000000000000, -0.000000000000000000, -1.000000000000000000 ) ) ;
#1831 = CARTESIAN_POINT ( 'NONE',  ( -4.189195047382292536, 24.56227459198278140, 2.000000000000000000 ) ) ;
#1832 = CARTESIAN_POINT ( 'NONE',  ( 14.51573139705937088, -19.26027195864160291, -2.099999999999998757 ) ) ;
#1833 = CARTESIAN_POINT ( 'NONE',  ( 21.69704443755539813, 10.30300297322496661, 2.000000000000000000 ) ) ;
#1834 = CARTESIAN_POINT ( 'NONE',  ( 7.720532692246926842, 23.84272921084243890, 2.000000000000000000 ) ) ;
#1835 = CARTESIAN_POINT ( 'NONE',  ( 24.86659007404522370, 7.767174896947414808, 2.000000000000000000 ) ) ;
#1836 = CARTESIAN_POINT ( 'NONE',  ( 22.46994110604165940, 10.47341059000768126, -2.099999999999998757 ) ) ;
#1837 = CARTESIAN_POINT ( 'NONE',  ( -25.52197998938346757, -8.320188513921049633, 2.000000000000000000 ) ) ;
#1838 = ORIENTED_EDGE ( 'NONE', *, *, #7800, .T. ) ;
#1839 = CARTESIAN_POINT ( 'NONE',  ( 4.482856113983134883, -25.20816636816325484, -2.099999999999998757 ) ) ;
#1840 = DIRECTION ( 'NONE',  ( -1.000000000000000000, 0.000000000000000000, -0.000000000000000000 ) ) ;
#1841 = LINE ( 'NONE', #3778, #6125 ) ;
#1842 = CARTESIAN_POINT ( 'NONE',  ( -25.38450439115045398, -4.717739787684796404, 2.000000000000000000 ) ) ;
#1843 = CARTESIAN_POINT ( 'NONE',  ( 7.720532692246934836, -23.84272921084243890, -2.099999999999999645 ) ) ;
#1844 = VECTOR ( 'NONE', #6743, 1000.000000000000000 ) ;
#1845 = CARTESIAN_POINT ( 'NONE',  ( -1.881261915648305694, 24.14640443156747196, 2.000000000000000000 ) ) ;
#1846 = CARTESIAN_POINT ( 'NONE',  ( -12.85055170543025049, 19.95373759773044142, 2.000000000000000000 ) ) ;
#1847 = AXIS2_PLACEMENT_3D ( 'NONE', #7471, #4950, #7515 ) ;
#1848 = EDGE_LOOP ( 'NONE', ( #3501, #2677 ) ) ;
#1849 = CARTESIAN_POINT ( 'NONE',  ( -14.21926140100350189, -19.11953582679382890, -2.099999999999998757 ) ) ;
#1850 = CARTESIAN_POINT ( 'NONE',  ( -24.12574046566792063, 4.783694468719397186, -2.099999999999998757 ) ) ;
#1851 = DIRECTION ( 'NONE',  ( -1.000000000000000000, 0.000000000000000000, 0.000000000000000000 ) ) ;
#1852 = CARTESIAN_POINT ( 'NONE',  ( 23.21393719209897100, 4.939781705126463862, -2.099999999999998757 ) ) ;
#1853 = CARTESIAN_POINT ( 'NONE',  ( 20.99240193721331948, 10.59640443373928953, 2.000000000000000000 ) ) ;
#1854 = CARTESIAN_POINT ( 'NONE',  ( -21.23055223844790262, 12.41767842381810638, 2.000000000000000000 ) ) ;
#1855 = AXIS2_PLACEMENT_3D ( 'NONE', #8274, #7781, #6473 ) ;
#1856 = CARTESIAN_POINT ( 'NONE',  ( -2.320354714939425023, -23.45074361513812278, 2.000000000000000000 ) ) ;
#1857 = CARTESIAN_POINT ( 'NONE',  ( -13.30747633062665614, -21.64116298680352202, -2.099999999999999645 ) ) ;
#1858 = CARTESIAN_POINT ( 'NONE',  ( -3.499191490208533928, -23.38362255772745613, 2.000000000000000000 ) ) ;
#1859 = CARTESIAN_POINT ( 'NONE',  ( -21.35721522671292760, 10.35169942632023066, -2.099999999999999645 ) ) ;
#1860 = CARTESIAN_POINT ( 'NONE',  ( -13.35177211813241982, -19.34338136197018798, 2.000000000000000000 ) ) ;
#1861 = DIRECTION ( 'NONE',  ( -0.000000000000000000, 0.000000000000000000, -1.000000000000000000 ) ) ;
#1862 = AXIS2_PLACEMENT_3D ( 'NONE', #1865, #1951, #6370 ) ;
#1863 = CARTESIAN_POINT ( 'NONE',  ( -27.87379644711759141, 2.655456283891198588, 2.000000000000000000 ) ) ;
#1865 = CARTESIAN_POINT ( 'NONE',  ( -14.84924240491749892, 14.84924240491749536, 2.100000000000001865 ) ) ;
#1864 = CARTESIAN_POINT ( 'NONE',  ( 25.88937528683163336, -4.628868634690435968, 2.000000000000000000 ) ) ;
#1866 = ADVANCED_FACE ( 'NONE', ( #5236 ), #4552, .T. ) ;
#1867 = CARTESIAN_POINT ( 'NONE',  ( 12.88702750944970887, 19.82328597831587658, -2.099999999999998757 ) ) ;
#1868 = CARTESIAN_POINT ( 'NONE',  ( 18.00000000000000000, 0.000000000000000000, 2.100000000000002309 ) ) ;
#1869 = CARTESIAN_POINT ( 'NONE',  ( 18.00000000000000000, 0.000000000000000000, 0.000000000000000000 ) ) ;
#1870 = CARTESIAN_POINT ( 'NONE',  ( 14.21926140100350011, 19.11953582679382890, 2.000000000000000000 ) ) ;
#1871 = CARTESIAN_POINT ( 'NONE',  ( -2.035327432088060551, 23.74029248485179266, -2.099999999999998757 ) ) ;
#1872 = CARTESIAN_POINT ( 'NONE',  ( -17.25237999601838013, 16.29857992973628811, 2.000000000000000000 ) ) ;
#1873 = ORIENTED_EDGE ( 'NONE', *, *, #5553, .F. ) ;
#1874 = CARTESIAN_POINT ( 'NONE',  ( -25.52197998938346757, 8.320188513921030093, 2.000000000000000000 ) ) ;
#1875 = CARTESIAN_POINT ( 'NONE',  ( -3.025165651672274691, 23.29855380546641186, 2.000000000000000000 ) ) ;
#1876 = CARTESIAN_POINT ( 'NONE',  ( 13.50602898338109270, -19.22398027845277113, 2.000000000000000000 ) ) ;
#1877 = CARTESIAN_POINT ( 'NONE',  ( 23.87823629154096139, 7.119306137701304493, 2.000000000000000000 ) ) ;
#1878 = CARTESIAN_POINT ( 'NONE',  ( 7.865059710290382533, 22.21401039568610614, -2.099999999999997868 ) ) ;
#1879 = CARTESIAN_POINT ( 'NONE',  ( 25.52197998938346402, 8.320188513921063844, 2.000000000000000000 ) ) ;
#1880 = EDGE_CURVE ( 'NONE', #692, #527, #6198, .T. ) ;
#1881 = CARTESIAN_POINT ( 'NONE',  ( 20.86952096496491649, 12.08832612917524330, -2.099999999999998757 ) ) ;
#1882 = CARTESIAN_POINT ( 'NONE',  ( 3.612999446203277287, 23.45707906485273497, -2.099999999999998757 ) ) ;
#1883 = VERTEX_POINT ( 'NONE', #6744 ) ;
#1884 = CARTESIAN_POINT ( 'NONE',  ( 5.644338688980887753, -26.94321170799313592, -2.099999999999998757 ) ) ;
#1885 = FACE_OUTER_BOUND ( 'NONE', #1280, .T. ) ;
#1886 = CARTESIAN_POINT ( 'NONE',  ( -18.09985454995501897, 17.82762258356554241, 2.000000000000000000 ) ) ;
#1887 = CARTESIAN_POINT ( 'NONE',  ( -26.77848301813145326, -4.405768766048603347, 2.000000000000000000 ) ) ;
#1888 = CARTESIAN_POINT ( 'NONE',  ( 7.650756190596017525, -25.73058353783937235, -2.099999999999999645 ) ) ;
#1889 = ADVANCED_FACE ( 'NONE', ( #4094 ), #5951, .F. ) ;
#1890 = CARTESIAN_POINT ( 'NONE',  ( -3.204373604290293276, 23.29585190159429686, 2.000000000000000000 ) ) ;
#1891 = CARTESIAN_POINT ( 'NONE',  ( -13.20212662322860275, 21.30225842247369172, -2.099999999999998757 ) ) ;
#1892 = ORIENTED_EDGE ( 'NONE', *, *, #3439, .F. ) ;
#1893 = CARTESIAN_POINT ( 'NONE',  ( -15.36687483434010204, -20.00332296475709271, -2.099999999999998757 ) ) ;
#1894 = B_SPLINE_SURFACE_WITH_KNOTS ( 'NONE', 3, 1, ( 
 ( #4854, #1813 ),
 ( #3749, #2412 ),
 ( #6199, #5685 ),
 ( #3707, #2329 ),
 ( #428, #7456 ),
 ( #2292, #4373 ),
 ( #1776, #6903 ),
 ( #6825, #2449 ),
 ( #3587, #547 ),
 ( #5016, #466 ),
 ( #6320, #6280 ),
 ( #388, #1019 ),
 ( #1141, #3032 ),
 ( #8169, #6156 ),
 ( #7420, #4977 ),
 ( #5531, #2955 ),
 ( #7540, #4215 ),
 ( #4893, #4256 ),
 ( #509, #3072 ),
 ( #2993, #5568 ),
 ( #5650, #8126 ),
 ( #8208, #4936 ),
 ( #7501, #1735 ),
 ( #4295, #6866 ),
 ( #1101, #3667 ),
 ( #6236, #5771 ),
 ( #1, #5857 ),
 ( #1984, #3195 ),
 ( #6403, #3238 ),
 ( #1853, #4415 ),
 ( #587, #3282 ),
 ( #3152, #2657 ),
 ( #1349, #5812 ),
 ( #5728, #5229 ),
 ( #8289, #7666 ),
 ( #630, #6985 ),
 ( #3830, #2530 ),
 ( #1898, #85 ),
 ( #3328, #673 ),
 ( #4543, #760 ),
 ( #8247, #7795 ),
 ( #4455, #4585 ),
 ( #6487, #2030 ),
 ( #7160, #7119 ),
 ( #2569, #7027 ),
 ( #1391, #3788 ),
 ( #1221, #5055 ),
 ( #42, #7072 ),
 ( #7622, #3956 ),
 ( #1305, #6529 ),
 ( #3872, #2485 ),
 ( #6358, #5097 ),
 ( #1261, #5139 ),
 ( #7709, #1939 ),
 ( #4498, #6444 ) ),
 .UNSPECIFIED., .F., .F., .F.,
 ( 4, 1, 1, 1, 1, 1, 1, 1, 1, 1, 1, 1, 1, 1, 1, 1, 1, 1, 1, 1, 1, 1, 1, 1, 1, 1, 1, 1, 1, 1, 1, 1, 1, 1, 1, 1, 1, 1, 1, 1, 1, 1, 1, 1, 1, 1, 1, 1, 1, 1, 1, 1, 4 ),
 ( 2, 2 ),
 ( 0.01037066610069928979, 0.06767854499841075011, 0.09884629602760430789, 0.1282330327458526265, 0.1558387551553858108, 0.1816634632588949305, 0.2057071570596704646, 0.2279698365617907063, 0.2484515017704002071, 0.2671521526921107892, 0.2840717893356240475, 0.2992104117127127871, 0.3125680198398574916, 0.3241446137411457817, 0.3339401934538051009, 0.3662021699428081867, 0.3760430630535980256, 0.3856763336118157470, 0.3952492422856400678, 0.4049624801021076692, 0.4150869914083017420, 0.4259748013331248195, 0.4380386266454291411, 0.4516469595390834035, 0.4668849008038628012, 0.4803437228220500677, 0.5000000000000002220, 0.5196562771779504875, 0.5331150991961376429, 0.5483530404609170406, 0.5619613733545713030, 0.5740251986668756246, 0.5849130085916987021, 0.5950375198978927749, 0.6047507577143603763, 0.6143236663881848081, 0.6239569369464024184, 0.6337978300571922574, 0.6660598065461953432, 0.6758553862588546624, 0.6874319801601429525, 0.7007895882872876570, 0.7159282106643762855, 0.7328478473078895439, 0.7515484982296001260, 0.7720301634382096267, 0.7942928429403297574, 0.8183365367411052915, 0.8441612448446143002, 0.8717669672541474846, 0.9011537039723958031, 0.9323214550015893609, 0.9896292903663905793 ),
 ( 0.000000000000000000, 1.000000000000000000 ),
 .UNSPECIFIED. ) ;
#1895 = CARTESIAN_POINT ( 'NONE',  ( -24.45163473737931525, 4.792937194118060518, -2.099999999999998757 ) ) ;
#1896 = FACE_OUTER_BOUND ( 'NONE', #3582, .T. ) ;
#1897 = CARTESIAN_POINT ( 'NONE',  ( 23.76349960547259599, -10.67578541799515612, 2.000000000000000000 ) ) ;
#1898 = CARTESIAN_POINT ( 'NONE',  ( 21.91017567687077161, 10.32144346381601352, 2.000000000000000000 ) ) ;
#1899 = CARTESIAN_POINT ( 'NONE',  ( -24.02931632081063995, 10.69009516955076933, 2.000000000000000000 ) ) ;
#1900 = CARTESIAN_POINT ( 'NONE',  ( -22.73828148979403707, -10.53816474365923384, -2.099999999999998757 ) ) ;
#1901 = CARTESIAN_POINT ( 'NONE',  ( 11.58603556222320030, 24.54102139527087800, 2.000000000000000000 ) ) ;
#1902 = CARTESIAN_POINT ( 'NONE',  ( -4.244076555440668308, -24.69959869036684452, 2.000000000000000000 ) ) ;
#1903 = CARTESIAN_POINT ( 'NONE',  ( -20.71178771499497984, 11.09036006156942555, -2.099999999999999645 ) ) ;
#1904 = CARTESIAN_POINT ( 'NONE',  ( -15.36687483434010204, -20.00332296475709271, 2.000000000000000000 ) ) ;
#1905 = CARTESIAN_POINT ( 'NONE',  ( 1.881261915648297478, -24.14640443156747196, 2.000000000000000000 ) ) ;
#1906 = CARTESIAN_POINT ( 'NONE',  ( 7.657608382361889454, 22.56335699501520509, -2.099999999999998757 ) ) ;
#1908 = DIRECTION ( 'NONE',  ( 0.000000000000000000, 0.000000000000000000, -1.000000000000000000 ) ) ;
#1907 = CARTESIAN_POINT ( 'NONE',  ( -12.88716835993242960, 20.50631329690557436, -2.099999999999998757 ) ) ;
#1909 = CARTESIAN_POINT ( 'NONE',  ( 13.04949915500204582, 19.56208827861912880, -2.099999999999998757 ) ) ;
#1910 = ADVANCED_FACE ( 'NONE', ( #8010 ), #2914, .F. ) ;
#1911 = CARTESIAN_POINT ( 'NONE',  ( -24.76692767734244782, -4.782579349257321866, -2.099999999999998757 ) ) ;
#1912 = LINE ( 'NONE', #1869, #2764 ) ;
#1913 = CARTESIAN_POINT ( 'NONE',  ( 13.41263264250316567, 22.06199033373687612, -2.099999999999998757 ) ) ;
#1914 = CARTESIAN_POINT ( 'NONE',  ( 18.09985454995500120, 17.82762258356555307, -2.099999999999999645 ) ) ;
#1915 = CARTESIAN_POINT ( 'NONE',  ( -18.00520414013334758, 17.66596715945036422, 2.000000000000000000 ) ) ;
#1916 = ORIENTED_EDGE ( 'NONE', *, *, #5299, .T. ) ;
#1917 = CARTESIAN_POINT ( 'NONE',  ( -25.29380829876431136, 8.116834556469559203, 2.000000000000000000 ) ) ;
#1918 = B_SPLINE_CURVE_WITH_KNOTS ( 'NONE', 3,
 ( #2011, #4566, #1371, #235, #3937, #5881, #2680, #7267, #5251, #1461, #2052, #6633, #2721, #2094, #7181, #4655, #3982, #1415, #6551, #3391, #868, #786, #3349, #5924, #6594, #5963, #2136, #3432, #951, #3639, #6877, #989, #4781, #4305, #357, #1112, #2258, #6715, #2883, #2924, #438, #7467, #6124, #1031, #6084, #7347, #5418, #3004, #1661, #478, #6167, #1746, #2965, #7512, #7390 ),
 .UNSPECIFIED., .F., .F.,
 ( 4, 1, 1, 1, 1, 1, 1, 1, 1, 1, 1, 1, 1, 1, 1, 1, 1, 1, 1, 1, 1, 1, 1, 1, 1, 1, 1, 1, 1, 1, 1, 1, 1, 1, 1, 1, 1, 1, 1, 1, 1, 1, 1, 1, 1, 1, 1, 1, 1, 1, 1, 1, 4 ),
 ( 0.01037066611189019563, 0.06767854499841063909, 0.09884629602760419687, 0.1282330327458525154, 0.1558387551553856998, 0.1816634632588947085, 0.2057071570596702426, 0.2279698365617903733, 0.2484515017703998740, 0.2671521526921104561, 0.2840717893356237145, 0.2992104117127123430, 0.3125680198398570475, 0.3241446137411453376, 0.3339401934538046568, 0.3662021699428077426, 0.3760430630535975816, 0.3856763336118151919, 0.3952492422856396237, 0.4049624801021072251, 0.4150869914083012979, 0.4259748013331243754, 0.4380386266454286970, 0.4516469595390829594, 0.4668849008038623571, 0.4803437228220495125, 0.4999999999999997780, 0.5196562771779499323, 0.5331150991961371988, 0.5483530404609165965, 0.5619613733545708589, 0.5740251986668751805, 0.5849130085916982580, 0.5950375198978923308, 0.6047507577143599322, 0.6143236663881842530, 0.6239569369464019744, 0.6337978300571918133, 0.6660598065461948991, 0.6758553862588542183, 0.6874319801601425084, 0.7007895882872872129, 0.7159282106643759525, 0.7328478473078892108, 0.7515484982295997929, 0.7720301634382092937, 0.7942928429403295354, 0.8183365367411050695, 0.8441612448446141892, 0.8717669672541473735, 0.9011537039723956921, 0.9323214550015892499, 0.9896293338881119173 ),
 .UNSPECIFIED. ) ;
#1919 = CARTESIAN_POINT ( 'NONE',  ( -4.189195047382292536, 24.56227459198278140, -2.099999999999998757 ) ) ;
#1920 = CARTESIAN_POINT ( 'NONE',  ( 12.83364937058816579, -20.18870745851076265, -2.099999999999998757 ) ) ;
#1921 = CARTESIAN_POINT ( 'NONE',  ( 24.12574046566791708, 4.783694468719428272, 2.000000000000000000 ) ) ;
#1922 = CARTESIAN_POINT ( 'NONE',  ( 9.230471089887526404, 21.96684885186929037, 2.000000000000000000 ) ) ;
#1923 = CARTESIAN_POINT ( 'NONE',  ( 22.76403769146248379, 5.811439118492644162, -2.099999999999999645 ) ) ;
#1924 = CARTESIAN_POINT ( 'NONE',  ( 22.73828148979403352, 10.53816474365924805, -2.099999999999998757 ) ) ;
#1925 = CARTESIAN_POINT ( 'NONE',  ( 0.000000000000000000, 0.000000000000000000, 2.000000000000000000 ) ) ;
#1926 = ORIENTED_EDGE ( 'NONE', *, *, #6131, .T. ) ;
#1927 = CARTESIAN_POINT ( 'NONE',  ( 4.244076555440678078, -24.69959869036684452, -2.099999999999998757 ) ) ;
#1928 = PLANE ( 'NONE',  #7903 ) ;
#1929 = CARTESIAN_POINT ( 'NONE',  ( -22.09150218632043661, 16.42439464915884528, 2.000000000000000000 ) ) ;
#1930 = CARTESIAN_POINT ( 'NONE',  ( 26.28829563209072973, -9.090474303136131695, -2.099999999999998757 ) ) ;
#1931 = CARTESIAN_POINT ( 'NONE',  ( 7.601435196559586771, -26.05218098595103982, -2.099999999999999645 ) ) ;
#1932 = LINE ( 'NONE', #8282, #5988 ) ;
#1933 = CARTESIAN_POINT ( 'NONE',  ( -13.58617081224543988, 23.15195374360797942, 2.000000000000000000 ) ) ;
#1934 = EDGE_LOOP ( 'NONE', ( #146, #7773, #7364, #3783, #6134, #4912, #5989, #1873, #5615, #3363, #7187, #2942 ) ) ;
#1935 = CARTESIAN_POINT ( 'NONE',  ( -7.442630951135233985, 26.84114405199617792, -2.099999999999998757 ) ) ;
#1936 = CARTESIAN_POINT ( 'NONE',  ( -23.87823629154097205, 7.119306137701274295, -2.099999999999998757 ) ) ;
#1937 = CARTESIAN_POINT ( 'NONE',  ( -26.16863607189503327, 4.567518758412558277, 2.000000000000000000 ) ) ;
#1938 = CARTESIAN_POINT ( 'NONE',  ( -1.750000000000000444, 21.00000000000000000, 2.100000000000001865 ) ) ;
#1939 = CARTESIAN_POINT ( 'NONE',  ( 25.70517099655240045, 10.62804679002169550, -2.099999999999998757 ) ) ;
#1940 = DIRECTION ( 'NONE',  ( 0.000000000000000000, -0.000000000000000000, -1.000000000000000000 ) ) ;
#1941 = CARTESIAN_POINT ( 'NONE',  ( 18.70321540207056543, -15.22676155773647899, -2.099999999999998757 ) ) ;
#1942 = EDGE_CURVE ( 'NONE', #1565, #6449, #6665, .T. ) ;
#1943 = CARTESIAN_POINT ( 'NONE',  ( -4.189195047382276549, -24.56227459198278851, 2.000000000000000000 ) ) ;
#1944 = ORIENTED_EDGE ( 'NONE', *, *, #2829, .F. ) ;
#1945 = CARTESIAN_POINT ( 'NONE',  ( -5.008822010445487471, -26.08776424953686401, 2.000000000000000000 ) ) ;
#1946 = CARTESIAN_POINT ( 'NONE',  ( -20.62323650117463103, 11.56374771533979384, -2.099999999999999645 ) ) ;
#1947 = CARTESIAN_POINT ( 'NONE',  ( -12.86131782747429853, -20.40223119301177590, 2.000000000000000000 ) ) ;
#1948 = CARTESIAN_POINT ( 'NONE',  ( 1.474499619732455580, -26.25856105065617641, 2.000000000000000000 ) ) ;
#1949 = CARTESIAN_POINT ( 'NONE',  ( 10.25081980592598541, 23.24542008693366313, -2.099999999999998757 ) ) ;
#1951 = DIRECTION ( 'NONE',  ( 0.000000000000000000, 0.000000000000000000, -1.000000000000000000 ) ) ;
#1950 = CARTESIAN_POINT ( 'NONE',  ( 24.86659007404523791, -7.767174896947393492, 2.000000000000000000 ) ) ;
#1952 = CARTESIAN_POINT ( 'NONE',  ( 27.05471844848150198, 2.130765319231056054, 2.000000000000000000 ) ) ;
#1953 = CARTESIAN_POINT ( 'NONE',  ( 9.555618961847068604, -22.25484530667600325, -2.099999999999998757 ) ) ;
#1954 = AXIS2_PLACEMENT_3D ( 'NONE', #176, #220, #2746 ) ;
#1955 = CARTESIAN_POINT ( 'NONE',  ( 17.84651532293614196, -15.31230279367190406, 2.000000000000000000 ) ) ;
#1956 = CARTESIAN_POINT ( 'NONE',  ( 13.10549974122802475, 21.04367979295773949, 2.000000000000000000 ) ) ;
#1957 = CARTESIAN_POINT ( 'NONE',  ( 17.98147192499883573, 15.23115522593614024, 2.000000000000000000 ) ) ;
#1958 = DIRECTION ( 'NONE',  ( -1.000000000000000000, 0.000000000000000000, 0.000000000000000000 ) ) ;
#1959 = AXIS2_PLACEMENT_3D ( 'NONE', #930, #1516, #3494 ) ;
#1960 = EDGE_LOOP ( 'NONE', ( #2473, #29 ) ) ;
#1961 = CARTESIAN_POINT ( 'NONE',  ( -22.79134869580807177, 6.292262679950354709, -2.100000000000000089 ) ) ;
#1962 = DIRECTION ( 'NONE',  ( 0.000000000000000000, 0.000000000000000000, -1.000000000000000000 ) ) ;
#1963 = CARTESIAN_POINT ( 'NONE',  ( 14.51573139705937088, -19.26027195864160291, 2.000000000000000000 ) ) ;
#1964 = CARTESIAN_POINT ( 'NONE',  ( 24.02931632081061863, 10.69009516955078354, 2.000000000000000000 ) ) ;
#1965 = CARTESIAN_POINT ( 'NONE',  ( 8.843531895616187910, 21.84292484346595842, 2.000000000000000000 ) ) ;
#1966 = CARTESIAN_POINT ( 'NONE',  ( 24.86659007404522370, 7.767174896947414808, -2.099999999999999645 ) ) ;
#1967 = VECTOR ( 'NONE', #3283, 1000.000000000000000 ) ;
#1968 = CARTESIAN_POINT ( 'NONE',  ( 20.62323650117463103, 11.56374771533981516, -2.099999999999998757 ) ) ;
#1969 = CARTESIAN_POINT ( 'NONE',  ( 3.781464864188883279, 23.62174820993211455, -2.099999999999998757 ) ) ;
#1970 = EDGE_LOOP ( 'NONE', ( #5886, #1458 ) ) ;
#1971 = CARTESIAN_POINT ( 'NONE',  ( -10.89735721165042115, -23.93603524774559332, 2.000000000000000000 ) ) ;
#1972 = CARTESIAN_POINT ( 'NONE',  ( -23.51224346894561990, -0.3730054609666991761, -2.099999999999998757 ) ) ;
#1973 = CARTESIAN_POINT ( 'NONE',  ( -18.73200657000872837, 19.22781655172587278, 2.000000000000000000 ) ) ;
#1974 = CARTESIAN_POINT ( 'NONE',  ( -25.91507356775019844, 10.60230927572362702, -2.099999999999998757 ) ) ;
#1975 = CARTESIAN_POINT ( 'NONE',  ( 7.733032203436371432, -24.00987265162541462, -2.099999999999999645 ) ) ;
#1976 = EDGE_CURVE ( 'NONE', #444, #1829, #3377, .T. ) ;
#1977 = CARTESIAN_POINT ( 'NONE',  ( -18.01951924820728124, 21.43121382618089399, -2.099999999999998757 ) ) ;
#1978 = CARTESIAN_POINT ( 'NONE',  ( -13.46232027610274784, 22.30341320457493381, 2.000000000000000000 ) ) ;
#1979 = ORIENTED_EDGE ( 'NONE', *, *, #1120, .T. ) ;
#1980 = DIRECTION ( 'NONE',  ( -1.000000000000000000, 0.000000000000000000, 0.000000000000000000 ) ) ;
#1981 = CARTESIAN_POINT ( 'NONE',  ( -9.408316245588473237, -22.09971024729809130, 2.000000000000000000 ) ) ;
#1982 = CARTESIAN_POINT ( 'NONE',  ( -24.45163473737931525, 4.792937194118060518, 2.000000000000000000 ) ) ;
#1983 = CARTESIAN_POINT ( 'NONE',  ( 21.80373651133527702, -10.30832712212200342, 2.000000000000000000 ) ) ;
#1984 = CARTESIAN_POINT ( 'NONE',  ( 20.81172461973596555, 10.92283569232046503, 2.000000000000000000 ) ) ;
#1985 = FACE_OUTER_BOUND ( 'NONE', #7782, .T. ) ;
#1986 = CARTESIAN_POINT ( 'NONE',  ( 19.31055424225242589, -15.54648119520596161, 2.000000000000000000 ) ) ;
#1987 = VECTOR ( 'NONE', #5471, 1000.000000000000000 ) ;
#1988 = CARTESIAN_POINT ( 'NONE',  ( 0.000000000000000000, 0.000000000000000000, -2.099999999999998757 ) ) ;
#1989 = ORIENTED_EDGE ( 'NONE', *, *, #6447, .T. ) ;
#1990 = EDGE_CURVE ( 'NONE', #353, #4663, #889, .T. ) ;
#1991 = CARTESIAN_POINT ( 'NONE',  ( -3.902347153244126510, -23.79992060087550598, 2.000000000000000000 ) ) ;
#1992 = CARTESIAN_POINT ( 'NONE',  ( -20.89282384029110062, 10.74542454372254063, 2.000000000000000000 ) ) ;
#1993 = CARTESIAN_POINT ( 'NONE',  ( -14.51573139705936377, -19.26027195864160291, 2.000000000000000000 ) ) ;
#1994 = CARTESIAN_POINT ( 'NONE',  ( 3.952016953262632804, -23.89496924813284906, 2.000000000000000000 ) ) ;
#1995 = CARTESIAN_POINT ( 'NONE',  ( 7.741715957670624704, 24.19699765967529004, -2.099999999999998757 ) ) ;
#1997 = CARTESIAN_POINT ( 'NONE',  ( 14.88619985382990407, -19.57897187542434736, -2.099999999999998757 ) ) ;
#1996 = CARTESIAN_POINT ( 'NONE',  ( 24.15260079455800835, -7.275001489028691815, 2.000000000000000000 ) ) ;
#1998 = CARTESIAN_POINT ( 'NONE',  ( 23.49332454121249825, -0.1947784575707308674, 2.000000000000000000 ) ) ;
#1999 = AXIS2_PLACEMENT_3D ( 'NONE', #1278, #7726, #1958 ) ;
#2000 = CARTESIAN_POINT ( 'NONE',  ( -23.15601641226234975, -6.742658068406544913, -2.099999999999998757 ) ) ;
#2001 = ADVANCED_FACE ( 'NONE', ( #4177 ), #4054, .F. ) ;
#2002 = EDGE_CURVE ( 'NONE', #2606, #7957, #67, .T. ) ;
#2003 = CARTESIAN_POINT ( 'NONE',  ( 18.96747865530085519, -19.95068825630392340, 2.000000000000000000 ) ) ;
#2004 = CARTESIAN_POINT ( 'NONE',  ( 14.51573139705936022, 19.26027195864160291, 2.000000000000000000 ) ) ;
#2005 = CIRCLE ( 'NONE', #6704, 28.00000000000000000 ) ;
#2006 = CARTESIAN_POINT ( 'NONE',  ( 18.70321540207055122, 15.22676155773648610, 2.000000000000000000 ) ) ;
#2007 = FACE_OUTER_BOUND ( 'NONE', #1934, .T. ) ;
#2008 = ORIENTED_EDGE ( 'NONE', *, *, #902, .F. ) ;
#2009 = DIRECTION ( 'NONE',  ( 0.000000000000000000, 0.000000000000000000, -1.000000000000000000 ) ) ;
#2010 = LINE ( 'NONE', #5833, #7879 ) ;
#2011 = CARTESIAN_POINT ( 'NONE',  ( -7.401289567513962275, 27.00409066674545500, -2.099999999999998757 ) ) ;
#2012 = DIRECTION ( 'NONE',  ( 0.000000000000000000, 0.000000000000000000, -1.000000000000000000 ) ) ;
#2013 = CARTESIAN_POINT ( 'NONE',  ( 24.15260079455800479, 7.275001489028714907, -2.099999999999999645 ) ) ;
#2014 = DIRECTION ( 'NONE',  ( 0.000000000000000000, 0.000000000000000000, -1.000000000000000000 ) ) ;
#2015 = CARTESIAN_POINT ( 'NONE',  ( 2.105634209995030925, 23.64010634127341959, -2.099999999999998757 ) ) ;
#2016 = EDGE_CURVE ( 'NONE', #4881, #1300, #6302, .T. ) ;
#2017 = ORIENTED_EDGE ( 'NONE', *, *, #4097, .F. ) ;
#2018 = CARTESIAN_POINT ( 'NONE',  ( 1.846803834033468039, -24.33438445894235613, 2.000000000000000000 ) ) ;
#2019 = CARTESIAN_POINT ( 'NONE',  ( 0.7237198720499520288, 27.99064497287975684, 2.000000000000000000 ) ) ;
#2020 = CARTESIAN_POINT ( 'NONE',  ( -17.25237999601838013, 16.29857992973628811, 2.000000000000000000 ) ) ;
#2021 = CARTESIAN_POINT ( 'NONE',  ( -27.50168352227332136, -4.167564993327574463, -2.099999999999999645 ) ) ;
#2022 = CARTESIAN_POINT ( 'NONE',  ( 12.36707919775608921, 25.12081464776632345, 2.000000000000000000 ) ) ;
#2023 = CARTESIAN_POINT ( 'NONE',  ( -18.96747870321462770, -19.95068840969567603, 2.000000000000000000 ) ) ;
#2024 = CARTESIAN_POINT ( 'NONE',  ( -13.66345410753368483, 19.13830577319235360, -2.099999999999998757 ) ) ;
#2025 = ORIENTED_EDGE ( 'NONE', *, *, #1652, .F. ) ;
#2026 = CARTESIAN_POINT ( 'NONE',  ( -7.650756190596020190, 25.73058353783936525, -2.099999999999998757 ) ) ;
#2027 = CARTESIAN_POINT ( 'NONE',  ( -7.720532692246925066, -23.84272921084244246, 2.000000000000000000 ) ) ;
#2028 = CARTESIAN_POINT ( 'NONE',  ( -23.32186741149923392, 4.882063647943431839, 2.000000000000000000 ) ) ;
#2029 = CARTESIAN_POINT ( 'NONE',  ( 22.85726476338737712, 5.433202019314306241, -2.099999999999998757 ) ) ;
#2030 = CARTESIAN_POINT ( 'NONE',  ( 22.73828148979403352, 10.53816474365924805, -2.099999999999998757 ) ) ;
#2031 = DIRECTION ( 'NONE',  ( -1.000000000000000000, 0.000000000000000000, 0.000000000000000000 ) ) ;
#2032 = CARTESIAN_POINT ( 'NONE',  ( 18.60089775827983871, -15.19605903441927630, -2.099999999999998757 ) ) ;
#2033 = CARTESIAN_POINT ( 'NONE',  ( -21.58843454132471606, -10.30659784155100844, -2.099999999999998757 ) ) ;
#2034 = EDGE_LOOP ( 'NONE', ( #3059, #1474 ) ) ;
#2035 = CARTESIAN_POINT ( 'NONE',  ( -3.781464864188896158, -23.62174820993211100, 2.000000000000000000 ) ) ;
#2036 = CARTESIAN_POINT ( 'NONE',  ( -22.44798333931210976, 13.70307343545945145, -2.099999999999999645 ) ) ;
#2037 = CARTESIAN_POINT ( 'NONE',  ( -13.02793750094271985, -20.86163776548603721, 2.000000000000000000 ) ) ;
#2038 = CARTESIAN_POINT ( 'NONE',  ( 1.824858090210271566, -24.72368248555339676, 2.000000000000000000 ) ) ;
#2039 = CARTESIAN_POINT ( 'NONE',  ( -22.62472946281712538, -16.49610842548440459, 2.000000000000000000 ) ) ;
#2041 = CARTESIAN_POINT ( 'NONE',  ( -14.60388312963064017, 19.32135064906642796, -2.099999999999998757 ) ) ;
#2040 = CARTESIAN_POINT ( 'NONE',  ( -12.84317218923419723, 20.29695877980780949, -2.099999999999998757 ) ) ;
#2042 = CARTESIAN_POINT ( 'NONE',  ( 24.76338133992250334, -1.168557790373921490, -2.099999999999998757 ) ) ;
#2043 = CARTESIAN_POINT ( 'NONE',  ( 23.74358889077459622, -4.778072828450329546, 2.000000000000000000 ) ) ;
#2044 = EDGE_CURVE ( 'NONE', #2771, #1578, #7539, .T. ) ;
#2045 = CARTESIAN_POINT ( 'NONE',  ( 13.58617081224543277, 23.15195374360799008, 2.000000000000000000 ) ) ;
#2046 = CARTESIAN_POINT ( 'NONE',  ( -4.852431640496120302, -25.84840584550507359, -2.099999999999998757 ) ) ;
#2047 = CARTESIAN_POINT ( 'NONE',  ( 18.25928954266904469, 15.16201400375275199, 2.000000000000000000 ) ) ;
#2048 = CARTESIAN_POINT ( 'NONE',  ( 17.83462167525290099, -17.40060223031303011, -2.099999999999998757 ) ) ;
#2049 = EDGE_LOOP ( 'NONE', ( #1396, #2790 ) ) ;
#2050 = CARTESIAN_POINT ( 'NONE',  ( -23.15601641226234619, 6.742658068406526262, -2.100000000000000089 ) ) ;
#2051 = CARTESIAN_POINT ( 'NONE',  ( -4.713207230075946441, 25.62151411210379948, -2.099999999999998757 ) ) ;
#2052 = CARTESIAN_POINT ( 'NONE',  ( -7.741715957670633586, 24.19699765967528649, -2.099999999999998757 ) ) ;
#2053 = CARTESIAN_POINT ( 'NONE',  ( -14.21926140100350722, 19.11953582679382535, 2.000000000000000000 ) ) ;
#2054 = CARTESIAN_POINT ( 'NONE',  ( 25.38450439115045043, 4.717739787684809727, 2.000000000000000000 ) ) ;
#2055 = DIRECTION ( 'NONE',  ( -1.000000000000000000, 0.000000000000000000, 0.000000000000000000 ) ) ;
#2056 = EDGE_CURVE ( 'NONE', #189, #7355, #3296, .T. ) ;
#2057 = DIRECTION ( 'NONE',  ( -1.000000000000000000, 0.000000000000000000, -0.000000000000000000 ) ) ;
#2058 = ORIENTED_EDGE ( 'NONE', *, *, #3223, .F. ) ;
#2059 = CARTESIAN_POINT ( 'NONE',  ( 3.902347153244135836, -23.79992060087550954, 2.000000000000000000 ) ) ;
#2060 = CARTESIAN_POINT ( 'NONE',  ( 4.144933467011459705, 24.44197433207706638, 2.000000000000000000 ) ) ;
#2061 = CARTESIAN_POINT ( 'NONE',  ( 3.612999446203297715, -23.45707906485272431, -2.099999999999998757 ) ) ;
#2062 = CARTESIAN_POINT ( 'NONE',  ( 18.62447386782099912, 18.94171889292492850, 2.000000000000000000 ) ) ;
#2063 = CARTESIAN_POINT ( 'NONE',  ( -25.56471904745757939, -1.411662356313491795, 2.000000000000000000 ) ) ;
#2064 = CARTESIAN_POINT ( 'NONE',  ( 24.76338133992250334, -1.168557790373921490, -2.099999999999998757 ) ) ;
#2065 = CARTESIAN_POINT ( 'NONE',  ( 8.993578510876917065, 21.86672564825609655, 2.000000000000000000 ) ) ;
#2066 = EDGE_LOOP ( 'NONE', ( #5656, #7496, #3674, #4548 ) ) ;
#2067 = CARTESIAN_POINT ( 'NONE',  ( -7.523321106999707020, -26.48008413692521046, -2.099999999999998757 ) ) ;
#2068 = CARTESIAN_POINT ( 'NONE',  ( 12.36707959469692852, -25.12081492106558045, -2.099999999999998757 ) ) ;
#2069 = CARTESIAN_POINT ( 'NONE',  ( 25.19179192507393239, 1.283507464112907170, 2.000000000000000000 ) ) ;
#2070 = CARTESIAN_POINT ( 'NONE',  ( 21.23211141880578623, -10.40363348579838565, 2.000000000000000000 ) ) ;
#2071 = CARTESIAN_POINT ( 'NONE',  ( -18.12539239010960657, 15.18249965295455794, -2.099999999999998757 ) ) ;
#2072 = CARTESIAN_POINT ( 'NONE',  ( 22.46994110604167005, -10.47341059000766350, -2.099999999999998757 ) ) ;
#2073 = B_SPLINE_CURVE_WITH_KNOTS ( 'NONE', 3,
 ( #7127, #2792, #7293, #5321, #812, #898, #221, #2121, #1356, #4010, #5949, #6619, #3288, #4592, #177, #4684, #90, #5908, #5863, #3417, #5234, #5991, #7803, #5367, #2165, #1527, #7166, #1398, #3963, #6536, #2707, #7842, #2078, #2871, #2912, #1732, #2204, #425, #3584, #1098, #7498, #6863, #2289, #6233, #463, #3664, #343, #4769, #4933, #3029, #385, #5528, #4810, #1607, #7377 ),
 .UNSPECIFIED., .F., .F.,
 ( 4, 1, 1, 1, 1, 1, 1, 1, 1, 1, 1, 1, 1, 1, 1, 1, 1, 1, 1, 1, 1, 1, 1, 1, 1, 1, 1, 1, 1, 1, 1, 1, 1, 1, 1, 1, 1, 1, 1, 1, 1, 1, 1, 1, 1, 1, 1, 1, 1, 1, 1, 1, 4 ),
 ( 0.01037066611189058594, 0.06767854499841063909, 0.09884629602760419687, 0.1282330327458525154, 0.1558387551553857275, 0.1816634632588947085, 0.2057071570596702426, 0.2279698365617903733, 0.2484515017703998740, 0.2671521526921104561, 0.2840717893356237145, 0.2992104117127123430, 0.3125680198398570475, 0.3241446137411453376, 0.3339401934538046568, 0.3662021699428077426, 0.3760430630535975816, 0.3856763336118151919, 0.3952492422856396237, 0.4049624801021072251, 0.4150869914083012979, 0.4259748013331243199, 0.4380386266454286970, 0.4516469595390830150, 0.4668849008038623571, 0.4803437228220495125, 0.4999999999999997780, 0.5196562771779499323, 0.5331150991961371988, 0.5483530404609165965, 0.5619613733545708589, 0.5740251986668751805, 0.5849130085916982580, 0.5950375198978923308, 0.6047507577143599322, 0.6143236663881842530, 0.6239569369464019744, 0.6337978300571918133, 0.6660598065461948991, 0.6758553862588542183, 0.6874319801601425084, 0.7007895882872872129, 0.7159282106643759525, 0.7328478473078892108, 0.7515484982295997929, 0.7720301634382092937, 0.7942928429403295354, 0.8183365367411050695, 0.8441612448446141892, 0.8717669672541473735, 0.9011537039723956921, 0.9323214550015892499, 0.9896293338881112511 ),
 .UNSPECIFIED. ) ;
#2074 = CARTESIAN_POINT ( 'NONE',  ( 17.25657676350752823, -16.16318976602639168, 2.000000000000000000 ) ) ;
#2075 = CARTESIAN_POINT ( 'NONE',  ( -4.310684217927233775, -24.85340566964549325, 2.000000000000000000 ) ) ;
#2076 = VERTEX_POINT ( 'NONE', #4331 ) ;
#2077 = CARTESIAN_POINT ( 'NONE',  ( 17.26619031893427447, 16.42019235248055509, -2.099999999999998757 ) ) ;
#2078 = CARTESIAN_POINT ( 'NONE',  ( -7.701896059577412856, -22.44925656542958592, -2.099999999999998757 ) ) ;
#2079 = DIRECTION ( 'NONE',  ( 1.000000000000000000, 0.000000000000000000, 0.000000000000000000 ) ) ;
#2080 = CARTESIAN_POINT ( 'NONE',  ( 2.320354714939433460, -23.45074361513812278, 2.000000000000000000 ) ) ;
#2081 = CARTESIAN_POINT ( 'NONE',  ( -5.183190230475061000, 26.33878392258043277, 2.000000000000000000 ) ) ;
#2083 = CARTESIAN_POINT ( 'NONE',  ( -17.12241726305228084, 21.05518411798320955, 2.000000000000000000 ) ) ;
#2082 = CARTESIAN_POINT ( 'NONE',  ( -13.96529143882091439, 19.07901412642182848, -2.099999999999998757 ) ) ;
#2084 = CARTESIAN_POINT ( 'NONE',  ( 23.51224346894561990, 0.3730054609666962895, 2.000000000000000000 ) ) ;
#2085 = CARTESIAN_POINT ( 'NONE',  ( 24.45163473737931881, -4.792937194118069399, 2.000000000000000000 ) ) ;
#2086 = B_SPLINE_SURFACE_WITH_KNOTS ( 'NONE', 3, 1, ( 
 ( #4623, #3995 ),
 ( #8173, #5653 ),
 ( #8213, #7581 ),
 ( #1817, #4377 ),
 ( #5266, #3322 ),
 ( #5100, #3113 ),
 ( #2533, #5688 ),
 ( #8250, #3792 ),
 ( #6946, #2489 ),
 ( #3155, #5059 ),
 ( #7626, #1857 ),
 ( #4418, #5353 ),
 ( #965, #3530 ),
 ( #4163, #294 ),
 ( #2821, #8035 ),
 ( #1513, #6645 ),
 ( #6020, #330 ),
 ( #4715, #7914 ),
 ( #3449, #2152 ),
 ( #7320, #5308 ),
 ( #6097, #4670 ),
 ( #6730, #2230 ),
 ( #2275, #6607 ),
 ( #7869, #4040 ),
 ( #883, #4079 ),
 ( #7240, #2899 ),
 ( #927, #3405 ),
 ( #5395, #4200 ),
 ( #5472, #6687 ),
 ( #2779, #801 ),
 ( #1554, #7363 ),
 ( #1473, #4839 ),
 ( #2108, #7405 ),
 ( #1634, #252 ),
 ( #4124, #3362 ),
 ( #840, #5977 ),
 ( #7996, #3492 ),
 ( #5937, #166 ),
 ( #2734, #7956 ),
 ( #2859, #4756 ),
 ( #6061, #2193 ),
 ( #7281, #207 ),
 ( #5431, #4798 ),
 ( #1595, #7526 ),
 ( #6930, #2941 ),
 ( #493, #6308 ),
 ( #3096, #6852 ),
 ( #1801, #5004 ),
 ( #4358, #2472 ),
 ( #1760, #7485 ),
 ( #1171, #535 ),
 ( #6142, #3058 ),
 ( #5673, #8235 ),
 ( #5041, #7605 ),
 ( #4920, #6768 ) ),
 .UNSPECIFIED., .F., .F., .F.,
 ( 4, 1, 1, 1, 1, 1, 1, 1, 1, 1, 1, 1, 1, 1, 1, 1, 1, 1, 1, 1, 1, 1, 1, 1, 1, 1, 1, 1, 1, 1, 1, 1, 1, 1, 1, 1, 1, 1, 1, 1, 1, 1, 1, 1, 1, 1, 1, 1, 1, 1, 1, 1, 4 ),
 ( 2, 2 ),
 ( 0.01037066610069772507, 0.06767854499841075011, 0.09884629602760430789, 0.1282330327458526265, 0.1558387551553858108, 0.1816634632588949305, 0.2057071570596704646, 0.2279698365617907063, 0.2484515017704002071, 0.2671521526921107892, 0.2840717893356240475, 0.2992104117127127871, 0.3125680198398574916, 0.3241446137411457817, 0.3339401934538051009, 0.3662021699428081867, 0.3760430630535980256, 0.3856763336118157470, 0.3952492422856400678, 0.4049624801021076692, 0.4150869914083017420, 0.4259748013331248195, 0.4380386266454291411, 0.4516469595390834035, 0.4668849008038628012, 0.4803437228220500677, 0.5000000000000002220, 0.5196562771779504875, 0.5331150991961376429, 0.5483530404609170406, 0.5619613733545713030, 0.5740251986668756246, 0.5849130085916987021, 0.5950375198978927749, 0.6047507577143603763, 0.6143236663881848081, 0.6239569369464024184, 0.6337978300571922574, 0.6660598065461953432, 0.6758553862588546624, 0.6874319801601429525, 0.7007895882872876570, 0.7159282106643762855, 0.7328478473078895439, 0.7515484982296001260, 0.7720301634382096267, 0.7942928429403297574, 0.8183365367411052915, 0.8441612448446143002, 0.8717669672541474846, 0.9011537039723958031, 0.9323214550015893609, 0.9955048858948387647 ),
 ( 0.000000000000000000, 1.000000000000000000 ),
 .UNSPECIFIED. ) ;
#2087 = CARTESIAN_POINT ( 'NONE',  ( 17.42017265760604516, -16.82633584436268848, 2.000000000000000000 ) ) ;
#2088 = CARTESIAN_POINT ( 'NONE',  ( -3.846120836016032385, -23.70909028424117437, -2.099999999999998757 ) ) ;
#2089 = CARTESIAN_POINT ( 'NONE',  ( 18.38167992440536835, 15.16106487615013521, -2.099999999999999645 ) ) ;
#2090 = CARTESIAN_POINT ( 'NONE',  ( 18.40868586258353190, -18.43357243192680528, -2.099999999999998757 ) ) ;
#2091 = ORIENTED_EDGE ( 'NONE', *, *, #4326, .F. ) ;
#2092 = CARTESIAN_POINT ( 'NONE',  ( 25.70517131636681185, -10.62804675829313439, -2.099999999999999645 ) ) ;
#2093 = CARTESIAN_POINT ( 'NONE',  ( -21.38382933992361501, -12.54282366362884815, -2.099999999999998757 ) ) ;
#2094 = CARTESIAN_POINT ( 'NONE',  ( -7.705310163655084033, 23.69563005194943273, -2.099999999999998757 ) ) ;
#2095 = PLANE ( 'NONE',  #217 ) ;
#2096 = CARTESIAN_POINT ( 'NONE',  ( 26.16863607189503682, 4.567518758412593805, -2.099999999999999645 ) ) ;
#2097 = CARTESIAN_POINT ( 'NONE',  ( -24.76338133992250690, -1.168557790373924821, 2.000000000000000000 ) ) ;
#2098 = AXIS2_PLACEMENT_3D ( 'NONE', #3367, #3535, #806 ) ;
#2099 = DIRECTION ( 'NONE',  ( 0.000000000000000000, 0.000000000000000000, -1.000000000000000000 ) ) ;
#2100 = EDGE_LOOP ( 'NONE', ( #3429, #3078 ) ) ;
#2101 = CARTESIAN_POINT ( 'NONE',  ( 1.939597136465246008, -23.94058417290087348, 2.000000000000000000 ) ) ;
#2102 = CARTESIAN_POINT ( 'NONE',  ( 5.008822010445473261, 26.08776424953686757, 2.000000000000000000 ) ) ;
#2103 = CARTESIAN_POINT ( 'NONE',  ( 3.359200862297590628, -23.32460485566309316, -2.099999999999998757 ) ) ;
#2104 = CARTESIAN_POINT ( 'NONE',  ( 18.30266578660392796, 18.21105589998884611, 2.000000000000000000 ) ) ;
#2105 = CARTESIAN_POINT ( 'NONE',  ( -23.51224346894562345, 0.3730054609666941245, -2.099999999999998757 ) ) ;
#2106 = CIRCLE ( 'NONE', #3447, 28.00000000000000000 ) ;
#2107 = DIRECTION ( 'NONE',  ( 0.000000000000000000, 0.000000000000000000, -1.000000000000000000 ) ) ;
#2108 = CARTESIAN_POINT ( 'NONE',  ( -14.10020032022225323, -19.09116743896564117, 2.000000000000000000 ) ) ;
#2109 = ORIENTED_EDGE ( 'NONE', *, *, #3661, .T. ) ;
#2110 = CARTESIAN_POINT ( 'NONE',  ( -13.25426296490209310, -21.46155364981478897, -2.099999999999998757 ) ) ;
#2111 = AXIS2_PLACEMENT_3D ( 'NONE', #5320, #6659, #3541 ) ;
#2112 = CARTESIAN_POINT ( 'NONE',  ( -9.484645845787888163, -22.17444536155052504, 2.000000000000000000 ) ) ;
#2113 = CARTESIAN_POINT ( 'NONE',  ( -25.52197998938346757, 8.320188513921030093, 2.000000000000000000 ) ) ;
#2114 = CYLINDRICAL_SURFACE ( 'NONE', #2098, 1.749999999999996447 ) ;
#2115 = CARTESIAN_POINT ( 'NONE',  ( -17.35181857730701083, 15.87069998699208107, -2.099999999999998757 ) ) ;
#2116 = CARTESIAN_POINT ( 'NONE',  ( 23.29246673278348823, -10.63055238855664619, -2.099999999999998757 ) ) ;
#2117 = CARTESIAN_POINT ( 'NONE',  ( 18.25928954266904825, -15.16201400375273067, -2.099999999999998757 ) ) ;
#2118 = CARTESIAN_POINT ( 'NONE',  ( -20.94077984017082983, -12.16847291378769924, -2.099999999999998757 ) ) ;
#2119 = VERTEX_POINT ( 'NONE', #6319 ) ;
#2120 = CARTESIAN_POINT ( 'NONE',  ( 0.000000000000000000, 0.000000000000000000, -2.099999999999998757 ) ) ;
#2121 = CARTESIAN_POINT ( 'NONE',  ( -10.70787966366669330, -23.74905515802277378, -2.099999999999998757 ) ) ;
#2122 = CARTESIAN_POINT ( 'NONE',  ( -20.61769535193586478, -11.41192623884528601, 2.000000000000000000 ) ) ;
#2123 = CARTESIAN_POINT ( 'NONE',  ( -3.952016953262640797, 23.89496924813284906, 2.000000000000000000 ) ) ;
#2125 = CARTESIAN_POINT ( 'NONE',  ( -15.87213422487472947, 20.36431896814133680, 2.000000000000000000 ) ) ;
#2124 = CARTESIAN_POINT ( 'NONE',  ( 15.87213422487472947, -20.36431896814133680, 2.000000000000000000 ) ) ;
#2126 = CARTESIAN_POINT ( 'NONE',  ( -23.58537593626265050, -6.976039544898380740, -2.099999999999998757 ) ) ;
#2127 = CIRCLE ( 'NONE', #6819, 1.750000000000001554 ) ;
#2128 = CARTESIAN_POINT ( 'NONE',  ( 19.05257563431085543, -20.26599507124434751, 2.000000000000000000 ) ) ;
#2129 = CARTESIAN_POINT ( 'NONE',  ( -5.855490625420831208, -27.19235995333593081, -2.099999999999998757 ) ) ;
#2130 = CARTESIAN_POINT ( 'NONE',  ( 8.843531895616193239, -21.84292484346595842, 2.000000000000000000 ) ) ;
#2131 = CARTESIAN_POINT ( 'NONE',  ( 18.00520414013334403, -17.66596715945036777, -2.099999999999998757 ) ) ;
#2132 = CIRCLE ( 'NONE', #7373, 1.749999999999999778 ) ;
#2133 = VERTEX_POINT ( 'NONE', #546 ) ;
#2134 = CARTESIAN_POINT ( 'NONE',  ( 24.62078186107714117, -10.69645268464870824, 2.000000000000000000 ) ) ;
#2135 = CARTESIAN_POINT ( 'NONE',  ( -20.86952096496492004, -12.08832612917523264, -2.099999999999998757 ) ) ;
#2136 = CARTESIAN_POINT ( 'NONE',  ( -8.148726673636449647, 22.03570943365874157, -2.099999999999998757 ) ) ;
#2137 = DIRECTION ( 'NONE',  ( 1.000000000000000000, 0.000000000000000000, 0.000000000000000000 ) ) ;
#2138 = CARTESIAN_POINT ( 'NONE',  ( 10.25081980592598541, 23.24542008693366313, 2.000000000000000000 ) ) ;
#2139 = CARTESIAN_POINT ( 'NONE',  ( 23.93435179486865749, 4.766524473500989956, -2.099999999999999645 ) ) ;
#2140 = EDGE_CURVE ( 'NONE', #6980, #2981, #8168, .T. ) ;
#2141 = CARTESIAN_POINT ( 'NONE',  ( -24.37956700134304100, -1.099847363974311154, 2.000000000000000000 ) ) ;
#2142 = CARTESIAN_POINT ( 'NONE',  ( 3.612999446203277287, 23.45707906485273497, -2.099999999999998757 ) ) ;
#2143 = LINE ( 'NONE', #956, #6564 ) ;
#2144 = ORIENTED_EDGE ( 'NONE', *, *, #4976, .T. ) ;
#2145 = CARTESIAN_POINT ( 'NONE',  ( 1.623578263684214873, -25.76808346599204924, -2.099999999999998757 ) ) ;
#2146 = CARTESIAN_POINT ( 'NONE',  ( 0.000000000000000000, 0.000000000000000000, -2.099999999999998757 ) ) ;
#2147 = CARTESIAN_POINT ( 'NONE',  ( -19.10294300318479088, -20.47138356506643575, 2.000000000000000000 ) ) ;
#2148 = CARTESIAN_POINT ( 'NONE',  ( 24.59949625084632174, -4.790317889056099787, -2.099999999999998757 ) ) ;
#2149 = CARTESIAN_POINT ( 'NONE',  ( -24.09676835437406694, -1.005131229266923665, 2.000000000000000000 ) ) ;
#2150 = ADVANCED_FACE ( 'NONE', ( #1140 ), #4372, .F. ) ;
#2151 = CARTESIAN_POINT ( 'NONE',  ( 23.55944914529948520, 0.5232380683118310616, -2.099999999999998757 ) ) ;
#2152 = CARTESIAN_POINT ( 'NONE',  ( -12.86131782747429853, -20.40223119301177590, -2.099999999999999645 ) ) ;
#2153 = ORIENTED_EDGE ( 'NONE', *, *, #3173, .T. ) ;
#2154 = CARTESIAN_POINT ( 'NONE',  ( -13.64897234715404473, -24.23668220204246992, -2.099999999999998757 ) ) ;
#2155 = CARTESIAN_POINT ( 'NONE',  ( -7.733573568718044910, -24.87706067138157806, 2.000000000000000000 ) ) ;
#2156 = CARTESIAN_POINT ( 'NONE',  ( 23.49332454121249825, 0.1947784575707320609, 2.000000000000000000 ) ) ;
#2157 = CARTESIAN_POINT ( 'NONE',  ( 21.48061666422703553, -12.62686802027752719, 2.000000000000000000 ) ) ;
#2158 = CARTESIAN_POINT ( 'NONE',  ( -25.75863198250609898, -8.543467069173807715, -2.099999999999999645 ) ) ;
#2159 = CARTESIAN_POINT ( 'NONE',  ( 23.51784779677759474, -10.65556037457646177, -2.099999999999998757 ) ) ;
#2160 = B_SPLINE_SURFACE_WITH_KNOTS ( 'NONE', 3, 1, ( 
 ( #5405, #1443 ),
 ( #7252, #4051 ),
 ( #6618, #7969 ),
 ( #4135, #938 ),
 ( #3416, #2791 ),
 ( #7927, #2164 ),
 ( #304, #424 ),
 ( #6276, #6821 ),
 ( #4931, #8164 ),
 ( #3583, #8122 ),
 ( #6899, #5012 ),
 ( #2444, #2989 ),
 ( #342, #6152 ),
 ( #5564, #3068 ),
 ( #1058, #4328 ),
 ( #2911, #2365 ),
 ( #7574, #505 ),
 ( #4252, #7497 ),
 ( #5646, #1646 ),
 ( #8204, #1731 ),
 ( #3624, #6110 ),
 ( #1809, #6862 ),
 ( #3028, #4369 ),
 ( #6939, #1179 ),
 ( #6194, #2408 ),
 ( #4211, #7416 ),
 ( #4972, #6779 ),
 ( #7536, #5485 ),
 ( #8048, #4291 ),
 ( #1097, #2288 ),
 ( #4850, #1015 ),
 ( #3663, #6232 ),
 ( #2951, #462 ),
 ( #384, #5527 ),
 ( #1686, #1772 ),
 ( #8085, #5606 ),
 ( #1137, #3703 ),
 ( #2325, #4889 ),
 ( #7452, #3784 ),
 ( #6483, #3910 ),
 ( #711, #3825 ),
 ( #3234, #6398 ),
 ( #626, #7068 ),
 ( #6354, #6981 ),
 ( #4410, #3278 ),
 ( #5177, #1301 ),
 ( #7791, #583 ),
 ( #1217, #1256 ),
 ( #3147, #5724 ),
 ( #3191, #5767 ),
 ( #7156, #2026 ),
 ( #4494, #81 ),
 ( #5850, #8285 ),
 ( #2653, #1935 ),
 ( #7749, #8326 ) ),
 .UNSPECIFIED., .F., .F., .F.,
 ( 4, 1, 1, 1, 1, 1, 1, 1, 1, 1, 1, 1, 1, 1, 1, 1, 1, 1, 1, 1, 1, 1, 1, 1, 1, 1, 1, 1, 1, 1, 1, 1, 1, 1, 1, 1, 1, 1, 1, 1, 1, 1, 1, 1, 1, 1, 1, 1, 1, 1, 1, 1, 4 ),
 ( 2, 2 ),
 ( 0.01037066610069728445, 0.06767854499841075011, 0.09884629602760430789, 0.1282330327458526265, 0.1558387551553858108, 0.1816634632588949305, 0.2057071570596704646, 0.2279698365617907063, 0.2484515017704002071, 0.2671521526921107892, 0.2840717893356240475, 0.2992104117127127871, 0.3125680198398574916, 0.3241446137411457817, 0.3339401934538051009, 0.3662021699428081867, 0.3760430630535980256, 0.3856763336118157470, 0.3952492422856400678, 0.4049624801021076692, 0.4150869914083017420, 0.4259748013331248195, 0.4380386266454291411, 0.4516469595390834035, 0.4668849008038628012, 0.4803437228220500677, 0.5000000000000002220, 0.5196562771779504875, 0.5331150991961376429, 0.5483530404609170406, 0.5619613733545713030, 0.5740251986668756246, 0.5849130085916987021, 0.5950375198978927749, 0.6047507577143603763, 0.6143236663881848081, 0.6239569369464024184, 0.6337978300571922574, 0.6660598065461953432, 0.6758553862588546624, 0.6874319801601429525, 0.7007895882872876570, 0.7159282106643762855, 0.7328478473078895439, 0.7515484982296001260, 0.7720301634382096267, 0.7942928429403297574, 0.8183365367411052915, 0.8441612448446143002, 0.8717669672541474846, 0.9011537039723958031, 0.9323214550015893609, 0.9955048858948352120 ),
 ( 0.000000000000000000, 1.000000000000000000 ),
 .UNSPECIFIED. ) ;
#2161 = CARTESIAN_POINT ( 'NONE',  ( 18.73200657000872482, -19.22781655172587634, -2.099999999999998757 ) ) ;
#2162 = CARTESIAN_POINT ( 'NONE',  ( -21.10401706161571767, -10.48531763796957428, -2.099999999999998757 ) ) ;
#2163 = ORIENTED_EDGE ( 'NONE', *, *, #1095, .T. ) ;
#2164 = CARTESIAN_POINT ( 'NONE',  ( -11.10648537714067707, 24.13101166629979488, -2.099999999999998757 ) ) ;
#2165 = CARTESIAN_POINT ( 'NONE',  ( -8.843531895616186134, -21.84292484346596197, -2.099999999999998757 ) ) ;
#2166 = FACE_BOUND ( 'NONE', #4590, .T. ) ;
#2167 = CARTESIAN_POINT ( 'NONE',  ( -20.74579233589062355, -11.91211842489101791, 2.000000000000000000 ) ) ;
#2168 = CARTESIAN_POINT ( 'NONE',  ( 15.12400615833752582, -19.80199803049035268, 2.000000000000000000 ) ) ;
#2169 = CARTESIAN_POINT ( 'NONE',  ( -25.29380829876430425, -8.116834556469576967, -2.099999999999998757 ) ) ;
#2170 = CARTESIAN_POINT ( 'NONE',  ( 14.32589460713081664, 19.15868494228939056, 2.000000000000000000 ) ) ;
#2171 = CARTESIAN_POINT ( 'NONE',  ( 14.88619985382989519, 19.57897187542435447, -2.099999999999998757 ) ) ;
#2172 = CARTESIAN_POINT ( 'NONE',  ( 10.13323285654344197, -23.09959661296539224, 2.000000000000000000 ) ) ;
#2173 = CARTESIAN_POINT ( 'NONE',  ( 18.25928954266904825, -15.16201400375273067, -2.099999999999998757 ) ) ;
#2174 = VERTEX_POINT ( 'NONE', #8246 ) ;
#2175 = CARTESIAN_POINT ( 'NONE',  ( 24.31514428139131923, -10.69735948946558679, 2.000000000000000000 ) ) ;
#2176 = CARTESIAN_POINT ( 'NONE',  ( -21.58843454132471606, -10.30659784155100844, 2.000000000000000000 ) ) ;
#2177 = CARTESIAN_POINT ( 'NONE',  ( 13.55023046621763783, -22.84843530275376011, 2.000000000000000000 ) ) ;
#2178 = DIRECTION ( 'NONE',  ( 0.000000000000000000, -0.000000000000000000, -1.000000000000000000 ) ) ;
#2179 = CARTESIAN_POINT ( 'NONE',  ( 11.92825694638515088, 24.80951218106819667, -2.099999999999997868 ) ) ;
#2180 = B_SPLINE_CURVE_WITH_KNOTS ( 'NONE', 3,
 ( #2019, #745, #5348, #5843, #2816, #7315, #4750, #159, #5303, #2773, #4118, #1548, #4710, #3314, #5972, #703, #71, #7908, #2646, #5216, #7276, #1508, #4074, #7863, #3443, #7149, #877, #7784, #6015, #1380, #7235, #4035, #5888, #113, #2689, #3399, #6640, #3944, #5259, #7825, #2060, #4617, #7189, #1424, #3990, #6560, #795, #3356, #5932, #2102, #4665, #5587, #2973, #7398, #4195 ),
 .UNSPECIFIED., .F., .F.,
 ( 4, 1, 1, 1, 1, 1, 1, 1, 1, 1, 1, 1, 1, 1, 1, 1, 1, 1, 1, 1, 1, 1, 1, 1, 1, 1, 1, 1, 1, 1, 1, 1, 1, 1, 1, 1, 1, 1, 1, 1, 1, 1, 1, 1, 1, 1, 1, 1, 1, 1, 1, 1, 4 ),
 ( 0.01037070964479148809, 0.06767854499841075011, 0.09884629602760430789, 0.1282330327458526265, 0.1558387551553858108, 0.1816634632588949305, 0.2057071570596704368, 0.2279698365617907063, 0.2484515017704002071, 0.2671521526921107892, 0.2840717893356240475, 0.2992104117127127871, 0.3125680198398574916, 0.3241446137411457817, 0.3339401934538051009, 0.3662021699428081867, 0.3760430630535980256, 0.3856763336118157470, 0.3952492422856400678, 0.4049624801021076692, 0.4150869914083017420, 0.4259748013331248195, 0.4380386266454291411, 0.4516469595390834035, 0.4668849008038628012, 0.4803437228220500677, 0.5000000000000002220, 0.5196562771779504875, 0.5331150991961376429, 0.5483530404609170406, 0.5619613733545713030, 0.5740251986668756246, 0.5849130085916987021, 0.5950375198978927749, 0.6047507577143603763, 0.6143236663881848081, 0.6239569369464024184, 0.6337978300571922574, 0.6660598065461953432, 0.6758553862588546624, 0.6874319801601429525, 0.7007895882872876570, 0.7159282106643762855, 0.7328478473078895439, 0.7515484982296001260, 0.7720301634382096267, 0.7942928429403297574, 0.8183365367411052915, 0.8441612448446143002, 0.8717669672541474846, 0.9011537039723958031, 0.9323214550015893609, 0.9896292903552001974 ),
 .UNSPECIFIED. ) ;
#2181 = EDGE_CURVE ( 'NONE', #833, #6081, #7330, .T. ) ;
#2182 = CARTESIAN_POINT ( 'NONE',  ( -17.45584392081710945, -15.72474958968643044, 2.000000000000000000 ) ) ;
#2183 = CARTESIAN_POINT ( 'NONE',  ( -27.05471844848150198, -2.130765319231059607, 2.000000000000000000 ) ) ;
#2184 = CARTESIAN_POINT ( 'NONE',  ( 3.705239350424536671, 23.53752846792088960, 2.000000000000000000 ) ) ;
#2185 = CARTESIAN_POINT ( 'NONE',  ( 27.87379644711745996, -2.655456283891108882, 2.000000000000000000 ) ) ;
#2186 = ORIENTED_EDGE ( 'NONE', *, *, #2235, .T. ) ;
#2187 = CARTESIAN_POINT ( 'NONE',  ( 3.025165651672266254, -23.29855380546641186, 2.000000000000000000 ) ) ;
#2188 = DIRECTION ( 'NONE',  ( 0.000000000000000000, 0.000000000000000000, -1.000000000000000000 ) ) ;
#2189 = DIRECTION ( 'NONE',  ( -0.000000000000000000, 0.000000000000000000, -1.000000000000000000 ) ) ;
#2190 = CARTESIAN_POINT ( 'NONE',  ( 26.77848301813143905, -4.405768766048591800, -2.099999999999998757 ) ) ;
#2191 = CARTESIAN_POINT ( 'NONE',  ( -23.63491054742290132, -0.6550942090464579870, 2.000000000000000000 ) ) ;
#2192 = CARTESIAN_POINT ( 'NONE',  ( 23.51224346894561990, 0.3730054609666962895, -2.099999999999998757 ) ) ;
#2193 = CARTESIAN_POINT ( 'NONE',  ( -15.02890815691218407, -19.71604682249877882, -2.099999999999999645 ) ) ;
#2194 = ORIENTED_EDGE ( 'NONE', *, *, #6727, .T. ) ;
#2195 = CARTESIAN_POINT ( 'NONE',  ( -14.10020032022225323, -19.09116743896564117, -2.099999999999998757 ) ) ;
#2196 = CARTESIAN_POINT ( 'NONE',  ( -25.15968768847577408, 4.747395707336121262, 2.000000000000000000 ) ) ;
#2197 = CARTESIAN_POINT ( 'NONE',  ( 25.36983614870255366, 1.341743455198749269, 2.000000000000000000 ) ) ;
#2198 = LINE ( 'NONE', #3497, #340 ) ;
#2199 = CARTESIAN_POINT ( 'NONE',  ( -20.07157227525354060, 15.89590000543996595, -2.099999999999998757 ) ) ;
#2200 = CARTESIAN_POINT ( 'NONE',  ( 23.76349960547259599, -10.67578541799515612, -2.099999999999998757 ) ) ;
#2201 = CARTESIAN_POINT ( 'NONE',  ( -23.44696917791852542, -15.30488929622617533, -2.099999999999998757 ) ) ;
#2202 = ORIENTED_EDGE ( 'NONE', *, *, #2829, .T. ) ;
#2203 = CARTESIAN_POINT ( 'NONE',  ( 18.96747870320230689, 19.95068840965625512, -2.099999999999998757 ) ) ;
#2204 = CARTESIAN_POINT ( 'NONE',  ( -7.605017794998031100, -22.88729425358476988, -2.099999999999998757 ) ) ;
#2205 = CARTESIAN_POINT ( 'NONE',  ( 0.000000000000000000, 0.000000000000000000, -2.099999999999998757 ) ) ;
#2206 = CARTESIAN_POINT ( 'NONE',  ( -21.98040231662191246, -13.13048226772782634, 2.000000000000000000 ) ) ;
#2207 = CARTESIAN_POINT ( 'NONE',  ( 13.50856635788135840, -22.56556696682679686, 2.000000000000000000 ) ) ;
#2208 = CARTESIAN_POINT ( 'NONE',  ( 22.91828645517601615, -5.264681564480667042, -2.099999999999998757 ) ) ;
#2209 = EDGE_CURVE ( 'NONE', #4964, #5346, #5457, .T. ) ;
#2210 = FACE_OUTER_BOUND ( 'NONE', #1685, .T. ) ;
#2211 = FACE_BOUND ( 'NONE', #2705, .T. ) ;
#2212 = CARTESIAN_POINT ( 'NONE',  ( -13.09924240491749003, -14.84924240491749892, -3.599999999999998757 ) ) ;
#2213 = CARTESIAN_POINT ( 'NONE',  ( 17.26619031893428513, -16.42019235248054443, -2.099999999999998757 ) ) ;
#2214 = ORIENTED_EDGE ( 'NONE', *, *, #6679, .F. ) ;
#2215 = CARTESIAN_POINT ( 'NONE',  ( 23.76349960547259599, -10.67578541799515612, 2.000000000000000000 ) ) ;
#2216 = CARTESIAN_POINT ( 'NONE',  ( -22.90269961712299462, -10.57072003481731137, 2.000000000000000000 ) ) ;
#2217 = CARTESIAN_POINT ( 'NONE',  ( 17.82169923030496861, 21.35645679509421768, -2.099999999999998757 ) ) ;
#2218 = LINE ( 'NONE', #6126, #7338 ) ;
#2219 = CARTESIAN_POINT ( 'NONE',  ( -18.62447386782100267, -18.94171889292492850, -2.099999999999998757 ) ) ;
#2220 = CARTESIAN_POINT ( 'NONE',  ( 19.25000000000000355, 2.602085213965210642E-15, 2.100000000000001865 ) ) ;
#2221 = CARTESIAN_POINT ( 'NONE',  ( 1.939597136465224247, 23.94058417290086638, 2.000000000000000000 ) ) ;
#2222 = CARTESIAN_POINT ( 'NONE',  ( 1.270707428516364201, 26.81384534371724371, -2.099999999999998757 ) ) ;
#2223 = EDGE_LOOP ( 'NONE', ( #5665, #5224 ) ) ;
#2224 = LINE ( 'NONE', #6722, #4918 ) ;
#2225 = SURFACE_STYLE_FILL_AREA ( #3013 ) ;
#2226 = CARTESIAN_POINT ( 'NONE',  ( 3.705239350424557987, -23.53752846792088604, -2.099999999999998757 ) ) ;
#2227 = CARTESIAN_POINT ( 'NONE',  ( 25.15968768847577763, -4.747395707336129256, -2.099999999999998757 ) ) ;
#2228 = CARTESIAN_POINT ( 'NONE',  ( -24.09676835437406339, 1.005131229266917225, 2.000000000000000000 ) ) ;
#2229 = CARTESIAN_POINT ( 'NONE',  ( -13.64313002038035805, 23.93181587041764402, -2.099999999999998757 ) ) ;
#2230 = CARTESIAN_POINT ( 'NONE',  ( -12.83485696772680029, -20.07512121109398251, -2.099999999999999645 ) ) ;
#2231 = EDGE_LOOP ( 'NONE', ( #7748, #2644, #4398, #4242 ) ) ;
#2232 = CARTESIAN_POINT ( 'NONE',  ( -12.83485696772680029, -20.07512121109398251, -2.099999999999998757 ) ) ;
#2233 = CARTESIAN_POINT ( 'NONE',  ( 8.673617379884035472E-15, -21.00000000000000000, 2.100000000000001865 ) ) ;
#2234 = CARTESIAN_POINT ( 'NONE',  ( 0.000000000000000000, 0.000000000000000000, 2.000000000000000000 ) ) ;
#2235 = EDGE_CURVE ( 'NONE', #2133, #4799, #5567, .T. ) ;
#2236 = CARTESIAN_POINT ( 'NONE',  ( 20.69407544885352124, -11.81098159931166514, 2.000000000000000000 ) ) ;
#2237 = AXIS2_PLACEMENT_3D ( 'NONE', #7254, #5279, #4639 ) ;
#2238 = CARTESIAN_POINT ( 'NONE',  ( -17.51903422860500115, 16.98989084997259269, -2.099999999999998757 ) ) ;
#2239 = CARTESIAN_POINT ( 'NONE',  ( 20.64571337519313943, -11.25696429976830437, -2.099999999999998757 ) ) ;
#2240 = CARTESIAN_POINT ( 'NONE',  ( 25.19179192507393239, -1.283507464112907392, -2.099999999999998757 ) ) ;
#2241 = AXIS2_PLACEMENT_3D ( 'NONE', #1568, #7929, #7211 ) ;
#2242 = CARTESIAN_POINT ( 'NONE',  ( 18.30266578660392796, 18.21105589998884611, 2.000000000000000000 ) ) ;
#2243 = EDGE_LOOP ( 'NONE', ( #4716, #1354, #3615, #2780 ) ) ;
#2244 = CARTESIAN_POINT ( 'NONE',  ( 18.73200657000871416, 19.22781655172589055, -2.099999999999998757 ) ) ;
#2245 = CARTESIAN_POINT ( 'NONE',  ( -20.89282384029110062, 10.74542454372254063, -2.099999999999998757 ) ) ;
#2246 = FACE_OUTER_BOUND ( 'NONE', #7313, .T. ) ;
#2247 = CARTESIAN_POINT ( 'NONE',  ( -21.58843454132471606, -10.30659784155100844, 2.000000000000000000 ) ) ;
#2248 = CARTESIAN_POINT ( 'NONE',  ( 14.75432918952970596, -19.43920578531971799, 2.000000000000000000 ) ) ;
#2249 = CARTESIAN_POINT ( 'NONE',  ( 22.85055158908932782, -6.414095051321351271, -2.099999999999998757 ) ) ;
#2250 = CARTESIAN_POINT ( 'NONE',  ( 13.15214330072517690, 21.16307668733837488, 2.000000000000000000 ) ) ;
#2251 = CARTESIAN_POINT ( 'NONE',  ( -1.840779285638403318, -24.52644730507024562, -2.099999999999998757 ) ) ;
#2252 = CARTESIAN_POINT ( 'NONE',  ( 9.121658707306945502, -21.91081161619598205, 2.000000000000000000 ) ) ;
#2253 = EDGE_CURVE ( 'NONE', #5257, #5092, #1413, .T. ) ;
#2254 = DIRECTION ( 'NONE',  ( -1.000000000000000000, 0.000000000000000000, 0.000000000000000000 ) ) ;
#2255 = EDGE_LOOP ( 'NONE', ( #2596, #1730 ) ) ;
#2256 = CARTESIAN_POINT ( 'NONE',  ( 22.27987727495455061, -10.41835660743990211, -2.099999999999999645 ) ) ;
#2257 = CARTESIAN_POINT ( 'NONE',  ( -24.31514428139132278, -10.69735948946559567, -2.099999999999998757 ) ) ;
#2258 = CARTESIAN_POINT ( 'NONE',  ( -9.484645845787898821, 22.17444536155052148, -2.099999999999998757 ) ) ;
#2259 = EDGE_CURVE ( 'NONE', #3127, #6630, #4782, .T. ) ;
#2260 = DIRECTION ( 'NONE',  ( -0.000000000000000000, -0.000000000000000000, -1.000000000000000000 ) ) ;
#2261 = CARTESIAN_POINT ( 'NONE',  ( -17.26619031893428158, -16.42019235248055509, -2.099999999999998757 ) ) ;
#2262 = CARTESIAN_POINT ( 'NONE',  ( -23.55944914529948520, 0.5232380683118280640, 2.000000000000000000 ) ) ;
#2263 = VECTOR ( 'NONE', #5053, 1000.000000000000000 ) ;
#2264 = CARTESIAN_POINT ( 'NONE',  ( 1.824858090210248696, 24.72368248555340386, 2.000000000000000000 ) ) ;
#2265 = CARTESIAN_POINT ( 'NONE',  ( -19.13918860107962772, 15.44754172932142389, -2.099999999999998757 ) ) ;
#2266 = ORIENTED_EDGE ( 'NONE', *, *, #6489, .T. ) ;
#2267 = PLANE ( 'NONE',  #5048 ) ;
#2268 = CARTESIAN_POINT ( 'NONE',  ( -5.644338688980901964, 26.94321170799314302, -2.099999999999998757 ) ) ;
#2269 = CARTESIAN_POINT ( 'NONE',  ( -21.04854468720649763, -16.20550857031053127, 2.000000000000000000 ) ) ;
#2270 = EDGE_CURVE ( 'NONE', #4409, #4072, #7026, .T. ) ;
#2271 = CARTESIAN_POINT ( 'NONE',  ( 21.23211141880577202, 10.40363348579839631, 2.000000000000000000 ) ) ;
#2272 = CARTESIAN_POINT ( 'NONE',  ( -25.56471904745758295, 1.411662356313486244, -2.099999999999998757 ) ) ;
#2273 = AXIS2_PLACEMENT_3D ( 'NONE', #4069, #4612, #5298 ) ;
#2274 = CARTESIAN_POINT ( 'NONE',  ( -1.790249464186380868, 24.99754724227145530, -2.099999999999998757 ) ) ;
#2275 = CARTESIAN_POINT ( 'NONE',  ( -12.85055170543023983, -19.95373759773043432, 2.000000000000000000 ) ) ;
#2276 = CIRCLE ( 'NONE', #5503, 27.99999957948218920 ) ;
#2277 = EDGE_LOOP ( 'NONE', ( #2910, #6439, #3406, #3146 ) ) ;
#2278 = CARTESIAN_POINT ( 'NONE',  ( -7.605208680130565391, -22.99453835804834867, 2.000000000000000000 ) ) ;
#2279 = CARTESIAN_POINT ( 'NONE',  ( -26.46517536639175106, 4.493494443281853101, 2.000000000000000000 ) ) ;
#2280 = CARTESIAN_POINT ( 'NONE',  ( -27.05471844848150909, 2.130765319231053834, -2.099999999999998757 ) ) ;
#2281 = CARTESIAN_POINT ( 'NONE',  ( -9.408316245588480342, 22.09971024729808065, 2.000000000000000000 ) ) ;
#2282 = EDGE_CURVE ( 'NONE', #865, #6980, #4830, .T. ) ;
#2283 = CARTESIAN_POINT ( 'NONE',  ( -22.91929613358907147, -6.515359526762117603, 2.000000000000000000 ) ) ;
#2284 = CARTESIAN_POINT ( 'NONE',  ( 8.334619726030528142, -21.97658606862351149, -2.099999999999999645 ) ) ;
#2285 = CARTESIAN_POINT ( 'NONE',  ( 23.55944914529948520, -0.5232380683118309506, 2.000000000000000000 ) ) ;
#2286 = CARTESIAN_POINT ( 'NONE',  ( -21.70974829699418507, -12.84369887095659912, -2.099999999999998757 ) ) ;
#2287 = EDGE_LOOP ( 'NONE', ( #3483, #2436 ) ) ;
#2288 = CARTESIAN_POINT ( 'NONE',  ( -7.988790274807843872, 22.11659910479056279, -2.099999999999998757 ) ) ;
#2289 = CARTESIAN_POINT ( 'NONE',  ( -7.720532692246925066, -23.84272921084244246, -2.099999999999998757 ) ) ;
#2290 = DIRECTION ( 'NONE',  ( 0.000000000000000000, 0.000000000000000000, -1.000000000000000000 ) ) ;
#2291 = DIRECTION ( 'NONE',  ( 0.8854560256532099105, -0.4647231720437684510, 0.000000000000000000 ) ) ;
#2292 = CARTESIAN_POINT ( 'NONE',  ( 22.61633054543464283, 13.93417863138607871, 2.000000000000000000 ) ) ;
#2293 = CARTESIAN_POINT ( 'NONE',  ( 22.99371384847795596, -6.601180838822651609, -2.099999999999998757 ) ) ;
#2294 = CARTESIAN_POINT ( 'NONE',  ( 15.23641901094384998, 19.89808777236047987, 2.000000000000000000 ) ) ;
#2295 = CARTESIAN_POINT ( 'NONE',  ( 7.523321135858856756, 26.48008397883696219, 2.000000000000000000 ) ) ;
#2296 = CARTESIAN_POINT ( 'NONE',  ( 9.555618961847068604, -22.25484530667600325, 2.000000000000000000 ) ) ;
#2297 = CARTESIAN_POINT ( 'NONE',  ( -23.76349960547259244, 10.67578541799515435, -2.099999999999999645 ) ) ;
#2298 = VERTEX_POINT ( 'NONE', #7201 ) ;
#2299 = CARTESIAN_POINT ( 'NONE',  ( 20.65156267108764254, -11.69620803915341867, -2.099999999999999645 ) ) ;
#2300 = CARTESIAN_POINT ( 'NONE',  ( -22.46994110604166650, -10.47341059000766883, 2.000000000000000000 ) ) ;
#2301 = LINE ( 'NONE', #3678, #4787 ) ;
#2302 = CARTESIAN_POINT ( 'NONE',  ( -12.83364937058816579, 20.18870745851076265, 2.000000000000000000 ) ) ;
#2303 = CARTESIAN_POINT ( 'NONE',  ( -18.09985454995500831, -17.82762258356555307, -2.099999999999998757 ) ) ;
#2304 = CARTESIAN_POINT ( 'NONE',  ( -27.42711506945230582, 2.355539727225802515, 2.000000000000000000 ) ) ;
#2305 = CARTESIAN_POINT ( 'NONE',  ( 1.981471996724984974, 23.84030691368550947, 2.000000000000000000 ) ) ;
#2306 = FACE_OUTER_BOUND ( 'NONE', #1199, .T. ) ;
#2307 = ORIENTED_EDGE ( 'NONE', *, *, #4059, .F. ) ;
#2308 = DIRECTION ( 'NONE',  ( 0.000000000000000000, 0.000000000000000000, -1.000000000000000000 ) ) ;
#2309 = CARTESIAN_POINT ( 'NONE',  ( -4.482856113983144652, 25.20816636816325484, -2.099999999999998757 ) ) ;
#2310 = CARTESIAN_POINT ( 'NONE',  ( -18.30266578660393506, -18.21105589998884966, 2.000000000000000000 ) ) ;
#2311 = CARTESIAN_POINT ( 'NONE',  ( 18.49458355994168102, 15.17355739294055006, 2.000000000000000000 ) ) ;
#2312 = CARTESIAN_POINT ( 'NONE',  ( 7.715738321650222886, 25.14266413352903839, -2.099999999999997868 ) ) ;
#2313 = CARTESIAN_POINT ( 'NONE',  ( 19.11828559910864911, -20.53459318157262459, 2.000000000000000000 ) ) ;
#2314 = ADVANCED_FACE ( 'NONE', ( #212 ), #1436, .F. ) ;
#2315 = DIRECTION ( 'NONE',  ( -0.000000000000000000, 0.000000000000000000, -1.000000000000000000 ) ) ;
#2316 = CARTESIAN_POINT ( 'NONE',  ( -23.40793038981978924, -6.902300070437910051, 2.000000000000000000 ) ) ;
#2317 = ORIENTED_EDGE ( 'NONE', *, *, #7123, .T. ) ;
#2318 = CARTESIAN_POINT ( 'NONE',  ( -9.945601713251328135, -22.84599953686307572, 2.000000000000000000 ) ) ;
#2319 = DIRECTION ( 'NONE',  ( -1.000000000000000000, 0.000000000000000000, -0.000000000000000000 ) ) ;
#2320 = CARTESIAN_POINT ( 'NONE',  ( -9.768079280210450577, 22.57254334279472019, 2.000000000000000000 ) ) ;
#2321 = CARTESIAN_POINT ( 'NONE',  ( -24.48402185937396780, -7.488679734998063608, 2.000000000000000000 ) ) ;
#2322 = CARTESIAN_POINT ( 'NONE',  ( 7.657608382361896560, -22.56335699501520864, -2.099999999999999645 ) ) ;
#2323 = CARTESIAN_POINT ( 'NONE',  ( 1.379935885169537357, 26.52839079975560566, 2.000000000000000000 ) ) ;
#2324 = ORIENTED_EDGE ( 'NONE', *, *, #2885, .T. ) ;
#2325 = CARTESIAN_POINT ( 'NONE',  ( -7.605208680130574272, 22.99453835804833801, 2.000000000000000000 ) ) ;
#2326 = CARTESIAN_POINT ( 'NONE',  ( -20.86952096496492004, 12.08832612917522376, -2.099999999999998757 ) ) ;
#2327 = CARTESIAN_POINT ( 'NONE',  ( -21.66370631000718205, -16.34569607223867749, -2.099999999999998757 ) ) ;
#2328 = CARTESIAN_POINT ( 'NONE',  ( 24.95373504430678580, 4.768644361883088045, -2.099999999999998757 ) ) ;
#2329 = CARTESIAN_POINT ( 'NONE',  ( 22.96554745452508683, 14.45965356729542783, -2.099999999999998757 ) ) ;
#2330 = CARTESIAN_POINT ( 'NONE',  ( 24.15260079455800835, -7.275001489028691815, 2.000000000000000000 ) ) ;
#2331 = CARTESIAN_POINT ( 'NONE',  ( -0.8222169759748702011, -27.80351002202151633, -2.099999999999998757 ) ) ;
#2332 = CARTESIAN_POINT ( 'NONE',  ( 7.741715957670624704, 24.19699765967529004, 2.000000000000000000 ) ) ;
#2333 = CARTESIAN_POINT ( 'NONE',  ( 7.605208680130572496, -22.99453835804834512, 2.000000000000000000 ) ) ;
#2334 = CARTESIAN_POINT ( 'NONE',  ( -24.94597949059291864, 10.68625558496336048, -2.099999999999999645 ) ) ;
#2335 = ADVANCED_FACE ( 'NONE', ( #970 ), #2114, .F. ) ;
#2336 = DIRECTION ( 'NONE',  ( -0.000000000000000000, -0.000000000000000000, 1.000000000000000000 ) ) ;
#2338 = CARTESIAN_POINT ( 'NONE',  ( 13.36064030761172639, -21.84126693107096173, -2.099999999999998757 ) ) ;
#2337 = CARTESIAN_POINT ( 'NONE',  ( 26.00281877978270373, 1.590510388571583889, -2.099999999999998757 ) ) ;
#2339 = CARTESIAN_POINT ( 'NONE',  ( -20.62323650117463458, -11.56374771533980272, -2.099999999999998757 ) ) ;
#2340 = CARTESIAN_POINT ( 'NONE',  ( 16.82973023395796375, 20.91308632741410278, -2.099999999999998757 ) ) ;
#2341 = CARTESIAN_POINT ( 'NONE',  ( 7.605017794998038205, -22.88729425358476632, -2.099999999999998757 ) ) ;
#2342 = CARTESIAN_POINT ( 'NONE',  ( -17.51903422860498694, -16.98989084997260335, 2.000000000000000000 ) ) ;
#2343 = CYLINDRICAL_SURFACE ( 'NONE', #8045, 27.99999957948218920 ) ;
#2344 = CARTESIAN_POINT ( 'NONE',  ( 4.852431640496106091, 25.84840584550507714, 2.000000000000000000 ) ) ;
#2345 = DIRECTION ( 'NONE',  ( 0.000000000000000000, 0.000000000000000000, -1.000000000000000000 ) ) ;
#2346 = EDGE_LOOP ( 'NONE', ( #6568, #6778, #8155, #8308 ) ) ;
#2347 = CARTESIAN_POINT ( 'NONE',  ( 1.555379675915627313, -26.00494379640385390, -2.099999999999998757 ) ) ;
#2348 = CARTESIAN_POINT ( 'NONE',  ( -4.482856113983144652, 25.20816636816325484, 2.000000000000000000 ) ) ;
#2349 = CARTESIAN_POINT ( 'NONE',  ( -17.91646094264595135, -17.52377780514963490, 2.000000000000000000 ) ) ;
#2350 = CARTESIAN_POINT ( 'NONE',  ( 23.34891248594832547, 15.11752229210743081, 2.000000000000000000 ) ) ;
#2351 = CARTESIAN_POINT ( 'NONE',  ( 7.743106042156100877, 24.63076208136009626, 2.000000000000000000 ) ) ;
#2352 = CARTESIAN_POINT ( 'NONE',  ( 17.26619031893428513, -16.42019235248054443, 2.000000000000000000 ) ) ;
#2353 = CARTESIAN_POINT ( 'NONE',  ( 21.00000000000000355, 2.602085213965210642E-15, 2.100000000000001865 ) ) ;
#2354 = CARTESIAN_POINT ( 'NONE',  ( -23.42764417793267384, -4.840656286569386069, 2.000000000000000000 ) ) ;
#2355 = ORIENTED_EDGE ( 'NONE', *, *, #4878, .F. ) ;
#2356 = CARTESIAN_POINT ( 'NONE',  ( -7.705310163655072486, -23.69563005194943628, 2.000000000000000000 ) ) ;
#2357 = CARTESIAN_POINT ( 'NONE',  ( 26.24483786523219209, -1.701370919965213169, 2.000000000000000000 ) ) ;
#2358 = CARTESIAN_POINT ( 'NONE',  ( -9.945601713251335241, 22.84599953686306151, 2.000000000000000000 ) ) ;
#2359 = CARTESIAN_POINT ( 'NONE',  ( -24.66930537037450932, -7.619416278945030818, 2.000000000000000000 ) ) ;
#2360 = CARTESIAN_POINT ( 'NONE',  ( 10.70787966366669686, -23.74905515802276312, -2.099999999999999645 ) ) ;
#2361 = CARTESIAN_POINT ( 'NONE',  ( 22.75000000000000711, 2.816398403815997545E-15, 2.100000000000001865 ) ) ;
#2362 = CIRCLE ( 'NONE', #622, 28.00000000000000000 ) ;
#2363 = AXIS2_PLACEMENT_3D ( 'NONE', #7874, #2826, #6735 ) ;
#2364 = ORIENTED_EDGE ( 'NONE', *, *, #7741, .F. ) ;
#2365 = CARTESIAN_POINT ( 'NONE',  ( -9.768079280210450577, 22.57254334279472019, -2.099999999999998757 ) ) ;
#2366 = CARTESIAN_POINT ( 'NONE',  ( -21.98040231662191957, 13.13048226772782101, -2.099999999999998757 ) ) ;
#2367 = CARTESIAN_POINT ( 'NONE',  ( -19.87933552333217690, -15.81900378855656975, -2.099999999999998757 ) ) ;
#2368 = CARTESIAN_POINT ( 'NONE',  ( -23.76349960547260309, -10.67578541799516501, 2.000000000000000000 ) ) ;
#2369 = FACE_OUTER_BOUND ( 'NONE', #782, .T. ) ;
#2370 = CARTESIAN_POINT ( 'NONE',  ( -21.80373651133527702, 10.30832712212200164, 2.000000000000000000 ) ) ;
#2371 = AXIS2_PLACEMENT_3D ( 'NONE', #8180, #3196, #3873 ) ;
#2372 = CARTESIAN_POINT ( 'NONE',  ( -3.846120836016032385, -23.70909028424117437, -2.099999999999998757 ) ) ;
#2373 = CARTESIAN_POINT ( 'NONE',  ( -2.320354714939425023, -23.45074361513812278, -2.099999999999998757 ) ) ;
#2374 = CARTESIAN_POINT ( 'NONE',  ( 7.616738452866469444, -23.18530238615924333, 2.000000000000000000 ) ) ;
#2375 = DIRECTION ( 'NONE',  ( -1.000000000000000000, 0.000000000000000000, 0.000000000000000000 ) ) ;
#2376 = DIRECTION ( 'NONE',  ( -0.1205366802553223121, -0.9927088740980539727, 0.000000000000000000 ) ) ;
#2379 = CIRCLE ( 'NONE', #1029, 1.750000000000001554 ) ;
#2378 = CARTESIAN_POINT ( 'NONE',  ( 20.94077984017083338, -12.16847291378769569, 2.000000000000000000 ) ) ;
#2377 = CARTESIAN_POINT ( 'NONE',  ( 23.32186741149924103, -4.882063647943439832, 2.000000000000000000 ) ) ;
#2380 = CARTESIAN_POINT ( 'NONE',  ( 0.000000000000000000, 0.000000000000000000, -2.099999999999998757 ) ) ;
#2381 = CARTESIAN_POINT ( 'NONE',  ( 13.96529143882090196, 19.07901412642182848, -2.099999999999998757 ) ) ;
#2382 = CARTESIAN_POINT ( 'NONE',  ( -14.84924240491748826, -14.84924240491749892, 2.100000000000001865 ) ) ;
#2383 = EDGE_CURVE ( 'NONE', #527, #6013, #3454, .T. ) ;
#2384 = CARTESIAN_POINT ( 'NONE',  ( 20.77276083323512168, -16.13005223007173328, 2.000000000000000000 ) ) ;
#2385 = CARTESIAN_POINT ( 'NONE',  ( -27.87379644711745996, 2.655456283891105329, 2.000000000000000000 ) ) ;
#2386 = CARTESIAN_POINT ( 'NONE',  ( -1.840779285638419971, 24.52644730507024562, -2.099999999999998757 ) ) ;
#2387 = CARTESIAN_POINT ( 'NONE',  ( -18.60089775827984226, 15.19605903441927630, 2.000000000000000000 ) ) ;
#2388 = EDGE_LOOP ( 'NONE', ( #1172, #5526, #2355, #3388 ) ) ;
#2389 = FACE_OUTER_BOUND ( 'NONE', #5204, .T. ) ;
#2390 = CARTESIAN_POINT ( 'NONE',  ( -17.45584392081710945, -15.72474958968643044, 2.000000000000000000 ) ) ;
#2391 = CARTESIAN_POINT ( 'NONE',  ( 18.80342269287539381, 15.26496932198517875, 2.000000000000000000 ) ) ;
#2392 = CARTESIAN_POINT ( 'NONE',  ( 7.745447077757175336, 24.40400991946478726, -2.099999999999997868 ) ) ;
#2393 = PLANE ( 'NONE',  #2905 ) ;
#2394 = CIRCLE ( 'NONE', #5747, 1.750000000000001554 ) ;
#2395 = CARTESIAN_POINT ( 'NONE',  ( -23.49999964706540823, -5.337339443094235283E-15, 2.000000000000000000 ) ) ;
#2396 = CARTESIAN_POINT ( 'NONE',  ( -23.53223775966787201, -4.811173829118829737, 2.000000000000000000 ) ) ;
#2397 = EDGE_LOOP ( 'NONE', ( #1596, #4930, #754, #6345 ) ) ;
#2398 = CARTESIAN_POINT ( 'NONE',  ( -7.865059710290380757, -22.21401039568610969, 2.000000000000000000 ) ) ;
#2399 = CARTESIAN_POINT ( 'NONE',  ( 23.49332454121249825, -0.1947784575707308674, 2.000000000000000000 ) ) ;
#2400 = CARTESIAN_POINT ( 'NONE',  ( -9.555618961847070381, 22.25484530667599614, 2.000000000000000000 ) ) ;
#2401 = CIRCLE ( 'NONE', #2273, 28.00000000000000000 ) ;
#2402 = CARTESIAN_POINT ( 'NONE',  ( -23.42764417793267384, -4.840656286569386069, 2.000000000000000000 ) ) ;
#2403 = CARTESIAN_POINT ( 'NONE',  ( 9.945601713251333464, -22.84599953686306506, -2.099999999999999645 ) ) ;
#2404 = FACE_OUTER_BOUND ( 'NONE', #434, .T. ) ;
#2405 = EDGE_CURVE ( 'NONE', #1808, #6681, #2897, .T. ) ;
#2406 = AXIS2_PLACEMENT_3D ( 'NONE', #3529, #2107, #6565 ) ;
#2407 = ORIENTED_EDGE ( 'NONE', *, *, #2181, .F. ) ;
#2408 = CARTESIAN_POINT ( 'NONE',  ( -8.843531895616193239, 21.84292484346595486, -2.099999999999998757 ) ) ;
#2409 = CARTESIAN_POINT ( 'NONE',  ( -22.79134869580807177, 6.292262679950354709, -2.099999999999998757 ) ) ;
#2410 = CARTESIAN_POINT ( 'NONE',  ( 12.36707959469685925, 25.12081492106560887, -2.099999999999998757 ) ) ;
#2411 = CARTESIAN_POINT ( 'NONE',  ( -21.91017567687077872, -10.32144346381600108, 2.000000000000000000 ) ) ;
#2412 = CARTESIAN_POINT ( 'NONE',  ( 23.34891264155148960, 15.11752257340560490, -2.099999999999998757 ) ) ;
#2413 = CARTESIAN_POINT ( 'NONE',  ( -24.94597949059291864, 10.68625558496336048, 2.000000000000000000 ) ) ;
#2414 = CARTESIAN_POINT ( 'NONE',  ( -1.810672407536190187, -24.85107952805193676, -2.099999999999998757 ) ) ;
#2415 = CARTESIAN_POINT ( 'NONE',  ( 11.33585971340118093, 24.33300811744741310, 2.000000000000000000 ) ) ;
#2416 = CARTESIAN_POINT ( 'NONE',  ( -1.846803834033459157, -24.33438445894234903, 2.000000000000000000 ) ) ;
#2417 = CYLINDRICAL_SURFACE ( 'NONE', #8305, 1.750000000000003331 ) ;
#2418 = ORIENTED_EDGE ( 'NONE', *, *, #2253, .F. ) ;
#2420 = CARTESIAN_POINT ( 'NONE',  ( 13.64180599432623531, -23.91017242908947438, -2.099999999999998757 ) ) ;
#2419 = CARTESIAN_POINT ( 'NONE',  ( 25.03107770533010523, 1.235924829161913818, -2.099999999999998757 ) ) ;
#2421 = LINE ( 'NONE', #1111, #4367 ) ;
#2422 = CARTESIAN_POINT ( 'NONE',  ( 13.25426296490208955, 21.46155364981479252, -2.099999999999998757 ) ) ;
#2423 = CARTESIAN_POINT ( 'NONE',  ( -24.12574046566792063, -4.783694468719414949, -2.099999999999998757 ) ) ;
#2424 = DIRECTION ( 'NONE',  ( 0.000000000000000000, 0.000000000000000000, -1.000000000000000000 ) ) ;
#2425 = FACE_BOUND ( 'NONE', #2231, .T. ) ;
#2426 = CARTESIAN_POINT ( 'NONE',  ( -1.680116617298004655, 25.54848055630612791, -2.099999999999998757 ) ) ;
#2427 = LINE ( 'NONE', #3724, #8171 ) ;
#2428 = ORIENTED_EDGE ( 'NONE', *, *, #3485, .T. ) ;
#2429 = CARTESIAN_POINT ( 'NONE',  ( -27.50168352227332491, 4.167564993327552259, 2.000000000000000000 ) ) ;
#2430 = CARTESIAN_POINT ( 'NONE',  ( -1.840779285638419971, 24.52644730507024562, -2.099999999999998757 ) ) ;
#2431 = CARTESIAN_POINT ( 'NONE',  ( -17.35181857730700017, -15.87069998699208995, 2.000000000000000000 ) ) ;
#2432 = CARTESIAN_POINT ( 'NONE',  ( 26.42834229636214260, 9.248929663334836349, 2.000000000000000000 ) ) ;
#2433 = CARTESIAN_POINT ( 'NONE',  ( 7.768531058981739790, 22.33132486425838081, -2.099999999999997868 ) ) ;
#2434 = CARTESIAN_POINT ( 'NONE',  ( 18.30266578660394217, -18.21105589998883545, -2.099999999999998757 ) ) ;
#2435 = CARTESIAN_POINT ( 'NONE',  ( -26.28829541374617307, -9.090474067310861273, 2.000000000000000000 ) ) ;
#2436 = ORIENTED_EDGE ( 'NONE', *, *, #8211, .F. ) ;
#2437 = CARTESIAN_POINT ( 'NONE',  ( -7.701896059577412856, -22.44925656542958592, -2.099999999999998757 ) ) ;
#2438 = CARTESIAN_POINT ( 'NONE',  ( -23.81253063529220171, 0.8410884408854168992, -2.099999999999998757 ) ) ;
#2439 = CARTESIAN_POINT ( 'NONE',  ( -9.121658707306945502, 21.91081161619597495, 2.000000000000000000 ) ) ;
#2440 = CARTESIAN_POINT ( 'NONE',  ( -23.87823629154096494, -7.119306137701290282, -2.099999999999999645 ) ) ;
#2441 = CARTESIAN_POINT ( 'NONE',  ( 10.89735721165043358, -23.93603524774560043, 2.000000000000000000 ) ) ;
#2442 = CARTESIAN_POINT ( 'NONE',  ( 27.05471844848150909, -2.130765319231056942, 2.000000000000000000 ) ) ;
#2443 = EDGE_LOOP ( 'NONE', ( #7321, #6931, #157, #416 ) ) ;
#2444 = CARTESIAN_POINT ( 'NONE',  ( -10.13323285654344375, 23.09959661296538513, 2.000000000000000000 ) ) ;
#2445 = CARTESIAN_POINT ( 'NONE',  ( -22.76403769146248735, 5.811439118492613076, -2.099999999999998757 ) ) ;
#2446 = LINE ( 'NONE', #5487, #1844 ) ;
#2447 = EDGE_CURVE ( 'NONE', #7546, #7695, #6795, .T. ) ;
#2448 = DIRECTION ( 'NONE',  ( -0.000000000000000000, -0.000000000000000000, 1.000000000000000000 ) ) ;
#2449 = CARTESIAN_POINT ( 'NONE',  ( 22.28520553958147943, 13.49243943284464819, -2.099999999999998757 ) ) ;
#2450 = CARTESIAN_POINT ( 'NONE',  ( -22.44798333931210976, 13.70307343545945145, 2.000000000000000000 ) ) ;
#2451 = CARTESIAN_POINT ( 'NONE',  ( -1.840779285638403318, -24.52644730507024562, 2.000000000000000000 ) ) ;
#2452 = CARTESIAN_POINT ( 'NONE',  ( 7.988790274807834990, 22.11659910479056279, 2.000000000000000000 ) ) ;
#2453 = CARTESIAN_POINT ( 'NONE',  ( 7.743106042156107982, -24.63076208136009981, 2.000000000000000000 ) ) ;
#2454 = CARTESIAN_POINT ( 'NONE',  ( -21.07590994840524345, 12.30361618564757542, -2.099999999999999645 ) ) ;
#2455 = CARTESIAN_POINT ( 'NONE',  ( 7.745447077757175336, 24.40400991946478726, -2.099999999999998757 ) ) ;
#2457 = DIRECTION ( 'NONE',  ( -0.000000000000000000, 0.000000000000000000, 1.000000000000000000 ) ) ;
#2456 = CARTESIAN_POINT ( 'NONE',  ( 23.40793038981979990, -6.902300070437902946, 2.000000000000000000 ) ) ;
#2458 = DIRECTION ( 'NONE',  ( -0.000000000000000000, -0.000000000000000000, 1.000000000000000000 ) ) ;
#2459 = CARTESIAN_POINT ( 'NONE',  ( -22.85726476338738067, -5.433202019314292919, -2.099999999999998757 ) ) ;
#2460 = CARTESIAN_POINT ( 'NONE',  ( -20.77276083323510747, -16.13005223007173683, 2.000000000000000000 ) ) ;
#2461 = CARTESIAN_POINT ( 'NONE',  ( 12.88716835993242071, 20.50631329690558147, -2.099999999999998757 ) ) ;
#2462 = CARTESIAN_POINT ( 'NONE',  ( -3.781464864188913477, 23.62174820993211455, -2.099999999999998757 ) ) ;
#2463 = CARTESIAN_POINT ( 'NONE',  ( -17.51903422860500115, 16.98989084997259269, -2.099999999999998757 ) ) ;
#2464 = ORIENTED_EDGE ( 'NONE', *, *, #5915, .T. ) ;
#2465 = CARTESIAN_POINT ( 'NONE',  ( -24.76692767734244427, 4.782579349257304102, -2.100000000000000089 ) ) ;
#2466 = CARTESIAN_POINT ( 'NONE',  ( -1.881261915648305694, 24.14640443156747196, 2.000000000000000000 ) ) ;
#2467 = CARTESIAN_POINT ( 'NONE',  ( 13.81390900009209943, -19.09181343516790719, 2.000000000000000000 ) ) ;
#2468 = CARTESIAN_POINT ( 'NONE',  ( 22.85055158908931361, 6.414095051321371699, 2.000000000000000000 ) ) ;
#2469 = CARTESIAN_POINT ( 'NONE',  ( 7.612592773523889633, 22.78073832991432468, -2.099999999999997868 ) ) ;
#2470 = DIRECTION ( 'NONE',  ( -1.000000000000000000, 0.000000000000000000, -0.000000000000000000 ) ) ;
#2471 = CARTESIAN_POINT ( 'NONE',  ( 22.09815905990546980, 10.35588323418789258, -2.099999999999998757 ) ) ;
#2472 = CARTESIAN_POINT ( 'NONE',  ( -16.30896799194538715, -20.63258928533521441, -2.099999999999999645 ) ) ;
#2473 = ORIENTED_EDGE ( 'NONE', *, *, #3887, .F. ) ;
#2474 = CARTESIAN_POINT ( 'NONE',  ( 4.852431640496131848, -25.84840584550508069, 2.000000000000000000 ) ) ;
#2475 = CARTESIAN_POINT ( 'NONE',  ( -25.19179192507393239, -1.283507464112910057, -2.099999999999998757 ) ) ;
#2476 = CARTESIAN_POINT ( 'NONE',  ( 0.7237196475848103328, -27.99064539934189355, -2.099999999999998757 ) ) ;
#2477 = CARTESIAN_POINT ( 'NONE',  ( -25.15968768847578119, -4.747395707336139914, -2.099999999999999645 ) ) ;
#2478 = CARTESIAN_POINT ( 'NONE',  ( -27.69989843466851909, -2.535120709015756368, -2.099999999999998757 ) ) ;
#2479 = EDGE_CURVE ( 'NONE', #7566, #8203, #2198, .T. ) ;
#2480 = EDGE_LOOP ( 'NONE', ( #2324, #1838, #5083, #1626 ) ) ;
#2481 = CARTESIAN_POINT ( 'NONE',  ( -15.51594276222061453, -20.11676867469219587, -2.099999999999998757 ) ) ;
#2482 = CARTESIAN_POINT ( 'NONE',  ( -25.52197998938346757, 8.320188513921030093, -2.099999999999998757 ) ) ;
#2483 = CARTESIAN_POINT ( 'NONE',  ( -17.45584392081710945, -15.72474958968643044, -2.099999999999998757 ) ) ;
#2484 = DIRECTION ( 'NONE',  ( 0.000000000000000000, 0.000000000000000000, -1.000000000000000000 ) ) ;
#2485 = CARTESIAN_POINT ( 'NONE',  ( 24.62078186107712696, 10.69645268464872423, -2.099999999999998757 ) ) ;
#2486 = CARTESIAN_POINT ( 'NONE',  ( -20.65156267108764254, 11.69620803915341689, 2.000000000000000000 ) ) ;
#2487 = AXIS2_PLACEMENT_3D ( 'NONE', #3419, #6113, #1529 ) ;
#2488 = CARTESIAN_POINT ( 'NONE',  ( -3.612999446203290610, -23.45707906485273142, 2.000000000000000000 ) ) ;
#2489 = CARTESIAN_POINT ( 'NONE',  ( -13.41263264250316922, -22.06199033373687257, -2.099999999999999645 ) ) ;
#2490 = CARTESIAN_POINT ( 'NONE',  ( -3.705239350424549549, -23.53752846792088604, 2.000000000000000000 ) ) ;
#2491 = CARTESIAN_POINT ( 'NONE',  ( -21.91017567687078227, 10.32144346381599576, 2.000000000000000000 ) ) ;
#2492 = CARTESIAN_POINT ( 'NONE',  ( -12.88702750944971243, -19.82328597831587658, 2.000000000000000000 ) ) ;
#2493 = DIRECTION ( 'NONE',  ( 1.000000000000000000, 1.224646799147353207E-16, 0.000000000000000000 ) ) ;
#2494 = CARTESIAN_POINT ( 'NONE',  ( 9.945601713251328135, 22.84599953686306861, -2.099999999999998757 ) ) ;
#2496 = CARTESIAN_POINT ( 'NONE',  ( 15.68419099428257013, -20.23743569325269931, -2.099999999999998757 ) ) ;
#2495 = CARTESIAN_POINT ( 'NONE',  ( -13.64872344037206808, -24.44815634047356667, -2.099999999999998757 ) ) ;
#2497 = CARTESIAN_POINT ( 'NONE',  ( 13.81390900009209233, 19.09181343516791429, -2.099999999999998757 ) ) ;
#2498 = AXIS2_PLACEMENT_3D ( 'NONE', #5368, #266, #2872 ) ;
#2499 = CARTESIAN_POINT ( 'NONE',  ( 11.58603556222320385, -24.54102139527087090, -2.099999999999998757 ) ) ;
#2500 = CARTESIAN_POINT ( 'NONE',  ( -19.70744990308224232, -15.74452889495768915, -2.099999999999998757 ) ) ;
#2501 = CARTESIAN_POINT ( 'NONE',  ( 14.10020032022225145, 19.09116743896564472, 2.000000000000000000 ) ) ;
#2502 = CARTESIAN_POINT ( 'NONE',  ( -1.726035193247326571, 25.34659078107458896, -2.099999999999998757 ) ) ;
#2503 = CIRCLE ( 'NONE', #7218, 28.00000000000000000 ) ;
#2504 = CARTESIAN_POINT ( 'NONE',  ( -18.19936168673941168, 18.00918889841834414, -2.099999999999998757 ) ) ;
#2505 = VERTEX_POINT ( 'NONE', #5358 ) ;
#2506 = EDGE_CURVE ( 'NONE', #7355, #4484, #7245, .T. ) ;
#2507 = CARTESIAN_POINT ( 'NONE',  ( -24.66930537037450577, 7.619416278945011278, 2.000000000000000000 ) ) ;
#2508 = CARTESIAN_POINT ( 'NONE',  ( -1.906741771391428530, 24.04223096406908056, -2.099999999999998757 ) ) ;
#2509 = CARTESIAN_POINT ( 'NONE',  ( 12.95267602360809889, -19.68627963667922387, -2.099999999999998757 ) ) ;
#2510 = CARTESIAN_POINT ( 'NONE',  ( 22.91828645517601615, 5.264681564480688358, 2.000000000000000000 ) ) ;
#2511 = CARTESIAN_POINT ( 'NONE',  ( 9.873836557350646359, 22.73978747338223272, 2.000000000000000000 ) ) ;
#2512 = CARTESIAN_POINT ( 'NONE',  ( 22.85055158908931361, 6.414095051321371699, -2.099999999999999645 ) ) ;
#2513 = CARTESIAN_POINT ( 'NONE',  ( 24.02931632081061863, 10.69009516955078354, -2.099999999999998757 ) ) ;
#2514 = CARTESIAN_POINT ( 'NONE',  ( 3.705239350424536671, 23.53752846792088960, -2.099999999999998757 ) ) ;
#2515 = ORIENTED_EDGE ( 'NONE', *, *, #4139, .T. ) ;
#2516 = CARTESIAN_POINT ( 'NONE',  ( -10.13323285654343664, -23.09959661296539934, -2.099999999999998757 ) ) ;
#2517 = CARTESIAN_POINT ( 'NONE',  ( -27.87379684341399511, -2.655456558124081656, -2.099999999999998757 ) ) ;
#2518 = CARTESIAN_POINT ( 'NONE',  ( -17.25657676350752823, 16.16318976602638813, 2.000000000000000000 ) ) ;
#2519 = CARTESIAN_POINT ( 'NONE',  ( 22.99371384847795596, -6.601180838822651609, -2.099999999999998757 ) ) ;
#2520 = CARTESIAN_POINT ( 'NONE',  ( -27.87379684351585141, -2.655456558194571048, 2.000000000000000000 ) ) ;
#2521 = VECTOR ( 'NONE', #8070, 1000.000000000000000 ) ;
#2522 = PLANE ( 'NONE',  #6405 ) ;
#2523 = CARTESIAN_POINT ( 'NONE',  ( -13.15214330072518933, 21.16307668733837488, 2.000000000000000000 ) ) ;
#2524 = EDGE_CURVE ( 'NONE', #5011, #4881, #846, .T. ) ;
#2525 = VERTEX_POINT ( 'NONE', #1805 ) ;
#2526 = DIRECTION ( 'NONE',  ( 0.000000000000000000, 0.000000000000000000, -1.000000000000000000 ) ) ;
#2527 = CARTESIAN_POINT ( 'NONE',  ( -25.62785817443976910, 4.678588802317960926, -2.099999999999998757 ) ) ;
#2528 = CARTESIAN_POINT ( 'NONE',  ( -24.95373504430678224, 4.768644361883055183, 2.000000000000000000 ) ) ;
#2529 = CARTESIAN_POINT ( 'NONE',  ( 24.94597949059291864, -10.68625558496336225, 2.000000000000000000 ) ) ;
#2530 = CARTESIAN_POINT ( 'NONE',  ( 21.80373651133526636, 10.30832712212201763, -2.099999999999998757 ) ) ;
#2531 = CARTESIAN_POINT ( 'NONE',  ( -23.51784779677759474, 10.65556037457645999, 2.000000000000000000 ) ) ;
#2532 = CARTESIAN_POINT ( 'NONE',  ( -3.204373604290277289, -23.29585190159430041, -2.099999999999998757 ) ) ;
#2533 = CARTESIAN_POINT ( 'NONE',  ( -13.50856635788135662, -22.56556696682680752, 2.000000000000000000 ) ) ;
#2534 = CARTESIAN_POINT ( 'NONE',  ( -4.189195047382276549, -24.56227459198278851, 2.000000000000000000 ) ) ;
#2535 = CARTESIAN_POINT ( 'NONE',  ( -20.65156267108764254, 11.69620803915341689, 2.000000000000000000 ) ) ;
#2536 = CARTESIAN_POINT ( 'NONE',  ( -14.32589460713082019, -19.15868494228939056, 2.000000000000000000 ) ) ;
#2537 = CARTESIAN_POINT ( 'NONE',  ( 1.840779285638411755, -24.52644730507024562, 2.000000000000000000 ) ) ;
#2538 = CARTESIAN_POINT ( 'NONE',  ( 7.650756190596012196, 25.73058353783937235, -2.099999999999998757 ) ) ;
#2540 = CARTESIAN_POINT ( 'NONE',  ( -7.401289683397446417, 27.00409019895758433, 2.000000000000000000 ) ) ;
#2539 = CARTESIAN_POINT ( 'NONE',  ( -15.51594276222061985, 20.11676867469219587, -2.099999999999998757 ) ) ;
#2541 = CARTESIAN_POINT ( 'NONE',  ( 13.55023046621762539, 22.84843530275376011, -2.099999999999998757 ) ) ;
#2542 = CARTESIAN_POINT ( 'NONE',  ( 8.334619726030528142, -21.97658606862351149, -2.099999999999998757 ) ) ;
#2543 = CARTESIAN_POINT ( 'NONE',  ( -20.51809281624190362, -16.05254419007956912, -2.099999999999998757 ) ) ;
#2544 = CARTESIAN_POINT ( 'NONE',  ( 13.30747633062665258, 21.64116298680352557, 2.000000000000000000 ) ) ;
#2545 = CARTESIAN_POINT ( 'NONE',  ( 17.83462167525288677, 17.40060223031303721, 2.000000000000000000 ) ) ;
#2546 = CARTESIAN_POINT ( 'NONE',  ( -19.11828559910866332, 20.53459318157263525, 2.000000000000000000 ) ) ;
#2547 = VERTEX_POINT ( 'NONE', #4205 ) ;
#2548 = CARTESIAN_POINT ( 'NONE',  ( -24.00794390784557564, 7.190340088712994238, -2.100000000000000089 ) ) ;
#2549 = CARTESIAN_POINT ( 'NONE',  ( -2.638449045045081487, 23.34550970278806759, 2.000000000000000000 ) ) ;
#2550 = CARTESIAN_POINT ( 'NONE',  ( 12.83485696772680562, -20.07512121109397896, 2.000000000000000000 ) ) ;
#2551 = CARTESIAN_POINT ( 'NONE',  ( 24.94597949059291864, 10.68625558496338535, 2.000000000000000000 ) ) ;
#2552 = CARTESIAN_POINT ( 'NONE',  ( 7.701896059577414633, 22.44925656542957881, -2.099999999999997868 ) ) ;
#2553 = CARTESIAN_POINT ( 'NONE',  ( 22.79134869580807532, 6.292262679950386683, -2.099999999999999645 ) ) ;
#2554 = CARTESIAN_POINT ( 'NONE',  ( 21.70974829699417796, 12.84369887095661156, -2.099999999999998757 ) ) ;
#2555 = CARTESIAN_POINT ( 'NONE',  ( 4.310684217927220452, 24.85340566964549680, -2.099999999999998757 ) ) ;
#2556 = VERTEX_POINT ( 'NONE', #5599 ) ;
#2557 = CARTESIAN_POINT ( 'NONE',  ( 4.389956462724883934, -25.02313217738665685, -2.099999999999998757 ) ) ;
#2558 = FACE_OUTER_BOUND ( 'NONE', #3714, .T. ) ;
#2559 = CARTESIAN_POINT ( 'NONE',  ( -17.29220078062826005, 16.53076698689342194, 2.000000000000000000 ) ) ;
#2560 = CARTESIAN_POINT ( 'NONE',  ( 24.66930537037450577, -7.619416278945021048, -2.099999999999998757 ) ) ;
#2561 = CARTESIAN_POINT ( 'NONE',  ( -23.44696917791851121, 15.30488929622620020, -2.099999999999998757 ) ) ;
#2562 = ADVANCED_FACE ( 'NONE', ( #4967 ), #4245, .F. ) ;
#2563 = CARTESIAN_POINT ( 'NONE',  ( -2.638449045045081487, 23.34550970278806759, 2.000000000000000000 ) ) ;
#2564 = CARTESIAN_POINT ( 'NONE',  ( -13.55023046621763783, 22.84843530275376011, 2.000000000000000000 ) ) ;
#2565 = ORIENTED_EDGE ( 'NONE', *, *, #1880, .F. ) ;
#2566 = CARTESIAN_POINT ( 'NONE',  ( -17.51894851293339528, -21.23397417764310902, -2.099999999999998757 ) ) ;
#2567 = CARTESIAN_POINT ( 'NONE',  ( -22.73828148979404062, 10.53816474365922851, -2.099999999999998757 ) ) ;
#2568 = CARTESIAN_POINT ( 'NONE',  ( 26.28829563209072973, 9.090474303136160117, -2.099999999999998757 ) ) ;
#2569 = CARTESIAN_POINT ( 'NONE',  ( 23.08741356227222141, 10.60189590196924314, 2.000000000000000000 ) ) ;
#2570 = CARTESIAN_POINT ( 'NONE',  ( 22.61633054543465704, -13.93417863138606627, -2.099999999999998757 ) ) ;
#2571 = CARTESIAN_POINT ( 'NONE',  ( 20.51809281624190007, -16.05254419007954780, -2.099999999999998757 ) ) ;
#2572 = CARTESIAN_POINT ( 'NONE',  ( -22.90269961712299462, -10.57072003481731137, -2.099999999999998757 ) ) ;
#2573 = CARTESIAN_POINT ( 'NONE',  ( -4.482856113983126889, -25.20816636816325840, 2.000000000000000000 ) ) ;
#2574 = CARTESIAN_POINT ( 'NONE',  ( -20.71178771499497984, 11.09036006156942555, 2.000000000000000000 ) ) ;
#2575 = CARTESIAN_POINT ( 'NONE',  ( 26.77848301813144971, 4.405768766048617557, -2.099999999999999645 ) ) ;
#2576 = CARTESIAN_POINT ( 'NONE',  ( 4.310684217927242656, -24.85340566964549325, 2.000000000000000000 ) ) ;
#2577 = CARTESIAN_POINT ( 'NONE',  ( 8.148726673636440765, 22.03570943365874513, -2.099999999999998757 ) ) ;
#2579 = CARTESIAN_POINT ( 'NONE',  ( 15.36687483434010737, -20.00332296475708915, -2.099999999999998757 ) ) ;
#2578 = CARTESIAN_POINT ( 'NONE',  ( -13.50856635788135840, 22.56556696682679686, -2.099999999999998757 ) ) ;
#2580 = CARTESIAN_POINT ( 'NONE',  ( 26.24483786523220274, 1.701370919965213835, 2.000000000000000000 ) ) ;
#2581 = CARTESIAN_POINT ( 'NONE',  ( -26.46517536639175106, -4.493494443281870865, -2.099999999999998757 ) ) ;
#2582 = CARTESIAN_POINT ( 'NONE',  ( 12.36707919775603415, -25.12081464776628792, 2.000000000000000000 ) ) ;
#2583 = CARTESIAN_POINT ( 'NONE',  ( 12.83485696772679852, 20.07512121109398251, 2.000000000000000000 ) ) ;
#2584 = CARTESIAN_POINT ( 'NONE',  ( 17.59296804644543499, 15.58600964088961049, 2.000000000000000000 ) ) ;
#2585 = CARTESIAN_POINT ( 'NONE',  ( -17.26619031893428868, 16.42019235248054088, 2.000000000000000000 ) ) ;
#2586 = EDGE_CURVE ( 'NONE', #8225, #2961, #3318, .T. ) ;
#2587 = ORIENTED_EDGE ( 'NONE', *, *, #992, .T. ) ;
#2588 = DIRECTION ( 'NONE',  ( -1.000000000000000000, 0.000000000000000000, -0.000000000000000000 ) ) ;
#2589 = CARTESIAN_POINT ( 'NONE',  ( -2.320354714939441898, 23.45074361513812278, -2.099999999999998757 ) ) ;
#2590 = CARTESIAN_POINT ( 'NONE',  ( 12.86131782747430208, -20.40223119301177235, -2.099999999999998757 ) ) ;
#2591 = CARTESIAN_POINT ( 'NONE',  ( 25.29380829876430070, 8.116834556469591178, 2.000000000000000000 ) ) ;
#2592 = CARTESIAN_POINT ( 'NONE',  ( 7.605017794998032876, 22.88729425358476632, 2.000000000000000000 ) ) ;
#2593 = CARTESIAN_POINT ( 'NONE',  ( 23.58537593626264695, 6.976039544898394062, -2.099999999999999645 ) ) ;
#2594 = CARTESIAN_POINT ( 'NONE',  ( 20.81172461973596555, 10.92283569232046503, -2.099999999999998757 ) ) ;
#2595 = CARTESIAN_POINT ( 'NONE',  ( 4.082273444348664349, 24.25428063893853547, -2.099999999999998757 ) ) ;
#2596 = ORIENTED_EDGE ( 'NONE', *, *, #7589, .T. ) ;
#2597 = FACE_OUTER_BOUND ( 'NONE', #3000, .T. ) ;
#2598 = CARTESIAN_POINT ( 'NONE',  ( -23.51224346894562345, 0.3730054609666941245, -2.099999999999998757 ) ) ;
#2599 = CARTESIAN_POINT ( 'NONE',  ( -17.91646094264596201, 17.52377780514962069, 2.000000000000000000 ) ) ;
#2600 = CARTESIAN_POINT ( 'NONE',  ( -23.63710370791871185, -4.790810183414333068, 2.000000000000000000 ) ) ;
#2601 = CARTESIAN_POINT ( 'NONE',  ( 7.519427044731523679, -26.50141551931777784, -2.099999999999999645 ) ) ;
#2602 = EDGE_CURVE ( 'NONE', #3127, #2921, #1841, .T. ) ;
#2603 = AXIS2_PLACEMENT_3D ( 'NONE', #2808, #7307, #2137 ) ;
#2604 = DIRECTION ( 'NONE',  ( 0.9709418174260519008, 0.2393156642875580997, 0.000000000000000000 ) ) ;
#2605 = CARTESIAN_POINT ( 'NONE',  ( -12.83364937058816579, 20.18870745851076265, -2.099999999999998757 ) ) ;
#2606 = VERTEX_POINT ( 'NONE', #5715 ) ;
#2607 = CARTESIAN_POINT ( 'NONE',  ( -13.64872344093926770, 24.44815585854584938, 2.000000000000000000 ) ) ;
#2608 = CARTESIAN_POINT ( 'NONE',  ( -8.148726673636438989, -22.03570943365875223, 2.000000000000000000 ) ) ;
#2609 = CARTESIAN_POINT ( 'NONE',  ( -27.50168352219550982, 4.167564993355127534, 2.000000000000000000 ) ) ;
#2610 = CARTESIAN_POINT ( 'NONE',  ( 24.00794390784557208, 7.190340088713026212, -2.099999999999998757 ) ) ;
#2611 = EDGE_CURVE ( 'NONE', #1129, #37, #1250, .T. ) ;
#2612 = EDGE_CURVE ( 'NONE', #3635, #423, #4411, .T. ) ;
#2613 = CARTESIAN_POINT ( 'NONE',  ( -19.10294311796691957, 20.47138403312585453, -2.099999999999998757 ) ) ;
#2614 = CARTESIAN_POINT ( 'NONE',  ( -25.91507308952755650, -10.60230933436161749, -2.099999999999998757 ) ) ;
#2615 = CARTESIAN_POINT ( 'NONE',  ( 20.07157227525354060, -15.89590000543996950, 2.000000000000000000 ) ) ;
#2616 = CARTESIAN_POINT ( 'NONE',  ( -4.310684217927233775, -24.85340566964549325, -2.099999999999998757 ) ) ;
#2617 = ORIENTED_EDGE ( 'NONE', *, *, #3489, .F. ) ;
#2618 = CARTESIAN_POINT ( 'NONE',  ( 17.35181857730699662, 15.87069998699208995, -2.099999999999998757 ) ) ;
#2619 = CARTESIAN_POINT ( 'NONE',  ( -21.58843454132472317, 10.30659784155100489, 2.000000000000000000 ) ) ;
#2620 = CARTESIAN_POINT ( 'NONE',  ( -15.02890815691218407, -19.71604682249877882, 2.000000000000000000 ) ) ;
#2621 = CARTESIAN_POINT ( 'NONE',  ( 4.144933467011483685, -24.44197433207706638, 2.000000000000000000 ) ) ;
#2622 = CARTESIAN_POINT ( 'NONE',  ( 7.616738452866461451, 23.18530238615923622, -2.099999999999998757 ) ) ;
#2624 = CARTESIAN_POINT ( 'NONE',  ( 13.02793750094272696, -20.86163776548603366, -2.099999999999998757 ) ) ;
#2623 = CARTESIAN_POINT ( 'NONE',  ( -12.85055170543025049, 19.95373759773044142, -2.099999999999998757 ) ) ;
#2625 = CARTESIAN_POINT ( 'NONE',  ( 24.56950331401515442, 1.128978604501158500, -2.099999999999998757 ) ) ;
#2626 = CARTESIAN_POINT ( 'NONE',  ( 24.76692767734245137, -4.782579349257312984, -2.099999999999998757 ) ) ;
#2627 = APPLICATION_CONTEXT ( 'automotive_design' ) ;
#2628 = AXIS2_PLACEMENT_3D ( 'NONE', #6865, #6197, #3107 ) ;
#2629 = CARTESIAN_POINT ( 'NONE',  ( 17.51903422860499759, -16.98989084997259624, 2.000000000000000000 ) ) ;
#2630 = CARTESIAN_POINT ( 'NONE',  ( 13.04949915500204582, 19.56208827861912880, -2.099999999999998757 ) ) ;
#2631 = CARTESIAN_POINT ( 'NONE',  ( 17.71416793792179689, 15.43316205167866784, 2.000000000000000000 ) ) ;
#2632 = CARTESIAN_POINT ( 'NONE',  ( -18.00520414013334758, 17.66596715945036422, -2.099999999999998757 ) ) ;
#2633 = VECTOR ( 'NONE', #935, 1000.000000000000000 ) ;
#2634 = ORIENTED_EDGE ( 'NONE', *, *, #6679, .T. ) ;
#2635 = CARTESIAN_POINT ( 'NONE',  ( -23.76414829993700906, 7.060866680122685146, -2.100000000000000089 ) ) ;
#2636 = CARTESIAN_POINT ( 'NONE',  ( -20.74579233589062355, -11.91211842489101791, -2.099999999999998757 ) ) ;
#2637 = CARTESIAN_POINT ( 'NONE',  ( 16.30896799194540137, -20.63258928533522152, -2.099999999999998757 ) ) ;
#2638 = CARTESIAN_POINT ( 'NONE',  ( 10.70787966366669508, 23.74905515802277023, 2.000000000000000000 ) ) ;
#2639 = CARTESIAN_POINT ( 'NONE',  ( 22.99371384847795241, 6.601180838822673813, -2.099999999999999645 ) ) ;
#2640 = CIRCLE ( 'NONE', #8013, 1.749999999999999778 ) ;
#2641 = FACE_OUTER_BOUND ( 'NONE', #3806, .T. ) ;
#2642 = CARTESIAN_POINT ( 'NONE',  ( 2.035327432088031241, 23.74029248485179622, -2.099999999999998757 ) ) ;
#2643 = EDGE_CURVE ( 'NONE', #6013, #7406, #413, .T. ) ;
#2644 = ORIENTED_EDGE ( 'NONE', *, *, #3622, .F. ) ;
#2645 = CARTESIAN_POINT ( 'NONE',  ( 4.030460310774762966, -24.06924055886029024, 2.000000000000000000 ) ) ;
#2646 = CARTESIAN_POINT ( 'NONE',  ( 1.906741771391398554, 24.04223096406908766, 2.000000000000000000 ) ) ;
#2647 = CARTESIAN_POINT ( 'NONE',  ( -18.12539239010960657, 15.18249965295455794, 2.000000000000000000 ) ) ;
#2648 = CARTESIAN_POINT ( 'NONE',  ( 23.87823629154097560, -7.119306137701283177, -2.099999999999998757 ) ) ;
#2649 = CARTESIAN_POINT ( 'NONE',  ( 7.688496923001413741, -25.42728370346968347, -2.099999999999999645 ) ) ;
#2650 = PLANE ( 'NONE',  #4231 ) ;
#2651 = CARTESIAN_POINT ( 'NONE',  ( -13.30747633062666146, 21.64116298680352202, -2.099999999999998757 ) ) ;
#2652 = EDGE_LOOP ( 'NONE', ( #3858, #2307, #6909, #6731 ) ) ;
#2653 = CARTESIAN_POINT ( 'NONE',  ( -7.442630951135233985, 26.84114405199617792, 2.000000000000000000 ) ) ;
#2654 = CARTESIAN_POINT ( 'NONE',  ( -10.53741832910564646, -23.57101921525815769, 2.000000000000000000 ) ) ;
#2655 = CARTESIAN_POINT ( 'NONE',  ( -28.00000000000000355, 3.429011037612589276E-15, -2.099999999999998757 ) ) ;
#2656 = CARTESIAN_POINT ( 'NONE',  ( 22.76403769146248379, 5.811439118492644162, -2.099999999999998757 ) ) ;
#2657 = CARTESIAN_POINT ( 'NONE',  ( 21.23211141880577202, 10.40363348579839631, -2.099999999999998757 ) ) ;
#2658 = DIRECTION ( 'NONE',  ( -0.1205366802553223121, -0.9927088740980539727, 0.000000000000000000 ) ) ;
#2659 = CARTESIAN_POINT ( 'NONE',  ( 22.62472994142223115, -16.49610848302603827, 2.000000000000000000 ) ) ;
#2660 = AXIS2_PLACEMENT_3D ( 'NONE', #6318, #3236, #1851 ) ;
#2661 = CARTESIAN_POINT ( 'NONE',  ( -3.902347153244126510, -23.79992060087550598, 2.000000000000000000 ) ) ;
#2662 = CARTESIAN_POINT ( 'NONE',  ( 18.00000000000000000, 0.000000000000000000, -3.599999999999998757 ) ) ;
#2663 = CARTESIAN_POINT ( 'NONE',  ( -22.12901452267052704, 13.30176109182831112, 2.000000000000000000 ) ) ;
#2664 = CARTESIAN_POINT ( 'NONE',  ( -13.58617081224543632, -23.15195374360798652, 2.000000000000000000 ) ) ;
#2665 = CARTESIAN_POINT ( 'NONE',  ( 1.846803834033468039, -24.33438445894235613, 2.000000000000000000 ) ) ;
#2666 = DIRECTION ( 'NONE',  ( -1.000000000000000000, 0.000000000000000000, 0.000000000000000000 ) ) ;
#2668 = CARTESIAN_POINT ( 'NONE',  ( -15.02890815691219295, 19.71604682249877527, 2.000000000000000000 ) ) ;
#2667 = CARTESIAN_POINT ( 'NONE',  ( -12.83364937058816579, 20.18870745851076265, -2.099999999999998757 ) ) ;
#2669 = CARTESIAN_POINT ( 'NONE',  ( 24.09676835437406694, 1.005131229266920556, -2.099999999999998757 ) ) ;
#2670 = VECTOR ( 'NONE', #3395, 1000.000000000000000 ) ;
#2671 = CARTESIAN_POINT ( 'NONE',  ( 24.32345666766048353, -4.791663430616639907, 2.000000000000000000 ) ) ;
#2672 = CARTESIAN_POINT ( 'NONE',  ( 17.26619031893428513, -16.42019235248054443, 2.000000000000000000 ) ) ;
#2673 = CARTESIAN_POINT ( 'NONE',  ( 17.86193223065026814, 21.37267289045674801, 2.000000000000000000 ) ) ;
#2674 = CIRCLE ( 'NONE', #2939, 28.00000000000000000 ) ;
#2675 = CARTESIAN_POINT ( 'NONE',  ( 17.42017265760603451, 16.82633584436269913, 2.000000000000000000 ) ) ;
#2676 = CARTESIAN_POINT ( 'NONE',  ( 17.98147192499884639, -15.23115522593613136, -2.099999999999998757 ) ) ;
#2677 = ORIENTED_EDGE ( 'NONE', *, *, #783, .F. ) ;
#2678 = CARTESIAN_POINT ( 'NONE',  ( -22.76403769146248735, 5.811439118492613076, -2.100000000000000089 ) ) ;
#2679 = CARTESIAN_POINT ( 'NONE',  ( -4.590305982006153585, 25.40785750275294674, -2.099999999999998757 ) ) ;
#2680 = CARTESIAN_POINT ( 'NONE',  ( -7.715738321650229103, 25.14266413352902418, -2.099999999999998757 ) ) ;
#2681 = CARTESIAN_POINT ( 'NONE',  ( 12.36707919785797927, 25.12081464783647888, 2.000000000000000000 ) ) ;
#2682 = B_SPLINE_CURVE_WITH_KNOTS ( 'NONE', 3,
 ( #3554, #4222, #2420, #397, #1110, #2963, #5539, #3676, #8098, #2338, #4902, #1700, #1070, #6207, #436, #2624, #597, #3758, #725, #685, #5196, #8299, #4425, #3208, #7765, #6328, #558, #1192, #7586, #1317, #5782, #1271, #3119, #5695, #8257, #1822, #3884, #12, #3840, #1997, #4382, #1231, #3293, #2579, #3925, #2496, #5066, #5150, #7720, #4555, #6951, #6996, #6499, #7677, #6413 ),
 .UNSPECIFIED., .F., .F.,
 ( 4, 1, 1, 1, 1, 1, 1, 1, 1, 1, 1, 1, 1, 1, 1, 1, 1, 1, 1, 1, 1, 1, 1, 1, 1, 1, 1, 1, 1, 1, 1, 1, 1, 1, 1, 1, 1, 1, 1, 1, 1, 1, 1, 1, 1, 1, 1, 1, 1, 1, 1, 1, 4 ),
 ( 0.01037066611188609301, 0.06767854499841063909, 0.09884629602760419687, 0.1282330327458525154, 0.1558387551553856998, 0.1816634632588947085, 0.2057071570596702426, 0.2279698365617903733, 0.2484515017703998740, 0.2671521526921104561, 0.2840717893356237145, 0.2992104117127123430, 0.3125680198398570475, 0.3241446137411453376, 0.3339401934538046568, 0.3662021699428077426, 0.3760430630535975816, 0.3856763336118151919, 0.3952492422856396237, 0.4049624801021072251, 0.4150869914083012979, 0.4259748013331243754, 0.4380386266454286970, 0.4516469595390829594, 0.4668849008038623571, 0.4803437228220495125, 0.4999999999999997780, 0.5196562771779499323, 0.5331150991961371988, 0.5483530404609165965, 0.5619613733545708589, 0.5740251986668751805, 0.5849130085916982580, 0.5950375198978923308, 0.6047507577143599322, 0.6143236663881842530, 0.6239569369464019744, 0.6337978300571918133, 0.6660598065461948991, 0.6758553862588542183, 0.6874319801601425084, 0.7007895882872872129, 0.7159282106643759525, 0.7328478473078892108, 0.7515484982295997929, 0.7720301634382092937, 0.7942928429403295354, 0.8183365367411050695, 0.8441612448446141892, 0.8717669672541473735, 0.9011537039723956921, 0.9323214550015892499, 0.9896293338881128054 ),
 .UNSPECIFIED. ) ;
#2683 = CARTESIAN_POINT ( 'NONE',  ( 24.95373504430678580, 4.768644361883088045, 2.000000000000000000 ) ) ;
#2684 = DIRECTION ( 'NONE',  ( -1.000000000000000000, 0.000000000000000000, 0.000000000000000000 ) ) ;
#2685 = CARTESIAN_POINT ( 'NONE',  ( -26.16863607189504037, -4.567518758412578705, 2.000000000000000000 ) ) ;
#2686 = PRODUCT_DEFINITION_SHAPE ( 'NONE', 'NONE',  #5742 ) ;
#2687 = ORIENTED_EDGE ( 'NONE', *, *, #7618, .T. ) ;
#2688 = CARTESIAN_POINT ( 'NONE',  ( 3.359200862297590628, -23.32460485566309316, -2.099999999999998757 ) ) ;
#2689 = CARTESIAN_POINT ( 'NONE',  ( 3.781464864188883279, 23.62174820993211455, 2.000000000000000000 ) ) ;
#2690 = CARTESIAN_POINT ( 'NONE',  ( 3.499191490208542366, -23.38362255772746323, -2.099999999999998757 ) ) ;
#2691 = CARTESIAN_POINT ( 'NONE',  ( 18.83778878485557229, 19.53549755878801619, 2.000000000000000000 ) ) ;
#2692 = CARTESIAN_POINT ( 'NONE',  ( -27.05471844848150198, -2.130765319231059607, -2.099999999999998757 ) ) ;
#2693 = CARTESIAN_POINT ( 'NONE',  ( -2.463801941912943327, 23.38577358155836450, 2.000000000000000000 ) ) ;
#2694 = CARTESIAN_POINT ( 'NONE',  ( -14.42373451280541552, 19.20597537996031434, 2.000000000000000000 ) ) ;
#2695 = CARTESIAN_POINT ( 'NONE',  ( 12.19289813512186171, 25.00088857611621407, 2.000000000000000000 ) ) ;
#2696 = ORIENTED_EDGE ( 'NONE', *, *, #5632, .F. ) ;
#2697 = CARTESIAN_POINT ( 'NONE',  ( -13.10549974122802652, -21.04367979295773949, -2.099999999999998757 ) ) ;
#2698 = CARTESIAN_POINT ( 'NONE',  ( 19.10294311796694444, -20.47138403312583677, -2.099999999999998757 ) ) ;
#2699 = CARTESIAN_POINT ( 'NONE',  ( -23.53223775966786491, 4.811173829118811973, 2.000000000000000000 ) ) ;
#2700 = CARTESIAN_POINT ( 'NONE',  ( 23.76414829993700906, 7.060866680122717121, -2.099999999999998757 ) ) ;
#2701 = CARTESIAN_POINT ( 'NONE',  ( -22.41476768503926920, 16.47086518437623326, -2.099999999999998757 ) ) ;
#2702 = CARTESIAN_POINT ( 'NONE',  ( 25.70517131628460561, -10.62804675830129142, -2.099999999999998757 ) ) ;
#2703 = CARTESIAN_POINT ( 'NONE',  ( 18.80342269287540446, -15.26496932198516987, -2.099999999999998757 ) ) ;
#2704 = CARTESIAN_POINT ( 'NONE',  ( -4.590305982006135821, -25.40785750275295030, 2.000000000000000000 ) ) ;
#2705 = EDGE_LOOP ( 'NONE', ( #1667, #314 ) ) ;
#2706 = CARTESIAN_POINT ( 'NONE',  ( 1.750000000000000888, 21.00000000000000000, -3.599999999999998757 ) ) ;
#2707 = CARTESIAN_POINT ( 'NONE',  ( -7.865059710290380757, -22.21401039568610969, -2.099999999999998757 ) ) ;
#2708 = CARTESIAN_POINT ( 'NONE',  ( 3.499191490208542366, -23.38362255772746323, 2.000000000000000000 ) ) ;
#2709 = DIRECTION ( 'NONE',  ( -1.000000000000000000, 0.000000000000000000, 0.000000000000000000 ) ) ;
#2711 = CARTESIAN_POINT ( 'NONE',  ( -14.88619985382990407, 19.57897187542434736, -2.099999999999998757 ) ) ;
#2710 = CARTESIAN_POINT ( 'NONE',  ( -13.02793750094272696, 20.86163776548603366, -2.099999999999998757 ) ) ;
#2712 = CARTESIAN_POINT ( 'NONE',  ( 23.49332454121249825, 0.1947784575707320609, -2.099999999999998757 ) ) ;
#2713 = CARTESIAN_POINT ( 'NONE',  ( 24.59949625084632174, -4.790317889056099787, -2.099999999999998757 ) ) ;
#2714 = CARTESIAN_POINT ( 'NONE',  ( 17.29220078062825650, -16.53076698689342550, 2.000000000000000000 ) ) ;
#2715 = CARTESIAN_POINT ( 'NONE',  ( -5.644338688955437000, -26.94321170796061793, -2.099999999999998757 ) ) ;
#2716 = CARTESIAN_POINT ( 'NONE',  ( 17.59296804644543499, 15.58600964088961049, -2.099999999999999645 ) ) ;
#2717 = CARTESIAN_POINT ( 'NONE',  ( 17.51903422860499759, -16.98989084997259624, -2.099999999999998757 ) ) ;
#2718 = EDGE_LOOP ( 'NONE', ( #5396, #5674 ) ) ;
#2719 = CARTESIAN_POINT ( 'NONE',  ( 21.35721522671292760, -10.35169942632023066, 2.000000000000000000 ) ) ;
#2720 = CARTESIAN_POINT ( 'NONE',  ( -21.38382933992361501, -12.54282366362884815, 2.000000000000000000 ) ) ;
#2721 = CARTESIAN_POINT ( 'NONE',  ( -7.720532692246934836, 23.84272921084243535, -2.099999999999998757 ) ) ;
#2722 = CARTESIAN_POINT ( 'NONE',  ( 27.69932686549402945, 4.092342562581445797, 2.000000000000000000 ) ) ;
#2723 = CARTESIAN_POINT ( 'NONE',  ( -13.96529143882091439, 19.07901412642182848, 2.000000000000000000 ) ) ;
#2724 = CARTESIAN_POINT ( 'NONE',  ( 23.10489730742583703, 5.020145956116689234, -2.099999999999999645 ) ) ;
#2725 = CARTESIAN_POINT ( 'NONE',  ( -25.03107770533010523, -1.235924829161916927, 2.000000000000000000 ) ) ;
#2726 = CARTESIAN_POINT ( 'NONE',  ( 1.145856306001342029, 27.11429446801520626, -2.099999999999998757 ) ) ;
#2727 = ORIENTED_EDGE ( 'NONE', *, *, #707, .F. ) ;
#2728 = CARTESIAN_POINT ( 'NONE',  ( 3.025165651672266254, -23.29855380546641186, -2.099999999999998757 ) ) ;
#2729 = DIRECTION ( 'NONE',  ( -1.000000000000000000, 0.000000000000000000, 0.000000000000000000 ) ) ;
#2730 = CARTESIAN_POINT ( 'NONE',  ( 5.995910227648008295, -27.35048556318490398, -2.099999999999998757 ) ) ;
#2731 = CARTESIAN_POINT ( 'NONE',  ( 0.000000000000000000, 21.00000000000000000, 2.100000000000001865 ) ) ;
#2732 = CARTESIAN_POINT ( 'NONE',  ( -26.00281877978270373, -1.590510388571586997, 2.000000000000000000 ) ) ;
#2733 = CARTESIAN_POINT ( 'NONE',  ( 23.81253063529220171, -0.8410884408854197858, -2.099999999999998757 ) ) ;
#2734 = CARTESIAN_POINT ( 'NONE',  ( -14.75432918952970418, -19.43920578531972509, 2.000000000000000000 ) ) ;
#2735 = ORIENTED_EDGE ( 'NONE', *, *, #2868, .T. ) ;
#2736 = CARTESIAN_POINT ( 'NONE',  ( -7.745447077757172671, -24.40400991946479081, -2.099999999999998757 ) ) ;
#2737 = CARTESIAN_POINT ( 'NONE',  ( -7.523321135858853204, -26.48008397883696574, 2.000000000000000000 ) ) ;
#2738 = CARTESIAN_POINT ( 'NONE',  ( 23.81253063529220171, 0.8410884408854198968, 2.000000000000000000 ) ) ;
#2739 = CARTESIAN_POINT ( 'NONE',  ( 20.86952096496492004, -12.08832612917522553, 2.000000000000000000 ) ) ;
#2740 = CARTESIAN_POINT ( 'NONE',  ( -19.55560045884525877, 15.67357176803117369, -2.099999999999998757 ) ) ;
#2741 = CARTESIAN_POINT ( 'NONE',  ( 21.80373651133527702, -10.30832712212200342, -2.099999999999998757 ) ) ;
#2742 = CARTESIAN_POINT ( 'NONE',  ( 18.38167992440537901, -15.16106487615012455, -2.099999999999998757 ) ) ;
#2743 = EDGE_CURVE ( 'NONE', #6275, #1771, #5722, .T. ) ;
#2744 = DIRECTION ( 'NONE',  ( -1.000000000000000000, 0.000000000000000000, 0.000000000000000000 ) ) ;
#2745 = ORIENTED_EDGE ( 'NONE', *, *, #3750, .T. ) ;
#2746 = DIRECTION ( 'NONE',  ( -1.000000000000000000, 0.000000000000000000, 0.000000000000000000 ) ) ;
#2747 = CARTESIAN_POINT ( 'NONE',  ( -23.47699277379168947, 15.36259000563081578, 2.000000000000000000 ) ) ;
#2748 = DIRECTION ( 'NONE',  ( -0.9709418174260520118, 0.2393156642875577667, 0.000000000000000000 ) ) ;
#2749 = DIRECTION ( 'NONE',  ( -0.000000000000000000, 0.000000000000000000, -1.000000000000000000 ) ) ;
#2751 = CARTESIAN_POINT ( 'NONE',  ( -14.75432918952970596, 19.43920578531971799, 2.000000000000000000 ) ) ;
#2750 = CARTESIAN_POINT ( 'NONE',  ( 17.82169893237846736, -21.35645667456330088, 2.000000000000000000 ) ) ;
#2752 = B_SPLINE_CURVE_WITH_KNOTS ( 'NONE', 3,
 ( #1377, #3137, #6344, #5839, #3941, #3311, #5885, #7054, #110, #4397, #6970, #2555, #1207, #6513, #5711, #2595, #7736, #7013, #3814, #6387, #1969, #2514, #1882, #4441, #7103, #7694, #1335, #615, #68, #3180, #5757, #8316, #2015, #2642, #1289, #6430, #3857, #5213, #3224, #7905, #7987, #1587, #4115, #5345, #4746, #198, #5385, #6720, #3987, #6557, #2222, #2726, #5423, #7354, #5929 ),
 .UNSPECIFIED., .F., .F.,
 ( 4, 1, 1, 1, 1, 1, 1, 1, 1, 1, 1, 1, 1, 1, 1, 1, 1, 1, 1, 1, 1, 1, 1, 1, 1, 1, 1, 1, 1, 1, 1, 1, 1, 1, 1, 1, 1, 1, 1, 1, 1, 1, 1, 1, 1, 1, 1, 1, 1, 1, 1, 1, 4 ),
 ( 0.01037066611188681292, 0.06767854499841063909, 0.09884629602760419687, 0.1282330327458525154, 0.1558387551553857275, 0.1816634632588947085, 0.2057071570596702426, 0.2279698365617903733, 0.2484515017703998740, 0.2671521526921104561, 0.2840717893356237145, 0.2992104117127123430, 0.3125680198398570475, 0.3241446137411453376, 0.3339401934538046568, 0.3662021699428077426, 0.3760430630535975816, 0.3856763336118151919, 0.3952492422856396237, 0.4049624801021072251, 0.4150869914083012979, 0.4259748013331243754, 0.4380386266454286970, 0.4516469595390829594, 0.4668849008038623571, 0.4803437228220495125, 0.4999999999999997780, 0.5196562771779499323, 0.5331150991961371988, 0.5483530404609165965, 0.5619613733545708589, 0.5740251986668751805, 0.5849130085916982580, 0.5950375198978923308, 0.6047507577143599322, 0.6143236663881842530, 0.6239569369464019744, 0.6337978300571918133, 0.6660598065461948991, 0.6758553862588542183, 0.6874319801601425084, 0.7007895882872872129, 0.7159282106643759525, 0.7328478473078892108, 0.7515484982295997929, 0.7720301634382092937, 0.7942928429403295354, 0.8183365367411050695, 0.8441612448446141892, 0.8717669672541473735, 0.9011537039723958031, 0.9323214550015892499, 0.9896293338881146928 ),
 .UNSPECIFIED. ) ;
#2753 = CARTESIAN_POINT ( 'NONE',  ( 23.51224346894561990, 0.3730054609666962895, -2.099999999999998757 ) ) ;
#2754 = CARTESIAN_POINT ( 'NONE',  ( 25.62785817443977265, -4.678588802317970696, 2.000000000000000000 ) ) ;
#2755 = B_SPLINE_SURFACE_WITH_KNOTS ( 'NONE', 3, 1, ( 
 ( #5841, #7653 ),
 ( #5675, #4399 ),
 ( #4443, #1884 ),
 ( #7015, #3776 ),
 ( #7056, #70 ),
 ( #3816, #6972 ),
 ( #2474, #6389 ),
 ( #3182, #5759 ),
 ( #5043, #7608 ),
 ( #5169, #1839 ),
 ( #8318, #2557 ),
 ( #1209, #6346 ),
 ( #3859, #1927 ),
 ( #1291, #4485 ),
 ( #6432, #661 ),
 ( #5799, #4117 ),
 ( #2645, #5388 ),
 ( #834, #5970 ),
 ( #2059, #7824 ),
 ( #4073, #6682 ),
 ( #112, #6559 ),
 ( #5887, #7862 ),
 ( #4709, #5302 ),
 ( #5215, #7148 ),
 ( #1379, #2688 ),
 ( #7950, #2815 ),
 ( #2187, #2728 ),
 ( #794, #200 ),
 ( #4573, #6014 ),
 ( #6515, #4034 ),
 ( #744, #876 ),
 ( #6639, #2772 ),
 ( #5258, #4748 ),
 ( #4616, #7188 ),
 ( #1423, #3989 ),
 ( #2101, #4664 ),
 ( #6055, #920 ),
 ( #3355, #7907 ),
 ( #2018, #1507 ),
 ( #7314, #3442 ),
 ( #3943, #5931 ),
 ( #3313, #158 ),
 ( #1547, #7234 ),
 ( #1467, #6601 ),
 ( #3398, #7783 ),
 ( #3484, #5347 ),
 ( #7275, #2145 ),
 ( #243, #2347 ),
 ( #6762, #1668 ),
 ( #5692, #4157 ),
 ( #4791, #5548 ),
 ( #997, #287 ),
 ( #1228, #6803 ),
 ( #2892, #8029 ),
 ( #3606, #1710 ) ),
 .UNSPECIFIED., .F., .F., .F.,
 ( 4, 1, 1, 1, 1, 1, 1, 1, 1, 1, 1, 1, 1, 1, 1, 1, 1, 1, 1, 1, 1, 1, 1, 1, 1, 1, 1, 1, 1, 1, 1, 1, 1, 1, 1, 1, 1, 1, 1, 1, 1, 1, 1, 1, 1, 1, 1, 1, 1, 1, 1, 1, 4 ),
 ( 2, 2 ),
 ( 0.01037066610069944592, 0.06767854499841075011, 0.09884629602760430789, 0.1282330327458526265, 0.1558387551553858108, 0.1816634632588949305, 0.2057071570596704646, 0.2279698365617907063, 0.2484515017704002071, 0.2671521526921107892, 0.2840717893356240475, 0.2992104117127127871, 0.3125680198398574916, 0.3241446137411457817, 0.3339401934538051009, 0.3662021699428081867, 0.3760430630535980256, 0.3856763336118157470, 0.3952492422856400678, 0.4049624801021076692, 0.4150869914083017420, 0.4259748013331248195, 0.4380386266454291411, 0.4516469595390834035, 0.4668849008038628012, 0.4803437228220500677, 0.5000000000000002220, 0.5196562771779504875, 0.5331150991961376429, 0.5483530404609170406, 0.5619613733545713030, 0.5740251986668756246, 0.5849130085916987021, 0.5950375198978927749, 0.6047507577143603763, 0.6143236663881848081, 0.6239569369464024184, 0.6337978300571922574, 0.6660598065461953432, 0.6758553862588546624, 0.6874319801601429525, 0.7007895882872876570, 0.7159282106643762855, 0.7328478473078895439, 0.7515484982296001260, 0.7720301634382096267, 0.7942928429403297574, 0.8183365367411052915, 0.8441612448446143002, 0.8717669672541474846, 0.9011537039723958031, 0.9323214550015893609, 0.9955048858948367663 ),
 ( 0.000000000000000000, 1.000000000000000000 ),
 .UNSPECIFIED. ) ;
#2756 = CARTESIAN_POINT ( 'NONE',  ( 17.83462167525290099, -17.40060223031303011, 2.000000000000000000 ) ) ;
#2757 = CARTESIAN_POINT ( 'NONE',  ( 14.88619985382989519, 19.57897187542435447, 2.000000000000000000 ) ) ;
#2758 = CARTESIAN_POINT ( 'NONE',  ( 19.55560045884524456, 15.67357176803118790, -2.099999999999999645 ) ) ;
#2759 = CARTESIAN_POINT ( 'NONE',  ( 18.83778878485559360, -19.53549755878801264, -2.099999999999998757 ) ) ;
#2760 = VERTEX_POINT ( 'NONE', #5304 ) ;
#2761 = CARTESIAN_POINT ( 'NONE',  ( 20.99240193721332304, -10.59640443373927354, -2.099999999999999645 ) ) ;
#2762 = PLANE ( 'NONE',  #1693 ) ;
#2763 = CARTESIAN_POINT ( 'NONE',  ( 13.41263264250317455, -22.06199033373686547, 2.000000000000000000 ) ) ;
#2764 = VECTOR ( 'NONE', #1156, 1000.000000000000000 ) ;
#2765 = CARTESIAN_POINT ( 'NONE',  ( -16.08024905276406713, 20.49638744246054856, 2.000000000000000000 ) ) ;
#2766 = CARTESIAN_POINT ( 'NONE',  ( 23.00007343659231296, 5.130111501463117563, -2.099999999999999645 ) ) ;
#2767 = CARTESIAN_POINT ( 'NONE',  ( 21.98040231662190891, 13.13048226772783877, -2.099999999999998757 ) ) ;
#2768 = AXIS2_PLACEMENT_3D ( 'NONE', #5310, #255, #7283 ) ;
#2769 = CARTESIAN_POINT ( 'NONE',  ( 2.035327432088031241, 23.74029248485179622, 2.000000000000000000 ) ) ;
#2770 = PLANE ( 'NONE',  #1457 ) ;
#2771 = VERTEX_POINT ( 'NONE', #2774 ) ;
#2772 = CARTESIAN_POINT ( 'NONE',  ( 2.198555820827218010, -23.54154832015334975, -2.099999999999998757 ) ) ;
#2773 = CARTESIAN_POINT ( 'NONE',  ( 1.680116617297973125, 25.54848055630612791, 2.000000000000000000 ) ) ;
#2774 = CARTESIAN_POINT ( 'NONE',  ( -22.74999999999999645, -3.903127820947815962E-15, 2.100000000000001865 ) ) ;
#2775 = CARTESIAN_POINT ( 'NONE',  ( 17.45584392081710590, 15.72474958968643044, 2.000000000000000000 ) ) ;
#2776 = CARTESIAN_POINT ( 'NONE',  ( -23.72154950710865506, 0.7592181733933760501, 2.000000000000000000 ) ) ;
#2777 = VECTOR ( 'NONE', #5419, 1000.000000000000000 ) ;
#2778 = CARTESIAN_POINT ( 'NONE',  ( 23.49332454121249825, -0.1947784575707308674, -2.099999999999998757 ) ) ;
#2779 = CARTESIAN_POINT ( 'NONE',  ( -13.66345410753368306, -19.13830577319236070, 2.000000000000000000 ) ) ;
#2780 = ORIENTED_EDGE ( 'NONE', *, *, #17, .F. ) ;
#2781 = CARTESIAN_POINT ( 'NONE',  ( -13.30747633062665614, -21.64116298680352202, -2.099999999999998757 ) ) ;
#2782 = AXIS2_PLACEMENT_3D ( 'NONE', #5153, #728, #4600 ) ;
#2783 = CARTESIAN_POINT ( 'NONE',  ( -7.605017794998031100, -22.88729425358476988, 2.000000000000000000 ) ) ;
#2784 = CARTESIAN_POINT ( 'NONE',  ( 25.77590585922884614, 1.494258687380734196, 2.000000000000000000 ) ) ;
#2785 = DIRECTION ( 'NONE',  ( 0.000000000000000000, 0.000000000000000000, -1.000000000000000000 ) ) ;
#2786 = CARTESIAN_POINT ( 'NONE',  ( -17.59296804644544920, 15.58600964088959806, -2.099999999999998757 ) ) ;
#2787 = CARTESIAN_POINT ( 'NONE',  ( 21.07590994840524345, -12.30361618564757720, -2.099999999999998757 ) ) ;
#2788 = CARTESIAN_POINT ( 'NONE',  ( 17.32735312033766206, -16.63359376186218697, 2.000000000000000000 ) ) ;
#2789 = FACE_OUTER_BOUND ( 'NONE', #3011, .T. ) ;
#2790 = ORIENTED_EDGE ( 'NONE', *, *, #4633, .T. ) ;
#2791 = CARTESIAN_POINT ( 'NONE',  ( -11.33585971340119158, 24.33300811744740955, -2.099999999999998757 ) ) ;
#2792 = CARTESIAN_POINT ( 'NONE',  ( -12.19289839554626376, -25.00088876444321428, -2.099999999999998757 ) ) ;
#2793 = CARTESIAN_POINT ( 'NONE',  ( -1.749999999999992673, -21.00000000000000000, 2.100000000000001865 ) ) ;
#2794 = CARTESIAN_POINT ( 'NONE',  ( -20.94077984017082983, -12.16847291378769924, 2.000000000000000000 ) ) ;
#2795 = CARTESIAN_POINT ( 'NONE',  ( 14.21926140100350722, -19.11953582679382535, 2.000000000000000000 ) ) ;
#2796 = CARTESIAN_POINT ( 'NONE',  ( 27.19385066032131348, -4.276646190861202790, 2.000000000000000000 ) ) ;
#2797 = EDGE_CURVE ( 'NONE', #8225, #2961, #6928, .T. ) ;
#2798 = AXIS2_PLACEMENT_3D ( 'NONE', #4879, #1674, #4240 ) ;
#2799 = CARTESIAN_POINT ( 'NONE',  ( 13.20212662322859209, 21.30225842247369528, 2.000000000000000000 ) ) ;
#2800 = CARTESIAN_POINT ( 'NONE',  ( 15.36687483434009849, 20.00332296475709626, -2.099999999999998757 ) ) ;
#2801 = CARTESIAN_POINT ( 'NONE',  ( 7.988790274807842096, -22.11659910479056634, 2.000000000000000000 ) ) ;
#2802 = FACE_BOUND ( 'NONE', #7606, .T. ) ;
#2803 = AXIS2_PLACEMENT_3D ( 'NONE', #1545, #6680, #918 ) ;
#2804 = ORIENTED_EDGE ( 'NONE', *, *, #5721, .T. ) ;
#2805 = CARTESIAN_POINT ( 'NONE',  ( 20.62323650117463103, -11.56374771533979562, 2.000000000000000000 ) ) ;
#2806 = CARTESIAN_POINT ( 'NONE',  ( -22.12901452267052704, -13.30176109182831823, -2.099999999999998757 ) ) ;
#2807 = CARTESIAN_POINT ( 'NONE',  ( 13.30747633062666146, -21.64116298680352202, -2.099999999999998757 ) ) ;
#2808 = CARTESIAN_POINT ( 'NONE',  ( 0.000000000000000000, 0.000000000000000000, 0.000000000000000000 ) ) ;
#2809 = CARTESIAN_POINT ( 'NONE',  ( 11.92825694638515088, 24.80951218106819667, 2.000000000000000000 ) ) ;
#2810 = VECTOR ( 'NONE', #4203, 1000.000000000000000 ) ;
#2811 = LINE ( 'NONE', #6555, #4537 ) ;
#2812 = CARTESIAN_POINT ( 'NONE',  ( 2.463801941912914018, 23.38577358155836450, 2.000000000000000000 ) ) ;
#2813 = DIRECTION ( 'NONE',  ( -0.3546048870425357880, 0.9350162426854148334, 0.000000000000000000 ) ) ;
#2814 = EDGE_LOOP ( 'NONE', ( #4971, #2163, #1979, #7125 ) ) ;
#2815 = CARTESIAN_POINT ( 'NONE',  ( 3.204373604290284394, -23.29585190159429686, -2.099999999999998757 ) ) ;
#2816 = CARTESIAN_POINT ( 'NONE',  ( 1.270707428516364201, 26.81384534371724371, 2.000000000000000000 ) ) ;
#2817 = CARTESIAN_POINT ( 'NONE',  ( 1.623578263684214873, -25.76808346599204924, -2.099999999999998757 ) ) ;
#2818 = CARTESIAN_POINT ( 'NONE',  ( 17.71416793792179689, 15.43316205167866784, 2.000000000000000000 ) ) ;
#2819 = CARTESIAN_POINT ( 'NONE',  ( -23.99982295939236465, -0.9602632500303831531, 2.000000000000000000 ) ) ;
#2820 = CARTESIAN_POINT ( 'NONE',  ( 0.000000000000000000, 0.000000000000000000, -2.099999999999998757 ) ) ;
#2821 = CARTESIAN_POINT ( 'NONE',  ( -13.10549974122802652, -21.04367979295773949, 2.000000000000000000 ) ) ;
#2822 = ORIENTED_EDGE ( 'NONE', *, *, #7029, .F. ) ;
#2823 = CARTESIAN_POINT ( 'NONE',  ( -7.401289567484097276, -27.00409066686569304, 2.000000000000000000 ) ) ;
#2824 = FACE_OUTER_BOUND ( 'NONE', #6802, .T. ) ;
#2825 = CARTESIAN_POINT ( 'NONE',  ( 26.00281877978270373, 1.590510388571583889, 2.000000000000000000 ) ) ;
#2826 = DIRECTION ( 'NONE',  ( 0.000000000000000000, 0.000000000000000000, -1.000000000000000000 ) ) ;
#2827 = CARTESIAN_POINT ( 'NONE',  ( 13.34952134769246612, -19.34012055804144836, 2.000000000000000000 ) ) ;
#2828 = CARTESIAN_POINT ( 'NONE',  ( 0.000000000000000000, 0.000000000000000000, -2.099999999999998757 ) ) ;
#2829 = EDGE_CURVE ( 'NONE', #1096, #3312, #5344, .T. ) ;
#2830 = CARTESIAN_POINT ( 'NONE',  ( 19.10294311799637512, 20.47138403324619915, 2.000000000000000000 ) ) ;
#2831 = ORIENTED_EDGE ( 'NONE', *, *, #4326, .T. ) ;
#2832 = CARTESIAN_POINT ( 'NONE',  ( 18.83778878485557229, 19.53549755878801619, -2.099999999999998757 ) ) ;
#2833 = DIRECTION ( 'NONE',  ( -0.000000000000000000, -0.000000000000000000, 1.000000000000000000 ) ) ;
#2834 = PLANE ( 'NONE',  #1428 ) ;
#2835 = CARTESIAN_POINT ( 'NONE',  ( -23.44696895445778750, -15.30488886923689407, 2.000000000000000000 ) ) ;
#2836 = CARTESIAN_POINT ( 'NONE',  ( 15.36687483434010737, -20.00332296475708915, 2.000000000000000000 ) ) ;
#2837 = CARTESIAN_POINT ( 'NONE',  ( 23.87823629154097560, -7.119306137701283177, 2.000000000000000000 ) ) ;
#2838 = DIRECTION ( 'NONE',  ( 0.000000000000000000, 0.000000000000000000, -1.000000000000000000 ) ) ;
#2839 = CARTESIAN_POINT ( 'NONE',  ( 15.87213422487471881, 20.36431896814134035, 2.000000000000000000 ) ) ;
#2840 = CARTESIAN_POINT ( 'NONE',  ( 10.53741832910565712, -23.57101921525815413, 2.000000000000000000 ) ) ;
#2841 = CARTESIAN_POINT ( 'NONE',  ( 18.73200657000872482, -19.22781655172587634, -2.099999999999998757 ) ) ;
#2842 = VERTEX_POINT ( 'NONE', #7399 ) ;
#2843 = CARTESIAN_POINT ( 'NONE',  ( 21.91017567687078227, -10.32144346381599753, 2.000000000000000000 ) ) ;
#2844 = CARTESIAN_POINT ( 'NONE',  ( -22.73828148979403707, -10.53816474365923384, 2.000000000000000000 ) ) ;
#2845 = CARTESIAN_POINT ( 'NONE',  ( 13.10549974122803008, -21.04367979295773239, 2.000000000000000000 ) ) ;
#2846 = FACE_OUTER_BOUND ( 'NONE', #7967, .T. ) ;
#2847 = CARTESIAN_POINT ( 'NONE',  ( -18.51632561903327456, -18.67704107051118001, 2.000000000000000000 ) ) ;
#2848 = ADVANCED_FACE ( 'NONE', ( #2935 ), #7680, .T. ) ;
#2849 = CARTESIAN_POINT ( 'NONE',  ( 22.28520553958147943, 13.49243943284464819, -2.099999999999998757 ) ) ;
#2850 = CARTESIAN_POINT ( 'NONE',  ( 1.840779285638389329, 24.52644730507024562, 2.000000000000000000 ) ) ;
#2851 = DIRECTION ( 'NONE',  ( 0.5680647467311559229, -0.8229838658936563522, 0.000000000000000000 ) ) ;
#2852 = EDGE_LOOP ( 'NONE', ( #3415, #7906 ) ) ;
#2853 = DIRECTION ( 'NONE',  ( 0.000000000000000000, 0.000000000000000000, -1.000000000000000000 ) ) ;
#2854 = CARTESIAN_POINT ( 'NONE',  ( 25.91507356775019844, -10.60230927572363235, -2.099999999999998757 ) ) ;
#2855 = CARTESIAN_POINT ( 'NONE',  ( 1.726035193247317912, -25.34659078107458896, -2.099999999999998757 ) ) ;
#2856 = CARTESIAN_POINT ( 'NONE',  ( 23.53223775966786491, -4.811173829118819967, -2.099999999999998757 ) ) ;
#2857 = CARTESIAN_POINT ( 'NONE',  ( -23.99982295939236465, -0.9602632500303831531, -2.099999999999998757 ) ) ;
#2858 = PLANE ( 'NONE',  #1189 ) ;
#2859 = CARTESIAN_POINT ( 'NONE',  ( -14.88619985382989697, -19.57897187542435091, 2.000000000000000000 ) ) ;
#2860 = ORIENTED_EDGE ( 'NONE', *, *, #1715, .F. ) ;
#2861 = CARTESIAN_POINT ( 'NONE',  ( -13.36064030761171928, -21.84126693107096173, -2.099999999999998757 ) ) ;
#2862 = CARTESIAN_POINT ( 'NONE',  ( -24.59949625084631819, 4.790317889056091794, -2.100000000000000089 ) ) ;
#2863 = CARTESIAN_POINT ( 'NONE',  ( -22.76403769146248735, 5.811439118492613076, 2.000000000000000000 ) ) ;
#2864 = DIRECTION ( 'NONE',  ( -0.5680647467311559229, 0.8229838658936563522, 0.000000000000000000 ) ) ;
#2865 = CARTESIAN_POINT ( 'NONE',  ( -18.70321540207056898, 15.22676155773647544, -2.099999999999998757 ) ) ;
#2866 = CARTESIAN_POINT ( 'NONE',  ( 21.48061666422703553, -12.62686802027752719, -2.099999999999998757 ) ) ;
#2867 = CARTESIAN_POINT ( 'NONE',  ( 18.51632561903327101, 18.67704107051118001, 2.000000000000000000 ) ) ;
#2868 = EDGE_CURVE ( 'NONE', #2556, #542, #1918, .T. ) ;
#2869 = ORIENTED_EDGE ( 'NONE', *, *, #3875, .F. ) ;
#2870 = CARTESIAN_POINT ( 'NONE',  ( -5.995909907646372439, 27.35048520283300277, 2.000000000000000000 ) ) ;
#2871 = CARTESIAN_POINT ( 'NONE',  ( -7.657608382361889454, -22.56335699501521219, -2.099999999999998757 ) ) ;
#2872 = DIRECTION ( 'NONE',  ( -1.000000000000000000, 0.000000000000000000, 0.000000000000000000 ) ) ;
#2873 = CARTESIAN_POINT ( 'NONE',  ( -21.47582202528875683, -10.32148794313315143, 2.000000000000000000 ) ) ;
#2874 = CARTESIAN_POINT ( 'NONE',  ( -16.82973023395797441, 20.91308632741409923, -2.099999999999998757 ) ) ;
#2875 = CARTESIAN_POINT ( 'NONE',  ( 23.10489730742584413, -5.020145956116670583, -2.099999999999998757 ) ) ;
#2876 = CARTESIAN_POINT ( 'NONE',  ( 12.83485696772679852, 20.07512121109398251, 2.000000000000000000 ) ) ;
#2877 = FACE_BOUND ( 'NONE', #7451, .T. ) ;
#2878 = CARTESIAN_POINT ( 'NONE',  ( 7.701896059577425291, -22.44925656542959302, 2.000000000000000000 ) ) ;
#2879 = CARTESIAN_POINT ( 'NONE',  ( -25.70517131636681185, 10.62804675829313439, 2.000000000000000000 ) ) ;
#2880 = ORIENTED_EDGE ( 'NONE', *, *, #549, .F. ) ;
#2881 = CARTESIAN_POINT ( 'NONE',  ( 21.80373651133527702, -10.30832712212200342, 2.000000000000000000 ) ) ;
#2882 = CARTESIAN_POINT ( 'NONE',  ( -21.47582202528875683, -10.32148794313315143, -2.099999999999998757 ) ) ;
#2883 = CARTESIAN_POINT ( 'NONE',  ( -9.673488752447902073, 22.40527988562695327, -2.099999999999998757 ) ) ;
#2884 = CARTESIAN_POINT ( 'NONE',  ( 7.601435196559586771, -26.05218098595103982, -2.099999999999998757 ) ) ;
#2885 = EDGE_CURVE ( 'NONE', #4572, #1565, #1581, .T. ) ;
#2886 = B_SPLINE_CURVE_WITH_KNOTS ( 'NONE', 3,
 ( #7221, #351, #5451, #984, #6628, #273, #4695, #6119, #2840, #2919, #6079, #2172, #4735, #4819, #5413, #3427, #5494, #2296, #4776, #6710, #7341, #5958, #2252, #1576, #2130, #4145, #863, #6000, #8016, #2801, #5375, #312, #2878, #7385, #553, #1696, #6161, #2333, #2374, #8214, #4898, #5572, #471, #5535, #6789, #4859, #2453, #1106, #8251, #5613, #6871, #6284, #6324, #7582, #7461 ),
 .UNSPECIFIED., .F., .F.,
 ( 4, 1, 1, 1, 1, 1, 1, 1, 1, 1, 1, 1, 1, 1, 1, 1, 1, 1, 1, 1, 1, 1, 1, 1, 1, 1, 1, 1, 1, 1, 1, 1, 1, 1, 1, 1, 1, 1, 1, 1, 1, 1, 1, 1, 1, 1, 1, 1, 1, 1, 1, 1, 4 ),
 ( 0.01037070964479216116, 0.06767854499841075011, 0.09884629602760430789, 0.1282330327458526265, 0.1558387551553858108, 0.1816634632588949305, 0.2057071570596704646, 0.2279698365617907063, 0.2484515017704002071, 0.2671521526921107892, 0.2840717893356240475, 0.2992104117127127871, 0.3125680198398574916, 0.3241446137411457817, 0.3339401934538051009, 0.3662021699428081867, 0.3760430630535980256, 0.3856763336118157470, 0.3952492422856400678, 0.4049624801021076692, 0.4150869914083017420, 0.4259748013331248195, 0.4380386266454291411, 0.4516469595390834035, 0.4668849008038628012, 0.4803437228220500677, 0.5000000000000002220, 0.5196562771779504875, 0.5331150991961376429, 0.5483530404609170406, 0.5619613733545713030, 0.5740251986668756246, 0.5849130085916987021, 0.5950375198978927749, 0.6047507577143603763, 0.6143236663881848081, 0.6239569369464024184, 0.6337978300571922574, 0.6660598065461953432, 0.6758553862588546624, 0.6874319801601429525, 0.7007895882872876570, 0.7159282106643762855, 0.7328478473078895439, 0.7515484982296001260, 0.7720301634382096267, 0.7942928429403297574, 0.8183365367411052915, 0.8441612448446143002, 0.8717669672541474846, 0.9011537039723958031, 0.9323214550015893609, 0.9896292903552001974 ),
 .UNSPECIFIED. ) ;
#2887 = CARTESIAN_POINT ( 'NONE',  ( -18.51632561903327456, -18.67704107051118001, -2.099999999999998757 ) ) ;
#2888 = FACE_OUTER_BOUND ( 'NONE', #6463, .T. ) ;
#2889 = CARTESIAN_POINT ( 'NONE',  ( 4.389956462724860842, 25.02313217738666040, 2.000000000000000000 ) ) ;
#2890 = DIRECTION ( 'NONE',  ( 0.000000000000000000, 0.000000000000000000, -1.000000000000000000 ) ) ;
#2891 = EDGE_LOOP ( 'NONE', ( #2900, #5816 ) ) ;
#2892 = CARTESIAN_POINT ( 'NONE',  ( 0.8028554030851270396, -27.84232735775771417, 2.000000000000000000 ) ) ;
#2893 = CARTESIAN_POINT ( 'NONE',  ( 27.69932731590314745, 4.092342391157151482, -2.099999999999998757 ) ) ;
#2894 = CARTESIAN_POINT ( 'NONE',  ( -18.62447386782100267, -18.94171889292492850, 2.000000000000000000 ) ) ;
#2895 = CARTESIAN_POINT ( 'NONE',  ( 20.99240193721331948, 10.59640443373928953, 2.000000000000000000 ) ) ;
#2896 = CARTESIAN_POINT ( 'NONE',  ( -26.77150907641003386, 1.970609361940791837, -2.099999999999998757 ) ) ;
#2897 = CIRCLE ( 'NONE', #7594, 27.99999957948218920 ) ;
#2898 = LINE ( 'NONE', #5515, #1987 ) ;
#2899 = CARTESIAN_POINT ( 'NONE',  ( -13.04949915500204760, -19.56208827861912525, -2.099999999999999645 ) ) ;
#2900 = ORIENTED_EDGE ( 'NONE', *, *, #732, .T. ) ;
#2901 = CARTESIAN_POINT ( 'NONE',  ( -8.843531895616186134, -21.84292484346596197, 2.000000000000000000 ) ) ;
#2902 = CARTESIAN_POINT ( 'NONE',  ( -27.19385050690370065, 4.276646238553103885, 2.000000000000000000 ) ) ;
#2903 = DIRECTION ( 'NONE',  ( 0.000000000000000000, -0.000000000000000000, -1.000000000000000000 ) ) ;
#2904 = CARTESIAN_POINT ( 'NONE',  ( -9.873836557350655241, 22.73978747338223272, 2.000000000000000000 ) ) ;
#2905 = AXIS2_PLACEMENT_3D ( 'NONE', #3689, #7144, #2470 ) ;
#2906 = CARTESIAN_POINT ( 'NONE',  ( -23.07262568452396323, -6.675893319502717915, 2.000000000000000000 ) ) ;
#2907 = CARTESIAN_POINT ( 'NONE',  ( 9.121658707306945502, -21.91081161619598205, -2.099999999999999645 ) ) ;
#2908 = CARTESIAN_POINT ( 'NONE',  ( 24.09676835437406694, 1.005131229266920556, 2.000000000000000000 ) ) ;
#2909 = CARTESIAN_POINT ( 'NONE',  ( -13.09924240491749003, -14.84924240491749892, 2.100000000000001865 ) ) ;
#2910 = ORIENTED_EDGE ( 'NONE', *, *, #7325, .T. ) ;
#2911 = CARTESIAN_POINT ( 'NONE',  ( -9.768079280210450577, 22.57254334279472019, 2.000000000000000000 ) ) ;
#2912 = CARTESIAN_POINT ( 'NONE',  ( -7.629252907546902662, -22.67335363560524897, -2.099999999999998757 ) ) ;
#2913 = DIRECTION ( 'NONE',  ( -1.000000000000000000, 0.000000000000000000, 0.000000000000000000 ) ) ;
#2914 = PLANE ( 'NONE',  #7744 ) ;
#2915 = CARTESIAN_POINT ( 'NONE',  ( 15.68419099428257013, -20.23743569325269931, 2.000000000000000000 ) ) ;
#2916 = CARTESIAN_POINT ( 'NONE',  ( 22.74963530479514873, -6.146178943449467802, -2.099999999999998757 ) ) ;
#2917 = CARTESIAN_POINT ( 'NONE',  ( 14.51573139705936022, 19.26027195864160291, 2.000000000000000000 ) ) ;
#2918 = CARTESIAN_POINT ( 'NONE',  ( -1.790249464186363104, -24.99754724227145530, -2.099999999999998757 ) ) ;
#2919 = CARTESIAN_POINT ( 'NONE',  ( 10.38530154243853865, -23.40284517865930169, 2.000000000000000000 ) ) ;
#2920 = CARTESIAN_POINT ( 'NONE',  ( 19.55560045884525522, -15.67357176803117724, -2.099999999999998757 ) ) ;
#2921 = VERTEX_POINT ( 'NONE', #7429 ) ;
#2922 = CARTESIAN_POINT ( 'NONE',  ( 22.44798333931210976, -13.70307343545945322, -2.099999999999999645 ) ) ;
#2923 = CARTESIAN_POINT ( 'NONE',  ( -20.99240193721332659, -10.59640443373927710, 2.000000000000000000 ) ) ;
#2924 = CARTESIAN_POINT ( 'NONE',  ( -9.768079280210450577, 22.57254334279472019, -2.099999999999998757 ) ) ;
#2925 = AXIS2_PLACEMENT_3D ( 'NONE', #4158, #3607, #1753 ) ;
#2926 = CARTESIAN_POINT ( 'NONE',  ( -12.86131782747430208, 20.40223119301177235, 2.000000000000000000 ) ) ;
#2927 = EDGE_CURVE ( 'NONE', #6309, #7444, #2301, .T. ) ;
#2928 = CARTESIAN_POINT ( 'NONE',  ( -18.12539239010959236, -15.18249965295456683, 2.000000000000000000 ) ) ;
#2929 = CARTESIAN_POINT ( 'NONE',  ( -23.51224346894561990, -0.3730054609666991761, 2.000000000000000000 ) ) ;
#2930 = CARTESIAN_POINT ( 'NONE',  ( 3.846120836016019062, 23.70909028424117437, 2.000000000000000000 ) ) ;
#2931 = CARTESIAN_POINT ( 'NONE',  ( -21.34551800689748191, 16.27777197600731185, 2.000000000000000000 ) ) ;
#2932 = EDGE_LOOP ( 'NONE', ( #1658, #3593 ) ) ;
#2933 = CARTESIAN_POINT ( 'NONE',  ( 0.000000000000000000, 0.000000000000000000, 2.000000000000000000 ) ) ;
#2934 = CARTESIAN_POINT ( 'NONE',  ( -4.590305982006153585, 25.40785750275294674, 2.000000000000000000 ) ) ;
#2935 = FACE_OUTER_BOUND ( 'NONE', #323, .T. ) ;
#2936 = CARTESIAN_POINT ( 'NONE',  ( 19.55560045884524456, 15.67357176803118790, 2.000000000000000000 ) ) ;
#2937 = CARTESIAN_POINT ( 'NONE',  ( 7.688496923001403971, 25.42728370346966926, -2.099999999999997868 ) ) ;
#2938 = CARTESIAN_POINT ( 'NONE',  ( 17.64188601445204085, -17.13764696917008479, 2.000000000000000000 ) ) ;
#2939 = AXIS2_PLACEMENT_3D ( 'NONE', #8058, #1697, #4220 ) ;
#2940 = CARTESIAN_POINT ( 'NONE',  ( -27.87379684341399511, -2.655456558124081656, -2.099999999999998757 ) ) ;
#2941 = CARTESIAN_POINT ( 'NONE',  ( -15.51594276222061453, -20.11676867469219587, -2.099999999999999645 ) ) ;
#2942 = ORIENTED_EDGE ( 'NONE', *, *, #4097, .T. ) ;
#2943 = CARTESIAN_POINT ( 'NONE',  ( -7.616738452866459674, -23.18530238615923977, -2.099999999999998757 ) ) ;
#2944 = CARTESIAN_POINT ( 'NONE',  ( -24.37956700134304810, 1.099847363974305381, -2.099999999999998757 ) ) ;
#2945 = CARTESIAN_POINT ( 'NONE',  ( -7.720532692246934836, 23.84272921084243535, 2.000000000000000000 ) ) ;
#2946 = CARTESIAN_POINT ( 'NONE',  ( -22.85726476338738067, -5.433202019314292919, 2.000000000000000000 ) ) ;
#2947 = CARTESIAN_POINT ( 'NONE',  ( 8.334619726030528142, -21.97658606862351149, 2.000000000000000000 ) ) ;
#2948 = CARTESIAN_POINT ( 'NONE',  ( 0.8222169759748538809, 27.80351002202151633, -2.099999999999998757 ) ) ;
#2949 = CARTESIAN_POINT ( 'NONE',  ( -20.64571337519313587, -11.25696429976830437, -2.099999999999998757 ) ) ;
#2950 = VERTEX_POINT ( 'NONE', #3597 ) ;
#2951 = CARTESIAN_POINT ( 'NONE',  ( -7.701896059577427955, 22.44925656542958592, 2.000000000000000000 ) ) ;
#2952 = CARTESIAN_POINT ( 'NONE',  ( -22.61633054543465704, 13.93417863138606450, -2.099999999999998757 ) ) ;
#2953 = CARTESIAN_POINT ( 'NONE',  ( -19.55560045884524811, -15.67357176803118790, -2.099999999999998757 ) ) ;
#2954 = CARTESIAN_POINT ( 'NONE',  ( 25.38450439115045043, 4.717739787684809727, -2.099999999999998757 ) ) ;
#2955 = CARTESIAN_POINT ( 'NONE',  ( 21.23055223844789197, 12.41767842381812414, -2.099999999999998757 ) ) ;
#2956 = CARTESIAN_POINT ( 'NONE',  ( 22.74963530479514873, -6.146178943449467802, 2.000000000000000000 ) ) ;
#2957 = CARTESIAN_POINT ( 'NONE',  ( 18.01951879739587170, 21.43121365581733784, 2.000000000000000000 ) ) ;
#2958 = FACE_BOUND ( 'NONE', #4790, .T. ) ;
#2959 = CARTESIAN_POINT ( 'NONE',  ( -1.270707428516379744, -26.81384534371724016, 2.000000000000000000 ) ) ;
#2960 = CARTESIAN_POINT ( 'NONE',  ( 14.84924240491750069, 14.84924240491749714, 2.100000000000001865 ) ) ;
#2961 = VERTEX_POINT ( 'NONE', #4864 ) ;
#2963 = CARTESIAN_POINT ( 'NONE',  ( 13.55023046621763783, -22.84843530275376011, -2.099999999999998757 ) ) ;
#2962 = CARTESIAN_POINT ( 'NONE',  ( 23.15601641226234975, -6.742658068406535143, 2.000000000000000000 ) ) ;
#2964 = CARTESIAN_POINT ( 'NONE',  ( -22.59408972245015335, -10.50532236015857990, -2.099999999999998757 ) ) ;
#2965 = CARTESIAN_POINT ( 'NONE',  ( -11.92825707275348179, 24.80951228021082500, -2.099999999999998757 ) ) ;
#2966 = CARTESIAN_POINT ( 'NONE',  ( 7.656852614504657595, -23.37322600383987492, -2.099999999999998757 ) ) ;
#2967 = CARTESIAN_POINT ( 'NONE',  ( -17.35181857730700017, -15.87069998699208995, -2.099999999999998757 ) ) ;
#2968 = CARTESIAN_POINT ( 'NONE',  ( -23.72154950710864441, -0.7592181733933821564, 2.000000000000000000 ) ) ;
#2969 = CARTESIAN_POINT ( 'NONE',  ( -3.025165651672274691, 23.29855380546641186, -2.099999999999998757 ) ) ;
#2970 = CARTESIAN_POINT ( 'NONE',  ( -18.49458355994169878, 15.17355739294053940, 2.000000000000000000 ) ) ;
#2971 = ORIENTED_EDGE ( 'NONE', *, *, #3622, .T. ) ;
#2972 = DIRECTION ( 'NONE',  ( -1.000000000000000000, 0.000000000000000000, 0.000000000000000000 ) ) ;
#2973 = CARTESIAN_POINT ( 'NONE',  ( 5.644338589960071317, 26.94321158142444617, 2.000000000000000000 ) ) ;
#2974 = CARTESIAN_POINT ( 'NONE',  ( 17.82169923038156512, -21.35645679512519735, 2.000000000000000000 ) ) ;
#2975 = B_SPLINE_CURVE_WITH_KNOTS ( 'NONE', 3,
 ( #4244, #1723, #8039, #2280, #1050, #4285, #4843, #4204, #6855, #7409, #1638, #6772, #1006, #3617, #3574, #374, #2944, #7446, #1678, #8277, #4444, #2438, #8238, #3738, #3777, #2598, #3061, #1292, #7016, #1972, #31, #6933, #5044, #7106, #7568, #6433, #3860, #3817, #662, #1338, #5170, #6390, #5676, #2475, #7609, #618, #4486, #3183, #7057, #3227, #5128, #7697, #5760, #6311, #2517 ),
 .UNSPECIFIED., .F., .F.,
 ( 4, 1, 1, 1, 1, 1, 1, 1, 1, 1, 1, 1, 1, 1, 1, 1, 1, 1, 1, 1, 1, 1, 1, 1, 1, 1, 1, 1, 1, 1, 1, 1, 1, 1, 1, 1, 1, 1, 1, 1, 1, 1, 1, 1, 1, 1, 1, 1, 1, 1, 1, 1, 4 ),
 ( 0.01037066611189031012, 0.06767854499841063909, 0.09884629602760419687, 0.1282330327458525154, 0.1558387551553856998, 0.1816634632588947085, 0.2057071570596702426, 0.2279698365617903733, 0.2484515017703998740, 0.2671521526921104561, 0.2840717893356237145, 0.2992104117127123430, 0.3125680198398570475, 0.3241446137411453376, 0.3339401934538046568, 0.3662021699428077426, 0.3760430630535975816, 0.3856763336118151919, 0.3952492422856396237, 0.4049624801021072251, 0.4150869914083012979, 0.4259748013331243754, 0.4380386266454286970, 0.4516469595390829594, 0.4668849008038623571, 0.4803437228220495125, 0.4999999999999998335, 0.5196562771779499323, 0.5331150991961371988, 0.5483530404609165965, 0.5619613733545708589, 0.5740251986668751805, 0.5849130085916982580, 0.5950375198978923308, 0.6047507577143599322, 0.6143236663881842530, 0.6239569369464019744, 0.6337978300571918133, 0.6660598065461948991, 0.6758553862588542183, 0.6874319801601426194, 0.7007895882872872129, 0.7159282106643759525, 0.7328478473078892108, 0.7515484982295996819, 0.7720301634382092937, 0.7942928429403295354, 0.8183365367411050695, 0.8441612448446141892, 0.8717669672541473735, 0.9011537039723956921, 0.9323214550015892499, 0.9896293338881128054 ),
 .UNSPECIFIED. ) ;
#2976 = CARTESIAN_POINT ( 'NONE',  ( 18.25928954266904469, 15.16201400375275199, 2.000000000000000000 ) ) ;
#2977 = CARTESIAN_POINT ( 'NONE',  ( -25.19179192507393239, 1.283507464112904284, -2.099999999999998757 ) ) ;
#2978 = CARTESIAN_POINT ( 'NONE',  ( 17.64188601445204085, -17.13764696917008479, -2.099999999999998757 ) ) ;
#2979 = DIRECTION ( 'NONE',  ( 0.000000000000000000, 0.000000000000000000, -1.000000000000000000 ) ) ;
#2980 = CARTESIAN_POINT ( 'NONE',  ( -22.82097940566847782, -5.624866236205940950, 2.000000000000000000 ) ) ;
#2981 = VERTEX_POINT ( 'NONE', #6249 ) ;
#2982 = CARTESIAN_POINT ( 'NONE',  ( -9.873836557350644583, -22.73978747338223982, 2.000000000000000000 ) ) ;
#2983 = CARTESIAN_POINT ( 'NONE',  ( 25.77590585922884259, -1.494258687380733974, 2.000000000000000000 ) ) ;
#2984 = CARTESIAN_POINT ( 'NONE',  ( -7.616738452866472109, 23.18530238615923977, 2.000000000000000000 ) ) ;
#2985 = CARTESIAN_POINT ( 'NONE',  ( -22.73975435582775262, -5.989014764842368166, 2.000000000000000000 ) ) ;
#2986 = CARTESIAN_POINT ( 'NONE',  ( 9.484645845787897045, -22.17444536155052859, 2.000000000000000000 ) ) ;
#2987 = CARTESIAN_POINT ( 'NONE',  ( 1.680116617297973125, 25.54848055630612791, 2.000000000000000000 ) ) ;
#2988 = ORIENTED_EDGE ( 'NONE', *, *, #6131, .F. ) ;
#2989 = CARTESIAN_POINT ( 'NONE',  ( -10.13323285654344375, 23.09959661296538513, -2.099999999999998757 ) ) ;
#2990 = CARTESIAN_POINT ( 'NONE',  ( -22.44798333931210976, 13.70307343545945145, -2.099999999999998757 ) ) ;
#2991 = CARTESIAN_POINT ( 'NONE',  ( -20.28441937235456294, -15.97411852388380638, -2.099999999999998757 ) ) ;
#2992 = CARTESIAN_POINT ( 'NONE',  ( 0.000000000000000000, 0.000000000000000000, 2.000000000000000000 ) ) ;
#2993 = CARTESIAN_POINT ( 'NONE',  ( 20.80453127045303674, 12.00354473513043274, 2.000000000000000000 ) ) ;
#2994 = CARTESIAN_POINT ( 'NONE',  ( 22.82097940566847782, -5.624866236205934733, 2.000000000000000000 ) ) ;
#2995 = CARTESIAN_POINT ( 'NONE',  ( -2.105634209995044248, -23.64010634127341604, 2.000000000000000000 ) ) ;
#2996 = CARTESIAN_POINT ( 'NONE',  ( -2.833089530561774261, -23.33259147460854166, -2.099999999999998757 ) ) ;
#2997 = CARTESIAN_POINT ( 'NONE',  ( -1.555379675915617765, -26.00494379640384324, 2.000000000000000000 ) ) ;
#2998 = CARTESIAN_POINT ( 'NONE',  ( -22.90269961712299462, 10.57072003481730604, 2.000000000000000000 ) ) ;
#2999 = EDGE_CURVE ( 'NONE', #7737, #5189, #4224, .T. ) ;
#3000 = EDGE_LOOP ( 'NONE', ( #6353, #7014, #5775, #4821 ) ) ;
#3002 = CARTESIAN_POINT ( 'NONE',  ( 21.58955567576248669, -12.72687891813089145, 2.000000000000000000 ) ) ;
#3001 = CARTESIAN_POINT ( 'NONE',  ( 19.10294300318477667, -20.47138356506634693, 2.000000000000000000 ) ) ;
#3003 = CARTESIAN_POINT ( 'NONE',  ( -21.91017567687077872, -10.32144346381600108, 2.000000000000000000 ) ) ;
#3004 = CARTESIAN_POINT ( 'NONE',  ( -10.70787966366669863, 23.74905515802275602, -2.099999999999998757 ) ) ;
#3005 = CARTESIAN_POINT ( 'NONE',  ( 7.715738321650227327, -25.14266413352903129, -2.099999999999998757 ) ) ;
#3006 = CARTESIAN_POINT ( 'NONE',  ( -21.66370631000718205, -16.34569607223867749, -2.099999999999998757 ) ) ;
#3007 = CARTESIAN_POINT ( 'NONE',  ( -23.90532429094090716, -0.9066066167179803736, 2.000000000000000000 ) ) ;
#3008 = CARTESIAN_POINT ( 'NONE',  ( -1.555379675915636417, 26.00494379640385390, -2.099999999999998757 ) ) ;
#3009 = CARTESIAN_POINT ( 'NONE',  ( -19.13918860107962772, 15.44754172932142389, 2.000000000000000000 ) ) ;
#3010 = EDGE_CURVE ( 'NONE', #4484, #6003, #4906, .T. ) ;
#3011 = EDGE_LOOP ( 'NONE', ( #4201, #6091, #5134, #7652 ) ) ;
#3012 = DIRECTION ( 'NONE',  ( -0.000000000000000000, -0.000000000000000000, 1.000000000000000000 ) ) ;
#3013 = FILL_AREA_STYLE ('',( #3647 ) ) ;
#3014 = CARTESIAN_POINT ( 'NONE',  ( 16.82973023395797441, -20.91308632741409923, 2.000000000000000000 ) ) ;
#3015 = CARTESIAN_POINT ( 'NONE',  ( 20.61769535193586123, 11.41192623884529844, 2.000000000000000000 ) ) ;
#3016 = CARTESIAN_POINT ( 'NONE',  ( -25.77590585922884259, 1.494258687380730644, -2.099999999999998757 ) ) ;
#3017 = DIRECTION ( 'NONE',  ( 0.000000000000000000, 0.000000000000000000, -1.000000000000000000 ) ) ;
#3018 = CARTESIAN_POINT ( 'NONE',  ( -1.270707428516397952, 26.81384534371724016, -2.099999999999998757 ) ) ;
#3019 = CARTESIAN_POINT ( 'NONE',  ( -25.29380829876430425, -8.116834556469576967, 2.000000000000000000 ) ) ;
#3020 = ORIENTED_EDGE ( 'NONE', *, *, #957, .T. ) ;
#3021 = CARTESIAN_POINT ( 'NONE',  ( -8.993578510876917065, -21.86672564825610010, -2.099999999999998757 ) ) ;
#3022 = CARTESIAN_POINT ( 'NONE',  ( 25.19179192507393239, -1.283507464112907392, 2.000000000000000000 ) ) ;
#3023 = CARTESIAN_POINT ( 'NONE',  ( -7.741715957670633586, 24.19699765967528649, 2.000000000000000000 ) ) ;
#3024 = CARTESIAN_POINT ( 'NONE',  ( -23.32186741149923748, -4.882063647943448714, -2.099999999999999645 ) ) ;
#3025 = CARTESIAN_POINT ( 'NONE',  ( 7.629252907546909768, -22.67335363560524186, 2.000000000000000000 ) ) ;
#3026 = CARTESIAN_POINT ( 'NONE',  ( 27.92719627399534232, -2.692595338240468816, 2.000000000000000000 ) ) ;
#3027 = ORIENTED_EDGE ( 'NONE', *, *, #7607, .T. ) ;
#3028 = CARTESIAN_POINT ( 'NONE',  ( -9.121658707306945502, 21.91081161619597495, 2.000000000000000000 ) ) ;
#3029 = CARTESIAN_POINT ( 'NONE',  ( -7.688496923001401306, -25.42728370346967637, -2.099999999999998757 ) ) ;
#3030 = CARTESIAN_POINT ( 'NONE',  ( -17.59296804644543855, -15.58600964088961049, -2.099999999999998757 ) ) ;
#3031 = CARTESIAN_POINT ( 'NONE',  ( 24.12574046566791708, 4.783694468719428272, -2.099999999999998757 ) ) ;
#3032 = CARTESIAN_POINT ( 'NONE',  ( 21.58955567576247958, 12.72687891813090921, -2.099999999999998757 ) ) ;
#3033 = CARTESIAN_POINT ( 'NONE',  ( -22.27987727495455061, 10.41835660743990033, 2.000000000000000000 ) ) ;
#3034 = AXIS2_PLACEMENT_3D ( 'NONE', #6445, #4499, #674 ) ;
#3035 = CARTESIAN_POINT ( 'NONE',  ( -1.846803834033459157, -24.33438445894234903, -2.099999999999998757 ) ) ;
#3036 = CARTESIAN_POINT ( 'NONE',  ( 11.10648537714066997, 24.13101166629980554, 2.000000000000000000 ) ) ;
#3037 = CARTESIAN_POINT ( 'NONE',  ( -1.810672407536190187, -24.85107952805193676, 2.000000000000000000 ) ) ;
#3038 = CARTESIAN_POINT ( 'NONE',  ( 19.42345833902674812, -15.60717637591974238, -2.099999999999998757 ) ) ;
#3039 = ORIENTED_EDGE ( 'NONE', *, *, #7482, .T. ) ;
#3041 = CARTESIAN_POINT ( 'NONE',  ( 21.23055223844790262, -12.41767842381810816, 2.000000000000000000 ) ) ;
#3040 = CARTESIAN_POINT ( 'NONE',  ( 23.74358889077459622, -4.778072828450329546, 2.000000000000000000 ) ) ;
#3042 = CARTESIAN_POINT ( 'NONE',  ( -25.91507308952755650, -10.60230933436161749, 2.000000000000000000 ) ) ;
#3043 = CARTESIAN_POINT ( 'NONE',  ( 25.19179192507393239, 1.283507464112907170, -2.099999999999998757 ) ) ;
#3044 = CARTESIAN_POINT ( 'NONE',  ( -23.74358889077459622, -4.778072828450338427, -2.099999999999998757 ) ) ;
#3045 = CARTESIAN_POINT ( 'NONE',  ( -18.80342269287539736, -15.26496932198517875, 2.000000000000000000 ) ) ;
#3046 = FACE_BOUND ( 'NONE', #5424, .T. ) ;
#3047 = CARTESIAN_POINT ( 'NONE',  ( 5.644338589985517629, 26.94321158145697126, 2.000000000000000000 ) ) ;
#3048 = CARTESIAN_POINT ( 'NONE',  ( -20.51809281624190362, 16.05254419007954425, -2.099999999999998757 ) ) ;
#3049 = ORIENTED_EDGE ( 'NONE', *, *, #2140, .T. ) ;
#3050 = CARTESIAN_POINT ( 'NONE',  ( -25.62785817443976910, 4.678588802317960926, 2.000000000000000000 ) ) ;
#3051 = CARTESIAN_POINT ( 'NONE',  ( -1.881261915648305694, 24.14640443156747196, -2.099999999999998757 ) ) ;
#3052 = CARTESIAN_POINT ( 'NONE',  ( -18.12539239010959236, -15.18249965295456683, 2.000000000000000000 ) ) ;
#3053 = CARTESIAN_POINT ( 'NONE',  ( 17.98147192499883573, 15.23115522593614024, 2.000000000000000000 ) ) ;
#3054 = CARTESIAN_POINT ( 'NONE',  ( 7.401289567484102605, 27.00409066686567527, 2.000000000000000000 ) ) ;
#3055 = CARTESIAN_POINT ( 'NONE',  ( 18.19936168673940813, -18.00918889841834414, 2.000000000000000000 ) ) ;
#3056 = CIRCLE ( 'NONE', #7772, 1.750000000000001776 ) ;
#3057 = CARTESIAN_POINT ( 'NONE',  ( -0.6932882410798583139, 28.04813207321578972, -2.099999999999998757 ) ) ;
#3058 = CARTESIAN_POINT ( 'NONE',  ( -17.12241726305228084, -21.05518411798322020, -2.099999999999999645 ) ) ;
#3059 = ORIENTED_EDGE ( 'NONE', *, *, #4350, .F. ) ;
#3060 = CARTESIAN_POINT ( 'NONE',  ( -7.720532692246925066, -23.84272921084244246, -2.099999999999998757 ) ) ;
#3061 = CARTESIAN_POINT ( 'NONE',  ( -23.49332454121249825, 0.1947784575707280086, -2.099999999999998757 ) ) ;
#3062 = CARTESIAN_POINT ( 'NONE',  ( -8.843531895616193239, 21.84292484346595486, 2.000000000000000000 ) ) ;
#3063 = CARTESIAN_POINT ( 'NONE',  ( -25.29380829876430425, -8.116834556469576967, 2.000000000000000000 ) ) ;
#3064 = CARTESIAN_POINT ( 'NONE',  ( 8.843531895616193239, -21.84292484346595842, 2.000000000000000000 ) ) ;
#3065 = CARTESIAN_POINT ( 'NONE',  ( 26.00281877978271439, -1.590510388571584333, -2.099999999999998757 ) ) ;
#3066 = AXIS2_PLACEMENT_3D ( 'NONE', #8175, #6790, #4984 ) ;
#3067 = ORIENTED_EDGE ( 'NONE', *, *, #5856, .F. ) ;
#3068 = CARTESIAN_POINT ( 'NONE',  ( -9.945601713251335241, 22.84599953686306151, -2.099999999999998757 ) ) ;
#3069 = CARTESIAN_POINT ( 'NONE',  ( -24.00794390784557564, 7.190340088712994238, -2.099999999999998757 ) ) ;
#3070 = CARTESIAN_POINT ( 'NONE',  ( 22.62472946281711828, 16.49610842548440459, 2.000000000000000000 ) ) ;
#3071 = DIRECTION ( 'NONE',  ( -1.000000000000000000, 0.000000000000000000, 0.000000000000000000 ) ) ;
#3072 = CARTESIAN_POINT ( 'NONE',  ( 20.86952096496491649, 12.08832612917524330, -2.099999999999998757 ) ) ;
#3073 = CARTESIAN_POINT ( 'NONE',  ( -22.09815905990547336, 10.35588323418787127, 2.000000000000000000 ) ) ;
#3074 = CARTESIAN_POINT ( 'NONE',  ( -1.379935885169552234, -26.52839079975560210, -2.099999999999998757 ) ) ;
#3075 = CARTESIAN_POINT ( 'NONE',  ( 10.70787966366669508, 23.74905515802277023, 2.000000000000000000 ) ) ;
#3076 = FACE_OUTER_BOUND ( 'NONE', #7415, .T. ) ;
#3077 = CARTESIAN_POINT ( 'NONE',  ( -21.69704443755539813, 10.30300297322494707, -2.099999999999999645 ) ) ;
#3078 = ORIENTED_EDGE ( 'NONE', *, *, #2586, .F. ) ;
#3080 = CARTESIAN_POINT ( 'NONE',  ( 21.48061666422703553, -12.62686802027752719, 2.000000000000000000 ) ) ;
#3079 = CARTESIAN_POINT ( 'NONE',  ( 22.85726476338738422, -5.433202019314283149, 2.000000000000000000 ) ) ;
#3081 = CARTESIAN_POINT ( 'NONE',  ( 13.02793750094271807, 20.86163776548604076, -2.099999999999998757 ) ) ;
#3082 = CARTESIAN_POINT ( 'NONE',  ( -25.62785817443977976, -4.678588802317982243, -2.099999999999998757 ) ) ;
#3083 = CARTESIAN_POINT ( 'NONE',  ( -19.13918860107962061, -15.44754172932143632, 2.000000000000000000 ) ) ;
#3084 = CARTESIAN_POINT ( 'NONE',  ( 13.02793750094271807, 20.86163776548604076, -2.099999999999998757 ) ) ;
#3085 = CARTESIAN_POINT ( 'NONE',  ( 5.376315588043429905, 26.60062371204864817, 2.000000000000000000 ) ) ;
#3086 = CARTESIAN_POINT ( 'NONE',  ( -20.28441937235457004, 15.97411852388379216, 2.000000000000000000 ) ) ;
#3087 = EDGE_LOOP ( 'NONE', ( #1742, #3562, #5896, #3067 ) ) ;
#3088 = CARTESIAN_POINT ( 'NONE',  ( -24.95373504430678224, 4.768644361883055183, -2.100000000000000089 ) ) ;
#3089 = CARTESIAN_POINT ( 'NONE',  ( -4.030460310774771848, 24.06924055886029024, 2.000000000000000000 ) ) ;
#3090 = CARTESIAN_POINT ( 'NONE',  ( 14.60388312963064017, -19.32135064906642796, 2.000000000000000000 ) ) ;
#3091 = CARTESIAN_POINT ( 'NONE',  ( 21.80373651133526636, 10.30832712212201763, 2.000000000000000000 ) ) ;
#3092 = CARTESIAN_POINT ( 'NONE',  ( 7.705310163655073374, 23.69563005194942917, -2.099999999999997868 ) ) ;
#3093 = CARTESIAN_POINT ( 'NONE',  ( 24.66930537037450577, 7.619416278945045029, -2.099999999999999645 ) ) ;
#3094 = ADVANCED_FACE ( 'NONE', ( #5659 ), #5696, .F. ) ;
#3095 = CARTESIAN_POINT ( 'NONE',  ( 23.51784779677758408, 10.65556037457647776, -2.099999999999998757 ) ) ;
#3096 = CARTESIAN_POINT ( 'NONE',  ( -15.87213422487472236, -20.36431896814133680, 2.000000000000000000 ) ) ;
#3097 = ORIENTED_EDGE ( 'NONE', *, *, #2209, .T. ) ;
#3098 = CARTESIAN_POINT ( 'NONE',  ( -10.89735721165042115, -23.93603524774559332, -2.099999999999998757 ) ) ;
#3099 = DIRECTION ( 'NONE',  ( -1.000000000000000000, 0.000000000000000000, -0.000000000000000000 ) ) ;
#3100 = CARTESIAN_POINT ( 'NONE',  ( -18.96747865530085875, 19.95068825630391629, 2.000000000000000000 ) ) ;
#3101 = CARTESIAN_POINT ( 'NONE',  ( -25.15968768847578119, -4.747395707336139914, 2.000000000000000000 ) ) ;
#3102 = CARTESIAN_POINT ( 'NONE',  ( 7.741715957670631809, -24.19699765967529004, -2.099999999999999645 ) ) ;
#3103 = ORIENTED_EDGE ( 'NONE', *, *, #2044, .T. ) ;
#3104 = DIRECTION ( 'NONE',  ( 0.000000000000000000, 0.000000000000000000, -1.000000000000000000 ) ) ;
#3105 = CARTESIAN_POINT ( 'NONE',  ( -22.91828645517601615, 5.264681564480659048, -2.099999999999998757 ) ) ;
#3106 = CARTESIAN_POINT ( 'NONE',  ( -17.91646094264595135, -17.52377780514963490, -2.099999999999998757 ) ) ;
#3107 = DIRECTION ( 'NONE',  ( -1.000000000000000000, 0.000000000000000000, -0.000000000000000000 ) ) ;
#3108 = DIRECTION ( 'NONE',  ( -1.000000000000000000, 0.000000000000000000, 0.000000000000000000 ) ) ;
#3109 = CARTESIAN_POINT ( 'NONE',  ( -25.70517099647025105, 10.62804679002982233, 2.000000000000000000 ) ) ;
#3110 = ADVANCED_FACE ( 'NONE', ( #1232 ), #1481, .T. ) ;
#3111 = EDGE_CURVE ( 'NONE', #406, #582, #6230, .T. ) ;
#3112 = CARTESIAN_POINT ( 'NONE',  ( -2.638449045045063723, -23.34550970278806759, 2.000000000000000000 ) ) ;
#3113 = CARTESIAN_POINT ( 'NONE',  ( -13.55023046621762717, -22.84843530275375656, -2.099999999999999645 ) ) ;
#3114 = CARTESIAN_POINT ( 'NONE',  ( 14.84924240491750602, -14.84924240491749714, 2.100000000000001865 ) ) ;
#3115 = CARTESIAN_POINT ( 'NONE',  ( -21.91017567687078227, 10.32144346381599576, -2.099999999999999645 ) ) ;
#3116 = CARTESIAN_POINT ( 'NONE',  ( -13.64180598451630821, -23.91017226872975598, 2.000000000000000000 ) ) ;
#3117 = CARTESIAN_POINT ( 'NONE',  ( 0.000000000000000000, 0.000000000000000000, -2.099999999999998757 ) ) ;
#3119 = CARTESIAN_POINT ( 'NONE',  ( 14.10020032022225323, -19.09116743896563051, -2.099999999999998757 ) ) ;
#3118 = CARTESIAN_POINT ( 'NONE',  ( 23.10489730742584413, -5.020145956116670583, 2.000000000000000000 ) ) ;
#3120 = CARTESIAN_POINT ( 'NONE',  ( 13.66345410753368128, 19.13830577319236426, -2.099999999999998757 ) ) ;
#3121 = CARTESIAN_POINT ( 'NONE',  ( 9.768079280210450577, -22.57254334279472729, -2.099999999999998757 ) ) ;
#3122 = ADVANCED_FACE ( 'NONE', ( #2404 ), #199, .T. ) ;
#3123 = CARTESIAN_POINT ( 'NONE',  ( -19.13918860107962061, -15.44754172932143632, -2.099999999999998757 ) ) ;
#3124 = CARTESIAN_POINT ( 'NONE',  ( 12.83485696772679852, 20.07512121109398251, -2.099999999999998757 ) ) ;
#3125 = CARTESIAN_POINT ( 'NONE',  ( 5.995909907728528054, 27.35048520292555807, -2.099999999999998757 ) ) ;
#3126 = CARTESIAN_POINT ( 'NONE',  ( -17.32735312033766562, 16.63359376186218341, 2.000000000000000000 ) ) ;
#3127 = VERTEX_POINT ( 'NONE', #8185 ) ;
#3128 = CARTESIAN_POINT ( 'NONE',  ( -22.99371384847795596, 6.601180838822642727, 2.000000000000000000 ) ) ;
#3129 = CARTESIAN_POINT ( 'NONE',  ( -2.035327432088060551, 23.74029248485179266, -2.099999999999998757 ) ) ;
#3130 = CARTESIAN_POINT ( 'NONE',  ( 13.04949915500205115, -19.56208827861912525, 2.000000000000000000 ) ) ;
#3131 = CARTESIAN_POINT ( 'NONE',  ( 24.48402185937396425, 7.488679734998076931, 2.000000000000000000 ) ) ;
#3132 = CARTESIAN_POINT ( 'NONE',  ( 9.768079280210443471, 22.57254334279472374, 2.000000000000000000 ) ) ;
#3133 = CARTESIAN_POINT ( 'NONE',  ( 23.24438501506255150, 6.803422568062755360, -2.099999999999999645 ) ) ;
#3134 = EDGE_CURVE ( 'NONE', #7444, #2950, #3287, .T. ) ;
#3135 = ADVANCED_FACE ( 'NONE', ( #6508 ), #2762, .F. ) ;
#3136 = CARTESIAN_POINT ( 'NONE',  ( 20.64571337519312877, 11.25696429976831681, -2.099999999999998757 ) ) ;
#3137 = CARTESIAN_POINT ( 'NONE',  ( 5.855490625420816109, 27.19235995333593081, -2.099999999999998757 ) ) ;
#3138 = ORIENTED_EDGE ( 'NONE', *, *, #5220, .F. ) ;
#3139 = CARTESIAN_POINT ( 'NONE',  ( -10.38530154243853154, -23.40284517865930880, -2.099999999999998757 ) ) ;
#3140 = DIRECTION ( 'NONE',  ( -1.000000000000000000, 0.000000000000000000, -0.000000000000000000 ) ) ;
#3141 = CARTESIAN_POINT ( 'NONE',  ( -18.25928954266905180, 15.16201400375273067, 2.000000000000000000 ) ) ;
#3142 = CARTESIAN_POINT ( 'NONE',  ( 24.00794390784557919, -7.190340088713003119, -2.099999999999998757 ) ) ;
#3143 = LINE ( 'NONE', #7612, #75 ) ;
#3144 = CARTESIAN_POINT ( 'NONE',  ( -3.025165651672274691, 23.29855380546641186, 2.000000000000000000 ) ) ;
#3145 = CARTESIAN_POINT ( 'NONE',  ( -12.95267602360809889, 19.68627963667922387, 2.000000000000000000 ) ) ;
#3146 = ORIENTED_EDGE ( 'NONE', *, *, #3887, .T. ) ;
#3147 = CARTESIAN_POINT ( 'NONE',  ( -7.715738321650229103, 25.14266413352902418, 2.000000000000000000 ) ) ;
#3148 = CARTESIAN_POINT ( 'NONE',  ( -25.15968768847577408, 4.747395707336121262, -2.099999999999998757 ) ) ;
#3149 = CARTESIAN_POINT ( 'NONE',  ( -25.38450439115045754, 4.717739787684777752, 2.000000000000000000 ) ) ;
#3150 = CARTESIAN_POINT ( 'NONE',  ( 22.82097940566847427, 5.624866236205954273, -2.099999999999998757 ) ) ;
#3151 = AXIS2_PLACEMENT_3D ( 'NONE', #8094, #6831, #1066 ) ;
#3152 = CARTESIAN_POINT ( 'NONE',  ( 21.23211141880577202, 10.40363348579839631, 2.000000000000000000 ) ) ;
#3153 = CARTESIAN_POINT ( 'NONE',  ( -21.69704443755539813, 10.30300297322494707, 2.000000000000000000 ) ) ;
#3154 = CARTESIAN_POINT ( 'NONE',  ( -1.270707428516379744, -26.81384534371724016, 2.000000000000000000 ) ) ;
#3155 = CARTESIAN_POINT ( 'NONE',  ( -13.36064030761171928, -21.84126693107096173, 2.000000000000000000 ) ) ;
#3156 = CARTESIAN_POINT ( 'NONE',  ( 18.38167992440536835, 15.16106487615013521, -2.099999999999998757 ) ) ;
#3157 = CARTESIAN_POINT ( 'NONE',  ( -20.81172461973597620, 10.92283569232044904, -2.099999999999999645 ) ) ;
#3158 = CARTESIAN_POINT ( 'NONE',  ( -14.10020032022225323, -19.09116743896564117, 2.000000000000000000 ) ) ;
#3159 = CARTESIAN_POINT ( 'NONE',  ( 2.833089530561781366, -23.33259147460854166, 2.000000000000000000 ) ) ;
#3160 = LINE ( 'NONE', #1863, #7075 ) ;
#3162 = CARTESIAN_POINT ( 'NONE',  ( -27.69932686549403655, 4.092342562581405829, -2.100000000000000089 ) ) ;
#3161 = CARTESIAN_POINT ( 'NONE',  ( -13.15214330072518933, 21.16307668733837488, -2.099999999999998757 ) ) ;
#3163 = CARTESIAN_POINT ( 'NONE',  ( 26.50130185302208830, 1.827769560624223022, -2.099999999999998757 ) ) ;
#3164 = AXIS2_PLACEMENT_3D ( 'NONE', #34, #1213, #3863 ) ;
#3165 = CARTESIAN_POINT ( 'NONE',  ( 8.993578510876927723, -21.86672564825610721, -2.099999999999998757 ) ) ;
#3166 = B_SPLINE_SURFACE_WITH_KNOTS ( 'NONE', 3, 1, ( 
 ( #3498, #7876 ),
 ( #4763, #6694 ),
 ( #6613, #6067 ),
 ( #847, #2158 ),
 ( #6272, #1726 ),
 ( #3063, #7532 ),
 ( #5642, #6189 ),
 ( #5601, #8200 ),
 ( #2359, #1092 ),
 ( #2321, #1806 ),
 ( #5009, #6774 ),
 ( #3658, #3697 ),
 ( #8081, #7570 ),
 ( #4926, #2440 ),
 ( #498, #4287 ),
 ( #4363, #8042 ),
 ( #8159, #6936 ),
 ( #3536, #3619 ),
 ( #6103, #336 ),
 ( #2906, #5479 ),
 ( #6857, #6228 ),
 ( #2283, #4323 ),
 ( #4845, #7411 ),
 ( #6895, #1640 ),
 ( #4206, #1008 ),
 ( #2985, #4885 ),
 ( #3577, #6147 ),
 ( #458, #378 ),
 ( #2946, #5523 ),
 ( #7448, #1680 ),
 ( #7490, #4247 ),
 ( #6816, #420 ),
 ( #1053, #5560 ),
 ( #8118, #3024 ),
 ( #2402, #4968 ),
 ( #1765, #1133 ),
 ( #2600, #5716 ),
 ( #4446, #620 ),
 ( #5845, #6392 ),
 ( #5678, #1251 ),
 ( #7786, #8240 ),
 ( #8321, #1212 ),
 ( #3905, #1340 ),
 ( #3229, #7018 ),
 ( #7656, #4489 ),
 ( #3101, #2477 ),
 ( #1842, #4532 ),
 ( #5046, #7742 ),
 ( #5088, #540 ),
 ( #3820, #5218 ),
 ( #7611, #6975 ),
 ( #1887, #4403 ),
 ( #1294, #3185 ),
 ( #4576, #2021 ),
 ( #3779, #7109 ) ),
 .UNSPECIFIED., .F., .F., .F.,
 ( 4, 1, 1, 1, 1, 1, 1, 1, 1, 1, 1, 1, 1, 1, 1, 1, 1, 1, 1, 1, 1, 1, 1, 1, 1, 1, 1, 1, 1, 1, 1, 1, 1, 1, 1, 1, 1, 1, 1, 1, 1, 1, 1, 1, 1, 1, 1, 1, 1, 1, 1, 1, 4 ),
 ( 2, 2 ),
 ( 0.01037066610069642750, 0.06767854499841075011, 0.09884629602760430789, 0.1282330327458526265, 0.1558387551553858108, 0.1816634632588949305, 0.2057071570596704646, 0.2279698365617907063, 0.2484515017704002071, 0.2671521526921107892, 0.2840717893356240475, 0.2992104117127127871, 0.3125680198398574916, 0.3241446137411457817, 0.3339401934538051009, 0.3662021699428081867, 0.3760430630535980256, 0.3856763336118157470, 0.3952492422856400678, 0.4049624801021076692, 0.4150869914083017420, 0.4259748013331248195, 0.4380386266454291411, 0.4516469595390834035, 0.4668849008038628012, 0.4803437228220500677, 0.5000000000000002220, 0.5196562771779504875, 0.5331150991961376429, 0.5483530404609170406, 0.5619613733545713030, 0.5740251986668756246, 0.5849130085916987021, 0.5950375198978927749, 0.6047507577143603763, 0.6143236663881848081, 0.6239569369464024184, 0.6337978300571922574, 0.6660598065461953432, 0.6758553862588546624, 0.6874319801601429525, 0.7007895882872876570, 0.7159282106643762855, 0.7328478473078895439, 0.7515484982296001260, 0.7720301634382096267, 0.7942928429403297574, 0.8183365367411052915, 0.8441612448446143002, 0.8717669672541474846, 0.9011537039723958031, 0.9323214550015893609, 0.9896292903663901352 ),
 ( 0.000000000000000000, 1.000000000000000000 ),
 .UNSPECIFIED. ) ;
#3167 = CARTESIAN_POINT ( 'NONE',  ( -18.97770164392054326, -15.34339570340775971, 2.000000000000000000 ) ) ;
#3168 = CARTESIAN_POINT ( 'NONE',  ( 12.84317218923418658, 20.29695877980780949, 2.000000000000000000 ) ) ;
#3169 = CARTESIAN_POINT ( 'NONE',  ( 19.13918860107961351, 15.44754172932143632, 2.000000000000000000 ) ) ;
#3170 = CARTESIAN_POINT ( 'NONE',  ( -17.37016481680592861, 16.73146461459391787, 2.000000000000000000 ) ) ;
#3171 = ORIENTED_EDGE ( 'NONE', *, *, #400, .F. ) ;
#3172 = CARTESIAN_POINT ( 'NONE',  ( -26.08175881478902625, 8.866152755738760050, 2.000000000000000000 ) ) ;
#3173 = EDGE_CURVE ( 'NONE', #1368, #80, #2010, .T. ) ;
#3174 = CARTESIAN_POINT ( 'NONE',  ( -2.198555820827225560, 23.54154832015334975, -2.099999999999998757 ) ) ;
#3175 = CARTESIAN_POINT ( 'NONE',  ( 15.12400615833752582, -19.80199803049035268, -2.099999999999998757 ) ) ;
#3176 = CARTESIAN_POINT ( 'NONE',  ( 25.52197998938346402, 8.320188513921063844, 2.000000000000000000 ) ) ;
#3177 = CARTESIAN_POINT ( 'NONE',  ( 7.612592773523889633, 22.78073832991432468, 2.000000000000000000 ) ) ;
#3178 = CARTESIAN_POINT ( 'NONE',  ( 24.00794390784557208, 7.190340088713026212, 2.000000000000000000 ) ) ;
#3179 = CARTESIAN_POINT ( 'NONE',  ( 20.99240193721331948, 10.59640443373928953, -2.099999999999998757 ) ) ;
#3180 = CARTESIAN_POINT ( 'NONE',  ( 2.463801941912914018, 23.38577358155836450, -2.099999999999998757 ) ) ;
#3181 = ORIENTED_EDGE ( 'NONE', *, *, #7493, .F. ) ;
#3182 = CARTESIAN_POINT ( 'NONE',  ( 4.713207230075936671, -25.62151411210379948, 2.000000000000000000 ) ) ;
#3183 = CARTESIAN_POINT ( 'NONE',  ( -26.00281877978270373, -1.590510388571586997, -2.099999999999998757 ) ) ;
#3184 = CARTESIAN_POINT ( 'NONE',  ( -18.97770164392054681, 15.34339570340774195, 2.000000000000000000 ) ) ;
#3185 = CARTESIAN_POINT ( 'NONE',  ( -27.19385050690369710, -4.276646238553125201, -2.099999999999999645 ) ) ;
#3186 = CARTESIAN_POINT ( 'NONE',  ( -27.42711520703382178, -2.355539810268463707, 2.000000000000000000 ) ) ;
#3187 = CIRCLE ( 'NONE', #4266, 28.00000000000000000 ) ;
#3188 = CARTESIAN_POINT ( 'NONE',  ( -13.34952134769246612, 19.34012055804144836, 2.000000000000000000 ) ) ;
#3189 = CARTESIAN_POINT ( 'NONE',  ( -13.50856635788135840, 22.56556696682679686, -2.099999999999998757 ) ) ;
#3190 = ORIENTED_EDGE ( 'NONE', *, *, #2586, .T. ) ;
#3191 = CARTESIAN_POINT ( 'NONE',  ( -7.688496923001414629, 25.42728370346967637, 2.000000000000000000 ) ) ;
#3192 = CARTESIAN_POINT ( 'NONE',  ( -23.76414829993700906, 7.060866680122685146, -2.099999999999998757 ) ) ;
#3193 = CARTESIAN_POINT ( 'NONE',  ( -27.69932686549411116, 4.092342562581378296, 2.000000000000000000 ) ) ;
#3194 = CARTESIAN_POINT ( 'NONE',  ( 23.32186741149923392, 4.882063647943462037, -2.099999999999998757 ) ) ;
#3195 = CARTESIAN_POINT ( 'NONE',  ( 20.81172461973596555, 10.92283569232046503, -2.099999999999998757 ) ) ;
#3196 = DIRECTION ( 'NONE',  ( 0.000000000000000000, 0.000000000000000000, -1.000000000000000000 ) ) ;
#3197 = CARTESIAN_POINT ( 'NONE',  ( -20.81172461973597620, 10.92283569232044904, 2.000000000000000000 ) ) ;
#3198 = ADVANCED_FACE ( 'NONE', ( #5292 ), #4707, .T. ) ;
#3199 = VECTOR ( 'NONE', #2833, 1000.000000000000000 ) ;
#3200 = EDGE_CURVE ( 'NONE', #3918, #4090, #6002, .T. ) ;
#3201 = CARTESIAN_POINT ( 'NONE',  ( -4.144933467011473027, -24.44197433207706283, 2.000000000000000000 ) ) ;
#3202 = CARTESIAN_POINT ( 'NONE',  ( -4.389956462724874164, -25.02313217738666040, 2.000000000000000000 ) ) ;
#3203 = CARTESIAN_POINT ( 'NONE',  ( -21.70974829699418507, 12.84369887095659557, 2.000000000000000000 ) ) ;
#3204 = CARTESIAN_POINT ( 'NONE',  ( -13.55023046621762717, -22.84843530275375656, 2.000000000000000000 ) ) ;
#3205 = CARTESIAN_POINT ( 'NONE',  ( 5.376315588043452109, -26.60062371204863396, 2.000000000000000000 ) ) ;
#3206 = CARTESIAN_POINT ( 'NONE',  ( 9.555618961847061499, 22.25484530667599969, -2.099999999999998757 ) ) ;
#3208 = CARTESIAN_POINT ( 'NONE',  ( 12.88702750944971420, -19.82328597831586947, -2.099999999999998757 ) ) ;
#3207 = CARTESIAN_POINT ( 'NONE',  ( 24.48402185937397491, -7.488679734998055615, 2.000000000000000000 ) ) ;
#3209 = CARTESIAN_POINT ( 'NONE',  ( 27.42711520703381822, 2.355539810268457934, -2.099999999999998757 ) ) ;
#3210 = CARTESIAN_POINT ( 'NONE',  ( -25.88937528683161915, -4.628868634690443962, -2.099999999999998757 ) ) ;
#3211 = CARTESIAN_POINT ( 'NONE',  ( 17.76075994573093553, -17.29583732711386901, 2.000000000000000000 ) ) ;
#3212 = CARTESIAN_POINT ( 'NONE',  ( 13.20212662322859209, 21.30225842247369528, 2.000000000000000000 ) ) ;
#3213 = CARTESIAN_POINT ( 'NONE',  ( 17.25237999601835881, 16.29857992973629521, -2.099999999999999645 ) ) ;
#3214 = CARTESIAN_POINT ( 'NONE',  ( -18.73200657000872837, 19.22781655172587278, -2.099999999999998757 ) ) ;
#3215 = ORIENTED_EDGE ( 'NONE', *, *, #5622, .F. ) ;
#3216 = CARTESIAN_POINT ( 'NONE',  ( 18.01951879739587170, 21.43121365581733784, 2.000000000000000000 ) ) ;
#3217 = CARTESIAN_POINT ( 'NONE',  ( -4.310684217927251538, 24.85340566964549325, -2.099999999999998757 ) ) ;
#3218 = CARTESIAN_POINT ( 'NONE',  ( 13.96529143882091439, -19.07901412642182848, -2.099999999999998757 ) ) ;
#3219 = CARTESIAN_POINT ( 'NONE',  ( 24.00794390784557208, 7.190340088713026212, 2.000000000000000000 ) ) ;
#3220 = CARTESIAN_POINT ( 'NONE',  ( 7.688595528318259653, 23.56854007989867483, -2.099999999999997868 ) ) ;
#3221 = CARTESIAN_POINT ( 'NONE',  ( 22.91828645517601615, 5.264681564480688358, 2.000000000000000000 ) ) ;
#3222 = CARTESIAN_POINT ( 'NONE',  ( 24.62078186107712696, 10.69645268464872423, -2.099999999999998757 ) ) ;
#3223 = EDGE_CURVE ( 'NONE', #6081, #1048, #4304, .T. ) ;
#3224 = CARTESIAN_POINT ( 'NONE',  ( 1.846803834033445613, 24.33438445894235258, -2.099999999999998757 ) ) ;
#3225 = EDGE_LOOP ( 'NONE', ( #1208, #5, #6548, #3215 ) ) ;
#3226 = DIRECTION ( 'NONE',  ( -0.9709418174260517898, -0.2393156642875586548, 0.000000000000000000 ) ) ;
#3227 = CARTESIAN_POINT ( 'NONE',  ( -26.50130185302208830, -1.827769560624226131, -2.099999999999998757 ) ) ;
#3228 = CARTESIAN_POINT ( 'NONE',  ( -17.64188601445204441, 17.13764696917008123, 2.000000000000000000 ) ) ;
#3229 = CARTESIAN_POINT ( 'NONE',  ( -24.76692767734244782, -4.782579349257321866, 2.000000000000000000 ) ) ;
#3230 = CARTESIAN_POINT ( 'NONE',  ( 7.442630951135233097, -26.84114405199618858, 2.000000000000000000 ) ) ;
#3231 = DIRECTION ( 'NONE',  ( 0.000000000000000000, 0.000000000000000000, -1.000000000000000000 ) ) ;
#3232 = CARTESIAN_POINT ( 'NONE',  ( -13.36064030761172639, 21.84126693107096173, -2.099999999999998757 ) ) ;
#3233 = EDGE_LOOP ( 'NONE', ( #5143, #3277 ) ) ;
#3234 = CARTESIAN_POINT ( 'NONE',  ( -7.705310163655084033, 23.69563005194943273, 2.000000000000000000 ) ) ;
#3235 = CARTESIAN_POINT ( 'NONE',  ( -23.00007343659231651, 5.130111501463086476, -2.099999999999998757 ) ) ;
#3236 = DIRECTION ( 'NONE',  ( -0.000000000000000000, -0.000000000000000000, -1.000000000000000000 ) ) ;
#3237 = CARTESIAN_POINT ( 'NONE',  ( 22.59408972245014624, -10.50532236015857279, 2.000000000000000000 ) ) ;
#3238 = CARTESIAN_POINT ( 'NONE',  ( 20.89282384029108997, 10.74542454372255840, -2.099999999999998757 ) ) ;
#3239 = CARTESIAN_POINT ( 'NONE',  ( -27.69932686549418221, -4.092342562581371190, 2.000000000000000000 ) ) ;
#3240 = CARTESIAN_POINT ( 'NONE',  ( 17.71416793792180400, -15.43316205167865895, -2.099999999999998757 ) ) ;
#3241 = CARTESIAN_POINT ( 'NONE',  ( -23.51784779677758763, -10.65556037457646354, -2.099999999999998757 ) ) ;
#3242 = ORIENTED_EDGE ( 'NONE', *, *, #1328, .T. ) ;
#3243 = CARTESIAN_POINT ( 'NONE',  ( 22.62472994129924686, 16.49610848301130162, -2.099999999999998757 ) ) ;
#3244 = EDGE_CURVE ( 'NONE', #8007, #6397, #631, .T. ) ;
#3245 = CARTESIAN_POINT ( 'NONE',  ( -20.80453127045305095, 12.00354473513042031, 2.000000000000000000 ) ) ;
#3246 = CARTESIAN_POINT ( 'NONE',  ( -17.82169893237839986, -21.35645667456328312, 2.000000000000000000 ) ) ;
#3247 = CARTESIAN_POINT ( 'NONE',  ( 1.790249464186372208, -24.99754724227145530, 2.000000000000000000 ) ) ;
#3248 = CARTESIAN_POINT ( 'NONE',  ( 10.70787966366669508, 23.74905515802277023, -2.099999999999998757 ) ) ;
#3250 = DIRECTION ( 'NONE',  ( 0.000000000000000000, 0.000000000000000000, -1.000000000000000000 ) ) ;
#3249 = CARTESIAN_POINT ( 'NONE',  ( 26.42834229636209642, -9.248929663334747531, 2.000000000000000000 ) ) ;
#3251 = CARTESIAN_POINT ( 'NONE',  ( 23.51224346894562345, -0.3730054609666969556, 2.000000000000000000 ) ) ;
#3252 = CARTESIAN_POINT ( 'NONE',  ( 24.95373504430678580, -4.768644361883064065, 2.000000000000000000 ) ) ;
#3253 = ADVANCED_FACE ( 'NONE', ( #4586 ), #5230, .F. ) ;
#3254 = CARTESIAN_POINT ( 'NONE',  ( 17.28752988749540620, -16.01445386190351172, 2.000000000000000000 ) ) ;
#3255 = CARTESIAN_POINT ( 'NONE',  ( 12.84317218923418658, 20.29695877980780949, -2.099999999999998757 ) ) ;
#3256 = ADVANCED_FACE ( 'NONE', ( #4544 ), #3717, .T. ) ;
#3257 = CARTESIAN_POINT ( 'NONE',  ( 18.12539239010958880, 15.18249965295456683, 2.000000000000000000 ) ) ;
#3258 = CARTESIAN_POINT ( 'NONE',  ( -19.11828559910866332, 20.53459318157263525, -2.099999999999998757 ) ) ;
#3259 = ORIENTED_EDGE ( 'NONE', *, *, #4634, .T. ) ;
#3260 = CARTESIAN_POINT ( 'NONE',  ( -22.99371384847795596, 6.601180838822642727, -2.100000000000000089 ) ) ;
#3261 = CARTESIAN_POINT ( 'NONE',  ( -4.244076555440686960, 24.69959869036684452, -2.099999999999998757 ) ) ;
#3262 = CARTESIAN_POINT ( 'NONE',  ( 13.66345410753368483, -19.13830577319235360, 2.000000000000000000 ) ) ;
#3263 = CARTESIAN_POINT ( 'NONE',  ( 24.31514428139131567, 10.69735948946560633, 2.000000000000000000 ) ) ;
#3264 = CARTESIAN_POINT ( 'NONE',  ( 7.616738452866461451, 23.18530238615923622, 2.000000000000000000 ) ) ;
#3265 = CARTESIAN_POINT ( 'NONE',  ( 24.15260079455800479, 7.275001489028714907, 2.000000000000000000 ) ) ;
#3266 = PRODUCT_RELATED_PRODUCT_CATEGORY ( 'part', '', ( #4631 ) ) ;
#3267 = CARTESIAN_POINT ( 'NONE',  ( 13.64872344093925527, 24.44815585854601991, 2.000000000000000000 ) ) ;
#3268 = LINE ( 'NONE', #7651, #6158 ) ;
#3269 = EDGE_LOOP ( 'NONE', ( #6891, #3933, #1916, #6658 ) ) ;
#3270 = DIRECTION ( 'NONE',  ( -0.000000000000000000, 0.000000000000000000, -1.000000000000000000 ) ) ;
#3271 = CARTESIAN_POINT ( 'NONE',  ( 0.000000000000000000, 0.000000000000000000, -2.099999999999998757 ) ) ;
#3272 = CARTESIAN_POINT ( 'NONE',  ( -18.70321540207056898, 15.22676155773647544, 2.000000000000000000 ) ) ;
#3273 = CARTESIAN_POINT ( 'NONE',  ( 25.52197998938346757, -8.320188513921038975, -2.099999999999998757 ) ) ;
#3274 = CARTESIAN_POINT ( 'NONE',  ( -19.10294300318481575, 20.47138356506649970, 2.000000000000000000 ) ) ;
#3275 = CARTESIAN_POINT ( 'NONE',  ( -1.840779285638419971, 24.52644730507024562, 2.000000000000000000 ) ) ;
#3276 = CARTESIAN_POINT ( 'NONE',  ( -12.88716835993242960, 20.50631329690557436, -2.099999999999998757 ) ) ;
#3277 = ORIENTED_EDGE ( 'NONE', *, *, #6108, .F. ) ;
#3278 = CARTESIAN_POINT ( 'NONE',  ( -7.741715957670633586, 24.19699765967528649, -2.099999999999998757 ) ) ;
#3279 = CARTESIAN_POINT ( 'NONE',  ( -7.452140385482003637, -26.79882083607238386, 2.000000000000000000 ) ) ;
#3280 = CARTESIAN_POINT ( 'NONE',  ( -13.09924240491749003, -14.84924240491749892, 2.100000000000001865 ) ) ;
#3281 = CARTESIAN_POINT ( 'NONE',  ( 24.31514428139131923, -10.69735948946558679, 2.000000000000000000 ) ) ;
#3282 = CARTESIAN_POINT ( 'NONE',  ( 21.10401706161571411, 10.48531763796958671, -2.099999999999998757 ) ) ;
#3283 = DIRECTION ( 'NONE',  ( 0.000000000000000000, -0.000000000000000000, -1.000000000000000000 ) ) ;
#3284 = CARTESIAN_POINT ( 'NONE',  ( 20.77276083323512168, -16.13005223007173328, -2.099999999999998757 ) ) ;
#3285 = CARTESIAN_POINT ( 'NONE',  ( -25.70517131628457008, -10.62804675830129852, -2.099999999999998757 ) ) ;
#3286 = CARTESIAN_POINT ( 'NONE',  ( 21.34551800689746770, 16.27777197600732251, -2.099999999999998757 ) ) ;
#3287 = B_SPLINE_CURVE_WITH_KNOTS ( 'NONE', 3,
 ( #4909, #442, #1707, #5700, #7473, #1117, #5626, #3008, #5583, #2426, #2502, #4993, #8144, #1159, #5071, #2386, #7640, #4952, #7516, #1750, #7555, #1871, #7003, #6173, #1791, #4347, #5663, #404, #2969, #5030, #4310, #525, #5545, #3723, #2462, #6296, #8223, #7592, #1827, #4387, #6959, #1197, #3261, #7775, #1370, #1499, #2679, #2051, #694, #3935, #3981, #1414, #4606, #5206, #3304 ),
 .UNSPECIFIED., .F., .F.,
 ( 4, 1, 1, 1, 1, 1, 1, 1, 1, 1, 1, 1, 1, 1, 1, 1, 1, 1, 1, 1, 1, 1, 1, 1, 1, 1, 1, 1, 1, 1, 1, 1, 1, 1, 1, 1, 1, 1, 1, 1, 1, 1, 1, 1, 1, 1, 1, 1, 1, 1, 1, 1, 4 ),
 ( 0.01037066611188688058, 0.06767854499841063909, 0.09884629602760419687, 0.1282330327458525154, 0.1558387551553856998, 0.1816634632588947085, 0.2057071570596702426, 0.2279698365617903733, 0.2484515017703998740, 0.2671521526921104561, 0.2840717893356237145, 0.2992104117127123430, 0.3125680198398570475, 0.3241446137411453376, 0.3339401934538046568, 0.3662021699428077426, 0.3760430630535975816, 0.3856763336118151919, 0.3952492422856396237, 0.4049624801021071696, 0.4150869914083012979, 0.4259748013331243754, 0.4380386266454286970, 0.4516469595390829594, 0.4668849008038623016, 0.4803437228220495125, 0.4999999999999997780, 0.5196562771779499323, 0.5331150991961371988, 0.5483530404609165965, 0.5619613733545708589, 0.5740251986668751805, 0.5849130085916982580, 0.5950375198978923308, 0.6047507577143599322, 0.6143236663881842530, 0.6239569369464019744, 0.6337978300571918133, 0.6660598065461948991, 0.6758553862588542183, 0.6874319801601425084, 0.7007895882872872129, 0.7159282106643759525, 0.7328478473078892108, 0.7515484982295997929, 0.7720301634382092937, 0.7942928429403295354, 0.8183365367411050695, 0.8441612448446141892, 0.8717669672541473735, 0.9011537039723956921, 0.9323214550015892499, 0.9896293338881114732 ),
 .UNSPECIFIED. ) ;
#3288 = CARTESIAN_POINT ( 'NONE',  ( -10.03175227225609767, -22.96619924196638962, -2.099999999999998757 ) ) ;
#3289 = CARTESIAN_POINT ( 'NONE',  ( -13.30747633062665614, -21.64116298680352202, 2.000000000000000000 ) ) ;
#3290 = CARTESIAN_POINT ( 'NONE',  ( 2.638449045045073493, -23.34550970278806759, 2.000000000000000000 ) ) ;
#3291 = CARTESIAN_POINT ( 'NONE',  ( 7.629252907546902662, 22.67335363560524186, -2.099999999999998757 ) ) ;
#3293 = CARTESIAN_POINT ( 'NONE',  ( 15.23641901094385886, -19.89808777236047632, -2.099999999999998757 ) ) ;
#3292 = CARTESIAN_POINT ( 'NONE',  ( -13.35177211813242515, 19.34338136197018798, -2.099999999999998757 ) ) ;
#3294 = CARTESIAN_POINT ( 'NONE',  ( 23.50396181942852891, -6.078686604171923434E-16, -2.099999999999998757 ) ) ;
#3295 = CARTESIAN_POINT ( 'NONE',  ( -26.42834261551471897, -9.248930024438980269, -2.099999999999998757 ) ) ;
#3296 = CIRCLE ( 'NONE', #5854, 27.99999957948218920 ) ;
#3297 = CARTESIAN_POINT ( 'NONE',  ( 13.64897234010187965, 24.23668188073550311, 2.000000000000000000 ) ) ;
#3298 = CARTESIAN_POINT ( 'NONE',  ( 16.82973023395796375, 20.91308632741410278, 2.000000000000000000 ) ) ;
#3299 = CARTESIAN_POINT ( 'NONE',  ( 17.51903422860498338, 16.98989084997259980, 2.000000000000000000 ) ) ;
#3300 = FACE_BOUND ( 'NONE', #6492, .T. ) ;
#3301 = AXIS2_PLACEMENT_3D ( 'NONE', #1392, #1940, #7511 ) ;
#3302 = ORIENTED_EDGE ( 'NONE', *, *, #4725, .T. ) ;
#3303 = CARTESIAN_POINT ( 'NONE',  ( -24.86659007404523436, 7.767174896947384610, -2.100000000000000089 ) ) ;
#3304 = CARTESIAN_POINT ( 'NONE',  ( -5.995910227648052704, 27.35048556318490043, -2.099999999999998757 ) ) ;
#3305 = CARTESIAN_POINT ( 'NONE',  ( 13.61524630358647414, -23.47600944080825869, -2.099999999999998757 ) ) ;
#3306 = SHAPE_DEFINITION_REPRESENTATION ( #2686, #8087 ) ;
#3307 = CARTESIAN_POINT ( 'NONE',  ( 11.58603556222320030, 24.54102139527087800, 2.000000000000000000 ) ) ;
#3308 = CARTESIAN_POINT ( 'NONE',  ( 24.76692767734244782, 4.782579349257336965, 2.000000000000000000 ) ) ;
#3309 = CIRCLE ( 'NONE', #79, 1.749999999999996447 ) ;
#3310 = CARTESIAN_POINT ( 'NONE',  ( -26.50130185302208830, -1.827769560624226131, 2.000000000000000000 ) ) ;
#3311 = CARTESIAN_POINT ( 'NONE',  ( 5.008822010445473261, 26.08776424953686757, -2.099999999999998757 ) ) ;
#3312 = VERTEX_POINT ( 'NONE', #4945 ) ;
#3313 = CARTESIAN_POINT ( 'NONE',  ( 1.810672407536199291, -24.85107952805194387, 2.000000000000000000 ) ) ;
#3314 = CARTESIAN_POINT ( 'NONE',  ( 1.810672407536176198, 24.85107952805194031, 2.000000000000000000 ) ) ;
#3315 = CARTESIAN_POINT ( 'NONE',  ( 2.638449045045073493, -23.34550970278806759, -2.099999999999998757 ) ) ;
#3316 = CARTESIAN_POINT ( 'NONE',  ( 22.85726476338738422, -5.433202019314283149, -2.099999999999998757 ) ) ;
#3317 = CARTESIAN_POINT ( 'NONE',  ( -23.51224346894561990, -0.3730054609666991761, 2.000000000000000000 ) ) ;
#3318 = B_SPLINE_CURVE_WITH_KNOTS ( 'NONE', 3,
 ( #419, #3618, #4286, #1132, #6227, #497, #6934, #8199, #457, #6188, #8158, #5641, #3696, #2358, #2904, #2320, #5478, #2400, #6815, #2281, #4844, #6270, #2439, #6773, #3062, #7531, #5008, #1007, #4322, #6894, #3575, #7410, #7569, #4362, #1175, #1639, #6312, #6146, #2984, #3739, #1051, #376, #2945, #5521, #3023, #5559, #8080, #4884, #1679, #4924, #8117, #7489, #1724, #6856, #1091 ),
 .UNSPECIFIED., .F., .F.,
 ( 4, 1, 1, 1, 1, 1, 1, 1, 1, 1, 1, 1, 1, 1, 1, 1, 1, 1, 1, 1, 1, 1, 1, 1, 1, 1, 1, 1, 1, 1, 1, 1, 1, 1, 1, 1, 1, 1, 1, 1, 1, 1, 1, 1, 1, 1, 1, 1, 1, 1, 1, 1, 4 ),
 ( 0.01037070964479183156, 0.06767854499841075011, 0.09884629602760430789, 0.1282330327458526265, 0.1558387551553858108, 0.1816634632588949305, 0.2057071570596704646, 0.2279698365617907063, 0.2484515017704002071, 0.2671521526921107892, 0.2840717893356240475, 0.2992104117127127871, 0.3125680198398574916, 0.3241446137411457817, 0.3339401934538051009, 0.3662021699428081867, 0.3760430630535980256, 0.3856763336118157470, 0.3952492422856400678, 0.4049624801021076692, 0.4150869914083017420, 0.4259748013331248195, 0.4380386266454291411, 0.4516469595390834035, 0.4668849008038628012, 0.4803437228220500677, 0.5000000000000002220, 0.5196562771779504875, 0.5331150991961376429, 0.5483530404609170406, 0.5619613733545713030, 0.5740251986668756246, 0.5849130085916987021, 0.5950375198978927749, 0.6047507577143603763, 0.6143236663881848081, 0.6239569369464024184, 0.6337978300571922574, 0.6660598065461953432, 0.6758553862588546624, 0.6874319801601429525, 0.7007895882872876570, 0.7159282106643762855, 0.7328478473078895439, 0.7515484982296001260, 0.7720301634382096267, 0.7942928429403297574, 0.8183365367411052915, 0.8441612448446143002, 0.8717669672541474846, 0.9011537039723958031, 0.9323214550015893609, 0.9896292903552005304 ),
 .UNSPECIFIED. ) ;
#3319 = ADVANCED_FACE ( 'NONE', ( #1985 ), #8137, .F. ) ;
#3320 = CARTESIAN_POINT ( 'NONE',  ( -1.762385718735306250, 25.16282512725968701, 2.000000000000000000 ) ) ;
#3321 = CARTESIAN_POINT ( 'NONE',  ( -12.94401591853666211, 20.68877481383771411, 2.000000000000000000 ) ) ;
#3322 = CARTESIAN_POINT ( 'NONE',  ( -13.58617081224543632, -23.15195374360798652, -2.099999999999999645 ) ) ;
#3323 = EDGE_LOOP ( 'NONE', ( #5032, #5176 ) ) ;
#3324 = CARTESIAN_POINT ( 'NONE',  ( -12.85055170543023983, -19.95373759773043432, -2.099999999999998757 ) ) ;
#3325 = CARTESIAN_POINT ( 'NONE',  ( -12.19289813512185816, -25.00088857611621052, 2.000000000000000000 ) ) ;
#3326 = CARTESIAN_POINT ( 'NONE',  ( -24.31153459173803810, 7.374154019703423657, 2.000000000000000000 ) ) ;
#3327 = CARTESIAN_POINT ( 'NONE',  ( 23.63710370791871185, 4.790810183414345502, -2.099999999999998757 ) ) ;
#3328 = CARTESIAN_POINT ( 'NONE',  ( 22.09815905990546980, 10.35588323418789258, 2.000000000000000000 ) ) ;
#3329 = CARTESIAN_POINT ( 'NONE',  ( 20.69407544885352124, -11.81098159931166514, -2.099999999999998757 ) ) ;
#3330 = CARTESIAN_POINT ( 'NONE',  ( 19.87933552333218046, -15.81900378855655909, 2.000000000000000000 ) ) ;
#3331 = AXIS2_PLACEMENT_3D ( 'NONE', #1804, #5007, #1840 ) ;
#3332 = CARTESIAN_POINT ( 'NONE',  ( -5.657699897570084069, -26.96029004809875573, -2.099999999999998757 ) ) ;
#3333 = CARTESIAN_POINT ( 'NONE',  ( 17.98147192499883573, 15.23115522593614024, -2.099999999999998757 ) ) ;
#3334 = CARTESIAN_POINT ( 'NONE',  ( -23.36986005557944779, 15.15550759550596460, -2.099999999999999645 ) ) ;
#3335 = CARTESIAN_POINT ( 'NONE',  ( 0.000000000000000000, 0.000000000000000000, 2.000000000000000000 ) ) ;
#3336 = CARTESIAN_POINT ( 'NONE',  ( 1.906741771391420315, -24.04223096406908056, 2.000000000000000000 ) ) ;
#3337 = CARTESIAN_POINT ( 'NONE',  ( 0.000000000000000000, 0.000000000000000000, -2.099999999999998757 ) ) ;
#3339 = CARTESIAN_POINT ( 'NONE',  ( -16.55868018414818010, 20.77185239767592151, -2.099999999999998757 ) ) ;
#3338 = CARTESIAN_POINT ( 'NONE',  ( -15.23641901094385886, 19.89808777236047632, -2.099999999999998757 ) ) ;
#3340 = CARTESIAN_POINT ( 'NONE',  ( 23.63491054742290132, 0.6550942090464551004, -2.099999999999998757 ) ) ;
#3341 = CARTESIAN_POINT ( 'NONE',  ( -25.07504586300961336, -7.932732980984162907, -2.099999999999998757 ) ) ;
#3342 = PLANE ( 'NONE',  #2782 ) ;
#3343 = CARTESIAN_POINT ( 'NONE',  ( -4.144933467011473027, -24.44197433207706283, -2.099999999999998757 ) ) ;
#3344 = CARTESIAN_POINT ( 'NONE',  ( 17.37016481680591795, 16.73146461459393208, -2.099999999999999645 ) ) ;
#3345 = CARTESIAN_POINT ( 'NONE',  ( 17.45584392081711655, -15.72474958968642156, -2.099999999999998757 ) ) ;
#3346 = EDGE_LOOP ( 'NONE', ( #6298, #1422, #1555, #1411 ) ) ;
#3347 = CARTESIAN_POINT ( 'NONE',  ( 24.02931632081063995, -10.69009516955077110, 2.000000000000000000 ) ) ;
#3348 = CARTESIAN_POINT ( 'NONE',  ( -22.28520553958148653, -13.49243943284463398, -2.099999999999998757 ) ) ;
#3349 = CARTESIAN_POINT ( 'NONE',  ( -7.701896059577427955, 22.44925656542958592, -2.099999999999998757 ) ) ;
#3350 = CARTESIAN_POINT ( 'NONE',  ( -12.88702750944971420, 19.82328597831586947, 2.000000000000000000 ) ) ;
#3351 = CARTESIAN_POINT ( 'NONE',  ( 24.32345666766047643, 4.791663430616663000, 2.000000000000000000 ) ) ;
#3352 = CARTESIAN_POINT ( 'NONE',  ( 23.19083049382814465, 14.83174289765554477, -2.099999999999998757 ) ) ;
#3353 = CARTESIAN_POINT ( 'NONE',  ( -2.832611943458521075, -23.32865819094296711, 2.000000000000000000 ) ) ;
#3354 = ORIENTED_EDGE ( 'NONE', *, *, #3010, .F. ) ;
#3355 = CARTESIAN_POINT ( 'NONE',  ( 1.881261915648297478, -24.14640443156747196, 2.000000000000000000 ) ) ;
#3356 = CARTESIAN_POINT ( 'NONE',  ( 4.713207230075915355, 25.62151411210381369, 2.000000000000000000 ) ) ;
#3357 = CARTESIAN_POINT ( 'NONE',  ( 5.644338688955438776, -26.94321170796060372, -2.099999999999998757 ) ) ;
#3358 = CARTESIAN_POINT ( 'NONE',  ( 26.46517536639175816, -4.493494443281861095, -2.099999999999998757 ) ) ;
#3359 = CARTESIAN_POINT ( 'NONE',  ( -23.55944914529948520, 0.5232380683118280640, 2.000000000000000000 ) ) ;
#3360 = ADVANCED_FACE ( 'NONE', ( #5858 ), #86, .F. ) ;
#3361 = CARTESIAN_POINT ( 'NONE',  ( 23.99982295939236820, -0.9602632500303808216, -2.099999999999998757 ) ) ;
#3362 = CARTESIAN_POINT ( 'NONE',  ( -14.32589460713082019, -19.15868494228939056, -2.099999999999999645 ) ) ;
#3363 = ORIENTED_EDGE ( 'NONE', *, *, #1632, .F. ) ;
#3364 = CARTESIAN_POINT ( 'NONE',  ( -7.743106042156100877, -24.63076208136010337, -2.099999999999998757 ) ) ;
#3365 = CARTESIAN_POINT ( 'NONE',  ( -7.657608382361889454, -22.56335699501521219, 2.000000000000000000 ) ) ;
#3366 = CARTESIAN_POINT ( 'NONE',  ( 23.99982295939236465, 0.9602632500303802665, 2.000000000000000000 ) ) ;
#3367 = CARTESIAN_POINT ( 'NONE',  ( -14.84924240491749892, 14.84924240491749536, 2.100000000000001865 ) ) ;
#3368 = CARTESIAN_POINT ( 'NONE',  ( -17.42017265760605227, 16.82633584436268848, -2.099999999999998757 ) ) ;
#3369 = CARTESIAN_POINT ( 'NONE',  ( 21.69704443755539813, -10.30300297322494885, -2.099999999999998757 ) ) ;
#3370 = CARTESIAN_POINT ( 'NONE',  ( 18.97770164392054326, -15.34339570340774550, -2.099999999999998757 ) ) ;
#3371 = CARTESIAN_POINT ( 'NONE',  ( -4.713207230075929566, -25.62151411210381013, 2.000000000000000000 ) ) ;
#3372 = EDGE_CURVE ( 'NONE', #542, #2556, #2106, .T. ) ;
#3373 = ORIENTED_EDGE ( 'NONE', *, *, #6706, .T. ) ;
#3374 = CARTESIAN_POINT ( 'NONE',  ( 18.51632561903327101, 18.67704107051118001, -2.099999999999998757 ) ) ;
#3375 = DIRECTION ( 'NONE',  ( 0.000000000000000000, -0.000000000000000000, -1.000000000000000000 ) ) ;
#3376 = DIRECTION ( 'NONE',  ( 0.000000000000000000, 0.000000000000000000, -1.000000000000000000 ) ) ;
#3377 = LINE ( 'NONE', #5408, #479 ) ;
#3378 = CARTESIAN_POINT ( 'NONE',  ( -5.855490417633528288, 27.19235970815774550, 2.000000000000000000 ) ) ;
#3380 = CARTESIAN_POINT ( 'NONE',  ( -17.12241726305228084, 21.05518411798320955, -2.099999999999998757 ) ) ;
#3379 = CARTESIAN_POINT ( 'NONE',  ( 16.82973023395797441, -20.91308632741409923, 2.000000000000000000 ) ) ;
#3381 = CARTESIAN_POINT ( 'NONE',  ( 24.88813961944797271, -1.197996060026733200, 2.000000000000000000 ) ) ;
#3382 = CARTESIAN_POINT ( 'NONE',  ( 25.15968768847577763, -4.747395707336129256, -2.099999999999998757 ) ) ;
#3383 = ADVANCED_FACE ( 'NONE', ( #4988 ), #7796, .T. ) ;
#3384 = CARTESIAN_POINT ( 'NONE',  ( 18.70321540207056543, -15.22676155773647899, 2.000000000000000000 ) ) ;
#3385 = CARTESIAN_POINT ( 'NONE',  ( 15.68419099428256303, 20.23743569325270997, -2.099999999999998757 ) ) ;
#3386 = CARTESIAN_POINT ( 'NONE',  ( 21.66370631000717495, 16.34569607223867749, 2.000000000000000000 ) ) ;
#3387 = CARTESIAN_POINT ( 'NONE',  ( 19.05257571805190153, -20.26599538152707680, -2.099999999999998757 ) ) ;
#3388 = ORIENTED_EDGE ( 'NONE', *, *, #5721, .F. ) ;
#3389 = CARTESIAN_POINT ( 'NONE',  ( 21.80373651133527702, -10.30832712212200342, -2.099999999999999645 ) ) ;
#3390 = CARTESIAN_POINT ( 'NONE',  ( -21.07590994840523280, -12.30361618564757720, -2.099999999999998757 ) ) ;
#3391 = CARTESIAN_POINT ( 'NONE',  ( -7.612592773523898515, 22.78073832991432468, -2.099999999999998757 ) ) ;
#3392 = PRODUCT_CONTEXT ( 'NONE', #1768, 'mechanical' ) ;
#3393 = CARTESIAN_POINT ( 'NONE',  ( 11.10648537714066997, 24.13101166629980554, -2.099999999999997868 ) ) ;
#3394 = CARTESIAN_POINT ( 'NONE',  ( 23.10489730742583703, 5.020145956116689234, 2.000000000000000000 ) ) ;
#3395 = DIRECTION ( 'NONE',  ( 0.000000000000000000, -0.000000000000000000, -1.000000000000000000 ) ) ;
#3396 = CARTESIAN_POINT ( 'NONE',  ( 5.995909907646281845, 27.35048520283294593, 2.000000000000000000 ) ) ;
#3397 = ORIENTED_EDGE ( 'NONE', *, *, #7589, .F. ) ;
#3398 = CARTESIAN_POINT ( 'NONE',  ( 1.726035193247317912, -25.34659078107458896, 2.000000000000000000 ) ) ;
#3399 = CARTESIAN_POINT ( 'NONE',  ( 3.846120836016019062, 23.70909028424117437, 2.000000000000000000 ) ) ;
#3400 = DIRECTION ( 'NONE',  ( 0.000000000000000000, 0.000000000000000000, -1.000000000000000000 ) ) ;
#3401 = CARTESIAN_POINT ( 'NONE',  ( 17.25657676350752112, 16.16318976602640589, 2.000000000000000000 ) ) ;
#3402 = CARTESIAN_POINT ( 'NONE',  ( -23.63491054742289421, 0.6550942090464527690, -2.099999999999998757 ) ) ;
#3403 = ADVANCED_FACE ( 'NONE', ( #43 ), #5577, .T. ) ;
#3404 = CARTESIAN_POINT ( 'NONE',  ( 23.55944914529948520, -0.5232380683118309506, -2.099999999999998757 ) ) ;
#3405 = CARTESIAN_POINT ( 'NONE',  ( -13.18542992737235764, -19.44527382878997557, -2.099999999999999645 ) ) ;
#3406 = ORIENTED_EDGE ( 'NONE', *, *, #5243, .T. ) ;
#3407 = CARTESIAN_POINT ( 'NONE',  ( -13.81390900009209233, -19.09181343516791074, -2.099999999999998757 ) ) ;
#3408 = CARTESIAN_POINT ( 'NONE',  ( -8.334619726030519260, -21.97658606862351505, 2.000000000000000000 ) ) ;
#3409 = CARTESIAN_POINT ( 'NONE',  ( 24.76338133992250690, 1.168557790373921934, 2.000000000000000000 ) ) ;
#3410 = CARTESIAN_POINT ( 'NONE',  ( 20.61769535193586833, -11.41192623884528246, 2.000000000000000000 ) ) ;
#3411 = CARTESIAN_POINT ( 'NONE',  ( -21.66370631000717850, 16.34569607223865617, -2.099999999999998757 ) ) ;
#3412 = CARTESIAN_POINT ( 'NONE',  ( 22.27987727495455061, -10.41835660743990211, -2.099999999999998757 ) ) ;
#3413 = CARTESIAN_POINT ( 'NONE',  ( 19.42345833902674812, -15.60717637591974238, 2.000000000000000000 ) ) ;
#3414 = CARTESIAN_POINT ( 'NONE',  ( 18.30266578660392796, 18.21105589998884611, -2.099999999999999645 ) ) ;
#3415 = ORIENTED_EDGE ( 'NONE', *, *, #1759, .F. ) ;
#3416 = CARTESIAN_POINT ( 'NONE',  ( -11.33585971340119158, 24.33300811744740955, 2.000000000000000000 ) ) ;
#3417 = CARTESIAN_POINT ( 'NONE',  ( -9.408316245588473237, -22.09971024729809130, -2.099999999999998757 ) ) ;
#3418 = DIRECTION ( 'NONE',  ( -1.000000000000000000, 0.000000000000000000, 0.000000000000000000 ) ) ;
#3419 = CARTESIAN_POINT ( 'NONE',  ( -14.84924240491748826, -14.84924240491749892, 2.100000000000001865 ) ) ;
#3420 = CARTESIAN_POINT ( 'NONE',  ( -3.781464864188913477, 23.62174820993211455, 2.000000000000000000 ) ) ;
#3422 = CARTESIAN_POINT ( 'NONE',  ( -17.82169923038156512, 21.35645679512519735, -2.099999999999998757 ) ) ;
#3421 = CARTESIAN_POINT ( 'NONE',  ( 13.25426296490209843, -21.46155364981478542, 2.000000000000000000 ) ) ;
#3423 = CARTESIAN_POINT ( 'NONE',  ( -24.31153459173803810, -7.374154019703442309, -2.099999999999998757 ) ) ;
#3424 = B_SPLINE_SURFACE_WITH_KNOTS ( 'NONE', 3, 1, ( 
 ( #5961, #1579 ),
 ( #4026, #2092 ),
 ( #7225, #7939 ),
 ( #7345, #6713 ),
 ( #2134, #1538 ),
 ( #2175, #3514 ),
 ( #3347, #4779 ),
 ( #2215, #4148 ),
 ( #5416, #315 ),
 ( #6549, #6082 ),
 ( #949, #5922 ),
 ( #3473, #1412 ),
 ( #5454, #1459 ),
 ( #7980, #826 ),
 ( #8020, #276 ),
 ( #4104, #2256 ),
 ( #6046, #7179 ),
 ( #2843, #6672 ),
 ( #2881, #3389 ),
 ( #5336, #147 ),
 ( #3980, #784 ),
 ( #190, #4738 ),
 ( #2719, #5291 ),
 ( #910, #7854 ),
 ( #6004, #7304 ),
 ( #4653, #2761 ),
 ( #7896, #6592 ),
 ( #4698, #7265 ),
 ( #1498, #4065 ),
 ( #6631, #866 ),
 ( #3430, #233 ),
 ( #2805, #5378 ),
 ( #6122, #2299 ),
 ( #7388, #4340 ),
 ( #4862, #3595 ),
 ( #6792, #8218 ),
 ( #6247, #7427 ),
 ( #2378, #6911 ),
 ( #4822, #7548 ),
 ( #3041, #1028 ),
 ( #4987, #5617 ),
 ( #3080, #8179 ),
 ( #3002, #6836 ),
 ( #475, #5576 ),
 ( #7465, #3637 ),
 ( #1151, #1659 ),
 ( #4944, #354 ),
 ( #5658, #8135 ),
 ( #8060, #2922 ),
 ( #7510, #1784 ),
 ( #6165, #520 ),
 ( #3716, #5498 ),
 ( #1744, #6288 ),
 ( #987, #4185 ),
 ( #1618, #6753 ) ),
 .UNSPECIFIED., .F., .F., .F.,
 ( 4, 1, 1, 1, 1, 1, 1, 1, 1, 1, 1, 1, 1, 1, 1, 1, 1, 1, 1, 1, 1, 1, 1, 1, 1, 1, 1, 1, 1, 1, 1, 1, 1, 1, 1, 1, 1, 1, 1, 1, 1, 1, 1, 1, 1, 1, 1, 1, 1, 1, 1, 1, 4 ),
 ( 2, 2 ),
 ( 0.01037066610069553411, 0.06767854499841075011, 0.09884629602760430789, 0.1282330327458526265, 0.1558387551553858108, 0.1816634632588949305, 0.2057071570596704646, 0.2279698365617907063, 0.2484515017704002071, 0.2671521526921107892, 0.2840717893356240475, 0.2992104117127127871, 0.3125680198398574916, 0.3241446137411457817, 0.3339401934538051009, 0.3662021699428081867, 0.3760430630535980256, 0.3856763336118157470, 0.3952492422856400678, 0.4049624801021076692, 0.4150869914083017420, 0.4259748013331248195, 0.4380386266454291411, 0.4516469595390834035, 0.4668849008038628012, 0.4803437228220500677, 0.5000000000000002220, 0.5196562771779504875, 0.5331150991961376429, 0.5483530404609170406, 0.5619613733545713030, 0.5740251986668756246, 0.5849130085916987021, 0.5950375198978927749, 0.6047507577143603763, 0.6143236663881848081, 0.6239569369464024184, 0.6337978300571922574, 0.6660598065461953432, 0.6758553862588546624, 0.6874319801601429525, 0.7007895882872876570, 0.7159282106643762855, 0.7328478473078895439, 0.7515484982296001260, 0.7720301634382096267, 0.7942928429403297574, 0.8183365367411052915, 0.8441612448446143002, 0.8717669672541474846, 0.9011537039723958031, 0.9323214550015893609, 0.9955048858948389867 ),
 ( 0.000000000000000000, 1.000000000000000000 ),
 .UNSPECIFIED. ) ;
#3425 = CARTESIAN_POINT ( 'NONE',  ( 13.10549974122802475, 21.04367979295773949, 2.000000000000000000 ) ) ;
#3426 = CARTESIAN_POINT ( 'NONE',  ( -5.008822010445487471, -26.08776424953686401, -2.099999999999998757 ) ) ;
#3427 = CARTESIAN_POINT ( 'NONE',  ( 9.768079280210450577, -22.57254334279472729, 2.000000000000000000 ) ) ;
#3428 = CARTESIAN_POINT ( 'NONE',  ( 23.44696895445775908, -15.30488886923681413, 2.000000000000000000 ) ) ;
#3429 = ORIENTED_EDGE ( 'NONE', *, *, #2797, .T. ) ;
#3430 = CARTESIAN_POINT ( 'NONE',  ( 20.61769535193586833, -11.41192623884528246, 2.000000000000000000 ) ) ;
#3431 = CARTESIAN_POINT ( 'NONE',  ( -23.19083049384954265, -14.83174289769086052, -2.099999999999998757 ) ) ;
#3432 = CARTESIAN_POINT ( 'NONE',  ( -8.334619726030529918, 21.97658606862350439, -2.099999999999998757 ) ) ;
#3433 = VECTOR ( 'NONE', #1311, 1000.000000000000000 ) ;
#3434 =( LENGTH_UNIT ( ) NAMED_UNIT ( * ) SI_UNIT ( .MILLI., .METRE. ) );
#3435 = CARTESIAN_POINT ( 'NONE',  ( -12.85055170543025049, 19.95373759773044142, 2.000000000000000000 ) ) ;
#3436 = CARTESIAN_POINT ( 'NONE',  ( -24.19711102278062143, -1.042982032116801960, 2.000000000000000000 ) ) ;
#3437 = CIRCLE ( 'NONE', #6264, 1.749999999999999778 ) ;
#3438 = CARTESIAN_POINT ( 'NONE',  ( 3.902347153244113187, 23.79992060087550954, -2.099999999999998757 ) ) ;
#3439 = EDGE_CURVE ( 'NONE', #2950, #1119, #2421, .T. ) ;
#3440 = LINE ( 'NONE', #4071, #5363 ) ;
#3441 = EDGE_LOOP ( 'NONE', ( #3097, #7077 ) ) ;
#3442 = CARTESIAN_POINT ( 'NONE',  ( 1.840779285638411755, -24.52644730507024562, -2.099999999999998757 ) ) ;
#3443 = CARTESIAN_POINT ( 'NONE',  ( 2.320354714939412144, 23.45074361513812633, 2.000000000000000000 ) ) ;
#3444 = CARTESIAN_POINT ( 'NONE',  ( 2.105634209995053574, -23.64010634127342669, -2.099999999999998757 ) ) ;
#3445 = CARTESIAN_POINT ( 'NONE',  ( 19.10294300318478378, 20.47138356506643575, 2.000000000000000000 ) ) ;
#3446 = CARTESIAN_POINT ( 'NONE',  ( -26.50130185302208830, -1.827769560624226131, 2.000000000000000000 ) ) ;
#3447 = AXIS2_PLACEMENT_3D ( 'NONE', #2380, #6530, #2031 ) ;
#3448 = DIRECTION ( 'NONE',  ( 0.000000000000000000, -0.000000000000000000, -1.000000000000000000 ) ) ;
#3449 = CARTESIAN_POINT ( 'NONE',  ( -12.86131782747429853, -20.40223119301177590, 2.000000000000000000 ) ) ;
#3450 = ORIENTED_EDGE ( 'NONE', *, *, #2282, .F. ) ;
#3451 = CARTESIAN_POINT ( 'NONE',  ( -13.61524630358646171, -23.47600944080825514, -2.099999999999998757 ) ) ;
#3452 = CARTESIAN_POINT ( 'NONE',  ( -24.32345666766048353, 4.791663430616632802, -2.100000000000000089 ) ) ;
#3453 = CARTESIAN_POINT ( 'NONE',  ( -23.40793038981979635, 6.902300070437893176, 2.000000000000000000 ) ) ;
#3454 = LINE ( 'NONE', #4675, #6920 ) ;
#3455 = CARTESIAN_POINT ( 'NONE',  ( -17.32735312033766562, 16.63359376186218341, -2.099999999999998757 ) ) ;
#3456 = CARTESIAN_POINT ( 'NONE',  ( 25.91507356775019844, -10.60230927572363235, -2.099999999999998757 ) ) ;
#3457 = CARTESIAN_POINT ( 'NONE',  ( 18.30266578660394217, -18.21105589998883545, 2.000000000000000000 ) ) ;
#3458 = DIRECTION ( 'NONE',  ( -0.7485107481711011923, 0.6631226582407951931, 0.000000000000000000 ) ) ;
#3459 = ORIENTED_EDGE ( 'NONE', *, *, #7733, .F. ) ;
#3460 = CARTESIAN_POINT ( 'NONE',  ( 17.25657676350752112, 16.16318976602640589, -2.099999999999998757 ) ) ;
#3461 = CARTESIAN_POINT ( 'NONE',  ( -22.61633054543465704, 13.93417863138606450, 2.000000000000000000 ) ) ;
#3462 = FACE_OUTER_BOUND ( 'NONE', #2891, .T. ) ;
#3463 = CARTESIAN_POINT ( 'NONE',  ( -20.80453127045304385, -12.00354473513042208, 2.000000000000000000 ) ) ;
#3464 = CARTESIAN_POINT ( 'NONE',  ( 13.30747633062666146, -21.64116298680352202, 2.000000000000000000 ) ) ;
#3465 = CARTESIAN_POINT ( 'NONE',  ( 22.85055158908932782, -6.414095051321351271, 2.000000000000000000 ) ) ;
#3466 = EDGE_CURVE ( 'NONE', #6681, #7727, #1350, .T. ) ;
#3467 = VECTOR ( 'NONE', #2290, 1000.000000000000000 ) ;
#3468 = CARTESIAN_POINT ( 'NONE',  ( 16.82973023395796375, 20.91308632741410278, 2.000000000000000000 ) ) ;
#3469 = CARTESIAN_POINT ( 'NONE',  ( 18.08041819905085390, 21.45406346427656530, -2.099999999999998757 ) ) ;
#3470 = CARTESIAN_POINT ( 'NONE',  ( 21.34551800689746770, 16.27777197600732251, 2.000000000000000000 ) ) ;
#3471 = CARTESIAN_POINT ( 'NONE',  ( 17.32735312033766206, -16.63359376186218697, -2.099999999999998757 ) ) ;
#3472 = ORIENTED_EDGE ( 'NONE', *, *, #7482, .F. ) ;
#3473 = CARTESIAN_POINT ( 'NONE',  ( 22.90269961712299462, -10.57072003481730782, 2.000000000000000000 ) ) ;
#3474 = CARTESIAN_POINT ( 'NONE',  ( -20.81172461973597265, -10.92283569232045437, 2.000000000000000000 ) ) ;
#3475 = CARTESIAN_POINT ( 'NONE',  ( 13.20212662322860275, -21.30225842247369172, 2.000000000000000000 ) ) ;
#3476 = CARTESIAN_POINT ( 'NONE',  ( 0.000000000000000000, 0.000000000000000000, 2.000000000000000000 ) ) ;
#3477 = DIRECTION ( 'NONE',  ( -1.000000000000000000, 0.000000000000000000, 0.000000000000000000 ) ) ;
#3478 = CIRCLE ( 'NONE', #5904, 28.00000000000000000 ) ;
#3479 = CARTESIAN_POINT ( 'NONE',  ( -17.83462167525289033, -17.40060223031303721, -2.099999999999998757 ) ) ;
#3480 = DIRECTION ( 'NONE',  ( -0.000000000000000000, -0.000000000000000000, 1.000000000000000000 ) ) ;
#3481 = CARTESIAN_POINT ( 'NONE',  ( 2.320354714939412144, 23.45074361513812633, 2.000000000000000000 ) ) ;
#3482 = CARTESIAN_POINT ( 'NONE',  ( 0.000000000000000000, 0.000000000000000000, 2.000000000000000000 ) ) ;
#3483 = ORIENTED_EDGE ( 'NONE', *, *, #1352, .T. ) ;
#3484 = CARTESIAN_POINT ( 'NONE',  ( 1.680116617297995996, -25.54848055630612791, 2.000000000000000000 ) ) ;
#3485 = EDGE_CURVE ( 'NONE', #1771, #7546, #6248, .T. ) ;
#3486 = CARTESIAN_POINT ( 'NONE',  ( 2.198555820827218010, -23.54154832015334975, -2.099999999999998757 ) ) ;
#3487 = CARTESIAN_POINT ( 'NONE',  ( 23.21393719209896389, -4.939781705126438993, -2.099999999999998757 ) ) ;
#3488 = CARTESIAN_POINT ( 'NONE',  ( -25.19179192507393239, -1.283507464112910057, -2.099999999999998757 ) ) ;
#3489 = EDGE_CURVE ( 'NONE', #2981, #5354, #5210, .T. ) ;
#3490 = EDGE_CURVE ( 'NONE', #2842, #5042, #6695, .T. ) ;
#3491 = CARTESIAN_POINT ( 'NONE',  ( -13.61524630358647414, 23.47600944080825869, -2.099999999999998757 ) ) ;
#3492 = CARTESIAN_POINT ( 'NONE',  ( -14.51573139705936377, -19.26027195864160291, -2.099999999999999645 ) ) ;
#3493 = ORIENTED_EDGE ( 'NONE', *, *, #5156, .F. ) ;
#3494 = DIRECTION ( 'NONE',  ( -1.000000000000000000, 0.000000000000000000, 0.000000000000000000 ) ) ;
#3495 = CARTESIAN_POINT ( 'NONE',  ( -26.46517536639175106, 4.493494443281853101, -2.100000000000000089 ) ) ;
#3496 = CARTESIAN_POINT ( 'NONE',  ( 24.88813961944796560, 1.197996060026732756, 2.000000000000000000 ) ) ;
#3497 = CARTESIAN_POINT ( 'NONE',  ( -27.69932686549418577, 4.092342562581348986, 2.000000000000000000 ) ) ;
#3498 = CARTESIAN_POINT ( 'NONE',  ( -26.42834261559674758, -9.248930024531794913, 2.000000000000000000 ) ) ;
#3499 = CARTESIAN_POINT ( 'NONE',  ( 22.90269961712299462, -10.57072003481730782, -2.099999999999998757 ) ) ;
#3500 = CARTESIAN_POINT ( 'NONE',  ( 19.05257571807342387, 20.26599538160687430, -2.099999999999999645 ) ) ;
#3501 = ORIENTED_EDGE ( 'NONE', *, *, #8136, .F. ) ;
#3502 = CARTESIAN_POINT ( 'NONE',  ( 17.29220078062824939, 16.53076698689343615, -2.099999999999998757 ) ) ;
#3503 = CARTESIAN_POINT ( 'NONE',  ( -21.23055223844790262, 12.41767842381810638, -2.099999999999998757 ) ) ;
#3504 = CARTESIAN_POINT ( 'NONE',  ( -20.99999999999999289, -3.903127820947815962E-15, -3.599999999999998757 ) ) ;
#3505 = EDGE_CURVE ( 'NONE', #5766, #6121, #4512, .T. ) ;
#3506 = CARTESIAN_POINT ( 'NONE',  ( -21.23211141880577912, -10.40363348579838565, 2.000000000000000000 ) ) ;
#3507 = CARTESIAN_POINT ( 'NONE',  ( 13.64897234010188676, -24.23668188073544627, 2.000000000000000000 ) ) ;
#3508 = CARTESIAN_POINT ( 'NONE',  ( 25.52197998938346757, -8.320188513921038975, -2.099999999999998757 ) ) ;
#3509 = CARTESIAN_POINT ( 'NONE',  ( -0.7237196475270748497, -27.99064539945150543, -2.099999999999998757 ) ) ;
#3510 = CARTESIAN_POINT ( 'NONE',  ( -1.680116617297987336, -25.54848055630612436, -2.099999999999998757 ) ) ;
#3511 = CARTESIAN_POINT ( 'NONE',  ( 22.45771235314886383, 16.47698168227518067, 2.000000000000000000 ) ) ;
#3512 = CARTESIAN_POINT ( 'NONE',  ( -27.99999957948218920, 3.429010986114009550E-15, 2.000000000000000000 ) ) ;
#3513 = ORIENTED_EDGE ( 'NONE', *, *, #4023, .T. ) ;
#3514 = CARTESIAN_POINT ( 'NONE',  ( 24.31514428139131923, -10.69735948946558679, -2.099999999999999645 ) ) ;
#3515 = CARTESIAN_POINT ( 'NONE',  ( -24.02931632081062574, -10.69009516955077110, -2.099999999999998757 ) ) ;
#3516 = CARTESIAN_POINT ( 'NONE',  ( 16.30896799194538360, 20.63258928533522152, -2.099999999999998757 ) ) ;
#3517 = CARTESIAN_POINT ( 'NONE',  ( 7.612592773523897627, -22.78073832991432823, -2.099999999999998757 ) ) ;
#3518 = CARTESIAN_POINT ( 'NONE',  ( -17.32735312033765496, -16.63359376186219762, 2.000000000000000000 ) ) ;
#3519 = CARTESIAN_POINT ( 'NONE',  ( -23.90532429094090716, 0.9066066167179744895, 2.000000000000000000 ) ) ;
#3520 = CARTESIAN_POINT ( 'NONE',  ( 1.824858090210248696, 24.72368248555340386, -2.099999999999998757 ) ) ;
#3521 = FACE_OUTER_BOUND ( 'NONE', #494, .T. ) ;
#3522 = VERTEX_POINT ( 'NONE', #7837 ) ;
#3523 = FACE_OUTER_BOUND ( 'NONE', #4538, .T. ) ;
#3524 =( NAMED_UNIT ( * ) PLANE_ANGLE_UNIT ( ) SI_UNIT ( $, .RADIAN. ) );
#3525 = CARTESIAN_POINT ( 'NONE',  ( -17.28752988749540265, -16.01445386190352238, 2.000000000000000000 ) ) ;
#3526 = CARTESIAN_POINT ( 'NONE',  ( 22.41476736692497340, 16.47086513864622148, 2.000000000000000000 ) ) ;
#3527 = CARTESIAN_POINT ( 'NONE',  ( -24.19711102278062143, 1.042982032116795743, -2.099999999999998757 ) ) ;
#3528 = ADVANCED_FACE ( 'NONE', ( #4677 ), #7933, .T. ) ;
#3529 = CARTESIAN_POINT ( 'NONE',  ( 14.84924240491750069, 14.84924240491749714, -3.599999999999998757 ) ) ;
#3530 = CARTESIAN_POINT ( 'NONE',  ( -13.20212662322859565, -21.30225842247369172, -2.099999999999999645 ) ) ;
#3531 = VERTEX_POINT ( 'NONE', #1341 ) ;
#3532 = CARTESIAN_POINT ( 'NONE',  ( -7.612592773523887857, -22.78073832991432823, -2.099999999999998757 ) ) ;
#3533 = CARTESIAN_POINT ( 'NONE',  ( -25.38450439115045754, 4.717739787684777752, 2.000000000000000000 ) ) ;
#3534 = CARTESIAN_POINT ( 'NONE',  ( 0.000000000000000000, 21.00000000000000000, 2.100000000000001865 ) ) ;
#3535 = DIRECTION ( 'NONE',  ( -0.000000000000000000, -0.000000000000000000, -1.000000000000000000 ) ) ;
#3536 = CARTESIAN_POINT ( 'NONE',  ( -23.24438501506255506, -6.803422568062742037, 2.000000000000000000 ) ) ;
#3537 = CARTESIAN_POINT ( 'NONE',  ( 9.768079280210450577, -22.57254334279472729, 2.000000000000000000 ) ) ;
#3538 = CARTESIAN_POINT ( 'NONE',  ( 23.99982295939236465, 0.9602632500303802665, 2.000000000000000000 ) ) ;
#3539 = CARTESIAN_POINT ( 'NONE',  ( -21.23055223844789907, -12.41767842381811171, -2.099999999999998757 ) ) ;
#3540 = VERTEX_POINT ( 'NONE', #2561 ) ;
#3541 = DIRECTION ( 'NONE',  ( -1.000000000000000000, 0.000000000000000000, 0.000000000000000000 ) ) ;
#3542 = ADVANCED_FACE ( 'NONE', ( #6436 ), #7787, .T. ) ;
#3543 = CARTESIAN_POINT ( 'NONE',  ( -20.99240193721332304, 10.59640443373927177, -2.099999999999998757 ) ) ;
#3544 = FACE_BOUND ( 'NONE', #5005, .T. ) ;
#3545 = DIRECTION ( 'NONE',  ( 0.000000000000000000, -0.000000000000000000, 1.000000000000000000 ) ) ;
#3546 = CARTESIAN_POINT ( 'NONE',  ( 14.51573139705937088, -19.26027195864160291, 2.000000000000000000 ) ) ;
#3547 = CARTESIAN_POINT ( 'NONE',  ( 23.32186741149924103, -4.882063647943439832, 2.000000000000000000 ) ) ;
#3548 = CARTESIAN_POINT ( 'NONE',  ( 14.10020032022225145, 19.09116743896564472, 2.000000000000000000 ) ) ;
#3549 = PLANE ( 'NONE',  #6696 ) ;
#3550 = CARTESIAN_POINT ( 'NONE',  ( 21.04854468720649052, 16.20550857031053127, -2.099999999999999645 ) ) ;
#3551 = B_SPLINE_CURVE_WITH_KNOTS ( 'NONE', 3,
 ( #4181, #6749, #2295, #4858, #7423, #4218, #6788, #1023, #3590, #8093, #2332, #1695, #4259, #6830, #6202, #6323, #5732, #1186, #6362, #7830, #4982, #1224, #7543, #1779, #7196, #2452, #3711, #5895, #6522, #4458, #590, #2065, #514, #121, #4335, #6283, #5020, #552, #3753, #6906, #1145, #1264, #6989, #752, #6566, #1430, #7031, #3075, #8292, #3036, #2415, #1901, #5612, #2695, #3950 ),
 .UNSPECIFIED., .F., .F.,
 ( 4, 1, 1, 1, 1, 1, 1, 1, 1, 1, 1, 1, 1, 1, 1, 1, 1, 1, 1, 1, 1, 1, 1, 1, 1, 1, 1, 1, 1, 1, 1, 1, 1, 1, 1, 1, 1, 1, 1, 1, 1, 1, 1, 1, 1, 1, 1, 1, 1, 1, 1, 1, 4 ),
 ( 0.01037070964479215943, 0.06767854499841075011, 0.09884629602760430789, 0.1282330327458526265, 0.1558387551553858108, 0.1816634632588949305, 0.2057071570596704646, 0.2279698365617907063, 0.2484515017704002071, 0.2671521526921107892, 0.2840717893356240475, 0.2992104117127127871, 0.3125680198398574916, 0.3241446137411457817, 0.3339401934538051009, 0.3662021699428081867, 0.3760430630535980256, 0.3856763336118157470, 0.3952492422856400678, 0.4049624801021076692, 0.4150869914083017420, 0.4259748013331248195, 0.4380386266454291411, 0.4516469595390834035, 0.4668849008038628012, 0.4803437228220500677, 0.5000000000000002220, 0.5196562771779504875, 0.5331150991961377539, 0.5483530404609170406, 0.5619613733545713030, 0.5740251986668756246, 0.5849130085916987021, 0.5950375198978928859, 0.6047507577143603763, 0.6143236663881848081, 0.6239569369464024184, 0.6337978300571922574, 0.6660598065461953432, 0.6758553862588546624, 0.6874319801601429525, 0.7007895882872876570, 0.7159282106643762855, 0.7328478473078895439, 0.7515484982296001260, 0.7720301634382096267, 0.7942928429403297574, 0.8183365367411052915, 0.8441612448446143002, 0.8717669672541474846, 0.9011537039723958031, 0.9323214550015892499, 0.9896292903552004194 ),
 .UNSPECIFIED. ) ;
#3552 = CARTESIAN_POINT ( 'NONE',  ( -23.76349960547259244, 10.67578541799515435, 2.000000000000000000 ) ) ;
#3553 = ORIENTED_EDGE ( 'NONE', *, *, #3439, .T. ) ;
#3554 = CARTESIAN_POINT ( 'NONE',  ( 13.64872344037204144, -24.44815634047358799, -2.099999999999998757 ) ) ;
#3555 = CARTESIAN_POINT ( 'NONE',  ( -20.89282384029109707, -10.74542454372254596, -2.099999999999998757 ) ) ;
#3556 = CARTESIAN_POINT ( 'NONE',  ( 14.88619985382989519, 19.57897187542435447, -2.099999999999998757 ) ) ;
#3557 = CARTESIAN_POINT ( 'NONE',  ( 7.688595528318264982, -23.56854007989867483, -2.099999999999998757 ) ) ;
#3558 = CARTESIAN_POINT ( 'NONE',  ( -17.91646094264595135, -17.52377780514963490, -2.099999999999998757 ) ) ;
#3559 = CARTESIAN_POINT ( 'NONE',  ( -26.77150907641003386, 1.970609361940791837, 2.000000000000000000 ) ) ;
#3560 = CARTESIAN_POINT ( 'NONE',  ( 3.612999446203277287, 23.45707906485273497, 2.000000000000000000 ) ) ;
#3561 = CARTESIAN_POINT ( 'NONE',  ( -19.70744990308224942, 15.74452889495767494, 2.000000000000000000 ) ) ;
#3562 = ORIENTED_EDGE ( 'NONE', *, *, #3466, .F. ) ;
#3563 = DIRECTION ( 'NONE',  ( -0.5680647467311555898, -0.8229838658936565743, 0.000000000000000000 ) ) ;
#3564 = CARTESIAN_POINT ( 'NONE',  ( -4.852431640496140730, 25.84840584550508069, -2.099999999999998757 ) ) ;
#3565 = CARTESIAN_POINT ( 'NONE',  ( -17.64188601445203730, -17.13764696917009189, 2.000000000000000000 ) ) ;
#3566 = CARTESIAN_POINT ( 'NONE',  ( 21.48061666422701776, 12.62686802027753785, 2.000000000000000000 ) ) ;
#3567 = CARTESIAN_POINT ( 'NONE',  ( -25.03107770533010523, 1.235924829161910266, -2.099999999999998757 ) ) ;
#3568 = CIRCLE ( 'NONE', #3832, 1.750000000000001554 ) ;
#3569 = DIRECTION ( 'NONE',  ( -1.000000000000000000, 0.000000000000000000, 0.000000000000000000 ) ) ;
#3570 = CARTESIAN_POINT ( 'NONE',  ( -24.66930537037450932, -7.619416278945030818, 2.000000000000000000 ) ) ;
#3571 = EDGE_LOOP ( 'NONE', ( #3181, #4273, #6315, #7164 ) ) ;
#3572 = CARTESIAN_POINT ( 'NONE',  ( -9.673488752447893191, -22.40527988562696748, -2.099999999999998757 ) ) ;
#3573 = CARTESIAN_POINT ( 'NONE',  ( -22.91828645517601615, 5.264681564480659048, 2.000000000000000000 ) ) ;
#3574 = CARTESIAN_POINT ( 'NONE',  ( -24.76338133992250334, 1.168557790373918381, -2.099999999999998757 ) ) ;
#3575 = CARTESIAN_POINT ( 'NONE',  ( -7.865059710290389638, 22.21401039568610258, 2.000000000000000000 ) ) ;
#3576 = VECTOR ( 'NONE', #1785, 1000.000000000000000 ) ;
#3577 = CARTESIAN_POINT ( 'NONE',  ( -22.76403769146248735, -5.811439118492631728, 2.000000000000000000 ) ) ;
#3578 = CARTESIAN_POINT ( 'NONE',  ( 10.03175227225610655, -22.96619924196638607, 2.000000000000000000 ) ) ;
#3579 = DIRECTION ( 'NONE',  ( -0.000000000000000000, -0.000000000000000000, -1.000000000000000000 ) ) ;
#3580 = CIRCLE ( 'NONE', #8281, 27.99999957948218920 ) ;
#3581 = CARTESIAN_POINT ( 'NONE',  ( 18.83778878485557229, 19.53549755878801619, 2.000000000000000000 ) ) ;
#3582 = EDGE_LOOP ( 'NONE', ( #2407, #6431, #6752, #2058 ) ) ;
#3583 = CARTESIAN_POINT ( 'NONE',  ( -10.38530154243854042, 23.40284517865929459, 2.000000000000000000 ) ) ;
#3584 = CARTESIAN_POINT ( 'NONE',  ( -7.616738452866459674, -23.18530238615923977, -2.099999999999998757 ) ) ;
#3585 = DIRECTION ( 'NONE',  ( 0.000000000000000000, 0.000000000000000000, -1.000000000000000000 ) ) ;
#3586 = CARTESIAN_POINT ( 'NONE',  ( 25.88937528683162270, 4.628868634690457284, -2.099999999999998757 ) ) ;
#3587 = CARTESIAN_POINT ( 'NONE',  ( 22.12901452267051639, 13.30176109182833244, 2.000000000000000000 ) ) ;
#3588 = CARTESIAN_POINT ( 'NONE',  ( 25.07504586300960980, -7.932732980984151361, 2.000000000000000000 ) ) ;
#3589 = CARTESIAN_POINT ( 'NONE',  ( 16.30896799194538360, 20.63258928533522152, 2.000000000000000000 ) ) ;
#3590 = CARTESIAN_POINT ( 'NONE',  ( 7.743106042156100877, 24.63076208136009626, 2.000000000000000000 ) ) ;
#3591 = CARTESIAN_POINT ( 'NONE',  ( 13.09924240491750602, -14.84924240491749714, 2.100000000000001865 ) ) ;
#3592 = CARTESIAN_POINT ( 'NONE',  ( -23.08741356227222852, 10.60189590196922360, -2.099999999999999645 ) ) ;
#3593 = ORIENTED_EDGE ( 'NONE', *, *, #5123, .F. ) ;
#3595 = CARTESIAN_POINT ( 'NONE',  ( 20.74579233589062355, -11.91211842489101258, -2.099999999999999645 ) ) ;
#3594 = CARTESIAN_POINT ( 'NONE',  ( 22.79134869580807177, -6.292262679950364479, 2.000000000000000000 ) ) ;
#3596 = CARTESIAN_POINT ( 'NONE',  ( -24.02931632081062574, -10.69009516955077110, 2.000000000000000000 ) ) ;
#3597 = CARTESIAN_POINT ( 'NONE',  ( -5.995910227648052704, 27.35048556318490043, -2.099999999999998757 ) ) ;
#3598 = CIRCLE ( 'NONE', #6291, 28.00000000000000000 ) ;
#3599 = CARTESIAN_POINT ( 'NONE',  ( -16.59924240491749714, 14.84924240491749536, -3.599999999999998757 ) ) ;
#3600 = CARTESIAN_POINT ( 'NONE',  ( -18.38167992440537546, -15.16106487615013521, 2.000000000000000000 ) ) ;
#3601 = CARTESIAN_POINT ( 'NONE',  ( 13.64897234715585483, 24.23668220212508473, 2.000000000000000000 ) ) ;
#3602 = AXIS2_PLACEMENT_3D ( 'NONE', #1288, #2014, #4570 ) ;
#3603 = CARTESIAN_POINT ( 'NONE',  ( 4.713207230075915355, 25.62151411210381369, 2.000000000000000000 ) ) ;
#3604 = CARTESIAN_POINT ( 'NONE',  ( -18.70321540207056898, 15.22676155773647544, -2.099999999999998757 ) ) ;
#3605 = ORIENTED_EDGE ( 'NONE', *, *, #8165, .T. ) ;
#3606 = CARTESIAN_POINT ( 'NONE',  ( 0.6932882410798570927, -28.04813207321576840, 2.000000000000000000 ) ) ;
#3607 = DIRECTION ( 'NONE',  ( 0.000000000000000000, 0.000000000000000000, -1.000000000000000000 ) ) ;
#3608 = CARTESIAN_POINT ( 'NONE',  ( -22.41476736692497340, -16.47086513864622148, 2.000000000000000000 ) ) ;
#3609 = CARTESIAN_POINT ( 'NONE',  ( 21.98040231662190891, 13.13048226772783877, 2.000000000000000000 ) ) ;
#3610 = CARTESIAN_POINT ( 'NONE',  ( -26.50130185302209540, 1.827769560624219913, 2.000000000000000000 ) ) ;
#3611 = FACE_OUTER_BOUND ( 'NONE', #6482, .T. ) ;
#3612 = CIRCLE ( 'NONE', #4960, 1.750000000000003331 ) ;
#3613 = DIRECTION ( 'NONE',  ( 0.000000000000000000, 0.000000000000000000, -1.000000000000000000 ) ) ;
#3614 = CARTESIAN_POINT ( 'NONE',  ( -22.79134869580807887, -6.292262679950373361, 2.000000000000000000 ) ) ;
#3615 = ORIENTED_EDGE ( 'NONE', *, *, #7753, .F. ) ;
#3616 = CARTESIAN_POINT ( 'NONE',  ( -7.988790274807833214, -22.11659910479056634, 2.000000000000000000 ) ) ;
#3617 = CARTESIAN_POINT ( 'NONE',  ( -24.88813961944797271, 1.197996060026730092, -2.099999999999998757 ) ) ;
#3618 = CARTESIAN_POINT ( 'NONE',  ( -12.19289813512191678, 25.00088857611623538, 2.000000000000000000 ) ) ;
#3619 = CARTESIAN_POINT ( 'NONE',  ( -23.24438501506255506, -6.803422568062742037, -2.099999999999999645 ) ) ;
#3620 = CARTESIAN_POINT ( 'NONE',  ( 9.230471089887533509, -21.96684885186929392, -2.099999999999999645 ) ) ;
#3621 = CARTESIAN_POINT ( 'NONE',  ( 1.555379675915602666, 26.00494379640384679, 2.000000000000000000 ) ) ;
#3622 = EDGE_CURVE ( 'NONE', #423, #7375, #706, .T. ) ;
#3623 = ORIENTED_EDGE ( 'NONE', *, *, #7123, .F. ) ;
#3624 = CARTESIAN_POINT ( 'NONE',  ( -9.324636732261669891, 22.03037936177864964, 2.000000000000000000 ) ) ;
#3625 = CARTESIAN_POINT ( 'NONE',  ( -22.27987727495455061, 10.41835660743990033, -2.099999999999998757 ) ) ;
#3626 = CARTESIAN_POINT ( 'NONE',  ( -18.60089775827983871, -15.19605903441929051, -2.099999999999998757 ) ) ;
#3627 = CARTESIAN_POINT ( 'NONE',  ( -25.91507308940462195, -10.60230933437669165, 2.000000000000000000 ) ) ;
#3628 = CARTESIAN_POINT ( 'NONE',  ( -23.44696895445775908, 15.30488886923681413, 2.000000000000000000 ) ) ;
#3629 = CARTESIAN_POINT ( 'NONE',  ( 24.00794390784557919, -7.190340088713003119, -2.099999999999998757 ) ) ;
#3630 = EDGE_CURVE ( 'NONE', #668, #7938, #3143, .T. ) ;
#3631 = CARTESIAN_POINT ( 'NONE',  ( -3.705239350424549549, -23.53752846792088604, -2.099999999999998757 ) ) ;
#3632 = CARTESIAN_POINT ( 'NONE',  ( -2.105634209995044248, -23.64010634127341604, -2.099999999999998757 ) ) ;
#3633 = DIRECTION ( 'NONE',  ( -0.000000000000000000, -0.000000000000000000, -1.000000000000000000 ) ) ;
#3634 = CARTESIAN_POINT ( 'NONE',  ( -24.02931632081063995, 10.69009516955076933, -2.099999999999999645 ) ) ;
#3635 = VERTEX_POINT ( 'NONE', #6937 ) ;
#3637 = CARTESIAN_POINT ( 'NONE',  ( 21.84033501313437142, -12.97800555654220389, -2.099999999999999645 ) ) ;
#3636 = CARTESIAN_POINT ( 'NONE',  ( 25.15968768847577763, -4.747395707336129256, 2.000000000000000000 ) ) ;
#3638 = CARTESIAN_POINT ( 'NONE',  ( -21.58843454132471606, -10.30659784155100844, -2.099999999999998757 ) ) ;
#3639 = CARTESIAN_POINT ( 'NONE',  ( -8.686322604036286421, 21.85205998608587308, -2.099999999999998757 ) ) ;
#3640 = CARTESIAN_POINT ( 'NONE',  ( 7.743106042156107982, -24.63076208136009981, -2.099999999999998757 ) ) ;
#3641 = CARTESIAN_POINT ( 'NONE',  ( -18.19936168673940102, -18.00918889841835480, -2.099999999999998757 ) ) ;
#3642 = CARTESIAN_POINT ( 'NONE',  ( -25.77590585922884259, 1.494258687380730644, 2.000000000000000000 ) ) ;
#3643 = CARTESIAN_POINT ( 'NONE',  ( 4.852431640496106091, 25.84840584550507714, -2.099999999999998757 ) ) ;
#3644 = CARTESIAN_POINT ( 'NONE',  ( -17.84651532293614551, 15.31230279367190050, -2.099999999999998757 ) ) ;
#3645 = ORIENTED_EDGE ( 'NONE', *, *, #5915, .F. ) ;
#3646 = DIRECTION ( 'NONE',  ( -0.000000000000000000, -0.000000000000000000, 1.000000000000000000 ) ) ;
#3647 = FILL_AREA_STYLE_COLOUR ( '', #7624 ) ;
#3648 = CARTESIAN_POINT ( 'NONE',  ( -17.98147192499884284, -15.23115522593614024, 2.000000000000000000 ) ) ;
#3649 = DIRECTION ( 'NONE',  ( 0.000000000000000000, 0.000000000000000000, -1.000000000000000000 ) ) ;
#3650 = CARTESIAN_POINT ( 'NONE',  ( 22.62472994129924686, 16.49610848301130162, -2.099999999999998757 ) ) ;
#3651 = CARTESIAN_POINT ( 'NONE',  ( 18.62447386782101688, -18.94171889292492139, -2.099999999999998757 ) ) ;
#3652 = CARTESIAN_POINT ( 'NONE',  ( -1.680116617298004655, 25.54848055630612791, 2.000000000000000000 ) ) ;
#3653 = CARTESIAN_POINT ( 'NONE',  ( -24.12574046566792063, -4.783694468719414949, 2.000000000000000000 ) ) ;
#3654 = ORIENTED_EDGE ( 'NONE', *, *, #1632, .T. ) ;
#3655 = CARTESIAN_POINT ( 'NONE',  ( -7.605017794998031100, -22.88729425358476988, 2.000000000000000000 ) ) ;
#3656 = CARTESIAN_POINT ( 'NONE',  ( 24.88813961944797271, -1.197996060026733200, 2.000000000000000000 ) ) ;
#3657 = DIRECTION ( 'NONE',  ( -1.000000000000000000, 0.000000000000000000, 0.000000000000000000 ) ) ;
#3658 = CARTESIAN_POINT ( 'NONE',  ( -24.15260079455800479, -7.275001489028700696, 2.000000000000000000 ) ) ;
#3659 = CARTESIAN_POINT ( 'NONE',  ( 9.230471089887533509, -21.96684885186929392, 2.000000000000000000 ) ) ;
#3660 = CARTESIAN_POINT ( 'NONE',  ( 0.7237196475270584184, 27.99064539945150543, 2.000000000000000000 ) ) ;
#3661 = EDGE_CURVE ( 'NONE', #5947, #4663, #7019, .T. ) ;
#3662 = ORIENTED_EDGE ( 'NONE', *, *, #6998, .T. ) ;
#3663 = CARTESIAN_POINT ( 'NONE',  ( -7.768531058981745119, 22.33132486425837016, 2.000000000000000000 ) ) ;
#3664 = CARTESIAN_POINT ( 'NONE',  ( -7.745447077757172671, -24.40400991946479081, -2.099999999999998757 ) ) ;
#3665 = CARTESIAN_POINT ( 'NONE',  ( -17.98147192499884284, -15.23115522593614024, -2.099999999999998757 ) ) ;
#3666 = CARTESIAN_POINT ( 'NONE',  ( -25.70517099647019776, -10.62804679002983654, 2.000000000000000000 ) ) ;
#3667 = CARTESIAN_POINT ( 'NONE',  ( 20.61769535193586123, 11.41192623884529844, -2.099999999999998757 ) ) ;
#3668 = CARTESIAN_POINT ( 'NONE',  ( -20.61769535193586833, 11.41192623884528068, 2.000000000000000000 ) ) ;
#3669 = CARTESIAN_POINT ( 'NONE',  ( -1.726035193247308364, -25.34659078107458541, -2.099999999999998757 ) ) ;
#3670 = B_SPLINE_CURVE_WITH_KNOTS ( 'NONE', 3,
 ( #1180, #3746, #4370, #7663, #2482, #6940, #8244, #6355, #4329, #6900, #3869, #7575, #3069, #1936, #3192, #1257, #5725, #1302, #5647, #4495, #1138, #8205, #4452, #2409, #6441, #670, #2445, #6317, #627, #3105, #3235, #4973, #3826, #5682, #5094, #1773, #6277, #7024, #5052, #1850, #5768, #1895, #4412, #6982, #3785, #3148, #8286, #2527, #4043, #210, #3998, #5356, #1476, #6570, #7918 ),
 .UNSPECIFIED., .F., .F.,
 ( 4, 1, 1, 1, 1, 1, 1, 1, 1, 1, 1, 1, 1, 1, 1, 1, 1, 1, 1, 1, 1, 1, 1, 1, 1, 1, 1, 1, 1, 1, 1, 1, 1, 1, 1, 1, 1, 1, 1, 1, 1, 1, 1, 1, 1, 1, 1, 1, 1, 1, 1, 1, 4 ),
 ( 0.01037066611188645036, 0.06767854499841063909, 0.09884629602760419687, 0.1282330327458525154, 0.1558387551553856998, 0.1816634632588947085, 0.2057071570596702426, 0.2279698365617903455, 0.2484515017703998740, 0.2671521526921104561, 0.2840717893356237145, 0.2992104117127122875, 0.3125680198398570475, 0.3241446137411453376, 0.3339401934538046568, 0.3662021699428077426, 0.3760430630535975816, 0.3856763336118151919, 0.3952492422856396237, 0.4049624801021072251, 0.4150869914083012979, 0.4259748013331243754, 0.4380386266454286970, 0.4516469595390829594, 0.4668849008038623571, 0.4803437228220495125, 0.4999999999999997780, 0.5196562771779499323, 0.5331150991961371988, 0.5483530404609165965, 0.5619613733545708589, 0.5740251986668751805, 0.5849130085916982580, 0.5950375198978923308, 0.6047507577143599322, 0.6143236663881842530, 0.6239569369464019744, 0.6337978300571918133, 0.6660598065461948991, 0.6758553862588542183, 0.6874319801601423974, 0.7007895882872872129, 0.7159282106643759525, 0.7328478473078892108, 0.7515484982295997929, 0.7720301634382092937, 0.7942928429403295354, 0.8183365367411050695, 0.8441612448446141892, 0.8717669672541473735, 0.9011537039723956921, 0.9323214550015892499, 0.9896292903551990872 ),
 .UNSPECIFIED. ) ;
#3671 = CARTESIAN_POINT ( 'NONE',  ( -0.7237196475847662569, -27.99064539934189710, -2.099999999999998757 ) ) ;
#3672 = CARTESIAN_POINT ( 'NONE',  ( -1.145856306001357350, -27.11429446801520271, 2.000000000000000000 ) ) ;
#3673 = CARTESIAN_POINT ( 'NONE',  ( 19.87933552333218046, -15.81900378855655909, -2.099999999999998757 ) ) ;
#3674 = ORIENTED_EDGE ( 'NONE', *, *, #4678, .T. ) ;
#3676 = CARTESIAN_POINT ( 'NONE',  ( 13.46232027610274784, -22.30341320457493381, -2.099999999999998757 ) ) ;
#3675 = CARTESIAN_POINT ( 'NONE',  ( 27.42711520699846162, 2.355539810247115451, -2.099999999999998757 ) ) ;
#3677 = CARTESIAN_POINT ( 'NONE',  ( 13.64872344093926237, -24.44815585854601636, 2.000000000000000000 ) ) ;
#3678 = CARTESIAN_POINT ( 'NONE',  ( -0.7237198720499494753, 27.99064497287982789, 2.000000000000000000 ) ) ;
#3679 = CARTESIAN_POINT ( 'NONE',  ( 9.484645845787897045, -22.17444536155052859, -2.099999999999998757 ) ) ;
#3680 = CARTESIAN_POINT ( 'NONE',  ( -19.87933552333217690, -15.81900378855656975, -2.099999999999998757 ) ) ;
#3681 = CARTESIAN_POINT ( 'NONE',  ( -25.19179192507393239, 1.283507464112904284, 2.000000000000000000 ) ) ;
#3682 = CARTESIAN_POINT ( 'NONE',  ( 5.183190230475027249, 26.33878392258043633, -2.099999999999998757 ) ) ;
#3683 = CARTESIAN_POINT ( 'NONE',  ( -17.71416793792180400, 15.43316205167865540, -2.099999999999998757 ) ) ;
#3684 = ORIENTED_EDGE ( 'NONE', *, *, #770, .T. ) ;
#3685 = CARTESIAN_POINT ( 'NONE',  ( -1.939597136465254223, 23.94058417290087348, 2.000000000000000000 ) ) ;
#3686 = CARTESIAN_POINT ( 'NONE',  ( -19.31055424225241879, -15.54648119520597227, 2.000000000000000000 ) ) ;
#3687 = CARTESIAN_POINT ( 'NONE',  ( 22.12901452267051639, 13.30176109182833244, 2.000000000000000000 ) ) ;
#3688 = CARTESIAN_POINT ( 'NONE',  ( -27.44567954253905384, 2.366745034183019403, -2.099999999999998757 ) ) ;
#3689 = CARTESIAN_POINT ( 'NONE',  ( 0.000000000000000000, 0.000000000000000000, -2.099999999999998757 ) ) ;
#3690 = EDGE_CURVE ( 'NONE', #7331, #5563, #7603, .T. ) ;
#3691 = DIRECTION ( 'NONE',  ( -1.000000000000000000, 0.000000000000000000, 0.000000000000000000 ) ) ;
#3692 = CARTESIAN_POINT ( 'NONE',  ( -22.74963530479514873, -6.146178943449475796, 2.000000000000000000 ) ) ;
#3693 = VERTEX_POINT ( 'NONE', #6314 ) ;
#3694 = CARTESIAN_POINT ( 'NONE',  ( -9.121658707306938396, -21.91081161619599271, 2.000000000000000000 ) ) ;
#3695 = CARTESIAN_POINT ( 'NONE',  ( 24.76338133992250334, -1.168557790373921490, 2.000000000000000000 ) ) ;
#3696 = CARTESIAN_POINT ( 'NONE',  ( -10.03175227225610655, 22.96619924196638252, 2.000000000000000000 ) ) ;
#3697 = CARTESIAN_POINT ( 'NONE',  ( -24.15260079455800479, -7.275001489028700696, -2.099999999999999645 ) ) ;
#3698 = CARTESIAN_POINT ( 'NONE',  ( 10.89735721165043358, -23.93603524774560043, -2.099999999999999645 ) ) ;
#3699 = CARTESIAN_POINT ( 'NONE',  ( 27.73609896860202895, -2.559020027025897370, 2.000000000000000000 ) ) ;
#3700 = VECTOR ( 'NONE', #2448, 1000.000000000000000 ) ;
#3701 = AXIS2_PLACEMENT_3D ( 'NONE', #1704, #318, #8063 ) ;
#3702 = EDGE_LOOP ( 'NONE', ( #2696, #7282, #4024, #8068 ) ) ;
#3703 = CARTESIAN_POINT ( 'NONE',  ( -7.605017794998039982, 22.88729425358475922, -2.099999999999998757 ) ) ;
#3704 = CARTESIAN_POINT ( 'NONE',  ( -25.70517131628459850, 10.62804675830129142, -2.099999999999998757 ) ) ;
#3705 = DIRECTION ( 'NONE',  ( 0.000000000000000000, 0.000000000000000000, -1.000000000000000000 ) ) ;
#3706 = CARTESIAN_POINT ( 'NONE',  ( -21.69704443755540169, -10.30300297322495418, 2.000000000000000000 ) ) ;
#3707 = CARTESIAN_POINT ( 'NONE',  ( 22.96554745452508683, 14.45965356729542783, 2.000000000000000000 ) ) ;
#3708 = CARTESIAN_POINT ( 'NONE',  ( -21.98040231662191957, 13.13048226772782101, 2.000000000000000000 ) ) ;
#3709 = CIRCLE ( 'NONE', #2241, 1.749999999999999778 ) ;
#3710 = CARTESIAN_POINT ( 'NONE',  ( -2.638449045045063723, -23.34550970278806759, -2.099999999999998757 ) ) ;
#3711 = CARTESIAN_POINT ( 'NONE',  ( 8.148726673636440765, 22.03570943365874513, 2.000000000000000000 ) ) ;
#3712 = CARTESIAN_POINT ( 'NONE',  ( -2.463801941912927784, -23.38577358155836095, 2.000000000000000000 ) ) ;
#3713 = CARTESIAN_POINT ( 'NONE',  ( -20.80453127045305095, 12.00354473513042031, -2.099999999999999645 ) ) ;
#3714 = EDGE_LOOP ( 'NONE', ( #2617, #6712 ) ) ;
#3716 = CARTESIAN_POINT ( 'NONE',  ( 22.96554745452510815, -14.45965356729541718, 2.000000000000000000 ) ) ;
#3715 = CARTESIAN_POINT ( 'NONE',  ( 24.76692767734245137, -4.782579349257312984, 2.000000000000000000 ) ) ;
#3717 = PLANE ( 'NONE',  #6396 ) ;
#3718 = ADVANCED_FACE ( 'NONE', ( #5763 ), #6654, .T. ) ;
#3719 = CARTESIAN_POINT ( 'NONE',  ( 25.36983614870255366, 1.341743455198749269, 2.000000000000000000 ) ) ;
#3720 = CARTESIAN_POINT ( 'NONE',  ( -22.73975435582775262, -5.989014764842368166, -2.099999999999998757 ) ) ;
#3721 = CARTESIAN_POINT ( 'NONE',  ( 22.62472946281705077, -16.49610842548438683, 2.000000000000000000 ) ) ;
#3722 = CARTESIAN_POINT ( 'NONE',  ( 13.18542992737235409, 19.44527382878997912, -2.099999999999998757 ) ) ;
#3723 = CARTESIAN_POINT ( 'NONE',  ( -3.705239350424565981, 23.53752846792088604, -2.099999999999998757 ) ) ;
#3724 = CARTESIAN_POINT ( 'NONE',  ( -12.36707919775608921, -25.12081464776633055, 2.000000000000000000 ) ) ;
#3725 = VERTEX_POINT ( 'NONE', #3650 ) ;
#3726 = CARTESIAN_POINT ( 'NONE',  ( -27.69932686560980528, 4.092342562537345962, 2.000000000000000000 ) ) ;
#3727 = CARTESIAN_POINT ( 'NONE',  ( -3.902347153244143829, 23.79992060087550954, 2.000000000000000000 ) ) ;
#3728 = CARTESIAN_POINT ( 'NONE',  ( 15.23641901094385886, -19.89808777236047632, 2.000000000000000000 ) ) ;
#3729 = CARTESIAN_POINT ( 'NONE',  ( 23.08741356227222141, 10.60189590196924314, 2.000000000000000000 ) ) ;
#3730 = CARTESIAN_POINT ( 'NONE',  ( 9.324636732261661010, 22.03037936177864964, -2.099999999999997868 ) ) ;
#3731 = CARTESIAN_POINT ( 'NONE',  ( 26.42834261559673337, 9.248930024531812677, 2.000000000000000000 ) ) ;
#3732 = VECTOR ( 'NONE', #1258, 1000.000000000000000 ) ;
#3733 = CARTESIAN_POINT ( 'NONE',  ( -1.270707428516397952, 26.81384534371724016, 2.000000000000000000 ) ) ;
#3734 = CARTESIAN_POINT ( 'NONE',  ( -26.42834229636214616, -9.248929663334820361, 2.000000000000000000 ) ) ;
#3735 = ORIENTED_EDGE ( 'NONE', *, *, #5243, .F. ) ;
#3736 = CARTESIAN_POINT ( 'NONE',  ( -11.58603556222320030, -24.54102139527088156, 2.000000000000000000 ) ) ;
#3737 = ADVANCED_FACE ( 'NONE', ( #4277 ), #5386, .T. ) ;
#3738 = CARTESIAN_POINT ( 'NONE',  ( -23.63491054742289421, 0.6550942090464527690, -2.099999999999998757 ) ) ;
#3739 = CARTESIAN_POINT ( 'NONE',  ( -7.656852614504657595, 23.37322600383986781, 2.000000000000000000 ) ) ;
#3740 = CARTESIAN_POINT ( 'NONE',  ( -27.69932686549403300, -4.092342562581428922, 2.000000000000000000 ) ) ;
#3741 = DIRECTION ( 'NONE',  ( 0.000000000000000000, 0.000000000000000000, -1.000000000000000000 ) ) ;
#3742 = ADVANCED_FACE ( 'NONE', ( #7308 ), #2095, .F. ) ;
#3743 = VECTOR ( 'NONE', #5107, 1000.000000000000000 ) ;
#3744 = ORIENTED_EDGE ( 'NONE', *, *, #6169, .T. ) ;
#3745 = CARTESIAN_POINT ( 'NONE',  ( 0.000000000000000000, 0.000000000000000000, -2.099999999999998757 ) ) ;
#3746 = CARTESIAN_POINT ( 'NONE',  ( -26.28829563209073683, 9.090474303136126366, -2.099999999999998757 ) ) ;
#3747 = CARTESIAN_POINT ( 'NONE',  ( -17.35181857730700017, -15.87069998699208995, -2.099999999999998757 ) ) ;
#3748 = CARTESIAN_POINT ( 'NONE',  ( -24.94597949059292574, -10.68625558496336936, 2.000000000000000000 ) ) ;
#3749 = CARTESIAN_POINT ( 'NONE',  ( 23.34891264155148960, 15.11752257340560490, 2.000000000000000000 ) ) ;
#3750 = EDGE_CURVE ( 'NONE', #1829, #1326, #1788, .T. ) ;
#3751 = CARTESIAN_POINT ( 'NONE',  ( 26.47130246385853880, -9.297768939304349445, -2.099999999999998757 ) ) ;
#3752 = CARTESIAN_POINT ( 'NONE',  ( -1.623578263684206435, -25.76808346599204924, 2.000000000000000000 ) ) ;
#3753 = CARTESIAN_POINT ( 'NONE',  ( 9.673488752447894967, 22.40527988562696393, 2.000000000000000000 ) ) ;
#3754 = CARTESIAN_POINT ( 'NONE',  ( -1.790249464186363104, -24.99754724227145530, 2.000000000000000000 ) ) ;
#3755 = CARTESIAN_POINT ( 'NONE',  ( -21.23211141880578623, 10.40363348579838387, 2.000000000000000000 ) ) ;
#3756 = CARTESIAN_POINT ( 'NONE',  ( 11.33585971340118093, 24.33300811744741310, -2.099999999999998757 ) ) ;
#3758 = CARTESIAN_POINT ( 'NONE',  ( 12.88716835993242960, -20.50631329690557436, -2.099999999999998757 ) ) ;
#3757 = CARTESIAN_POINT ( 'NONE',  ( 21.00000000000000355, 2.602085213965210642E-15, -3.599999999999998757 ) ) ;
#3759 = CARTESIAN_POINT ( 'NONE',  ( 12.83364937058815869, 20.18870745851076975, -2.099999999999998757 ) ) ;
#3760 = EDGE_CURVE ( 'NONE', #6081, #833, #2640, .T. ) ;
#3761 = CARTESIAN_POINT ( 'NONE',  ( 12.19289839554629218, -25.00088876444322850, -2.099999999999998757 ) ) ;
#3762 = CARTESIAN_POINT ( 'NONE',  ( -18.80342269287539736, -15.26496932198517875, -2.099999999999998757 ) ) ;
#3763 = CARTESIAN_POINT ( 'NONE',  ( 12.94401591853664968, 20.68877481383771055, -2.099999999999998757 ) ) ;
#3764 = CARTESIAN_POINT ( 'NONE',  ( 5.008822010445473261, 26.08776424953686757, -2.099999999999998757 ) ) ;
#3765 = CARTESIAN_POINT ( 'NONE',  ( -17.76075994573093908, 17.29583732711386546, 2.000000000000000000 ) ) ;
#3766 = EDGE_LOOP ( 'NONE', ( #8121, #1752 ) ) ;
#3767 = CARTESIAN_POINT ( 'NONE',  ( -24.48402185937397491, 7.488679734998046733, 2.000000000000000000 ) ) ;
#3768 = CARTESIAN_POINT ( 'NONE',  ( -1.824858090210279782, 24.72368248555339676, -2.099999999999998757 ) ) ;
#3769 = CARTESIAN_POINT ( 'NONE',  ( 13.50602898338109270, -19.22398027845277113, -2.099999999999998757 ) ) ;
#3770 = CARTESIAN_POINT ( 'NONE',  ( 22.74963530479514517, 6.146178943449489118, 2.000000000000000000 ) ) ;
#3771 = CARTESIAN_POINT ( 'NONE',  ( 7.688595528318259653, 23.56854007989867483, 2.000000000000000000 ) ) ;
#3772 = CARTESIAN_POINT ( 'NONE',  ( 26.28829563214685194, 9.090474303196781847, -2.099999999999999645 ) ) ;
#3773 = DIRECTION ( 'NONE',  ( -1.000000000000000000, 0.000000000000000000, 0.000000000000000000 ) ) ;
#3774 = CARTESIAN_POINT ( 'NONE',  ( -27.19385050686426553, -4.276646238565384728, 2.000000000000000000 ) ) ;
#3775 = ORIENTED_EDGE ( 'NONE', *, *, #6108, .T. ) ;
#3776 = CARTESIAN_POINT ( 'NONE',  ( 5.376315588043452109, -26.60062371204863396, -2.099999999999998757 ) ) ;
#3777 = CARTESIAN_POINT ( 'NONE',  ( -23.55944914529948520, 0.5232380683118280640, -2.099999999999998757 ) ) ;
#3778 = CARTESIAN_POINT ( 'NONE',  ( 27.99999957948218920, 0.000000000000000000, 0.000000000000000000 ) ) ;
#3779 = CARTESIAN_POINT ( 'NONE',  ( -27.69932686560979462, -4.092342562537368167, 2.000000000000000000 ) ) ;
#3780 = CARTESIAN_POINT ( 'NONE',  ( 7.605208680130572496, -22.99453835804834512, 2.000000000000000000 ) ) ;
#3781 = CARTESIAN_POINT ( 'NONE',  ( 22.75000000000000711, 2.816398403815997151E-15, 2.100000000000001865 ) ) ;
#3782 = CARTESIAN_POINT ( 'NONE',  ( -13.02793750094272696, 20.86163776548603366, 2.000000000000000000 ) ) ;
#3783 = ORIENTED_EDGE ( 'NONE', *, *, #7596, .T. ) ;
#3784 = CARTESIAN_POINT ( 'NONE',  ( -7.616738452866472109, 23.18530238615923977, -2.099999999999998757 ) ) ;
#3785 = CARTESIAN_POINT ( 'NONE',  ( -24.95373504430678224, 4.768644361883055183, -2.099999999999998757 ) ) ;
#3786 = CARTESIAN_POINT ( 'NONE',  ( -17.51903422860498694, -16.98989084997260335, -2.099999999999998757 ) ) ;
#3787 = DIRECTION ( 'NONE',  ( -1.000000000000000000, 0.000000000000000000, 0.000000000000000000 ) ) ;
#3788 = CARTESIAN_POINT ( 'NONE',  ( 23.29246673278348467, 10.63055238855666573, -2.099999999999998757 ) ) ;
#3789 = CARTESIAN_POINT ( 'NONE',  ( -21.07590994840524345, 12.30361618564757542, 2.000000000000000000 ) ) ;
#3790 = ADVANCED_FACE ( 'NONE', ( #2846 ), #1747, .F. ) ;
#3791 = CARTESIAN_POINT ( 'NONE',  ( -1.474499619732447142, -26.25856105065618351, -2.099999999999998757 ) ) ;
#3792 = CARTESIAN_POINT ( 'NONE',  ( -13.46232027610273718, -22.30341320457492671, -2.099999999999999645 ) ) ;
#3793 = CARTESIAN_POINT ( 'NONE',  ( -3.952016953262624366, -23.89496924813285261, 2.000000000000000000 ) ) ;
#3794 = CARTESIAN_POINT ( 'NONE',  ( -22.09815905990547336, 10.35588323418787127, 2.000000000000000000 ) ) ;
#3795 = CARTESIAN_POINT ( 'NONE',  ( -13.66345410753368306, -19.13830577319236070, 2.000000000000000000 ) ) ;
#3796 = DIRECTION ( 'NONE',  ( -0.000000000000000000, -0.000000000000000000, -1.000000000000000000 ) ) ;
#3797 = CARTESIAN_POINT ( 'NONE',  ( 10.03175227225609945, 22.96619924196638607, -2.099999999999998757 ) ) ;
#3799 = DIRECTION ( 'NONE',  ( -0.000000000000000000, -0.000000000000000000, -1.000000000000000000 ) ) ;
#3798 = CARTESIAN_POINT ( 'NONE',  ( -14.51573139705937088, 19.26027195864160291, -2.099999999999998757 ) ) ;
#3800 = CARTESIAN_POINT ( 'NONE',  ( 12.95267602360809178, 19.68627963667923098, -2.099999999999998757 ) ) ;
#3801 = CARTESIAN_POINT ( 'NONE',  ( -26.77848301813145326, -4.405768766048603347, -2.099999999999998757 ) ) ;
#3802 = DIRECTION ( 'NONE',  ( -1.000000000000000000, 0.000000000000000000, 0.000000000000000000 ) ) ;
#3803 = CARTESIAN_POINT ( 'NONE',  ( 14.32589460713081664, 19.15868494228939056, -2.099999999999998757 ) ) ;
#3804 = CARTESIAN_POINT ( 'NONE',  ( 18.80342269287539381, 15.26496932198517875, 2.000000000000000000 ) ) ;
#3805 = CARTESIAN_POINT ( 'NONE',  ( -17.45584392081711655, 15.72474958968641801, 2.000000000000000000 ) ) ;
#3806 = EDGE_LOOP ( 'NONE', ( #6761, #8106 ) ) ;
#3807 = CARTESIAN_POINT ( 'NONE',  ( -23.58537593626265050, 6.976039544898362976, 2.000000000000000000 ) ) ;
#3808 = CARTESIAN_POINT ( 'NONE',  ( -4.310684217927251538, 24.85340566964549325, 2.000000000000000000 ) ) ;
#3809 = CARTESIAN_POINT ( 'NONE',  ( 16.08024905276406713, -20.49638744246054856, 2.000000000000000000 ) ) ;
#3810 = CARTESIAN_POINT ( 'NONE',  ( 23.74358889077459267, 4.778072828450351750, 2.000000000000000000 ) ) ;
#3811 = CARTESIAN_POINT ( 'NONE',  ( 10.03175227225609945, 22.96619924196638607, 2.000000000000000000 ) ) ;
#3812 = CARTESIAN_POINT ( 'NONE',  ( 25.75863198250609543, 8.543467069173823702, -2.099999999999999645 ) ) ;
#3813 = CARTESIAN_POINT ( 'NONE',  ( 25.91507308940478538, -10.60230933437666678, 2.000000000000000000 ) ) ;
#3814 = CARTESIAN_POINT ( 'NONE',  ( 3.902347153244113187, 23.79992060087550954, -2.099999999999998757 ) ) ;
#3815 = ORIENTED_EDGE ( 'NONE', *, *, #513, .T. ) ;
#3816 = CARTESIAN_POINT ( 'NONE',  ( 5.008822010445495465, -26.08776424953685336, 2.000000000000000000 ) ) ;
#3817 = CARTESIAN_POINT ( 'NONE',  ( -24.19711102278062143, -1.042982032116801960, -2.099999999999998757 ) ) ;
#3818 = CARTESIAN_POINT ( 'NONE',  ( -20.28441937235457004, 15.97411852388379216, 2.000000000000000000 ) ) ;
#3819 = EDGE_CURVE ( 'NONE', #3531, #3849, #2218, .T. ) ;
#3820 = CARTESIAN_POINT ( 'NONE',  ( -26.16863607189504037, -4.567518758412578705, 2.000000000000000000 ) ) ;
#3821 = CARTESIAN_POINT ( 'NONE',  ( 7.605208680130572496, -22.99453835804834512, -2.099999999999999645 ) ) ;
#3822 = CARTESIAN_POINT ( 'NONE',  ( -1.623578263684223977, 25.76808346599205279, 2.000000000000000000 ) ) ;
#3823 = CARTESIAN_POINT ( 'NONE',  ( -13.96529143882091439, 19.07901412642182848, -2.099999999999998757 ) ) ;
#3824 = VERTEX_POINT ( 'NONE', #6049 ) ;
#3825 = CARTESIAN_POINT ( 'NONE',  ( -7.688595528318266759, 23.56854007989867128, -2.099999999999998757 ) ) ;
#3826 = CARTESIAN_POINT ( 'NONE',  ( -23.21393719209896034, 4.939781705126430111, -2.099999999999998757 ) ) ;
#3827 = CARTESIAN_POINT ( 'NONE',  ( -27.19385050686429040, 4.276646238565355418, 2.000000000000000000 ) ) ;
#3828 = CARTESIAN_POINT ( 'NONE',  ( 23.40793038981978924, 6.902300070437923374, -2.099999999999998757 ) ) ;
#3829 = CIRCLE ( 'NONE', #881, 28.00000000000000000 ) ;
#3830 = CARTESIAN_POINT ( 'NONE',  ( 21.80373651133526636, 10.30832712212201763, 2.000000000000000000 ) ) ;
#3831 = CARTESIAN_POINT ( 'NONE',  ( -21.47582202528876039, 10.32148794313314610, 2.000000000000000000 ) ) ;
#3832 = AXIS2_PLACEMENT_3D ( 'NONE', #7356, #1080, #7630 ) ;
#3833 = CARTESIAN_POINT ( 'NONE',  ( -22.59408972245015335, -10.50532236015857990, -2.099999999999998757 ) ) ;
#3834 = CARTESIAN_POINT ( 'NONE',  ( -5.644338589960086416, -26.94321158142444261, 2.000000000000000000 ) ) ;
#3835 = CARTESIAN_POINT ( 'NONE',  ( -20.94077984017083338, 12.16847291378769391, -2.099999999999999645 ) ) ;
#3836 = CARTESIAN_POINT ( 'NONE',  ( -13.10549974122802652, -21.04367979295773949, 2.000000000000000000 ) ) ;
#3837 = CARTESIAN_POINT ( 'NONE',  ( -18.01951879739596052, 21.43121365581736271, 2.000000000000000000 ) ) ;
#3838 = CARTESIAN_POINT ( 'NONE',  ( 7.743106042156100877, 24.63076208136009626, -2.099999999999998757 ) ) ;
#3840 = CARTESIAN_POINT ( 'NONE',  ( 14.75432918952970596, -19.43920578531971799, -2.099999999999998757 ) ) ;
#3839 = CARTESIAN_POINT ( 'NONE',  ( 24.00794390784557919, -7.190340088713003119, 2.000000000000000000 ) ) ;
#3841 = CARTESIAN_POINT ( 'NONE',  ( 25.03107770533010523, 1.235924829161913818, -2.099999999999998757 ) ) ;
#3842 = CARTESIAN_POINT ( 'NONE',  ( -25.15968768847578119, -4.747395707336139914, -2.099999999999998757 ) ) ;
#3843 = CARTESIAN_POINT ( 'NONE',  ( 22.09150218632043305, -16.42439464915884884, 2.000000000000000000 ) ) ;
#3844 = B_SPLINE_CURVE_WITH_KNOTS ( 'NONE', 3,
 ( #5124, #3940, #658, #7145, #3222, #1375, #2513, #534, #3095, #7052, #7102, #1334, #1924, #5672, #1836, #8234, #2471, #5040, #5166, #6969, #1206, #5796, #3899, #27, #7604, #3179, #4482, #2594, #572, #3136, #7735, #1968, #5709, #7650, #8273, #5081, #1881, #4440, #7012, #1245, #6385, #5756, #8315, #2554, #6598, #2767, #6677, #2849, #4786, #7271, #915, #5884, #3352, #7184, #7230 ),
 .UNSPECIFIED., .F., .F.,
 ( 4, 1, 1, 1, 1, 1, 1, 1, 1, 1, 1, 1, 1, 1, 1, 1, 1, 1, 1, 1, 1, 1, 1, 1, 1, 1, 1, 1, 1, 1, 1, 1, 1, 1, 1, 1, 1, 1, 1, 1, 1, 1, 1, 1, 1, 1, 1, 1, 1, 1, 1, 1, 4 ),
 ( 0.01037066611188913398, 0.06767854499841063909, 0.09884629602760419687, 0.1282330327458525154, 0.1558387551553856998, 0.1816634632588947085, 0.2057071570596702426, 0.2279698365617903733, 0.2484515017703998740, 0.2671521526921104561, 0.2840717893356237145, 0.2992104117127123430, 0.3125680198398570475, 0.3241446137411453376, 0.3339401934538046568, 0.3662021699428077426, 0.3760430630535975816, 0.3856763336118151919, 0.3952492422856396237, 0.4049624801021072251, 0.4150869914083012979, 0.4259748013331243754, 0.4380386266454286970, 0.4516469595390829594, 0.4668849008038623571, 0.4803437228220495125, 0.4999999999999997780, 0.5196562771779499323, 0.5331150991961371988, 0.5483530404609165965, 0.5619613733545707479, 0.5740251986668751805, 0.5849130085916982580, 0.5950375198978923308, 0.6047507577143599322, 0.6143236663881842530, 0.6239569369464019744, 0.6337978300571918133, 0.6660598065461948991, 0.6758553862588542183, 0.6874319801601425084, 0.7007895882872872129, 0.7159282106643759525, 0.7328478473078892108, 0.7515484982295997929, 0.7720301634382092937, 0.7942928429403295354, 0.8183365367411050695, 0.8441612448446141892, 0.8717669672541473735, 0.9011537039723956921, 0.9323214550015892499, 0.9896293338881102519 ),
 .UNSPECIFIED. ) ;
#3845 = EDGE_CURVE ( 'NONE', #5849, #3635, #6756, .T. ) ;
#3846 = CARTESIAN_POINT ( 'NONE',  ( 13.96529143882090196, 19.07901412642182848, 2.000000000000000000 ) ) ;
#3847 = CARTESIAN_POINT ( 'NONE',  ( 17.76075994573092842, 17.29583732711387967, -2.099999999999999645 ) ) ;
#3848 = CARTESIAN_POINT ( 'NONE',  ( -17.35181857730701083, 15.87069998699208107, -2.099999999999998757 ) ) ;
#3849 = VERTEX_POINT ( 'NONE', #3599 ) ;
#3850 = CARTESIAN_POINT ( 'NONE',  ( -26.08175881478902625, 8.866152755738760050, -2.100000000000000089 ) ) ;
#3851 = CARTESIAN_POINT ( 'NONE',  ( -4.144933467011490791, 24.44197433207706638, 2.000000000000000000 ) ) ;
#3852 = CARTESIAN_POINT ( 'NONE',  ( 14.32589460713082730, -19.15868494228939056, 2.000000000000000000 ) ) ;
#3853 = CARTESIAN_POINT ( 'NONE',  ( 22.27987727495454706, 10.41835660743991809, 2.000000000000000000 ) ) ;
#3854 = CARTESIAN_POINT ( 'NONE',  ( 7.657608382361889454, 22.56335699501520509, 2.000000000000000000 ) ) ;
#3855 = CARTESIAN_POINT ( 'NONE',  ( 22.85726476338737712, 5.433202019314306241, 2.000000000000000000 ) ) ;
#3856 = DIRECTION ( 'NONE',  ( 0.000000000000000000, 0.000000000000000000, -1.000000000000000000 ) ) ;
#3857 = CARTESIAN_POINT ( 'NONE',  ( 1.906741771391398554, 24.04223096406908766, -2.099999999999998757 ) ) ;
#3858 = ORIENTED_EDGE ( 'NONE', *, *, #6952, .T. ) ;
#3859 = CARTESIAN_POINT ( 'NONE',  ( 4.244076555440678078, -24.69959869036684452, 2.000000000000000000 ) ) ;
#3860 = CARTESIAN_POINT ( 'NONE',  ( -24.09676835437406694, -1.005131229266923665, -2.099999999999998757 ) ) ;
#3861 = CARTESIAN_POINT ( 'NONE',  ( -19.13918860107962772, 15.44754172932142389, 2.000000000000000000 ) ) ;
#3862 = CARTESIAN_POINT ( 'NONE',  ( 24.86659007404523791, -7.767174896947393492, -2.099999999999998757 ) ) ;
#3863 = DIRECTION ( 'NONE',  ( -0.9709418174260520118, 0.2393156642875577667, 0.000000000000000000 ) ) ;
#3864 = CIRCLE ( 'NONE', #1308, 28.00000000000000000 ) ;
#3865 = CARTESIAN_POINT ( 'NONE',  ( -22.81713236683327395, -5.623918026294843386, 2.000000000000000000 ) ) ;
#3866 = CARTESIAN_POINT ( 'NONE',  ( -12.83485696772680562, 20.07512121109397896, 2.000000000000000000 ) ) ;
#3867 = ORIENTED_EDGE ( 'NONE', *, *, #5553, .T. ) ;
#3868 = CARTESIAN_POINT ( 'NONE',  ( -15.12400615833752404, -19.80199803049035978, -2.099999999999998757 ) ) ;
#3869 = CARTESIAN_POINT ( 'NONE',  ( -24.31153459173803810, 7.374154019703423657, -2.099999999999998757 ) ) ;
#3870 = LINE ( 'NONE', #671, #4534 ) ;
#3871 = CARTESIAN_POINT ( 'NONE',  ( 24.66930537037450577, 7.619416278945045029, -2.099999999999998757 ) ) ;
#3872 = CARTESIAN_POINT ( 'NONE',  ( 24.62078186107712696, 10.69645268464872423, 2.000000000000000000 ) ) ;
#3873 = DIRECTION ( 'NONE',  ( -1.000000000000000000, 0.000000000000000000, -0.000000000000000000 ) ) ;
#3874 = CARTESIAN_POINT ( 'NONE',  ( 21.04854468720649763, -16.20550857031051351, -2.099999999999998757 ) ) ;
#3875 = EDGE_CURVE ( 'NONE', #7114, #7823, #4948, .T. ) ;
#3876 = CARTESIAN_POINT ( 'NONE',  ( -3.952016953262624366, -23.89496924813285261, -2.099999999999998757 ) ) ;
#3877 = ORIENTED_EDGE ( 'NONE', *, *, #1035, .F. ) ;
#3878 = CARTESIAN_POINT ( 'NONE',  ( 21.04854468720649052, 16.20550857031053127, -2.099999999999998757 ) ) ;
#3879 = CARTESIAN_POINT ( 'NONE',  ( -21.58955567576248669, 12.72687891813088967, -2.099999999999999645 ) ) ;
#3880 = CARTESIAN_POINT ( 'NONE',  ( -13.96529143882090551, -19.07901412642182493, 2.000000000000000000 ) ) ;
#3881 = CARTESIAN_POINT ( 'NONE',  ( 5.995909907646363557, -27.35048520283300277, 2.000000000000000000 ) ) ;
#3882 = CARTESIAN_POINT ( 'NONE',  ( 11.92825707275346581, 24.80951228021082500, -2.099999999999998757 ) ) ;
#3884 = CARTESIAN_POINT ( 'NONE',  ( 14.51573139705937088, -19.26027195864160291, -2.099999999999998757 ) ) ;
#3883 = CARTESIAN_POINT ( 'NONE',  ( -13.61524630358647414, 23.47600944080825869, -2.099999999999998757 ) ) ;
#3885 = CARTESIAN_POINT ( 'NONE',  ( 13.50856635788135485, 22.56556696682681107, -2.099999999999998757 ) ) ;
#3886 = CARTESIAN_POINT ( 'NONE',  ( 25.88937528683163336, -4.628868634690435968, -2.099999999999998757 ) ) ;
#3887 = EDGE_CURVE ( 'NONE', #2298, #7303, #4098, .T. ) ;
#3888 = CARTESIAN_POINT ( 'NONE',  ( 18.25928954266904825, -15.16201400375273067, 2.000000000000000000 ) ) ;
#3889 = CARTESIAN_POINT ( 'NONE',  ( 12.94401591853664968, 20.68877481383771055, 2.000000000000000000 ) ) ;
#3890 = CARTESIAN_POINT ( 'NONE',  ( 17.84651532293613485, 15.31230279367191649, -2.099999999999999645 ) ) ;
#3891 = CARTESIAN_POINT ( 'NONE',  ( -18.40868586258353545, 18.43357243192680173, 2.000000000000000000 ) ) ;
#3892 = ORIENTED_EDGE ( 'NONE', *, *, #4611, .F. ) ;
#3893 = CARTESIAN_POINT ( 'NONE',  ( -24.15260079455800835, 7.275001489028683821, -2.100000000000000089 ) ) ;
#3894 = CARTESIAN_POINT ( 'NONE',  ( -20.94077984017082983, -12.16847291378769924, -2.099999999999998757 ) ) ;
#3895 = CARTESIAN_POINT ( 'NONE',  ( 14.42373451280541552, -19.20597537996031434, 2.000000000000000000 ) ) ;
#3896 = CARTESIAN_POINT ( 'NONE',  ( 23.24438501506255150, 6.803422568062755360, 2.000000000000000000 ) ) ;
#3897 = CARTESIAN_POINT ( 'NONE',  ( 9.121658707306940173, 21.91081161619598916, 2.000000000000000000 ) ) ;
#3898 = CARTESIAN_POINT ( 'NONE',  ( 26.06641551142094215, 8.850830399664179282, -2.099999999999999645 ) ) ;
#3899 = CARTESIAN_POINT ( 'NONE',  ( 21.35721522671293116, 10.35169942632025197, -2.099999999999998757 ) ) ;
#3900 = CARTESIAN_POINT ( 'NONE',  ( -24.45163473737932236, -4.792937194118080058, 2.000000000000000000 ) ) ;
#3901 = ORIENTED_EDGE ( 'NONE', *, *, #1260, .T. ) ;
#3902 = CARTESIAN_POINT ( 'NONE',  ( -10.03175227225609767, -22.96619924196638962, -2.099999999999998757 ) ) ;
#3903 = PLANE ( 'NONE',  #3331 ) ;
#3904 = CARTESIAN_POINT ( 'NONE',  ( -17.84651532293614551, 15.31230279367190050, 2.000000000000000000 ) ) ;
#3905 = CARTESIAN_POINT ( 'NONE',  ( -24.59949625084631819, -4.790317889056109557, 2.000000000000000000 ) ) ;
#3906 = CARTESIAN_POINT ( 'NONE',  ( 7.743106042156107982, -24.63076208136009981, -2.099999999999999645 ) ) ;
#3907 = CARTESIAN_POINT ( 'NONE',  ( 0.000000000000000000, 0.000000000000000000, -2.099999999999998757 ) ) ;
#3908 = CARTESIAN_POINT ( 'NONE',  ( -12.88702750944971420, 19.82328597831586947, -2.099999999999998757 ) ) ;
#3909 = ORIENTED_EDGE ( 'NONE', *, *, #2868, .F. ) ;
#3910 = CARTESIAN_POINT ( 'NONE',  ( -7.656852614504657595, 23.37322600383986781, -2.099999999999998757 ) ) ;
#3911 = CARTESIAN_POINT ( 'NONE',  ( -7.865059710290380757, -22.21401039568610969, 2.000000000000000000 ) ) ;
#3912 = CARTESIAN_POINT ( 'NONE',  ( -17.42017265760603806, -16.82633584436269913, -2.099999999999998757 ) ) ;
#3913 = CARTESIAN_POINT ( 'NONE',  ( 22.91929613358906792, 6.515359526762130926, -2.099999999999998757 ) ) ;
#3914 = CARTESIAN_POINT ( 'NONE',  ( -18.83778878485559716, 19.53549755878801264, -2.099999999999998757 ) ) ;
#3915 = CARTESIAN_POINT ( 'NONE',  ( 23.34891264151152512, -15.11752257333331961, -2.099999999999998757 ) ) ;
#3916 = CARTESIAN_POINT ( 'NONE',  ( 17.59296804644544565, -15.58600964088959984, -2.099999999999998757 ) ) ;
#3917 = CARTESIAN_POINT ( 'NONE',  ( -4.482856113983126889, -25.20816636816325840, -2.099999999999998757 ) ) ;
#3918 = VERTEX_POINT ( 'NONE', #1868 ) ;
#3919 = CARTESIAN_POINT ( 'NONE',  ( -2.833089530561774261, -23.33259147460854166, 2.000000000000000000 ) ) ;
#3920 = DIRECTION ( 'NONE',  ( -1.000000000000000000, 0.000000000000000000, 0.000000000000000000 ) ) ;
#3921 = CARTESIAN_POINT ( 'NONE',  ( -15.51594276222061453, -20.11676867469219587, 2.000000000000000000 ) ) ;
#3922 = CARTESIAN_POINT ( 'NONE',  ( 4.030460310774762966, -24.06924055886029024, 2.000000000000000000 ) ) ;
#3923 = CARTESIAN_POINT ( 'NONE',  ( 7.452140315435455520, 26.79882114973043983, -2.099999999999998757 ) ) ;
#3925 = CARTESIAN_POINT ( 'NONE',  ( 15.51594276222061985, -20.11676867469219587, -2.099999999999998757 ) ) ;
#3924 = CARTESIAN_POINT ( 'NONE',  ( 25.29380829876431491, -8.116834556469569861, 2.000000000000000000 ) ) ;
#3926 = CARTESIAN_POINT ( 'NONE',  ( 24.09676835437406339, -1.005131229266920112, -2.099999999999998757 ) ) ;
#3927 = CARTESIAN_POINT ( 'NONE',  ( 25.15968768847577763, -4.747395707336129256, 2.000000000000000000 ) ) ;
#3928 = CARTESIAN_POINT ( 'NONE',  ( -19.24999999999999289, -3.688814631097028664E-15, 2.100000000000001865 ) ) ;
#3929 = UNCERTAINTY_MEASURE_WITH_UNIT (LENGTH_MEASURE( 1.000000000000000082E-05 ), #4834, 'distance_accuracy_value', 'NONE');
#3930 = CARTESIAN_POINT ( 'NONE',  ( 14.75432918952970063, 19.43920578531972865, -2.099999999999998757 ) ) ;
#3931 = CARTESIAN_POINT ( 'NONE',  ( 18.60089775827983516, 15.19605903441929051, 2.000000000000000000 ) ) ;
#3932 = CARTESIAN_POINT ( 'NONE',  ( -17.59296804644544920, 15.58600964088959806, -2.099999999999998757 ) ) ;
#3933 = ORIENTED_EDGE ( 'NONE', *, *, #3111, .T. ) ;
#3934 = CARTESIAN_POINT ( 'NONE',  ( -22.91929613358907503, 6.515359526762099840, -2.100000000000000089 ) ) ;
#3935 = CARTESIAN_POINT ( 'NONE',  ( -5.008822010445505235, 26.08776424953685336, -2.099999999999998757 ) ) ;
#3936 = EDGE_CURVE ( 'NONE', #6397, #6921, #288, .T. ) ;
#3937 = CARTESIAN_POINT ( 'NONE',  ( -7.650756190596020190, 25.73058353783936525, -2.099999999999998757 ) ) ;
#3938 = CARTESIAN_POINT ( 'NONE',  ( -14.60388312963064017, 19.32135064906642796, 2.000000000000000000 ) ) ;
#3939 = CARTESIAN_POINT ( 'NONE',  ( 24.45163473737931881, 4.792937194118093380, -2.099999999999999645 ) ) ;
#3940 = CARTESIAN_POINT ( 'NONE',  ( 25.70517131628457008, 10.62804675830131629, -2.099999999999998757 ) ) ;
#3941 = CARTESIAN_POINT ( 'NONE',  ( 5.183190230475027249, 26.33878392258043633, -2.099999999999998757 ) ) ;
#3942 = EDGE_LOOP ( 'NONE', ( #5473, #5276 ) ) ;
#3943 = CARTESIAN_POINT ( 'NONE',  ( 1.824858090210271566, -24.72368248555339676, 2.000000000000000000 ) ) ;
#3944 = CARTESIAN_POINT ( 'NONE',  ( 3.952016953262611043, 23.89496924813285617, 2.000000000000000000 ) ) ;
#3945 = CARTESIAN_POINT ( 'NONE',  ( -18.51632561903327456, 18.67704107051115869, 2.000000000000000000 ) ) ;
#3946 = CARTESIAN_POINT ( 'NONE',  ( 26.16863607189503682, -4.567518758412567159, -2.099999999999998757 ) ) ;
#3947 = CARTESIAN_POINT ( 'NONE',  ( -23.81253063529220171, -0.8410884408854227834, 2.000000000000000000 ) ) ;
#3948 = FACE_OUTER_BOUND ( 'NONE', #5960, .T. ) ;
#3949 = CARTESIAN_POINT ( 'NONE',  ( -12.86131782747430208, 20.40223119301177235, 2.000000000000000000 ) ) ;
#3950 = CARTESIAN_POINT ( 'NONE',  ( 12.36707919775595599, 25.12081464776623463, 2.000000000000000000 ) ) ;
#3951 = ORIENTED_EDGE ( 'NONE', *, *, #1074, .F. ) ;
#3952 = CARTESIAN_POINT ( 'NONE',  ( -12.84317218923418835, -20.29695877980780594, -2.099999999999998757 ) ) ;
#3953 = CARTESIAN_POINT ( 'NONE',  ( -7.688595528318257877, -23.56854007989868194, 2.000000000000000000 ) ) ;
#3954 = CARTESIAN_POINT ( 'NONE',  ( 26.24483786523220274, 1.701370919965213835, 2.000000000000000000 ) ) ;
#3955 = CARTESIAN_POINT ( 'NONE',  ( 24.15260079455800479, 7.275001489028714907, -2.099999999999998757 ) ) ;
#3956 = CARTESIAN_POINT ( 'NONE',  ( 24.02931632081061863, 10.69009516955078354, -2.099999999999998757 ) ) ;
#3957 = CARTESIAN_POINT ( 'NONE',  ( -25.70517099655240045, -10.62804679002167951, -2.099999999999998757 ) ) ;
#3958 = B_SPLINE_SURFACE_WITH_KNOTS ( 'NONE', 3, 1, ( 
 ( #5426, #1628 ),
 ( #8030, #7990 ),
 ( #7357, #2268 ),
 ( #6723, #6846 ),
 ( #7437, #1081 ),
 ( #960, #1669 ),
 ( #6177, #3564 ),
 ( #8108, #1040 ),
 ( #2934, #408 ),
 ( #2348, #2309 ),
 ( #4873, #5160 ),
 ( #3808, #3217 ),
 ( #5791, #607 ),
 ( #1831, #1919 ),
 ( #3851, #5667 ),
 ( #529, #6379 ),
 ( #3089, #4391 ),
 ( #7559, #4352 ),
 ( #3727, #4997 ),
 ( #7688, #5750 ),
 ( #22, #1795 ),
 ( #6923, #6300 ),
 ( #5035, #487 ),
 ( #4476, #8310 ),
 ( #1164, #7047 ),
 ( #7729, #5076 ),
 ( #1875, #6424 ),
 ( #4313, #1282 ),
 ( #2549, #5117 ),
 ( #653, #5630 ),
 ( #6884, #2589 ),
 ( #8227, #3174 ),
 ( #1122, #7644 ),
 ( #6963, #3129 ),
 ( #4434, #5704 ),
 ( #3685, #6259 ),
 ( #8267, #2508 ),
 ( #2466, #3051 ),
 ( #1201, #567 ),
 ( #8189, #2430 ),
 ( #7598, #3768 ),
 ( #7007, #6337 ),
 ( #1240, #2274 ),
 ( #1127, #5593 ),
 ( #7525, #1086 ),
 ( #3652, #5003 ),
 ( #1719, #4962 ),
 ( #370, #4281 ),
 ( #6265, #7564 ),
 ( #6851, #1800 ),
 ( #3733, #3018 ),
 ( #8034, #7442 ),
 ( #8113, #6222 ),
 ( #4199, #4357 ),
 ( #6929, #3057 ) ),
 .UNSPECIFIED., .F., .F., .F.,
 ( 4, 1, 1, 1, 1, 1, 1, 1, 1, 1, 1, 1, 1, 1, 1, 1, 1, 1, 1, 1, 1, 1, 1, 1, 1, 1, 1, 1, 1, 1, 1, 1, 1, 1, 1, 1, 1, 1, 1, 1, 1, 1, 1, 1, 1, 1, 1, 1, 1, 1, 1, 1, 4 ),
 ( 2, 2 ),
 ( 0.01037066610069783783, 0.06767854499841075011, 0.09884629602760430789, 0.1282330327458526265, 0.1558387551553858108, 0.1816634632588949305, 0.2057071570596704646, 0.2279698365617907063, 0.2484515017704002071, 0.2671521526921107892, 0.2840717893356240475, 0.2992104117127127871, 0.3125680198398574916, 0.3241446137411457817, 0.3339401934538051009, 0.3662021699428081867, 0.3760430630535980256, 0.3856763336118157470, 0.3952492422856400678, 0.4049624801021076692, 0.4150869914083017420, 0.4259748013331248195, 0.4380386266454291411, 0.4516469595390834035, 0.4668849008038628012, 0.4803437228220500677, 0.5000000000000002220, 0.5196562771779504875, 0.5331150991961376429, 0.5483530404609170406, 0.5619613733545713030, 0.5740251986668756246, 0.5849130085916987021, 0.5950375198978927749, 0.6047507577143603763, 0.6143236663881848081, 0.6239569369464024184, 0.6337978300571922574, 0.6660598065461953432, 0.6758553862588546624, 0.6874319801601429525, 0.7007895882872876570, 0.7159282106643762855, 0.7328478473078895439, 0.7515484982296001260, 0.7720301634382096267, 0.7942928429403297574, 0.8183365367411052915, 0.8441612448446143002, 0.8717669672541474846, 0.9011537039723958031, 0.9323214550015893609, 0.9955048858948383206 ),
 ( 0.000000000000000000, 1.000000000000000000 ),
 .UNSPECIFIED. ) ;
#3959 = CARTESIAN_POINT ( 'NONE',  ( 17.45584392081711655, -15.72474958968642156, -2.099999999999998757 ) ) ;
#3960 = CARTESIAN_POINT ( 'NONE',  ( -4.389956462724874164, -25.02313217738666040, -2.099999999999998757 ) ) ;
#3961 = EDGE_LOOP ( 'NONE', ( #3684, #5969, #919, #5702 ) ) ;
#3962 = CARTESIAN_POINT ( 'NONE',  ( 19.42345833902674102, 15.60717637591975837, -2.099999999999998757 ) ) ;
#3963 = CARTESIAN_POINT ( 'NONE',  ( -8.148726673636438989, -22.03570943365875223, -2.099999999999998757 ) ) ;
#3964 = CARTESIAN_POINT ( 'NONE',  ( 27.76006294791574192, 4.069062116696102294, -2.099999999999999645 ) ) ;
#3965 = CARTESIAN_POINT ( 'NONE',  ( 3.781464864188905484, -23.62174820993211455, 2.000000000000000000 ) ) ;
#3966 = CARTESIAN_POINT ( 'NONE',  ( -3.499191490208550359, 23.38362255772745968, 2.000000000000000000 ) ) ;
#3968 = CARTESIAN_POINT ( 'NONE',  ( -16.08024905276406713, 20.49638744246054856, -2.099999999999998757 ) ) ;
#3967 = CARTESIAN_POINT ( 'NONE',  ( -12.86131782747430208, 20.40223119301177235, -2.099999999999998757 ) ) ;
#3969 = CARTESIAN_POINT ( 'NONE',  ( 25.03107770533010523, -1.235924829161913374, -2.099999999999998757 ) ) ;
#3970 = CARTESIAN_POINT ( 'NONE',  ( 27.69932731601889486, -4.092342391113072075, 2.000000000000000000 ) ) ;
#3971 = AXIS2_PLACEMENT_3D ( 'NONE', #5400, #2785, #7961 ) ;
#3972 = B_SPLINE_CURVE_WITH_KNOTS ( 'NONE', 3,
 ( #2613, #5182, #7754, #3914, #715, #4130, #300, #4086, #7921, #5437, #1561, #6652, #8002, #214, #4721, #7962, #2238, #3368, #7287, #3455, #1437, #4804, #1520, #7247, #1479, #2115, #5401, #2786, #4676, #5983, #890, #2071, #4629, #1601, #5314, #6573, #2865, #934, #7327, #6027, #7370, #4169, #2740, #7203, #5943, #2199, #127, #6736, #971, #5901, #259, #3411, #4046, #2701, #5272 ),
 .UNSPECIFIED., .F., .F.,
 ( 4, 1, 1, 1, 1, 1, 1, 1, 1, 1, 1, 1, 1, 1, 1, 1, 1, 1, 1, 1, 1, 1, 1, 1, 1, 1, 1, 1, 1, 1, 1, 1, 1, 1, 1, 1, 1, 1, 1, 1, 1, 1, 1, 1, 1, 1, 1, 1, 1, 1, 1, 1, 4 ),
 ( 0.01037066611188814345, 0.06767854499841063909, 0.09884629602760419687, 0.1282330327458525154, 0.1558387551553856998, 0.1816634632588947085, 0.2057071570596702426, 0.2279698365617903733, 0.2484515017703998740, 0.2671521526921104561, 0.2840717893356237145, 0.2992104117127123430, 0.3125680198398570475, 0.3241446137411453376, 0.3339401934538046568, 0.3662021699428077426, 0.3760430630535975816, 0.3856763336118151919, 0.3952492422856396237, 0.4049624801021072251, 0.4150869914083012979, 0.4259748013331243754, 0.4380386266454286970, 0.4516469595390829594, 0.4668849008038623571, 0.4803437228220494570, 0.4999999999999997780, 0.5196562771779499323, 0.5331150991961371988, 0.5483530404609165965, 0.5619613733545708589, 0.5740251986668751805, 0.5849130085916982580, 0.5950375198978923308, 0.6047507577143599322, 0.6143236663881842530, 0.6239569369464019744, 0.6337978300571918133, 0.6660598065461948991, 0.6758553862588542183, 0.6874319801601425084, 0.7007895882872872129, 0.7159282106643759525, 0.7328478473078892108, 0.7515484982295997929, 0.7720301634382092937, 0.7942928429403295354, 0.8183365367411050695, 0.8441612448446141892, 0.8717669672541473735, 0.9011537039723956921, 0.9323214550015892499, 0.9896293338881100299 ),
 .UNSPECIFIED. ) ;
#3973 = CARTESIAN_POINT ( 'NONE',  ( 13.55023046621762539, 22.84843530275376011, 2.000000000000000000 ) ) ;
#3974 = CARTESIAN_POINT ( 'NONE',  ( -5.183190230475042348, -26.33878392258043277, -2.099999999999998757 ) ) ;
#3975 = CARTESIAN_POINT ( 'NONE',  ( 17.32735312033765140, 16.63359376186219762, -2.099999999999999645 ) ) ;
#3976 = CARTESIAN_POINT ( 'NONE',  ( 17.42017265760604516, -16.82633584436268848, -2.099999999999998757 ) ) ;
#3977 = ADVANCED_FACE ( 'NONE', ( #5914 ), #129, .T. ) ;
#3978 = AXIS2_PLACEMENT_3D ( 'NONE', #6181, #4917, #4317 ) ;
#3979 = ORIENTED_EDGE ( 'NONE', *, *, #5187, .F. ) ;
#3980 = CARTESIAN_POINT ( 'NONE',  ( 21.58843454132472317, -10.30659784155100667, 2.000000000000000000 ) ) ;
#3981 = CARTESIAN_POINT ( 'NONE',  ( -5.183190230475061000, 26.33878392258043277, -2.099999999999998757 ) ) ;
#3982 = CARTESIAN_POINT ( 'NONE',  ( -7.616738452866472109, 23.18530238615923977, -2.099999999999998757 ) ) ;
#3983 = CARTESIAN_POINT ( 'NONE',  ( 26.77848301813144971, 4.405768766048617557, 2.000000000000000000 ) ) ;
#3984 = CARTESIAN_POINT ( 'NONE',  ( -14.42373451280541552, 19.20597537996031434, 2.000000000000000000 ) ) ;
#3985 = CARTESIAN_POINT ( 'NONE',  ( 23.63710370791871185, 4.790810183414345502, 2.000000000000000000 ) ) ;
#3986 = CARTESIAN_POINT ( 'NONE',  ( -27.87379644711745996, 2.655456283891105329, 2.000000000000000000 ) ) ;
#3987 = CARTESIAN_POINT ( 'NONE',  ( 1.474499619732432265, 26.25856105065618706, -2.099999999999998757 ) ) ;
#3988 = ORIENTED_EDGE ( 'NONE', *, *, #164, .T. ) ;
#3989 = CARTESIAN_POINT ( 'NONE',  ( 1.981471996725006290, -23.84030691368550237, -2.099999999999998757 ) ) ;
#3990 = CARTESIAN_POINT ( 'NONE',  ( 4.389956462724860842, 25.02313217738666040, 2.000000000000000000 ) ) ;
#3991 = CARTESIAN_POINT ( 'NONE',  ( 4.590305982006143815, -25.40785750275295030, -2.099999999999998757 ) ) ;
#3992 = CARTESIAN_POINT ( 'NONE',  ( 18.09985454995500120, 17.82762258356555307, 2.000000000000000000 ) ) ;
#3993 = CARTESIAN_POINT ( 'NONE',  ( -23.50396181942852891, -2.270536500527282371E-15, -2.099999999999998757 ) ) ;
#3994 = CARTESIAN_POINT ( 'NONE',  ( 24.09676835437406339, -1.005131229266920112, -2.099999999999998757 ) ) ;
#3995 = CARTESIAN_POINT ( 'NONE',  ( -13.64872344037189045, -24.44815634059743559, -2.099999999999999645 ) ) ;
#3996 = ORIENTED_EDGE ( 'NONE', *, *, #1976, .F. ) ;
#3997 = CARTESIAN_POINT ( 'NONE',  ( -7.733573568718044910, -24.87706067138157806, 2.000000000000000000 ) ) ;
#3998 = CARTESIAN_POINT ( 'NONE',  ( -26.46517536639175106, 4.493494443281853101, -2.099999999999998757 ) ) ;
#3999 = CARTESIAN_POINT ( 'NONE',  ( 24.37956700134304100, 1.099847363974308045, 2.000000000000000000 ) ) ;
#4000 = DIRECTION ( 'NONE',  ( 0.000000000000000000, 0.000000000000000000, -1.000000000000000000 ) ) ;
#4001 = CIRCLE ( 'NONE', #369, 28.00000000000000000 ) ;
#4002 = EDGE_CURVE ( 'NONE', #4503, #3725, #1154, .T. ) ;
#4003 = DIRECTION ( 'NONE',  ( 0.000000000000000000, 0.000000000000000000, -1.000000000000000000 ) ) ;
#4004 = CARTESIAN_POINT ( 'NONE',  ( 12.36707959479895358, -25.12081492113581405, 2.000000000000000000 ) ) ;
#4005 = CARTESIAN_POINT ( 'NONE',  ( 19.13918860107962416, -15.44754172932142744, -2.099999999999998757 ) ) ;
#4006 = AXIS2_PLACEMENT_3D ( 'NONE', #614, #3856, #3773 ) ;
#4007 = CARTESIAN_POINT ( 'NONE',  ( -3.952016953262624366, -23.89496924813285261, 2.000000000000000000 ) ) ;
#4008 = ORIENTED_EDGE ( 'NONE', *, *, #3485, .F. ) ;
#4009 = CARTESIAN_POINT ( 'NONE',  ( 17.37016481680591795, 16.73146461459393208, -2.099999999999998757 ) ) ;
#4010 = CARTESIAN_POINT ( 'NONE',  ( -10.38530154243853154, -23.40284517865930880, -2.099999999999998757 ) ) ;
#4011 = CARTESIAN_POINT ( 'NONE',  ( 13.09924240491750602, -14.84924240491749714, 2.100000000000001865 ) ) ;
#4012 = CARTESIAN_POINT ( 'NONE',  ( 0.000000000000000000, 0.000000000000000000, -2.099999999999998757 ) ) ;
#4013 = CARTESIAN_POINT ( 'NONE',  ( -4.310684217927251538, 24.85340566964549325, 2.000000000000000000 ) ) ;
#4015 = CARTESIAN_POINT ( 'NONE',  ( -16.82973023395797441, 20.91308632741409923, -2.099999999999998757 ) ) ;
#4014 = CARTESIAN_POINT ( 'NONE',  ( 15.23641901094385886, -19.89808777236047632, 2.000000000000000000 ) ) ;
#4016 = CARTESIAN_POINT ( 'NONE',  ( 23.72154950710865506, -0.7592181733933789367, -2.099999999999998757 ) ) ;
#4017 = AXIS2_PLACEMENT_3D ( 'NONE', #308, #4332, #3108 ) ;
#4018 = CARTESIAN_POINT ( 'NONE',  ( 24.12574046566792063, -4.783694468719406068, -2.099999999999998757 ) ) ;
#4019 = CARTESIAN_POINT ( 'NONE',  ( 18.60089775827983871, -15.19605903441927630, 2.000000000000000000 ) ) ;
#4020 = CARTESIAN_POINT ( 'NONE',  ( -4.244076555440668308, -24.69959869036684452, -2.099999999999998757 ) ) ;
#4021 = CARTESIAN_POINT ( 'NONE',  ( 20.28441937235455583, 15.97411852388380638, -2.099999999999999645 ) ) ;
#4022 = CARTESIAN_POINT ( 'NONE',  ( 0.000000000000000000, 0.000000000000000000, -2.099999999999998757 ) ) ;
#4023 = EDGE_CURVE ( 'NONE', #2606, #7957, #6707, .T. ) ;
#4024 = ORIENTED_EDGE ( 'NONE', *, *, #4611, .T. ) ;
#4025 = ADVANCED_FACE ( 'NONE', ( #3 ), #5316, .T. ) ;
#4026 = CARTESIAN_POINT ( 'NONE',  ( 25.70517131636681185, -10.62804675829313439, 2.000000000000000000 ) ) ;
#4027 = CARTESIAN_POINT ( 'NONE',  ( -21.07590994840523280, -12.30361618564757720, 2.000000000000000000 ) ) ;
#4028 = CARTESIAN_POINT ( 'NONE',  ( 13.46232027610274784, -22.30341320457493381, -2.099999999999998757 ) ) ;
#4029 = CARTESIAN_POINT ( 'NONE',  ( -13.35177211813242515, 19.34338136197018798, 2.000000000000000000 ) ) ;
#4030 = CARTESIAN_POINT ( 'NONE',  ( 24.12574046566791708, 4.783694468719428272, 2.000000000000000000 ) ) ;
#4031 = DIRECTION ( 'NONE',  ( -0.000000000000000000, -0.000000000000000000, 1.000000000000000000 ) ) ;
#4032 = DIRECTION ( 'NONE',  ( 0.000000000000000000, -0.000000000000000000, -1.000000000000000000 ) ) ;
#4033 = ORIENTED_EDGE ( 'NONE', *, *, #1942, .F. ) ;
#4034 = CARTESIAN_POINT ( 'NONE',  ( 2.463801941912934890, -23.38577358155836450, -2.099999999999998757 ) ) ;
#4035 = CARTESIAN_POINT ( 'NONE',  ( 3.499191490208520605, 23.38362255772745613, 2.000000000000000000 ) ) ;
#4036 = CARTESIAN_POINT ( 'NONE',  ( 5.183190230475051230, -26.33878392258043277, -2.099999999999998757 ) ) ;
#4037 = CARTESIAN_POINT ( 'NONE',  ( 17.32735312033765140, 16.63359376186219762, 2.000000000000000000 ) ) ;
#4038 = CARTESIAN_POINT ( 'NONE',  ( -26.24483786523220274, -1.701370919965217166, -2.099999999999998757 ) ) ;
#4039 = DIRECTION ( 'NONE',  ( -1.000000000000000000, 0.000000000000000000, 0.000000000000000000 ) ) ;
#4040 = CARTESIAN_POINT ( 'NONE',  ( -12.88702750944971243, -19.82328597831587658, -2.099999999999999645 ) ) ;
#4041 = VERTEX_POINT ( 'NONE', #7441 ) ;
#4042 = CARTESIAN_POINT ( 'NONE',  ( -7.741715957670622039, -24.19699765967529359, 2.000000000000000000 ) ) ;
#4043 = CARTESIAN_POINT ( 'NONE',  ( -25.88937528683162981, 4.628868634690426198, -2.099999999999998757 ) ) ;
#4044 = CARTESIAN_POINT ( 'NONE',  ( -26.42834229636209287, 9.248929663334736873, 2.000000000000000000 ) ) ;
#4045 = DIRECTION ( 'NONE',  ( 0.000000000000000000, 0.000000000000000000, -1.000000000000000000 ) ) ;
#4046 = CARTESIAN_POINT ( 'NONE',  ( -22.09150234432849302, 16.42439467822646648, -2.099999999999998757 ) ) ;
#4047 = CARTESIAN_POINT ( 'NONE',  ( 22.09815905990547336, -10.35588323418787304, -2.099999999999998757 ) ) ;
#4048 = CARTESIAN_POINT ( 'NONE',  ( 17.59296804644544565, -15.58600964088959984, 2.000000000000000000 ) ) ;
#4049 = FACE_OUTER_BOUND ( 'NONE', #5074, .T. ) ;
#4050 = ORIENTED_EDGE ( 'NONE', *, *, #3372, .F. ) ;
#4051 = CARTESIAN_POINT ( 'NONE',  ( -12.19289839561323419, 25.00088876449163067, -2.099999999999998757 ) ) ;
#4052 = CARTESIAN_POINT ( 'NONE',  ( 0.000000000000000000, 0.000000000000000000, -3.599999999999998757 ) ) ;
#4053 = PLANE ( 'NONE',  #2237 ) ;
#4054 = CYLINDRICAL_SURFACE ( 'NONE', #2487, 1.749999999999999778 ) ;
#4055 = DIRECTION ( 'NONE',  ( 0.000000000000000000, 0.000000000000000000, -1.000000000000000000 ) ) ;
#4057 = CARTESIAN_POINT ( 'NONE',  ( -15.02890815691219295, 19.71604682249877527, -2.099999999999998757 ) ) ;
#4056 = CARTESIAN_POINT ( 'NONE',  ( 13.02793750094272696, -20.86163776548603366, 2.000000000000000000 ) ) ;
#4058 = CARTESIAN_POINT ( 'NONE',  ( 27.50168382520134713, -4.167564885984408996, -2.099999999999998757 ) ) ;
#4059 = EDGE_CURVE ( 'NONE', #6646, #1883, #1673, .T. ) ;
#4060 = CARTESIAN_POINT ( 'NONE',  ( 17.32735312033766206, -16.63359376186218697, 2.000000000000000000 ) ) ;
#4061 = CARTESIAN_POINT ( 'NONE',  ( 17.53871597601347787, 21.24288703357684227, -2.099999999999998757 ) ) ;
#4062 = CARTESIAN_POINT ( 'NONE',  ( 19.42345833902674102, 15.60717637591975837, -2.099999999999999645 ) ) ;
#4063 = FACE_OUTER_BOUND ( 'NONE', #6617, .T. ) ;
#4064 = ORIENTED_EDGE ( 'NONE', *, *, #5220, .T. ) ;
#4065 = CARTESIAN_POINT ( 'NONE',  ( 20.71178771499497984, -11.09036006156942733, -2.099999999999999645 ) ) ;
#4066 = DIRECTION ( 'NONE',  ( -1.000000000000000000, 0.000000000000000000, -0.000000000000000000 ) ) ;
#4067 = CARTESIAN_POINT ( 'NONE',  ( 13.64849315754606707, -24.51320044201071013, -2.099999999999998757 ) ) ;
#4068 = CARTESIAN_POINT ( 'NONE',  ( -15.51594276222061985, 20.11676867469219587, 2.000000000000000000 ) ) ;
#4069 = CARTESIAN_POINT ( 'NONE',  ( 0.000000000000000000, 0.000000000000000000, -2.099999999999998757 ) ) ;
#4070 = CARTESIAN_POINT ( 'NONE',  ( 2.198555820827197582, 23.54154832015335330, 2.000000000000000000 ) ) ;
#4071 = CARTESIAN_POINT ( 'NONE',  ( -0.7237198720499290472, -27.99064497287982789, 2.000000000000000000 ) ) ;
#4072 = VERTEX_POINT ( 'NONE', #1044 ) ;
#4073 = CARTESIAN_POINT ( 'NONE',  ( 3.846120836016039490, -23.70909028424117082, 2.000000000000000000 ) ) ;
#4074 = CARTESIAN_POINT ( 'NONE',  ( 2.105634209995030925, 23.64010634127341959, 2.000000000000000000 ) ) ;
#4075 = CARTESIAN_POINT ( 'NONE',  ( -19.05257563431086609, -20.26599507124441502, 2.000000000000000000 ) ) ;
#4076 = CARTESIAN_POINT ( 'NONE',  ( 24.95373504430678580, -4.768644361883064065, -2.099999999999998757 ) ) ;
#4077 = CARTESIAN_POINT ( 'NONE',  ( -23.90532429094090716, -0.9066066167179803736, -2.099999999999998757 ) ) ;
#4078 = CARTESIAN_POINT ( 'NONE',  ( 0.000000000000000000, 0.000000000000000000, 2.000000000000000000 ) ) ;
#4079 = CARTESIAN_POINT ( 'NONE',  ( -12.95267602360809356, -19.68627963667922742, -2.099999999999999645 ) ) ;
#4080 = EDGE_LOOP ( 'NONE', ( #8177, #3735, #7005, #966 ) ) ;
#4081 = CARTESIAN_POINT ( 'NONE',  ( -7.401289567484097276, -27.00409066686569304, -2.099999999999998757 ) ) ;
#4082 = CARTESIAN_POINT ( 'NONE',  ( -7.616738452866459674, -23.18530238615923977, 2.000000000000000000 ) ) ;
#4083 = CARTESIAN_POINT ( 'NONE',  ( 23.50396181942852891, -6.078686604171923434E-16, 2.000000000000000000 ) ) ;
#4084 = ADVANCED_FACE ( 'NONE', ( #3611 ), #7523, .F. ) ;
#4085 = CARTESIAN_POINT ( 'NONE',  ( 20.89282384029110062, -10.74542454372254241, 2.000000000000000000 ) ) ;
#4086 = CARTESIAN_POINT ( 'NONE',  ( -18.40868586258353545, 18.43357243192680173, -2.099999999999998757 ) ) ;
#4087 = CARTESIAN_POINT ( 'NONE',  ( 20.65156267108764254, -11.69620803915341867, -2.099999999999998757 ) ) ;
#4088 = CARTESIAN_POINT ( 'NONE',  ( 17.42017265760604516, -16.82633584436268848, 2.000000000000000000 ) ) ;
#4089 = DIRECTION ( 'NONE',  ( 0.000000000000000000, 0.000000000000000000, -1.000000000000000000 ) ) ;
#4090 = VERTEX_POINT ( 'NONE', #450 ) ;
#4091 = CARTESIAN_POINT ( 'NONE',  ( 19.10294311796688049, 20.47138403312589716, -2.099999999999998757 ) ) ;
#4092 = CARTESIAN_POINT ( 'NONE',  ( -22.96554745452510815, 14.45965356729541540, -2.099999999999999645 ) ) ;
#4093 = LINE ( 'NONE', #2793, #7206 ) ;
#4094 = FACE_OUTER_BOUND ( 'NONE', #1497, .T. ) ;
#4095 = CARTESIAN_POINT ( 'NONE',  ( 12.86131782747430208, -20.40223119301177235, 2.000000000000000000 ) ) ;
#4096 = CARTESIAN_POINT ( 'NONE',  ( 22.76403769146249090, -5.811439118492621958, 2.000000000000000000 ) ) ;
#4097 = EDGE_CURVE ( 'NONE', #5464, #4799, #6532, .T. ) ;
#4098 = B_SPLINE_CURVE_WITH_KNOTS ( 'NONE', 3,
 ( #6168, #6210, #7350, #2884, #4151, #990, #3005, #1582, #3640, #401, #4306, #5580, #6716, #952, #3557, #2966, #5542, #6878, #2341, #3517, #6085, #4905, #7469, #5458, #522, #6292, #4427, #2542, #7000, #5109, #7679, #3165, #5741, #1233, #4343, #6330, #3679, #1953, #5784, #3121, #1113, #5697, #14, #8302, #1824, #6955, #7040, #560, #5660, #645, #4513, #2499, #599, #3761, #8220 ),
 .UNSPECIFIED., .F., .F.,
 ( 4, 1, 1, 1, 1, 1, 1, 1, 1, 1, 1, 1, 1, 1, 1, 1, 1, 1, 1, 1, 1, 1, 1, 1, 1, 1, 1, 1, 1, 1, 1, 1, 1, 1, 1, 1, 1, 1, 1, 1, 1, 1, 1, 1, 1, 1, 1, 1, 1, 1, 1, 1, 4 ),
 ( 0.01037066611188988165, 0.06767854499841063909, 0.09884629602760419687, 0.1282330327458525154, 0.1558387551553856998, 0.1816634632588947085, 0.2057071570596702426, 0.2279698365617903733, 0.2484515017703998740, 0.2671521526921104561, 0.2840717893356237145, 0.2992104117127123430, 0.3125680198398570475, 0.3241446137411453376, 0.3339401934538046568, 0.3662021699428077426, 0.3760430630535975816, 0.3856763336118151919, 0.3952492422856396237, 0.4049624801021072251, 0.4150869914083012979, 0.4259748013331243754, 0.4380386266454286970, 0.4516469595390829594, 0.4668849008038623571, 0.4803437228220495125, 0.4999999999999997780, 0.5196562771779499323, 0.5331150991961371988, 0.5483530404609165965, 0.5619613733545708589, 0.5740251986668751805, 0.5849130085916982580, 0.5950375198978923308, 0.6047507577143599322, 0.6143236663881842530, 0.6239569369464019744, 0.6337978300571918133, 0.6660598065461948991, 0.6758553862588542183, 0.6874319801601425084, 0.7007895882872872129, 0.7159282106643759525, 0.7328478473078892108, 0.7515484982295997929, 0.7720301634382092937, 0.7942928429403295354, 0.8183365367411050695, 0.8441612448446141892, 0.8717669672541473735, 0.9011537039723956921, 0.9323214550015892499, 0.9896293338881126944 ),
 .UNSPECIFIED. ) ;
#4099 = CARTESIAN_POINT ( 'NONE',  ( 15.12400615833752049, 19.80199803049036333, 2.000000000000000000 ) ) ;
#4100 = CARTESIAN_POINT ( 'NONE',  ( 16.55868018414817655, 20.77185239767593217, 2.000000000000000000 ) ) ;
#4101 = CARTESIAN_POINT ( 'NONE',  ( 19.87933552333216980, 15.81900378855656975, 2.000000000000000000 ) ) ;
#4102 = FACE_BOUND ( 'NONE', #5938, .T. ) ;
#4103 = ORIENTED_EDGE ( 'NONE', *, *, #1653, .F. ) ;
#4104 = CARTESIAN_POINT ( 'NONE',  ( 22.27987727495455061, -10.41835660743990211, 2.000000000000000000 ) ) ;
#4105 = CARTESIAN_POINT ( 'NONE',  ( -22.90269961712299462, -10.57072003481731137, -2.099999999999998757 ) ) ;
#4106 = CARTESIAN_POINT ( 'NONE',  ( 13.02793750094272696, -20.86163776548603366, -2.099999999999998757 ) ) ;
#4107 = ADVANCED_FACE ( 'NONE', ( #8151 ), #2393, .F. ) ;
#4108 = ADVANCED_FACE ( 'NONE', ( #7051 ), #6399, .T. ) ;
#4109 = CARTESIAN_POINT ( 'NONE',  ( -16.82973023395797441, 20.91308632741409923, 2.000000000000000000 ) ) ;
#4110 = EDGE_CURVE ( 'NONE', #5189, #2174, #5296, .T. ) ;
#4111 = CARTESIAN_POINT ( 'NONE',  ( -18.38167992440537546, -15.16106487615013521, -2.099999999999998757 ) ) ;
#4112 = CARTESIAN_POINT ( 'NONE',  ( -27.42711506945233424, -2.355539727225825164, 2.000000000000000000 ) ) ;
#4113 = VECTOR ( 'NONE', #3646, 1000.000000000000000 ) ;
#4114 = CARTESIAN_POINT ( 'NONE',  ( 4.244076555440654985, 24.69959869036685163, 2.000000000000000000 ) ) ;
#4115 = CARTESIAN_POINT ( 'NONE',  ( 1.790249464186348893, 24.99754724227145530, -2.099999999999998757 ) ) ;
#4116 = EDGE_LOOP ( 'NONE', ( #5596, #1506 ) ) ;
#4117 = CARTESIAN_POINT ( 'NONE',  ( 4.082273444348686553, -24.25428063893853192, -2.099999999999998757 ) ) ;
#4118 = CARTESIAN_POINT ( 'NONE',  ( 1.726035193247294597, 25.34659078107458541, 2.000000000000000000 ) ) ;
#4119 = CARTESIAN_POINT ( 'NONE',  ( 3.952016953262632804, -23.89496924813284906, -2.099999999999998757 ) ) ;
#4120 = CARTESIAN_POINT ( 'NONE',  ( 22.74963530479514873, -6.146178943449467802, -2.099999999999998757 ) ) ;
#4121 = CARTESIAN_POINT ( 'NONE',  ( -25.56471904745757939, -1.411662356313491795, -2.099999999999998757 ) ) ;
#4122 = AXIS2_PLACEMENT_3D ( 'NONE', #7864, #2189, #5349 ) ;
#4123 = CARTESIAN_POINT ( 'NONE',  ( 24.19711102278062143, 1.042982032116798852, -2.099999999999998757 ) ) ;
#4124 = CARTESIAN_POINT ( 'NONE',  ( -14.32589460713082019, -19.15868494228939056, 2.000000000000000000 ) ) ;
#4125 = EDGE_LOOP ( 'NONE', ( #4921, #331, #2266, #5628 ) ) ;
#4126 = CARTESIAN_POINT ( 'NONE',  ( -13.15214330072518045, -21.16307668733837133, -2.099999999999998757 ) ) ;
#4127 = CARTESIAN_POINT ( 'NONE',  ( -24.95373504430678224, 4.768644361883055183, 2.000000000000000000 ) ) ;
#4128 = CARTESIAN_POINT ( 'NONE',  ( -23.24438501506255861, 6.803422568062724274, 2.000000000000000000 ) ) ;
#4129 = CARTESIAN_POINT ( 'NONE',  ( 21.10401706161572122, -10.48531763796957073, 2.000000000000000000 ) ) ;
#4130 = CARTESIAN_POINT ( 'NONE',  ( -18.62447386782101688, 18.94171889292491784, -2.099999999999998757 ) ) ;
#4131 = CARTESIAN_POINT ( 'NONE',  ( 25.38017835881499451, -10.66028906035687740, -2.099999999999998757 ) ) ;
#4132 = ADVANCED_FACE ( 'NONE', ( #2246 ), #4053, .F. ) ;
#4133 = CARTESIAN_POINT ( 'NONE',  ( -21.58955567576248313, -12.72687891813089500, -2.099999999999998757 ) ) ;
#4134 = VERTEX_POINT ( 'NONE', #135 ) ;
#4135 = CARTESIAN_POINT ( 'NONE',  ( -11.58603556222320563, 24.54102139527086379, 2.000000000000000000 ) ) ;
#4136 = CARTESIAN_POINT ( 'NONE',  ( -21.70974829699418507, 12.84369887095659557, -2.099999999999998757 ) ) ;
#4137 = DIRECTION ( 'NONE',  ( 0.7485107481711008592, 0.6631226582407954151, 0.000000000000000000 ) ) ;
#4138 = CARTESIAN_POINT ( 'NONE',  ( -20.65156267108763188, -11.69620803915341867, 2.000000000000000000 ) ) ;
#4139 = EDGE_CURVE ( 'NONE', #2921, #2119, #348, .T. ) ;
#4140 = CARTESIAN_POINT ( 'NONE',  ( 13.61524630358647414, -23.47600944080825869, 2.000000000000000000 ) ) ;
#4141 = CARTESIAN_POINT ( 'NONE',  ( 23.07262568452397034, -6.675893319502710810, -2.099999999999998757 ) ) ;
#4142 = VECTOR ( 'NONE', #5838, 1000.000000000000000 ) ;
#4143 = FACE_OUTER_BOUND ( 'NONE', #7535, .T. ) ;
#4144 = CARTESIAN_POINT ( 'NONE',  ( -1.726035193247308364, -25.34659078107458541, -2.099999999999998757 ) ) ;
#4145 = CARTESIAN_POINT ( 'NONE',  ( 8.686322604036284645, -21.85205998608587663, 2.000000000000000000 ) ) ;
#4146 = CARTESIAN_POINT ( 'NONE',  ( 17.64188601445204085, -17.13764696917008479, -2.099999999999998757 ) ) ;
#4147 = ORIENTED_EDGE ( 'NONE', *, *, #6216, .T. ) ;
#4148 = CARTESIAN_POINT ( 'NONE',  ( 23.76349960547259599, -10.67578541799515612, -2.099999999999999645 ) ) ;
#4149 = CARTESIAN_POINT ( 'NONE',  ( -22.27987727495454706, -10.41835660743990566, 2.000000000000000000 ) ) ;
#4150 = CARTESIAN_POINT ( 'NONE',  ( 16.55868018414817655, 20.77185239767593217, -2.099999999999998757 ) ) ;
#4151 = CARTESIAN_POINT ( 'NONE',  ( 7.650756190596017525, -25.73058353783937235, -2.099999999999998757 ) ) ;
#4152 = CARTESIAN_POINT ( 'NONE',  ( -17.64188601445203730, -17.13764696917009189, 2.000000000000000000 ) ) ;
#4153 = FACE_OUTER_BOUND ( 'NONE', #5168, .T. ) ;
#4154 = CARTESIAN_POINT ( 'NONE',  ( 4.310684217927220452, 24.85340566964549680, 2.000000000000000000 ) ) ;
#4155 = DIRECTION ( 'NONE',  ( 0.000000000000000000, 0.000000000000000000, -1.000000000000000000 ) ) ;
#4156 = ORIENTED_EDGE ( 'NONE', *, *, #6860, .F. ) ;
#4157 = CARTESIAN_POINT ( 'NONE',  ( 1.379935885169562004, -26.52839079975561276, -2.099999999999998757 ) ) ;
#4158 = CARTESIAN_POINT ( 'NONE',  ( 0.000000000000000000, 0.000000000000000000, -2.099999999999998757 ) ) ;
#4159 = CARTESIAN_POINT ( 'NONE',  ( -18.83778878485557939, -19.53549755878801975, 2.000000000000000000 ) ) ;
#4160 = CARTESIAN_POINT ( 'NONE',  ( 18.38167992440536835, 15.16106487615013521, 2.000000000000000000 ) ) ;
#4161 = CARTESIAN_POINT ( 'NONE',  ( 7.601435196559574337, 26.05218098595102916, -2.099999999999997868 ) ) ;
#4162 = CARTESIAN_POINT ( 'NONE',  ( -13.64313002038035805, 23.93181587041764402, 2.000000000000000000 ) ) ;
#4163 = CARTESIAN_POINT ( 'NONE',  ( -13.15214330072518045, -21.16307668733837133, 2.000000000000000000 ) ) ;
#4164 = ORIENTED_EDGE ( 'NONE', *, *, #4703, .F. ) ;
#4165 = CARTESIAN_POINT ( 'NONE',  ( -8.334619726030519260, -21.97658606862351505, -2.099999999999998757 ) ) ;
#4166 = CARTESIAN_POINT ( 'NONE',  ( -24.12574046566792063, 4.783694468719397186, 2.000000000000000000 ) ) ;
#4167 = FACE_OUTER_BOUND ( 'NONE', #4697, .T. ) ;
#4168 = CARTESIAN_POINT ( 'NONE',  ( 23.34891248594831481, -15.11752229210736331, 2.000000000000000000 ) ) ;
#4169 = CARTESIAN_POINT ( 'NONE',  ( -19.42345833902675167, 15.60717637591974238, -2.099999999999998757 ) ) ;
#4170 = CARTESIAN_POINT ( 'NONE',  ( 20.74579233589062355, -11.91211842489101258, -2.099999999999998757 ) ) ;
#4171 = CARTESIAN_POINT ( 'NONE',  ( 24.37956700134304100, 1.099847363974308045, 2.000000000000000000 ) ) ;
#4172 = PLANE ( 'NONE',  #355 ) ;
#4173 = EDGE_LOOP ( 'NONE', ( #565, #7518 ) ) ;
#4174 = DIRECTION ( 'NONE',  ( -1.000000000000000000, 0.000000000000000000, -0.000000000000000000 ) ) ;
#4175 = CARTESIAN_POINT ( 'NONE',  ( -23.19083049382815531, 14.83174289765552878, -2.099999999999998757 ) ) ;
#4176 = DIRECTION ( 'NONE',  ( -1.000000000000000000, 0.000000000000000000, -0.000000000000000000 ) ) ;
#4177 = FACE_OUTER_BOUND ( 'NONE', #2443, .T. ) ;
#4178 = CARTESIAN_POINT ( 'NONE',  ( 17.51894836647310782, -21.23397411160632942, 2.000000000000000000 ) ) ;
#4179 = CARTESIAN_POINT ( 'NONE',  ( 23.15601641226234975, -6.742658068406535143, 2.000000000000000000 ) ) ;
#4180 = CARTESIAN_POINT ( 'NONE',  ( 12.86131782747429497, 20.40223119301177945, 2.000000000000000000 ) ) ;
#4181 = CARTESIAN_POINT ( 'NONE',  ( 7.401289683397457075, 27.00409019895751328, 2.000000000000000000 ) ) ;
#4182 = CARTESIAN_POINT ( 'NONE',  ( 19.87933552333216980, 15.81900378855656975, -2.099999999999999645 ) ) ;
#4183 = CARTESIAN_POINT ( 'NONE',  ( -24.31514428139131923, 10.69735948946558501, 2.000000000000000000 ) ) ;
#4184 = EDGE_LOOP ( 'NONE', ( #7703, #4164 ) ) ;
#4185 = CARTESIAN_POINT ( 'NONE',  ( 23.36986005557945134, -15.15550759550597881, -2.099999999999999645 ) ) ;
#4186 = CARTESIAN_POINT ( 'NONE',  ( -24.94597949059292574, -10.68625558496336936, -2.099999999999998757 ) ) ;
#4187 = CARTESIAN_POINT ( 'NONE',  ( 15.12400615833752049, 19.80199803049036333, -2.099999999999998757 ) ) ;
#4188 = CARTESIAN_POINT ( 'NONE',  ( -12.88716835993242960, 20.50631329690557436, 2.000000000000000000 ) ) ;
#4189 = CARTESIAN_POINT ( 'NONE',  ( -17.37016481680592150, -16.73146461459393208, 2.000000000000000000 ) ) ;
#4190 = CARTESIAN_POINT ( 'NONE',  ( -24.76338133992250334, 1.168557790373918381, 2.000000000000000000 ) ) ;
#4191 = CARTESIAN_POINT ( 'NONE',  ( 1.810672407536176198, 24.85107952805194031, -2.099999999999998757 ) ) ;
#4192 = FACE_OUTER_BOUND ( 'NONE', #5638, .T. ) ;
#4193 = ORIENTED_EDGE ( 'NONE', *, *, #7753, .T. ) ;
#4194 = DIRECTION ( 'NONE',  ( 0.000000000000000000, 0.000000000000000000, -1.000000000000000000 ) ) ;
#4195 = CARTESIAN_POINT ( 'NONE',  ( 5.995909907646281845, 27.35048520283294593, 2.000000000000000000 ) ) ;
#4196 = CARTESIAN_POINT ( 'NONE',  ( -22.62472946281696196, -16.49610842548438683, 2.000000000000000000 ) ) ;
#4197 = CARTESIAN_POINT ( 'NONE',  ( 21.07590994840522924, 12.30361618564758963, 2.000000000000000000 ) ) ;
#4198 = CARTESIAN_POINT ( 'NONE',  ( 7.650756190596012196, 25.73058353783937235, 2.000000000000000000 ) ) ;
#4199 = CARTESIAN_POINT ( 'NONE',  ( -0.8028554030851312584, 27.84232735775772838, 2.000000000000000000 ) ) ;
#4200 = CARTESIAN_POINT ( 'NONE',  ( -13.35177211813241982, -19.34338136197018798, -2.099999999999999645 ) ) ;
#4201 = ORIENTED_EDGE ( 'NONE', *, *, #76, .T. ) ;
#4202 = CARTESIAN_POINT ( 'NONE',  ( -9.484645845787888163, -22.17444536155052504, 2.000000000000000000 ) ) ;
#4203 = DIRECTION ( 'NONE',  ( -0.000000000000000000, -0.000000000000000000, 1.000000000000000000 ) ) ;
#4204 = CARTESIAN_POINT ( 'NONE',  ( -26.00281877978271439, 1.590510388571581002, -2.099999999999998757 ) ) ;
#4205 = CARTESIAN_POINT ( 'NONE',  ( 23.44696917791851831, 15.30488929622618954, -2.099999999999998757 ) ) ;
#4206 = CARTESIAN_POINT ( 'NONE',  ( -22.74963530479514873, -6.146178943449475796, 2.000000000000000000 ) ) ;
#4207 = CARTESIAN_POINT ( 'NONE',  ( 7.988790274807842096, -22.11659910479056634, 2.000000000000000000 ) ) ;
#4208 = CARTESIAN_POINT ( 'NONE',  ( 23.72154950710865506, -0.7592181733933789367, 2.000000000000000000 ) ) ;
#4209 = CARTESIAN_POINT ( 'NONE',  ( -22.28520553958148653, -13.49243943284463398, -2.099999999999998757 ) ) ;
#4210 = EDGE_LOOP ( 'NONE', ( #2988, #574 ) ) ;
#4211 = CARTESIAN_POINT ( 'NONE',  ( -8.686322604036286421, 21.85205998608587308, 2.000000000000000000 ) ) ;
#4212 = CARTESIAN_POINT ( 'NONE',  ( -21.91017567687078227, 10.32144346381599576, -2.099999999999998757 ) ) ;
#4213 = CARTESIAN_POINT ( 'NONE',  ( -20.77276083323510747, -16.13005223007173683, -2.099999999999998757 ) ) ;
#4214 = CARTESIAN_POINT ( 'NONE',  ( 27.50168382512347875, 4.167564886012025127, -2.099999999999998757 ) ) ;
#4215 = CARTESIAN_POINT ( 'NONE',  ( 21.07590994840522924, 12.30361618564758963, -2.099999999999998757 ) ) ;
#4216 = CARTESIAN_POINT ( 'NONE',  ( 23.76414829993700906, -7.060866680122694028, -2.099999999999998757 ) ) ;
#4217 = CARTESIAN_POINT ( 'NONE',  ( 13.35177211813241804, 19.34338136197019153, 2.000000000000000000 ) ) ;
#4218 = CARTESIAN_POINT ( 'NONE',  ( 7.688496923001403971, 25.42728370346966926, 2.000000000000000000 ) ) ;
#4219 = CARTESIAN_POINT ( 'NONE',  ( -1.762385718735289153, -25.16282512725968701, 2.000000000000000000 ) ) ;
#4220 = DIRECTION ( 'NONE',  ( -1.000000000000000000, 0.000000000000000000, 0.000000000000000000 ) ) ;
#4221 = ORIENTED_EDGE ( 'NONE', *, *, #6727, .F. ) ;
#4222 = CARTESIAN_POINT ( 'NONE',  ( 13.64897234715405183, -24.23668220204249479, -2.099999999999998757 ) ) ;
#4223 = CARTESIAN_POINT ( 'NONE',  ( -21.91017567687077872, -10.32144346381600108, -2.099999999999998757 ) ) ;
#4224 = LINE ( 'NONE', #6794, #6670 ) ;
#4225 = CARTESIAN_POINT ( 'NONE',  ( -12.84317218923419723, 20.29695877980780949, 2.000000000000000000 ) ) ;
#4226 = CARTESIAN_POINT ( 'NONE',  ( -17.42017265760603806, -16.82633584436269913, 2.000000000000000000 ) ) ;
#4227 = ADVANCED_FACE ( 'NONE', ( #4811 ), #2834, .T. ) ;
#4228 = FACE_BOUND ( 'NONE', #1386, .T. ) ;
#4229 = CARTESIAN_POINT ( 'NONE',  ( 1.881261915648275496, 24.14640443156747196, 2.000000000000000000 ) ) ;
#4230 = PLANE ( 'NONE',  #925 ) ;
#4231 = AXIS2_PLACEMENT_3D ( 'NONE', #3865, #3231, #2604 ) ;
#4232 = ORIENTED_EDGE ( 'NONE', *, *, #1769, .T. ) ;
#4233 = DIRECTION ( 'NONE',  ( -1.000000000000000000, 0.000000000000000000, 0.000000000000000000 ) ) ;
#4234 = CARTESIAN_POINT ( 'NONE',  ( 7.401289683397443753, -27.00409019895759144, 2.000000000000000000 ) ) ;
#4235 = CARTESIAN_POINT ( 'NONE',  ( -19.55560045884524811, -15.67357176803118790, 2.000000000000000000 ) ) ;
#4236 = CARTESIAN_POINT ( 'NONE',  ( -27.69932686549411116, 4.092342562581378296, 2.000000000000000000 ) ) ;
#4237 = CARTESIAN_POINT ( 'NONE',  ( -24.88813961944797271, 1.197996060026730092, 2.000000000000000000 ) ) ;
#4238 = CARTESIAN_POINT ( 'NONE',  ( 18.09985454995501541, -17.82762258356554597, 2.000000000000000000 ) ) ;
#4239 = VECTOR ( 'NONE', #324, 1000.000000000000000 ) ;
#4240 = DIRECTION ( 'NONE',  ( 1.000000000000000000, 0.000000000000000000, 0.000000000000000000 ) ) ;
#4241 = CARTESIAN_POINT ( 'NONE',  ( -22.91929613358907147, -6.515359526762117603, 2.000000000000000000 ) ) ;
#4242 = ORIENTED_EDGE ( 'NONE', *, *, #3845, .F. ) ;
#4243 = CARTESIAN_POINT ( 'NONE',  ( -7.605208680130565391, -22.99453835804834867, -2.099999999999998757 ) ) ;
#4244 = CARTESIAN_POINT ( 'NONE',  ( -27.87379684341399866, 2.655456558124007937, -2.099999999999998757 ) ) ;
#4245 = CYLINDRICAL_SURFACE ( 'NONE', #7063, 1.749999999999999778 ) ;
#4246 = VECTOR ( 'NONE', #7161, 1000.000000000000000 ) ;
#4247 = CARTESIAN_POINT ( 'NONE',  ( -23.00007343659231651, -5.130111501463104240, -2.099999999999999645 ) ) ;
#4248 = CARTESIAN_POINT ( 'NONE',  ( 9.408316245588480342, -22.09971024729808420, 2.000000000000000000 ) ) ;
#4249 = CARTESIAN_POINT ( 'NONE',  ( 27.92719627399534232, -2.692595338240468816, -2.099999999999998757 ) ) ;
#4250 = AXIS2_PLACEMENT_3D ( 'NONE', #1068, #5574, #2376 ) ;
#4251 = VERTEX_POINT ( 'NONE', #7378 ) ;
#4252 = CARTESIAN_POINT ( 'NONE',  ( -9.555618961847070381, 22.25484530667599614, 2.000000000000000000 ) ) ;
#4253 = CARTESIAN_POINT ( 'NONE',  ( -20.62323650117463103, 11.56374771533979384, -2.099999999999998757 ) ) ;
#4254 = CARTESIAN_POINT ( 'NONE',  ( -22.41476768503927630, -16.47086518437625102, -2.099999999999998757 ) ) ;
#4255 = CARTESIAN_POINT ( 'NONE',  ( -22.73828148979403707, -10.53816474365923384, 2.000000000000000000 ) ) ;
#4256 = CARTESIAN_POINT ( 'NONE',  ( 20.94077984017082272, 12.16847291378771168, -2.099999999999998757 ) ) ;
#4257 = CARTESIAN_POINT ( 'NONE',  ( 22.73975435582775972, -5.989014764842361060, -2.099999999999998757 ) ) ;
#4258 = CARTESIAN_POINT ( 'NONE',  ( -2.035327432088044119, -23.74029248485179266, 2.000000000000000000 ) ) ;
#4259 = CARTESIAN_POINT ( 'NONE',  ( 7.720532692246926842, 23.84272921084243890, 2.000000000000000000 ) ) ;
#4260 = CARTESIAN_POINT ( 'NONE',  ( -25.91507356787314009, 10.60230927570855108, -2.099999999999999645 ) ) ;
#4261 = CARTESIAN_POINT ( 'NONE',  ( 0.7237198720499520288, 27.99064497287975684, 2.000000000000000000 ) ) ;
#4263 = CARTESIAN_POINT ( 'NONE',  ( -0.7237196475847894606, 27.99064539934189710, -2.099999999999998757 ) ) ;
#4262 = CARTESIAN_POINT ( 'NONE',  ( 0.000000000000000000, 0.000000000000000000, 2.000000000000000000 ) ) ;
#4264 = CARTESIAN_POINT ( 'NONE',  ( -20.65156267108763188, -11.69620803915341867, -2.099999999999998757 ) ) ;
#4265 = CARTESIAN_POINT ( 'NONE',  ( 16.08024905276406713, 20.49638744246056632, -2.099999999999998757 ) ) ;
#4266 = AXIS2_PLACEMENT_3D ( 'NONE', #1758, #3613, #414 ) ;
#4267 = CARTESIAN_POINT ( 'NONE',  ( -13.20212662322860275, 21.30225842247369172, 2.000000000000000000 ) ) ;
#4268 = CARTESIAN_POINT ( 'NONE',  ( -17.29220078062825650, -16.53076698689343615, -2.099999999999998757 ) ) ;
#4269 = CARTESIAN_POINT ( 'NONE',  ( -23.49332454121249825, -0.1947784575707349475, 2.000000000000000000 ) ) ;
#4270 = VECTOR ( 'NONE', #7232, 1000.000000000000000 ) ;
#4271 = CARTESIAN_POINT ( 'NONE',  ( 5.995909907728528054, 27.35048520292555807, 2.000000000000000000 ) ) ;
#4272 = CARTESIAN_POINT ( 'NONE',  ( -18.38167992440538256, 15.16106487615012099, 2.000000000000000000 ) ) ;
#4273 = ORIENTED_EDGE ( 'NONE', *, *, #5520, .F. ) ;
#4274 = DIRECTION ( 'NONE',  ( 0.000000000000000000, 0.000000000000000000, -1.000000000000000000 ) ) ;
#4275 = CARTESIAN_POINT ( 'NONE',  ( -19.42345833902674812, -15.60717637591975837, 2.000000000000000000 ) ) ;
#4276 = CARTESIAN_POINT ( 'NONE',  ( 20.74579233589062000, 11.91211842489103034, 2.000000000000000000 ) ) ;
#4277 = FACE_OUTER_BOUND ( 'NONE', #4954, .T. ) ;
#4278 = CARTESIAN_POINT ( 'NONE',  ( 18.51632561903327456, -18.67704107051116225, 2.000000000000000000 ) ) ;
#4279 = CIRCLE ( 'NONE', #6576, 27.99999957948219631 ) ;
#4280 = ADVANCED_FACE ( 'NONE', ( #306 ), #854, .F. ) ;
#4281 = CARTESIAN_POINT ( 'NONE',  ( -1.555379675915636417, 26.00494379640385390, -2.099999999999998757 ) ) ;
#4282 = CARTESIAN_POINT ( 'NONE',  ( -23.93435179486865749, -4.766524473500976633, 2.000000000000000000 ) ) ;
#4283 = ORIENTED_EDGE ( 'NONE', *, *, #1374, .T. ) ;
#4284 = CARTESIAN_POINT ( 'NONE',  ( -7.616738452866459674, -23.18530238615923977, 2.000000000000000000 ) ) ;
#4285 = CARTESIAN_POINT ( 'NONE',  ( -26.50130185302209540, 1.827769560624219913, -2.099999999999998757 ) ) ;
#4286 = CARTESIAN_POINT ( 'NONE',  ( -11.92825694635269151, 24.80951218104272016, 2.000000000000000000 ) ) ;
#4287 = CARTESIAN_POINT ( 'NONE',  ( -23.76414829993701261, -7.060866680122703798, -2.099999999999999645 ) ) ;
#4288 = CARTESIAN_POINT ( 'NONE',  ( 10.25081980592599251, -23.24542008693366313, -2.099999999999999645 ) ) ;
#4289 = CARTESIAN_POINT ( 'NONE',  ( 1.726035193247294597, 25.34659078107458541, -2.099999999999998757 ) ) ;
#4290 = ORIENTED_EDGE ( 'NONE', *, *, #6040, .T. ) ;
#4291 = CARTESIAN_POINT ( 'NONE',  ( -8.148726673636449647, 22.03570943365874157, -2.099999999999998757 ) ) ;
#4292 = CARTESIAN_POINT ( 'NONE',  ( -23.34891264151151802, 15.11752257333330363, -2.099999999999998757 ) ) ;
#4293 = CARTESIAN_POINT ( 'NONE',  ( -22.09150234432848592, -16.42439467822648425, -2.099999999999998757 ) ) ;
#4294 = CARTESIAN_POINT ( 'NONE',  ( -23.08741356227222496, -10.60189590196922893, 2.000000000000000000 ) ) ;
#4295 = CARTESIAN_POINT ( 'NONE',  ( 20.62323650117463103, 11.56374771533981516, 2.000000000000000000 ) ) ;
#4296 = CARTESIAN_POINT ( 'NONE',  ( -21.23211141880578623, 10.40363348579838387, 2.000000000000000000 ) ) ;
#4297 = CARTESIAN_POINT ( 'NONE',  ( -1.555379675915617765, -26.00494379640384324, -2.099999999999998757 ) ) ;
#4298 = CARTESIAN_POINT ( 'NONE',  ( -1.906741771391412099, -24.04223096406908411, -2.099999999999998757 ) ) ;
#4299 = CARTESIAN_POINT ( 'NONE',  ( -1.726035193247308364, -25.34659078107458541, 2.000000000000000000 ) ) ;
#4300 = FACE_OUTER_BOUND ( 'NONE', #3571, .T. ) ;
#4301 = VERTEX_POINT ( 'NONE', #1608 ) ;
#4303 = CARTESIAN_POINT ( 'NONE',  ( 5.995910227648008295, -27.35048556318490398, -2.099999999999998757 ) ) ;
#4302 = CARTESIAN_POINT ( 'NONE',  ( 23.21393719209896389, -4.939781705126438993, 2.000000000000000000 ) ) ;
#4304 = LINE ( 'NONE', #6289, #4246 ) ;
#4305 = CARTESIAN_POINT ( 'NONE',  ( -9.230471089887535285, 21.96684885186929037, -2.099999999999998757 ) ) ;
#4306 = CARTESIAN_POINT ( 'NONE',  ( 7.741715957670631809, -24.19699765967529004, -2.099999999999998757 ) ) ;
#4307 = ADVANCED_FACE ( 'NONE', ( #7294 ), #1528, .F. ) ;
#4308 = CARTESIAN_POINT ( 'NONE',  ( -20.07157227525353704, -15.89590000543998194, -2.099999999999998757 ) ) ;
#4309 = CARTESIAN_POINT ( 'NONE',  ( -23.81253063529220171, 0.8410884408854168992, 2.000000000000000000 ) ) ;
#4310 = CARTESIAN_POINT ( 'NONE',  ( -3.359200862297599066, 23.32460485566309316, -2.099999999999998757 ) ) ;
#4311 = CARTESIAN_POINT ( 'NONE',  ( -18.25928954266905180, 15.16201400375273067, -2.099999999999998757 ) ) ;
#4312 = ORIENTED_EDGE ( 'NONE', *, *, #2927, .T. ) ;
#4313 = CARTESIAN_POINT ( 'NONE',  ( -2.833089530561789360, 23.33259147460854166, 2.000000000000000000 ) ) ;
#4314 = CARTESIAN_POINT ( 'NONE',  ( -20.28441937235456294, -15.97411852388380638, 2.000000000000000000 ) ) ;
#4315 = CARTESIAN_POINT ( 'NONE',  ( 19.13918860107961351, 15.44754172932143632, 2.000000000000000000 ) ) ;
#4316 = CARTESIAN_POINT ( 'NONE',  ( -24.37956700134304810, 1.099847363974305381, -2.099999999999998757 ) ) ;
#4317 = DIRECTION ( 'NONE',  ( -1.000000000000000000, 0.000000000000000000, -0.000000000000000000 ) ) ;
#4318 = CARTESIAN_POINT ( 'NONE',  ( -24.86659007404522725, -7.767174896947399709, 2.000000000000000000 ) ) ;
#4319 = ORIENTED_EDGE ( 'NONE', *, *, #153, .F. ) ;
#4320 = CARTESIAN_POINT ( 'NONE',  ( -8.148726673636438989, -22.03570943365875223, 2.000000000000000000 ) ) ;
#4321 = CARTESIAN_POINT ( 'NONE',  ( 24.19711102278062143, -1.042982032116798852, 2.000000000000000000 ) ) ;
#4322 = CARTESIAN_POINT ( 'NONE',  ( -8.148726673636449647, 22.03570943365874157, 2.000000000000000000 ) ) ;
#4323 = CARTESIAN_POINT ( 'NONE',  ( -22.91929613358907147, -6.515359526762117603, -2.099999999999999645 ) ) ;
#4324 = CARTESIAN_POINT ( 'NONE',  ( 9.555618961847068604, -22.25484530667600325, 2.000000000000000000 ) ) ;
#4325 = CARTESIAN_POINT ( 'NONE',  ( 1.790249464186348893, 24.99754724227145530, 2.000000000000000000 ) ) ;
#4326 = EDGE_CURVE ( 'NONE', #6275, #7695, #4093, .T. ) ;
#4327 = ORIENTED_EDGE ( 'NONE', *, *, #7111, .T. ) ;
#4328 = CARTESIAN_POINT ( 'NONE',  ( -9.873836557350655241, 22.73978747338223272, -2.099999999999998757 ) ) ;
#4329 = CARTESIAN_POINT ( 'NONE',  ( -24.66930537037450577, 7.619416278945011278, -2.099999999999998757 ) ) ;
#4330 = CARTESIAN_POINT ( 'NONE',  ( -20.51809281624190362, -16.05254419007956912, -2.099999999999998757 ) ) ;
#4331 = CARTESIAN_POINT ( 'NONE',  ( -27.87379644711753102, -2.655456283891160840, 2.000000000000000000 ) ) ;
#4332 = DIRECTION ( 'NONE',  ( 0.000000000000000000, 0.000000000000000000, -1.000000000000000000 ) ) ;
#4333 = CARTESIAN_POINT ( 'NONE',  ( -20.86952096496492004, 12.08832612917522376, 2.000000000000000000 ) ) ;
#4334 = CARTESIAN_POINT ( 'NONE',  ( -2.105634209995044248, -23.64010634127341604, -2.099999999999998757 ) ) ;
#4335 = CARTESIAN_POINT ( 'NONE',  ( 9.324636732261661010, 22.03037936177864964, 2.000000000000000000 ) ) ;
#4336 = CARTESIAN_POINT ( 'NONE',  ( -2.105634209995044248, -23.64010634127341604, 2.000000000000000000 ) ) ;
#4337 = CARTESIAN_POINT ( 'NONE',  ( 19.31055424225242589, -15.54648119520596161, -2.099999999999998757 ) ) ;
#4338 = ORIENTED_EDGE ( 'NONE', *, *, #7088, .F. ) ;
#4340 = CARTESIAN_POINT ( 'NONE',  ( 20.69407544885352124, -11.81098159931166514, -2.099999999999999645 ) ) ;
#4339 = CARTESIAN_POINT ( 'NONE',  ( 25.62785817443977265, -4.678588802317970696, 2.000000000000000000 ) ) ;
#4341 = CARTESIAN_POINT ( 'NONE',  ( 23.44696917791849344, -15.30488929622623040, -2.099999999999998757 ) ) ;
#4342 = CARTESIAN_POINT ( 'NONE',  ( 13.61524630358645993, 23.47600944080825514, -2.099999999999998757 ) ) ;
#4343 = CARTESIAN_POINT ( 'NONE',  ( 9.324636732261668115, -22.03037936177865319, -2.099999999999998757 ) ) ;
#4344 = CARTESIAN_POINT ( 'NONE',  ( 19.31055424225242589, -15.54648119520596161, 2.000000000000000000 ) ) ;
#4345 = B_SPLINE_CURVE_WITH_KNOTS ( 'NONE', 3,
 ( #6512, #870, #4112, #2183, #7902, #3310, #1419, #109, #5255, #5928, #7946, #154, #2725, #7859, #2097, #4661, #2141, #3436, #238, #954, #3007, #1623, #2968, #1706, #8025, #2929, #4269, #7393, #5582, #5505, #2262, #6841, #1076, #4309, #3519, #360, #6252, #6129, #6880, #4828, #4190, #5544, #6212, #3681, #6758, #8103, #3642, #993, #8065, #441, #3559, #8142, #2304, #4867, #2385 ),
 .UNSPECIFIED., .F., .F.,
 ( 4, 1, 1, 1, 1, 1, 1, 1, 1, 1, 1, 1, 1, 1, 1, 1, 1, 1, 1, 1, 1, 1, 1, 1, 1, 1, 1, 1, 1, 1, 1, 1, 1, 1, 1, 1, 1, 1, 1, 1, 1, 1, 1, 1, 1, 1, 1, 1, 1, 1, 1, 1, 4 ),
 ( 0.01037070964479166850, 0.06767854499841075011, 0.09884629602760430789, 0.1282330327458526265, 0.1558387551553858108, 0.1816634632588949305, 0.2057071570596704646, 0.2279698365617907063, 0.2484515017704002071, 0.2671521526921107892, 0.2840717893356240475, 0.2992104117127127871, 0.3125680198398574916, 0.3241446137411457817, 0.3339401934538051009, 0.3662021699428081867, 0.3760430630535980256, 0.3856763336118157470, 0.3952492422856400678, 0.4049624801021076692, 0.4150869914083017420, 0.4259748013331248195, 0.4380386266454290856, 0.4516469595390834035, 0.4668849008038628012, 0.4803437228220500677, 0.5000000000000002220, 0.5196562771779504875, 0.5331150991961376429, 0.5483530404609170406, 0.5619613733545713030, 0.5740251986668756246, 0.5849130085916987021, 0.5950375198978927749, 0.6047507577143603763, 0.6143236663881848081, 0.6239569369464024184, 0.6337978300571922574, 0.6660598065461953432, 0.6758553862588546624, 0.6874319801601429525, 0.7007895882872876570, 0.7159282106643762855, 0.7328478473078895439, 0.7515484982296001260, 0.7720301634382096267, 0.7942928429403297574, 0.8183365367411052915, 0.8441612448446143002, 0.8717669672541474846, 0.9011537039723958031, 0.9323214550015893609, 0.9896292903552004194 ),
 .UNSPECIFIED. ) ;
#4346 = CARTESIAN_POINT ( 'NONE',  ( 13.10549974122802475, 21.04367979295773949, -2.099999999999998757 ) ) ;
#4347 = CARTESIAN_POINT ( 'NONE',  ( -2.463801941912943327, 23.38577358155836450, -2.099999999999998757 ) ) ;
#4348 = CARTESIAN_POINT ( 'NONE',  ( -19.87933552333218401, 15.81900378855655553, -2.099999999999998757 ) ) ;
#4349 = EDGE_LOOP ( 'NONE', ( #1635, #8163 ) ) ;
#4350 = EDGE_CURVE ( 'NONE', #1578, #7938, #4925, .T. ) ;
#4351 = CARTESIAN_POINT ( 'NONE',  ( -24.12574046566792063, 4.783694468719397186, -2.100000000000000089 ) ) ;
#4352 = CARTESIAN_POINT ( 'NONE',  ( -3.952016953262640797, 23.89496924813284906, -2.099999999999998757 ) ) ;
#4353 = CARTESIAN_POINT ( 'NONE',  ( 16.30896799194540137, -20.63258928533522152, 2.000000000000000000 ) ) ;
#4354 = CARTESIAN_POINT ( 'NONE',  ( 23.58537593626264695, 6.976039544898394062, 2.000000000000000000 ) ) ;
#4355 = CARTESIAN_POINT ( 'NONE',  ( 7.656852614504651378, 23.37322600383987137, -2.099999999999997868 ) ) ;
#4356 = CARTESIAN_POINT ( 'NONE',  ( 17.51903422860499759, -16.98989084997259624, -2.099999999999998757 ) ) ;
#4357 = CARTESIAN_POINT ( 'NONE',  ( -0.8028554030851312584, 27.84232735775772838, -2.099999999999998757 ) ) ;
#4358 = CARTESIAN_POINT ( 'NONE',  ( -16.30896799194538715, -20.63258928533521441, 2.000000000000000000 ) ) ;
#4359 = ORIENTED_EDGE ( 'NONE', *, *, #7839, .T. ) ;
#4360 = CARTESIAN_POINT ( 'NONE',  ( 22.81713236683327040, 5.623918026294856709, 2.000000000000000000 ) ) ;
#4361 = CARTESIAN_POINT ( 'NONE',  ( -23.44696917791852542, -15.30488929622617533, -2.099999999999998757 ) ) ;
#4362 = CARTESIAN_POINT ( 'NONE',  ( -7.657608382361899224, 22.56335699501520509, 2.000000000000000000 ) ) ;
#4363 = CARTESIAN_POINT ( 'NONE',  ( -23.58537593626265050, -6.976039544898380740, 2.000000000000000000 ) ) ;
#4364 = CARTESIAN_POINT ( 'NONE',  ( 9.873836557350655241, -22.73978747338223982, 2.000000000000000000 ) ) ;
#4365 = AXIS2_PLACEMENT_3D ( 'NONE', #4730, #6662, #2748 ) ;
#4366 = ADVANCED_FACE ( 'NONE', ( #7884 ), #6537, .T. ) ;
#4367 = VECTOR ( 'NONE', #7549, 1000.000000000000000 ) ;
#4368 = ORIENTED_EDGE ( 'NONE', *, *, #6384, .T. ) ;
#4369 = CARTESIAN_POINT ( 'NONE',  ( -9.121658707306945502, 21.91081161619597495, -2.099999999999998757 ) ) ;
#4370 = CARTESIAN_POINT ( 'NONE',  ( -26.06641551139172819, 8.850830399634961765, -2.099999999999998757 ) ) ;
#4371 = CARTESIAN_POINT ( 'NONE',  ( -17.64188601445203730, -17.13764696917009189, -2.099999999999998757 ) ) ;
#4372 = PLANE ( 'NONE',  #2628 ) ;
#4373 = CARTESIAN_POINT ( 'NONE',  ( 22.61633054543464283, 13.93417863138607871, -2.099999999999998757 ) ) ;
#4374 = CARTESIAN_POINT ( 'NONE',  ( -22.96554745452510815, 14.45965356729541540, 2.000000000000000000 ) ) ;
#4375 = CIRCLE ( 'NONE', #5483, 1.750000000000001332 ) ;
#4376 = CARTESIAN_POINT ( 'NONE',  ( -1.939597136465237570, -23.94058417290086993, 2.000000000000000000 ) ) ;
#4377 = CARTESIAN_POINT ( 'NONE',  ( -13.61524630358646171, -23.47600944080825514, -2.099999999999999645 ) ) ;
#4378 = DIRECTION ( 'NONE',  ( 0.000000000000000000, 0.000000000000000000, -1.000000000000000000 ) ) ;
#4379 = CARTESIAN_POINT ( 'NONE',  ( -20.61769535193586833, 11.41192623884528068, -2.099999999999999645 ) ) ;
#4380 = CARTESIAN_POINT ( 'NONE',  ( 7.401289567513950729, 27.00409066674545855, -2.099999999999998757 ) ) ;
#4382 = CARTESIAN_POINT ( 'NONE',  ( 15.02890815691219295, -19.71604682249877527, -2.099999999999998757 ) ) ;
#4381 = CARTESIAN_POINT ( 'NONE',  ( 22.91929613358907503, -6.515359526762108722, 2.000000000000000000 ) ) ;
#4383 = CARTESIAN_POINT ( 'NONE',  ( 13.35177211813241804, 19.34338136197019153, -2.099999999999998757 ) ) ;
#4384 = CARTESIAN_POINT ( 'NONE',  ( -22.91828645517601615, -5.264681564480675036, -2.099999999999998757 ) ) ;
#4385 = CARTESIAN_POINT ( 'NONE',  ( 21.66370631000717495, -16.34569607223865617, 2.000000000000000000 ) ) ;
#4386 = CARTESIAN_POINT ( 'NONE',  ( 13.66345410753368128, 19.13830577319236426, 2.000000000000000000 ) ) ;
#4387 = CARTESIAN_POINT ( 'NONE',  ( -4.082273444348693658, 24.25428063893853192, -2.099999999999998757 ) ) ;
#4388 = CARTESIAN_POINT ( 'NONE',  ( -17.51903422860500115, 16.98989084997259269, 2.000000000000000000 ) ) ;
#4389 = ORIENTED_EDGE ( 'NONE', *, *, #2506, .T. ) ;
#4390 = CARTESIAN_POINT ( 'NONE',  ( -27.50168352227332491, 4.167564993327552259, -2.100000000000000089 ) ) ;
#4391 = CARTESIAN_POINT ( 'NONE',  ( -4.030460310774771848, 24.06924055886029024, -2.099999999999998757 ) ) ;
#4392 = CARTESIAN_POINT ( 'NONE',  ( 14.21926140100350722, -19.11953582679382535, 2.000000000000000000 ) ) ;
#4393 = CARTESIAN_POINT ( 'NONE',  ( 22.73975435582775262, 5.989014764842381489, 2.000000000000000000 ) ) ;
#4394 = CARTESIAN_POINT ( 'NONE',  ( 8.993578510876917065, 21.86672564825609655, -2.099999999999997868 ) ) ;
#4395 = CARTESIAN_POINT ( 'NONE',  ( 24.31153459173803455, 7.374154019703455631, 2.000000000000000000 ) ) ;
#4396 = STYLED_ITEM ( 'NONE', ( #6763 ), #5254 ) ;
#4397 = CARTESIAN_POINT ( 'NONE',  ( 4.482856113983113566, 25.20816636816326195, -2.099999999999998757 ) ) ;
#4398 = ORIENTED_EDGE ( 'NONE', *, *, #6977, .F. ) ;
#4399 = CARTESIAN_POINT ( 'NONE',  ( 5.855490625474240041, -27.19235995339893819, -2.099999999999998757 ) ) ;
#4400 = CARTESIAN_POINT ( 'NONE',  ( 0.000000000000000000, 0.000000000000000000, -2.099999999999998757 ) ) ;
#4401 = CARTESIAN_POINT ( 'NONE',  ( -21.04854468720650118, 16.20550857031050995, 2.000000000000000000 ) ) ;
#4402 = CIRCLE ( 'NONE', #1855, 27.99999957948218920 ) ;
#4403 = CARTESIAN_POINT ( 'NONE',  ( -26.77848301813145326, -4.405768766048603347, -2.099999999999999645 ) ) ;
#4404 = CARTESIAN_POINT ( 'NONE',  ( 7.745447077757181553, -24.40400991946479792, 2.000000000000000000 ) ) ;
#4405 = EDGE_CURVE ( 'NONE', #59, #6175, #3709, .T. ) ;
#4406 = PLANE ( 'NONE',  #1701 ) ;
#4407 = CARTESIAN_POINT ( 'NONE',  ( -12.83364937058816579, 20.18870745851076265, 2.000000000000000000 ) ) ;
#4408 = AXIS2_PLACEMENT_3D ( 'NONE', #7342, #188, #4696 ) ;
#4409 = VERTEX_POINT ( 'NONE', #7843 ) ;
#4410 = CARTESIAN_POINT ( 'NONE',  ( -7.741715957670633586, 24.19699765967528649, 2.000000000000000000 ) ) ;
#4411 = B_SPLINE_CURVE_WITH_KNOTS ( 'NONE', 3,
 ( #577, #7017, #1929, #7785, #5844, #4401, #7610, #619, #3818, #4487, #7107, #1293, #6477, #4575, #72, #3861, #3184, #5801, #3272, #1339, #8320, #7150, #3141, #2647, #7058, #3904, #4531, #5129, #5217, #6974, #8278, #2518, #2020, #5761, #2559, #1211, #5086, #6434, #663, #3228, #7655, #32, #2599, #1381, #1886, #5171, #4445, #704, #3945, #7740, #1973, #539, #3100, #5677, #8239 ),
 .UNSPECIFIED., .F., .F.,
 ( 4, 1, 1, 1, 1, 1, 1, 1, 1, 1, 1, 1, 1, 1, 1, 1, 1, 1, 1, 1, 1, 1, 1, 1, 1, 1, 1, 1, 1, 1, 1, 1, 1, 1, 1, 1, 1, 1, 1, 1, 1, 1, 1, 1, 1, 1, 1, 1, 1, 1, 1, 1, 4 ),
 ( 0.01037070964479239535, 0.06767854499841075011, 0.09884629602760430789, 0.1282330327458526265, 0.1558387551553858108, 0.1816634632588949305, 0.2057071570596704646, 0.2279698365617907063, 0.2484515017704002071, 0.2671521526921107892, 0.2840717893356240475, 0.2992104117127127871, 0.3125680198398574916, 0.3241446137411457817, 0.3339401934538051009, 0.3662021699428081867, 0.3760430630535980256, 0.3856763336118157470, 0.3952492422856400678, 0.4049624801021076692, 0.4150869914083017420, 0.4259748013331248195, 0.4380386266454291411, 0.4516469595390834035, 0.4668849008038628012, 0.4803437228220500677, 0.5000000000000002220, 0.5196562771779504875, 0.5331150991961376429, 0.5483530404609170406, 0.5619613733545713030, 0.5740251986668756246, 0.5849130085916987021, 0.5950375198978927749, 0.6047507577143603763, 0.6143236663881848081, 0.6239569369464024184, 0.6337978300571922574, 0.6660598065461953432, 0.6758553862588546624, 0.6874319801601429525, 0.7007895882872877680, 0.7159282106643762855, 0.7328478473078895439, 0.7515484982296001260, 0.7720301634382096267, 0.7942928429403297574, 0.8183365367411052915, 0.8441612448446143002, 0.8717669672541474846, 0.9011537039723958031, 0.9323214550015893609, 0.9896292903552003084 ),
 .UNSPECIFIED. ) ;
#4412 = CARTESIAN_POINT ( 'NONE',  ( -24.59949625084631819, 4.790317889056091794, -2.099999999999998757 ) ) ;
#4413 = CARTESIAN_POINT ( 'NONE',  ( -25.88937528683162981, 4.628868634690426198, 2.000000000000000000 ) ) ;
#4414 = CARTESIAN_POINT ( 'NONE',  ( 0.000000000000000000, 0.000000000000000000, 2.000000000000000000 ) ) ;
#4415 = CARTESIAN_POINT ( 'NONE',  ( 20.99240193721331948, 10.59640443373928953, -2.099999999999998757 ) ) ;
#4416 = CARTESIAN_POINT ( 'NONE',  ( -21.48061666422703553, 12.62686802027752542, 2.000000000000000000 ) ) ;
#4417 = CARTESIAN_POINT ( 'NONE',  ( -1.790249464186363104, -24.99754724227145530, 2.000000000000000000 ) ) ;
#4418 = CARTESIAN_POINT ( 'NONE',  ( -13.25426296490209310, -21.46155364981478897, 2.000000000000000000 ) ) ;
#4419 = CARTESIAN_POINT ( 'NONE',  ( 20.28441937235455583, 15.97411852388380638, -2.099999999999998757 ) ) ;
#4420 = CARTESIAN_POINT ( 'NONE',  ( -22.27987727495455061, 10.41835660743990033, -2.099999999999999645 ) ) ;
#4421 = CARTESIAN_POINT ( 'NONE',  ( 26.46517536639174750, 4.493494443281885964, -2.099999999999999645 ) ) ;
#4422 = CARTESIAN_POINT ( 'NONE',  ( 0.000000000000000000, 0.000000000000000000, 2.100000000000002309 ) ) ;
#4423 = CARTESIAN_POINT ( 'NONE',  ( 7.656852614504651378, 23.37322600383987137, -2.099999999999998757 ) ) ;
#4425 = CARTESIAN_POINT ( 'NONE',  ( 12.85055170543025049, -19.95373759773044142, -2.099999999999998757 ) ) ;
#4424 = CARTESIAN_POINT ( 'NONE',  ( 23.93435179486865394, -4.766524473500965975, 2.000000000000000000 ) ) ;
#4426 = CARTESIAN_POINT ( 'NONE',  ( 12.86131782747429497, 20.40223119301177945, -2.099999999999998757 ) ) ;
#4427 = CARTESIAN_POINT ( 'NONE',  ( 8.148726673636447870, -22.03570943365874868, -2.099999999999998757 ) ) ;
#4428 = CARTESIAN_POINT ( 'NONE',  ( -21.04854468720649763, -16.20550857031053127, -2.099999999999998757 ) ) ;
#4429 = CARTESIAN_POINT ( 'NONE',  ( 14.21926140100350011, 19.11953582679382890, -2.099999999999998757 ) ) ;
#4430 = CARTESIAN_POINT ( 'NONE',  ( 4.590305982006120722, 25.40785750275295030, 2.000000000000000000 ) ) ;
#4431 = CARTESIAN_POINT ( 'NONE',  ( -17.26619031893428868, 16.42019235248054088, -2.099999999999998757 ) ) ;
#4432 = ORIENTED_EDGE ( 'NONE', *, *, #270, .F. ) ;
#4433 = CARTESIAN_POINT ( 'NONE',  ( -25.52197998938346757, 8.320188513921030093, -2.100000000000000089 ) ) ;
#4434 = CARTESIAN_POINT ( 'NONE',  ( -1.981471996725014506, 23.84030691368550237, 2.000000000000000000 ) ) ;
#4435 = CARTESIAN_POINT ( 'NONE',  ( 12.88702750944971420, -19.82328597831586947, -2.099999999999998757 ) ) ;
#4436 = CARTESIAN_POINT ( 'NONE',  ( 22.79134869580807532, 6.292262679950386683, 2.000000000000000000 ) ) ;
#4437 = CARTESIAN_POINT ( 'NONE',  ( 8.843531895616187910, 21.84292484346595842, -2.099999999999997868 ) ) ;
#4438 = CARTESIAN_POINT ( 'NONE',  ( 23.15601641226234975, 6.742658068406557348, -2.099999999999999645 ) ) ;
#4439 = B_SPLINE_SURFACE_WITH_KNOTS ( 'NONE', 3, 1, ( 
 ( #3726, #6023 ),
 ( #2429, #4390 ),
 ( #2902, #4801 ),
 ( #5434, #297 ),
 ( #2279, #3495 ),
 ( #6299, #528 ),
 ( #7366, #1598 ),
 ( #3050, #6100 ),
 ( #3533, #1637 ),
 ( #2196, #7597 ),
 ( #4127, #3088 ),
 ( #5398, #2465 ),
 ( #6962, #2862 ),
 ( #931, #4996 ),
 ( #5666, #3452 ),
 ( #4166, #4351 ),
 ( #256, #4760 ),
 ( #6064, #486 ),
 ( #6690, #7558 ),
 ( #8226, #1794 ),
 ( #6733, #5033 ),
 ( #968, #333 ),
 ( #6922, #5475 ),
 ( #8038, #4842 ),
 ( #1005, #7408 ),
 ( #3573, #5629 ),
 ( #6258, #1163 ),
 ( #5075, #8309 ),
 ( #4520, #2678 ),
 ( #7643, #7095 ),
 ( #1369, #6336 ),
 ( #7816, #1961 ),
 ( #566, #6378 ),
 ( #6507, #3934 ),
 ( #3128, #3260 ),
 ( #5879, #103 ),
 ( #5249, #2050 ),
 ( #7687, #1200 ),
 ( #4605, #7728 ),
 ( #3807, #606 ),
 ( #1327, #2635 ),
 ( #5749, #4563 ),
 ( #6464, #2548 ),
 ( #5116, #3893 ),
 ( #5703, #1281 ),
 ( #3767, #8265 ),
 ( #2507, #7046 ),
 ( #734, #3303 ),
 ( #5832, #4475 ),
 ( #1917, #693 ),
 ( #1874, #4433 ),
 ( #7006, #1239 ),
 ( #3172, #3850 ),
 ( #5205, #60 ),
 ( #6422, #652 ) ),
 .UNSPECIFIED., .F., .F., .F.,
 ( 4, 1, 1, 1, 1, 1, 1, 1, 1, 1, 1, 1, 1, 1, 1, 1, 1, 1, 1, 1, 1, 1, 1, 1, 1, 1, 1, 1, 1, 1, 1, 1, 1, 1, 1, 1, 1, 1, 1, 1, 1, 1, 1, 1, 1, 1, 1, 1, 1, 1, 1, 1, 4 ),
 ( 2, 2 ),
 ( 0.01037070963360917086, 0.06767854499841075011, 0.09884629602760430789, 0.1282330327458526265, 0.1558387551553858108, 0.1816634632588949305, 0.2057071570596704646, 0.2279698365617907063, 0.2484515017704002071, 0.2671521526921107892, 0.2840717893356240475, 0.2992104117127127871, 0.3125680198398574916, 0.3241446137411457817, 0.3339401934538051009, 0.3662021699428081867, 0.3760430630535980256, 0.3856763336118157470, 0.3952492422856400678, 0.4049624801021076692, 0.4150869914083017420, 0.4259748013331248195, 0.4380386266454291411, 0.4516469595390834035, 0.4668849008038628012, 0.4803437228220500677, 0.5000000000000002220, 0.5196562771779504875, 0.5331150991961376429, 0.5483530404609170406, 0.5619613733545713030, 0.5740251986668756246, 0.5849130085916987021, 0.5950375198978927749, 0.6047507577143603763, 0.6143236663881848081, 0.6239569369464024184, 0.6337978300571922574, 0.6660598065461953432, 0.6758553862588546624, 0.6874319801601429525, 0.7007895882872876570, 0.7159282106643762855, 0.7328478473078895439, 0.7515484982296001260, 0.7720301634382096267, 0.7942928429403297574, 0.8183365367411052915, 0.8441612448446143002, 0.8717669672541474846, 0.9011537039723958031, 0.9323214550015893609, 0.9955048856336415897 ),
 ( 0.000000000000000000, 1.000000000000000000 ),
 .UNSPECIFIED. ) ;
#4440 = CARTESIAN_POINT ( 'NONE',  ( 20.94077984017082272, 12.16847291378771168, -2.099999999999998757 ) ) ;
#4441 = CARTESIAN_POINT ( 'NONE',  ( 3.499191490208520605, 23.38362255772745613, -2.099999999999998757 ) ) ;
#4442 = EDGE_LOOP ( 'NONE', ( #3553, #7435, #4312, #1709 ) ) ;
#4443 = CARTESIAN_POINT ( 'NONE',  ( 5.644338688980887753, -26.94321170799313592, 2.000000000000000000 ) ) ;
#4444 = CARTESIAN_POINT ( 'NONE',  ( -23.90532429094090716, 0.9066066167179744895, -2.099999999999998757 ) ) ;
#4445 = CARTESIAN_POINT ( 'NONE',  ( -18.30266578660394217, 18.21105589998883545, 2.000000000000000000 ) ) ;
#4446 = CARTESIAN_POINT ( 'NONE',  ( -23.74358889077459622, -4.778072828450338427, 2.000000000000000000 ) ) ;
#4447 = CARTESIAN_POINT ( 'NONE',  ( 7.733573568718056457, -24.87706067138158872, -2.099999999999999645 ) ) ;
#4448 = CARTESIAN_POINT ( 'NONE',  ( -1.790249464186380868, 24.99754724227145530, 2.000000000000000000 ) ) ;
#4449 = CARTESIAN_POINT ( 'NONE',  ( -13.25426296490209843, 21.46155364981478542, -2.099999999999998757 ) ) ;
#4450 = ORIENTED_EDGE ( 'NONE', *, *, #2002, .F. ) ;
#4451 = CARTESIAN_POINT ( 'NONE',  ( -25.91507308940462195, -10.60230933437669165, 2.000000000000000000 ) ) ;
#4452 = CARTESIAN_POINT ( 'NONE',  ( -22.85055158908932782, 6.414095051321343277, -2.099999999999998757 ) ) ;
#4453 = CARTESIAN_POINT ( 'NONE',  ( -19.05257571805190153, -20.26599538152711233, -2.099999999999998757 ) ) ;
#4454 = CARTESIAN_POINT ( 'NONE',  ( 23.51784779677759474, -10.65556037457646177, 2.000000000000000000 ) ) ;
#4455 = CARTESIAN_POINT ( 'NONE',  ( 22.59408972245014624, 10.50532236015859056, 2.000000000000000000 ) ) ;
#4456 = CARTESIAN_POINT ( 'NONE',  ( -22.73828148979404062, 10.53816474365922851, 2.000000000000000000 ) ) ;
#4457 = CARTESIAN_POINT ( 'NONE',  ( -4.852431640496120302, -25.84840584550507359, 2.000000000000000000 ) ) ;
#4458 = CARTESIAN_POINT ( 'NONE',  ( 8.686322604036279316, 21.85205998608588018, 2.000000000000000000 ) ) ;
#4459 = CARTESIAN_POINT ( 'NONE',  ( -4.713207230075929566, -25.62151411210381013, 2.000000000000000000 ) ) ;
#4460 = CARTESIAN_POINT ( 'NONE',  ( -20.69407544885352124, 11.81098159931166336, 2.000000000000000000 ) ) ;
#4461 = CARTESIAN_POINT ( 'NONE',  ( -15.68419099428256658, -20.23743569325270641, 2.000000000000000000 ) ) ;
#4462 = CARTESIAN_POINT ( 'NONE',  ( 1.145856306001367342, -27.11429446801521337, 2.000000000000000000 ) ) ;
#4463 = CARTESIAN_POINT ( 'NONE',  ( 7.715738321650222886, 25.14266413352903839, -2.099999999999998757 ) ) ;
#4465 = DIRECTION ( 'NONE',  ( -0.3546048870425355659, -0.9350162426854149444, 0.000000000000000000 ) ) ;
#4464 = CARTESIAN_POINT ( 'NONE',  ( -13.18542992737236474, 19.44527382878997201, -2.099999999999998757 ) ) ;
#4466 = CARTESIAN_POINT ( 'NONE',  ( 13.64180599432622287, 23.91017242908947793, -2.099999999999998757 ) ) ;
#4467 = CARTESIAN_POINT ( 'NONE',  ( -27.69932731590314745, -4.092342391157132830, -2.099999999999998757 ) ) ;
#4468 = B_SPLINE_CURVE_WITH_KNOTS ( 'NONE', 3,
 ( #4509, #7084, #4596, #3883, #6540, #11, #2578, #5149, #6498, #1316, #5822, #52, #7764, #3161, #5738, #2710, #641, #1907, #3967, #2040, #2667, #138, #2623, #5282, #7131, #8298, #4464, #3292, #1230, #771, #7846, #2082, #1360, #724, #5867, #6995, #3798, #5238, #7037, #7170, #7807, #6369, #3338, #596, #2539, #5106, #1270, #6623, #980, #4813, #2874, #7380, #7214, #1610, #942 ),
 .UNSPECIFIED., .F., .F.,
 ( 4, 1, 1, 1, 1, 1, 1, 1, 1, 1, 1, 1, 1, 1, 1, 1, 1, 1, 1, 1, 1, 1, 1, 1, 1, 1, 1, 1, 1, 1, 1, 1, 1, 1, 1, 1, 1, 1, 1, 1, 1, 1, 1, 1, 1, 1, 1, 1, 1, 1, 1, 1, 4 ),
 ( 0.01037066611188609301, 0.06767854499841063909, 0.09884629602760419687, 0.1282330327458525154, 0.1558387551553856998, 0.1816634632588947085, 0.2057071570596702426, 0.2279698365617903733, 0.2484515017703998740, 0.2671521526921104561, 0.2840717893356237145, 0.2992104117127123430, 0.3125680198398570475, 0.3241446137411453376, 0.3339401934538046568, 0.3662021699428077426, 0.3760430630535975816, 0.3856763336118151919, 0.3952492422856396237, 0.4049624801021072251, 0.4150869914083012979, 0.4259748013331243754, 0.4380386266454286970, 0.4516469595390829594, 0.4668849008038623571, 0.4803437228220495125, 0.4999999999999997780, 0.5196562771779499323, 0.5331150991961371988, 0.5483530404609165965, 0.5619613733545708589, 0.5740251986668751805, 0.5849130085916982580, 0.5950375198978923308, 0.6047507577143599322, 0.6143236663881842530, 0.6239569369464019744, 0.6337978300571918133, 0.6660598065461948991, 0.6758553862588542183, 0.6874319801601425084, 0.7007895882872872129, 0.7159282106643759525, 0.7328478473078892108, 0.7515484982295997929, 0.7720301634382092937, 0.7942928429403295354, 0.8183365367411050695, 0.8441612448446141892, 0.8717669672541473735, 0.9011537039723956921, 0.9323214550015892499, 0.9896293338881128054 ),
 .UNSPECIFIED. ) ;
#4469 = B_SPLINE_CURVE_WITH_KNOTS ( 'NONE', 3,
 ( #978, #4254, #4293, #2327, #7499, #4852, #4213, #4330, #2991, #6782, #2367, #386, #2953, #4974, #5529, #8088, #7454, #6823, #1060, #3626, #4934, #1733, #6864, #1099, #3665, #6234, #464, #3030, #2483, #3747, #1811, #5179, #6401, #5227, #5137, #6485, #7706, #3912, #3786, #4371, #4541, #1303, #3106, #6983, #8245, #1347, #8287, #5683, #83, #40, #1219, #7025, #7117, #4453, #5810 ),
 .UNSPECIFIED., .F., .F.,
 ( 4, 1, 1, 1, 1, 1, 1, 1, 1, 1, 1, 1, 1, 1, 1, 1, 1, 1, 1, 1, 1, 1, 1, 1, 1, 1, 1, 1, 1, 1, 1, 1, 1, 1, 1, 1, 1, 1, 1, 1, 1, 1, 1, 1, 1, 1, 1, 1, 1, 1, 1, 1, 4 ),
 ( 0.01037066611188731946, 0.06767854499841063909, 0.09884629602760419687, 0.1282330327458525154, 0.1558387551553856998, 0.1816634632588947085, 0.2057071570596702426, 0.2279698365617903733, 0.2484515017703998740, 0.2671521526921104561, 0.2840717893356237145, 0.2992104117127123430, 0.3125680198398570475, 0.3241446137411453376, 0.3339401934538046568, 0.3662021699428077426, 0.3760430630535975816, 0.3856763336118151919, 0.3952492422856396237, 0.4049624801021072251, 0.4150869914083012979, 0.4259748013331243754, 0.4380386266454286970, 0.4516469595390829594, 0.4668849008038623571, 0.4803437228220495125, 0.4999999999999997780, 0.5196562771779499323, 0.5331150991961371988, 0.5483530404609165965, 0.5619613733545708589, 0.5740251986668751805, 0.5849130085916982580, 0.5950375198978923308, 0.6047507577143599322, 0.6143236663881842530, 0.6239569369464019744, 0.6337978300571918133, 0.6660598065461948991, 0.6758553862588542183, 0.6874319801601425084, 0.7007895882872872129, 0.7159282106643759525, 0.7328478473078890998, 0.7515484982295997929, 0.7720301634382092937, 0.7942928429403295354, 0.8183365367411050695, 0.8441612448446141892, 0.8717669672541473735, 0.9011537039723956921, 0.9323214550015892499, 0.9896293338881140267 ),
 .UNSPECIFIED. ) ;
#4470 = CARTESIAN_POINT ( 'NONE',  ( -19.70744990308224232, -15.74452889495768915, 2.000000000000000000 ) ) ;
#4471 = CARTESIAN_POINT ( 'NONE',  ( 12.85055170543023628, 19.95373759773043787, 2.000000000000000000 ) ) ;
#4472 = CARTESIAN_POINT ( 'NONE',  ( 18.19936168673939392, 18.00918889841835480, 2.000000000000000000 ) ) ;
#4473 = CARTESIAN_POINT ( 'NONE',  ( -17.64188601445204441, 17.13764696917008123, -2.099999999999998757 ) ) ;
#4474 = ORIENTED_EDGE ( 'NONE', *, *, #5622, .T. ) ;
#4475 = CARTESIAN_POINT ( 'NONE',  ( -25.07504586300960625, 7.932732980984140703, -2.100000000000000089 ) ) ;
#4476 = CARTESIAN_POINT ( 'NONE',  ( -3.499191490208550359, 23.38362255772745968, 2.000000000000000000 ) ) ;
#4477 = CARTESIAN_POINT ( 'NONE',  ( 12.84317218923419723, -20.29695877980780949, 2.000000000000000000 ) ) ;
#4478 = CARTESIAN_POINT ( 'NONE',  ( 24.32345666766047643, 4.791663430616663000, 2.000000000000000000 ) ) ;
#4479 = CARTESIAN_POINT ( 'NONE',  ( 7.701896059577414633, 22.44925656542957881, 2.000000000000000000 ) ) ;
#4480 = AXIS2_PLACEMENT_3D ( 'NONE', #1592, #3649, #5550 ) ;
#4481 = CARTESIAN_POINT ( 'NONE',  ( 22.79134869580807532, 6.292262679950386683, 2.000000000000000000 ) ) ;
#4482 = CARTESIAN_POINT ( 'NONE',  ( 20.89282384029108997, 10.74542454372255840, -2.099999999999998757 ) ) ;
#4483 = CARTESIAN_POINT ( 'NONE',  ( -25.15968768847578119, -4.747395707336139914, 2.000000000000000000 ) ) ;
#4484 = VERTEX_POINT ( 'NONE', #767 ) ;
#4485 = CARTESIAN_POINT ( 'NONE',  ( 4.189195047382283654, -24.56227459198278140, -2.099999999999998757 ) ) ;
#4486 = CARTESIAN_POINT ( 'NONE',  ( -25.77590585922884614, -1.494258687380737527, -2.099999999999998757 ) ) ;
#4487 = CARTESIAN_POINT ( 'NONE',  ( -20.07157227525354060, 15.89590000543996595, 2.000000000000000000 ) ) ;
#4488 = EDGE_CURVE ( 'NONE', #8203, #7241, #753, .T. ) ;
#4489 = CARTESIAN_POINT ( 'NONE',  ( -24.95373504430678224, -4.768644361883073834, -2.099999999999999645 ) ) ;
#4490 = CARTESIAN_POINT ( 'NONE',  ( 7.720532692246934836, -23.84272921084243890, 2.000000000000000000 ) ) ;
#4491 = CARTESIAN_POINT ( 'NONE',  ( -19.10294300318478022, 20.47138356506634338, 2.000000000000000000 ) ) ;
#4492 = CARTESIAN_POINT ( 'NONE',  ( -13.58617081224543988, 23.15195374360797942, -2.099999999999998757 ) ) ;
#4493 = VERTEX_POINT ( 'NONE', #4011 ) ;
#4494 = CARTESIAN_POINT ( 'NONE',  ( -7.601435196559586771, 26.05218098595103626, 2.000000000000000000 ) ) ;
#4495 = CARTESIAN_POINT ( 'NONE',  ( -23.07262568452397034, 6.675893319502702816, -2.099999999999998757 ) ) ;
#4496 = CARTESIAN_POINT ( 'NONE',  ( -24.32345666766048353, 4.791663430616632802, 2.000000000000000000 ) ) ;
#4497 = CARTESIAN_POINT ( 'NONE',  ( 23.24438501506255150, 6.803422568062755360, -2.099999999999998757 ) ) ;
#4498 = CARTESIAN_POINT ( 'NONE',  ( 25.91507308952756361, 10.60230933436163170, 2.000000000000000000 ) ) ;
#4499 = DIRECTION ( 'NONE',  ( -0.000000000000000000, -0.000000000000000000, 1.000000000000000000 ) ) ;
#4500 = CARTESIAN_POINT ( 'NONE',  ( 18.49458355994169523, -15.17355739294053940, 2.000000000000000000 ) ) ;
#4501 = AXIS2_PLACEMENT_3D ( 'NONE', #5509, #7397, #2493 ) ;
#4502 = CARTESIAN_POINT ( 'NONE',  ( -4.482856113983126889, -25.20816636816325840, 2.000000000000000000 ) ) ;
#4503 = VERTEX_POINT ( 'NONE', #813 ) ;
#4504 = CARTESIAN_POINT ( 'NONE',  ( -4.852431640496120302, -25.84840584550507359, 2.000000000000000000 ) ) ;
#4505 = CARTESIAN_POINT ( 'NONE',  ( -21.84033501313437142, 12.97800555654220389, 2.000000000000000000 ) ) ;
#4506 = CARTESIAN_POINT ( 'NONE',  ( -17.12241726305228084, -21.05518411798322020, 2.000000000000000000 ) ) ;
#4507 = CARTESIAN_POINT ( 'NONE',  ( 2.035327432088052557, -23.74029248485179266, 2.000000000000000000 ) ) ;
#4508 = CARTESIAN_POINT ( 'NONE',  ( 10.13323285654343664, 23.09959661296539224, -2.099999999999998757 ) ) ;
#4510 = CARTESIAN_POINT ( 'NONE',  ( 0.000000000000000000, 0.000000000000000000, 2.000000000000000000 ) ) ;
#4509 = CARTESIAN_POINT ( 'NONE',  ( -13.64872344037204499, 24.44815634047358444, -2.099999999999998757 ) ) ;
#4511 = CARTESIAN_POINT ( 'NONE',  ( 27.69989843466851198, 2.535120709015747487, 2.000000000000000000 ) ) ;
#4512 = CIRCLE ( 'NONE', #6799, 28.00000000000000000 ) ;
#4513 = CARTESIAN_POINT ( 'NONE',  ( 11.33585971340118981, -24.33300811744742020, -2.099999999999998757 ) ) ;
#4514 = CARTESIAN_POINT ( 'NONE',  ( 18.73200657000872482, -19.22781655172587634, 2.000000000000000000 ) ) ;
#4515 = CARTESIAN_POINT ( 'NONE',  ( 13.61524630358645993, 23.47600944080825514, 2.000000000000000000 ) ) ;
#4516 = CARTESIAN_POINT ( 'NONE',  ( 17.91646094264594780, 17.52377780514963490, 2.000000000000000000 ) ) ;
#4517 = CIRCLE ( 'NONE', #5710, 27.99999957948218920 ) ;
#4518 = FACE_BOUND ( 'NONE', #4778, .T. ) ;
#4519 = EDGE_LOOP ( 'NONE', ( #5586, #6474, #232, #4888 ) ) ;
#4520 = CARTESIAN_POINT ( 'NONE',  ( -22.76403769146248735, 5.811439118492613076, 2.000000000000000000 ) ) ;
#4521 = CARTESIAN_POINT ( 'NONE',  ( -21.98040231662191246, -13.13048226772782634, -2.099999999999998757 ) ) ;
#4522 = CARTESIAN_POINT ( 'NONE',  ( 13.18542992737236474, -19.44527382878997201, -2.099999999999998757 ) ) ;
#4523 = CARTESIAN_POINT ( 'NONE',  ( 24.86659007404522370, 7.767174896947414808, 2.000000000000000000 ) ) ;
#4524 = CARTESIAN_POINT ( 'NONE',  ( 7.865059710290382533, 22.21401039568610614, 2.000000000000000000 ) ) ;
#4525 = CARTESIAN_POINT ( 'NONE',  ( 23.07262568452395968, 6.675893319502731238, -2.099999999999999645 ) ) ;
#4526 = CARTESIAN_POINT ( 'NONE',  ( -0.7237196475847662569, -27.99064539934189710, -2.099999999999998757 ) ) ;
#4527 = CARTESIAN_POINT ( 'NONE',  ( -24.95373504430678224, -4.768644361883073834, 2.000000000000000000 ) ) ;
#4528 = ORIENTED_EDGE ( 'NONE', *, *, #4856, .F. ) ;
#4529 = CARTESIAN_POINT ( 'NONE',  ( 18.01951924820728124, -21.43121382618089754, -2.099999999999998757 ) ) ;
#4530 = DIRECTION ( 'NONE',  ( 0.000000000000000000, 0.000000000000000000, -1.000000000000000000 ) ) ;
#4531 = CARTESIAN_POINT ( 'NONE',  ( -17.71416793792180400, 15.43316205167865540, 2.000000000000000000 ) ) ;
#4532 = CARTESIAN_POINT ( 'NONE',  ( -25.38450439115045398, -4.717739787684796404, -2.099999999999999645 ) ) ;
#4533 = CARTESIAN_POINT ( 'NONE',  ( 7.741715957670631809, -24.19699765967529004, 2.000000000000000000 ) ) ;
#4534 = VECTOR ( 'NONE', #7620, 1000.000000000000000 ) ;
#4535 = CARTESIAN_POINT ( 'NONE',  ( -2.035327432088060551, 23.74029248485179266, 2.000000000000000000 ) ) ;
#4536 = CARTESIAN_POINT ( 'NONE',  ( -14.32589460713082730, 19.15868494228939056, -2.099999999999998757 ) ) ;
#4537 = VECTOR ( 'NONE', #4031, 1000.000000000000000 ) ;
#4538 = EDGE_LOOP ( 'NONE', ( #7801, #219 ) ) ;
#4539 = CARTESIAN_POINT ( 'NONE',  ( -18.01951924820727413, -21.43121382618090465, -2.099999999999998757 ) ) ;
#4540 = CARTESIAN_POINT ( 'NONE',  ( -7.988790274807833214, -22.11659910479056634, 2.000000000000000000 ) ) ;
#4541 = CARTESIAN_POINT ( 'NONE',  ( -17.76075994573093197, -17.29583732711387967, -2.099999999999998757 ) ) ;
#4542 = CARTESIAN_POINT ( 'NONE',  ( 21.69704443755539813, -10.30300297322494885, 2.000000000000000000 ) ) ;
#4543 = CARTESIAN_POINT ( 'NONE',  ( 22.27987727495454706, 10.41835660743991809, 2.000000000000000000 ) ) ;
#4544 = FACE_OUTER_BOUND ( 'NONE', #167, .T. ) ;
#4545 = CARTESIAN_POINT ( 'NONE',  ( 19.31055424225242589, -15.54648119520596161, -2.099999999999998757 ) ) ;
#4546 = VECTOR ( 'NONE', #7578, 1000.000000000000000 ) ;
#4547 = CARTESIAN_POINT ( 'NONE',  ( -4.244076555440668308, -24.69959869036684452, -2.099999999999998757 ) ) ;
#4548 = ORIENTED_EDGE ( 'NONE', *, *, #2253, .T. ) ;
#4549 = CARTESIAN_POINT ( 'NONE',  ( 22.09150234432847881, 16.42439467822648780, -2.099999999999998757 ) ) ;
#4550 = CARTESIAN_POINT ( 'NONE',  ( 28.00000000000000355, 0.000000000000000000, -3.599999999999998757 ) ) ;
#4551 = CARTESIAN_POINT ( 'NONE',  ( -14.75432918952970418, -19.43920578531972509, 2.000000000000000000 ) ) ;
#4552 = PLANE ( 'NONE',  #604 ) ;
#4553 = CARTESIAN_POINT ( 'NONE',  ( 11.58603556222320030, 24.54102139527087800, -2.099999999999998757 ) ) ;
#4555 = CARTESIAN_POINT ( 'NONE',  ( 16.55868018414818010, -20.77185239767592151, -2.099999999999998757 ) ) ;
#4554 = CARTESIAN_POINT ( 'NONE',  ( 25.52197998938346757, -8.320188513921038975, 2.000000000000000000 ) ) ;
#4556 = CARTESIAN_POINT ( 'NONE',  ( 23.81253063529220171, 0.8410884408854198968, 2.000000000000000000 ) ) ;
#4557 = CARTESIAN_POINT ( 'NONE',  ( 26.16863607189503682, -4.567518758412567159, -2.099999999999998757 ) ) ;
#4558 = CARTESIAN_POINT ( 'NONE',  ( 22.75000000000000711, 2.816398403815997151E-15, -3.599999999999998757 ) ) ;
#4559 = CARTESIAN_POINT ( 'NONE',  ( 14.75432918952970063, 19.43920578531972865, 2.000000000000000000 ) ) ;
#4560 = CARTESIAN_POINT ( 'NONE',  ( 18.70321540207055122, 15.22676155773648610, -2.099999999999999645 ) ) ;
#4561 = FACE_BOUND ( 'NONE', #2388, .T. ) ;
#4562 = EDGE_LOOP ( 'NONE', ( #7274, #3951 ) ) ;
#4563 = CARTESIAN_POINT ( 'NONE',  ( -23.87823629154097205, 7.119306137701274295, -2.100000000000000089 ) ) ;
#4564 = EDGE_CURVE ( 'NONE', #3849, #4251, #3309, .T. ) ;
#4565 = DIRECTION ( 'NONE',  ( -0.000000000000000000, -0.000000000000000000, 1.000000000000000000 ) ) ;
#4566 = CARTESIAN_POINT ( 'NONE',  ( -7.452140315435465290, 26.79882114973042917, -2.099999999999998757 ) ) ;
#4567 = CARTESIAN_POINT ( 'NONE',  ( 24.45163473737931881, 4.792937194118093380, 2.000000000000000000 ) ) ;
#4568 = CARTESIAN_POINT ( 'NONE',  ( -15.68419099428257013, 20.23743569325269931, 2.000000000000000000 ) ) ;
#4569 = CARTESIAN_POINT ( 'NONE',  ( 23.87823629154096139, 7.119306137701304493, -2.099999999999999645 ) ) ;
#4570 = DIRECTION ( 'NONE',  ( -1.000000000000000000, 0.000000000000000000, -0.000000000000000000 ) ) ;
#4571 = CARTESIAN_POINT ( 'NONE',  ( -25.62785817443977976, -4.678588802317982243, 2.000000000000000000 ) ) ;
#4572 = VERTEX_POINT ( 'NONE', #178 ) ;
#4573 = CARTESIAN_POINT ( 'NONE',  ( 2.638449045045073493, -23.34550970278806759, 2.000000000000000000 ) ) ;
#4574 = CARTESIAN_POINT ( 'NONE',  ( -13.64872344093925882, -24.44815585854593820, 2.000000000000000000 ) ) ;
#4575 = CARTESIAN_POINT ( 'NONE',  ( -19.42345833902675167, 15.60717637591974238, 2.000000000000000000 ) ) ;
#4576 = CARTESIAN_POINT ( 'NONE',  ( -27.50168352227332136, -4.167564993327574463, 2.000000000000000000 ) ) ;
#4577 = CARTESIAN_POINT ( 'NONE',  ( -24.56950331401515442, -1.128978604501161387, 2.000000000000000000 ) ) ;
#4578 = CARTESIAN_POINT ( 'NONE',  ( -18.96747870321462770, -19.95068840969567603, -2.099999999999998757 ) ) ;
#4579 = CARTESIAN_POINT ( 'NONE',  ( -12.84317218923419723, 20.29695877980780949, -2.099999999999998757 ) ) ;
#4580 = ORIENTED_EDGE ( 'NONE', *, *, #7966, .T. ) ;
#4581 = CARTESIAN_POINT ( 'NONE',  ( 0.7237196475847536004, 27.99064539934190066, -2.099999999999998757 ) ) ;
#4582 = CARTESIAN_POINT ( 'NONE',  ( -10.03175227225609767, -22.96619924196638962, 2.000000000000000000 ) ) ;
#4583 = CARTESIAN_POINT ( 'NONE',  ( -23.15601641226234619, 6.742658068406526262, 2.000000000000000000 ) ) ;
#4584 = CARTESIAN_POINT ( 'NONE',  ( 25.29380829876430070, 8.116834556469591178, -2.099999999999998757 ) ) ;
#4585 = CARTESIAN_POINT ( 'NONE',  ( 22.59408972245014624, 10.50532236015859056, -2.099999999999998757 ) ) ;
#4586 = FACE_OUTER_BOUND ( 'NONE', #295, .T. ) ;
#4587 = CARTESIAN_POINT ( 'NONE',  ( 18.12539239010960301, -15.18249965295455972, -2.099999999999998757 ) ) ;
#4588 = ADVANCED_FACE ( 'NONE', ( #5322, #4685, #2166, #899, #3462, #4729, #6035, #3544, #1139, #5566 ), #5014, .T. ) ;
#4589 = CARTESIAN_POINT ( 'NONE',  ( -21.47582202528875683, -10.32148794313315143, -2.099999999999998757 ) ) ;
#4590 = EDGE_LOOP ( 'NONE', ( #2364, #743 ) ) ;
#4591 = CARTESIAN_POINT ( 'NONE',  ( -4.144933467011473027, -24.44197433207706283, 2.000000000000000000 ) ) ;
#4592 = CARTESIAN_POINT ( 'NONE',  ( -9.945601713251328135, -22.84599953686307572, -2.099999999999998757 ) ) ;
#4593 = CARTESIAN_POINT ( 'NONE',  ( -12.84317218923418835, -20.29695877980780594, 2.000000000000000000 ) ) ;
#4594 = CARTESIAN_POINT ( 'NONE',  ( 1.623578263684214873, -25.76808346599204924, 2.000000000000000000 ) ) ;
#4595 = PLANE ( 'NONE',  #5730 ) ;
#4597 = CARTESIAN_POINT ( 'NONE',  ( -14.51573139705937088, 19.26027195864160291, 2.000000000000000000 ) ) ;
#4596 = CARTESIAN_POINT ( 'NONE',  ( -13.64180599432623531, 23.91017242908947438, -2.099999999999998757 ) ) ;
#4598 = CARTESIAN_POINT ( 'NONE',  ( 25.36983614870255366, -1.341743455198748824, 2.000000000000000000 ) ) ;
#4599 = CARTESIAN_POINT ( 'NONE',  ( 23.74358889077459622, -4.778072828450329546, -2.099999999999998757 ) ) ;
#4600 = DIRECTION ( 'NONE',  ( -1.000000000000000000, 0.000000000000000000, -0.000000000000000000 ) ) ;
#4601 = CARTESIAN_POINT ( 'NONE',  ( 16.82973023395796375, 20.91308632741410278, -2.099999999999998757 ) ) ;
#4602 = CARTESIAN_POINT ( 'NONE',  ( 17.76075994573092842, 17.29583732711387967, 2.000000000000000000 ) ) ;
#4603 = CARTESIAN_POINT ( 'NONE',  ( 17.76075994573093553, -17.29583732711386901, -2.099999999999998757 ) ) ;
#4604 = ORIENTED_EDGE ( 'NONE', *, *, #4878, .T. ) ;
#4605 = CARTESIAN_POINT ( 'NONE',  ( -23.40793038981979635, 6.902300070437893176, 2.000000000000000000 ) ) ;
#4606 = CARTESIAN_POINT ( 'NONE',  ( -5.644338688955453875, 26.94321170796061082, -2.099999999999998757 ) ) ;
#4607 = CARTESIAN_POINT ( 'NONE',  ( 13.61524630358647414, -23.47600944080825869, 2.000000000000000000 ) ) ;
#4608 = CARTESIAN_POINT ( 'NONE',  ( 27.19385050686426197, 4.276646238565400715, 2.000000000000000000 ) ) ;
#4609 = CARTESIAN_POINT ( 'NONE',  ( -13.81390900009209943, 19.09181343516790719, 2.000000000000000000 ) ) ;
#4610 = CARTESIAN_POINT ( 'NONE',  ( 25.38450439115045043, 4.717739787684809727, -2.099999999999999645 ) ) ;
#4611 = EDGE_CURVE ( 'NONE', #6175, #59, #1158, .T. ) ;
#4612 = DIRECTION ( 'NONE',  ( 0.000000000000000000, 0.000000000000000000, -1.000000000000000000 ) ) ;
#4613 = ADVANCED_FACE ( 'NONE', ( #7576 ), #6112, .T. ) ;
#4614 = DIRECTION ( 'NONE',  ( 0.9709418174260519008, 0.2393156642875581275, 0.000000000000000000 ) ) ;
#4615 = EDGE_LOOP ( 'NONE', ( #6335, #7979 ) ) ;
#4616 = CARTESIAN_POINT ( 'NONE',  ( 2.035327432088052557, -23.74029248485179266, 2.000000000000000000 ) ) ;
#4617 = CARTESIAN_POINT ( 'NONE',  ( 4.189195047382262338, 24.56227459198279206, 2.000000000000000000 ) ) ;
#4618 = CARTESIAN_POINT ( 'NONE',  ( 3.902347153244135836, -23.79992060087550954, -2.099999999999998757 ) ) ;
#4619 = CARTESIAN_POINT ( 'NONE',  ( 18.51632561903327101, 18.67704107051118001, 2.000000000000000000 ) ) ;
#4620 = CARTESIAN_POINT ( 'NONE',  ( -25.77590585922884614, -1.494258687380737527, -2.099999999999998757 ) ) ;
#4621 = CARTESIAN_POINT ( 'NONE',  ( 25.56471904745758295, -1.411662356313489353, -2.099999999999998757 ) ) ;
#4622 = EDGE_CURVE ( 'NONE', #5346, #3725, #1017, .T. ) ;
#4623 = CARTESIAN_POINT ( 'NONE',  ( -13.64872344037189045, -24.44815634059743559, 2.000000000000000000 ) ) ;
#4624 = EDGE_LOOP ( 'NONE', ( #1431, #2727 ) ) ;
#4625 = CARTESIAN_POINT ( 'NONE',  ( -7.650756190596010420, -25.73058353783937591, -2.099999999999998757 ) ) ;
#4626 = CARTESIAN_POINT ( 'NONE',  ( -8.686322604036277539, -21.85205998608588374, 2.000000000000000000 ) ) ;
#4627 = CARTESIAN_POINT ( 'NONE',  ( -24.86659007404523436, 7.767174896947384610, 2.000000000000000000 ) ) ;
#4628 = CARTESIAN_POINT ( 'NONE',  ( 22.78920619399659131, -14.18622855212691469, 2.000000000000000000 ) ) ;
#4629 = CARTESIAN_POINT ( 'NONE',  ( -18.25928954266905180, 15.16201400375273067, -2.099999999999998757 ) ) ;
#4630 = CARTESIAN_POINT ( 'NONE',  ( 21.98040231662191957, -13.13048226772782279, -2.099999999999998757 ) ) ;
#4631 = PRODUCT ( 'base_gear_bigger', 'base_gear_bigger', '', ( #3392 ) ) ;
#4632 = CARTESIAN_POINT ( 'NONE',  ( 18.80342269287540446, -15.26496932198516987, 2.000000000000000000 ) ) ;
#4633 = EDGE_CURVE ( 'NONE', #1771, #6275, #4375, .T. ) ;
#4634 = EDGE_CURVE ( 'NONE', #1129, #7823, #4001, .T. ) ;
#4635 = CARTESIAN_POINT ( 'NONE',  ( -4.030460310774755861, -24.06924055886029734, 2.000000000000000000 ) ) ;
#4636 = EDGE_LOOP ( 'NONE', ( #6267, #4767, #1676, #6844 ) ) ;
#4637 = FACE_OUTER_BOUND ( 'NONE', #3766, .T. ) ;
#4638 = CARTESIAN_POINT ( 'NONE',  ( -22.44798333931210976, 13.70307343545945145, 2.000000000000000000 ) ) ;
#4639 = DIRECTION ( 'NONE',  ( -1.000000000000000000, 0.000000000000000000, -0.000000000000000000 ) ) ;
#4640 = CARTESIAN_POINT ( 'NONE',  ( 3.359200862297590628, -23.32460485566309316, 2.000000000000000000 ) ) ;
#4641 = CARTESIAN_POINT ( 'NONE',  ( -4.389956462724892816, 25.02313217738665685, 2.000000000000000000 ) ) ;
#4643 = CARTESIAN_POINT ( 'NONE',  ( -17.51894851297105404, 21.23397417766008033, -2.099999999999998757 ) ) ;
#4642 = CARTESIAN_POINT ( 'NONE',  ( 12.85055170543025049, -19.95373759773044142, 2.000000000000000000 ) ) ;
#4644 = CARTESIAN_POINT ( 'NONE',  ( 24.56950331401515442, -1.128978604501158944, 2.000000000000000000 ) ) ;
#4645 = CARTESIAN_POINT ( 'NONE',  ( -23.07262568452396323, -6.675893319502717915, -2.099999999999998757 ) ) ;
#4646 = AXIS2_PLACEMENT_3D ( 'NONE', #1609, #979, #900 ) ;
#4647 = CARTESIAN_POINT ( 'NONE',  ( 18.40868586258353190, -18.43357243192680528, 2.000000000000000000 ) ) ;
#4648 = CARTESIAN_POINT ( 'NONE',  ( -3.902347153244126510, -23.79992060087550598, -2.099999999999998757 ) ) ;
#4649 = CARTESIAN_POINT ( 'NONE',  ( 17.51903422860498338, 16.98989084997259980, -2.099999999999999645 ) ) ;
#4650 = CARTESIAN_POINT ( 'NONE',  ( 18.62447386782101688, -18.94171889292492139, -2.099999999999998757 ) ) ;
#4651 = AXIS2_PLACEMENT_3D ( 'NONE', #222, #6701, #2079 ) ;
#4652 = ORIENTED_EDGE ( 'NONE', *, *, #6384, .F. ) ;
#4653 = CARTESIAN_POINT ( 'NONE',  ( 20.99240193721332304, -10.59640443373927354, 2.000000000000000000 ) ) ;
#4654 = CARTESIAN_POINT ( 'NONE',  ( -21.23055223844789907, -12.41767842381811171, 2.000000000000000000 ) ) ;
#4655 = CARTESIAN_POINT ( 'NONE',  ( -7.656852614504657595, 23.37322600383986781, -2.099999999999998757 ) ) ;
#4656 = LINE ( 'NONE', #5208, #5971 ) ;
#4657 = CARTESIAN_POINT ( 'NONE',  ( 10.89735721165042293, 23.93603524774558622, 2.000000000000000000 ) ) ;
#4658 = CARTESIAN_POINT ( 'NONE',  ( 24.12574046566791708, 4.783694468719428272, -2.099999999999999645 ) ) ;
#4659 = B_SPLINE_CURVE_WITH_KNOTS ( 'NONE', 3,
 ( #7812, #2129, #2715, #7261, #3974, #3426, #2046, #7175, #1408, #5374, #229, #6545, #4020, #777, #3343, #143, #5287, #7850, #4648, #2088, #7220, #6588, #822, #5957, #1739, #7340, #1575, #2996, #6078, #431, #2373, #945, #3632, #6870, #983, #4775, #4298, #350, #1105, #2251, #6709, #4818, #2918, #6117, #4144, #3510, #5571, #1065, #5534, #8015, #8130, #1655, #470, #6160, #3671 ),
 .UNSPECIFIED., .F., .F.,
 ( 4, 1, 1, 1, 1, 1, 1, 1, 1, 1, 1, 1, 1, 1, 1, 1, 1, 1, 1, 1, 1, 1, 1, 1, 1, 1, 1, 1, 1, 1, 1, 1, 1, 1, 1, 1, 1, 1, 1, 1, 1, 1, 1, 1, 1, 1, 1, 1, 1, 1, 1, 1, 4 ),
 ( 0.01037066611188711129, 0.06767854499841063909, 0.09884629602760419687, 0.1282330327458525154, 0.1558387551553856720, 0.1816634632588947085, 0.2057071570596702426, 0.2279698365617903733, 0.2484515017703998740, 0.2671521526921104561, 0.2840717893356237145, 0.2992104117127123430, 0.3125680198398570475, 0.3241446137411453376, 0.3339401934538046568, 0.3662021699428077426, 0.3760430630535975816, 0.3856763336118151919, 0.3952492422856396237, 0.4049624801021072251, 0.4150869914083012979, 0.4259748013331243754, 0.4380386266454286970, 0.4516469595390829594, 0.4668849008038623571, 0.4803437228220495125, 0.4999999999999997780, 0.5196562771779499323, 0.5331150991961371988, 0.5483530404609165965, 0.5619613733545708589, 0.5740251986668751805, 0.5849130085916982580, 0.5950375198978923308, 0.6047507577143599322, 0.6143236663881842530, 0.6239569369464019744, 0.6337978300571918133, 0.6660598065461948991, 0.6758553862588542183, 0.6874319801601425084, 0.7007895882872872129, 0.7159282106643759525, 0.7328478473078892108, 0.7515484982295997929, 0.7720301634382092937, 0.7942928429403295354, 0.8183365367411050695, 0.8441612448446141892, 0.8717669672541473735, 0.9011537039723956921, 0.9323214550015892499, 0.9896293338881139157 ),
 .UNSPECIFIED. ) ;
#4660 = CIRCLE ( 'NONE', #2768, 27.99999957948218565 ) ;
#4661 = CARTESIAN_POINT ( 'NONE',  ( -24.56950331401515442, -1.128978604501161387, 2.000000000000000000 ) ) ;
#4662 = CARTESIAN_POINT ( 'NONE',  ( -18.00000000000000000, 2.204364238465235428E-15, 0.000000000000000000 ) ) ;
#4663 = VERTEX_POINT ( 'NONE', #2410 ) ;
#4664 = CARTESIAN_POINT ( 'NONE',  ( 1.939597136465246008, -23.94058417290087348, -2.099999999999998757 ) ) ;
#4665 = CARTESIAN_POINT ( 'NONE',  ( 5.183190230475027249, 26.33878392258043633, 2.000000000000000000 ) ) ;
#4666 = CARTESIAN_POINT ( 'NONE',  ( 1.846803834033468039, -24.33438445894235613, -2.099999999999998757 ) ) ;
#4667 = CARTESIAN_POINT ( 'NONE',  ( 17.51903422860498338, 16.98989084997259980, 2.000000000000000000 ) ) ;
#4668 = CARTESIAN_POINT ( 'NONE',  ( -23.55944914529948520, 0.5232380683118280640, -2.099999999999998757 ) ) ;
#4669 = CARTESIAN_POINT ( 'NONE',  ( 25.36983614870255366, -1.341743455198748824, -2.099999999999998757 ) ) ;
#4670 = CARTESIAN_POINT ( 'NONE',  ( -12.83364937058816224, -20.18870745851076975, -2.099999999999999645 ) ) ;
#4671 = EDGE_LOOP ( 'NONE', ( #6698, #7853, #7988, #909 ) ) ;
#4672 = CARTESIAN_POINT ( 'NONE',  ( -7.523321106999707020, -26.48008413692521046, 2.000000000000000000 ) ) ;
#4673 = CARTESIAN_POINT ( 'NONE',  ( -7.688496923001401306, -25.42728370346967637, 2.000000000000000000 ) ) ;
#4674 = CARTESIAN_POINT ( 'NONE',  ( -25.07504586300960625, 7.932732980984140703, 2.000000000000000000 ) ) ;
#4675 = CARTESIAN_POINT ( 'NONE',  ( 0.7237198720499399274, -27.99064497287982434, 2.000000000000000000 ) ) ;
#4676 = CARTESIAN_POINT ( 'NONE',  ( -17.71416793792180400, 15.43316205167865540, -2.099999999999998757 ) ) ;
#4677 = FACE_OUTER_BOUND ( 'NONE', #2277, .T. ) ;
#4678 = EDGE_CURVE ( 'NONE', #4134, #5257, #426, .T. ) ;
#4679 = CARTESIAN_POINT ( 'NONE',  ( 18.60089775827983871, -15.19605903441927630, 2.000000000000000000 ) ) ;
#4680 = AXIS2_PLACEMENT_3D ( 'NONE', #832, #5463, #7948 ) ;
#4681 = CARTESIAN_POINT ( 'NONE',  ( 2.832611943458534398, -23.32865819094296711, 2.000000000000000000 ) ) ;
#4682 = ORIENTED_EDGE ( 'NONE', *, *, #5872, .T. ) ;
#4683 = FACE_OUTER_BOUND ( 'NONE', #5556, .T. ) ;
#4684 = CARTESIAN_POINT ( 'NONE',  ( -9.768079280210441695, -22.57254334279473085, -2.099999999999998757 ) ) ;
#4685 = FACE_BOUND ( 'NONE', #2223, .T. ) ;
#4686 = CARTESIAN_POINT ( 'NONE',  ( -20.64571337519313587, -11.25696429976830437, 2.000000000000000000 ) ) ;
#4687 = CARTESIAN_POINT ( 'NONE',  ( -3.846120836016047928, 23.70909028424117082, 2.000000000000000000 ) ) ;
#4689 = CARTESIAN_POINT ( 'NONE',  ( -15.36687483434010737, 20.00332296475708915, -2.099999999999998757 ) ) ;
#4688 = CARTESIAN_POINT ( 'NONE',  ( 12.83364937058816579, -20.18870745851076265, 2.000000000000000000 ) ) ;
#4690 = AXIS2_PLACEMENT_3D ( 'NONE', #7038, #642, #7085 ) ;
#4691 = CARTESIAN_POINT ( 'NONE',  ( -24.86659007404522725, -7.767174896947399709, -2.099999999999998757 ) ) ;
#4692 = B_SPLINE_CURVE_WITH_KNOTS ( 'NONE', 3,
 ( #4539, #7115, #2566, #5225, #5051, #5093, #7662, #6316, #7023, #5135, #2481, #1893, #7704, #3868, #6440, #669, #5808, #543, #1345, #5681, #8243, #1849, #2195, #296, #3407, #5979, #4717, #209, #4759, #7917, #7322, #5897, #3324, #2232, #4800, #3952, #7871, #6022, #1432, #5268, #2697, #4126, #7198, #2110, #2781, #2861, #6689, #7832, #6647, #123, #885, #3451, #7958, #2154, #1556 ),
 .UNSPECIFIED., .F., .F.,
 ( 4, 1, 1, 1, 1, 1, 1, 1, 1, 1, 1, 1, 1, 1, 1, 1, 1, 1, 1, 1, 1, 1, 1, 1, 1, 1, 1, 1, 1, 1, 1, 1, 1, 1, 1, 1, 1, 1, 1, 1, 1, 1, 1, 1, 1, 1, 1, 1, 1, 1, 1, 1, 4 ),
 ( 0.01037066611188616240, 0.06767854499841063909, 0.09884629602760419687, 0.1282330327458525154, 0.1558387551553856998, 0.1816634632588947085, 0.2057071570596702426, 0.2279698365617903733, 0.2484515017703998740, 0.2671521526921104561, 0.2840717893356237145, 0.2992104117127123430, 0.3125680198398570475, 0.3241446137411453376, 0.3339401934538046568, 0.3662021699428077426, 0.3760430630535975816, 0.3856763336118151919, 0.3952492422856396237, 0.4049624801021072251, 0.4150869914083012979, 0.4259748013331243754, 0.4380386266454286970, 0.4516469595390829594, 0.4668849008038623571, 0.4803437228220495125, 0.4999999999999997224, 0.5196562771779499323, 0.5331150991961371988, 0.5483530404609165965, 0.5619613733545708589, 0.5740251986668751805, 0.5849130085916982580, 0.5950375198978923308, 0.6047507577143599322, 0.6143236663881842530, 0.6239569369464019744, 0.6337978300571918133, 0.6660598065461948991, 0.6758553862588542183, 0.6874319801601425084, 0.7007895882872872129, 0.7159282106643759525, 0.7328478473078892108, 0.7515484982295997929, 0.7720301634382092937, 0.7942928429403295354, 0.8183365367411050695, 0.8441612448446141892, 0.8717669672541473735, 0.9011537039723956921, 0.9323214550015892499, 0.9896293338881111401 ),
 .UNSPECIFIED. ) ;
#4693 = CARTESIAN_POINT ( 'NONE',  ( 18.12539239010960301, -15.18249965295455972, 2.000000000000000000 ) ) ;
#4694 = CARTESIAN_POINT ( 'NONE',  ( 16.08024905276406713, 20.49638744246056632, -2.099999999999998757 ) ) ;
#4695 = CARTESIAN_POINT ( 'NONE',  ( 10.89735721165043358, -23.93603524774560043, 2.000000000000000000 ) ) ;
#4696 = DIRECTION ( 'NONE',  ( 1.000000000000000000, 0.000000000000000000, 0.000000000000000000 ) ) ;
#4697 = EDGE_LOOP ( 'NONE', ( #678, #7463 ) ) ;
#4698 = CARTESIAN_POINT ( 'NONE',  ( 20.81172461973597620, -10.92283569232044904, 2.000000000000000000 ) ) ;
#4699 = CARTESIAN_POINT ( 'NONE',  ( -21.58955567576248313, -12.72687891813089500, -2.099999999999998757 ) ) ;
#4700 = CARTESIAN_POINT ( 'NONE',  ( 13.25426296490209843, -21.46155364981478542, -2.099999999999998757 ) ) ;
#4701 = CARTESIAN_POINT ( 'NONE',  ( 10.70787966366669508, 23.74905515802277023, -2.099999999999997868 ) ) ;
#4702 = CARTESIAN_POINT ( 'NONE',  ( 23.32186741149923392, 4.882063647943462037, 2.000000000000000000 ) ) ;
#4703 = EDGE_CURVE ( 'NONE', #7406, #6013, #8162, .T. ) ;
#4704 = CARTESIAN_POINT ( 'NONE',  ( 23.44696895445781948, 15.30488886923697756, 2.000000000000000000 ) ) ;
#4705 = CARTESIAN_POINT ( 'NONE',  ( 3.952016953262611043, 23.89496924813285617, -2.099999999999998757 ) ) ;
#4706 = CARTESIAN_POINT ( 'NONE',  ( 0.000000000000000000, 0.000000000000000000, -2.099999999999998757 ) ) ;
#4707 = B_SPLINE_SURFACE_WITH_KNOTS ( 'NONE', 3, 1, ( 
 ( #7180, #7855 ),
 ( #7141, #735 ),
 ( #191, #3431 ),
 ( #1329, #867 ),
 ( #6005, #5880 ),
 ( #104, #6593 ),
 ( #6632, #234 ),
 ( #785, #3348 ),
 ( #5379, #2806 ),
 ( #7226, #4521 ),
 ( #827, #7096 ),
 ( #148, #5337 ),
 ( #5923, #4699 ),
 ( #5250, #7817 ),
 ( #2720, #2093 ),
 ( #4654, #1460 ),
 ( #4027, #3390 ),
 ( #5962, #3894 ),
 ( #7897, #2135 ),
 ( #6465, #7266 ),
 ( #61, #2636 ),
 ( #5417, #7466 ),
 ( #8099, #4264 ),
 ( #356, #2339 ),
 ( #4780, #277 ),
 ( #4903, #7981 ),
 ( #988, #6837 ),
 ( #3474, #6673 ),
 ( #316, #3555 ),
 ( #2923, #5540 ),
 ( #6123, #5499 ),
 ( #1702, #398 ),
 ( #7940, #1071 ),
 ( #8061, #2882 ),
 ( #2176, #3638 ),
 ( #6208, #6047 ),
 ( #7428, #437 ),
 ( #3003, #4223 ),
 ( #5455, #4739 ),
 ( #4149, #7305 ),
 ( #2300, #1660 ),
 ( #1539, #2964 ),
 ( #2844, #4863 ),
 ( #2216, #4105 ),
 ( #1030, #6793 ),
 ( #7346, #911 ),
 ( #1580, #6714 ),
 ( #8021, #950 ),
 ( #3596, #3515 ),
 ( #6083, #2257 ),
 ( #4823, #7389 ),
 ( #1619, #4186 ),
 ( #6754, #6166 ),
 ( #761, #3957 ),
 ( #3042, #2614 ) ),
 .UNSPECIFIED., .F., .F., .F.,
 ( 4, 1, 1, 1, 1, 1, 1, 1, 1, 1, 1, 1, 1, 1, 1, 1, 1, 1, 1, 1, 1, 1, 1, 1, 1, 1, 1, 1, 1, 1, 1, 1, 1, 1, 1, 1, 1, 1, 1, 1, 1, 1, 1, 1, 1, 1, 1, 1, 1, 1, 1, 1, 4 ),
 ( 2, 2 ),
 ( 0.01037066610069930714, 0.06767854499841075011, 0.09884629602760430789, 0.1282330327458526265, 0.1558387551553858108, 0.1816634632588949305, 0.2057071570596704646, 0.2279698365617907063, 0.2484515017704002071, 0.2671521526921107892, 0.2840717893356240475, 0.2992104117127127871, 0.3125680198398574916, 0.3241446137411457817, 0.3339401934538051009, 0.3662021699428081867, 0.3760430630535980256, 0.3856763336118157470, 0.3952492422856400678, 0.4049624801021076692, 0.4150869914083017420, 0.4259748013331248195, 0.4380386266454291411, 0.4516469595390834035, 0.4668849008038628012, 0.4803437228220500677, 0.5000000000000002220, 0.5196562771779504875, 0.5331150991961376429, 0.5483530404609170406, 0.5619613733545713030, 0.5740251986668756246, 0.5849130085916987021, 0.5950375198978927749, 0.6047507577143603763, 0.6143236663881848081, 0.6239569369464024184, 0.6337978300571922574, 0.6660598065461953432, 0.6758553862588546624, 0.6874319801601429525, 0.7007895882872876570, 0.7159282106643762855, 0.7328478473078895439, 0.7515484982296001260, 0.7720301634382096267, 0.7942928429403297574, 0.8183365367411052915, 0.8441612448446143002, 0.8717669672541474846, 0.9011537039723958031, 0.9323214550015893609, 0.9896292903663900242 ),
 ( 0.000000000000000000, 1.000000000000000000 ),
 .UNSPECIFIED. ) ;
#4708 = VERTEX_POINT ( 'NONE', #8206 ) ;
#4709 = CARTESIAN_POINT ( 'NONE',  ( 3.612999446203297715, -23.45707906485272431, 2.000000000000000000 ) ) ;
#4710 = CARTESIAN_POINT ( 'NONE',  ( 1.790249464186348893, 24.99754724227145530, 2.000000000000000000 ) ) ;
#4711 = CARTESIAN_POINT ( 'NONE',  ( 1.981471996725006290, -23.84030691368550237, -2.099999999999998757 ) ) ;
#4712 = CARTESIAN_POINT ( 'NONE',  ( 17.83462167525288677, 17.40060223031303721, 2.000000000000000000 ) ) ;
#4713 = CARTESIAN_POINT ( 'NONE',  ( -23.72154950710864441, -0.7592181733933821564, 2.000000000000000000 ) ) ;
#4714 = CARTESIAN_POINT ( 'NONE',  ( 23.63491054742290132, 0.6550942090464551004, -2.099999999999998757 ) ) ;
#4715 = CARTESIAN_POINT ( 'NONE',  ( -12.88716835993242427, -20.50631329690557791, 2.000000000000000000 ) ) ;
#4716 = ORIENTED_EDGE ( 'NONE', *, *, #5240, .T. ) ;
#4717 = CARTESIAN_POINT ( 'NONE',  ( -13.50602898338108560, -19.22398027845277113, -2.099999999999998757 ) ) ;
#4718 = CARTESIAN_POINT ( 'NONE',  ( -7.733032203436363439, -24.00987265162541462, 2.000000000000000000 ) ) ;
#4719 = CARTESIAN_POINT ( 'NONE',  ( -22.85055158908932782, 6.414095051321343277, 2.000000000000000000 ) ) ;
#4720 = CARTESIAN_POINT ( 'NONE',  ( 20.71178771499497984, -11.09036006156942733, 2.000000000000000000 ) ) ;
#4721 = CARTESIAN_POINT ( 'NONE',  ( -17.76075994573093908, 17.29583732711386546, -2.099999999999998757 ) ) ;
#4722 = CARTESIAN_POINT ( 'NONE',  ( 24.62078186107714117, -10.69645268464870824, -2.099999999999998757 ) ) ;
#4723 = CARTESIAN_POINT ( 'NONE',  ( 17.83462167525290099, -17.40060223031303011, -2.099999999999998757 ) ) ;
#4724 = CARTESIAN_POINT ( 'NONE',  ( -21.98040231662191246, -13.13048226772782634, -2.099999999999998757 ) ) ;
#4725 = EDGE_CURVE ( 'NONE', #7147, #7949, #2446, .T. ) ;
#4726 = ORIENTED_EDGE ( 'NONE', *, *, #4405, .F. ) ;
#4727 = CARTESIAN_POINT ( 'NONE',  ( 17.32735312033765140, 16.63359376186219762, -2.099999999999998757 ) ) ;
#4728 = CARTESIAN_POINT ( 'NONE',  ( -22.28520553958149719, 13.49243943284463398, -2.099999999999999645 ) ) ;
#4729 = FACE_BOUND ( 'NONE', #2852, .T. ) ;
#4730 = CARTESIAN_POINT ( 'NONE',  ( 0.000000000000000000, 0.000000000000000000, 2.000000000000000000 ) ) ;
#4731 = CARTESIAN_POINT ( 'NONE',  ( 16.08024905276406713, -20.49638744246054856, 2.000000000000000000 ) ) ;
#4732 = CARTESIAN_POINT ( 'NONE',  ( 22.79134869580807177, -6.292262679950364479, -2.099999999999998757 ) ) ;
#4733 = CARTESIAN_POINT ( 'NONE',  ( 13.66345410753368128, 19.13830577319236426, 2.000000000000000000 ) ) ;
#4734 = CARTESIAN_POINT ( 'NONE',  ( 17.53871597601347787, 21.24288703357684227, 2.000000000000000000 ) ) ;
#4735 = CARTESIAN_POINT ( 'NONE',  ( 10.03175227225610655, -22.96619924196638607, 2.000000000000000000 ) ) ;
#4736 = DIRECTION ( 'NONE',  ( -0.000000000000000000, 0.000000000000000000, -1.000000000000000000 ) ) ;
#4737 = EDGE_LOOP ( 'NONE', ( #6421, #3513, #7831, #8133 ) ) ;
#4738 = CARTESIAN_POINT ( 'NONE',  ( 21.47582202528876039, -10.32148794313314788, -2.099999999999999645 ) ) ;
#4739 = CARTESIAN_POINT ( 'NONE',  ( -22.09815905990547691, -10.35588323418788015, -2.099999999999998757 ) ) ;
#4740 = CARTESIAN_POINT ( 'NONE',  ( 13.20212662322860275, -21.30225842247369172, -2.099999999999998757 ) ) ;
#4741 = DIRECTION ( 'NONE',  ( 0.000000000000000000, 0.000000000000000000, -1.000000000000000000 ) ) ;
#4742 = CARTESIAN_POINT ( 'NONE',  ( 11.10648537714066997, 24.13101166629980554, 2.000000000000000000 ) ) ;
#4743 = CARTESIAN_POINT ( 'NONE',  ( -17.45584392081710945, -15.72474958968643044, -2.099999999999998757 ) ) ;
#4744 = CARTESIAN_POINT ( 'NONE',  ( 0.7237196475848103328, -27.99064539934189355, -2.099999999999998757 ) ) ;
#4745 = CARTESIAN_POINT ( 'NONE',  ( 2.833089530561761382, 23.33259147460854521, -2.099999999999998757 ) ) ;
#4746 = CARTESIAN_POINT ( 'NONE',  ( 1.726035193247294597, 25.34659078107458541, -2.099999999999998757 ) ) ;
#4747 = ORIENTED_EDGE ( 'NONE', *, *, #4564, .F. ) ;
#4748 = CARTESIAN_POINT ( 'NONE',  ( 2.105634209995053574, -23.64010634127342669, -2.099999999999998757 ) ) ;
#4749 = EDGE_CURVE ( 'NONE', #2505, #1782, #4469, .T. ) ;
#4750 = CARTESIAN_POINT ( 'NONE',  ( 1.474499619732432265, 26.25856105065618706, 2.000000000000000000 ) ) ;
#4751 = CARTESIAN_POINT ( 'NONE',  ( 3.781464864188905484, -23.62174820993211455, -2.099999999999998757 ) ) ;
#4752 = CARTESIAN_POINT ( 'NONE',  ( 17.26619031893427447, 16.42019235248055509, 2.000000000000000000 ) ) ;
#4753 = CARTESIAN_POINT ( 'NONE',  ( -25.36983614870255366, -1.341743455198752155, 2.000000000000000000 ) ) ;
#4754 = CARTESIAN_POINT ( 'NONE',  ( 23.81253063529220171, 0.8410884408854198968, -2.099999999999998757 ) ) ;
#4755 = EDGE_CURVE ( 'NONE', #6883, #6121, #3870, .T. ) ;
#4756 = CARTESIAN_POINT ( 'NONE',  ( -14.88619985382989697, -19.57897187542435091, -2.099999999999999645 ) ) ;
#4757 = EDGE_CURVE ( 'NONE', #833, #896, #713, .T. ) ;
#4758 = VERTEX_POINT ( 'NONE', #6941 ) ;
#4759 = CARTESIAN_POINT ( 'NONE',  ( -13.18542992737235764, -19.44527382878997557, -2.099999999999998757 ) ) ;
#4760 = CARTESIAN_POINT ( 'NONE',  ( -23.93435179486865039, 4.766524473500956205, -2.100000000000000089 ) ) ;
#4761 = CARTESIAN_POINT ( 'NONE',  ( -25.29380829876431136, 8.116834556469559203, 2.000000000000000000 ) ) ;
#4762 = CARTESIAN_POINT ( 'NONE',  ( 21.84033501313437142, -12.97800555654220389, 2.000000000000000000 ) ) ;
#4763 = CARTESIAN_POINT ( 'NONE',  ( -26.28829563214685905, -9.090474303196764083, 2.000000000000000000 ) ) ;
#4764 = CARTESIAN_POINT ( 'NONE',  ( 11.33585971340118981, -24.33300811744742020, 2.000000000000000000 ) ) ;
#4765 = CARTESIAN_POINT ( 'NONE',  ( 0.000000000000000000, 0.000000000000000000, 2.000000000000000000 ) ) ;
#4766 = EDGE_CURVE ( 'NONE', #542, #8225, #7664, .T. ) ;
#4767 = ORIENTED_EDGE ( 'NONE', *, *, #1737, .F. ) ;
#4768 = DIRECTION ( 'NONE',  ( -1.000000000000000000, 0.000000000000000000, 0.000000000000000000 ) ) ;
#4769 = CARTESIAN_POINT ( 'NONE',  ( -7.733573568718044910, -24.87706067138157806, -2.099999999999998757 ) ) ;
#4770 = DIRECTION ( 'NONE',  ( 0.000000000000000000, 0.000000000000000000, -1.000000000000000000 ) ) ;
#4771 = CARTESIAN_POINT ( 'NONE',  ( -21.70974829699418507, -12.84369887095659912, 2.000000000000000000 ) ) ;
#4772 = CARTESIAN_POINT ( 'NONE',  ( 13.55023046621763783, -22.84843530275376011, 2.000000000000000000 ) ) ;
#4773 = CARTESIAN_POINT ( 'NONE',  ( 24.86659007404523791, -7.767174896947393492, -2.099999999999998757 ) ) ;
#4774 = CARTESIAN_POINT ( 'NONE',  ( -14.84924240491749892, 14.84924240491749536, 2.100000000000001865 ) ) ;
#4775 = CARTESIAN_POINT ( 'NONE',  ( -1.939597136465237570, -23.94058417290086993, -2.099999999999998757 ) ) ;
#4776 = CARTESIAN_POINT ( 'NONE',  ( 9.484645845787897045, -22.17444536155052859, 2.000000000000000000 ) ) ;
#4777 = CARTESIAN_POINT ( 'NONE',  ( 18.97770164392054326, -15.34339570340774550, -2.099999999999998757 ) ) ;
#4778 = EDGE_LOOP ( 'NONE', ( #1617, #7870, #4033, #8284 ) ) ;
#4779 = CARTESIAN_POINT ( 'NONE',  ( 24.02931632081063995, -10.69009516955077110, -2.099999999999999645 ) ) ;
#4780 = CARTESIAN_POINT ( 'NONE',  ( -20.61769535193586478, -11.41192623884528601, 2.000000000000000000 ) ) ;
#4781 = CARTESIAN_POINT ( 'NONE',  ( -9.121658707306945502, 21.91081161619597495, -2.099999999999998757 ) ) ;
#4782 = CIRCLE ( 'NONE', #1684, 27.99999957948218920 ) ;
#4783 = CARTESIAN_POINT ( 'NONE',  ( -13.64180598451631177, 23.91017226872972046, 2.000000000000000000 ) ) ;
#4784 = B_SPLINE_CURVE_WITH_KNOTS ( 'NONE', 3,
 ( #3193, #2609, #3827, #585, #628, #1937, #4413, #6356, #3149, #5726, #2528, #545, #7751, #1982, #4496, #5095, #5769, #8328, #7070, #2699, #7200, #2028, #7324, #6065, #1558, #7244, #1477, #1518, #2863, #298, #887, #5270, #4719, #7793, #7158, #6650, #4583, #4128, #3453, #7285, #757, #5899, #6691, #5941, #3326, #1389, #6024, #4627, #4674, #4761, #2113, #257, #211, #932, #4044 ),
 .UNSPECIFIED., .F., .F.,
 ( 4, 1, 1, 1, 1, 1, 1, 1, 1, 1, 1, 1, 1, 1, 1, 1, 1, 1, 1, 1, 1, 1, 1, 1, 1, 1, 1, 1, 1, 1, 1, 1, 1, 1, 1, 1, 1, 1, 1, 1, 1, 1, 1, 1, 1, 1, 1, 1, 1, 1, 1, 1, 4 ),
 ( 0.01037070964479203106, 0.06767854499841075011, 0.09884629602760430789, 0.1282330327458526265, 0.1558387551553858108, 0.1816634632588949305, 0.2057071570596704646, 0.2279698365617907063, 0.2484515017704002071, 0.2671521526921107892, 0.2840717893356240475, 0.2992104117127127871, 0.3125680198398574916, 0.3241446137411457817, 0.3339401934538051009, 0.3662021699428081312, 0.3760430630535980256, 0.3856763336118157470, 0.3952492422856400678, 0.4049624801021076692, 0.4150869914083017420, 0.4259748013331248195, 0.4380386266454291411, 0.4516469595390834035, 0.4668849008038628012, 0.4803437228220500677, 0.5000000000000002220, 0.5196562771779504875, 0.5331150991961376429, 0.5483530404609170406, 0.5619613733545713030, 0.5740251986668756246, 0.5849130085916987021, 0.5950375198978927749, 0.6047507577143603763, 0.6143236663881848081, 0.6239569369464024184, 0.6337978300571922574, 0.6660598065461953432, 0.6758553862588546624, 0.6874319801601429525, 0.7007895882872876570, 0.7159282106643762855, 0.7328478473078895439, 0.7515484982296001260, 0.7720301634382096267, 0.7942928429403297574, 0.8183365367411052915, 0.8441612448446143002, 0.8717669672541474846, 0.9011537039723958031, 0.9323214550015893609, 0.9896292903552005304 ),
 .UNSPECIFIED. ) ;
#4785 = CARTESIAN_POINT ( 'NONE',  ( -18.09985454995500831, -17.82762258356555307, 2.000000000000000000 ) ) ;
#4786 = CARTESIAN_POINT ( 'NONE',  ( 22.44798333931210976, 13.70307343545947454, -2.099999999999998757 ) ) ;
#4787 = VECTOR ( 'NONE', #5500, 1000.000000000000000 ) ;
#4788 = CARTESIAN_POINT ( 'NONE',  ( 4.189195047382262338, 24.56227459198279206, -2.099999999999998757 ) ) ;
#4789 = PLANE ( 'NONE',  #6567 ) ;
#4790 = EDGE_LOOP ( 'NONE', ( #2464, #6377 ) ) ;
#4791 = CARTESIAN_POINT ( 'NONE',  ( 1.270707428516388404, -26.81384534371724016, 2.000000000000000000 ) ) ;
#4792 = DIRECTION ( 'NONE',  ( 0.000000000000000000, 0.000000000000000000, -1.000000000000000000 ) ) ;
#4793 = CARTESIAN_POINT ( 'NONE',  ( 4.389956462724883934, -25.02313217738665685, -2.099999999999998757 ) ) ;
#4794 = CARTESIAN_POINT ( 'NONE',  ( 20.62323650117463103, 11.56374771533981516, 2.000000000000000000 ) ) ;
#4795 = CARTESIAN_POINT ( 'NONE',  ( 7.452140315417450367, 26.79882114981106866, -2.099999999999997868 ) ) ;
#4796 = AXIS2_PLACEMENT_3D ( 'NONE', #3335, #1445, #7334 ) ;
#4797 = CARTESIAN_POINT ( 'NONE',  ( 27.87379684341399511, -2.655456558124006605, -2.099999999999998757 ) ) ;
#4798 = CARTESIAN_POINT ( 'NONE',  ( -15.23641901094385354, -19.89808777236047632, -2.099999999999999645 ) ) ;
#4799 = VERTEX_POINT ( 'NONE', #2655 ) ;
#4800 = CARTESIAN_POINT ( 'NONE',  ( -12.83364937058816224, -20.18870745851076975, -2.099999999999998757 ) ) ;
#4801 = CARTESIAN_POINT ( 'NONE',  ( -27.19385050690370065, 4.276646238553103885, -2.100000000000000089 ) ) ;
#4802 = CARTESIAN_POINT ( 'NONE',  ( 23.81253063529220171, -0.8410884408854197858, 2.000000000000000000 ) ) ;
#4803 = CARTESIAN_POINT ( 'NONE',  ( 20.94077984017083338, -12.16847291378769569, 2.000000000000000000 ) ) ;
#4804 = CARTESIAN_POINT ( 'NONE',  ( -17.26619031893428868, 16.42019235248054088, -2.099999999999998757 ) ) ;
#4805 = CARTESIAN_POINT ( 'NONE',  ( 21.91017567687078227, -10.32144346381599753, -2.099999999999998757 ) ) ;
#4806 = CARTESIAN_POINT ( 'NONE',  ( 23.90532429094090716, 0.9066066167179774871, 2.000000000000000000 ) ) ;
#4807 = CARTESIAN_POINT ( 'NONE',  ( -20.69407544885351768, -11.81098159931166869, -2.099999999999998757 ) ) ;
#4808 = ORIENTED_EDGE ( 'NONE', *, *, #7880, .T. ) ;
#4809 = CARTESIAN_POINT ( 'NONE',  ( 17.25237999601835881, 16.29857992973629521, -2.099999999999998757 ) ) ;
#4810 = CARTESIAN_POINT ( 'NONE',  ( -7.523321107007124198, -26.48008413688458518, -2.099999999999998757 ) ) ;
#4811 = FACE_OUTER_BOUND ( 'NONE', #7616, .T. ) ;
#4812 = CARTESIAN_POINT ( 'NONE',  ( -22.44798333931211687, -13.70307343545946388, 2.000000000000000000 ) ) ;
#4813 = CARTESIAN_POINT ( 'NONE',  ( -16.55868018414818010, 20.77185239767592151, -2.099999999999998757 ) ) ;
#4814 = CARTESIAN_POINT ( 'NONE',  ( 22.91929613358907503, -6.515359526762108722, 2.000000000000000000 ) ) ;
#4815 = AXIS2_PLACEMENT_3D ( 'NONE', #2234, #7367, #8079 ) ;
#4816 = ADVANCED_FACE ( 'NONE', ( #1896 ), #1181, .F. ) ;
#4817 = CARTESIAN_POINT ( 'NONE',  ( 12.95267602360809178, 19.68627963667923098, 2.000000000000000000 ) ) ;
#4818 = CARTESIAN_POINT ( 'NONE',  ( -1.810672407536190187, -24.85107952805193676, -2.099999999999998757 ) ) ;
#4819 = CARTESIAN_POINT ( 'NONE',  ( 9.945601713251333464, -22.84599953686306506, 2.000000000000000000 ) ) ;
#4820 = CARTESIAN_POINT ( 'NONE',  ( 22.09150234432848947, -16.42439467822647003, -2.099999999999998757 ) ) ;
#4821 = ORIENTED_EDGE ( 'NONE', *, *, #2643, .T. ) ;
#4822 = CARTESIAN_POINT ( 'NONE',  ( 21.07590994840524345, -12.30361618564757720, 2.000000000000000000 ) ) ;
#4823 = CARTESIAN_POINT ( 'NONE',  ( -24.62078186107713407, -10.69645268464871180, 2.000000000000000000 ) ) ;
#4824 = DIRECTION ( 'NONE',  ( -0.000000000000000000, 0.000000000000000000, 1.000000000000000000 ) ) ;
#4825 = CARTESIAN_POINT ( 'NONE',  ( -13.15214330072518933, 21.16307668733837488, 2.000000000000000000 ) ) ;
#4826 = AXIS2_PLACEMENT_3D ( 'NONE', #2233, #1830, #6771 ) ;
#4827 = CARTESIAN_POINT ( 'NONE',  ( -18.30266578660393506, -18.21105589998884966, 2.000000000000000000 ) ) ;
#4828 = CARTESIAN_POINT ( 'NONE',  ( -24.56950331401515442, 1.128978604501155836, 2.000000000000000000 ) ) ;
#4829 = CARTESIAN_POINT ( 'NONE',  ( 1.846803834033445613, 24.33438445894235258, 2.000000000000000000 ) ) ;
#4830 = B_SPLINE_CURVE_WITH_KNOTS ( 'NONE', 3,
 ( #6357, #586, #6486, #2529, #1390, #3281, #1348, #1897, #4454, #1259, #6402, #629, #6443, #3237, #5811, #41, #5180, #7752, #1983, #4542, #5436, #171, #6612, #2070, #4129, #6025, #4085, #258, #4720, #5982, #3410, #6651, #888, #2236, #5313, #7835, #2739, #4803, #7920, #8001, #1600, #2157, #1478, #6102, #4762, #299, #6572, #7326, #6692, #5942, #4628, #1559, #7368, #4168, #5271 ),
 .UNSPECIFIED., .F., .F.,
 ( 4, 1, 1, 1, 1, 1, 1, 1, 1, 1, 1, 1, 1, 1, 1, 1, 1, 1, 1, 1, 1, 1, 1, 1, 1, 1, 1, 1, 1, 1, 1, 1, 1, 1, 1, 1, 1, 1, 1, 1, 1, 1, 1, 1, 1, 1, 1, 1, 1, 1, 1, 1, 4 ),
 ( 0.01037070964479265556, 0.06767854499841075011, 0.09884629602760430789, 0.1282330327458526265, 0.1558387551553858108, 0.1816634632588949305, 0.2057071570596704646, 0.2279698365617907063, 0.2484515017704002071, 0.2671521526921107892, 0.2840717893356240475, 0.2992104117127127871, 0.3125680198398574916, 0.3241446137411457817, 0.3339401934538051009, 0.3662021699428081867, 0.3760430630535980256, 0.3856763336118157470, 0.3952492422856400678, 0.4049624801021076692, 0.4150869914083017420, 0.4259748013331248195, 0.4380386266454291411, 0.4516469595390834035, 0.4668849008038628012, 0.4803437228220500677, 0.5000000000000002220, 0.5196562771779504875, 0.5331150991961376429, 0.5483530404609170406, 0.5619613733545713030, 0.5740251986668756246, 0.5849130085916987021, 0.5950375198978927749, 0.6047507577143603763, 0.6143236663881848081, 0.6239569369464023074, 0.6337978300571922574, 0.6660598065461953432, 0.6758553862588546624, 0.6874319801601429525, 0.7007895882872876570, 0.7159282106643762855, 0.7328478473078895439, 0.7515484982296001260, 0.7720301634382096267, 0.7942928429403297574, 0.8183365367411052915, 0.8441612448446143002, 0.8717669672541474846, 0.9011537039723958031, 0.9323214550015893609, 0.9896292903552004194 ),
 .UNSPECIFIED. ) ;
#4831 = CARTESIAN_POINT ( 'NONE',  ( -20.77276083323512523, 16.13005223007172972, 2.000000000000000000 ) ) ;
#4832 = ORIENTED_EDGE ( 'NONE', *, *, #6489, .F. ) ;
#4833 = CARTESIAN_POINT ( 'NONE',  ( 27.69932686549411471, -4.092342562581388954, 2.000000000000000000 ) ) ;
#4834 =( LENGTH_UNIT ( ) NAMED_UNIT ( * ) SI_UNIT ( .MILLI., .METRE. ) );
#4835 = CARTESIAN_POINT ( 'NONE',  ( -21.66370631000718205, -16.34569607223867749, 2.000000000000000000 ) ) ;
#4836 = CARTESIAN_POINT ( 'NONE',  ( 20.80453127045303674, 12.00354473513043274, 2.000000000000000000 ) ) ;
#4837 = CARTESIAN_POINT ( 'NONE',  ( -27.05471844848150909, 2.130765319231053834, 2.000000000000000000 ) ) ;
#4838 = LINE ( 'NONE', #7403, #5620 ) ;
#4839 = CARTESIAN_POINT ( 'NONE',  ( -13.96529143882090551, -19.07901412642182493, -2.099999999999999645 ) ) ;
#4840 = VERTEX_POINT ( 'NONE', #6442 ) ;
#4841 = CARTESIAN_POINT ( 'NONE',  ( -9.673488752447893191, -22.40527988562696748, 2.000000000000000000 ) ) ;
#4842 = CARTESIAN_POINT ( 'NONE',  ( -23.10489730742584413, 5.020145956116661701, -2.100000000000000089 ) ) ;
#4843 = CARTESIAN_POINT ( 'NONE',  ( -26.24483786523219209, 1.701370919965209838, -2.099999999999998757 ) ) ;
#4844 = CARTESIAN_POINT ( 'NONE',  ( -9.324636732261669891, 22.03037936177864964, 2.000000000000000000 ) ) ;
#4845 = CARTESIAN_POINT ( 'NONE',  ( -22.85055158908931716, -6.414095051321358376, 2.000000000000000000 ) ) ;
#4846 = CARTESIAN_POINT ( 'NONE',  ( 10.53741832910565712, -23.57101921525815413, -2.099999999999999645 ) ) ;
#4847 = CARTESIAN_POINT ( 'NONE',  ( 23.81253063529220171, -0.8410884408854197858, -2.099999999999998757 ) ) ;
#4848 = CARTESIAN_POINT ( 'NONE',  ( 18.96747870321462059, 19.95068840969567958, 2.000000000000000000 ) ) ;
#4849 = ORIENTED_EDGE ( 'NONE', *, *, #3936, .F. ) ;
#4850 = CARTESIAN_POINT ( 'NONE',  ( -7.865059710290389638, 22.21401039568610258, 2.000000000000000000 ) ) ;
#4851 = CARTESIAN_POINT ( 'NONE',  ( -20.69407544885352124, 11.81098159931166336, -2.099999999999998757 ) ) ;
#4852 = CARTESIAN_POINT ( 'NONE',  ( -21.04854468720649763, -16.20550857031053127, -2.099999999999998757 ) ) ;
#4853 = CARTESIAN_POINT ( 'NONE',  ( -21.58955567576248313, -12.72687891813089500, 2.000000000000000000 ) ) ;
#4854 = CARTESIAN_POINT ( 'NONE',  ( 23.44696917797589464, 15.30488929633596840, 2.000000000000000000 ) ) ;
#4855 = CARTESIAN_POINT ( 'NONE',  ( 23.24438501506256216, -6.803422568062733156, -2.099999999999998757 ) ) ;
#4856 = EDGE_CURVE ( 'NONE', #8203, #7241, #4784, .T. ) ;
#4857 = CARTESIAN_POINT ( 'NONE',  ( 15.36687483434009849, 20.00332296475709626, 2.000000000000000000 ) ) ;
#4858 = CARTESIAN_POINT ( 'NONE',  ( 7.601435196559574337, 26.05218098595102916, 2.000000000000000000 ) ) ;
#4859 = CARTESIAN_POINT ( 'NONE',  ( 7.745447077757181553, -24.40400991946479792, 2.000000000000000000 ) ) ;
#4860 = CARTESIAN_POINT ( 'NONE',  ( -23.29246673278348823, 10.63055238855664442, 2.000000000000000000 ) ) ;
#4861 = ORIENTED_EDGE ( 'NONE', *, *, #4932, .F. ) ;
#4862 = CARTESIAN_POINT ( 'NONE',  ( 20.74579233589062355, -11.91211842489101258, 2.000000000000000000 ) ) ;
#4863 = CARTESIAN_POINT ( 'NONE',  ( -22.73828148979403707, -10.53816474365923384, -2.099999999999998757 ) ) ;
#4864 = CARTESIAN_POINT ( 'NONE',  ( -7.401289683397486385, 27.00409019895743157, 2.000000000000000000 ) ) ;
#4865 = CARTESIAN_POINT ( 'NONE',  ( -13.02793750094272696, 20.86163776548603366, 2.000000000000000000 ) ) ;
#4866 = CARTESIAN_POINT ( 'NONE',  ( -17.28752988749540265, -16.01445386190352238, -2.099999999999998757 ) ) ;
#4867 = CARTESIAN_POINT ( 'NONE',  ( -27.69989816616291378, 2.535120532250935810, 2.000000000000000000 ) ) ;
#4868 = CARTESIAN_POINT ( 'NONE',  ( 2.198555820827197582, 23.54154832015335330, -2.099999999999998757 ) ) ;
#4869 = CARTESIAN_POINT ( 'NONE',  ( -19.70744990308224942, 15.74452889495767494, -2.099999999999998757 ) ) ;
#4870 = EDGE_CURVE ( 'NONE', #37, #6630, #7194, .T. ) ;
#4871 = ORIENTED_EDGE ( 'NONE', *, *, #2602, .F. ) ;
#4872 = CARTESIAN_POINT ( 'NONE',  ( 0.000000000000000000, 21.00000000000000000, 2.100000000000001865 ) ) ;
#4873 = CARTESIAN_POINT ( 'NONE',  ( -4.389956462724892816, 25.02313217738665685, 2.000000000000000000 ) ) ;
#4874 = CARTESIAN_POINT ( 'NONE',  ( -18.51632561903327456, -18.67704107051118001, 2.000000000000000000 ) ) ;
#4875 = CARTESIAN_POINT ( 'NONE',  ( 18.70321540207055122, 15.22676155773648610, 2.000000000000000000 ) ) ;
#4876 = CARTESIAN_POINT ( 'NONE',  ( 7.733573568718047575, 24.87706067138157451, 2.000000000000000000 ) ) ;
#4877 = CARTESIAN_POINT ( 'NONE',  ( 19.11828559910864911, -20.53459318157262459, -2.099999999999998757 ) ) ;
#4878 = EDGE_CURVE ( 'NONE', #865, #6980, #5892, .T. ) ;
#4879 = CARTESIAN_POINT ( 'NONE',  ( 0.000000000000000000, 0.000000000000000000, 2.100000000000000089 ) ) ;
#4880 = CARTESIAN_POINT ( 'NONE',  ( -23.15601641226234975, -6.742658068406544913, 2.000000000000000000 ) ) ;
#4881 = VERTEX_POINT ( 'NONE', #5558 ) ;
#4882 = CARTESIAN_POINT ( 'NONE',  ( -9.945601713251328135, -22.84599953686307572, -2.099999999999998757 ) ) ;
#4883 = CARTESIAN_POINT ( 'NONE',  ( 27.05471844848150909, -2.130765319231056942, 2.000000000000000000 ) ) ;
#4884 = CARTESIAN_POINT ( 'NONE',  ( -7.733573568718058233, 24.87706067138158161, 2.000000000000000000 ) ) ;
#4885 = CARTESIAN_POINT ( 'NONE',  ( -22.73975435582775262, -5.989014764842368166, -2.099999999999999645 ) ) ;
#4886 = CARTESIAN_POINT ( 'NONE',  ( 8.686322604036284645, -21.85205998608587663, -2.099999999999999645 ) ) ;
#4887 = CARTESIAN_POINT ( 'NONE',  ( 26.00281877978271439, -1.590510388571584333, 2.000000000000000000 ) ) ;
#4888 = ORIENTED_EDGE ( 'NONE', *, *, #1770, .F. ) ;
#4889 = CARTESIAN_POINT ( 'NONE',  ( -7.605208680130574272, 22.99453835804833801, -2.099999999999998757 ) ) ;
#4890 = CARTESIAN_POINT ( 'NONE',  ( -20.81172461973597620, 10.92283569232044904, -2.099999999999998757 ) ) ;
#4891 = DIRECTION ( 'NONE',  ( 0.000000000000000000, 0.000000000000000000, -1.000000000000000000 ) ) ;
#4892 = DIRECTION ( 'NONE',  ( 0.000000000000000000, 0.000000000000000000, -1.000000000000000000 ) ) ;
#4893 = CARTESIAN_POINT ( 'NONE',  ( 20.94077984017082272, 12.16847291378771168, 2.000000000000000000 ) ) ;
#4894 = CARTESIAN_POINT ( 'NONE',  ( 23.42764417793268095, -4.840656286569377187, 2.000000000000000000 ) ) ;
#4895 = ADVANCED_FACE ( 'NONE', ( #4167 ), #8116, .T. ) ;
#4896 = CARTESIAN_POINT ( 'NONE',  ( -0.9676081430913925363, -27.51106960587117456, 2.000000000000000000 ) ) ;
#4897 = FACE_BOUND ( 'NONE', #341, .T. ) ;
#4898 = CARTESIAN_POINT ( 'NONE',  ( 7.688595528318264982, -23.56854007989867483, 2.000000000000000000 ) ) ;
#4899 = CARTESIAN_POINT ( 'NONE',  ( -22.59408972245014624, 10.50532236015857102, 2.000000000000000000 ) ) ;
#4900 = LINE ( 'NONE', #6834, #8128 ) ;
#4902 = CARTESIAN_POINT ( 'NONE',  ( 13.30747633062666146, -21.64116298680352202, -2.099999999999998757 ) ) ;
#4901 = DIRECTION ( 'NONE',  ( 0.000000000000000000, 0.000000000000000000, -1.000000000000000000 ) ) ;
#4903 = CARTESIAN_POINT ( 'NONE',  ( -20.64571337519313587, -11.25696429976830437, 2.000000000000000000 ) ) ;
#4904 = CARTESIAN_POINT ( 'NONE',  ( 15.36687483434009849, 20.00332296475709626, -2.099999999999998757 ) ) ;
#4905 = CARTESIAN_POINT ( 'NONE',  ( 7.657608382361896560, -22.56335699501520864, -2.099999999999998757 ) ) ;
#4906 = B_SPLINE_CURVE_WITH_KNOTS ( 'NONE', 3,
 ( #7982, #2217, #6838, #5456, #2340, #4150, #3516, #4265, #317, #4946, #1072, #4904, #8022, #4187, #6755, #3556, #399, #5541, #8100, #1703, #6209, #5579, #8138, #2381, #2497, #3120, #6290, #4383, #8181, #1909, #3800, #1867, #6371, #5067, #3759, #1193, #4426, #6997, #13, #3081, #5619, #643, #7550, #2422, #7587, #7086, #8258, #1823, #3885, #2541, #6414, #4342, #4466, #1318, #521 ),
 .UNSPECIFIED., .F., .F.,
 ( 4, 1, 1, 1, 1, 1, 1, 1, 1, 1, 1, 1, 1, 1, 1, 1, 1, 1, 1, 1, 1, 1, 1, 1, 1, 1, 1, 1, 1, 1, 1, 1, 1, 1, 1, 1, 1, 1, 1, 1, 1, 1, 1, 1, 1, 1, 1, 1, 1, 1, 1, 1, 4 ),
 ( 0.01037066611188672445, 0.06767854499841063909, 0.09884629602760419687, 0.1282330327458525154, 0.1558387551553856998, 0.1816634632588947085, 0.2057071570596702426, 0.2279698365617903733, 0.2484515017703998740, 0.2671521526921104561, 0.2840717893356237145, 0.2992104117127123430, 0.3125680198398570475, 0.3241446137411453376, 0.3339401934538046568, 0.3662021699428077426, 0.3760430630535975816, 0.3856763336118151919, 0.3952492422856396237, 0.4049624801021072251, 0.4150869914083012979, 0.4259748013331243754, 0.4380386266454286970, 0.4516469595390829594, 0.4668849008038623571, 0.4803437228220495125, 0.4999999999999997780, 0.5196562771779499323, 0.5331150991961371988, 0.5483530404609165965, 0.5619613733545708589, 0.5740251986668751805, 0.5849130085916982580, 0.5950375198978923308, 0.6047507577143599322, 0.6143236663881842530, 0.6239569369464019744, 0.6337978300571918133, 0.6660598065461948991, 0.6758553862588542183, 0.6874319801601425084, 0.7007895882872872129, 0.7159282106643759525, 0.7328478473078893218, 0.7515484982295997929, 0.7720301634382092937, 0.7942928429403295354, 0.8183365367411050695, 0.8441612448446141892, 0.8717669672541473735, 0.9011537039723956921, 0.9323214550015892499, 0.9896293338881130275 ),
 .UNSPECIFIED. ) ;
#4907 = CARTESIAN_POINT ( 'NONE',  ( -17.25657676350752823, -16.16318976602640589, -2.099999999999998757 ) ) ;
#4908 = CARTESIAN_POINT ( 'NONE',  ( 13.64180599432874530, 23.91017242913070007, -2.099999999999998757 ) ) ;
#4909 = CARTESIAN_POINT ( 'NONE',  ( -0.7237196475847894606, 27.99064539934189710, -2.099999999999998757 ) ) ;
#4910 = CARTESIAN_POINT ( 'NONE',  ( -17.98147192499884994, 15.23115522593612958, 2.000000000000000000 ) ) ;
#4911 = AXIS2_PLACEMENT_3D ( 'NONE', #6203, #4378, #4940 ) ;
#4912 = ORIENTED_EDGE ( 'NONE', *, *, #2259, .F. ) ;
#4913 = LINE ( 'NONE', #7476, #4239 ) ;
#4914 = CARTESIAN_POINT ( 'NONE',  ( 17.51894851297105404, -21.23397417766008388, -2.099999999999998757 ) ) ;
#4915 = CARTESIAN_POINT ( 'NONE',  ( 22.78920619399658420, 14.18622855212693246, 2.000000000000000000 ) ) ;
#4916 = CARTESIAN_POINT ( 'NONE',  ( 7.743106042156100877, 24.63076208136009626, -2.099999999999997868 ) ) ;
#4917 = DIRECTION ( 'NONE',  ( 0.000000000000000000, 0.000000000000000000, -1.000000000000000000 ) ) ;
#4918 = VECTOR ( 'NONE', #4194, 1000.000000000000000 ) ;
#4919 = DIRECTION ( 'NONE',  ( -0.7485107481711007482, -0.6631226582407955261, 0.000000000000000000 ) ) ;
#4920 = CARTESIAN_POINT ( 'NONE',  ( -18.08041819905085745, -21.45406346427656175, 2.000000000000000000 ) ) ;
#4921 = ORIENTED_EDGE ( 'NONE', *, *, #2524, .T. ) ;
#4922 = CARTESIAN_POINT ( 'NONE',  ( -7.988790274807833214, -22.11659910479056634, -2.099999999999998757 ) ) ;
#4923 = CARTESIAN_POINT ( 'NONE',  ( 0.000000000000000000, 0.000000000000000000, -2.099999999999998757 ) ) ;
#4924 = CARTESIAN_POINT ( 'NONE',  ( -7.688496923001414629, 25.42728370346967637, 2.000000000000000000 ) ) ;
#4925 = CIRCLE ( 'NONE', #1287, 1.750000000000001554 ) ;
#4926 = CARTESIAN_POINT ( 'NONE',  ( -23.87823629154096494, -7.119306137701290282, 2.000000000000000000 ) ) ;
#4927 = CARTESIAN_POINT ( 'NONE',  ( 8.148726673636447870, -22.03570943365874868, -2.099999999999999645 ) ) ;
#4928 = CARTESIAN_POINT ( 'NONE',  ( 1.680116617297973125, 25.54848055630612791, -2.099999999999998757 ) ) ;
#4929 = AXIS2_PLACEMENT_3D ( 'NONE', #4774, #5998, #6626 ) ;
#4930 = ORIENTED_EDGE ( 'NONE', *, *, #4856, .T. ) ;
#4931 = CARTESIAN_POINT ( 'NONE',  ( -10.53741832910565712, 23.57101921525814703, 2.000000000000000000 ) ) ;
#4932 = EDGE_CURVE ( 'NONE', #4409, #4301, #7495, .T. ) ;
#4933 = CARTESIAN_POINT ( 'NONE',  ( -7.715738321650221110, -25.14266413352904550, -2.099999999999998757 ) ) ;
#4934 = CARTESIAN_POINT ( 'NONE',  ( -18.49458355994168812, -15.17355739294055006, -2.099999999999998757 ) ) ;
#4935 = CARTESIAN_POINT ( 'NONE',  ( 26.16863607189503682, 4.567518758412593805, -2.099999999999998757 ) ) ;
#4936 = CARTESIAN_POINT ( 'NONE',  ( 20.69407544885351413, 11.81098159931167935, -2.099999999999998757 ) ) ;
#4937 = CARTESIAN_POINT ( 'NONE',  ( -24.62078186107714117, 10.69645268464870647, 2.000000000000000000 ) ) ;
#4938 = CARTESIAN_POINT ( 'NONE',  ( -3.204373604290277289, -23.29585190159430041, 2.000000000000000000 ) ) ;
#4939 = CARTESIAN_POINT ( 'NONE',  ( 0.000000000000000000, 21.00000000000000000, -3.599999999999998757 ) ) ;
#4940 = DIRECTION ( 'NONE',  ( -1.000000000000000000, 0.000000000000000000, 0.000000000000000000 ) ) ;
#4941 = CARTESIAN_POINT ( 'NONE',  ( -22.59408972245014624, 10.50532236015857102, -2.099999999999999645 ) ) ;
#4942 = LINE ( 'NONE', #7508, #1433 ) ;
#4944 = CARTESIAN_POINT ( 'NONE',  ( 22.12901452267052704, -13.30176109182831290, 2.000000000000000000 ) ) ;
#4943 = CARTESIAN_POINT ( 'NONE',  ( 22.73975435582775972, -5.989014764842361060, 2.000000000000000000 ) ) ;
#4945 = CARTESIAN_POINT ( 'NONE',  ( -22.62472946281696196, -16.49610842548438683, 2.000000000000000000 ) ) ;
#4946 = CARTESIAN_POINT ( 'NONE',  ( 15.68419099428256303, 20.23743569325270997, -2.099999999999998757 ) ) ;
#4947 = AXIS2_PLACEMENT_3D ( 'NONE', #6889, #2315, #4919 ) ;
#4948 = LINE ( 'NONE', #7391, #8272 ) ;
#4949 = CARTESIAN_POINT ( 'NONE',  ( 20.28441937235456649, -15.97411852388379572, 2.000000000000000000 ) ) ;
#4950 = DIRECTION ( 'NONE',  ( 0.000000000000000000, 0.000000000000000000, -1.000000000000000000 ) ) ;
#4951 = AXIS2_PLACEMENT_3D ( 'NONE', #4706, #2099, #2057 ) ;
#4952 = CARTESIAN_POINT ( 'NONE',  ( -1.881261915648305694, 24.14640443156747196, -2.099999999999998757 ) ) ;
#4953 = CARTESIAN_POINT ( 'NONE',  ( -18.49458355994169878, 15.17355739294053940, -2.099999999999998757 ) ) ;
#4954 = EDGE_LOOP ( 'NONE', ( #2634, #4147, #2109, #7139 ) ) ;
#4955 = DIRECTION ( 'NONE',  ( 0.000000000000000000, 0.000000000000000000, -1.000000000000000000 ) ) ;
#4956 = CARTESIAN_POINT ( 'NONE',  ( 16.82973023395797441, -20.91308632741409923, -2.099999999999998757 ) ) ;
#4957 = CARTESIAN_POINT ( 'NONE',  ( 19.87933552333216980, 15.81900378855656975, 2.000000000000000000 ) ) ;
#4958 = CARTESIAN_POINT ( 'NONE',  ( 7.741715957670624704, 24.19699765967529004, 2.000000000000000000 ) ) ;
#4959 = CARTESIAN_POINT ( 'NONE',  ( 17.91646094264595845, -17.52377780514962424, 2.000000000000000000 ) ) ;
#4960 = AXIS2_PLACEMENT_3D ( 'NONE', #8017, #6080, #2375 ) ;
#4961 = ADVANCED_FACE ( 'NONE', ( #334 ), #1090, .F. ) ;
#4962 = CARTESIAN_POINT ( 'NONE',  ( -1.623578263684223977, 25.76808346599205279, -2.099999999999998757 ) ) ;
#4963 = CARTESIAN_POINT ( 'NONE',  ( -23.76414829993701261, -7.060866680122703798, 2.000000000000000000 ) ) ;
#4964 = VERTEX_POINT ( 'NONE', #6814 ) ;
#4965 = CARTESIAN_POINT ( 'NONE',  ( -7.720532692246925066, -23.84272921084244246, 2.000000000000000000 ) ) ;
#4966 = CARTESIAN_POINT ( 'NONE',  ( 23.55944914529948520, -0.5232380683118309506, 2.000000000000000000 ) ) ;
#4967 = FACE_OUTER_BOUND ( 'NONE', #3702, .T. ) ;
#4968 = CARTESIAN_POINT ( 'NONE',  ( -23.42764417793267384, -4.840656286569386069, -2.099999999999999645 ) ) ;
#4969 = CARTESIAN_POINT ( 'NONE',  ( 7.768531058981743342, -22.33132486425837726, 2.000000000000000000 ) ) ;
#4970 = CARTESIAN_POINT ( 'NONE',  ( 1.623578263684192224, 25.76808346599205279, -2.099999999999998757 ) ) ;
#4971 = ORIENTED_EDGE ( 'NONE', *, *, #7552, .F. ) ;
#4972 = CARTESIAN_POINT ( 'NONE',  ( -8.512968716744140352, 21.89757064776836515, 2.000000000000000000 ) ) ;
#4973 = CARTESIAN_POINT ( 'NONE',  ( -23.10489730742584413, 5.020145956116661701, -2.099999999999998757 ) ) ;
#4974 = CARTESIAN_POINT ( 'NONE',  ( -19.42345833902674812, -15.60717637591975837, -2.099999999999998757 ) ) ;
#4975 = CARTESIAN_POINT ( 'NONE',  ( -22.59408972245015335, -10.50532236015857990, 2.000000000000000000 ) ) ;
#4976 = EDGE_CURVE ( 'NONE', #6591, #5464, #2975, .T. ) ;
#4977 = CARTESIAN_POINT ( 'NONE',  ( 21.38382933992361146, 12.54282366362886059, -2.099999999999998757 ) ) ;
#4978 = CARTESIAN_POINT ( 'NONE',  ( -20.74579233589062355, 11.91211842489101080, 2.000000000000000000 ) ) ;
#4979 = EDGE_CURVE ( 'NONE', #1088, #7815, #6556, .T. ) ;
#4980 = ADVANCED_FACE ( 'NONE', ( #8319 ), #8198, .F. ) ;
#4981 = CARTESIAN_POINT ( 'NONE',  ( -1.906741771391412099, -24.04223096406908411, -2.099999999999998757 ) ) ;
#4982 = CARTESIAN_POINT ( 'NONE',  ( 7.629252907546902662, 22.67335363560524186, 2.000000000000000000 ) ) ;
#4983 = CARTESIAN_POINT ( 'NONE',  ( -1.881261915648288596, -24.14640443156746841, 2.000000000000000000 ) ) ;
#4984 = DIRECTION ( 'NONE',  ( -1.000000000000000000, 0.000000000000000000, 0.000000000000000000 ) ) ;
#4985 = ORIENTED_EDGE ( 'NONE', *, *, #5382, .F. ) ;
#4987 = CARTESIAN_POINT ( 'NONE',  ( 21.38382933992361501, -12.54282366362884105, 2.000000000000000000 ) ) ;
#4986 = DIRECTION ( 'NONE',  ( -1.000000000000000000, 0.000000000000000000, 0.000000000000000000 ) ) ;
#4988 = FACE_OUTER_BOUND ( 'NONE', #6151, .T. ) ;
#4989 = CARTESIAN_POINT ( 'NONE',  ( 27.87379684351584075, 2.655456558194559946, -2.099999999999998757 ) ) ;
#4990 = CARTESIAN_POINT ( 'NONE',  ( -23.21393719209896744, -4.939781705126451428, -2.099999999999998757 ) ) ;
#4991 = CARTESIAN_POINT ( 'NONE',  ( -21.66370631000718205, -16.34569607223867749, 2.000000000000000000 ) ) ;
#4992 = FACE_BOUND ( 'NONE', #6971, .T. ) ;
#4993 = CARTESIAN_POINT ( 'NONE',  ( -1.762385718735306250, 25.16282512725968701, -2.099999999999998757 ) ) ;
#4994 = CARTESIAN_POINT ( 'NONE',  ( -22.41476768512104201, 16.47086518438798919, -2.099999999999998757 ) ) ;
#4995 = EDGE_LOOP ( 'NONE', ( #5453, #20 ) ) ;
#4996 = CARTESIAN_POINT ( 'NONE',  ( -24.45163473737931525, 4.792937194118060518, -2.100000000000000089 ) ) ;
#4997 = CARTESIAN_POINT ( 'NONE',  ( -3.902347153244143829, 23.79992060087550954, -2.099999999999998757 ) ) ;
#4998 = ADVANCED_FACE ( 'NONE', ( #1885 ), #3903, .F. ) ;
#4999 = CARTESIAN_POINT ( 'NONE',  ( -18.00520414013333692, -17.66596715945037843, 2.000000000000000000 ) ) ;
#5000 = CARTESIAN_POINT ( 'NONE',  ( 23.76349960547259954, 10.67578541799517744, 2.000000000000000000 ) ) ;
#5001 = CARTESIAN_POINT ( 'NONE',  ( 7.988790274807834990, 22.11659910479056279, -2.099999999999997868 ) ) ;
#5002 = CARTESIAN_POINT ( 'NONE',  ( 18.40868586258353190, -18.43357243192680528, -2.099999999999998757 ) ) ;
#5003 = CARTESIAN_POINT ( 'NONE',  ( -1.680116617298004655, 25.54848055630612791, -2.099999999999998757 ) ) ;
#5004 = CARTESIAN_POINT ( 'NONE',  ( -16.08024905276407068, -20.49638744246056277, -2.099999999999999645 ) ) ;
#5005 = EDGE_LOOP ( 'NONE', ( #6688, #2822 ) ) ;
#5006 = CARTESIAN_POINT ( 'NONE',  ( -12.42074065638870550, -25.15757466308123114, -2.099999999999998757 ) ) ;
#5007 = DIRECTION ( 'NONE',  ( 0.000000000000000000, 0.000000000000000000, -1.000000000000000000 ) ) ;
#5008 = CARTESIAN_POINT ( 'NONE',  ( -8.512968716744140352, 21.89757064776836515, 2.000000000000000000 ) ) ;
#5009 = CARTESIAN_POINT ( 'NONE',  ( -24.31153459173803810, -7.374154019703442309, 2.000000000000000000 ) ) ;
#5010 = CARTESIAN_POINT ( 'NONE',  ( 8.686322604036284645, -21.85205998608587663, 2.000000000000000000 ) ) ;
#5011 = VERTEX_POINT ( 'NONE', #4361 ) ;
#5012 = CARTESIAN_POINT ( 'NONE',  ( -10.25081980592599429, 23.24542008693365958, -2.099999999999998757 ) ) ;
#5013 = CARTESIAN_POINT ( 'NONE',  ( -23.08741356227222852, 10.60189590196922360, -2.099999999999998757 ) ) ;
#5014 = PLANE ( 'NONE',  #5870 ) ;
#5015 = CARTESIAN_POINT ( 'NONE',  ( 24.76692767734244782, 4.782579349257336965, -2.099999999999998757 ) ) ;
#5016 = CARTESIAN_POINT ( 'NONE',  ( 21.98040231662190891, 13.13048226772783877, 2.000000000000000000 ) ) ;
#5017 = CARTESIAN_POINT ( 'NONE',  ( -23.76349960547259244, 10.67578541799515435, 2.000000000000000000 ) ) ;
#5018 = ADVANCED_FACE ( 'NONE', ( #1174 ), #538, .F. ) ;
#5019 = CARTESIAN_POINT ( 'NONE',  ( -3.025165651672256928, -23.29855380546641186, -2.099999999999998757 ) ) ;
#5020 = CARTESIAN_POINT ( 'NONE',  ( 9.484645845787888163, 22.17444536155052148, 2.000000000000000000 ) ) ;
#5021 = CARTESIAN_POINT ( 'NONE',  ( -0.9676082089449417056, -27.51106945928312442, 2.000000000000000000 ) ) ;
#5022 = CARTESIAN_POINT ( 'NONE',  ( -21.23055223844790262, 12.41767842381810638, 2.000000000000000000 ) ) ;
#5023 = DIRECTION ( 'NONE',  ( -0.000000000000000000, 0.000000000000000000, 1.000000000000000000 ) ) ;
#5025 = CARTESIAN_POINT ( 'NONE',  ( 1.750000000000010436, -21.00000000000000000, -3.599999999999998757 ) ) ;
#5024 = CARTESIAN_POINT ( 'NONE',  ( 23.58537593626265050, -6.976039544898372746, 2.000000000000000000 ) ) ;
#5026 = CARTESIAN_POINT ( 'NONE',  ( 25.56471904745757939, 1.411662356313488909, -2.099999999999998757 ) ) ;
#5027 = CARTESIAN_POINT ( 'NONE',  ( -22.74963530479514873, -6.146178943449475796, -2.099999999999998757 ) ) ;
#5028 = CARTESIAN_POINT ( 'NONE',  ( 22.41476736692503380, -16.47086513864621793, 2.000000000000000000 ) ) ;
#5029 = CARTESIAN_POINT ( 'NONE',  ( 13.04949915500204582, 19.56208827861912880, 2.000000000000000000 ) ) ;
#5030 = CARTESIAN_POINT ( 'NONE',  ( -3.204373604290293276, 23.29585190159429686, -2.099999999999998757 ) ) ;
#5031 = CARTESIAN_POINT ( 'NONE',  ( -17.83462167525290454, 17.40060223031303011, 2.000000000000000000 ) ) ;
#5032 = ORIENTED_EDGE ( 'NONE', *, *, #2002, .T. ) ;
#5033 = CARTESIAN_POINT ( 'NONE',  ( -23.42764417793267384, 4.840656286569369193, -2.100000000000000089 ) ) ;
#5034 = ADVANCED_FACE ( 'NONE', ( #6973 ), #1210, .F. ) ;
#5035 = CARTESIAN_POINT ( 'NONE',  ( -3.612999446203305709, 23.45707906485272431, 2.000000000000000000 ) ) ;
#5036 = CARTESIAN_POINT ( 'NONE',  ( 16.55868018414818010, -20.77185239767592151, -2.099999999999998757 ) ) ;
#5037 = CARTESIAN_POINT ( 'NONE',  ( 23.42764417793267029, 4.840656286569398503, 2.000000000000000000 ) ) ;
#5038 = CARTESIAN_POINT ( 'NONE',  ( 7.629252907546902662, 22.67335363560524186, 2.000000000000000000 ) ) ;
#5039 = CARTESIAN_POINT ( 'NONE',  ( 26.28829563214685194, 9.090474303196781847, 2.000000000000000000 ) ) ;
#5040 = CARTESIAN_POINT ( 'NONE',  ( 21.91017567687077161, 10.32144346381601352, -2.099999999999998757 ) ) ;
#5041 = CARTESIAN_POINT ( 'NONE',  ( -17.86193223065026814, -21.37267289045674445, 2.000000000000000000 ) ) ;
#5042 = VERTEX_POINT ( 'NONE', #5714 ) ;
#5043 = CARTESIAN_POINT ( 'NONE',  ( 4.590305982006143815, -25.40785750275295030, 2.000000000000000000 ) ) ;
#5044 = CARTESIAN_POINT ( 'NONE',  ( -23.72154950710864441, -0.7592181733933821564, -2.099999999999998757 ) ) ;
#5045 = CARTESIAN_POINT ( 'NONE',  ( 0.8222169760116673221, -27.80351002194751686, -2.099999999999998757 ) ) ;
#5046 = CARTESIAN_POINT ( 'NONE',  ( -25.62785817443977976, -4.678588802317982243, 2.000000000000000000 ) ) ;
#5047 = CARTESIAN_POINT ( 'NONE',  ( 7.616738452866469444, -23.18530238615924333, -2.099999999999999645 ) ) ;
#5048 = AXIS2_PLACEMENT_3D ( 'NONE', #7989, #4274, #5063 ) ;
#5049 = VECTOR ( 'NONE', #7698, 1000.000000000000000 ) ;
#5050 = EDGE_LOOP ( 'NONE', ( #874, #2745, #6812, #4359 ) ) ;
#5051 = CARTESIAN_POINT ( 'NONE',  ( -16.82973023395796730, -20.91308632741409923, -2.099999999999998757 ) ) ;
#5052 = CARTESIAN_POINT ( 'NONE',  ( -23.93435179486865039, 4.766524473500956205, -2.099999999999998757 ) ) ;
#5053 = DIRECTION ( 'NONE',  ( -0.000000000000000000, -0.000000000000000000, -1.000000000000000000 ) ) ;
#5054 = DIRECTION ( 'NONE',  ( 0.000000000000000000, 0.000000000000000000, -1.000000000000000000 ) ) ;
#5055 = CARTESIAN_POINT ( 'NONE',  ( 23.51784779677758408, 10.65556037457647776, -2.099999999999998757 ) ) ;
#5056 = CARTESIAN_POINT ( 'NONE',  ( -20.69407544885352124, 11.81098159931166336, 2.000000000000000000 ) ) ;
#5057 = CIRCLE ( 'NONE', #6140, 28.00000000000000000 ) ;
#5058 = CARTESIAN_POINT ( 'NONE',  ( -1.680116617297987336, -25.54848055630612436, 2.000000000000000000 ) ) ;
#5059 = CARTESIAN_POINT ( 'NONE',  ( -13.36064030761171928, -21.84126693107096173, -2.099999999999999645 ) ) ;
#5060 = CARTESIAN_POINT ( 'NONE',  ( 20.77276083323510036, 16.13005223007173683, -2.099999999999998757 ) ) ;
#5061 = CARTESIAN_POINT ( 'NONE',  ( -21.47582202528876039, 10.32148794313314610, -2.099999999999999645 ) ) ;
#5062 = CARTESIAN_POINT ( 'NONE',  ( -12.95267602360809356, -19.68627963667922742, 2.000000000000000000 ) ) ;
#5063 = DIRECTION ( 'NONE',  ( 0.5680647467311557008, 0.8229838658936564633, 0.000000000000000000 ) ) ;
#5064 = CARTESIAN_POINT ( 'NONE',  ( 8.686322604036279316, 21.85205998608588018, -2.099999999999998757 ) ) ;
#5066 = CARTESIAN_POINT ( 'NONE',  ( 15.87213422487472947, -20.36431896814133680, -2.099999999999998757 ) ) ;
#5065 = CARTESIAN_POINT ( 'NONE',  ( 25.38450439115045754, -4.717739787684787522, 2.000000000000000000 ) ) ;
#5067 = CARTESIAN_POINT ( 'NONE',  ( 12.83485696772679852, 20.07512121109398251, -2.099999999999998757 ) ) ;
#5068 = CARTESIAN_POINT ( 'NONE',  ( -24.45163473737932236, -4.792937194118080058, -2.099999999999998757 ) ) ;
#5069 = CARTESIAN_POINT ( 'NONE',  ( -20.77276083323510747, -16.13005223007173683, -2.099999999999998757 ) ) ;
#5070 = CARTESIAN_POINT ( 'NONE',  ( 14.10020032022225145, 19.09116743896564472, -2.099999999999998757 ) ) ;
#5071 = CARTESIAN_POINT ( 'NONE',  ( -1.824858090210279782, 24.72368248555339676, -2.099999999999998757 ) ) ;
#5072 = CARTESIAN_POINT ( 'NONE',  ( -17.28752988749540975, 16.01445386190350817, -2.099999999999998757 ) ) ;
#5073 = AXIS2_PLACEMENT_3D ( 'NONE', #3534, #6101, #456 ) ;
#5074 = EDGE_LOOP ( 'NONE', ( #3020, #2565 ) ) ;
#5075 = CARTESIAN_POINT ( 'NONE',  ( -22.82097940566847782, 5.624866236205926739, 2.000000000000000000 ) ) ;
#5076 = CARTESIAN_POINT ( 'NONE',  ( -3.204373604290293276, 23.29585190159429686, -2.099999999999998757 ) ) ;
#5077 = CARTESIAN_POINT ( 'NONE',  ( 14.75432918952970596, -19.43920578531971799, 2.000000000000000000 ) ) ;
#5078 = CARTESIAN_POINT ( 'NONE',  ( 23.10489730742583703, 5.020145956116689234, 2.000000000000000000 ) ) ;
#5079 = CARTESIAN_POINT ( 'NONE',  ( 7.768531058981739790, 22.33132486425838081, 2.000000000000000000 ) ) ;
#5080 = CARTESIAN_POINT ( 'NONE',  ( 22.74963530479514517, 6.146178943449489118, -2.099999999999999645 ) ) ;
#5081 = CARTESIAN_POINT ( 'NONE',  ( 20.80453127045303674, 12.00354473513043274, -2.099999999999998757 ) ) ;
#5082 = CARTESIAN_POINT ( 'NONE',  ( -27.69932686549403300, -4.092342562581428922, 2.000000000000000000 ) ) ;
#5083 = ORIENTED_EDGE ( 'NONE', *, *, #8266, .T. ) ;
#5084 = CARTESIAN_POINT ( 'NONE',  ( -12.22808153238819173, -25.02626203674998351, 2.000000000000000000 ) ) ;
#5085 = DIRECTION ( 'NONE',  ( 0.000000000000000000, 0.000000000000000000, -1.000000000000000000 ) ) ;
#5086 = CARTESIAN_POINT ( 'NONE',  ( -17.37016481680592861, 16.73146461459391787, 2.000000000000000000 ) ) ;
#5087 = AXIS2_PLACEMENT_3D ( 'NONE', #4510, #1908, #4465 ) ;
#5088 = CARTESIAN_POINT ( 'NONE',  ( -25.88937528683161915, -4.628868634690443962, 2.000000000000000000 ) ) ;
#5089 = CARTESIAN_POINT ( 'NONE',  ( 7.745447077757181553, -24.40400991946479792, -2.099999999999999645 ) ) ;
#5090 = CARTESIAN_POINT ( 'NONE',  ( -2.105634209995062012, 23.64010634127342669, 2.000000000000000000 ) ) ;
#5091 = CARTESIAN_POINT ( 'NONE',  ( -14.32589460713082730, 19.15868494228939056, 2.000000000000000000 ) ) ;
#5092 = VERTEX_POINT ( 'NONE', #1249 ) ;
#5093 = CARTESIAN_POINT ( 'NONE',  ( -16.55868018414818010, -20.77185239767593217, -2.099999999999998757 ) ) ;
#5094 = CARTESIAN_POINT ( 'NONE',  ( -23.42764417793267384, 4.840656286569369193, -2.099999999999998757 ) ) ;
#5095 = CARTESIAN_POINT ( 'NONE',  ( -24.12574046566792063, 4.783694468719397186, 2.000000000000000000 ) ) ;
#5096 = CARTESIAN_POINT ( 'NONE',  ( 23.53223775966786846, 4.811173829118842171, -2.099999999999998757 ) ) ;
#5097 = CARTESIAN_POINT ( 'NONE',  ( 24.94597949059291864, 10.68625558496338535, -2.099999999999998757 ) ) ;
#5098 = DIRECTION ( 'NONE',  ( 0.000000000000000000, 0.000000000000000000, -1.000000000000000000 ) ) ;
#5099 = CARTESIAN_POINT ( 'NONE',  ( -3.499191490208533928, -23.38362255772745613, 2.000000000000000000 ) ) ;
#5100 = CARTESIAN_POINT ( 'NONE',  ( -13.55023046621762717, -22.84843530275375656, 2.000000000000000000 ) ) ;
#5101 = CARTESIAN_POINT ( 'NONE',  ( 18.97770164392053971, 15.34339570340775971, -2.099999999999998757 ) ) ;
#5102 = CARTESIAN_POINT ( 'NONE',  ( -21.69704443755539813, 10.30300297322494707, 2.000000000000000000 ) ) ;
#5103 = CARTESIAN_POINT ( 'NONE',  ( -15.12400615833752404, -19.80199803049035978, 2.000000000000000000 ) ) ;
#5104 = CARTESIAN_POINT ( 'NONE',  ( 1.270707428516388404, -26.81384534371724016, 2.000000000000000000 ) ) ;
#5105 = CARTESIAN_POINT ( 'NONE',  ( 13.64872344093925527, 24.44815585854593820, 2.000000000000000000 ) ) ;
#5107 = DIRECTION ( 'NONE',  ( -0.000000000000000000, 0.000000000000000000, -1.000000000000000000 ) ) ;
#5106 = CARTESIAN_POINT ( 'NONE',  ( -15.68419099428257013, 20.23743569325269931, -2.099999999999998757 ) ) ;
#5108 = CARTESIAN_POINT ( 'NONE',  ( 26.00281877978270373, 1.590510388571583889, 2.000000000000000000 ) ) ;
#5109 = CARTESIAN_POINT ( 'NONE',  ( 8.686322604036284645, -21.85205998608587663, -2.099999999999998757 ) ) ;
#5110 = CARTESIAN_POINT ( 'NONE',  ( -20.99999999999999289, -3.903127820947815962E-15, 2.100000000000001865 ) ) ;
#5111 = CARTESIAN_POINT ( 'NONE',  ( 13.81390900009209233, 19.09181343516791429, 2.000000000000000000 ) ) ;
#5112 = ADVANCED_FACE ( 'NONE', ( #2558 ), #1928, .F. ) ;
#5113 = CARTESIAN_POINT ( 'NONE',  ( 17.26619031893427447, 16.42019235248055509, -2.099999999999999645 ) ) ;
#5114 = CARTESIAN_POINT ( 'NONE',  ( -17.25657676350752823, 16.16318976602638813, 2.000000000000000000 ) ) ;
#5115 = ORIENTED_EDGE ( 'NONE', *, *, #1035, .T. ) ;
#5116 = CARTESIAN_POINT ( 'NONE',  ( -24.15260079455800835, 7.275001489028683821, 2.000000000000000000 ) ) ;
#5117 = CARTESIAN_POINT ( 'NONE',  ( -2.638449045045081487, 23.34550970278806759, -2.099999999999998757 ) ) ;
#5118 = CARTESIAN_POINT ( 'NONE',  ( 15.36687483434010737, -20.00332296475708915, -2.099999999999998757 ) ) ;
#5119 = CARTESIAN_POINT ( 'NONE',  ( 22.82097940566847427, 5.624866236205954273, 2.000000000000000000 ) ) ;
#5120 = CARTESIAN_POINT ( 'NONE',  ( 8.512968716744131470, 21.89757064776836870, -2.099999999999997868 ) ) ;
#5121 = CARTESIAN_POINT ( 'NONE',  ( 25.07504586300960980, 7.932732980984177118, -2.099999999999999645 ) ) ;
#5122 = B_SPLINE_SURFACE_WITH_KNOTS ( 'NONE', 3, 1, ( 
 ( #313, #4260 ),
 ( #2879, #352 ),
 ( #1657, #472 ),
 ( #5452, #2334 ),
 ( #7386, #1616 ),
 ( #4183, #6751 ),
 ( #985, #3634 ),
 ( #3552, #2297 ),
 ( #1025, #433 ),
 ( #4860, #394 ),
 ( #7425, #3592 ),
 ( #2998, #6162 ),
 ( #5536, #8095 ),
 ( #4899, #4941 ),
 ( #592, #5818 ),
 ( #7628, #4420 ),
 ( #3794, #6451 ),
 ( #2491, #3115 ),
 ( #1226, #5690 ),
 ( #5102, #3077 ),
 ( #2619, #6325 ),
 ( #48, #5061 ),
 ( #5191, #1859 ),
 ( #3755, #8215 ),
 ( #6991, #7760 ),
 ( #7080, #6365 ),
 ( #1992, #5145 ),
 ( #7672, #3157 ),
 ( #2574, #1903 ),
 ( #5734, #8294 ),
 ( #680, #4379 ),
 ( #6285, #1946 ),
 ( #2535, #6908 ),
 ( #4460, #1148 ),
 ( #7033, #1266 ),
 ( #3245, #3713 ),
 ( #1312, #516 ),
 ( #7583, #3835 ),
 ( #5655, #2454 ),
 ( #5022, #1819 ),
 ( #6408, #6948 ),
 ( #7715, #637 ),
 ( #1188, #3879 ),
 ( #3203, #5777 ),
 ( #4505, #7 ),
 ( #554, #8252 ),
 ( #2663, #1486 ),
 ( #7883, #4728 ),
 ( #4638, #2036 ),
 ( #3461, #6579 ),
 ( #853, #5278 ),
 ( #1444, #4092 ),
 ( #134, #765 ),
 ( #7210, #3334 ),
 ( #2747, #720 ) ),
 .UNSPECIFIED., .F., .F., .F.,
 ( 4, 1, 1, 1, 1, 1, 1, 1, 1, 1, 1, 1, 1, 1, 1, 1, 1, 1, 1, 1, 1, 1, 1, 1, 1, 1, 1, 1, 1, 1, 1, 1, 1, 1, 1, 1, 1, 1, 1, 1, 1, 1, 1, 1, 1, 1, 1, 1, 1, 1, 1, 1, 4 ),
 ( 2, 2 ),
 ( 0.01037066610069549248, 0.06767854499841075011, 0.09884629602760430789, 0.1282330327458526265, 0.1558387551553858108, 0.1816634632588949305, 0.2057071570596704646, 0.2279698365617907063, 0.2484515017704002071, 0.2671521526921107892, 0.2840717893356240475, 0.2992104117127127871, 0.3125680198398574916, 0.3241446137411457817, 0.3339401934538051009, 0.3662021699428081867, 0.3760430630535980256, 0.3856763336118157470, 0.3952492422856400678, 0.4049624801021076692, 0.4150869914083017420, 0.4259748013331248195, 0.4380386266454291411, 0.4516469595390834035, 0.4668849008038628012, 0.4803437228220500677, 0.5000000000000002220, 0.5196562771779504875, 0.5331150991961376429, 0.5483530404609170406, 0.5619613733545713030, 0.5740251986668756246, 0.5849130085916987021, 0.5950375198978927749, 0.6047507577143603763, 0.6143236663881848081, 0.6239569369464024184, 0.6337978300571922574, 0.6660598065461953432, 0.6758553862588546624, 0.6874319801601429525, 0.7007895882872876570, 0.7159282106643762855, 0.7328478473078895439, 0.7515484982296001260, 0.7720301634382096267, 0.7942928429403297574, 0.8183365367411052915, 0.8441612448446143002, 0.8717669672541474846, 0.9011537039723958031, 0.9323214550015893609, 0.9955048858948373214 ),
 ( 0.000000000000000000, 1.000000000000000000 ),
 .UNSPECIFIED. ) ;
#5123 = EDGE_CURVE ( 'NONE', #5849, #7375, #3598, .T. ) ;
#5124 = CARTESIAN_POINT ( 'NONE',  ( 25.91507356775017001, 10.60230927572367499, -2.099999999999998757 ) ) ;
#5125 = DIRECTION ( 'NONE',  ( 0.000000000000000000, -0.000000000000000000, -1.000000000000000000 ) ) ;
#5126 = ORIENTED_EDGE ( 'NONE', *, *, #4633, .F. ) ;
#5127 = CARTESIAN_POINT ( 'NONE',  ( -10.38530154243853154, -23.40284517865930880, 2.000000000000000000 ) ) ;
#5128 = CARTESIAN_POINT ( 'NONE',  ( -26.77150907641003741, -1.970609361940798943, -2.099999999999998757 ) ) ;
#5129 = CARTESIAN_POINT ( 'NONE',  ( -17.59296804644544920, 15.58600964088959806, 2.000000000000000000 ) ) ;
#5130 = CARTESIAN_POINT ( 'NONE',  ( 23.40793038981979990, -6.902300070437902946, -2.099999999999998757 ) ) ;
#5131 = DIRECTION ( 'NONE',  ( -0.000000000000000000, -0.000000000000000000, -1.000000000000000000 ) ) ;
#5132 = DIRECTION ( 'NONE',  ( 0.5680647467311559229, -0.8229838658936563522, 0.000000000000000000 ) ) ;
#5133 = CARTESIAN_POINT ( 'NONE',  ( -13.55023046621763783, 22.84843530275376011, -2.099999999999998757 ) ) ;
#5134 = ORIENTED_EDGE ( 'NONE', *, *, #4622, .T. ) ;
#5135 = CARTESIAN_POINT ( 'NONE',  ( -15.68419099428256658, -20.23743569325270641, -2.099999999999998757 ) ) ;
#5136 = CARTESIAN_POINT ( 'NONE',  ( -25.38017835881499096, 10.66028906035687740, -2.099999999999998757 ) ) ;
#5137 = CARTESIAN_POINT ( 'NONE',  ( -17.29220078062825650, -16.53076698689343615, -2.099999999999998757 ) ) ;
#5138 = CARTESIAN_POINT ( 'NONE',  ( 23.07262568452395968, 6.675893319502731238, -2.099999999999998757 ) ) ;
#5139 = CARTESIAN_POINT ( 'NONE',  ( 25.38017819848320755, 10.66028906994526615, -2.099999999999998757 ) ) ;
#5140 = CARTESIAN_POINT ( 'NONE',  ( 0.000000000000000000, 0.000000000000000000, -2.099999999999998757 ) ) ;
#5141 = CARTESIAN_POINT ( 'NONE',  ( 19.55560045884525522, -15.67357176803117724, -2.099999999999998757 ) ) ;
#5142 = CARTESIAN_POINT ( 'NONE',  ( -23.76349960547260309, -10.67578541799516501, -2.099999999999998757 ) ) ;
#5143 = ORIENTED_EDGE ( 'NONE', *, *, #7246, .F. ) ;
#5144 = CARTESIAN_POINT ( 'NONE',  ( -5.183190230475042348, -26.33878392258043277, 2.000000000000000000 ) ) ;
#5145 = CARTESIAN_POINT ( 'NONE',  ( -20.89282384029110062, 10.74542454372254063, -2.099999999999999645 ) ) ;
#5146 = CARTESIAN_POINT ( 'NONE',  ( -16.55868018414818010, -20.77185239767593217, 2.000000000000000000 ) ) ;
#5147 = CARTESIAN_POINT ( 'NONE',  ( 5.008822010445495465, -26.08776424953685336, 2.000000000000000000 ) ) ;
#5148 = CARTESIAN_POINT ( 'NONE',  ( 7.701896059577414633, 22.44925656542957881, -2.099999999999998757 ) ) ;
#5150 = CARTESIAN_POINT ( 'NONE',  ( 16.08024905276406713, -20.49638744246054856, -2.099999999999998757 ) ) ;
#5149 = CARTESIAN_POINT ( 'NONE',  ( -13.46232027610274784, 22.30341320457493381, -2.099999999999998757 ) ) ;
#5151 = CARTESIAN_POINT ( 'NONE',  ( 25.36983614870255366, 1.341743455198749269, -2.099999999999998757 ) ) ;
#5152 = CARTESIAN_POINT ( 'NONE',  ( -23.93435179486865749, -4.766524473500976633, -2.099999999999998757 ) ) ;
#5153 = CARTESIAN_POINT ( 'NONE',  ( 0.000000000000000000, 0.000000000000000000, -2.099999999999998757 ) ) ;
#5154 = CARTESIAN_POINT ( 'NONE',  ( 13.61524630358645993, 23.47600944080825514, -2.099999999999998757 ) ) ;
#5155 = CARTESIAN_POINT ( 'NONE',  ( 18.00520414013333337, 17.66596715945037843, 2.000000000000000000 ) ) ;
#5156 = EDGE_CURVE ( 'NONE', #4493, #4708, #7369, .T. ) ;
#5157 = CARTESIAN_POINT ( 'NONE',  ( -17.83462167525290454, 17.40060223031303011, -2.099999999999998757 ) ) ;
#5158 = ORIENTED_EDGE ( 'NONE', *, *, #4870, .F. ) ;
#5159 = CARTESIAN_POINT ( 'NONE',  ( -19.10294311796691957, 20.47138403312585453, -2.099999999999998757 ) ) ;
#5160 = CARTESIAN_POINT ( 'NONE',  ( -4.389956462724892816, 25.02313217738665685, -2.099999999999998757 ) ) ;
#5161 = CARTESIAN_POINT ( 'NONE',  ( 15.23641901094385886, -19.89808777236047632, -2.099999999999998757 ) ) ;
#5162 = CARTESIAN_POINT ( 'NONE',  ( 21.91017567687077161, 10.32144346381601352, 2.000000000000000000 ) ) ;
#5163 = CARTESIAN_POINT ( 'NONE',  ( 8.334619726030521036, 21.97658606862350794, -2.099999999999997868 ) ) ;
#5164 =( GEOMETRIC_REPRESENTATION_CONTEXT ( 3 ) GLOBAL_UNCERTAINTY_ASSIGNED_CONTEXT ( ( #5874 ) ) GLOBAL_UNIT_ASSIGNED_CONTEXT ( ( #3434, #63, #6552 ) ) REPRESENTATION_CONTEXT ( 'NONE', 'WORKASPACE' ) );
#5165 = CARTESIAN_POINT ( 'NONE',  ( 23.40793038981978924, 6.902300070437923374, -2.099999999999999645 ) ) ;
#5166 = CARTESIAN_POINT ( 'NONE',  ( 21.80373651133526636, 10.30832712212201763, -2.099999999999998757 ) ) ;
#5167 = CARTESIAN_POINT ( 'NONE',  ( -26.46517536639175106, -4.493494443281870865, 2.000000000000000000 ) ) ;
#5168 = EDGE_LOOP ( 'NONE', ( #6853, #2186, #3901, #1290, #4103, #4327, #884, #4871, #3877, #208, #3259, #2869 ) ) ;
#5169 = CARTESIAN_POINT ( 'NONE',  ( 4.482856113983134883, -25.20816636816325484, 2.000000000000000000 ) ) ;
#5170 = CARTESIAN_POINT ( 'NONE',  ( -24.76338133992250690, -1.168557790373924821, -2.099999999999998757 ) ) ;
#5171 = CARTESIAN_POINT ( 'NONE',  ( -18.19936168673941168, 18.00918889841834414, 2.000000000000000000 ) ) ;
#5172 = CARTESIAN_POINT ( 'NONE',  ( 22.79134869580807177, -6.292262679950364479, -2.099999999999998757 ) ) ;
#5173 = CARTESIAN_POINT ( 'NONE',  ( 7.715738321650227327, -25.14266413352903129, -2.099999999999999645 ) ) ;
#5174 = DIRECTION ( 'NONE',  ( -1.000000000000000000, 0.000000000000000000, -0.000000000000000000 ) ) ;
#5175 = CARTESIAN_POINT ( 'NONE',  ( -13.15214330072518933, 21.16307668733837488, -2.099999999999998757 ) ) ;
#5176 = ORIENTED_EDGE ( 'NONE', *, *, #4023, .F. ) ;
#5177 = CARTESIAN_POINT ( 'NONE',  ( -7.745447077757183330, 24.40400991946479081, 2.000000000000000000 ) ) ;
#5178 = CARTESIAN_POINT ( 'NONE',  ( -7.650756190596010420, -25.73058353783937591, 2.000000000000000000 ) ) ;
#5179 = CARTESIAN_POINT ( 'NONE',  ( -17.25657676350752823, -16.16318976602640589, -2.099999999999998757 ) ) ;
#5180 = CARTESIAN_POINT ( 'NONE',  ( 22.09815905990547336, -10.35588323418787304, 2.000000000000000000 ) ) ;
#5181 = VECTOR ( 'NONE', #7426, 1000.000000000000000 ) ;
#5182 = CARTESIAN_POINT ( 'NONE',  ( -19.05257571805190508, 20.26599538152709101, -2.099999999999998757 ) ) ;
#5183 = DIRECTION ( 'NONE',  ( 0.000000000000000000, -0.000000000000000000, -1.000000000000000000 ) ) ;
#5184 = B_SPLINE_CURVE_WITH_KNOTS ( 'NONE', 3,
 ( #8011, #2750, #4178, #6745, #3379, #6037, #816, #4731, #2124, #2915, #5953, #2836, #4014, #2168, #5370, #7296, #2248, #1530, #3546, #5995, #224, #2795, #7973, #6114, #6583, #181, #346, #5325, #5489, #8052, #7887, #5446, #4642, #7931, #4688, #1448, #4095, #7257, #1490, #4056, #857, #6663, #901, #3421, #3464, #268, #5409, #1570, #2207, #4772, #7336, #4140, #6703, #3507, #6075 ),
 .UNSPECIFIED., .F., .F.,
 ( 4, 1, 1, 1, 1, 1, 1, 1, 1, 1, 1, 1, 1, 1, 1, 1, 1, 1, 1, 1, 1, 1, 1, 1, 1, 1, 1, 1, 1, 1, 1, 1, 1, 1, 1, 1, 1, 1, 1, 1, 1, 1, 1, 1, 1, 1, 1, 1, 1, 1, 1, 1, 4 ),
 ( 0.01037070964479203279, 0.06767854499841075011, 0.09884629602760430789, 0.1282330327458526265, 0.1558387551553858108, 0.1816634632588949305, 0.2057071570596704646, 0.2279698365617907063, 0.2484515017704002071, 0.2671521526921107892, 0.2840717893356240475, 0.2992104117127127871, 0.3125680198398574916, 0.3241446137411457817, 0.3339401934538051009, 0.3662021699428081312, 0.3760430630535980256, 0.3856763336118157470, 0.3952492422856400678, 0.4049624801021076692, 0.4150869914083017420, 0.4259748013331248195, 0.4380386266454291411, 0.4516469595390834035, 0.4668849008038628012, 0.4803437228220500677, 0.5000000000000002220, 0.5196562771779504875, 0.5331150991961376429, 0.5483530404609170406, 0.5619613733545713030, 0.5740251986668756246, 0.5849130085916987021, 0.5950375198978927749, 0.6047507577143603763, 0.6143236663881848081, 0.6239569369464024184, 0.6337978300571922574, 0.6660598065461953432, 0.6758553862588546624, 0.6874319801601429525, 0.7007895882872876570, 0.7159282106643762855, 0.7328478473078895439, 0.7515484982296001260, 0.7720301634382096267, 0.7942928429403297574, 0.8183365367411052915, 0.8441612448446143002, 0.8717669672541474846, 0.9011537039723958031, 0.9323214550015893609, 0.9896292903552005304 ),
 .UNSPECIFIED. ) ;
#5185 = CARTESIAN_POINT ( 'NONE',  ( 22.09150234436910409, -16.42439467823394139, -2.099999999999998757 ) ) ;
#5186 = AXIS2_PLACEMENT_3D ( 'NONE', #4872, #3796, #2972 ) ;
#5187 = EDGE_CURVE ( 'NONE', #1466, #7727, #775, .T. ) ;
#5188 = CARTESIAN_POINT ( 'NONE',  ( -22.09815905990547691, -10.35588323418788015, -2.099999999999998757 ) ) ;
#5189 = VERTEX_POINT ( 'NONE', #4574 ) ;
#5190 = CARTESIAN_POINT ( 'NONE',  ( 17.28752988749539554, 16.01445386190352238, -2.099999999999998757 ) ) ;
#5191 = CARTESIAN_POINT ( 'NONE',  ( -21.35721522671292760, 10.35169942632023066, 2.000000000000000000 ) ) ;
#5192 = CARTESIAN_POINT ( 'NONE',  ( 27.21455713558068723, 4.270209306672444249, 2.000000000000000000 ) ) ;
#5193 = CARTESIAN_POINT ( 'NONE',  ( 4.852431640496131848, -25.84840584550508069, 2.000000000000000000 ) ) ;
#5194 = CARTESIAN_POINT ( 'NONE',  ( 7.768531058981739790, 22.33132486425838081, -2.099999999999998757 ) ) ;
#5196 = CARTESIAN_POINT ( 'NONE',  ( 12.83364937058816579, -20.18870745851076265, -2.099999999999998757 ) ) ;
#5195 = CARTESIAN_POINT ( 'NONE',  ( 24.66930537037450577, -7.619416278945021048, 2.000000000000000000 ) ) ;
#5197 = CARTESIAN_POINT ( 'NONE',  ( 24.76338133992250690, 1.168557790373921934, 2.000000000000000000 ) ) ;
#5198 = AXIS2_PLACEMENT_3D ( 'NONE', #1745, #5618, #5813 ) ;
#5199 = CARTESIAN_POINT ( 'NONE',  ( 24.59949625084632174, -4.790317889056099787, 2.000000000000000000 ) ) ;
#5200 = CARTESIAN_POINT ( 'NONE',  ( 17.91646094264595845, -17.52377780514962424, 2.000000000000000000 ) ) ;
#5201 = CARTESIAN_POINT ( 'NONE',  ( 13.25426296490208955, 21.46155364981479252, -2.099999999999998757 ) ) ;
#5202 = CARTESIAN_POINT ( 'NONE',  ( 18.49458355994168102, 15.17355739294055006, 2.000000000000000000 ) ) ;
#5203 = CARTESIAN_POINT ( 'NONE',  ( -18.30266578660394217, 18.21105589998883545, -2.099999999999998757 ) ) ;
#5204 = EDGE_LOOP ( 'NONE', ( #5115, #6045, #5158 ) ) ;
#5205 = CARTESIAN_POINT ( 'NONE',  ( -26.31772476188398713, 9.122342503868194896, 2.000000000000000000 ) ) ;
#5206 = CARTESIAN_POINT ( 'NONE',  ( -5.855490625420842754, 27.19235995333592371, -2.099999999999998757 ) ) ;
#5207 = CARTESIAN_POINT ( 'NONE',  ( 14.32589460713082730, -19.15868494228939056, -2.099999999999998757 ) ) ;
#5208 = CARTESIAN_POINT ( 'NONE',  ( 26.42834229636219945, -9.248929663334868323, 2.000000000000000000 ) ) ;
#5209 = DIRECTION ( 'NONE',  ( -1.000000000000000000, 0.000000000000000000, -0.000000000000000000 ) ) ;
#5210 = B_SPLINE_CURVE_WITH_KNOTS ( 'NONE', 3,
 ( #4341, #3915, #6912, #1152, #2, #2570, #6488, #716, #173, #4630, #808, #7963, #5902, #2866, #1602, #5438, #2787, #5361, #5402, #6737, #4170, #3329, #4087, #8003, #891, #2239, #5315, #128, #6068, #1521, #1562, #7328, #7922, #301, #7204, #3369, #2741, #4805, #4047, #3412, #2072, #5984, #1438, #3499, #6614, #2116, #2159, #2200, #7371, #5944, #4722, #7877, #4131, #2702, #3456 ),
 .UNSPECIFIED., .F., .F.,
 ( 4, 1, 1, 1, 1, 1, 1, 1, 1, 1, 1, 1, 1, 1, 1, 1, 1, 1, 1, 1, 1, 1, 1, 1, 1, 1, 1, 1, 1, 1, 1, 1, 1, 1, 1, 1, 1, 1, 1, 1, 1, 1, 1, 1, 1, 1, 1, 1, 1, 1, 1, 1, 4 ),
 ( 0.01037066611188652149, 0.06767854499841063909, 0.09884629602760419687, 0.1282330327458525154, 0.1558387551553856998, 0.1816634632588947085, 0.2057071570596702426, 0.2279698365617903733, 0.2484515017703998740, 0.2671521526921104561, 0.2840717893356237145, 0.2992104117127123430, 0.3125680198398570475, 0.3241446137411453376, 0.3339401934538046568, 0.3662021699428077426, 0.3760430630535975816, 0.3856763336118151919, 0.3952492422856396237, 0.4049624801021072251, 0.4150869914083012979, 0.4259748013331243754, 0.4380386266454286970, 0.4516469595390829594, 0.4668849008038623571, 0.4803437228220495125, 0.4999999999999997780, 0.5196562771779499323, 0.5331150991961371988, 0.5483530404609164854, 0.5619613733545708589, 0.5740251986668751805, 0.5849130085916982580, 0.5950375198978923308, 0.6047507577143599322, 0.6143236663881842530, 0.6239569369464019744, 0.6337978300571918133, 0.6660598065461947881, 0.6758553862588542183, 0.6874319801601425084, 0.7007895882872872129, 0.7159282106643759525, 0.7328478473078892108, 0.7515484982295997929, 0.7720301634382092937, 0.7942928429403295354, 0.8183365367411050695, 0.8441612448446141892, 0.8717669672541473735, 0.9011537039723956921, 0.9323214550015892499, 0.9896293338881145818 ),
 .UNSPECIFIED. ) ;
#5211 = CARTESIAN_POINT ( 'NONE',  ( 22.91929613358906792, 6.515359526762130926, 2.000000000000000000 ) ) ;
#5212 = PLANE ( 'NONE',  #3602 ) ;
#5213 = CARTESIAN_POINT ( 'NONE',  ( 1.881261915648275496, 24.14640443156747196, -2.099999999999998757 ) ) ;
#5214 = EDGE_LOOP ( 'NONE', ( #504, #275 ) ) ;
#5215 = CARTESIAN_POINT ( 'NONE',  ( 3.499191490208542366, -23.38362255772746323, 2.000000000000000000 ) ) ;
#5216 = CARTESIAN_POINT ( 'NONE',  ( 1.939597136465224247, 23.94058417290086638, 2.000000000000000000 ) ) ;
#5217 = CARTESIAN_POINT ( 'NONE',  ( -17.45584392081711655, 15.72474958968641801, 2.000000000000000000 ) ) ;
#5218 = CARTESIAN_POINT ( 'NONE',  ( -26.16863607189504037, -4.567518758412578705, -2.099999999999999645 ) ) ;
#5219 = CARTESIAN_POINT ( 'NONE',  ( 7.605017794998038205, -22.88729425358476632, -2.099999999999999645 ) ) ;
#5220 = EDGE_CURVE ( 'NONE', #80, #6646, #2180, .T. ) ;
#5221 = AXIS2_PLACEMENT_3D ( 'NONE', #921, #4955, #6056 ) ;
#5222 = CARTESIAN_POINT ( 'NONE',  ( -19.05257571807343098, -20.26599538160688141, 2.000000000000000000 ) ) ;
#5223 = CARTESIAN_POINT ( 'NONE',  ( -13.41263264250317455, 22.06199033373686547, 2.000000000000000000 ) ) ;
#5224 = ORIENTED_EDGE ( 'NONE', *, *, #6169, .F. ) ;
#5225 = CARTESIAN_POINT ( 'NONE',  ( -17.12241726305228084, -21.05518411798322020, -2.099999999999998757 ) ) ;
#5226 = CARTESIAN_POINT ( 'NONE',  ( -10.70787966366669330, -23.74905515802277378, 2.000000000000000000 ) ) ;
#5227 = CARTESIAN_POINT ( 'NONE',  ( -17.26619031893428158, -16.42019235248055509, -2.099999999999998757 ) ) ;
#5228 = CARTESIAN_POINT ( 'NONE',  ( 23.15601641226234975, 6.742658068406557348, -2.099999999999998757 ) ) ;
#5229 = CARTESIAN_POINT ( 'NONE',  ( 21.47582202528875328, 10.32148794313316387, -2.099999999999998757 ) ) ;
#5230 = PLANE ( 'NONE',  #612 ) ;
#5231 = CARTESIAN_POINT ( 'NONE',  ( 19.55560045884525522, -15.67357176803117724, 2.000000000000000000 ) ) ;
#5232 = CARTESIAN_POINT ( 'NONE',  ( -24.31514428139132278, -10.69735948946559567, -2.099999999999998757 ) ) ;
#5233 = CARTESIAN_POINT ( 'NONE',  ( -19.10294300318479088, -20.47138356506643575, 2.000000000000000000 ) ) ;
#5234 = CARTESIAN_POINT ( 'NONE',  ( -9.324636732261659233, -22.03037936177865674, -2.099999999999998757 ) ) ;
#5235 = CARTESIAN_POINT ( 'NONE',  ( -13.46232027610273718, -22.30341320457492671, 2.000000000000000000 ) ) ;
#5236 = FACE_OUTER_BOUND ( 'NONE', #2287, .T. ) ;
#5237 = CARTESIAN_POINT ( 'NONE',  ( -5.995909907646372439, 27.35048520283300277, 2.000000000000000000 ) ) ;
#5239 = CARTESIAN_POINT ( 'NONE',  ( -14.60388312963064017, 19.32135064906642796, 2.000000000000000000 ) ) ;
#5238 = CARTESIAN_POINT ( 'NONE',  ( -14.60388312963064017, 19.32135064906642796, -2.099999999999998757 ) ) ;
#5240 = EDGE_CURVE ( 'NONE', #1782, #2505, #503, .T. ) ;
#5241 = CARTESIAN_POINT ( 'NONE',  ( 24.19711102278062143, -1.042982032116798852, 2.000000000000000000 ) ) ;
#5242 = CARTESIAN_POINT ( 'NONE',  ( 24.32345666766048353, -4.791663430616639907, -2.099999999999998757 ) ) ;
#5243 = EDGE_CURVE ( 'NONE', #3693, #2298, #446, .T. ) ;
#5244 = CARTESIAN_POINT ( 'NONE',  ( 18.51632561903327456, -18.67704107051116225, 2.000000000000000000 ) ) ;
#5245 = CARTESIAN_POINT ( 'NONE',  ( 16.08024905276406713, 20.49638744246056632, 2.000000000000000000 ) ) ;
#5246 = CARTESIAN_POINT ( 'NONE',  ( 17.29220078062824939, 16.53076698689343615, -2.099999999999999645 ) ) ;
#5247 = CARTESIAN_POINT ( 'NONE',  ( 18.60089775827983871, -15.19605903441927630, -2.099999999999998757 ) ) ;
#5248 = ORIENTED_EDGE ( 'NONE', *, *, #3630, .T. ) ;
#5249 = CARTESIAN_POINT ( 'NONE',  ( -23.15601641226234619, 6.742658068406526262, 2.000000000000000000 ) ) ;
#5250 = CARTESIAN_POINT ( 'NONE',  ( -21.48061666422702487, -12.62686802027752542, 2.000000000000000000 ) ) ;
#5251 = CARTESIAN_POINT ( 'NONE',  ( -7.743106042156109758, 24.63076208136009271, -2.099999999999998757 ) ) ;
#5252 = CARTESIAN_POINT ( 'NONE',  ( 10.38530154243853154, 23.40284517865930169, 2.000000000000000000 ) ) ;
#5253 = CARTESIAN_POINT ( 'NONE',  ( 24.95373504430678580, 4.768644361883088045, -2.099999999999999645 ) ) ;
#5254 = MANIFOLD_SOLID_BREP ( 'Boss-Extrude1', #7890 ) ;
#5255 = CARTESIAN_POINT ( 'NONE',  ( -25.77590585922884614, -1.494258687380737527, 2.000000000000000000 ) ) ;
#5256 = CARTESIAN_POINT ( 'NONE',  ( -24.76692767734244782, -4.782579349257321866, 2.000000000000000000 ) ) ;
#5257 = VERTEX_POINT ( 'NONE', #2893 ) ;
#5258 = CARTESIAN_POINT ( 'NONE',  ( 2.105634209995053574, -23.64010634127342669, 2.000000000000000000 ) ) ;
#5259 = CARTESIAN_POINT ( 'NONE',  ( 4.030460310774742538, 24.06924055886030089, 2.000000000000000000 ) ) ;
#5260 = CARTESIAN_POINT ( 'NONE',  ( 1.810672407536199291, -24.85107952805194387, -2.099999999999998757 ) ) ;
#5261 = CARTESIAN_POINT ( 'NONE',  ( 27.19385066028187481, -4.276646190873463205, -2.099999999999998757 ) ) ;
#5262 = CARTESIAN_POINT ( 'NONE',  ( -24.88813961944796560, -1.197996060026735643, -2.099999999999998757 ) ) ;
#5263 = ADVANCED_FACE ( 'NONE', ( #2389 ), #6136, .T. ) ;
#5264 = CARTESIAN_POINT ( 'NONE',  ( -18.19936168673940102, -18.00918889841835480, 2.000000000000000000 ) ) ;
#5265 = CARTESIAN_POINT ( 'NONE',  ( -13.61524630358647414, 23.47600944080825869, 2.000000000000000000 ) ) ;
#5266 = CARTESIAN_POINT ( 'NONE',  ( -13.58617081224543632, -23.15195374360798652, 2.000000000000000000 ) ) ;
#5267 = ORIENTED_EDGE ( 'NONE', *, *, #3466, .T. ) ;
#5268 = CARTESIAN_POINT ( 'NONE',  ( -13.02793750094271985, -20.86163776548603721, -2.099999999999998757 ) ) ;
#5269 = CARTESIAN_POINT ( 'NONE',  ( -10.25081980592598363, -23.24542008693366668, 2.000000000000000000 ) ) ;
#5270 = CARTESIAN_POINT ( 'NONE',  ( -22.79134869580807177, 6.292262679950354709, 2.000000000000000000 ) ) ;
#5271 = CARTESIAN_POINT ( 'NONE',  ( 23.44696895445775908, -15.30488886923681413, 2.000000000000000000 ) ) ;
#5272 = CARTESIAN_POINT ( 'NONE',  ( -22.62472994129923620, 16.49610848301131227, -2.099999999999998757 ) ) ;
#5273 = DIRECTION ( 'NONE',  ( 0.000000000000000000, 0.000000000000000000, -1.000000000000000000 ) ) ;
#5274 = CARTESIAN_POINT ( 'NONE',  ( 18.38167992440537901, -15.16106487615012455, 2.000000000000000000 ) ) ;
#5275 = CARTESIAN_POINT ( 'NONE',  ( -5.183190230475042348, -26.33878392258043277, 2.000000000000000000 ) ) ;
#5276 = ORIENTED_EDGE ( 'NONE', *, *, #7880, .F. ) ;
#5277 = DIRECTION ( 'NONE',  ( -1.000000000000000000, 0.000000000000000000, 0.000000000000000000 ) ) ;
#5278 = CARTESIAN_POINT ( 'NONE',  ( -22.78920619399659131, 14.18622855212691292, -2.099999999999999645 ) ) ;
#5279 = DIRECTION ( 'NONE',  ( 0.000000000000000000, 0.000000000000000000, -1.000000000000000000 ) ) ;
#5280 = CARTESIAN_POINT ( 'NONE',  ( 1.750000000000009992, -21.00000000000000000, 2.100000000000001865 ) ) ;
#5281 = CARTESIAN_POINT ( 'NONE',  ( 8.333214720347251969, 21.97288137310767198, 2.000000000000000000 ) ) ;
#5283 = CARTESIAN_POINT ( 'NONE',  ( -17.51894851297105404, 21.23397417766008033, 2.000000000000000000 ) ) ;
#5282 = CARTESIAN_POINT ( 'NONE',  ( -12.88702750944971420, 19.82328597831586947, -2.099999999999998757 ) ) ;
#5284 = CARTESIAN_POINT ( 'NONE',  ( 24.37956700134304100, 1.099847363974308045, -2.099999999999998757 ) ) ;
#5285 = CARTESIAN_POINT ( 'NONE',  ( -23.76414829993701261, -7.060866680122703798, -2.099999999999998757 ) ) ;
#5286 = CARTESIAN_POINT ( 'NONE',  ( 18.38167992440537901, -15.16106487615012455, 2.000000000000000000 ) ) ;
#5287 = CARTESIAN_POINT ( 'NONE',  ( -4.030460310774755861, -24.06924055886029734, -2.099999999999998757 ) ) ;
#5288 = CARTESIAN_POINT ( 'NONE',  ( 17.91646094264594780, 17.52377780514963490, -2.099999999999999645 ) ) ;
#5289 = CARTESIAN_POINT ( 'NONE',  ( 18.49458355994169523, -15.17355739294053940, -2.099999999999998757 ) ) ;
#5290 = EDGE_LOOP ( 'NONE', ( #6143, #701, #3744, #7251 ) ) ;
#5291 = CARTESIAN_POINT ( 'NONE',  ( 21.35721522671292760, -10.35169942632023066, -2.099999999999999645 ) ) ;
#5292 = FACE_OUTER_BOUND ( 'NONE', #4125, .T. ) ;
#5293 = CARTESIAN_POINT ( 'NONE',  ( 13.64313002038035805, -23.93181587041764402, 2.000000000000000000 ) ) ;
#5294 = CARTESIAN_POINT ( 'NONE',  ( 25.88937528683162270, 4.628868634690457284, 2.000000000000000000 ) ) ;
#5295 = CARTESIAN_POINT ( 'NONE',  ( -18.01951879739596052, 21.43121365581736271, 2.000000000000000000 ) ) ;
#5296 = B_SPLINE_CURVE_WITH_KNOTS ( 'NONE', 3,
 ( #5864, #593, #3116, #6366, #2664, #3204, #721, #5235, #7167, #1313, #3289, #8253, #5735, #1227, #3836, #2037, #555, #7128, #1947, #4593, #1399, #5691, #638, #2492, #5062, #7629, #7034, #1860, #6992, #3795, #7081, #3880, #3158, #8295, #2536, #6452, #1993, #681, #4551, #1357, #2620, #5103, #7673, #1904, #3921, #4461, #6409, #8, #49, #5146, #7716, #4506, #7761, #3246, #5819 ),
 .UNSPECIFIED., .F., .F.,
 ( 4, 1, 1, 1, 1, 1, 1, 1, 1, 1, 1, 1, 1, 1, 1, 1, 1, 1, 1, 1, 1, 1, 1, 1, 1, 1, 1, 1, 1, 1, 1, 1, 1, 1, 1, 1, 1, 1, 1, 1, 1, 1, 1, 1, 1, 1, 1, 1, 1, 1, 1, 1, 4 ),
 ( 0.01037070964479163381, 0.06767854499841075011, 0.09884629602760430789, 0.1282330327458526265, 0.1558387551553858108, 0.1816634632588949305, 0.2057071570596704646, 0.2279698365617907063, 0.2484515017704002071, 0.2671521526921107892, 0.2840717893356240475, 0.2992104117127127871, 0.3125680198398574916, 0.3241446137411457817, 0.3339401934538051009, 0.3662021699428081867, 0.3760430630535980256, 0.3856763336118157470, 0.3952492422856400678, 0.4049624801021076692, 0.4150869914083017420, 0.4259748013331248195, 0.4380386266454291411, 0.4516469595390834035, 0.4668849008038628012, 0.4803437228220500677, 0.5000000000000002220, 0.5196562771779504875, 0.5331150991961376429, 0.5483530404609170406, 0.5619613733545713030, 0.5740251986668756246, 0.5849130085916987021, 0.5950375198978927749, 0.6047507577143603763, 0.6143236663881848081, 0.6239569369464024184, 0.6337978300571922574, 0.6660598065461953432, 0.6758553862588546624, 0.6874319801601429525, 0.7007895882872876570, 0.7159282106643762855, 0.7328478473078895439, 0.7515484982296001260, 0.7720301634382096267, 0.7942928429403297574, 0.8183365367411052915, 0.8441612448446143002, 0.8717669672541474846, 0.9011537039723958031, 0.9323214550015893609, 0.9896292903551999753 ),
 .UNSPECIFIED. ) ;
#5297 = CARTESIAN_POINT ( 'NONE',  ( 26.16863607189503682, 4.567518758412593805, 2.000000000000000000 ) ) ;
#5298 = DIRECTION ( 'NONE',  ( -1.000000000000000000, 0.000000000000000000, 0.000000000000000000 ) ) ;
#5299 = EDGE_CURVE ( 'NONE', #582, #1149, #2394, .T. ) ;
#5300 = DIRECTION ( 'NONE',  ( 0.000000000000000000, -0.000000000000000000, -1.000000000000000000 ) ) ;
#5301 = EDGE_LOOP ( 'NONE', ( #6514, #2880 ) ) ;
#5302 = CARTESIAN_POINT ( 'NONE',  ( 3.612999446203297715, -23.45707906485272431, -2.099999999999998757 ) ) ;
#5303 = CARTESIAN_POINT ( 'NONE',  ( 1.623578263684192224, 25.76808346599205279, 2.000000000000000000 ) ) ;
#5304 = CARTESIAN_POINT ( 'NONE',  ( -18.01951924820727413, -21.43121382618090465, -2.099999999999998757 ) ) ;
#5305 = CARTESIAN_POINT ( 'NONE',  ( 23.93435179486865394, -4.766524473500965975, -2.099999999999998757 ) ) ;
#5306 = CARTESIAN_POINT ( 'NONE',  ( -24.37956700134304100, -1.099847363974311154, 2.000000000000000000 ) ) ;
#5307 = DIRECTION ( 'NONE',  ( -0.000000000000000000, 0.000000000000000000, -1.000000000000000000 ) ) ;
#5308 = CARTESIAN_POINT ( 'NONE',  ( -12.84317218923418835, -20.29695877980780594, -2.099999999999999645 ) ) ;
#5309 = ORIENTED_EDGE ( 'NONE', *, *, #7088, .T. ) ;
#5310 = CARTESIAN_POINT ( 'NONE',  ( 0.000000000000000000, 0.000000000000000000, 2.000000000000000000 ) ) ;
#5311 = CARTESIAN_POINT ( 'NONE',  ( -7.745447077757172671, -24.40400991946479081, 2.000000000000000000 ) ) ;
#5312 = CARTESIAN_POINT ( 'NONE',  ( 23.72154950710864441, 0.7592181733933792698, 2.000000000000000000 ) ) ;
#5313 = CARTESIAN_POINT ( 'NONE',  ( 20.74579233589062355, -11.91211842489101258, 2.000000000000000000 ) ) ;
#5314 = CARTESIAN_POINT ( 'NONE',  ( -18.49458355994169878, 15.17355739294053940, -2.099999999999998757 ) ) ;
#5315 = CARTESIAN_POINT ( 'NONE',  ( 20.71178771499497984, -11.09036006156942733, -2.099999999999998757 ) ) ;
#5316 = B_SPLINE_SURFACE_WITH_KNOTS ( 'NONE', 3, 1, ( 
 ( #2659, #174 ),
 ( #6615, #762 ),
 ( #7711, #5185 ),
 ( #717, #7878 ),
 ( #6575, #1394 ),
 ( #5317, #3874 ),
 ( #5859, #3284 ),
 ( #6490, #2571 ),
 ( #849, #6531 ),
 ( #2615, #7756 ),
 ( #3330, #1440 ),
 ( #7074, #87 ),
 ( #5231, #5141 ),
 ( #3413, #5903 ),
 ( #1986, #4545 ),
 ( #130, #4005 ),
 ( #809, #3370 ),
 ( #4632, #2703 ),
 ( #7798, #1941 ),
 ( #4679, #2032 ),
 ( #4500, #1307 ),
 ( #5274, #2742 ),
 ( #5945, #2117 ),
 ( #7838, #4587 ),
 ( #7249, #6446 ),
 ( #7162, #675 ),
 ( #1482, #3240 ),
 ( #4048, #3916 ),
 ( #5814, #3959 ),
 ( #7122, #44 ),
 ( #7205, #1351 ),
 ( #2074, #1716 ),
 ( #7924, #5986 ),
 ( #2352, #1168 ),
 ( #216, #5362 ),
 ( #2788, #5635 ),
 ( #5591, #7289 ),
 ( #4088, #8193 ),
 ( #1522, #4356 ),
 ( #2938, #2978 ),
 ( #412, #1757 ),
 ( #6655, #4723 ),
 ( #4959, #6850 ),
 ( #1085, #5552 ),
 ( #4238, #7481 ),
 ( #3055, #6029 ),
 ( #3457, #2434 ),
 ( #6263, #5002 ),
 ( #4278, #7563 ),
 ( #1799, #3651 ),
 ( #491, #2161 ),
 ( #6927, #892 ),
 ( #261, #6221 ),
 ( #5514, #8074 ),
 ( #2313, #4877 ) ),
 .UNSPECIFIED., .F., .F., .F.,
 ( 4, 1, 1, 1, 1, 1, 1, 1, 1, 1, 1, 1, 1, 1, 1, 1, 1, 1, 1, 1, 1, 1, 1, 1, 1, 1, 1, 1, 1, 1, 1, 1, 1, 1, 1, 1, 1, 1, 1, 1, 1, 1, 1, 1, 1, 1, 1, 1, 1, 1, 1, 1, 4 ),
 ( 2, 2 ),
 ( 0.01037066610069901224, 0.06767854499841075011, 0.09884629602760430789, 0.1282330327458526265, 0.1558387551553858108, 0.1816634632588949305, 0.2057071570596704646, 0.2279698365617907063, 0.2484515017704002071, 0.2671521526921107892, 0.2840717893356240475, 0.2992104117127127871, 0.3125680198398574916, 0.3241446137411457817, 0.3339401934538051009, 0.3662021699428081867, 0.3760430630535980256, 0.3856763336118157470, 0.3952492422856400678, 0.4049624801021076692, 0.4150869914083017420, 0.4259748013331248195, 0.4380386266454291411, 0.4516469595390834035, 0.4668849008038628012, 0.4803437228220500677, 0.5000000000000002220, 0.5196562771779504875, 0.5331150991961376429, 0.5483530404609170406, 0.5619613733545713030, 0.5740251986668756246, 0.5849130085916987021, 0.5950375198978927749, 0.6047507577143603763, 0.6143236663881848081, 0.6239569369464024184, 0.6337978300571922574, 0.6660598065461953432, 0.6758553862588546624, 0.6874319801601429525, 0.7007895882872876570, 0.7159282106643762855, 0.7328478473078895439, 0.7515484982296001260, 0.7720301634382096267, 0.7942928429403297574, 0.8183365367411052915, 0.8441612448446143002, 0.8717669672541474846, 0.9011537039723958031, 0.9323214550015893609, 0.9955048858948361001 ),
 ( 0.000000000000000000, 1.000000000000000000 ),
 .UNSPECIFIED. ) ;
#5317 = CARTESIAN_POINT ( 'NONE',  ( 21.04854468720649763, -16.20550857031051351, 2.000000000000000000 ) ) ;
#5318 = CARTESIAN_POINT ( 'NONE',  ( -25.91507356775016646, -10.60230927572369986, -2.099999999999998757 ) ) ;
#5319 = AXIS2_PLACEMENT_3D ( 'NONE', #3114, #3633, #393 ) ;
#5320 = CARTESIAN_POINT ( 'NONE',  ( 14.84924240491750069, 14.84924240491749714, 2.100000000000001865 ) ) ;
#5321 = CARTESIAN_POINT ( 'NONE',  ( -11.58603556222320030, -24.54102139527088156, -2.099999999999998757 ) ) ;
#5322 = FACE_BOUND ( 'NONE', #2034, .T. ) ;
#5323 = CARTESIAN_POINT ( 'NONE',  ( -21.07590994840523280, -12.30361618564757720, 2.000000000000000000 ) ) ;
#5324 = CARTESIAN_POINT ( 'NONE',  ( -4.852431640496140730, 25.84840584550508069, 2.000000000000000000 ) ) ;
#5326 = CARTESIAN_POINT ( 'NONE',  ( -15.12400615833752582, 19.80199803049035268, 2.000000000000000000 ) ) ;
#5325 = CARTESIAN_POINT ( 'NONE',  ( 13.35177211813242515, -19.34338136197018798, 2.000000000000000000 ) ) ;
#5327 = CARTESIAN_POINT ( 'NONE',  ( 24.88813961944796560, 1.197996060026732756, -2.099999999999998757 ) ) ;
#5328 = CARTESIAN_POINT ( 'NONE',  ( 23.93435179486865394, -4.766524473500965975, 2.000000000000000000 ) ) ;
#5329 = AXIS2_PLACEMENT_3D ( 'NONE', #4360, #3270, #3226 ) ;
#5330 = CARTESIAN_POINT ( 'NONE',  ( 18.09985454995501541, -17.82762258356554597, 2.000000000000000000 ) ) ;
#5331 = CARTESIAN_POINT ( 'NONE',  ( 15.12400615833752049, 19.80199803049036333, -2.099999999999998757 ) ) ;
#5332 = CARTESIAN_POINT ( 'NONE',  ( 21.04854468720649052, 16.20550857031053127, 2.000000000000000000 ) ) ;
#5333 = CARTESIAN_POINT ( 'NONE',  ( 18.09985454995501541, -17.82762258356554597, -2.099999999999998757 ) ) ;
#5334 = AXIS2_PLACEMENT_3D ( 'NONE', #588, #5098, #6238 ) ;
#5335 = ORIENTED_EDGE ( 'NONE', *, *, #8211, .T. ) ;
#5336 = CARTESIAN_POINT ( 'NONE',  ( 21.69704443755539813, -10.30300297322494885, 2.000000000000000000 ) ) ;
#5337 = CARTESIAN_POINT ( 'NONE',  ( -21.70974829699418507, -12.84369887095659912, -2.099999999999998757 ) ) ;
#5338 = CARTESIAN_POINT ( 'NONE',  ( 13.58617081224543988, -23.15195374360797942, 2.000000000000000000 ) ) ;
#5339 = CARTESIAN_POINT ( 'NONE',  ( -15.02890815691219295, 19.71604682249877527, 2.000000000000000000 ) ) ;
#5340 = CARTESIAN_POINT ( 'NONE',  ( 23.21393719209897100, 4.939781705126463862, 2.000000000000000000 ) ) ;
#5341 = CIRCLE ( 'NONE', #7053, 28.00000000000000000 ) ;
#5342 = DIRECTION ( 'NONE',  ( 0.3546048870425354549, 0.9350162426854149444, 0.000000000000000000 ) ) ;
#5343 = CARTESIAN_POINT ( 'NONE',  ( 3.781464864188883279, 23.62174820993211455, -2.099999999999998757 ) ) ;
#5344 = B_SPLINE_CURVE_WITH_KNOTS ( 'NONE', 3,
 ( #2147, #4075, #878, #4159, #7560, #2894, #4874, #5631, #2310, #6724, #6885, #4999, #2349, #7478, #6764, #3565, #998, #1712, #5588, #8190, #1629, #1082, #8071, #961, #3525, #2431, #2390, #1123, #8031, #7520, #3648, #3052, #6178, #6093, #447, #7438, #1670, #1754, #1041, #366, #3686, #4275, #4235, #6847, #488, #326, #4314, #5467, #6137, #2269, #6260, #4835, #6805, #3608, #4196 ),
 .UNSPECIFIED., .F., .F.,
 ( 4, 1, 1, 1, 1, 1, 1, 1, 1, 1, 1, 1, 1, 1, 1, 1, 1, 1, 1, 1, 1, 1, 1, 1, 1, 1, 1, 1, 1, 1, 1, 1, 1, 1, 1, 1, 1, 1, 1, 1, 1, 1, 1, 1, 1, 1, 1, 1, 1, 1, 1, 1, 4 ),
 ( 0.01037070964479171187, 0.06767854499841075011, 0.09884629602760430789, 0.1282330327458526265, 0.1558387551553858108, 0.1816634632588949305, 0.2057071570596704646, 0.2279698365617907063, 0.2484515017704002071, 0.2671521526921107892, 0.2840717893356240475, 0.2992104117127127871, 0.3125680198398574916, 0.3241446137411457817, 0.3339401934538051009, 0.3662021699428081867, 0.3760430630535980256, 0.3856763336118157470, 0.3952492422856400678, 0.4049624801021076692, 0.4150869914083017420, 0.4259748013331248195, 0.4380386266454291411, 0.4516469595390834035, 0.4668849008038628012, 0.4803437228220500677, 0.5000000000000002220, 0.5196562771779504875, 0.5331150991961376429, 0.5483530404609170406, 0.5619613733545713030, 0.5740251986668756246, 0.5849130085916987021, 0.5950375198978927749, 0.6047507577143603763, 0.6143236663881848081, 0.6239569369464024184, 0.6337978300571922574, 0.6660598065461953432, 0.6758553862588546624, 0.6874319801601429525, 0.7007895882872876570, 0.7159282106643763965, 0.7328478473078895439, 0.7515484982296001260, 0.7720301634382096267, 0.7942928429403297574, 0.8183365367411052915, 0.8441612448446143002, 0.8717669672541474846, 0.9011537039723958031, 0.9323214550015893609, 0.9896292903552001974 ),
 .UNSPECIFIED. ) ;
#5345 = CARTESIAN_POINT ( 'NONE',  ( 1.762385718735274720, 25.16282512725969056, -2.099999999999998757 ) ) ;
#5346 = VERTEX_POINT ( 'NONE', #289 ) ;
#5347 = CARTESIAN_POINT ( 'NONE',  ( 1.680116617297995996, -25.54848055630612791, -2.099999999999998757 ) ) ;
#5348 = CARTESIAN_POINT ( 'NONE',  ( 0.9676082089449252743, 27.51106945928312797, 2.000000000000000000 ) ) ;
#5349 = DIRECTION ( 'NONE',  ( 0.3546048870425358435, -0.9350162426854147224, 0.000000000000000000 ) ) ;
#5350 = CARTESIAN_POINT ( 'NONE',  ( 17.91646094264594780, 17.52377780514963490, 2.000000000000000000 ) ) ;
#5351 = CARTESIAN_POINT ( 'NONE',  ( -26.50130185302208830, -1.827769560624226131, -2.099999999999998757 ) ) ;
#5352 = CARTESIAN_POINT ( 'NONE',  ( 27.42711520699845096, -2.355539810247111454, -2.099999999999998757 ) ) ;
#5353 = CARTESIAN_POINT ( 'NONE',  ( -13.25426296490209310, -21.46155364981478897, -2.099999999999999645 ) ) ;
#5354 = VERTEX_POINT ( 'NONE', #2854 ) ;
#5355 = FACE_OUTER_BOUND ( 'NONE', #1310, .T. ) ;
#5356 = CARTESIAN_POINT ( 'NONE',  ( -26.77848301813143905, 4.405768766048581142, -2.099999999999998757 ) ) ;
#5357 = CARTESIAN_POINT ( 'NONE',  ( 23.55944914529948520, 0.5232380683118310616, 2.000000000000000000 ) ) ;
#5358 = CARTESIAN_POINT ( 'NONE',  ( -22.62472994129926462, -16.49610848301127319, -2.099999999999998757 ) ) ;
#5359 = CIRCLE ( 'NONE', #1718, 1.750000000000003331 ) ;
#5360 = PLANE ( 'NONE',  #389 ) ;
#5361 = CARTESIAN_POINT ( 'NONE',  ( 20.94077984017083338, -12.16847291378769569, -2.099999999999998757 ) ) ;
#5362 = CARTESIAN_POINT ( 'NONE',  ( 17.29220078062825650, -16.53076698689342550, -2.099999999999998757 ) ) ;
#5363 = VECTOR ( 'NONE', #6637, 1000.000000000000000 ) ;
#5364 = CARTESIAN_POINT ( 'NONE',  ( -20.65156267108763188, -11.69620803915341867, -2.099999999999998757 ) ) ;
#5365 = ORIENTED_EDGE ( 'NONE', *, *, #5501, .T. ) ;
#5366 = FACE_OUTER_BOUND ( 'NONE', #5290, .T. ) ;
#5367 = CARTESIAN_POINT ( 'NONE',  ( -8.993578510876917065, -21.86672564825610010, -2.099999999999998757 ) ) ;
#5368 = CARTESIAN_POINT ( 'NONE',  ( -20.99999999999999289, -3.903127820947815962E-15, 2.100000000000001865 ) ) ;
#5369 = CARTESIAN_POINT ( 'NONE',  ( -20.71178771499497628, -11.09036006156943088, 2.000000000000000000 ) ) ;
#5370 = CARTESIAN_POINT ( 'NONE',  ( 15.02890815691219295, -19.71604682249877527, 2.000000000000000000 ) ) ;
#5371 = CIRCLE ( 'NONE', #1323, 27.99999957948218920 ) ;
#5372 = CARTESIAN_POINT ( 'NONE',  ( -24.48402185937396780, -7.488679734998063608, -2.099999999999998757 ) ) ;
#5373 = CARTESIAN_POINT ( 'NONE',  ( 13.50602898338108382, 19.22398027845277468, 2.000000000000000000 ) ) ;
#5374 = CARTESIAN_POINT ( 'NONE',  ( -4.482856113983126889, -25.20816636816325840, -2.099999999999998757 ) ) ;
#5375 = CARTESIAN_POINT ( 'NONE',  ( 7.865059710290389638, -22.21401039568610614, 2.000000000000000000 ) ) ;
#5376 = CARTESIAN_POINT ( 'NONE',  ( 18.30266578660394217, -18.21105589998883545, -2.099999999999998757 ) ) ;
#5377 = ORIENTED_EDGE ( 'NONE', *, *, #3244, .F. ) ;
#5378 = CARTESIAN_POINT ( 'NONE',  ( 20.62323650117463103, -11.56374771533979562, -2.099999999999999645 ) ) ;
#5379 = CARTESIAN_POINT ( 'NONE',  ( -22.12901452267052704, -13.30176109182831823, 2.000000000000000000 ) ) ;
#5380 = CARTESIAN_POINT ( 'NONE',  ( 13.46232027610274784, -22.30341320457493381, 2.000000000000000000 ) ) ;
#5381 = CARTESIAN_POINT ( 'NONE',  ( 11.58603556222320030, 24.54102139527087800, -2.099999999999997868 ) ) ;
#5382 = EDGE_CURVE ( 'NONE', #2771, #668, #2127, .T. ) ;
#5383 = CARTESIAN_POINT ( 'NONE',  ( 13.64872344037203789, 24.44815634047358799, -2.099999999999998757 ) ) ;
#5384 = CARTESIAN_POINT ( 'NONE',  ( 4.082273444348664349, 24.25428063893853547, -2.099999999999998757 ) ) ;
#5385 = CARTESIAN_POINT ( 'NONE',  ( 1.623578263684192224, 25.76808346599205279, -2.099999999999998757 ) ) ;
#5386 = B_SPLINE_SURFACE_WITH_KNOTS ( 'NONE', 3, 1, ( 
 ( #3054, #1043 ),
 ( #6849, #4795 ),
 ( #6220, #1631 ),
 ( #7360, #4161 ),
 ( #4198, #1000 ),
 ( #5590, #2937 ),
 ( #5513, #2312 ),
 ( #4876, #411 ),
 ( #2351, #4916 ),
 ( #7480, #2392 ),
 ( #4958, #1204 ),
 ( #7732, #5670 ),
 ( #1834, #656 ),
 ( #5753, #3092 ),
 ( #3771, #3220 ),
 ( #5794, #4355 ),
 ( #3264, #6926 ),
 ( #1332, #6340 ),
 ( #2592, #697 ),
 ( #3177, #2469 ),
 ( #5038, #8313 ),
 ( #3854, #6427 ),
 ( #4479, #2552 ),
 ( #5079, #2433 ),
 ( #4524, #1878 ),
 ( #1167, #5001 ),
 ( #8231, #610 ),
 ( #25, #5163 ),
 ( #8270, #5120 ),
 ( #7691, #7099 ),
 ( #1965, #4437 ),
 ( #7601, #4394 ),
 ( #3897, #6469 ),
 ( #1922, #8192 ),
 ( #7562, #3730 ),
 ( #7050, #1798 ),
 ( #6304, #532 ),
 ( #7647, #1285 ),
 ( #6966, #570 ),
 ( #3132, #5707 ),
 ( #2511, #7010 ),
 ( #6382, #1243 ),
 ( #3811, #237 ),
 ( #6008, #64 ),
 ( #2138, #5926 ),
 ( #5252, #7857 ),
 ( #151, #738 ),
 ( #2638, #4701 ),
 ( #4657, #6596 ),
 ( #4742, #3393 ),
 ( #7269, #7182 ),
 ( #3307, #5381 ),
 ( #2809, #2179 ),
 ( #829, #7943 ),
 ( #2681, #6510 ) ),
 .UNSPECIFIED., .F., .F., .F.,
 ( 4, 1, 1, 1, 1, 1, 1, 1, 1, 1, 1, 1, 1, 1, 1, 1, 1, 1, 1, 1, 1, 1, 1, 1, 1, 1, 1, 1, 1, 1, 1, 1, 1, 1, 1, 1, 1, 1, 1, 1, 1, 1, 1, 1, 1, 1, 1, 1, 1, 1, 1, 1, 4 ),
 ( 2, 2 ),
 ( 0.01037066610069897407, 0.06767854499841075011, 0.09884629602760430789, 0.1282330327458526265, 0.1558387551553858108, 0.1816634632588949305, 0.2057071570596704646, 0.2279698365617907063, 0.2484515017704002071, 0.2671521526921107892, 0.2840717893356240475, 0.2992104117127127871, 0.3125680198398574916, 0.3241446137411457817, 0.3339401934538051009, 0.3662021699428081867, 0.3760430630535980256, 0.3856763336118157470, 0.3952492422856400678, 0.4049624801021076692, 0.4150869914083017420, 0.4259748013331248195, 0.4380386266454291411, 0.4516469595390834035, 0.4668849008038628012, 0.4803437228220500677, 0.5000000000000002220, 0.5196562771779504875, 0.5331150991961376429, 0.5483530404609170406, 0.5619613733545713030, 0.5740251986668756246, 0.5849130085916987021, 0.5950375198978927749, 0.6047507577143603763, 0.6143236663881848081, 0.6239569369464024184, 0.6337978300571922574, 0.6660598065461953432, 0.6758553862588546624, 0.6874319801601429525, 0.7007895882872876570, 0.7159282106643762855, 0.7328478473078895439, 0.7515484982296001260, 0.7720301634382096267, 0.7942928429403297574, 0.8183365367411052915, 0.8441612448446143002, 0.8717669672541474846, 0.9011537039723958031, 0.9323214550015893609, 0.9896292903663901352 ),
 ( 0.000000000000000000, 1.000000000000000000 ),
 .UNSPECIFIED. ) ;
#5387 = ORIENTED_EDGE ( 'NONE', *, *, #7029, .T. ) ;
#5388 = CARTESIAN_POINT ( 'NONE',  ( 4.030460310774762966, -24.06924055886029024, -2.099999999999998757 ) ) ;
#5389 = DIRECTION ( 'NONE',  ( 0.000000000000000000, 0.000000000000000000, -1.000000000000000000 ) ) ;
#5390 = CARTESIAN_POINT ( 'NONE',  ( 1.379935885169562004, -26.52839079975561276, -2.099999999999998757 ) ) ;
#5391 = CARTESIAN_POINT ( 'NONE',  ( 17.84651532293613485, 15.31230279367191649, 2.000000000000000000 ) ) ;
#5392 = CARTESIAN_POINT ( 'NONE',  ( -23.90532429094090716, 0.9066066167179744895, 2.000000000000000000 ) ) ;
#5393 = ADVANCED_FACE ( 'NONE', ( #1711 ), #3958, .T. ) ;
#5394 = CARTESIAN_POINT ( 'NONE',  ( 27.69989843459949697, -2.535120708970311387, -2.099999999999998757 ) ) ;
#5395 = CARTESIAN_POINT ( 'NONE',  ( -13.35177211813241982, -19.34338136197018798, 2.000000000000000000 ) ) ;
#5396 = ORIENTED_EDGE ( 'NONE', *, *, #4749, .F. ) ;
#5397 = CARTESIAN_POINT ( 'NONE',  ( -7.452140315417445038, -26.79882114981107932, 2.000000000000000000 ) ) ;
#5398 = CARTESIAN_POINT ( 'NONE',  ( -24.76692767734244427, 4.782579349257304102, 2.000000000000000000 ) ) ;
#5399 = CARTESIAN_POINT ( 'NONE',  ( 25.03107770533010523, 1.235924829161913818, 2.000000000000000000 ) ) ;
#5400 = CARTESIAN_POINT ( 'NONE',  ( 8.673617379884035472E-15, -21.00000000000000000, -3.599999999999998757 ) ) ;
#5401 = CARTESIAN_POINT ( 'NONE',  ( -17.45584392081711655, 15.72474958968641801, -2.099999999999998757 ) ) ;
#5402 = CARTESIAN_POINT ( 'NONE',  ( 20.86952096496492004, -12.08832612917522553, -2.099999999999998757 ) ) ;
#5403 = CARTESIAN_POINT ( 'NONE',  ( 19.10294311799637512, 20.47138403324619915, -2.099999999999999645 ) ) ;
#5404 = VERTEX_POINT ( 'NONE', #1169 ) ;
#5405 = CARTESIAN_POINT ( 'NONE',  ( -12.36707959479895003, 25.12081492113580339, 2.000000000000000000 ) ) ;
#5406 = DIRECTION ( 'NONE',  ( 0.1205366802553235611, -0.9927088740980538617, 0.000000000000000000 ) ) ;
#5407 = DIRECTION ( 'NONE',  ( -1.000000000000000000, 0.000000000000000000, -0.000000000000000000 ) ) ;
#5408 = CARTESIAN_POINT ( 'NONE',  ( -18.01951879739603513, 21.43121365581738758, 2.000000000000000000 ) ) ;
#5409 = CARTESIAN_POINT ( 'NONE',  ( 13.41263264250317455, -22.06199033373686547, 2.000000000000000000 ) ) ;
#5410 = CARTESIAN_POINT ( 'NONE',  ( 23.87823629154097560, -7.119306137701283177, -2.099999999999998757 ) ) ;
#5411 = DIRECTION ( 'NONE',  ( -1.000000000000000000, 0.000000000000000000, 0.000000000000000000 ) ) ;
#5412 = DIRECTION ( 'NONE',  ( -1.000000000000000000, 0.000000000000000000, 0.000000000000000000 ) ) ;
#5413 = CARTESIAN_POINT ( 'NONE',  ( 9.873836557350655241, -22.73978747338223982, 2.000000000000000000 ) ) ;
#5414 = CARTESIAN_POINT ( 'NONE',  ( 17.84651532293614196, -15.31230279367190406, -2.099999999999998757 ) ) ;
#5415 = ORIENTED_EDGE ( 'NONE', *, *, #1328, .F. ) ;
#5416 = CARTESIAN_POINT ( 'NONE',  ( 23.51784779677759474, -10.65556037457646177, 2.000000000000000000 ) ) ;
#5417 = CARTESIAN_POINT ( 'NONE',  ( -20.69407544885351768, -11.81098159931166869, 2.000000000000000000 ) ) ;
#5418 = CARTESIAN_POINT ( 'NONE',  ( -10.53741832910565712, 23.57101921525814703, -2.099999999999998757 ) ) ;
#5419 = DIRECTION ( 'NONE',  ( 0.000000000000000000, -0.000000000000000000, 1.000000000000000000 ) ) ;
#5420 = CARTESIAN_POINT ( 'NONE',  ( -18.40868586258352124, -18.43357243192681238, 2.000000000000000000 ) ) ;
#5421 = CARTESIAN_POINT ( 'NONE',  ( -14.84924240491749892, 14.84924240491749536, 2.100000000000001865 ) ) ;
#5422 = CARTESIAN_POINT ( 'NONE',  ( 2.463801941912914018, 23.38577358155836450, -2.099999999999998757 ) ) ;
#5423 = CARTESIAN_POINT ( 'NONE',  ( 0.9676081431082992346, 27.51106960583350869, -2.099999999999998757 ) ) ;
#5424 = EDGE_LOOP ( 'NONE', ( #948, #6608, #3397, #2214 ) ) ;
#5425 = CARTESIAN_POINT ( 'NONE',  ( 16.59924240491750425, 14.84924240491749714, 2.100000000000001865 ) ) ;
#5426 = CARTESIAN_POINT ( 'NONE',  ( -5.995910227730327335, 27.35048556327749125, 2.000000000000000000 ) ) ;
#5427 = CARTESIAN_POINT ( 'NONE',  ( 4.082273444348686553, -24.25428063893853192, -2.099999999999998757 ) ) ;
#5428 = CARTESIAN_POINT ( 'NONE',  ( 23.63710370791871895, -4.790810183414325074, -2.099999999999998757 ) ) ;
#5429 = CARTESIAN_POINT ( 'NONE',  ( -23.72154950710864441, -0.7592181733933821564, -2.099999999999998757 ) ) ;
#5430 = CARTESIAN_POINT ( 'NONE',  ( 26.77150907641003386, -1.970609361940795390, -2.099999999999998757 ) ) ;
#5431 = CARTESIAN_POINT ( 'NONE',  ( -15.23641901094385354, -19.89808777236047632, 2.000000000000000000 ) ) ;
#5432 = ORIENTED_EDGE ( 'NONE', *, *, #7493, .T. ) ;
#5433 = CARTESIAN_POINT ( 'NONE',  ( -7.601435196559572560, -26.05218098595103626, -2.099999999999998757 ) ) ;
#5434 = CARTESIAN_POINT ( 'NONE',  ( -26.77848301813143905, 4.405768766048581142, 2.000000000000000000 ) ) ;
#5435 = CARTESIAN_POINT ( 'NONE',  ( 27.42711506945230582, -2.355539727225806068, 2.000000000000000000 ) ) ;
#5436 = CARTESIAN_POINT ( 'NONE',  ( 21.58843454132472317, -10.30659784155100667, 2.000000000000000000 ) ) ;
#5437 = CARTESIAN_POINT ( 'NONE',  ( -18.19936168673941168, 18.00918889841834414, -2.099999999999998757 ) ) ;
#5438 = CARTESIAN_POINT ( 'NONE',  ( 21.23055223844790262, -12.41767842381810816, -2.099999999999998757 ) ) ;
#5439 = EDGE_CURVE ( 'NONE', #2133, #7114, #3187, .T. ) ;
#5440 = CARTESIAN_POINT ( 'NONE',  ( 19.05257571807342387, 20.26599538160687430, 2.000000000000000000 ) ) ;
#5441 = ORIENTED_EDGE ( 'NONE', *, *, #5856, .T. ) ;
#5442 = CARTESIAN_POINT ( 'NONE',  ( 17.51903422860498338, 16.98989084997259980, -2.099999999999998757 ) ) ;
#5443 = CARTESIAN_POINT ( 'NONE',  ( -20.61769535193586833, 11.41192623884528068, -2.099999999999998757 ) ) ;
#5444 = CARTESIAN_POINT ( 'NONE',  ( -20.80821629034236864, -10.92099437901168280, 2.000000000000000000 ) ) ;
#5445 = CARTESIAN_POINT ( 'NONE',  ( -20.62323650117463458, -11.56374771533980272, 2.000000000000000000 ) ) ;
#5446 = CARTESIAN_POINT ( 'NONE',  ( 12.88702750944971420, -19.82328597831586947, 2.000000000000000000 ) ) ;
#5447 = B_SPLINE_CURVE_WITH_KNOTS ( 'NONE', 3,
 ( #7089, #3297, #5873, #7811, #2045, #3973, #6544, #776, #6041, #310, #7383, #7934, #2799, #2250, #3425, #5492, #1613, #5449, #4180, #6077, #7339, #2876, #8014, #6748, #4817, #7422, #982, #4217, #5373, #4733, #6666, #1573, #3548, #6116, #2170, #860, #2917, #7299, #349, #8055, #1532, #4099, #2294, #4857, #1654, #6787, #905, #1022, #3589, #7975, #3468, #271, #6159, #391, #2957 ),
 .UNSPECIFIED., .F., .F.,
 ( 4, 1, 1, 1, 1, 1, 1, 1, 1, 1, 1, 1, 1, 1, 1, 1, 1, 1, 1, 1, 1, 1, 1, 1, 1, 1, 1, 1, 1, 1, 1, 1, 1, 1, 1, 1, 1, 1, 1, 1, 1, 1, 1, 1, 1, 1, 1, 1, 1, 1, 1, 1, 4 ),
 ( 0.01037070964479225831, 0.06767854499841075011, 0.09884629602760430789, 0.1282330327458526265, 0.1558387551553858108, 0.1816634632588949305, 0.2057071570596704646, 0.2279698365617907063, 0.2484515017704002071, 0.2671521526921107892, 0.2840717893356240475, 0.2992104117127127871, 0.3125680198398574916, 0.3241446137411457817, 0.3339401934538051009, 0.3662021699428081867, 0.3760430630535980256, 0.3856763336118157470, 0.3952492422856400678, 0.4049624801021076692, 0.4150869914083017420, 0.4259748013331248195, 0.4380386266454291411, 0.4516469595390834035, 0.4668849008038628012, 0.4803437228220500677, 0.5000000000000002220, 0.5196562771779504875, 0.5331150991961376429, 0.5483530404609170406, 0.5619613733545713030, 0.5740251986668756246, 0.5849130085916987021, 0.5950375198978927749, 0.6047507577143603763, 0.6143236663881848081, 0.6239569369464024184, 0.6337978300571922574, 0.6660598065461953432, 0.6758553862588546624, 0.6874319801601429525, 0.7007895882872876570, 0.7159282106643761745, 0.7328478473078895439, 0.7515484982296001260, 0.7720301634382096267, 0.7942928429403297574, 0.8183365367411052915, 0.8441612448446143002, 0.8717669672541474846, 0.9011537039723958031, 0.9323214550015893609, 0.9896292903552004194 ),
 .UNSPECIFIED. ) ;
#5448 = CARTESIAN_POINT ( 'NONE',  ( 23.10489730742584413, -5.020145956116670583, 2.000000000000000000 ) ) ;
#5449 = CARTESIAN_POINT ( 'NONE',  ( 12.88716835993242071, 20.50631329690558147, 2.000000000000000000 ) ) ;
#5450 = FACE_BOUND ( 'NONE', #5508, .T. ) ;
#5451 = CARTESIAN_POINT ( 'NONE',  ( 11.92825694635268974, -24.80951218104272726, 2.000000000000000000 ) ) ;
#5452 = CARTESIAN_POINT ( 'NONE',  ( -24.94597949059291864, 10.68625558496336048, 2.000000000000000000 ) ) ;
#5453 = ORIENTED_EDGE ( 'NONE', *, *, #8233, .T. ) ;
#5454 = CARTESIAN_POINT ( 'NONE',  ( 22.73828148979404062, -10.53816474365923028, 2.000000000000000000 ) ) ;
#5455 = CARTESIAN_POINT ( 'NONE',  ( -22.09815905990547691, -10.35588323418788015, 2.000000000000000000 ) ) ;
#5456 = CARTESIAN_POINT ( 'NONE',  ( 17.12241726305227729, 21.05518411798322376, -2.099999999999998757 ) ) ;
#5457 = CIRCLE ( 'NONE', #1815, 27.99999957948218920 ) ;
#5458 = CARTESIAN_POINT ( 'NONE',  ( 7.768531058981743342, -22.33132486425837726, -2.099999999999998757 ) ) ;
#5459 = CARTESIAN_POINT ( 'NONE',  ( -17.76075994573093197, -17.29583732711387967, -2.099999999999998757 ) ) ;
#5460 = DIRECTION ( 'NONE',  ( -0.000000000000000000, -0.000000000000000000, 1.000000000000000000 ) ) ;
#5461 = VECTOR ( 'NONE', #74, 1000.000000000000000 ) ;
#5462 = CARTESIAN_POINT ( 'NONE',  ( 2.105634209995030925, 23.64010634127341959, 2.000000000000000000 ) ) ;
#5463 = DIRECTION ( 'NONE',  ( 0.000000000000000000, 0.000000000000000000, -1.000000000000000000 ) ) ;
#5464 = VERTEX_POINT ( 'NONE', #2940 ) ;
#5465 = DIRECTION ( 'NONE',  ( 1.000000000000000000, 1.224646799147353207E-16, 0.000000000000000000 ) ) ;
#5466 = CARTESIAN_POINT ( 'NONE',  ( -20.99999999999999289, -3.903127820947815962E-15, 2.100000000000001865 ) ) ;
#5467 = CARTESIAN_POINT ( 'NONE',  ( -20.51809281624190362, -16.05254419007956912, 2.000000000000000000 ) ) ;
#5468 = CARTESIAN_POINT ( 'NONE',  ( 21.10401706161571411, 10.48531763796958671, 2.000000000000000000 ) ) ;
#5469 = CARTESIAN_POINT ( 'NONE',  ( -25.03107770533010523, 1.235924829161910266, 2.000000000000000000 ) ) ;
#5470 = AXIS2_PLACEMENT_3D ( 'NONE', #1648, #3705, #2913 ) ;
#5471 = DIRECTION ( 'NONE',  ( -0.000000000000000000, -0.000000000000000000, -1.000000000000000000 ) ) ;
#5472 = CARTESIAN_POINT ( 'NONE',  ( -13.50602898338108560, -19.22398027845277113, 2.000000000000000000 ) ) ;
#5473 = ORIENTED_EDGE ( 'NONE', *, *, #780, .F. ) ;
#5474 = CARTESIAN_POINT ( 'NONE',  ( -9.555618961847061499, -22.25484530667600680, -2.099999999999998757 ) ) ;
#5475 = CARTESIAN_POINT ( 'NONE',  ( -23.21393719209896034, 4.939781705126430111, -2.100000000000000089 ) ) ;
#5476 = DIRECTION ( 'NONE',  ( 0.000000000000000000, 0.000000000000000000, -1.000000000000000000 ) ) ;
#5477 = EDGE_CURVE ( 'NONE', #6021, #1149, #2898, .T. ) ;
#5478 = CARTESIAN_POINT ( 'NONE',  ( -9.673488752447902073, 22.40527988562695327, 2.000000000000000000 ) ) ;
#5479 = CARTESIAN_POINT ( 'NONE',  ( -23.07262568452396323, -6.675893319502717915, -2.099999999999999645 ) ) ;
#5480 = CARTESIAN_POINT ( 'NONE',  ( 7.865059710290389638, -22.21401039568610614, 2.000000000000000000 ) ) ;
#5481 = CARTESIAN_POINT ( 'NONE',  ( 24.19711102278062143, 1.042982032116798852, -2.099999999999998757 ) ) ;
#5482 = CARTESIAN_POINT ( 'NONE',  ( 18.73200657000871416, 19.22781655172589055, -2.099999999999999645 ) ) ;
#5483 = AXIS2_PLACEMENT_3D ( 'NONE', #6901, #8050, #1774 ) ;
#5484 = EDGE_LOOP ( 'NONE', ( #5645, #1546, #2017 ) ) ;
#5485 = CARTESIAN_POINT ( 'NONE',  ( -8.334619726030529918, 21.97658606862350439, -2.099999999999998757 ) ) ;
#5486 = CARTESIAN_POINT ( 'NONE',  ( -21.35721522671292760, 10.35169942632023066, -2.099999999999998757 ) ) ;
#5487 = CARTESIAN_POINT ( 'NONE',  ( 22.62472946281713249, -16.49610842548439038, 2.000000000000000000 ) ) ;
#5488 = CARTESIAN_POINT ( 'NONE',  ( -22.28520553958148653, -13.49243943284463398, 2.000000000000000000 ) ) ;
#5489 = CARTESIAN_POINT ( 'NONE',  ( 13.18542992737236474, -19.44527382878997201, 2.000000000000000000 ) ) ;
#5490 = CARTESIAN_POINT ( 'NONE',  ( 23.21393719209896389, -4.939781705126438993, -2.099999999999998757 ) ) ;
#5491 = AXIS2_PLACEMENT_3D ( 'NONE', #7739, #7654, #6476 ) ;
#5492 = CARTESIAN_POINT ( 'NONE',  ( 13.02793750094271807, 20.86163776548604076, 2.000000000000000000 ) ) ;
#5493 = FACE_BOUND ( 'NONE', #2049, .T. ) ;
#5494 = CARTESIAN_POINT ( 'NONE',  ( 9.673488752447900296, -22.40527988562695683, 2.000000000000000000 ) ) ;
#5495 = CARTESIAN_POINT ( 'NONE',  ( 20.51809281624190007, -16.05254419007954780, -2.099999999999998757 ) ) ;
#5496 = AXIS2_PLACEMENT_3D ( 'NONE', #1925, #5125, #573 ) ;
#5497 = ORIENTED_EDGE ( 'NONE', *, *, #7298, .F. ) ;
#5498 = CARTESIAN_POINT ( 'NONE',  ( 22.96554745452510815, -14.45965356729541718, -2.099999999999999645 ) ) ;
#5499 = CARTESIAN_POINT ( 'NONE',  ( -21.10401706161571767, -10.48531763796957428, -2.099999999999998757 ) ) ;
#5500 = DIRECTION ( 'NONE',  ( -0.000000000000000000, 0.000000000000000000, -1.000000000000000000 ) ) ;
#5501 = EDGE_CURVE ( 'NONE', #6630, #7686, #4838, .T. ) ;
#5502 = DIRECTION ( 'NONE',  ( 0.000000000000000000, 0.000000000000000000, -1.000000000000000000 ) ) ;
#5503 = AXIS2_PLACEMENT_3D ( 'NONE', #6669, #4736, #864 ) ;
#5504 = CARTESIAN_POINT ( 'NONE',  ( -18.25928954266905180, -15.16201400375275199, 2.000000000000000000 ) ) ;
#5505 = CARTESIAN_POINT ( 'NONE',  ( -23.51224346894562345, 0.3730054609666941245, 2.000000000000000000 ) ) ;
#5506 = CARTESIAN_POINT ( 'NONE',  ( 1.881261915648275496, 24.14640443156747196, -2.099999999999998757 ) ) ;
#5507 = CARTESIAN_POINT ( 'NONE',  ( -21.66370631000717850, 16.34569607223865617, 2.000000000000000000 ) ) ;
#5508 = EDGE_LOOP ( 'NONE', ( #1247, #1588 ) ) ;
#5509 = CARTESIAN_POINT ( 'NONE',  ( 0.000000000000000000, 0.000000000000000000, 2.000000000000000000 ) ) ;
#5510 = CARTESIAN_POINT ( 'NONE',  ( 18.01951924832315299, -21.43121382622468474, 2.000000000000000000 ) ) ;
#5511 = ADVANCED_FACE ( 'NONE', ( #492 ), #8075, .T. ) ;
#5512 = CARTESIAN_POINT ( 'NONE',  ( 18.60089775827983516, 15.19605903441929051, 2.000000000000000000 ) ) ;
#5513 = CARTESIAN_POINT ( 'NONE',  ( 7.715738321650222886, 25.14266413352903839, 2.000000000000000000 ) ) ;
#5514 = CARTESIAN_POINT ( 'NONE',  ( 19.06382402752316807, -20.30788967230314412, 2.000000000000000000 ) ) ;
#5515 = CARTESIAN_POINT ( 'NONE',  ( 19.25000000000000355, 2.602085213965210642E-15, 2.100000000000001865 ) ) ;
#5516 = CARTESIAN_POINT ( 'NONE',  ( -24.00794390784557564, -7.190340088713012889, 2.000000000000000000 ) ) ;
#5517 = ORIENTED_EDGE ( 'NONE', *, *, #3936, .T. ) ;
#5518 = CARTESIAN_POINT ( 'NONE',  ( -9.324636732261659233, -22.03037936177865674, 2.000000000000000000 ) ) ;
#5519 = CARTESIAN_POINT ( 'NONE',  ( 24.37956700134304810, -1.099847363974308267, 2.000000000000000000 ) ) ;
#5520 = EDGE_CURVE ( 'NONE', #2842, #1761, #5359, .T. ) ;
#5521 = CARTESIAN_POINT ( 'NONE',  ( -7.733032203436374097, 24.00987265162540751, 2.000000000000000000 ) ) ;
#5522 = ADVANCED_FACE ( 'NONE', ( #1046 ), #6141, .T. ) ;
#5523 = CARTESIAN_POINT ( 'NONE',  ( -22.85726476338738067, -5.433202019314292919, -2.099999999999999645 ) ) ;
#5524 = CARTESIAN_POINT ( 'NONE',  ( 9.324636732261668115, -22.03037936177865319, -2.099999999999999645 ) ) ;
#5525 = CARTESIAN_POINT ( 'NONE',  ( 1.145856306001342029, 27.11429446801520626, 2.000000000000000000 ) ) ;
#5526 = ORIENTED_EDGE ( 'NONE', *, *, #2140, .F. ) ;
#5527 = CARTESIAN_POINT ( 'NONE',  ( -7.657608382361899224, 22.56335699501520509, -2.099999999999998757 ) ) ;
#5528 = CARTESIAN_POINT ( 'NONE',  ( -7.601435196559572560, -26.05218098595103626, -2.099999999999998757 ) ) ;
#5529 = CARTESIAN_POINT ( 'NONE',  ( -19.31055424225241879, -15.54648119520597227, -2.099999999999998757 ) ) ;
#5530 = CARTESIAN_POINT ( 'NONE',  ( 25.15968768847577763, 4.747395707336154125, -2.099999999999998757 ) ) ;
#5531 = CARTESIAN_POINT ( 'NONE',  ( 21.23055223844789197, 12.41767842381812414, 2.000000000000000000 ) ) ;
#5532 = CARTESIAN_POINT ( 'NONE',  ( 23.58537593626265050, -6.976039544898372746, 2.000000000000000000 ) ) ;
#5533 = CYLINDRICAL_SURFACE ( 'NONE', #4929, 1.749999999999996447 ) ;
#5534 = CARTESIAN_POINT ( 'NONE',  ( -1.474499619732447142, -26.25856105065618351, -2.099999999999998757 ) ) ;
#5535 = CARTESIAN_POINT ( 'NONE',  ( 7.733032203436371432, -24.00987265162541462, 2.000000000000000000 ) ) ;
#5536 = CARTESIAN_POINT ( 'NONE',  ( -22.73828148979404062, 10.53816474365922851, 2.000000000000000000 ) ) ;
#5537 = CARTESIAN_POINT ( 'NONE',  ( 19.10294300318480509, 20.47138356506651746, 2.000000000000000000 ) ) ;
#5539 = CARTESIAN_POINT ( 'NONE',  ( 13.50856635788135840, -22.56556696682679686, -2.099999999999998757 ) ) ;
#5538 = CARTESIAN_POINT ( 'NONE',  ( 25.19179192507393239, 1.283507464112907170, -2.099999999999998757 ) ) ;
#5540 = CARTESIAN_POINT ( 'NONE',  ( -20.99240193721332659, -10.59640443373927710, -2.099999999999998757 ) ) ;
#5541 = CARTESIAN_POINT ( 'NONE',  ( 14.60388312963063129, 19.32135064906643507, -2.099999999999998757 ) ) ;
#5542 = CARTESIAN_POINT ( 'NONE',  ( 7.616738452866469444, -23.18530238615924333, -2.099999999999998757 ) ) ;
#5543 = CARTESIAN_POINT ( 'NONE',  ( -17.84651532293613840, -15.31230279367191649, 2.000000000000000000 ) ) ;
#5544 = CARTESIAN_POINT ( 'NONE',  ( -24.88813961944797271, 1.197996060026730092, 2.000000000000000000 ) ) ;
#5545 = CARTESIAN_POINT ( 'NONE',  ( -3.612999446203305709, 23.45707906485272431, -2.099999999999998757 ) ) ;
#5546 = CARTESIAN_POINT ( 'NONE',  ( -18.12539239010960657, 15.18249965295455794, 2.000000000000000000 ) ) ;
#5547 = EDGE_LOOP ( 'NONE', ( #3459, #7713, #6721 ) ) ;
#5548 = CARTESIAN_POINT ( 'NONE',  ( 1.270707428516388404, -26.81384534371724016, -2.099999999999998757 ) ) ;
#5549 = CARTESIAN_POINT ( 'NONE',  ( 17.82169923038156512, -21.35645679512519735, -2.099999999999998757 ) ) ;
#5550 = DIRECTION ( 'NONE',  ( -1.000000000000000000, 0.000000000000000000, -0.000000000000000000 ) ) ;
#5551 = CARTESIAN_POINT ( 'NONE',  ( -25.36983614870255366, 1.341743455198745716, 2.000000000000000000 ) ) ;
#5552 = CARTESIAN_POINT ( 'NONE',  ( 18.00520414013334403, -17.66596715945036777, -2.099999999999998757 ) ) ;
#5553 = EDGE_CURVE ( 'NONE', #2119, #2921, #6420, .T. ) ;
#5554 = DIRECTION ( 'NONE',  ( -1.000000000000000000, 0.000000000000000000, 0.000000000000000000 ) ) ;
#5555 = CARTESIAN_POINT ( 'NONE',  ( -22.91828645517601615, -5.264681564480675036, 2.000000000000000000 ) ) ;
#5556 = EDGE_LOOP ( 'NONE', ( #6286, #3190, #1162, #2735 ) ) ;
#5557 = CARTESIAN_POINT ( 'NONE',  ( -8.148726673636438989, -22.03570943365875223, -2.099999999999998757 ) ) ;
#5558 = CARTESIAN_POINT ( 'NONE',  ( -23.44696895445778750, -15.30488886923689407, 2.000000000000000000 ) ) ;
#5559 = CARTESIAN_POINT ( 'NONE',  ( -7.745447077757183330, 24.40400991946479081, 2.000000000000000000 ) ) ;
#5560 = CARTESIAN_POINT ( 'NONE',  ( -23.21393719209896744, -4.939781705126451428, -2.099999999999999645 ) ) ;
#5561 = CARTESIAN_POINT ( 'NONE',  ( 8.993578510876927723, -21.86672564825610721, 2.000000000000000000 ) ) ;
#5562 = CARTESIAN_POINT ( 'NONE',  ( 1.270707428516364201, 26.81384534371724371, -2.099999999999998757 ) ) ;
#5563 = VERTEX_POINT ( 'NONE', #6810 ) ;
#5564 = CARTESIAN_POINT ( 'NONE',  ( -9.945601713251335241, 22.84599953686306151, 2.000000000000000000 ) ) ;
#5565 = CARTESIAN_POINT ( 'NONE',  ( 22.62472994129923975, -16.49610848301131227, -2.099999999999998757 ) ) ;
#5566 = FACE_BOUND ( 'NONE', #7661, .T. ) ;
#5567 = LINE ( 'NONE', #8125, #3700 ) ;
#5568 = CARTESIAN_POINT ( 'NONE',  ( 20.80453127045303674, 12.00354473513043274, -2.099999999999998757 ) ) ;
#5569 = CARTESIAN_POINT ( 'NONE',  ( 22.99371384847795596, -6.601180838822651609, 2.000000000000000000 ) ) ;
#5570 = CARTESIAN_POINT ( 'NONE',  ( -3.781464864188896158, -23.62174820993211100, -2.099999999999998757 ) ) ;
#5571 = CARTESIAN_POINT ( 'NONE',  ( -1.623578263684206435, -25.76808346599204924, -2.099999999999998757 ) ) ;
#5572 = CARTESIAN_POINT ( 'NONE',  ( 7.705310163655081368, -23.69563005194943983, 2.000000000000000000 ) ) ;
#5573 = DIRECTION ( 'NONE',  ( -1.000000000000000000, 0.000000000000000000, 0.000000000000000000 ) ) ;
#5574 = DIRECTION ( 'NONE',  ( 0.000000000000000000, 0.000000000000000000, -1.000000000000000000 ) ) ;
#5576 = CARTESIAN_POINT ( 'NONE',  ( 21.70974829699418507, -12.84369887095659557, -2.099999999999999645 ) ) ;
#5575 = CARTESIAN_POINT ( 'NONE',  ( 24.12574046566792063, -4.783694468719406068, 2.000000000000000000 ) ) ;
#5577 = PLANE ( 'NONE',  #3301 ) ;
#5578 = EDGE_CURVE ( 'NONE', #5354, #2981, #3864, .T. ) ;
#5579 = CARTESIAN_POINT ( 'NONE',  ( 14.21926140100350011, 19.11953582679382890, -2.099999999999998757 ) ) ;
#5580 = CARTESIAN_POINT ( 'NONE',  ( 7.733032203436371432, -24.00987265162541462, -2.099999999999998757 ) ) ;
#5581 = CARTESIAN_POINT ( 'NONE',  ( -18.70321540207055477, -15.22676155773648610, -2.099999999999998757 ) ) ;
#5582 = CARTESIAN_POINT ( 'NONE',  ( -23.49332454121249825, 0.1947784575707280086, 2.000000000000000000 ) ) ;
#5583 = CARTESIAN_POINT ( 'NONE',  ( -1.623578263684223977, 25.76808346599205279, -2.099999999999998757 ) ) ;
#5584 = CARTESIAN_POINT ( 'NONE',  ( -22.09150234436910409, 16.42439467823394139, -2.099999999999998757 ) ) ;
#5585 = CIRCLE ( 'NONE', #1954, 1.749999999999996447 ) ;
#5586 = ORIENTED_EDGE ( 'NONE', *, *, #5855, .F. ) ;
#5587 = CARTESIAN_POINT ( 'NONE',  ( 5.376315588043429905, 26.60062371204864817, 2.000000000000000000 ) ) ;
#5588 = CARTESIAN_POINT ( 'NONE',  ( -17.37016481680592150, -16.73146461459393208, 2.000000000000000000 ) ) ;
#5589 = CARTESIAN_POINT ( 'NONE',  ( 20.64571337519312877, 11.25696429976831681, 2.000000000000000000 ) ) ;
#5590 = CARTESIAN_POINT ( 'NONE',  ( 7.688496923001403971, 25.42728370346966926, 2.000000000000000000 ) ) ;
#5591 = CARTESIAN_POINT ( 'NONE',  ( 17.37016481680592506, -16.73146461459391787, 2.000000000000000000 ) ) ;
#5592 = AXIS2_PLACEMENT_3D ( 'NONE', #1039, #407, #5465 ) ;
#5593 = CARTESIAN_POINT ( 'NONE',  ( -1.762385718735306250, 25.16282512725968701, -2.099999999999998757 ) ) ;
#5594 = EDGE_CURVE ( 'NONE', #406, #6021, #7093, .T. ) ;
#5595 = CARTESIAN_POINT ( 'NONE',  ( -23.24438501506255506, -6.803422568062742037, 2.000000000000000000 ) ) ;
#5596 = ORIENTED_EDGE ( 'NONE', *, *, #5156, .T. ) ;
#5597 = CARTESIAN_POINT ( 'NONE',  ( -7.733032203436363439, -24.00987265162541462, -2.099999999999998757 ) ) ;
#5598 = CARTESIAN_POINT ( 'NONE',  ( 23.63491054742289421, -0.6550942090464556555, 2.000000000000000000 ) ) ;
#5599 = CARTESIAN_POINT ( 'NONE',  ( -7.401289567513962275, 27.00409066674545500, -2.099999999999998757 ) ) ;
#5600 = VECTOR ( 'NONE', #1620, 1000.000000000000000 ) ;
#5601 = CARTESIAN_POINT ( 'NONE',  ( -24.86659007404522725, -7.767174896947399709, 2.000000000000000000 ) ) ;
#5602 = CARTESIAN_POINT ( 'NONE',  ( 7.629252907546909768, -22.67335363560524186, -2.099999999999999645 ) ) ;
#5603 = CARTESIAN_POINT ( 'NONE',  ( 1.474499619732432265, 26.25856105065618706, 2.000000000000000000 ) ) ;
#5604 = EDGE_CURVE ( 'NONE', #7695, #7546, #3056, .T. ) ;
#5605 = ORIENTED_EDGE ( 'NONE', *, *, #6472, .T. ) ;
#5606 = CARTESIAN_POINT ( 'NONE',  ( -7.612592773523898515, 22.78073832991432468, -2.099999999999998757 ) ) ;
#5607 = CARTESIAN_POINT ( 'NONE',  ( -22.78920619399659131, 14.18622855212691292, -2.099999999999998757 ) ) ;
#5608 = CARTESIAN_POINT ( 'NONE',  ( 23.93435179486865749, 4.766524473500989956, -2.099999999999998757 ) ) ;
#5609 = CARTESIAN_POINT ( 'NONE',  ( 22.62472946281705077, -16.49610842548438683, 2.000000000000000000 ) ) ;
#5610 = CARTESIAN_POINT ( 'NONE',  ( -21.70974829699418507, 12.84369887095659557, 2.000000000000000000 ) ) ;
#5611 = CARTESIAN_POINT ( 'NONE',  ( -1.824858090210262906, -24.72368248555340031, 2.000000000000000000 ) ) ;
#5612 = CARTESIAN_POINT ( 'NONE',  ( 11.92825694635266132, 24.80951218104270239, 2.000000000000000000 ) ) ;
#5613 = CARTESIAN_POINT ( 'NONE',  ( 7.688496923001413741, -25.42728370346968347, 2.000000000000000000 ) ) ;
#5614 = CARTESIAN_POINT ( 'NONE',  ( 20.77276083323512168, -16.13005223007173328, -2.099999999999998757 ) ) ;
#5615 = ORIENTED_EDGE ( 'NONE', *, *, #7111, .F. ) ;
#5617 = CARTESIAN_POINT ( 'NONE',  ( 21.38382933992361501, -12.54282366362884105, -2.099999999999999645 ) ) ;
#5616 = CARTESIAN_POINT ( 'NONE',  ( 22.85055158908932782, -6.414095051321351271, 2.000000000000000000 ) ) ;
#5618 = DIRECTION ( 'NONE',  ( -0.000000000000000000, -0.000000000000000000, -1.000000000000000000 ) ) ;
#5619 = CARTESIAN_POINT ( 'NONE',  ( 13.10549974122802475, 21.04367979295773949, -2.099999999999998757 ) ) ;
#5620 = VECTOR ( 'NONE', #8153, 1000.000000000000000 ) ;
#5621 = CARTESIAN_POINT ( 'NONE',  ( -23.53223775966787201, -4.811173829118829737, -2.099999999999998757 ) ) ;
#5622 = EDGE_CURVE ( 'NONE', #6003, #189, #699, .T. ) ;
#5623 = CARTESIAN_POINT ( 'NONE',  ( -20.51809281624190362, -16.05254419007956912, 2.000000000000000000 ) ) ;
#5624 = FACE_BOUND ( 'NONE', #4671, .T. ) ;
#5625 = CIRCLE ( 'NONE', #1999, 28.00000000000000000 ) ;
#5626 = CARTESIAN_POINT ( 'NONE',  ( -1.474499619732464684, 26.25856105065617641, -2.099999999999998757 ) ) ;
#5627 = CARTESIAN_POINT ( 'NONE',  ( -17.59296804644544920, 15.58600964088959806, 2.000000000000000000 ) ) ;
#5628 = ORIENTED_EDGE ( 'NONE', *, *, #780, .T. ) ;
#5629 = CARTESIAN_POINT ( 'NONE',  ( -22.91828645517601615, 5.264681564480659048, -2.100000000000000089 ) ) ;
#5630 = CARTESIAN_POINT ( 'NONE',  ( -2.463801941912943327, 23.38577358155836450, -2.099999999999998757 ) ) ;
#5631 = CARTESIAN_POINT ( 'NONE',  ( -18.40868586258352124, -18.43357243192681238, 2.000000000000000000 ) ) ;
#5632 = EDGE_CURVE ( 'NONE', #4708, #4493, #7912, .T. ) ;
#5633 = CARTESIAN_POINT ( 'NONE',  ( 21.38382933992361146, 12.54282366362886059, 2.000000000000000000 ) ) ;
#5634 = CARTESIAN_POINT ( 'NONE',  ( -23.99982295939236820, 0.9602632500303778240, 2.000000000000000000 ) ) ;
#5635 = CARTESIAN_POINT ( 'NONE',  ( 17.32735312033766206, -16.63359376186218697, -2.099999999999998757 ) ) ;
#5636 = DIRECTION ( 'NONE',  ( 0.000000000000000000, 0.000000000000000000, -1.000000000000000000 ) ) ;
#5637 = CARTESIAN_POINT ( 'NONE',  ( -23.21393719209896744, -4.939781705126451428, 2.000000000000000000 ) ) ;
#5638 = EDGE_LOOP ( 'NONE', ( #8275, #5748, #2971, #4580 ) ) ;
#5639 = CARTESIAN_POINT ( 'NONE',  ( -8.512968716744129694, -21.89757064776837581, 2.000000000000000000 ) ) ;
#5640 = CARTESIAN_POINT ( 'NONE',  ( 0.000000000000000000, 0.000000000000000000, -3.599999999999998757 ) ) ;
#5641 = CARTESIAN_POINT ( 'NONE',  ( -10.13323285654344375, 23.09959661296538513, 2.000000000000000000 ) ) ;
#5642 = CARTESIAN_POINT ( 'NONE',  ( -25.07504586300961336, -7.932732980984162907, 2.000000000000000000 ) ) ;
#5643 = CARTESIAN_POINT ( 'NONE',  ( 9.121658707306945502, -21.91081161619598205, 2.000000000000000000 ) ) ;
#5644 = CARTESIAN_POINT ( 'NONE',  ( 26.24483786523219209, -1.701370919965213169, -2.099999999999998757 ) ) ;
#5645 = ORIENTED_EDGE ( 'NONE', *, *, #4976, .F. ) ;
#5646 = CARTESIAN_POINT ( 'NONE',  ( -9.484645845787898821, 22.17444536155052148, 2.000000000000000000 ) ) ;
#5647 = CARTESIAN_POINT ( 'NONE',  ( -23.15601641226234619, 6.742658068406526262, -2.099999999999998757 ) ) ;
#5648 = CARTESIAN_POINT ( 'NONE',  ( 0.000000000000000000, 0.000000000000000000, -2.099999999999998757 ) ) ;
#5649 = DIRECTION ( 'NONE',  ( -0.7485107481711007482, -0.6631226582407955261, 0.000000000000000000 ) ) ;
#5650 = CARTESIAN_POINT ( 'NONE',  ( 20.74579233589062000, 11.91211842489103034, 2.000000000000000000 ) ) ;
#5651 = CARTESIAN_POINT ( 'NONE',  ( -20.89282384029110062, 10.74542454372254063, 2.000000000000000000 ) ) ;
#5652 = CARTESIAN_POINT ( 'NONE',  ( -1.810672407536190187, -24.85107952805193676, 2.000000000000000000 ) ) ;
#5653 = CARTESIAN_POINT ( 'NONE',  ( -13.64897234715585839, -24.23668220212507407, -2.099999999999999645 ) ) ;
#5654 = CARTESIAN_POINT ( 'NONE',  ( -1.623578263684206435, -25.76808346599204924, 2.000000000000000000 ) ) ;
#5655 = CARTESIAN_POINT ( 'NONE',  ( -21.07590994840524345, 12.30361618564757542, 2.000000000000000000 ) ) ;
#5656 = ORIENTED_EDGE ( 'NONE', *, *, #5855, .T. ) ;
#5658 = CARTESIAN_POINT ( 'NONE',  ( 22.28520553958149719, -13.49243943284463398, 2.000000000000000000 ) ) ;
#5657 = CARTESIAN_POINT ( 'NONE',  ( 23.07262568452397034, -6.675893319502710810, 2.000000000000000000 ) ) ;
#5659 = FACE_OUTER_BOUND ( 'NONE', #6205, .T. ) ;
#5660 = CARTESIAN_POINT ( 'NONE',  ( 10.89735721165043358, -23.93603524774560043, -2.099999999999998757 ) ) ;
#5661 = CARTESIAN_POINT ( 'NONE',  ( -22.68932755563026760, -16.50372007927584406, 2.000000000000000000 ) ) ;
#5662 = CARTESIAN_POINT ( 'NONE',  ( 12.88716835993242071, 20.50631329690558147, 2.000000000000000000 ) ) ;
#5663 = CARTESIAN_POINT ( 'NONE',  ( -2.638449045045081487, 23.34550970278806759, -2.099999999999998757 ) ) ;
#5664 = CARTESIAN_POINT ( 'NONE',  ( -17.45584392081711655, 15.72474958968641801, -2.099999999999998757 ) ) ;
#5665 = ORIENTED_EDGE ( 'NONE', *, *, #6999, .F. ) ;
#5666 = CARTESIAN_POINT ( 'NONE',  ( -24.32345666766048353, 4.791663430616632802, 2.000000000000000000 ) ) ;
#5667 = CARTESIAN_POINT ( 'NONE',  ( -4.144933467011490791, 24.44197433207706638, -2.099999999999998757 ) ) ;
#5668 = CARTESIAN_POINT ( 'NONE',  ( 15.12400615833752582, -19.80199803049035268, 2.000000000000000000 ) ) ;
#5669 = CARTESIAN_POINT ( 'NONE',  ( 22.91929613358906792, 6.515359526762130926, 2.000000000000000000 ) ) ;
#5670 = CARTESIAN_POINT ( 'NONE',  ( 7.733032203436366103, 24.00987265162540751, -2.099999999999997868 ) ) ;
#5671 = CARTESIAN_POINT ( 'NONE',  ( 25.29380829876430070, 8.116834556469591178, 2.000000000000000000 ) ) ;
#5672 = CARTESIAN_POINT ( 'NONE',  ( 22.59408972245014624, 10.50532236015859056, -2.099999999999998757 ) ) ;
#5673 = CARTESIAN_POINT ( 'NONE',  ( -17.53871597601348142, -21.24288703357683872, 2.000000000000000000 ) ) ;
#5674 = ORIENTED_EDGE ( 'NONE', *, *, #5240, .F. ) ;
#5675 = CARTESIAN_POINT ( 'NONE',  ( 5.855490625474240041, -27.19235995339893819, 2.000000000000000000 ) ) ;
#5676 = CARTESIAN_POINT ( 'NONE',  ( -25.03107770533010523, -1.235924829161916927, -2.099999999999998757 ) ) ;
#5677 = CARTESIAN_POINT ( 'NONE',  ( -19.05257563431085899, 20.26599507124434396, 2.000000000000000000 ) ) ;
#5678 = CARTESIAN_POINT ( 'NONE',  ( -24.12574046566792063, -4.783694468719414949, 2.000000000000000000 ) ) ;
#5679 = CARTESIAN_POINT ( 'NONE',  ( 7.733573568718056457, -24.87706067138158872, 2.000000000000000000 ) ) ;
#5680 = ORIENTED_EDGE ( 'NONE', *, *, #4002, .T. ) ;
#5681 = CARTESIAN_POINT ( 'NONE',  ( -14.42373451280541197, -19.20597537996032145, -2.099999999999998757 ) ) ;
#5682 = CARTESIAN_POINT ( 'NONE',  ( -23.32186741149923392, 4.882063647943431839, -2.099999999999998757 ) ) ;
#5683 = CARTESIAN_POINT ( 'NONE',  ( -18.40868586258352124, -18.43357243192681238, -2.099999999999998757 ) ) ;
#5684 = CARTESIAN_POINT ( 'NONE',  ( -22.27987727495454706, -10.41835660743990566, 2.000000000000000000 ) ) ;
#5685 = CARTESIAN_POINT ( 'NONE',  ( 23.19083049384953199, 14.83174289769087295, -2.099999999999998757 ) ) ;
#5686 = CARTESIAN_POINT ( 'NONE',  ( -22.90269961712299462, 10.57072003481730604, 2.000000000000000000 ) ) ;
#5687 = CARTESIAN_POINT ( 'NONE',  ( -1.881261915648288596, -24.14640443156746841, 2.000000000000000000 ) ) ;
#5688 = CARTESIAN_POINT ( 'NONE',  ( -13.50856635788135662, -22.56556696682680752, -2.099999999999999645 ) ) ;
#5689 = CARTESIAN_POINT ( 'NONE',  ( -1.680116617297987336, -25.54848055630612436, 2.000000000000000000 ) ) ;
#5690 = CARTESIAN_POINT ( 'NONE',  ( -21.80373651133527702, 10.30832712212200164, -2.099999999999999645 ) ) ;
#5691 = CARTESIAN_POINT ( 'NONE',  ( -12.83485696772680029, -20.07512121109398251, 2.000000000000000000 ) ) ;
#5692 = CARTESIAN_POINT ( 'NONE',  ( 1.379935885169562004, -26.52839079975561276, 2.000000000000000000 ) ) ;
#5693 = CARTESIAN_POINT ( 'NONE',  ( 7.988790274807834990, 22.11659910479056279, -2.099999999999998757 ) ) ;
#5695 = CARTESIAN_POINT ( 'NONE',  ( 14.21926140100350722, -19.11953582679382535, -2.099999999999998757 ) ) ;
#5694 = CARTESIAN_POINT ( 'NONE',  ( 23.53223775966786491, -4.811173829118819967, 2.000000000000000000 ) ) ;
#5696 = CYLINDRICAL_SURFACE ( 'NONE', #1021, 18.00000000000000000 ) ;
#5697 = CARTESIAN_POINT ( 'NONE',  ( 9.945601713251333464, -22.84599953686306506, -2.099999999999998757 ) ) ;
#5698 = CARTESIAN_POINT ( 'NONE',  ( 20.07157227525354060, -15.89590000543996950, 2.000000000000000000 ) ) ;
#5699 = CARTESIAN_POINT ( 'NONE',  ( 13.81390900009209233, 19.09181343516791429, -2.099999999999998757 ) ) ;
#5700 = CARTESIAN_POINT ( 'NONE',  ( -1.145856306001376446, 27.11429446801521692, -2.099999999999998757 ) ) ;
#5701 = CARTESIAN_POINT ( 'NONE',  ( -18.62447386782101688, 18.94171889292491784, -2.099999999999998757 ) ) ;
#5702 = ORIENTED_EDGE ( 'NONE', *, *, #5872, .F. ) ;
#5703 = CARTESIAN_POINT ( 'NONE',  ( -24.31153459173803810, 7.374154019703423657, 2.000000000000000000 ) ) ;
#5704 = CARTESIAN_POINT ( 'NONE',  ( -1.981471996725014506, 23.84030691368550237, -2.099999999999998757 ) ) ;
#5705 = CARTESIAN_POINT ( 'NONE',  ( 14.88619985382990407, -19.57897187542434736, 2.000000000000000000 ) ) ;
#5706 = CARTESIAN_POINT ( 'NONE',  ( 22.59408972245014624, 10.50532236015859056, 2.000000000000000000 ) ) ;
#5707 = CARTESIAN_POINT ( 'NONE',  ( 9.768079280210443471, 22.57254334279472374, -2.099999999999997868 ) ) ;
#5708 = CARTESIAN_POINT ( 'NONE',  ( 22.91929613358906792, 6.515359526762130926, -2.099999999999999645 ) ) ;
#5709 = CARTESIAN_POINT ( 'NONE',  ( 20.65156267108762478, 11.69620803915342755, -2.099999999999998757 ) ) ;
#5710 = AXIS2_PLACEMENT_3D ( 'NONE', #4765, #6656, #3458 ) ;
#5711 = CARTESIAN_POINT ( 'NONE',  ( 4.144933467011459705, 24.44197433207706638, -2.099999999999998757 ) ) ;
#5712 = ORIENTED_EDGE ( 'NONE', *, *, #7062, .F. ) ;
#5713 = CARTESIAN_POINT ( 'NONE',  ( -10.13323285654343664, -23.09959661296539934, 2.000000000000000000 ) ) ;
#5714 = CARTESIAN_POINT ( 'NONE',  ( 13.09924240491749714, 14.84924240491749714, -3.599999999999998757 ) ) ;
#5715 = CARTESIAN_POINT ( 'NONE',  ( -25.91507308940470722, 10.60230933437667566, 2.000000000000000000 ) ) ;
#5716 = CARTESIAN_POINT ( 'NONE',  ( -23.63710370791871185, -4.790810183414333068, -2.099999999999999645 ) ) ;
#5717 = CARTESIAN_POINT ( 'NONE',  ( 7.656852614504657595, -23.37322600383987492, -2.099999999999999645 ) ) ;
#5718 = AXIS2_PLACEMENT_3D ( 'NONE', #814, #223, #2291 ) ;
#5719 = DIRECTION ( 'NONE',  ( -1.000000000000000000, 0.000000000000000000, 0.000000000000000000 ) ) ;
#5720 = CARTESIAN_POINT ( 'NONE',  ( -12.84317218923419723, 20.29695877980780949, 2.000000000000000000 ) ) ;
#5721 = EDGE_CURVE ( 'NONE', #5354, #865, #7780, .T. ) ;
#5722 = CIRCLE ( 'NONE', #8143, 1.750000000000001332 ) ;
#5723 = EDGE_LOOP ( 'NONE', ( #2515, #3867 ) ) ;
#5724 = CARTESIAN_POINT ( 'NONE',  ( -7.715738321650229103, 25.14266413352902418, -2.099999999999998757 ) ) ;
#5725 = CARTESIAN_POINT ( 'NONE',  ( -23.40793038981979635, 6.902300070437893176, -2.099999999999998757 ) ) ;
#5726 = CARTESIAN_POINT ( 'NONE',  ( -25.15968768847577408, 4.747395707336121262, 2.000000000000000000 ) ) ;
#5727 = CARTESIAN_POINT ( 'NONE',  ( 24.86659007404522370, 7.767174896947414808, -2.099999999999998757 ) ) ;
#5728 = CARTESIAN_POINT ( 'NONE',  ( 21.47582202528875328, 10.32148794313316387, 2.000000000000000000 ) ) ;
#5729 = CARTESIAN_POINT ( 'NONE',  ( -22.12901452267052704, 13.30176109182831112, 2.000000000000000000 ) ) ;
#5730 = AXIS2_PLACEMENT_3D ( 'NONE', #5281, #2749, #815 ) ;
#5731 = CARTESIAN_POINT ( 'NONE',  ( -2.463801941912927784, -23.38577358155836095, 2.000000000000000000 ) ) ;
#5732 = CARTESIAN_POINT ( 'NONE',  ( 7.616738452866461451, 23.18530238615923622, 2.000000000000000000 ) ) ;
#5733 = CARTESIAN_POINT ( 'NONE',  ( -5.376315588043444116, -26.60062371204864462, 2.000000000000000000 ) ) ;
#5734 = CARTESIAN_POINT ( 'NONE',  ( -20.64571337519313943, 11.25696429976830260, 2.000000000000000000 ) ) ;
#5735 = CARTESIAN_POINT ( 'NONE',  ( -13.20212662322859565, -21.30225842247369172, 2.000000000000000000 ) ) ;
#5736 = CARTESIAN_POINT ( 'NONE',  ( 1.680116617297995996, -25.54848055630612791, 2.000000000000000000 ) ) ;
#5737 = CARTESIAN_POINT ( 'NONE',  ( 9.484645845787888163, 22.17444536155052148, -2.099999999999998757 ) ) ;
#5739 = LINE ( 'NONE', #2540, #3743 ) ;
#5738 = CARTESIAN_POINT ( 'NONE',  ( -13.10549974122803008, 21.04367979295773239, -2.099999999999998757 ) ) ;
#5740 = CARTESIAN_POINT ( 'NONE',  ( 26.00281877978270373, 1.590510388571583889, -2.099999999999998757 ) ) ;
#5741 = CARTESIAN_POINT ( 'NONE',  ( 9.121658707306945502, -21.91081161619598205, -2.099999999999998757 ) ) ;
#5742 = PRODUCT_DEFINITION ( 'UNKNOWN', '', #6364, #1407 ) ;
#5743 = CARTESIAN_POINT ( 'NONE',  ( -22.45771235314887093, -16.47698168227518067, -2.099999999999998757 ) ) ;
#5744 = CARTESIAN_POINT ( 'NONE',  ( 12.95267602360809178, 19.68627963667923098, -2.099999999999998757 ) ) ;
#5745 = CARTESIAN_POINT ( 'NONE',  ( 19.13918860107961351, 15.44754172932143632, -2.099999999999999645 ) ) ;
#5746 = CARTESIAN_POINT ( 'NONE',  ( -18.97394387000454685, 19.97138607174008840, -2.099999999999998757 ) ) ;
#5747 = AXIS2_PLACEMENT_3D ( 'NONE', #7519, #4792, #7477 ) ;
#5748 = ORIENTED_EDGE ( 'NONE', *, *, #2612, .T. ) ;
#5749 = CARTESIAN_POINT ( 'NONE',  ( -23.87823629154097205, 7.119306137701274295, 2.000000000000000000 ) ) ;
#5750 = CARTESIAN_POINT ( 'NONE',  ( -3.846120836016047928, 23.70909028424117082, -2.099999999999998757 ) ) ;
#5751 = CARTESIAN_POINT ( 'NONE',  ( 12.85055170543025049, -19.95373759773044142, 2.000000000000000000 ) ) ;
#5752 = CARTESIAN_POINT ( 'NONE',  ( 24.66930537037450577, 7.619416278945045029, 2.000000000000000000 ) ) ;
#5753 = CARTESIAN_POINT ( 'NONE',  ( 7.705310163655073374, 23.69563005194942917, 2.000000000000000000 ) ) ;
#5754 = CARTESIAN_POINT ( 'NONE',  ( 24.00794390784557208, 7.190340088713026212, -2.099999999999999645 ) ) ;
#5755 = AXIS2_PLACEMENT_3D ( 'NONE', #5968, #5300, #4614 ) ;
#5756 = CARTESIAN_POINT ( 'NONE',  ( 21.48061666422701776, 12.62686802027753785, -2.099999999999998757 ) ) ;
#5757 = CARTESIAN_POINT ( 'NONE',  ( 2.320354714939412144, 23.45074361513812633, -2.099999999999998757 ) ) ;
#5758 = ORIENTED_EDGE ( 'NONE', *, *, #6244, .F. ) ;
#5759 = CARTESIAN_POINT ( 'NONE',  ( 4.713207230075936671, -25.62151411210379948, -2.099999999999998757 ) ) ;
#5760 = CARTESIAN_POINT ( 'NONE',  ( -27.42711520699846517, -2.355539810247121224, -2.099999999999998757 ) ) ;
#5761 = CARTESIAN_POINT ( 'NONE',  ( -17.26619031893428868, 16.42019235248054088, 2.000000000000000000 ) ) ;
#5762 = CARTESIAN_POINT ( 'NONE',  ( 25.07504586300960980, -7.932732980984151361, -2.099999999999998757 ) ) ;
#5763 = FACE_OUTER_BOUND ( 'NONE', #485, .T. ) ;
#5764 = DIRECTION ( 'NONE',  ( 0.000000000000000000, -0.000000000000000000, -1.000000000000000000 ) ) ;
#5765 = CARTESIAN_POINT ( 'NONE',  ( -13.81390900009209943, 19.09181343516790719, 2.000000000000000000 ) ) ;
#5766 = VERTEX_POINT ( 'NONE', #4526 ) ;
#5767 = CARTESIAN_POINT ( 'NONE',  ( -7.688496923001414629, 25.42728370346967637, -2.099999999999998757 ) ) ;
#5768 = CARTESIAN_POINT ( 'NONE',  ( -24.32345666766048353, 4.791663430616632802, -2.099999999999998757 ) ) ;
#5769 = CARTESIAN_POINT ( 'NONE',  ( -23.93435179486865039, 4.766524473500956205, 2.000000000000000000 ) ) ;
#5770 = CARTESIAN_POINT ( 'NONE',  ( 23.87823629154096139, 7.119306137701304493, -2.099999999999998757 ) ) ;
#5771 = CARTESIAN_POINT ( 'NONE',  ( 20.64571337519312877, 11.25696429976831681, -2.099999999999998757 ) ) ;
#5772 = DIRECTION ( 'NONE',  ( 0.000000000000000000, 0.000000000000000000, -1.000000000000000000 ) ) ;
#5773 = CARTESIAN_POINT ( 'NONE',  ( -21.10401706161572122, 10.48531763796956895, 2.000000000000000000 ) ) ;
#5774 = CARTESIAN_POINT ( 'NONE',  ( -21.80373651133526991, -10.30832712212200519, -2.099999999999998757 ) ) ;
#5775 = ORIENTED_EDGE ( 'NONE', *, *, #2383, .T. ) ;
#5776 = CARTESIAN_POINT ( 'NONE',  ( 22.41476768503926564, 16.47086518437625102, -2.099999999999998757 ) ) ;
#5777 = CARTESIAN_POINT ( 'NONE',  ( -21.70974829699418507, 12.84369887095659557, -2.099999999999999645 ) ) ;
#5778 = CARTESIAN_POINT ( 'NONE',  ( 27.54255191857619423, 4.153023393546268593, -2.099999999999999645 ) ) ;
#5779 = DIRECTION ( 'NONE',  ( -0.8854560256532094664, -0.4647231720437691171, 0.000000000000000000 ) ) ;
#5780 = CARTESIAN_POINT ( 'NONE',  ( 10.89735721165042293, 23.93603524774558622, -2.099999999999998757 ) ) ;
#5782 = CARTESIAN_POINT ( 'NONE',  ( 13.81390900009209943, -19.09181343516790719, -2.099999999999998757 ) ) ;
#5781 = CARTESIAN_POINT ( 'NONE',  ( -18.00000000000000000, 2.204364238465235428E-15, -3.599999999999998757 ) ) ;
#5783 = CARTESIAN_POINT ( 'NONE',  ( 26.50130185302208830, 1.827769560624223022, 2.000000000000000000 ) ) ;
#5784 = CARTESIAN_POINT ( 'NONE',  ( 9.673488752447900296, -22.40527988562695683, -2.099999999999998757 ) ) ;
#5785 = CARTESIAN_POINT ( 'NONE',  ( 18.00520414013334403, -17.66596715945036777, 2.000000000000000000 ) ) ;
#5786 = CARTESIAN_POINT ( 'NONE',  ( 13.41263264250316567, 22.06199033373687612, 2.000000000000000000 ) ) ;
#5787 = CARTESIAN_POINT ( 'NONE',  ( 17.45584392081710590, 15.72474958968643044, -2.099999999999999645 ) ) ;
#5788 = CARTESIAN_POINT ( 'NONE',  ( -17.91646094264596201, 17.52377780514962069, -2.099999999999998757 ) ) ;
#5789 = ORIENTED_EDGE ( 'NONE', *, *, #7945, .F. ) ;
#5790 = FACE_OUTER_BOUND ( 'NONE', #958, .T. ) ;
#5791 = CARTESIAN_POINT ( 'NONE',  ( -4.244076555440686960, 24.69959869036684452, 2.000000000000000000 ) ) ;
#5792 = CARTESIAN_POINT ( 'NONE',  ( 12.86131782747430208, -20.40223119301177235, 2.000000000000000000 ) ) ;
#5793 = CARTESIAN_POINT ( 'NONE',  ( 22.09815905990546980, 10.35588323418789258, 2.000000000000000000 ) ) ;
#5794 = CARTESIAN_POINT ( 'NONE',  ( 7.656852614504651378, 23.37322600383987137, 2.000000000000000000 ) ) ;
#5795 = CARTESIAN_POINT ( 'NONE',  ( 22.91828645517601615, 5.264681564480688358, -2.099999999999999645 ) ) ;
#5796 = CARTESIAN_POINT ( 'NONE',  ( 21.47582202528875328, 10.32148794313316387, -2.099999999999998757 ) ) ;
#5797 = CARTESIAN_POINT ( 'NONE',  ( -0.7237198720500266358, 27.99064497287968223, 2.000000000000000000 ) ) ;
#5798 = ORIENTED_EDGE ( 'NONE', *, *, #197, .F. ) ;
#5799 = CARTESIAN_POINT ( 'NONE',  ( 4.082273444348686553, -24.25428063893853192, 2.000000000000000000 ) ) ;
#5800 = DIRECTION ( 'NONE',  ( -1.000000000000000000, 0.000000000000000000, 0.000000000000000000 ) ) ;
#5801 = CARTESIAN_POINT ( 'NONE',  ( -18.80342269287540446, 15.26496932198516632, 2.000000000000000000 ) ) ;
#5802 = CARTESIAN_POINT ( 'NONE',  ( 25.29380829876431491, -8.116834556469569861, -2.099999999999998757 ) ) ;
#5803 = CARTESIAN_POINT ( 'NONE',  ( 7.442630951135233097, -26.84114405199618858, -2.099999999999999645 ) ) ;
#5804 = ADVANCED_FACE ( 'NONE', ( #2641 ), #5212, .F. ) ;
#5805 = DIRECTION ( 'NONE',  ( 0.000000000000000000, 0.000000000000000000, -1.000000000000000000 ) ) ;
#5806 = CARTESIAN_POINT ( 'NONE',  ( -13.41263264250317455, 22.06199033373686547, -2.099999999999998757 ) ) ;
#5807 = EDGE_LOOP ( 'NONE', ( #7916, #5248, #1989, #8047 ) ) ;
#5808 = CARTESIAN_POINT ( 'NONE',  ( -14.75432918952970418, -19.43920578531972509, -2.099999999999998757 ) ) ;
#5809 = CARTESIAN_POINT ( 'NONE',  ( -7.715738321650221110, -25.14266413352904550, 2.000000000000000000 ) ) ;
#5810 = CARTESIAN_POINT ( 'NONE',  ( -19.10294311796688405, -20.47138403312589716, -2.099999999999998757 ) ) ;
#5811 = CARTESIAN_POINT ( 'NONE',  ( 22.46994110604167005, -10.47341059000766350, 2.000000000000000000 ) ) ;
#5812 = CARTESIAN_POINT ( 'NONE',  ( 21.35721522671293116, 10.35169942632025197, -2.099999999999998757 ) ) ;
#5813 = DIRECTION ( 'NONE',  ( -1.000000000000000000, 0.000000000000000000, 0.000000000000000000 ) ) ;
#5814 = CARTESIAN_POINT ( 'NONE',  ( 17.45584392081711655, -15.72474958968642156, 2.000000000000000000 ) ) ;
#5815 = CARTESIAN_POINT ( 'NONE',  ( -23.29246673278348823, -10.63055238855665330, -2.099999999999998757 ) ) ;
#5816 = ORIENTED_EDGE ( 'NONE', *, *, #5439, .T. ) ;
#5817 = CARTESIAN_POINT ( 'NONE',  ( 18.12539239010958880, 15.18249965295456683, -2.099999999999998757 ) ) ;
#5818 = CARTESIAN_POINT ( 'NONE',  ( -22.46994110604167005, 10.47341059000766350, -2.099999999999999645 ) ) ;
#5819 = CARTESIAN_POINT ( 'NONE',  ( -18.01951879739587525, -21.43121365581733428, 2.000000000000000000 ) ) ;
#5820 = CARTESIAN_POINT ( 'NONE',  ( 1.379935885169562004, -26.52839079975561276, 2.000000000000000000 ) ) ;
#5821 = CARTESIAN_POINT ( 'NONE',  ( 9.768079280210443471, 22.57254334279472374, -2.099999999999998757 ) ) ;
#5823 = DIRECTION ( 'NONE',  ( -0.3546048870425357324, 0.9350162426854148334, 0.000000000000000000 ) ) ;
#5822 = CARTESIAN_POINT ( 'NONE',  ( -13.30747633062666146, 21.64116298680352202, -2.099999999999998757 ) ) ;
#5824 = CARTESIAN_POINT ( 'NONE',  ( 23.90532429094090716, -0.9066066167179773760, 2.000000000000000000 ) ) ;
#5825 = CARTESIAN_POINT ( 'NONE',  ( 24.95373504430678580, -4.768644361883064065, -2.099999999999998757 ) ) ;
#5826 = CARTESIAN_POINT ( 'NONE',  ( 17.98147192499884639, -15.23115522593613136, 2.000000000000000000 ) ) ;
#5827 = CARTESIAN_POINT ( 'NONE',  ( 12.83364937058815869, 20.18870745851076975, 2.000000000000000000 ) ) ;
#5828 = CARTESIAN_POINT ( 'NONE',  ( 18.38167992440536835, 15.16106487615013521, 2.000000000000000000 ) ) ;
#5829 = CARTESIAN_POINT ( 'NONE',  ( -17.29220078062826005, 16.53076698689342194, 2.000000000000000000 ) ) ;
#5830 = EDGE_CURVE ( 'NONE', #4840, #2547, #3844, .T. ) ;
#5831 = ORIENTED_EDGE ( 'NONE', *, *, #502, .T. ) ;
#5832 = CARTESIAN_POINT ( 'NONE',  ( -25.07504586300960625, 7.932732980984140703, 2.000000000000000000 ) ) ;
#5833 = CARTESIAN_POINT ( 'NONE',  ( 0.7237198720499135041, 27.99064497287983144, 2.000000000000000000 ) ) ;
#5834 = CARTESIAN_POINT ( 'NONE',  ( 14.75432918952970596, -19.43920578531971799, -2.099999999999998757 ) ) ;
#5835 = CARTESIAN_POINT ( 'NONE',  ( 25.91507308940461485, 10.60230933437670764, 2.000000000000000000 ) ) ;
#5836 = CARTESIAN_POINT ( 'NONE',  ( 0.000000000000000000, 0.000000000000000000, -2.099999999999998757 ) ) ;
#5837 = CARTESIAN_POINT ( 'NONE',  ( 23.40793038981978924, 6.902300070437923374, 2.000000000000000000 ) ) ;
#5838 = DIRECTION ( 'NONE',  ( -0.000000000000000000, -0.000000000000000000, 1.000000000000000000 ) ) ;
#5839 = CARTESIAN_POINT ( 'NONE',  ( 5.376315588043429905, 26.60062371204864817, -2.099999999999998757 ) ) ;
#5840 = ORIENTED_EDGE ( 'NONE', *, *, #280, .F. ) ;
#5841 = CARTESIAN_POINT ( 'NONE',  ( 5.995910227730304243, -27.35048556327748415, 2.000000000000000000 ) ) ;
#5842 = B_SPLINE_CURVE_WITH_KNOTS ( 'NONE', 3,
 ( #5318, #3285, #7840, #5861, #677, #5232, #7799, #5142, #3241, #5815, #45, #2572, #1900, #3833, #6406, #635, #5188, #7757, #5774, #4, #2033, #4589, #7163, #7925, #2162, #7414, #7329, #1564, #1604, #2949, #6150, #974, #5364, #4807, #7881, #7250, #6739, #2118, #1644, #3539, #7374, #6107, #4133, #2286, #850, #4724, #7290, #4209, #262, #7965, #6616, #1523, #6697, #936, #2201 ),
 .UNSPECIFIED., .F., .F.,
 ( 4, 1, 1, 1, 1, 1, 1, 1, 1, 1, 1, 1, 1, 1, 1, 1, 1, 1, 1, 1, 1, 1, 1, 1, 1, 1, 1, 1, 1, 1, 1, 1, 1, 1, 1, 1, 1, 1, 1, 1, 1, 1, 1, 1, 1, 1, 1, 1, 1, 1, 1, 1, 4 ),
 ( 0.01037066611189015226, 0.06767854499841063909, 0.09884629602760419687, 0.1282330327458525154, 0.1558387551553856998, 0.1816634632588947085, 0.2057071570596702426, 0.2279698365617903733, 0.2484515017703998740, 0.2671521526921104561, 0.2840717893356237145, 0.2992104117127123430, 0.3125680198398570475, 0.3241446137411453376, 0.3339401934538046568, 0.3662021699428077426, 0.3760430630535975816, 0.3856763336118151919, 0.3952492422856396237, 0.4049624801021072251, 0.4150869914083012979, 0.4259748013331243754, 0.4380386266454286970, 0.4516469595390829594, 0.4668849008038623571, 0.4803437228220495125, 0.4999999999999997780, 0.5196562771779499323, 0.5331150991961371988, 0.5483530404609165965, 0.5619613733545708589, 0.5740251986668751805, 0.5849130085916982580, 0.5950375198978923308, 0.6047507577143599322, 0.6143236663881842530, 0.6239569369464019744, 0.6337978300571918133, 0.6660598065461948991, 0.6758553862588542183, 0.6874319801601425084, 0.7007895882872872129, 0.7159282106643759525, 0.7328478473078892108, 0.7515484982295997929, 0.7720301634382092937, 0.7942928429403295354, 0.8183365367411050695, 0.8441612448446141892, 0.8717669672541473735, 0.9011537039723956921, 0.9323214550015892499, 0.9896293338881103629 ),
 .UNSPECIFIED. ) ;
#5843 = CARTESIAN_POINT ( 'NONE',  ( 1.145856306001342029, 27.11429446801520626, 2.000000000000000000 ) ) ;
#5844 = CARTESIAN_POINT ( 'NONE',  ( -21.34551800689748191, 16.27777197600731185, 2.000000000000000000 ) ) ;
#5845 = CARTESIAN_POINT ( 'NONE',  ( -23.93435179486865749, -4.766524473500976633, 2.000000000000000000 ) ) ;
#5846 = CARTESIAN_POINT ( 'NONE',  ( 7.743106042156107982, -24.63076208136009981, 2.000000000000000000 ) ) ;
#5847 = CARTESIAN_POINT ( 'NONE',  ( -19.10294311799638578, -20.47138403324619915, 2.000000000000000000 ) ) ;
#5848 = CARTESIAN_POINT ( 'NONE',  ( -13.66345410753368483, 19.13830577319235360, 2.000000000000000000 ) ) ;
#5849 = VERTEX_POINT ( 'NONE', #1503 ) ;
#5850 = CARTESIAN_POINT ( 'NONE',  ( -7.519427044731526344, 26.50141551931777428, 2.000000000000000000 ) ) ;
#5851 = CARTESIAN_POINT ( 'NONE',  ( -10.13323285654343664, -23.09959661296539934, 2.000000000000000000 ) ) ;
#5852 = CARTESIAN_POINT ( 'NONE',  ( -12.36707919775610165, 25.12081464776632345, 2.000000000000000000 ) ) ;
#5853 = CARTESIAN_POINT ( 'NONE',  ( 22.91828645517601615, 5.264681564480688358, -2.099999999999998757 ) ) ;
#5854 = AXIS2_PLACEMENT_3D ( 'NONE', #1690, #4892, #1061 ) ;
#5855 = EDGE_CURVE ( 'NONE', #5092, #1442, #2811, .T. ) ;
#5856 = EDGE_CURVE ( 'NONE', #1466, #1808, #740, .T. ) ;
#5857 = CARTESIAN_POINT ( 'NONE',  ( 20.71178771499496918, 11.09036006156944332, -2.099999999999998757 ) ) ;
#5858 = FACE_OUTER_BOUND ( 'NONE', #1960, .T. ) ;
#5859 = CARTESIAN_POINT ( 'NONE',  ( 20.77276083323512168, -16.13005223007173328, 2.000000000000000000 ) ) ;
#5860 = VECTOR ( 'NONE', #6808, 1000.000000000000000 ) ;
#5861 = CARTESIAN_POINT ( 'NONE',  ( -24.94597949059292574, -10.68625558496336936, -2.099999999999998757 ) ) ;
#5862 = CARTESIAN_POINT ( 'NONE',  ( 19.31055424225241168, 15.54648119520597227, -2.099999999999998757 ) ) ;
#5863 = CARTESIAN_POINT ( 'NONE',  ( -9.484645845787888163, -22.17444536155052504, -2.099999999999998757 ) ) ;
#5864 = CARTESIAN_POINT ( 'NONE',  ( -13.64872344093925882, -24.44815585854593820, 2.000000000000000000 ) ) ;
#5865 = CARTESIAN_POINT ( 'NONE',  ( 1.981471996725006290, -23.84030691368550237, 2.000000000000000000 ) ) ;
#5866 = CARTESIAN_POINT ( 'NONE',  ( 7.605017794998032876, 22.88729425358476632, -2.099999999999998757 ) ) ;
#5868 = CARTESIAN_POINT ( 'NONE',  ( -27.87379644711759497, -2.655456283891207470, 2.000000000000000000 ) ) ;
#5867 = CARTESIAN_POINT ( 'NONE',  ( -14.32589460713082730, 19.15868494228939056, -2.099999999999998757 ) ) ;
#5869 = CARTESIAN_POINT ( 'NONE',  ( 23.72154950710864441, 0.7592181733933792698, -2.099999999999998757 ) ) ;
#5870 = AXIS2_PLACEMENT_3D ( 'NONE', #507, #6196, #4176 ) ;
#5871 = CARTESIAN_POINT ( 'NONE',  ( 24.45163473737931881, -4.792937194118069399, -2.099999999999998757 ) ) ;
#5872 = EDGE_CURVE ( 'NONE', #2547, #7475, #283, .T. ) ;
#5873 = CARTESIAN_POINT ( 'NONE',  ( 13.64180598451630289, 23.91017226872975598, 2.000000000000000000 ) ) ;
#5874 = UNCERTAINTY_MEASURE_WITH_UNIT (LENGTH_MEASURE( 1.000000000000000082E-05 ), #3434, 'distance_accuracy_value', 'NONE');
#5875 = CARTESIAN_POINT ( 'NONE',  ( 17.12241726305227729, 21.05518411798322376, 2.000000000000000000 ) ) ;
#5876 = CARTESIAN_POINT ( 'NONE',  ( 18.60089775827983516, 15.19605903441929051, -2.099999999999999645 ) ) ;
#5877 = CARTESIAN_POINT ( 'NONE',  ( 17.25657676350752823, -16.16318976602639168, -2.099999999999998757 ) ) ;
#5878 = VERTEX_POINT ( 'NONE', #3986 ) ;
#5879 = CARTESIAN_POINT ( 'NONE',  ( -23.07262568452397034, 6.675893319502702816, 2.000000000000000000 ) ) ;
#5880 = CARTESIAN_POINT ( 'NONE',  ( -22.78920619399659131, -14.18622855212692002, -2.099999999999998757 ) ) ;
#5881 = CARTESIAN_POINT ( 'NONE',  ( -7.688496923001414629, 25.42728370346967637, -2.099999999999998757 ) ) ;
#5882 = CARTESIAN_POINT ( 'NONE',  ( -16.30896799194540137, 20.63258928533522152, 2.000000000000000000 ) ) ;
#5883 = CARTESIAN_POINT ( 'NONE',  ( 23.21393719209897100, 4.939781705126463862, -2.099999999999999645 ) ) ;
#5884 = CARTESIAN_POINT ( 'NONE',  ( 22.96554745452508683, 14.45965356729542783, -2.099999999999998757 ) ) ;
#5885 = CARTESIAN_POINT ( 'NONE',  ( 4.852431640496106091, 25.84840584550507714, -2.099999999999998757 ) ) ;
#5886 = ORIENTED_EDGE ( 'NONE', *, *, #6471, .T. ) ;
#5887 = CARTESIAN_POINT ( 'NONE',  ( 3.705239350424557987, -23.53752846792088604, 2.000000000000000000 ) ) ;
#5888 = CARTESIAN_POINT ( 'NONE',  ( 3.612999446203277287, 23.45707906485273497, 2.000000000000000000 ) ) ;
#5889 = CARTESIAN_POINT ( 'NONE',  ( 1.555379675915627313, -26.00494379640385390, -2.099999999999998757 ) ) ;
#5890 = CARTESIAN_POINT ( 'NONE',  ( 19.05257563431085543, 20.26599507124441502, 2.000000000000000000 ) ) ;
#5891 = CARTESIAN_POINT ( 'NONE',  ( -25.03107770533010523, -1.235924829161916927, -2.099999999999998757 ) ) ;
#5892 = CIRCLE ( 'NONE', #4815, 27.99999957948218920 ) ;
#5893 = CARTESIAN_POINT ( 'NONE',  ( -2.833089530561789360, 23.33259147460854166, 2.000000000000000000 ) ) ;
#5894 = CARTESIAN_POINT ( 'NONE',  ( -14.42373451280541552, 19.20597537996031434, -2.099999999999998757 ) ) ;
#5895 = CARTESIAN_POINT ( 'NONE',  ( 8.334619726030521036, 21.97658606862350794, 2.000000000000000000 ) ) ;
#5896 = ORIENTED_EDGE ( 'NONE', *, *, #2405, .F. ) ;
#5897 = CARTESIAN_POINT ( 'NONE',  ( -12.88702750944971243, -19.82328597831587658, -2.099999999999998757 ) ) ;
#5898 = CARTESIAN_POINT ( 'NONE',  ( -9.873836557350644583, -22.73978747338223982, 2.000000000000000000 ) ) ;
#5899 = CARTESIAN_POINT ( 'NONE',  ( -23.87823629154097205, 7.119306137701274295, 2.000000000000000000 ) ) ;
#5900 = CARTESIAN_POINT ( 'NONE',  ( 22.85055158908931361, 6.414095051321371699, -2.099999999999998757 ) ) ;
#5901 = CARTESIAN_POINT ( 'NONE',  ( -21.04854468720650118, 16.20550857031050995, -2.099999999999998757 ) ) ;
#5902 = CARTESIAN_POINT ( 'NONE',  ( 21.58955567576248669, -12.72687891813089145, -2.099999999999998757 ) ) ;
#5903 = CARTESIAN_POINT ( 'NONE',  ( 19.42345833902674812, -15.60717637591974238, -2.099999999999998757 ) ) ;
#5904 = AXIS2_PLACEMENT_3D ( 'NONE', #2820, #800, #4039 ) ;
#5905 = CARTESIAN_POINT ( 'NONE',  ( -4.082273444348678559, -24.25428063893853192, 2.000000000000000000 ) ) ;
#5906 = ORIENTED_EDGE ( 'NONE', *, *, #1737, .T. ) ;
#5907 = CARTESIAN_POINT ( 'NONE',  ( -3.359200862297582191, -23.32460485566309316, 2.000000000000000000 ) ) ;
#5908 = CARTESIAN_POINT ( 'NONE',  ( -9.555618961847061499, -22.25484530667600680, -2.099999999999998757 ) ) ;
#5909 = CARTESIAN_POINT ( 'NONE',  ( 4.590305982006143815, -25.40785750275295030, 2.000000000000000000 ) ) ;
#5910 = CARTESIAN_POINT ( 'NONE',  ( -4.713207230075946441, 25.62151411210379948, 2.000000000000000000 ) ) ;
#5912 = CARTESIAN_POINT ( 'NONE',  ( -15.68419099428257013, 20.23743569325269931, 2.000000000000000000 ) ) ;
#5911 = CARTESIAN_POINT ( 'NONE',  ( 26.28829541374613399, -9.090474067310809758, 2.000000000000000000 ) ) ;
#5913 = CARTESIAN_POINT ( 'NONE',  ( 25.56471904745758295, -1.411662356313489353, 2.000000000000000000 ) ) ;
#5914 = FACE_OUTER_BOUND ( 'NONE', #2480, .T. ) ;
#5915 = EDGE_CURVE ( 'NONE', #3531, #7233, #7101, .T. ) ;
#5916 = B_SPLINE_SURFACE_WITH_KNOTS ( 'NONE', 3, 1, ( 
 ( #6760, #6297 ),
 ( #362, #4994 ),
 ( #1118, #5584 ),
 ( #5507, #7556 ),
 ( #2931, #7434 ),
 ( #405, #995 ),
 ( #4831, #8067 ),
 ( #526, #3048 ),
 ( #3086, #443 ),
 ( #8145, #1792 ),
 ( #8027, #4348 ),
 ( #3561, #4869 ),
 ( #6174, #6133 ),
 ( #6254, #6919 ),
 ( #1708, #1160 ),
 ( #3009, #2265 ),
 ( #6843, #1751 ),
 ( #1666, #1078 ),
 ( #1037, #3604 ),
 ( #2387, #7395 ),
 ( #2970, #4953 ),
 ( #4272, #8186 ),
 ( #1625, #4311 ),
 ( #5546, #8105 ),
 ( #4910, #7474 ),
 ( #484, #3644 ),
 ( #6882, #3683 ),
 ( #5627, #3932 ),
 ( #3805, #5664 ),
 ( #6505, #3848 ),
 ( #8263, #5072 ),
 ( #5114, #8224 ),
 ( #1872, #691 ),
 ( #2585, #4431 ),
 ( #5829, #1828 ),
 ( #3126, #731 ),
 ( #3170, #7641 ),
 ( #58, #1198 ),
 ( #4388, #2463 ),
 ( #6419, #4473 ),
 ( #3765, #7004 ),
 ( #5031, #5157 ),
 ( #7593, #5788 ),
 ( #1915, #2632 ),
 ( #6960, #650 ),
 ( #6334, #2504 ),
 ( #6376, #5203 ),
 ( #3891, #7044 ),
 ( #7771, #564 ),
 ( #1367, #5701 ),
 ( #6462, #3214 ),
 ( #1237, #19 ),
 ( #603, #5746 ),
 ( #7685, #8307 ),
 ( #2546, #3258 ) ),
 .UNSPECIFIED., .F., .F., .F.,
 ( 4, 1, 1, 1, 1, 1, 1, 1, 1, 1, 1, 1, 1, 1, 1, 1, 1, 1, 1, 1, 1, 1, 1, 1, 1, 1, 1, 1, 1, 1, 1, 1, 1, 1, 1, 1, 1, 1, 1, 1, 1, 1, 1, 1, 1, 1, 1, 1, 1, 1, 1, 1, 4 ),
 ( 2, 2 ),
 ( 0.01037066610069960204, 0.06767854499841075011, 0.09884629602760430789, 0.1282330327458526265, 0.1558387551553858108, 0.1816634632588949305, 0.2057071570596704646, 0.2279698365617907063, 0.2484515017704002071, 0.2671521526921107892, 0.2840717893356240475, 0.2992104117127127871, 0.3125680198398574916, 0.3241446137411457817, 0.3339401934538051009, 0.3662021699428081867, 0.3760430630535980256, 0.3856763336118157470, 0.3952492422856400678, 0.4049624801021076692, 0.4150869914083017420, 0.4259748013331248195, 0.4380386266454291411, 0.4516469595390834035, 0.4668849008038628012, 0.4803437228220500677, 0.5000000000000002220, 0.5196562771779504875, 0.5331150991961376429, 0.5483530404609170406, 0.5619613733545713030, 0.5740251986668756246, 0.5849130085916987021, 0.5950375198978927749, 0.6047507577143603763, 0.6143236663881848081, 0.6239569369464024184, 0.6337978300571922574, 0.6660598065461953432, 0.6758553862588546624, 0.6874319801601429525, 0.7007895882872876570, 0.7159282106643762855, 0.7328478473078895439, 0.7515484982296001260, 0.7720301634382096267, 0.7942928429403297574, 0.8183365367411052915, 0.8441612448446143002, 0.8717669672541474846, 0.9011537039723958031, 0.9323214550015893609, 0.9955048858948373214 ),
 ( 0.000000000000000000, 1.000000000000000000 ),
 .UNSPECIFIED. ) ;
#5917 = CARTESIAN_POINT ( 'NONE',  ( 17.64188601445204085, -17.13764696917008479, 2.000000000000000000 ) ) ;
#5918 = CARTESIAN_POINT ( 'NONE',  ( 15.12400615833752049, 19.80199803049036333, 2.000000000000000000 ) ) ;
#5919 = CARTESIAN_POINT ( 'NONE',  ( 17.26619031893427447, 16.42019235248055509, 2.000000000000000000 ) ) ;
#5920 = CARTESIAN_POINT ( 'NONE',  ( 18.12539239010960301, -15.18249965295455972, -2.099999999999998757 ) ) ;
#5921 = ORIENTED_EDGE ( 'NONE', *, *, #7223, .F. ) ;
#5922 = CARTESIAN_POINT ( 'NONE',  ( 23.08741356227222852, -10.60189590196922360, -2.099999999999999645 ) ) ;
#5923 = CARTESIAN_POINT ( 'NONE',  ( -21.58955567576248313, -12.72687891813089500, 2.000000000000000000 ) ) ;
#5924 = CARTESIAN_POINT ( 'NONE',  ( -7.768531058981745119, 22.33132486425837016, -2.099999999999998757 ) ) ;
#5925 = CARTESIAN_POINT ( 'NONE',  ( 24.95373504430678580, 4.768644361883088045, 2.000000000000000000 ) ) ;
#5926 = CARTESIAN_POINT ( 'NONE',  ( 10.25081980592598541, 23.24542008693366313, -2.099999999999997868 ) ) ;
#5927 = CARTESIAN_POINT ( 'NONE',  ( 23.74358889077459267, 4.778072828450351750, -2.099999999999999645 ) ) ;
#5928 = CARTESIAN_POINT ( 'NONE',  ( -25.56471904745757939, -1.411662356313491795, 2.000000000000000000 ) ) ;
#5929 = CARTESIAN_POINT ( 'NONE',  ( 0.7237196475847536004, 27.99064539934190066, -2.099999999999998757 ) ) ;
#5930 = ORIENTED_EDGE ( 'NONE', *, *, #6241, .T. ) ;
#5931 = CARTESIAN_POINT ( 'NONE',  ( 1.824858090210271566, -24.72368248555339676, -2.099999999999998757 ) ) ;
#5932 = CARTESIAN_POINT ( 'NONE',  ( 4.852431640496106091, 25.84840584550507714, 2.000000000000000000 ) ) ;
#5933 = CARTESIAN_POINT ( 'NONE',  ( 2.833089530561781366, -23.33259147460854166, -2.099999999999998757 ) ) ;
#5934 = CARTESIAN_POINT ( 'NONE',  ( 27.50168382512346810, -4.167564886012004699, -2.099999999999998757 ) ) ;
#5935 = CARTESIAN_POINT ( 'NONE',  ( -26.77150907641003741, -1.970609361940798943, -2.099999999999998757 ) ) ;
#5936 = CARTESIAN_POINT ( 'NONE',  ( 25.19179192507393239, -1.283507464112907392, -2.099999999999998757 ) ) ;
#5937 = CARTESIAN_POINT ( 'NONE',  ( -14.60388312963063484, -19.32135064906643152, 2.000000000000000000 ) ) ;
#5938 = EDGE_LOOP ( 'NONE', ( #1802, #1057, #6873, #4319 ) ) ;
#5939 = CARTESIAN_POINT ( 'NONE',  ( -7.688496923001401306, -25.42728370346967637, 2.000000000000000000 ) ) ;
#5940 = CARTESIAN_POINT ( 'NONE',  ( -8.512968716744129694, -21.89757064776837581, 2.000000000000000000 ) ) ;
#5941 = CARTESIAN_POINT ( 'NONE',  ( -24.15260079455800835, 7.275001489028683821, 2.000000000000000000 ) ) ;
#5942 = CARTESIAN_POINT ( 'NONE',  ( 22.61633054543465704, -13.93417863138606627, 2.000000000000000000 ) ) ;
#5943 = CARTESIAN_POINT ( 'NONE',  ( -19.87933552333218401, 15.81900378855655553, -2.099999999999998757 ) ) ;
#5944 = CARTESIAN_POINT ( 'NONE',  ( 24.31514428139131923, -10.69735948946558679, -2.099999999999998757 ) ) ;
#5945 = CARTESIAN_POINT ( 'NONE',  ( 18.25928954266904825, -15.16201400375273067, 2.000000000000000000 ) ) ;
#5946 = CARTESIAN_POINT ( 'NONE',  ( -6.039214814332614090, -27.39901906653085462, 2.000000000000000000 ) ) ;
#5947 = VERTEX_POINT ( 'NONE', #6010 ) ;
#5948 = CARTESIAN_POINT ( 'NONE',  ( 18.19936168673939392, 18.00918889841835480, -2.099999999999998757 ) ) ;
#5949 = CARTESIAN_POINT ( 'NONE',  ( -10.25081980592598363, -23.24542008693366668, -2.099999999999998757 ) ) ;
#5950 = DIRECTION ( 'NONE',  ( -1.000000000000000000, 0.000000000000000000, 0.000000000000000000 ) ) ;
#5951 = PLANE ( 'NONE',  #213 ) ;
#5952 = FACE_OUTER_BOUND ( 'NONE', #2255, .T. ) ;
#5954 = CARTESIAN_POINT ( 'NONE',  ( -15.51594276222061985, 20.11676867469219587, 2.000000000000000000 ) ) ;
#5953 = CARTESIAN_POINT ( 'NONE',  ( 15.51594276222061985, -20.11676867469219587, 2.000000000000000000 ) ) ;
#5955 = CARTESIAN_POINT ( 'NONE',  ( 24.88813961944797271, -1.197996060026733200, -2.099999999999998757 ) ) ;
#5956 = CARTESIAN_POINT ( 'NONE',  ( 23.63710370791871895, -4.790810183414325074, -2.099999999999998757 ) ) ;
#5957 = CARTESIAN_POINT ( 'NONE',  ( -3.499191490208533928, -23.38362255772745613, -2.099999999999998757 ) ) ;
#5958 = CARTESIAN_POINT ( 'NONE',  ( 9.230471089887533509, -21.96684885186929392, 2.000000000000000000 ) ) ;
#5959 = CARTESIAN_POINT ( 'NONE',  ( 18.19936168673940813, -18.00918889841834414, -2.099999999999998757 ) ) ;
#5960 = EDGE_LOOP ( 'NONE', ( #929, #2202, #1793, #6861 ) ) ;
#5961 = CARTESIAN_POINT ( 'NONE',  ( 25.91507356787314009, -10.60230927570855108, 2.000000000000000000 ) ) ;
#5962 = CARTESIAN_POINT ( 'NONE',  ( -20.94077984017082983, -12.16847291378769924, 2.000000000000000000 ) ) ;
#5963 = CARTESIAN_POINT ( 'NONE',  ( -7.988790274807843872, 22.11659910479056279, -2.099999999999998757 ) ) ;
#5964 = CARTESIAN_POINT ( 'NONE',  ( -13.18542992737236474, 19.44527382878997201, 2.000000000000000000 ) ) ;
#5965 = CARTESIAN_POINT ( 'NONE',  ( 23.42764417793267029, 4.840656286569398503, 2.000000000000000000 ) ) ;
#5966 = CARTESIAN_POINT ( 'NONE',  ( -14.84924240491748826, -14.84924240491749892, -3.599999999999998757 ) ) ;
#5967 = CARTESIAN_POINT ( 'NONE',  ( 1.906741771391398554, 24.04223096406908766, -2.099999999999998757 ) ) ;
#5968 = CARTESIAN_POINT ( 'NONE',  ( 0.000000000000000000, 0.000000000000000000, 2.000000000000000000 ) ) ;
#5969 = ORIENTED_EDGE ( 'NONE', *, *, #1769, .F. ) ;
#5970 = CARTESIAN_POINT ( 'NONE',  ( 3.952016953262632804, -23.89496924813284906, -2.099999999999998757 ) ) ;
#5971 = VECTOR ( 'NONE', #4741, 1000.000000000000000 ) ;
#5972 = CARTESIAN_POINT ( 'NONE',  ( 1.824858090210248696, 24.72368248555340386, 2.000000000000000000 ) ) ;
#5973 = CARTESIAN_POINT ( 'NONE',  ( 2.463801941912934890, -23.38577358155836450, -2.099999999999998757 ) ) ;
#5974 = CARTESIAN_POINT ( 'NONE',  ( 17.28752988749539554, 16.01445386190352238, 2.000000000000000000 ) ) ;
#5975 = CARTESIAN_POINT ( 'NONE',  ( -26.00281877978270373, -1.590510388571586997, -2.099999999999998757 ) ) ;
#5976 = CARTESIAN_POINT ( 'NONE',  ( 25.03107770533010523, -1.235924829161913374, -2.099999999999998757 ) ) ;
#5977 = CARTESIAN_POINT ( 'NONE',  ( -14.42373451280541197, -19.20597537996032145, -2.099999999999999645 ) ) ;
#5978 = VERTEX_POINT ( 'NONE', #7985 ) ;
#5979 = CARTESIAN_POINT ( 'NONE',  ( -13.66345410753368306, -19.13830577319236070, -2.099999999999998757 ) ) ;
#5980 = CARTESIAN_POINT ( 'NONE',  ( -7.705310163655072486, -23.69563005194943628, 2.000000000000000000 ) ) ;
#5981 = CARTESIAN_POINT ( 'NONE',  ( 24.56950331401515442, 1.128978604501158500, 2.000000000000000000 ) ) ;
#5982 = CARTESIAN_POINT ( 'NONE',  ( 20.64571337519313943, -11.25696429976830437, 2.000000000000000000 ) ) ;
#5983 = CARTESIAN_POINT ( 'NONE',  ( -17.84651532293614551, 15.31230279367190050, -2.099999999999998757 ) ) ;
#5984 = CARTESIAN_POINT ( 'NONE',  ( 22.59408972245014624, -10.50532236015857279, -2.099999999999998757 ) ) ;
#5985 = B_SPLINE_SURFACE_WITH_KNOTS ( 'NONE', 3, 1, ( 
 ( #7215, #858 ),
 ( #1449, #3422 ),
 ( #5283, #4643 ),
 ( #2083, #3380 ),
 ( #7171, #4015 ),
 ( #6584, #3339 ),
 ( #772, #6541 ),
 ( #817, #3968 ),
 ( #2125, #7847 ),
 ( #5912, #139 ),
 ( #5954, #182 ),
 ( #7808, #4689 ),
 ( #7888, #7258 ),
 ( #5326, #6624 ),
 ( #2668, #4057 ),
 ( #95, #2711 ),
 ( #2751, #1491 ),
 ( #5239, #2041 ),
 ( #4597, #1403 ),
 ( #2694, #5894 ),
 ( #5091, #4536 ),
 ( #6481, #7614 ),
 ( #709, #7113 ),
 ( #6521, #3823 ),
 ( #5765, #581 ),
 ( #5848, #2024 ),
 ( #1299, #7154 ),
 ( #36, #1385 ),
 ( #6438, #1343 ),
 ( #7660, #667 ),
 ( #3145, #6395 ),
 ( #120, #3908 ),
 ( #1846, #7746 ),
 ( #3866, #7789 ),
 ( #4407, #2605 ),
 ( #5720, #4579 ),
 ( #3949, #750 ),
 ( #6979, #3276 ),
 ( #3321, #1215 ),
 ( #3782, #6352 ),
 ( #8324, #8283 ),
 ( #2523, #5175 ),
 ( #78, #1891 ),
 ( #7065, #4449 ),
 ( #624, #2651 ),
 ( #7021, #3232 ),
 ( #5223, #5806 ),
 ( #1978, #7702 ),
 ( #1254, #3189 ),
 ( #2564, #5133 ),
 ( #1933, #4492 ),
 ( #5265, #3491 ),
 ( #4162, #2229 ),
 ( #7239, #964 ),
 ( #293, #6060 ) ),
 .UNSPECIFIED., .F., .F., .F.,
 ( 4, 1, 1, 1, 1, 1, 1, 1, 1, 1, 1, 1, 1, 1, 1, 1, 1, 1, 1, 1, 1, 1, 1, 1, 1, 1, 1, 1, 1, 1, 1, 1, 1, 1, 1, 1, 1, 1, 1, 1, 1, 1, 1, 1, 1, 1, 1, 1, 1, 1, 1, 1, 4 ),
 ( 2, 2 ),
 ( 0.01037066610069602851, 0.06767854499841075011, 0.09884629602760430789, 0.1282330327458526265, 0.1558387551553858108, 0.1816634632588949305, 0.2057071570596704646, 0.2279698365617907063, 0.2484515017704002071, 0.2671521526921107892, 0.2840717893356240475, 0.2992104117127127871, 0.3125680198398574916, 0.3241446137411457817, 0.3339401934538051009, 0.3662021699428081867, 0.3760430630535980256, 0.3856763336118157470, 0.3952492422856400678, 0.4049624801021076692, 0.4150869914083017420, 0.4259748013331248195, 0.4380386266454291411, 0.4516469595390834035, 0.4668849008038628012, 0.4803437228220500677, 0.5000000000000002220, 0.5196562771779504875, 0.5331150991961376429, 0.5483530404609170406, 0.5619613733545713030, 0.5740251986668756246, 0.5849130085916987021, 0.5950375198978927749, 0.6047507577143603763, 0.6143236663881848081, 0.6239569369464024184, 0.6337978300571922574, 0.6660598065461953432, 0.6758553862588546624, 0.6874319801601429525, 0.7007895882872876570, 0.7159282106643762855, 0.7328478473078895439, 0.7515484982296001260, 0.7720301634382096267, 0.7942928429403297574, 0.8183365367411052915, 0.8441612448446143002, 0.8717669672541474846, 0.9011537039723958031, 0.9323214550015893609, 0.9955048858948387647 ),
 ( 0.000000000000000000, 1.000000000000000000 ),
 .UNSPECIFIED. ) ;
#5986 = CARTESIAN_POINT ( 'NONE',  ( 17.25237999601837657, -16.29857992973628811, -2.099999999999998757 ) ) ;
#5987 = DIRECTION ( 'NONE',  ( -1.000000000000000000, 0.000000000000000000, 0.000000000000000000 ) ) ;
#5988 = VECTOR ( 'NONE', #1214, 1000.000000000000000 ) ;
#5989 = ORIENTED_EDGE ( 'NONE', *, *, #2602, .T. ) ;
#5990 = CARTESIAN_POINT ( 'NONE',  ( 27.87379684341399866, 2.655456558124049238, -2.099999999999998757 ) ) ;
#5991 = CARTESIAN_POINT ( 'NONE',  ( -9.230471089887526404, -21.96684885186929748, -2.099999999999998757 ) ) ;
#5992 = DIRECTION ( 'NONE',  ( 0.8854560256532097995, 0.4647231720437686731, 0.000000000000000000 ) ) ;
#5993 = CARTESIAN_POINT ( 'NONE',  ( -22.61633054543464638, -13.93417863138606805, 2.000000000000000000 ) ) ;
#5994 = CARTESIAN_POINT ( 'NONE',  ( -3.705239350424565981, 23.53752846792088604, 2.000000000000000000 ) ) ;
#5995 = CARTESIAN_POINT ( 'NONE',  ( 14.42373451280541552, -19.20597537996031434, 2.000000000000000000 ) ) ;
#5996 = ADVANCED_FACE ( 'NONE', ( #831 ), #6635, .T. ) ;
#5997 = CARTESIAN_POINT ( 'NONE',  ( -22.99371384847795596, -6.601180838822660490, -2.099999999999998757 ) ) ;
#5998 = DIRECTION ( 'NONE',  ( -0.000000000000000000, -0.000000000000000000, -1.000000000000000000 ) ) ;
#5999 = CARTESIAN_POINT ( 'NONE',  ( 15.68419099428256303, 20.23743569325270997, 2.000000000000000000 ) ) ;
#6000 = CARTESIAN_POINT ( 'NONE',  ( 8.334619726030528142, -21.97658606862351149, 2.000000000000000000 ) ) ;
#6001 = CARTESIAN_POINT ( 'NONE',  ( 20.80821629034237219, -10.92099437901167569, 2.000000000000000000 ) ) ;
#6002 = CIRCLE ( 'NONE', #3034, 18.00000000000000000 ) ;
#6003 = VERTEX_POINT ( 'NONE', #5383 ) ;
#6004 = CARTESIAN_POINT ( 'NONE',  ( 21.10401706161572122, -10.48531763796957073, 2.000000000000000000 ) ) ;
#6005 = CARTESIAN_POINT ( 'NONE',  ( -22.78920619399659131, -14.18622855212692002, 2.000000000000000000 ) ) ;
#6006 = CARTESIAN_POINT ( 'NONE',  ( 13.15214330072518933, -21.16307668733837488, 2.000000000000000000 ) ) ;
#6007 = CARTESIAN_POINT ( 'NONE',  ( 25.62785817443977621, 4.678588802317997342, 2.000000000000000000 ) ) ;
#6008 = CARTESIAN_POINT ( 'NONE',  ( 10.13323285654343664, 23.09959661296539224, 2.000000000000000000 ) ) ;
#6009 = AXIS2_PLACEMENT_3D ( 'NONE', #895, #4089, #5987 ) ;
#6010 = CARTESIAN_POINT ( 'NONE',  ( 12.36707919775595599, 25.12081464776623463, 2.000000000000000000 ) ) ;
#6011 = CARTESIAN_POINT ( 'NONE',  ( 4.030460310774742538, 24.06924055886030089, 2.000000000000000000 ) ) ;
#6012 = CARTESIAN_POINT ( 'NONE',  ( 7.401289683397437535, 27.00409019895759144, 2.000000000000000000 ) ) ;
#6013 = VERTEX_POINT ( 'NONE', #4744 ) ;
#6014 = CARTESIAN_POINT ( 'NONE',  ( 2.638449045045073493, -23.34550970278806759, -2.099999999999998757 ) ) ;
#6015 = CARTESIAN_POINT ( 'NONE',  ( 3.025165651672243605, 23.29855380546641541, 2.000000000000000000 ) ) ;
#6016 = CARTESIAN_POINT ( 'NONE',  ( 3.204373604290284394, -23.29585190159429686, -2.099999999999998757 ) ) ;
#6017 = CARTESIAN_POINT ( 'NONE',  ( 17.59296804644543499, 15.58600964088961049, 2.000000000000000000 ) ) ;
#6018 = CARTESIAN_POINT ( 'NONE',  ( -24.88813961944796560, -1.197996060026735643, 2.000000000000000000 ) ) ;
#6019 = DIRECTION ( 'NONE',  ( 0.1205366802553235750, -0.9927088740980538617, 0.000000000000000000 ) ) ;
#6020 = CARTESIAN_POINT ( 'NONE',  ( -12.94401591853665145, -20.68877481383770700, 2.000000000000000000 ) ) ;
#6021 = VERTEX_POINT ( 'NONE', #2220 ) ;
#6022 = CARTESIAN_POINT ( 'NONE',  ( -12.88716835993242427, -20.50631329690557791, -2.099999999999998757 ) ) ;
#6023 = CARTESIAN_POINT ( 'NONE',  ( -27.69932686560980528, 4.092342562537345962, -2.100000000000000089 ) ) ;
#6024 = CARTESIAN_POINT ( 'NONE',  ( -24.66930537037450577, 7.619416278945011278, 2.000000000000000000 ) ) ;
#6025 = CARTESIAN_POINT ( 'NONE',  ( 20.99240193721332304, -10.59640443373927354, 2.000000000000000000 ) ) ;
#6026 = AXIS2_PLACEMENT_3D ( 'NONE', #5648, #344, #6154 ) ;
#6027 = CARTESIAN_POINT ( 'NONE',  ( -19.13918860107962772, 15.44754172932142389, -2.099999999999998757 ) ) ;
#6028 = CARTESIAN_POINT ( 'NONE',  ( 11.58603556222320385, -24.54102139527087090, 2.000000000000000000 ) ) ;
#6029 = CARTESIAN_POINT ( 'NONE',  ( 18.19936168673940813, -18.00918889841834414, -2.099999999999998757 ) ) ;
#6030 = CIRCLE ( 'NONE', #7635, 1.750000000000000888 ) ;
#6031 = CARTESIAN_POINT ( 'NONE',  ( 25.91507308940470722, -10.60230933437667566, 2.000000000000000000 ) ) ;
#6032 = ORIENTED_EDGE ( 'NONE', *, *, #76, .F. ) ;
#6033 = CARTESIAN_POINT ( 'NONE',  ( 18.00520414013333337, 17.66596715945037843, -2.099999999999998757 ) ) ;
#6034 = LINE ( 'NONE', #265, #3199 ) ;
#6035 = FACE_BOUND ( 'NONE', #6215, .T. ) ;
#6036 = CARTESIAN_POINT ( 'NONE',  ( -22.78920619399659131, -14.18622855212692002, 2.000000000000000000 ) ) ;
#6037 = CARTESIAN_POINT ( 'NONE',  ( 16.55868018414818010, -20.77185239767592151, 2.000000000000000000 ) ) ;
#6038 = CIRCLE ( 'NONE', #2406, 1.750000000000003331 ) ;
#6039 = CARTESIAN_POINT ( 'NONE',  ( 23.40793038981979990, -6.902300070437902946, -2.099999999999998757 ) ) ;
#6040 = EDGE_CURVE ( 'NONE', #2174, #2760, #1584, .T. ) ;
#6041 = CARTESIAN_POINT ( 'NONE',  ( 13.41263264250316567, 22.06199033373687612, 2.000000000000000000 ) ) ;
#6042 = CARTESIAN_POINT ( 'NONE',  ( 15.51594276222061097, 20.11676867469219943, -2.099999999999998757 ) ) ;
#6043 = CARTESIAN_POINT ( 'NONE',  ( 20.51809281624189651, 16.05254419007956912, -2.099999999999999645 ) ) ;
#6044 = DIRECTION ( 'NONE',  ( -1.000000000000000000, 0.000000000000000000, 0.000000000000000000 ) ) ;
#6045 = ORIENTED_EDGE ( 'NONE', *, *, #2259, .T. ) ;
#6046 = CARTESIAN_POINT ( 'NONE',  ( 22.09815905990547336, -10.35588323418787304, 2.000000000000000000 ) ) ;
#6047 = CARTESIAN_POINT ( 'NONE',  ( -21.69704443755540169, -10.30300297322495418, -2.099999999999998757 ) ) ;
#6048 = CARTESIAN_POINT ( 'NONE',  ( 13.58617081224543988, -23.15195374360797942, -2.099999999999998757 ) ) ;
#6049 = CARTESIAN_POINT ( 'NONE',  ( -12.36707919775595421, -25.12081464776624173, 2.000000000000000000 ) ) ;
#6050 = CARTESIAN_POINT ( 'NONE',  ( -18.49458355994168812, -15.17355739294055006, -2.099999999999998757 ) ) ;
#6051 = DIRECTION ( 'NONE',  ( 0.000000000000000000, 0.000000000000000000, -1.000000000000000000 ) ) ;
#6052 = CARTESIAN_POINT ( 'NONE',  ( 2.320354714939412144, 23.45074361513812633, -2.099999999999998757 ) ) ;
#6053 = DIRECTION ( 'NONE',  ( -0.000000000000000000, 0.000000000000000000, -1.000000000000000000 ) ) ;
#6054 = ORIENTED_EDGE ( 'NONE', *, *, #4725, .F. ) ;
#6055 = CARTESIAN_POINT ( 'NONE',  ( 1.906741771391420315, -24.04223096406908056, 2.000000000000000000 ) ) ;
#6056 = DIRECTION ( 'NONE',  ( -1.000000000000000000, 0.000000000000000000, -0.000000000000000000 ) ) ;
#6057 = CARTESIAN_POINT ( 'NONE',  ( 1.680116617297995996, -25.54848055630612791, -2.099999999999998757 ) ) ;
#6058 = CARTESIAN_POINT ( 'NONE',  ( 23.32186741149924103, -4.882063647943439832, -2.099999999999998757 ) ) ;
#6059 = CARTESIAN_POINT ( 'NONE',  ( -24.76338133992250690, -1.168557790373924821, -2.099999999999998757 ) ) ;
#6060 = CARTESIAN_POINT ( 'NONE',  ( -13.64849315754606707, 24.51320044201071013, -2.099999999999998757 ) ) ;
#6061 = CARTESIAN_POINT ( 'NONE',  ( -15.02890815691218407, -19.71604682249877882, 2.000000000000000000 ) ) ;
#6062 = ORIENTED_EDGE ( 'NONE', *, *, #3489, .T. ) ;
#6063 = CARTESIAN_POINT ( 'NONE',  ( -7.601435196559572560, -26.05218098595103626, 2.000000000000000000 ) ) ;
#6064 = CARTESIAN_POINT ( 'NONE',  ( -23.74358889077459267, 4.778072828450320664, 2.000000000000000000 ) ) ;
#6065 = CARTESIAN_POINT ( 'NONE',  ( -23.10489730742584413, 5.020145956116661701, 2.000000000000000000 ) ) ;
#6066 = DIRECTION ( 'NONE',  ( 0.000000000000000000, -0.000000000000000000, 1.000000000000000000 ) ) ;
#6067 = CARTESIAN_POINT ( 'NONE',  ( -26.06641551142094926, -8.850830399664163295, -2.099999999999999645 ) ) ;
#6068 = CARTESIAN_POINT ( 'NONE',  ( 20.89282384029110062, -10.74542454372254241, -2.099999999999998757 ) ) ;
#6069 = EDGE_CURVE ( 'NONE', #896, #1048, #2132, .T. ) ;
#6070 = CARTESIAN_POINT ( 'NONE',  ( 18.62447386782099912, 18.94171889292492850, 2.000000000000000000 ) ) ;
#6071 = ORIENTED_EDGE ( 'NONE', *, *, #1374, .F. ) ;
#6072 = CARTESIAN_POINT ( 'NONE',  ( 17.83462167525288677, 17.40060223031303721, -2.099999999999998757 ) ) ;
#6073 = CARTESIAN_POINT ( 'NONE',  ( -20.80453127045305095, 12.00354473513042031, -2.099999999999998757 ) ) ;
#6074 = CARTESIAN_POINT ( 'NONE',  ( -23.34891248594833257, -15.11752229210741660, 2.000000000000000000 ) ) ;
#6075 = CARTESIAN_POINT ( 'NONE',  ( 13.64872344093926770, -24.44815585854584938, 2.000000000000000000 ) ) ;
#6076 = CARTESIAN_POINT ( 'NONE',  ( 25.75863198250611319, -8.543467069173802386, 2.000000000000000000 ) ) ;
#6077 = CARTESIAN_POINT ( 'NONE',  ( 12.84317218923418658, 20.29695877980780949, 2.000000000000000000 ) ) ;
#6078 = CARTESIAN_POINT ( 'NONE',  ( -2.638449045045063723, -23.34550970278806759, -2.099999999999998757 ) ) ;
#6079 = CARTESIAN_POINT ( 'NONE',  ( 10.25081980592599251, -23.24542008693366313, 2.000000000000000000 ) ) ;
#6080 = DIRECTION ( 'NONE',  ( 0.000000000000000000, 0.000000000000000000, -1.000000000000000000 ) ) ;
#6081 = VERTEX_POINT ( 'NONE', #7821 ) ;
#6082 = CARTESIAN_POINT ( 'NONE',  ( 23.29246673278348823, -10.63055238855664619, -2.099999999999999645 ) ) ;
#6083 = CARTESIAN_POINT ( 'NONE',  ( -24.31514428139132278, -10.69735948946559567, 2.000000000000000000 ) ) ;
#6084 = CARTESIAN_POINT ( 'NONE',  ( -10.25081980592599429, 23.24542008693365958, -2.099999999999998757 ) ) ;
#6085 = CARTESIAN_POINT ( 'NONE',  ( 7.629252907546909768, -22.67335363560524186, -2.099999999999998757 ) ) ;
#6086 = CARTESIAN_POINT ( 'NONE',  ( -17.25237999601836236, -16.29857992973629521, -2.099999999999998757 ) ) ;
#6087 = EDGE_CURVE ( 'NONE', #2950, #7444, #2401, .T. ) ;
#6088 = DIRECTION ( 'NONE',  ( 1.000000000000000000, 0.000000000000000000, 0.000000000000000000 ) ) ;
#6089 = CARTESIAN_POINT ( 'NONE',  ( 1.981471996724984974, 23.84030691368550947, -2.099999999999998757 ) ) ;
#6090 = CARTESIAN_POINT ( 'NONE',  ( 8.333214720347262627, -21.97288137310767553, 2.000000000000000000 ) ) ;
#6091 = ORIENTED_EDGE ( 'NONE', *, *, #8194, .T. ) ;
#6092 = DIRECTION ( 'NONE',  ( 1.000000000000000000, 0.000000000000000000, 0.000000000000000000 ) ) ;
#6093 = CARTESIAN_POINT ( 'NONE',  ( -18.38167992440537546, -15.16106487615013521, 2.000000000000000000 ) ) ;
#6094 = PLANE ( 'NONE',  #4480 ) ;
#6095 = CARTESIAN_POINT ( 'NONE',  ( -24.56950331401515442, 1.128978604501155836, 2.000000000000000000 ) ) ;
#6096 = CARTESIAN_POINT ( 'NONE',  ( 27.87379684341399511, -2.655456558124006605, -2.099999999999998757 ) ) ;
#6097 = CARTESIAN_POINT ( 'NONE',  ( -12.83364937058816224, -20.18870745851076975, 2.000000000000000000 ) ) ;
#6098 = ORIENTED_EDGE ( 'NONE', *, *, #5830, .T. ) ;
#6099 = CARTESIAN_POINT ( 'NONE',  ( -7.629252907546902662, -22.67335363560524897, 2.000000000000000000 ) ) ;
#6100 = CARTESIAN_POINT ( 'NONE',  ( -25.62785817443976910, 4.678588802317960926, -2.100000000000000089 ) ) ;
#6101 = DIRECTION ( 'NONE',  ( 0.000000000000000000, 0.000000000000000000, -1.000000000000000000 ) ) ;
#6102 = CARTESIAN_POINT ( 'NONE',  ( 21.70974829699418507, -12.84369887095659557, 2.000000000000000000 ) ) ;
#6103 = CARTESIAN_POINT ( 'NONE',  ( -23.15601641226234975, -6.742658068406544913, 2.000000000000000000 ) ) ;
#6104 = CARTESIAN_POINT ( 'NONE',  ( 7.865059710290389638, -22.21401039568610614, -2.099999999999999645 ) ) ;
#6105 = CARTESIAN_POINT ( 'NONE',  ( 23.63491054742290132, 0.6550942090464551004, 2.000000000000000000 ) ) ;
#6106 = EDGE_CURVE ( 'NONE', #2076, #5878, #4345, .T. ) ;
#6107 = CARTESIAN_POINT ( 'NONE',  ( -21.48061666422702487, -12.62686802027752542, -2.099999999999998757 ) ) ;
#6108 = EDGE_CURVE ( 'NONE', #7566, #7094, #6958, .T. ) ;
#6109 = EDGE_LOOP ( 'NONE', ( #8084, #7926, #4290, #4283 ) ) ;
#6110 = CARTESIAN_POINT ( 'NONE',  ( -9.324636732261669891, 22.03037936177864964, -2.099999999999998757 ) ) ;
#6111 = CARTESIAN_POINT ( 'NONE',  ( -21.10401706161572122, 10.48531763796956895, -2.099999999999998757 ) ) ;
#6112 = PLANE ( 'NONE',  #8018 ) ;
#6113 = DIRECTION ( 'NONE',  ( -0.000000000000000000, -0.000000000000000000, -1.000000000000000000 ) ) ;
#6114 = CARTESIAN_POINT ( 'NONE',  ( 13.96529143882091439, -19.07901412642182848, 2.000000000000000000 ) ) ;
#6115 = CARTESIAN_POINT ( 'NONE',  ( 23.21393719209896389, -4.939781705126438993, 2.000000000000000000 ) ) ;
#6116 = CARTESIAN_POINT ( 'NONE',  ( 14.21926140100350011, 19.11953582679382890, 2.000000000000000000 ) ) ;
#6117 = CARTESIAN_POINT ( 'NONE',  ( -1.762385718735289153, -25.16282512725968701, -2.099999999999998757 ) ) ;
#6118 = ADVANCED_FACE ( 'NONE', ( #7432, #1749, #1116, #482, #3046, #1664, #4228, #5624, #8184, #2425, #4992, #7554, #4153 ), #2343, .T. ) ;
#6119 = CARTESIAN_POINT ( 'NONE',  ( 10.70787966366669686, -23.74905515802276312, 2.000000000000000000 ) ) ;
#6120 = DIRECTION ( 'NONE',  ( 0.000000000000000000, 0.000000000000000000, -1.000000000000000000 ) ) ;
#6121 = VERTEX_POINT ( 'NONE', #320 ) ;
#6122 = CARTESIAN_POINT ( 'NONE',  ( 20.65156267108764254, -11.69620803915341867, 2.000000000000000000 ) ) ;
#6123 = CARTESIAN_POINT ( 'NONE',  ( -21.10401706161571767, -10.48531763796957428, 2.000000000000000000 ) ) ;
#6124 = CARTESIAN_POINT ( 'NONE',  ( -10.03175227225610655, 22.96619924196638252, -2.099999999999998757 ) ) ;
#6125 = VECTOR ( 'NONE', #6391, 1000.000000000000000 ) ;
#6126 = CARTESIAN_POINT ( 'NONE',  ( -16.59924240491749714, 14.84924240491749536, 2.100000000000001865 ) ) ;
#6127 = CARTESIAN_POINT ( 'NONE',  ( -17.71416793792180044, -15.43316205167866784, -2.099999999999998757 ) ) ;
#6128 = ADVANCED_FACE ( 'NONE', ( #2888 ), #7260, .T. ) ;
#6129 = CARTESIAN_POINT ( 'NONE',  ( -24.19711102278062143, 1.042982032116795743, 2.000000000000000000 ) ) ;
#6130 = AXIS2_PLACEMENT_3D ( 'NONE', #2205, #4770, #5407 ) ;
#6131 = EDGE_CURVE ( 'NONE', #6121, #5766, #4659, .T. ) ;
#6132 = CARTESIAN_POINT ( 'NONE',  ( 3.952016953262611043, 23.89496924813285617, 2.000000000000000000 ) ) ;
#6133 = CARTESIAN_POINT ( 'NONE',  ( -19.55560045884525877, 15.67357176803117369, -2.099999999999998757 ) ) ;
#6134 = ORIENTED_EDGE ( 'NONE', *, *, #5501, .F. ) ;
#6135 = FACE_OUTER_BOUND ( 'NONE', #4636, .T. ) ;
#6136 = PLANE ( 'NONE',  #5221 ) ;
#6137 = CARTESIAN_POINT ( 'NONE',  ( -20.77276083323510747, -16.13005223007173683, 2.000000000000000000 ) ) ;
#6138 = CARTESIAN_POINT ( 'NONE',  ( 19.31055424225241168, 15.54648119520597227, 2.000000000000000000 ) ) ;
#6139 = CARTESIAN_POINT ( 'NONE',  ( -25.77590585922884259, 1.494258687380730644, 2.000000000000000000 ) ) ;
#6140 = AXIS2_PLACEMENT_3D ( 'NONE', #2120, #1485, #5277 ) ;
#6141 = PLANE ( 'NONE',  #4947 ) ;
#6142 = CARTESIAN_POINT ( 'NONE',  ( -17.12241726305228084, -21.05518411798322020, 2.000000000000000000 ) ) ;
#6143 = ORIENTED_EDGE ( 'NONE', *, *, #8165, .F. ) ;
#6144 = CARTESIAN_POINT ( 'NONE',  ( -9.768079280210441695, -22.57254334279473085, -2.099999999999998757 ) ) ;
#6145 = CARTESIAN_POINT ( 'NONE',  ( 26.00281877978271439, -1.590510388571584333, 2.000000000000000000 ) ) ;
#6146 = CARTESIAN_POINT ( 'NONE',  ( -7.605208680130574272, 22.99453835804833801, 2.000000000000000000 ) ) ;
#6147 = CARTESIAN_POINT ( 'NONE',  ( -22.76403769146248735, -5.811439118492631728, -2.099999999999999645 ) ) ;
#6148 = CARTESIAN_POINT ( 'NONE',  ( 11.10648537714067530, -24.13101166629980199, -2.099999999999999645 ) ) ;
#6149 = CARTESIAN_POINT ( 'NONE',  ( 0.9676081430913768822, 27.51106960587117811, 2.000000000000000000 ) ) ;
#6150 = CARTESIAN_POINT ( 'NONE',  ( -20.61769535193586478, -11.41192623884528601, -2.099999999999998757 ) ) ;
#6151 = EDGE_LOOP ( 'NONE', ( #1136, #4528 ) ) ;
#6152 = CARTESIAN_POINT ( 'NONE',  ( -10.03175227225610655, 22.96619924196638252, -2.099999999999998757 ) ) ;
#6153 = CARTESIAN_POINT ( 'NONE',  ( -20.71178771499497984, 11.09036006156942555, -2.099999999999998757 ) ) ;
#6154 = DIRECTION ( 'NONE',  ( -1.000000000000000000, 0.000000000000000000, 0.000000000000000000 ) ) ;
#6155 = DIRECTION ( 'NONE',  ( 0.000000000000000000, 0.000000000000000000, -1.000000000000000000 ) ) ;
#6156 = CARTESIAN_POINT ( 'NONE',  ( 21.48061666422701776, 12.62686802027753785, -2.099999999999998757 ) ) ;
#6157 = CARTESIAN_POINT ( 'NONE',  ( 25.07504586300960980, -7.932732980984151361, -2.099999999999998757 ) ) ;
#6158 = VECTOR ( 'NONE', #7822, 1000.000000000000000 ) ;
#6159 = CARTESIAN_POINT ( 'NONE',  ( 17.51894836647306519, 21.23397411160632231, 2.000000000000000000 ) ) ;
#6160 = CARTESIAN_POINT ( 'NONE',  ( -0.8222169760116475601, -27.80351002194754173, -2.099999999999998757 ) ) ;
#6161 = CARTESIAN_POINT ( 'NONE',  ( 7.605017794998038205, -22.88729425358476632, 2.000000000000000000 ) ) ;
#6162 = CARTESIAN_POINT ( 'NONE',  ( -22.90269961712299462, 10.57072003481730604, -2.099999999999999645 ) ) ;
#6163 = EDGE_LOOP ( 'NONE', ( #5712, #5432, #5387, #1344 ) ) ;
#6165 = CARTESIAN_POINT ( 'NONE',  ( 22.78920619399659131, -14.18622855212691469, 2.000000000000000000 ) ) ;
#6164 = CARTESIAN_POINT ( 'NONE',  ( 24.32345666766048353, -4.791663430616639907, 2.000000000000000000 ) ) ;
#6166 = CARTESIAN_POINT ( 'NONE',  ( -25.38017819848320755, -10.66028906994525194, -2.099999999999998757 ) ) ;
#6167 = CARTESIAN_POINT ( 'NONE',  ( -11.33585971340119158, 24.33300811744740955, -2.099999999999998757 ) ) ;
#6168 = CARTESIAN_POINT ( 'NONE',  ( 7.401289567513932077, -27.00409066674545855, -2.099999999999998757 ) ) ;
#6169 = EDGE_CURVE ( 'NONE', #1255, #4072, #6030, .T. ) ;
#6170 = CIRCLE ( 'NONE', #1533, 1.750000000000000444 ) ;
#6171 = CARTESIAN_POINT ( 'NONE',  ( -17.29220078062825650, -16.53076698689343615, 2.000000000000000000 ) ) ;
#6172 = CARTESIAN_POINT ( 'NONE',  ( 13.64897234715585483, 24.23668220212508473, -2.099999999999998757 ) ) ;
#6173 = CARTESIAN_POINT ( 'NONE',  ( -2.198555820827225560, 23.54154832015334975, -2.099999999999998757 ) ) ;
#6174 = CARTESIAN_POINT ( 'NONE',  ( -19.55560045884525877, 15.67357176803117369, 2.000000000000000000 ) ) ;
#6175 = VERTEX_POINT ( 'NONE', #7505 ) ;
#6176 = CARTESIAN_POINT ( 'NONE',  ( -22.74999999999999645, -3.903127820947815962E-15, -3.599999999999998757 ) ) ;
#6177 = CARTESIAN_POINT ( 'NONE',  ( -4.852431640496140730, 25.84840584550508069, 2.000000000000000000 ) ) ;
#6178 = CARTESIAN_POINT ( 'NONE',  ( -18.25928954266905180, -15.16201400375275199, 2.000000000000000000 ) ) ;
#6179 = CARTESIAN_POINT ( 'NONE',  ( 21.58955567576247958, 12.72687891813090921, 2.000000000000000000 ) ) ;
#6180 = CARTESIAN_POINT ( 'NONE',  ( -27.92719627399534588, 2.692595338240467484, 2.000000000000000000 ) ) ;
#6181 = CARTESIAN_POINT ( 'NONE',  ( 0.000000000000000000, 0.000000000000000000, -2.099999999999998757 ) ) ;
#6182 = B_SPLINE_CURVE_WITH_KNOTS ( 'NONE', 3,
 ( #2432, #6925, #24, #655, #3176, #2591, #7561, #4523, #5752, #3131, #7690, #7098, #3219, #1877, #1797, #4354, #6965, #3896, #531, #1203, #6303, #5669, #2468, #4436, #3770, #4393, #569, #5119, #6426, #2510, #609, #5078, #7009, #1284, #5037, #7646, #1242, #3810, #6381, #1921, #4478, #4567, #6595, #7777, #5925, #787, #150, #6007, #5294, #7942, #1416, #3983, #4608, #7899, #2722 ),
 .UNSPECIFIED., .F., .F.,
 ( 4, 1, 1, 1, 1, 1, 1, 1, 1, 1, 1, 1, 1, 1, 1, 1, 1, 1, 1, 1, 1, 1, 1, 1, 1, 1, 1, 1, 1, 1, 1, 1, 1, 1, 1, 1, 1, 1, 1, 1, 1, 1, 1, 1, 1, 1, 1, 1, 1, 1, 1, 1, 4 ),
 ( 0.01037070964479206575, 0.06767854499841075011, 0.09884629602760430789, 0.1282330327458526265, 0.1558387551553858108, 0.1816634632588949305, 0.2057071570596704646, 0.2279698365617907063, 0.2484515017704002071, 0.2671521526921107892, 0.2840717893356240475, 0.2992104117127127871, 0.3125680198398574916, 0.3241446137411457817, 0.3339401934538051009, 0.3662021699428081867, 0.3760430630535980256, 0.3856763336118157470, 0.3952492422856400678, 0.4049624801021076692, 0.4150869914083017420, 0.4259748013331248195, 0.4380386266454291411, 0.4516469595390834035, 0.4668849008038628012, 0.4803437228220500677, 0.5000000000000002220, 0.5196562771779504875, 0.5331150991961376429, 0.5483530404609170406, 0.5619613733545713030, 0.5740251986668756246, 0.5849130085916987021, 0.5950375198978927749, 0.6047507577143603763, 0.6143236663881848081, 0.6239569369464024184, 0.6337978300571922574, 0.6660598065461953432, 0.6758553862588546624, 0.6874319801601429525, 0.7007895882872876570, 0.7159282106643762855, 0.7328478473078895439, 0.7515484982296001260, 0.7720301634382096267, 0.7942928429403297574, 0.8183365367411052915, 0.8441612448446143002, 0.8717669672541474846, 0.9011537039723958031, 0.9323214550015893609, 0.9896292903552001974 ),
 .UNSPECIFIED. ) ;
#6183 = CARTESIAN_POINT ( 'NONE',  ( 0.000000000000000000, 0.000000000000000000, -2.099999999999998757 ) ) ;
#6184 = CARTESIAN_POINT ( 'NONE',  ( -22.76403769146248735, -5.811439118492631728, 2.000000000000000000 ) ) ;
#6185 = ORIENTED_EDGE ( 'NONE', *, *, #6106, .F. ) ;
#6186 = CARTESIAN_POINT ( 'NONE',  ( -8.512968716744129694, -21.89757064776837581, -2.099999999999998757 ) ) ;
#6187 = CARTESIAN_POINT ( 'NONE',  ( 23.51224346894562345, -0.3730054609666969556, 2.000000000000000000 ) ) ;
#6188 = CARTESIAN_POINT ( 'NONE',  ( -10.38530154243854042, 23.40284517865929459, 2.000000000000000000 ) ) ;
#6189 = CARTESIAN_POINT ( 'NONE',  ( -25.07504586300961336, -7.932732980984162907, -2.099999999999999645 ) ) ;
#6190 = CARTESIAN_POINT ( 'NONE',  ( 9.324636732261668115, -22.03037936177865319, 2.000000000000000000 ) ) ;
#6191 = CARTESIAN_POINT ( 'NONE',  ( 26.50130185302209540, -1.827769560624223244, -2.099999999999998757 ) ) ;
#6192 = ADVANCED_FACE ( 'NONE', ( #4897, #2958, #7976, #2211, #5493, #311, #2877, #5450, #7384, #392 ), #3549, .F. ) ;
#6193 = EDGE_LOOP ( 'NONE', ( #3909, #4050 ) ) ;
#6194 = CARTESIAN_POINT ( 'NONE',  ( -8.843531895616193239, 21.84292484346595486, 2.000000000000000000 ) ) ;
#6195 = CARTESIAN_POINT ( 'NONE',  ( -22.46994110604167005, 10.47341059000766350, -2.099999999999998757 ) ) ;
#6196 = DIRECTION ( 'NONE',  ( 0.000000000000000000, 0.000000000000000000, -1.000000000000000000 ) ) ;
#6197 = DIRECTION ( 'NONE',  ( 0.000000000000000000, 0.000000000000000000, -1.000000000000000000 ) ) ;
#6198 = B_SPLINE_CURVE_WITH_KNOTS ( 'NONE', 3,
 ( #3881, #6453, #6410, #3205, #1314, #5147, #5193, #92, #5909, #9, #50, #2576, #7168, #7844, #2621, #7762, #3922, #1994, #1400, #7129, #3965, #682, #6538, #2708, #4640, #6496, #722, #3159, #3290, #7805, #2080, #768, #7717, #4507, #5865, #7212, #3336, #1905, #2665, #2537, #2038, #1446, #3247, #594, #136, #5736, #4594, #8296, #1948, #5820, #5104, #4462, #7035, #1268, #1488 ),
 .UNSPECIFIED., .F., .F.,
 ( 4, 1, 1, 1, 1, 1, 1, 1, 1, 1, 1, 1, 1, 1, 1, 1, 1, 1, 1, 1, 1, 1, 1, 1, 1, 1, 1, 1, 1, 1, 1, 1, 1, 1, 1, 1, 1, 1, 1, 1, 1, 1, 1, 1, 1, 1, 1, 1, 1, 1, 1, 1, 4 ),
 ( 0.01037070964479193565, 0.06767854499841075011, 0.09884629602760430789, 0.1282330327458526265, 0.1558387551553858108, 0.1816634632588949305, 0.2057071570596704646, 0.2279698365617907063, 0.2484515017704002071, 0.2671521526921107892, 0.2840717893356240475, 0.2992104117127127871, 0.3125680198398574916, 0.3241446137411457817, 0.3339401934538051009, 0.3662021699428081867, 0.3760430630535980256, 0.3856763336118157470, 0.3952492422856400678, 0.4049624801021076692, 0.4150869914083017420, 0.4259748013331248195, 0.4380386266454291411, 0.4516469595390834035, 0.4668849008038628012, 0.4803437228220500677, 0.5000000000000002220, 0.5196562771779504875, 0.5331150991961377539, 0.5483530404609170406, 0.5619613733545713030, 0.5740251986668756246, 0.5849130085916987021, 0.5950375198978927749, 0.6047507577143603763, 0.6143236663881848081, 0.6239569369464024184, 0.6337978300571922574, 0.6660598065461953432, 0.6758553862588546624, 0.6874319801601429525, 0.7007895882872876570, 0.7159282106643762855, 0.7328478473078895439, 0.7515484982296001260, 0.7720301634382096267, 0.7942928429403297574, 0.8183365367411052915, 0.8441612448446143002, 0.8717669672541474846, 0.9011537039723958031, 0.9323214550015893609, 0.9896292903552004194 ),
 .UNSPECIFIED. ) ;
#6199 = CARTESIAN_POINT ( 'NONE',  ( 23.19083049384953199, 14.83174289769087295, 2.000000000000000000 ) ) ;
#6200 = CARTESIAN_POINT ( 'NONE',  ( 24.15260079455800835, -7.275001489028691815, -2.099999999999998757 ) ) ;
#6201 = CARTESIAN_POINT ( 'NONE',  ( -3.781464864188896158, -23.62174820993211100, 2.000000000000000000 ) ) ;
#6202 = CARTESIAN_POINT ( 'NONE',  ( 7.688595528318259653, 23.56854007989867483, 2.000000000000000000 ) ) ;
#6203 = CARTESIAN_POINT ( 'NONE',  ( 0.000000000000000000, 0.000000000000000000, 2.000000000000000000 ) ) ;
#6204 = CARTESIAN_POINT ( 'NONE',  ( 19.13918860107962416, -15.44754172932142744, -2.099999999999998757 ) ) ;
#6205 = EDGE_LOOP ( 'NONE', ( #8196, #5309, #3815, #383 ) ) ;
#6207 = CARTESIAN_POINT ( 'NONE',  ( 13.15214330072518933, -21.16307668733837488, -2.099999999999998757 ) ) ;
#6206 = CARTESIAN_POINT ( 'NONE',  ( 23.42764417793268095, -4.840656286569377187, 2.000000000000000000 ) ) ;
#6208 = CARTESIAN_POINT ( 'NONE',  ( -21.69704443755540169, -10.30300297322495418, 2.000000000000000000 ) ) ;
#6209 = CARTESIAN_POINT ( 'NONE',  ( 14.32589460713081664, 19.15868494228939056, -2.099999999999998757 ) ) ;
#6210 = CARTESIAN_POINT ( 'NONE',  ( 7.452140315435462625, -26.79882114973043272, -2.099999999999998757 ) ) ;
#6211 = CARTESIAN_POINT ( 'NONE',  ( -17.35181857730700017, -15.87069998699208995, 2.000000000000000000 ) ) ;
#6212 = CARTESIAN_POINT ( 'NONE',  ( -25.03107770533010523, 1.235924829161910266, 2.000000000000000000 ) ) ;
#6213 = CARTESIAN_POINT ( 'NONE',  ( 5.855490417686866955, 27.19235970822072446, 2.000000000000000000 ) ) ;
#6214 = DIRECTION ( 'NONE',  ( 0.000000000000000000, -0.000000000000000000, -1.000000000000000000 ) ) ;
#6215 = EDGE_LOOP ( 'NONE', ( #4726, #3892 ) ) ;
#6216 = EDGE_CURVE ( 'NONE', #7022, #5947, #3551, .T. ) ;
#6217 = CYLINDRICAL_SURFACE ( 'NONE', #5186, 1.750000000000000444 ) ;
#6218 = CARTESIAN_POINT ( 'NONE',  ( 17.12241726305228084, -21.05518411798320955, -2.099999999999998757 ) ) ;
#6219 = CARTESIAN_POINT ( 'NONE',  ( 23.19083041061901795, 14.83174276022297100, 2.000000000000000000 ) ) ;
#6220 = CARTESIAN_POINT ( 'NONE',  ( 7.523321106999709684, 26.48008413692519980, 2.000000000000000000 ) ) ;
#6221 = CARTESIAN_POINT ( 'NONE',  ( 18.97394387000454330, -19.97138607174008484, -2.099999999999998757 ) ) ;
#6222 = CARTESIAN_POINT ( 'NONE',  ( -0.9587223012481117523, 27.53084922696114134, -2.099999999999998757 ) ) ;
#6223 = CARTESIAN_POINT ( 'NONE',  ( -24.32345666766047998, -4.791663430616648789, 2.000000000000000000 ) ) ;
#6224 = ORIENTED_EDGE ( 'NONE', *, *, #1990, .F. ) ;
#6225 = CARTESIAN_POINT ( 'NONE',  ( -8.686322604036277539, -21.85205998608588374, 2.000000000000000000 ) ) ;
#6226 = CARTESIAN_POINT ( 'NONE',  ( 26.77150907641003386, -1.970609361940795390, 2.000000000000000000 ) ) ;
#6227 = CARTESIAN_POINT ( 'NONE',  ( -11.33585971340119158, 24.33300811744740955, 2.000000000000000000 ) ) ;
#6228 = CARTESIAN_POINT ( 'NONE',  ( -22.99371384847795596, -6.601180838822660490, -2.099999999999999645 ) ) ;
#6229 = CARTESIAN_POINT ( 'NONE',  ( 7.988790274807842096, -22.11659910479056634, -2.099999999999999645 ) ) ;
#6230 = LINE ( 'NONE', #2361, #894 ) ;
#6231 = ORIENTED_EDGE ( 'NONE', *, *, #7923, .F. ) ;
#6232 = CARTESIAN_POINT ( 'NONE',  ( -7.768531058981745119, 22.33132486425837016, -2.099999999999998757 ) ) ;
#6233 = CARTESIAN_POINT ( 'NONE',  ( -7.733032203436363439, -24.00987265162541462, -2.099999999999998757 ) ) ;
#6234 = CARTESIAN_POINT ( 'NONE',  ( -17.84651532293613840, -15.31230279367191649, -2.099999999999998757 ) ) ;
#6235 = CARTESIAN_POINT ( 'NONE',  ( 24.32345666766047643, 4.791663430616663000, -2.099999999999998757 ) ) ;
#6236 = CARTESIAN_POINT ( 'NONE',  ( 20.64571337519312877, 11.25696429976831681, 2.000000000000000000 ) ) ;
#6237 = ADVANCED_FACE ( 'NONE', ( #7670 ), #2086, .T. ) ;
#6238 = DIRECTION ( 'NONE',  ( -1.000000000000000000, 0.000000000000000000, 0.000000000000000000 ) ) ;
#6239 = CARTESIAN_POINT ( 'NONE',  ( -1.824858090210262906, -24.72368248555340031, -2.099999999999998757 ) ) ;
#6240 = DIRECTION ( 'NONE',  ( 0.000000000000000000, 0.000000000000000000, -1.000000000000000000 ) ) ;
#6241 = EDGE_CURVE ( 'NONE', #3522, #8007, #7668, .T. ) ;
#6242 = CARTESIAN_POINT ( 'NONE',  ( -1.379935885169552234, -26.52839079975560210, 2.000000000000000000 ) ) ;
#6243 = CARTESIAN_POINT ( 'NONE',  ( 21.66370631000717495, -16.34569607223865617, -2.099999999999998757 ) ) ;
#6244 = EDGE_CURVE ( 'NONE', #5189, #2174, #4402, .T. ) ;
#6245 = CARTESIAN_POINT ( 'NONE',  ( -19.10294300318480865, -20.47138356506651746, 2.000000000000000000 ) ) ;
#6247 = CARTESIAN_POINT ( 'NONE',  ( 20.86952096496492004, -12.08832612917522553, 2.000000000000000000 ) ) ;
#6246 = CARTESIAN_POINT ( 'NONE',  ( 27.87379684341399866, 2.655456558124049238, -2.099999999999998757 ) ) ;
#6248 = LINE ( 'NONE', #476, #3576 ) ;
#6249 = CARTESIAN_POINT ( 'NONE',  ( 23.44696917791849344, -15.30488929622623040, -2.099999999999998757 ) ) ;
#6250 = CARTESIAN_POINT ( 'NONE',  ( -27.19385066028187481, -4.276646190873471198, -2.099999999999998757 ) ) ;
#6251 = CARTESIAN_POINT ( 'NONE',  ( 19.55560045884525522, -15.67357176803117724, 2.000000000000000000 ) ) ;
#6252 = CARTESIAN_POINT ( 'NONE',  ( -24.09676835437406339, 1.005131229266917225, 2.000000000000000000 ) ) ;
#6253 = CARTESIAN_POINT ( 'NONE',  ( 5.376315588043429905, 26.60062371204864817, -2.099999999999998757 ) ) ;
#6254 = CARTESIAN_POINT ( 'NONE',  ( -19.42345833902675167, 15.60717637591974238, 2.000000000000000000 ) ) ;
#6255 = EDGE_CURVE ( 'NONE', #5978, #3824, #6828, .T. ) ;
#6256 = AXIS2_PLACEMENT_3D ( 'NONE', #2933, #2308, #7082 ) ;
#6257 = EDGE_LOOP ( 'NONE', ( #4368, #5930, #6769, #5517 ) ) ;
#6258 = CARTESIAN_POINT ( 'NONE',  ( -22.85726476338738067, 5.433202019314275155, 2.000000000000000000 ) ) ;
#6259 = CARTESIAN_POINT ( 'NONE',  ( -1.939597136465254223, 23.94058417290087348, -2.099999999999998757 ) ) ;
#6260 = CARTESIAN_POINT ( 'NONE',  ( -21.34551800689747125, -16.27777197600732251, 2.000000000000000000 ) ) ;
#6261 = CARTESIAN_POINT ( 'NONE',  ( 21.70974829699417796, 12.84369887095661156, 2.000000000000000000 ) ) ;
#6262 = CARTESIAN_POINT ( 'NONE',  ( -26.24483786523219209, 1.701370919965209838, -2.099999999999998757 ) ) ;
#6263 = CARTESIAN_POINT ( 'NONE',  ( 18.40868586258353190, -18.43357243192680528, 2.000000000000000000 ) ) ;
#6264 = AXIS2_PLACEMENT_3D ( 'NONE', #8107, #2853, #6993 ) ;
#6265 = CARTESIAN_POINT ( 'NONE',  ( -1.474499619732464684, 26.25856105065617641, 2.000000000000000000 ) ) ;
#6266 = CARTESIAN_POINT ( 'NONE',  ( -22.85726476338738067, -5.433202019314292919, 2.000000000000000000 ) ) ;
#6267 = ORIENTED_EDGE ( 'NONE', *, *, #3111, .F. ) ;
#6268 = CARTESIAN_POINT ( 'NONE',  ( -7.865059710290380757, -22.21401039568610969, -2.099999999999998757 ) ) ;
#6269 = CARTESIAN_POINT ( 'NONE',  ( 25.36983614870255366, -1.341743455198748824, 2.000000000000000000 ) ) ;
#6270 = CARTESIAN_POINT ( 'NONE',  ( -9.230471089887535285, 21.96684885186929037, 2.000000000000000000 ) ) ;
#6271 = VECTOR ( 'NONE', #621, 1000.000000000000000 ) ;
#6272 = CARTESIAN_POINT ( 'NONE',  ( -25.52197998938346757, -8.320188513921049633, 2.000000000000000000 ) ) ;
#6273 = CARTESIAN_POINT ( 'NONE',  ( 10.53741832910565712, -23.57101921525815413, 2.000000000000000000 ) ) ;
#6274 = CARTESIAN_POINT ( 'NONE',  ( 25.77590585922884259, -1.494258687380733974, 2.000000000000000000 ) ) ;
#6275 = VERTEX_POINT ( 'NONE', #700 ) ;
#6276 = CARTESIAN_POINT ( 'NONE',  ( -10.70787966366669863, 23.74905515802275602, 2.000000000000000000 ) ) ;
#6277 = CARTESIAN_POINT ( 'NONE',  ( -23.63710370791871540, 4.790810183414316192, -2.099999999999998757 ) ) ;
#6278 = DIRECTION ( 'NONE',  ( 0.000000000000000000, 0.000000000000000000, -1.000000000000000000 ) ) ;
#6279 = CARTESIAN_POINT ( 'NONE',  ( -24.62078186107713407, -10.69645268464871180, 2.000000000000000000 ) ) ;
#6280 = CARTESIAN_POINT ( 'NONE',  ( 21.84033501313436432, 12.97800555654222165, -2.099999999999998757 ) ) ;
#6281 = CARTESIAN_POINT ( 'NONE',  ( -22.28520553958149719, 13.49243943284463398, 2.000000000000000000 ) ) ;
#6282 = CARTESIAN_POINT ( 'NONE',  ( -1.270707428516379744, -26.81384534371724016, -2.099999999999998757 ) ) ;
#6283 = CARTESIAN_POINT ( 'NONE',  ( 9.408316245588475013, 22.09971024729808775, 2.000000000000000000 ) ) ;
#6284 = CARTESIAN_POINT ( 'NONE',  ( 7.601435196559586771, -26.05218098595103982, 2.000000000000000000 ) ) ;
#6285 = CARTESIAN_POINT ( 'NONE',  ( -20.62323650117463103, 11.56374771533979384, 2.000000000000000000 ) ) ;
#6286 = ORIENTED_EDGE ( 'NONE', *, *, #4766, .T. ) ;
#6288 = CARTESIAN_POINT ( 'NONE',  ( 23.20206106938387691, -14.85029190760769779, -2.099999999999999645 ) ) ;
#6287 = CARTESIAN_POINT ( 'NONE',  ( 24.56950331401515442, 1.128978604501158500, -2.099999999999998757 ) ) ;
#6289 = CARTESIAN_POINT ( 'NONE',  ( -16.59924240491749003, -14.84924240491749892, 2.100000000000001865 ) ) ;
#6290 = CARTESIAN_POINT ( 'NONE',  ( 13.50602898338108382, 19.22398027845277468, -2.099999999999998757 ) ) ;
#6291 = AXIS2_PLACEMENT_3D ( 'NONE', #3271, #6516, #245 ) ;
#6292 = CARTESIAN_POINT ( 'NONE',  ( 7.988790274807842096, -22.11659910479056634, -2.099999999999998757 ) ) ;
#6293 = CARTESIAN_POINT ( 'NONE',  ( 18.97770164392054326, -15.34339570340774550, 2.000000000000000000 ) ) ;
#6294 = CARTESIAN_POINT ( 'NONE',  ( 13.46232027610273363, 22.30341320457493026, 2.000000000000000000 ) ) ;
#6295 = VECTOR ( 'NONE', #3480, 1000.000000000000000 ) ;
#6296 = CARTESIAN_POINT ( 'NONE',  ( -3.846120836016047928, 23.70909028424117082, -2.099999999999998757 ) ) ;
#6297 = CARTESIAN_POINT ( 'NONE',  ( -22.62472994142221694, 16.49610848302603117, -2.099999999999998757 ) ) ;
#6298 = ORIENTED_EDGE ( 'NONE', *, *, #3505, .T. ) ;
#6299 = CARTESIAN_POINT ( 'NONE',  ( -26.16863607189503327, 4.567518758412558277, 2.000000000000000000 ) ) ;
#6300 = CARTESIAN_POINT ( 'NONE',  ( -3.705239350424565981, 23.53752846792088604, -2.099999999999998757 ) ) ;
#6301 = CARTESIAN_POINT ( 'NONE',  ( 14.10020032022225323, -19.09116743896563051, 2.000000000000000000 ) ) ;
#6302 = B_SPLINE_CURVE_WITH_KNOTS ( 'NONE', 3,
 ( #2835, #6074, #345, #6621, #6036, #5993, #4812, #5488, #7972, #2206, #7335, #4771, #4853, #1569, #7419, #179, #5323, #2794, #6581, #3463, #2167, #7885, #4138, #5445, #2122, #4686, #5369, #6702, #941, #7255, #7930, #3506, #307, #2873, #2247, #3706, #8207, #2411, #7577, #5684, #6942, #4975, #4255, #1182, #4294, #8089, #1812, #2368, #427, #465, #6279, #3748, #7455, #3666, #3627 ),
 .UNSPECIFIED., .F., .F.,
 ( 4, 1, 1, 1, 1, 1, 1, 1, 1, 1, 1, 1, 1, 1, 1, 1, 1, 1, 1, 1, 1, 1, 1, 1, 1, 1, 1, 1, 1, 1, 1, 1, 1, 1, 1, 1, 1, 1, 1, 1, 1, 1, 1, 1, 1, 1, 1, 1, 1, 1, 1, 1, 4 ),
 ( 0.01037070964479204667, 0.06767854499841075011, 0.09884629602760430789, 0.1282330327458526265, 0.1558387551553858108, 0.1816634632588949305, 0.2057071570596704646, 0.2279698365617907063, 0.2484515017704002349, 0.2671521526921107892, 0.2840717893356240475, 0.2992104117127127871, 0.3125680198398574916, 0.3241446137411457817, 0.3339401934538051009, 0.3662021699428081867, 0.3760430630535980256, 0.3856763336118157470, 0.3952492422856400678, 0.4049624801021076692, 0.4150869914083017420, 0.4259748013331248195, 0.4380386266454291411, 0.4516469595390834035, 0.4668849008038628012, 0.4803437228220500677, 0.5000000000000002220, 0.5196562771779504875, 0.5331150991961376429, 0.5483530404609170406, 0.5619613733545713030, 0.5740251986668756246, 0.5849130085916987021, 0.5950375198978927749, 0.6047507577143602653, 0.6143236663881848081, 0.6239569369464024184, 0.6337978300571922574, 0.6660598065461953432, 0.6758553862588546624, 0.6874319801601429525, 0.7007895882872876570, 0.7159282106643762855, 0.7328478473078895439, 0.7515484982296001260, 0.7720301634382096267, 0.7942928429403297574, 0.8183365367411052915, 0.8441612448446143002, 0.8717669672541474846, 0.9011537039723958031, 0.9323214550015893609, 0.9896292903552007525 ),
 .UNSPECIFIED. ) ;
#6303 = CARTESIAN_POINT ( 'NONE',  ( 22.99371384847795241, 6.601180838822673813, 2.000000000000000000 ) ) ;
#6304 = CARTESIAN_POINT ( 'NONE',  ( 9.484645845787888163, 22.17444536155052148, 2.000000000000000000 ) ) ;
#6305 = CARTESIAN_POINT ( 'NONE',  ( 23.87823629154096139, 7.119306137701304493, 2.000000000000000000 ) ) ;
#6306 = AXIS2_PLACEMENT_3D ( 'NONE', #7774, #2009, #2588 ) ;
#6307 = EDGE_CURVE ( 'NONE', #8019, #2606, #3268, .T. ) ;
#6308 = CARTESIAN_POINT ( 'NONE',  ( -15.68419099428256658, -20.23743569325270641, -2.099999999999999645 ) ) ;
#6309 = VERTEX_POINT ( 'NONE', #5797 ) ;
#6310 = CARTESIAN_POINT ( 'NONE',  ( 26.42834229636214260, 9.248929663334836349, 2.000000000000000000 ) ) ;
#6311 = CARTESIAN_POINT ( 'NONE',  ( -27.69989843459951473, -2.535120708970326042, -2.099999999999998757 ) ) ;
#6312 = CARTESIAN_POINT ( 'NONE',  ( -7.605017794998039982, 22.88729425358475922, 2.000000000000000000 ) ) ;
#6313 = CARTESIAN_POINT ( 'NONE',  ( 23.07262568452397034, -6.675893319502710810, -2.099999999999998757 ) ) ;
#6314 = CARTESIAN_POINT ( 'NONE',  ( 7.401289683397484609, -27.00409019895743512, 2.000000000000000000 ) ) ;
#6315 = ORIENTED_EDGE ( 'NONE', *, *, #3490, .T. ) ;
#6316 = CARTESIAN_POINT ( 'NONE',  ( -16.08024905276407068, -20.49638744246056277, -2.099999999999998757 ) ) ;
#6317 = CARTESIAN_POINT ( 'NONE',  ( -22.82097940566847782, 5.624866236205926739, -2.099999999999998757 ) ) ;
#6318 = CARTESIAN_POINT ( 'NONE',  ( -14.84924240491748826, -14.84924240491749892, 2.100000000000001865 ) ) ;
#6319 = CARTESIAN_POINT ( 'NONE',  ( -27.99999957948218920, 3.429010986114009550E-15, 2.100000000000000089 ) ) ;
#6320 = CARTESIAN_POINT ( 'NONE',  ( 21.84033501313436432, 12.97800555654222165, 2.000000000000000000 ) ) ;
#6321 = CARTESIAN_POINT ( 'NONE',  ( -25.91507308940470722, 10.60230933437667566, 2.000000000000000000 ) ) ;
#6322 = CARTESIAN_POINT ( 'NONE',  ( -1.762385718735289153, -25.16282512725968701, 2.000000000000000000 ) ) ;
#6323 = CARTESIAN_POINT ( 'NONE',  ( 7.656852614504651378, 23.37322600383987137, 2.000000000000000000 ) ) ;
#6324 = CARTESIAN_POINT ( 'NONE',  ( 7.523321135858867414, -26.48008397883693021, 2.000000000000000000 ) ) ;
#6325 = CARTESIAN_POINT ( 'NONE',  ( -21.58843454132472317, 10.30659784155100489, -2.099999999999999645 ) ) ;
#6326 = LINE ( 'NONE', #2039, #1274 ) ;
#6328 = CARTESIAN_POINT ( 'NONE',  ( 13.04949915500205115, -19.56208827861912525, -2.099999999999998757 ) ) ;
#6327 = CARTESIAN_POINT ( 'NONE',  ( 22.76403769146249090, -5.811439118492621958, 2.000000000000000000 ) ) ;
#6329 = CARTESIAN_POINT ( 'NONE',  ( 27.87379684351584075, 2.655456558194559946, 2.000000000000000000 ) ) ;
#6330 = CARTESIAN_POINT ( 'NONE',  ( 9.408316245588480342, -22.09971024729808420, -2.099999999999998757 ) ) ;
#6331 = CARTESIAN_POINT ( 'NONE',  ( -19.31055424225241879, -15.54648119520597227, 2.000000000000000000 ) ) ;
#6332 = CARTESIAN_POINT ( 'NONE',  ( 12.88702750944970887, 19.82328597831587658, -2.099999999999998757 ) ) ;
#6333 = CARTESIAN_POINT ( 'NONE',  ( 5.008822010445473261, 26.08776424953686757, 2.000000000000000000 ) ) ;
#6334 = CARTESIAN_POINT ( 'NONE',  ( -18.19936168673941168, 18.00918889841834414, 2.000000000000000000 ) ) ;
#6335 = ORIENTED_EDGE ( 'NONE', *, *, #2405, .T. ) ;
#6336 = CARTESIAN_POINT ( 'NONE',  ( -22.74963530479514873, 6.146178943449458920, -2.100000000000000089 ) ) ;
#6337 = CARTESIAN_POINT ( 'NONE',  ( -1.810672407536207729, 24.85107952805194387, -2.099999999999998757 ) ) ;
#6338 = CARTESIAN_POINT ( 'NONE',  ( 15.51594276222061985, -20.11676867469219587, 2.000000000000000000 ) ) ;
#6339 = CARTESIAN_POINT ( 'NONE',  ( 25.70517099647019421, 10.62804679002984898, 2.000000000000000000 ) ) ;
#6340 = CARTESIAN_POINT ( 'NONE',  ( 7.605208680130566279, 22.99453835804834156, -2.099999999999997868 ) ) ;
#6341 = CARTESIAN_POINT ( 'NONE',  ( 23.76414829993700906, 7.060866680122717121, 2.000000000000000000 ) ) ;
#6342 = EDGE_CURVE ( 'NONE', #1883, #1368, #2752, .T. ) ;
#6343 = CARTESIAN_POINT ( 'NONE',  ( 8.673617379884035472E-15, -21.00000000000000000, -3.599999999999998757 ) ) ;
#6344 = CARTESIAN_POINT ( 'NONE',  ( 5.644338688955422789, 26.94321170796062503, -2.099999999999998757 ) ) ;
#6345 = ORIENTED_EDGE ( 'NONE', *, *, #7246, .T. ) ;
#6346 = CARTESIAN_POINT ( 'NONE',  ( 4.310684217927242656, -24.85340566964549325, -2.099999999999998757 ) ) ;
#6347 = CARTESIAN_POINT ( 'NONE',  ( 0.000000000000000000, 0.000000000000000000, -2.099999999999998757 ) ) ;
#6348 = CARTESIAN_POINT ( 'NONE',  ( 27.87379644711759497, 2.655456283891203917, 2.000000000000000000 ) ) ;
#6349 = CARTESIAN_POINT ( 'NONE',  ( 26.42834261551471897, -9.248930024438973163, -2.099999999999998757 ) ) ;
#6350 = CARTESIAN_POINT ( 'NONE',  ( 7.601435196559586771, -26.05218098595103982, 2.000000000000000000 ) ) ;
#6351 = CARTESIAN_POINT ( 'NONE',  ( -1.270707428516397952, 26.81384534371724016, 2.000000000000000000 ) ) ;
#6352 = CARTESIAN_POINT ( 'NONE',  ( -13.02793750094272696, 20.86163776548603366, -2.099999999999998757 ) ) ;
#6353 = ORIENTED_EDGE ( 'NONE', *, *, #1572, .T. ) ;
#6354 = CARTESIAN_POINT ( 'NONE',  ( -7.733032203436374097, 24.00987265162540751, 2.000000000000000000 ) ) ;
#6355 = CARTESIAN_POINT ( 'NONE',  ( -24.86659007404523436, 7.767174896947384610, -2.099999999999998757 ) ) ;
#6356 = CARTESIAN_POINT ( 'NONE',  ( -25.62785817443976910, 4.678588802317960926, 2.000000000000000000 ) ) ;
#6357 = CARTESIAN_POINT ( 'NONE',  ( 25.91507308940470722, -10.60230933437667566, 2.000000000000000000 ) ) ;
#6358 = CARTESIAN_POINT ( 'NONE',  ( 24.94597949059291864, 10.68625558496338535, 2.000000000000000000 ) ) ;
#6359 = CARTESIAN_POINT ( 'NONE',  ( -21.38382933992361501, 12.54282366362884105, 2.000000000000000000 ) ) ;
#6360 = ADVANCED_FACE ( 'NONE', ( #3521 ), #4789, .T. ) ;
#6361 = CARTESIAN_POINT ( 'NONE',  ( -1.762385718735289153, -25.16282512725968701, -2.099999999999998757 ) ) ;
#6362 = CARTESIAN_POINT ( 'NONE',  ( 7.605017794998032876, 22.88729425358476632, 2.000000000000000000 ) ) ;
#6363 = CARTESIAN_POINT ( 'NONE',  ( 19.55560045884524456, 15.67357176803118790, -2.099999999999998757 ) ) ;
#6364 = PRODUCT_DEFINITION_FORMATION_WITH_SPECIFIED_SOURCE ( 'ANY', '', #4631, .NOT_KNOWN. ) ;
#6365 = CARTESIAN_POINT ( 'NONE',  ( -20.99240193721332304, 10.59640443373927177, -2.099999999999999645 ) ) ;
#6366 = CARTESIAN_POINT ( 'NONE',  ( -13.61524630358646171, -23.47600944080825514, 2.000000000000000000 ) ) ;
#6367 = CARTESIAN_POINT ( 'NONE',  ( 18.01951879739596052, -21.43121365581736271, 2.000000000000000000 ) ) ;
#6368 = CARTESIAN_POINT ( 'NONE',  ( 8.512968716744131470, 21.89757064776836870, -2.099999999999998757 ) ) ;
#6370 = DIRECTION ( 'NONE',  ( -1.000000000000000000, 0.000000000000000000, 0.000000000000000000 ) ) ;
#6369 = CARTESIAN_POINT ( 'NONE',  ( -15.12400615833752582, 19.80199803049035268, -2.099999999999998757 ) ) ;
#6371 = CARTESIAN_POINT ( 'NONE',  ( 12.85055170543023628, 19.95373759773043787, -2.099999999999998757 ) ) ;
#6372 = CARTESIAN_POINT ( 'NONE',  ( -26.16863607189504037, -4.567518758412578705, -2.099999999999998757 ) ) ;
#6373 = CARTESIAN_POINT ( 'NONE',  ( -18.97770164392054326, -15.34339570340775971, -2.099999999999998757 ) ) ;
#6374 = CARTESIAN_POINT ( 'NONE',  ( 13.36064030761171573, 21.84126693107096528, -2.099999999999998757 ) ) ;
#6375 = CARTESIAN_POINT ( 'NONE',  ( 18.97770164392053971, 15.34339570340775971, 2.000000000000000000 ) ) ;
#6376 = CARTESIAN_POINT ( 'NONE',  ( -18.30266578660394217, 18.21105589998883545, 2.000000000000000000 ) ) ;
#6377 = ORIENTED_EDGE ( 'NONE', *, *, #7552, .T. ) ;
#6378 = CARTESIAN_POINT ( 'NONE',  ( -22.85055158908932782, 6.414095051321343277, -2.100000000000000089 ) ) ;
#6379 = CARTESIAN_POINT ( 'NONE',  ( -4.082273444348693658, 24.25428063893853192, -2.099999999999998757 ) ) ;
#6380 = CARTESIAN_POINT ( 'NONE',  ( 12.88702750944971420, -19.82328597831586947, 2.000000000000000000 ) ) ;
#6381 = CARTESIAN_POINT ( 'NONE',  ( 23.93435179486865749, 4.766524473500989956, 2.000000000000000000 ) ) ;
#6382 = CARTESIAN_POINT ( 'NONE',  ( 9.945601713251328135, 22.84599953686306861, 2.000000000000000000 ) ) ;
#6383 = CARTESIAN_POINT ( 'NONE',  ( 22.76403769146248379, 5.811439118492644162, 2.000000000000000000 ) ) ;
#6384 = EDGE_CURVE ( 'NONE', #6921, #3522, #2143, .T. ) ;
#6385 = CARTESIAN_POINT ( 'NONE',  ( 21.38382933992361146, 12.54282366362886059, -2.099999999999998757 ) ) ;
#6386 = CIRCLE ( 'NONE', #4911, 27.99999957948218920 ) ;
#6387 = CARTESIAN_POINT ( 'NONE',  ( 3.846120836016019062, 23.70909028424117437, -2.099999999999998757 ) ) ;
#6388 = EDGE_LOOP ( 'NONE', ( #2804, #7642, #3049, #6062 ) ) ;
#6389 = CARTESIAN_POINT ( 'NONE',  ( 4.852431640496131848, -25.84840584550508069, -2.099999999999998757 ) ) ;
#6390 = CARTESIAN_POINT ( 'NONE',  ( -24.88813961944796560, -1.197996060026735643, -2.099999999999998757 ) ) ;
#6391 = DIRECTION ( 'NONE',  ( -0.000000000000000000, -0.000000000000000000, 1.000000000000000000 ) ) ;
#6392 = CARTESIAN_POINT ( 'NONE',  ( -23.93435179486865749, -4.766524473500976633, -2.099999999999999645 ) ) ;
#6393 = CARTESIAN_POINT ( 'NONE',  ( 7.385499903920978326, -27.06718959461727891, -2.099999999999999645 ) ) ;
#6394 = CARTESIAN_POINT ( 'NONE',  ( -1.145856306001376446, 27.11429446801521692, 2.000000000000000000 ) ) ;
#6395 = CARTESIAN_POINT ( 'NONE',  ( -12.95267602360809889, 19.68627963667922387, -2.099999999999998757 ) ) ;
#6396 = AXIS2_PLACEMENT_3D ( 'NONE', #7073, #1306, #2658 ) ;
#6397 = VERTEX_POINT ( 'NONE', #322 ) ;
#6398 = CARTESIAN_POINT ( 'NONE',  ( -7.705310163655084033, 23.69563005194943273, -2.099999999999998757 ) ) ;
#6399 = B_SPLINE_SURFACE_WITH_KNOTS ( 'NONE', 3, 1, ( 
 ( #3731, #8232 ),
 ( #5039, #3772 ),
 ( #6470, #3898 ),
 ( #698, #3812 ),
 ( #1879, #1286 ),
 ( #5671, #7100 ),
 ( #7602, #5121 ),
 ( #1835, #1966 ),
 ( #7648, #3093 ),
 ( #7011, #7779 ),
 ( #4395, #1205 ),
 ( #3265, #2013 ),
 ( #3178, #5754 ),
 ( #6305, #4569 ),
 ( #6341, #657 ),
 ( #6967, #2593 ),
 ( #5837, #5165 ),
 ( #571, #3133 ),
 ( #65, #4438 ),
 ( #533, #4525 ),
 ( #611, #2639 ),
 ( #5211, #5708 ),
 ( #8271, #2512 ),
 ( #4481, #2553 ),
 ( #1333, #5080 ),
 ( #1244, #7734 ),
 ( #6383, #1923 ),
 ( #8314, #7692 ),
 ( #3855, #6428 ),
 ( #3221, #5795 ),
 ( #26, #2766 ),
 ( #3394, #2724 ),
 ( #5340, #5883 ),
 ( #4702, #739 ),
 ( #5965, #7858 ),
 ( #7270, #7901 ),
 ( #3985, #1463 ),
 ( #194, #5927 ),
 ( #830, #2139 ),
 ( #4030, #4658 ),
 ( #3351, #1373 ),
 ( #1502, #3939 ),
 ( #7183, #6511 ),
 ( #3308, #107 ),
 ( #2683, #5253 ),
 ( #7820, #7229 ),
 ( #2054, #4610 ),
 ( #1418, #6554 ),
 ( #789, #152 ),
 ( #5297, #2096 ),
 ( #6597, #4421 ),
 ( #7804, #2575 ),
 ( #5192, #1267 ),
 ( #6495, #5778 ),
 ( #91, #3964 ) ),
 .UNSPECIFIED., .F., .F., .F.,
 ( 4, 1, 1, 1, 1, 1, 1, 1, 1, 1, 1, 1, 1, 1, 1, 1, 1, 1, 1, 1, 1, 1, 1, 1, 1, 1, 1, 1, 1, 1, 1, 1, 1, 1, 1, 1, 1, 1, 1, 1, 1, 1, 1, 1, 1, 1, 1, 1, 1, 1, 1, 1, 4 ),
 ( 2, 2 ),
 ( 0.01037066610069628525, 0.06767854499841075011, 0.09884629602760430789, 0.1282330327458526265, 0.1558387551553858108, 0.1816634632588949305, 0.2057071570596704646, 0.2279698365617907063, 0.2484515017704002071, 0.2671521526921107892, 0.2840717893356240475, 0.2992104117127127871, 0.3125680198398574916, 0.3241446137411457817, 0.3339401934538051009, 0.3662021699428081867, 0.3760430630535980256, 0.3856763336118157470, 0.3952492422856400678, 0.4049624801021076692, 0.4150869914083017420, 0.4259748013331248195, 0.4380386266454291411, 0.4516469595390834035, 0.4668849008038628012, 0.4803437228220500677, 0.5000000000000002220, 0.5196562771779504875, 0.5331150991961376429, 0.5483530404609170406, 0.5619613733545713030, 0.5740251986668756246, 0.5849130085916987021, 0.5950375198978927749, 0.6047507577143603763, 0.6143236663881848081, 0.6239569369464024184, 0.6337978300571922574, 0.6660598065461953432, 0.6758553862588546624, 0.6874319801601429525, 0.7007895882872876570, 0.7159282106643762855, 0.7328478473078895439, 0.7515484982296001260, 0.7720301634382096267, 0.7942928429403297574, 0.8183365367411052915, 0.8441612448446143002, 0.8717669672541474846, 0.9011537039723958031, 0.9323214550015893609, 0.9955048858948378765 ),
 ( 0.000000000000000000, 1.000000000000000000 ),
 .UNSPECIFIED. ) ;
#6400 = CARTESIAN_POINT ( 'NONE',  ( -24.31514428139131923, 10.69735948946558501, -2.099999999999998757 ) ) ;
#6401 = CARTESIAN_POINT ( 'NONE',  ( -17.25237999601836236, -16.29857992973629521, -2.099999999999998757 ) ) ;
#6402 = CARTESIAN_POINT ( 'NONE',  ( 23.08741356227222852, -10.60189590196922360, 2.000000000000000000 ) ) ;
#6403 = CARTESIAN_POINT ( 'NONE',  ( 20.89282384029108997, 10.74542454372255840, 2.000000000000000000 ) ) ;
#6404 = CARTESIAN_POINT ( 'NONE',  ( -21.35721522671292760, 10.35169942632023066, 2.000000000000000000 ) ) ;
#6405 = AXIS2_PLACEMENT_3D ( 'NONE', #3907, #5805, #5174 ) ;
#6406 = CARTESIAN_POINT ( 'NONE',  ( -22.46994110604166650, -10.47341059000766883, -2.099999999999998757 ) ) ;
#6407 = CARTESIAN_POINT ( 'NONE',  ( 19.87933552333216980, 15.81900378855656975, -2.099999999999998757 ) ) ;
#6408 = CARTESIAN_POINT ( 'NONE',  ( -21.38382933992361501, 12.54282366362884105, 2.000000000000000000 ) ) ;
#6409 = CARTESIAN_POINT ( 'NONE',  ( -15.87213422487472236, -20.36431896814133680, 2.000000000000000000 ) ) ;
#6410 = CARTESIAN_POINT ( 'NONE',  ( 5.644338589960113950, -26.94321158142446393, 2.000000000000000000 ) ) ;
#6411 = CARTESIAN_POINT ( 'NONE',  ( 9.324636732261661010, 22.03037936177864964, -2.099999999999998757 ) ) ;
#6413 = CARTESIAN_POINT ( 'NONE',  ( 18.01951924820728124, -21.43121382618089754, -2.099999999999998757 ) ) ;
#6412 = CARTESIAN_POINT ( 'NONE',  ( 23.87823629154097560, -7.119306137701283177, 2.000000000000000000 ) ) ;
#6414 = CARTESIAN_POINT ( 'NONE',  ( 13.58617081224543277, 23.15195374360799008, -2.099999999999998757 ) ) ;
#6415 = CARTESIAN_POINT ( 'NONE',  ( -24.32345666766047998, -4.791663430616648789, -2.099999999999998757 ) ) ;
#6416 = CARTESIAN_POINT ( 'NONE',  ( -21.34551800689747125, -16.27777197600732251, -2.099999999999998757 ) ) ;
#6417 = CARTESIAN_POINT ( 'NONE',  ( 13.02793750094271807, 20.86163776548604076, 2.000000000000000000 ) ) ;
#6418 = CARTESIAN_POINT ( 'NONE',  ( 17.42017265760603451, 16.82633584436269913, -2.099999999999999645 ) ) ;
#6419 = CARTESIAN_POINT ( 'NONE',  ( -17.64188601445204441, 17.13764696917008123, 2.000000000000000000 ) ) ;
#6420 = CIRCLE ( 'NONE', #2798, 27.99999957948218920 ) ;
#6421 = ORIENTED_EDGE ( 'NONE', *, *, #6307, .T. ) ;
#6422 = CARTESIAN_POINT ( 'NONE',  ( -26.47130246195388992, 9.297768937128731537, 2.000000000000000000 ) ) ;
#6423 = ADVANCED_FACE ( 'NONE', ( #7861 ), #2770, .T. ) ;
#6424 = CARTESIAN_POINT ( 'NONE',  ( -3.025165651672274691, 23.29855380546641186, -2.099999999999998757 ) ) ;
#6425 = CARTESIAN_POINT ( 'NONE',  ( 15.87213422487472947, -20.36431896814133680, -2.099999999999998757 ) ) ;
#6426 = CARTESIAN_POINT ( 'NONE',  ( 22.85726476338737712, 5.433202019314306241, 2.000000000000000000 ) ) ;
#6427 = CARTESIAN_POINT ( 'NONE',  ( 7.657608382361889454, 22.56335699501520509, -2.099999999999997868 ) ) ;
#6428 = CARTESIAN_POINT ( 'NONE',  ( 22.85726476338737712, 5.433202019314306241, -2.099999999999999645 ) ) ;
#6429 = DIRECTION ( 'NONE',  ( -1.000000000000000000, 0.000000000000000000, 0.000000000000000000 ) ) ;
#6430 = CARTESIAN_POINT ( 'NONE',  ( 1.939597136465224247, 23.94058417290086638, -2.099999999999998757 ) ) ;
#6431 = ORIENTED_EDGE ( 'NONE', *, *, #4757, .T. ) ;
#6432 = CARTESIAN_POINT ( 'NONE',  ( 4.144933467011483685, -24.44197433207706638, 2.000000000000000000 ) ) ;
#6433 = CARTESIAN_POINT ( 'NONE',  ( -23.99982295939236465, -0.9602632500303831531, -2.099999999999998757 ) ) ;
#6434 = CARTESIAN_POINT ( 'NONE',  ( -17.42017265760605227, 16.82633584436268848, 2.000000000000000000 ) ) ;
#6435 = CARTESIAN_POINT ( 'NONE',  ( 23.58537593626265050, -6.976039544898372746, -2.099999999999998757 ) ) ;
#6436 = FACE_OUTER_BOUND ( 'NONE', #793, .T. ) ;
#6437 = CARTESIAN_POINT ( 'NONE',  ( 7.401289567513950729, 27.00409066674545855, -2.099999999999998757 ) ) ;
#6438 = CARTESIAN_POINT ( 'NONE',  ( -13.18542992737236474, 19.44527382878997201, 2.000000000000000000 ) ) ;
#6439 = ORIENTED_EDGE ( 'NONE', *, *, #902, .T. ) ;
#6440 = CARTESIAN_POINT ( 'NONE',  ( -15.02890815691218407, -19.71604682249877882, -2.099999999999998757 ) ) ;
#6441 = CARTESIAN_POINT ( 'NONE',  ( -22.74963530479514873, 6.146178943449458920, -2.099999999999998757 ) ) ;
#6442 = CARTESIAN_POINT ( 'NONE',  ( 25.91507356775017001, 10.60230927572367499, -2.099999999999998757 ) ) ;
#6443 = CARTESIAN_POINT ( 'NONE',  ( 22.73828148979404062, -10.53816474365923028, 2.000000000000000000 ) ) ;
#6444 = CARTESIAN_POINT ( 'NONE',  ( 25.91507308952756361, 10.60230933436163170, -2.099999999999998757 ) ) ;
#6445 = CARTESIAN_POINT ( 'NONE',  ( 0.000000000000000000, 0.000000000000000000, 2.100000000000002309 ) ) ;
#6446 = CARTESIAN_POINT ( 'NONE',  ( 17.98147192499884639, -15.23115522593613136, -2.099999999999998757 ) ) ;
#6447 = EDGE_CURVE ( 'NONE', #7938, #1578, #8301, .T. ) ;
#6448 = DIRECTION ( 'NONE',  ( 0.000000000000000000, 0.000000000000000000, -1.000000000000000000 ) ) ;
#6449 = VERTEX_POINT ( 'NONE', #792 ) ;
#6450 = CARTESIAN_POINT ( 'NONE',  ( 18.49458355994168102, 15.17355739294055006, -2.099999999999998757 ) ) ;
#6451 = CARTESIAN_POINT ( 'NONE',  ( -22.09815905990547336, 10.35588323418787127, -2.099999999999999645 ) ) ;
#6452 = CARTESIAN_POINT ( 'NONE',  ( -14.42373451280541197, -19.20597537996032145, 2.000000000000000000 ) ) ;
#6453 = CARTESIAN_POINT ( 'NONE',  ( 5.855490417633518518, -27.19235970815774550, 2.000000000000000000 ) ) ;
#6454 = CARTESIAN_POINT ( 'NONE',  ( 8.334619726030521036, 21.97658606862350794, -2.099999999999998757 ) ) ;
#6456 = CARTESIAN_POINT ( 'NONE',  ( 0.000000000000000000, 0.000000000000000000, 2.000000000000000000 ) ) ;
#6455 = CARTESIAN_POINT ( 'NONE',  ( 25.07504586300960980, -7.932732980984151361, 2.000000000000000000 ) ) ;
#6457 = CARTESIAN_POINT ( 'NONE',  ( 26.24483786523220274, 1.701370919965213835, -2.099999999999998757 ) ) ;
#6458 = CARTESIAN_POINT ( 'NONE',  ( 26.77848301813143905, -4.405768766048591800, 2.000000000000000000 ) ) ;
#6459 = CARTESIAN_POINT ( 'NONE',  ( 17.71416793792180400, -15.43316205167865895, 2.000000000000000000 ) ) ;
#6460 = CARTESIAN_POINT ( 'NONE',  ( 13.30747633062665258, 21.64116298680352557, -2.099999999999998757 ) ) ;
#6461 = CARTESIAN_POINT ( 'NONE',  ( 17.25657676350752112, 16.16318976602640589, 2.000000000000000000 ) ) ;
#6462 = CARTESIAN_POINT ( 'NONE',  ( -18.73200657000872837, 19.22781655172587278, 2.000000000000000000 ) ) ;
#6463 = EDGE_LOOP ( 'NONE', ( #4474, #6961, #4389, #1484 ) ) ;
#6464 = CARTESIAN_POINT ( 'NONE',  ( -24.00794390784557564, 7.190340088712994238, 2.000000000000000000 ) ) ;
#6465 = CARTESIAN_POINT ( 'NONE',  ( -20.80453127045304385, -12.00354473513042208, 2.000000000000000000 ) ) ;
#6466 = CARTESIAN_POINT ( 'NONE',  ( 13.96529143882091439, -19.07901412642182848, 2.000000000000000000 ) ) ;
#6467 = ADVANCED_FACE ( 'NONE', ( #1421 ), #156, .F. ) ;
#6468 = CARTESIAN_POINT ( 'NONE',  ( 21.58843454132471606, 10.30659784155102088, 2.000000000000000000 ) ) ;
#6469 = CARTESIAN_POINT ( 'NONE',  ( 9.121658707306940173, 21.91081161619598916, -2.099999999999997868 ) ) ;
#6470 = CARTESIAN_POINT ( 'NONE',  ( 26.06641551142094215, 8.850830399664179282, 2.000000000000000000 ) ) ;
#6471 = EDGE_CURVE ( 'NONE', #3522, #8007, #1052, .T. ) ;
#6472 = EDGE_CURVE ( 'NONE', #7815, #4090, #7185, .T. ) ;
#6473 = DIRECTION ( 'NONE',  ( 0.5680647467311557008, 0.8229838658936564633, 0.000000000000000000 ) ) ;
#6474 = ORIENTED_EDGE ( 'NONE', *, *, #163, .T. ) ;
#6475 = CARTESIAN_POINT ( 'NONE',  ( -11.10648537714066819, -24.13101166629981265, 2.000000000000000000 ) ) ;
#6476 = DIRECTION ( 'NONE',  ( -1.000000000000000000, 0.000000000000000000, -0.000000000000000000 ) ) ;
#6477 = CARTESIAN_POINT ( 'NONE',  ( -19.55560045884525877, 15.67357176803117369, 2.000000000000000000 ) ) ;
#6478 = CARTESIAN_POINT ( 'NONE',  ( 26.06641551139172819, -8.850830399634968870, -2.099999999999998757 ) ) ;
#6479 = CARTESIAN_POINT ( 'NONE',  ( 7.688595528318264982, -23.56854007989867483, -2.099999999999999645 ) ) ;
#6480 = CARTESIAN_POINT ( 'NONE',  ( -1.906741771391428530, 24.04223096406908056, 2.000000000000000000 ) ) ;
#6481 = CARTESIAN_POINT ( 'NONE',  ( -14.21926140100350722, 19.11953582679382535, 2.000000000000000000 ) ) ;
#6482 = EDGE_LOOP ( 'NONE', ( #2418, #1108 ) ) ;
#6483 = CARTESIAN_POINT ( 'NONE',  ( -7.656852614504657595, 23.37322600383986781, 2.000000000000000000 ) ) ;
#6484 = CARTESIAN_POINT ( 'NONE',  ( -9.673488752447893191, -22.40527988562696748, 2.000000000000000000 ) ) ;
#6485 = CARTESIAN_POINT ( 'NONE',  ( -17.32735312033765496, -16.63359376186219762, -2.099999999999998757 ) ) ;
#6486 = CARTESIAN_POINT ( 'NONE',  ( 25.38017819844201739, -10.66028906994770864, 2.000000000000000000 ) ) ;
#6487 = CARTESIAN_POINT ( 'NONE',  ( 22.73828148979403352, 10.53816474365924805, 2.000000000000000000 ) ) ;
#6488 = CARTESIAN_POINT ( 'NONE',  ( 22.44798333931210976, -13.70307343545945322, -2.099999999999998757 ) ) ;
#6489 = EDGE_CURVE ( 'NONE', #1300, #4041, #1505, .T. ) ;
#6490 = CARTESIAN_POINT ( 'NONE',  ( 20.51809281624190007, -16.05254419007954780, 2.000000000000000000 ) ) ;
#6491 = CARTESIAN_POINT ( 'NONE',  ( -4.082273444348678559, -24.25428063893853192, -2.099999999999998757 ) ) ;
#6492 = EDGE_LOOP ( 'NONE', ( #4808, #4832, #1698, #6558 ) ) ;
#6493 = CARTESIAN_POINT ( 'NONE',  ( -3.846120836016032385, -23.70909028424117437, 2.000000000000000000 ) ) ;
#6494 = FACE_OUTER_BOUND ( 'NONE', #372, .T. ) ;
#6495 = CARTESIAN_POINT ( 'NONE',  ( 27.54255191857619423, 4.153023393546268593, 2.000000000000000000 ) ) ;
#6496 = CARTESIAN_POINT ( 'NONE',  ( 3.204373604290284394, -23.29585190159429686, 2.000000000000000000 ) ) ;
#6497 = DIRECTION ( 'NONE',  ( 0.000000000000000000, 0.000000000000000000, -1.000000000000000000 ) ) ;
#6499 = CARTESIAN_POINT ( 'NONE',  ( 17.51894851293340238, -21.23397417764310902, -2.099999999999998757 ) ) ;
#6498 = CARTESIAN_POINT ( 'NONE',  ( -13.41263264250317455, 22.06199033373686547, -2.099999999999998757 ) ) ;
#6500 = CARTESIAN_POINT ( 'NONE',  ( 23.49332454121249825, 0.1947784575707320609, 2.000000000000000000 ) ) ;
#6501 = CARTESIAN_POINT ( 'NONE',  ( 24.76692767734245137, -4.782579349257312984, 2.000000000000000000 ) ) ;
#6502 = CARTESIAN_POINT ( 'NONE',  ( 17.59296804644544565, -15.58600964088959984, 2.000000000000000000 ) ) ;
#6503 = CARTESIAN_POINT ( 'NONE',  ( 15.23641901094384998, 19.89808777236047987, -2.099999999999998757 ) ) ;
#6504 = CARTESIAN_POINT ( 'NONE',  ( 18.97770164392053971, 15.34339570340775971, -2.099999999999999645 ) ) ;
#6505 = CARTESIAN_POINT ( 'NONE',  ( -17.35181857730701083, 15.87069998699208107, 2.000000000000000000 ) ) ;
#6506 = EDGE_LOOP ( 'NONE', ( #7557, #5497 ) ) ;
#6507 = CARTESIAN_POINT ( 'NONE',  ( -22.91929613358907503, 6.515359526762099840, 2.000000000000000000 ) ) ;
#6508 = FACE_OUTER_BOUND ( 'NONE', #2718, .T. ) ;
#6509 = CARTESIAN_POINT ( 'NONE',  ( 13.10549974122803008, -21.04367979295773239, -2.099999999999998757 ) ) ;
#6510 = CARTESIAN_POINT ( 'NONE',  ( 12.36707919785797927, 25.12081464783647888, -2.099999999999997868 ) ) ;
#6511 = CARTESIAN_POINT ( 'NONE',  ( 24.59949625084631464, 4.790317889056124656, -2.099999999999999645 ) ) ;
#6512 = CARTESIAN_POINT ( 'NONE',  ( -27.87379644711753102, -2.655456283891160840, 2.000000000000000000 ) ) ;
#6513 = CARTESIAN_POINT ( 'NONE',  ( 4.189195047382262338, 24.56227459198279206, -2.099999999999998757 ) ) ;
#6514 = ORIENTED_EDGE ( 'NONE', *, *, #841, .T. ) ;
#6515 = CARTESIAN_POINT ( 'NONE',  ( 2.463801941912934890, -23.38577358155836450, 2.000000000000000000 ) ) ;
#6516 = DIRECTION ( 'NONE',  ( 0.000000000000000000, 0.000000000000000000, -1.000000000000000000 ) ) ;
#6517 = CARTESIAN_POINT ( 'NONE',  ( 1.762385718735297591, -25.16282512725968701, -2.099999999999998757 ) ) ;
#6518 = CARTESIAN_POINT ( 'NONE',  ( 22.91828645517601615, -5.264681564480667042, -2.099999999999998757 ) ) ;
#6519 = CARTESIAN_POINT ( 'NONE',  ( -23.63491054742290132, -0.6550942090464579870, -2.099999999999998757 ) ) ;
#6520 = CARTESIAN_POINT ( 'NONE',  ( -19.10294311799638578, -20.47138403324619915, -2.099999999999998757 ) ) ;
#6521 = CARTESIAN_POINT ( 'NONE',  ( -13.96529143882091439, 19.07901412642182848, 2.000000000000000000 ) ) ;
#6522 = CARTESIAN_POINT ( 'NONE',  ( 8.512968716744131470, 21.89757064776836870, 2.000000000000000000 ) ) ;
#6523 = ORIENTED_EDGE ( 'NONE', *, *, #1652, .T. ) ;
#6524 = CARTESIAN_POINT ( 'NONE',  ( -7.688496923001401306, -25.42728370346967637, -2.099999999999998757 ) ) ;
#6525 = CARTESIAN_POINT ( 'NONE',  ( -11.58603556222320030, -24.54102139527088156, 2.000000000000000000 ) ) ;
#6526 = CARTESIAN_POINT ( 'NONE',  ( 26.50130185302208830, 1.827769560624223022, 2.000000000000000000 ) ) ;
#6527 = CARTESIAN_POINT ( 'NONE',  ( 22.74963530479514517, 6.146178943449489118, -2.099999999999998757 ) ) ;
#6528 = VECTOR ( 'NONE', #7071, 1000.000000000000000 ) ;
#6529 = CARTESIAN_POINT ( 'NONE',  ( 24.31514428139131567, 10.69735948946560633, -2.099999999999998757 ) ) ;
#6530 = DIRECTION ( 'NONE',  ( 0.000000000000000000, 0.000000000000000000, -1.000000000000000000 ) ) ;
#6531 = CARTESIAN_POINT ( 'NONE',  ( 20.28441937235456649, -15.97411852388379572, -2.099999999999998757 ) ) ;
#6532 = CIRCLE ( 'NONE', #7472, 28.00000000000000000 ) ;
#6533 = CARTESIAN_POINT ( 'NONE',  ( -5.376315588043444116, -26.60062371204864462, -2.099999999999998757 ) ) ;
#6534 = ORIENTED_EDGE ( 'NONE', *, *, #3630, .F. ) ;
#6535 = CARTESIAN_POINT ( 'NONE',  ( 19.13918860107961351, 15.44754172932143632, -2.099999999999998757 ) ) ;
#6536 = CARTESIAN_POINT ( 'NONE',  ( -7.988790274807833214, -22.11659910479056634, -2.099999999999998757 ) ) ;
#6537 = PLANE ( 'NONE',  #7066 ) ;
#6538 = CARTESIAN_POINT ( 'NONE',  ( 3.612999446203297715, -23.45707906485272431, 2.000000000000000000 ) ) ;
#6539 = CARTESIAN_POINT ( 'NONE',  ( -4.482856113983144652, 25.20816636816325484, 2.000000000000000000 ) ) ;
#6541 = CARTESIAN_POINT ( 'NONE',  ( -16.30896799194540137, 20.63258928533522152, -2.099999999999998757 ) ) ;
#6540 = CARTESIAN_POINT ( 'NONE',  ( -13.58617081224543988, 23.15195374360797942, -2.099999999999998757 ) ) ;
#6542 = CARTESIAN_POINT ( 'NONE',  ( 23.81253063529220171, 0.8410884408854198968, -2.099999999999998757 ) ) ;
#6543 = CARTESIAN_POINT ( 'NONE',  ( 23.53223775966786491, -4.811173829118819967, 2.000000000000000000 ) ) ;
#6544 = CARTESIAN_POINT ( 'NONE',  ( 13.50856635788135485, 22.56556696682681107, 2.000000000000000000 ) ) ;
#6545 = CARTESIAN_POINT ( 'NONE',  ( -4.310684217927233775, -24.85340566964549325, -2.099999999999998757 ) ) ;
#6546 = CARTESIAN_POINT ( 'NONE',  ( 17.25657676350752112, 16.16318976602640589, -2.099999999999999645 ) ) ;
#6547 = CARTESIAN_POINT ( 'NONE',  ( 18.70321540207056543, -15.22676155773647899, -2.099999999999998757 ) ) ;
#6548 = ORIENTED_EDGE ( 'NONE', *, *, #2056, .F. ) ;
#6549 = CARTESIAN_POINT ( 'NONE',  ( 23.29246673278348823, -10.63055238855664619, 2.000000000000000000 ) ) ;
#6550 = CARTESIAN_POINT ( 'NONE',  ( 0.000000000000000000, 0.000000000000000000, -2.099999999999998757 ) ) ;
#6551 = CARTESIAN_POINT ( 'NONE',  ( -7.605017794998039982, 22.88729425358475922, -2.099999999999998757 ) ) ;
#6552 =( NAMED_UNIT ( * ) SI_UNIT ( $, .STERADIAN. ) SOLID_ANGLE_UNIT ( ) );
#6553 = CARTESIAN_POINT ( 'NONE',  ( -13.04949915500205115, 19.56208827861912525, 2.000000000000000000 ) ) ;
#6554 = CARTESIAN_POINT ( 'NONE',  ( 25.62785817443977621, 4.678588802317997342, -2.099999999999999645 ) ) ;
#6555 = CARTESIAN_POINT ( 'NONE',  ( 26.42834229636219234, 9.248929663334896745, 2.000000000000000000 ) ) ;
#6556 = CIRCLE ( 'NONE', #916, 18.00000000000000000 ) ;
#6557 = CARTESIAN_POINT ( 'NONE',  ( 1.379935885169537357, 26.52839079975560566, -2.099999999999998757 ) ) ;
#6558 = ORIENTED_EDGE ( 'NONE', *, *, #2524, .F. ) ;
#6559 = CARTESIAN_POINT ( 'NONE',  ( 3.781464864188905484, -23.62174820993211455, -2.099999999999998757 ) ) ;
#6560 = CARTESIAN_POINT ( 'NONE',  ( 4.482856113983113566, 25.20816636816326195, 2.000000000000000000 ) ) ;
#6561 = CARTESIAN_POINT ( 'NONE',  ( 4.244076555440678078, -24.69959869036684452, -2.099999999999998757 ) ) ;
#6562 = CARTESIAN_POINT ( 'NONE',  ( 18.00520414013333337, 17.66596715945037843, 2.000000000000000000 ) ) ;
#6563 = CARTESIAN_POINT ( 'NONE',  ( -23.49332454121249825, 0.1947784575707280086, 2.000000000000000000 ) ) ;
#6564 = VECTOR ( 'NONE', #7273, 1000.000000000000000 ) ;
#6565 = DIRECTION ( 'NONE',  ( -1.000000000000000000, 0.000000000000000000, 0.000000000000000000 ) ) ;
#6566 = CARTESIAN_POINT ( 'NONE',  ( 10.25081980592598541, 23.24542008693366313, 2.000000000000000000 ) ) ;
#6567 = AXIS2_PLACEMENT_3D ( 'NONE', #6090, #4155, #2813 ) ;
#6568 = ORIENTED_EDGE ( 'NONE', *, *, #4703, .T. ) ;
#6569 = CARTESIAN_POINT ( 'NONE',  ( -7.733573568718044910, -24.87706067138157806, -2.099999999999998757 ) ) ;
#6570 = CARTESIAN_POINT ( 'NONE',  ( -27.50168352219544587, 4.167564993355149738, -2.099999999999998757 ) ) ;
#6571 = CARTESIAN_POINT ( 'NONE',  ( 24.19711102278062143, 1.042982032116798852, 2.000000000000000000 ) ) ;
#6572 = CARTESIAN_POINT ( 'NONE',  ( 22.12901452267052704, -13.30176109182831290, 2.000000000000000000 ) ) ;
#6573 = CARTESIAN_POINT ( 'NONE',  ( -18.60089775827984226, 15.19605903441927630, -2.099999999999998757 ) ) ;
#6574 = CARTESIAN_POINT ( 'NONE',  ( 12.19289839561324129, -25.00088876449163777, -2.099999999999999645 ) ) ;
#6575 = CARTESIAN_POINT ( 'NONE',  ( 21.34551800689747836, -16.27777197600731540, 2.000000000000000000 ) ) ;
#6576 = AXIS2_PLACEMENT_3D ( 'NONE', #6456, #3250, #5823 ) ;
#6577 = CARTESIAN_POINT ( 'NONE',  ( -3.902347153244126510, -23.79992060087550598, -2.099999999999998757 ) ) ;
#6578 = CARTESIAN_POINT ( 'NONE',  ( 17.64188601445203020, 17.13764696917009189, -2.099999999999998757 ) ) ;
#6579 = CARTESIAN_POINT ( 'NONE',  ( -22.61633054543465704, 13.93417863138606450, -2.099999999999999645 ) ) ;
#6580 = DIRECTION ( 'NONE',  ( -0.000000000000000000, -0.000000000000000000, -1.000000000000000000 ) ) ;
#6581 = CARTESIAN_POINT ( 'NONE',  ( -20.86952096496492004, -12.08832612917523264, 2.000000000000000000 ) ) ;
#6582 = CARTESIAN_POINT ( 'NONE',  ( -4.030460310774771848, 24.06924055886029024, 2.000000000000000000 ) ) ;
#6584 = CARTESIAN_POINT ( 'NONE',  ( -16.55868018414818010, 20.77185239767592151, 2.000000000000000000 ) ) ;
#6583 = CARTESIAN_POINT ( 'NONE',  ( 13.81390900009209943, -19.09181343516790719, 2.000000000000000000 ) ) ;
#6585 = CARTESIAN_POINT ( 'NONE',  ( 23.81253063529220171, -0.8410884408854197858, 2.000000000000000000 ) ) ;
#6586 = CARTESIAN_POINT ( 'NONE',  ( 23.93435179486865394, -4.766524473500965975, -2.099999999999998757 ) ) ;
#6587 = B_SPLINE_SURFACE_WITH_KNOTS ( 'NONE', 3, 1, ( 
 ( #5847, #6520 ),
 ( #5222, #7788 ),
 ( #2023, #4578 ),
 ( #749, #6840 ),
 ( #440, #1663 ),
 ( #1075, #2219 ),
 ( #2847, #2887 ),
 ( #5420, #7984 ),
 ( #4827, #7392 ),
 ( #5264, #3641 ),
 ( #4785, #2303 ),
 ( #7470, #7351 ),
 ( #8102, #3558 ),
 ( #1583, #3479 ),
 ( #914, #5459 ),
 ( #4152, #6717 ),
 ( #2342, #8024 ),
 ( #4226, #953 ),
 ( #4189, #7431 ),
 ( #3518, #1622 ),
 ( #6171, #4268 ),
 ( #1705, #2261 ),
 ( #7944, #6086 ),
 ( #6757, #4907 ),
 ( #402, #4866 ),
 ( #6211, #2967 ),
 ( #2182, #4743 ),
 ( #7309, #319 ),
 ( #991, #6127 ),
 ( #5543, #1542 ),
 ( #359, #6797 ),
 ( #2928, #1033 ),
 ( #5504, #8064 ),
 ( #3600, #4111 ),
 ( #6676, #6050 ),
 ( #282, #7041 ),
 ( #7514, #5581 ),
 ( #3045, #3762 ),
 ( #3167, #6373 ),
 ( #3083, #3123 ),
 ( #6331, #7681 ),
 ( #7590, #6879 ),
 ( #8303, #1115 ),
 ( #4470, #2500 ),
 ( #7637, #3680 ),
 ( #8183, #4308 ),
 ( #523, #600 ),
 ( #5623, #2543 ),
 ( #2460, #5069 ),
 ( #1275, #4428 ),
 ( #8260, #6416 ),
 ( #4991, #3006 ),
 ( #1195, #1234 ),
 ( #1825, #5743 ),
 ( #5661, #8221 ) ),
 .UNSPECIFIED., .F., .F., .F.,
 ( 4, 1, 1, 1, 1, 1, 1, 1, 1, 1, 1, 1, 1, 1, 1, 1, 1, 1, 1, 1, 1, 1, 1, 1, 1, 1, 1, 1, 1, 1, 1, 1, 1, 1, 1, 1, 1, 1, 1, 1, 1, 1, 1, 1, 1, 1, 1, 1, 1, 1, 1, 1, 4 ),
 ( 2, 2 ),
 ( 0.01037066610069576136, 0.06767854499841075011, 0.09884629602760430789, 0.1282330327458526265, 0.1558387551553858108, 0.1816634632588949305, 0.2057071570596704646, 0.2279698365617907063, 0.2484515017704002071, 0.2671521526921107892, 0.2840717893356240475, 0.2992104117127127871, 0.3125680198398574916, 0.3241446137411457817, 0.3339401934538051009, 0.3662021699428081867, 0.3760430630535980256, 0.3856763336118157470, 0.3952492422856400678, 0.4049624801021076692, 0.4150869914083017420, 0.4259748013331248195, 0.4380386266454291411, 0.4516469595390834035, 0.4668849008038628012, 0.4803437228220500677, 0.5000000000000002220, 0.5196562771779504875, 0.5331150991961376429, 0.5483530404609170406, 0.5619613733545713030, 0.5740251986668756246, 0.5849130085916987021, 0.5950375198978927749, 0.6047507577143603763, 0.6143236663881848081, 0.6239569369464024184, 0.6337978300571922574, 0.6660598065461953432, 0.6758553862588546624, 0.6874319801601429525, 0.7007895882872876570, 0.7159282106643762855, 0.7328478473078895439, 0.7515484982296001260, 0.7720301634382096267, 0.7942928429403297574, 0.8183365367411052915, 0.8441612448446143002, 0.8717669672541474846, 0.9011537039723958031, 0.9323214550015893609, 0.9955048858948379875 ),
 ( 0.000000000000000000, 1.000000000000000000 ),
 .UNSPECIFIED. ) ;
#6588 = CARTESIAN_POINT ( 'NONE',  ( -3.705239350424549549, -23.53752846792088604, -2.099999999999998757 ) ) ;
#6589 = CARTESIAN_POINT ( 'NONE',  ( 22.11282838689583485, 16.42831787920695064, -2.099999999999999645 ) ) ;
#6590 = PLANE ( 'NONE',  #1729 ) ;
#6591 = VERTEX_POINT ( 'NONE', #6599 ) ;
#6592 = CARTESIAN_POINT ( 'NONE',  ( 20.89282384029110062, -10.74542454372254241, -2.099999999999999645 ) ) ;
#6593 = CARTESIAN_POINT ( 'NONE',  ( -22.61633054543464638, -13.93417863138606805, -2.099999999999998757 ) ) ;
#6594 = CARTESIAN_POINT ( 'NONE',  ( -7.865059710290389638, 22.21401039568610258, -2.099999999999998757 ) ) ;
#6595 = CARTESIAN_POINT ( 'NONE',  ( 24.59949625084631464, 4.790317889056124656, 2.000000000000000000 ) ) ;
#6596 = CARTESIAN_POINT ( 'NONE',  ( 10.89735721165042293, 23.93603524774558622, -2.099999999999997868 ) ) ;
#6597 = CARTESIAN_POINT ( 'NONE',  ( 26.46517536639174750, 4.493494443281885964, 2.000000000000000000 ) ) ;
#6598 = CARTESIAN_POINT ( 'NONE',  ( 21.84033501313436432, 12.97800555654222165, -2.099999999999998757 ) ) ;
#6599 = CARTESIAN_POINT ( 'NONE',  ( -27.87379684341399866, 2.655456558124007937, -2.099999999999998757 ) ) ;
#6600 = ORIENTED_EDGE ( 'NONE', *, *, #375, .T. ) ;
#6601 = CARTESIAN_POINT ( 'NONE',  ( 1.762385718735297591, -25.16282512725968701, -2.099999999999998757 ) ) ;
#6602 = DIRECTION ( 'NONE',  ( 0.000000000000000000, 0.000000000000000000, -1.000000000000000000 ) ) ;
#6603 = CARTESIAN_POINT ( 'NONE',  ( 4.852431640496131848, -25.84840584550508069, -2.099999999999998757 ) ) ;
#6604 = CARTESIAN_POINT ( 'NONE',  ( 25.62785817443977265, -4.678588802317970696, -2.099999999999998757 ) ) ;
#6605 = CARTESIAN_POINT ( 'NONE',  ( -23.63491054742289421, 0.6550942090464527690, 2.000000000000000000 ) ) ;
#6606 = CARTESIAN_POINT ( 'NONE',  ( 23.90532429094090716, -0.9066066167179773760, -2.099999999999998757 ) ) ;
#6607 = CARTESIAN_POINT ( 'NONE',  ( -12.85055170543023983, -19.95373759773043432, -2.099999999999999645 ) ) ;
#6608 = ORIENTED_EDGE ( 'NONE', *, *, #3661, .F. ) ;
#6609 = CARTESIAN_POINT ( 'NONE',  ( -7.741715957670622039, -24.19699765967529359, -2.099999999999998757 ) ) ;
#6610 = CARTESIAN_POINT ( 'NONE',  ( -7.743106042156100877, -24.63076208136010337, 2.000000000000000000 ) ) ;
#6611 = CARTESIAN_POINT ( 'NONE',  ( 27.69989816616296707, 2.535120532250970893, 2.000000000000000000 ) ) ;
#6612 = CARTESIAN_POINT ( 'NONE',  ( 21.35721522671292760, -10.35169942632023066, 2.000000000000000000 ) ) ;
#6613 = CARTESIAN_POINT ( 'NONE',  ( -26.06641551142094926, -8.850830399664163295, 2.000000000000000000 ) ) ;
#6614 = CARTESIAN_POINT ( 'NONE',  ( 23.08741356227222852, -10.60189590196922360, -2.099999999999998757 ) ) ;
#6615 = CARTESIAN_POINT ( 'NONE',  ( 22.41476768512104201, -16.47086518438799274, 2.000000000000000000 ) ) ;
#6616 = CARTESIAN_POINT ( 'NONE',  ( -22.78920619399659131, -14.18622855212692002, -2.099999999999998757 ) ) ;
#6617 = EDGE_LOOP ( 'NONE', ( #4604, #3450 ) ) ;
#6618 = CARTESIAN_POINT ( 'NONE',  ( -11.92825707278597669, 24.80951228023631927, 2.000000000000000000 ) ) ;
#6619 = CARTESIAN_POINT ( 'NONE',  ( -10.13323285654343664, -23.09959661296539934, -2.099999999999998757 ) ) ;
#6620 = DIRECTION ( 'NONE',  ( 0.000000000000000000, 0.000000000000000000, -1.000000000000000000 ) ) ;
#6621 = CARTESIAN_POINT ( 'NONE',  ( -22.96554745452509394, -14.45965356729541362, 2.000000000000000000 ) ) ;
#6622 = CARTESIAN_POINT ( 'NONE',  ( -4.244076555440686960, 24.69959869036684452, 2.000000000000000000 ) ) ;
#6624 = CARTESIAN_POINT ( 'NONE',  ( -15.12400615833752582, 19.80199803049035268, -2.099999999999998757 ) ) ;
#6623 = CARTESIAN_POINT ( 'NONE',  ( -16.08024905276406713, 20.49638744246054856, -2.099999999999998757 ) ) ;
#6625 = CARTESIAN_POINT ( 'NONE',  ( -23.87823629154096494, -7.119306137701290282, -2.099999999999998757 ) ) ;
#6626 = DIRECTION ( 'NONE',  ( -1.000000000000000000, 0.000000000000000000, 0.000000000000000000 ) ) ;
#6627 = CARTESIAN_POINT ( 'NONE',  ( 16.30896799194538360, 20.63258928533522152, -2.099999999999998757 ) ) ;
#6628 = CARTESIAN_POINT ( 'NONE',  ( 11.33585971340118981, -24.33300811744742020, 2.000000000000000000 ) ) ;
#6629 = DIRECTION ( 'NONE',  ( -0.8854560256532099105, 0.4647231720437685065, 0.000000000000000000 ) ) ;
#6630 = VERTEX_POINT ( 'NONE', #2185 ) ;
#6631 = CARTESIAN_POINT ( 'NONE',  ( 20.64571337519313943, -11.25696429976830437, 2.000000000000000000 ) ) ;
#6632 = CARTESIAN_POINT ( 'NONE',  ( -22.44798333931211687, -13.70307343545946388, 2.000000000000000000 ) ) ;
#6633 = CARTESIAN_POINT ( 'NONE',  ( -7.733032203436374097, 24.00987265162540751, -2.099999999999998757 ) ) ;
#6634 = CARTESIAN_POINT ( 'NONE',  ( -15.12400615833752582, 19.80199803049035268, 2.000000000000000000 ) ) ;
#6635 = PLANE ( 'NONE',  #108 ) ;
#6636 = CARTESIAN_POINT ( 'NONE',  ( 2.638449045045050845, 23.34550970278807114, -2.099999999999998757 ) ) ;
#6637 = DIRECTION ( 'NONE',  ( -0.000000000000000000, 0.000000000000000000, 1.000000000000000000 ) ) ;
#6638 = ORIENTED_EDGE ( 'NONE', *, *, #118, .F. ) ;
#6639 = CARTESIAN_POINT ( 'NONE',  ( 2.198555820827218010, -23.54154832015334975, 2.000000000000000000 ) ) ;
#6640 = CARTESIAN_POINT ( 'NONE',  ( 3.902347153244113187, 23.79992060087550954, 2.000000000000000000 ) ) ;
#6641 = CARTESIAN_POINT ( 'NONE',  ( 5.008822010445495465, -26.08776424953685336, -2.099999999999998757 ) ) ;
#6642 = DIRECTION ( 'NONE',  ( -1.000000000000000000, 0.000000000000000000, 0.000000000000000000 ) ) ;
#6643 = CARTESIAN_POINT ( 'NONE',  ( -24.76338133992250690, -1.168557790373924821, 2.000000000000000000 ) ) ;
#6644 = CARTESIAN_POINT ( 'NONE',  ( 24.37956700134304810, -1.099847363974308267, -2.099999999999998757 ) ) ;
#6645 = CARTESIAN_POINT ( 'NONE',  ( -13.02793750094271985, -20.86163776548603721, -2.099999999999999645 ) ) ;
#6646 = VERTEX_POINT ( 'NONE', #3396 ) ;
#6647 = CARTESIAN_POINT ( 'NONE',  ( -13.50856635788135662, -22.56556696682680752, -2.099999999999998757 ) ) ;
#6648 = EDGE_CURVE ( 'NONE', #5766, #5404, #3440, .T. ) ;
#6649 = CARTESIAN_POINT ( 'NONE',  ( -9.121658707306938396, -21.91081161619599271, 2.000000000000000000 ) ) ;
#6650 = CARTESIAN_POINT ( 'NONE',  ( -23.07262568452397034, 6.675893319502702816, 2.000000000000000000 ) ) ;
#6651 = CARTESIAN_POINT ( 'NONE',  ( 20.62323650117463103, -11.56374771533979562, 2.000000000000000000 ) ) ;
#6652 = CARTESIAN_POINT ( 'NONE',  ( -18.00520414013334758, 17.66596715945036422, -2.099999999999998757 ) ) ;
#6653 = CARTESIAN_POINT ( 'NONE',  ( 12.19289839561324129, -25.00088876449163777, 2.000000000000000000 ) ) ;
#6654 = B_SPLINE_SURFACE_WITH_KNOTS ( 'NONE', 3, 1, ( 
 ( #2520, #541 ),
 ( #8241, #2478 ),
 ( #3186, #1471 ),
 ( #7238, #2692 ),
 ( #7828, #5935 ),
 ( #3446, #5351 ),
 ( #7911, #4038 ),
 ( #2732, #5975 ),
 ( #1551, #4620 ),
 ( #2063, #4121 ),
 ( #4753, #924 ),
 ( #204, #3488 ),
 ( #6685, #5891 ),
 ( #6018, #5262 ),
 ( #6643, #6059 ),
 ( #4577, #7993 ),
 ( #5306, #292 ),
 ( #7152, #7318 ),
 ( #2149, #1383 ),
 ( #2819, #2857 ),
 ( #7954, #4077 ),
 ( #3947, #748 ),
 ( #4713, #5429 ),
 ( #2191, #6519 ),
 ( #7279, #7866 ),
 ( #3317, #117 ),
 ( #838, #7192 ),
 ( #1427, #3993 ),
 ( #6563, #162 ),
 ( #799, #2105 ),
 ( #3359, #4668 ),
 ( #6605, #3402 ),
 ( #2776, #1511 ),
 ( #880, #248 ),
 ( #5392, #8033 ),
 ( #5634, #1593 ),
 ( #2228, #1756 ),
 ( #1714, #3527 ),
 ( #328, #4316 ),
 ( #6095, #490 ),
 ( #7401, #7440 ),
 ( #4237, #1672 ),
 ( #5469, #3567 ),
 ( #1084, #2977 ),
 ( #5551, #6807 ),
 ( #8111, #2272 ),
 ( #6139, #3016 ),
 ( #8150, #6726 ),
 ( #6766, #6262 ),
 ( #3610, #6887 ),
 ( #7522, #2896 ),
 ( #4837, #368 ),
 ( #1125, #3688 ),
 ( #963, #8073 ),
 ( #6180, #449 ) ),
 .UNSPECIFIED., .F., .F., .F.,
 ( 4, 1, 1, 1, 1, 1, 1, 1, 1, 1, 1, 1, 1, 1, 1, 1, 1, 1, 1, 1, 1, 1, 1, 1, 1, 1, 1, 1, 1, 1, 1, 1, 1, 1, 1, 1, 1, 1, 1, 1, 1, 1, 1, 1, 1, 1, 1, 1, 1, 1, 1, 1, 4 ),
 ( 2, 2 ),
 ( 0.01037066610069598341, 0.06767854499841075011, 0.09884629602760430789, 0.1282330327458526265, 0.1558387551553858108, 0.1816634632588949305, 0.2057071570596704646, 0.2279698365617907063, 0.2484515017704002071, 0.2671521526921107892, 0.2840717893356240475, 0.2992104117127127871, 0.3125680198398574916, 0.3241446137411457817, 0.3339401934538051009, 0.3662021699428081867, 0.3760430630535980256, 0.3856763336118157470, 0.3952492422856400678, 0.4049624801021076692, 0.4150869914083017420, 0.4259748013331248195, 0.4380386266454291411, 0.4516469595390834035, 0.4668849008038628012, 0.4803437228220500677, 0.5000000000000002220, 0.5196562771779504875, 0.5331150991961376429, 0.5483530404609170406, 0.5619613733545713030, 0.5740251986668756246, 0.5849130085916987021, 0.5950375198978927749, 0.6047507577143603763, 0.6143236663881848081, 0.6239569369464024184, 0.6337978300571922574, 0.6660598065461953432, 0.6758553862588546624, 0.6874319801601429525, 0.7007895882872876570, 0.7159282106643762855, 0.7328478473078895439, 0.7515484982296001260, 0.7720301634382096267, 0.7942928429403297574, 0.8183365367411052915, 0.8441612448446143002, 0.8717669672541474846, 0.9011537039723958031, 0.9323214550015893609, 0.9955048858948353230 ),
 ( 0.000000000000000000, 1.000000000000000000 ),
 .UNSPECIFIED. ) ;
#6655 = CARTESIAN_POINT ( 'NONE',  ( 17.83462167525290099, -17.40060223031303011, 2.000000000000000000 ) ) ;
#6656 = DIRECTION ( 'NONE',  ( 0.000000000000000000, 0.000000000000000000, -1.000000000000000000 ) ) ;
#6657 = AXIS2_PLACEMENT_3D ( 'NONE', #1606, #264, #4174 ) ;
#6658 = ORIENTED_EDGE ( 'NONE', *, *, #5477, .F. ) ;
#6659 = DIRECTION ( 'NONE',  ( -0.000000000000000000, -0.000000000000000000, -1.000000000000000000 ) ) ;
#6660 = CARTESIAN_POINT ( 'NONE',  ( -2.832611943458542836, 23.32865819094296711, 2.000000000000000000 ) ) ;
#6661 = DIRECTION ( 'NONE',  ( 0.000000000000000000, 0.000000000000000000, -1.000000000000000000 ) ) ;
#6662 = DIRECTION ( 'NONE',  ( 0.000000000000000000, 0.000000000000000000, -1.000000000000000000 ) ) ;
#6663 = CARTESIAN_POINT ( 'NONE',  ( 13.15214330072518933, -21.16307668733837488, 2.000000000000000000 ) ) ;
#6664 = CARTESIAN_POINT ( 'NONE',  ( 23.15601641226234975, -6.742658068406535143, -2.099999999999998757 ) ) ;
#6665 = CIRCLE ( 'NONE', #4365, 27.99999957948219276 ) ;
#6666 = CARTESIAN_POINT ( 'NONE',  ( 13.81390900009209233, 19.09181343516791429, 2.000000000000000000 ) ) ;
#6667 = CARTESIAN_POINT ( 'NONE',  ( 14.42373451280540841, 19.20597537996032500, -2.099999999999998757 ) ) ;
#6668 = CARTESIAN_POINT ( 'NONE',  ( 20.07157227525352994, 15.89590000543998194, 2.000000000000000000 ) ) ;
#6669 = CARTESIAN_POINT ( 'NONE',  ( 0.000000000000000000, 0.000000000000000000, 2.000000000000000000 ) ) ;
#6670 = VECTOR ( 'NONE', #4824, 1000.000000000000000 ) ;
#6671 = ORIENTED_EDGE ( 'NONE', *, *, #6307, .F. ) ;
#6672 = CARTESIAN_POINT ( 'NONE',  ( 21.91017567687078227, -10.32144346381599753, -2.099999999999999645 ) ) ;
#6673 = CARTESIAN_POINT ( 'NONE',  ( -20.81172461973597265, -10.92283569232045437, -2.099999999999998757 ) ) ;
#6674 = CARTESIAN_POINT ( 'NONE',  ( 13.41263264250317455, -22.06199033373686547, -2.099999999999998757 ) ) ;
#6675 = CARTESIAN_POINT ( 'NONE',  ( -14.51573139705937088, 19.26027195864160291, 2.000000000000000000 ) ) ;
#6676 = CARTESIAN_POINT ( 'NONE',  ( -18.49458355994168812, -15.17355739294055006, 2.000000000000000000 ) ) ;
#6677 = CARTESIAN_POINT ( 'NONE',  ( 22.12901452267051639, 13.30176109182833244, -2.099999999999998757 ) ) ;
#6678 = CARTESIAN_POINT ( 'NONE',  ( 2.833089530561761382, 23.33259147460854521, 2.000000000000000000 ) ) ;
#6679 = EDGE_CURVE ( 'NONE', #353, #7022, #872, .T. ) ;
#6680 = DIRECTION ( 'NONE',  ( 0.000000000000000000, 0.000000000000000000, -1.000000000000000000 ) ) ;
#6681 = VERTEX_POINT ( 'NONE', #7312 ) ;
#6682 = CARTESIAN_POINT ( 'NONE',  ( 3.846120836016039490, -23.70909028424117082, -2.099999999999998757 ) ) ;
#6683 = CARTESIAN_POINT ( 'NONE',  ( 4.482856113983134883, -25.20816636816325484, -2.099999999999998757 ) ) ;
#6684 = CARTESIAN_POINT ( 'NONE',  ( 22.76403769146249090, -5.811439118492621958, -2.099999999999998757 ) ) ;
#6685 = CARTESIAN_POINT ( 'NONE',  ( -25.03107770533010523, -1.235924829161916927, 2.000000000000000000 ) ) ;
#6686 = CARTESIAN_POINT ( 'NONE',  ( 23.90532429094090716, 0.9066066167179774871, -2.099999999999998757 ) ) ;
#6687 = CARTESIAN_POINT ( 'NONE',  ( -13.50602898338108560, -19.22398027845277113, -2.099999999999999645 ) ) ;
#6688 = ORIENTED_EDGE ( 'NONE', *, *, #7682, .F. ) ;
#6689 = CARTESIAN_POINT ( 'NONE',  ( -13.41263264250316922, -22.06199033373687257, -2.099999999999998757 ) ) ;
#6690 = CARTESIAN_POINT ( 'NONE',  ( -23.63710370791871540, 4.790810183414316192, 2.000000000000000000 ) ) ;
#6691 = CARTESIAN_POINT ( 'NONE',  ( -24.00794390784557564, 7.190340088712994238, 2.000000000000000000 ) ) ;
#6692 = CARTESIAN_POINT ( 'NONE',  ( 22.44798333931210976, -13.70307343545945322, 2.000000000000000000 ) ) ;
#6693 = AXIS2_PLACEMENT_3D ( 'NONE', #2353, #7484, #3691 ) ;
#6694 = CARTESIAN_POINT ( 'NONE',  ( -26.28829563214685905, -9.090474303196764083, -2.099999999999999645 ) ) ;
#6695 = LINE ( 'NONE', #1480, #2633 ) ;
#6696 = AXIS2_PLACEMENT_3D ( 'NONE', #1614, #7460, #8056 ) ;
#6697 = CARTESIAN_POINT ( 'NONE',  ( -23.19083049382815531, -14.83174289765553233, -2.099999999999998757 ) ) ;
#6698 = ORIENTED_EDGE ( 'NONE', *, *, #3372, .T. ) ;
#6699 = CARTESIAN_POINT ( 'NONE',  ( 17.76075994573092842, 17.29583732711387967, -2.099999999999998757 ) ) ;
#6700 = CARTESIAN_POINT ( 'NONE',  ( -21.58955567576248669, 12.72687891813088967, -2.099999999999998757 ) ) ;
#6701 = DIRECTION ( 'NONE',  ( -0.000000000000000000, -0.000000000000000000, 1.000000000000000000 ) ) ;
#6702 = CARTESIAN_POINT ( 'NONE',  ( -20.81172461973597265, -10.92283569232045437, 2.000000000000000000 ) ) ;
#6703 = CARTESIAN_POINT ( 'NONE',  ( 13.64180598451631177, -23.91017226872972046, 2.000000000000000000 ) ) ;
#6704 = AXIS2_PLACEMENT_3D ( 'NONE', #4022, #231, #6044 ) ;
#6705 = CARTESIAN_POINT ( 'NONE',  ( 25.29380829876431491, -8.116834556469569861, 2.000000000000000000 ) ) ;
#6706 = EDGE_CURVE ( 'NONE', #444, #4758, #1725, .T. ) ;
#6707 = B_SPLINE_CURVE_WITH_KNOTS ( 'NONE', 3,
 ( #6321, #3109, #7667, #2413, #4937, #8170, #1899, #5017, #2531, #7028, #632, #5686, #4456, #1736, #7541, #3033, #3073, #1262, #2370, #3153, #8248, #3831, #6404, #4296, #5773, #1102, #5651, #3197, #510, #6867, #3668, #467, #2486, #5056, #4978, #1777, #4333, #7623, #3789, #1854, #6359, #4416, #8209, #5610, #1142, #3708, #5729, #6281, #2450, #1814, #6987, #4374, #6944, #1184, #1222 ),
 .UNSPECIFIED., .F., .F.,
 ( 4, 1, 1, 1, 1, 1, 1, 1, 1, 1, 1, 1, 1, 1, 1, 1, 1, 1, 1, 1, 1, 1, 1, 1, 1, 1, 1, 1, 1, 1, 1, 1, 1, 1, 1, 1, 1, 1, 1, 1, 1, 1, 1, 1, 1, 1, 1, 1, 1, 1, 1, 1, 4 ),
 ( 0.01037070964479209177, 0.06767854499841073623, 0.09884629602760432177, 0.1282330327458526265, 0.1558387551553858108, 0.1816634632588949305, 0.2057071570596704646, 0.2279698365617907063, 0.2484515017704002071, 0.2671521526921107892, 0.2840717893356239920, 0.2992104117127127871, 0.3125680198398574916, 0.3241446137411457817, 0.3339401934538051009, 0.3662021699428081867, 0.3760430630535980256, 0.3856763336118157470, 0.3952492422856400678, 0.4049624801021076692, 0.4150869914083017420, 0.4259748013331248195, 0.4380386266454291411, 0.4516469595390834035, 0.4668849008038628012, 0.4803437228220500677, 0.5000000000000002220, 0.5196562771779504875, 0.5331150991961376429, 0.5483530404609170406, 0.5619613733545713030, 0.5740251986668756246, 0.5849130085916987021, 0.5950375198978927749, 0.6047507577143603763, 0.6143236663881848081, 0.6239569369464024184, 0.6337978300571922574, 0.6660598065461953432, 0.6758553862588546624, 0.6874319801601429525, 0.7007895882872876570, 0.7159282106643762855, 0.7328478473078895439, 0.7515484982296001260, 0.7720301634382096267, 0.7942928429403297574, 0.8183365367411052915, 0.8441612448446143002, 0.8717669672541474846, 0.9011537039723958031, 0.9323214550015893609, 0.9896292903552001974 ),
 .UNSPECIFIED. ) ;
#6708 = CARTESIAN_POINT ( 'NONE',  ( 0.000000000000000000, 0.000000000000000000, -3.599999999999998757 ) ) ;
#6709 = CARTESIAN_POINT ( 'NONE',  ( -1.824858090210262906, -24.72368248555340031, -2.099999999999998757 ) ) ;
#6710 = CARTESIAN_POINT ( 'NONE',  ( 9.408316245588480342, -22.09971024729808420, 2.000000000000000000 ) ) ;
#6711 = FACE_BOUND ( 'NONE', #2243, .T. ) ;
#6712 = ORIENTED_EDGE ( 'NONE', *, *, #5578, .F. ) ;
#6713 = CARTESIAN_POINT ( 'NONE',  ( 24.94597949059291864, -10.68625558496336225, -2.099999999999999645 ) ) ;
#6714 = CARTESIAN_POINT ( 'NONE',  ( -23.51784779677758763, -10.65556037457646354, -2.099999999999998757 ) ) ;
#6715 = CARTESIAN_POINT ( 'NONE',  ( -9.555618961847070381, 22.25484530667599614, -2.099999999999998757 ) ) ;
#6716 = CARTESIAN_POINT ( 'NONE',  ( 7.720532692246934836, -23.84272921084243890, -2.099999999999998757 ) ) ;
#6717 = CARTESIAN_POINT ( 'NONE',  ( -17.64188601445203730, -17.13764696917009189, -2.099999999999998757 ) ) ;
#6718 = CARTESIAN_POINT ( 'NONE',  ( 0.000000000000000000, 0.000000000000000000, 0.000000000000000000 ) ) ;
#6719 = CARTESIAN_POINT ( 'NONE',  ( 4.189195047382262338, 24.56227459198279206, 2.000000000000000000 ) ) ;
#6720 = CARTESIAN_POINT ( 'NONE',  ( 1.555379675915602666, 26.00494379640384679, -2.099999999999998757 ) ) ;
#6721 = ORIENTED_EDGE ( 'NONE', *, *, #4634, .F. ) ;
#6722 = CARTESIAN_POINT ( 'NONE',  ( 25.91507308940477472, 10.60230933437668455, 2.000000000000000000 ) ) ;
#6723 = CARTESIAN_POINT ( 'NONE',  ( -5.376315588043460991, 26.60062371204863041, 2.000000000000000000 ) ) ;
#6724 = CARTESIAN_POINT ( 'NONE',  ( -18.19936168673940102, -18.00918889841835480, 2.000000000000000000 ) ) ;
#6725 = CARTESIAN_POINT ( 'NONE',  ( 22.09150218632039042, 16.42439464915885949, 2.000000000000000000 ) ) ;
#6726 = CARTESIAN_POINT ( 'NONE',  ( -26.00281877978271439, 1.590510388571581002, -2.099999999999998757 ) ) ;
#6727 = EDGE_CURVE ( 'NONE', #1829, #1326, #7503, .T. ) ;
#6728 = EDGE_CURVE ( 'NONE', #3824, #5563, #2427, .T. ) ;
#6729 = CARTESIAN_POINT ( 'NONE',  ( 25.77590585922884259, -1.494258687380733974, -2.099999999999998757 ) ) ;
#6730 = CARTESIAN_POINT ( 'NONE',  ( -12.83485696772680029, -20.07512121109398251, 2.000000000000000000 ) ) ;
#6731 = ORIENTED_EDGE ( 'NONE', *, *, #3173, .F. ) ;
#6732 = CARTESIAN_POINT ( 'NONE',  ( -8.993578510876917065, -21.86672564825610010, 2.000000000000000000 ) ) ;
#6733 = CARTESIAN_POINT ( 'NONE',  ( -23.42764417793267384, 4.840656286569369193, 2.000000000000000000 ) ) ;
#6734 = CARTESIAN_POINT ( 'NONE',  ( -17.59000231784554558, 15.58338223461975502, 2.000000000000000000 ) ) ;
#6735 = DIRECTION ( 'NONE',  ( -1.000000000000000000, 0.000000000000000000, -0.000000000000000000 ) ) ;
#6736 = CARTESIAN_POINT ( 'NONE',  ( -20.51809281624190362, 16.05254419007954425, -2.099999999999998757 ) ) ;
#6737 = CARTESIAN_POINT ( 'NONE',  ( 20.80453127045304740, -12.00354473513042208, -2.099999999999998757 ) ) ;
#6738 = CARTESIAN_POINT ( 'NONE',  ( 23.63491054742289421, -0.6550942090464556555, -2.099999999999998757 ) ) ;
#6739 = CARTESIAN_POINT ( 'NONE',  ( -20.86952096496492004, -12.08832612917523264, -2.099999999999998757 ) ) ;
#6740 = ORIENTED_EDGE ( 'NONE', *, *, #4488, .F. ) ;
#6741 = CARTESIAN_POINT ( 'NONE',  ( 19.25000000000000355, 2.602085213965210642E-15, -3.599999999999998757 ) ) ;
#6742 = CARTESIAN_POINT ( 'NONE',  ( -22.28520553958149719, 13.49243943284463398, -2.099999999999998757 ) ) ;
#6743 = DIRECTION ( 'NONE',  ( -0.000000000000000000, -0.000000000000000000, 1.000000000000000000 ) ) ;
#6744 = CARTESIAN_POINT ( 'NONE',  ( 5.995910227648052704, 27.35048556318490043, -2.099999999999998757 ) ) ;
#6745 = CARTESIAN_POINT ( 'NONE',  ( 17.12241726305228084, -21.05518411798320955, 2.000000000000000000 ) ) ;
#6746 = CARTESIAN_POINT ( 'NONE',  ( 24.66930537037450577, -7.619416278945021048, -2.099999999999998757 ) ) ;
#6747 = ADVANCED_FACE ( 'NONE', ( #2306 ), #4230, .F. ) ;
#6748 = CARTESIAN_POINT ( 'NONE',  ( 12.88702750944970887, 19.82328597831587658, 2.000000000000000000 ) ) ;
#6749 = CARTESIAN_POINT ( 'NONE',  ( 7.452140385482007190, 26.79882083607237320, 2.000000000000000000 ) ) ;
#6750 = CARTESIAN_POINT ( 'NONE',  ( 19.55560045884524456, 15.67357176803118790, 2.000000000000000000 ) ) ;
#6751 = CARTESIAN_POINT ( 'NONE',  ( -24.31514428139131923, 10.69735948946558501, -2.099999999999999645 ) ) ;
#6752 = ORIENTED_EDGE ( 'NONE', *, *, #6069, .T. ) ;
#6753 = CARTESIAN_POINT ( 'NONE',  ( 23.47699277379169303, -15.36259000563083355, -2.099999999999999645 ) ) ;
#6754 = CARTESIAN_POINT ( 'NONE',  ( -25.38017819848320755, -10.66028906994525194, 2.000000000000000000 ) ) ;
#6755 = CARTESIAN_POINT ( 'NONE',  ( 15.02890815691218229, 19.71604682249878238, -2.099999999999998757 ) ) ;
#6756 = LINE ( 'NONE', #8101, #2777 ) ;
#6757 = CARTESIAN_POINT ( 'NONE',  ( -17.25657676350752823, -16.16318976602640589, 2.000000000000000000 ) ) ;
#6758 = CARTESIAN_POINT ( 'NONE',  ( -25.36983614870255366, 1.341743455198745716, 2.000000000000000000 ) ) ;
#6759 = CARTESIAN_POINT ( 'NONE',  ( 3.499191490208520605, 23.38362255772745613, -2.099999999999998757 ) ) ;
#6760 = CARTESIAN_POINT ( 'NONE',  ( -22.62472994142221694, 16.49610848302603117, 2.000000000000000000 ) ) ;
#6761 = ORIENTED_EDGE ( 'NONE', *, *, #1114, .F. ) ;
#6762 = CARTESIAN_POINT ( 'NONE',  ( 1.474499619732455580, -26.25856105065617641, 2.000000000000000000 ) ) ;
#6763 = PRESENTATION_STYLE_ASSIGNMENT (( #325 ) ) ;
#6764 = CARTESIAN_POINT ( 'NONE',  ( -17.76075994573093197, -17.29583732711387967, 2.000000000000000000 ) ) ;
#6765 = CARTESIAN_POINT ( 'NONE',  ( 21.23055223844789197, 12.41767842381812414, 2.000000000000000000 ) ) ;
#6766 = CARTESIAN_POINT ( 'NONE',  ( -26.24483786523219209, 1.701370919965209838, 2.000000000000000000 ) ) ;
#6767 = CARTESIAN_POINT ( 'NONE',  ( 14.84924240491750069, 14.84924240491749714, 2.100000000000001865 ) ) ;
#6768 = CARTESIAN_POINT ( 'NONE',  ( -18.08041819905085745, -21.45406346427656175, -2.099999999999999645 ) ) ;
#6769 = ORIENTED_EDGE ( 'NONE', *, *, #3244, .T. ) ;
#6770 = CARTESIAN_POINT ( 'NONE',  ( -7.656852614504648713, -23.37322600383987847, -2.099999999999998757 ) ) ;
#6771 = DIRECTION ( 'NONE',  ( -1.000000000000000000, 0.000000000000000000, 0.000000000000000000 ) ) ;
#6772 = CARTESIAN_POINT ( 'NONE',  ( -25.19179192507393239, 1.283507464112904284, -2.099999999999998757 ) ) ;
#6773 = CARTESIAN_POINT ( 'NONE',  ( -8.993578510876927723, 21.86672564825610010, 2.000000000000000000 ) ) ;
#6774 = CARTESIAN_POINT ( 'NONE',  ( -24.31153459173803810, -7.374154019703442309, -2.099999999999999645 ) ) ;
#6775 = CARTESIAN_POINT ( 'NONE',  ( 7.768531058981743342, -22.33132486425837726, -2.099999999999999645 ) ) ;
#6776 = CARTESIAN_POINT ( 'NONE',  ( 27.44567954253905384, -2.366745034183022067, 2.000000000000000000 ) ) ;
#6777 = CARTESIAN_POINT ( 'NONE',  ( 18.73200657000871416, 19.22781655172589055, 2.000000000000000000 ) ) ;
#6778 = ORIENTED_EDGE ( 'NONE', *, *, #2383, .F. ) ;
#6779 = CARTESIAN_POINT ( 'NONE',  ( -8.512968716744140352, 21.89757064776836515, -2.099999999999998757 ) ) ;
#6780 = ADVANCED_FACE ( 'NONE', ( #4192 ), #5916, .T. ) ;
#6781 = CARTESIAN_POINT ( 'NONE',  ( -22.09815905990547336, 10.35588323418787127, -2.099999999999998757 ) ) ;
#6782 = CARTESIAN_POINT ( 'NONE',  ( -20.07157227525353704, -15.89590000543998194, -2.099999999999998757 ) ) ;
#6783 = CARTESIAN_POINT ( 'NONE',  ( 27.19385066028187126, 4.276646190873487186, -2.099999999999998757 ) ) ;
#6784 = CARTESIAN_POINT ( 'NONE',  ( 1.750000000000000444, 21.00000000000000000, 2.100000000000001865 ) ) ;
#6785 = CARTESIAN_POINT ( 'NONE',  ( 23.32186741149924103, -4.882063647943439832, -2.099999999999998757 ) ) ;
#6786 = CIRCLE ( 'NONE', #3151, 27.99999957948218565 ) ;
#6787 = CARTESIAN_POINT ( 'NONE',  ( 15.68419099428256303, 20.23743569325270997, 2.000000000000000000 ) ) ;
#6788 = CARTESIAN_POINT ( 'NONE',  ( 7.715738321650222886, 25.14266413352903839, 2.000000000000000000 ) ) ;
#6789 = CARTESIAN_POINT ( 'NONE',  ( 7.741715957670631809, -24.19699765967529004, 2.000000000000000000 ) ) ;
#6790 = DIRECTION ( 'NONE',  ( 0.000000000000000000, 0.000000000000000000, -1.000000000000000000 ) ) ;
#6791 = CARTESIAN_POINT ( 'NONE',  ( 27.87379644711753102, 2.655456283891157288, 2.000000000000000000 ) ) ;
#6792 = CARTESIAN_POINT ( 'NONE',  ( 20.80453127045304740, -12.00354473513042208, 2.000000000000000000 ) ) ;
#6793 = CARTESIAN_POINT ( 'NONE',  ( -23.08741356227222496, -10.60189590196922893, -2.099999999999998757 ) ) ;
#6794 = CARTESIAN_POINT ( 'NONE',  ( -13.64872344093925882, -24.44815585854601991, 2.000000000000000000 ) ) ;
#6795 = CIRCLE ( 'NONE', #3971, 1.750000000000001776 ) ;
#6796 = CARTESIAN_POINT ( 'NONE',  ( -13.58617081224543988, 23.15195374360797942, 2.000000000000000000 ) ) ;
#6797 = CARTESIAN_POINT ( 'NONE',  ( -17.98147192499884284, -15.23115522593614024, -2.099999999999998757 ) ) ;
#6798 = CARTESIAN_POINT ( 'NONE',  ( 13.64872344037188867, 24.44815634059745690, -2.099999999999998757 ) ) ;
#6799 = AXIS2_PLACEMENT_3D ( 'NONE', #2828, #5273, #7288 ) ;
#6800 = CARTESIAN_POINT ( 'NONE',  ( 3.705239350424536671, 23.53752846792088960, -2.099999999999998757 ) ) ;
#6801 = DIRECTION ( 'NONE',  ( -1.000000000000000000, 0.000000000000000000, -0.000000000000000000 ) ) ;
#6802 = EDGE_LOOP ( 'NONE', ( #5126, #2428, #851, #2091 ) ) ;
#6803 = CARTESIAN_POINT ( 'NONE',  ( 0.9587223012481048690, -27.53084922696113424, -2.099999999999998757 ) ) ;
#6804 = DIRECTION ( 'NONE',  ( 0.000000000000000000, 0.000000000000000000, -1.000000000000000000 ) ) ;
#6805 = CARTESIAN_POINT ( 'NONE',  ( -22.09150218632039397, -16.42439464915885594, 2.000000000000000000 ) ) ;
#6806 = CARTESIAN_POINT ( 'NONE',  ( 22.61633054543464283, 13.93417863138607871, 2.000000000000000000 ) ) ;
#6807 = CARTESIAN_POINT ( 'NONE',  ( -25.36983614870255366, 1.341743455198745716, -2.099999999999998757 ) ) ;
#6808 = DIRECTION ( 'NONE',  ( 0.000000000000000000, 0.000000000000000000, -1.000000000000000000 ) ) ;
#6809 = AXIS2_PLACEMENT_3D ( 'NONE', #93, #180, #2709 ) ;
#6810 = CARTESIAN_POINT ( 'NONE',  ( -12.36707959469685392, -25.12081492106561242, -2.099999999999998757 ) ) ;
#6811 = CARTESIAN_POINT ( 'NONE',  ( -22.85055158908931716, -6.414095051321358376, 2.000000000000000000 ) ) ;
#6812 = ORIENTED_EDGE ( 'NONE', *, *, #633, .T. ) ;
#6813 = CARTESIAN_POINT ( 'NONE',  ( -7.657608382361889454, -22.56335699501521219, -2.099999999999998757 ) ) ;
#6814 = CARTESIAN_POINT ( 'NONE',  ( 19.10294300318478378, 20.47138356506643575, 2.000000000000000000 ) ) ;
#6815 = CARTESIAN_POINT ( 'NONE',  ( -9.484645845787898821, 22.17444536155052148, 2.000000000000000000 ) ) ;
#6816 = CARTESIAN_POINT ( 'NONE',  ( -23.10489730742583703, -5.020145956116677688, 2.000000000000000000 ) ) ;
#6817 = CARTESIAN_POINT ( 'NONE',  ( 10.38530154243853865, -23.40284517865930169, 2.000000000000000000 ) ) ;
#6818 = CARTESIAN_POINT ( 'NONE',  ( 0.8222169759748538809, 27.80351002202151633, 2.000000000000000000 ) ) ;
#6819 = AXIS2_PLACEMENT_3D ( 'NONE', #5466, #6804, #1590 ) ;
#6820 = ORIENTED_EDGE ( 'NONE', *, *, #841, .F. ) ;
#6821 = CARTESIAN_POINT ( 'NONE',  ( -10.70787966366669863, 23.74905515802275602, -2.099999999999998757 ) ) ;
#6822 = CARTESIAN_POINT ( 'NONE',  ( -21.38382933992361501, 12.54282366362884105, -2.099999999999998757 ) ) ;
#6823 = CARTESIAN_POINT ( 'NONE',  ( -18.80342269287539736, -15.26496932198517875, -2.099999999999998757 ) ) ;
#6824 = CARTESIAN_POINT ( 'NONE',  ( 23.44696895445782658, -15.30488886923695979, 2.000000000000000000 ) ) ;
#6825 = CARTESIAN_POINT ( 'NONE',  ( 22.28520553958147943, 13.49243943284464819, 2.000000000000000000 ) ) ;
#6826 = CARTESIAN_POINT ( 'NONE',  ( 23.58537593626265050, -6.976039544898372746, -2.099999999999998757 ) ) ;
#6827 = B_SPLINE_CURVE_WITH_KNOTS ( 'NONE', 3,
 ( #3721, #5028, #3843, #4385, #7553, #8141, #2384, #6956, #4949, #5698, #1789, #1748, #6251, #481, #4344, #6916, #6293, #1321, #3384, #4019, #646, #5286, #3888, #4693, #5826, #1955, #6459, #6502, #821, #688, #3254, #185, #98, #2672, #2714, #4060, #1493, #2087, #2629, #5917, #3211, #2756, #5200, #5785, #5330, #7174, #7219, #4647, #5244, #7891, #4514, #7768, #2003, #2128, #1364 ),
 .UNSPECIFIED., .F., .F.,
 ( 4, 1, 1, 1, 1, 1, 1, 1, 1, 1, 1, 1, 1, 1, 1, 1, 1, 1, 1, 1, 1, 1, 1, 1, 1, 1, 1, 1, 1, 1, 1, 1, 1, 1, 1, 1, 1, 1, 1, 1, 1, 1, 1, 1, 1, 1, 1, 1, 1, 1, 1, 1, 4 ),
 ( 0.01037070964479204667, 0.06767854499841075011, 0.09884629602760430789, 0.1282330327458526265, 0.1558387551553858108, 0.1816634632588949305, 0.2057071570596704646, 0.2279698365617907063, 0.2484515017704002071, 0.2671521526921107892, 0.2840717893356240475, 0.2992104117127127871, 0.3125680198398574916, 0.3241446137411457817, 0.3339401934538051009, 0.3662021699428081867, 0.3760430630535979701, 0.3856763336118157470, 0.3952492422856400678, 0.4049624801021076692, 0.4150869914083017420, 0.4259748013331248195, 0.4380386266454291966, 0.4516469595390834035, 0.4668849008038628012, 0.4803437228220500677, 0.5000000000000002220, 0.5196562771779504875, 0.5331150991961376429, 0.5483530404609170406, 0.5619613733545713030, 0.5740251986668756246, 0.5849130085916987021, 0.5950375198978927749, 0.6047507577143603763, 0.6143236663881848081, 0.6239569369464024184, 0.6337978300571922574, 0.6660598065461953432, 0.6758553862588546624, 0.6874319801601429525, 0.7007895882872876570, 0.7159282106643762855, 0.7328478473078895439, 0.7515484982296001260, 0.7720301634382096267, 0.7942928429403297574, 0.8183365367411052915, 0.8441612448446143002, 0.8717669672541474846, 0.9011537039723958031, 0.9323214550015893609, 0.9896292903552000864 ),
 .UNSPECIFIED. ) ;
#6828 = CIRCLE ( 'NONE', #5496, 27.99999957948219276 ) ;
#6829 = CARTESIAN_POINT ( 'NONE',  ( -3.359200862297582191, -23.32460485566309316, 2.000000000000000000 ) ) ;
#6830 = CARTESIAN_POINT ( 'NONE',  ( 7.705310163655073374, 23.69563005194942917, 2.000000000000000000 ) ) ;
#6831 = DIRECTION ( 'NONE',  ( 0.000000000000000000, 0.000000000000000000, -1.000000000000000000 ) ) ;
#6832 = CARTESIAN_POINT ( 'NONE',  ( 22.41476768503926920, -16.47086518437623681, -2.099999999999998757 ) ) ;
#6833 = CIRCLE ( 'NONE', #517, 18.00000000000000000 ) ;
#6834 = CARTESIAN_POINT ( 'NONE',  ( 19.10294300318481575, -20.47138356506650325, 2.000000000000000000 ) ) ;
#6836 = CARTESIAN_POINT ( 'NONE',  ( 21.58955567576248669, -12.72687891813089145, -2.099999999999999645 ) ) ;
#6835 = CARTESIAN_POINT ( 'NONE',  ( 25.56471904745757939, 1.411662356313488909, -2.099999999999998757 ) ) ;
#6837 = CARTESIAN_POINT ( 'NONE',  ( -20.71178771499497628, -11.09036006156943088, -2.099999999999998757 ) ) ;
#6838 = CARTESIAN_POINT ( 'NONE',  ( 17.51894851293338817, 21.23397417764310902, -2.099999999999998757 ) ) ;
#6839 = DIRECTION ( 'NONE',  ( -0.000000000000000000, -0.000000000000000000, 1.000000000000000000 ) ) ;
#6840 = CARTESIAN_POINT ( 'NONE',  ( -18.83778878485557939, -19.53549755878801975, -2.099999999999998757 ) ) ;
#6841 = CARTESIAN_POINT ( 'NONE',  ( -23.63491054742289421, 0.6550942090464527690, 2.000000000000000000 ) ) ;
#6842 = CARTESIAN_POINT ( 'NONE',  ( 4.482856113983113566, 25.20816636816326195, 2.000000000000000000 ) ) ;
#6843 = CARTESIAN_POINT ( 'NONE',  ( -18.97770164392054681, 15.34339570340774195, 2.000000000000000000 ) ) ;
#6844 = ORIENTED_EDGE ( 'NONE', *, *, #7741, .T. ) ;
#6845 = CARTESIAN_POINT ( 'NONE',  ( 5.995909907646417736, -27.35048520283306317, 2.000000000000000000 ) ) ;
#6846 = CARTESIAN_POINT ( 'NONE',  ( -5.376315588043460991, 26.60062371204863041, -2.099999999999998757 ) ) ;
#6847 = CARTESIAN_POINT ( 'NONE',  ( -19.70744990308224232, -15.74452889495768915, 2.000000000000000000 ) ) ;
#6848 = CARTESIAN_POINT ( 'NONE',  ( 20.28441937235455583, 15.97411852388380638, 2.000000000000000000 ) ) ;
#6849 = CARTESIAN_POINT ( 'NONE',  ( 7.452140315417450367, 26.79882114981106866, 2.000000000000000000 ) ) ;
#6850 = CARTESIAN_POINT ( 'NONE',  ( 17.91646094264595845, -17.52377780514962424, -2.099999999999998757 ) ) ;
#6851 = CARTESIAN_POINT ( 'NONE',  ( -1.379935885169571108, 26.52839079975561276, 2.000000000000000000 ) ) ;
#6852 = CARTESIAN_POINT ( 'NONE',  ( -15.87213422487472236, -20.36431896814133680, -2.099999999999999645 ) ) ;
#6853 = ORIENTED_EDGE ( 'NONE', *, *, #5439, .F. ) ;
#6854 = CARTESIAN_POINT ( 'NONE',  ( -7.768531058981738013, -22.33132486425838437, 2.000000000000000000 ) ) ;
#6855 = CARTESIAN_POINT ( 'NONE',  ( -25.77590585922884259, 1.494258687380730644, -2.099999999999998757 ) ) ;
#6856 = CARTESIAN_POINT ( 'NONE',  ( -7.452140385482025842, 26.79882083607231635, 2.000000000000000000 ) ) ;
#6857 = CARTESIAN_POINT ( 'NONE',  ( -22.99371384847795596, -6.601180838822660490, 2.000000000000000000 ) ) ;
#6858 = CARTESIAN_POINT ( 'NONE',  ( 9.945601713251333464, -22.84599953686306506, 2.000000000000000000 ) ) ;
#6859 = CARTESIAN_POINT ( 'NONE',  ( 0.9676081430913768822, 27.51106960587117811, -2.099999999999998757 ) ) ;
#6860 = EDGE_CURVE ( 'NONE', #6003, #4484, #5625, .T. ) ;
#6861 = ORIENTED_EDGE ( 'NONE', *, *, #4749, .T. ) ;
#6862 = CARTESIAN_POINT ( 'NONE',  ( -9.230471089887535285, 21.96684885186929037, -2.099999999999998757 ) ) ;
#6863 = CARTESIAN_POINT ( 'NONE',  ( -7.705310163655072486, -23.69563005194943628, -2.099999999999998757 ) ) ;
#6864 = CARTESIAN_POINT ( 'NONE',  ( -18.25928954266905180, -15.16201400375275199, -2.099999999999998757 ) ) ;
#6865 = CARTESIAN_POINT ( 'NONE',  ( 0.000000000000000000, 0.000000000000000000, -2.099999999999998757 ) ) ;
#6866 = CARTESIAN_POINT ( 'NONE',  ( 20.62323650117463103, 11.56374771533981516, -2.099999999999998757 ) ) ;
#6867 = CARTESIAN_POINT ( 'NONE',  ( -20.64571337519313943, 11.25696429976830260, 2.000000000000000000 ) ) ;
#6868 = ADVANCED_FACE ( 'NONE', ( #2007, #4518, #4561, #7092, #1325, #7138, #779, #7814, #4102, #7894, #6711, #3300, #2802 ), #7852, .T. ) ;
#6869 = CARTESIAN_POINT ( 'NONE',  ( -1.680116617297987336, -25.54848055630612436, -2.099999999999998757 ) ) ;
#6870 = CARTESIAN_POINT ( 'NONE',  ( -2.035327432088044119, -23.74029248485179266, -2.099999999999998757 ) ) ;
#6871 = CARTESIAN_POINT ( 'NONE',  ( 7.650756190596017525, -25.73058353783937235, 2.000000000000000000 ) ) ;
#6872 = FACE_OUTER_BOUND ( 'NONE', #4737, .T. ) ;
#6873 = ORIENTED_EDGE ( 'NONE', *, *, #6255, .F. ) ;
#6875 = CARTESIAN_POINT ( 'NONE',  ( 23.44696895445778395, 15.30488886923690650, 2.000000000000000000 ) ) ;
#6874 = CARTESIAN_POINT ( 'NONE',  ( 26.77150907641003741, 1.970609361940795390, -2.099999999999998757 ) ) ;
#6876 = DIRECTION ( 'NONE',  ( 0.9709418174260521228, -0.2393156642875574336, 0.000000000000000000 ) ) ;
#6877 = CARTESIAN_POINT ( 'NONE',  ( -8.843531895616193239, 21.84292484346595486, -2.099999999999998757 ) ) ;
#6878 = CARTESIAN_POINT ( 'NONE',  ( 7.605208680130572496, -22.99453835804834512, -2.099999999999998757 ) ) ;
#6879 = CARTESIAN_POINT ( 'NONE',  ( -19.42345833902674812, -15.60717637591975837, -2.099999999999998757 ) ) ;
#6880 = CARTESIAN_POINT ( 'NONE',  ( -24.37956700134304810, 1.099847363974305381, 2.000000000000000000 ) ) ;
#6881 = CARTESIAN_POINT ( 'NONE',  ( 4.389956462724860842, 25.02313217738666040, -2.099999999999998757 ) ) ;
#6882 = CARTESIAN_POINT ( 'NONE',  ( -17.71416793792180400, 15.43316205167865540, 2.000000000000000000 ) ) ;
#6883 = VERTEX_POINT ( 'NONE', #7177 ) ;
#6884 = CARTESIAN_POINT ( 'NONE',  ( -2.320354714939441898, 23.45074361513812278, 2.000000000000000000 ) ) ;
#6885 = CARTESIAN_POINT ( 'NONE',  ( -18.09985454995500831, -17.82762258356555307, 2.000000000000000000 ) ) ;
#6886 = CARTESIAN_POINT ( 'NONE',  ( 20.07157227525352994, 15.89590000543998194, 2.000000000000000000 ) ) ;
#6887 = CARTESIAN_POINT ( 'NONE',  ( -26.50130185302209540, 1.827769560624219913, -2.099999999999998757 ) ) ;
#6888 = CARTESIAN_POINT ( 'NONE',  ( 0.000000000000000000, 0.000000000000000000, -2.099999999999998757 ) ) ;
#6889 = CARTESIAN_POINT ( 'NONE',  ( 17.59000231784553137, 15.58338223461977279, 2.000000000000000000 ) ) ;
#6890 = CARTESIAN_POINT ( 'NONE',  ( -26.06641539771073468, -8.850830286109186318, 2.000000000000000000 ) ) ;
#6891 = ORIENTED_EDGE ( 'NONE', *, *, #5594, .F. ) ;
#6892 = CARTESIAN_POINT ( 'NONE',  ( -7.701896059577412856, -22.44925656542958592, 2.000000000000000000 ) ) ;
#6893 = CARTESIAN_POINT ( 'NONE',  ( 25.56471904745758295, -1.411662356313489353, 2.000000000000000000 ) ) ;
#6894 = CARTESIAN_POINT ( 'NONE',  ( -7.988790274807843872, 22.11659910479056279, 2.000000000000000000 ) ) ;
#6895 = CARTESIAN_POINT ( 'NONE',  ( -22.79134869580807887, -6.292262679950373361, 2.000000000000000000 ) ) ;
#6896 = CARTESIAN_POINT ( 'NONE',  ( 7.612592773523897627, -22.78073832991432823, -2.099999999999999645 ) ) ;
#6897 = CARTESIAN_POINT ( 'NONE',  ( 1.474499619732432265, 26.25856105065618706, -2.099999999999998757 ) ) ;
#6898 = ORIENTED_EDGE ( 'NONE', *, *, #118, .T. ) ;
#6899 = CARTESIAN_POINT ( 'NONE',  ( -10.25081980592599429, 23.24542008693365958, 2.000000000000000000 ) ) ;
#6900 = CARTESIAN_POINT ( 'NONE',  ( -24.48402185937397491, 7.488679734998046733, -2.099999999999998757 ) ) ;
#6901 = CARTESIAN_POINT ( 'NONE',  ( 8.673617379884035472E-15, -21.00000000000000000, 2.100000000000001865 ) ) ;
#6902 = DIRECTION ( 'NONE',  ( -0.000000000000000000, -0.000000000000000000, -1.000000000000000000 ) ) ;
#6903 = CARTESIAN_POINT ( 'NONE',  ( 22.44798333931210976, 13.70307343545947454, -2.099999999999998757 ) ) ;
#6904 = CARTESIAN_POINT ( 'NONE',  ( 26.31772476319045140, -9.122342505286646031, -2.099999999999998757 ) ) ;
#6905 = CARTESIAN_POINT ( 'NONE',  ( -2.198555820827210905, -23.54154832015335330, -2.099999999999998757 ) ) ;
#6906 = CARTESIAN_POINT ( 'NONE',  ( 9.768079280210443471, 22.57254334279472374, 2.000000000000000000 ) ) ;
#6907 = CARTESIAN_POINT ( 'NONE',  ( -2.198555820827210905, -23.54154832015335330, 2.000000000000000000 ) ) ;
#6908 = CARTESIAN_POINT ( 'NONE',  ( -20.65156267108764254, 11.69620803915341689, -2.099999999999999645 ) ) ;
#6909 = ORIENTED_EDGE ( 'NONE', *, *, #142, .F. ) ;
#6911 = CARTESIAN_POINT ( 'NONE',  ( 20.94077984017083338, -12.16847291378769569, -2.099999999999999645 ) ) ;
#6910 = CARTESIAN_POINT ( 'NONE',  ( 24.76338133992250690, 1.168557790373921934, -2.099999999999998757 ) ) ;
#6912 = CARTESIAN_POINT ( 'NONE',  ( 23.19083049382816242, -14.83174289765553766, -2.099999999999998757 ) ) ;
#6913 = CARTESIAN_POINT ( 'NONE',  ( 27.42711520703381822, 2.355539810268457934, 2.000000000000000000 ) ) ;
#6914 = CARTESIAN_POINT ( 'NONE',  ( -22.82097940566847782, -5.624866236205940950, -2.099999999999998757 ) ) ;
#6915 = ADVANCED_FACE ( 'NONE', ( #4063 ), #6590, .T. ) ;
#6916 = CARTESIAN_POINT ( 'NONE',  ( 19.13918860107962416, -15.44754172932142744, 2.000000000000000000 ) ) ;
#6917 = CARTESIAN_POINT ( 'NONE',  ( 12.86131782747429497, 20.40223119301177945, 2.000000000000000000 ) ) ;
#6918 = CARTESIAN_POINT ( 'NONE',  ( 5.644338589985517629, 26.94321158145697126, -2.099999999999998757 ) ) ;
#6919 = CARTESIAN_POINT ( 'NONE',  ( -19.42345833902675167, 15.60717637591974238, -2.099999999999998757 ) ) ;
#6920 = VECTOR ( 'NONE', #4000, 1000.000000000000000 ) ;
#6921 = VERTEX_POINT ( 'NONE', #1577 ) ;
#6922 = CARTESIAN_POINT ( 'NONE',  ( -23.21393719209896034, 4.939781705126430111, 2.000000000000000000 ) ) ;
#6923 = CARTESIAN_POINT ( 'NONE',  ( -3.705239350424565981, 23.53752846792088604, 2.000000000000000000 ) ) ;
#6924 = CARTESIAN_POINT ( 'NONE',  ( 12.83485696772680562, -20.07512121109397896, -2.099999999999998757 ) ) ;
#6925 = CARTESIAN_POINT ( 'NONE',  ( 26.28829541374616596, 9.090474067310877260, 2.000000000000000000 ) ) ;
#6926 = CARTESIAN_POINT ( 'NONE',  ( 7.616738452866461451, 23.18530238615923622, -2.099999999999997868 ) ) ;
#6927 = CARTESIAN_POINT ( 'NONE',  ( 18.83778878485559360, -19.53549755878801264, 2.000000000000000000 ) ) ;
#6928 = CIRCLE ( 'NONE', #4122, 27.99999957948219276 ) ;
#6929 = CARTESIAN_POINT ( 'NONE',  ( -0.6932882410798583139, 28.04813207321578972, 2.000000000000000000 ) ) ;
#6930 = CARTESIAN_POINT ( 'NONE',  ( -15.51594276222061453, -20.11676867469219587, 2.000000000000000000 ) ) ;
#6931 = ORIENTED_EDGE ( 'NONE', *, *, #3760, .F. ) ;
#6932 = CARTESIAN_POINT ( 'NONE',  ( -10.53741832910564646, -23.57101921525815769, -2.099999999999998757 ) ) ;
#6933 = CARTESIAN_POINT ( 'NONE',  ( -23.63491054742290132, -0.6550942090464579870, -2.099999999999998757 ) ) ;
#6934 = CARTESIAN_POINT ( 'NONE',  ( -10.89735721165043536, 23.93603524774559332, 2.000000000000000000 ) ) ;
#6935 = VECTOR ( 'NONE', #4891, 1000.000000000000000 ) ;
#6936 = CARTESIAN_POINT ( 'NONE',  ( -23.40793038981978924, -6.902300070437910051, -2.099999999999999645 ) ) ;
#6937 = CARTESIAN_POINT ( 'NONE',  ( -22.62472946281705433, 16.49610842548437972, 2.000000000000000000 ) ) ;
#6938 = ORIENTED_EDGE ( 'NONE', *, *, #2999, .F. ) ;
#6939 = CARTESIAN_POINT ( 'NONE',  ( -8.993578510876927723, 21.86672564825610010, 2.000000000000000000 ) ) ;
#6940 = CARTESIAN_POINT ( 'NONE',  ( -25.29380829876431136, 8.116834556469559203, -2.099999999999998757 ) ) ;
#6941 = CARTESIAN_POINT ( 'NONE',  ( -13.64872344037204499, 24.44815634047358444, -2.099999999999998757 ) ) ;
#6942 = CARTESIAN_POINT ( 'NONE',  ( -22.46994110604166650, -10.47341059000766883, 2.000000000000000000 ) ) ;
#6943 = LINE ( 'NONE', #1650, #4546 ) ;
#6944 = CARTESIAN_POINT ( 'NONE',  ( -23.19083041061901440, 14.83174276022292482, 2.000000000000000000 ) ) ;
#6945 = CARTESIAN_POINT ( 'NONE',  ( -2.833089530561774261, -23.33259147460854166, -2.099999999999998757 ) ) ;
#6946 = CARTESIAN_POINT ( 'NONE',  ( -13.41263264250316922, -22.06199033373687257, 2.000000000000000000 ) ) ;
#6947 = CARTESIAN_POINT ( 'NONE',  ( -1.939597136465237570, -23.94058417290086993, 2.000000000000000000 ) ) ;
#6948 = CARTESIAN_POINT ( 'NONE',  ( -21.38382933992361501, 12.54282366362884105, -2.099999999999999645 ) ) ;
#6949 = CARTESIAN_POINT ( 'NONE',  ( 10.38530154243853154, 23.40284517865930169, -2.099999999999998757 ) ) ;
#6951 = CARTESIAN_POINT ( 'NONE',  ( 16.82973023395797441, -20.91308632741409923, -2.099999999999998757 ) ) ;
#6950 = CARTESIAN_POINT ( 'NONE',  ( 27.69989843459950762, 2.535120708970317160, -2.099999999999998757 ) ) ;
#6952 = EDGE_CURVE ( 'NONE', #1368, #1883, #2005, .T. ) ;
#6953 = CARTESIAN_POINT ( 'NONE',  ( 25.03107770533010523, 1.235924829161913818, 2.000000000000000000 ) ) ;
#6954 = AXIS2_PLACEMENT_3D ( 'NONE', #6734, #2903, #969 ) ;
#6955 = CARTESIAN_POINT ( 'NONE',  ( 10.38530154243853865, -23.40284517865930169, -2.099999999999998757 ) ) ;
#6956 = CARTESIAN_POINT ( 'NONE',  ( 20.51809281624190007, -16.05254419007954780, 2.000000000000000000 ) ) ;
#6957 = CARTESIAN_POINT ( 'NONE',  ( 13.66345410753368128, 19.13830577319236426, -2.099999999999998757 ) ) ;
#6958 = CIRCLE ( 'NONE', #1847, 28.00000000000000000 ) ;
#6959 = CARTESIAN_POINT ( 'NONE',  ( -4.144933467011490791, 24.44197433207706638, -2.099999999999998757 ) ) ;
#6960 = CARTESIAN_POINT ( 'NONE',  ( -18.09985454995501897, 17.82762258356554241, 2.000000000000000000 ) ) ;
#6961 = ORIENTED_EDGE ( 'NONE', *, *, #707, .T. ) ;
#6962 = CARTESIAN_POINT ( 'NONE',  ( -24.59949625084631819, 4.790317889056091794, 2.000000000000000000 ) ) ;
#6963 = CARTESIAN_POINT ( 'NONE',  ( -2.035327432088060551, 23.74029248485179266, 2.000000000000000000 ) ) ;
#6964 = CARTESIAN_POINT ( 'NONE',  ( 13.81390900009209943, -19.09181343516790719, -2.099999999999998757 ) ) ;
#6965 = CARTESIAN_POINT ( 'NONE',  ( 23.40793038981978924, 6.902300070437923374, 2.000000000000000000 ) ) ;
#6966 = CARTESIAN_POINT ( 'NONE',  ( 9.673488752447894967, 22.40527988562696393, 2.000000000000000000 ) ) ;
#6967 = CARTESIAN_POINT ( 'NONE',  ( 23.58537593626264695, 6.976039544898394062, 2.000000000000000000 ) ) ;
#6968 = CIRCLE ( 'NONE', #7649, 1.750000000000001554 ) ;
#6969 = CARTESIAN_POINT ( 'NONE',  ( 21.69704443755539813, 10.30300297322496661, -2.099999999999998757 ) ) ;
#6970 = CARTESIAN_POINT ( 'NONE',  ( 4.389956462724860842, 25.02313217738666040, -2.099999999999998757 ) ) ;
#6971 = EDGE_LOOP ( 'NONE', ( #6600, #2860, #4450, #6671 ) ) ;
#6972 = CARTESIAN_POINT ( 'NONE',  ( 5.008822010445495465, -26.08776424953685336, -2.099999999999998757 ) ) ;
#6973 = FACE_OUTER_BOUND ( 'NONE', #5547, .T. ) ;
#6974 = CARTESIAN_POINT ( 'NONE',  ( -17.35181857730701083, 15.87069998699208107, 2.000000000000000000 ) ) ;
#6975 = CARTESIAN_POINT ( 'NONE',  ( -26.46517536639175106, -4.493494443281870865, -2.099999999999999645 ) ) ;
#6976 = CARTESIAN_POINT ( 'NONE',  ( 7.385499903920978326, -27.06718959461727891, 2.000000000000000000 ) ) ;
#6977 = EDGE_CURVE ( 'NONE', #3635, #423, #2276, .T. ) ;
#6978 = CARTESIAN_POINT ( 'NONE',  ( -1.939597136465254223, 23.94058417290087348, 2.000000000000000000 ) ) ;
#6979 = CARTESIAN_POINT ( 'NONE',  ( -12.88716835993242960, 20.50631329690557436, 2.000000000000000000 ) ) ;
#6980 = VERTEX_POINT ( 'NONE', #3428 ) ;
#6981 = CARTESIAN_POINT ( 'NONE',  ( -7.733032203436374097, 24.00987265162540751, -2.099999999999998757 ) ) ;
#6982 = CARTESIAN_POINT ( 'NONE',  ( -24.76692767734244427, 4.782579349257304102, -2.099999999999998757 ) ) ;
#6983 = CARTESIAN_POINT ( 'NONE',  ( -18.00520414013333692, -17.66596715945037843, -2.099999999999998757 ) ) ;
#6984 = CARTESIAN_POINT ( 'NONE',  ( 26.42834261551470831, 9.248930024439001585, -2.099999999999998757 ) ) ;
#6985 = CARTESIAN_POINT ( 'NONE',  ( 21.69704443755539813, 10.30300297322496661, -2.099999999999998757 ) ) ;
#6986 = EDGE_CURVE ( 'NONE', #7264, #7147, #1574, .T. ) ;
#6987 = CARTESIAN_POINT ( 'NONE',  ( -22.78920619399659131, 14.18622855212691292, 2.000000000000000000 ) ) ;
#6988 = CARTESIAN_POINT ( 'NONE',  ( -1.555379675915617765, -26.00494379640384324, 2.000000000000000000 ) ) ;
#6989 = CARTESIAN_POINT ( 'NONE',  ( 10.03175227225609945, 22.96619924196638607, 2.000000000000000000 ) ) ;
#6990 = CARTESIAN_POINT ( 'NONE',  ( 19.70744990308223876, 15.74452889495768915, -2.099999999999998757 ) ) ;
#6991 = CARTESIAN_POINT ( 'NONE',  ( -21.10401706161572122, 10.48531763796956895, 2.000000000000000000 ) ) ;
#6992 = CARTESIAN_POINT ( 'NONE',  ( -13.50602898338108560, -19.22398027845277113, 2.000000000000000000 ) ) ;
#6993 = DIRECTION ( 'NONE',  ( -1.000000000000000000, 0.000000000000000000, 0.000000000000000000 ) ) ;
#6994 = CARTESIAN_POINT ( 'NONE',  ( 7.688595528318259653, 23.56854007989867483, -2.099999999999998757 ) ) ;
#6996 = CARTESIAN_POINT ( 'NONE',  ( 17.12241726305228084, -21.05518411798320955, -2.099999999999998757 ) ) ;
#6995 = CARTESIAN_POINT ( 'NONE',  ( -14.42373451280541552, 19.20597537996031434, -2.099999999999998757 ) ) ;
#6997 = CARTESIAN_POINT ( 'NONE',  ( 12.88716835993242071, 20.50631329690558147, -2.099999999999998757 ) ) ;
#6998 = EDGE_CURVE ( 'NONE', #7147, #7264, #2674, .T. ) ;
#6999 = EDGE_CURVE ( 'NONE', #4072, #1255, #381, .T. ) ;
#7000 = CARTESIAN_POINT ( 'NONE',  ( 8.512968716744138575, -21.89757064776837225, -2.099999999999998757 ) ) ;
#7001 = CARTESIAN_POINT ( 'NONE',  ( -12.36707959469690365, 25.12081492106559111, -2.099999999999998757 ) ) ;
#7002 = CARTESIAN_POINT ( 'NONE',  ( 12.95267602360809178, 19.68627963667923098, 2.000000000000000000 ) ) ;
#7003 = CARTESIAN_POINT ( 'NONE',  ( -2.105634209995062012, 23.64010634127342669, -2.099999999999998757 ) ) ;
#7004 = CARTESIAN_POINT ( 'NONE',  ( -17.76075994573093908, 17.29583732711386546, -2.099999999999998757 ) ) ;
#7005 = ORIENTED_EDGE ( 'NONE', *, *, #7607, .F. ) ;
#7006 = CARTESIAN_POINT ( 'NONE',  ( -25.75863198250611319, 8.543467069173791728, 2.000000000000000000 ) ) ;
#7007 = CARTESIAN_POINT ( 'NONE',  ( -1.810672407536207729, 24.85107952805194387, 2.000000000000000000 ) ) ;
#7008 = CARTESIAN_POINT ( 'NONE',  ( 13.35177211813242515, -19.34338136197018798, 2.000000000000000000 ) ) ;
#7009 = CARTESIAN_POINT ( 'NONE',  ( 23.21393719209897100, 4.939781705126463862, 2.000000000000000000 ) ) ;
#7010 = CARTESIAN_POINT ( 'NONE',  ( 9.873836557350646359, 22.73978747338223272, -2.099999999999997868 ) ) ;
#7011 = CARTESIAN_POINT ( 'NONE',  ( 24.48402185937396425, 7.488679734998076931, 2.000000000000000000 ) ) ;
#7012 = CARTESIAN_POINT ( 'NONE',  ( 21.07590994840522924, 12.30361618564758963, -2.099999999999998757 ) ) ;
#7013 = CARTESIAN_POINT ( 'NONE',  ( 3.952016953262611043, 23.89496924813285617, -2.099999999999998757 ) ) ;
#7014 = ORIENTED_EDGE ( 'NONE', *, *, #1880, .T. ) ;
#7015 = CARTESIAN_POINT ( 'NONE',  ( 5.376315588043452109, -26.60062371204863396, 2.000000000000000000 ) ) ;
#7016 = CARTESIAN_POINT ( 'NONE',  ( -23.49332454121249825, -0.1947784575707349475, -2.099999999999998757 ) ) ;
#7017 = CARTESIAN_POINT ( 'NONE',  ( -22.41476736692504090, 16.47086513864621438, 2.000000000000000000 ) ) ;
#7018 = CARTESIAN_POINT ( 'NONE',  ( -24.76692767734244782, -4.782579349257321866, -2.099999999999999645 ) ) ;
#7019 = LINE ( 'NONE', #2022, #6271 ) ;
#7020 = CARTESIAN_POINT ( 'NONE',  ( -1.726035193247326571, 25.34659078107458896, 2.000000000000000000 ) ) ;
#7021 = CARTESIAN_POINT ( 'NONE',  ( -13.36064030761172639, 21.84126693107096173, 2.000000000000000000 ) ) ;
#7022 = VERTEX_POINT ( 'NONE', #8132 ) ;
#7023 = CARTESIAN_POINT ( 'NONE',  ( -15.87213422487472236, -20.36431896814133680, -2.099999999999998757 ) ) ;
#7024 = CARTESIAN_POINT ( 'NONE',  ( -23.74358889077459267, 4.778072828450320664, -2.099999999999998757 ) ) ;
#7025 = CARTESIAN_POINT ( 'NONE',  ( -18.83778878485557939, -19.53549755878801975, -2.099999999999998757 ) ) ;
#7026 = LINE ( 'NONE', #1938, #6528 ) ;
#7027 = CARTESIAN_POINT ( 'NONE',  ( 23.08741356227222141, 10.60189590196924314, -2.099999999999998757 ) ) ;
#7028 = CARTESIAN_POINT ( 'NONE',  ( -23.29246673278348823, 10.63055238855664442, 2.000000000000000000 ) ) ;
#7029 = EDGE_CURVE ( 'NONE', #7895, #5042, #3612, .T. ) ;
#7030 = CARTESIAN_POINT ( 'NONE',  ( -5.376315588043444116, -26.60062371204864462, 2.000000000000000000 ) ) ;
#7031 = CARTESIAN_POINT ( 'NONE',  ( 10.53741832910564824, 23.57101921525815058, 2.000000000000000000 ) ) ;
#7032 = CARTESIAN_POINT ( 'NONE',  ( 20.51809281624189651, 16.05254419007956912, -2.099999999999998757 ) ) ;
#7033 = CARTESIAN_POINT ( 'NONE',  ( -20.74579233589062355, 11.91211842489101080, 2.000000000000000000 ) ) ;
#7034 = CARTESIAN_POINT ( 'NONE',  ( -13.18542992737235764, -19.44527382878997557, 2.000000000000000000 ) ) ;
#7035 = CARTESIAN_POINT ( 'NONE',  ( 0.9676082089449634660, -27.51106945928309599, 2.000000000000000000 ) ) ;
#7036 = CARTESIAN_POINT ( 'NONE',  ( 7.705310163655073374, 23.69563005194942917, -2.099999999999998757 ) ) ;
#7038 = CARTESIAN_POINT ( 'NONE',  ( 0.000000000000000000, 0.000000000000000000, -2.099999999999998757 ) ) ;
#7037 = CARTESIAN_POINT ( 'NONE',  ( -14.75432918952970596, 19.43920578531971799, -2.099999999999998757 ) ) ;
#7039 = CARTESIAN_POINT ( 'NONE',  ( 25.77590585922884614, 1.494258687380734196, -2.099999999999998757 ) ) ;
#7040 = CARTESIAN_POINT ( 'NONE',  ( 10.53741832910565712, -23.57101921525815413, -2.099999999999998757 ) ) ;
#7041 = CARTESIAN_POINT ( 'NONE',  ( -18.60089775827983871, -15.19605903441929051, -2.099999999999998757 ) ) ;
#7042 = CARTESIAN_POINT ( 'NONE',  ( 12.85055170543023628, 19.95373759773043787, -2.099999999999998757 ) ) ;
#7043 = CARTESIAN_POINT ( 'NONE',  ( 17.83462167525288677, 17.40060223031303721, -2.099999999999999645 ) ) ;
#7044 = CARTESIAN_POINT ( 'NONE',  ( -18.40868586258353545, 18.43357243192680173, -2.099999999999998757 ) ) ;
#7045 = ORIENTED_EDGE ( 'NONE', *, *, #7618, .F. ) ;
#7046 = CARTESIAN_POINT ( 'NONE',  ( -24.66930537037450577, 7.619416278945011278, -2.100000000000000089 ) ) ;
#7047 = CARTESIAN_POINT ( 'NONE',  ( -3.359200862297599066, 23.32460485566309316, -2.099999999999998757 ) ) ;
#7048 = CARTESIAN_POINT ( 'NONE',  ( 14.21926140100350722, -19.11953582679382535, -2.099999999999998757 ) ) ;
#7049 = CARTESIAN_POINT ( 'NONE',  ( 23.51784779677758408, 10.65556037457647776, 2.000000000000000000 ) ) ;
#7050 = CARTESIAN_POINT ( 'NONE',  ( 9.408316245588475013, 22.09971024729808775, 2.000000000000000000 ) ) ;
#7051 = FACE_OUTER_BOUND ( 'NONE', #2066, .T. ) ;
#7052 = CARTESIAN_POINT ( 'NONE',  ( 23.29246673278348467, 10.63055238855666573, -2.099999999999998757 ) ) ;
#7053 = AXIS2_PLACEMENT_3D ( 'NONE', #3337, #4055, #2666 ) ;
#7054 = CARTESIAN_POINT ( 'NONE',  ( 4.713207230075915355, 25.62151411210381369, -2.099999999999998757 ) ) ;
#7055 = VERTEX_POINT ( 'NONE', #3512 ) ;
#7056 = CARTESIAN_POINT ( 'NONE',  ( 5.183190230475051230, -26.33878392258043277, 2.000000000000000000 ) ) ;
#7057 = CARTESIAN_POINT ( 'NONE',  ( -26.24483786523220274, -1.701370919965217166, -2.099999999999998757 ) ) ;
#7058 = CARTESIAN_POINT ( 'NONE',  ( -17.98147192499884994, 15.23115522593612958, 2.000000000000000000 ) ) ;
#7059 = ADVANCED_FACE ( 'NONE', ( #4300 ), #2417, .F. ) ;
#7060 = CARTESIAN_POINT ( 'NONE',  ( 24.48402185937397491, -7.488679734998055615, -2.099999999999998757 ) ) ;
#7061 = CARTESIAN_POINT ( 'NONE',  ( 7.519427044731523679, -26.50141551931777784, 2.000000000000000000 ) ) ;
#7062 = EDGE_CURVE ( 'NONE', #1761, #2842, #253, .T. ) ;
#7063 = AXIS2_PLACEMENT_3D ( 'NONE', #8040, #1764, #3657 ) ;
#7064 = FACE_OUTER_BOUND ( 'NONE', #1970, .T. ) ;
#7065 = CARTESIAN_POINT ( 'NONE',  ( -13.25426296490209843, 21.46155364981478542, 2.000000000000000000 ) ) ;
#7066 = AXIS2_PLACEMENT_3D ( 'NONE', #5444, #6661, #5992 ) ;
#7067 = ORIENTED_EDGE ( 'NONE', *, *, #6471, .F. ) ;
#7068 = CARTESIAN_POINT ( 'NONE',  ( -7.720532692246934836, 23.84272921084243535, -2.099999999999998757 ) ) ;
#7069 = CARTESIAN_POINT ( 'NONE',  ( -24.94597949059291864, 10.68625558496336048, -2.099999999999998757 ) ) ;
#7070 = CARTESIAN_POINT ( 'NONE',  ( -23.63710370791871540, 4.790810183414316192, 2.000000000000000000 ) ) ;
#7071 = DIRECTION ( 'NONE',  ( -0.000000000000000000, -0.000000000000000000, -1.000000000000000000 ) ) ;
#7072 = CARTESIAN_POINT ( 'NONE',  ( 23.76349960547259954, 10.67578541799517744, -2.099999999999998757 ) ) ;
#7073 = CARTESIAN_POINT ( 'NONE',  ( 2.832611943458508197, 23.32865819094297066, 2.000000000000000000 ) ) ;
#7074 = CARTESIAN_POINT ( 'NONE',  ( 19.70744990308224587, -15.74452889495767849, 2.000000000000000000 ) ) ;
#7075 = VECTOR ( 'NONE', #1190, 1000.000000000000000 ) ;
#7076 = CARTESIAN_POINT ( 'NONE',  ( -4.189195047382276549, -24.56227459198278851, -2.099999999999998757 ) ) ;
#7077 = ORIENTED_EDGE ( 'NONE', *, *, #8194, .F. ) ;
#7078 = ADVANCED_FACE ( 'NONE', ( #6872 ), #5122, .T. ) ;
#7079 = LINE ( 'NONE', #1397, #3433 ) ;
#7080 = CARTESIAN_POINT ( 'NONE',  ( -20.99240193721332304, 10.59640443373927177, 2.000000000000000000 ) ) ;
#7081 = CARTESIAN_POINT ( 'NONE',  ( -13.81390900009209233, -19.09181343516791074, 2.000000000000000000 ) ) ;
#7082 = DIRECTION ( 'NONE',  ( -0.9709418174260517898, -0.2393156642875586271, 0.000000000000000000 ) ) ;
#7083 = CARTESIAN_POINT ( 'NONE',  ( 12.19289839554626731, 25.00088876444321073, -2.099999999999998757 ) ) ;
#7085 = DIRECTION ( 'NONE',  ( -1.000000000000000000, 0.000000000000000000, 0.000000000000000000 ) ) ;
#7084 = CARTESIAN_POINT ( 'NONE',  ( -13.64897234715405183, 24.23668220204249479, -2.099999999999998757 ) ) ;
#7086 = CARTESIAN_POINT ( 'NONE',  ( 13.36064030761171573, 21.84126693107096528, -2.099999999999998757 ) ) ;
#7087 = CARTESIAN_POINT ( 'NONE',  ( -24.66930537037450932, -7.619416278945030818, -2.099999999999998757 ) ) ;
#7088 = EDGE_CURVE ( 'NONE', #7815, #1088, #6833, .T. ) ;
#7089 = CARTESIAN_POINT ( 'NONE',  ( 13.64872344093925527, 24.44815585854593820, 2.000000000000000000 ) ) ;
#7090 = CARTESIAN_POINT ( 'NONE',  ( 13.55023046621762539, 22.84843530275376011, 2.000000000000000000 ) ) ;
#7091 = CARTESIAN_POINT ( 'NONE',  ( 17.98147192499883573, 15.23115522593614024, -2.099999999999999645 ) ) ;
#7092 = FACE_BOUND ( 'NONE', #1525, .T. ) ;
#7093 = CIRCLE ( 'NONE', #6693, 1.750000000000001554 ) ;
#7094 = VERTEX_POINT ( 'NONE', #7253 ) ;
#7095 = CARTESIAN_POINT ( 'NONE',  ( -22.73975435582775617, 5.989014764842353067, -2.100000000000000089 ) ) ;
#7096 = CARTESIAN_POINT ( 'NONE',  ( -21.84033501313436787, -12.97800555654220922, -2.099999999999998757 ) ) ;
#7097 = CARTESIAN_POINT ( 'NONE',  ( 13.35177211813242515, -19.34338136197018798, -2.099999999999998757 ) ) ;
#7098 = CARTESIAN_POINT ( 'NONE',  ( 24.15260079455800479, 7.275001489028714907, 2.000000000000000000 ) ) ;
#7099 = CARTESIAN_POINT ( 'NONE',  ( 8.686322604036279316, 21.85205998608588018, -2.099999999999997868 ) ) ;
#7100 = CARTESIAN_POINT ( 'NONE',  ( 25.29380829876430070, 8.116834556469591178, -2.099999999999999645 ) ) ;
#7101 = CIRCLE ( 'NONE', #511, 1.749999999999996447 ) ;
#7102 = CARTESIAN_POINT ( 'NONE',  ( 23.08741356227222141, 10.60189590196924314, -2.099999999999998757 ) ) ;
#7103 = CARTESIAN_POINT ( 'NONE',  ( 3.359200862297568868, 23.32460485566309671, -2.099999999999998757 ) ) ;
#7104 = ORIENTED_EDGE ( 'NONE', *, *, #6706, .F. ) ;
#7105 = CARTESIAN_POINT ( 'NONE',  ( -11.94531714324386229, -24.82289680830787759, 2.000000000000000000 ) ) ;
#7106 = CARTESIAN_POINT ( 'NONE',  ( -23.81253063529220171, -0.8410884408854227834, -2.099999999999998757 ) ) ;
#7107 = CARTESIAN_POINT ( 'NONE',  ( -19.87933552333218401, 15.81900378855655553, 2.000000000000000000 ) ) ;
#7108 = CIRCLE ( 'NONE', #8176, 27.99999957948219276 ) ;
#7109 = CARTESIAN_POINT ( 'NONE',  ( -27.69932686560979462, -4.092342562537368167, -2.099999999999999645 ) ) ;
#7110 = CARTESIAN_POINT ( 'NONE',  ( 7.688496923001413741, -25.42728370346968347, 2.000000000000000000 ) ) ;
#7111 = EDGE_CURVE ( 'NONE', #7055, #2119, #6034, .T. ) ;
#7112 = CARTESIAN_POINT ( 'NONE',  ( -1.824858090210279782, 24.72368248555339676, 2.000000000000000000 ) ) ;
#7113 = CARTESIAN_POINT ( 'NONE',  ( -14.10020032022225323, 19.09116743896563051, -2.099999999999998757 ) ) ;
#7114 = VERTEX_POINT ( 'NONE', #4550 ) ;
#7115 = CARTESIAN_POINT ( 'NONE',  ( -17.82169923030497571, -21.35645679509421413, -2.099999999999998757 ) ) ;
#7116 = CARTESIAN_POINT ( 'NONE',  ( -7.656852614504648713, -23.37322600383987847, 2.000000000000000000 ) ) ;
#7117 = CARTESIAN_POINT ( 'NONE',  ( -18.96747870320231399, -19.95068840965625867, -2.099999999999998757 ) ) ;
#7118 = CARTESIAN_POINT ( 'NONE',  ( 22.73975435582775262, 5.989014764842381489, -2.099999999999998757 ) ) ;
#7119 = CARTESIAN_POINT ( 'NONE',  ( 22.90269961712298752, 10.57072003481732381, -2.099999999999998757 ) ) ;
#7120 = CARTESIAN_POINT ( 'NONE',  ( -22.81713236683327395, 5.623918026294821182, 2.000000000000000000 ) ) ;
#7121 = ADVANCED_FACE ( 'NONE', ( #6494 ), #7928, .T. ) ;
#7122 = CARTESIAN_POINT ( 'NONE',  ( 17.35181857730701083, -15.87069998699208462, 2.000000000000000000 ) ) ;
#7123 = EDGE_CURVE ( 'NONE', #5563, #7331, #2073, .T. ) ;
#7124 = CARTESIAN_POINT ( 'NONE',  ( -4.713207230075929566, -25.62151411210381013, -2.099999999999998757 ) ) ;
#7125 = ORIENTED_EDGE ( 'NONE', *, *, #3819, .F. ) ;
#7126 = CARTESIAN_POINT ( 'NONE',  ( 20.07157227525352994, 15.89590000543998194, -2.099999999999998757 ) ) ;
#7127 = CARTESIAN_POINT ( 'NONE',  ( -12.36707959469685392, -25.12081492106561242, -2.099999999999998757 ) ) ;
#7128 = CARTESIAN_POINT ( 'NONE',  ( -12.88716835993242427, -20.50631329690557791, 2.000000000000000000 ) ) ;
#7129 = CARTESIAN_POINT ( 'NONE',  ( 3.846120836016039490, -23.70909028424117082, 2.000000000000000000 ) ) ;
#7130 = CARTESIAN_POINT ( 'NONE',  ( 7.601435196559574337, 26.05218098595102916, -2.099999999999998757 ) ) ;
#7132 = CARTESIAN_POINT ( 'NONE',  ( 16.59924240491750425, 14.84924240491749714, 2.100000000000001865 ) ) ;
#7131 = CARTESIAN_POINT ( 'NONE',  ( -12.95267602360809889, 19.68627963667922387, -2.099999999999998757 ) ) ;
#7133 = CARTESIAN_POINT ( 'NONE',  ( 24.76338133992250690, 1.168557790373921934, -2.099999999999998757 ) ) ;
#7134 = CARTESIAN_POINT ( 'NONE',  ( 26.16863607189503682, -4.567518758412567159, 2.000000000000000000 ) ) ;
#7135 = CARTESIAN_POINT ( 'NONE',  ( -13.64872344093926237, 24.44815585854601636, 2.000000000000000000 ) ) ;
#7136 = CARTESIAN_POINT ( 'NONE',  ( 15.87213422487471881, 20.36431896814134035, -2.099999999999998757 ) ) ;
#7137 = CARTESIAN_POINT ( 'NONE',  ( 17.37016481680591795, 16.73146461459393208, 2.000000000000000000 ) ) ;
#7138 = FACE_BOUND ( 'NONE', #4080, .T. ) ;
#7139 = ORIENTED_EDGE ( 'NONE', *, *, #197, .T. ) ;
#7140 = FACE_OUTER_BOUND ( 'NONE', #6388, .T. ) ;
#7141 = CARTESIAN_POINT ( 'NONE',  ( -23.34891264155150026, -15.11752257340559424, 2.000000000000000000 ) ) ;
#7142 = CARTESIAN_POINT ( 'NONE',  ( 12.94401591853666211, -20.68877481383771411, -2.099999999999998757 ) ) ;
#7143 = CARTESIAN_POINT ( 'NONE',  ( -15.36687483434010737, 20.00332296475708915, 2.000000000000000000 ) ) ;
#7144 = DIRECTION ( 'NONE',  ( 0.000000000000000000, 0.000000000000000000, -1.000000000000000000 ) ) ;
#7145 = CARTESIAN_POINT ( 'NONE',  ( 24.94597949059291864, 10.68625558496338535, -2.099999999999998757 ) ) ;
#7146 = CARTESIAN_POINT ( 'NONE',  ( -26.77848301813145326, -4.405768766048603347, 2.000000000000000000 ) ) ;
#7147 = VERTEX_POINT ( 'NONE', #5565 ) ;
#7148 = CARTESIAN_POINT ( 'NONE',  ( 3.499191490208542366, -23.38362255772746323, -2.099999999999998757 ) ) ;
#7149 = CARTESIAN_POINT ( 'NONE',  ( 2.463801941912914018, 23.38577358155836450, 2.000000000000000000 ) ) ;
#7150 = CARTESIAN_POINT ( 'NONE',  ( -18.38167992440538256, 15.16106487615012099, 2.000000000000000000 ) ) ;
#7151 = CARTESIAN_POINT ( 'NONE',  ( 24.12574046566792063, -4.783694468719406068, -2.099999999999998757 ) ) ;
#7152 = CARTESIAN_POINT ( 'NONE',  ( -24.19711102278062143, -1.042982032116801960, 2.000000000000000000 ) ) ;
#7153 = CARTESIAN_POINT ( 'NONE',  ( -1.846803834033476699, 24.33438445894235613, 2.000000000000000000 ) ) ;
#7154 = CARTESIAN_POINT ( 'NONE',  ( -13.50602898338109270, 19.22398027845277113, -2.099999999999998757 ) ) ;
#7155 = ORIENTED_EDGE ( 'NONE', *, *, #7839, .F. ) ;
#7156 = CARTESIAN_POINT ( 'NONE',  ( -7.650756190596020190, 25.73058353783936525, 2.000000000000000000 ) ) ;
#7157 = CARTESIAN_POINT ( 'NONE',  ( -11.10648537714066819, -24.13101166629981265, 2.000000000000000000 ) ) ;
#7158 = CARTESIAN_POINT ( 'NONE',  ( -22.99371384847795596, 6.601180838822642727, 2.000000000000000000 ) ) ;
#7159 = CARTESIAN_POINT ( 'NONE',  ( 23.58537593626264695, 6.976039544898394062, -2.099999999999998757 ) ) ;
#7160 = CARTESIAN_POINT ( 'NONE',  ( 22.90269961712298752, 10.57072003481732381, 2.000000000000000000 ) ) ;
#7161 = DIRECTION ( 'NONE',  ( -0.000000000000000000, -0.000000000000000000, -1.000000000000000000 ) ) ;
#7162 = CARTESIAN_POINT ( 'NONE',  ( 17.84651532293614196, -15.31230279367190406, 2.000000000000000000 ) ) ;
#7163 = CARTESIAN_POINT ( 'NONE',  ( -21.35721522671293471, -10.35169942632023954, -2.099999999999998757 ) ) ;
#7164 = ORIENTED_EDGE ( 'NONE', *, *, #7682, .T. ) ;
#7165 = CARTESIAN_POINT ( 'NONE',  ( -4.310684217927233775, -24.85340566964549325, 2.000000000000000000 ) ) ;
#7166 = CARTESIAN_POINT ( 'NONE',  ( -8.512968716744129694, -21.89757064776837581, -2.099999999999998757 ) ) ;
#7167 = CARTESIAN_POINT ( 'NONE',  ( -13.41263264250316922, -22.06199033373687257, 2.000000000000000000 ) ) ;
#7168 = CARTESIAN_POINT ( 'NONE',  ( 4.244076555440678078, -24.69959869036684452, 2.000000000000000000 ) ) ;
#7169 = CARTESIAN_POINT ( 'NONE',  ( -3.902347153244143829, 23.79992060087550954, 2.000000000000000000 ) ) ;
#7171 = CARTESIAN_POINT ( 'NONE',  ( -16.82973023395797441, 20.91308632741409923, 2.000000000000000000 ) ) ;
#7170 = CARTESIAN_POINT ( 'NONE',  ( -14.88619985382990407, 19.57897187542434736, -2.099999999999998757 ) ) ;
#7172 = CARTESIAN_POINT ( 'NONE',  ( 25.36983614870255366, -1.341743455198748824, -2.099999999999998757 ) ) ;
#7173 = CARTESIAN_POINT ( 'NONE',  ( 23.63710370791871895, -4.790810183414325074, 2.000000000000000000 ) ) ;
#7174 = CARTESIAN_POINT ( 'NONE',  ( 18.19936168673940813, -18.00918889841834414, 2.000000000000000000 ) ) ;
#7175 = CARTESIAN_POINT ( 'NONE',  ( -4.713207230075929566, -25.62151411210381013, -2.099999999999998757 ) ) ;
#7176 = CARTESIAN_POINT ( 'NONE',  ( 18.80342269287539381, 15.26496932198517875, -2.099999999999999645 ) ) ;
#7177 = CARTESIAN_POINT ( 'NONE',  ( -5.995909907646296944, -27.35048520283293882, 2.000000000000000000 ) ) ;
#7178 = ORIENTED_EDGE ( 'NONE', *, *, #3819, .T. ) ;
#7179 = CARTESIAN_POINT ( 'NONE',  ( 22.09815905990547336, -10.35588323418787304, -2.099999999999999645 ) ) ;
#7180 = CARTESIAN_POINT ( 'NONE',  ( -23.44696917797589464, -15.30488929633594886, 2.000000000000000000 ) ) ;
#7181 = CARTESIAN_POINT ( 'NONE',  ( -7.688595528318266759, 23.56854007989867128, -2.099999999999998757 ) ) ;
#7182 = CARTESIAN_POINT ( 'NONE',  ( 11.33585971340118093, 24.33300811744741310, -2.099999999999997868 ) ) ;
#7183 = CARTESIAN_POINT ( 'NONE',  ( 24.59949625084631464, 4.790317889056124656, 2.000000000000000000 ) ) ;
#7184 = CARTESIAN_POINT ( 'NONE',  ( 23.34891264151150381, 15.11752257333331606, -2.099999999999998757 ) ) ;
#7185 = LINE ( 'NONE', #4662, #4270 ) ;
#7186 = B_SPLINE_SURFACE_WITH_KNOTS ( 'NONE', 3, 1, ( 
 ( #2830, #5403 ),
 ( #5440, #3500 ),
 ( #4848, #302 ),
 ( #3581, #1483 ),
 ( #6777, #5482 ),
 ( #6070, #8046 ),
 ( #2867, #1011 ),
 ( #8005, #382 ),
 ( #2242, #3414 ),
 ( #4472, #1277 ),
 ( #649, #1914 ),
 ( #5155, #602 ),
 ( #4516, #5288 ),
 ( #2545, #7043 ),
 ( #4602, #3847 ),
 ( #778, #690 ),
 ( #3299, #4649 ),
 ( #2675, #6418 ),
 ( #7137, #3344 ),
 ( #1236, #3975 ),
 ( #7813, #5246 ),
 ( #5919, #5113 ),
 ( #1324, #3213 ),
 ( #6461, #6546 ),
 ( #7684, #1409 ),
 ( #18, #57 ),
 ( #144, #5787 ),
 ( #2584, #2716 ),
 ( #2631, #730 ),
 ( #7725, #3890 ),
 ( #1957, #7091 ),
 ( #3257, #7851 ),
 ( #2047, #1366 ),
 ( #5828, #2089 ),
 ( #5202, #7770 ),
 ( #3931, #5876 ),
 ( #2006, #4560 ),
 ( #3804, #7176 ),
 ( #6375, #6504 ),
 ( #3169, #5745 ),
 ( #8306, #1615 ),
 ( #187, #4062 ),
 ( #6750, #2758 ),
 ( #7301, #7262 ),
 ( #4101, #4182 ),
 ( #6668, #1535 ),
 ( #230, #4021 ),
 ( #7977, #6043 ),
 ( #907, #7936 ),
 ( #5332, #3550 ),
 ( #3470, #1455 ),
 ( #3386, #823 ),
 ( #8057, #6589 ),
 ( #3511, #1495 ),
 ( #7893, #946 ) ),
 .UNSPECIFIED., .F., .F., .F.,
 ( 4, 1, 1, 1, 1, 1, 1, 1, 1, 1, 1, 1, 1, 1, 1, 1, 1, 1, 1, 1, 1, 1, 1, 1, 1, 1, 1, 1, 1, 1, 1, 1, 1, 1, 1, 1, 1, 1, 1, 1, 1, 1, 1, 1, 1, 1, 1, 1, 1, 1, 1, 1, 4 ),
 ( 2, 2 ),
 ( 0.01037066610069568851, 0.06767854499841075011, 0.09884629602760430789, 0.1282330327458526265, 0.1558387551553858108, 0.1816634632588949305, 0.2057071570596704646, 0.2279698365617907063, 0.2484515017704002071, 0.2671521526921107892, 0.2840717893356240475, 0.2992104117127127871, 0.3125680198398574916, 0.3241446137411457817, 0.3339401934538051009, 0.3662021699428081867, 0.3760430630535980256, 0.3856763336118157470, 0.3952492422856400678, 0.4049624801021076692, 0.4150869914083017420, 0.4259748013331248195, 0.4380386266454291411, 0.4516469595390834035, 0.4668849008038628012, 0.4803437228220500677, 0.5000000000000002220, 0.5196562771779504875, 0.5331150991961376429, 0.5483530404609170406, 0.5619613733545713030, 0.5740251986668756246, 0.5849130085916987021, 0.5950375198978927749, 0.6047507577143603763, 0.6143236663881848081, 0.6239569369464024184, 0.6337978300571922574, 0.6660598065461953432, 0.6758553862588546624, 0.6874319801601429525, 0.7007895882872876570, 0.7159282106643762855, 0.7328478473078895439, 0.7515484982296001260, 0.7720301634382096267, 0.7942928429403297574, 0.8183365367411052915, 0.8441612448446143002, 0.8717669672541474846, 0.9011537039723958031, 0.9323214550015893609, 0.9955048858948370993 ),
 ( 0.000000000000000000, 1.000000000000000000 ),
 .UNSPECIFIED. ) ;
#7187 = ORIENTED_EDGE ( 'NONE', *, *, #7524, .F. ) ;
#7188 = CARTESIAN_POINT ( 'NONE',  ( 2.035327432088052557, -23.74029248485179266, -2.099999999999998757 ) ) ;
#7189 = CARTESIAN_POINT ( 'NONE',  ( 4.244076555440654985, 24.69959869036685163, 2.000000000000000000 ) ) ;
#7190 = CARTESIAN_POINT ( 'NONE',  ( 1.474499619732455580, -26.25856105065617641, -2.099999999999998757 ) ) ;
#7191 = CARTESIAN_POINT ( 'NONE',  ( 18.40868586258351414, 18.43357243192681238, 2.000000000000000000 ) ) ;
#7192 = CARTESIAN_POINT ( 'NONE',  ( -23.49332454121249825, -0.1947784575707349475, -2.099999999999998757 ) ) ;
#7193 = B_SPLINE_CURVE_WITH_KNOTS ( 'NONE', 3,
 ( #557, #1069, #8178, #1150, #7464, #8134, #1864, #4339, #5065, #3636, #1699, #3715, #519, #1191, #6164, #5575, #4424, #3040, #1783, #5694, #6206, #2377, #4302, #3118, #1027, #7585, #3079, #8256, #6327, #4943, #7509, #3594, #5616, #4381, #1821, #5657, #2962, #8217, #2456, #5024, #7719, #6412, #3839, #1996, #94, #3207, #5195, #1950, #6455, #3924, #4554, #7676, #684, #5911, #3249 ),
 .UNSPECIFIED., .F., .F.,
 ( 4, 1, 1, 1, 1, 1, 1, 1, 1, 1, 1, 1, 1, 1, 1, 1, 1, 1, 1, 1, 1, 1, 1, 1, 1, 1, 1, 1, 1, 1, 1, 1, 1, 1, 1, 1, 1, 1, 1, 1, 1, 1, 1, 1, 1, 1, 1, 1, 1, 1, 1, 1, 4 ),
 ( 0.01037070964479190616, 0.06767854499841075011, 0.09884629602760430789, 0.1282330327458526265, 0.1558387551553858108, 0.1816634632588949305, 0.2057071570596704646, 0.2279698365617907063, 0.2484515017704002071, 0.2671521526921107892, 0.2840717893356240475, 0.2992104117127127871, 0.3125680198398574916, 0.3241446137411457817, 0.3339401934538051009, 0.3662021699428081867, 0.3760430630535980256, 0.3856763336118157470, 0.3952492422856400678, 0.4049624801021076692, 0.4150869914083017420, 0.4259748013331248195, 0.4380386266454291411, 0.4516469595390834035, 0.4668849008038628012, 0.4803437228220500677, 0.5000000000000002220, 0.5196562771779504875, 0.5331150991961376429, 0.5483530404609170406, 0.5619613733545713030, 0.5740251986668756246, 0.5849130085916987021, 0.5950375198978927749, 0.6047507577143603763, 0.6143236663881848081, 0.6239569369464024184, 0.6337978300571922574, 0.6660598065461953432, 0.6758553862588546624, 0.6874319801601429525, 0.7007895882872876570, 0.7159282106643762855, 0.7328478473078895439, 0.7515484982296001260, 0.7720301634382096267, 0.7942928429403297574, 0.8183365367411052915, 0.8441612448446143002, 0.8717669672541474846, 0.9011537039723958031, 0.9323214550015893609, 0.9896292903552003084 ),
 .UNSPECIFIED. ) ;
#7194 = B_SPLINE_CURVE_WITH_KNOTS ( 'NONE', 3,
 ( #1435, #6611, #7960, #125, #7834, #6526, #3954, #2825, #2784, #845, #2197, #2069, #5399, #3496, #3409, #5981, #3999, #6571, #805, #3366, #170, #2738, #5312, #7873, #5357, #7919, #2156, #4083, #2399, #6187, #4966, #5598, #1599, #4802, #7488, #7530, #1763, #4321, #5519, #1131, #3695, #3656, #418, #3022, #6269, #6893, #2983, #6145, #2357, #8157, #6226, #4883, #5435, #496, #8000 ),
 .UNSPECIFIED., .F., .F.,
 ( 4, 1, 1, 1, 1, 1, 1, 1, 1, 1, 1, 1, 1, 1, 1, 1, 1, 1, 1, 1, 1, 1, 1, 1, 1, 1, 1, 1, 1, 1, 1, 1, 1, 1, 1, 1, 1, 1, 1, 1, 1, 1, 1, 1, 1, 1, 1, 1, 1, 1, 1, 1, 4 ),
 ( 0.01037070964479166850, 0.06767854499841075011, 0.09884629602760430789, 0.1282330327458526265, 0.1558387551553858108, 0.1816634632588949305, 0.2057071570596704646, 0.2279698365617907063, 0.2484515017704002071, 0.2671521526921107892, 0.2840717893356240475, 0.2992104117127127871, 0.3125680198398574916, 0.3241446137411457817, 0.3339401934538051009, 0.3662021699428081867, 0.3760430630535980256, 0.3856763336118157470, 0.3952492422856400678, 0.4049624801021076692, 0.4150869914083017420, 0.4259748013331248195, 0.4380386266454290856, 0.4516469595390834035, 0.4668849008038628012, 0.4803437228220500677, 0.5000000000000002220, 0.5196562771779504875, 0.5331150991961376429, 0.5483530404609170406, 0.5619613733545713030, 0.5740251986668756246, 0.5849130085916987021, 0.5950375198978927749, 0.6047507577143603763, 0.6143236663881848081, 0.6239569369464024184, 0.6337978300571922574, 0.6660598065461953432, 0.6758553862588546624, 0.6874319801601429525, 0.7007895882872876570, 0.7159282106643762855, 0.7328478473078895439, 0.7515484982296001260, 0.7720301634382096267, 0.7942928429403297574, 0.8183365367411052915, 0.8441612448446143002, 0.8717669672541474846, 0.9011537039723958031, 0.9323214550015893609, 0.9896292903552004194 ),
 .UNSPECIFIED. ) ;
#7195 = CARTESIAN_POINT ( 'NONE',  ( 24.56950331401515442, -1.128978604501158944, -2.099999999999998757 ) ) ;
#7196 = CARTESIAN_POINT ( 'NONE',  ( 7.865059710290382533, 22.21401039568610614, 2.000000000000000000 ) ) ;
#7197 = ORIENTED_EDGE ( 'NONE', *, *, #5830, .F. ) ;
#7198 = CARTESIAN_POINT ( 'NONE',  ( -13.20212662322859565, -21.30225842247369172, -2.099999999999998757 ) ) ;
#7199 = CARTESIAN_POINT ( 'NONE',  ( -9.324636732261659233, -22.03037936177865674, 2.000000000000000000 ) ) ;
#7200 = CARTESIAN_POINT ( 'NONE',  ( -23.42764417793267384, 4.840656286569369193, 2.000000000000000000 ) ) ;
#7201 = CARTESIAN_POINT ( 'NONE',  ( 7.401289567513932077, -27.00409066674545855, -2.099999999999998757 ) ) ;
#7202 = AXIS2_PLACEMENT_3D ( 'NONE', #364, #1627, #4233 ) ;
#7203 = CARTESIAN_POINT ( 'NONE',  ( -19.70744990308224942, 15.74452889495767494, -2.099999999999998757 ) ) ;
#7204 = CARTESIAN_POINT ( 'NONE',  ( 21.58843454132472317, -10.30659784155100667, -2.099999999999998757 ) ) ;
#7205 = CARTESIAN_POINT ( 'NONE',  ( 17.28752988749540620, -16.01445386190351172, 2.000000000000000000 ) ) ;
#7206 = VECTOR ( 'NONE', #6580, 1000.000000000000000 ) ;
#7207 = CARTESIAN_POINT ( 'NONE',  ( -4.244076555440668308, -24.69959869036684452, 2.000000000000000000 ) ) ;
#7208 = EDGE_LOOP ( 'NONE', ( #3654, #975, #6185 ) ) ;
#7209 = CARTESIAN_POINT ( 'NONE',  ( 18.40868586258351414, 18.43357243192681238, -2.099999999999998757 ) ) ;
#7210 = CARTESIAN_POINT ( 'NONE',  ( -23.36986005557944779, 15.15550759550596460, 2.000000000000000000 ) ) ;
#7211 = DIRECTION ( 'NONE',  ( -1.000000000000000000, 0.000000000000000000, 0.000000000000000000 ) ) ;
#7212 = CARTESIAN_POINT ( 'NONE',  ( 1.939597136465246008, -23.94058417290087348, 2.000000000000000000 ) ) ;
#7213 = CARTESIAN_POINT ( 'NONE',  ( -5.376315588043460991, 26.60062371204863041, 2.000000000000000000 ) ) ;
#7215 = CARTESIAN_POINT ( 'NONE',  ( -18.01951924832315299, 21.43121382622468829, 2.000000000000000000 ) ) ;
#7214 = CARTESIAN_POINT ( 'NONE',  ( -17.51894851293340238, 21.23397417764310902, -2.099999999999998757 ) ) ;
#7216 = CARTESIAN_POINT ( 'NONE',  ( 23.99982295939236465, 0.9602632500303802665, -2.099999999999998757 ) ) ;
#7217 = CARTESIAN_POINT ( 'NONE',  ( -26.06641551139172819, -8.850830399634979528, -2.099999999999998757 ) ) ;
#7218 = AXIS2_PLACEMENT_3D ( 'NONE', #3745, #3104, #1980 ) ;
#7219 = CARTESIAN_POINT ( 'NONE',  ( 18.30266578660394217, -18.21105589998883545, 2.000000000000000000 ) ) ;
#7220 = CARTESIAN_POINT ( 'NONE',  ( -3.781464864188896158, -23.62174820993211100, -2.099999999999998757 ) ) ;
#7221 = CARTESIAN_POINT ( 'NONE',  ( 12.36707919775603415, -25.12081464776628792, 2.000000000000000000 ) ) ;
#7222 = CARTESIAN_POINT ( 'NONE',  ( 18.51632561903327456, -18.67704107051116225, -2.099999999999998757 ) ) ;
#7223 = EDGE_CURVE ( 'NONE', #3540, #8019, #155, .T. ) ;
#7224 = ORIENTED_EDGE ( 'NONE', *, *, #153, .T. ) ;
#7225 = CARTESIAN_POINT ( 'NONE',  ( 25.38017835885622375, -10.66028906035441182, 2.000000000000000000 ) ) ;
#7226 = CARTESIAN_POINT ( 'NONE',  ( -21.98040231662191246, -13.13048226772782634, 2.000000000000000000 ) ) ;
#7227 = CARTESIAN_POINT ( 'NONE',  ( 13.64849315754606707, -24.51320044201071013, 2.000000000000000000 ) ) ;
#7228 = CARTESIAN_POINT ( 'NONE',  ( -17.82169893237846736, 21.35645667456330088, 2.000000000000000000 ) ) ;
#7229 = CARTESIAN_POINT ( 'NONE',  ( 25.15968768847577763, 4.747395707336154125, -2.099999999999999645 ) ) ;
#7230 = CARTESIAN_POINT ( 'NONE',  ( 23.44696917791851831, 15.30488929622618954, -2.099999999999998757 ) ) ;
#7231 = AXIS2_PLACEMENT_3D ( 'NONE', #1468, #5389, #835 ) ;
#7232 = DIRECTION ( 'NONE',  ( -0.000000000000000000, -0.000000000000000000, 1.000000000000000000 ) ) ;
#7233 = VERTEX_POINT ( 'NONE', #8327 ) ;
#7234 = CARTESIAN_POINT ( 'NONE',  ( 1.790249464186372208, -24.99754724227145530, -2.099999999999998757 ) ) ;
#7235 = CARTESIAN_POINT ( 'NONE',  ( 3.359200862297568868, 23.32460485566309671, 2.000000000000000000 ) ) ;
#7236 = CARTESIAN_POINT ( 'NONE',  ( 1.824858090210271566, -24.72368248555339676, -2.099999999999998757 ) ) ;
#7237 = CARTESIAN_POINT ( 'NONE',  ( 23.42764417793268095, -4.840656286569377187, -2.099999999999998757 ) ) ;
#7238 = CARTESIAN_POINT ( 'NONE',  ( -27.05471844848150198, -2.130765319231059607, 2.000000000000000000 ) ) ;
#7239 = CARTESIAN_POINT ( 'NONE',  ( -13.64986784116812579, 24.28005101752160044, 2.000000000000000000 ) ) ;
#7240 = CARTESIAN_POINT ( 'NONE',  ( -13.04949915500204760, -19.56208827861912525, 2.000000000000000000 ) ) ;
#7241 = VERTEX_POINT ( 'NONE', #7619 ) ;
#7242 = CARTESIAN_POINT ( 'NONE',  ( -7.715738321650221110, -25.14266413352904550, 2.000000000000000000 ) ) ;
#7243 = CARTESIAN_POINT ( 'NONE',  ( -7.401289683397454411, -27.00409019895751683, 2.000000000000000000 ) ) ;
#7244 = CARTESIAN_POINT ( 'NONE',  ( -22.91828645517601615, 5.264681564480659048, 2.000000000000000000 ) ) ;
#7245 = LINE ( 'NONE', #7286, #7875 ) ;
#7246 = EDGE_CURVE ( 'NONE', #7094, #7566, #3670, .T. ) ;
#7247 = CARTESIAN_POINT ( 'NONE',  ( -17.25657676350752823, 16.16318976602638813, -2.099999999999998757 ) ) ;
#7248 = CARTESIAN_POINT ( 'NONE',  ( 11.92825707278597491, -24.80951228023632993, 2.000000000000000000 ) ) ;
#7249 = CARTESIAN_POINT ( 'NONE',  ( 17.98147192499884639, -15.23115522593613136, 2.000000000000000000 ) ) ;
#7250 = CARTESIAN_POINT ( 'NONE',  ( -20.80453127045304385, -12.00354473513042208, -2.099999999999998757 ) ) ;
#7251 = ORIENTED_EDGE ( 'NONE', *, *, #2270, .F. ) ;
#7252 = CARTESIAN_POINT ( 'NONE',  ( -12.19289839561323419, 25.00088876449163067, 2.000000000000000000 ) ) ;
#7253 = CARTESIAN_POINT ( 'NONE',  ( -26.42834261551471897, 9.248930024438967834, -2.099999999999998757 ) ) ;
#7254 = CARTESIAN_POINT ( 'NONE',  ( 0.000000000000000000, 0.000000000000000000, -2.099999999999998757 ) ) ;
#7255 = CARTESIAN_POINT ( 'NONE',  ( -20.99240193721332659, -10.59640443373927710, 2.000000000000000000 ) ) ;
#7256 = DIRECTION ( 'NONE',  ( 0.000000000000000000, -0.000000000000000000, -1.000000000000000000 ) ) ;
#7258 = CARTESIAN_POINT ( 'NONE',  ( -15.23641901094385886, 19.89808777236047632, -2.099999999999998757 ) ) ;
#7257 = CARTESIAN_POINT ( 'NONE',  ( 12.88716835993242960, -20.50631329690557436, 2.000000000000000000 ) ) ;
#7259 = CARTESIAN_POINT ( 'NONE',  ( -24.15260079455800479, -7.275001489028700696, -2.099999999999998757 ) ) ;
#7260 = B_SPLINE_SURFACE_WITH_KNOTS ( 'NONE', 3, 1, ( 
 ( #1034, #6798 ),
 ( #3601, #6172 ),
 ( #403, #4908 ),
 ( #4515, #5154 ),
 ( #7683, #689 ),
 ( #7090, #524 ),
 ( #1196, #7638 ),
 ( #6294, #8222 ),
 ( #5786, #1913 ),
 ( #7724, #6374 ),
 ( #2544, #6460 ),
 ( #647, #5201 ),
 ( #3212, #1276 ),
 ( #601, #1322 ),
 ( #1956, #4346 ),
 ( #6417, #3084 ),
 ( #3889, #3763 ),
 ( #5662, #2461 ),
 ( #6917, #16 ),
 ( #3168, #3255 ),
 ( #5827, #56 ),
 ( #2583, #3124 ),
 ( #4471, #7042 ),
 ( #1157, #6332 ),
 ( #7002, #5744 ),
 ( #5029, #2630 ),
 ( #1790, #3722 ),
 ( #8304, #7591 ),
 ( #1826, #562 ),
 ( #4386, #6957 ),
 ( #5111, #5699 ),
 ( #3846, #8261 ),
 ( #2501, #5070 ),
 ( #1870, #4429 ),
 ( #1235, #3803 ),
 ( #186, #6667 ),
 ( #2004, #272 ),
 ( #1454, #7769 ),
 ( #4559, #3930 ),
 ( #2757, #2171 ),
 ( #7300, #1494 ),
 ( #5918, #5331 ),
 ( #1365, #6503 ),
 ( #99, #2800 ),
 ( #1534, #6042 ),
 ( #5999, #3385 ),
 ( #2839, #7136 ),
 ( #5245, #4694 ),
 ( #729, #6627 ),
 ( #4100, #862 ),
 ( #3298, #4601 ),
 ( #5875, #7935 ),
 ( #4734, #4061 ),
 ( #2673, #906 ),
 ( #7892, #3469 ) ),
 .UNSPECIFIED., .F., .F., .F.,
 ( 4, 1, 1, 1, 1, 1, 1, 1, 1, 1, 1, 1, 1, 1, 1, 1, 1, 1, 1, 1, 1, 1, 1, 1, 1, 1, 1, 1, 1, 1, 1, 1, 1, 1, 1, 1, 1, 1, 1, 1, 1, 1, 1, 1, 1, 1, 1, 1, 1, 1, 1, 1, 4 ),
 ( 2, 2 ),
 ( 0.01037066610069615688, 0.06767854499841075011, 0.09884629602760430789, 0.1282330327458526265, 0.1558387551553858108, 0.1816634632588949305, 0.2057071570596704646, 0.2279698365617907063, 0.2484515017704002071, 0.2671521526921107892, 0.2840717893356240475, 0.2992104117127127871, 0.3125680198398574916, 0.3241446137411457817, 0.3339401934538051009, 0.3662021699428081867, 0.3760430630535980256, 0.3856763336118157470, 0.3952492422856400678, 0.4049624801021076692, 0.4150869914083017420, 0.4259748013331248195, 0.4380386266454291411, 0.4516469595390834035, 0.4668849008038628012, 0.4803437228220500677, 0.5000000000000002220, 0.5196562771779504875, 0.5331150991961376429, 0.5483530404609170406, 0.5619613733545713030, 0.5740251986668756246, 0.5849130085916987021, 0.5950375198978927749, 0.6047507577143603763, 0.6143236663881848081, 0.6239569369464024184, 0.6337978300571922574, 0.6660598065461953432, 0.6758553862588546624, 0.6874319801601429525, 0.7007895882872876570, 0.7159282106643762855, 0.7328478473078895439, 0.7515484982296001260, 0.7720301634382096267, 0.7942928429403297574, 0.8183365367411052915, 0.8441612448446143002, 0.8717669672541474846, 0.9011537039723958031, 0.9323214550015893609, 0.9955048858948387647 ),
 ( 0.000000000000000000, 1.000000000000000000 ),
 .UNSPECIFIED. ) ;
#7261 = CARTESIAN_POINT ( 'NONE',  ( -5.376315588043444116, -26.60062371204864462, -2.099999999999998757 ) ) ;
#7262 = CARTESIAN_POINT ( 'NONE',  ( 19.70744990308223876, 15.74452889495768915, -2.099999999999999645 ) ) ;
#7263 = CARTESIAN_POINT ( 'NONE',  ( 17.25237999601837657, -16.29857992973628811, -2.099999999999998757 ) ) ;
#7264 = VERTEX_POINT ( 'NONE', #2698 ) ;
#7265 = CARTESIAN_POINT ( 'NONE',  ( 20.81172461973597620, -10.92283569232044904, -2.099999999999999645 ) ) ;
#7266 = CARTESIAN_POINT ( 'NONE',  ( -20.80453127045304385, -12.00354473513042208, -2.099999999999998757 ) ) ;
#7267 = CARTESIAN_POINT ( 'NONE',  ( -7.733573568718058233, 24.87706067138158161, -2.099999999999998757 ) ) ;
#7268 = DIRECTION ( 'NONE',  ( 0.8854560256532097995, 0.4647231720437686175, 0.000000000000000000 ) ) ;
#7269 = CARTESIAN_POINT ( 'NONE',  ( 11.33585971340118093, 24.33300811744741310, 2.000000000000000000 ) ) ;
#7270 = CARTESIAN_POINT ( 'NONE',  ( 23.53223775966786846, 4.811173829118842171, 2.000000000000000000 ) ) ;
#7271 = CARTESIAN_POINT ( 'NONE',  ( 22.61633054543464283, 13.93417863138607871, -2.099999999999998757 ) ) ;
#7272 = CARTESIAN_POINT ( 'NONE',  ( 1.840779285638389329, 24.52644730507024562, -2.099999999999998757 ) ) ;
#7273 = DIRECTION ( 'NONE',  ( -0.000000000000000000, 0.000000000000000000, 1.000000000000000000 ) ) ;
#7274 = ORIENTED_EDGE ( 'NONE', *, *, #1376, .T. ) ;
#7275 = CARTESIAN_POINT ( 'NONE',  ( 1.623578263684214873, -25.76808346599204924, 2.000000000000000000 ) ) ;
#7276 = CARTESIAN_POINT ( 'NONE',  ( 1.981471996724984974, 23.84030691368550947, 2.000000000000000000 ) ) ;
#7277 = CARTESIAN_POINT ( 'NONE',  ( 4.310684217927242656, -24.85340566964549325, -2.099999999999998757 ) ) ;
#7278 = CARTESIAN_POINT ( 'NONE',  ( 17.42017265760603451, 16.82633584436269913, 2.000000000000000000 ) ) ;
#7279 = CARTESIAN_POINT ( 'NONE',  ( -23.55944914529948520, -0.5232380683118340592, 2.000000000000000000 ) ) ;
#7280 = DIRECTION ( 'NONE',  ( 0.8854560256532099105, -0.4647231720437684510, 0.000000000000000000 ) ) ;
#7281 = CARTESIAN_POINT ( 'NONE',  ( -15.12400615833752404, -19.80199803049035978, 2.000000000000000000 ) ) ;
#7282 = ORIENTED_EDGE ( 'NONE', *, *, #400, .T. ) ;
#7283 = DIRECTION ( 'NONE',  ( 0.1205366802553228950, 0.9927088740980539727, 0.000000000000000000 ) ) ;
#7284 = CARTESIAN_POINT ( 'NONE',  ( -7.701896059577412856, -22.44925656542958592, 2.000000000000000000 ) ) ;
#7285 = CARTESIAN_POINT ( 'NONE',  ( -23.58537593626265050, 6.976039544898362976, 2.000000000000000000 ) ) ;
#7286 = CARTESIAN_POINT ( 'NONE',  ( 18.01951879739602447, 21.43121365581739468, 2.000000000000000000 ) ) ;
#7287 = CARTESIAN_POINT ( 'NONE',  ( -17.37016481680592861, 16.73146461459391787, -2.099999999999998757 ) ) ;
#7288 = DIRECTION ( 'NONE',  ( -1.000000000000000000, 0.000000000000000000, 0.000000000000000000 ) ) ;
#7289 = CARTESIAN_POINT ( 'NONE',  ( 17.37016481680592506, -16.73146461459391787, -2.099999999999998757 ) ) ;
#7290 = CARTESIAN_POINT ( 'NONE',  ( -22.12901452267052704, -13.30176109182831823, -2.099999999999998757 ) ) ;
#7291 = ORIENTED_EDGE ( 'NONE', *, *, #142, .T. ) ;
#7292 = CYLINDRICAL_SURFACE ( 'NONE', #2111, 1.750000000000003331 ) ;
#7293 = CARTESIAN_POINT ( 'NONE',  ( -11.92825707275346225, -24.80951228021083210, -2.099999999999998757 ) ) ;
#7294 = FACE_OUTER_BOUND ( 'NONE', #8325, .T. ) ;
#7295 = CARTESIAN_POINT ( 'NONE',  ( 0.000000000000000000, 0.000000000000000000, -2.099999999999998757 ) ) ;
#7296 = CARTESIAN_POINT ( 'NONE',  ( 14.88619985382990407, -19.57897187542434736, 2.000000000000000000 ) ) ;
#7297 = CARTESIAN_POINT ( 'NONE',  ( 22.91828645517601615, -5.264681564480667042, 2.000000000000000000 ) ) ;
#7298 = EDGE_CURVE ( 'NONE', #5978, #3824, #766, .T. ) ;
#7299 = CARTESIAN_POINT ( 'NONE',  ( 14.60388312963063129, 19.32135064906643507, 2.000000000000000000 ) ) ;
#7300 = CARTESIAN_POINT ( 'NONE',  ( 15.02890815691218229, 19.71604682249878238, 2.000000000000000000 ) ) ;
#7301 = CARTESIAN_POINT ( 'NONE',  ( 19.70744990308223876, 15.74452889495768915, 2.000000000000000000 ) ) ;
#7302 = CARTESIAN_POINT ( 'NONE',  ( 17.29220078062825650, -16.53076698689342550, -2.099999999999998757 ) ) ;
#7303 = VERTEX_POINT ( 'NONE', #2068 ) ;
#7304 = CARTESIAN_POINT ( 'NONE',  ( 21.10401706161572122, -10.48531763796957073, -2.099999999999999645 ) ) ;
#7305 = CARTESIAN_POINT ( 'NONE',  ( -22.27987727495454706, -10.41835660743990566, -2.099999999999998757 ) ) ;
#7306 = CARTESIAN_POINT ( 'NONE',  ( 13.02793750094272696, -20.86163776548603366, 2.000000000000000000 ) ) ;
#7307 = DIRECTION ( 'NONE',  ( 0.000000000000000000, 0.000000000000000000, 1.000000000000000000 ) ) ;
#7308 = FACE_OUTER_BOUND ( 'NONE', #2932, .T. ) ;
#7309 = CARTESIAN_POINT ( 'NONE',  ( -17.59296804644543855, -15.58600964088961049, 2.000000000000000000 ) ) ;
#7310 = CARTESIAN_POINT ( 'NONE',  ( -18.01951879739602802, -21.43121365581739113, 2.000000000000000000 ) ) ;
#7311 = CARTESIAN_POINT ( 'NONE',  ( 3.499191490208520605, 23.38362255772745613, 2.000000000000000000 ) ) ;
#7312 = CARTESIAN_POINT ( 'NONE',  ( 13.64872344093926770, -24.44815585854584938, 2.000000000000000000 ) ) ;
#7313 = EDGE_LOOP ( 'NONE', ( #7197, #102 ) ) ;
#7314 = CARTESIAN_POINT ( 'NONE',  ( 1.840779285638411755, -24.52644730507024562, 2.000000000000000000 ) ) ;
#7315 = CARTESIAN_POINT ( 'NONE',  ( 1.379935885169537357, 26.52839079975560566, 2.000000000000000000 ) ) ;
#7316 = CARTESIAN_POINT ( 'NONE',  ( 2.320354714939433460, -23.45074361513812278, -2.099999999999998757 ) ) ;
#7317 = CARTESIAN_POINT ( 'NONE',  ( 22.82097940566847782, -5.624866236205934733, -2.099999999999998757 ) ) ;
#7318 = CARTESIAN_POINT ( 'NONE',  ( -24.19711102278062143, -1.042982032116801960, -2.099999999999998757 ) ) ;
#7319 = CARTESIAN_POINT ( 'NONE',  ( 23.99982295939236465, 0.9602632500303802665, -2.099999999999998757 ) ) ;
#7320 = CARTESIAN_POINT ( 'NONE',  ( -12.84317218923418835, -20.29695877980780594, 2.000000000000000000 ) ) ;
#7321 = ORIENTED_EDGE ( 'NONE', *, *, #4757, .F. ) ;
#7322 = CARTESIAN_POINT ( 'NONE',  ( -12.95267602360809356, -19.68627963667922742, -2.099999999999998757 ) ) ;
#7323 = CARTESIAN_POINT ( 'NONE',  ( -7.401289567513916090, -27.00409066674546921, -2.099999999999998757 ) ) ;
#7324 = CARTESIAN_POINT ( 'NONE',  ( -23.21393719209896034, 4.939781705126430111, 2.000000000000000000 ) ) ;
#7325 = EDGE_CURVE ( 'NONE', #7303, #660, #7959, .T. ) ;
#7326 = CARTESIAN_POINT ( 'NONE',  ( 22.28520553958149719, -13.49243943284463398, 2.000000000000000000 ) ) ;
#7327 = CARTESIAN_POINT ( 'NONE',  ( -18.97770164392054681, 15.34339570340774195, -2.099999999999998757 ) ) ;
#7328 = CARTESIAN_POINT ( 'NONE',  ( 21.23211141880578623, -10.40363348579838565, -2.099999999999998757 ) ) ;
#7329 = CARTESIAN_POINT ( 'NONE',  ( -20.89282384029109707, -10.74542454372254596, -2.099999999999998757 ) ) ;
#7330 = CIRCLE ( 'NONE', #8006, 1.749999999999999778 ) ;
#7331 = VERTEX_POINT ( 'NONE', #7323 ) ;
#7332 = CYLINDRICAL_SURFACE ( 'NONE', #468, 1.750000000000000444 ) ;
#7333 = CARTESIAN_POINT ( 'NONE',  ( -22.96554745452510815, 14.45965356729541540, -2.099999999999998757 ) ) ;
#7334 = DIRECTION ( 'NONE',  ( 0.9709418174260520118, -0.2393156642875574058, 0.000000000000000000 ) ) ;
#7335 = CARTESIAN_POINT ( 'NONE',  ( -21.84033501313436787, -12.97800555654220922, 2.000000000000000000 ) ) ;
#7336 = CARTESIAN_POINT ( 'NONE',  ( 13.58617081224543988, -23.15195374360797942, 2.000000000000000000 ) ) ;
#7337 = CARTESIAN_POINT ( 'NONE',  ( 23.07262568452397034, -6.675893319502710810, 2.000000000000000000 ) ) ;
#7338 = VECTOR ( 'NONE', #2260, 1000.000000000000000 ) ;
#7339 = CARTESIAN_POINT ( 'NONE',  ( 12.83364937058815869, 20.18870745851076975, 2.000000000000000000 ) ) ;
#7340 = CARTESIAN_POINT ( 'NONE',  ( -3.204373604290277289, -23.29585190159430041, -2.099999999999998757 ) ) ;
#7341 = CARTESIAN_POINT ( 'NONE',  ( 9.324636732261668115, -22.03037936177865319, 2.000000000000000000 ) ) ;
#7342 = CARTESIAN_POINT ( 'NONE',  ( 0.000000000000000000, 0.000000000000000000, 0.000000000000000000 ) ) ;
#7343 = AXIS2_PLACEMENT_3D ( 'NONE', #1177, #3741, #1295 ) ;
#7344 = ORIENTED_EDGE ( 'NONE', *, *, #6728, .T. ) ;
#7345 = CARTESIAN_POINT ( 'NONE',  ( 24.94597949059291864, -10.68625558496336225, 2.000000000000000000 ) ) ;
#7346 = CARTESIAN_POINT ( 'NONE',  ( -23.29246673278348823, -10.63055238855665330, 2.000000000000000000 ) ) ;
#7347 = CARTESIAN_POINT ( 'NONE',  ( -10.38530154243854042, 23.40284517865929459, -2.099999999999998757 ) ) ;
#7348 = ADVANCED_FACE ( 'NONE', ( #2824 ), #1557, .F. ) ;
#7349 = ADVANCED_FACE ( 'NONE', ( #7999 ), #4439, .T. ) ;
#7350 = CARTESIAN_POINT ( 'NONE',  ( 7.523321107007133968, -26.48008413688457097, -2.099999999999998757 ) ) ;
#7351 = CARTESIAN_POINT ( 'NONE',  ( -18.00520414013333692, -17.66596715945037843, -2.099999999999998757 ) ) ;
#7352 = DIRECTION ( 'NONE',  ( -0.000000000000000000, -0.000000000000000000, 1.000000000000000000 ) ) ;
#7353 = CARTESIAN_POINT ( 'NONE',  ( 3.781464864188883279, 23.62174820993211455, 2.000000000000000000 ) ) ;
#7354 = CARTESIAN_POINT ( 'NONE',  ( 0.8222169760116292414, 27.80351002194755239, -2.099999999999998757 ) ) ;
#7355 = VERTEX_POINT ( 'NONE', #3216 ) ;
#7356 = CARTESIAN_POINT ( 'NONE',  ( 21.00000000000000355, 2.602085213965210642E-15, 2.100000000000001865 ) ) ;
#7357 = CARTESIAN_POINT ( 'NONE',  ( -5.644338688980901964, 26.94321170799314302, 2.000000000000000000 ) ) ;
#7358 = CARTESIAN_POINT ( 'NONE',  ( 1.939597136465246008, -23.94058417290087348, -2.099999999999998757 ) ) ;
#7359 = CARTESIAN_POINT ( 'NONE',  ( 20.81172461973596555, 10.92283569232046503, 2.000000000000000000 ) ) ;
#7360 = CARTESIAN_POINT ( 'NONE',  ( 7.601435196559574337, 26.05218098595102916, 2.000000000000000000 ) ) ;
#7361 = ADVANCED_FACE ( 'NONE', ( #5790 ), #21, .F. ) ;
#7362 = CARTESIAN_POINT ( 'NONE',  ( 13.64872344037204144, -24.44815634047358799, -2.099999999999998757 ) ) ;
#7363 = CARTESIAN_POINT ( 'NONE',  ( -13.81390900009209233, -19.09181343516791074, -2.099999999999999645 ) ) ;
#7364 = ORIENTED_EDGE ( 'NONE', *, *, #3875, .T. ) ;
#7365 = CARTESIAN_POINT ( 'NONE',  ( -7.656852614504648713, -23.37322600383987847, 2.000000000000000000 ) ) ;
#7366 = CARTESIAN_POINT ( 'NONE',  ( -25.88937528683162981, 4.628868634690426198, 2.000000000000000000 ) ) ;
#7367 = DIRECTION ( 'NONE',  ( 0.000000000000000000, 0.000000000000000000, -1.000000000000000000 ) ) ;
#7368 = CARTESIAN_POINT ( 'NONE',  ( 23.19083041061901440, -14.83174276022292837, 2.000000000000000000 ) ) ;
#7369 = CIRCLE ( 'NONE', #239, 1.749999999999999778 ) ;
#7370 = CARTESIAN_POINT ( 'NONE',  ( -19.31055424225242945, 15.54648119520596161, -2.099999999999998757 ) ) ;
#7371 = CARTESIAN_POINT ( 'NONE',  ( 24.02931632081063995, -10.69009516955077110, -2.099999999999998757 ) ) ;
#7372 = CARTESIAN_POINT ( 'NONE',  ( 23.99982295939236820, -0.9602632500303808216, 2.000000000000000000 ) ) ;
#7373 = AXIS2_PLACEMENT_3D ( 'NONE', #5966, #195, #2684 ) ;
#7374 = CARTESIAN_POINT ( 'NONE',  ( -21.38382933992361501, -12.54282366362884815, -2.099999999999998757 ) ) ;
#7375 = VERTEX_POINT ( 'NONE', #5159 ) ;
#7376 = CARTESIAN_POINT ( 'NONE',  ( 18.09985454995500120, 17.82762258356555307, -2.099999999999998757 ) ) ;
#7377 = CARTESIAN_POINT ( 'NONE',  ( -7.401289567513916090, -27.00409066674546921, -2.099999999999998757 ) ) ;
#7378 = CARTESIAN_POINT ( 'NONE',  ( -13.09924240491750069, 14.84924240491749536, -3.599999999999998757 ) ) ;
#7379 = DIRECTION ( 'NONE',  ( 0.000000000000000000, 0.000000000000000000, -1.000000000000000000 ) ) ;
#7380 = CARTESIAN_POINT ( 'NONE',  ( -17.12241726305228084, 21.05518411798320955, -2.099999999999998757 ) ) ;
#7381 = VECTOR ( 'NONE', #3799, 1000.000000000000000 ) ;
#7382 = CARTESIAN_POINT ( 'NONE',  ( 22.85726476338738422, -5.433202019314283149, 2.000000000000000000 ) ) ;
#7383 = CARTESIAN_POINT ( 'NONE',  ( 13.30747633062665258, 21.64116298680352557, 2.000000000000000000 ) ) ;
#7384 = FACE_BOUND ( 'NONE', #1178, .T. ) ;
#7385 = CARTESIAN_POINT ( 'NONE',  ( 7.657608382361896560, -22.56335699501520864, 2.000000000000000000 ) ) ;
#7386 = CARTESIAN_POINT ( 'NONE',  ( -24.62078186107714117, 10.69645268464870647, 2.000000000000000000 ) ) ;
#7387 = ORIENTED_EDGE ( 'NONE', *, *, #3750, .F. ) ;
#7388 = CARTESIAN_POINT ( 'NONE',  ( 20.69407544885352124, -11.81098159931166514, 2.000000000000000000 ) ) ;
#7389 = CARTESIAN_POINT ( 'NONE',  ( -24.62078186107713407, -10.69645268464871180, -2.099999999999998757 ) ) ;
#7390 = CARTESIAN_POINT ( 'NONE',  ( -12.36707959469690365, 25.12081492106559111, -2.099999999999998757 ) ) ;
#7391 = CARTESIAN_POINT ( 'NONE',  ( 27.99999957948218920, 0.000000000000000000, 0.000000000000000000 ) ) ;
#7392 = CARTESIAN_POINT ( 'NONE',  ( -18.30266578660393506, -18.21105589998884966, -2.099999999999998757 ) ) ;
#7393 = CARTESIAN_POINT ( 'NONE',  ( -23.50396181942852891, -2.270536500527282371E-15, 2.000000000000000000 ) ) ;
#7394 = CARTESIAN_POINT ( 'NONE',  ( 1.790249464186348893, 24.99754724227145530, -2.099999999999998757 ) ) ;
#7395 = CARTESIAN_POINT ( 'NONE',  ( -18.60089775827984226, 15.19605903441927630, -2.099999999999998757 ) ) ;
#7396 = ORIENTED_EDGE ( 'NONE', *, *, #6648, .T. ) ;
#7397 = DIRECTION ( 'NONE',  ( 0.000000000000000000, -0.000000000000000000, -1.000000000000000000 ) ) ;
#7398 = CARTESIAN_POINT ( 'NONE',  ( 5.855490417633457234, 27.19235970815770997, 2.000000000000000000 ) ) ;
#7399 = CARTESIAN_POINT ( 'NONE',  ( 13.09924240491749714, 14.84924240491749714, 2.100000000000001865 ) ) ;
#7400 = CARTESIAN_POINT ( 'NONE',  ( 21.35721522671293116, 10.35169942632025197, 2.000000000000000000 ) ) ;
#7401 = CARTESIAN_POINT ( 'NONE',  ( -24.76338133992250334, 1.168557790373918381, 2.000000000000000000 ) ) ;
#7402 = ADVANCED_FACE ( 'NONE', ( #7140 ), #3424, .T. ) ;
#7403 = CARTESIAN_POINT ( 'NONE',  ( 27.87379644711759141, -2.655456283891202141, 2.000000000000000000 ) ) ;
#7404 = B_SPLINE_CURVE_WITH_KNOTS ( 'NONE', 3,
 ( #3243, #5776, #4549, #7802, #3286, #3878, #5060, #7032, #4419, #7126, #6407, #6990, #6363, #3962, #5862, #6535, #5101, #7714, #1265, #764, #6450, #3156, #636, #5817, #3333, #6, #89, #679, #47, #2618, #5190, #3460, #4809, #2077, #3502, #4727, #4009, #1526, #5442, #6578, #6699, #6072, #1566, #6033, #7376, #5948, #8008, #7209, #3374, #7882, #2244, #2832, #2203, #852, #4091 ),
 .UNSPECIFIED., .F., .F.,
 ( 4, 1, 1, 1, 1, 1, 1, 1, 1, 1, 1, 1, 1, 1, 1, 1, 1, 1, 1, 1, 1, 1, 1, 1, 1, 1, 1, 1, 1, 1, 1, 1, 1, 1, 1, 1, 1, 1, 1, 1, 1, 1, 1, 1, 1, 1, 1, 1, 1, 1, 1, 1, 4 ),
 ( 0.01037066611188857020, 0.06767854499841063909, 0.09884629602760419687, 0.1282330327458525154, 0.1558387551553856998, 0.1816634632588947085, 0.2057071570596702426, 0.2279698365617903733, 0.2484515017703998740, 0.2671521526921104561, 0.2840717893356237145, 0.2992104117127123430, 0.3125680198398570475, 0.3241446137411453376, 0.3339401934538046568, 0.3662021699428077426, 0.3760430630535975816, 0.3856763336118151919, 0.3952492422856396237, 0.4049624801021072806, 0.4150869914083012979, 0.4259748013331243754, 0.4380386266454286415, 0.4516469595390829594, 0.4668849008038623571, 0.4803437228220495125, 0.4999999999999997780, 0.5196562771779499323, 0.5331150991961371988, 0.5483530404609165965, 0.5619613733545708589, 0.5740251986668751805, 0.5849130085916982580, 0.5950375198978923308, 0.6047507577143599322, 0.6143236663881842530, 0.6239569369464019744, 0.6337978300571918133, 0.6660598065461950101, 0.6758553862588542183, 0.6874319801601425084, 0.7007895882872872129, 0.7159282106643759525, 0.7328478473078892108, 0.7515484982295997929, 0.7720301634382092937, 0.7942928429403295354, 0.8183365367411050695, 0.8441612448446141892, 0.8717669672541473735, 0.9011537039723956921, 0.9323214550015893609, 0.9896293338881134716 ),
 .UNSPECIFIED. ) ;
#7405 = CARTESIAN_POINT ( 'NONE',  ( -14.10020032022225323, -19.09116743896564117, -2.099999999999999645 ) ) ;
#7406 = VERTEX_POINT ( 'NONE', #4303 ) ;
#7407 = CARTESIAN_POINT ( 'NONE',  ( -7.629252907546902662, -22.67335363560524897, -2.099999999999998757 ) ) ;
#7408 = CARTESIAN_POINT ( 'NONE',  ( -23.00007343659231651, 5.130111501463086476, -2.100000000000000089 ) ) ;
#7409 = CARTESIAN_POINT ( 'NONE',  ( -25.56471904745758295, 1.411662356313486244, -2.099999999999998757 ) ) ;
#7410 = CARTESIAN_POINT ( 'NONE',  ( -7.768531058981745119, 22.33132486425837016, 2.000000000000000000 ) ) ;
#7411 = CARTESIAN_POINT ( 'NONE',  ( -22.85055158908931716, -6.414095051321358376, -2.099999999999999645 ) ) ;
#7412 = CARTESIAN_POINT ( 'NONE',  ( 8.993578510876927723, -21.86672564825610721, -2.099999999999999645 ) ) ;
#7413 = CARTESIAN_POINT ( 'NONE',  ( 23.90532429094090716, -0.9066066167179773760, -2.099999999999998757 ) ) ;
#7414 = CARTESIAN_POINT ( 'NONE',  ( -20.99240193721332659, -10.59640443373927710, -2.099999999999998757 ) ) ;
#7415 = EDGE_LOOP ( 'NONE', ( #3171, #3493, #2587, #1003 ) ) ;
#7416 = CARTESIAN_POINT ( 'NONE',  ( -8.686322604036286421, 21.85205998608587308, -2.099999999999998757 ) ) ;
#7417 = CARTESIAN_POINT ( 'NONE',  ( -21.47582202528876039, 10.32148794313314610, -2.099999999999998757 ) ) ;
#7418 = CARTESIAN_POINT ( 'NONE',  ( 0.000000000000000000, 0.000000000000000000, -2.099999999999998757 ) ) ;
#7419 = CARTESIAN_POINT ( 'NONE',  ( -21.38382933992361501, -12.54282366362884815, 2.000000000000000000 ) ) ;
#7420 = CARTESIAN_POINT ( 'NONE',  ( 21.38382933992361146, 12.54282366362886059, 2.000000000000000000 ) ) ;
#7421 = CARTESIAN_POINT ( 'NONE',  ( 24.00794390784557919, -7.190340088713003119, 2.000000000000000000 ) ) ;
#7422 = CARTESIAN_POINT ( 'NONE',  ( 13.04949915500204582, 19.56208827861912880, 2.000000000000000000 ) ) ;
#7423 = CARTESIAN_POINT ( 'NONE',  ( 7.650756190596012196, 25.73058353783937235, 2.000000000000000000 ) ) ;
#7424 = CARTESIAN_POINT ( 'NONE',  ( -1.824858090210262906, -24.72368248555340031, 2.000000000000000000 ) ) ;
#7425 = CARTESIAN_POINT ( 'NONE',  ( -23.08741356227222852, 10.60189590196922360, 2.000000000000000000 ) ) ;
#7426 = DIRECTION ( 'NONE',  ( -0.000000000000000000, 0.000000000000000000, 1.000000000000000000 ) ) ;
#7427 = CARTESIAN_POINT ( 'NONE',  ( 20.86952096496492004, -12.08832612917522553, -2.099999999999999645 ) ) ;
#7428 = CARTESIAN_POINT ( 'NONE',  ( -21.80373651133526991, -10.30832712212200519, 2.000000000000000000 ) ) ;
#7429 = CARTESIAN_POINT ( 'NONE',  ( 27.99999957948218920, 0.000000000000000000, 2.100000000000000089 ) ) ;
#7430 = CARTESIAN_POINT ( 'NONE',  ( -13.10549974122803008, 21.04367979295773239, 2.000000000000000000 ) ) ;
#7431 = CARTESIAN_POINT ( 'NONE',  ( -17.37016481680592150, -16.73146461459393208, -2.099999999999998757 ) ) ;
#7432 = FACE_BOUND ( 'NONE', #4519, .T. ) ;
#7433 = CARTESIAN_POINT ( 'NONE',  ( 3.025165651672243605, 23.29855380546641541, -2.099999999999998757 ) ) ;
#7434 = CARTESIAN_POINT ( 'NONE',  ( -21.34551800689748191, 16.27777197600731185, -2.099999999999998757 ) ) ;
#7435 = ORIENTED_EDGE ( 'NONE', *, *, #280, .T. ) ;
#7436 = CARTESIAN_POINT ( 'NONE',  ( 13.34952134769245546, 19.34012055804145547, 2.000000000000000000 ) ) ;
#7437 = CARTESIAN_POINT ( 'NONE',  ( -5.183190230475061000, 26.33878392258043277, 2.000000000000000000 ) ) ;
#7438 = CARTESIAN_POINT ( 'NONE',  ( -18.60089775827983871, -15.19605903441929051, 2.000000000000000000 ) ) ;
#7439 = CARTESIAN_POINT ( 'NONE',  ( 21.04854468720649052, 16.20550857031053127, 2.000000000000000000 ) ) ;
#7440 = CARTESIAN_POINT ( 'NONE',  ( -24.76338133992250334, 1.168557790373918381, -2.099999999999998757 ) ) ;
#7441 = CARTESIAN_POINT ( 'NONE',  ( -25.91507356775016646, -10.60230927572369986, -2.099999999999998757 ) ) ;
#7442 = CARTESIAN_POINT ( 'NONE',  ( -1.145856306001376446, 27.11429446801521692, -2.099999999999998757 ) ) ;
#7443 = CARTESIAN_POINT ( 'NONE',  ( -23.07262568452396323, -6.675893319502717915, 2.000000000000000000 ) ) ;
#7444 = VERTEX_POINT ( 'NONE', #4263 ) ;
#7445 = CARTESIAN_POINT ( 'NONE',  ( -10.03175227225609767, -22.96619924196638962, 2.000000000000000000 ) ) ;
#7446 = CARTESIAN_POINT ( 'NONE',  ( -24.19711102278062143, 1.042982032116795743, -2.099999999999998757 ) ) ;
#7447 = DIRECTION ( 'NONE',  ( -0.000000000000000000, 0.000000000000000000, 1.000000000000000000 ) ) ;
#7448 = CARTESIAN_POINT ( 'NONE',  ( -22.91828645517601615, -5.264681564480675036, 2.000000000000000000 ) ) ;
#7449 = CARTESIAN_POINT ( 'NONE',  ( 10.70787966366669686, -23.74905515802276312, 2.000000000000000000 ) ) ;
#7450 = CARTESIAN_POINT ( 'NONE',  ( 26.50130185302209540, -1.827769560624223244, 2.000000000000000000 ) ) ;
#7451 = EDGE_LOOP ( 'NONE', ( #5906, #7997 ) ) ;
#7452 = CARTESIAN_POINT ( 'NONE',  ( -7.616738452866472109, 23.18530238615923977, 2.000000000000000000 ) ) ;
#7453 = CARTESIAN_POINT ( 'NONE',  ( -21.23211141880578623, 10.40363348579838387, -2.099999999999998757 ) ) ;
#7454 = CARTESIAN_POINT ( 'NONE',  ( -18.97770164392054326, -15.34339570340775971, -2.099999999999998757 ) ) ;
#7455 = CARTESIAN_POINT ( 'NONE',  ( -25.38017819844199252, -10.66028906994771575, 2.000000000000000000 ) ) ;
#7456 = CARTESIAN_POINT ( 'NONE',  ( 22.78920619399658420, 14.18622855212693246, -2.099999999999998757 ) ) ;
#7457 = CARTESIAN_POINT ( 'NONE',  ( 22.85726476338738422, -5.433202019314283149, -2.099999999999998757 ) ) ;
#7458 = CIRCLE ( 'NONE', #4250, 27.99999957948218920 ) ;
#7459 = CARTESIAN_POINT ( 'NONE',  ( -0.9676081430913925363, -27.51106960587117456, -2.099999999999998757 ) ) ;
#7460 = DIRECTION ( 'NONE',  ( 0.000000000000000000, 0.000000000000000000, -1.000000000000000000 ) ) ;
#7461 = CARTESIAN_POINT ( 'NONE',  ( 7.401289683397484609, -27.00409019895743512, 2.000000000000000000 ) ) ;
#7462 = CARTESIAN_POINT ( 'NONE',  ( 20.07157227525354060, -15.89590000543996950, -2.099999999999998757 ) ) ;
#7463 = ORIENTED_EDGE ( 'NONE', *, *, #2612, .F. ) ;
#7465 = CARTESIAN_POINT ( 'NONE',  ( 21.84033501313437142, -12.97800555654220389, 2.000000000000000000 ) ) ;
#7464 = CARTESIAN_POINT ( 'NONE',  ( 26.46517536639175816, -4.493494443281861095, 2.000000000000000000 ) ) ;
#7466 = CARTESIAN_POINT ( 'NONE',  ( -20.69407544885351768, -11.81098159931166869, -2.099999999999998757 ) ) ;
#7467 = CARTESIAN_POINT ( 'NONE',  ( -9.945601713251335241, 22.84599953686306151, -2.099999999999998757 ) ) ;
#7468 = AXIS2_PLACEMENT_3D ( 'NONE', #7436, #1861, #3563 ) ;
#7469 = CARTESIAN_POINT ( 'NONE',  ( 7.701896059577425291, -22.44925656542959302, -2.099999999999998757 ) ) ;
#7470 = CARTESIAN_POINT ( 'NONE',  ( -18.00520414013333692, -17.66596715945037843, 2.000000000000000000 ) ) ;
#7471 = CARTESIAN_POINT ( 'NONE',  ( 0.000000000000000000, 0.000000000000000000, -2.099999999999998757 ) ) ;
#7472 = AXIS2_PLACEMENT_3D ( 'NONE', #6888, #3017, #1126 ) ;
#7473 = CARTESIAN_POINT ( 'NONE',  ( -1.270707428516397952, 26.81384534371724016, -2.099999999999998757 ) ) ;
#7474 = CARTESIAN_POINT ( 'NONE',  ( -17.98147192499884994, 15.23115522593612958, -2.099999999999998757 ) ) ;
#7475 = VERTEX_POINT ( 'NONE', #6875 ) ;
#7476 = CARTESIAN_POINT ( 'NONE',  ( -23.44696895445782658, 15.30488886923695624, 2.000000000000000000 ) ) ;
#7477 = DIRECTION ( 'NONE',  ( -1.000000000000000000, 0.000000000000000000, 0.000000000000000000 ) ) ;
#7478 = CARTESIAN_POINT ( 'NONE',  ( -17.83462167525289033, -17.40060223031303721, 2.000000000000000000 ) ) ;
#7479 = CARTESIAN_POINT ( 'NONE',  ( 19.42345833902674102, 15.60717637591975837, 2.000000000000000000 ) ) ;
#7480 = CARTESIAN_POINT ( 'NONE',  ( 7.745447077757175336, 24.40400991946478726, 2.000000000000000000 ) ) ;
#7481 = CARTESIAN_POINT ( 'NONE',  ( 18.09985454995501541, -17.82762258356554597, -2.099999999999998757 ) ) ;
#7482 = EDGE_CURVE ( 'NONE', #7727, #1466, #2682, .T. ) ;
#7483 = AXIS2_PLACEMENT_3D ( 'NONE', #6708, #2838, #5411 ) ;
#7484 = DIRECTION ( 'NONE',  ( 0.000000000000000000, 0.000000000000000000, -1.000000000000000000 ) ) ;
#7485 = CARTESIAN_POINT ( 'NONE',  ( -16.55868018414818010, -20.77185239767593217, -2.099999999999999645 ) ) ;
#7486 = ORIENTED_EDGE ( 'NONE', *, *, #4622, .F. ) ;
#7487 = CARTESIAN_POINT ( 'NONE',  ( -9.408316245588473237, -22.09971024729809130, -2.099999999999998757 ) ) ;
#7488 = CARTESIAN_POINT ( 'NONE',  ( 23.90532429094090716, -0.9066066167179773760, 2.000000000000000000 ) ) ;
#7489 = CARTESIAN_POINT ( 'NONE',  ( -7.601435196559586771, 26.05218098595103626, 2.000000000000000000 ) ) ;
#7490 = CARTESIAN_POINT ( 'NONE',  ( -23.00007343659231651, -5.130111501463104240, 2.000000000000000000 ) ) ;
#7491 = CARTESIAN_POINT ( 'NONE',  ( 10.13323285654344197, -23.09959661296539224, -2.099999999999999645 ) ) ;
#7492 = CARTESIAN_POINT ( 'NONE',  ( 1.726035193247294597, 25.34659078107458541, 2.000000000000000000 ) ) ;
#7493 = EDGE_CURVE ( 'NONE', #1761, #7895, #7633, .T. ) ;
#7494 = B_SPLINE_CURVE_WITH_KNOTS ( 'NONE', 3,
 ( #3445, #5890, #116, #2691, #1470, #2062, #4619, #7191, #2104, #1426, #3992, #6562, #5350, #4712, #798, #161, #4667, #7278, #247, #4037, #1510, #4752, #837, #3401, #5974, #203, #2775, #6017, #2818, #5391, #3053, #962, #2976, #4160, #2311, #5512, #4875, #2391, #1671, #4315, #6138, #7479, #2936, #7521, #4957, #6886, #6848, #8072, #1713, #7439, #8110, #1124, #6725, #3526, #1755 ),
 .UNSPECIFIED., .F., .F.,
 ( 4, 1, 1, 1, 1, 1, 1, 1, 1, 1, 1, 1, 1, 1, 1, 1, 1, 1, 1, 1, 1, 1, 1, 1, 1, 1, 1, 1, 1, 1, 1, 1, 1, 1, 1, 1, 1, 1, 1, 1, 1, 1, 1, 1, 1, 1, 1, 1, 1, 1, 1, 1, 4 ),
 ( 0.01037070964479186105, 0.06767854499841075011, 0.09884629602760430789, 0.1282330327458526265, 0.1558387551553858108, 0.1816634632588949305, 0.2057071570596704646, 0.2279698365617907063, 0.2484515017704002071, 0.2671521526921107892, 0.2840717893356240475, 0.2992104117127127871, 0.3125680198398574916, 0.3241446137411457817, 0.3339401934538051009, 0.3662021699428081867, 0.3760430630535980256, 0.3856763336118157470, 0.3952492422856400678, 0.4049624801021076692, 0.4150869914083017420, 0.4259748013331248195, 0.4380386266454291411, 0.4516469595390834035, 0.4668849008038628012, 0.4803437228220500677, 0.5000000000000002220, 0.5196562771779504875, 0.5331150991961376429, 0.5483530404609170406, 0.5619613733545713030, 0.5740251986668756246, 0.5849130085916987021, 0.5950375198978927749, 0.6047507577143603763, 0.6143236663881848081, 0.6239569369464024184, 0.6337978300571922574, 0.6660598065461953432, 0.6758553862588546624, 0.6874319801601429525, 0.7007895882872876570, 0.7159282106643762855, 0.7328478473078895439, 0.7515484982296001260, 0.7720301634382096267, 0.7942928429403297574, 0.8183365367411052915, 0.8441612448446143002, 0.8717669672541474846, 0.9011537039723958031, 0.9323214550015893609, 0.9896292903552004194 ),
 .UNSPECIFIED. ) ;
#7495 = CIRCLE ( 'NONE', #5073, 1.750000000000000444 ) ;
#7496 = ORIENTED_EDGE ( 'NONE', *, *, #8228, .T. ) ;
#7497 = CARTESIAN_POINT ( 'NONE',  ( -9.555618961847070381, 22.25484530667599614, -2.099999999999998757 ) ) ;
#7498 = CARTESIAN_POINT ( 'NONE',  ( -7.688595528318257877, -23.56854007989868194, -2.099999999999998757 ) ) ;
#7499 = CARTESIAN_POINT ( 'NONE',  ( -21.34551800689747125, -16.27777197600732251, -2.099999999999998757 ) ) ;
#7500 = CARTESIAN_POINT ( 'NONE',  ( 25.62785817443977621, 4.678588802317997342, -2.099999999999998757 ) ) ;
#7501 = CARTESIAN_POINT ( 'NONE',  ( 20.65156267108762478, 11.69620803915342755, 2.000000000000000000 ) ) ;
#7502 = CARTESIAN_POINT ( 'NONE',  ( 26.31772476319045140, -9.122342505286646031, 2.000000000000000000 ) ) ;
#7503 = CIRCLE ( 'NONE', #249, 27.99999957948218920 ) ;
#7504 = CARTESIAN_POINT ( 'NONE',  ( -1.939597136465237570, -23.94058417290086993, -2.099999999999998757 ) ) ;
#7505 = CARTESIAN_POINT ( 'NONE',  ( 16.59924240491750425, -14.84924240491749714, -3.599999999999998757 ) ) ;
#7506 = DIRECTION ( 'NONE',  ( -0.000000000000000000, -0.000000000000000000, -1.000000000000000000 ) ) ;
#7507 = CARTESIAN_POINT ( 'NONE',  ( 20.28441937235456649, -15.97411852388379572, -2.099999999999998757 ) ) ;
#7508 = CARTESIAN_POINT ( 'NONE',  ( -7.401289683397433983, -27.00409019895759855, 2.000000000000000000 ) ) ;
#7510 = CARTESIAN_POINT ( 'NONE',  ( 22.61633054543465704, -13.93417863138606627, 2.000000000000000000 ) ) ;
#7509 = CARTESIAN_POINT ( 'NONE',  ( 22.74963530479514873, -6.146178943449467802, 2.000000000000000000 ) ) ;
#7511 = DIRECTION ( 'NONE',  ( 0.3546048870425358990, -0.9350162426854147224, 0.000000000000000000 ) ) ;
#7512 = CARTESIAN_POINT ( 'NONE',  ( -12.19289839554628685, 25.00088876444322139, -2.099999999999998757 ) ) ;
#7513 = CARTESIAN_POINT ( 'NONE',  ( -13.50856635788135840, 22.56556696682679686, 2.000000000000000000 ) ) ;
#7514 = CARTESIAN_POINT ( 'NONE',  ( -18.70321540207055477, -15.22676155773648610, 2.000000000000000000 ) ) ;
#7515 = DIRECTION ( 'NONE',  ( -1.000000000000000000, 0.000000000000000000, 0.000000000000000000 ) ) ;
#7516 = CARTESIAN_POINT ( 'NONE',  ( -1.906741771391428530, 24.04223096406908056, -2.099999999999998757 ) ) ;
#7517 = CARTESIAN_POINT ( 'NONE',  ( 0.000000000000000000, 0.000000000000000000, -2.099999999999998757 ) ) ;
#7518 = ORIENTED_EDGE ( 'NONE', *, *, #6087, .F. ) ;
#7519 = CARTESIAN_POINT ( 'NONE',  ( 21.00000000000000355, 2.602085213965210642E-15, -3.599999999999998757 ) ) ;
#7520 = CARTESIAN_POINT ( 'NONE',  ( -17.84651532293613840, -15.31230279367191649, 2.000000000000000000 ) ) ;
#7521 = CARTESIAN_POINT ( 'NONE',  ( 19.70744990308223876, 15.74452889495768915, 2.000000000000000000 ) ) ;
#7522 = CARTESIAN_POINT ( 'NONE',  ( -26.77150907641003386, 1.970609361940791837, 2.000000000000000000 ) ) ;
#7523 = PLANE ( 'NONE',  #3978 ) ;
#7524 = EDGE_CURVE ( 'NONE', #5464, #2076, #1361, .T. ) ;
#7525 = CARTESIAN_POINT ( 'NONE',  ( -1.726035193247326571, 25.34659078107458896, 2.000000000000000000 ) ) ;
#7526 = CARTESIAN_POINT ( 'NONE',  ( -15.36687483434010204, -20.00332296475709271, -2.099999999999999645 ) ) ;
#7527 = ORIENTED_EDGE ( 'NONE', *, *, #7800, .F. ) ;
#7528 = CARTESIAN_POINT ( 'NONE',  ( -7.657608382361889454, -22.56335699501521219, 2.000000000000000000 ) ) ;
#7529 = B_SPLINE_CURVE_WITH_KNOTS ( 'NONE', 3,
 ( #5237, #3378, #7886, #7213, #2081, #1447, #5324, #5910, #137, #6539, #4641, #4013, #6622, #1489, #7806, #856, #6582, #2123, #7169, #4687, #3420, #5994, #1401, #3966, #7659, #1890, #3144, #5893, #2563, #2693, #119, #708, #5090, #4535, #7613, #6978, #6480, #1845, #7153, #3275, #7112, #77, #4448, #3320, #7020, #1253, #3822, #1384, #8323, #7701, #6351, #6394, #1298, #623, #7745 ),
 .UNSPECIFIED., .F., .F.,
 ( 4, 1, 1, 1, 1, 1, 1, 1, 1, 1, 1, 1, 1, 1, 1, 1, 1, 1, 1, 1, 1, 1, 1, 1, 1, 1, 1, 1, 1, 1, 1, 1, 1, 1, 1, 1, 1, 1, 1, 1, 1, 1, 1, 1, 1, 1, 1, 1, 1, 1, 1, 1, 4 ),
 ( 0.01037070964479198422, 0.06767854499841075011, 0.09884629602760430789, 0.1282330327458526265, 0.1558387551553858108, 0.1816634632588949305, 0.2057071570596704646, 0.2279698365617907063, 0.2484515017704002071, 0.2671521526921107892, 0.2840717893356240475, 0.2992104117127127871, 0.3125680198398574916, 0.3241446137411457817, 0.3339401934538051009, 0.3662021699428081867, 0.3760430630535980256, 0.3856763336118157470, 0.3952492422856400678, 0.4049624801021076692, 0.4150869914083017420, 0.4259748013331248195, 0.4380386266454291411, 0.4516469595390834035, 0.4668849008038628012, 0.4803437228220500677, 0.5000000000000002220, 0.5196562771779504875, 0.5331150991961376429, 0.5483530404609170406, 0.5619613733545713030, 0.5740251986668756246, 0.5849130085916987021, 0.5950375198978927749, 0.6047507577143603763, 0.6143236663881848081, 0.6239569369464024184, 0.6337978300571922574, 0.6660598065461953432, 0.6758553862588546624, 0.6874319801601429525, 0.7007895882872876570, 0.7159282106643762855, 0.7328478473078895439, 0.7515484982296001260, 0.7720301634382096267, 0.7942928429403297574, 0.8183365367411052915, 0.8441612448446143002, 0.8717669672541474846, 0.9011537039723958031, 0.9323214550015893609, 0.9896292903551999753 ),
 .UNSPECIFIED. ) ;
#7530 = CARTESIAN_POINT ( 'NONE',  ( 23.99982295939236820, -0.9602632500303808216, 2.000000000000000000 ) ) ;
#7531 = CARTESIAN_POINT ( 'NONE',  ( -8.686322604036286421, 21.85205998608587308, 2.000000000000000000 ) ) ;
#7532 = CARTESIAN_POINT ( 'NONE',  ( -25.29380829876430425, -8.116834556469576967, -2.099999999999999645 ) ) ;
#7533 = CARTESIAN_POINT ( 'NONE',  ( 10.25081980592599251, -23.24542008693366313, 2.000000000000000000 ) ) ;
#7534 = CARTESIAN_POINT ( 'NONE',  ( 1.623578263684192224, 25.76808346599205279, 2.000000000000000000 ) ) ;
#7535 = EDGE_LOOP ( 'NONE', ( #7396, #1515, #605, #1926 ) ) ;
#7536 = CARTESIAN_POINT ( 'NONE',  ( -8.334619726030529918, 21.97658606862350439, 2.000000000000000000 ) ) ;
#7537 = CARTESIAN_POINT ( 'NONE',  ( -22.90269961712299462, 10.57072003481730604, -2.099999999999998757 ) ) ;
#7538 = CARTESIAN_POINT ( 'NONE',  ( 17.59000231784554202, -15.58338223461975858, 2.000000000000000000 ) ) ;
#7539 = LINE ( 'NONE', #1775, #741 ) ;
#7540 = CARTESIAN_POINT ( 'NONE',  ( 21.07590994840522924, 12.30361618564758963, 2.000000000000000000 ) ) ;
#7541 = CARTESIAN_POINT ( 'NONE',  ( -22.46994110604167005, 10.47341059000766350, 2.000000000000000000 ) ) ;
#7542 = CARTESIAN_POINT ( 'NONE',  ( -1.790249464186363104, -24.99754724227145530, -2.099999999999998757 ) ) ;
#7543 = CARTESIAN_POINT ( 'NONE',  ( 7.701896059577414633, 22.44925656542957881, 2.000000000000000000 ) ) ;
#7544 = CARTESIAN_POINT ( 'NONE',  ( -1.906741771391412099, -24.04223096406908411, 2.000000000000000000 ) ) ;
#7545 = DIRECTION ( 'NONE',  ( -0.000000000000000000, -0.000000000000000000, -1.000000000000000000 ) ) ;
#7546 = VERTEX_POINT ( 'NONE', #5025 ) ;
#7548 = CARTESIAN_POINT ( 'NONE',  ( 21.07590994840524345, -12.30361618564757720, -2.099999999999999645 ) ) ;
#7547 = CARTESIAN_POINT ( 'NONE',  ( 26.24483786523220274, 1.701370919965213835, -2.099999999999998757 ) ) ;
#7549 = DIRECTION ( 'NONE',  ( 0.000000000000000000, -0.000000000000000000, 1.000000000000000000 ) ) ;
#7550 = CARTESIAN_POINT ( 'NONE',  ( 13.20212662322859209, 21.30225842247369528, -2.099999999999998757 ) ) ;
#7551 = CARTESIAN_POINT ( 'NONE',  ( -23.10489730742583703, -5.020145956116677688, -2.099999999999998757 ) ) ;
#7552 = EDGE_CURVE ( 'NONE', #7233, #3531, #797, .T. ) ;
#7553 = CARTESIAN_POINT ( 'NONE',  ( 21.34551800689747836, -16.27777197600731540, 2.000000000000000000 ) ) ;
#7554 = FACE_BOUND ( 'NONE', #1721, .T. ) ;
#7555 = CARTESIAN_POINT ( 'NONE',  ( -1.981471996725014506, 23.84030691368550237, -2.099999999999998757 ) ) ;
#7556 = CARTESIAN_POINT ( 'NONE',  ( -21.66370631000717850, 16.34569607223865617, -2.099999999999998757 ) ) ;
#7557 = ORIENTED_EDGE ( 'NONE', *, *, #6255, .T. ) ;
#7558 = CARTESIAN_POINT ( 'NONE',  ( -23.63710370791871540, 4.790810183414316192, -2.100000000000000089 ) ) ;
#7559 = CARTESIAN_POINT ( 'NONE',  ( -3.952016953262640797, 23.89496924813284906, 2.000000000000000000 ) ) ;
#7560 = CARTESIAN_POINT ( 'NONE',  ( -18.73200657000872127, -19.22781655172589055, 2.000000000000000000 ) ) ;
#7561 = CARTESIAN_POINT ( 'NONE',  ( 25.07504586300960980, 7.932732980984177118, 2.000000000000000000 ) ) ;
#7562 = CARTESIAN_POINT ( 'NONE',  ( 9.324636732261661010, 22.03037936177864964, 2.000000000000000000 ) ) ;
#7563 = CARTESIAN_POINT ( 'NONE',  ( 18.51632561903327456, -18.67704107051116225, -2.099999999999998757 ) ) ;
#7564 = CARTESIAN_POINT ( 'NONE',  ( -1.474499619732464684, 26.25856105065617641, -2.099999999999998757 ) ) ;
#7565 = CARTESIAN_POINT ( 'NONE',  ( -23.58537593626265050, -6.976039544898380740, 2.000000000000000000 ) ) ;
#7566 = VERTEX_POINT ( 'NONE', #3162 ) ;
#7567 = PLANE ( 'NONE',  #5329 ) ;
#7568 = CARTESIAN_POINT ( 'NONE',  ( -23.90532429094090716, -0.9066066167179803736, -2.099999999999998757 ) ) ;
#7569 = CARTESIAN_POINT ( 'NONE',  ( -7.701896059577427955, 22.44925656542958592, 2.000000000000000000 ) ) ;
#7570 = CARTESIAN_POINT ( 'NONE',  ( -24.00794390784557564, -7.190340088713012889, -2.099999999999999645 ) ) ;
#7571 = CARTESIAN_POINT ( 'NONE',  ( 8.512968716744138575, -21.89757064776837225, 2.000000000000000000 ) ) ;
#7572 = EDGE_CURVE ( 'NONE', #2961, #2556, #5739, .T. ) ;
#7573 = EDGE_LOOP ( 'NONE', ( #5680, #7486, #733, #6032 ) ) ;
#7574 = CARTESIAN_POINT ( 'NONE',  ( -9.673488752447902073, 22.40527988562695327, 2.000000000000000000 ) ) ;
#7575 = CARTESIAN_POINT ( 'NONE',  ( -24.15260079455800835, 7.275001489028683821, -2.099999999999998757 ) ) ;
#7576 = FACE_OUTER_BOUND ( 'NONE', #5301, .T. ) ;
#7577 = CARTESIAN_POINT ( 'NONE',  ( -22.09815905990547691, -10.35588323418788015, 2.000000000000000000 ) ) ;
#7578 = DIRECTION ( 'NONE',  ( -0.000000000000000000, 0.000000000000000000, -1.000000000000000000 ) ) ;
#7579 = CARTESIAN_POINT ( 'NONE',  ( 26.47130246385853880, -9.297768939304349445, 2.000000000000000000 ) ) ;
#7580 = CARTESIAN_POINT ( 'NONE',  ( -1.379935885169552234, -26.52839079975560210, 2.000000000000000000 ) ) ;
#7581 = CARTESIAN_POINT ( 'NONE',  ( -13.64180599432875063, -23.91017242913069296, -2.099999999999999645 ) ) ;
#7582 = CARTESIAN_POINT ( 'NONE',  ( 7.452140385482026730, -26.79882083607232346, 2.000000000000000000 ) ) ;
#7583 = CARTESIAN_POINT ( 'NONE',  ( -20.94077984017083338, 12.16847291378769391, 2.000000000000000000 ) ) ;
#7584 = CARTESIAN_POINT ( 'NONE',  ( 7.605208680130566279, 22.99453835804834156, -2.099999999999998757 ) ) ;
#7586 = CARTESIAN_POINT ( 'NONE',  ( 13.50602898338109270, -19.22398027845277113, -2.099999999999998757 ) ) ;
#7585 = CARTESIAN_POINT ( 'NONE',  ( 22.91828645517601615, -5.264681564480667042, 2.000000000000000000 ) ) ;
#7587 = CARTESIAN_POINT ( 'NONE',  ( 13.30747633062665258, 21.64116298680352557, -2.099999999999998757 ) ) ;
#7588 = CARTESIAN_POINT ( 'NONE',  ( -22.79134869580807887, -6.292262679950373361, -2.099999999999998757 ) ) ;
#7589 = EDGE_CURVE ( 'NONE', #7022, #5947, #115, .T. ) ;
#7590 = CARTESIAN_POINT ( 'NONE',  ( -19.42345833902674812, -15.60717637591975837, 2.000000000000000000 ) ) ;
#7591 = CARTESIAN_POINT ( 'NONE',  ( 13.35177211813241804, 19.34338136197019153, -2.099999999999998757 ) ) ;
#7592 = CARTESIAN_POINT ( 'NONE',  ( -3.952016953262640797, 23.89496924813284906, -2.099999999999998757 ) ) ;
#7593 = CARTESIAN_POINT ( 'NONE',  ( -17.91646094264596201, 17.52377780514962069, 2.000000000000000000 ) ) ;
#7594 = AXIS2_PLACEMENT_3D ( 'NONE', #335, #933, #2864 ) ;
#7595 = ORIENTED_EDGE ( 'NONE', *, *, #6087, .T. ) ;
#7596 = EDGE_CURVE ( 'NONE', #7823, #7686, #8053, .T. ) ;
#7597 = CARTESIAN_POINT ( 'NONE',  ( -25.15968768847577408, 4.747395707336121262, -2.100000000000000089 ) ) ;
#7598 = CARTESIAN_POINT ( 'NONE',  ( -1.824858090210279782, 24.72368248555339676, 2.000000000000000000 ) ) ;
#7599 = CARTESIAN_POINT ( 'NONE',  ( 14.60388312963064017, -19.32135064906642796, -2.099999999999998757 ) ) ;
#7600 = CARTESIAN_POINT ( 'NONE',  ( 22.90269961712298752, 10.57072003481732381, 2.000000000000000000 ) ) ;
#7601 = CARTESIAN_POINT ( 'NONE',  ( 8.993578510876917065, 21.86672564825609655, 2.000000000000000000 ) ) ;
#7602 = CARTESIAN_POINT ( 'NONE',  ( 25.07504586300960980, 7.932732980984177118, 2.000000000000000000 ) ) ;
#7603 = CIRCLE ( 'NONE', #7343, 28.00000000000000000 ) ;
#7604 = CARTESIAN_POINT ( 'NONE',  ( 21.10401706161571411, 10.48531763796958671, -2.099999999999998757 ) ) ;
#7605 = CARTESIAN_POINT ( 'NONE',  ( -17.86193223065026814, -21.37267289045674445, -2.099999999999999645 ) ) ;
#7606 = EDGE_LOOP ( 'NONE', ( #1336, #5377, #7067, #4652 ) ) ;
#7607 = EDGE_CURVE ( 'NONE', #660, #3693, #4279, .T. ) ;
#7608 = CARTESIAN_POINT ( 'NONE',  ( 4.590305982006143815, -25.40785750275295030, -2.099999999999998757 ) ) ;
#7609 = CARTESIAN_POINT ( 'NONE',  ( -25.36983614870255366, -1.341743455198752155, -2.099999999999998757 ) ) ;
#7610 = CARTESIAN_POINT ( 'NONE',  ( -20.77276083323512523, 16.13005223007172972, 2.000000000000000000 ) ) ;
#7611 = CARTESIAN_POINT ( 'NONE',  ( -26.46517536639175106, -4.493494443281870865, 2.000000000000000000 ) ) ;
#7612 = CARTESIAN_POINT ( 'NONE',  ( -19.24999999999999289, -3.688814631097028664E-15, 2.100000000000001865 ) ) ;
#7613 = CARTESIAN_POINT ( 'NONE',  ( -1.981471996725014506, 23.84030691368550237, 2.000000000000000000 ) ) ;
#7614 = CARTESIAN_POINT ( 'NONE',  ( -14.21926140100350722, 19.11953582679382535, -2.099999999999998757 ) ) ;
#7615 = ADVANCED_FACE ( 'NONE', ( #53 ), #5985, .T. ) ;
#7616 = EDGE_LOOP ( 'NONE', ( #4193, #1944 ) ) ;
#7617 = DIRECTION ( 'NONE',  ( -0.8854560256532095774, -0.4647231720437691727, 0.000000000000000000 ) ) ;
#7618 = EDGE_CURVE ( 'NONE', #1119, #6309, #5371, .T. ) ;
#7619 = CARTESIAN_POINT ( 'NONE',  ( -26.42834229636209287, 9.248929663334736873, 2.000000000000000000 ) ) ;
#7620 = DIRECTION ( 'NONE',  ( 0.000000000000000000, -0.000000000000000000, -1.000000000000000000 ) ) ;
#7621 = CARTESIAN_POINT ( 'NONE',  ( 23.10489730742583703, 5.020145956116689234, -2.099999999999998757 ) ) ;
#7622 = CARTESIAN_POINT ( 'NONE',  ( 24.02931632081061863, 10.69009516955078354, 2.000000000000000000 ) ) ;
#7623 = CARTESIAN_POINT ( 'NONE',  ( -20.94077984017083338, 12.16847291378769391, 2.000000000000000000 ) ) ;
#7624 = COLOUR_RGB ( '',0.7921568627450980005, 0.8196078431372548767, 0.9333333333333333481 ) ;
#7625 = CARTESIAN_POINT ( 'NONE',  ( -3.612999446203290610, -23.45707906485273142, -2.099999999999998757 ) ) ;
#7626 = CARTESIAN_POINT ( 'NONE',  ( -13.30747633062665614, -21.64116298680352202, 2.000000000000000000 ) ) ;
#7627 = CARTESIAN_POINT ( 'NONE',  ( -5.855490417633472333, -27.19235970815770642, 2.000000000000000000 ) ) ;
#7628 = CARTESIAN_POINT ( 'NONE',  ( -22.27987727495455061, 10.41835660743990033, 2.000000000000000000 ) ) ;
#7629 = CARTESIAN_POINT ( 'NONE',  ( -13.04949915500204760, -19.56208827861912525, 2.000000000000000000 ) ) ;
#7630 = DIRECTION ( 'NONE',  ( -1.000000000000000000, 0.000000000000000000, 0.000000000000000000 ) ) ;
#7631 = DIRECTION ( 'NONE',  ( -1.000000000000000000, 0.000000000000000000, 0.000000000000000000 ) ) ;
#7633 = LINE ( 'NONE', #7132, #7381 ) ;
#7632 = CARTESIAN_POINT ( 'NONE',  ( 25.77590585922884614, 1.494258687380734196, -2.099999999999998757 ) ) ;
#7634 = DIRECTION ( 'NONE',  ( 1.000000000000000000, 0.000000000000000000, 0.000000000000000000 ) ) ;
#7635 = AXIS2_PLACEMENT_3D ( 'NONE', #4939, #6240, #5412 ) ;
#7636 = CARTESIAN_POINT ( 'NONE',  ( -24.95373504430678224, -4.768644361883073834, -2.099999999999998757 ) ) ;
#7637 = CARTESIAN_POINT ( 'NONE',  ( -19.87933552333217690, -15.81900378855656975, 2.000000000000000000 ) ) ;
#7638 = CARTESIAN_POINT ( 'NONE',  ( 13.50856635788135485, 22.56556696682681107, -2.099999999999998757 ) ) ;
#7639 = CIRCLE ( 'NONE', #4017, 28.00000000000000000 ) ;
#7640 = CARTESIAN_POINT ( 'NONE',  ( -1.846803834033476699, 24.33438445894235613, -2.099999999999998757 ) ) ;
#7641 = CARTESIAN_POINT ( 'NONE',  ( -17.37016481680592861, 16.73146461459391787, -2.099999999999998757 ) ) ;
#7642 = ORIENTED_EDGE ( 'NONE', *, *, #2282, .T. ) ;
#7643 = CARTESIAN_POINT ( 'NONE',  ( -22.73975435582775617, 5.989014764842353067, 2.000000000000000000 ) ) ;
#7644 = CARTESIAN_POINT ( 'NONE',  ( -2.105634209995062012, 23.64010634127342669, -2.099999999999998757 ) ) ;
#7645 = CARTESIAN_POINT ( 'NONE',  ( 15.68419099428257013, -20.23743569325269931, 2.000000000000000000 ) ) ;
#7646 = CARTESIAN_POINT ( 'NONE',  ( 23.53223775966786846, 4.811173829118842171, 2.000000000000000000 ) ) ;
#7647 = CARTESIAN_POINT ( 'NONE',  ( 9.555618961847061499, 22.25484530667599969, 2.000000000000000000 ) ) ;
#7648 = CARTESIAN_POINT ( 'NONE',  ( 24.66930537037450577, 7.619416278945045029, 2.000000000000000000 ) ) ;
#7649 = AXIS2_PLACEMENT_3D ( 'NONE', #3757, #4901, #4986 ) ;
#7650 = CARTESIAN_POINT ( 'NONE',  ( 20.69407544885351413, 11.81098159931167935, -2.099999999999998757 ) ) ;
#7651 = CARTESIAN_POINT ( 'NONE',  ( -25.91507308940478538, 10.60230933437666678, 2.000000000000000000 ) ) ;
#7652 = ORIENTED_EDGE ( 'NONE', *, *, #1114, .T. ) ;
#7653 = CARTESIAN_POINT ( 'NONE',  ( 5.995910227730304243, -27.35048556327748415, -2.099999999999998757 ) ) ;
#7654 = DIRECTION ( 'NONE',  ( 0.000000000000000000, 0.000000000000000000, -1.000000000000000000 ) ) ;
#7655 = CARTESIAN_POINT ( 'NONE',  ( -17.76075994573093908, 17.29583732711386546, 2.000000000000000000 ) ) ;
#7656 = CARTESIAN_POINT ( 'NONE',  ( -24.95373504430678224, -4.768644361883073834, 2.000000000000000000 ) ) ;
#7657 = CARTESIAN_POINT ( 'NONE',  ( 7.656852614504657595, -23.37322600383987492, 2.000000000000000000 ) ) ;
#7658 = ADVANCED_FACE ( 'NONE', ( #165 ), #2858, .T. ) ;
#7659 = CARTESIAN_POINT ( 'NONE',  ( -3.359200862297599066, 23.32460485566309316, 2.000000000000000000 ) ) ;
#7660 = CARTESIAN_POINT ( 'NONE',  ( -13.04949915500205115, 19.56208827861912525, 2.000000000000000000 ) ) ;
#7661 = EDGE_LOOP ( 'NONE', ( #263, #4338 ) ) ;
#7662 = CARTESIAN_POINT ( 'NONE',  ( -16.30896799194538715, -20.63258928533521441, -2.099999999999998757 ) ) ;
#7663 = CARTESIAN_POINT ( 'NONE',  ( -25.75863198250611319, 8.543467069173791728, -2.099999999999998757 ) ) ;
#7664 = LINE ( 'NONE', #5852, #3732 ) ;
#7665 = CARTESIAN_POINT ( 'NONE',  ( 23.42764417793267029, 4.840656286569398503, -2.099999999999998757 ) ) ;
#7666 = CARTESIAN_POINT ( 'NONE',  ( 21.58843454132471606, 10.30659784155102088, -2.099999999999998757 ) ) ;
#7667 = CARTESIAN_POINT ( 'NONE',  ( -25.38017819844202094, 10.66028906994771042, 2.000000000000000000 ) ) ;
#7668 = B_SPLINE_CURVE_WITH_KNOTS ( 'NONE', 3,
 ( #3734, #2435, #6890, #1047, #1837, #3019, #1002, #4318, #3570, #1128, #371, #415, #5516, #8076, #4963, #7565, #2316, #5595, #4880, #7443, #1675, #4241, #6811, #3614, #3692, #453, #6184, #2980, #6266, #5555, #1087, #8154, #5637, #8114, #2354, #2396, #8195, #1720, #4282, #3653, #6223, #3900, #28, #5256, #4527, #4483, #659, #4571, #742, #2685, #5167, #7146, #3774, #1246, #5082 ),
 .UNSPECIFIED., .F., .F.,
 ( 4, 1, 1, 1, 1, 1, 1, 1, 1, 1, 1, 1, 1, 1, 1, 1, 1, 1, 1, 1, 1, 1, 1, 1, 1, 1, 1, 1, 1, 1, 1, 1, 1, 1, 1, 1, 1, 1, 1, 1, 1, 1, 1, 1, 1, 1, 1, 1, 1, 1, 1, 1, 4 ),
 ( 0.01037070964479192177, 0.06767854499841075011, 0.09884629602760430789, 0.1282330327458526265, 0.1558387551553858108, 0.1816634632588949305, 0.2057071570596704646, 0.2279698365617907063, 0.2484515017704002071, 0.2671521526921107892, 0.2840717893356240475, 0.2992104117127127871, 0.3125680198398574916, 0.3241446137411457817, 0.3339401934538051009, 0.3662021699428081867, 0.3760430630535980256, 0.3856763336118157470, 0.3952492422856400678, 0.4049624801021076692, 0.4150869914083017420, 0.4259748013331248195, 0.4380386266454291411, 0.4516469595390834035, 0.4668849008038628012, 0.4803437228220500677, 0.5000000000000002220, 0.5196562771779504875, 0.5331150991961376429, 0.5483530404609170406, 0.5619613733545713030, 0.5740251986668756246, 0.5849130085916987021, 0.5950375198978927749, 0.6047507577143603763, 0.6143236663881848081, 0.6239569369464023074, 0.6337978300571922574, 0.6660598065461953432, 0.6758553862588546624, 0.6874319801601429525, 0.7007895882872876570, 0.7159282106643762855, 0.7328478473078895439, 0.7515484982296001260, 0.7720301634382096267, 0.7942928429403297574, 0.8183365367411052915, 0.8441612448446143002, 0.8717669672541474846, 0.9011537039723958031, 0.9323214550015893609, 0.9896292903552007525 ),
 .UNSPECIFIED. ) ;
#7669 = CARTESIAN_POINT ( 'NONE',  ( -2.463801941912927784, -23.38577358155836095, -2.099999999999998757 ) ) ;
#7670 = FACE_OUTER_BOUND ( 'NONE', #6109, .T. ) ;
#7671 = CARTESIAN_POINT ( 'NONE',  ( -4.030460310774755861, -24.06924055886029734, 2.000000000000000000 ) ) ;
#7672 = CARTESIAN_POINT ( 'NONE',  ( -20.81172461973597620, 10.92283569232044904, 2.000000000000000000 ) ) ;
#7673 = CARTESIAN_POINT ( 'NONE',  ( -15.23641901094385354, -19.89808777236047632, 2.000000000000000000 ) ) ;
#7674 = CARTESIAN_POINT ( 'NONE',  ( -19.10294311796688405, -20.47138403312589716, -2.099999999999998757 ) ) ;
#7675 = CARTESIAN_POINT ( 'NONE',  ( 7.865059710290382533, 22.21401039568610614, -2.099999999999998757 ) ) ;
#7677 = CARTESIAN_POINT ( 'NONE',  ( 17.82169923030497927, -21.35645679509421768, -2.099999999999998757 ) ) ;
#7676 = CARTESIAN_POINT ( 'NONE',  ( 25.75863198250611319, -8.543467069173802386, 2.000000000000000000 ) ) ;
#7678 = CARTESIAN_POINT ( 'NONE',  ( 26.77150907641003741, 1.970609361940795390, 2.000000000000000000 ) ) ;
#7679 = CARTESIAN_POINT ( 'NONE',  ( 8.843531895616193239, -21.84292484346595842, -2.099999999999998757 ) ) ;
#7680 = B_SPLINE_SURFACE_WITH_KNOTS ( 'NONE', 3, 1, ( 
 ( #5510, #409 ),
 ( #2974, #5549 ),
 ( #8109, #4914 ),
 ( #8148, #6218 ),
 ( #3014, #4956 ),
 ( #7689, #5036 ),
 ( #4353, #2637 ),
 ( #3809, #1796 ),
 ( #695, #6425 ),
 ( #7645, #7730 ),
 ( #6338, #1330 ),
 ( #8268, #5118 ),
 ( #3728, #5161 ),
 ( #5668, #3175 ),
 ( #8229, #23 ),
 ( #5705, #1165 ),
 ( #5077, #5834 ),
 ( #3090, #7599 ),
 ( #1963, #1832 ),
 ( #3895, #1241 ),
 ( #3852, #5207 ),
 ( #4392, #7048 ),
 ( #6301, #654 ),
 ( #6466, #3218 ),
 ( #2467, #6964 ),
 ( #3262, #1202 ),
 ( #1876, #3769 ),
 ( #7008, #7097 ),
 ( #568, #4522 ),
 ( #3130, #608 ),
 ( #62, #2509 ),
 ( #6380, #4435 ),
 ( #5751, #8311 ),
 ( #2550, #6924 ),
 ( #530, #1920 ),
 ( #4477, #1283 ),
 ( #5792, #2590 ),
 ( #736, #1500 ),
 ( #105, #7142 ),
 ( #7306, #4106 ),
 ( #2845, #6509 ),
 ( #6006, #192 ),
 ( #3475, #4740 ),
 ( #149, #4700 ),
 ( #7941, #2807 ),
 ( #7856, #7898 ),
 ( #2763, #6674 ),
 ( #5380, #4028 ),
 ( #828, #1540 ),
 ( #2177, #912 ),
 ( #5338, #6048 ),
 ( #4607, #3305 ),
 ( #5293, #278 ),
 ( #7818, #7776 ),
 ( #7227, #4067 ) ),
 .UNSPECIFIED., .F., .F., .F.,
 ( 4, 1, 1, 1, 1, 1, 1, 1, 1, 1, 1, 1, 1, 1, 1, 1, 1, 1, 1, 1, 1, 1, 1, 1, 1, 1, 1, 1, 1, 1, 1, 1, 1, 1, 1, 1, 1, 1, 1, 1, 1, 1, 1, 1, 1, 1, 1, 1, 1, 1, 1, 1, 4 ),
 ( 2, 2 ),
 ( 0.01037066610069591922, 0.06767854499841075011, 0.09884629602760430789, 0.1282330327458526265, 0.1558387551553858108, 0.1816634632588949305, 0.2057071570596704646, 0.2279698365617907063, 0.2484515017704002071, 0.2671521526921107892, 0.2840717893356240475, 0.2992104117127127871, 0.3125680198398574916, 0.3241446137411457817, 0.3339401934538051009, 0.3662021699428081867, 0.3760430630535980256, 0.3856763336118157470, 0.3952492422856400678, 0.4049624801021076692, 0.4150869914083017420, 0.4259748013331248195, 0.4380386266454291411, 0.4516469595390834035, 0.4668849008038628012, 0.4803437228220500677, 0.5000000000000002220, 0.5196562771779504875, 0.5331150991961376429, 0.5483530404609170406, 0.5619613733545713030, 0.5740251986668756246, 0.5849130085916987021, 0.5950375198978927749, 0.6047507577143603763, 0.6143236663881848081, 0.6239569369464024184, 0.6337978300571922574, 0.6660598065461953432, 0.6758553862588546624, 0.6874319801601429525, 0.7007895882872876570, 0.7159282106643762855, 0.7328478473078895439, 0.7515484982296001260, 0.7720301634382096267, 0.7942928429403297574, 0.8183365367411052915, 0.8441612448446143002, 0.8717669672541474846, 0.9011537039723958031, 0.9323214550015893609, 0.9955048858948387647 ),
 ( 0.000000000000000000, 1.000000000000000000 ),
 .UNSPECIFIED. ) ;
#7681 = CARTESIAN_POINT ( 'NONE',  ( -19.31055424225241879, -15.54648119520597227, -2.099999999999998757 ) ) ;
#7682 = EDGE_CURVE ( 'NONE', #5042, #7895, #6038, .T. ) ;
#7683 = CARTESIAN_POINT ( 'NONE',  ( 13.58617081224543277, 23.15195374360799008, 2.000000000000000000 ) ) ;
#7684 = CARTESIAN_POINT ( 'NONE',  ( 17.28752988749539554, 16.01445386190352238, 2.000000000000000000 ) ) ;
#7685 = CARTESIAN_POINT ( 'NONE',  ( -19.06382402752317518, 20.30788967230315478, 2.000000000000000000 ) ) ;
#7686 = VERTEX_POINT ( 'NONE', #4797 ) ;
#7687 = CARTESIAN_POINT ( 'NONE',  ( -23.24438501506255861, 6.803422568062724274, 2.000000000000000000 ) ) ;
#7688 = CARTESIAN_POINT ( 'NONE',  ( -3.846120836016047928, 23.70909028424117082, 2.000000000000000000 ) ) ;
#7689 = CARTESIAN_POINT ( 'NONE',  ( 16.55868018414818010, -20.77185239767592151, 2.000000000000000000 ) ) ;
#7690 = CARTESIAN_POINT ( 'NONE',  ( 24.31153459173803455, 7.374154019703455631, 2.000000000000000000 ) ) ;
#7691 = CARTESIAN_POINT ( 'NONE',  ( 8.686322604036279316, 21.85205998608588018, 2.000000000000000000 ) ) ;
#7692 = CARTESIAN_POINT ( 'NONE',  ( 22.82097940566847427, 5.624866236205954273, -2.099999999999999645 ) ) ;
#7693 = DIRECTION ( 'NONE',  ( 0.000000000000000000, 0.000000000000000000, -1.000000000000000000 ) ) ;
#7694 = CARTESIAN_POINT ( 'NONE',  ( 3.204373604290264410, 23.29585190159430397, -2.099999999999998757 ) ) ;
#7695 = VERTEX_POINT ( 'NONE', #1472 ) ;
#7696 = CARTESIAN_POINT ( 'NONE',  ( -11.94531714324386229, -24.82289680830787759, -2.099999999999998757 ) ) ;
#7697 = CARTESIAN_POINT ( 'NONE',  ( -27.05471844848150198, -2.130765319231059607, -2.099999999999998757 ) ) ;
#7698 = DIRECTION ( 'NONE',  ( -0.000000000000000000, -0.000000000000000000, 1.000000000000000000 ) ) ;
#7699 = CARTESIAN_POINT ( 'NONE',  ( 23.24438501506256216, -6.803422568062733156, -2.099999999999998757 ) ) ;
#7700 = CARTESIAN_POINT ( 'NONE',  ( 7.650756190596017525, -25.73058353783937235, 2.000000000000000000 ) ) ;
#7701 = CARTESIAN_POINT ( 'NONE',  ( -1.379935885169571108, 26.52839079975561276, 2.000000000000000000 ) ) ;
#7702 = CARTESIAN_POINT ( 'NONE',  ( -13.46232027610274784, 22.30341320457493381, -2.099999999999998757 ) ) ;
#7703 = ORIENTED_EDGE ( 'NONE', *, *, #2643, .F. ) ;
#7704 = CARTESIAN_POINT ( 'NONE',  ( -15.23641901094385354, -19.89808777236047632, -2.099999999999998757 ) ) ;
#7705 = CARTESIAN_POINT ( 'NONE',  ( -23.76349960547259244, 10.67578541799515435, -2.099999999999998757 ) ) ;
#7706 = CARTESIAN_POINT ( 'NONE',  ( -17.37016481680592150, -16.73146461459393208, -2.099999999999998757 ) ) ;
#7707 = DIRECTION ( 'NONE',  ( 0.000000000000000000, 0.000000000000000000, -1.000000000000000000 ) ) ;
#7708 = EDGE_CURVE ( 'NONE', #7303, #2298, #3478, .T. ) ;
#7709 = CARTESIAN_POINT ( 'NONE',  ( 25.70517099655240045, 10.62804679002169550, 2.000000000000000000 ) ) ;
#7710 = DIRECTION ( 'NONE',  ( 0.000000000000000000, 0.000000000000000000, -1.000000000000000000 ) ) ;
#7711 = CARTESIAN_POINT ( 'NONE',  ( 22.09150234436910409, -16.42439467823394139, 2.000000000000000000 ) ) ;
#7712 = CARTESIAN_POINT ( 'NONE',  ( -4.144933467011473027, -24.44197433207706283, -2.099999999999998757 ) ) ;
#7713 = ORIENTED_EDGE ( 'NONE', *, *, #7596, .F. ) ;
#7714 = CARTESIAN_POINT ( 'NONE',  ( 18.80342269287539381, 15.26496932198517875, -2.099999999999998757 ) ) ;
#7715 = CARTESIAN_POINT ( 'NONE',  ( -21.48061666422703553, 12.62686802027752542, 2.000000000000000000 ) ) ;
#7716 = CARTESIAN_POINT ( 'NONE',  ( -16.82973023395796730, -20.91308632741409923, 2.000000000000000000 ) ) ;
#7717 = CARTESIAN_POINT ( 'NONE',  ( 2.105634209995053574, -23.64010634127342669, 2.000000000000000000 ) ) ;
#7718 = CARTESIAN_POINT ( 'NONE',  ( 10.53741832910564824, 23.57101921525815058, -2.099999999999998757 ) ) ;
#7720 = CARTESIAN_POINT ( 'NONE',  ( 16.30896799194540137, -20.63258928533522152, -2.099999999999998757 ) ) ;
#7719 = CARTESIAN_POINT ( 'NONE',  ( 23.76414829993700906, -7.060866680122694028, 2.000000000000000000 ) ) ;
#7721 = CARTESIAN_POINT ( 'NONE',  ( 24.88813961944796560, 1.197996060026732756, 2.000000000000000000 ) ) ;
#7722 = CARTESIAN_POINT ( 'NONE',  ( -23.63710370791871185, -4.790810183414333068, -2.099999999999998757 ) ) ;
#7723 = CARTESIAN_POINT ( 'NONE',  ( 5.995909907646363557, -27.35048520283300277, 2.000000000000000000 ) ) ;
#7724 = CARTESIAN_POINT ( 'NONE',  ( 13.36064030761171573, 21.84126693107096528, 2.000000000000000000 ) ) ;
#7725 = CARTESIAN_POINT ( 'NONE',  ( 17.84651532293613485, 15.31230279367191649, 2.000000000000000000 ) ) ;
#7726 = DIRECTION ( 'NONE',  ( 0.000000000000000000, 0.000000000000000000, -1.000000000000000000 ) ) ;
#7727 = VERTEX_POINT ( 'NONE', #7362 ) ;
#7728 = CARTESIAN_POINT ( 'NONE',  ( -23.40793038981979635, 6.902300070437893176, -2.100000000000000089 ) ) ;
#7729 = CARTESIAN_POINT ( 'NONE',  ( -3.204373604290293276, 23.29585190159429686, 2.000000000000000000 ) ) ;
#7730 = CARTESIAN_POINT ( 'NONE',  ( 15.68419099428257013, -20.23743569325269931, -2.099999999999998757 ) ) ;
#7731 = CARTESIAN_POINT ( 'NONE',  ( -12.36707919775603415, 25.12081464776627726, 2.000000000000000000 ) ) ;
#7732 = CARTESIAN_POINT ( 'NONE',  ( 7.733032203436366103, 24.00987265162540751, 2.000000000000000000 ) ) ;
#7733 = EDGE_CURVE ( 'NONE', #7686, #1129, #1170, .T. ) ;
#7734 = CARTESIAN_POINT ( 'NONE',  ( 22.73975435582775262, 5.989014764842381489, -2.099999999999999645 ) ) ;
#7735 = CARTESIAN_POINT ( 'NONE',  ( 20.61769535193586123, 11.41192623884529844, -2.099999999999998757 ) ) ;
#7736 = CARTESIAN_POINT ( 'NONE',  ( 4.030460310774742538, 24.06924055886030089, -2.099999999999998757 ) ) ;
#7737 = VERTEX_POINT ( 'NONE', #2495 ) ;
#7738 = CARTESIAN_POINT ( 'NONE',  ( -10.25081980592598363, -23.24542008693366668, -2.099999999999998757 ) ) ;
#7739 = CARTESIAN_POINT ( 'NONE',  ( 0.000000000000000000, 0.000000000000000000, -2.099999999999998757 ) ) ;
#7740 = CARTESIAN_POINT ( 'NONE',  ( -18.62447386782101688, 18.94171889292491784, 2.000000000000000000 ) ) ;
#7741 = EDGE_CURVE ( 'NONE', #1149, #582, #6968, .T. ) ;
#7742 = CARTESIAN_POINT ( 'NONE',  ( -25.62785817443977976, -4.678588802317982243, -2.099999999999999645 ) ) ;
#7743 = CARTESIAN_POINT ( 'NONE',  ( 7.705310163655081368, -23.69563005194943983, -2.099999999999999645 ) ) ;
#7744 = AXIS2_PLACEMENT_3D ( 'NONE', #7295, #8051, #855 ) ;
#7745 = CARTESIAN_POINT ( 'NONE',  ( -0.7237198720500266358, 27.99064497287968223, 2.000000000000000000 ) ) ;
#7746 = CARTESIAN_POINT ( 'NONE',  ( -12.85055170543025049, 19.95373759773044142, -2.099999999999998757 ) ) ;
#7747 = AXIS2_PLACEMENT_3D ( 'NONE', #7120, #5183, #6876 ) ;
#7748 = ORIENTED_EDGE ( 'NONE', *, *, #5123, .T. ) ;
#7749 = CARTESIAN_POINT ( 'NONE',  ( -7.385499903920980991, 27.06718959461726470, 2.000000000000000000 ) ) ;
#7750 = CARTESIAN_POINT ( 'NONE',  ( -8.993578510876917065, -21.86672564825610010, 2.000000000000000000 ) ) ;
#7751 = CARTESIAN_POINT ( 'NONE',  ( -24.59949625084631819, 4.790317889056091794, 2.000000000000000000 ) ) ;
#7752 = CARTESIAN_POINT ( 'NONE',  ( 21.91017567687078227, -10.32144346381599753, 2.000000000000000000 ) ) ;
#7753 = EDGE_CURVE ( 'NONE', #1096, #3312, #7108, .T. ) ;
#7754 = CARTESIAN_POINT ( 'NONE',  ( -18.96747870320232110, 19.95068840965623380, -2.099999999999998757 ) ) ;
#7755 = DIRECTION ( 'NONE',  ( -1.000000000000000000, 0.000000000000000000, -0.000000000000000000 ) ) ;
#7756 = CARTESIAN_POINT ( 'NONE',  ( 20.07157227525354060, -15.89590000543996950, -2.099999999999998757 ) ) ;
#7757 = CARTESIAN_POINT ( 'NONE',  ( -21.91017567687077872, -10.32144346381600108, -2.099999999999998757 ) ) ;
#7758 = VERTEX_POINT ( 'NONE', #3001 ) ;
#7759 = CARTESIAN_POINT ( 'NONE',  ( -3.204373604290277289, -23.29585190159430041, 2.000000000000000000 ) ) ;
#7760 = CARTESIAN_POINT ( 'NONE',  ( -21.10401706161572122, 10.48531763796956895, -2.099999999999999645 ) ) ;
#7761 = CARTESIAN_POINT ( 'NONE',  ( -17.51894836647306875, -21.23397411160631876, 2.000000000000000000 ) ) ;
#7762 = CARTESIAN_POINT ( 'NONE',  ( 4.082273444348686553, -24.25428063893853192, 2.000000000000000000 ) ) ;
#7763 = CARTESIAN_POINT ( 'NONE',  ( 9.673488752447894967, 22.40527988562696393, -2.099999999999998757 ) ) ;
#7765 = CARTESIAN_POINT ( 'NONE',  ( 12.95267602360809889, -19.68627963667922387, -2.099999999999998757 ) ) ;
#7764 = CARTESIAN_POINT ( 'NONE',  ( -13.20212662322860275, 21.30225842247369172, -2.099999999999998757 ) ) ;
#7766 = CARTESIAN_POINT ( 'NONE',  ( 24.37956700134304810, -1.099847363974308267, -2.099999999999998757 ) ) ;
#7767 = CARTESIAN_POINT ( 'NONE',  ( 25.88937528683163336, -4.628868634690435968, 2.000000000000000000 ) ) ;
#7768 = CARTESIAN_POINT ( 'NONE',  ( 18.83778878485559360, -19.53549755878801264, 2.000000000000000000 ) ) ;
#7769 = CARTESIAN_POINT ( 'NONE',  ( 14.60388312963063129, 19.32135064906643507, -2.099999999999998757 ) ) ;
#7770 = CARTESIAN_POINT ( 'NONE',  ( 18.49458355994168102, 15.17355739294055006, -2.099999999999999645 ) ) ;
#7771 = CARTESIAN_POINT ( 'NONE',  ( -18.51632561903327456, 18.67704107051115869, 2.000000000000000000 ) ) ;
#7772 = AXIS2_PLACEMENT_3D ( 'NONE', #6343, #7693, #6429 ) ;
#7773 = ORIENTED_EDGE ( 'NONE', *, *, #732, .F. ) ;
#7774 = CARTESIAN_POINT ( 'NONE',  ( 0.000000000000000000, 0.000000000000000000, -2.099999999999998757 ) ) ;
#7775 = CARTESIAN_POINT ( 'NONE',  ( -4.310684217927251538, 24.85340566964549325, -2.099999999999998757 ) ) ;
#7776 = CARTESIAN_POINT ( 'NONE',  ( 13.64986784116812579, -24.28005101752160044, -2.099999999999998757 ) ) ;
#7777 = CARTESIAN_POINT ( 'NONE',  ( 24.76692767734244782, 4.782579349257336965, 2.000000000000000000 ) ) ;
#7778 = CARTESIAN_POINT ( 'NONE',  ( -15.87213422487472947, 20.36431896814133680, 2.000000000000000000 ) ) ;
#7779 = CARTESIAN_POINT ( 'NONE',  ( 24.48402185937396425, 7.488679734998076931, -2.099999999999999645 ) ) ;
#7780 = LINE ( 'NONE', #3813, #790 ) ;
#7781 = DIRECTION ( 'NONE',  ( 0.000000000000000000, -0.000000000000000000, -1.000000000000000000 ) ) ;
#7782 = EDGE_LOOP ( 'NONE', ( #4008, #242, #2831, #286 ) ) ;
#7783 = CARTESIAN_POINT ( 'NONE',  ( 1.726035193247317912, -25.34659078107458896, -2.099999999999998757 ) ) ;
#7784 = CARTESIAN_POINT ( 'NONE',  ( 2.833089530561761382, 23.33259147460854521, 2.000000000000000000 ) ) ;
#7785 = CARTESIAN_POINT ( 'NONE',  ( -21.66370631000717850, 16.34569607223865617, 2.000000000000000000 ) ) ;
#7786 = CARTESIAN_POINT ( 'NONE',  ( -24.32345666766047998, -4.791663430616648789, 2.000000000000000000 ) ) ;
#7787 = PLANE ( 'NONE',  #3164 ) ;
#7788 = CARTESIAN_POINT ( 'NONE',  ( -19.05257571807343098, -20.26599538160688141, -2.099999999999998757 ) ) ;
#7789 = CARTESIAN_POINT ( 'NONE',  ( -12.83485696772680562, 20.07512121109397896, -2.099999999999998757 ) ) ;
#7790 = EDGE_LOOP ( 'NONE', ( #4849, #4432 ) ) ;
#7791 = CARTESIAN_POINT ( 'NONE',  ( -7.743106042156109758, 24.63076208136009271, 2.000000000000000000 ) ) ;
#7792 = CARTESIAN_POINT ( 'NONE',  ( -10.89735721165042115, -23.93603524774559332, 2.000000000000000000 ) ) ;
#7793 = CARTESIAN_POINT ( 'NONE',  ( -22.91929613358907503, 6.515359526762099840, 2.000000000000000000 ) ) ;
#7794 = CARTESIAN_POINT ( 'NONE',  ( 24.48402185937396425, 7.488679734998076931, -2.099999999999998757 ) ) ;
#7795 = CARTESIAN_POINT ( 'NONE',  ( 22.46994110604165940, 10.47341059000768126, -2.099999999999998757 ) ) ;
#7796 = PLANE ( 'NONE',  #7747 ) ;
#7797 = B_SPLINE_CURVE_WITH_KNOTS ( 'NONE', 3,
 ( #1630, #2350, #6219, #999, #4915, #6806, #1042, #1083, #3687, #3609, #489, #6261, #6179, #3566, #5633, #6765, #4197, #8032, #410, #4836, #4276, #8191, #448, #4794, #3015, #5589, #8149, #7359, #327, #2895, #5468, #2271, #7400, #1166, #6468, #1833, #3091, #5162, #5793, #3853, #8312, #5706, #696, #7600, #3729, #8230, #7049, #5000, #1964, #3263, #1331, #2551, #8269, #6339, #5835 ),
 .UNSPECIFIED., .F., .F.,
 ( 4, 1, 1, 1, 1, 1, 1, 1, 1, 1, 1, 1, 1, 1, 1, 1, 1, 1, 1, 1, 1, 1, 1, 1, 1, 1, 1, 1, 1, 1, 1, 1, 1, 1, 1, 1, 1, 1, 1, 1, 1, 1, 1, 1, 1, 1, 1, 1, 1, 1, 1, 1, 4 ),
 ( 0.01037070964479178299, 0.06767854499841075011, 0.09884629602760430789, 0.1282330327458526265, 0.1558387551553858108, 0.1816634632588949305, 0.2057071570596704646, 0.2279698365617907063, 0.2484515017704002071, 0.2671521526921107892, 0.2840717893356240475, 0.2992104117127127871, 0.3125680198398574916, 0.3241446137411457817, 0.3339401934538051009, 0.3662021699428081867, 0.3760430630535980256, 0.3856763336118157470, 0.3952492422856400678, 0.4049624801021076692, 0.4150869914083017420, 0.4259748013331248195, 0.4380386266454291411, 0.4516469595390834035, 0.4668849008038628012, 0.4803437228220500677, 0.5000000000000002220, 0.5196562771779504875, 0.5331150991961376429, 0.5483530404609170406, 0.5619613733545713030, 0.5740251986668757356, 0.5849130085916987021, 0.5950375198978927749, 0.6047507577143603763, 0.6143236663881848081, 0.6239569369464024184, 0.6337978300571922574, 0.6660598065461953432, 0.6758553862588546624, 0.6874319801601429525, 0.7007895882872876570, 0.7159282106643762855, 0.7328478473078895439, 0.7515484982296001260, 0.7720301634382096267, 0.7942928429403297574, 0.8183365367411051805, 0.8441612448446143002, 0.8717669672541474846, 0.9011537039723958031, 0.9323214550015893609, 0.9896292903552009745 ),
 .UNSPECIFIED. ) ;
#7798 = CARTESIAN_POINT ( 'NONE',  ( 18.70321540207056543, -15.22676155773647899, 2.000000000000000000 ) ) ;
#7799 = CARTESIAN_POINT ( 'NONE',  ( -24.02931632081062574, -10.69009516955077110, -2.099999999999998757 ) ) ;
#7800 = EDGE_CURVE ( 'NONE', #1565, #6449, #7193, .T. ) ;
#7801 = ORIENTED_EDGE ( 'NONE', *, *, #6244, .T. ) ;
#7802 = CARTESIAN_POINT ( 'NONE',  ( 21.66370631000717495, 16.34569607223867749, -2.099999999999998757 ) ) ;
#7803 = CARTESIAN_POINT ( 'NONE',  ( -9.121658707306938396, -21.91081161619599271, -2.099999999999998757 ) ) ;
#7804 = CARTESIAN_POINT ( 'NONE',  ( 26.77848301813144971, 4.405768766048617557, 2.000000000000000000 ) ) ;
#7805 = CARTESIAN_POINT ( 'NONE',  ( 2.463801941912934890, -23.38577358155836450, 2.000000000000000000 ) ) ;
#7806 = CARTESIAN_POINT ( 'NONE',  ( -4.144933467011490791, 24.44197433207706638, 2.000000000000000000 ) ) ;
#7808 = CARTESIAN_POINT ( 'NONE',  ( -15.36687483434010737, 20.00332296475708915, 2.000000000000000000 ) ) ;
#7807 = CARTESIAN_POINT ( 'NONE',  ( -15.02890815691219295, 19.71604682249877527, -2.099999999999998757 ) ) ;
#7809 = CARTESIAN_POINT ( 'NONE',  ( 24.76338133992250334, -1.168557790373921490, 2.000000000000000000 ) ) ;
#7810 = CARTESIAN_POINT ( 'NONE',  ( 24.12574046566792063, -4.783694468719406068, 2.000000000000000000 ) ) ;
#7811 = CARTESIAN_POINT ( 'NONE',  ( 13.61524630358645993, 23.47600944080825514, 2.000000000000000000 ) ) ;
#7812 = CARTESIAN_POINT ( 'NONE',  ( -5.995910227648074020, -27.35048556318489332, -2.099999999999998757 ) ) ;
#7813 = CARTESIAN_POINT ( 'NONE',  ( 17.29220078062824939, 16.53076698689343615, 2.000000000000000000 ) ) ;
#7814 = FACE_BOUND ( 'NONE', #3346, .T. ) ;
#7815 = VERTEX_POINT ( 'NONE', #5781 ) ;
#7816 = CARTESIAN_POINT ( 'NONE',  ( -22.79134869580807177, 6.292262679950354709, 2.000000000000000000 ) ) ;
#7817 = CARTESIAN_POINT ( 'NONE',  ( -21.48061666422702487, -12.62686802027752542, -2.099999999999998757 ) ) ;
#7818 = CARTESIAN_POINT ( 'NONE',  ( 13.64986784116812579, -24.28005101752160044, 2.000000000000000000 ) ) ;
#7819 = CARTESIAN_POINT ( 'NONE',  ( -14.75432918952970596, 19.43920578531971799, 2.000000000000000000 ) ) ;
#7820 = CARTESIAN_POINT ( 'NONE',  ( 25.15968768847577763, 4.747395707336154125, 2.000000000000000000 ) ) ;
#7821 = CARTESIAN_POINT ( 'NONE',  ( -16.59924240491749003, -14.84924240491749892, 2.100000000000001865 ) ) ;
#7822 = DIRECTION ( 'NONE',  ( 0.000000000000000000, -0.000000000000000000, 1.000000000000000000 ) ) ;
#7823 = VERTEX_POINT ( 'NONE', #1402 ) ;
#7824 = CARTESIAN_POINT ( 'NONE',  ( 3.902347153244135836, -23.79992060087550954, -2.099999999999998757 ) ) ;
#7825 = CARTESIAN_POINT ( 'NONE',  ( 4.082273444348664349, 24.25428063893853547, 2.000000000000000000 ) ) ;
#7826 = CARTESIAN_POINT ( 'NONE',  ( 1.145856306001367342, -27.11429446801521337, -2.099999999999998757 ) ) ;
#7827 = DIRECTION ( 'NONE',  ( 0.000000000000000000, 0.000000000000000000, -1.000000000000000000 ) ) ;
#7828 = CARTESIAN_POINT ( 'NONE',  ( -26.77150907641003741, -1.970609361940798943, 2.000000000000000000 ) ) ;
#7829 = CARTESIAN_POINT ( 'NONE',  ( 24.88813961944797271, -1.197996060026733200, -2.099999999999998757 ) ) ;
#7830 = CARTESIAN_POINT ( 'NONE',  ( 7.612592773523889633, 22.78073832991432468, 2.000000000000000000 ) ) ;
#7831 = ORIENTED_EDGE ( 'NONE', *, *, #1715, .T. ) ;
#7832 = CARTESIAN_POINT ( 'NONE',  ( -13.46232027610273718, -22.30341320457492671, -2.099999999999998757 ) ) ;
#7833 = CARTESIAN_POINT ( 'NONE',  ( -7.629252907546902662, -22.67335363560524897, 2.000000000000000000 ) ) ;
#7834 = CARTESIAN_POINT ( 'NONE',  ( 26.77150907641003741, 1.970609361940795390, 2.000000000000000000 ) ) ;
#7835 = CARTESIAN_POINT ( 'NONE',  ( 20.80453127045304740, -12.00354473513042208, 2.000000000000000000 ) ) ;
#7836 = FACE_OUTER_BOUND ( 'NONE', #4615, .T. ) ;
#7837 = CARTESIAN_POINT ( 'NONE',  ( -26.42834229636214616, -9.248929663334820361, 2.000000000000000000 ) ) ;
#7838 = CARTESIAN_POINT ( 'NONE',  ( 18.12539239010960301, -15.18249965295455972, 2.000000000000000000 ) ) ;
#7839 = EDGE_CURVE ( 'NONE', #4758, #444, #4468, .T. ) ;
#7840 = CARTESIAN_POINT ( 'NONE',  ( -25.38017835881498030, -10.66028906035688273, -2.099999999999998757 ) ) ;
#7841 = DIRECTION ( 'NONE',  ( -0.000000000000000000, -0.000000000000000000, -1.000000000000000000 ) ) ;
#7842 = CARTESIAN_POINT ( 'NONE',  ( -7.768531058981738013, -22.33132486425838437, -2.099999999999998757 ) ) ;
#7843 = CARTESIAN_POINT ( 'NONE',  ( -1.750000000000000444, 21.00000000000000000, 2.100000000000001865 ) ) ;
#7844 = CARTESIAN_POINT ( 'NONE',  ( 4.189195047382283654, -24.56227459198278140, 2.000000000000000000 ) ) ;
#7845 = FACE_OUTER_BOUND ( 'NONE', #5807, .T. ) ;
#7847 = CARTESIAN_POINT ( 'NONE',  ( -15.87213422487472947, 20.36431896814133680, -2.099999999999998757 ) ) ;
#7846 = CARTESIAN_POINT ( 'NONE',  ( -13.81390900009209943, 19.09181343516790719, -2.099999999999998757 ) ) ;
#7848 = CARTESIAN_POINT ( 'NONE',  ( 23.90532429094090716, 0.9066066167179774871, -2.099999999999998757 ) ) ;
#7849 = CARTESIAN_POINT ( 'NONE',  ( -25.52197998938346757, -8.320188513921049633, -2.099999999999998757 ) ) ;
#7850 = CARTESIAN_POINT ( 'NONE',  ( -3.952016953262624366, -23.89496924813285261, -2.099999999999998757 ) ) ;
#7851 = CARTESIAN_POINT ( 'NONE',  ( 18.12539239010958880, 15.18249965295456683, -2.099999999999999645 ) ) ;
#7852 = CYLINDRICAL_SURFACE ( 'NONE', #4408, 27.99999957948218920 ) ;
#7853 = ORIENTED_EDGE ( 'NONE', *, *, #7572, .F. ) ;
#7854 = CARTESIAN_POINT ( 'NONE',  ( 21.23211141880578623, -10.40363348579838565, -2.099999999999999645 ) ) ;
#7855 = CARTESIAN_POINT ( 'NONE',  ( -23.44696917797589464, -15.30488929633594886, -2.099999999999998757 ) ) ;
#7856 = CARTESIAN_POINT ( 'NONE',  ( 13.36064030761172639, -21.84126693107096173, 2.000000000000000000 ) ) ;
#7857 = CARTESIAN_POINT ( 'NONE',  ( 10.38530154243853154, 23.40284517865930169, -2.099999999999997868 ) ) ;
#7858 = CARTESIAN_POINT ( 'NONE',  ( 23.42764417793267029, 4.840656286569398503, -2.099999999999999645 ) ) ;
#7859 = CARTESIAN_POINT ( 'NONE',  ( -24.88813961944796560, -1.197996060026735643, 2.000000000000000000 ) ) ;
#7860 = EDGE_CURVE ( 'NONE', #1808, #6681, #5184, .T. ) ;
#7861 = FACE_OUTER_BOUND ( 'NONE', #4562, .T. ) ;
#7862 = CARTESIAN_POINT ( 'NONE',  ( 3.705239350424557987, -23.53752846792088604, -2.099999999999998757 ) ) ;
#7863 = CARTESIAN_POINT ( 'NONE',  ( 2.198555820827197582, 23.54154832015335330, 2.000000000000000000 ) ) ;
#7864 = CARTESIAN_POINT ( 'NONE',  ( 0.000000000000000000, 0.000000000000000000, 2.000000000000000000 ) ) ;
#7865 = CARTESIAN_POINT ( 'NONE',  ( 24.76692767734245137, -4.782579349257312984, -2.099999999999998757 ) ) ;
#7866 = CARTESIAN_POINT ( 'NONE',  ( -23.55944914529948520, -0.5232380683118340592, -2.099999999999998757 ) ) ;
#7867 = VECTOR ( 'NONE', #7506, 1000.000000000000000 ) ;
#7868 = CARTESIAN_POINT ( 'NONE',  ( 23.72154950710865506, -0.7592181733933789367, -2.099999999999998757 ) ) ;
#7869 = CARTESIAN_POINT ( 'NONE',  ( -12.88702750944971243, -19.82328597831587658, 2.000000000000000000 ) ) ;
#7870 = ORIENTED_EDGE ( 'NONE', *, *, #8266, .F. ) ;
#7871 = CARTESIAN_POINT ( 'NONE',  ( -12.86131782747429853, -20.40223119301177590, -2.099999999999998757 ) ) ;
#7872 = CARTESIAN_POINT ( 'NONE',  ( -7.741715957670622039, -24.19699765967529359, 2.000000000000000000 ) ) ;
#7873 = CARTESIAN_POINT ( 'NONE',  ( 23.63491054742290132, 0.6550942090464551004, 2.000000000000000000 ) ) ;
#7874 = CARTESIAN_POINT ( 'NONE',  ( 0.000000000000000000, 0.000000000000000000, -2.099999999999998757 ) ) ;
#7875 = VECTOR ( 'NONE', #4045, 1000.000000000000000 ) ;
#7876 = CARTESIAN_POINT ( 'NONE',  ( -26.42834261559674758, -9.248930024531794913, -2.099999999999999645 ) ) ;
#7877 = CARTESIAN_POINT ( 'NONE',  ( 24.94597949059291864, -10.68625558496336225, -2.099999999999998757 ) ) ;
#7878 = CARTESIAN_POINT ( 'NONE',  ( 21.66370631000717495, -16.34569607223865617, -2.099999999999998757 ) ) ;
#7879 = VECTOR ( 'NONE', #4565, 1000.000000000000000 ) ;
#7880 = EDGE_CURVE ( 'NONE', #5011, #4041, #7639, .T. ) ;
#7881 = CARTESIAN_POINT ( 'NONE',  ( -20.74579233589062355, -11.91211842489101791, -2.099999999999998757 ) ) ;
#7882 = CARTESIAN_POINT ( 'NONE',  ( 18.62447386782099912, 18.94171889292492850, -2.099999999999998757 ) ) ;
#7883 = CARTESIAN_POINT ( 'NONE',  ( -22.28520553958149719, 13.49243943284463398, 2.000000000000000000 ) ) ;
#7884 = FACE_OUTER_BOUND ( 'NONE', #4995, .T. ) ;
#7885 = CARTESIAN_POINT ( 'NONE',  ( -20.69407544885351768, -11.81098159931166869, 2.000000000000000000 ) ) ;
#7886 = CARTESIAN_POINT ( 'NONE',  ( -5.644338589960124608, 26.94321158142446393, 2.000000000000000000 ) ) ;
#7888 = CARTESIAN_POINT ( 'NONE',  ( -15.23641901094385886, 19.89808777236047632, 2.000000000000000000 ) ) ;
#7887 = CARTESIAN_POINT ( 'NONE',  ( 12.95267602360809889, -19.68627963667922387, 2.000000000000000000 ) ) ;
#7889 = CARTESIAN_POINT ( 'NONE',  ( -22.91929613358907147, -6.515359526762117603, -2.099999999999998757 ) ) ;
#7890 = CLOSED_SHELL ( 'NONE', ( #1146, #2335, #250, #4816, #7348, #2562, #1393, #1161, #3790, #6118, #6868, #6192, #5263, #3110, #3542, #3977, #5522, #893, #1612, #6128, #1866, #7964, #1514, #4108, #244, #3737, #3256, #3122, #7121, #5393, #3403, #1297, #6360, #3528, #7968, #2848, #6915, #7402, #4613, #4025, #820, #1524, #6423, #759, #5996, #1439, #1717, #6237, #4366, #3198, #4227, #501, #451, #7995, #5511, #3718, #4895, #6780, #281, #7615, #7658, #7078, #3383, #7349, #3094, #7059, #1643, #1013, #3319, #2001, #4280, #751, #1687, #5034, #477, #5804, #6747, #4132, #4084, #3253, #1889, #8210, #6467, #3360, #4307, #5112, #1121, #4961, #2150, #4107, #4998, #5018, #3135, #1910, #676, #3742, #2314, #7361, #4588, #4980 ) ) ;
#7891 = CARTESIAN_POINT ( 'NONE',  ( 18.62447386782101688, -18.94171889292492139, 2.000000000000000000 ) ) ;
#7892 = CARTESIAN_POINT ( 'NONE',  ( 18.08041819905085390, 21.45406346427656530, 2.000000000000000000 ) ) ;
#7893 = CARTESIAN_POINT ( 'NONE',  ( 22.68932755563024983, 16.50372007927584406, 2.000000000000000000 ) ) ;
#7894 = FACE_BOUND ( 'NONE', #518, .T. ) ;
#7895 = VERTEX_POINT ( 'NONE', #8090 ) ;
#7896 = CARTESIAN_POINT ( 'NONE',  ( 20.89282384029110062, -10.74542454372254241, 2.000000000000000000 ) ) ;
#7897 = CARTESIAN_POINT ( 'NONE',  ( -20.86952096496492004, -12.08832612917523264, 2.000000000000000000 ) ) ;
#7898 = CARTESIAN_POINT ( 'NONE',  ( 13.36064030761172639, -21.84126693107096173, -2.099999999999998757 ) ) ;
#7899 = CARTESIAN_POINT ( 'NONE',  ( 27.50168352219545298, 4.167564993355181713, 2.000000000000000000 ) ) ;
#7900 = CARTESIAN_POINT ( 'NONE',  ( -17.51894836647310782, 21.23397411160632942, 2.000000000000000000 ) ) ;
#7901 = CARTESIAN_POINT ( 'NONE',  ( 23.53223775966786846, 4.811173829118842171, -2.099999999999999645 ) ) ;
#7902 = CARTESIAN_POINT ( 'NONE',  ( -26.77150907641003741, -1.970609361940798943, 2.000000000000000000 ) ) ;
#7903 = AXIS2_PLACEMENT_3D ( 'NONE', #2146, #6602, #7951 ) ;
#7904 = CARTESIAN_POINT ( 'NONE',  ( 1.906741771391398554, 24.04223096406908766, 2.000000000000000000 ) ) ;
#7905 = CARTESIAN_POINT ( 'NONE',  ( 1.840779285638389329, 24.52644730507024562, -2.099999999999998757 ) ) ;
#7906 = ORIENTED_EDGE ( 'NONE', *, *, #6069, .F. ) ;
#7907 = CARTESIAN_POINT ( 'NONE',  ( 1.881261915648297478, -24.14640443156747196, -2.099999999999998757 ) ) ;
#7908 = CARTESIAN_POINT ( 'NONE',  ( 1.881261915648275496, 24.14640443156747196, 2.000000000000000000 ) ) ;
#7909 = DIRECTION ( 'NONE',  ( -1.000000000000000000, 0.000000000000000000, 0.000000000000000000 ) ) ;
#7910 = CARTESIAN_POINT ( 'NONE',  ( 22.73975435582775972, -5.989014764842361060, -2.099999999999998757 ) ) ;
#7911 = CARTESIAN_POINT ( 'NONE',  ( -26.24483786523220274, -1.701370919965217166, 2.000000000000000000 ) ) ;
#7912 = CIRCLE ( 'NONE', #4006, 1.749999999999999778 ) ;
#7913 = CARTESIAN_POINT ( 'NONE',  ( 23.50396181942852891, -6.078686604171923434E-16, -2.099999999999998757 ) ) ;
#7914 = CARTESIAN_POINT ( 'NONE',  ( -12.88716835993242427, -20.50631329690557791, -2.099999999999999645 ) ) ;
#7915 = VECTOR ( 'NONE', #2457, 1000.000000000000000 ) ;
#7916 = ORIENTED_EDGE ( 'NONE', *, *, #502, .F. ) ;
#7917 = CARTESIAN_POINT ( 'NONE',  ( -13.04949915500204760, -19.56208827861912525, -2.099999999999998757 ) ) ;
#7918 = CARTESIAN_POINT ( 'NONE',  ( -27.69932686549403655, 4.092342562581405829, -2.100000000000000089 ) ) ;
#7919 = CARTESIAN_POINT ( 'NONE',  ( 23.51224346894561990, 0.3730054609666962895, 2.000000000000000000 ) ) ;
#7920 = CARTESIAN_POINT ( 'NONE',  ( 21.07590994840524345, -12.30361618564757720, 2.000000000000000000 ) ) ;
#7921 = CARTESIAN_POINT ( 'NONE',  ( -18.30266578660394217, 18.21105589998883545, -2.099999999999998757 ) ) ;
#7922 = CARTESIAN_POINT ( 'NONE',  ( 21.35721522671292760, -10.35169942632023066, -2.099999999999998757 ) ) ;
#7923 = EDGE_CURVE ( 'NONE', #7241, #7094, #6943, .T. ) ;
#7924 = CARTESIAN_POINT ( 'NONE',  ( 17.25237999601837657, -16.29857992973628811, 2.000000000000000000 ) ) ;
#7925 = CARTESIAN_POINT ( 'NONE',  ( -21.23211141880577912, -10.40363348579838565, -2.099999999999998757 ) ) ;
#7926 = ORIENTED_EDGE ( 'NONE', *, *, #4110, .T. ) ;
#7927 = CARTESIAN_POINT ( 'NONE',  ( -11.10648537714067707, 24.13101166629979488, 2.000000000000000000 ) ) ;
#7928 = PLANE ( 'NONE',  #648 ) ;
#7929 = DIRECTION ( 'NONE',  ( 0.000000000000000000, 0.000000000000000000, -1.000000000000000000 ) ) ;
#7930 = CARTESIAN_POINT ( 'NONE',  ( -21.10401706161571767, -10.48531763796957428, 2.000000000000000000 ) ) ;
#7931 = CARTESIAN_POINT ( 'NONE',  ( 12.83485696772680562, -20.07512121109397896, 2.000000000000000000 ) ) ;
#7932 = CARTESIAN_POINT ( 'NONE',  ( 26.46517536639175816, -4.493494443281861095, 2.000000000000000000 ) ) ;
#7933 = B_SPLINE_SURFACE_WITH_KNOTS ( 'NONE', 3, 1, ( 
 ( #4004, #848 ),
 ( #6653, #6574 ),
 ( #7248, #215 ),
 ( #6028, #260 ),
 ( #4764, #1727 ),
 ( #337, #6148 ),
 ( #2441, #3698 ),
 ( #7449, #2360 ),
 ( #6273, #4846 ),
 ( #6817, #1681 ),
 ( #7533, #4288 ),
 ( #1807, #7491 ),
 ( #3578, #379 ),
 ( #6858, #2403 ),
 ( #4364, #1093 ),
 ( #3537, #972 ),
 ( #1766, #499 ),
 ( #4324, #459 ),
 ( #2986, #8201 ),
 ( #4248, #1054 ),
 ( #6190, #5524 ),
 ( #3659, #3620 ),
 ( #5643, #2907 ),
 ( #5561, #7412 ),
 ( #3064, #1641 ),
 ( #5010, #4886 ),
 ( #7571, #421 ),
 ( #2947, #2284 ),
 ( #8119, #4927 ),
 ( #4207, #6229 ),
 ( #5480, #6104 ),
 ( #4969, #6775 ),
 ( #8043, #1009 ),
 ( #8082, #2322 ),
 ( #3025, #5602 ),
 ( #8160, #6896 ),
 ( #1134, #5219 ),
 ( #3780, #3821 ),
 ( #1252, #5047 ),
 ( #7657, #5717 ),
 ( #665, #6479 ),
 ( #579, #7743 ),
 ( #4490, #1843 ),
 ( #8280, #1975 ),
 ( #4533, #3102 ),
 ( #4404, #5089 ),
 ( #5846, #3906 ),
 ( #5679, #4447 ),
 ( #8322, #5173 ),
 ( #7110, #2649 ),
 ( #7700, #1888 ),
 ( #6350, #1931 ),
 ( #7061, #2601 ),
 ( #3230, #5803 ),
 ( #6976, #6393 ) ),
 .UNSPECIFIED., .F., .F., .F.,
 ( 4, 1, 1, 1, 1, 1, 1, 1, 1, 1, 1, 1, 1, 1, 1, 1, 1, 1, 1, 1, 1, 1, 1, 1, 1, 1, 1, 1, 1, 1, 1, 1, 1, 1, 1, 1, 1, 1, 1, 1, 1, 1, 1, 1, 1, 1, 1, 1, 1, 1, 1, 1, 4 ),
 ( 2, 2 ),
 ( 0.01037066610069628525, 0.06767854499841075011, 0.09884629602760430789, 0.1282330327458526265, 0.1558387551553858108, 0.1816634632588949305, 0.2057071570596704646, 0.2279698365617907063, 0.2484515017704002071, 0.2671521526921107892, 0.2840717893356240475, 0.2992104117127127871, 0.3125680198398574916, 0.3241446137411457817, 0.3339401934538051009, 0.3662021699428081867, 0.3760430630535980256, 0.3856763336118157470, 0.3952492422856400678, 0.4049624801021076692, 0.4150869914083017420, 0.4259748013331248195, 0.4380386266454291411, 0.4516469595390834035, 0.4668849008038628012, 0.4803437228220500677, 0.5000000000000002220, 0.5196562771779504875, 0.5331150991961376429, 0.5483530404609170406, 0.5619613733545713030, 0.5740251986668756246, 0.5849130085916987021, 0.5950375198978927749, 0.6047507577143603763, 0.6143236663881848081, 0.6239569369464024184, 0.6337978300571922574, 0.6660598065461953432, 0.6758553862588546624, 0.6874319801601429525, 0.7007895882872876570, 0.7159282106643762855, 0.7328478473078895439, 0.7515484982296001260, 0.7720301634382096267, 0.7942928429403297574, 0.8183365367411052915, 0.8441612448446143002, 0.8717669672541474846, 0.9011537039723958031, 0.9323214550015893609, 0.9955048858948355450 ),
 ( 0.000000000000000000, 1.000000000000000000 ),
 .UNSPECIFIED. ) ;
#7934 = CARTESIAN_POINT ( 'NONE',  ( 13.25426296490208955, 21.46155364981479252, 2.000000000000000000 ) ) ;
#7935 = CARTESIAN_POINT ( 'NONE',  ( 17.12241726305227729, 21.05518411798322376, -2.099999999999998757 ) ) ;
#7936 = CARTESIAN_POINT ( 'NONE',  ( 20.77276083323510036, 16.13005223007173683, -2.099999999999999645 ) ) ;
#7937 = CARTESIAN_POINT ( 'NONE',  ( 17.59296804644544565, -15.58600964088959984, -2.099999999999998757 ) ) ;
#7938 = VERTEX_POINT ( 'NONE', #1691 ) ;
#7939 = CARTESIAN_POINT ( 'NONE',  ( 25.38017835885622375, -10.66028906035441182, -2.099999999999999645 ) ) ;
#7940 = CARTESIAN_POINT ( 'NONE',  ( -21.35721522671293471, -10.35169942632023954, 2.000000000000000000 ) ) ;
#7941 = CARTESIAN_POINT ( 'NONE',  ( 13.30747633062666146, -21.64116298680352202, 2.000000000000000000 ) ) ;
#7942 = CARTESIAN_POINT ( 'NONE',  ( 26.16863607189503682, 4.567518758412593805, 2.000000000000000000 ) ) ;
#7943 = CARTESIAN_POINT ( 'NONE',  ( 12.19289813518880194, 25.00088857616461979, -2.099999999999997868 ) ) ;
#7944 = CARTESIAN_POINT ( 'NONE',  ( -17.25237999601836236, -16.29857992973629521, 2.000000000000000000 ) ) ;
#7945 = EDGE_CURVE ( 'NONE', #4301, #1255, #1183, .T. ) ;
#7946 = CARTESIAN_POINT ( 'NONE',  ( -25.36983614870255366, -1.341743455198752155, 2.000000000000000000 ) ) ;
#7947 = CARTESIAN_POINT ( 'NONE',  ( 3.204373604290264410, 23.29585190159430397, -2.099999999999998757 ) ) ;
#7948 = DIRECTION ( 'NONE',  ( -1.000000000000000000, 0.000000000000000000, 0.000000000000000000 ) ) ;
#7949 = VERTEX_POINT ( 'NONE', #5609 ) ;
#7950 = CARTESIAN_POINT ( 'NONE',  ( 3.204373604290284394, -23.29585190159429686, 2.000000000000000000 ) ) ;
#7951 = DIRECTION ( 'NONE',  ( -1.000000000000000000, 0.000000000000000000, -0.000000000000000000 ) ) ;
#7952 = CARTESIAN_POINT ( 'NONE',  ( 4.030460310774762966, -24.06924055886029024, -2.099999999999998757 ) ) ;
#7953 = CARTESIAN_POINT ( 'NONE',  ( 25.38450439115045754, -4.717739787684787522, -2.099999999999998757 ) ) ;
#7954 = CARTESIAN_POINT ( 'NONE',  ( -23.90532429094090716, -0.9066066167179803736, 2.000000000000000000 ) ) ;
#7955 = CARTESIAN_POINT ( 'NONE',  ( 23.49332454121249825, 0.1947784575707320609, -2.099999999999998757 ) ) ;
#7956 = CARTESIAN_POINT ( 'NONE',  ( -14.75432918952970418, -19.43920578531972509, -2.099999999999999645 ) ) ;
#7957 = VERTEX_POINT ( 'NONE', #3628 ) ;
#7958 = CARTESIAN_POINT ( 'NONE',  ( -13.64180599432622820, -23.91017242908947082, -2.099999999999998757 ) ) ;
#7959 = LINE ( 'NONE', #8188, #2810 ) ;
#7960 = CARTESIAN_POINT ( 'NONE',  ( 27.42711506945233424, 2.355539727225822055, 2.000000000000000000 ) ) ;
#7961 = DIRECTION ( 'NONE',  ( -1.000000000000000000, 0.000000000000000000, 0.000000000000000000 ) ) ;
#7962 = CARTESIAN_POINT ( 'NONE',  ( -17.64188601445204441, 17.13764696917008123, -2.099999999999998757 ) ) ;
#7963 = CARTESIAN_POINT ( 'NONE',  ( 21.70974829699418507, -12.84369887095659557, -2.099999999999998757 ) ) ;
#7964 = ADVANCED_FACE ( 'NONE', ( #2369 ), #1894, .T. ) ;
#7965 = CARTESIAN_POINT ( 'NONE',  ( -22.61633054543464638, -13.93417863138606805, -2.099999999999998757 ) ) ;
#7966 = EDGE_CURVE ( 'NONE', #7375, #5849, #3972, .T. ) ;
#7967 = EDGE_LOOP ( 'NONE', ( #8096, #5605, #6523, #122 ) ) ;
#7968 = ADVANCED_FACE ( 'NONE', ( #7836 ), #5360, .T. ) ;
#7969 = CARTESIAN_POINT ( 'NONE',  ( -11.92825707278597669, 24.80951228023631927, -2.099999999999998757 ) ) ;
#7970 = DIRECTION ( 'NONE',  ( 0.000000000000000000, 0.000000000000000000, -1.000000000000000000 ) ) ;
#7971 = DIRECTION ( 'NONE',  ( 0.000000000000000000, 0.000000000000000000, -1.000000000000000000 ) ) ;
#7972 = CARTESIAN_POINT ( 'NONE',  ( -22.12901452267052704, -13.30176109182831823, 2.000000000000000000 ) ) ;
#7973 = CARTESIAN_POINT ( 'NONE',  ( 14.10020032022225323, -19.09116743896563051, 2.000000000000000000 ) ) ;
#7974 = CARTESIAN_POINT ( 'NONE',  ( 24.48402185937397491, -7.488679734998055615, -2.099999999999998757 ) ) ;
#7975 = CARTESIAN_POINT ( 'NONE',  ( 16.55868018414817655, 20.77185239767593217, 2.000000000000000000 ) ) ;
#7976 = FACE_BOUND ( 'NONE', #454, .T. ) ;
#7977 = CARTESIAN_POINT ( 'NONE',  ( 20.51809281624189651, 16.05254419007956912, 2.000000000000000000 ) ) ;
#7978 = CARTESIAN_POINT ( 'NONE',  ( 18.38167992440537901, -15.16106487615012455, -2.099999999999998757 ) ) ;
#7979 = ORIENTED_EDGE ( 'NONE', *, *, #7860, .F. ) ;
#7980 = CARTESIAN_POINT ( 'NONE',  ( 22.59408972245014624, -10.50532236015857279, 2.000000000000000000 ) ) ;
#7981 = CARTESIAN_POINT ( 'NONE',  ( -20.64571337519313587, -11.25696429976830437, -2.099999999999998757 ) ) ;
#7982 = CARTESIAN_POINT ( 'NONE',  ( 18.01951924820727413, 21.43121382618090109, -2.099999999999998757 ) ) ;
#7983 = CARTESIAN_POINT ( 'NONE',  ( -13.36064030761172639, 21.84126693107096173, 2.000000000000000000 ) ) ;
#7984 = CARTESIAN_POINT ( 'NONE',  ( -18.40868586258352124, -18.43357243192681238, -2.099999999999998757 ) ) ;
#7985 = CARTESIAN_POINT ( 'NONE',  ( -7.401289683397454411, -27.00409019895751683, 2.000000000000000000 ) ) ;
#7986 = CARTESIAN_POINT ( 'NONE',  ( 3.204373604290264410, 23.29585190159430397, 2.000000000000000000 ) ) ;
#7987 = CARTESIAN_POINT ( 'NONE',  ( 1.824858090210248696, 24.72368248555340386, -2.099999999999998757 ) ) ;
#7988 = ORIENTED_EDGE ( 'NONE', *, *, #2797, .F. ) ;
#7989 = CARTESIAN_POINT ( 'NONE',  ( -13.34952134769245724, -19.34012055804145191, 2.000000000000000000 ) ) ;
#7990 = CARTESIAN_POINT ( 'NONE',  ( -5.855490625474256028, 27.19235995339894885, -2.099999999999998757 ) ) ;
#7991 = CARTESIAN_POINT ( 'NONE',  ( 1.840779285638411755, -24.52644730507024562, -2.099999999999998757 ) ) ;
#7992 = CARTESIAN_POINT ( 'NONE',  ( 24.45163473737931881, -4.792937194118069399, -2.099999999999998757 ) ) ;
#7993 = CARTESIAN_POINT ( 'NONE',  ( -24.56950331401515442, -1.128978604501161387, -2.099999999999998757 ) ) ;
#7994 = CARTESIAN_POINT ( 'NONE',  ( -20.80821629034237219, 10.92099437901167391, 2.000000000000000000 ) ) ;
#7995 = ADVANCED_FACE ( 'NONE', ( #172 ), #3166, .T. ) ;
#7996 = CARTESIAN_POINT ( 'NONE',  ( -14.51573139705936377, -19.26027195864160291, 2.000000000000000000 ) ) ;
#7997 = ORIENTED_EDGE ( 'NONE', *, *, #5594, .T. ) ;
#7998 = CARTESIAN_POINT ( 'NONE',  ( -7.650756190596010420, -25.73058353783937591, 2.000000000000000000 ) ) ;
#7999 = FACE_OUTER_BOUND ( 'NONE', #2397, .T. ) ;
#8000 = CARTESIAN_POINT ( 'NONE',  ( 27.87379644711745996, -2.655456283891108882, 2.000000000000000000 ) ) ;
#8001 = CARTESIAN_POINT ( 'NONE',  ( 21.23055223844790262, -12.41767842381810816, 2.000000000000000000 ) ) ;
#8002 = CARTESIAN_POINT ( 'NONE',  ( -17.91646094264596201, 17.52377780514962069, -2.099999999999998757 ) ) ;
#8003 = CARTESIAN_POINT ( 'NONE',  ( 20.62323650117463103, -11.56374771533979562, -2.099999999999998757 ) ) ;
#8004 = CARTESIAN_POINT ( 'NONE',  ( 25.19179192507393239, -1.283507464112907392, 2.000000000000000000 ) ) ;
#8005 = CARTESIAN_POINT ( 'NONE',  ( 18.40868586258351414, 18.43357243192681238, 2.000000000000000000 ) ) ;
#8006 = AXIS2_PLACEMENT_3D ( 'NONE', #508, #2484, #3071 ) ;
#8007 = VERTEX_POINT ( 'NONE', #3740 ) ;
#8008 = CARTESIAN_POINT ( 'NONE',  ( 18.30266578660392796, 18.21105589998884611, -2.099999999999998757 ) ) ;
#8009 = CARTESIAN_POINT ( 'NONE',  ( -20.64571337519313943, 11.25696429976830260, -2.099999999999998757 ) ) ;
#8010 = FACE_OUTER_BOUND ( 'NONE', #7790, .T. ) ;
#8011 = CARTESIAN_POINT ( 'NONE',  ( 18.01951879739596052, -21.43121365581736271, 2.000000000000000000 ) ) ;
#8012 = CARTESIAN_POINT ( 'NONE',  ( 22.73975435582775972, -5.989014764842361060, 2.000000000000000000 ) ) ;
#8013 = AXIS2_PLACEMENT_3D ( 'NONE', #2382, #5502, #3477 ) ;
#8014 = CARTESIAN_POINT ( 'NONE',  ( 12.85055170543023628, 19.95373759773043787, 2.000000000000000000 ) ) ;
#8015 = CARTESIAN_POINT ( 'NONE',  ( -1.379935885169552234, -26.52839079975560210, -2.099999999999998757 ) ) ;
#8016 = CARTESIAN_POINT ( 'NONE',  ( 8.148726673636447870, -22.03570943365874868, 2.000000000000000000 ) ) ;
#8017 = CARTESIAN_POINT ( 'NONE',  ( 14.84924240491750069, 14.84924240491749714, -3.599999999999998757 ) ) ;
#8018 = AXIS2_PLACEMENT_3D ( 'NONE', #7538, #6278, #8124 ) ;
#8019 = VERTEX_POINT ( 'NONE', #1974 ) ;
#8020 = CARTESIAN_POINT ( 'NONE',  ( 22.46994110604167005, -10.47341059000766350, 2.000000000000000000 ) ) ;
#8021 = CARTESIAN_POINT ( 'NONE',  ( -23.76349960547260309, -10.67578541799516501, 2.000000000000000000 ) ) ;
#8022 = CARTESIAN_POINT ( 'NONE',  ( 15.23641901094384998, 19.89808777236047987, -2.099999999999998757 ) ) ;
#8023 = CARTESIAN_POINT ( 'NONE',  ( -13.46232027610274784, 22.30341320457493381, 2.000000000000000000 ) ) ;
#8024 = CARTESIAN_POINT ( 'NONE',  ( -17.51903422860498694, -16.98989084997260335, -2.099999999999998757 ) ) ;
#8025 = CARTESIAN_POINT ( 'NONE',  ( -23.55944914529948520, -0.5232380683118340592, 2.000000000000000000 ) ) ;
#8026 = CARTESIAN_POINT ( 'NONE',  ( 3.025165651672243605, 23.29855380546641541, 2.000000000000000000 ) ) ;
#8027 = CARTESIAN_POINT ( 'NONE',  ( -19.87933552333218401, 15.81900378855655553, 2.000000000000000000 ) ) ;
#8028 = EDGE_LOOP ( 'NONE', ( #5789, #4861, #8077, #8115 ) ) ;
#8029 = CARTESIAN_POINT ( 'NONE',  ( 0.8028554030851270396, -27.84232735775771417, -2.099999999999998757 ) ) ;
#8030 = CARTESIAN_POINT ( 'NONE',  ( -5.855490625474256028, 27.19235995339894885, 2.000000000000000000 ) ) ;
#8031 = CARTESIAN_POINT ( 'NONE',  ( -17.71416793792180044, -15.43316205167866784, 2.000000000000000000 ) ) ;
#8032 = CARTESIAN_POINT ( 'NONE',  ( 20.94077984017082272, 12.16847291378771168, 2.000000000000000000 ) ) ;
#8033 = CARTESIAN_POINT ( 'NONE',  ( -23.90532429094090716, 0.9066066167179744895, -2.099999999999998757 ) ) ;
#8034 = CARTESIAN_POINT ( 'NONE',  ( -1.145856306001376446, 27.11429446801521692, 2.000000000000000000 ) ) ;
#8035 = CARTESIAN_POINT ( 'NONE',  ( -13.10549974122802652, -21.04367979295773949, -2.099999999999999645 ) ) ;
#8036 = ORIENTED_EDGE ( 'NONE', *, *, #4870, .T. ) ;
#8037 = CARTESIAN_POINT ( 'NONE',  ( -9.768079280210441695, -22.57254334279473085, 2.000000000000000000 ) ) ;
#8038 = CARTESIAN_POINT ( 'NONE',  ( -23.10489730742584413, 5.020145956116661701, 2.000000000000000000 ) ) ;
#8039 = CARTESIAN_POINT ( 'NONE',  ( -27.42711520699845096, 2.355539810247107457, -2.099999999999998757 ) ) ;
#8040 = CARTESIAN_POINT ( 'NONE',  ( 14.84924240491750602, -14.84924240491749714, 2.100000000000001865 ) ) ;
#8041 = AXIS2_PLACEMENT_3D ( 'NONE', #4400, #5085, #3099 ) ;
#8042 = CARTESIAN_POINT ( 'NONE',  ( -23.58537593626265050, -6.976039544898380740, -2.099999999999999645 ) ) ;
#8043 = CARTESIAN_POINT ( 'NONE',  ( 7.701896059577425291, -22.44925656542959302, 2.000000000000000000 ) ) ;
#8044 = CARTESIAN_POINT ( 'NONE',  ( 23.50396181942852891, -6.078686604171923434E-16, 2.000000000000000000 ) ) ;
#8045 = AXIS2_PLACEMENT_3D ( 'NONE', #6718, #5460, #6088 ) ;
#8046 = CARTESIAN_POINT ( 'NONE',  ( 18.62447386782099912, 18.94171889292492850, -2.099999999999999645 ) ) ;
#8047 = ORIENTED_EDGE ( 'NONE', *, *, #2044, .F. ) ;
#8048 = CARTESIAN_POINT ( 'NONE',  ( -8.148726673636449647, 22.03570943365874157, 2.000000000000000000 ) ) ;
#8049 = CARTESIAN_POINT ( 'NONE',  ( -21.07590994840524345, 12.30361618564757542, -2.099999999999998757 ) ) ;
#8050 = DIRECTION ( 'NONE',  ( 0.000000000000000000, 0.000000000000000000, -1.000000000000000000 ) ) ;
#8051 = DIRECTION ( 'NONE',  ( 0.000000000000000000, 0.000000000000000000, -1.000000000000000000 ) ) ;
#8052 = CARTESIAN_POINT ( 'NONE',  ( 13.04949915500205115, -19.56208827861912525, 2.000000000000000000 ) ) ;
#8053 = CIRCLE ( 'NONE', #4690, 28.00000000000000000 ) ;
#8054 = CARTESIAN_POINT ( 'NONE',  ( 22.82097940566847782, -5.624866236205934733, -2.099999999999998757 ) ) ;
#8055 = CARTESIAN_POINT ( 'NONE',  ( 14.88619985382989519, 19.57897187542435447, 2.000000000000000000 ) ) ;
#8056 = DIRECTION ( 'NONE',  ( -1.000000000000000000, 0.000000000000000000, -0.000000000000000000 ) ) ;
#8057 = CARTESIAN_POINT ( 'NONE',  ( 22.11282838689583485, 16.42831787920695064, 2.000000000000000000 ) ) ;
#8058 = CARTESIAN_POINT ( 'NONE',  ( 0.000000000000000000, 0.000000000000000000, -2.099999999999998757 ) ) ;
#8059 = LINE ( 'NONE', #6245, #5181 ) ;
#8060 = CARTESIAN_POINT ( 'NONE',  ( 22.44798333931210976, -13.70307343545945322, 2.000000000000000000 ) ) ;
#8061 = CARTESIAN_POINT ( 'NONE',  ( -21.47582202528875683, -10.32148794313315143, 2.000000000000000000 ) ) ;
#8062 = CARTESIAN_POINT ( 'NONE',  ( 27.69932686549418932, -4.092342562581358756, 2.000000000000000000 ) ) ;
#8063 = DIRECTION ( 'NONE',  ( 1.000000000000000000, 0.000000000000000000, 0.000000000000000000 ) ) ;
#8064 = CARTESIAN_POINT ( 'NONE',  ( -18.25928954266905180, -15.16201400375275199, -2.099999999999998757 ) ) ;
#8065 = CARTESIAN_POINT ( 'NONE',  ( -26.24483786523219209, 1.701370919965209838, 2.000000000000000000 ) ) ;
#8066 = CARTESIAN_POINT ( 'NONE',  ( 2.035327432088031241, 23.74029248485179622, -2.099999999999998757 ) ) ;
#8067 = CARTESIAN_POINT ( 'NONE',  ( -20.77276083323512523, 16.13005223007172972, -2.099999999999998757 ) ) ;
#8068 = ORIENTED_EDGE ( 'NONE', *, *, #992, .F. ) ;
#8069 = FACE_OUTER_BOUND ( 'NONE', #8028, .T. ) ;
#8070 = DIRECTION ( 'NONE',  ( 0.000000000000000000, 0.000000000000000000, -1.000000000000000000 ) ) ;
#8071 = CARTESIAN_POINT ( 'NONE',  ( -17.25237999601836236, -16.29857992973629521, 2.000000000000000000 ) ) ;
#8072 = CARTESIAN_POINT ( 'NONE',  ( 20.51809281624189651, 16.05254419007956912, 2.000000000000000000 ) ) ;
#8073 = CARTESIAN_POINT ( 'NONE',  ( -27.73609896860202895, 2.559020027025895150, -2.099999999999998757 ) ) ;
#8074 = CARTESIAN_POINT ( 'NONE',  ( 19.06382402752316807, -20.30788967230314412, -2.099999999999998757 ) ) ;
#8075 = PLANE ( 'NONE',  #634 ) ;
#8076 = CARTESIAN_POINT ( 'NONE',  ( -23.87823629154096494, -7.119306137701290282, 2.000000000000000000 ) ) ;
#8077 = ORIENTED_EDGE ( 'NONE', *, *, #2270, .T. ) ;
#8078 = CARTESIAN_POINT ( 'NONE',  ( -7.705310163655072486, -23.69563005194943628, -2.099999999999998757 ) ) ;
#8079 = DIRECTION ( 'NONE',  ( -0.8854560256532099105, 0.4647231720437685065, 0.000000000000000000 ) ) ;
#8080 = CARTESIAN_POINT ( 'NONE',  ( -7.743106042156109758, 24.63076208136009271, 2.000000000000000000 ) ) ;
#8081 = CARTESIAN_POINT ( 'NONE',  ( -24.00794390784557564, -7.190340088713012889, 2.000000000000000000 ) ) ;
#8082 = CARTESIAN_POINT ( 'NONE',  ( 7.657608382361896560, -22.56335699501520864, 2.000000000000000000 ) ) ;
#8083 = CARTESIAN_POINT ( 'NONE',  ( 1.145856306001342029, 27.11429446801520626, -2.099999999999998757 ) ) ;
#8084 = ORIENTED_EDGE ( 'NONE', *, *, #2999, .T. ) ;
#8085 = CARTESIAN_POINT ( 'NONE',  ( -7.612592773523898515, 22.78073832991432468, 2.000000000000000000 ) ) ;
#8086 = CARTESIAN_POINT ( 'NONE',  ( -23.44696917791851121, 15.30488929622620020, -2.099999999999998757 ) ) ;
#8087 = ADVANCED_BREP_SHAPE_REPRESENTATION ( 'base_gear_bigger', ( #5254, #2603 ), #5164 ) ;
#8088 = CARTESIAN_POINT ( 'NONE',  ( -19.13918860107962061, -15.44754172932143632, -2.099999999999998757 ) ) ;
#8089 = CARTESIAN_POINT ( 'NONE',  ( -23.29246673278348823, -10.63055238855665330, 2.000000000000000000 ) ) ;
#8090 = CARTESIAN_POINT ( 'NONE',  ( 16.59924240491750425, 14.84924240491749714, -3.599999999999998757 ) ) ;
#8091 = CARTESIAN_POINT ( 'NONE',  ( 23.76414829993700906, -7.060866680122694028, 2.000000000000000000 ) ) ;
#8092 = CARTESIAN_POINT ( 'NONE',  ( -0.8222169759748702011, -27.80351002202151633, 2.000000000000000000 ) ) ;
#8093 = CARTESIAN_POINT ( 'NONE',  ( 7.745447077757175336, 24.40400991946478726, 2.000000000000000000 ) ) ;
#8094 = CARTESIAN_POINT ( 'NONE',  ( 0.000000000000000000, 0.000000000000000000, 2.000000000000000000 ) ) ;
#8095 = CARTESIAN_POINT ( 'NONE',  ( -22.73828148979404062, 10.53816474365922851, -2.099999999999999645 ) ) ;
#8096 = ORIENTED_EDGE ( 'NONE', *, *, #4979, .T. ) ;
#8098 = CARTESIAN_POINT ( 'NONE',  ( 13.41263264250317455, -22.06199033373686547, -2.099999999999998757 ) ) ;
#8097 = CARTESIAN_POINT ( 'NONE',  ( 24.88813961944796560, 1.197996060026732756, -2.099999999999998757 ) ) ;
#8099 = CARTESIAN_POINT ( 'NONE',  ( -20.65156267108763188, -11.69620803915341867, 2.000000000000000000 ) ) ;
#8100 = CARTESIAN_POINT ( 'NONE',  ( 14.51573139705936022, 19.26027195864160291, -2.099999999999998757 ) ) ;
#8101 = CARTESIAN_POINT ( 'NONE',  ( -22.62472946281713604, 16.49610842548439038, 2.000000000000000000 ) ) ;
#8102 = CARTESIAN_POINT ( 'NONE',  ( -17.91646094264595135, -17.52377780514963490, 2.000000000000000000 ) ) ;
#8103 = CARTESIAN_POINT ( 'NONE',  ( -25.56471904745758295, 1.411662356313486244, 2.000000000000000000 ) ) ;
#8104 = CARTESIAN_POINT ( 'NONE',  ( 4.713207230075915355, 25.62151411210381369, -2.099999999999998757 ) ) ;
#8105 = CARTESIAN_POINT ( 'NONE',  ( -18.12539239010960657, 15.18249965295455794, -2.099999999999998757 ) ) ;
#8106 = ORIENTED_EDGE ( 'NONE', *, *, #4002, .F. ) ;
#8107 = CARTESIAN_POINT ( 'NONE',  ( -14.84924240491748826, -14.84924240491749892, -3.599999999999998757 ) ) ;
#8108 = CARTESIAN_POINT ( 'NONE',  ( -4.713207230075946441, 25.62151411210379948, 2.000000000000000000 ) ) ;
#8109 = CARTESIAN_POINT ( 'NONE',  ( 17.51894851297105404, -21.23397417766008388, 2.000000000000000000 ) ) ;
#8110 = CARTESIAN_POINT ( 'NONE',  ( 21.34551800689746770, 16.27777197600732251, 2.000000000000000000 ) ) ;
#8111 = CARTESIAN_POINT ( 'NONE',  ( -25.56471904745758295, 1.411662356313486244, 2.000000000000000000 ) ) ;
#8112 = CARTESIAN_POINT ( 'NONE',  ( 5.995909907646391090, 27.35048520283306317, 2.000000000000000000 ) ) ;
#8113 = CARTESIAN_POINT ( 'NONE',  ( -0.9587223012481117523, 27.53084922696114134, 2.000000000000000000 ) ) ;
#8114 = CARTESIAN_POINT ( 'NONE',  ( -23.32186741149923748, -4.882063647943448714, 2.000000000000000000 ) ) ;
#8115 = ORIENTED_EDGE ( 'NONE', *, *, #6999, .T. ) ;
#8116 = PLANE ( 'NONE',  #6954 ) ;
#8117 = CARTESIAN_POINT ( 'NONE',  ( -7.650756190596020190, 25.73058353783936525, 2.000000000000000000 ) ) ;
#8118 = CARTESIAN_POINT ( 'NONE',  ( -23.32186741149923748, -4.882063647943448714, 2.000000000000000000 ) ) ;
#8119 = CARTESIAN_POINT ( 'NONE',  ( 8.148726673636447870, -22.03570943365874868, 2.000000000000000000 ) ) ;
#8120 = CARTESIAN_POINT ( 'NONE',  ( 25.56471904745758295, -1.411662356313489353, -2.099999999999998757 ) ) ;
#8121 = ORIENTED_EDGE ( 'NONE', *, *, #6986, .F. ) ;
#8122 = CARTESIAN_POINT ( 'NONE',  ( -10.38530154243854042, 23.40284517865929459, -2.099999999999998757 ) ) ;
#8123 = CARTESIAN_POINT ( 'NONE',  ( -21.84033501313437142, 12.97800555654220389, -2.099999999999998757 ) ) ;
#8124 = DIRECTION ( 'NONE',  ( -0.7485107481711011923, 0.6631226582407950820, 0.000000000000000000 ) ) ;
#8125 = CARTESIAN_POINT ( 'NONE',  ( -27.99999957948218920, 3.429010986114009550E-15, 0.000000000000000000 ) ) ;
#8126 = CARTESIAN_POINT ( 'NONE',  ( 20.74579233589062000, 11.91211842489103034, -2.099999999999998757 ) ) ;
#8127 = CARTESIAN_POINT ( 'NONE',  ( 23.24438501506256216, -6.803422568062733156, 2.000000000000000000 ) ) ;
#8128 = VECTOR ( 'NONE', #473, 1000.000000000000000 ) ;
#8129 = CARTESIAN_POINT ( 'NONE',  ( -3.846120836016032385, -23.70909028424117437, 2.000000000000000000 ) ) ;
#8130 = CARTESIAN_POINT ( 'NONE',  ( -1.270707428516379744, -26.81384534371724016, -2.099999999999998757 ) ) ;
#8131 = CYLINDRICAL_SURFACE ( 'NONE', #5319, 1.749999999999999778 ) ;
#8132 = CARTESIAN_POINT ( 'NONE',  ( 7.401289683397457075, 27.00409019895751328, 2.000000000000000000 ) ) ;
#8133 = ORIENTED_EDGE ( 'NONE', *, *, #7223, .T. ) ;
#8135 = CARTESIAN_POINT ( 'NONE',  ( 22.28520553958149719, -13.49243943284463398, -2.099999999999999645 ) ) ;
#8134 = CARTESIAN_POINT ( 'NONE',  ( 26.16863607189503682, -4.567518758412567159, 2.000000000000000000 ) ) ;
#8136 = EDGE_CURVE ( 'NONE', #1238, #4572, #551, .T. ) ;
#8137 = CYLINDRICAL_SURFACE ( 'NONE', #5198, 1.750000000000001332 ) ;
#8138 = CARTESIAN_POINT ( 'NONE',  ( 14.10020032022225145, 19.09116743896564472, -2.099999999999998757 ) ) ;
#8139 = CIRCLE ( 'NONE', #4501, 27.99999957948218920 ) ;
#8140 = CARTESIAN_POINT ( 'NONE',  ( -13.61524630358647414, 23.47600944080825869, 2.000000000000000000 ) ) ;
#8141 = CARTESIAN_POINT ( 'NONE',  ( 21.04854468720649763, -16.20550857031051351, 2.000000000000000000 ) ) ;
#8142 = CARTESIAN_POINT ( 'NONE',  ( -27.05471844848150909, 2.130765319231053834, 2.000000000000000000 ) ) ;
#8143 = AXIS2_PLACEMENT_3D ( 'NONE', #836, #3400, #7909 ) ;
#8144 = CARTESIAN_POINT ( 'NONE',  ( -1.790249464186380868, 24.99754724227145530, -2.099999999999998757 ) ) ;
#8145 = CARTESIAN_POINT ( 'NONE',  ( -20.07157227525354060, 15.89590000543996595, 2.000000000000000000 ) ) ;
#8146 = ORIENTED_EDGE ( 'NONE', *, *, #6986, .T. ) ;
#8147 = SURFACE_SIDE_STYLE ('',( #2225 ) ) ;
#8148 = CARTESIAN_POINT ( 'NONE',  ( 17.12241726305228084, -21.05518411798320955, 2.000000000000000000 ) ) ;
#8149 = CARTESIAN_POINT ( 'NONE',  ( 20.71178771499496918, 11.09036006156944332, 2.000000000000000000 ) ) ;
#8150 = CARTESIAN_POINT ( 'NONE',  ( -26.00281877978271439, 1.590510388571581002, 2.000000000000000000 ) ) ;
#8151 = FACE_OUTER_BOUND ( 'NONE', #303, .T. ) ;
#8152 = AXIS2_PLACEMENT_3D ( 'NONE', #1988, #6448, #2744 ) ;
#8153 = DIRECTION ( 'NONE',  ( 0.000000000000000000, 0.000000000000000000, -1.000000000000000000 ) ) ;
#8154 = CARTESIAN_POINT ( 'NONE',  ( -23.10489730742583703, -5.020145956116677688, 2.000000000000000000 ) ) ;
#8155 = ORIENTED_EDGE ( 'NONE', *, *, #957, .F. ) ;
#8156 = CARTESIAN_POINT ( 'NONE',  ( -7.688595528318257877, -23.56854007989868194, -2.099999999999998757 ) ) ;
#8157 = CARTESIAN_POINT ( 'NONE',  ( 26.50130185302209540, -1.827769560624223244, 2.000000000000000000 ) ) ;
#8158 = CARTESIAN_POINT ( 'NONE',  ( -10.25081980592599429, 23.24542008693365958, 2.000000000000000000 ) ) ;
#8159 = CARTESIAN_POINT ( 'NONE',  ( -23.40793038981978924, -6.902300070437910051, 2.000000000000000000 ) ) ;
#8160 = CARTESIAN_POINT ( 'NONE',  ( 7.612592773523897627, -22.78073832991432823, 2.000000000000000000 ) ) ;
#8161 = CARTESIAN_POINT ( 'NONE',  ( 1.762385718735274720, 25.16282512725969056, 2.000000000000000000 ) ) ;
#8162 = CIRCLE ( 'NONE', #6026, 28.00000000000000000 ) ;
#8163 = ORIENTED_EDGE ( 'NONE', *, *, #8228, .F. ) ;
#8164 = CARTESIAN_POINT ( 'NONE',  ( -10.53741832910565712, 23.57101921525814703, -2.099999999999998757 ) ) ;
#8165 = EDGE_CURVE ( 'NONE', #4301, #4409, #6170, .T. ) ;
#8166 = CARTESIAN_POINT ( 'NONE',  ( -24.02931632081063995, 10.69009516955076933, -2.099999999999998757 ) ) ;
#8167 = CARTESIAN_POINT ( 'NONE',  ( 27.69932686549417866, 4.092342562581386289, 2.000000000000000000 ) ) ;
#8168 = LINE ( 'NONE', #6824, #1552 ) ;
#8169 = CARTESIAN_POINT ( 'NONE',  ( 21.48061666422701776, 12.62686802027753785, 2.000000000000000000 ) ) ;
#8170 = CARTESIAN_POINT ( 'NONE',  ( -24.31514428139131923, 10.69735948946558501, 2.000000000000000000 ) ) ;
#8171 = VECTOR ( 'NONE', #6214, 1000.000000000000000 ) ;
#8172 = CARTESIAN_POINT ( 'NONE',  ( -1.906741771391412099, -24.04223096406908411, 2.000000000000000000 ) ) ;
#8173 = CARTESIAN_POINT ( 'NONE',  ( -13.64897234715585839, -24.23668220212507407, 2.000000000000000000 ) ) ;
#8174 = CARTESIAN_POINT ( 'NONE',  ( -1.840779285638403318, -24.52644730507024562, 2.000000000000000000 ) ) ;
#8175 = CARTESIAN_POINT ( 'NONE',  ( 0.000000000000000000, 21.00000000000000000, -3.599999999999998757 ) ) ;
#8176 = AXIS2_PLACEMENT_3D ( 'NONE', #4262, #435, #474 ) ;
#8177 = ORIENTED_EDGE ( 'NONE', *, *, #7708, .T. ) ;
#8179 = CARTESIAN_POINT ( 'NONE',  ( 21.48061666422703553, -12.62686802027752719, -2.099999999999999645 ) ) ;
#8178 = CARTESIAN_POINT ( 'NONE',  ( 27.19385050686429395, -4.276646238565366076, 2.000000000000000000 ) ) ;
#8180 = CARTESIAN_POINT ( 'NONE',  ( 0.000000000000000000, 0.000000000000000000, -2.099999999999998757 ) ) ;
#8181 = CARTESIAN_POINT ( 'NONE',  ( 13.18542992737235409, 19.44527382878997912, -2.099999999999998757 ) ) ;
#8182 = CARTESIAN_POINT ( 'NONE',  ( -23.32186741149923748, -4.882063647943448714, -2.099999999999998757 ) ) ;
#8183 = CARTESIAN_POINT ( 'NONE',  ( -20.07157227525353704, -15.89590000543998194, 2.000000000000000000 ) ) ;
#8184 = FACE_BOUND ( 'NONE', #1645, .T. ) ;
#8185 = CARTESIAN_POINT ( 'NONE',  ( 27.99999957948218920, 0.000000000000000000, 2.000000000000000000 ) ) ;
#8186 = CARTESIAN_POINT ( 'NONE',  ( -18.38167992440538256, 15.16106487615012099, -2.099999999999998757 ) ) ;
#8187 = ORIENTED_EDGE ( 'NONE', *, *, #1120, .F. ) ;
#8188 = CARTESIAN_POINT ( 'NONE',  ( 12.36707919775609987, -25.12081464776633055, 2.000000000000000000 ) ) ;
#8189 = CARTESIAN_POINT ( 'NONE',  ( -1.840779285638419971, 24.52644730507024562, 2.000000000000000000 ) ) ;
#8190 = CARTESIAN_POINT ( 'NONE',  ( -17.32735312033765496, -16.63359376186219762, 2.000000000000000000 ) ) ;
#8191 = CARTESIAN_POINT ( 'NONE',  ( 20.69407544885351413, 11.81098159931167935, 2.000000000000000000 ) ) ;
#8192 = CARTESIAN_POINT ( 'NONE',  ( 9.230471089887526404, 21.96684885186929037, -2.099999999999997868 ) ) ;
#8193 = CARTESIAN_POINT ( 'NONE',  ( 17.42017265760604516, -16.82633584436268848, -2.099999999999998757 ) ) ;
#8194 = EDGE_CURVE ( 'NONE', #4964, #5346, #7494, .T. ) ;
#8195 = CARTESIAN_POINT ( 'NONE',  ( -23.63710370791871185, -4.790810183414333068, 2.000000000000000000 ) ) ;
#8196 = ORIENTED_EDGE ( 'NONE', *, *, #6472, .F. ) ;
#8197 = CARTESIAN_POINT ( 'NONE',  ( -9.408316245588473237, -22.09971024729809130, 2.000000000000000000 ) ) ;
#8198 = PLANE ( 'NONE',  #5491 ) ;
#8199 = CARTESIAN_POINT ( 'NONE',  ( -10.70787966366669863, 23.74905515802275602, 2.000000000000000000 ) ) ;
#8200 = CARTESIAN_POINT ( 'NONE',  ( -24.86659007404522725, -7.767174896947399709, -2.099999999999999645 ) ) ;
#8201 = CARTESIAN_POINT ( 'NONE',  ( 9.484645845787897045, -22.17444536155052859, -2.099999999999999645 ) ) ;
#8202 = CARTESIAN_POINT ( 'NONE',  ( 25.77590585922884259, -1.494258687380733974, -2.099999999999998757 ) ) ;
#8203 = VERTEX_POINT ( 'NONE', #4236 ) ;
#8204 = CARTESIAN_POINT ( 'NONE',  ( -9.408316245588480342, 22.09971024729808065, 2.000000000000000000 ) ) ;
#8205 = CARTESIAN_POINT ( 'NONE',  ( -22.91929613358907503, 6.515359526762099840, -2.099999999999998757 ) ) ;
#8206 = CARTESIAN_POINT ( 'NONE',  ( 16.59924240491750425, -14.84924240491749714, 2.100000000000001865 ) ) ;
#8207 = CARTESIAN_POINT ( 'NONE',  ( -21.80373651133526991, -10.30832712212200519, 2.000000000000000000 ) ) ;
#8208 = CARTESIAN_POINT ( 'NONE',  ( 20.69407544885351413, 11.81098159931167935, 2.000000000000000000 ) ) ;
#8209 = CARTESIAN_POINT ( 'NONE',  ( -21.58955567576248669, 12.72687891813088967, 2.000000000000000000 ) ) ;
#8210 = ADVANCED_FACE ( 'NONE', ( #367 ), #6094, .F. ) ;
#8211 = EDGE_CURVE ( 'NONE', #7475, #2525, #7797, .T. ) ;
#8212 = CARTESIAN_POINT ( 'NONE',  ( -3.025165651672256928, -23.29855380546641186, 2.000000000000000000 ) ) ;
#8213 = CARTESIAN_POINT ( 'NONE',  ( -13.64180599432875063, -23.91017242913069296, 2.000000000000000000 ) ) ;
#8214 = CARTESIAN_POINT ( 'NONE',  ( 7.656852614504657595, -23.37322600383987492, 2.000000000000000000 ) ) ;
#8215 = CARTESIAN_POINT ( 'NONE',  ( -21.23211141880578623, 10.40363348579838387, -2.099999999999999645 ) ) ;
#8216 = EDGE_LOOP ( 'NONE', ( #2194, #7387 ) ) ;
#8218 = CARTESIAN_POINT ( 'NONE',  ( 20.80453127045304740, -12.00354473513042208, -2.099999999999999645 ) ) ;
#8217 = CARTESIAN_POINT ( 'NONE',  ( 23.24438501506256216, -6.803422568062733156, 2.000000000000000000 ) ) ;
#8219 = CARTESIAN_POINT ( 'NONE',  ( 25.56471904745757939, 1.411662356313488909, 2.000000000000000000 ) ) ;
#8220 = CARTESIAN_POINT ( 'NONE',  ( 12.36707959469692852, -25.12081492106558045, -2.099999999999998757 ) ) ;
#8221 = CARTESIAN_POINT ( 'NONE',  ( -22.68932755563026760, -16.50372007927584406, -2.099999999999998757 ) ) ;
#8222 = CARTESIAN_POINT ( 'NONE',  ( 13.46232027610273363, 22.30341320457493026, -2.099999999999998757 ) ) ;
#8223 = CARTESIAN_POINT ( 'NONE',  ( -3.902347153244143829, 23.79992060087550954, -2.099999999999998757 ) ) ;
#8224 = CARTESIAN_POINT ( 'NONE',  ( -17.25657676350752823, 16.16318976602638813, -2.099999999999998757 ) ) ;
#8225 = VERTEX_POINT ( 'NONE', #7731 ) ;
#8226 = CARTESIAN_POINT ( 'NONE',  ( -23.53223775966786491, 4.811173829118811973, 2.000000000000000000 ) ) ;
#8227 = CARTESIAN_POINT ( 'NONE',  ( -2.198555820827225560, 23.54154832015334975, 2.000000000000000000 ) ) ;
#8228 = EDGE_CURVE ( 'NONE', #1442, #4134, #6182, .T. ) ;
#8229 = CARTESIAN_POINT ( 'NONE',  ( 15.02890815691219295, -19.71604682249877527, 2.000000000000000000 ) ) ;
#8230 = CARTESIAN_POINT ( 'NONE',  ( 23.29246673278348467, 10.63055238855666573, 2.000000000000000000 ) ) ;
#8231 = CARTESIAN_POINT ( 'NONE',  ( 8.148726673636440765, 22.03570943365874513, 2.000000000000000000 ) ) ;
#8232 = CARTESIAN_POINT ( 'NONE',  ( 26.42834261559673337, 9.248930024531812677, -2.099999999999999645 ) ) ;
#8233 = EDGE_CURVE ( 'NONE', #4881, #1300, #861, .T. ) ;
#8234 = CARTESIAN_POINT ( 'NONE',  ( 22.27987727495454706, 10.41835660743991809, -2.099999999999998757 ) ) ;
#8235 = CARTESIAN_POINT ( 'NONE',  ( -17.53871597601348142, -21.24288703357683872, -2.099999999999999645 ) ) ;
#8236 = EDGE_LOOP ( 'NONE', ( #996, #8036, #5365, #69 ) ) ;
#8237 = CARTESIAN_POINT ( 'NONE',  ( -11.58603556222320030, -24.54102139527088156, -2.099999999999998757 ) ) ;
#8238 = CARTESIAN_POINT ( 'NONE',  ( -23.72154950710865506, 0.7592181733933760501, -2.099999999999998757 ) ) ;
#8239 = CARTESIAN_POINT ( 'NONE',  ( -19.10294300318478022, 20.47138356506634338, 2.000000000000000000 ) ) ;
#8240 = CARTESIAN_POINT ( 'NONE',  ( -24.32345666766047998, -4.791663430616648789, -2.099999999999999645 ) ) ;
#8241 = CARTESIAN_POINT ( 'NONE',  ( -27.69989843466851909, -2.535120709015756368, 2.000000000000000000 ) ) ;
#8242 = ORIENTED_EDGE ( 'NONE', *, *, #4564, .T. ) ;
#8243 = CARTESIAN_POINT ( 'NONE',  ( -14.32589460713082019, -19.15868494228939056, -2.099999999999998757 ) ) ;
#8244 = CARTESIAN_POINT ( 'NONE',  ( -25.07504586300960625, 7.932732980984140703, -2.099999999999998757 ) ) ;
#8245 = CARTESIAN_POINT ( 'NONE',  ( -18.09985454995500831, -17.82762258356555307, -2.099999999999998757 ) ) ;
#8246 = CARTESIAN_POINT ( 'NONE',  ( -18.01951879739587525, -21.43121365581733428, 2.000000000000000000 ) ) ;
#8247 = CARTESIAN_POINT ( 'NONE',  ( 22.46994110604165940, 10.47341059000768126, 2.000000000000000000 ) ) ;
#8248 = CARTESIAN_POINT ( 'NONE',  ( -21.58843454132472317, 10.30659784155100489, 2.000000000000000000 ) ) ;
#8249 = CARTESIAN_POINT ( 'NONE',  ( -3.359200862297582191, -23.32460485566309316, -2.099999999999998757 ) ) ;
#8250 = CARTESIAN_POINT ( 'NONE',  ( -13.46232027610273718, -22.30341320457492671, 2.000000000000000000 ) ) ;
#8251 = CARTESIAN_POINT ( 'NONE',  ( 7.715738321650227327, -25.14266413352903129, 2.000000000000000000 ) ) ;
#8252 = CARTESIAN_POINT ( 'NONE',  ( -21.98040231662191957, 13.13048226772782101, -2.099999999999999645 ) ) ;
#8253 = CARTESIAN_POINT ( 'NONE',  ( -13.25426296490209310, -21.46155364981478897, 2.000000000000000000 ) ) ;
#8254 = PLANE ( 'NONE',  #7468 ) ;
#8255 = CARTESIAN_POINT ( 'NONE',  ( 8.843531895616187910, 21.84292484346595842, -2.099999999999998757 ) ) ;
#8257 = CARTESIAN_POINT ( 'NONE',  ( 14.32589460713082730, -19.15868494228939056, -2.099999999999998757 ) ) ;
#8256 = CARTESIAN_POINT ( 'NONE',  ( 22.82097940566847782, -5.624866236205934733, 2.000000000000000000 ) ) ;
#8258 = CARTESIAN_POINT ( 'NONE',  ( 13.41263264250316567, 22.06199033373687612, -2.099999999999998757 ) ) ;
#8259 = CARTESIAN_POINT ( 'NONE',  ( -27.50168382512348941, -4.167564886012006475, -2.099999999999998757 ) ) ;
#8260 = CARTESIAN_POINT ( 'NONE',  ( -21.34551800689747125, -16.27777197600732251, 2.000000000000000000 ) ) ;
#8261 = CARTESIAN_POINT ( 'NONE',  ( 13.96529143882090196, 19.07901412642182848, -2.099999999999998757 ) ) ;
#8262 = CARTESIAN_POINT ( 'NONE',  ( 4.590305982006120722, 25.40785750275295030, -2.099999999999998757 ) ) ;
#8263 = CARTESIAN_POINT ( 'NONE',  ( -17.28752988749540975, 16.01445386190350817, 2.000000000000000000 ) ) ;
#8264 = EDGE_LOOP ( 'NONE', ( #7155, #7104 ) ) ;
#8265 = CARTESIAN_POINT ( 'NONE',  ( -24.48402185937397491, 7.488679734998046733, -2.100000000000000089 ) ) ;
#8266 = EDGE_CURVE ( 'NONE', #6449, #1238, #4656, .T. ) ;
#8267 = CARTESIAN_POINT ( 'NONE',  ( -1.906741771391428530, 24.04223096406908056, 2.000000000000000000 ) ) ;
#8268 = CARTESIAN_POINT ( 'NONE',  ( 15.36687483434010737, -20.00332296475708915, 2.000000000000000000 ) ) ;
#8269 = CARTESIAN_POINT ( 'NONE',  ( 25.38017819844198897, 10.66028906994773351, 2.000000000000000000 ) ) ;
#8270 = CARTESIAN_POINT ( 'NONE',  ( 8.512968716744131470, 21.89757064776836870, 2.000000000000000000 ) ) ;
#8271 = CARTESIAN_POINT ( 'NONE',  ( 22.85055158908931361, 6.414095051321371699, 2.000000000000000000 ) ) ;
#8272 = VECTOR ( 'NONE', #6839, 1000.000000000000000 ) ;
#8273 = CARTESIAN_POINT ( 'NONE',  ( 20.74579233589062000, 11.91211842489103034, -2.099999999999998757 ) ) ;
#8274 = CARTESIAN_POINT ( 'NONE',  ( 0.000000000000000000, 0.000000000000000000, 2.000000000000000000 ) ) ;
#8275 = ORIENTED_EDGE ( 'NONE', *, *, #3845, .T. ) ;
#8276 = CARTESIAN_POINT ( 'NONE',  ( -11.33585971340118093, -24.33300811744742020, -2.099999999999998757 ) ) ;
#8277 = CARTESIAN_POINT ( 'NONE',  ( -23.99982295939236820, 0.9602632500303778240, -2.099999999999998757 ) ) ;
#8278 = CARTESIAN_POINT ( 'NONE',  ( -17.28752988749540975, 16.01445386190350817, 2.000000000000000000 ) ) ;
#8279 = CARTESIAN_POINT ( 'NONE',  ( 23.76414829993700906, -7.060866680122694028, -2.099999999999998757 ) ) ;
#8280 = CARTESIAN_POINT ( 'NONE',  ( 7.733032203436371432, -24.00987265162541462, 2.000000000000000000 ) ) ;
#8281 = AXIS2_PLACEMENT_3D ( 'NONE', #38, #2526, #7617 ) ;
#8282 = CARTESIAN_POINT ( 'NONE',  ( 16.59924240491750425, -14.84924240491749714, 2.100000000000001865 ) ) ;
#8283 = CARTESIAN_POINT ( 'NONE',  ( -13.10549974122803008, 21.04367979295773239, -2.099999999999998757 ) ) ;
#8284 = ORIENTED_EDGE ( 'NONE', *, *, #2885, .F. ) ;
#8285 = CARTESIAN_POINT ( 'NONE',  ( -7.519427044731526344, 26.50141551931777428, -2.099999999999998757 ) ) ;
#8286 = CARTESIAN_POINT ( 'NONE',  ( -25.38450439115045754, 4.717739787684777752, -2.099999999999998757 ) ) ;
#8287 = CARTESIAN_POINT ( 'NONE',  ( -18.30266578660393506, -18.21105589998884966, -2.099999999999998757 ) ) ;
#8288 = CARTESIAN_POINT ( 'NONE',  ( 25.52197998938346402, 8.320188513921063844, -2.099999999999998757 ) ) ;
#8289 = CARTESIAN_POINT ( 'NONE',  ( 21.58843454132471606, 10.30659784155102088, 2.000000000000000000 ) ) ;
#8290 = CARTESIAN_POINT ( 'NONE',  ( 26.08175881547111175, -8.866152756419925396, -2.099999999999998757 ) ) ;
#8291 = CARTESIAN_POINT ( 'NONE',  ( -1.881261915648288596, -24.14640443156746841, -2.099999999999998757 ) ) ;
#8292 = CARTESIAN_POINT ( 'NONE',  ( 10.89735721165042293, 23.93603524774558622, 2.000000000000000000 ) ) ;
#8293 = CARTESIAN_POINT ( 'NONE',  ( -3.025165651672256928, -23.29855380546641186, 2.000000000000000000 ) ) ;
#8294 = CARTESIAN_POINT ( 'NONE',  ( -20.64571337519313943, 11.25696429976830260, -2.099999999999999645 ) ) ;
#8295 = CARTESIAN_POINT ( 'NONE',  ( -14.21926140100350189, -19.11953582679382890, 2.000000000000000000 ) ) ;
#8296 = CARTESIAN_POINT ( 'NONE',  ( 1.555379675915627313, -26.00494379640385390, 2.000000000000000000 ) ) ;
#8297 = CARTESIAN_POINT ( 'NONE',  ( 7.688496923001403971, 25.42728370346966926, -2.099999999999998757 ) ) ;
#8299 = CARTESIAN_POINT ( 'NONE',  ( 12.83485696772680562, -20.07512121109397896, -2.099999999999998757 ) ) ;
#8298 = CARTESIAN_POINT ( 'NONE',  ( -13.04949915500205115, 19.56208827861912525, -2.099999999999998757 ) ) ;
#8300 = CARTESIAN_POINT ( 'NONE',  ( 25.77590585922884614, 1.494258687380734196, 2.000000000000000000 ) ) ;
#8301 = CIRCLE ( 'NONE', #4680, 1.750000000000001554 ) ;
#8302 = CARTESIAN_POINT ( 'NONE',  ( 10.13323285654344197, -23.09959661296539224, -2.099999999999998757 ) ) ;
#8303 = CARTESIAN_POINT ( 'NONE',  ( -19.55560045884524811, -15.67357176803118790, 2.000000000000000000 ) ) ;
#8304 = CARTESIAN_POINT ( 'NONE',  ( 13.35177211813241804, 19.34338136197019153, 2.000000000000000000 ) ) ;
#8305 = AXIS2_PLACEMENT_3D ( 'NONE', #2960, #7545, #5573 ) ;
#8306 = CARTESIAN_POINT ( 'NONE',  ( 19.31055424225241168, 15.54648119520597227, 2.000000000000000000 ) ) ;
#8307 = CARTESIAN_POINT ( 'NONE',  ( -19.06382402752317518, 20.30788967230315478, -2.099999999999998757 ) ) ;
#8308 = ORIENTED_EDGE ( 'NONE', *, *, #1572, .F. ) ;
#8309 = CARTESIAN_POINT ( 'NONE',  ( -22.82097940566847782, 5.624866236205926739, -2.100000000000000089 ) ) ;
#8310 = CARTESIAN_POINT ( 'NONE',  ( -3.499191490208550359, 23.38362255772745968, -2.099999999999998757 ) ) ;
#8311 = CARTESIAN_POINT ( 'NONE',  ( 12.85055170543025049, -19.95373759773044142, -2.099999999999998757 ) ) ;
#8312 = CARTESIAN_POINT ( 'NONE',  ( 22.46994110604165940, 10.47341059000768126, 2.000000000000000000 ) ) ;
#8313 = CARTESIAN_POINT ( 'NONE',  ( 7.629252907546902662, 22.67335363560524186, -2.099999999999997868 ) ) ;
#8314 = CARTESIAN_POINT ( 'NONE',  ( 22.82097940566847427, 5.624866236205954273, 2.000000000000000000 ) ) ;
#8315 = CARTESIAN_POINT ( 'NONE',  ( 21.58955567576247958, 12.72687891813090921, -2.099999999999998757 ) ) ;
#8316 = CARTESIAN_POINT ( 'NONE',  ( 2.198555820827197582, 23.54154832015335330, -2.099999999999998757 ) ) ;
#8317 = ORIENTED_EDGE ( 'NONE', *, *, #3690, .F. ) ;
#8318 = CARTESIAN_POINT ( 'NONE',  ( 4.389956462724883934, -25.02313217738665685, 2.000000000000000000 ) ) ;
#8319 = FACE_OUTER_BOUND ( 'NONE', #3233, .T. ) ;
#8320 = CARTESIAN_POINT ( 'NONE',  ( -18.49458355994169878, 15.17355739294053940, 2.000000000000000000 ) ) ;
#8321 = CARTESIAN_POINT ( 'NONE',  ( -24.45163473737932236, -4.792937194118080058, 2.000000000000000000 ) ) ;
#8322 = CARTESIAN_POINT ( 'NONE',  ( 7.715738321650227327, -25.14266413352903129, 2.000000000000000000 ) ) ;
#8323 = CARTESIAN_POINT ( 'NONE',  ( -1.474499619732464684, 26.25856105065617641, 2.000000000000000000 ) ) ;
#8324 = CARTESIAN_POINT ( 'NONE',  ( -13.10549974122803008, 21.04367979295773239, 2.000000000000000000 ) ) ;
#8325 = EDGE_LOOP ( 'NONE', ( #3472, #3979 ) ) ;
#8326 = CARTESIAN_POINT ( 'NONE',  ( -7.385499903920980991, 27.06718959461726470, -2.099999999999998757 ) ) ;
#8327 = CARTESIAN_POINT ( 'NONE',  ( -13.09924240491750069, 14.84924240491749536, 2.100000000000001865 ) ) ;
#8328 = CARTESIAN_POINT ( 'NONE',  ( -23.74358889077459267, 4.778072828450320664, 2.000000000000000000 ) ) ;
#8329 = CARTESIAN_POINT ( 'NONE',  ( 22.99371384847795241, 6.601180838822673813, -2.099999999999998757 ) ) ;
ENDSEC;
END-ISO-10303-21;
