ISO-10303-21;
HEADER;
FILE_DESCRIPTION (( 'STEP AP214' ),
    '1' );
FILE_NAME ('laser_ponter.STEP',
    '2026-05-16T14:56:29',
    ( '' ),
    ( '' ),
    'SwSTEP 2.0',
    'SolidWorks 2024',
    '' );
FILE_SCHEMA (( 'AUTOMOTIVE_DESIGN' ));
ENDSEC;

DATA;
#1 = ORIENTED_EDGE ( 'NONE', *, *, #2229, .T. ) ;
#2 = CIRCLE ( 'NONE', #5605, 1.750000000000001554 ) ;
#3 = DIRECTION ( 'NONE',  ( 9.941108744852765039E-17, -1.000000000000000000, 0.000000000000000000 ) ) ;
#4 = CARTESIAN_POINT ( 'NONE',  ( 34.04095467494033755, 5.443602708280518954, 8.580001391403328626 ) ) ;
#5 = DIRECTION ( 'NONE',  ( 0.000000000000000000, 0.000000000000000000, -1.000000000000000000 ) ) ;
#6 = CARTESIAN_POINT ( 'NONE',  ( 12.71884024914455402, -31.08726628011841697, -3.133645843257432784 ) ) ;
#7 = CARTESIAN_POINT ( 'NONE',  ( -8.848075773645296849, 18.05832543307477422, 10.33287115087355978 ) ) ;
#8 = VERTEX_POINT ( 'NONE', #5558 ) ;
#9 = AXIS2_PLACEMENT_3D ( 'NONE', #6011, #2292, #5427 ) ;
#10 = ORIENTED_EDGE ( 'NONE', *, *, #526, .F. ) ;
#11 = CIRCLE ( 'NONE', #6649, 1.749999999999999778 ) ;
#12 = ORIENTED_EDGE ( 'NONE', *, *, #3324, .T. ) ;
#13 = AXIS2_PLACEMENT_3D ( 'NONE', #1893, #1721, #6753 ) ;
#14 = ORIENTED_EDGE ( 'NONE', *, *, #2954, .T. ) ;
#15 = FACE_OUTER_BOUND ( 'NONE', #4821, .T. ) ;
#16 = FACE_OUTER_BOUND ( 'NONE', #3357, .T. ) ;
#17 = CARTESIAN_POINT ( 'NONE',  ( -38.43553390593273633, -14.46446609406726047, 21.00000000000000000 ) ) ;
#18 = DIRECTION ( 'NONE',  ( 0.000000000000000000, -1.000000000000000000, 0.000000000000000000 ) ) ;
#19 = ORIENTED_EDGE ( 'NONE', *, *, #775, .F. ) ;
#20 = VECTOR ( 'NONE', #3818, 1000.000000000000000 ) ;
#21 = CARTESIAN_POINT ( 'NONE',  ( -1.554126667111981883E-15, 20.00000000000000355, 16.00000000000000000 ) ) ;
#22 = VECTOR ( 'NONE', #5603, 1000.000000000000000 ) ;
#23 = DIRECTION ( 'NONE',  ( 1.000000000000000000, 0.000000000000000000, -0.000000000000000000 ) ) ;
#24 = PLANE ( 'NONE',  #7349 ) ;
#25 = EDGE_CURVE ( 'NONE', #1022, #211, #1091, .T. ) ;
#26 = ORIENTED_EDGE ( 'NONE', *, *, #5715, .T. ) ;
#27 = CARTESIAN_POINT ( 'NONE',  ( -35.19999999999999574, -1.734723475976807094E-15, 19.00000000000000000 ) ) ;
#28 = LINE ( 'NONE', #7500, #7206 ) ;
#29 = DIRECTION ( 'NONE',  ( -1.000000000000000000, 0.000000000000000000, 0.000000000000000000 ) ) ;
#30 = ORIENTED_EDGE ( 'NONE', *, *, #4148, .F. ) ;
#31 = ORIENTED_EDGE ( 'NONE', *, *, #4659, .T. ) ;
#32 = PLANE ( 'NONE',  #4939 ) ;
#33 = CARTESIAN_POINT ( 'NONE',  ( -35.09187509393028392, -1.704077662347928568, 5.458447603547075921 ) ) ;
#34 = AXIS2_PLACEMENT_3D ( 'NONE', #5303, #2741, #2204 ) ;
#35 = CARTESIAN_POINT ( 'NONE',  ( 31.88030868408414520, -8.814898597394369872, 15.31428202810628925 ) ) ;
#36 = ORIENTED_EDGE ( 'NONE', *, *, #410, .F. ) ;
#37 = EDGE_CURVE ( 'NONE', #6180, #910, #3017, .T. ) ;
#38 = ORIENTED_EDGE ( 'NONE', *, *, #191, .F. ) ;
#39 = CARTESIAN_POINT ( 'NONE',  ( 15.17106781186546449, 20.00000000000000355, 14.00000000000000000 ) ) ;
#40 = ADVANCED_FACE ( 'NONE', ( #1707 ), #3977, .F. ) ;
#41 = CARTESIAN_POINT ( 'NONE',  ( -51.91377122810535383, 2.011144428637918757, 9.906358019723624508 ) ) ;
#42 = ORIENTED_EDGE ( 'NONE', *, *, #7662, .F. ) ;
#43 = VECTOR ( 'NONE', #197, 1000.000000000000000 ) ;
#44 = EDGE_LOOP ( 'NONE', ( #6743, #3191, #7887, #6474, #5687 ) ) ;
#45 = CARTESIAN_POINT ( 'NONE',  ( 35.18674157451312112, 0.6845661578327574270, 15.29810872037394986 ) ) ;
#46 = CARTESIAN_POINT ( 'NONE',  ( -14.73024396072837661, -29.86456237604210173, 5.144068999427990008 ) ) ;
#47 = FACE_OUTER_BOUND ( 'NONE', #6807, .T. ) ;
#48 = LINE ( 'NONE', #5683, #8019 ) ;
#49 = EDGE_CURVE ( 'NONE', #1642, #5807, #7969, .T. ) ;
#50 = CARTESIAN_POINT ( 'NONE',  ( 23.88307512300519519, -20.99999999999998934, 24.00000000000000000 ) ) ;
#51 = VERTEX_POINT ( 'NONE', #3720 ) ;
#52 = CIRCLE ( 'NONE', #4596, 4.900000000000002132 ) ;
#53 = ORIENTED_EDGE ( 'NONE', *, *, #1629, .F. ) ;
#54 = EDGE_CURVE ( 'NONE', #1085, #5644, #7773, .T. ) ;
#55 = ORIENTED_EDGE ( 'NONE', *, *, #5507, .T. ) ;
#56 = ORIENTED_EDGE ( 'NONE', *, *, #4420, .F. ) ;
#57 = CARTESIAN_POINT ( 'NONE',  ( -23.32842712474619162, 18.00000000000000000, 10.82842712474619340 ) ) ;
#58 = CARTESIAN_POINT ( 'NONE',  ( -16.04994899693970112, -25.60772125062676707, -0.3620101738614360798 ) ) ;
#59 = CARTESIAN_POINT ( 'NONE',  ( -51.10000000000000853, 4.214261501141083777, 14.50000000000000355 ) ) ;
#60 = DIRECTION ( 'NONE',  ( -0.000000000000000000, -0.000000000000000000, -1.000000000000000000 ) ) ;
#61 = B_SPLINE_CURVE_WITH_KNOTS ( 'NONE', 3,
 ( #153, #7054, #2035, #3894, #6402, #799, #5201, #7182 ),
 .UNSPECIFIED., .F., .F.,
 ( 4, 2, 2, 4 ),
 ( 0.000000000000000000, 0.002094802345740627309, 0.003142203518610943349, 0.004189604691481259822 ),
 .UNSPECIFIED. ) ;
#62 = ORIENTED_EDGE ( 'NONE', *, *, #5246, .F. ) ;
#63 = LINE ( 'NONE', #1310, #1425 ) ;
#64 = AXIS2_PLACEMENT_3D ( 'NONE', #5789, #259, #2602 ) ;
#65 = CARTESIAN_POINT ( 'NONE',  ( 34.89999999999999147, 18.00000000000000711, 24.00000000000000000 ) ) ;
#66 = DIRECTION ( 'NONE',  ( -1.000000000000000000, 0.000000000000000000, 0.000000000000000000 ) ) ;
#67 = B_SPLINE_CURVE_WITH_KNOTS ( 'NONE', 3,
 ( #6785, #2379, #3164, #4849, #1131, #3633, #2419, #1423, #7000, #3288, #5107, #6917, #3805, #6385, #1464, #174, #215, #780, #4414, #7034, #3919, #4453, #703, #250, #3207, #6305, #1342, #5735, #6962, #5228, #2711, #7724 ),
 .UNSPECIFIED., .F., .F.,
 ( 4, 2, 2, 2, 2, 2, 2, 2, 2, 2, 2, 2, 2, 2, 2, 4 ),
 ( 3.710004308973835004E-19, 0.0007350032669911467711, 0.001470006533982293109, 0.002205009800973439012, 0.002940013067964584916, 0.003675016334955729085, 0.004410019601946873688, 0.005145022868938017857, 0.005880026135929162893, 0.006615029402920306195, 0.007350032669911449497, 0.008820039203893742172, 0.009555042470884884606, 0.01029004573787602878, 0.01102504900486717294, 0.01176005227185831711 ),
 .UNSPECIFIED. ) ;
#68 = EDGE_CURVE ( 'NONE', #5559, #1017, #6207, .T. ) ;
#69 = ORIENTED_EDGE ( 'NONE', *, *, #2677, .F. ) ;
#70 = CARTESIAN_POINT ( 'NONE',  ( -6.099999999999995204, -32.00000000000000000, 24.00000000000000000 ) ) ;
#71 = CYLINDRICAL_SURFACE ( 'NONE', #3644, 7.099999999999999645 ) ;
#72 = CARTESIAN_POINT ( 'NONE',  ( -15.02344265897995612, -26.21154850825013938, 5.000000000000000000 ) ) ;
#73 = AXIS2_PLACEMENT_3D ( 'NONE', #782, #2136, #3880 ) ;
#74 = EDGE_LOOP ( 'NONE', ( #5694, #5729 ) ) ;
#75 = EDGE_CURVE ( 'NONE', #3631, #2593, #6741, .T. ) ;
#76 = CARTESIAN_POINT ( 'NONE',  ( 35.20000000000001705, -0.2586350382347741839, 8.749323637516942753 ) ) ;
#77 = LINE ( 'NONE', #7551, #6569 ) ;
#78 = DIRECTION ( 'NONE',  ( 3.958748233630338412E-17, -1.000000000000000000, 0.000000000000000000 ) ) ;
#79 = ORIENTED_EDGE ( 'NONE', *, *, #5446, .F. ) ;
#80 = ORIENTED_EDGE ( 'NONE', *, *, #4293, .T. ) ;
#81 = CARTESIAN_POINT ( 'NONE',  ( 34.89999999999999147, -17.99999999999999289, 21.00000000000000000 ) ) ;
#82 = CARTESIAN_POINT ( 'NONE',  ( -43.64100206995166076, 1.443291113097313394, 17.98837806463932765 ) ) ;
#83 = ORIENTED_EDGE ( 'NONE', *, *, #1399, .T. ) ;
#84 = EDGE_CURVE ( 'NONE', #4548, #3204, #535, .T. ) ;
#85 = DIRECTION ( 'NONE',  ( -1.000000000000000000, 0.000000000000000000, 2.478176394252581634E-16 ) ) ;
#86 = CARTESIAN_POINT ( 'NONE',  ( 34.55935765119333780, 4.089383397467134529, 9.622020067794680998 ) ) ;
#87 = DIRECTION ( 'NONE',  ( -1.000000000000000000, 0.000000000000000000, 0.000000000000000000 ) ) ;
#88 = CARTESIAN_POINT ( 'NONE',  ( -35.19999999999999574, -0.01000000000000653144, 17.25002857166181158 ) ) ;
#89 = DIRECTION ( 'NONE',  ( 0.000000000000000000, 1.000000000000000000, 0.000000000000000000 ) ) ;
#90 = ORIENTED_EDGE ( 'NONE', *, *, #4322, .T. ) ;
#91 = ORIENTED_EDGE ( 'NONE', *, *, #778, .T. ) ;
#92 = EDGE_LOOP ( 'NONE', ( #4758, #1235 ) ) ;
#93 = EDGE_LOOP ( 'NONE', ( #3050, #6319, #7720, #2157 ) ) ;
#94 = DIRECTION ( 'NONE',  ( 0.000000000000000000, 0.000000000000000000, -1.000000000000000000 ) ) ;
#95 = DIRECTION ( 'NONE',  ( 0.000000000000000000, 0.000000000000000000, -1.000000000000000000 ) ) ;
#96 = CYLINDRICAL_SURFACE ( 'NONE', #1892, 1.000000000000000888 ) ;
#97 = CARTESIAN_POINT ( 'NONE',  ( 10.90180841670002465, -34.08819856468883103, 10.00000000000000000 ) ) ;
#98 = ORIENTED_EDGE ( 'NONE', *, *, #4701, .T. ) ;
#99 = CARTESIAN_POINT ( 'NONE',  ( 7.100000000000000533, -7.999999999999994671, 12.00000000000000000 ) ) ;
#100 = VECTOR ( 'NONE', #2707, 1000.000000000000000 ) ;
#101 = DIRECTION ( 'NONE',  ( 0.000000000000000000, 0.000000000000000000, 1.000000000000000000 ) ) ;
#102 = FACE_BOUND ( 'NONE', #2989, .T. ) ;
#103 = CARTESIAN_POINT ( 'NONE',  ( -46.10000000000000142, 4.664761515876233666, 13.50000000000000533 ) ) ;
#104 = AXIS2_PLACEMENT_3D ( 'NONE', #5961, #7803, #4683 ) ;
#105 = ORIENTED_EDGE ( 'NONE', *, *, #8032, .F. ) ;
#106 = CARTESIAN_POINT ( 'NONE',  ( 14.91596253876792133, -26.27477210837486510, 24.00000000000000000 ) ) ;
#107 = CARTESIAN_POINT ( 'NONE',  ( -44.44463972782796901, -0.5391590125801662969, 6.670309138517782621 ) ) ;
#108 = CARTESIAN_POINT ( 'NONE',  ( -41.86702873187417140, 7.774227187826415530, 13.58271378026419640 ) ) ;
#109 = ORIENTED_EDGE ( 'NONE', *, *, #4844, .F. ) ;
#110 = ADVANCED_FACE ( 'NONE', ( #2458 ), #1794, .F. ) ;
#111 = CIRCLE ( 'NONE', #7931, 1.999999999999998224 ) ;
#112 = FACE_OUTER_BOUND ( 'NONE', #6510, .T. ) ;
#113 = VERTEX_POINT ( 'NONE', #1173 ) ;
#114 = CARTESIAN_POINT ( 'NONE',  ( 13.50941206516676019, -25.85927277736402630, -1.452852412797982273 ) ) ;
#115 = DIRECTION ( 'NONE',  ( 0.000000000000000000, 0.000000000000000000, -1.000000000000000000 ) ) ;
#116 = DIRECTION ( 'NONE',  ( 2.815536131330090089E-16, -1.000000000000000000, 0.000000000000000000 ) ) ;
#117 = DIRECTION ( 'NONE',  ( -1.387778780781445676E-16, -1.379605977354753764E-32, -1.000000000000000000 ) ) ;
#118 = LINE ( 'NONE', #2657, #785 ) ;
#119 = VERTEX_POINT ( 'NONE', #6173 ) ;
#120 = DIRECTION ( 'NONE',  ( -1.387778780781445676E-16, -1.379605977354753764E-32, -1.000000000000000000 ) ) ;
#121 = PLANE ( 'NONE',  #7278 ) ;
#122 = CARTESIAN_POINT ( 'NONE',  ( 13.60779005720940305, -21.38765832113838883, -0.3914113822700702738 ) ) ;
#123 = CARTESIAN_POINT ( 'NONE',  ( -35.19382164771544552, -0.4669092279708295656, 17.29799672153258783 ) ) ;
#124 = DIRECTION ( 'NONE',  ( 1.000000000000000000, 0.000000000000000000, 0.000000000000000000 ) ) ;
#125 = LINE ( 'NONE', #3909, #1116 ) ;
#126 = ORIENTED_EDGE ( 'NONE', *, *, #5544, .T. ) ;
#127 = CIRCLE ( 'NONE', #1556, 1.000000000000000888 ) ;
#128 = VERTEX_POINT ( 'NONE', #578 ) ;
#129 = ORIENTED_EDGE ( 'NONE', *, *, #5971, .F. ) ;
#130 = ORIENTED_EDGE ( 'NONE', *, *, #282, .F. ) ;
#131 = DIRECTION ( 'NONE',  ( -1.000000000000000000, -0.000000000000000000, -0.000000000000000000 ) ) ;
#132 = DIRECTION ( 'NONE',  ( 1.000000000000000000, 0.000000000000000000, -2.168404344971006896E-16 ) ) ;
#133 = VECTOR ( 'NONE', #4378, 1000.000000000000000 ) ;
#134 = DIRECTION ( 'NONE',  ( 0.000000000000000000, 0.000000000000000000, -1.000000000000000000 ) ) ;
#135 = VERTEX_POINT ( 'NONE', #1050 ) ;
#136 = CYLINDRICAL_SURFACE ( 'NONE', #5874, 2.000000000000001776 ) ;
#137 = CIRCLE ( 'NONE', #6544, 4.900000000000002132 ) ;
#138 = VECTOR ( 'NONE', #7739, 1000.000000000000000 ) ;
#139 = CARTESIAN_POINT ( 'NONE',  ( -52.10000000000000853, 1.469693845669889365, 13.50000000000000533 ) ) ;
#140 = DIRECTION ( 'NONE',  ( -0.000000000000000000, -0.000000000000000000, 1.000000000000000000 ) ) ;
#141 = ORIENTED_EDGE ( 'NONE', *, *, #5733, .F. ) ;
#142 = LINE ( 'NONE', #5116, #2289 ) ;
#143 = VECTOR ( 'NONE', #516, 1000.000000000000000 ) ;
#144 = ORIENTED_EDGE ( 'NONE', *, *, #2864, .T. ) ;
#145 = CARTESIAN_POINT ( 'NONE',  ( -34.90000000000000568, 18.00000000000000000, 0.000000000000000000 ) ) ;
#146 = CARTESIAN_POINT ( 'NONE',  ( -42.47089652037601581, -1.757385719906077171, 4.884600685856236524 ) ) ;
#147 = FACE_OUTER_BOUND ( 'NONE', #5420, .T. ) ;
#148 = AXIS2_PLACEMENT_3D ( 'NONE', #7774, #7208, #7163 ) ;
#149 = ORIENTED_EDGE ( 'NONE', *, *, #5730, .F. ) ;
#150 = CIRCLE ( 'NONE', #2238, 13.29000000000000270 ) ;
#151 = EDGE_CURVE ( 'NONE', #6729, #4680, #4852, .T. ) ;
#152 = CARTESIAN_POINT ( 'NONE',  ( -14.50156391645307608, -26.41233248918426568, 5.030692971156010884 ) ) ;
#153 = CARTESIAN_POINT ( 'NONE',  ( 18.44796600870864012, -24.19712300840973285, 0.000000000000000000 ) ) ;
#154 = CARTESIAN_POINT ( 'NONE',  ( -35.17165999395618314, -0.8826091733484008328, 6.515410345543865667 ) ) ;
#155 = CYLINDRICAL_SURFACE ( 'NONE', #3038, 1.749999999999999778 ) ;
#156 = AXIS2_PLACEMENT_3D ( 'NONE', #6434, #5903, #829 ) ;
#157 = DIRECTION ( 'NONE',  ( 1.000000000000000000, 0.000000000000000000, 0.000000000000000000 ) ) ;
#158 = ORIENTED_EDGE ( 'NONE', *, *, #2459, .T. ) ;
#159 = EDGE_CURVE ( 'NONE', #4188, #1890, #6049, .T. ) ;
#160 = FACE_OUTER_BOUND ( 'NONE', #4531, .T. ) ;
#161 = CARTESIAN_POINT ( 'NONE',  ( 12.59367769398590120, -31.18437209205468363, 6.386941154967410661 ) ) ;
#162 = LINE ( 'NONE', #6413, #804 ) ;
#163 = ORIENTED_EDGE ( 'NONE', *, *, #6071, .F. ) ;
#164 = CARTESIAN_POINT ( 'NONE',  ( 8.100000000000017408, -14.73079122610126390, 3.975407965780184239E-16 ) ) ;
#165 = ADVANCED_FACE ( 'NONE', ( #5354 ), #1053, .T. ) ;
#166 = CARTESIAN_POINT ( 'NONE',  ( 16.73954417552515039, -20.99999999999998934, 0.000000000000000000 ) ) ;
#167 = ORIENTED_EDGE ( 'NONE', *, *, #908, .T. ) ;
#168 = VECTOR ( 'NONE', #2283, 1000.000000000000000 ) ;
#169 = VERTEX_POINT ( 'NONE', #3516 ) ;
#170 = VERTEX_POINT ( 'NONE', #3030 ) ;
#171 = ADVANCED_FACE ( 'NONE', ( #2258 ), #6133, .F. ) ;
#172 = ADVANCED_FACE ( 'NONE', ( #2874 ), #5429, .F. ) ;
#173 = ORIENTED_EDGE ( 'NONE', *, *, #5198, .T. ) ;
#174 = CARTESIAN_POINT ( 'NONE',  ( 34.67011016244646981, 3.725671849928251511, 5.492687829986370396 ) ) ;
#175 = DIRECTION ( 'NONE',  ( -1.000000000000000000, -9.941108744852762574E-17, 2.775557561562890858E-16 ) ) ;
#176 = EDGE_CURVE ( 'NONE', #5118, #7486, #4283, .T. ) ;
#177 = DIRECTION ( 'NONE',  ( 0.000000000000000000, -1.000000000000000000, 0.000000000000000000 ) ) ;
#178 = VERTEX_POINT ( 'NONE', #3552 ) ;
#179 = DIRECTION ( 'NONE',  ( 0.000000000000000000, 0.000000000000000000, -1.000000000000000000 ) ) ;
#180 = EDGE_LOOP ( 'NONE', ( #6744, #4145, #3771, #5708, #6412 ) ) ;
#181 = EDGE_CURVE ( 'NONE', #6856, #1287, #976, .T. ) ;
#182 = DIRECTION ( 'NONE',  ( -1.000000000000000000, -9.941108744852762574E-17, 0.000000000000000000 ) ) ;
#183 = AXIS2_PLACEMENT_3D ( 'NONE', #759, #3862, #4472 ) ;
#184 = CARTESIAN_POINT ( 'NONE',  ( -34.89999999999999858, -10.92893218813452272, 0.000000000000000000 ) ) ;
#185 = ORIENTED_EDGE ( 'NONE', *, *, #786, .F. ) ;
#186 = EDGE_CURVE ( 'NONE', #607, #6834, #2984, .T. ) ;
#187 = EDGE_CURVE ( 'NONE', #6634, #5221, #3341, .T. ) ;
#188 = PLANE ( 'NONE',  #3410 ) ;
#189 = CARTESIAN_POINT ( 'NONE',  ( -1.332410057327812147, -34.26509709745728571, 19.50000000000000000 ) ) ;
#190 = ORIENTED_EDGE ( 'NONE', *, *, #4026, .T. ) ;
#191 = EDGE_CURVE ( 'NONE', #2573, #2669, #7972, .T. ) ;
#192 = DIRECTION ( 'NONE',  ( 0.000000000000000000, -1.000000000000000000, 0.000000000000000000 ) ) ;
#193 = ORIENTED_EDGE ( 'NONE', *, *, #6815, .T. ) ;
#194 = CARTESIAN_POINT ( 'NONE',  ( -46.10000000000000142, -7.966383962755032780E-15, 12.00000000000000000 ) ) ;
#195 = DIRECTION ( 'NONE',  ( 0.000000000000000000, 0.000000000000000000, -1.000000000000000000 ) ) ;
#196 = DIRECTION ( 'NONE',  ( 0.000000000000000000, 1.000000000000000000, 0.000000000000000000 ) ) ;
#197 = DIRECTION ( 'NONE',  ( 1.000000000000000000, -0.000000000000000000, -0.000000000000000000 ) ) ;
#198 = VECTOR ( 'NONE', #3093, 1000.000000000000114 ) ;
#199 = DIRECTION ( 'NONE',  ( 0.000000000000000000, 0.000000000000000000, -1.000000000000000000 ) ) ;
#200 = AXIS2_PLACEMENT_3D ( 'NONE', #5937, #343, #2840 ) ;
#201 = DIRECTION ( 'NONE',  ( 0.000000000000000000, 0.000000000000000000, -1.000000000000000000 ) ) ;
#202 = CARTESIAN_POINT ( 'NONE',  ( -43.91530137662206101, 1.233538871115850588, 6.245808502053744604 ) ) ;
#203 = CARTESIAN_POINT ( 'NONE',  ( 13.43511829905820676, -21.73803316716170997, -0.4999151741235138835 ) ) ;
#204 = TOROIDAL_SURFACE ( 'NONE', #1095, 16.09999999999999787, 5.000000000000000000 ) ;
#205 = DIRECTION ( 'NONE',  ( -1.000000000000000000, -7.228014483236695816E-17, 0.000000000000000000 ) ) ;
#206 = CARTESIAN_POINT ( 'NONE',  ( 34.89999999999999147, 10.92893218813452805, 21.00000000000000000 ) ) ;
#207 = VECTOR ( 'NONE', #3078, 1000.000000000000000 ) ;
#208 = ADVANCED_FACE ( 'NONE', ( #6662 ), #7852, .F. ) ;
#209 = EDGE_CURVE ( 'NONE', #4431, #7781, #6621, .T. ) ;
#210 = ADVANCED_FACE ( 'NONE', ( #1175 ), #4236, .F. ) ;
#211 = VERTEX_POINT ( 'NONE', #6745 ) ;
#212 = AXIS2_PLACEMENT_3D ( 'NONE', #2510, #4588, #311 ) ;
#213 = CARTESIAN_POINT ( 'NONE',  ( 21.91000000000000725, -0.01000000000000132727, 21.00000000000000000 ) ) ;
#214 = VERTEX_POINT ( 'NONE', #1130 ) ;
#215 = CARTESIAN_POINT ( 'NONE',  ( 34.66297014953885736, 3.749766359467805898, 5.248986328398948409 ) ) ;
#216 = CARTESIAN_POINT ( 'NONE',  ( -20.21076683067359525, -20.99999999999999289, 0.000000000000000000 ) ) ;
#217 = CARTESIAN_POINT ( 'NONE',  ( 35.20000000000000995, 0.009999999999907263626, 21.00000000000000000 ) ) ;
#218 = ORIENTED_EDGE ( 'NONE', *, *, #1291, .F. ) ;
#219 = DIRECTION ( 'NONE',  ( -0.000000000000000000, 0.000000000000000000, -1.000000000000000000 ) ) ;
#220 = AXIS2_PLACEMENT_3D ( 'NONE', #4029, #2858, #1577 ) ;
#221 = CARTESIAN_POINT ( 'NONE',  ( -11.49999999999999645, 24.00000000000000355, 24.00000000000000711 ) ) ;
#222 = DIRECTION ( 'NONE',  ( -1.000000000000000000, 0.000000000000000000, 0.000000000000000000 ) ) ;
#223 = VERTEX_POINT ( 'NONE', #620 ) ;
#224 = DIRECTION ( 'NONE',  ( 0.000000000000000000, 1.000000000000000000, 0.000000000000000000 ) ) ;
#225 = FACE_OUTER_BOUND ( 'NONE', #6206, .T. ) ;
#226 = ADVANCED_FACE ( 'NONE', ( #6304 ), #3761, .F. ) ;
#227 = CARTESIAN_POINT ( 'NONE',  ( -33.91034145832892222, -5.721817173379978527, 13.20095372295813974 ) ) ;
#228 = ORIENTED_EDGE ( 'NONE', *, *, #3585, .F. ) ;
#229 = ADVANCED_FACE ( 'NONE', ( #15 ), #2547, .F. ) ;
#230 = DIRECTION ( 'NONE',  ( 1.000000000000000000, 0.000000000000000000, -2.168404344971003938E-16 ) ) ;
#231 = VECTOR ( 'NONE', #7966, 1000.000000000000000 ) ;
#232 = ORIENTED_EDGE ( 'NONE', *, *, #3659, .T. ) ;
#233 = DIRECTION ( 'NONE',  ( 1.000000000000000000, 0.000000000000000000, 0.000000000000000000 ) ) ;
#234 = CARTESIAN_POINT ( 'NONE',  ( 33.21327386202776921, 7.000000000000004441, 15.75000000000000000 ) ) ;
#235 = CARTESIAN_POINT ( 'NONE',  ( 39.89999999999999858, 18.00000000000001066, 18.00000000000000355 ) ) ;
#236 = CARTESIAN_POINT ( 'NONE',  ( 30.07210687666948701, 10.49974099937634975, 13.37098271380470038 ) ) ;
#237 = CARTESIAN_POINT ( 'NONE',  ( -32.01614380333637655, -8.641010875763758037, 11.38008516992491259 ) ) ;
#238 = VECTOR ( 'NONE', #6568, 1000.000000000000000 ) ;
#239 = DIRECTION ( 'NONE',  ( -0.8619342151577696898, 0.5070201265633933474, 0.000000000000000000 ) ) ;
#240 = CYLINDRICAL_SURFACE ( 'NONE', #5421, 1.000000000000000888 ) ;
#241 = DIRECTION ( 'NONE',  ( -0.000000000000000000, -0.000000000000000000, -1.000000000000000000 ) ) ;
#242 = ORIENTED_EDGE ( 'NONE', *, *, #6929, .T. ) ;
#243 = CARTESIAN_POINT ( 'NONE',  ( 15.17106781186546627, 18.00000000000000355, 16.00000000000000000 ) ) ;
#244 = DIRECTION ( 'NONE',  ( -0.000000000000000000, 0.000000000000000000, -1.000000000000000000 ) ) ;
#245 = FACE_OUTER_BOUND ( 'NONE', #5585, .T. ) ;
#246 = ORIENTED_EDGE ( 'NONE', *, *, #4705, .F. ) ;
#247 = ORIENTED_EDGE ( 'NONE', *, *, #1877, .T. ) ;
#248 = CARTESIAN_POINT ( 'NONE',  ( -11.83431754716743356, -32.00000000000000000, 18.46638831946455994 ) ) ;
#249 = ORIENTED_EDGE ( 'NONE', *, *, #4367, .F. ) ;
#250 = CARTESIAN_POINT ( 'NONE',  ( 34.96893943897256918, 2.483716877278569601, 2.179795622151520007 ) ) ;
#251 = DIRECTION ( 'NONE',  ( -1.387778780781445676E-16, -1.379605977354753764E-32, -1.000000000000000000 ) ) ;
#252 = CARTESIAN_POINT ( 'NONE',  ( 32.82893218813451597, 18.00000000000000711, 24.00000000000000000 ) ) ;
#253 = ORIENTED_EDGE ( 'NONE', *, *, #4091, .T. ) ;
#254 = CYLINDRICAL_SURFACE ( 'NONE', #2999, 13.29000000000000270 ) ;
#255 = CARTESIAN_POINT ( 'NONE',  ( 13.40894241220452265, -20.99999999999998934, 24.00000000000000000 ) ) ;
#256 = AXIS2_PLACEMENT_3D ( 'NONE', #3382, #1375, #1449 ) ;
#257 = CARTESIAN_POINT ( 'NONE',  ( 15.17106781186546804, -30.37354648979129479, 19.99999999999999645 ) ) ;
#258 = EDGE_LOOP ( 'NONE', ( #5307, #6323, #1908, #1214 ) ) ;
#259 = DIRECTION ( 'NONE',  ( -1.000000000000000000, 0.000000000000000000, 0.000000000000000000 ) ) ;
#260 = DIRECTION ( 'NONE',  ( 0.000000000000000000, 0.000000000000000000, 1.000000000000000000 ) ) ;
#261 = CARTESIAN_POINT ( 'NONE',  ( 17.89999999999998792, 7.000000000000003553, 12.00000000000000000 ) ) ;
#262 = ORIENTED_EDGE ( 'NONE', *, *, #4242, .T. ) ;
#263 = TOROIDAL_SURFACE ( 'NONE', #4803, 14.09999999999999432, 3.000000000000000000 ) ;
#264 = ADVANCED_FACE ( 'NONE', ( #1221 ), #5651, .T. ) ;
#265 = VECTOR ( 'NONE', #5477, 1000.000000000000000 ) ;
#266 = CARTESIAN_POINT ( 'NONE',  ( 37.89999999999999147, -7.000000000000000888, 12.00000000000000000 ) ) ;
#267 = EDGE_CURVE ( 'NONE', #1642, #5952, #2196, .T. ) ;
#268 = CARTESIAN_POINT ( 'NONE',  ( -18.30993641579344811, -27.75886093188618275, -0.05798469037190204928 ) ) ;
#269 = LINE ( 'NONE', #7591, #8001 ) ;
#270 = VECTOR ( 'NONE', #3812, 1000.000000000000000 ) ;
#271 = LINE ( 'NONE', #1256, #7878 ) ;
#272 = CARTESIAN_POINT ( 'NONE',  ( 30.07305485167539771, 10.49900236743000903, 10.62718830138674342 ) ) ;
#273 = ORIENTED_EDGE ( 'NONE', *, *, #2459, .F. ) ;
#274 = CARTESIAN_POINT ( 'NONE',  ( -32.51772452285074877, -8.018996395027937041, 10.55975920969091497 ) ) ;
#275 = CIRCLE ( 'NONE', #2359, 5.000000000000000888 ) ;
#276 = VECTOR ( 'NONE', #3171, 999.9999999999998863 ) ;
#277 = EDGE_CURVE ( 'NONE', #1261, #290, #1371, .T. ) ;
#278 = DIRECTION ( 'NONE',  ( 0.000000000000000000, -0.000000000000000000, 1.000000000000000000 ) ) ;
#279 = DIRECTION ( 'NONE',  ( 0.000000000000000000, 0.000000000000000000, -1.000000000000000000 ) ) ;
#280 = CIRCLE ( 'NONE', #5634, 4.999999999999997335 ) ;
#281 = CARTESIAN_POINT ( 'NONE',  ( -31.25000000000001421, 13.49999999999998046, 24.00000000000000000 ) ) ;
#282 = EDGE_CURVE ( 'NONE', #7092, #701, #6877, .T. ) ;
#283 = AXIS2_PLACEMENT_3D ( 'NONE', #6101, #3044, #1808 ) ;
#284 = ORIENTED_EDGE ( 'NONE', *, *, #3127, .T. ) ;
#285 = EDGE_LOOP ( 'NONE', ( #5283, #1469, #6246, #3934, #3281 ) ) ;
#286 = CARTESIAN_POINT ( 'NONE',  ( -8.100000000000013856, -24.29071110282207258, 9.079331702669957593 ) ) ;
#287 = EDGE_CURVE ( 'NONE', #5647, #1732, #6961, .T. ) ;
#288 = CARTESIAN_POINT ( 'NONE',  ( -35.15031487988830605, 1.160927435327510748, 17.68559683612762967 ) ) ;
#289 = CARTESIAN_POINT ( 'NONE',  ( -11.83431754716743356, -32.00000000000000000, 18.46638831946455994 ) ) ;
#290 = VERTEX_POINT ( 'NONE', #1265 ) ;
#291 = B_SPLINE_CURVE_WITH_KNOTS ( 'NONE', 3,
 ( #3946, #7835, #1618, #1536, #2896, #4598, #4716, #3465, #6567, #2815, #5955, #7748 ),
 .UNSPECIFIED., .F., .F.,
 ( 4, 2, 2, 2, 2, 4 ),
 ( 0.000000000000000000, 0.0004692038875703324571, 0.0009384077751406649142, 0.001407611662710996775, 0.001642213606496155170, 0.001876815550281313565 ),
 .UNSPECIFIED. ) ;
#292 = EDGE_LOOP ( 'NONE', ( #1943, #3360, #4257, #4457, #5002, #3798, #6158, #5885, #943, #3800, #6119, #376 ) ) ;
#293 = CARTESIAN_POINT ( 'NONE',  ( -20.71778695723698860, -22.86193421515776336, 24.00000000000000000 ) ) ;
#294 = EDGE_CURVE ( 'NONE', #3992, #4398, #1630, .T. ) ;
#295 = CARTESIAN_POINT ( 'NONE',  ( 33.21327386202783316, -7.000000000000093259, 15.75000000000025047 ) ) ;
#296 = CARTESIAN_POINT ( 'NONE',  ( 14.91596253876791955, -26.27477210837486510, 5.000000000000007994 ) ) ;
#297 = CARTESIAN_POINT ( 'NONE',  ( -12.69590903239261692, -31.10591879674461069, 6.292593065682664744 ) ) ;
#298 = ORIENTED_EDGE ( 'NONE', *, *, #37, .F. ) ;
#299 = CARTESIAN_POINT ( 'NONE',  ( 37.89999999999999147, 7.000000000000003553, 12.00000000000000000 ) ) ;
#300 = EDGE_CURVE ( 'NONE', #1654, #538, #7447, .T. ) ;
#301 = AXIS2_PLACEMENT_3D ( 'NONE', #6689, #3577, #474 ) ;
#302 = CARTESIAN_POINT ( 'NONE',  ( 14.40894241220452265, -20.99999999999998934, 5.000000000000000000 ) ) ;
#303 = LINE ( 'NONE', #6627, #4881 ) ;
#304 = EDGE_LOOP ( 'NONE', ( #4893, #7167, #4638, #1913, #7514, #3756, #666, #4344, #7531, #2337, #4098, #1563, #5998, #4490 ) ) ;
#305 = FACE_OUTER_BOUND ( 'NONE', #1308, .T. ) ;
#306 = CARTESIAN_POINT ( 'NONE',  ( 0.1763054614239444873, -17.99999999999999645, 19.49836968780295621 ) ) ;
#307 = CARTESIAN_POINT ( 'NONE',  ( -34.00996231266437775, -5.507337341176211432, 12.92107894646952104 ) ) ;
#308 = ORIENTED_EDGE ( 'NONE', *, *, #576, .T. ) ;
#309 = ORIENTED_EDGE ( 'NONE', *, *, #1205, .F. ) ;
#310 = FACE_BOUND ( 'NONE', #4262, .T. ) ;
#311 = DIRECTION ( 'NONE',  ( 1.000000000000000000, 0.000000000000000000, 0.000000000000000000 ) ) ;
#312 = EDGE_CURVE ( 'NONE', #538, #1196, #4452, .T. ) ;
#313 = CYLINDRICAL_SURFACE ( 'NONE', #5659, 4.999999999999997335 ) ;
#314 = DIRECTION ( 'NONE',  ( 0.000000000000000000, 0.000000000000000000, -1.000000000000000000 ) ) ;
#315 = DIRECTION ( 'NONE',  ( 1.000000000000000000, 0.000000000000000000, 0.000000000000000000 ) ) ;
#316 = CARTESIAN_POINT ( 'NONE',  ( -32.82893218813453728, 22.00000000000000000, 17.99999999999999645 ) ) ;
#317 = CARTESIAN_POINT ( 'NONE',  ( -32.52140300582640720, -8.012213012176790272, 13.43167457500581996 ) ) ;
#318 = AXIS2_PLACEMENT_3D ( 'NONE', #6033, #3052, #432 ) ;
#319 = ADVANCED_FACE ( 'NONE', ( #1927 ), #204, .F. ) ;
#320 = AXIS2_PLACEMENT_3D ( 'NONE', #1985, #3259, #1476 ) ;
#321 = CARTESIAN_POINT ( 'NONE',  ( -16.83804627249354624, -28.62467866323906307, 5.000000000000000000 ) ) ;
#322 = DIRECTION ( 'NONE',  ( -1.000000000000000000, -9.941108744852765039E-17, 0.000000000000000000 ) ) ;
#323 = CARTESIAN_POINT ( 'NONE',  ( 1.676305461423943655, -17.99999999999999645, 19.50000000000000000 ) ) ;
#324 = ORIENTED_EDGE ( 'NONE', *, *, #2096, .T. ) ;
#325 = CARTESIAN_POINT ( 'NONE',  ( 3.918869757271530263E-15, -32.00000000000000000, -5.500000000000001776 ) ) ;
#326 = CARTESIAN_POINT ( 'NONE',  ( -35.19999999999999574, 0.009999999999899845948, 17.25002857166180803 ) ) ;
#327 = CARTESIAN_POINT ( 'NONE',  ( -51.37374398332624281, 4.231768973995946759, 14.47099516723220525 ) ) ;
#328 = ORIENTED_EDGE ( 'NONE', *, *, #54, .T. ) ;
#329 = EDGE_CURVE ( 'NONE', #5134, #2531, #1966, .T. ) ;
#330 = AXIS2_PLACEMENT_3D ( 'NONE', #6880, #8068, #3166 ) ;
#331 = EDGE_CURVE ( 'NONE', #4212, #3915, #4891, .T. ) ;
#332 = VERTEX_POINT ( 'NONE', #1484 ) ;
#333 = FACE_OUTER_BOUND ( 'NONE', #7822, .T. ) ;
#334 = DIRECTION ( 'NONE',  ( -1.000000000000000000, 0.000000000000000000, 1.387778780781445676E-16 ) ) ;
#335 = AXIS2_PLACEMENT_3D ( 'NONE', #2015, #5032, #4574 ) ;
#336 = DIRECTION ( 'NONE',  ( 1.000000000000000000, 0.000000000000000000, 0.000000000000000000 ) ) ;
#337 = DIRECTION ( 'NONE',  ( 1.259673032754905968E-16, 0.7071067811865435759, 0.7071067811865514585 ) ) ;
#338 = DIRECTION ( 'NONE',  ( -1.000000000000000000, -0.000000000000000000, -0.000000000000000000 ) ) ;
#339 = AXIS2_PLACEMENT_3D ( 'NONE', #7567, #5030, #662 ) ;
#340 = CARTESIAN_POINT ( 'NONE',  ( 35.20000000000000995, -6.098637220230962441E-16, 5.000000000000000000 ) ) ;
#341 = DIRECTION ( 'NONE',  ( 0.000000000000000000, 1.000000000000000000, 0.000000000000000000 ) ) ;
#342 = VERTEX_POINT ( 'NONE', #5946 ) ;
#343 = DIRECTION ( 'NONE',  ( -1.000000000000000000, -2.668805347656626678E-16, 0.000000000000000000 ) ) ;
#344 = CARTESIAN_POINT ( 'NONE',  ( 11.09999999999999609, -32.00000000000000000, 24.00000000000000000 ) ) ;
#345 = DIRECTION ( 'NONE',  ( -1.000000000000000000, -9.941108744852765039E-17, 0.000000000000000000 ) ) ;
#346 = ORIENTED_EDGE ( 'NONE', *, *, #2470, .T. ) ;
#347 = ORIENTED_EDGE ( 'NONE', *, *, #7826, .F. ) ;
#348 = ORIENTED_EDGE ( 'NONE', *, *, #5246, .T. ) ;
#349 = CARTESIAN_POINT ( 'NONE',  ( 22.79090492061679285, 18.00000000000000355, 10.29090492061679818 ) ) ;
#350 = DIRECTION ( 'NONE',  ( 1.000000000000000000, 0.000000000000000000, 0.000000000000000000 ) ) ;
#351 = CARTESIAN_POINT ( 'NONE',  ( -12.24929665013269542, -31.50667825996477589, -3.696824949921786008 ) ) ;
#352 = DIRECTION ( 'NONE',  ( -1.387778780781445676E-16, -1.379605977354753764E-32, -1.000000000000000000 ) ) ;
#353 = DIRECTION ( 'NONE',  ( 1.000000000000000000, 0.000000000000000000, 0.000000000000000000 ) ) ;
#354 = EDGE_CURVE ( 'NONE', #1620, #2406, #1845, .T. ) ;
#355 = AXIS2_PLACEMENT_3D ( 'NONE', #3199, #2084, #6455 ) ;
#356 = CARTESIAN_POINT ( 'NONE',  ( 35.09747201004798001, -1.673265166800352421, 1.635063292293995385 ) ) ;
#357 = CARTESIAN_POINT ( 'NONE',  ( 13.40894241220452443, -27.16125453576510296, 24.00000000000000000 ) ) ;
#358 = LINE ( 'NONE', #4183, #5063 ) ;
#359 = ORIENTED_EDGE ( 'NONE', *, *, #3411, .F. ) ;
#360 = CARTESIAN_POINT ( 'NONE',  ( 8.100000000000019185, -17.99999999999999645, 5.000000000000000000 ) ) ;
#361 = CARTESIAN_POINT ( 'NONE',  ( -35.09187509393029814, 1.704077662347923017, 18.54155239645291076 ) ) ;
#362 = AXIS2_PLACEMENT_3D ( 'NONE', #1007, #3623, #6081 ) ;
#363 = LINE ( 'NONE', #5881, #1653 ) ;
#364 = ORIENTED_EDGE ( 'NONE', *, *, #921, .T. ) ;
#365 = EDGE_CURVE ( 'NONE', #984, #6732, #7217, .T. ) ;
#366 = DIRECTION ( 'NONE',  ( -0.000000000000000000, -0.000000000000000000, 1.000000000000000000 ) ) ;
#367 = FACE_OUTER_BOUND ( 'NONE', #7016, .T. ) ;
#368 = DIRECTION ( 'NONE',  ( 0.000000000000000000, 0.000000000000000000, 1.000000000000000000 ) ) ;
#369 = DIRECTION ( 'NONE',  ( 0.000000000000000000, -0.000000000000000000, 1.000000000000000000 ) ) ;
#370 = EDGE_CURVE ( 'NONE', #8009, #2953, #7900, .T. ) ;
#371 = FACE_OUTER_BOUND ( 'NONE', #1849, .T. ) ;
#372 = ORIENTED_EDGE ( 'NONE', *, *, #6806, .T. ) ;
#373 = CARTESIAN_POINT ( 'NONE',  ( -4.828932188134533732, 20.00000000000000355, 37.13274595042155823 ) ) ;
#374 = FACE_OUTER_BOUND ( 'NONE', #44, .T. ) ;
#375 = EDGE_CURVE ( 'NONE', #135, #1105, #720, .T. ) ;
#376 = ORIENTED_EDGE ( 'NONE', *, *, #6466, .T. ) ;
#377 = DIRECTION ( 'NONE',  ( 0.000000000000000000, -1.000000000000000000, 0.000000000000000000 ) ) ;
#378 = CARTESIAN_POINT ( 'NONE',  ( -39.90000000000000568, -7.000000000000000888, 10.25000000000000000 ) ) ;
#379 = ORIENTED_EDGE ( 'NONE', *, *, #1624, .F. ) ;
#380 = FACE_BOUND ( 'NONE', #7784, .T. ) ;
#381 = ORIENTED_EDGE ( 'NONE', *, *, #7782, .F. ) ;
#382 = PLANE ( 'NONE',  #3648 ) ;
#383 = DIRECTION ( 'NONE',  ( 0.000000000000000000, 0.000000000000000000, -1.000000000000000000 ) ) ;
#384 = CARTESIAN_POINT ( 'NONE',  ( 39.89999999999999147, 13.00000000000000533, 21.00000000000000000 ) ) ;
#385 = CARTESIAN_POINT ( 'NONE',  ( -13.40894241220451732, -25.41283789321709818, 5.136526129089248549 ) ) ;
#386 = CARTESIAN_POINT ( 'NONE',  ( -41.62994134243869127, -8.048715751902308924, 10.59448662748076231 ) ) ;
#387 = VECTOR ( 'NONE', #1428, 1000.000000000000000 ) ;
#388 = EDGE_CURVE ( 'NONE', #2670, #5795, #6355, .T. ) ;
#389 = VECTOR ( 'NONE', #4737, 1000.000000000000000 ) ;
#390 = AXIS2_PLACEMENT_3D ( 'NONE', #340, #4657, #1786 ) ;
#391 = CARTESIAN_POINT ( 'NONE',  ( 34.79369972832216007, -3.276856985273643108, 6.888615583638680206 ) ) ;
#392 = CARTESIAN_POINT ( 'NONE',  ( 15.17106781186546449, 18.00000000000000355, 22.00000000000000000 ) ) ;
#393 = CARTESIAN_POINT ( 'NONE',  ( -44.55000000000006111, -0.1410201973104542594, 17.25000000000000000 ) ) ;
#394 = VERTEX_POINT ( 'NONE', #7617 ) ;
#395 = CARTESIAN_POINT ( 'NONE',  ( 3.918869757271530263E-15, -32.00000000000000000, -5.500000000000001776 ) ) ;
#396 = VECTOR ( 'NONE', #2424, 1000.000000000000000 ) ;
#397 = CARTESIAN_POINT ( 'NONE',  ( -35.17165999395618314, 0.8826091733483383273, 17.48458965445609792 ) ) ;
#398 = DIRECTION ( 'NONE',  ( -0.000000000000000000, -0.000000000000000000, -1.000000000000000000 ) ) ;
#399 = EDGE_LOOP ( 'NONE', ( #6222, #1381, #6971, #4933, #4503, #4213 ) ) ;
#400 = CIRCLE ( 'NONE', #802, 1.750000000000005107 ) ;
#401 = LINE ( 'NONE', #2409, #4259 ) ;
#402 = EDGE_CURVE ( 'NONE', #4273, #5630, #746, .T. ) ;
#403 = ORIENTED_EDGE ( 'NONE', *, *, #3418, .T. ) ;
#404 = DIRECTION ( 'NONE',  ( -1.000000000000000000, -9.941108744852766272E-17, 0.000000000000000000 ) ) ;
#405 = CARTESIAN_POINT ( 'NONE',  ( 8.100000000000019185, -19.54912558041421988, 5.148078031208759064 ) ) ;
#406 = FACE_OUTER_BOUND ( 'NONE', #5536, .T. ) ;
#407 = CIRCLE ( 'NONE', #1989, 1.750000000000005107 ) ;
#408 = CARTESIAN_POINT ( 'NONE',  ( -32.45590170598340762, 8.098189965464525741, 10.63297666780868056 ) ) ;
#409 = EDGE_CURVE ( 'NONE', #3736, #7115, #852, .T. ) ;
#410 = EDGE_CURVE ( 'NONE', #429, #7549, #5741, .T. ) ;
#411 = EDGE_LOOP ( 'NONE', ( #2727, #3272 ) ) ;
#412 = DIRECTION ( 'NONE',  ( 0.000000000000000000, 0.000000000000000000, -1.000000000000000000 ) ) ;
#413 = DIRECTION ( 'NONE',  ( 1.000000000000000000, 0.000000000000000000, -0.000000000000000000 ) ) ;
#414 = CARTESIAN_POINT ( 'NONE',  ( 11.09999999999999787, -32.00000000000000000, 10.00000000000000000 ) ) ;
#415 = ORIENTED_EDGE ( 'NONE', *, *, #4026, .F. ) ;
#416 = CARTESIAN_POINT ( 'NONE',  ( -49.10000000000000142, -8.767025567052019698E-15, 12.00000000000000000 ) ) ;
#417 = CARTESIAN_POINT ( 'NONE',  ( 35.20000000000000995, -0.009999999999910150206, 21.00000000000000000 ) ) ;
#418 = ORIENTED_EDGE ( 'NONE', *, *, #6925, .F. ) ;
#419 = CARTESIAN_POINT ( 'NONE',  ( -49.10000000000000142, -1.469693845669929999, 9.500000000000005329 ) ) ;
#420 = AXIS2_PLACEMENT_3D ( 'NONE', #4221, #4268, #3661 ) ;
#421 = VERTEX_POINT ( 'NONE', #2020 ) ;
#422 = CARTESIAN_POINT ( 'NONE',  ( -16.09999999999999432, -32.00000000000000000, 10.00000000000000000 ) ) ;
#423 = EDGE_LOOP ( 'NONE', ( #2441, #434, #3690, #91, #2086, #1773 ) ) ;
#424 = EDGE_CURVE ( 'NONE', #332, #7377, #461, .T. ) ;
#425 = CARTESIAN_POINT ( 'NONE',  ( 21.90999999999990777, -13.30000000000000249, 0.000000000000000000 ) ) ;
#426 = CARTESIAN_POINT ( 'NONE',  ( 37.89999999999999147, -6.098637220230962441E-16, 5.000000000000000000 ) ) ;
#427 = DIRECTION ( 'NONE',  ( 0.000000000000000000, -0.000000000000000000, 1.000000000000000000 ) ) ;
#428 = CARTESIAN_POINT ( 'NONE',  ( -42.78349845109161720, 6.794944252114818006, 10.24999999999999645 ) ) ;
#429 = VERTEX_POINT ( 'NONE', #1312 ) ;
#430 = ORIENTED_EDGE ( 'NONE', *, *, #4902, .F. ) ;
#431 = CARTESIAN_POINT ( 'NONE',  ( -11.36677818650492888, -32.73300820465602357, -4.965449133637534374 ) ) ;
#432 = DIRECTION ( 'NONE',  ( 0.000000000000000000, 1.000000000000000000, 0.000000000000000000 ) ) ;
#433 = DIRECTION ( 'NONE',  ( 3.958748233630338412E-17, -1.000000000000000000, 0.000000000000000000 ) ) ;
#434 = ORIENTED_EDGE ( 'NONE', *, *, #1454, .T. ) ;
#435 = DIRECTION ( 'NONE',  ( 1.000000000000000000, 0.000000000000000000, 0.000000000000000000 ) ) ;
#436 = CARTESIAN_POINT ( 'NONE',  ( 8.100000000000017408, -19.21382614922864107, -1.269051782660756356 ) ) ;
#437 = CIRCLE ( 'NONE', #2926, 1.749999999999999778 ) ;
#438 = CARTESIAN_POINT ( 'NONE',  ( -21.91421356237308160, 18.58578643762690774, 2.000000000000002665 ) ) ;
#439 = PLANE ( 'NONE',  #1441 ) ;
#440 = CARTESIAN_POINT ( 'NONE',  ( 10.90180841670002287, -34.08819856468883103, -5.500000000000001776 ) ) ;
#441 = EDGE_CURVE ( 'NONE', #8009, #934, #1976, .T. ) ;
#442 = DIRECTION ( 'NONE',  ( 0.000000000000000000, 0.000000000000000000, -1.000000000000000000 ) ) ;
#443 = CIRCLE ( 'NONE', #6852, 13.29000000000000270 ) ;
#444 = CARTESIAN_POINT ( 'NONE',  ( -31.98294145263375654, 8.679561423895050254, 11.49253623220491427 ) ) ;
#445 = ADVANCED_FACE ( 'NONE', ( #4160 ), #7924, .T. ) ;
#446 = ORIENTED_EDGE ( 'NONE', *, *, #6715, .T. ) ;
#447 = DIRECTION ( 'NONE',  ( 0.000000000000000000, 0.000000000000000000, -1.000000000000000000 ) ) ;
#448 = VECTOR ( 'NONE', #341, 1000.000000000000000 ) ;
#449 = CARTESIAN_POINT ( 'NONE',  ( -20.03028554974586584, -32.00000000000000000, -10.00000000000000000 ) ) ;
#450 = CARTESIAN_POINT ( 'NONE',  ( -14.91596253876791422, -26.27477210837486865, -0.8582941469662187517 ) ) ;
#451 = LINE ( 'NONE', #1596, #1363 ) ;
#452 = ORIENTED_EDGE ( 'NONE', *, *, #2584, .F. ) ;
#453 = CARTESIAN_POINT ( 'NONE',  ( -20.21076683067359525, -21.99999999999999645, 19.50000000000000000 ) ) ;
#454 = CARTESIAN_POINT ( 'NONE',  ( 7.100000000000003197, -17.99999999999999645, 1.000000000000000666 ) ) ;
#455 = ORIENTED_EDGE ( 'NONE', *, *, #2635, .F. ) ;
#456 = CARTESIAN_POINT ( 'NONE',  ( 3.918869757271530263E-15, -32.00000000000000000, -10.00000000000000000 ) ) ;
#457 = VECTOR ( 'NONE', #2378, 1000.000000000000000 ) ;
#458 = AXIS2_PLACEMENT_3D ( 'NONE', #4610, #368, #4119 ) ;
#459 = EDGE_LOOP ( 'NONE', ( #5936, #7152, #1512, #4550 ) ) ;
#460 = FACE_BOUND ( 'NONE', #2585, .T. ) ;
#461 = CIRCLE ( 'NONE', #2563, 13.28999999999999559 ) ;
#462 = CARTESIAN_POINT ( 'NONE',  ( -44.55000000000004690, -3.955505321723095376E-16, 6.750000000000000000 ) ) ;
#463 = LINE ( 'NONE', #2959, #6524 ) ;
#464 = B_SPLINE_CURVE_WITH_KNOTS ( 'NONE', 3,
 ( #7718, #7147, #327, #2249, #5262, #2125, #889, #4721, #7756, #7112 ),
 .UNSPECIFIED., .F., .F.,
 ( 4, 2, 2, 2, 4 ),
 ( 0.000000000000000000, 0.0004085130822169317187, 0.0008170261644338634374, 0.001225539246650795156, 0.001634052328867726875 ),
 .UNSPECIFIED. ) ;
#465 = ADVANCED_FACE ( 'NONE', ( #2426 ), #4677, .F. ) ;
#466 = CARTESIAN_POINT ( 'NONE',  ( -10.91901769020957857, -33.99835452113648415, 9.889829590211824950 ) ) ;
#467 = ORIENTED_EDGE ( 'NONE', *, *, #4159, .T. ) ;
#468 = VECTOR ( 'NONE', #2777, 1000.000000000000000 ) ;
#469 = VERTEX_POINT ( 'NONE', #3499 ) ;
#470 = CYLINDRICAL_SURFACE ( 'NONE', #3513, 2.000000000000000000 ) ;
#471 = DIRECTION ( 'NONE',  ( -0.7071067811865473507, 0.7071067811865477948, 0.000000000000000000 ) ) ;
#472 = DIRECTION ( 'NONE',  ( -1.000000000000000000, 0.000000000000000000, 0.000000000000000000 ) ) ;
#473 = ORIENTED_EDGE ( 'NONE', *, *, #4557, .T. ) ;
#474 = DIRECTION ( 'NONE',  ( 7.228014483236695816E-17, -1.000000000000000000, 0.000000000000000000 ) ) ;
#475 = CARTESIAN_POINT ( 'NONE',  ( -51.10000000000000853, 1.469693845669912236, 9.500000000000005329 ) ) ;
#476 = VERTEX_POINT ( 'NONE', #392 ) ;
#477 = CARTESIAN_POINT ( 'NONE',  ( -13.40894241220451910, -21.99999999999999289, 24.00000000000000000 ) ) ;
#478 = CARTESIAN_POINT ( 'NONE',  ( 13.40894241220452443, -23.08875635019540340, 5.000000000000000000 ) ) ;
#479 = AXIS2_PLACEMENT_3D ( 'NONE', #50, #3117, #654 ) ;
#480 = CARTESIAN_POINT ( 'NONE',  ( -11.38783669438021917, -32.66916489969268156, 17.85850966407915763 ) ) ;
#481 = CARTESIAN_POINT ( 'NONE',  ( 13.27743229591009744, -30.71915747299405908, 5.831395812114998911 ) ) ;
#482 = DIRECTION ( 'NONE',  ( 0.000000000000000000, 0.000000000000000000, -1.000000000000000000 ) ) ;
#483 = CARTESIAN_POINT ( 'NONE',  ( -35.19999999999999574, -0.01000000000000653144, 17.25002857166181158 ) ) ;
#484 = AXIS2_PLACEMENT_3D ( 'NONE', #6122, #3061, #1666 ) ;
#485 = VERTEX_POINT ( 'NONE', #5299 ) ;
#486 = ORIENTED_EDGE ( 'NONE', *, *, #1647, .F. ) ;
#487 = DIRECTION ( 'NONE',  ( 2.668805347656626678E-16, -1.000000000000000000, -0.000000000000000000 ) ) ;
#488 = CARTESIAN_POINT ( 'NONE',  ( 17.89999999999998792, 3.172144385112378728, 21.00000000000000000 ) ) ;
#489 = FACE_OUTER_BOUND ( 'NONE', #7347, .T. ) ;
#490 = CIRCLE ( 'NONE', #6104, 9.900000000000007461 ) ;
#491 = FACE_OUTER_BOUND ( 'NONE', #1498, .T. ) ;
#492 = LINE ( 'NONE', #1676, #265 ) ;
#493 = ORIENTED_EDGE ( 'NONE', *, *, #2835, .F. ) ;
#494 = CARTESIAN_POINT ( 'NONE',  ( -51.23860651754981888, 4.214261501141092658, 9.500000000000003553 ) ) ;
#495 = ADVANCED_FACE ( 'NONE', ( #4559 ), #240, .F. ) ;
#496 = CARTESIAN_POINT ( 'NONE',  ( 17.89999999999998792, -1.734723475976807094E-15, 19.00000000000000000 ) ) ;
#497 = LINE ( 'NONE', #2556, #6541 ) ;
#498 = CARTESIAN_POINT ( 'NONE',  ( 9.500000000000005329, 18.85654776181612746, 9.143452238183874314 ) ) ;
#499 = CYLINDRICAL_SURFACE ( 'NONE', #5082, 1.749999999999999778 ) ;
#500 = CARTESIAN_POINT ( 'NONE',  ( -41.23745173724617530, 8.518049245992797225, 12.87986863339868471 ) ) ;
#501 = ORIENTED_EDGE ( 'NONE', *, *, #629, .T. ) ;
#502 = ORIENTED_EDGE ( 'NONE', *, *, #5872, .F. ) ;
#503 = EDGE_CURVE ( 'NONE', #4201, #1588, #2738, .T. ) ;
#504 = EDGE_CURVE ( 'NONE', #1443, #3992, #7797, .T. ) ;
#505 = ORIENTED_EDGE ( 'NONE', *, *, #1420, .T. ) ;
#506 = EDGE_LOOP ( 'NONE', ( #163, #109 ) ) ;
#507 = DIRECTION ( 'NONE',  ( 0.000000000000000000, 0.000000000000000000, -1.000000000000000000 ) ) ;
#508 = PLANE ( 'NONE',  #3830 ) ;
#509 = DIRECTION ( 'NONE',  ( -0.000000000000000000, -0.000000000000000000, -1.000000000000000000 ) ) ;
#510 = ORIENTED_EDGE ( 'NONE', *, *, #3714, .T. ) ;
#511 = EDGE_CURVE ( 'NONE', #178, #2048, #7258, .T. ) ;
#512 = AXIS2_PLACEMENT_3D ( 'NONE', #4635, #6375, #3945 ) ;
#513 = ORIENTED_EDGE ( 'NONE', *, *, #1663, .T. ) ;
#514 = ORIENTED_EDGE ( 'NONE', *, *, #3432, .F. ) ;
#515 = FACE_OUTER_BOUND ( 'NONE', #4041, .T. ) ;
#516 = DIRECTION ( 'NONE',  ( 1.000000000000000000, 0.000000000000000000, 0.000000000000000000 ) ) ;
#517 = ORIENTED_EDGE ( 'NONE', *, *, #4280, .F. ) ;
#518 = CIRCLE ( 'NONE', #2768, 2.600000000000000089 ) ;
#519 = EDGE_CURVE ( 'NONE', #7549, #6274, #291, .T. ) ;
#520 = EDGE_CURVE ( 'NONE', #5644, #5795, #7106, .T. ) ;
#521 = VECTOR ( 'NONE', #2058, 1000.000000000000000 ) ;
#522 = CYLINDRICAL_SURFACE ( 'NONE', #7843, 2.500000000000000444 ) ;
#523 = CONICAL_SURFACE ( 'NONE', #2627, 4.900000000000002132, 0.7853981633974437271 ) ;
#524 = EDGE_CURVE ( 'NONE', #2531, #1737, #1248, .T. ) ;
#525 = DIRECTION ( 'NONE',  ( 0.000000000000000000, 0.000000000000000000, -1.000000000000000000 ) ) ;
#526 = EDGE_CURVE ( 'NONE', #2552, #4365, #1047, .T. ) ;
#527 = ADVANCED_FACE ( 'NONE', ( #7065 ), #960, .F. ) ;
#528 = CARTESIAN_POINT ( 'NONE',  ( -10.90180841670001755, -34.08819856468882392, -5.500000000000001776 ) ) ;
#529 = DIRECTION ( 'NONE',  ( -1.000000000000000000, 0.000000000000000000, 2.478176394252581634E-16 ) ) ;
#530 = AXIS2_PLACEMENT_3D ( 'NONE', #6795, #7368, #1139 ) ;
#531 = CARTESIAN_POINT ( 'NONE',  ( -39.90000000000000568, -6.098637220230962441E-16, 5.000000000000000000 ) ) ;
#532 = DIRECTION ( 'NONE',  ( -0.000000000000000000, -0.000000000000000000, 1.000000000000000000 ) ) ;
#533 = CIRCLE ( 'NONE', #7968, 5.000000000000000888 ) ;
#534 = EDGE_CURVE ( 'NONE', #4890, #639, #996, .T. ) ;
#535 = LINE ( 'NONE', #5512, #1234 ) ;
#536 = VECTOR ( 'NONE', #4294, 1000.000000000000000 ) ;
#537 = ORIENTED_EDGE ( 'NONE', *, *, #4015, .F. ) ;
#538 = VERTEX_POINT ( 'NONE', #4217 ) ;
#539 = CARTESIAN_POINT ( 'NONE',  ( 15.17106781186546449, 22.00000000000000355, 22.00000000000000000 ) ) ;
#540 = DIRECTION ( 'NONE',  ( -0.000000000000000000, -0.000000000000000000, 1.000000000000000000 ) ) ;
#541 = CARTESIAN_POINT ( 'NONE',  ( -51.90708381011968697, -4.426364670405302348, 9.895732163409865834 ) ) ;
#542 = B_SPLINE_CURVE_WITH_KNOTS ( 'NONE', 3,
 ( #6558, #4746, #5948, #351, #5406, #4784 ),
 .UNSPECIFIED., .F., .F.,
 ( 4, 2, 4 ),
 ( 4.336808689942017736E-19, 0.001286511873889963162, 0.002573023747779931095 ),
 .UNSPECIFIED. ) ;
#543 = AXIS2_PLACEMENT_3D ( 'NONE', #6520, #3460, #1490 ) ;
#544 = FACE_OUTER_BOUND ( 'NONE', #3978, .T. ) ;
#545 = DIRECTION ( 'NONE',  ( -1.000000000000000000, 0.000000000000000000, 2.478176394252581634E-16 ) ) ;
#546 = VERTEX_POINT ( 'NONE', #7423 ) ;
#547 = CARTESIAN_POINT ( 'NONE',  ( -34.75000000000001421, 13.49999999999998046, 24.00000000000000000 ) ) ;
#548 = FACE_OUTER_BOUND ( 'NONE', #1646, .T. ) ;
#549 = CARTESIAN_POINT ( 'NONE',  ( 10.17106781186546627, -30.37354648979129479, 17.99999999999999645 ) ) ;
#550 = VERTEX_POINT ( 'NONE', #1777 ) ;
#551 = CARTESIAN_POINT ( 'NONE',  ( 39.89999999999999147, 13.00000000000000533, 0.000000000000000000 ) ) ;
#552 = CARTESIAN_POINT ( 'NONE',  ( -39.90000000000000568, -7.000000000000000888, 12.00000000000000000 ) ) ;
#553 = ADVANCED_FACE ( 'NONE', ( #2354 ), #3537, .F. ) ;
#554 = CARTESIAN_POINT ( 'NONE',  ( -41.05000000000001137, 8.750000000000005329, 12.13600572006222578 ) ) ;
#555 = ORIENTED_EDGE ( 'NONE', *, *, #6515, .T. ) ;
#556 = VERTEX_POINT ( 'NONE', #1817 ) ;
#557 = VERTEX_POINT ( 'NONE', #3611 ) ;
#558 = CARTESIAN_POINT ( 'NONE',  ( 37.89999999999999147, -1.275480926296549303E-15, 22.75000000000000000 ) ) ;
#559 = DIRECTION ( 'NONE',  ( -0.000000000000000000, -0.000000000000000000, -1.000000000000000000 ) ) ;
#560 = CARTESIAN_POINT ( 'NONE',  ( 37.89999999999999147, 6.938893903907228378E-15, 9.400000000000000355 ) ) ;
#561 = VERTEX_POINT ( 'NONE', #8043 ) ;
#562 = ORIENTED_EDGE ( 'NONE', *, *, #3673, .T. ) ;
#563 = DIRECTION ( 'NONE',  ( 0.7071067811865476838, 1.054413810899741704E-16, -0.7071067811865473507 ) ) ;
#564 = CARTESIAN_POINT ( 'NONE',  ( -44.55000000000006111, -5.250000000000005329, 12.14627961127238720 ) ) ;
#565 = ORIENTED_EDGE ( 'NONE', *, *, #628, .T. ) ;
#566 = ORIENTED_EDGE ( 'NONE', *, *, #534, .F. ) ;
#567 = AXIS2_PLACEMENT_3D ( 'NONE', #5291, #2889, #4137 ) ;
#568 = CIRCLE ( 'NONE', #824, 2.900000000000003464 ) ;
#569 = FACE_OUTER_BOUND ( 'NONE', #2827, .T. ) ;
#570 = CARTESIAN_POINT ( 'NONE',  ( -52.10000000000000853, 2.481934729198162604, 13.50000000000000533 ) ) ;
#571 = CARTESIAN_POINT ( 'NONE',  ( 34.68865841940705508, -3.662555366426510695, 10.27104802673593298 ) ) ;
#572 = DIRECTION ( 'NONE',  ( -1.387778780781445676E-16, -1.379605977354753764E-32, -1.000000000000000000 ) ) ;
#573 = EDGE_CURVE ( 'NONE', #831, #5438, #4826, .T. ) ;
#574 = DIRECTION ( 'NONE',  ( 0.7071067811865437980, -0.7071067811865513475, -9.813077866773542715E-17 ) ) ;
#575 = ORIENTED_EDGE ( 'NONE', *, *, #2321, .F. ) ;
#576 = EDGE_CURVE ( 'NONE', #7377, #169, #6812, .T. ) ;
#577 = VERTEX_POINT ( 'NONE', #2281 ) ;
#578 = CARTESIAN_POINT ( 'NONE',  ( 9.410179721124460883, 18.58578643762691840, 9.414213562373079824 ) ) ;
#579 = EDGE_LOOP ( 'NONE', ( #5514, #1595, #7335, #6172 ) ) ;
#580 = VERTEX_POINT ( 'NONE', #4143 ) ;
#581 = CARTESIAN_POINT ( 'NONE',  ( -8.728293477980724975E-15, 18.00000000000000355, 12.00000000000000000 ) ) ;
#582 = CARTESIAN_POINT ( 'NONE',  ( -14.14363147269739152, -21.02689574189143329, -0.2284258728290373963 ) ) ;
#583 = PLANE ( 'NONE',  #1493 ) ;
#584 = ORIENTED_EDGE ( 'NONE', *, *, #2811, .T. ) ;
#585 = CARTESIAN_POINT ( 'NONE',  ( -35.19999999999999574, -0.01000000000000653144, 21.00000000000000000 ) ) ;
#586 = CARTESIAN_POINT ( 'NONE',  ( -34.09666818394764931, 5.311881968094678719, 11.52300534119501840 ) ) ;
#587 = ORIENTED_EDGE ( 'NONE', *, *, #2873, .T. ) ;
#588 = DIRECTION ( 'NONE',  ( -0.000000000000000000, -0.000000000000000000, -1.000000000000000000 ) ) ;
#589 = ADVANCED_FACE ( 'NONE', ( #4309 ), #508, .F. ) ;
#590 = VECTOR ( 'NONE', #5521, 1000.000000000000000 ) ;
#591 = FACE_OUTER_BOUND ( 'NONE', #1200, .T. ) ;
#592 = DIRECTION ( 'NONE',  ( -9.941108744852765039E-17, 1.000000000000000000, -0.000000000000000000 ) ) ;
#593 = VERTEX_POINT ( 'NONE', #7380 ) ;
#594 = CARTESIAN_POINT ( 'NONE',  ( 20.21076683067359880, -21.99999999999999289, 24.00000000000000000 ) ) ;
#595 = CARTESIAN_POINT ( 'NONE',  ( 33.06023810908679650, 7.247468530210808169, 8.250000000000000000 ) ) ;
#596 = CARTESIAN_POINT ( 'NONE',  ( -43.59155584991946597, 6.033744501338258459, 10.53728496659952540 ) ) ;
#597 = ORIENTED_EDGE ( 'NONE', *, *, #6701, .F. ) ;
#598 = ORIENTED_EDGE ( 'NONE', *, *, #520, .F. ) ;
#599 = ORIENTED_EDGE ( 'NONE', *, *, #1099, .F. ) ;
#600 = CARTESIAN_POINT ( 'NONE',  ( -39.90000000000000568, -1.734723475976807094E-15, 17.24999999999999645 ) ) ;
#601 = DIRECTION ( 'NONE',  ( -1.000000000000000000, 3.469446951953613696E-16, 0.000000000000000000 ) ) ;
#602 = CARTESIAN_POINT ( 'NONE',  ( -34.89999999999999858, -18.00000000000000355, 5.000000000000004441 ) ) ;
#603 = VERTEX_POINT ( 'NONE', #6641 ) ;
#604 = DIRECTION ( 'NONE',  ( 0.000000000000000000, 0.000000000000000000, 1.000000000000000000 ) ) ;
#605 = CARTESIAN_POINT ( 'NONE',  ( -49.10000000000000142, -1.469693845669918009, 14.50000000000000178 ) ) ;
#606 = VERTEX_POINT ( 'NONE', #1198 ) ;
#607 = VERTEX_POINT ( 'NONE', #7992 ) ;
#608 = CARTESIAN_POINT ( 'NONE',  ( 34.70450009358240351, 3.605347296418957903, 17.95522068752977063 ) ) ;
#609 = CARTESIAN_POINT ( 'NONE',  ( 33.71918841647342191, 6.111744087681044491, 8.349697612475910802 ) ) ;
#610 = CARTESIAN_POINT ( 'NONE',  ( 34.79891053975116932, -3.250383503744421976, 12.26226810740242357 ) ) ;
#611 = CARTESIAN_POINT ( 'NONE',  ( -35.08559234099655555, -1.750076570125763897, 18.88738252067377843 ) ) ;
#612 = DIRECTION ( 'NONE',  ( 0.000000000000000000, 0.000000000000000000, -1.000000000000000000 ) ) ;
#613 = EDGE_LOOP ( 'NONE', ( #7610, #5127, #2480, #7996 ) ) ;
#614 = ORIENTED_EDGE ( 'NONE', *, *, #7405, .T. ) ;
#615 = EDGE_CURVE ( 'NONE', #6303, #4201, #3192, .T. ) ;
#616 = EDGE_LOOP ( 'NONE', ( #2227, #7301, #2825, #232 ) ) ;
#617 = AXIS2_PLACEMENT_3D ( 'NONE', #2905, #4155, #2943 ) ;
#618 = ORIENTED_EDGE ( 'NONE', *, *, #3172, .F. ) ;
#619 = ORIENTED_EDGE ( 'NONE', *, *, #1713, .F. ) ;
#620 = CARTESIAN_POINT ( 'NONE',  ( 31.24999999999999645, -13.50000000000000178, 0.000000000000000000 ) ) ;
#621 = CARTESIAN_POINT ( 'NONE',  ( -15.47530312970554256, -25.94574823135273434, -0.5744841561190748846 ) ) ;
#622 = DIRECTION ( 'NONE',  ( -1.000000000000000000, 0.000000000000000000, -0.000000000000000000 ) ) ;
#623 = EDGE_CURVE ( 'NONE', #2509, #4282, #4345, .T. ) ;
#624 = DIRECTION ( 'NONE',  ( -0.000000000000000000, -0.000000000000000000, -1.000000000000000000 ) ) ;
#625 = CARTESIAN_POINT ( 'NONE',  ( 7.500000000000004441, 22.00000000000001066, 5.000000000000000888 ) ) ;
#626 = ORIENTED_EDGE ( 'NONE', *, *, #708, .F. ) ;
#627 = DIRECTION ( 'NONE',  ( 1.491166311727914324E-16, -1.000000000000000000, 0.000000000000000000 ) ) ;
#628 = EDGE_CURVE ( 'NONE', #1337, #223, #2931, .T. ) ;
#629 = EDGE_CURVE ( 'NONE', #4311, #8090, #1734, .T. ) ;
#630 = DIRECTION ( 'NONE',  ( 0.000000000000000000, 0.000000000000000000, -1.000000000000000000 ) ) ;
#631 = AXIS2_PLACEMENT_3D ( 'NONE', #2314, #1691, #7874 ) ;
#632 = CARTESIAN_POINT ( 'NONE',  ( 10.17106781186546272, 22.00000000000000355, 17.99999999999999645 ) ) ;
#633 = ORIENTED_EDGE ( 'NONE', *, *, #1708, .T. ) ;
#634 = CARTESIAN_POINT ( 'NONE',  ( -14.40894241220451732, -25.41283789321709818, 24.00000000000000000 ) ) ;
#635 = CARTESIAN_POINT ( 'NONE',  ( -44.00740269073372701, -1.163016923692327786, 6.324425990651984186 ) ) ;
#636 = CARTESIAN_POINT ( 'NONE',  ( -41.48351737345623036, 8.221139673719207508, 13.25868920954445151 ) ) ;
#637 = ORIENTED_EDGE ( 'NONE', *, *, #7879, .T. ) ;
#638 = ORIENTED_EDGE ( 'NONE', *, *, #4149, .F. ) ;
#639 = VERTEX_POINT ( 'NONE', #1690 ) ;
#640 = CARTESIAN_POINT ( 'NONE',  ( 35.14649340874795058, -1.222769616257980418, 8.553465456255366917 ) ) ;
#641 = DIRECTION ( 'NONE',  ( -0.000000000000000000, -0.000000000000000000, -1.000000000000000000 ) ) ;
#642 = DIRECTION ( 'NONE',  ( 1.000000000000000000, 0.000000000000000000, 0.000000000000000000 ) ) ;
#643 = ORIENTED_EDGE ( 'NONE', *, *, #3173, .T. ) ;
#644 = CARTESIAN_POINT ( 'NONE',  ( -32.82893218813453018, 13.00000000000000000, 0.000000000000000000 ) ) ;
#645 = CARTESIAN_POINT ( 'NONE',  ( -52.10000000000002984, 2.399496757735734676, 10.36359622374849820 ) ) ;
#646 = ORIENTED_EDGE ( 'NONE', *, *, #3376, .T. ) ;
#647 = ADVANCED_FACE ( 'NONE', ( #7298 ), #3700, .F. ) ;
#648 = ORIENTED_EDGE ( 'NONE', *, *, #2371, .F. ) ;
#649 = AXIS2_PLACEMENT_3D ( 'NONE', #7064, #278, #1409 ) ;
#650 = CARTESIAN_POINT ( 'NONE',  ( 34.89999999999999147, -17.99999999999999289, 5.000000000000000000 ) ) ;
#651 = CARTESIAN_POINT ( 'NONE',  ( 34.76544246290766438, 3.381147862940815152, 13.01626487439867574 ) ) ;
#652 = CARTESIAN_POINT ( 'NONE',  ( 34.55969232442507177, -4.088328035484752654, 14.37661713301850064 ) ) ;
#653 = CARTESIAN_POINT ( 'NONE',  ( 35.20000000000000995, -1.506211723428389455E-16, 8.750000000000000000 ) ) ;
#654 = DIRECTION ( 'NONE',  ( 0.8619342151577692457, 0.5070201265633943466, 0.000000000000000000 ) ) ;
#655 = VECTOR ( 'NONE', #1483, 1000.000000000000000 ) ;
#656 = ORIENTED_EDGE ( 'NONE', *, *, #7794, .F. ) ;
#657 = AXIS2_PLACEMENT_3D ( 'NONE', #6731, #5545, #1113 ) ;
#658 = ORIENTED_EDGE ( 'NONE', *, *, #4860, .F. ) ;
#659 = EDGE_CURVE ( 'NONE', #1950, #2670, #7745, .T. ) ;
#660 = AXIS2_PLACEMENT_3D ( 'NONE', #4904, #2341, #4380 ) ;
#661 = VERTEX_POINT ( 'NONE', #1108 ) ;
#662 = DIRECTION ( 'NONE',  ( -1.000000000000000000, 3.958748233630339645E-17, 0.000000000000000000 ) ) ;
#663 = DIRECTION ( 'NONE',  ( 0.8619342151577692457, 0.5070201265633941246, 0.000000000000000000 ) ) ;
#664 = DIRECTION ( 'NONE',  ( -0.000000000000000000, 0.000000000000000000, -1.000000000000000000 ) ) ;
#665 = DIRECTION ( 'NONE',  ( -7.228014483236695816E-17, 2.861388956816778129E-33, 1.000000000000000000 ) ) ;
#666 = ORIENTED_EDGE ( 'NONE', *, *, #5387, .T. ) ;
#667 = VECTOR ( 'NONE', #4171, 1000.000000000000000 ) ;
#668 = DIRECTION ( 'NONE',  ( -1.000000000000000000, -3.958748233630338412E-17, 0.000000000000000000 ) ) ;
#669 = EDGE_CURVE ( 'NONE', #2824, #556, #568, .T. ) ;
#670 = CIRCLE ( 'NONE', #5101, 4.999999999999997335 ) ;
#671 = VECTOR ( 'NONE', #1967, 999.9999999999998863 ) ;
#672 = FACE_OUTER_BOUND ( 'NONE', #1819, .T. ) ;
#673 = AXIS2_PLACEMENT_3D ( 'NONE', #4908, #1189, #3692 ) ;
#674 = DIRECTION ( 'NONE',  ( 1.000000000000000000, 0.000000000000000000, -0.000000000000000000 ) ) ;
#675 = ORIENTED_EDGE ( 'NONE', *, *, #2968, .T. ) ;
#676 = DIRECTION ( 'NONE',  ( -3.469446951953613696E-16, -1.000000000000000000, 0.000000000000000000 ) ) ;
#677 = FACE_OUTER_BOUND ( 'NONE', #3042, .T. ) ;
#678 = PRODUCT_RELATED_PRODUCT_CATEGORY ( 'part', '', ( #2106 ) ) ;
#679 = CARTESIAN_POINT ( 'NONE',  ( -42.58456515516911622, 7.000000000000003553, 13.75000000000000000 ) ) ;
#680 = EDGE_LOOP ( 'NONE', ( #5278, #3976, #1133, #3741, #7416 ) ) ;
#681 = ADVANCED_FACE ( 'NONE', ( #1070 ), #7949, .F. ) ;
#682 = VERTEX_POINT ( 'NONE', #6156 ) ;
#683 = EDGE_CURVE ( 'NONE', #3971, #4633, #6111, .T. ) ;
#684 = ORIENTED_EDGE ( 'NONE', *, *, #4845, .F. ) ;
#685 = FACE_OUTER_BOUND ( 'NONE', #692, .T. ) ;
#686 = CARTESIAN_POINT ( 'NONE',  ( -35.12795923864888437, -1.401237537353315910, 6.072691061343974184 ) ) ;
#687 = DIRECTION ( 'NONE',  ( -1.000000000000000000, -2.815536131330090089E-16, 0.000000000000000000 ) ) ;
#688 = EDGE_LOOP ( 'NONE', ( #3606, #5654, #6935, #1525, #3318 ) ) ;
#689 = CARTESIAN_POINT ( 'NONE',  ( -43.39325651644094961, 6.212425487223363518, 13.56619507452668927 ) ) ;
#690 = CARTESIAN_POINT ( 'NONE',  ( -41.06385464149309428, 0.2815170547196352846, 20.73264664216943132 ) ) ;
#691 = VECTOR ( 'NONE', #6247, 1000.000000000000000 ) ;
#692 = EDGE_LOOP ( 'NONE', ( #4267, #3392, #4352, #126, #6763 ) ) ;
#693 = LINE ( 'NONE', #1253, #4801 ) ;
#694 = DIRECTION ( 'NONE',  ( 0.000000000000000000, 0.000000000000000000, 1.000000000000000000 ) ) ;
#695 = DIRECTION ( 'NONE',  ( -0.000000000000000000, 0.000000000000000000, -1.000000000000000000 ) ) ;
#696 = FACE_OUTER_BOUND ( 'NONE', #285, .T. ) ;
#697 = CARTESIAN_POINT ( 'NONE',  ( 15.17106781186546804, -30.37354648979129479, 17.99999999999999645 ) ) ;
#698 = ORIENTED_EDGE ( 'NONE', *, *, #6187, .F. ) ;
#699 = AXIS2_PLACEMENT_3D ( 'NONE', #6556, #3566, #350 ) ;
#700 = ORIENTED_EDGE ( 'NONE', *, *, #3188, .F. ) ;
#701 = VERTEX_POINT ( 'NONE', #3656 ) ;
#702 = DIRECTION ( 'NONE',  ( 0.7071067811865473507, 0.7071067811865477948, 0.000000000000000000 ) ) ;
#703 = CARTESIAN_POINT ( 'NONE',  ( 34.86363070808850040, 3.001964123650243899, 2.699930340713006860 ) ) ;
#704 = LINE ( 'NONE', #3209, #5940 ) ;
#705 = CIRCLE ( 'NONE', #2010, 2.999999999999999112 ) ;
#706 = DIRECTION ( 'NONE',  ( 0.000000000000000000, 0.000000000000000000, 1.000000000000000000 ) ) ;
#707 = VERTEX_POINT ( 'NONE', #7592 ) ;
#708 = EDGE_CURVE ( 'NONE', #6802, #2605, #3267, .T. ) ;
#709 = DIRECTION ( 'NONE',  ( -0.000000000000000000, -0.000000000000000000, -1.000000000000000000 ) ) ;
#710 = VECTOR ( 'NONE', #6236, 1000.000000000000000 ) ;
#711 = DIRECTION ( 'NONE',  ( 0.000000000000000000, 1.000000000000000000, 0.000000000000000000 ) ) ;
#712 = CARTESIAN_POINT ( 'NONE',  ( 35.20000000000000995, 0.009999999999907263626, 21.00000000000000000 ) ) ;
#713 = ORIENTED_EDGE ( 'NONE', *, *, #84, .T. ) ;
#714 = DIRECTION ( 'NONE',  ( -0.7071067811865473507, 0.7071067811865477948, 0.000000000000000000 ) ) ;
#715 = CARTESIAN_POINT ( 'NONE',  ( 9.500000000000003553, 18.00000000000000000, 24.00000000000000355 ) ) ;
#716 = DIRECTION ( 'NONE',  ( -0.000000000000000000, -0.000000000000000000, -1.000000000000000000 ) ) ;
#717 = CIRCLE ( 'NONE', #7367, 13.28999999999999915 ) ;
#718 = ORIENTED_EDGE ( 'NONE', *, *, #4195, .T. ) ;
#719 = CARTESIAN_POINT ( 'NONE',  ( 15.17106781186546449, 18.00000000000000355, 24.00000000000000000 ) ) ;
#720 = LINE ( 'NONE', #3859, #7651 ) ;
#721 = VERTEX_POINT ( 'NONE', #2036 ) ;
#722 = VECTOR ( 'NONE', #2055, 1000.000000000000000 ) ;
#723 = DIRECTION ( 'NONE',  ( 1.259673032754905968E-16, 0.7071067811865435759, 0.7071067811865514585 ) ) ;
#724 = CARTESIAN_POINT ( 'NONE',  ( -35.20000000000000284, -0.2406252227892328732, 3.251346451594333331 ) ) ;
#725 = LINE ( 'NONE', #6943, #7160 ) ;
#726 = DIRECTION ( 'NONE',  ( 0.000000000000000000, -1.000000000000000000, 0.000000000000000000 ) ) ;
#727 = CARTESIAN_POINT ( 'NONE',  ( 13.40894241220452443, -25.50115925848509590, 5.145817987435853169 ) ) ;
#728 = VERTEX_POINT ( 'NONE', #3101 ) ;
#729 = DIRECTION ( 'NONE',  ( -1.000000000000000000, 0.000000000000000000, 0.000000000000000000 ) ) ;
#730 = FACE_OUTER_BOUND ( 'NONE', #6432, .T. ) ;
#731 = AXIS2_PLACEMENT_3D ( 'NONE', #2162, #6527, #279 ) ;
#732 = DIRECTION ( 'NONE',  ( -1.000000000000000000, 0.000000000000000000, 0.000000000000000000 ) ) ;
#733 = CYLINDRICAL_SURFACE ( 'NONE', #3455, 1.000000000000000888 ) ;
#734 = PLANE ( 'NONE',  #4249 ) ;
#735 = VERTEX_POINT ( 'NONE', #4433 ) ;
#736 = VERTEX_POINT ( 'NONE', #4392 ) ;
#737 = B_SPLINE_CURVE_WITH_KNOTS ( 'NONE', 3,
 ( #5628, #6367, #6982, #2654, #5129, #3181, #154, #1403, #3895, #686, #1906, #33, #2528, #5006, #1282, #5583, #3780, #4961, #6284, #5048, #1945, #8087, #6942, #1325, #3824, #6325, #724, #3229 ),
 .UNSPECIFIED., .F., .F.,
 ( 4, 2, 2, 2, 2, 2, 2, 2, 2, 2, 2, 2, 2, 4 ),
 ( 0.000000000000000000, 0.0003410049730034222485, 0.0006820099460068444969, 0.001023014919010266800, 0.001364019892013688994, 0.002046029838020536635, 0.002728039784027384493, 0.003069044757030809940, 0.003410049730034234953, 0.003751054703037659966, 0.004092059676041085413, 0.004433064649044510426, 0.004774069622047935439, 0.005456079568054783731 ),
 .UNSPECIFIED. ) ;
#738 = EDGE_LOOP ( 'NONE', ( #5340, #4959, #4223, #4966 ) ) ;
#739 = VERTEX_POINT ( 'NONE', #7469 ) ;
#740 = CARTESIAN_POINT ( 'NONE',  ( -35.19999999999999574, -0.01000000000000653144, 0.000000000000000000 ) ) ;
#741 = DIRECTION ( 'NONE',  ( 0.000000000000000000, 0.000000000000000000, -1.000000000000000000 ) ) ;
#742 = CARTESIAN_POINT ( 'NONE',  ( -14.40894241220451732, -25.41283789321709818, 24.00000000000000000 ) ) ;
#743 = VERTEX_POINT ( 'NONE', #5670 ) ;
#744 = CARTESIAN_POINT ( 'NONE',  ( -24.71784614963141280, -13.00000000000000533, 27.37564445790673773 ) ) ;
#745 = VECTOR ( 'NONE', #7437, 1000.000000000000000 ) ;
#746 = LINE ( 'NONE', #3214, #5555 ) ;
#747 = FACE_BOUND ( 'NONE', #4533, .T. ) ;
#748 = FACE_OUTER_BOUND ( 'NONE', #2221, .T. ) ;
#749 = CIRCLE ( 'NONE', #7146, 1.749999999999999778 ) ;
#750 = VERTEX_POINT ( 'NONE', #7507 ) ;
#751 = DIRECTION ( 'NONE',  ( -1.000000000000000000, 0.000000000000000000, 0.000000000000000000 ) ) ;
#752 = CARTESIAN_POINT ( 'NONE',  ( 37.89999999999999147, 6.938893903907228378E-15, 12.00000000000000000 ) ) ;
#753 = DIRECTION ( 'NONE',  ( 1.000000000000000000, 0.000000000000000000, 0.000000000000000000 ) ) ;
#754 = ORIENTED_EDGE ( 'NONE', *, *, #4656, .T. ) ;
#755 = EDGE_CURVE ( 'NONE', #7319, #4250, #705, .T. ) ;
#756 = CARTESIAN_POINT ( 'NONE',  ( -14.83941343800246848, -26.31980099117807725, 5.003669241675106072 ) ) ;
#757 = ORIENTED_EDGE ( 'NONE', *, *, #7755, .T. ) ;
#758 = DIRECTION ( 'NONE',  ( 0.000000000000000000, 0.000000000000000000, -1.000000000000000000 ) ) ;
#759 = CARTESIAN_POINT ( 'NONE',  ( 3.918869757271530263E-15, -32.00000000000000000, 10.00000000000000000 ) ) ;
#760 = PRODUCT_CONTEXT ( 'NONE', #5209, 'mechanical' ) ;
#761 = DIRECTION ( 'NONE',  ( 1.000000000000000000, -0.000000000000000000, -0.000000000000000000 ) ) ;
#762 = CARTESIAN_POINT ( 'NONE',  ( -43.05620456028893983, 1.696515306460526729, 18.52696883013226525 ) ) ;
#763 = EDGE_CURVE ( 'NONE', #1737, #3677, #3696, .T. ) ;
#764 = EDGE_CURVE ( 'NONE', #1394, #7737, #6896, .T. ) ;
#765 = ORIENTED_EDGE ( 'NONE', *, *, #1723, .F. ) ;
#766 = EDGE_CURVE ( 'NONE', #3723, #6782, #77, .T. ) ;
#767 = DIRECTION ( 'NONE',  ( -1.491166311727914324E-16, 1.000000000000000000, 0.000000000000000000 ) ) ;
#768 = DIRECTION ( 'NONE',  ( -0.7071067811865473507, -0.7071067811865477948, 0.000000000000000000 ) ) ;
#769 = VERTEX_POINT ( 'NONE', #3141 ) ;
#770 = CARTESIAN_POINT ( 'NONE',  ( -39.90000000000000568, -3.955505321723094390E-16, 6.750000000000000000 ) ) ;
#771 = CARTESIAN_POINT ( 'NONE',  ( -34.12358284082694126, 5.249512810225141379, 11.88470795675161540 ) ) ;
#772 = CARTESIAN_POINT ( 'NONE',  ( 15.95790611083776689, -20.99999999999998934, 5.749732437860039673E-16 ) ) ;
#773 = ORIENTED_EDGE ( 'NONE', *, *, #3329, .F. ) ;
#774 = EDGE_CURVE ( 'NONE', #51, #3857, #5133, .T. ) ;
#775 = EDGE_CURVE ( 'NONE', #3035, #6459, #5266, .T. ) ;
#776 = ORIENTED_EDGE ( 'NONE', *, *, #6250, .F. ) ;
#777 = EDGE_CURVE ( 'NONE', #2779, #4372, #6838, .T. ) ;
#778 = EDGE_CURVE ( 'NONE', #5703, #7675, #737, .T. ) ;
#779 = ORIENTED_EDGE ( 'NONE', *, *, #3188, .T. ) ;
#780 = CARTESIAN_POINT ( 'NONE',  ( 34.66283409397679094, 3.750230291030153040, 4.758101867378181637 ) ) ;
#781 = LINE ( 'NONE', #6422, #972 ) ;
#782 = CARTESIAN_POINT ( 'NONE',  ( -49.10000000000000142, -8.767025567052019698E-15, 12.00000000000000000 ) ) ;
#783 = ORIENTED_EDGE ( 'NONE', *, *, #2233, .T. ) ;
#784 = LINE ( 'NONE', #744, #133 ) ;
#785 = VECTOR ( 'NONE', #1369, 1000.000000000000000 ) ;
#786 = EDGE_CURVE ( 'NONE', #1394, #1337, #1344, .T. ) ;
#787 = AXIS2_PLACEMENT_3D ( 'NONE', #5191, #5742, #6471 ) ;
#788 = CARTESIAN_POINT ( 'NONE',  ( -11.09999999999999254, -32.00000000000000000, 16.50000000000000000 ) ) ;
#789 = FACE_OUTER_BOUND ( 'NONE', #7494, .T. ) ;
#790 = ORIENTED_EDGE ( 'NONE', *, *, #2831, .T. ) ;
#791 = DIRECTION ( 'NONE',  ( 1.491166311727914324E-16, -1.000000000000000000, -0.000000000000000000 ) ) ;
#792 = DIRECTION ( 'NONE',  ( -0.5070201265633941246, -0.8619342151577694677, 0.000000000000000000 ) ) ;
#793 = AXIS2_PLACEMENT_3D ( 'NONE', #5934, #2217, #1593 ) ;
#794 = ORIENTED_EDGE ( 'NONE', *, *, #4067, .F. ) ;
#795 = AXIS2_PLACEMENT_3D ( 'NONE', #5321, #3974, #2725 ) ;
#796 = CARTESIAN_POINT ( 'NONE',  ( -35.19999999999999574, 0.009999999999899849418, 21.00000000000000000 ) ) ;
#797 = ORIENTED_EDGE ( 'NONE', *, *, #2728, .T. ) ;
#798 = EDGE_CURVE ( 'NONE', #5111, #3448, #4805, .T. ) ;
#799 = CARTESIAN_POINT ( 'NONE',  ( 15.48211033658374269, -25.94174399201262560, -0.5911410730907705746 ) ) ;
#800 = DIRECTION ( 'NONE',  ( 0.000000000000000000, 0.000000000000000000, -1.000000000000000000 ) ) ;
#801 = CARTESIAN_POINT ( 'NONE',  ( 8.100000000000017408, 0.000000000000000000, 5.000000000000000000 ) ) ;
#802 = AXIS2_PLACEMENT_3D ( 'NONE', #7274, #936, #894 ) ;
#803 = CARTESIAN_POINT ( 'NONE',  ( -44.55000000000004690, -1.734723419696314672E-15, 17.24999999999999645 ) ) ;
#804 = VECTOR ( 'NONE', #695, 1000.000000000000000 ) ;
#805 = DIRECTION ( 'NONE',  ( 1.000000000000000000, 0.000000000000000000, 0.000000000000000000 ) ) ;
#806 = CARTESIAN_POINT ( 'NONE',  ( -44.00371259525831391, 1.154960402554118470, 6.319462589536153807 ) ) ;
#807 = EDGE_CURVE ( 'NONE', #3971, #603, #3553, .T. ) ;
#808 = FACE_OUTER_BOUND ( 'NONE', #6629, .T. ) ;
#809 = CARTESIAN_POINT ( 'NONE',  ( -33.46482043380214577, 6.579850736208816109, 13.71243963334092797 ) ) ;
#810 = CYLINDRICAL_SURFACE ( 'NONE', #4132, 2.900000000000003464 ) ;
#811 = EDGE_LOOP ( 'NONE', ( #7608, #2202, #6632, #555, #1873, #5923 ) ) ;
#812 = ORIENTED_EDGE ( 'NONE', *, *, #5971, .T. ) ;
#813 = EDGE_CURVE ( 'NONE', #2330, #557, #4772, .T. ) ;
#814 = DIRECTION ( 'NONE',  ( -1.000000000000000000, 0.000000000000000000, 0.000000000000000000 ) ) ;
#815 = EDGE_LOOP ( 'NONE', ( #4478, #8000 ) ) ;
#816 = CARTESIAN_POINT ( 'NONE',  ( -13.40894241220451910, -20.99999999999998934, 24.00000000000000000 ) ) ;
#817 = DIRECTION ( 'NONE',  ( 0.000000000000000000, 0.000000000000000000, -1.000000000000000000 ) ) ;
#818 = EDGE_CURVE ( 'NONE', #4224, #170, #2114, .T. ) ;
#819 = PLANE ( 'NONE',  #73 ) ;
#820 = ORIENTED_EDGE ( 'NONE', *, *, #4407, .T. ) ;
#821 = CARTESIAN_POINT ( 'NONE',  ( 0.000000000000000000, 0.000000000000000000, 5.000000000000000000 ) ) ;
#822 = VERTEX_POINT ( 'NONE', #4124 ) ;
#823 = DIRECTION ( 'NONE',  ( -3.469446951953614189E-16, -1.000000000000000000, -0.000000000000000000 ) ) ;
#824 = AXIS2_PLACEMENT_3D ( 'NONE', #6685, #1153, #4265 ) ;
#825 = CARTESIAN_POINT ( 'NONE',  ( 35.20000000000000995, -6.098637220230962441E-16, 5.000000000000000000 ) ) ;
#826 = ORIENTED_EDGE ( 'NONE', *, *, #2285, .F. ) ;
#827 = CARTESIAN_POINT ( 'NONE',  ( 35.20000000000000995, -0.009999999999911170223, 8.749986666642968203 ) ) ;
#828 = EDGE_CURVE ( 'NONE', #8024, #2250, #5355, .T. ) ;
#829 = DIRECTION ( 'NONE',  ( 0.000000000000000000, -0.000000000000000000, 1.000000000000000000 ) ) ;
#830 = FACE_BOUND ( 'NONE', #93, .T. ) ;
#831 = VERTEX_POINT ( 'NONE', #5394 ) ;
#832 = VECTOR ( 'NONE', #3887, 1000.000000000000000 ) ;
#833 = CARTESIAN_POINT ( 'NONE',  ( -51.97894105385593377, -2.112077775724797046, 13.99303499963161634 ) ) ;
#834 = ORIENTED_EDGE ( 'NONE', *, *, #4837, .F. ) ;
#835 = DIRECTION ( 'NONE',  ( -1.000000000000000000, -2.771360952064016653E-15, 0.000000000000000000 ) ) ;
#836 = DIRECTION ( 'NONE',  ( -0.000000000000000000, -0.000000000000000000, -1.000000000000000000 ) ) ;
#837 = CARTESIAN_POINT ( 'NONE',  ( 17.89999999999998792, -1.734723475976807094E-15, 19.00000000000000000 ) ) ;
#838 = CARTESIAN_POINT ( 'NONE',  ( -39.90000000000000568, -7.000000000000000888, 12.00000000000000000 ) ) ;
#839 = DIRECTION ( 'NONE',  ( 1.000000000000000000, 0.000000000000000000, 0.000000000000000000 ) ) ;
#840 = CIRCLE ( 'NONE', #6464, 1.500000000000000222 ) ;
#841 = CARTESIAN_POINT ( 'NONE',  ( 34.89999999999999147, -17.99999999999999289, 21.00000000000000000 ) ) ;
#842 = CARTESIAN_POINT ( 'NONE',  ( -42.49169180845296978, 7.095731654578833592, 10.24999999999999822 ) ) ;
#843 = CARTESIAN_POINT ( 'NONE',  ( -44.52666687120720468, 0.2801994398870625291, 6.732582768843423437 ) ) ;
#844 = ORIENTED_EDGE ( 'NONE', *, *, #2736, .T. ) ;
#845 = CARTESIAN_POINT ( 'NONE',  ( -35.19999999999999574, -6.098637220230962441E-16, 5.000000000000000000 ) ) ;
#846 = AXIS2_PLACEMENT_3D ( 'NONE', #2329, #3590, #8061 ) ;
#847 = CYLINDRICAL_SURFACE ( 'NONE', #3524, 2.000000000000003553 ) ;
#848 = DIRECTION ( 'NONE',  ( 0.000000000000000000, 0.000000000000000000, -1.000000000000000000 ) ) ;
#849 = ORIENTED_EDGE ( 'NONE', *, *, #4110, .F. ) ;
#850 = VECTOR ( 'NONE', #6043, 1000.000000000000000 ) ;
#851 = ORIENTED_EDGE ( 'NONE', *, *, #1352, .F. ) ;
#852 = CIRCLE ( 'NONE', #2044, 1.750000000000001554 ) ;
#853 = CARTESIAN_POINT ( 'NONE',  ( 32.82893218813451597, 13.00000000000000711, 21.00000000000000000 ) ) ;
#854 = PRODUCT_DEFINITION_SHAPE ( 'NONE', 'NONE',  #2027 ) ;
#855 = VERTEX_POINT ( 'NONE', #4732 ) ;
#856 = CARTESIAN_POINT ( 'NONE',  ( -9.500000000000005329, 20.00000000000000355, 2.000000000000000888 ) ) ;
#857 = LINE ( 'NONE', #59, #3072 ) ;
#858 = CARTESIAN_POINT ( 'NONE',  ( -13.27743229591008323, -30.71915747299406618, 19.40189321836893299 ) ) ;
#859 = ORIENTED_EDGE ( 'NONE', *, *, #6615, .F. ) ;
#860 = DIRECTION ( 'NONE',  ( 1.000000000000000000, -0.000000000000000000, -0.000000000000000000 ) ) ;
#861 = EDGE_CURVE ( 'NONE', #2616, #2907, #1673, .T. ) ;
#862 = CYLINDRICAL_SURFACE ( 'NONE', #5762, 1.000000000000000888 ) ;
#863 = ORIENTED_EDGE ( 'NONE', *, *, #2574, .T. ) ;
#864 = DIRECTION ( 'NONE',  ( 9.941108744852767504E-17, -1.000000000000000000, -5.473822126268817899E-48 ) ) ;
#865 = ORIENTED_EDGE ( 'NONE', *, *, #191, .T. ) ;
#866 = LINE ( 'NONE', #5821, #7104 ) ;
#867 = CARTESIAN_POINT ( 'NONE',  ( 1.176305166099825161, -17.99999999999999645, 19.50000000000000000 ) ) ;
#868 = CARTESIAN_POINT ( 'NONE',  ( 36.36446609406725372, 16.53553390593274486, 0.000000000000000000 ) ) ;
#869 = ORIENTED_EDGE ( 'NONE', *, *, #1975, .T. ) ;
#870 = EDGE_CURVE ( 'NONE', #6534, #4787, #7356, .T. ) ;
#871 = EDGE_CURVE ( 'NONE', #6634, #1463, #7055, .T. ) ;
#872 = CARTESIAN_POINT ( 'NONE',  ( 3.918869757271530263E-15, -32.00000000000000000, 16.50000000000000000 ) ) ;
#873 = CIRCLE ( 'NONE', #3602, 5.000000000000000888 ) ;
#874 = CARTESIAN_POINT ( 'NONE',  ( 21.91421356237307450, 18.58578643762691485, 9.414213562373079824 ) ) ;
#875 = CARTESIAN_POINT ( 'NONE',  ( -35.19279986097852486, 0.4613774660522077520, 3.308091797751548491 ) ) ;
#876 = CARTESIAN_POINT ( 'NONE',  ( 29.82822428460778141, 10.68373537959652531, 11.28439314537568450 ) ) ;
#877 = CARTESIAN_POINT ( 'NONE',  ( -42.21604265480539908, -7.387398053923084795, 10.28119461221646169 ) ) ;
#878 = CIRCLE ( 'NONE', #104, 11.09999999999999432 ) ;
#879 = EDGE_CURVE ( 'NONE', #5176, #7273, #7098, .T. ) ;
#880 = PLANE ( 'NONE',  #7042 ) ;
#881 = CARTESIAN_POINT ( 'NONE',  ( -41.86943168068792431, 7.773203319549151225, 10.42645342467200464 ) ) ;
#882 = CARTESIAN_POINT ( 'NONE',  ( -61.10000000000000142, 2.899999999999991029, 12.00000000000000000 ) ) ;
#883 = CIRCLE ( 'NONE', #1400, 2.500000000000000444 ) ;
#884 = VERTEX_POINT ( 'NONE', #1054 ) ;
#885 = VERTEX_POINT ( 'NONE', #5797 ) ;
#886 = CARTESIAN_POINT ( 'NONE',  ( -8.100000000000013856, -22.80166518784199425, 6.787108035151543817 ) ) ;
#887 = EDGE_CURVE ( 'NONE', #2953, #6048, #2732, .T. ) ;
#888 = CARTESIAN_POINT ( 'NONE',  ( 8.100000000000019185, -23.04591711520907182, -3.927945493463204762 ) ) ;
#889 = CARTESIAN_POINT ( 'NONE',  ( -51.97786632896103498, 4.477030072238422420, 13.99564497812624175 ) ) ;
#890 = ORIENTED_EDGE ( 'NONE', *, *, #4416, .F. ) ;
#891 = ORIENTED_EDGE ( 'NONE', *, *, #5226, .T. ) ;
#892 = DIRECTION ( 'NONE',  ( 1.000000000000000000, 7.228014483236695816E-17, 0.000000000000000000 ) ) ;
#893 = ORIENTED_EDGE ( 'NONE', *, *, #7794, .T. ) ;
#894 = DIRECTION ( 'NONE',  ( 1.000000000000000000, 0.000000000000000000, 0.000000000000000000 ) ) ;
#895 = CARTESIAN_POINT ( 'NONE',  ( 35.15117636213245333, -1.159501669711219485, 15.42986110397885824 ) ) ;
#896 = DIRECTION ( 'NONE',  ( 0.000000000000000000, -0.000000000000000000, 1.000000000000000000 ) ) ;
#897 = VERTEX_POINT ( 'NONE', #234 ) ;
#898 = DIRECTION ( 'NONE',  ( 0.000000000000000000, -0.000000000000000000, 1.000000000000000000 ) ) ;
#899 = EDGE_CURVE ( 'NONE', #5154, #1795, #8010, .T. ) ;
#900 = LINE ( 'NONE', #7125, #5352 ) ;
#901 = AXIS2_PLACEMENT_3D ( 'NONE', #5593, #3, #2496 ) ;
#902 = VERTEX_POINT ( 'NONE', #7853 ) ;
#903 = CARTESIAN_POINT ( 'NONE',  ( -7.500000000000005329, 22.00000000000001066, 2.000000000000000444 ) ) ;
#904 = ORIENTED_EDGE ( 'NONE', *, *, #8027, .F. ) ;
#905 = CARTESIAN_POINT ( 'NONE',  ( 0.000000000000000000, 0.000000000000000000, 0.000000000000000000 ) ) ;
#906 = FACE_OUTER_BOUND ( 'NONE', #4673, .T. ) ;
#907 = CIRCLE ( 'NONE', #543, 11.09999999999999609 ) ;
#908 = EDGE_CURVE ( 'NONE', #2315, #7944, #5169, .T. ) ;
#909 = DIRECTION ( 'NONE',  ( -0.000000000000000000, -0.000000000000000000, 1.000000000000000000 ) ) ;
#910 = VERTEX_POINT ( 'NONE', #450 ) ;
#911 = AXIS2_PLACEMENT_3D ( 'NONE', #3168, #627, #6922 ) ;
#912 = ORIENTED_EDGE ( 'NONE', *, *, #1974, .F. ) ;
#913 = CIRCLE ( 'NONE', #5615, 1.000000000000000888 ) ;
#914 = CARTESIAN_POINT ( 'NONE',  ( -1.698686956776715873E-15, 22.00000000000000355, 16.00000000000000000 ) ) ;
#915 = CARTESIAN_POINT ( 'NONE',  ( -34.89999999999999858, -10.92893218813452272, 24.00000000000000000 ) ) ;
#916 = DIRECTION ( 'NONE',  ( 1.000000000000000000, -0.000000000000000000, -0.000000000000000000 ) ) ;
#917 = VECTOR ( 'NONE', #1231, 1000.000000000000000 ) ;
#918 = FACE_OUTER_BOUND ( 'NONE', #3121, .T. ) ;
#919 = CYLINDRICAL_SURFACE ( 'NONE', #6152, 1.749999999999999778 ) ;
#920 = CARTESIAN_POINT ( 'NONE',  ( -13.40894241220451732, -24.64024543787444443, 5.055245460103714450 ) ) ;
#921 = EDGE_CURVE ( 'NONE', #421, #5444, #4552, .T. ) ;
#922 = AXIS2_PLACEMENT_3D ( 'NONE', #3135, #4998, #7501 ) ;
#923 = CARTESIAN_POINT ( 'NONE',  ( 10.17106781186546627, 18.00000000000000355, 37.13274595042155823 ) ) ;
#924 = CARTESIAN_POINT ( 'NONE',  ( -41.70735276671594249, 7.958705132056556941, 10.53208424361044848 ) ) ;
#925 = AXIS2_PLACEMENT_3D ( 'NONE', #7522, #2047, #2619 ) ;
#926 = CARTESIAN_POINT ( 'NONE',  ( 34.13633855738090261, 5.224454614669207686, 15.31198223773029099 ) ) ;
#927 = AXIS2_PLACEMENT_3D ( 'NONE', #2923, #427, #7904 ) ;
#928 = VERTEX_POINT ( 'NONE', #1445 ) ;
#929 = VERTEX_POINT ( 'NONE', #5430 ) ;
#930 = CARTESIAN_POINT ( 'NONE',  ( 21.21076683067359880, -21.99999999999999289, 19.50000000000000000 ) ) ;
#931 = CARTESIAN_POINT ( 'NONE',  ( -35.19279986097851776, 0.4613774660522081961, 17.30809179775154760 ) ) ;
#932 = CARTESIAN_POINT ( 'NONE',  ( 14.40894241220452265, -21.99999999999999289, 24.00000000000000000 ) ) ;
#933 = ORIENTED_EDGE ( 'NONE', *, *, #4902, .T. ) ;
#934 = VERTEX_POINT ( 'NONE', #7928 ) ;
#935 = CARTESIAN_POINT ( 'NONE',  ( 3.918869757271530263E-15, -32.00000000000000000, 5.000000000000000000 ) ) ;
#936 = DIRECTION ( 'NONE',  ( -0.000000000000000000, 0.000000000000000000, -1.000000000000000000 ) ) ;
#937 = CARTESIAN_POINT ( 'NONE',  ( 34.73643113877415090, -3.490924571367810092, 20.40931688636421271 ) ) ;
#938 = DIRECTION ( 'NONE',  ( 0.000000000000000000, 0.000000000000000000, 1.000000000000000000 ) ) ;
#939 = DIRECTION ( 'NONE',  ( 7.228014483236693351E-17, -1.000000000000000000, 0.000000000000000000 ) ) ;
#940 = PLANE ( 'NONE',  #793 ) ;
#941 = EDGE_CURVE ( 'NONE', #7944, #3339, #5202, .T. ) ;
#942 = DIRECTION ( 'NONE',  ( -1.000000000000000000, 0.000000000000000000, 0.000000000000000000 ) ) ;
#943 = ORIENTED_EDGE ( 'NONE', *, *, #1730, .T. ) ;
#944 = CARTESIAN_POINT ( 'NONE',  ( 14.40894241220452265, -21.99999999999999289, 24.00000000000000000 ) ) ;
#945 = CARTESIAN_POINT ( 'NONE',  ( -51.10000000000000853, -4.214261501141105981, 14.50000000000000178 ) ) ;
#946 = EDGE_LOOP ( 'NONE', ( #5323, #3520, #3993, #5699 ) ) ;
#947 = CARTESIAN_POINT ( 'NONE',  ( -9.900000000000012790, -3.000000000000002665, 0.000000000000000000 ) ) ;
#948 = ORIENTED_EDGE ( 'NONE', *, *, #3962, .F. ) ;
#949 = VECTOR ( 'NONE', #4471, 1000.000000000000000 ) ;
#950 = VERTEX_POINT ( 'NONE', #1015 ) ;
#951 = AXIS2_PLACEMENT_3D ( 'NONE', #2313, #5451, #5539 ) ;
#952 = CARTESIAN_POINT ( 'NONE',  ( -47.10000000000000853, -4.214261501141110422, 9.500000000000008882 ) ) ;
#953 = CARTESIAN_POINT ( 'NONE',  ( -61.10000000000000142, -4.900000000000014566, 12.00000000000000000 ) ) ;
#954 = CARTESIAN_POINT ( 'NONE',  ( -35.13525305468019866, 1.322782941534139889, 6.151503130812009168 ) ) ;
#955 = CARTESIAN_POINT ( 'NONE',  ( -9.900000000000012790, -4.000000000000002665, 21.00000000000000000 ) ) ;
#956 = ORIENTED_EDGE ( 'NONE', *, *, #3453, .T. ) ;
#957 = CARTESIAN_POINT ( 'NONE',  ( -32.10285882054154882, -8.538429467423405583, 12.84278569508190770 ) ) ;
#958 = VECTOR ( 'NONE', #2332, 1000.000000000000000 ) ;
#959 = CARTESIAN_POINT ( 'NONE',  ( 35.14667803813338764, -1.220877180265527162, 1.445837049880572378 ) ) ;
#960 = PLANE ( 'NONE',  #4763 ) ;
#961 = CARTESIAN_POINT ( 'NONE',  ( -41.11550767288171926, 0.5457640429437853324, 3.331626311604568347 ) ) ;
#962 = VERTEX_POINT ( 'NONE', #7242 ) ;
#963 = CARTESIAN_POINT ( 'NONE',  ( -8.100000000000012079, -24.11946078345985711, 8.552011960040392324 ) ) ;
#964 = CARTESIAN_POINT ( 'NONE',  ( -35.20000000000000284, 0.1253127035074574069, 17.25068751215443541 ) ) ;
#965 = DIRECTION ( 'NONE',  ( -1.000000000000000000, 0.000000000000000000, 0.000000000000000000 ) ) ;
#966 = VECTOR ( 'NONE', #6840, 1000.000000000000000 ) ;
#967 = ORIENTED_EDGE ( 'NONE', *, *, #2218, .T. ) ;
#968 = EDGE_CURVE ( 'NONE', #2046, #6891, #1487, .T. ) ;
#969 = ORIENTED_EDGE ( 'NONE', *, *, #7557, .T. ) ;
#970 = DIRECTION ( 'NONE',  ( -1.000000000000000000, 0.000000000000000000, 0.000000000000000000 ) ) ;
#971 = CARTESIAN_POINT ( 'NONE',  ( 3.918869757271530263E-15, -32.00000000000000000, 10.00000000000000000 ) ) ;
#972 = VECTOR ( 'NONE', #2634, 1000.000000000000000 ) ;
#973 = LINE ( 'NONE', #6619, #4498 ) ;
#974 = DIRECTION ( 'NONE',  ( -1.000000000000000000, -9.941108744852766272E-17, -0.000000000000000000 ) ) ;
#975 = CYLINDRICAL_SURFACE ( 'NONE', #6127, 2.000000000000001776 ) ;
#976 = CIRCLE ( 'NONE', #2039, 10.00000000000000000 ) ;
#977 = DIRECTION ( 'NONE',  ( 1.000000000000000000, 0.000000000000000000, 0.000000000000000000 ) ) ;
#978 = CARTESIAN_POINT ( 'NONE',  ( 37.89999999999999147, -1.734723475976807094E-15, 19.00000000000000000 ) ) ;
#979 = DIRECTION ( 'NONE',  ( 1.387778780781445676E-16, 1.379605977354753491E-32, 1.000000000000000000 ) ) ;
#980 = ORIENTED_EDGE ( 'NONE', *, *, #5715, .F. ) ;
#981 = CARTESIAN_POINT ( 'NONE',  ( -8.100000000000013856, -14.20589888922239830, 5.556536133988207266E-16 ) ) ;
#982 = B_SPLINE_CURVE_WITH_KNOTS ( 'NONE', 3,
 ( #6359, #3738, #4425, #107, #2025, #2603, #635, #7010, #3888, #3300, #5078, #146, #6932, #4505, #8080, #3260, #5747, #6888, #2560, #1396, #4997, #6395, #3134, #5618 ),
 .UNSPECIFIED., .F., .F.,
 ( 4, 2, 2, 2, 2, 2, 2, 2, 2, 2, 2, 4 ),
 ( 2.139092974655536149E-18, 0.0004160261506599469790, 0.0008320523013198921148, 0.001664104602639783145, 0.002496156903959674718, 0.003328209205279565857, 0.004160261506599456129, 0.004992313807919347701, 0.005408339958579287850, 0.005824366109239227131, 0.006240392259899167279, 0.006656418410559106560 ),
 .UNSPECIFIED. ) ;
#983 = DIRECTION ( 'NONE',  ( -0.000000000000000000, 0.000000000000000000, -1.000000000000000000 ) ) ;
#984 = VERTEX_POINT ( 'NONE', #5978 ) ;
#985 = EDGE_CURVE ( 'NONE', #4111, #4329, #5364, .T. ) ;
#986 = CYLINDRICAL_SURFACE ( 'NONE', #6794, 3.750000000000000000 ) ;
#987 = ORIENTED_EDGE ( 'NONE', *, *, #2572, .T. ) ;
#988 = CARTESIAN_POINT ( 'NONE',  ( -14.40894241220451910, -20.99999999999998934, 24.00000000000000000 ) ) ;
#989 = DIRECTION ( 'NONE',  ( -7.228014483236695816E-17, 0.000000000000000000, 1.000000000000000000 ) ) ;
#990 = CARTESIAN_POINT ( 'NONE',  ( 13.40894241220452265, -21.99999999999999289, 5.000000000000000888 ) ) ;
#991 = CARTESIAN_POINT ( 'NONE',  ( 31.51925341933577940, 9.194492428645123283, 15.04937481014199285 ) ) ;
#992 = CARTESIAN_POINT ( 'NONE',  ( -32.01741448451777217, -8.639522150992370086, 12.62371473485616669 ) ) ;
#993 = VECTOR ( 'NONE', #2501, 1000.000000000000000 ) ;
#994 = EDGE_CURVE ( 'NONE', #6092, #421, #7889, .T. ) ;
#995 = CARTESIAN_POINT ( 'NONE',  ( -38.43553390593274344, 14.46446609406725692, 24.00000000000000000 ) ) ;
#996 = LINE ( 'NONE', #5995, #2299 ) ;
#997 = CARTESIAN_POINT ( 'NONE',  ( -46.96168036552500524, 4.214261501141093547, 9.500000000000001776 ) ) ;
#998 = ORIENTED_EDGE ( 'NONE', *, *, #7151, .F. ) ;
#999 = DIRECTION ( 'NONE',  ( -1.000000000000000000, 0.000000000000000000, 0.000000000000000000 ) ) ;
#1000 = DIRECTION ( 'NONE',  ( 0.000000000000000000, 0.000000000000000000, 1.000000000000000000 ) ) ;
#1001 = VECTOR ( 'NONE', #366, 1000.000000000000000 ) ;
#1002 = CYLINDRICAL_SURFACE ( 'NONE', #1271, 1.000000000000000888 ) ;
#1003 = EDGE_CURVE ( 'NONE', #7781, #2880, #7753, .T. ) ;
#1004 = EDGE_CURVE ( 'NONE', #910, #8, #5218, .T. ) ;
#1005 = ORIENTED_EDGE ( 'NONE', *, *, #2659, .T. ) ;
#1006 = CIRCLE ( 'NONE', #631, 5.000000000000000888 ) ;
#1007 = CARTESIAN_POINT ( 'NONE',  ( 37.89999999999999147, 7.000000000000003553, 12.00000000000000000 ) ) ;
#1008 = CARTESIAN_POINT ( 'NONE',  ( -44.55000000000005400, -5.250000000000000888, 12.00000000000002842 ) ) ;
#1009 = CARTESIAN_POINT ( 'NONE',  ( 8.100000000000019185, -20.95235503192306936, 5.604120287097835273 ) ) ;
#1010 = DIRECTION ( 'NONE',  ( 1.491166311727914324E-16, -1.000000000000000000, -0.000000000000000000 ) ) ;
#1011 = CARTESIAN_POINT ( 'NONE',  ( -31.93403825798843343, 8.736056024905042960, 12.25406739810175161 ) ) ;
#1012 = EDGE_CURVE ( 'NONE', #4680, #6358, #2205, .T. ) ;
#1013 = ORIENTED_EDGE ( 'NONE', *, *, #5367, .F. ) ;
#1014 = CARTESIAN_POINT ( 'NONE',  ( -46.10000000000000142, -43.10000000000001563, 9.500000000000003553 ) ) ;
#1015 = CARTESIAN_POINT ( 'NONE',  ( -11.67157287525389009, 28.00000000000000355, 5.000000000000004441 ) ) ;
#1016 = DIRECTION ( 'NONE',  ( -0.000000000000000000, -0.000000000000000000, 1.000000000000000000 ) ) ;
#1017 = VERTEX_POINT ( 'NONE', #7360 ) ;
#1018 = CARTESIAN_POINT ( 'NONE',  ( 20.71778695723699215, -22.86193421515775981, 24.00000000000000000 ) ) ;
#1019 = DIRECTION ( 'NONE',  ( -0.000000000000000000, -0.000000000000000000, -1.000000000000000000 ) ) ;
#1020 = ORIENTED_EDGE ( 'NONE', *, *, #7311, .T. ) ;
#1021 = DIRECTION ( 'NONE',  ( -1.000000000000000000, 0.000000000000000000, 0.000000000000000000 ) ) ;
#1022 = VERTEX_POINT ( 'NONE', #488 ) ;
#1023 = AXIS2_PLACEMENT_3D ( 'NONE', #8052, #7520, #3710 ) ;
#1024 = DIRECTION ( 'NONE',  ( -0.000000000000000000, -0.000000000000000000, -1.000000000000000000 ) ) ;
#1025 = CARTESIAN_POINT ( 'NONE',  ( -34.90000000000000568, 10.92893218813451561, 21.00000000000000000 ) ) ;
#1026 = CARTESIAN_POINT ( 'NONE',  ( -35.15033246058882810, 1.160788314586171044, 6.314642407426354076 ) ) ;
#1027 = CARTESIAN_POINT ( 'NONE',  ( 32.40105980289100529, 8.173241981856993021, 8.430742446146163971 ) ) ;
#1028 = CARTESIAN_POINT ( 'NONE',  ( -32.65809663432590781, -7.827653457624289324, 13.54572216935018858 ) ) ;
#1029 = VECTOR ( 'NONE', #1706, 1000.000000000000000 ) ;
#1030 = VECTOR ( 'NONE', #3355, 1000.000000000000000 ) ;
#1031 = EDGE_CURVE ( 'NONE', #3527, #1931, #2463, .T. ) ;
#1032 = VECTOR ( 'NONE', #4292, 999.9999999999998863 ) ;
#1033 = VERTEX_POINT ( 'NONE', #6262 ) ;
#1034 = CARTESIAN_POINT ( 'NONE',  ( -11.13275750983332735, -33.25563537717448526, -5.303337686558496245 ) ) ;
#1035 = CARTESIAN_POINT ( 'NONE',  ( 14.40894241220452443, -25.41283789321709818, 24.00000000000000000 ) ) ;
#1036 = CARTESIAN_POINT ( 'NONE',  ( -42.00656420234377464, -1.640202986538762175, 19.61906094911835297 ) ) ;
#1037 = ORIENTED_EDGE ( 'NONE', *, *, #6108, .T. ) ;
#1038 = DIRECTION ( 'NONE',  ( 0.000000000000000000, 0.000000000000000000, 1.000000000000000000 ) ) ;
#1039 = ADVANCED_FACE ( 'NONE', ( #1083 ), #5031, .F. ) ;
#1040 = CARTESIAN_POINT ( 'NONE',  ( -31.24999999999998224, -13.50000000000002665, 24.00000000000000000 ) ) ;
#1041 = ORIENTED_EDGE ( 'NONE', *, *, #807, .T. ) ;
#1042 = CIRCLE ( 'NONE', #5894, 11.09999999999999432 ) ;
#1043 = CARTESIAN_POINT ( 'NONE',  ( 20.21076683067359880, -21.99999999999999289, 19.50000000000000000 ) ) ;
#1044 = ORIENTED_EDGE ( 'NONE', *, *, #623, .T. ) ;
#1045 = CARTESIAN_POINT ( 'NONE',  ( 34.83335423258630215, -3.111818262695813520, 16.90081831641462173 ) ) ;
#1046 = CARTESIAN_POINT ( 'NONE',  ( -51.10000000000000853, -1.469693845669930443, 9.500000000000005329 ) ) ;
#1047 = B_SPLINE_CURVE_WITH_KNOTS ( 'NONE', 3,
 ( #1450, #842, #5331, #5256, #7191, #2241, #881, #924, #7226, #3351, #4108, #6488, #1495, #5876, #4073, #2079, #3985, #3423 ),
 .UNSPECIFIED., .F., .F.,
 ( 4, 2, 2, 2, 2, 2, 2, 2, 4 ),
 ( 0.008429546324314808950, 0.008830554180818846882, 0.009231562037322886549, 0.009632569893826924481, 0.01003357775033096241, 0.01043458560683500035, 0.01083559346333903828, 0.01123660131984307795, 0.01163760917634711588 ),
 .UNSPECIFIED. ) ;
#1048 = CARTESIAN_POINT ( 'NONE',  ( -61.10000000000000142, -1.196959198423997211E-14, 12.00000000000000000 ) ) ;
#1049 = ORIENTED_EDGE ( 'NONE', *, *, #3768, .F. ) ;
#1050 = CARTESIAN_POINT ( 'NONE',  ( -9.500000000000005329, 19.00000000000000355, 2.000000000000000888 ) ) ;
#1051 = ADVANCED_FACE ( 'NONE', ( #1757 ), #5517, .T. ) ;
#1052 = EDGE_LOOP ( 'NONE', ( #3571, #4770 ) ) ;
#1053 = PLANE ( 'NONE',  #7516 ) ;
#1054 = CARTESIAN_POINT ( 'NONE',  ( 35.20000000000000995, -6.098637220230962441E-16, 1.250000000000000222 ) ) ;
#1055 = DIRECTION ( 'NONE',  ( 1.000000000000000000, 0.000000000000000000, 0.000000000000000000 ) ) ;
#1056 = EDGE_LOOP ( 'NONE', ( #309, #6490, #6894, #3312 ) ) ;
#1057 = DIRECTION ( 'NONE',  ( 0.000000000000000000, -1.000000000000000000, 0.000000000000000000 ) ) ;
#1058 = CARTESIAN_POINT ( 'NONE',  ( 9.750000000000000000, 24.00000000000000000, 1.999999999999998224 ) ) ;
#1059 = ORIENTED_EDGE ( 'NONE', *, *, #6314, .F. ) ;
#1060 = LINE ( 'NONE', #6058, #396 ) ;
#1061 = VERTEX_POINT ( 'NONE', #3593 ) ;
#1062 = CARTESIAN_POINT ( 'NONE',  ( -13.63356408224038141, -26.06821821145288709, 5.154357993182009601 ) ) ;
#1063 = CARTESIAN_POINT ( 'NONE',  ( -9.750000000000000000, 24.00000000000000355, 5.000000000000004441 ) ) ;
#1064 = CARTESIAN_POINT ( 'NONE',  ( -13.40894241220451732, -25.41283789321709818, -1.392764127182513967 ) ) ;
#1065 = DIRECTION ( 'NONE',  ( 0.000000000000000000, 1.000000000000000000, 0.000000000000000000 ) ) ;
#1066 = CARTESIAN_POINT ( 'NONE',  ( -51.10000000000000853, -4.214261501141111310, 9.500000000000008882 ) ) ;
#1067 = AXIS2_PLACEMENT_3D ( 'NONE', #7253, #4174, #3494 ) ;
#1068 = EDGE_LOOP ( 'NONE', ( #5601, #2130 ) ) ;
#1069 = CARTESIAN_POINT ( 'NONE',  ( 39.89999999999999147, -7.000000000000000888, 10.25000000000000000 ) ) ;
#1070 = FACE_OUTER_BOUND ( 'NONE', #3372, .T. ) ;
#1071 = CARTESIAN_POINT ( 'NONE',  ( -41.66498829755661149, -1.435330575877771908, 20.00785653007376297 ) ) ;
#1072 = ORIENTED_EDGE ( 'NONE', *, *, #659, .F. ) ;
#1073 = CARTESIAN_POINT ( 'NONE',  ( -32.82893218813453728, 18.00000000000000000, 12.00000000000000000 ) ) ;
#1074 = CARTESIAN_POINT ( 'NONE',  ( -51.40282153820585620, 1.542553720136435880, 9.544068065465932449 ) ) ;
#1075 = LINE ( 'NONE', #4117, #3114 ) ;
#1076 = CARTESIAN_POINT ( 'NONE',  ( 33.72251633105790347, -6.105364324777919016, 8.351162091098197848 ) ) ;
#1077 = DIRECTION ( 'NONE',  ( 0.000000000000000000, 0.000000000000000000, -1.000000000000000000 ) ) ;
#1078 = CARTESIAN_POINT ( 'NONE',  ( -9.410179721124459107, 18.58578643762691485, 9.414213562373086930 ) ) ;
#1079 = VECTOR ( 'NONE', #3764, 1000.000000000000000 ) ;
#1080 = DIRECTION ( 'NONE',  ( -1.000000000000000000, 0.000000000000000000, 0.000000000000000000 ) ) ;
#1081 = CARTESIAN_POINT ( 'NONE',  ( -13.40894241220452088, -25.59375907316999488, -1.439945001060856988 ) ) ;
#1082 = ORIENTED_EDGE ( 'NONE', *, *, #3937, .T. ) ;
#1083 = FACE_OUTER_BOUND ( 'NONE', #616, .T. ) ;
#1084 = FACE_BOUND ( 'NONE', #3070, .T. ) ;
#1085 = VERTEX_POINT ( 'NONE', #2985 ) ;
#1086 = CARTESIAN_POINT ( 'NONE',  ( -49.10000000000000142, -8.767025567052019698E-15, 12.00000000000000000 ) ) ;
#1087 = CARTESIAN_POINT ( 'NONE',  ( -46.10000000000000853, -4.622502080891606191, 13.63142012399936043 ) ) ;
#1088 = VERTEX_POINT ( 'NONE', #5474 ) ;
#1089 = ADVANCED_FACE ( 'NONE', ( #4937, #16 ), #6088, .T. ) ;
#1090 = DIRECTION ( 'NONE',  ( -0.000000000000000000, -0.000000000000000000, -1.000000000000000000 ) ) ;
#1091 = CIRCLE ( 'NONE', #6347, 3.750000000000001776 ) ;
#1092 = ADVANCED_FACE ( 'NONE', ( #4237 ), #4332, .F. ) ;
#1093 = EDGE_CURVE ( 'NONE', #3860, #929, #67, .T. ) ;
#1094 = CARTESIAN_POINT ( 'NONE',  ( -42.58456515516913043, -7.000000000000000000, 13.75000000000000000 ) ) ;
#1095 = AXIS2_PLACEMENT_3D ( 'NONE', #3804, #94, #2589 ) ;
#1096 = PLANE ( 'NONE',  #7594 ) ;
#1097 = CARTESIAN_POINT ( 'NONE',  ( 9.469599583732998482, 18.71635375577180227, 9.283646244228201283 ) ) ;
#1098 = CARTESIAN_POINT ( 'NONE',  ( 34.89999999999999147, -10.92893218813451384, 0.000000000000000000 ) ) ;
#1099 = EDGE_CURVE ( 'NONE', #1540, #1419, #2014, .T. ) ;
#1100 = EDGE_CURVE ( 'NONE', #113, #4911, #2671, .T. ) ;
#1101 = CARTESIAN_POINT ( 'NONE',  ( -41.11115776008504952, 8.673777660336513762, 12.52790252860303077 ) ) ;
#1102 = ORIENTED_EDGE ( 'NONE', *, *, #3891, .T. ) ;
#1103 = EDGE_CURVE ( 'NONE', #1182, #5449, #5117, .T. ) ;
#1104 = EDGE_CURVE ( 'NONE', #1775, #6504, #6945, .T. ) ;
#1105 = VERTEX_POINT ( 'NONE', #856 ) ;
#1106 = EDGE_LOOP ( 'NONE', ( #597, #3576, #2401, #1505, #6235, #2730, #4675, #2513, #4169, #3846 ) ) ;
#1107 = CARTESIAN_POINT ( 'NONE',  ( 34.71841564220531495, -3.556540507661662964, 3.786394807884224445 ) ) ;
#1108 = CARTESIAN_POINT ( 'NONE',  ( 35.20000000000000995, -0.009999999999910150206, 1.250013333357041567 ) ) ;
#1109 = CARTESIAN_POINT ( 'NONE',  ( -44.00626777901033648, -1.163869760233561923, 17.67654539119756407 ) ) ;
#1110 = ORIENTED_EDGE ( 'NONE', *, *, #4420, .T. ) ;
#1111 = ORIENTED_EDGE ( 'NONE', *, *, #5732, .T. ) ;
#1112 = CARTESIAN_POINT ( 'NONE',  ( -9.499999999999994671, 10.99999999999999289, 16.99999999999992184 ) ) ;
#1113 = DIRECTION ( 'NONE',  ( -1.000000000000000000, 0.000000000000000000, 0.000000000000000000 ) ) ;
#1114 = ORIENTED_EDGE ( 'NONE', *, *, #6948, .F. ) ;
#1115 = EDGE_CURVE ( 'NONE', #603, #3183, #2590, .T. ) ;
#1116 = VECTOR ( 'NONE', #1456, 1000.000000000000000 ) ;
#1117 = ORIENTED_EDGE ( 'NONE', *, *, #6715, .F. ) ;
#1118 = DIRECTION ( 'NONE',  ( 1.387778780781445676E-16, 1.379605977354753764E-32, 1.000000000000000000 ) ) ;
#1119 = DIRECTION ( 'NONE',  ( 0.000000000000000000, 0.000000000000000000, -1.000000000000000000 ) ) ;
#1120 = CARTESIAN_POINT ( 'NONE',  ( -34.89999999999999858, -18.00000000000000355, 21.00000000000000000 ) ) ;
#1121 = CARTESIAN_POINT ( 'NONE',  ( -35.17165999395618314, -0.8826091733484008328, 20.51541034554387011 ) ) ;
#1122 = DIRECTION ( 'NONE',  ( 1.000000000000000000, -0.000000000000000000, -0.000000000000000000 ) ) ;
#1123 = CARTESIAN_POINT ( 'NONE',  ( 13.51388176966848320, -30.58006954725383153, 19.46711026992852567 ) ) ;
#1124 = PRODUCT_DEFINITION_FORMATION_WITH_SPECIFIED_SOURCE ( 'ANY', '', #2106, .NOT_KNOWN. ) ;
#1125 = EDGE_LOOP ( 'NONE', ( #6047, #3375, #3918, #513, #5777 ) ) ;
#1126 = B_SPLINE_CURVE_WITH_KNOTS ( 'NONE', 3,
 ( #4678, #3466, #7192, #4523, #1578, #3311, #2122, #1537, #5174, #161, #1451, #7674 ),
 .UNSPECIFIED., .F., .F.,
 ( 4, 2, 2, 2, 2, 4 ),
 ( -1.414213797722621169E-05, 0.001484565653638516983, 0.002983273445254259939, 0.003732627341062133477, 0.004481981236870006581, 0.005980689028485748453 ),
 .UNSPECIFIED. ) ;
#1127 = EDGE_CURVE ( 'NONE', #1728, #3992, #5067, .T. ) ;
#1128 = ORIENTED_EDGE ( 'NONE', *, *, #4416, .T. ) ;
#1129 = VERTEX_POINT ( 'NONE', #740 ) ;
#1130 = CARTESIAN_POINT ( 'NONE',  ( 37.89999999999999147, 7.000000000000003553, 13.75000000000000000 ) ) ;
#1131 = CARTESIAN_POINT ( 'NONE',  ( 35.14667803813338054, 1.220877180265523387, 8.554162950119430064 ) ) ;
#1132 = CARTESIAN_POINT ( 'NONE',  ( -14.40894241220451910, -21.99999999999999289, 24.00000000000000000 ) ) ;
#1133 = ORIENTED_EDGE ( 'NONE', *, *, #1370, .F. ) ;
#1134 = CARTESIAN_POINT ( 'NONE',  ( -51.55764244422679354, -4.276802767314925369, 14.39162703258357823 ) ) ;
#1135 = CARTESIAN_POINT ( 'NONE',  ( -21.90999999999990067, 13.29999999999999538, 0.000000000000000000 ) ) ;
#1136 = EDGE_LOOP ( 'NONE', ( #783, #3287 ) ) ;
#1137 = LINE ( 'NONE', #547, #3273 ) ;
#1138 = EDGE_CURVE ( 'NONE', #1250, #1795, #2054, .T. ) ;
#1139 = DIRECTION ( 'NONE',  ( -1.000000000000000000, 0.000000000000000000, 0.000000000000000000 ) ) ;
#1140 = CARTESIAN_POINT ( 'NONE',  ( -34.89999999999999858, -18.00000000000000355, 19.50000000000000000 ) ) ;
#1141 = ORIENTED_EDGE ( 'NONE', *, *, #7995, .F. ) ;
#1142 = DIRECTION ( 'NONE',  ( 0.000000000000000000, 0.000000000000000000, 1.000000000000000000 ) ) ;
#1143 = DIRECTION ( 'NONE',  ( -0.000000000000000000, -0.000000000000000000, -1.000000000000000000 ) ) ;
#1144 = LINE ( 'NONE', #2960, #4696 ) ;
#1145 = VERTEX_POINT ( 'NONE', #5848 ) ;
#1146 = AXIS2_PLACEMENT_3D ( 'NONE', #6941, #723, #3779 ) ;
#1147 = ORIENTED_EDGE ( 'NONE', *, *, #1263, .T. ) ;
#1148 = ORIENTED_EDGE ( 'NONE', *, *, #6414, .T. ) ;
#1149 = ADVANCED_FACE ( 'NONE', ( #3842 ), #6463, .F. ) ;
#1150 = EDGE_CURVE ( 'NONE', #1187, #2461, #2749, .T. ) ;
#1151 = ORIENTED_EDGE ( 'NONE', *, *, #6938, .F. ) ;
#1152 = PLANE ( 'NONE',  #5074 ) ;
#1153 = DIRECTION ( 'NONE',  ( 1.000000000000000000, 9.941108744852766272E-17, 0.000000000000000000 ) ) ;
#1154 = CARTESIAN_POINT ( 'NONE',  ( -41.06341708904017906, -0.2782561788967007343, 20.73319325372073507 ) ) ;
#1155 = CIRCLE ( 'NONE', #911, 7.099999999999999645 ) ;
#1156 = EDGE_CURVE ( 'NONE', #7781, #7429, #2641, .T. ) ;
#1157 = ORIENTED_EDGE ( 'NONE', *, *, #4969, .F. ) ;
#1158 = LINE ( 'NONE', #5543, #2385 ) ;
#1159 = CARTESIAN_POINT ( 'NONE',  ( -51.25840710254078658, 1.486668787830260463, 9.509841458488574872 ) ) ;
#1160 = VERTEX_POINT ( 'NONE', #1008 ) ;
#1161 = VECTOR ( 'NONE', #1605, 1000.000000000000227 ) ;
#1162 = ORIENTED_EDGE ( 'NONE', *, *, #764, .T. ) ;
#1163 = CARTESIAN_POINT ( 'NONE',  ( 34.67112562699850287, 3.722733768821914424, 18.43953140612695307 ) ) ;
#1164 = VECTOR ( 'NONE', #199, 1000.000000000000000 ) ;
#1165 = DIRECTION ( 'NONE',  ( 1.000000000000000000, -0.000000000000000000, -0.000000000000000000 ) ) ;
#1166 = ADVANCED_FACE ( 'NONE', ( #1589 ), #1836, .F. ) ;
#1167 = CARTESIAN_POINT ( 'NONE',  ( -10.90180841670001399, -34.08819856468884524, 16.50000000000000000 ) ) ;
#1168 = LINE ( 'NONE', #4324, #850 ) ;
#1169 = VECTOR ( 'NONE', #7601, 1000.000000000000000 ) ;
#1170 = DIRECTION ( 'NONE',  ( 0.000000000000000000, 0.000000000000000000, 1.000000000000000000 ) ) ;
#1171 = ORIENTED_EDGE ( 'NONE', *, *, #870, .F. ) ;
#1172 = VECTOR ( 'NONE', #3337, 1000.000000000000000 ) ;
#1173 = CARTESIAN_POINT ( 'NONE',  ( -46.10000000000000142, 4.899999999999995914, 12.00000000000000000 ) ) ;
#1174 = ORIENTED_EDGE ( 'NONE', *, *, #7671, .T. ) ;
#1175 = FACE_OUTER_BOUND ( 'NONE', #2454, .T. ) ;
#1176 = CARTESIAN_POINT ( 'NONE',  ( -17.83696749480074217, -24.55653389894379046, -0.01860051821077080003 ) ) ;
#1177 = CARTESIAN_POINT ( 'NONE',  ( 13.08578643762699478, 27.41421356237308871, 1.999999999999997780 ) ) ;
#1178 = VECTOR ( 'NONE', #5778, 1000.000000000000000 ) ;
#1179 = CIRCLE ( 'NONE', #5489, 13.29000000000000270 ) ;
#1180 = LINE ( 'NONE', #5069, #7240 ) ;
#1181 = CARTESIAN_POINT ( 'NONE',  ( 15.17106781186546627, 20.00000000000000355, 18.00000000000000355 ) ) ;
#1182 = VERTEX_POINT ( 'NONE', #6042 ) ;
#1183 = CARTESIAN_POINT ( 'NONE',  ( -33.00000000000001421, 13.49999999999998046, 24.00000000000000000 ) ) ;
#1184 = AXIS2_PLACEMENT_3D ( 'NONE', #845, #2082, #4405 ) ;
#1185 = CARTESIAN_POINT ( 'NONE',  ( -41.48133673318119463, -8.223734474809040407, 13.25613993956324599 ) ) ;
#1186 = CARTESIAN_POINT ( 'NONE',  ( 8.171067811865460939, 20.00000000000000000, 17.99999999999999645 ) ) ;
#1187 = VERTEX_POINT ( 'NONE', #5424 ) ;
#1188 = DIRECTION ( 'NONE',  ( 1.000000000000000000, 0.000000000000000000, 0.000000000000000000 ) ) ;
#1189 = DIRECTION ( 'NONE',  ( 9.941108744852765039E-17, -1.000000000000000000, -1.215432671457254510E-63 ) ) ;
#1190 = EDGE_LOOP ( 'NONE', ( #2587, #5196, #69, #797, #7877, #5608, #1627, #3923 ) ) ;
#1191 = CIRCLE ( 'NONE', #7470, 11.09999999999999432 ) ;
#1192 = CARTESIAN_POINT ( 'NONE',  ( -11.58419194333646907, -32.32852751763761745, 7.800601374321597170 ) ) ;
#1193 = ORIENTED_EDGE ( 'NONE', *, *, #1127, .F. ) ;
#1194 = ORIENTED_EDGE ( 'NONE', *, *, #2239, .F. ) ;
#1195 = ORIENTED_EDGE ( 'NONE', *, *, #6314, .T. ) ;
#1196 = VERTEX_POINT ( 'NONE', #7808 ) ;
#1197 = FACE_OUTER_BOUND ( 'NONE', #5987, .T. ) ;
#1198 = CARTESIAN_POINT ( 'NONE',  ( 38.43553390593272923, -14.46446609406724981, 24.00000000000000000 ) ) ;
#1199 = CARTESIAN_POINT ( 'NONE',  ( 30.50461135940032520, -10.14919806568397398, 14.04980480125769837 ) ) ;
#1200 = EDGE_LOOP ( 'NONE', ( #4496, #6348, #7558, #4537, #6346, #6021, #7959 ) ) ;
#1201 = VERTEX_POINT ( 'NONE', #2211 ) ;
#1202 = CARTESIAN_POINT ( 'NONE',  ( -8.099999999999999645, -1.207844712499610558E-15, 0.000000000000000000 ) ) ;
#1203 = LINE ( 'NONE', #4269, #3789 ) ;
#1204 = ORIENTED_EDGE ( 'NONE', *, *, #5827, .F. ) ;
#1205 = EDGE_CURVE ( 'NONE', #5233, #290, #3439, .T. ) ;
#1206 = ORIENTED_EDGE ( 'NONE', *, *, #7995, .T. ) ;
#1207 = EDGE_CURVE ( 'NONE', #7199, #1105, #5344, .T. ) ;
#1208 = VECTOR ( 'NONE', #2397, 1000.000000000000000 ) ;
#1209 = CARTESIAN_POINT ( 'NONE',  ( 35.20000000000000995, 0.009999999999908523035, 15.25001333335703535 ) ) ;
#1210 = DIRECTION ( 'NONE',  ( 1.000000000000000000, 0.000000000000000000, 0.000000000000000000 ) ) ;
#1211 = LINE ( 'NONE', #4838, #7712 ) ;
#1212 = CARTESIAN_POINT ( 'NONE',  ( 12.98425829248711949, -30.89161276912520648, -2.846129782677945474 ) ) ;
#1213 = FACE_OUTER_BOUND ( 'NONE', #2839, .T. ) ;
#1214 = ORIENTED_EDGE ( 'NONE', *, *, #4864, .T. ) ;
#1215 = VECTOR ( 'NONE', #7828, 999.9999999999998863 ) ;
#1216 = ADVANCED_FACE ( 'NONE', ( #6007 ), #3508, .F. ) ;
#1217 = VERTEX_POINT ( 'NONE', #6618 ) ;
#1218 = DIRECTION ( 'NONE',  ( 1.000000000000000000, 0.000000000000000000, 0.000000000000000000 ) ) ;
#1219 = VERTEX_POINT ( 'NONE', #2288 ) ;
#1220 = EDGE_LOOP ( 'NONE', ( #4511, #980, #6183, #8015 ) ) ;
#1221 = FACE_OUTER_BOUND ( 'NONE', #1106, .T. ) ;
#1222 = CARTESIAN_POINT ( 'NONE',  ( 11.09202757958309427, -33.37004792969053568, 17.18804567813539208 ) ) ;
#1223 = VECTOR ( 'NONE', #5039, 1000.000000000000000 ) ;
#1224 = CARTESIAN_POINT ( 'NONE',  ( -26.90000000000000924, -3.000000000000004441, 24.00000000000000000 ) ) ;
#1225 = ORIENTED_EDGE ( 'NONE', *, *, #5237, .T. ) ;
#1226 = CARTESIAN_POINT ( 'NONE',  ( 9.500000000000008882, 20.00000000000000000, 8.000000000000010658 ) ) ;
#1227 = CARTESIAN_POINT ( 'NONE',  ( -33.46628400282503435, 6.577353595547919873, 10.28787775886657840 ) ) ;
#1228 = EDGE_LOOP ( 'NONE', ( #3245, #7554, #242, #7215, #1752, #4044 ) ) ;
#1229 = CARTESIAN_POINT ( 'NONE',  ( 6.100000000000004086, -32.00000000000000000, 24.00000000000000000 ) ) ;
#1230 = VECTOR ( 'NONE', #4202, 1000.000000000000000 ) ;
#1231 = DIRECTION ( 'NONE',  ( -0.000000000000000000, -0.000000000000000000, -1.000000000000000000 ) ) ;
#1232 = EDGE_CURVE ( 'NONE', #6898, #394, #6539, .T. ) ;
#1233 = DIRECTION ( 'NONE',  ( 0.000000000000000000, 0.000000000000000000, -1.000000000000000000 ) ) ;
#1234 = VECTOR ( 'NONE', #6659, 1000.000000000000000 ) ;
#1235 = ORIENTED_EDGE ( 'NONE', *, *, #2208, .T. ) ;
#1236 = CARTESIAN_POINT ( 'NONE',  ( -9.900000000000012790, -4.000000000000001776, 24.00000000000000000 ) ) ;
#1237 = DIRECTION ( 'NONE',  ( -1.000000000000000000, 0.000000000000000000, 0.000000000000000000 ) ) ;
#1238 = CARTESIAN_POINT ( 'NONE',  ( -10.98430102168915568, -33.72621417586407233, 9.553425564183502416 ) ) ;
#1239 = ORIENTED_EDGE ( 'NONE', *, *, #2758, .T. ) ;
#1240 = VERTEX_POINT ( 'NONE', #4118 ) ;
#1241 = ORIENTED_EDGE ( 'NONE', *, *, #5861, .F. ) ;
#1242 = CARTESIAN_POINT ( 'NONE',  ( 35.20000000000000995, 0.009999999999907263626, 21.00000000000000000 ) ) ;
#1243 = CARTESIAN_POINT ( 'NONE',  ( -14.09999999999999076, -32.00000000000000000, 16.50000000000000000 ) ) ;
#1244 = CARTESIAN_POINT ( 'NONE',  ( 29.82999735836644462, -10.68242048266222355, 12.72222896080759469 ) ) ;
#1245 = B_SPLINE_CURVE_WITH_KNOTS ( 'NONE', 3,
 ( #7228, #2898, #5379, #3427, #6609, #7267, #7875, #5920 ),
 .UNSPECIFIED., .F., .F.,
 ( 4, 2, 2, 4 ),
 ( -8.944281848185323475E-06, 0.0009061888350755181124, 0.001363755393537369708, 0.001821321951999221520 ),
 .UNSPECIFIED. ) ;
#1246 = EDGE_LOOP ( 'NONE', ( #6755, #6862, #5893, #584 ) ) ;
#1247 = DIRECTION ( 'NONE',  ( -0.8619342151577694677, 0.5070201265633940135, 0.000000000000000000 ) ) ;
#1248 = CIRCLE ( 'NONE', #220, 2.000000000000004441 ) ;
#1249 = DIRECTION ( 'NONE',  ( 0.000000000000000000, 0.000000000000000000, 1.000000000000000000 ) ) ;
#1250 = VERTEX_POINT ( 'NONE', #7201 ) ;
#1251 = ADVANCED_FACE ( 'NONE', ( #367 ), #7881, .F. ) ;
#1252 = ORIENTED_EDGE ( 'NONE', *, *, #4956, .T. ) ;
#1253 = CARTESIAN_POINT ( 'NONE',  ( 1.500000000000000222, 0.000000000000000000, 0.000000000000000000 ) ) ;
#1254 = CARTESIAN_POINT ( 'NONE',  ( 34.74408720584472832, 3.462772873348176628, 10.72884278226099042 ) ) ;
#1255 = CARTESIAN_POINT ( 'NONE',  ( -52.10000000000000853, -2.900000000000012790, 12.00000000000000000 ) ) ;
#1256 = CARTESIAN_POINT ( 'NONE',  ( 1.332410057327821473, -34.26509709745728571, 19.50000000000000000 ) ) ;
#1257 = EDGE_CURVE ( 'NONE', #950, #3971, #1313, .T. ) ;
#1258 = CARTESIAN_POINT ( 'NONE',  ( 11.67157287525389187, 28.00000000000000355, 4.999999999999997335 ) ) ;
#1259 = ORIENTED_EDGE ( 'NONE', *, *, #519, .F. ) ;
#1260 = EDGE_CURVE ( 'NONE', #4633, #394, #6410, .T. ) ;
#1261 = VERTEX_POINT ( 'NONE', #2252 ) ;
#1262 = EDGE_LOOP ( 'NONE', ( #1141, #7680, #7645, #675, #5541, #7376, #1792, #851, #5456, #3680 ) ) ;
#1263 = EDGE_CURVE ( 'NONE', #170, #5726, #400, .T. ) ;
#1264 = VERTEX_POINT ( 'NONE', #4609 ) ;
#1265 = CARTESIAN_POINT ( 'NONE',  ( 2.499999999999992006, 18.00000000000000355, 12.00000000000000000 ) ) ;
#1266 = CARTESIAN_POINT ( 'NONE',  ( 10.93923787931776204, -33.90650778900105422, 16.67303858056542865 ) ) ;
#1267 = DIRECTION ( 'NONE',  ( 1.000000000000000000, 0.000000000000000000, -0.000000000000000000 ) ) ;
#1268 = LINE ( 'NONE', #7450, #1079 ) ;
#1269 = ORIENTED_EDGE ( 'NONE', *, *, #25, .F. ) ;
#1270 = DIRECTION ( 'NONE',  ( 0.000000000000000000, 0.000000000000000000, -1.000000000000000000 ) ) ;
#1271 = AXIS2_PLACEMENT_3D ( 'NONE', #3387, #5305, #6001 ) ;
#1272 = EDGE_CURVE ( 'NONE', #5883, #2802, #1042, .T. ) ;
#1273 = LINE ( 'NONE', #3089, #4438 ) ;
#1274 = CARTESIAN_POINT ( 'NONE',  ( -39.90000000000000568, -7.000000000000000888, 10.25000000000000000 ) ) ;
#1275 = ORIENTED_EDGE ( 'NONE', *, *, #6912, .F. ) ;
#1276 = FACE_OUTER_BOUND ( 'NONE', #6203, .T. ) ;
#1277 = CARTESIAN_POINT ( 'NONE',  ( 13.08578643762699478, 27.41421356237308871, 4.999999999999997335 ) ) ;
#1278 = CYLINDRICAL_SURFACE ( 'NONE', #922, 1.749999999999999778 ) ;
#1279 = ORIENTED_EDGE ( 'NONE', *, *, #8011, .T. ) ;
#1280 = ORIENTED_EDGE ( 'NONE', *, *, #3659, .F. ) ;
#1281 = DIRECTION ( 'NONE',  ( 1.000000000000000000, 9.637352644315594010E-17, 0.000000000000000000 ) ) ;
#1282 = CARTESIAN_POINT ( 'NONE',  ( -35.08709523028638699, -1.738803474709466279, 4.771782968852541273 ) ) ;
#1283 = CARTESIAN_POINT ( 'NONE',  ( -39.90000000000000568, -3.955505321723094390E-16, 6.750000000000000000 ) ) ;
#1284 = EDGE_LOOP ( 'NONE', ( #2000, #7438, #6239, #7395, #7148, #5146 ) ) ;
#1285 = CARTESIAN_POINT ( 'NONE',  ( -42.58456515516911622, 7.000000000000003553, 13.75000000000000000 ) ) ;
#1286 = CARTESIAN_POINT ( 'NONE',  ( 10.17106781186546272, 20.00000000000000000, 12.00000000000000000 ) ) ;
#1287 = VERTEX_POINT ( 'NONE', #5385 ) ;
#1288 = ADVANCED_FACE ( 'NONE', ( #4153 ), #439, .F. ) ;
#1289 = ORIENTED_EDGE ( 'NONE', *, *, #7443, .T. ) ;
#1290 = VECTOR ( 'NONE', #6409, 1000.000000000000000 ) ;
#1291 = EDGE_CURVE ( 'NONE', #3527, #5064, #3395, .T. ) ;
#1292 = CARTESIAN_POINT ( 'NONE',  ( -27.90000000000001634, -11.87355764515854872, 27.37564445790673773 ) ) ;
#1293 = CARTESIAN_POINT ( 'NONE',  ( -13.27743229591008856, -30.71915747299403421, 5.831395812114998023 ) ) ;
#1294 = CARTESIAN_POINT ( 'NONE',  ( -9.500000000000003553, 20.00000000000000355, 8.000000000000014211 ) ) ;
#1295 = LINE ( 'NONE', #2540, #6470 ) ;
#1296 = CARTESIAN_POINT ( 'NONE',  ( -32.82893218813453728, 20.00000000000000000, 16.00000000000000000 ) ) ;
#1297 = ORIENTED_EDGE ( 'NONE', *, *, #68, .T. ) ;
#1298 = VECTOR ( 'NONE', #532, 1000.000000000000000 ) ;
#1299 = EDGE_LOOP ( 'NONE', ( #5435, #3560, #5488, #1111 ) ) ;
#1300 = CIRCLE ( 'NONE', #6005, 1.750000000000001554 ) ;
#1301 = ORIENTED_EDGE ( 'NONE', *, *, #5861, .T. ) ;
#1302 = AXIS2_PLACEMENT_3D ( 'NONE', #4707, #6024, #4135 ) ;
#1303 = ORIENTED_EDGE ( 'NONE', *, *, #3062, .T. ) ;
#1304 = CARTESIAN_POINT ( 'NONE',  ( -22.29429915795131834, 18.20570084204867811, 9.794299157951318335 ) ) ;
#1305 = CARTESIAN_POINT ( 'NONE',  ( 13.27743229591009744, -30.71915747299405908, -2.568471007018299002 ) ) ;
#1306 = DIRECTION ( 'NONE',  ( 1.387778780781445676E-16, 1.379605977354753764E-32, 1.000000000000000000 ) ) ;
#1307 = DIRECTION ( 'NONE',  ( 0.000000000000000000, 0.000000000000000000, -1.000000000000000000 ) ) ;
#1308 = EDGE_LOOP ( 'NONE', ( #486, #83, #3745, #1600, #1382, #6041, #3591, #2703, #869, #637 ) ) ;
#1309 = CIRCLE ( 'NONE', #7958, 1.750000000000005107 ) ;
#1310 = CARTESIAN_POINT ( 'NONE',  ( -20.21076683067359525, -20.99999999999999289, 19.50000000000000000 ) ) ;
#1311 = EDGE_CURVE ( 'NONE', #1250, #7944, #7309, .T. ) ;
#1312 = CARTESIAN_POINT ( 'NONE',  ( -52.10000000000000853, 4.664761515876231890, 13.50000000000000533 ) ) ;
#1313 = CIRCLE ( 'NONE', #3159, 2.000000000000000000 ) ;
#1314 = LINE ( 'NONE', #5036, #270 ) ;
#1315 = AXIS2_PLACEMENT_3D ( 'NONE', #3855, #2522, #1237 ) ;
#1316 = LINE ( 'NONE', #5787, #7655 ) ;
#1317 = EDGE_LOOP ( 'NONE', ( #2581, #7109, #3955 ) ) ;
#1318 = LINE ( 'NONE', #4341, #1223 ) ;
#1319 = CARTESIAN_POINT ( 'NONE',  ( 34.89999999999999147, -17.99999999999999289, 5.000000000000000000 ) ) ;
#1320 = CARTESIAN_POINT ( 'NONE',  ( 1.500000000000000222, 0.000000000000000000, 24.00000000000000000 ) ) ;
#1321 = EDGE_LOOP ( 'NONE', ( #2722, #7421, #7885, #2710, #2626, #5193 ) ) ;
#1322 = LINE ( 'NONE', #7699, #5339 ) ;
#1323 = ORIENTED_EDGE ( 'NONE', *, *, #5780, .F. ) ;
#1324 = CARTESIAN_POINT ( 'NONE',  ( -20.21076683067359525, -20.99999999999999289, 0.000000000000000000 ) ) ;
#1325 = CARTESIAN_POINT ( 'NONE',  ( -35.17151475021675111, -0.8847703529184809401, 3.485879812322605797 ) ) ;
#1326 = CARTESIAN_POINT ( 'NONE',  ( -34.90000000000000568, 10.92893218813451561, 0.000000000000000000 ) ) ;
#1327 = CARTESIAN_POINT ( 'NONE',  ( -9.900000000000012790, -12.00000000000000355, 24.00000000000000000 ) ) ;
#1328 = VECTOR ( 'NONE', #4792, 1000.000000000000000 ) ;
#1329 = ORIENTED_EDGE ( 'NONE', *, *, #1661, .F. ) ;
#1330 = B_SPLINE_CURVE_WITH_KNOTS ( 'NONE', 3,
 ( #2275, #2118, #1533, #3983, #2810, #4674, #4595, #386, #4749, #5295, #3532, #877, #7222, #4140 ),
 .UNSPECIFIED., .F., .F.,
 ( 4, 2, 2, 2, 2, 2, 4 ),
 ( 0.001654588825863485910, 0.002056530448741252914, 0.002458472071619020351, 0.003262355317374561296, 0.003664296940252330468, 0.004066238563130097905, 0.004870121808885632779 ),
 .UNSPECIFIED. ) ;
#1331 = DIRECTION ( 'NONE',  ( 0.000000000000000000, 0.000000000000000000, -1.000000000000000000 ) ) ;
#1332 = DIRECTION ( 'NONE',  ( -1.000000000000000000, -1.734723475976807094E-15, 4.336808689942017736E-16 ) ) ;
#1333 = ORIENTED_EDGE ( 'NONE', *, *, #2843, .T. ) ;
#1334 = DIRECTION ( 'NONE',  ( -1.000000000000000000, -6.624790897247282050E-16, 0.000000000000000000 ) ) ;
#1335 = CARTESIAN_POINT ( 'NONE',  ( -35.17151475021674401, -0.8847703529184822724, 17.48587981232260802 ) ) ;
#1336 = CARTESIAN_POINT ( 'NONE',  ( -47.10000000000000853, 4.214261501141093547, 9.500000000000008882 ) ) ;
#1337 = VERTEX_POINT ( 'NONE', #5504 ) ;
#1338 = AXIS2_PLACEMENT_3D ( 'NONE', #1063, #5404, #4669 ) ;
#1339 = VERTEX_POINT ( 'NONE', #6167 ) ;
#1340 = ORIENTED_EDGE ( 'NONE', *, *, #1838, .F. ) ;
#1341 = VERTEX_POINT ( 'NONE', #528 ) ;
#1342 = CARTESIAN_POINT ( 'NONE',  ( 35.09738866112217437, 1.673835389229674897, 1.635396401802106769 ) ) ;
#1343 = CARTESIAN_POINT ( 'NONE',  ( -52.10000000000000853, -9.567667171349009773E-15, 12.00000000000000000 ) ) ;
#1344 = CIRCLE ( 'NONE', #1874, 1.750000000000005107 ) ;
#1345 = EDGE_CURVE ( 'NONE', #3204, #3342, #280, .T. ) ;
#1346 = LINE ( 'NONE', #217, #1749 ) ;
#1347 = ORIENTED_EDGE ( 'NONE', *, *, #3514, .F. ) ;
#1348 = DIRECTION ( 'NONE',  ( 7.228014483236693351E-17, -1.000000000000000000, 0.000000000000000000 ) ) ;
#1349 = COLOUR_RGB ( '',0.7921568627450980005, 0.8196078431372548767, 0.9333333333333333481 ) ;
#1350 = FACE_BOUND ( 'NONE', #6722, .T. ) ;
#1351 = CARTESIAN_POINT ( 'NONE',  ( 32.82893218813451597, 13.00000000000000711, 0.000000000000000000 ) ) ;
#1352 = EDGE_CURVE ( 'NONE', #735, #5980, #2369, .T. ) ;
#1353 = ORIENTED_EDGE ( 'NONE', *, *, #5470, .F. ) ;
#1354 = DIRECTION ( 'NONE',  ( 1.000000000000000000, 0.000000000000000000, 0.000000000000000000 ) ) ;
#1355 = DIRECTION ( 'NONE',  ( 0.000000000000000000, 1.000000000000000000, 0.000000000000000000 ) ) ;
#1356 = DIRECTION ( 'NONE',  ( 0.8619342151577693567, -0.5070201265633940135, 0.000000000000000000 ) ) ;
#1357 = AXIS2_PLACEMENT_3D ( 'NONE', #3124, #2514, #18 ) ;
#1358 = VERTEX_POINT ( 'NONE', #1255 ) ;
#1359 = EDGE_CURVE ( 'NONE', #1806, #1575, #4822, .T. ) ;
#1360 = CARTESIAN_POINT ( 'NONE',  ( -52.09999999999998721, -2.399496757735744890, 13.63640377625151423 ) ) ;
#1361 = DIRECTION ( 'NONE',  ( 0.000000000000000000, 0.000000000000000000, -1.000000000000000000 ) ) ;
#1362 = ORIENTED_EDGE ( 'NONE', *, *, #7566, .T. ) ;
#1363 = VECTOR ( 'NONE', #1016, 1000.000000000000000 ) ;
#1364 = FACE_OUTER_BOUND ( 'NONE', #5997, .T. ) ;
#1365 = CARTESIAN_POINT ( 'NONE',  ( 32.82893218813451597, 18.00000000000000711, 21.00000000000000000 ) ) ;
#1366 = EDGE_CURVE ( 'NONE', #929, #884, #3533, .T. ) ;
#1367 = ADVANCED_FACE ( 'NONE', ( #6775 ), #4975, .F. ) ;
#1368 = DIRECTION ( 'NONE',  ( -1.000000000000000000, 0.000000000000000000, 0.000000000000000000 ) ) ;
#1369 = DIRECTION ( 'NONE',  ( -0.000000000000000000, -0.000000000000000000, -1.000000000000000000 ) ) ;
#1370 = EDGE_CURVE ( 'NONE', #1463, #7319, #7005, .T. ) ;
#1371 = CIRCLE ( 'NONE', #5945, 2.500000000000000444 ) ;
#1372 = EDGE_CURVE ( 'NONE', #1240, #5239, #1211, .T. ) ;
#1373 = ADVANCED_FACE ( 'NONE', ( #7352 ), #2451, .T. ) ;
#1374 = EDGE_LOOP ( 'NONE', ( #30, #7682, #3139, #5599 ) ) ;
#1375 = DIRECTION ( 'NONE',  ( 0.000000000000000000, 0.000000000000000000, 1.000000000000000000 ) ) ;
#1376 = LINE ( 'NONE', #5766, #5974 ) ;
#1377 = DIRECTION ( 'NONE',  ( 0.8619342151577696898, -0.5070201265633933474, 0.000000000000000000 ) ) ;
#1378 = EDGE_CURVE ( 'NONE', #6733, #1654, #3795, .T. ) ;
#1379 = CARTESIAN_POINT ( 'NONE',  ( -7.500000000000001776, 20.00000000000000355, 24.00000000000000711 ) ) ;
#1380 = CYLINDRICAL_SURFACE ( 'NONE', #355, 1.000000000000000888 ) ;
#1381 = ORIENTED_EDGE ( 'NONE', *, *, #7638, .F. ) ;
#1382 = ORIENTED_EDGE ( 'NONE', *, *, #1625, .F. ) ;
#1383 = ORIENTED_EDGE ( 'NONE', *, *, #524, .T. ) ;
#1384 = VERTEX_POINT ( 'NONE', #1918 ) ;
#1385 = CARTESIAN_POINT ( 'NONE',  ( 15.13051073656895262, -29.62911133143001763, -1.161471514485131307 ) ) ;
#1386 = CARTESIAN_POINT ( 'NONE',  ( 7.100000000000003197, -17.99999999999999645, 1.000000000000000666 ) ) ;
#1387 = LINE ( 'NONE', #2714, #5537 ) ;
#1388 = DIRECTION ( 'NONE',  ( 1.000000000000000000, -0.000000000000000000, -2.775557561562891351E-16 ) ) ;
#1389 = VECTOR ( 'NONE', #3243, 1000.000000000000000 ) ;
#1390 = EDGE_CURVE ( 'NONE', #962, #1947, #6377, .T. ) ;
#1391 = DIRECTION ( 'NONE',  ( 1.000000000000000000, 0.000000000000000000, 0.000000000000000000 ) ) ;
#1392 = DIRECTION ( 'NONE',  ( -1.000000000000000000, 0.000000000000000000, 0.000000000000000000 ) ) ;
#1393 = AXIS2_PLACEMENT_3D ( 'NONE', #4443, #694, #7602 ) ;
#1394 = VERTEX_POINT ( 'NONE', #5768 ) ;
#1395 = DIRECTION ( 'NONE',  ( -1.000000000000000000, 0.000000000000000000, 0.000000000000000000 ) ) ;
#1396 = CARTESIAN_POINT ( 'NONE',  ( -41.15352892502073701, -0.6719788980192372696, 3.378812268576552036 ) ) ;
#1397 = CARTESIAN_POINT ( 'NONE',  ( 33.00000000000000000, 13.50000000000000533, 24.00000000000000000 ) ) ;
#1398 = ORIENTED_EDGE ( 'NONE', *, *, #2371, .T. ) ;
#1399 = EDGE_CURVE ( 'NONE', #556, #7549, #3408, .T. ) ;
#1400 = AXIS2_PLACEMENT_3D ( 'NONE', #5540, #78, #642 ) ;
#1401 = LINE ( 'NONE', #3226, #6270 ) ;
#1402 = LINE ( 'NONE', #1444, #949 ) ;
#1403 = CARTESIAN_POINT ( 'NONE',  ( -35.15787436868864546, -1.071554179564804476, 6.388250376739485148 ) ) ;
#1404 = CARTESIAN_POINT ( 'NONE',  ( 33.21327386202783316, -7.000000000000093259, 15.75000000000025047 ) ) ;
#1405 = DIRECTION ( 'NONE',  ( -0.000000000000000000, 0.000000000000000000, 1.000000000000000000 ) ) ;
#1406 = CARTESIAN_POINT ( 'NONE',  ( -41.11611302229130160, 0.5480442995119394478, 20.66762216478778669 ) ) ;
#1407 = EDGE_CURVE ( 'NONE', #7675, #6170, #1977, .T. ) ;
#1408 = ADVANCED_FACE ( 'NONE', ( #47 ), #7676, .F. ) ;
#1409 = DIRECTION ( 'NONE',  ( -1.000000000000000000, -2.563508880659215325E-14, 0.000000000000000000 ) ) ;
#1410 = CARTESIAN_POINT ( 'NONE',  ( -42.85867446679537807, 1.738786915754954476, 5.279867812257678317 ) ) ;
#1411 = ORIENTED_EDGE ( 'NONE', *, *, #3225, .T. ) ;
#1412 = CARTESIAN_POINT ( 'NONE',  ( -32.82893218813453728, 22.00000000000000000, 24.00000000000000000 ) ) ;
#1413 = B_SPLINE_CURVE_WITH_KNOTS ( 'NONE', 3,
 ( #3386, #7111, #5880, #4640 ),
 .UNSPECIFIED., .F., .F.,
 ( 4, 4 ),
 ( 0.000000000000000000, 0.003512670511234843376 ),
 .UNSPECIFIED. ) ;
#1414 = CARTESIAN_POINT ( 'NONE',  ( -34.11818070159750249, 5.262157441127561341, 11.76089827532183740 ) ) ;
#1415 = CARTESIAN_POINT ( 'NONE',  ( -44.55000000000005400, -5.250000000000000888, 12.00000000000002842 ) ) ;
#1416 = ORIENTED_EDGE ( 'NONE', *, *, #267, .F. ) ;
#1417 = ORIENTED_EDGE ( 'NONE', *, *, #4994, .F. ) ;
#1418 = AXIS2_PLACEMENT_3D ( 'NONE', #1242, #3051, #8042 ) ;
#1419 = VERTEX_POINT ( 'NONE', #4524 ) ;
#1420 = EDGE_CURVE ( 'NONE', #7158, #8090, #2624, .T. ) ;
#1421 = CARTESIAN_POINT ( 'NONE',  ( 11.09999999999999787, -32.00000000000000000, 16.50000000000000000 ) ) ;
#1422 = ORIENTED_EDGE ( 'NONE', *, *, #4656, .F. ) ;
#1423 = CARTESIAN_POINT ( 'NONE',  ( 35.00404433346100319, 2.293031814112116873, 7.977268919210261267 ) ) ;
#1424 = DIRECTION ( 'NONE',  ( 0.000000000000000000, 0.000000000000000000, 1.000000000000000000 ) ) ;
#1425 = VECTOR ( 'NONE', #6389, 1000.000000000000000 ) ;
#1426 = CARTESIAN_POINT ( 'NONE',  ( -34.89999999999999858, -18.00000000000000355, 24.00000000000000000 ) ) ;
#1427 = VERTEX_POINT ( 'NONE', #2577 ) ;
#1428 = DIRECTION ( 'NONE',  ( -7.228014483236695816E-17, 1.000000000000000000, -0.000000000000000000 ) ) ;
#1429 = AXIS2_PLACEMENT_3D ( 'NONE', #1871, #2360, #4354 ) ;
#1430 = VERTEX_POINT ( 'NONE', #7027 ) ;
#1431 = VECTOR ( 'NONE', #4090, 1000.000000000000000 ) ;
#1432 = PLANE ( 'NONE',  #3790 ) ;
#1433 = CARTESIAN_POINT ( 'NONE',  ( -46.29271518644938510, 4.426465194300637229, 14.10406907898133611 ) ) ;
#1434 = AXIS2_PLACEMENT_3D ( 'NONE', #456, #2916, #1719 ) ;
#1435 = ORIENTED_EDGE ( 'NONE', *, *, #2276, .T. ) ;
#1436 = CARTESIAN_POINT ( 'NONE',  ( 17.89999999999998792, -7.000000000000000888, 12.00000000000000000 ) ) ;
#1437 = CARTESIAN_POINT ( 'NONE',  ( -46.82577677230062108, -4.231855881549609677, 9.529153405858169279 ) ) ;
#1438 = CARTESIAN_POINT ( 'NONE',  ( -34.01313434488093179, -5.500894734477693504, 11.06517442403546525 ) ) ;
#1439 = ORIENTED_EDGE ( 'NONE', *, *, #2843, .F. ) ;
#1440 = VECTOR ( 'NONE', #6430, 1000.000000000000000 ) ;
#1441 = AXIS2_PLACEMENT_3D ( 'NONE', #5889, #4650, #2787 ) ;
#1442 = CARTESIAN_POINT ( 'NONE',  ( -51.91377122810536804, -2.011144428637927195, 14.09364198027638437 ) ) ;
#1443 = VERTEX_POINT ( 'NONE', #3906 ) ;
#1444 = CARTESIAN_POINT ( 'NONE',  ( 17.40499999999994785, -13.30000000000000249, 25.50499999999995993 ) ) ;
#1445 = CARTESIAN_POINT ( 'NONE',  ( -35.19999999999999574, 0.009999999999899845948, 3.250028571661811139 ) ) ;
#1446 = CARTESIAN_POINT ( 'NONE',  ( 29.82778749931346240, 10.68405627380207967, 12.71372064160863324 ) ) ;
#1447 = CARTESIAN_POINT ( 'NONE',  ( 38.43553390593272923, 14.46446609406726402, 21.00000000000000000 ) ) ;
#1448 = AXIS2_PLACEMENT_3D ( 'NONE', #2934, #6077, #6769 ) ;
#1449 = DIRECTION ( 'NONE',  ( 1.000000000000000000, 0.000000000000000000, 0.000000000000000000 ) ) ;
#1450 = CARTESIAN_POINT ( 'NONE',  ( -42.58456515516911622, 7.000000000000002665, 10.25000000000000000 ) ) ;
#1451 = CARTESIAN_POINT ( 'NONE',  ( 12.90428835538268615, -30.93865390859842535, 6.091352089751817189 ) ) ;
#1452 = EDGE_LOOP ( 'NONE', ( #1193, #6890, #5306, #5254 ) ) ;
#1453 = FACE_OUTER_BOUND ( 'NONE', #7837, .T. ) ;
#1454 = EDGE_CURVE ( 'NONE', #4972, #4329, #5098, .T. ) ;
#1455 = CARTESIAN_POINT ( 'NONE',  ( -33.94794105828309227, 5.644433748231639569, 13.13009814960441624 ) ) ;
#1456 = DIRECTION ( 'NONE',  ( 0.000000000000000000, 0.000000000000000000, 1.000000000000000000 ) ) ;
#1457 = ORIENTED_EDGE ( 'NONE', *, *, #1547, .F. ) ;
#1458 = VECTOR ( 'NONE', #4921, 1000.000000000000000 ) ;
#1459 = ORIENTED_EDGE ( 'NONE', *, *, #4356, .T. ) ;
#1460 = EDGE_CURVE ( 'NONE', #3822, #7199, #5526, .T. ) ;
#1461 = ORIENTED_EDGE ( 'NONE', *, *, #4071, .F. ) ;
#1462 = LINE ( 'NONE', #4043, #2588 ) ;
#1463 = VERTEX_POINT ( 'NONE', #6297 ) ;
#1464 = CARTESIAN_POINT ( 'NONE',  ( 34.69786257457020184, 3.629005309201152052, 5.976571808396258234 ) ) ;
#1465 = FACE_OUTER_BOUND ( 'NONE', #5287, .T. ) ;
#1466 = EDGE_CURVE ( 'NONE', #7153, #6898, #162, .T. ) ;
#1467 = CARTESIAN_POINT ( 'NONE',  ( 3.918869757271530263E-15, -32.00000000000000000, 24.00000000000000000 ) ) ;
#1468 = VECTOR ( 'NONE', #2653, 1000.000000000000114 ) ;
#1469 = ORIENTED_EDGE ( 'NONE', *, *, #5960, .T. ) ;
#1470 = ADVANCED_FACE ( 'NONE', ( #808 ), #3196, .F. ) ;
#1471 = DIRECTION ( 'NONE',  ( -1.000000000000000000, 7.274822499168043320E-15, 0.000000000000000000 ) ) ;
#1472 = LINE ( 'NONE', #5786, #7586 ) ;
#1473 = AXIS2_PLACEMENT_3D ( 'NONE', #7667, #6050, #2696 ) ;
#1474 = CARTESIAN_POINT ( 'NONE',  ( -46.47644672518159581, 4.335074973525335551, 14.28449209380085705 ) ) ;
#1475 = ORIENTED_EDGE ( 'NONE', *, *, #7659, .F. ) ;
#1476 = DIRECTION ( 'NONE',  ( 1.000000000000000000, 0.000000000000000000, 0.000000000000000000 ) ) ;
#1477 = DIRECTION ( 'NONE',  ( 0.5773502691896238437, -0.5773502691896299499, 0.5773502691896235106 ) ) ;
#1478 = ADVANCED_FACE ( 'NONE', ( #2704 ), #7561, .F. ) ;
#1479 = FACE_OUTER_BOUND ( 'NONE', #459, .T. ) ;
#1480 = ORIENTED_EDGE ( 'NONE', *, *, #7074, .T. ) ;
#1481 = CIRCLE ( 'NONE', #320, 1.000000000000000888 ) ;
#1482 = EDGE_CURVE ( 'NONE', #3339, #1620, #4561, .T. ) ;
#1483 = DIRECTION ( 'NONE',  ( -1.387778780781445676E-16, -1.379605977354752943E-32, -1.000000000000000000 ) ) ;
#1484 = CARTESIAN_POINT ( 'NONE',  ( -27.90000000000001634, -11.87355764515854872, 24.00000000000000000 ) ) ;
#1485 = ORIENTED_EDGE ( 'NONE', *, *, #6555, .T. ) ;
#1486 = CARTESIAN_POINT ( 'NONE',  ( 13.79536150161495911, -26.22117039420822238, -1.381946636863411459 ) ) ;
#1487 = LINE ( 'NONE', #3981, #7456 ) ;
#1488 = DIRECTION ( 'NONE',  ( 0.000000000000000000, 0.000000000000000000, 1.000000000000000000 ) ) ;
#1489 = DIRECTION ( 'NONE',  ( -0.000000000000000000, -0.000000000000000000, 1.000000000000000000 ) ) ;
#1490 = DIRECTION ( 'NONE',  ( -1.000000000000000000, 0.000000000000000000, 0.000000000000000000 ) ) ;
#1491 = AXIS2_PLACEMENT_3D ( 'NONE', #416, #2951, #1057 ) ;
#1492 = CARTESIAN_POINT ( 'NONE',  ( -31.98125888136353723, -8.681513704197246994, 11.49894343462928603 ) ) ;
#1493 = AXIS2_PLACEMENT_3D ( 'NONE', #3594, #1267, #664 ) ;
#1494 = CARTESIAN_POINT ( 'NONE',  ( -39.90000000000000568, 9.900000000000000355, 12.00000000000000000 ) ) ;
#1495 = CARTESIAN_POINT ( 'NONE',  ( -41.23721606102045456, 8.518338715903672309, 11.12070204918659755 ) ) ;
#1496 = CARTESIAN_POINT ( 'NONE',  ( -41.05000000000001847, -6.098626466384439160E-16, 3.250000000000000000 ) ) ;
#1497 = ORIENTED_EDGE ( 'NONE', *, *, #4853, .T. ) ;
#1498 = EDGE_LOOP ( 'NONE', ( #6999, #658, #3366, #5820 ) ) ;
#1499 = LINE ( 'NONE', #7194, #168 ) ;
#1500 = CARTESIAN_POINT ( 'NONE',  ( 20.21076683067359880, -20.99999999999998934, 0.000000000000000000 ) ) ;
#1501 = EDGE_CURVE ( 'NONE', #3487, #1859, #407, .T. ) ;
#1502 = DIRECTION ( 'NONE',  ( -0.000000000000000000, -0.000000000000000000, -1.000000000000000000 ) ) ;
#1503 = ORIENTED_EDGE ( 'NONE', *, *, #1805, .T. ) ;
#1504 = CIRCLE ( 'NONE', #3979, 1.749999999999999778 ) ;
#1505 = ORIENTED_EDGE ( 'NONE', *, *, #6713, .F. ) ;
#1506 = PLANE ( 'NONE',  #5313 ) ;
#1507 = ADVANCED_FACE ( 'NONE', ( #1453 ), #5640, .F. ) ;
#1508 = ORIENTED_EDGE ( 'NONE', *, *, #2689, .F. ) ;
#1509 = DIRECTION ( 'NONE',  ( 9.941108744852766272E-17, -1.000000000000000000, 0.000000000000000000 ) ) ;
#1510 = CARTESIAN_POINT ( 'NONE',  ( 34.90270596550576698, -2.807748843395525107, 16.50877580089677465 ) ) ;
#1511 = LINE ( 'NONE', #7204, #3242 ) ;
#1512 = ORIENTED_EDGE ( 'NONE', *, *, #5790, .T. ) ;
#1513 = DIRECTION ( 'NONE',  ( 1.000000000000000000, 0.000000000000000000, 0.000000000000000000 ) ) ;
#1514 = CARTESIAN_POINT ( 'NONE',  ( -47.10000000000000142, -43.10000000000001563, 13.50000000000000533 ) ) ;
#1515 = ORIENTED_EDGE ( 'NONE', *, *, #7076, .F. ) ;
#1516 = EDGE_CURVE ( 'NONE', #4983, #1219, #7800, .T. ) ;
#1517 = CYLINDRICAL_SURFACE ( 'NONE', #7505, 1.000000000000000888 ) ;
#1518 = B_SPLINE_CURVE_WITH_KNOTS ( 'NONE', 3,
 ( #6124, #6698, #3022, #6083, #7353, #7920, #7390, #481 ),
 .UNSPECIFIED., .F., .F.,
 ( 4, 2, 2, 4 ),
 ( 0.000000000000000000, 0.001559985535779673726, 0.002339978303669512649, 0.003119971071559352223 ),
 .UNSPECIFIED. ) ;
#1519 = ORIENTED_EDGE ( 'NONE', *, *, #2530, .T. ) ;
#1520 = DIRECTION ( 'NONE',  ( -0.000000000000000000, -0.000000000000000000, -1.000000000000000000 ) ) ;
#1521 = DIRECTION ( 'NONE',  ( -9.941108744852766272E-17, 1.000000000000000000, 0.000000000000000000 ) ) ;
#1522 = CARTESIAN_POINT ( 'NONE',  ( -34.03711303636485752, -5.446914931523934911, 12.81541785592408011 ) ) ;
#1523 = VECTOR ( 'NONE', #3998, 1000.000000000000000 ) ;
#1524 = ORIENTED_EDGE ( 'NONE', *, *, #1260, .T. ) ;
#1525 = ORIENTED_EDGE ( 'NONE', *, *, #5152, .F. ) ;
#1526 = CARTESIAN_POINT ( 'NONE',  ( -51.10000000000000853, -1.469693845669930443, 9.500000000000005329 ) ) ;
#1527 = VECTOR ( 'NONE', #369, 1000.000000000000000 ) ;
#1528 = CARTESIAN_POINT ( 'NONE',  ( -18.86203247645134695, -27.43409854326388242, 0.000000000000000000 ) ) ;
#1529 = CARTESIAN_POINT ( 'NONE',  ( 14.76504345901025950, -26.35099490269227829, -0.9342730662330452907 ) ) ;
#1530 = FACE_OUTER_BOUND ( 'NONE', #2087, .T. ) ;
#1531 = CARTESIAN_POINT ( 'NONE',  ( 37.89999999999999147, -7.000000000000000000, 15.75000000000000000 ) ) ;
#1532 = ORIENTED_EDGE ( 'NONE', *, *, #3715, .F. ) ;
#1533 = CARTESIAN_POINT ( 'NONE',  ( -41.06257832191735702, -8.734246260701732822, 11.73071807973074243 ) ) ;
#1534 = AXIS2_PLACEMENT_3D ( 'NONE', #3361, #3391, #5269 ) ;
#1535 = CARTESIAN_POINT ( 'NONE',  ( -14.40894241220451910, -21.99999999999999289, 24.00000000000000000 ) ) ;
#1536 = CARTESIAN_POINT ( 'NONE',  ( -51.97975137338505647, 2.113542182762000454, 13.99142247219893065 ) ) ;
#1537 = CARTESIAN_POINT ( 'NONE',  ( 12.06654913931452100, -31.71221335539222608, 7.034237781418866575 ) ) ;
#1538 = VECTOR ( 'NONE', #1996, 1000.000000000000000 ) ;
#1539 = VERTEX_POINT ( 'NONE', #4600 ) ;
#1540 = VERTEX_POINT ( 'NONE', #930 ) ;
#1541 = CARTESIAN_POINT ( 'NONE',  ( -8.100000000000015632, -23.95552357384358544, 8.219689529739754974 ) ) ;
#1542 = CARTESIAN_POINT ( 'NONE',  ( -35.15787436868867388, 1.071554179564754072, 17.61174962326047222 ) ) ;
#1543 = DIRECTION ( 'NONE',  ( 1.000000000000000000, 0.000000000000000000, 0.000000000000000000 ) ) ;
#1544 = ORIENTED_EDGE ( 'NONE', *, *, #7003, .T. ) ;
#1545 = EDGE_LOOP ( 'NONE', ( #7590, #2320 ) ) ;
#1546 = ORIENTED_EDGE ( 'NONE', *, *, #2493, .T. ) ;
#1547 = EDGE_CURVE ( 'NONE', #1339, #128, #1245, .T. ) ;
#1548 = ORIENTED_EDGE ( 'NONE', *, *, #1594, .F. ) ;
#1549 = CARTESIAN_POINT ( 'NONE',  ( 33.72010095754514936, -6.109986688209410488, 15.64988843587220302 ) ) ;
#1550 = CARTESIAN_POINT ( 'NONE',  ( 34.66470743938229049, -3.743840110590293868, 19.27216054013346280 ) ) ;
#1551 = PLANE ( 'NONE',  #6885 ) ;
#1552 = ORIENTED_EDGE ( 'NONE', *, *, #2032, .F. ) ;
#1553 = DIRECTION ( 'NONE',  ( 0.000000000000000000, 0.000000000000000000, 1.000000000000000000 ) ) ;
#1554 = CIRCLE ( 'NONE', #5871, 11.09999999999999609 ) ;
#1555 = CARTESIAN_POINT ( 'NONE',  ( 23.32842712474617741, 18.00000000000000711, 10.82842712474618274 ) ) ;
#1556 = AXIS2_PLACEMENT_3D ( 'NONE', #6726, #4825, #3573 ) ;
#1557 = CARTESIAN_POINT ( 'NONE',  ( 19.42277012257480706, -27.10425286907363684, 0.000000000000000000 ) ) ;
#1558 = ORIENTED_EDGE ( 'NONE', *, *, #5363, .T. ) ;
#1559 = LINE ( 'NONE', #4662, #1230 ) ;
#1560 = LINE ( 'NONE', #5319, #6667 ) ;
#1561 = CONICAL_SURFACE ( 'NONE', #2109, 4.900000000000002132, 0.7853981633974437271 ) ;
#1562 = FACE_BOUND ( 'NONE', #6854, .T. ) ;
#1563 = ORIENTED_EDGE ( 'NONE', *, *, #3428, .F. ) ;
#1564 = VECTOR ( 'NONE', #1388, 1000.000000000000000 ) ;
#1565 = ORIENTED_EDGE ( 'NONE', *, *, #2455, .T. ) ;
#1566 = CIRCLE ( 'NONE', #7441, 1.750000000000001554 ) ;
#1567 = DIRECTION ( 'NONE',  ( 1.000000000000000000, 0.000000000000000000, -1.387778780781445676E-16 ) ) ;
#1568 = CARTESIAN_POINT ( 'NONE',  ( 35.20000000000000995, 0.009999999999907263626, 0.000000000000000000 ) ) ;
#1569 = CARTESIAN_POINT ( 'NONE',  ( 7.100000000000003197, -17.99999999999999645, 0.000000000000000000 ) ) ;
#1570 = CIRCLE ( 'NONE', #6404, 1.000000000000000888 ) ;
#1571 = CARTESIAN_POINT ( 'NONE',  ( -35.08559234099654134, 1.750076570125761455, 5.112617479326218017 ) ) ;
#1572 = CARTESIAN_POINT ( 'NONE',  ( -44.43798266692416377, 5.334773596167500465, 12.55531244845028738 ) ) ;
#1573 = CARTESIAN_POINT ( 'NONE',  ( -31.93472980681446316, -8.735262376265415796, 12.25908991525337299 ) ) ;
#1574 = CIRCLE ( 'NONE', #2638, 1.500000000000000222 ) ;
#1575 = VERTEX_POINT ( 'NONE', #6644 ) ;
#1576 = CARTESIAN_POINT ( 'NONE',  ( -11.00001597675015041, -33.65616960277497327, -5.455666401034738655 ) ) ;
#1577 = DIRECTION ( 'NONE',  ( 1.000000000000000000, -1.734723475976803150E-15, 0.000000000000000000 ) ) ;
#1578 = CARTESIAN_POINT ( 'NONE',  ( 11.44779427991376686, -32.56541242236068712, 8.098463143726018387 ) ) ;
#1579 = CIRCLE ( 'NONE', #1315, 6.099999999999999645 ) ;
#1580 = DIRECTION ( 'NONE',  ( 0.000000000000000000, -1.000000000000000000, 0.000000000000000000 ) ) ;
#1581 = FACE_BOUND ( 'NONE', #92, .T. ) ;
#1582 = CARTESIAN_POINT ( 'NONE',  ( -49.10000000000000142, -1.469693845669915344, 14.50000000000000355 ) ) ;
#1583 = EDGE_LOOP ( 'NONE', ( #3999, #2558, #4643, #1347 ) ) ;
#1584 = VERTEX_POINT ( 'NONE', #7110 ) ;
#1585 = ORIENTED_EDGE ( 'NONE', *, *, #6855, .T. ) ;
#1586 = EDGE_CURVE ( 'NONE', #2802, #2295, #5637, .T. ) ;
#1587 = FACE_OUTER_BOUND ( 'NONE', #1220, .T. ) ;
#1588 = VERTEX_POINT ( 'NONE', #5999 ) ;
#1589 = FACE_OUTER_BOUND ( 'NONE', #3119, .T. ) ;
#1590 = CARTESIAN_POINT ( 'NONE',  ( 8.100000000000015632, -23.32258063774968448, 7.315752435696800227 ) ) ;
#1591 = FACE_BOUND ( 'NONE', #411, .T. ) ;
#1592 = LINE ( 'NONE', #6585, #2219 ) ;
#1593 = DIRECTION ( 'NONE',  ( -1.491166311727914324E-16, 1.000000000000000000, 0.000000000000000000 ) ) ;
#1594 = EDGE_CURVE ( 'NONE', #1774, #5080, #7839, .T. ) ;
#1595 = ORIENTED_EDGE ( 'NONE', *, *, #402, .T. ) ;
#1596 = CARTESIAN_POINT ( 'NONE',  ( -21.91421356237308515, 18.58578643762690774, 9.999999999999996447 ) ) ;
#1597 = ORIENTED_EDGE ( 'NONE', *, *, #6454, .F. ) ;
#1598 = PLANE ( 'NONE',  #6198 ) ;
#1599 = CARTESIAN_POINT ( 'NONE',  ( -46.12540367311608946, -4.575523904607464054, 10.24183103899411407 ) ) ;
#1600 = ORIENTED_EDGE ( 'NONE', *, *, #7688, .T. ) ;
#1601 = DIRECTION ( 'NONE',  ( 1.000000000000000000, -0.000000000000000000, -0.000000000000000000 ) ) ;
#1602 = VERTEX_POINT ( 'NONE', #243 ) ;
#1603 = ORIENTED_EDGE ( 'NONE', *, *, #267, .T. ) ;
#1604 = AXIS2_PLACEMENT_3D ( 'NONE', #3743, #5086, #1994 ) ;
#1605 = DIRECTION ( 'NONE',  ( -0.8619342151577691347, -0.5070201265633943466, 0.000000000000000000 ) ) ;
#1606 = EDGE_CURVE ( 'NONE', #3362, #6865, #4713, .T. ) ;
#1607 = DIRECTION ( 'NONE',  ( 1.000000000000000000, 0.000000000000000000, -0.000000000000000000 ) ) ;
#1608 = EDGE_CURVE ( 'NONE', #4978, #5444, #5374, .T. ) ;
#1609 = CARTESIAN_POINT ( 'NONE',  ( -35.12795923864888437, 1.401237537353287932, 3.927308938655987181 ) ) ;
#1610 = CYLINDRICAL_SURFACE ( 'NONE', #4042, 2.000000000000003553 ) ;
#1611 = DIRECTION ( 'NONE',  ( -0.000000000000000000, -0.000000000000000000, -1.000000000000000000 ) ) ;
#1612 = EDGE_CURVE ( 'NONE', #6856, #5883, #1191, .T. ) ;
#1613 = B_SPLINE_CURVE_WITH_KNOTS ( 'NONE', 3,
 ( #6423, #6307, #4576, #858 ),
 .UNSPECIFIED., .F., .F.,
 ( 4, 4 ),
 ( 6.254634441385501517E-18, 0.0008401887801933335086 ),
 .UNSPECIFIED. ) ;
#1614 = EDGE_CURVE ( 'NONE', #4762, #4431, #1499, .T. ) ;
#1615 = ORIENTED_EDGE ( 'NONE', *, *, #1004, .F. ) ;
#1616 = VECTOR ( 'NONE', #7291, 1000.000000000000000 ) ;
#1617 = CARTESIAN_POINT ( 'NONE',  ( 14.40894241220452265, -21.99999999999999289, 19.50000000000000000 ) ) ;
#1618 = CARTESIAN_POINT ( 'NONE',  ( -52.07330524070391675, 2.309026989955484943, 13.76102764905902553 ) ) ;
#1619 = CARTESIAN_POINT ( 'NONE',  ( -46.58147620649919673, 4.291691304769884141, 9.634609649482312577 ) ) ;
#1620 = VERTEX_POINT ( 'NONE', #4759 ) ;
#1621 = CARTESIAN_POINT ( 'NONE',  ( -21.90999999999999659, -0.01000000000000653144, 21.00000000000000000 ) ) ;
#1622 = CARTESIAN_POINT ( 'NONE',  ( -35.19999999999998863, 0.2406252227891331474, 20.74865354840567733 ) ) ;
#1623 = CARTESIAN_POINT ( 'NONE',  ( 21.21076683067359880, -21.99999999999999289, 24.00000000000000000 ) ) ;
#1624 = EDGE_CURVE ( 'NONE', #1240, #3723, #3027, .T. ) ;
#1625 = EDGE_CURVE ( 'NONE', #7336, #4412, #5785, .T. ) ;
#1626 = CIRCLE ( 'NONE', #5402, 20.03028554974586939 ) ;
#1627 = ORIENTED_EDGE ( 'NONE', *, *, #4761, .F. ) ;
#1628 = CARTESIAN_POINT ( 'NONE',  ( 13.40894241220452443, -25.41283789321709818, 5.136526129089248549 ) ) ;
#1629 = EDGE_CURVE ( 'NONE', #4372, #3035, #2294, .T. ) ;
#1630 = CIRCLE ( 'NONE', #2691, 0.9999999999999991118 ) ;
#1631 = CARTESIAN_POINT ( 'NONE',  ( 3.918869757271530263E-15, -32.00000000000000000, -5.500000000000001776 ) ) ;
#1632 = VECTOR ( 'NONE', #7008, 1000.000000000000000 ) ;
#1633 = CARTESIAN_POINT ( 'NONE',  ( 8.100000000000013856, -24.41053361559590940, 9.626532614617310912 ) ) ;
#1634 = CARTESIAN_POINT ( 'NONE',  ( -12.22089257538177165, -31.53559437311393054, 6.815913012894180056 ) ) ;
#1635 = FACE_OUTER_BOUND ( 'NONE', #1924, .T. ) ;
#1636 = CARTESIAN_POINT ( 'NONE',  ( 12.70206563436612868, -31.10088246350943919, 19.18659985049844252 ) ) ;
#1637 = DIRECTION ( 'NONE',  ( -0.000000000000000000, -0.000000000000000000, -1.000000000000000000 ) ) ;
#1638 = CARTESIAN_POINT ( 'NONE',  ( -32.82893218813453728, 20.00000000000000000, 14.00000000000000000 ) ) ;
#1639 = VERTEX_POINT ( 'NONE', #360 ) ;
#1640 = DIRECTION ( 'NONE',  ( 1.000000000000000000, -0.000000000000000000, -0.000000000000000000 ) ) ;
#1641 = DIRECTION ( 'NONE',  ( 1.000000000000000000, -0.000000000000000000, -0.000000000000000000 ) ) ;
#1642 = VERTEX_POINT ( 'NONE', #2860 ) ;
#1643 = FACE_OUTER_BOUND ( 'NONE', #6292, .T. ) ;
#1644 = ADVANCED_FACE ( 'NONE', ( #5335 ), #4719, .F. ) ;
#1645 = ADVANCED_FACE ( 'NONE', ( #515 ), #7081, .F. ) ;
#1646 = EDGE_LOOP ( 'NONE', ( #7452, #4427, #6805, #56 ) ) ;
#1647 = EDGE_CURVE ( 'NONE', #556, #7823, #1158, .T. ) ;
#1648 = CARTESIAN_POINT ( 'NONE',  ( 37.89999999999999147, -1.506211723428389455E-16, 8.750000000000000000 ) ) ;
#1649 = CARTESIAN_POINT ( 'NONE',  ( 8.000000000000000000, 24.00000000000000000, 1.999999999999998668 ) ) ;
#1650 = CARTESIAN_POINT ( 'NONE',  ( -35.17165999395618314, 0.8826091733483382162, 3.484589654456098362 ) ) ;
#1651 = CARTESIAN_POINT ( 'NONE',  ( -32.99999999999998579, -13.50000000000002665, 24.00000000000000000 ) ) ;
#1652 = CARTESIAN_POINT ( 'NONE',  ( -14.40894241220451732, -25.41283789321709818, 24.00000000000000000 ) ) ;
#1653 = VECTOR ( 'NONE', #3430, 999.9999999999998863 ) ;
#1654 = VERTEX_POINT ( 'NONE', #8047 ) ;
#1655 = DIRECTION ( 'NONE',  ( -1.000000000000000000, 0.000000000000000000, 0.000000000000000000 ) ) ;
#1656 = CARTESIAN_POINT ( 'NONE',  ( -52.10000000000000142, -43.10000000000001563, 14.50000000000000355 ) ) ;
#1657 = CARTESIAN_POINT ( 'NONE',  ( -8.261061366972646018E-15, 13.29999999999999893, 12.00000000000000000 ) ) ;
#1658 =( BOUNDED_CURVE ( )  B_SPLINE_CURVE ( 3, ( #6674, #349, #2848, #5324 ),
 .UNSPECIFIED., .F., .F. ) 
 B_SPLINE_CURVE_WITH_KNOTS ( ( 4, 4 ),
 ( 1.570796326794896558, 2.356194490192348834 ),
 .UNSPECIFIED. ) 
 CURVE ( )  GEOMETRIC_REPRESENTATION_ITEM ( )  RATIONAL_B_SPLINE_CURVE ( ( 1.000000000000000000, 0.9492530216741906779, 0.9492530216741906779, 1.000000000000000000 ) ) 
 REPRESENTATION_ITEM ( '' )  );
#1659 = CARTESIAN_POINT ( 'NONE',  ( -8.100000000000010303, -18.82919749104296159, 4.999999999999998224 ) ) ;
#1660 = CARTESIAN_POINT ( 'NONE',  ( -35.15776259639429924, 1.072912428254510830, 20.38716885829834169 ) ) ;
#1661 = EDGE_CURVE ( 'NONE', #7199, #3803, #3011, .T. ) ;
#1662 = EDGE_CURVE ( 'NONE', #2688, #1728, #6683, .T. ) ;
#1663 = EDGE_CURVE ( 'NONE', #6834, #1250, #6730, .T. ) ;
#1664 = ORIENTED_EDGE ( 'NONE', *, *, #370, .T. ) ;
#1665 = VECTOR ( 'NONE', #4030, 1000.000000000000000 ) ;
#1666 = DIRECTION ( 'NONE',  ( -1.000000000000000000, 0.000000000000000000, 0.000000000000000000 ) ) ;
#1667 = CARTESIAN_POINT ( 'NONE',  ( -9.500000000000001776, 20.00000000000000355, 24.00000000000000711 ) ) ;
#1668 = CARTESIAN_POINT ( 'NONE',  ( 37.89999999999999147, -1.520410286126020585E-15, 20.75000000000000000 ) ) ;
#1669 = FACE_OUTER_BOUND ( 'NONE', #3258, .T. ) ;
#1670 = CARTESIAN_POINT ( 'NONE',  ( 13.99666578361247815, -30.29607895081618807, 19.50000000000000000 ) ) ;
#1671 = DIRECTION ( 'NONE',  ( 1.000000000000000000, 0.000000000000000000, 0.000000000000000000 ) ) ;
#1672 = CARTESIAN_POINT ( 'NONE',  ( 15.81253292872706062, -35.02882854878291141, 19.50000000000000000 ) ) ;
#1673 = LINE ( 'NONE', #4198, #3954 ) ;
#1674 = ORIENTED_EDGE ( 'NONE', *, *, #6414, .F. ) ;
#1675 = FACE_OUTER_BOUND ( 'NONE', #6210, .T. ) ;
#1676 = CARTESIAN_POINT ( 'NONE',  ( 39.89999999999999858, 18.00000000000000711, 16.00000000000000000 ) ) ;
#1677 = ORIENTED_EDGE ( 'NONE', *, *, #7164, .F. ) ;
#1678 = CARTESIAN_POINT ( 'NONE',  ( -51.90728481355065327, 4.426465194300639894, 9.895930921018678106 ) ) ;
#1679 = VECTOR ( 'NONE', #1816, 1000.000000000000000 ) ;
#1680 = DIRECTION ( 'NONE',  ( 0.000000000000000000, 1.000000000000000000, 0.000000000000000000 ) ) ;
#1681 = DIRECTION ( 'NONE',  ( -1.000000000000000000, -9.941108744852765039E-17, -0.000000000000000000 ) ) ;
#1682 = DIRECTION ( 'NONE',  ( -1.000000000000000000, -0.000000000000000000, -0.000000000000000000 ) ) ;
#1683 = LINE ( 'NONE', #3646, #7714 ) ;
#1684 = DIRECTION ( 'NONE',  ( 0.000000000000000000, 0.000000000000000000, -1.000000000000000000 ) ) ;
#1685 = VECTOR ( 'NONE', #4049, 1000.000000000000000 ) ;
#1686 = ORIENTED_EDGE ( 'NONE', *, *, #3715, .T. ) ;
#1687 = AXIS2_PLACEMENT_3D ( 'NONE', #2913, #2264, #1760 ) ;
#1688 = VECTOR ( 'NONE', #4338, 1000.000000000000000 ) ;
#1689 = CARTESIAN_POINT ( 'NONE',  ( 35.09738866112217437, -1.673835389229679782, 8.364603598197893675 ) ) ;
#1690 = CARTESIAN_POINT ( 'NONE',  ( 21.91421356237307450, 18.58578643762691485, 1.999999999999996669 ) ) ;
#1691 = DIRECTION ( 'NONE',  ( -0.000000000000000000, 0.000000000000000000, -1.000000000000000000 ) ) ;
#1692 = ORIENTED_EDGE ( 'NONE', *, *, #1867, .T. ) ;
#1693 = EDGE_LOOP ( 'NONE', ( #7130, #1862, #3409, #7844, #4795 ) ) ;
#1694 = PLANE ( 'NONE',  #301 ) ;
#1695 = VECTOR ( 'NONE', #588, 1000.000000000000000 ) ;
#1696 = CARTESIAN_POINT ( 'NONE',  ( -42.78565522079757244, -6.792721104787895037, 13.75000000000000000 ) ) ;
#1697 = CIRCLE ( 'NONE', #5230, 5.000000000000000888 ) ;
#1698 = ORIENTED_EDGE ( 'NONE', *, *, #5391, .F. ) ;
#1699 = VECTOR ( 'NONE', #5177, 1000.000000000000000 ) ;
#1700 = ADVANCED_FACE ( 'NONE', ( #6160 ), #2489, .F. ) ;
#1701 = CARTESIAN_POINT ( 'NONE',  ( 3.918869757271530263E-15, -32.00000000000000000, -10.00000000000000000 ) ) ;
#1702 = EDGE_CURVE ( 'NONE', #7509, #7088, #2970, .T. ) ;
#1703 = DIRECTION ( 'NONE',  ( 0.000000000000000000, 0.000000000000000000, 1.000000000000000000 ) ) ;
#1704 = DIRECTION ( 'NONE',  ( 1.000000000000000000, 6.624790897247282050E-16, -0.000000000000000000 ) ) ;
#1705 = CARTESIAN_POINT ( 'NONE',  ( -8.587348615436932064, 18.00000000000000711, 10.70489732241403402 ) ) ;
#1706 = DIRECTION ( 'NONE',  ( -1.000000000000000000, -9.941108744852765039E-17, 0.000000000000000000 ) ) ;
#1707 = FACE_OUTER_BOUND ( 'NONE', #6023, .T. ) ;
#1708 = EDGE_CURVE ( 'NONE', #4311, #2907, #6204, .T. ) ;
#1709 = EDGE_LOOP ( 'NONE', ( #5901, #2650, #3801, #1147 ) ) ;
#1710 = DIRECTION ( 'NONE',  ( -0.000000000000000000, -1.000000000000000000, 0.000000000000000000 ) ) ;
#1711 = CARTESIAN_POINT ( 'NONE',  ( 10.17106781186546272, 22.00000000000000355, 14.00000000000000000 ) ) ;
#1712 = CARTESIAN_POINT ( 'NONE',  ( -52.10000000000000142, -4.622502080891614185, 10.36857987600065378 ) ) ;
#1713 = EDGE_CURVE ( 'NONE', #1737, #8021, #7997, .T. ) ;
#1714 = ORIENTED_EDGE ( 'NONE', *, *, #1765, .F. ) ;
#1715 = CARTESIAN_POINT ( 'NONE',  ( -8.100000000000013856, -17.79885647374100799, -0.6585478717531365600 ) ) ;
#1716 = CARTESIAN_POINT ( 'NONE',  ( -1.676305461423940990, -17.99999999999999645, 19.50000000000000000 ) ) ;
#1717 = ORIENTED_EDGE ( 'NONE', *, *, #2924, .F. ) ;
#1718 = ADVANCED_FACE ( 'NONE', ( #4967 ), #7475, .T. ) ;
#1719 = DIRECTION ( 'NONE',  ( -1.000000000000000000, 0.000000000000000000, 0.000000000000000000 ) ) ;
#1720 = VECTOR ( 'NONE', #6405, 1000.000000000000000 ) ;
#1721 = DIRECTION ( 'NONE',  ( -1.000000000000000000, -9.941108744852765039E-17, 0.000000000000000000 ) ) ;
#1722 = CARTESIAN_POINT ( 'NONE',  ( 37.89999999999999147, 7.000000000000003553, 10.25000000000000000 ) ) ;
#1723 = EDGE_CURVE ( 'NONE', #4738, #5015, #5498, .T. ) ;
#1724 = CARTESIAN_POINT ( 'NONE',  ( -9.900000000000012790, -12.00000000000000355, 24.00000000000000000 ) ) ;
#1725 = CARTESIAN_POINT ( 'NONE',  ( 14.95178133245642726, -26.25370222973456791, 5.000504645025176664 ) ) ;
#1726 = CARTESIAN_POINT ( 'NONE',  ( 15.17106781186546804, -30.37354648979129479, 19.99999999999999645 ) ) ;
#1727 = VECTOR ( 'NONE', #3735, 1000.000000000000000 ) ;
#1728 = VERTEX_POINT ( 'NONE', #7954 ) ;
#1729 = ORIENTED_EDGE ( 'NONE', *, *, #4901, .T. ) ;
#1730 = EDGE_CURVE ( 'NONE', #2880, #5221, #4353, .T. ) ;
#1731 = ORIENTED_EDGE ( 'NONE', *, *, #5975, .T. ) ;
#1732 = VERTEX_POINT ( 'NONE', #1073 ) ;
#1733 = CARTESIAN_POINT ( 'NONE',  ( 35.06830332312191700, -1.887574213608780083, 1.750509469786851291 ) ) ;
#1734 = LINE ( 'NONE', #2966, #1208 ) ;
#1735 = CARTESIAN_POINT ( 'NONE',  ( -41.91671879005108536, -1.598909452460888225, 19.71973981055883840 ) ) ;
#1736 = AXIS2_PLACEMENT_3D ( 'NONE', #4513, #5756, #6244 ) ;
#1737 = VERTEX_POINT ( 'NONE', #5587 ) ;
#1738 = DIRECTION ( 'NONE',  ( 0.000000000000000000, 0.000000000000000000, 1.000000000000000000 ) ) ;
#1739 = CARTESIAN_POINT ( 'NONE',  ( -44.23050984494327764, -5.496533631524779473, 12.90436853592099453 ) ) ;
#1740 = ORIENTED_EDGE ( 'NONE', *, *, #5825, .T. ) ;
#1741 = ORIENTED_EDGE ( 'NONE', *, *, #151, .F. ) ;
#1742 = AXIS2_PLACEMENT_3D ( 'NONE', #3691, #6887, #2475 ) ;
#1743 = DIRECTION ( 'NONE',  ( 0.000000000000000000, 0.000000000000000000, 1.000000000000000000 ) ) ;
#1744 = CARTESIAN_POINT ( 'NONE',  ( 15.17106781186546804, -30.37354648979129479, 17.99999999999999645 ) ) ;
#1745 = ADVANCED_FACE ( 'NONE', ( #1869 ), #7344, .F. ) ;
#1746 = CARTESIAN_POINT ( 'NONE',  ( 34.74513636216585155, -3.458847092769139042, 10.73982235552577258 ) ) ;
#1747 = CARTESIAN_POINT ( 'NONE',  ( -35.15787436868865257, -1.071554179564804699, 20.38825037673948870 ) ) ;
#1748 = DIRECTION ( 'NONE',  ( -0.000000000000000000, -0.000000000000000000, -1.000000000000000000 ) ) ;
#1749 = VECTOR ( 'NONE', #7082, 1000.000000000000000 ) ;
#1750 = DIRECTION ( 'NONE',  ( -1.000000000000000000, -2.668805347656626678E-16, 0.000000000000000000 ) ) ;
#1751 = EDGE_CURVE ( 'NONE', #2669, #4525, #7913, .T. ) ;
#1752 = ORIENTED_EDGE ( 'NONE', *, *, #4149, .T. ) ;
#1753 = AXIS2_PLACEMENT_3D ( 'NONE', #5900, #4734, #2298 ) ;
#1754 = ORIENTED_EDGE ( 'NONE', *, *, #6219, .F. ) ;
#1755 = EDGE_LOOP ( 'NONE', ( #2310, #2945, #8040, #3302, #5206, #7232 ) ) ;
#1756 = CARTESIAN_POINT ( 'NONE',  ( 13.27743229591008678, -30.71915747299406618, 19.40189321836893299 ) ) ;
#1757 = FACE_OUTER_BOUND ( 'NONE', #6287, .T. ) ;
#1758 = DIRECTION ( 'NONE',  ( 1.000000000000000000, 0.000000000000000000, 0.000000000000000000 ) ) ;
#1759 = CARTESIAN_POINT ( 'NONE',  ( -7.099999999999998757, -13.30000000000000071, 20.99999999999999645 ) ) ;
#1760 = DIRECTION ( 'NONE',  ( 0.000000000000000000, 0.000000000000000000, -1.000000000000000000 ) ) ;
#1761 = ORIENTED_EDGE ( 'NONE', *, *, #2285, .T. ) ;
#1762 = CARTESIAN_POINT ( 'NONE',  ( -52.10000000000000853, 4.664761515876234554, 10.50000000000000533 ) ) ;
#1763 = ADVANCED_FACE ( 'NONE', ( #7302 ), #1694, .F. ) ;
#1764 = EDGE_CURVE ( 'NONE', #3183, #7026, #5909, .T. ) ;
#1765 = EDGE_CURVE ( 'NONE', #2245, #2950, #5759, .T. ) ;
#1766 = CARTESIAN_POINT ( 'NONE',  ( -41.14682372130816645, -8.629495858449217849, 12.65056787540508942 ) ) ;
#1767 = FACE_OUTER_BOUND ( 'NONE', #2246, .T. ) ;
#1768 = ORIENTED_EDGE ( 'NONE', *, *, #4002, .F. ) ;
#1769 = CARTESIAN_POINT ( 'NONE',  ( -44.55000000000003979, 5.250000000000003553, 12.00000000000000000 ) ) ;
#1770 = FACE_OUTER_BOUND ( 'NONE', #2666, .T. ) ;
#1771 = CARTESIAN_POINT ( 'NONE',  ( -44.23119449096884637, 5.495994314782588930, 11.09664915969565868 ) ) ;
#1772 = ORIENTED_EDGE ( 'NONE', *, *, #4614, .F. ) ;
#1773 = ORIENTED_EDGE ( 'NONE', *, *, #4017, .F. ) ;
#1774 = VERTEX_POINT ( 'NONE', #5010 ) ;
#1775 = VERTEX_POINT ( 'NONE', #2074 ) ;
#1776 = DIRECTION ( 'NONE',  ( 0.000000000000000000, 0.000000000000000000, 1.000000000000000000 ) ) ;
#1777 = CARTESIAN_POINT ( 'NONE',  ( -32.82893218813453728, 20.00000000000000355, 19.99999999999999645 ) ) ;
#1778 = CARTESIAN_POINT ( 'NONE',  ( -44.55000000000004690, -3.955505321723095376E-16, 6.750000000000000000 ) ) ;
#1779 = ORIENTED_EDGE ( 'NONE', *, *, #6250, .T. ) ;
#1780 = ORIENTED_EDGE ( 'NONE', *, *, #410, .T. ) ;
#1781 = CARTESIAN_POINT ( 'NONE',  ( -9.749999999999996447, 24.00000000000000355, 24.00000000000000711 ) ) ;
#1782 = CARTESIAN_POINT ( 'NONE',  ( -51.74873921103973373, 1.809024329207262305, 9.729434072581648607 ) ) ;
#1783 = ORIENTED_EDGE ( 'NONE', *, *, #5210, .F. ) ;
#1784 = CIRCLE ( 'NONE', #2845, 2.000000000000001776 ) ;
#1785 = ORIENTED_EDGE ( 'NONE', *, *, #6142, .F. ) ;
#1786 = DIRECTION ( 'NONE',  ( 0.000000000000000000, 0.000000000000000000, 1.000000000000000000 ) ) ;
#1787 = DIRECTION ( 'NONE',  ( 0.000000000000000000, 0.000000000000000000, 1.000000000000000000 ) ) ;
#1788 = CIRCLE ( 'NONE', #6371, 1.000000000000000888 ) ;
#1789 = DIRECTION ( 'NONE',  ( -1.000000000000000000, 0.000000000000000000, 0.000000000000000000 ) ) ;
#1790 = CARTESIAN_POINT ( 'NONE',  ( 10.94368082882965965, -33.86959626187074690, -5.500000000000001776 ) ) ;
#1791 = FACE_OUTER_BOUND ( 'NONE', #3024, .T. ) ;
#1792 = ORIENTED_EDGE ( 'NONE', *, *, #2129, .F. ) ;
#1793 = EDGE_CURVE ( 'NONE', #3167, #7009, #7668, .T. ) ;
#1794 = PLANE ( 'NONE',  #6598 ) ;
#1795 = VERTEX_POINT ( 'NONE', #1997 ) ;
#1796 = DIRECTION ( 'NONE',  ( 1.000000000000000000, 0.000000000000000000, -0.000000000000000000 ) ) ;
#1797 = CARTESIAN_POINT ( 'NONE',  ( -13.40894241220451910, -21.99999999999999289, -0.5612644969238610448 ) ) ;
#1798 = FACE_BOUND ( 'NONE', #7649, .T. ) ;
#1799 = CARTESIAN_POINT ( 'NONE',  ( -51.90728481355065327, -4.426465194300655881, 14.10406907898133255 ) ) ;
#1800 = CARTESIAN_POINT ( 'NONE',  ( 23.32842712474617741, 18.00000000000000711, 9.999999999999984013 ) ) ;
#1801 = VERTEX_POINT ( 'NONE', #2532 ) ;
#1802 = LINE ( 'NONE', #4899, #1695 ) ;
#1803 = DIRECTION ( 'NONE',  ( 0.000000000000000000, -0.000000000000000000, -1.000000000000000000 ) ) ;
#1804 = CARTESIAN_POINT ( 'NONE',  ( -14.40894241220451910, -20.99999999999998934, 5.000000000000000888 ) ) ;
#1805 = EDGE_CURVE ( 'NONE', #4738, #7266, #4192, .T. ) ;
#1806 = VERTEX_POINT ( 'NONE', #2697 ) ;
#1807 = CARTESIAN_POINT ( 'NONE',  ( -51.10000000000000853, 1.469693845669900245, 14.50000000000000178 ) ) ;
#1808 = DIRECTION ( 'NONE',  ( 1.000000000000000000, 7.228014483236695816E-17, 0.000000000000000000 ) ) ;
#1809 = CARTESIAN_POINT ( 'NONE',  ( -44.55000000000004690, 5.250000000000004441, 11.85635690328504133 ) ) ;
#1810 = ORIENTED_EDGE ( 'NONE', *, *, #5008, .F. ) ;
#1811 = ADVANCED_FACE ( 'NONE', ( #6944 ), #155, .F. ) ;
#1812 = AXIS2_PLACEMENT_3D ( 'NONE', #4755, #6566, #1655 ) ;
#1813 = ORIENTED_EDGE ( 'NONE', *, *, #7879, .F. ) ;
#1814 = ORIENTED_EDGE ( 'NONE', *, *, #4837, .T. ) ;
#1815 = ORIENTED_EDGE ( 'NONE', *, *, #5041, .T. ) ;
#1816 = DIRECTION ( 'NONE',  ( 0.5773502691896239547, 0.5773502691896299499, -0.5773502691896235106 ) ) ;
#1817 = CARTESIAN_POINT ( 'NONE',  ( -52.10000000000000853, 2.899999999999993694, 12.00000000000000000 ) ) ;
#1818 = FACE_OUTER_BOUND ( 'NONE', #4847, .T. ) ;
#1819 = EDGE_LOOP ( 'NONE', ( #4952, #5515, #3782, #7306, #3096, #3467 ) ) ;
#1820 = AXIS2_PLACEMENT_3D ( 'NONE', #299, #338, #3443 ) ;
#1821 = VERTEX_POINT ( 'NONE', #39 ) ;
#1822 = DIRECTION ( 'NONE',  ( -1.000000000000000000, 0.000000000000000000, 0.000000000000000000 ) ) ;
#1823 = EDGE_CURVE ( 'NONE', #7986, #5647, #5649, .T. ) ;
#1824 = CARTESIAN_POINT ( 'NONE',  ( -14.91596253876791422, -26.27477210837486865, 0.000000000000000000 ) ) ;
#1825 = ORIENTED_EDGE ( 'NONE', *, *, #6269, .F. ) ;
#1826 = AXIS2_PLACEMENT_3D ( 'NONE', #2422, #7400, #4288 ) ;
#1827 = VECTOR ( 'NONE', #7086, 1000.000000000000000 ) ;
#1828 = ORIENTED_EDGE ( 'NONE', *, *, #7269, .F. ) ;
#1829 = CARTESIAN_POINT ( 'NONE',  ( -49.10000000000000142, 1.469693845669898025, 14.50000000000000355 ) ) ;
#1830 = VECTOR ( 'NONE', #7546, 1000.000000000000000 ) ;
#1831 = DIRECTION ( 'NONE',  ( 0.000000000000000000, 0.000000000000000000, 1.000000000000000000 ) ) ;
#1832 = DIRECTION ( 'NONE',  ( 0.7071067811865513475, 0.7071067811865437980, -0.000000000000000000 ) ) ;
#1833 = CARTESIAN_POINT ( 'NONE',  ( -35.09187509393028392, -1.704077662347929234, 19.45844760354707859 ) ) ;
#1834 = DIRECTION ( 'NONE',  ( 1.000000000000000000, 0.000000000000000000, -0.000000000000000000 ) ) ;
#1835 = ORIENTED_EDGE ( 'NONE', *, *, #6331, .F. ) ;
#1836 = TOROIDAL_SURFACE ( 'NONE', #2504, 16.09999999999999787, 5.000000000000000000 ) ;
#1837 = ORIENTED_EDGE ( 'NONE', *, *, #786, .T. ) ;
#1838 = EDGE_CURVE ( 'NONE', #5064, #3969, #7555, .T. ) ;
#1839 = VERTEX_POINT ( 'NONE', #7019 ) ;
#1840 = ORIENTED_EDGE ( 'NONE', *, *, #6780, .T. ) ;
#1841 = ORIENTED_EDGE ( 'NONE', *, *, #2271, .T. ) ;
#1842 = DIRECTION ( 'NONE',  ( -0.000000000000000000, -0.000000000000000000, 1.000000000000000000 ) ) ;
#1843 = CARTESIAN_POINT ( 'NONE',  ( 17.89999999999998792, -7.000000000000000000, 15.75000000000000000 ) ) ;
#1844 = DIRECTION ( 'NONE',  ( -1.000000000000000000, -2.668805347656626678E-16, 0.000000000000000000 ) ) ;
#1845 = B_SPLINE_CURVE_WITH_KNOTS ( 'NONE', 3,
 ( #5865, #1528, #268, #2150, #5907, #2804, #7786, #2192, #4668, #7179 ),
 .UNSPECIFIED., .F., .F.,
 ( 4, 2, 2, 2, 4 ),
 ( 2.067264844709365160E-19, 0.001923136803957276606, 0.003846273607914552778, 0.005769410411871829167, 0.007692547215829105556 ),
 .UNSPECIFIED. ) ;
#1846 = VECTOR ( 'NONE', #4491, 1000.000000000000000 ) ;
#1847 = CARTESIAN_POINT ( 'NONE',  ( -51.61646862434260186, -4.295104907553123574, 14.35878209799835403 ) ) ;
#1848 = CARTESIAN_POINT ( 'NONE',  ( -34.03713858578576890, 5.446860383455266685, 11.18458576656017556 ) ) ;
#1849 = EDGE_LOOP ( 'NONE', ( #4076, #1585 ) ) ;
#1850 = FACE_OUTER_BOUND ( 'NONE', #6146, .T. ) ;
#1851 = AXIS2_PLACEMENT_3D ( 'NONE', #7603, #2003, #1334 ) ;
#1852 = DIRECTION ( 'NONE',  ( 0.000000000000000000, 0.000000000000000000, -1.000000000000000000 ) ) ;
#1853 = CARTESIAN_POINT ( 'NONE',  ( -31.24999999999998224, -13.50000000000002665, 24.00000000000000000 ) ) ;
#1854 = EDGE_CURVE ( 'NONE', #3638, #5492, #3269, .T. ) ;
#1855 = VERTEX_POINT ( 'NONE', #1910 ) ;
#1856 = LINE ( 'NONE', #2431, #198 ) ;
#1857 = CARTESIAN_POINT ( 'NONE',  ( -39.89999999999999858, -6.311724647207922168E-15, 12.00000000000000000 ) ) ;
#1858 = LINE ( 'NONE', #7905, #7588 ) ;
#1859 = VERTEX_POINT ( 'NONE', #3826 ) ;
#1860 = ORIENTED_EDGE ( 'NONE', *, *, #6079, .F. ) ;
#1861 = ADVANCED_FACE ( 'NONE', ( #3145 ), #4436, .F. ) ;
#1862 = ORIENTED_EDGE ( 'NONE', *, *, #2924, .T. ) ;
#1863 = CARTESIAN_POINT ( 'NONE',  ( -33.21327386202774790, 7.000000000000004441, 13.75000000000000000 ) ) ;
#1864 = DIRECTION ( 'NONE',  ( 1.224646799147353207E-16, 1.000000000000000000, -0.000000000000000000 ) ) ;
#1865 = CARTESIAN_POINT ( 'NONE',  ( 30.82319466778172057, -9.870303523846494897, 9.574980016075029354 ) ) ;
#1866 = ORIENTED_EDGE ( 'NONE', *, *, #159, .T. ) ;
#1867 = EDGE_CURVE ( 'NONE', #7692, #577, #2613, .T. ) ;
#1868 = ORIENTED_EDGE ( 'NONE', *, *, #2609, .T. ) ;
#1869 = FACE_OUTER_BOUND ( 'NONE', #2975, .T. ) ;
#1870 = VECTOR ( 'NONE', #2342, 1000.000000000000000 ) ;
#1871 = CARTESIAN_POINT ( 'NONE',  ( 37.89999999999999147, -1.734723475976807094E-15, 19.00000000000000000 ) ) ;
#1872 = ORIENTED_EDGE ( 'NONE', *, *, #1922, .T. ) ;
#1873 = ORIENTED_EDGE ( 'NONE', *, *, #3893, .T. ) ;
#1874 = AXIS2_PLACEMENT_3D ( 'NONE', #5710, #115, #2611 ) ;
#1875 = DIRECTION ( 'NONE',  ( 0.7071067811865473507, -0.7071067811865477948, -0.000000000000000000 ) ) ;
#1876 = CARTESIAN_POINT ( 'NONE',  ( 34.50548142381303762, 4.254470669325410626, 9.433434108946087804 ) ) ;
#1877 = EDGE_CURVE ( 'NONE', #822, #6150, #4517, .T. ) ;
#1878 = CARTESIAN_POINT ( 'NONE',  ( 7.500000000000007105, 22.00000000000001066, 24.00000000000000355 ) ) ;
#1879 = CARTESIAN_POINT ( 'NONE',  ( 35.20000000000000995, -1.734723475976807094E-15, 15.24999999999999822 ) ) ;
#1880 = CARTESIAN_POINT ( 'NONE',  ( -8.500000000000003553, 18.00000000000000355, 10.82842712474618985 ) ) ;
#1881 = ORIENTED_EDGE ( 'NONE', *, *, #365, .F. ) ;
#1882 = ORIENTED_EDGE ( 'NONE', *, *, #2635, .T. ) ;
#1883 = ORIENTED_EDGE ( 'NONE', *, *, #3916, .F. ) ;
#1884 = ORIENTED_EDGE ( 'NONE', *, *, #4845, .T. ) ;
#1885 = DIRECTION ( 'NONE',  ( 0.7071067811865477948, -0.7071067811865473507, 0.000000000000000000 ) ) ;
#1886 = CARTESIAN_POINT ( 'NONE',  ( -14.40894241220451910, -20.99999999999998934, -0.1826378282930802011 ) ) ;
#1887 = AXIS2_PLACEMENT_3D ( 'NONE', #742, #3210, #1970 ) ;
#1888 = FACE_BOUND ( 'NONE', #5953, .T. ) ;
#1889 = CYLINDRICAL_SURFACE ( 'NONE', #7634, 1.750000000000001554 ) ;
#1890 = VERTEX_POINT ( 'NONE', #6329 ) ;
#1891 = CARTESIAN_POINT ( 'NONE',  ( 11.50000000000000000, 24.00000000000000000, 1.999999999999997780 ) ) ;
#1892 = AXIS2_PLACEMENT_3D ( 'NONE', #7001, #2591, #3289 ) ;
#1893 = CARTESIAN_POINT ( 'NONE',  ( 15.17106781186546449, 22.00000000000000355, 24.00000000000000000 ) ) ;
#1894 = CARTESIAN_POINT ( 'NONE',  ( -51.10000000000000853, 4.214261501141092658, 9.500000000000008882 ) ) ;
#1895 = ORIENTED_EDGE ( 'NONE', *, *, #3534, .F. ) ;
#1896 = CARTESIAN_POINT ( 'NONE',  ( 8.100000000000017408, -24.41053361559590940, 5.000000000000000000 ) ) ;
#1897 = DIRECTION ( 'NONE',  ( -9.941108744852766272E-17, 1.000000000000000000, 1.215432671457254510E-63 ) ) ;
#1898 = CIRCLE ( 'NONE', #458, 1.000000000000000888 ) ;
#1899 = EDGE_CURVE ( 'NONE', #1639, #5065, #5633, .T. ) ;
#1900 = LINE ( 'NONE', #4387, #20 ) ;
#1901 = VERTEX_POINT ( 'NONE', #3897 ) ;
#1902 = VERTEX_POINT ( 'NONE', #7595 ) ;
#1903 = EDGE_CURVE ( 'NONE', #5856, #2245, #3817, .T. ) ;
#1904 = ORIENTED_EDGE ( 'NONE', *, *, #6615, .T. ) ;
#1905 = LINE ( 'NONE', #2438, #1679 ) ;
#1906 = CARTESIAN_POINT ( 'NONE',  ( -35.11300443990745634, -1.530659027471288125, 5.878144536014366039 ) ) ;
#1907 = CARTESIAN_POINT ( 'NONE',  ( -44.90000000000004832, -4.900000000000010125, 12.00000000000000000 ) ) ;
#1908 = ORIENTED_EDGE ( 'NONE', *, *, #3411, .T. ) ;
#1909 = ORIENTED_EDGE ( 'NONE', *, *, #5446, .T. ) ;
#1910 = CARTESIAN_POINT ( 'NONE',  ( 20.71778695723699215, -22.86193421515775981, 0.000000000000000000 ) ) ;
#1911 = VECTOR ( 'NONE', #6200, 1000.000000000000000 ) ;
#1912 = CARTESIAN_POINT ( 'NONE',  ( -41.91636039588774310, 1.609404259648018920, 19.71831315501599136 ) ) ;
#1913 = ORIENTED_EDGE ( 'NONE', *, *, #1311, .T. ) ;
#1914 = VERTEX_POINT ( 'NONE', #6900 ) ;
#1915 = CARTESIAN_POINT ( 'NONE',  ( 34.87835020859235158, 2.925799542778857898, 16.63081988631460106 ) ) ;
#1916 = CARTESIAN_POINT ( 'NONE',  ( 34.30148299979329352, 4.818786227663055755, 8.940066865705640353 ) ) ;
#1917 = B_SPLINE_CURVE_WITH_KNOTS ( 'NONE', 3,
 ( #2829, #1633, #2788, #5229, #6502, #4728, #5890, #7725, #1590, #7809, #2212, #2750, #7275, #1009, #2867, #2135, #405, #3509, #4085, #4690 ),
 .UNSPECIFIED., .F., .F.,
 ( 4, 2, 2, 2, 2, 2, 2, 2, 2, 4 ),
 ( 0.000000000000000000, 0.001099448582026955976, 0.001649172873040431579, 0.002198897164053907182, 0.003298345746080858388, 0.004397794328107809160, 0.005497242910134760366, 0.006596691492161711572, 0.007696140074188662777, 0.008795588656215613116 ),
 .UNSPECIFIED. ) ;
#1918 = CARTESIAN_POINT ( 'NONE',  ( -49.10000000000000142, 1.469693845669912680, 9.500000000000005329 ) ) ;
#1919 = CARTESIAN_POINT ( 'NONE',  ( 39.89999999999999147, 6.938893903907228378E-15, 12.00000000000000000 ) ) ;
#1920 = DIRECTION ( 'NONE',  ( 0.000000000000000000, 0.000000000000000000, -1.000000000000000000 ) ) ;
#1921 = ORIENTED_EDGE ( 'NONE', *, *, #7813, .T. ) ;
#1922 = EDGE_CURVE ( 'NONE', #5322, #6242, #2973, .T. ) ;
#1923 = ORIENTED_EDGE ( 'NONE', *, *, #4947, .F. ) ;
#1924 = EDGE_LOOP ( 'NONE', ( #5957, #3103, #3580, #5763, #6842, #190 ) ) ;
#1925 = VECTOR ( 'NONE', #7157, 1000.000000000000000 ) ;
#1926 = ORIENTED_EDGE ( 'NONE', *, *, #2915, .T. ) ;
#1927 = FACE_OUTER_BOUND ( 'NONE', #7069, .T. ) ;
#1928 = CARTESIAN_POINT ( 'NONE',  ( 10.91906254841043022, -33.99812033099780706, 16.58556005146158085 ) ) ;
#1929 = LINE ( 'NONE', #4454, #722 ) ;
#1930 = CARTESIAN_POINT ( 'NONE',  ( -51.77263752310226863, -4.356907988911634888, 14.24277238647353272 ) ) ;
#1931 = VERTEX_POINT ( 'NONE', #1531 ) ;
#1932 = DIRECTION ( 'NONE',  ( 2.815536131330090089E-16, -1.000000000000000000, -0.000000000000000000 ) ) ;
#1933 = AXIS2_PLACEMENT_3D ( 'NONE', #2786, #2826, #814 ) ;
#1934 = DIRECTION ( 'NONE',  ( 0.000000000000000000, 1.000000000000000000, -0.000000000000000000 ) ) ;
#1935 = AXIS2_PLACEMENT_3D ( 'NONE', #4393, #7424, #2612 ) ;
#1936 = DIRECTION ( 'NONE',  ( 1.000000000000000000, -0.000000000000000000, -0.000000000000000000 ) ) ;
#1937 = EDGE_LOOP ( 'NONE', ( #5666, #5731, #6213, #698, #1239, #3205, #1597 ) ) ;
#1938 = DIRECTION ( 'NONE',  ( 1.000000000000000000, 0.000000000000000000, -0.000000000000000000 ) ) ;
#1939 = DIRECTION ( 'NONE',  ( 1.000000000000000000, 2.668805347656626678E-16, -0.000000000000000000 ) ) ;
#1940 = LINE ( 'NONE', #4426, #2497 ) ;
#1941 = ORIENTED_EDGE ( 'NONE', *, *, #2755, .F. ) ;
#1942 = DIRECTION ( 'NONE',  ( 0.000000000000000000, 0.000000000000000000, 1.000000000000000000 ) ) ;
#1943 = ORIENTED_EDGE ( 'NONE', *, *, #7188, .F. ) ;
#1944 = CARTESIAN_POINT ( 'NONE',  ( 13.27743229591009744, -30.71915747299405908, 5.831395812114998911 ) ) ;
#1945 = CARTESIAN_POINT ( 'NONE',  ( -35.13525305468017024, -1.322782941534171419, 3.848496869188028136 ) ) ;
#1946 = CARTESIAN_POINT ( 'NONE',  ( 33.21327386202776921, -7.000000000000002665, 8.249999999999998224 ) ) ;
#1947 = VERTEX_POINT ( 'NONE', #316 ) ;
#1948 = CARTESIAN_POINT ( 'NONE',  ( -44.14912053627465838, 5.561592994926721545, 13.00331611518982911 ) ) ;
#1949 = CARTESIAN_POINT ( 'NONE',  ( 8.100000000000013856, -24.41053361559591295, -5.500000000000001776 ) ) ;
#1950 = VERTEX_POINT ( 'NONE', #955 ) ;
#1951 = CIRCLE ( 'NONE', #6523, 4.900000000000002132 ) ;
#1952 = CARTESIAN_POINT ( 'NONE',  ( 34.66953248148195854, 3.727421841696061833, 19.44350013759372331 ) ) ;
#1953 = CARTESIAN_POINT ( 'NONE',  ( 34.74516757844516235, 3.458749373412792760, 13.26015911830550387 ) ) ;
#1954 = DIRECTION ( 'NONE',  ( 0.000000000000000000, 0.000000000000000000, -1.000000000000000000 ) ) ;
#1955 = DIRECTION ( 'NONE',  ( 0.8619342151577692457, 0.5070201265633943466, -0.000000000000000000 ) ) ;
#1956 = VECTOR ( 'NONE', #4102, 1000.000000000000000 ) ;
#1957 = CARTESIAN_POINT ( 'NONE',  ( -39.90000000000000568, 7.000000000000003553, 12.00000000000000000 ) ) ;
#1958 = VECTOR ( 'NONE', #192, 1000.000000000000000 ) ;
#1959 = EDGE_LOOP ( 'NONE', ( #6703, #347, #6940, #7644, #2457, #8085 ) ) ;
#1960 = EDGE_CURVE ( 'NONE', #1540, #4273, #1999, .T. ) ;
#1961 = VECTOR ( 'NONE', #4316, 1000.000000000000000 ) ;
#1962 = ORIENTED_EDGE ( 'NONE', *, *, #7304, .F. ) ;
#1963 = ADVANCED_FACE ( 'NONE', ( #2195 ), #1610, .F. ) ;
#1964 = ADVANCED_FACE ( 'NONE', ( #5370 ), #5949, .F. ) ;
#1965 = VECTOR ( 'NONE', #2803, 1000.000000000000000 ) ;
#1966 = LINE ( 'NONE', #6835, #3090 ) ;
#1967 = DIRECTION ( 'NONE',  ( 0.8619342151577695788, -0.5070201265633936805, 0.000000000000000000 ) ) ;
#1968 = FACE_OUTER_BOUND ( 'NONE', #4211, .T. ) ;
#1969 = EDGE_CURVE ( 'NONE', #6459, #682, #907, .T. ) ;
#1970 = DIRECTION ( 'NONE',  ( 1.000000000000000000, 0.000000000000000000, 0.000000000000000000 ) ) ;
#1971 = VERTEX_POINT ( 'NONE', #385 ) ;
#1972 = VECTOR ( 'NONE', #6791, 1000.000000000000000 ) ;
#1973 = CARTESIAN_POINT ( 'NONE',  ( 34.75000000000000000, 13.50000000000000533, 0.000000000000000000 ) ) ;
#1974 = EDGE_CURVE ( 'NONE', #5559, #1022, #6559, .T. ) ;
#1975 = EDGE_CURVE ( 'NONE', #1358, #5055, #3347, .T. ) ;
#1976 = LINE ( 'NONE', #4460, #6603 ) ;
#1977 = CIRCLE ( 'NONE', #1184, 1.749999999999999778 ) ;
#1978 = ADVANCED_FACE ( 'NONE', ( #2853 ), #919, .F. ) ;
#1979 = CARTESIAN_POINT ( 'NONE',  ( -61.10000000000000142, -4.900000000000014566, 12.00000000000000000 ) ) ;
#1980 = DIRECTION ( 'NONE',  ( 0.000000000000000000, 0.000000000000000000, -1.000000000000000000 ) ) ;
#1981 = EDGE_CURVE ( 'NONE', #897, #1430, #5784, .T. ) ;
#1982 = VERTEX_POINT ( 'NONE', #4867 ) ;
#1983 = ADVANCED_FACE ( 'NONE', ( #1770 ), #6065, .F. ) ;
#1984 = ADVANCED_FACE ( 'NONE', ( #4208 ), #5531, .F. ) ;
#1985 = CARTESIAN_POINT ( 'NONE',  ( 20.21076683067359880, -21.99999999999999289, 24.00000000000000000 ) ) ;
#1986 = DIRECTION ( 'NONE',  ( 1.000000000000000000, 0.000000000000000000, 0.000000000000000000 ) ) ;
#1987 = DIRECTION ( 'NONE',  ( 1.000000000000000000, 0.000000000000000000, 0.000000000000000000 ) ) ;
#1988 = VERTEX_POINT ( 'NONE', #7372 ) ;
#1989 = AXIS2_PLACEMENT_3D ( 'NONE', #5138, #3834, #732 ) ;
#1990 = ADVANCED_FACE ( 'NONE', ( #4252 ), #499, .F. ) ;
#1991 = CARTESIAN_POINT ( 'NONE',  ( -13.40894241220451555, -32.00000000000000711, 19.50000000000000000 ) ) ;
#1992 = VERTEX_POINT ( 'NONE', #5486 ) ;
#1993 = CARTESIAN_POINT ( 'NONE',  ( -44.90000000000004832, 4.899999999999995026, 12.00000000000000000 ) ) ;
#1994 = DIRECTION ( 'NONE',  ( -1.000000000000000000, 0.000000000000000000, 0.000000000000000000 ) ) ;
#1995 = VECTOR ( 'NONE', #5838, 1000.000000000000000 ) ;
#1996 = DIRECTION ( 'NONE',  ( -0.000000000000000000, -0.000000000000000000, 1.000000000000000000 ) ) ;
#1997 = CARTESIAN_POINT ( 'NONE',  ( -13.99666578361246572, -30.29607895081619517, 19.50000000000000000 ) ) ;
#1998 = CARTESIAN_POINT ( 'NONE',  ( -44.55000000000006111, 0.1411202578659056794, 17.25000000000000000 ) ) ;
#1999 = CIRCLE ( 'NONE', #4063, 1.000000000000000888 ) ;
#2000 = ORIENTED_EDGE ( 'NONE', *, *, #1482, .T. ) ;
#2001 = CARTESIAN_POINT ( 'NONE',  ( 34.97385197738189078, 2.462705775143489095, 16.15247517294717028 ) ) ;
#2002 = DIRECTION ( 'NONE',  ( 0.000000000000000000, 0.000000000000000000, 1.000000000000000000 ) ) ;
#2003 = DIRECTION ( 'NONE',  ( -6.624790897247282050E-16, 1.000000000000000000, 0.000000000000000000 ) ) ;
#2004 = CARTESIAN_POINT ( 'NONE',  ( 37.89999999999999147, -7.000000000000000888, 12.00000000000000000 ) ) ;
#2005 = DIRECTION ( 'NONE',  ( -1.000000000000000000, -9.941108744852765039E-17, -0.000000000000000000 ) ) ;
#2006 = VERTEX_POINT ( 'NONE', #7942 ) ;
#2007 = EDGE_CURVE ( 'NONE', #4722, #885, #1683, .T. ) ;
#2008 = CIRCLE ( 'NONE', #4991, 11.09999999999999609 ) ;
#2009 = B_SPLINE_CURVE_WITH_KNOTS ( 'NONE', 3,
 ( #440, #1790, #3675, #6168, #5464, #6870, #3064, #7964, #2942, #3545, #4191, #6, #1212, #3584 ),
 .UNSPECIFIED., .F., .F.,
 ( 4, 2, 2, 2, 2, 2, 4 ),
 ( 0.000000000000000000, 0.0006541486040578549637, 0.001308297208115709927, 0.001962445812173565108, 0.002616594416231419855, 0.003924891624347131083, 0.005233188832462843179 ),
 .UNSPECIFIED. ) ;
#2010 = AXIS2_PLACEMENT_3D ( 'NONE', #1243, #1864, #2484 ) ;
#2011 = EDGE_LOOP ( 'NONE', ( #7318, #6702, #7504, #5124 ) ) ;
#2012 = ORIENTED_EDGE ( 'NONE', *, *, #1460, .T. ) ;
#2013 = ORIENTED_EDGE ( 'NONE', *, *, #6099, .F. ) ;
#2014 = LINE ( 'NONE', #7646, #1178 ) ;
#2015 = CARTESIAN_POINT ( 'NONE',  ( -1.698686956776715873E-15, 22.00000000000000355, 0.000000000000000000 ) ) ;
#2016 = CYLINDRICAL_SURFACE ( 'NONE', #6714, 1.000000000000000888 ) ;
#2017 = ORIENTED_EDGE ( 'NONE', *, *, #4232, .F. ) ;
#2018 = CARTESIAN_POINT ( 'NONE',  ( 12.50000000000000000, 18.00000000000000355, 1.999999999999997780 ) ) ;
#2019 = VECTOR ( 'NONE', #6275, 1000.000000000000000 ) ;
#2020 = CARTESIAN_POINT ( 'NONE',  ( -4.828932188134536396, 20.00000000000000711, 17.99999999999999645 ) ) ;
#2021 = DIRECTION ( 'NONE',  ( -1.000000000000000000, -7.228014483236695816E-17, 0.000000000000000000 ) ) ;
#2022 = LINE ( 'NONE', #4501, #1632 ) ;
#2023 = ORIENTED_EDGE ( 'NONE', *, *, #4186, .T. ) ;
#2024 = CARTESIAN_POINT ( 'NONE',  ( -34.89999999999999858, -10.92893218813452272, 21.00000000000000000 ) ) ;
#2025 = CARTESIAN_POINT ( 'NONE',  ( -44.38660557078805624, -0.6588046917055933038, 6.625885014293737996 ) ) ;
#2026 = EDGE_CURVE ( 'NONE', #682, #1341, #4747, .T. ) ;
#2027 = PRODUCT_DEFINITION ( 'UNKNOWN', '', #1124, #5705 ) ;
#2028 = DIRECTION ( 'NONE',  ( 1.000000000000000000, 1.387778780781445478E-15, 0.000000000000000000 ) ) ;
#2029 = CIRCLE ( 'NONE', #3068, 4.900000000000002132 ) ;
#2030 = ORIENTED_EDGE ( 'NONE', *, *, #6067, .T. ) ;
#2031 = B_SPLINE_CURVE_WITH_KNOTS ( 'NONE', 3,
 ( #3605, #1809, #7415, #7985, #3095, #1771, #6801, #4786, #5487, #6760, #596, #4255, #7293, #6029, #428, #2925 ),
 .UNSPECIFIED., .F., .F.,
 ( 4, 2, 2, 2, 2, 2, 2, 4 ),
 ( 0.004993735409522444615, 0.005423211773871490157, 0.005852688138220534832, 0.006282164502569580374, 0.006711640866918625048, 0.007141117231267670590, 0.007570593595616716132, 0.008429546324314808950 ),
 .UNSPECIFIED. ) ;
#2032 = EDGE_CURVE ( 'NONE', #4661, #51, #6451, .T. ) ;
#2033 = LINE ( 'NONE', #796, #2751 ) ;
#2034 = VECTOR ( 'NONE', #6263, 1000.000000000000000 ) ;
#2035 = CARTESIAN_POINT ( 'NONE',  ( 17.23760059630101438, -24.90910266276716811, -0.07316441860392620955 ) ) ;
#2036 = CARTESIAN_POINT ( 'NONE',  ( -13.27743229591008856, -30.71915747299403421, 5.831395812114998023 ) ) ;
#2037 = CARTESIAN_POINT ( 'NONE',  ( -39.90000000000000568, -7.000000000000000888, 13.75000000000000000 ) ) ;
#2038 = CARTESIAN_POINT ( 'NONE',  ( -41.30869295126966279, 1.014706925021154227, 20.43111223696499223 ) ) ;
#2039 = AXIS2_PLACEMENT_3D ( 'NONE', #449, #1710, #412 ) ;
#2040 = ADVANCED_FACE ( 'NONE', ( #3531 ), #6800, .F. ) ;
#2041 = ORIENTED_EDGE ( 'NONE', *, *, #3431, .F. ) ;
#2042 = CARTESIAN_POINT ( 'NONE',  ( 8.100000000000017408, 0.000000000000000000, 5.000000000000000000 ) ) ;
#2043 = CARTESIAN_POINT ( 'NONE',  ( -41.91742546145378157, 1.599295169537714889, 4.281059795321915828 ) ) ;
#2044 = AXIS2_PLACEMENT_3D ( 'NONE', #2597, #3255, #7578 ) ;
#2045 = ORIENTED_EDGE ( 'NONE', *, *, #3944, .T. ) ;
#2046 = VERTEX_POINT ( 'NONE', #6719 ) ;
#2047 = DIRECTION ( 'NONE',  ( 1.000000000000000000, 9.941108744852766272E-17, 0.000000000000000000 ) ) ;
#2048 = VERTEX_POINT ( 'NONE', #4785 ) ;
#2049 = DIRECTION ( 'NONE',  ( 1.000000000000000000, 0.000000000000000000, 0.000000000000000000 ) ) ;
#2050 = DIRECTION ( 'NONE',  ( 0.000000000000000000, 1.000000000000000000, 0.000000000000000000 ) ) ;
#2051 = ORIENTED_EDGE ( 'NONE', *, *, #1291, .T. ) ;
#2052 = ORIENTED_EDGE ( 'NONE', *, *, #5198, .F. ) ;
#2053 = ORIENTED_EDGE ( 'NONE', *, *, #669, .T. ) ;
#2054 = LINE ( 'NONE', #3363, #671 ) ;
#2055 = DIRECTION ( 'NONE',  ( -0.000000000000000000, -0.000000000000000000, -1.000000000000000000 ) ) ;
#2056 = FACE_OUTER_BOUND ( 'NONE', #3084, .T. ) ;
#2057 = ORIENTED_EDGE ( 'NONE', *, *, #4965, .F. ) ;
#2058 = DIRECTION ( 'NONE',  ( -9.941108744852766272E-17, 1.000000000000000000, 1.215432671457254510E-63 ) ) ;
#2059 = AXIS2_PLACEMENT_3D ( 'NONE', #1296, #2005, #89 ) ;
#2060 = ORIENTED_EDGE ( 'NONE', *, *, #3225, .F. ) ;
#2061 = CARTESIAN_POINT ( 'NONE',  ( 13.40894241220452443, -23.08875635019540340, 5.000000000000000000 ) ) ;
#2062 = DIRECTION ( 'NONE',  ( 0.000000000000000000, 0.000000000000000000, 1.000000000000000000 ) ) ;
#2063 = CIRCLE ( 'NONE', #484, 7.099999999999999645 ) ;
#2064 = ORIENTED_EDGE ( 'NONE', *, *, #6563, .F. ) ;
#2065 = CARTESIAN_POINT ( 'NONE',  ( -11.09999999999999254, -32.00000000000000000, 10.00000000000000000 ) ) ;
#2066 = DIRECTION ( 'NONE',  ( -0.000000000000000000, -0.000000000000000000, 1.000000000000000000 ) ) ;
#2067 = CARTESIAN_POINT ( 'NONE',  ( -42.39989424075367452, 7.192203406857852421, 13.74219179502597044 ) ) ;
#2068 = ORIENTED_EDGE ( 'NONE', *, *, #4901, .F. ) ;
#2069 = EDGE_CURVE ( 'NONE', #6891, #1061, #2643, .T. ) ;
#2070 = DIRECTION ( 'NONE',  ( 1.000000000000000000, 0.000000000000000000, 0.000000000000000000 ) ) ;
#2071 = ORIENTED_EDGE ( 'NONE', *, *, #7403, .T. ) ;
#2072 = DIRECTION ( 'NONE',  ( 0.000000000000000000, 0.000000000000000000, -1.000000000000000000 ) ) ;
#2073 = CARTESIAN_POINT ( 'NONE',  ( 2.684099361110245291E-15, -17.99999999999999645, 5.000000000000000000 ) ) ;
#2074 = CARTESIAN_POINT ( 'NONE',  ( 37.89999999999999147, -3.955505321723093897E-16, 6.750000000000000888 ) ) ;
#2075 = EDGE_CURVE ( 'NONE', #606, #2046, #5236, .T. ) ;
#2076 = CARTESIAN_POINT ( 'NONE',  ( -9.750000000000000000, 24.00000000000000355, 5.000000000000004441 ) ) ;
#2077 = ADVANCED_FACE ( 'NONE', ( #6638 ), #6027, .T. ) ;
#2078 = CARTESIAN_POINT ( 'NONE',  ( -13.08578643762698945, 27.41421356237308871, 2.000000000000001332 ) ) ;
#2079 = CARTESIAN_POINT ( 'NONE',  ( -41.06259796483191593, 8.734222185290281715, 11.73081221383447037 ) ) ;
#2080 = CARTESIAN_POINT ( 'NONE',  ( -44.17013292903795474, 0.9782914923290841891, 6.455287192512171757 ) ) ;
#2081 = EDGE_CURVE ( 'NONE', #3150, #1732, #5896, .T. ) ;
#2082 = DIRECTION ( 'NONE',  ( 1.000000000000000000, 0.000000000000000000, -0.000000000000000000 ) ) ;
#2083 = CARTESIAN_POINT ( 'NONE',  ( 11.09999999999999609, -32.00000000000000000, 19.50000000000000000 ) ) ;
#2084 = DIRECTION ( 'NONE',  ( 0.000000000000000000, 0.000000000000000000, -1.000000000000000000 ) ) ;
#2085 = EDGE_LOOP ( 'NONE', ( #5656, #6249, #3619, #3058 ) ) ;
#2086 = ORIENTED_EDGE ( 'NONE', *, *, #1407, .T. ) ;
#2087 = EDGE_LOOP ( 'NONE', ( #3819, #6881, #7665, #4370, #575, #1114, #4949, #6308, #6279, #8016 ) ) ;
#2088 = CARTESIAN_POINT ( 'NONE',  ( -10.90000000000001457, -3.000000000000002665, 24.00000000000000000 ) ) ;
#2089 = ORIENTED_EDGE ( 'NONE', *, *, #6938, .T. ) ;
#2090 = DIRECTION ( 'NONE',  ( 1.000000000000000000, 9.941108744852763806E-17, -2.775557561562891351E-16 ) ) ;
#2091 = CARTESIAN_POINT ( 'NONE',  ( -35.19999999999999574, -0.01000000000000653144, 6.749971428338193746 ) ) ;
#2092 = CIRCLE ( 'NONE', #7697, 2.000000000000001776 ) ;
#2093 = CARTESIAN_POINT ( 'NONE',  ( -61.10000000000000142, -1.196959198423997211E-14, 12.00000000000000000 ) ) ;
#2094 = ORIENTED_EDGE ( 'NONE', *, *, #2582, .F. ) ;
#2095 = CARTESIAN_POINT ( 'NONE',  ( -52.10000000000000853, -1.469693845669944876, 10.50000000000000533 ) ) ;
#2096 = EDGE_CURVE ( 'NONE', #6092, #1947, #463, .T. ) ;
#2097 = CIRCLE ( 'NONE', #5341, 1.000000000000000888 ) ;
#2098 = CIRCLE ( 'NONE', #2351, 1.749999999999999778 ) ;
#2099 = DIRECTION ( 'NONE',  ( -1.000000000000000000, 6.876381346214372952E-15, 0.000000000000000000 ) ) ;
#2100 = CARTESIAN_POINT ( 'NONE',  ( 13.40894241220452265, -21.99999999999999289, 24.00000000000000000 ) ) ;
#2101 = CIRCLE ( 'NONE', #4814, 1.749999999999999778 ) ;
#2102 = ORIENTED_EDGE ( 'NONE', *, *, #1624, .T. ) ;
#2103 = CYLINDRICAL_SURFACE ( 'NONE', #5016, 3.750000000000000000 ) ;
#2104 = DIRECTION ( 'NONE',  ( -0.000000000000000000, -0.000000000000000000, 1.000000000000000000 ) ) ;
#2105 = CARTESIAN_POINT ( 'NONE',  ( -34.07892368874391309, -5.352688250905679901, 11.39705484084837828 ) ) ;
#2106 = PRODUCT ( 'laser_ponter', 'laser_ponter', '', ( #760 ) ) ;
#2107 = ORIENTED_EDGE ( 'NONE', *, *, #4110, .T. ) ;
#2108 = AXIS2_PLACEMENT_3D ( 'NONE', #6255, #1789, #4797 ) ;
#2109 = AXIS2_PLACEMENT_3D ( 'NONE', #3176, #5664, #4058 ) ;
#2110 = FACE_BOUND ( 'NONE', #6833, .T. ) ;
#2111 = ORIENTED_EDGE ( 'NONE', *, *, #7862, .F. ) ;
#2112 = ADVANCED_FACE ( 'NONE', ( #6317 ), #2476, .T. ) ;
#2113 = CARTESIAN_POINT ( 'NONE',  ( 14.10232755190747866, -26.38024178686417187, -1.253926911924252208 ) ) ;
#2114 = LINE ( 'NONE', #6663, #7492 ) ;
#2115 = FACE_OUTER_BOUND ( 'NONE', #7385, .T. ) ;
#2116 = CARTESIAN_POINT ( 'NONE',  ( -20.21076683067359525, -21.99999999999999645, 24.00000000000000000 ) ) ;
#2117 = CARTESIAN_POINT ( 'NONE',  ( 29.73787342055555882, 10.75004179306731977, 12.14406211463550989 ) ) ;
#2118 = CARTESIAN_POINT ( 'NONE',  ( -41.05000000000001847, -8.749999999999998224, 11.86421405438403731 ) ) ;
#2119 = EDGE_CURVE ( 'NONE', #2953, #8009, #518, .T. ) ;
#2120 = CARTESIAN_POINT ( 'NONE',  ( -15.02344265897995612, -26.21154850825013938, 5.000000000000000000 ) ) ;
#2121 = DIRECTION ( 'NONE',  ( 1.000000000000000000, 0.000000000000000000, 0.000000000000000000 ) ) ;
#2122 = CARTESIAN_POINT ( 'NONE',  ( 11.83799211249914229, -31.98985566445015749, 7.378619622013157908 ) ) ;
#2123 = CARTESIAN_POINT ( 'NONE',  ( -8.100000000000013856, -22.51550841392083413, 6.545999955580854568 ) ) ;
#2124 = DIRECTION ( 'NONE',  ( 1.000000000000000000, 0.000000000000000000, 0.000000000000000000 ) ) ;
#2125 = CARTESIAN_POINT ( 'NONE',  ( -51.90708381011968697, 4.426364670405278368, 14.10426783659014127 ) ) ;
#2126 = ORIENTED_EDGE ( 'NONE', *, *, #2728, .F. ) ;
#2127 = AXIS2_PLACEMENT_3D ( 'NONE', #644, #3785, #1368 ) ;
#2128 = EDGE_CURVE ( 'NONE', #2315, #5473, #3816, .T. ) ;
#2129 = EDGE_CURVE ( 'NONE', #5980, #4577, #2366, .T. ) ;
#2130 = ORIENTED_EDGE ( 'NONE', *, *, #3320, .F. ) ;
#2131 = ADVANCED_FACE ( 'NONE', ( #3221 ), #71, .F. ) ;
#2132 = CARTESIAN_POINT ( 'NONE',  ( 39.89999999999999147, 7.000000000000003553, 12.00000000000000000 ) ) ;
#2133 = ORIENTED_EDGE ( 'NONE', *, *, #1100, .F. ) ;
#2134 = DIRECTION ( 'NONE',  ( 0.000000000000000000, -1.000000000000000000, 0.000000000000000000 ) ) ;
#2135 = CARTESIAN_POINT ( 'NONE',  ( 8.100000000000020961, -19.90978294410731664, 5.235696292787952899 ) ) ;
#2136 = DIRECTION ( 'NONE',  ( -1.000000000000000000, -2.668805347656626678E-16, 0.000000000000000000 ) ) ;
#2137 = CIRCLE ( 'NONE', #1338, 1.749999999999999778 ) ;
#2138 = ORIENTED_EDGE ( 'NONE', *, *, #5507, .F. ) ;
#2139 = FACE_OUTER_BOUND ( 'NONE', #3505, .T. ) ;
#2140 = CARTESIAN_POINT ( 'NONE',  ( 2.684099361110245291E-15, -17.99999999999999645, 5.000000000000000000 ) ) ;
#2141 = VECTOR ( 'NONE', #6727, 1000.000000000000000 ) ;
#2142 = DIRECTION ( 'NONE',  ( -0.000000000000000000, 0.000000000000000000, -1.000000000000000000 ) ) ;
#2143 = ORIENTED_EDGE ( 'NONE', *, *, #1606, .F. ) ;
#2144 = CARTESIAN_POINT ( 'NONE',  ( 3.918869757271530263E-15, -32.00000000000000000, 16.50000000000000000 ) ) ;
#2145 = CARTESIAN_POINT ( 'NONE',  ( -8.099999999999996092, -18.00000000000000000, 5.000000000000000888 ) ) ;
#2146 = CARTESIAN_POINT ( 'NONE',  ( -33.21327386202775500, -7.000000000000000888, 13.75000000000000533 ) ) ;
#2147 = ORIENTED_EDGE ( 'NONE', *, *, #7151, .T. ) ;
#2148 = CIRCLE ( 'NONE', #4741, 1.750000000000001554 ) ;
#2149 = DIRECTION ( 'NONE',  ( 1.387778780781445676E-16, 1.379605977354753764E-32, 1.000000000000000000 ) ) ;
#2150 = CARTESIAN_POINT ( 'NONE',  ( -17.22189037055983363, -28.39888801731771295, -0.2822935912280866710 ) ) ;
#2151 = ADVANCED_FACE ( 'NONE', ( #7623 ), #7545, .F. ) ;
#2152 = CARTESIAN_POINT ( 'NONE',  ( -33.00000000000001421, 13.49999999999998046, 0.000000000000000000 ) ) ;
#2153 = CARTESIAN_POINT ( 'NONE',  ( 14.40894241220452265, -20.99999999999998934, -0.1826378282930800623 ) ) ;
#2154 = CARTESIAN_POINT ( 'NONE',  ( -35.17790709849746378, -0.7832316136644952298, 17.43088302344087381 ) ) ;
#2155 = CARTESIAN_POINT ( 'NONE',  ( 30.50155339682505229, 10.15177388318464402, 9.954211164262426692 ) ) ;
#2156 = VECTOR ( 'NONE', #4456, 1000.000000000000000 ) ;
#2157 = ORIENTED_EDGE ( 'NONE', *, *, #2374, .T. ) ;
#2158 = CARTESIAN_POINT ( 'NONE',  ( -49.10000000000000142, -1.469693845669930221, 9.500000000000005329 ) ) ;
#2159 = EDGE_CURVE ( 'NONE', #2048, #178, #1579, .T. ) ;
#2160 = AXIS2_PLACEMENT_3D ( 'NONE', #4200, #6837, #7398 ) ;
#2161 = CYLINDRICAL_SURFACE ( 'NONE', #256, 11.09999999999999609 ) ;
#2162 = CARTESIAN_POINT ( 'NONE',  ( 17.89999999999998792, 7.000000000000003553, 12.00000000000000000 ) ) ;
#2163 = LINE ( 'NONE', #5214, #6902 ) ;
#2164 = ORIENTED_EDGE ( 'NONE', *, *, #3820, .T. ) ;
#2165 = VERTEX_POINT ( 'NONE', #6849 ) ;
#2166 = DIRECTION ( 'NONE',  ( 0.000000000000000000, 0.000000000000000000, 1.000000000000000000 ) ) ;
#2167 = DIRECTION ( 'NONE',  ( 1.000000000000000000, 2.668805347656630623E-16, 0.000000000000000000 ) ) ;
#2168 = DIRECTION ( 'NONE',  ( 0.000000000000000000, 0.000000000000000000, 1.000000000000000000 ) ) ;
#2169 = ORIENTED_EDGE ( 'NONE', *, *, #329, .T. ) ;
#2170 = ORIENTED_EDGE ( 'NONE', *, *, #5329, .T. ) ;
#2171 = EDGE_LOOP ( 'NONE', ( #1280, #6162 ) ) ;
#2172 = ORIENTED_EDGE ( 'NONE', *, *, #3431, .T. ) ;
#2173 = ORIENTED_EDGE ( 'NONE', *, *, #1854, .F. ) ;
#2174 = CARTESIAN_POINT ( 'NONE',  ( -12.70206563436612512, -31.10088246350943919, 19.18659985049843542 ) ) ;
#2175 = CARTESIAN_POINT ( 'NONE',  ( -9.500000000000000000, 18.00000000000000355, 24.00000000000000711 ) ) ;
#2176 = CARTESIAN_POINT ( 'NONE',  ( 34.66944671013760626, -3.727715765163988948, 19.44110923331993845 ) ) ;
#2177 = LINE ( 'NONE', #4652, #4528 ) ;
#2178 = EDGE_LOOP ( 'NONE', ( #3658, #7528, #7805, #4056 ) ) ;
#2179 = CARTESIAN_POINT ( 'NONE',  ( 17.89999999999998792, -7.000000000000000888, 12.00000000000000000 ) ) ;
#2180 = CARTESIAN_POINT ( 'NONE',  ( 13.08578643762699478, 27.41421356237308871, 4.999999999999997335 ) ) ;
#2181 = CARTESIAN_POINT ( 'NONE',  ( 11.50007584254798942, 19.88256284509100169, 8.117437154909016073 ) ) ;
#2182 = ORIENTED_EDGE ( 'NONE', *, *, #1629, .T. ) ;
#2183 = CARTESIAN_POINT ( 'NONE',  ( 21.91000000000000725, -0.01000000000000132727, 21.00000000000000000 ) ) ;
#2184 = DIRECTION ( 'NONE',  ( 1.000000000000000000, -0.000000000000000000, -0.000000000000000000 ) ) ;
#2185 = CARTESIAN_POINT ( 'NONE',  ( -34.12364795882823643, -5.249361032657662740, 12.23951101410699493 ) ) ;
#2186 = AXIS2_PLACEMENT_3D ( 'NONE', #5806, #6416, #1920 ) ;
#2187 = EDGE_LOOP ( 'NONE', ( #619, #7838, #7339, #6708, #2740, #6910 ) ) ;
#2188 = VERTEX_POINT ( 'NONE', #1319 ) ;
#2189 = ORIENTED_EDGE ( 'NONE', *, *, #5570, .T. ) ;
#2190 = CARTESIAN_POINT ( 'NONE',  ( -13.08578643762698945, 27.41421356237308871, 5.000000000000004441 ) ) ;
#2191 = CIRCLE ( 'NONE', #6752, 1.000000000000000888 ) ;
#2192 = CARTESIAN_POINT ( 'NONE',  ( -14.16932423294779753, -30.19451515708950140, -1.794734483233766387 ) ) ;
#2193 = CARTESIAN_POINT ( 'NONE',  ( -23.32842712474619518, 18.00000000000000355, 2.000000000000002665 ) ) ;
#2194 = CARTESIAN_POINT ( 'NONE',  ( 8.171067811865464492, -30.37354648979129479, 17.99999999999999645 ) ) ;
#2195 = FACE_OUTER_BOUND ( 'NONE', #2187, .T. ) ;
#2196 =( BOUNDED_CURVE ( )  B_SPLINE_CURVE ( 3, ( #5690, #1304, #4413, #57 ),
 .UNSPECIFIED., .F., .F. ) 
 B_SPLINE_CURVE_WITH_KNOTS ( ( 4, 4 ),
 ( 0.7853981633974430610, 1.570796326794896558 ),
 .UNSPECIFIED. ) 
 CURVE ( )  GEOMETRIC_REPRESENTATION_ITEM ( )  RATIONAL_B_SPLINE_CURVE ( ( 1.000000000000000000, 0.9492530216741903448, 0.9492530216741903448, 1.000000000000000000 ) ) 
 REPRESENTATION_ITEM ( '' )  );
#2197 = CARTESIAN_POINT ( 'NONE',  ( -32.72731550343342377, -7.731695447391395248, 13.59327963984979881 ) ) ;
#2198 = AXIS2_PLACEMENT_3D ( 'NONE', #3941, #314, #7703 ) ;
#2199 = DIRECTION ( 'NONE',  ( 1.000000000000000000, 0.000000000000000000, 0.000000000000000000 ) ) ;
#2200 = DIRECTION ( 'NONE',  ( -1.000000000000000000, 0.000000000000000000, 0.000000000000000000 ) ) ;
#2201 = FACE_OUTER_BOUND ( 'NONE', #2914, .T. ) ;
#2202 = ORIENTED_EDGE ( 'NONE', *, *, #2928, .T. ) ;
#2203 = ORIENTED_EDGE ( 'NONE', *, *, #3514, .T. ) ;
#2204 = DIRECTION ( 'NONE',  ( 0.000000000000000000, 0.000000000000000000, 1.000000000000000000 ) ) ;
#2205 = B_SPLINE_CURVE_WITH_KNOTS ( 'NONE', 3,
 ( #1886, #6177, #582, #3031, #4373, #3077, #8018, #1797 ),
 .UNSPECIFIED., .F., .F.,
 ( 4, 2, 2, 4 ),
 ( 0.000000000000000000, 0.0004019191939191777926, 0.0008038383878383555852, 0.001607676775676714640 ),
 .UNSPECIFIED. ) ;
#2206 = CARTESIAN_POINT ( 'NONE',  ( -6.099999999999995204, -32.00000000000000000, 19.50000000000000000 ) ) ;
#2207 = DIRECTION ( 'NONE',  ( 0.000000000000000000, 0.000000000000000000, -1.000000000000000000 ) ) ;
#2208 = EDGE_CURVE ( 'NONE', #4972, #7817, #982, .T. ) ;
#2209 = ORIENTED_EDGE ( 'NONE', *, *, #3534, .T. ) ;
#2210 = FACE_OUTER_BOUND ( 'NONE', #7530, .T. ) ;
#2211 = CARTESIAN_POINT ( 'NONE',  ( -41.05000000000001847, -1.520410286126020388E-15, 20.75000000000000000 ) ) ;
#2212 = CARTESIAN_POINT ( 'NONE',  ( 8.100000000000017408, -22.52740246672617275, 6.555449652970069430 ) ) ;
#2213 = DIRECTION ( 'NONE',  ( -1.000000000000000000, 0.000000000000000000, 0.000000000000000000 ) ) ;
#2214 = CARTESIAN_POINT ( 'NONE',  ( 34.89999999999999147, -17.99999999999999289, 24.00000000000000000 ) ) ;
#2215 = AXIS2_PLACEMENT_3D ( 'NONE', #4874, #3180, #5627 ) ;
#2216 = EDGE_CURVE ( 'NONE', #2824, #3557, #28, .T. ) ;
#2217 = DIRECTION ( 'NONE',  ( 1.000000000000000000, 1.491166311727914324E-16, 7.228014483236695816E-17 ) ) ;
#2218 = EDGE_CURVE ( 'NONE', #2562, #6809, #4687, .T. ) ;
#2219 = VECTOR ( 'NONE', #6543, 1000.000000000000000 ) ;
#2220 = DIRECTION ( 'NONE',  ( 0.000000000000000000, -1.000000000000000000, 0.000000000000000000 ) ) ;
#2221 = EDGE_LOOP ( 'NONE', ( #4096, #3841, #7871, #5565 ) ) ;
#2222 = FACE_OUTER_BOUND ( 'NONE', #2608, .T. ) ;
#2223 = CARTESIAN_POINT ( 'NONE',  ( -46.10000000000000853, -4.622445746416946832, 10.36840468474102828 ) ) ;
#2224 = VERTEX_POINT ( 'NONE', #1277 ) ;
#2225 = AXIS2_PLACEMENT_3D ( 'NONE', #4139, #5407, #3604 ) ;
#2226 = CARTESIAN_POINT ( 'NONE',  ( 39.89999999999999858, 18.00000000000000711, 22.00000000000000000 ) ) ;
#2227 = ORIENTED_EDGE ( 'NONE', *, *, #2630, .F. ) ;
#2228 = ADVANCED_FACE ( 'NONE', ( #4465, #677 ), #1561, .T. ) ;
#2229 = EDGE_CURVE ( 'NONE', #6732, #5662, #6946, .T. ) ;
#2230 = CIRCLE ( 'NONE', #1302, 1.750000000000005107 ) ;
#2231 = CARTESIAN_POINT ( 'NONE',  ( -13.40894241220451732, -25.41283789321709818, 5.136526129089248549 ) ) ;
#2232 = ADVANCED_FACE ( 'NONE', ( #225 ), #188, .F. ) ;
#2233 = EDGE_CURVE ( 'NONE', #7769, #1145, #6128, .T. ) ;
#2234 = FACE_OUTER_BOUND ( 'NONE', #3132, .T. ) ;
#2235 = LINE ( 'NONE', #990, #1616 ) ;
#2236 = CARTESIAN_POINT ( 'NONE',  ( 32.05197223758753466, 8.603036302270304247, 15.39789485202963171 ) ) ;
#2237 = CARTESIAN_POINT ( 'NONE',  ( -8.099999999999996092, -17.99999999999999645, 0.000000000000000000 ) ) ;
#2238 = AXIS2_PLACEMENT_3D ( 'NONE', #3232, #4025, #353 ) ;
#2239 = EDGE_CURVE ( 'NONE', #4762, #3638, #7169, .T. ) ;
#2240 = CARTESIAN_POINT ( 'NONE',  ( 35.00404433346098187, -2.293031814112119537, 2.022731080789741398 ) ) ;
#2241 = CARTESIAN_POINT ( 'NONE',  ( -41.95361301841737856, 7.678262830272520212, 10.38353187882549555 ) ) ;
#2242 = VECTOR ( 'NONE', #2633, 1000.000000000000000 ) ;
#2243 = FACE_OUTER_BOUND ( 'NONE', #4620, .T. ) ;
#2244 = VECTOR ( 'NONE', #6276, 1000.000000000000000 ) ;
#2245 = VERTEX_POINT ( 'NONE', #7658 ) ;
#2246 = EDGE_LOOP ( 'NONE', ( #2765, #893, #7979, #3028 ) ) ;
#2247 = CARTESIAN_POINT ( 'NONE',  ( -8.100000000000003197, -24.41053361559590584, 10.00000000000000000 ) ) ;
#2248 = CARTESIAN_POINT ( 'NONE',  ( -35.15033246058882810, 1.160788314586167713, 20.31464240742635852 ) ) ;
#2249 = CARTESIAN_POINT ( 'NONE',  ( -51.61852379350081321, 4.291691304769878812, 14.36539035051769453 ) ) ;
#2250 = VERTEX_POINT ( 'NONE', #5938 ) ;
#2251 = FACE_OUTER_BOUND ( 'NONE', #5626, .T. ) ;
#2252 = CARTESIAN_POINT ( 'NONE',  ( -2.500000000000009326, 18.00000000000000355, 12.00000000000000000 ) ) ;
#2253 = CARTESIAN_POINT ( 'NONE',  ( 35.10240339979723956, -1.625017297773586389, 15.61629148925800692 ) ) ;
#2254 = EDGE_CURVE ( 'NONE', #2593, #984, #1179, .T. ) ;
#2255 = DIRECTION ( 'NONE',  ( -2.668805347656626678E-16, 1.000000000000000000, 0.000000000000000000 ) ) ;
#2256 = CARTESIAN_POINT ( 'NONE',  ( -33.07727863116537037, 7.219912923943796912, 10.25000000000000000 ) ) ;
#2257 = ORIENTED_EDGE ( 'NONE', *, *, #763, .F. ) ;
#2258 = FACE_OUTER_BOUND ( 'NONE', #6529, .T. ) ;
#2259 = CARTESIAN_POINT ( 'NONE',  ( -34.89999999999999858, -18.00000000000000355, 5.000000000000000000 ) ) ;
#2260 = DIRECTION ( 'NONE',  ( 0.8619342151577696898, -0.5070201265633933474, 0.000000000000000000 ) ) ;
#2261 = EDGE_CURVE ( 'NONE', #1539, #4982, #137, .T. ) ;
#2262 = VERTEX_POINT ( 'NONE', #945 ) ;
#2263 = CARTESIAN_POINT ( 'NONE',  ( -8.100000000000015632, -23.76189368438680916, -4.679963088623840584 ) ) ;
#2264 = DIRECTION ( 'NONE',  ( 1.000000000000000000, -0.000000000000000000, -0.000000000000000000 ) ) ;
#2265 = ORIENTED_EDGE ( 'NONE', *, *, #5790, .F. ) ;
#2266 = CARTESIAN_POINT ( 'NONE',  ( -33.94669178320992131, -5.644523646821905771, 13.11315411990043778 ) ) ;
#2267 = ORIENTED_EDGE ( 'NONE', *, *, #5780, .T. ) ;
#2268 = VECTOR ( 'NONE', #641, 1000.000000000000000 ) ;
#2269 = CARTESIAN_POINT ( 'NONE',  ( -52.10000000000001563, -2.399552530515515425, 10.36368850668118391 ) ) ;
#2270 = DIRECTION ( 'NONE',  ( 0.000000000000000000, -1.000000000000000000, 0.000000000000000000 ) ) ;
#2271 = EDGE_CURVE ( 'NONE', #546, #4658, #2763, .T. ) ;
#2272 = ADVANCED_FACE ( 'NONE', ( #7090 ), #3450, .F. ) ;
#2273 = DIRECTION ( 'NONE',  ( -0.7071067811865477948, -0.7071067811865473507, 0.000000000000000000 ) ) ;
#2274 = DIRECTION ( 'NONE',  ( -1.000000000000000000, 0.000000000000000000, 0.000000000000000000 ) ) ;
#2275 = CARTESIAN_POINT ( 'NONE',  ( -41.05000000000002558, -8.750000000000000000, 12.00000000000000000 ) ) ;
#2276 = EDGE_CURVE ( 'NONE', #4544, #4890, #7694, .T. ) ;
#2277 = AXIS2_PLACEMENT_3D ( 'NONE', #2024, #5902, #1395 ) ;
#2278 = ORIENTED_EDGE ( 'NONE', *, *, #4515, .T. ) ;
#2279 = AXIS2_PLACEMENT_3D ( 'NONE', #944, #5359, #6549 ) ;
#2280 = CYLINDRICAL_SURFACE ( 'NONE', #5081, 1.000000000000000888 ) ;
#2281 = CARTESIAN_POINT ( 'NONE',  ( 39.89999999999999147, -7.000000000000000888, 13.75000000000000000 ) ) ;
#2282 = CARTESIAN_POINT ( 'NONE',  ( -41.29802215840084756, -1.023095753883229486, 20.44370606135677804 ) ) ;
#2283 = DIRECTION ( 'NONE',  ( 0.000000000000000000, 0.000000000000000000, -1.000000000000000000 ) ) ;
#2284 = CARTESIAN_POINT ( 'NONE',  ( -35.09704506566746574, 1.661624120408017991, 19.56084645555845469 ) ) ;
#2285 = EDGE_CURVE ( 'NONE', #7486, #4824, #1560, .T. ) ;
#2286 = DIRECTION ( 'NONE',  ( 1.000000000000000000, -0.000000000000000000, -0.000000000000000000 ) ) ;
#2287 = AXIS2_PLACEMENT_3D ( 'NONE', #1014, #2296, #4771 ) ;
#2288 = CARTESIAN_POINT ( 'NONE',  ( 10.17106781186546627, 18.00000000000000355, 12.00000000000000000 ) ) ;
#2289 = VECTOR ( 'NONE', #7620, 1000.000000000000000 ) ;
#2290 = DIRECTION ( 'NONE',  ( -0.000000000000000000, -0.000000000000000000, 1.000000000000000000 ) ) ;
#2291 = DIRECTION ( 'NONE',  ( 0.000000000000000000, 0.000000000000000000, -1.000000000000000000 ) ) ;
#2292 = DIRECTION ( 'NONE',  ( 1.000000000000000000, -0.000000000000000000, -0.000000000000000000 ) ) ;
#2293 = CARTESIAN_POINT ( 'NONE',  ( -8.500000000000000000, 18.58578643762691485, 9.414213562373086930 ) ) ;
#2294 = B_SPLINE_CURVE_WITH_KNOTS ( 'NONE', 3,
 ( #6491, #1659, #4146, #3354, #5958, #5216, #6571, #2123, #886, #3385, #5878, #1541, #963, #286, #5260, #7751, #3468, #2247 ),
 .UNSPECIFIED., .F., .F.,
 ( 4, 2, 2, 2, 2, 2, 2, 2, 4 ),
 ( 0.000000000000000000, 0.002192187444513162345, 0.003288281166769743517, 0.004384374889026324690, 0.005480468611282905862, 0.006576562333539487035, 0.007672656055796068207, 0.008220702916924359227, 0.008768749778052649380 ),
 .UNSPECIFIED. ) ;
#2295 = VERTEX_POINT ( 'NONE', #7046 ) ;
#2296 = DIRECTION ( 'NONE',  ( -2.891205793294679312E-16, -2.874179119489070639E-32, -1.000000000000000000 ) ) ;
#2297 = DIRECTION ( 'NONE',  ( -0.7071067811865440200, -0.7071067811865511255, 1.962615573354709036E-16 ) ) ;
#2298 = DIRECTION ( 'NONE',  ( 1.000000000000000000, 0.000000000000000000, 0.000000000000000000 ) ) ;
#2299 = VECTOR ( 'NONE', #7911, 1000.000000000000000 ) ;
#2300 = VERTEX_POINT ( 'NONE', #7819 ) ;
#2301 = CARTESIAN_POINT ( 'NONE',  ( -8.100000000000013856, -16.27928340104707772, -0.2682040722046783454 ) ) ;
#2302 = CARTESIAN_POINT ( 'NONE',  ( 14.40894241220452265, -20.99999999999998934, 24.00000000000000000 ) ) ;
#2303 = ORIENTED_EDGE ( 'NONE', *, *, #7566, .F. ) ;
#2304 = CARTESIAN_POINT ( 'NONE',  ( 20.71778695723699215, -22.86193421515775981, 19.50000000000000000 ) ) ;
#2305 = CARTESIAN_POINT ( 'NONE',  ( -13.45686297008839816, -25.76537108599285730, 5.163954475603789618 ) ) ;
#2306 = LINE ( 'NONE', #5947, #4850 ) ;
#2307 = CARTESIAN_POINT ( 'NONE',  ( -35.09187509393028392, 1.704077662347922795, 4.541552396452907203 ) ) ;
#2308 = CARTESIAN_POINT ( 'NONE',  ( 31.34479407609419610, 9.373127067814341018, 9.087244662100788517 ) ) ;
#2309 = CARTESIAN_POINT ( 'NONE',  ( -10.90180841670001932, -34.08819856468882392, 10.00000000000000000 ) ) ;
#2310 = ORIENTED_EDGE ( 'NONE', *, *, #2477, .F. ) ;
#2311 = EDGE_CURVE ( 'NONE', #4282, #4009, #7233, .T. ) ;
#2312 = CARTESIAN_POINT ( 'NONE',  ( 34.96893943897256207, -2.483716877278570934, 7.820204377848479105 ) ) ;
#2313 = CARTESIAN_POINT ( 'NONE',  ( 14.40894241220452443, -25.41283789321709818, 24.00000000000000000 ) ) ;
#2314 = CARTESIAN_POINT ( 'NONE',  ( 34.89999999999999147, 10.92893218813452805, 0.000000000000000000 ) ) ;
#2315 = VERTEX_POINT ( 'NONE', #2145 ) ;
#2316 = CARTESIAN_POINT ( 'NONE',  ( 15.17106781186546449, 22.00000000000000355, 24.00000000000000000 ) ) ;
#2317 = CARTESIAN_POINT ( 'NONE',  ( 8.100000000000017408, -15.75710747126912636, -0.1360832598342185673 ) ) ;
#2318 = VECTOR ( 'NONE', #4764, 1000.000000000000114 ) ;
#2319 = ADVANCED_FACE ( 'NONE', ( #906 ), #6477, .T. ) ;
#2320 = ORIENTED_EDGE ( 'NONE', *, *, #2218, .F. ) ;
#2321 = EDGE_CURVE ( 'NONE', #7804, #5154, #3905, .T. ) ;
#2322 = VECTOR ( 'NONE', #4434, 1000.000000000000000 ) ;
#2323 = CARTESIAN_POINT ( 'NONE',  ( -36.36446609406726793, 16.53553390593273775, 24.00000000000000000 ) ) ;
#2324 = CARTESIAN_POINT ( 'NONE',  ( 33.83467833228410626, -5.882449481826279580, 8.412598392504541778 ) ) ;
#2325 = PLANE ( 'NONE',  #4371 ) ;
#2326 = CARTESIAN_POINT ( 'NONE',  ( -9.499984707532368233, 20.00782110201305031, 5.000000000000000888 ) ) ;
#2327 = CARTESIAN_POINT ( 'NONE',  ( 13.62298334620743034, 23.00000000000004619, 5.000000000000000888 ) ) ;
#2328 = EDGE_CURVE ( 'NONE', #6898, #5574, #4706, .T. ) ;
#2329 = CARTESIAN_POINT ( 'NONE',  ( 3.918869757271530263E-15, -32.00000000000000000, 10.00000000000000000 ) ) ;
#2330 = VERTEX_POINT ( 'NONE', #2302 ) ;
#2331 = DIRECTION ( 'NONE',  ( -0.000000000000000000, 0.000000000000000000, -1.000000000000000000 ) ) ;
#2332 = DIRECTION ( 'NONE',  ( 0.000000000000000000, 0.000000000000000000, -1.000000000000000000 ) ) ;
#2333 = CARTESIAN_POINT ( 'NONE',  ( -51.72801874222157181, -4.333855140938290162, 9.711256471143453695 ) ) ;
#2334 = VERTEX_POINT ( 'NONE', #454 ) ;
#2335 = DIRECTION ( 'NONE',  ( 0.000000000000000000, 0.000000000000000000, 1.000000000000000000 ) ) ;
#2336 = DIRECTION ( 'NONE',  ( 1.000000000000000000, 1.734723475976807094E-15, -2.168404344971008868E-16 ) ) ;
#2337 = ORIENTED_EDGE ( 'NONE', *, *, #4981, .F. ) ;
#2338 = EDGE_CURVE ( 'NONE', #2006, #6996, #6631, .T. ) ;
#2339 = CARTESIAN_POINT ( 'NONE',  ( -51.61646862434259475, 4.295104907553111140, 9.641217902001651296 ) ) ;
#2340 = VECTOR ( 'NONE', #5549, 1000.000000000000000 ) ;
#2341 = DIRECTION ( 'NONE',  ( 1.000000000000000000, 9.941108744852766272E-17, 0.000000000000000000 ) ) ;
#2342 = DIRECTION ( 'NONE',  ( 1.000000000000000000, -3.958748233630339028E-17, -0.000000000000000000 ) ) ;
#2343 = LINE ( 'NONE', #5990, #1215 ) ;
#2344 = DIRECTION ( 'NONE',  ( 1.000000000000000000, -0.000000000000000000, -0.000000000000000000 ) ) ;
#2345 = FACE_OUTER_BOUND ( 'NONE', #7446, .T. ) ;
#2346 = AXIS2_PLACEMENT_3D ( 'NONE', #2792, #4579, #5235 ) ;
#2347 = ORIENTED_EDGE ( 'NONE', *, *, #1390, .T. ) ;
#2348 = AXIS2_PLACEMENT_3D ( 'NONE', #6670, #5434, #6749 ) ;
#2349 = EDGE_CURVE ( 'NONE', #8024, #6092, #2881, .T. ) ;
#2350 = ORIENTED_EDGE ( 'NONE', *, *, #3088, .F. ) ;
#2351 = AXIS2_PLACEMENT_3D ( 'NONE', #6186, #23, #3688 ) ;
#2352 = ORIENTED_EDGE ( 'NONE', *, *, #6831, .T. ) ;
#2353 = DIRECTION ( 'NONE',  ( -1.000000000000000000, 0.000000000000000000, 0.000000000000000000 ) ) ;
#2354 = FACE_OUTER_BOUND ( 'NONE', #4589, .T. ) ;
#2355 = FACE_OUTER_BOUND ( 'NONE', #613, .T. ) ;
#2356 = ORIENTED_EDGE ( 'NONE', *, *, #5544, .F. ) ;
#2357 = ORIENTED_EDGE ( 'NONE', *, *, #1257, .F. ) ;
#2358 = CARTESIAN_POINT ( 'NONE',  ( 9.499984707532368233, 20.00782110201304675, 14.50000000000000000 ) ) ;
#2359 = AXIS2_PLACEMENT_3D ( 'NONE', #3261, #3301, #3178 ) ;
#2360 = DIRECTION ( 'NONE',  ( 1.000000000000000000, 0.000000000000000000, 0.000000000000000000 ) ) ;
#2361 = ORIENTED_EDGE ( 'NONE', *, *, #3358, .T. ) ;
#2362 = EDGE_CURVE ( 'NONE', #469, #1992, #1566, .T. ) ;
#2363 = CIRCLE ( 'NONE', #4061, 16.09999999999999787 ) ;
#2364 = ORIENTED_EDGE ( 'NONE', *, *, #3758, .F. ) ;
#2365 = AXIS2_PLACEMENT_3D ( 'NONE', #4276, #3583, #5 ) ;
#2366 = CIRCLE ( 'NONE', #5773, 9.900000000000007461 ) ;
#2367 = PLANE ( 'NONE',  #4813 ) ;
#2368 = DIRECTION ( 'NONE',  ( -7.228014483236695816E-17, 1.000000000000000000, -0.000000000000000000 ) ) ;
#2369 = LINE ( 'NONE', #2410, #7066 ) ;
#2370 = CARTESIAN_POINT ( 'NONE',  ( -35.19850060656308699, -0.2386162571709079805, 20.73737871888373618 ) ) ;
#2371 = EDGE_CURVE ( 'NONE', #7426, #4369, #4240, .T. ) ;
#2372 = FACE_OUTER_BOUND ( 'NONE', #1959, .T. ) ;
#2373 = CARTESIAN_POINT ( 'NONE',  ( 8.171067811865460939, 22.00000000000000355, 16.00000000000000000 ) ) ;
#2374 = EDGE_CURVE ( 'NONE', #1602, #4983, #492, .T. ) ;
#2375 = CARTESIAN_POINT ( 'NONE',  ( -13.79257375277652997, -26.21930459730011620, -1.383033858790173820 ) ) ;
#2376 = EDGE_LOOP ( 'NONE', ( #3787, #5774, #5681, #8082 ) ) ;
#2377 = ORIENTED_EDGE ( 'NONE', *, *, #7304, .T. ) ;
#2378 = DIRECTION ( 'NONE',  ( 1.000000000000000000, 7.228014483236695816E-17, -0.000000000000000000 ) ) ;
#2379 = CARTESIAN_POINT ( 'NONE',  ( 35.20000000000001705, 0.2586206522440711586, 8.749323675879688622 ) ) ;
#2380 = FACE_BOUND ( 'NONE', #4883, .T. ) ;
#2381 = LINE ( 'NONE', #585, #7502 ) ;
#2382 = CARTESIAN_POINT ( 'NONE',  ( -9.900000000000012790, -3.000000000000002665, 24.00000000000000000 ) ) ;
#2383 = ORIENTED_EDGE ( 'NONE', *, *, #441, .F. ) ;
#2384 = CARTESIAN_POINT ( 'NONE',  ( 11.50000000000000000, 24.00000000000000000, 4.999999999999996447 ) ) ;
#2385 = VECTOR ( 'NONE', #4185, 1000.000000000000000 ) ;
#2386 = CARTESIAN_POINT ( 'NONE',  ( 6.100000000000004086, -32.00000000000000000, 19.50000000000000000 ) ) ;
#2387 = DIRECTION ( 'NONE',  ( -0.000000000000000000, -0.000000000000000000, -1.000000000000000000 ) ) ;
#2388 = EDGE_LOOP ( 'NONE', ( #7044, #3397 ) ) ;
#2389 = CARTESIAN_POINT ( 'NONE',  ( -35.17790709849745667, 0.7832316136644270621, 6.569116976559156384 ) ) ;
#2390 = CARTESIAN_POINT ( 'NONE',  ( 33.21327386202776921, 7.000000000000001776, 8.250000000000000000 ) ) ;
#2391 = FACE_OUTER_BOUND ( 'NONE', #4418, .T. ) ;
#2392 = VECTOR ( 'NONE', #4993, 1000.000000000000000 ) ;
#2393 = VERTEX_POINT ( 'NONE', #1135 ) ;
#2394 = VERTEX_POINT ( 'NONE', #3486 ) ;
#2395 = ORIENTED_EDGE ( 'NONE', *, *, #3359, .T. ) ;
#2396 = CARTESIAN_POINT ( 'NONE',  ( -61.10000000000000142, 4.214261501141083777, 14.50000000000000178 ) ) ;
#2397 = DIRECTION ( 'NONE',  ( 0.000000000000000000, 0.000000000000000000, -1.000000000000000000 ) ) ;
#2398 = CARTESIAN_POINT ( 'NONE',  ( -42.46872595959796826, -1.757444237935613218, 19.11762285253073301 ) ) ;
#2399 = ORIENTED_EDGE ( 'NONE', *, *, #4712, .F. ) ;
#2400 = VECTOR ( 'NONE', #6015, 1000.000000000000000 ) ;
#2401 = ORIENTED_EDGE ( 'NONE', *, *, #5044, .F. ) ;
#2402 = CARTESIAN_POINT ( 'NONE',  ( 1.252855843761027258E-15, -13.00000000000000178, 21.00000000000000000 ) ) ;
#2403 = EDGE_CURVE ( 'NONE', #7758, #3490, #5412, .T. ) ;
#2404 = DIRECTION ( 'NONE',  ( 1.000000000000000000, 9.941108744852760109E-17, -2.775557561562890858E-16 ) ) ;
#2405 = ORIENTED_EDGE ( 'NONE', *, *, #504, .F. ) ;
#2406 = VERTEX_POINT ( 'NONE', #7934 ) ;
#2407 = AXIS2_PLACEMENT_3D ( 'NONE', #6256, #2772, #5911 ) ;
#2408 = DIRECTION ( 'NONE',  ( -1.000000000000000000, 0.000000000000000000, 0.000000000000000000 ) ) ;
#2409 = CARTESIAN_POINT ( 'NONE',  ( -39.90000000000000568, 7.000000000000003553, 10.25000000000000000 ) ) ;
#2410 = CARTESIAN_POINT ( 'NONE',  ( -44.90000000000004832, -4.900000000000010125, 12.00000000000000000 ) ) ;
#2411 = DIRECTION ( 'NONE',  ( -1.000000000000000000, 0.000000000000000000, -0.000000000000000000 ) ) ;
#2412 = CARTESIAN_POINT ( 'NONE',  ( -7.500000000000001776, 22.00000000000001066, 24.00000000000000711 ) ) ;
#2413 = ORIENTED_EDGE ( 'NONE', *, *, #777, .F. ) ;
#2414 = CIRCLE ( 'NONE', #6988, 4.900000000000002132 ) ;
#2415 = CARTESIAN_POINT ( 'NONE',  ( -14.91596253876791422, -26.27477210837486865, -0.8582941469662187517 ) ) ;
#2416 = CIRCLE ( 'NONE', #8036, 4.900000000000002132 ) ;
#2417 = ORIENTED_EDGE ( 'NONE', *, *, #1482, .F. ) ;
#2418 = CARTESIAN_POINT ( 'NONE',  ( -39.89999999999999858, -13.00000000000000178, 0.000000000000000000 ) ) ;
#2419 = CARTESIAN_POINT ( 'NONE',  ( 35.06830332312192411, 1.887574213608777418, 8.249490530213151374 ) ) ;
#2420 = FACE_OUTER_BOUND ( 'NONE', #1693, .T. ) ;
#2421 = CARTESIAN_POINT ( 'NONE',  ( -16.73954417552514684, -20.99999999999999289, 0.000000000000000000 ) ) ;
#2422 = CARTESIAN_POINT ( 'NONE',  ( -32.82893218813453728, 18.00000000000000355, 18.00000000000000355 ) ) ;
#2423 = EDGE_LOOP ( 'NONE', ( #2102, #3435, #228, #7909 ) ) ;
#2424 = DIRECTION ( 'NONE',  ( 0.000000000000000000, 0.000000000000000000, -1.000000000000000000 ) ) ;
#2425 = AXIS2_PLACEMENT_3D ( 'NONE', #4163, #5393, #3681 ) ;
#2426 = FACE_OUTER_BOUND ( 'NONE', #3162, .T. ) ;
#2427 = EDGE_CURVE ( 'NONE', #661, #984, #7857, .T. ) ;
#2428 = CARTESIAN_POINT ( 'NONE',  ( -41.23666117066840542, -8.519018158150860387, 12.87811112532538083 ) ) ;
#2429 = CARTESIAN_POINT ( 'NONE',  ( 37.89999999999999147, 7.000000000000003553, 12.00000000000000000 ) ) ;
#2430 = EDGE_LOOP ( 'NONE', ( #3370, #2094, #1013, #7519 ) ) ;
#2431 = CARTESIAN_POINT ( 'NONE',  ( -23.88307512300518809, -20.99999999999999645, 24.00000000000000000 ) ) ;
#2432 = CARTESIAN_POINT ( 'NONE',  ( -10.90180841670001932, -34.08819856468882392, 19.50000000000000000 ) ) ;
#2433 = CARTESIAN_POINT ( 'NONE',  ( -11.00935624689689973, -33.63663725369958968, 9.442079627108434181 ) ) ;
#2434 = ORIENTED_EDGE ( 'NONE', *, *, #7413, .T. ) ;
#2435 = ORIENTED_EDGE ( 'NONE', *, *, #7013, .T. ) ;
#2436 = ORIENTED_EDGE ( 'NONE', *, *, #300, .F. ) ;
#2437 = EDGE_LOOP ( 'NONE', ( #4303, #4489, #3649, #4296 ) ) ;
#2438 = CARTESIAN_POINT ( 'NONE',  ( -14.16666666666665186, 26.33333333333341741, 1.666666666666669627 ) ) ;
#2439 = CARTESIAN_POINT ( 'NONE',  ( -9.900000000000012790, -13.00000000000000355, 24.00000000000000000 ) ) ;
#2440 = CARTESIAN_POINT ( 'NONE',  ( 30.49852009336813552, -10.15435544398774681, 9.958087667301578350 ) ) ;
#2441 = ORIENTED_EDGE ( 'NONE', *, *, #2208, .F. ) ;
#2442 = ORIENTED_EDGE ( 'NONE', *, *, #1723, .T. ) ;
#2443 = CARTESIAN_POINT ( 'NONE',  ( -43.97466052300936212, -5.704604904256423303, 13.18218827892651035 ) ) ;
#2444 = ORIENTED_EDGE ( 'NONE', *, *, #6612, .T. ) ;
#2445 = ADVANCED_FACE ( 'NONE', ( #7978 ), #4168, .F. ) ;
#2446 = AXIS2_PLACEMENT_3D ( 'NONE', #5725, #4604, #2207 ) ;
#2447 = ORIENTED_EDGE ( 'NONE', *, *, #1713, .T. ) ;
#2448 = CARTESIAN_POINT ( 'NONE',  ( 34.81832843119907750, 3.172144385112378728, 21.00000000000000000 ) ) ;
#2449 = FACE_OUTER_BOUND ( 'NONE', #1755, .T. ) ;
#2450 = AXIS2_PLACEMENT_3D ( 'NONE', #7560, #1831, #1210 ) ;
#2451 = PLANE ( 'NONE',  #5234 ) ;
#2452 = CARTESIAN_POINT ( 'NONE',  ( -35.19279986097850355, -0.4613774660522942384, 20.69190820224842398 ) ) ;
#2453 = CARTESIAN_POINT ( 'NONE',  ( -9.167060926113647312, 18.24826540771308814, 9.853844216396232980 ) ) ;
#2454 = EDGE_LOOP ( 'NONE', ( #6847, #2474, #4336, #643, #7117, #6175, #7863, #7465 ) ) ;
#2455 = EDGE_CURVE ( 'NONE', #5458, #1427, #6137, .T. ) ;
#2456 = CIRCLE ( 'NONE', #4270, 2.500000000000000444 ) ;
#2457 = ORIENTED_EDGE ( 'NONE', *, *, #6080, .T. ) ;
#2458 = FACE_OUTER_BOUND ( 'NONE', #7247, .T. ) ;
#2459 = EDGE_CURVE ( 'NONE', #7525, #5644, #4128, .T. ) ;
#2460 = VERTEX_POINT ( 'NONE', #5399 ) ;
#2461 = VERTEX_POINT ( 'NONE', #7893 ) ;
#2462 = CARTESIAN_POINT ( 'NONE',  ( -14.40894241220451910, -21.99999999999999289, 24.00000000000000000 ) ) ;
#2463 = LINE ( 'NONE', #1843, #6151 ) ;
#2464 = DIRECTION ( 'NONE',  ( 0.000000000000000000, 0.000000000000000000, 1.000000000000000000 ) ) ;
#2465 = VERTEX_POINT ( 'NONE', #2952 ) ;
#2466 = LINE ( 'NONE', #1759, #5933 ) ;
#2467 = CARTESIAN_POINT ( 'NONE',  ( -33.00000000000001421, 13.49999999999998046, 24.00000000000000000 ) ) ;
#2468 = ORIENTED_EDGE ( 'NONE', *, *, #4641, .F. ) ;
#2469 = DIRECTION ( 'NONE',  ( -1.000000000000000000, 0.000000000000000000, 0.000000000000000000 ) ) ;
#2470 = EDGE_CURVE ( 'NONE', #7026, #5134, #6531, .T. ) ;
#2471 = EDGE_CURVE ( 'NONE', #4999, #3421, #5879, .T. ) ;
#2472 = CARTESIAN_POINT ( 'NONE',  ( -21.90999999999990067, 13.29999999999999538, 21.00000000000000000 ) ) ;
#2473 = CARTESIAN_POINT ( 'NONE',  ( -7.500000000000005329, 22.00000000000001066, 5.000000000000000888 ) ) ;
#2474 = ORIENTED_EDGE ( 'NONE', *, *, #5351, .T. ) ;
#2475 = DIRECTION ( 'NONE',  ( 0.000000000000000000, 1.000000000000000000, 0.000000000000000000 ) ) ;
#2476 = CYLINDRICAL_SURFACE ( 'NONE', #2620, 4.900000000000002132 ) ;
#2477 = EDGE_CURVE ( 'NONE', #2406, #721, #3559, .T. ) ;
#2478 = LINE ( 'NONE', #1726, #5223 ) ;
#2479 = ORIENTED_EDGE ( 'NONE', *, *, #3111, .T. ) ;
#2480 = ORIENTED_EDGE ( 'NONE', *, *, #441, .T. ) ;
#2481 = EDGE_CURVE ( 'NONE', #561, #3327, #3002, .T. ) ;
#2482 = EDGE_LOOP ( 'NONE', ( #6614, #493, #8046, #5224, #5263 ) ) ;
#2483 = FACE_OUTER_BOUND ( 'NONE', #1937, .T. ) ;
#2484 = DIRECTION ( 'NONE',  ( -1.000000000000000000, 0.000000000000000000, 0.000000000000000000 ) ) ;
#2485 = CARTESIAN_POINT ( 'NONE',  ( 9.499984707532368233, 20.00782110201305031, 7.992178897986966568 ) ) ;
#2486 = ORIENTED_EDGE ( 'NONE', *, *, #3453, .F. ) ;
#2487 = VECTOR ( 'NONE', #1080, 1000.000000000000000 ) ;
#2488 = ORIENTED_EDGE ( 'NONE', *, *, #6564, .T. ) ;
#2489 = CYLINDRICAL_SURFACE ( 'NONE', #3177, 1.749999999999999778 ) ;
#2490 = CARTESIAN_POINT ( 'NONE',  ( -43.39476263340594642, -6.208797164052180406, 13.57426281522985789 ) ) ;
#2491 = ORIENTED_EDGE ( 'NONE', *, *, #861, .F. ) ;
#2492 = CIRCLE ( 'NONE', #7832, 3.750000000000000000 ) ;
#2493 = EDGE_CURVE ( 'NONE', #2645, #4224, #2754, .T. ) ;
#2494 = AXIS2_PLACEMENT_3D ( 'NONE', #5818, #3968, #2719 ) ;
#2495 = ORIENTED_EDGE ( 'NONE', *, *, #2159, .T. ) ;
#2496 = DIRECTION ( 'NONE',  ( 1.000000000000000000, 0.000000000000000000, 0.000000000000000000 ) ) ;
#2497 = VECTOR ( 'NONE', #6933, 1000.000000000000000 ) ;
#2498 = CARTESIAN_POINT ( 'NONE',  ( 39.89999999999999147, -12.99999999999999112, 21.00000000000000000 ) ) ;
#2499 = CARTESIAN_POINT ( 'NONE',  ( 34.04216868098526305, -5.440847018759431997, 8.581314370226477806 ) ) ;
#2500 = CARTESIAN_POINT ( 'NONE',  ( -35.09704506566745863, -1.661624120408026872, 18.43915354444156307 ) ) ;
#2501 = DIRECTION ( 'NONE',  ( -1.000000000000000000, 0.000000000000000000, 0.000000000000000000 ) ) ;
#2502 = ORIENTED_EDGE ( 'NONE', *, *, #6613, .F. ) ;
#2503 = VECTOR ( 'NONE', #7691, 1000.000000000000000 ) ;
#2504 = AXIS2_PLACEMENT_3D ( 'NONE', #971, #7118, #3476 ) ;
#2505 = ORIENTED_EDGE ( 'NONE', *, *, #2349, .F. ) ;
#2506 = EDGE_LOOP ( 'NONE', ( #6508, #7661, #2357, #3608 ) ) ;
#2507 = B_SPLINE_CURVE_WITH_KNOTS ( 'NONE', 3,
 ( #6378, #164, #2317, #7754, #6000, #2935, #436, #2861, #5380, #7196, #4078, #7914, #888, #4034, #4720, #5419 ),
 .UNSPECIFIED., .F., .F.,
 ( 4, 2, 2, 2, 2, 2, 2, 4 ),
 ( 0.000000000000000000, 0.003103128030416052625, 0.004654692045624079372, 0.006206256060832105251, 0.007757820076040131130, 0.009309384091248158744, 0.01086094810645618289, 0.01241251212166420703 ),
 .UNSPECIFIED. ) ;
#2508 = ADVANCED_FACE ( 'NONE', ( #7640 ), #5139, .T. ) ;
#2509 = VERTEX_POINT ( 'NONE', #2621 ) ;
#2510 = CARTESIAN_POINT ( 'NONE',  ( -21.90999999999999304, 0.009999999999992653654, 21.00000000000000000 ) ) ;
#2511 = DIRECTION ( 'NONE',  ( 1.000000000000000000, 0.000000000000000000, 0.000000000000000000 ) ) ;
#2512 = CARTESIAN_POINT ( 'NONE',  ( 13.40894241220452265, -23.14669259818054670, -0.8011628868911605528 ) ) ;
#2513 = ORIENTED_EDGE ( 'NONE', *, *, #6164, .T. ) ;
#2514 = DIRECTION ( 'NONE',  ( 1.000000000000000000, 9.941108744852766272E-17, 0.000000000000000000 ) ) ;
#2515 = ORIENTED_EDGE ( 'NONE', *, *, #4066, .F. ) ;
#2516 = ADVANCED_FACE ( 'NONE', ( #5099 ), #847, .F. ) ;
#2517 = CARTESIAN_POINT ( 'NONE',  ( -32.82893218813453728, 19.99999999999999645, 12.00000000000000000 ) ) ;
#2518 = CARTESIAN_POINT ( 'NONE',  ( -9.900000000000012790, -4.000000000000002665, 21.00000000000000000 ) ) ;
#2519 = CARTESIAN_POINT ( 'NONE',  ( 3.918869757271530263E-15, -32.00000000000000000, 10.00000000000000000 ) ) ;
#2520 = ORIENTED_EDGE ( 'NONE', *, *, #388, .F. ) ;
#2521 = DIRECTION ( 'NONE',  ( 0.000000000000000000, 0.000000000000000000, -1.000000000000000000 ) ) ;
#2522 = DIRECTION ( 'NONE',  ( 0.000000000000000000, 0.000000000000000000, -1.000000000000000000 ) ) ;
#2523 = VECTOR ( 'NONE', #5417, 1000.000000000000000 ) ;
#2524 = CARTESIAN_POINT ( 'NONE',  ( 15.81253292872706062, -35.02882854878291141, 24.00000000000000000 ) ) ;
#2525 = ORIENTED_EDGE ( 'NONE', *, *, #181, .F. ) ;
#2526 = ORIENTED_EDGE ( 'NONE', *, *, #4014, .F. ) ;
#2527 = CARTESIAN_POINT ( 'NONE',  ( -39.89999999999999858, -10.92893218813451739, 24.00000000000000000 ) ) ;
#2528 = CARTESIAN_POINT ( 'NONE',  ( -35.08562283564895523, -1.749845658912419166, 5.228785842650132132 ) ) ;
#2529 = CARTESIAN_POINT ( 'NONE',  ( 32.90630043880371147, -7.496395518035169125, 8.250000000000003553 ) ) ;
#2530 = EDGE_CURVE ( 'NONE', #7642, #2911, #7717, .T. ) ;
#2531 = VERTEX_POINT ( 'NONE', #625 ) ;
#2532 = CARTESIAN_POINT ( 'NONE',  ( 15.17106781186546449, 20.00000000000000355, 19.99999999999999645 ) ) ;
#2533 = AXIS2_PLACEMENT_3D ( 'NONE', #7331, #1681, #2270 ) ;
#2534 = CARTESIAN_POINT ( 'NONE',  ( 13.46613698410442161, -25.75758626805757956, 5.160710945080562162 ) ) ;
#2535 = ORIENTED_EDGE ( 'NONE', *, *, #5014, .T. ) ;
#2536 = ORIENTED_EDGE ( 'NONE', *, *, #7782, .T. ) ;
#2537 = CARTESIAN_POINT ( 'NONE',  ( 3.918869757271530263E-15, -32.00000000000000000, 16.50000000000000000 ) ) ;
#2538 = CARTESIAN_POINT ( 'NONE',  ( 34.56154537678097682, 4.082566215314984426, 14.36959547231449008 ) ) ;
#2539 = CARTESIAN_POINT ( 'NONE',  ( 14.40894241220452265, -20.99999999999998934, -0.1826378282930800623 ) ) ;
#2540 = CARTESIAN_POINT ( 'NONE',  ( -32.82893218813453728, 22.00000000000000000, 24.00000000000000000 ) ) ;
#2541 = CYLINDRICAL_SURFACE ( 'NONE', #3872, 1.749999999999999778 ) ;
#2542 = ORIENTED_EDGE ( 'NONE', *, *, #8084, .F. ) ;
#2543 = AXIS2_PLACEMENT_3D ( 'NONE', #4671, #4593, #3796 ) ;
#2544 = ORIENTED_EDGE ( 'NONE', *, *, #1138, .F. ) ;
#2545 = ORIENTED_EDGE ( 'NONE', *, *, #6341, .T. ) ;
#2546 = ORIENTED_EDGE ( 'NONE', *, *, #3900, .F. ) ;
#2547 = PLANE ( 'NONE',  #7896 ) ;
#2548 = CARTESIAN_POINT ( 'NONE',  ( 11.38782376133849716, -32.66918728924797222, 17.85848866279121339 ) ) ;
#2549 = AXIS2_PLACEMENT_3D ( 'NONE', #4287, #6787, #6090 ) ;
#2550 = DIRECTION ( 'NONE',  ( 1.000000000000000000, 0.000000000000000000, 0.000000000000000000 ) ) ;
#2551 = CARTESIAN_POINT ( 'NONE',  ( -52.10000000000001563, -4.622445746416945056, 13.63159531525897705 ) ) ;
#2552 = VERTEX_POINT ( 'NONE', #5219 ) ;
#2553 = CARTESIAN_POINT ( 'NONE',  ( 10.17106781186546627, 20.00000000000000355, 14.00000000000000000 ) ) ;
#2554 = AXIS2_PLACEMENT_3D ( 'NONE', #6350, #741, #3364 ) ;
#2555 = LINE ( 'NONE', #4542, #6278 ) ;
#2556 = CARTESIAN_POINT ( 'NONE',  ( 17.89999999999998792, -3.172144385112382281, 21.00000000000000000 ) ) ;
#2557 = AXIS2_PLACEMENT_3D ( 'NONE', #4843, #7279, #1671 ) ;
#2558 = ORIENTED_EDGE ( 'NONE', *, *, #5727, .T. ) ;
#2559 = CYLINDRICAL_SURFACE ( 'NONE', #2801, 0.9999999999999991118 ) ;
#2560 = CARTESIAN_POINT ( 'NONE',  ( -41.25014798167836005, -0.9067909998865723020, 3.497490305380439590 ) ) ;
#2561 = LINE ( 'NONE', #5042, #1830 ) ;
#2562 = VERTEX_POINT ( 'NONE', #2706 ) ;
#2563 = AXIS2_PLACEMENT_3D ( 'NONE', #7006, #101, #5072 ) ;
#2564 = DIRECTION ( 'NONE',  ( 0.000000000000000000, 0.000000000000000000, -1.000000000000000000 ) ) ;
#2565 = DIRECTION ( 'NONE',  ( 0.000000000000000000, 0.000000000000000000, 1.000000000000000000 ) ) ;
#2566 = CARTESIAN_POINT ( 'NONE',  ( 29.73832478197879681, -10.74971281433169601, 12.15337627659396524 ) ) ;
#2567 = VERTEX_POINT ( 'NONE', #5805 ) ;
#2568 = ORIENTED_EDGE ( 'NONE', *, *, #3810, .F. ) ;
#2569 = CARTESIAN_POINT ( 'NONE',  ( -21.90999999999999659, -0.01000000000000653144, 21.00000000000000000 ) ) ;
#2570 = LINE ( 'NONE', #5677, #7698 ) ;
#2571 = EDGE_CURVE ( 'NONE', #1145, #7769, #1300, .T. ) ;
#2572 = EDGE_CURVE ( 'NONE', #7442, #5492, #4527, .T. ) ;
#2573 = VERTEX_POINT ( 'NONE', #7604 ) ;
#2574 = EDGE_CURVE ( 'NONE', #1931, #3969, #2492, .T. ) ;
#2575 = CARTESIAN_POINT ( 'NONE',  ( 34.69626434446366403, 3.634653045567118212, 19.93786592768620025 ) ) ;
#2576 = CARTESIAN_POINT ( 'NONE',  ( 34.79890806179707852, 3.250393361225441424, 11.73749637517983402 ) ) ;
#2577 = CARTESIAN_POINT ( 'NONE',  ( -7.099999999999996092, -17.99999999999999645, 1.000000000000000888 ) ) ;
#2578 = DIRECTION ( 'NONE',  ( 0.000000000000000000, 0.000000000000000000, 1.000000000000000000 ) ) ;
#2579 = AXIS2_PLACEMENT_3D ( 'NONE', #6503, #896, #2213 ) ;
#2580 = CARTESIAN_POINT ( 'NONE',  ( -42.78562956854231913, -6.792747546526957336, 10.24999999999823608 ) ) ;
#2581 = ORIENTED_EDGE ( 'NONE', *, *, #2572, .F. ) ;
#2582 = EDGE_CURVE ( 'NONE', #2465, #743, #2664, .T. ) ;
#2583 = EDGE_CURVE ( 'NONE', #4754, #2394, #4726, .T. ) ;
#2584 = EDGE_CURVE ( 'NONE', #5795, #6300, #2097, .T. ) ;
#2585 = EDGE_LOOP ( 'NONE', ( #6221, #6876 ) ) ;
#2586 = EDGE_CURVE ( 'NONE', #7509, #2802, #2507, .T. ) ;
#2587 = ORIENTED_EDGE ( 'NONE', *, *, #7908, .F. ) ;
#2588 = VECTOR ( 'NONE', #7032, 1000.000000000000000 ) ;
#2589 = DIRECTION ( 'NONE',  ( -1.000000000000000000, 0.000000000000000000, 0.000000000000000000 ) ) ;
#2590 = LINE ( 'NONE', #5147, #5772 ) ;
#2591 = DIRECTION ( 'NONE',  ( -0.000000000000000000, 0.000000000000000000, 1.000000000000000000 ) ) ;
#2592 = DIRECTION ( 'NONE',  ( 9.941108744852767504E-17, -1.000000000000000000, -5.473822126268817899E-48 ) ) ;
#2593 = VERTEX_POINT ( 'NONE', #6532 ) ;
#2594 = PLANE ( 'NONE',  #7305 ) ;
#2595 = AXIS2_PLACEMENT_3D ( 'NONE', #2709, #2747, #7681 ) ;
#2596 = ADVANCED_FACE ( 'NONE', ( #3540, #1581 ), #523, .T. ) ;
#2597 = CARTESIAN_POINT ( 'NONE',  ( -35.19999999999999574, -1.734723475976807094E-15, 19.00000000000000000 ) ) ;
#2598 = CARTESIAN_POINT ( 'NONE',  ( 3.918869757271530263E-15, -32.00000000000000000, 10.00000000000000000 ) ) ;
#2599 = VECTOR ( 'NONE', #5378, 1000.000000000000000 ) ;
#2600 = DIRECTION ( 'NONE',  ( -1.000000000000000000, 0.000000000000000000, 0.000000000000000000 ) ) ;
#2601 = ORIENTED_EDGE ( 'NONE', *, *, #7859, .T. ) ;
#2602 = DIRECTION ( 'NONE',  ( 0.000000000000000000, 0.000000000000000000, 1.000000000000000000 ) ) ;
#2603 = CARTESIAN_POINT ( 'NONE',  ( -44.18029266032812785, -0.9891440193081487697, 6.464307657270056851 ) ) ;
#2604 = CARTESIAN_POINT ( 'NONE',  ( 35.20000000000000995, -1.734723475976807094E-15, 19.00000000000000000 ) ) ;
#2605 = VERTEX_POINT ( 'NONE', #5921 ) ;
#2606 = LINE ( 'NONE', #4469, #6141 ) ;
#2607 = B_SPLINE_CURVE_WITH_KNOTS ( 'NONE', 3,
 ( #3663, #564, #7346, #5635, #8048, #1739, #7303, #2443, #4922, #4793, #2490, #5588, #1696, #4831 ),
 .UNSPECIFIED., .F., .F.,
 ( 4, 2, 2, 2, 2, 2, 4 ),
 ( 0.008314409343585040663, 0.008745496768063241652, 0.009176584192541442642, 0.009607671617019643631, 0.01003875904149784462, 0.01090093389045424660, 0.01176310873941064684 ),
 .UNSPECIFIED. ) ;
#2608 = EDGE_LOOP ( 'NONE', ( #5986, #4133 ) ) ;
#2609 = EDGE_CURVE ( 'NONE', #2670, #7525, #5261, .T. ) ;
#2610 = DIRECTION ( 'NONE',  ( 1.000000000000000000, 0.000000000000000000, 0.000000000000000000 ) ) ;
#2611 = DIRECTION ( 'NONE',  ( -1.000000000000000000, 0.000000000000000000, 0.000000000000000000 ) ) ;
#2612 = DIRECTION ( 'NONE',  ( -1.000000000000000000, 0.000000000000000000, 0.000000000000000000 ) ) ;
#2613 = LINE ( 'NONE', #2037, #1720 ) ;
#2614 = CARTESIAN_POINT ( 'NONE',  ( 14.06552558398623098, -26.36807641605784625, 5.089747674607655981 ) ) ;
#2615 = EDGE_CURVE ( 'NONE', #6358, #6180, #1413, .T. ) ;
#2616 = VERTEX_POINT ( 'NONE', #1500 ) ;
#2617 = CARTESIAN_POINT ( 'NONE',  ( 35.10230000765990610, 1.625835027447497971, 15.61669813560023101 ) ) ;
#2618 = CARTESIAN_POINT ( 'NONE',  ( 34.75000000000000000, -13.50000000000000178, 0.000000000000000000 ) ) ;
#2619 = DIRECTION ( 'NONE',  ( 0.000000000000000000, -1.000000000000000000, 0.000000000000000000 ) ) ;
#2620 = AXIS2_PLACEMENT_3D ( 'NONE', #7462, #1939, #5122 ) ;
#2621 = CARTESIAN_POINT ( 'NONE',  ( -46.10000000000000142, -4.900000000000010125, 12.00000000000000000 ) ) ;
#2622 = CARTESIAN_POINT ( 'NONE',  ( -44.37571079054632150, -5.382512766074039945, 11.32029021347926268 ) ) ;
#2623 = ORIENTED_EDGE ( 'NONE', *, *, #6114, .F. ) ;
#2624 = B_SPLINE_CURVE_WITH_KNOTS ( 'NONE', 3,
 ( #7637, #7070, #203, #2663, #122, #4481, #6339, #2539 ),
 .UNSPECIFIED., .F., .F.,
 ( 4, 2, 2, 4 ),
 ( 0.000000000000000000, 0.0004019277437256270932, 0.0008038554874512541864, 0.001607710974902508373 ),
 .UNSPECIFIED. ) ;
#2625 = CIRCLE ( 'NONE', #1820, 1.749999999999999778 ) ;
#2626 = ORIENTED_EDGE ( 'NONE', *, *, #1793, .F. ) ;
#2627 = AXIS2_PLACEMENT_3D ( 'NONE', #2781, #2167, #6572 ) ;
#2628 = ORIENTED_EDGE ( 'NONE', *, *, #3962, .T. ) ;
#2629 = EDGE_CURVE ( 'NONE', #902, #469, #5513, .T. ) ;
#2630 = EDGE_CURVE ( 'NONE', #178, #6223, #7801, .T. ) ;
#2631 = CIRCLE ( 'NONE', #7198, 5.000000000000000000 ) ;
#2632 = ORIENTED_EDGE ( 'NONE', *, *, #5226, .F. ) ;
#2633 = DIRECTION ( 'NONE',  ( 1.000000000000000000, 6.624790897247282050E-16, -0.000000000000000000 ) ) ;
#2634 = DIRECTION ( 'NONE',  ( -1.000000000000000000, -9.941108744852763806E-17, 0.000000000000000000 ) ) ;
#2635 = EDGE_CURVE ( 'NONE', #4485, #6240, #913, .T. ) ;
#2636 = CARTESIAN_POINT ( 'NONE',  ( -32.82893218813453018, 13.00000000000000000, 24.00000000000000000 ) ) ;
#2637 = ORIENTED_EDGE ( 'NONE', *, *, #1115, .T. ) ;
#2638 = AXIS2_PLACEMENT_3D ( 'NONE', #6360, #5748, #753 ) ;
#2639 = DIRECTION ( 'NONE',  ( -1.000000000000000000, -7.228014483236695816E-17, 0.000000000000000000 ) ) ;
#2640 = DIRECTION ( 'NONE',  ( 9.941108744852766272E-17, -1.000000000000000000, -0.000000000000000000 ) ) ;
#2641 = CIRCLE ( 'NONE', #6803, 2.999999999999999112 ) ;
#2642 = DIRECTION ( 'NONE',  ( 0.000000000000000000, 0.000000000000000000, -1.000000000000000000 ) ) ;
#2643 = CIRCLE ( 'NONE', #7851, 5.000000000000000888 ) ;
#2644 = DIRECTION ( 'NONE',  ( -0.000000000000000000, 0.000000000000000000, -1.000000000000000000 ) ) ;
#2645 = VERTEX_POINT ( 'NONE', #1040 ) ;
#2646 = LINE ( 'NONE', #7583, #7361 ) ;
#2647 = EDGE_CURVE ( 'NONE', #5034, #2824, #2894, .T. ) ;
#2648 = DIRECTION ( 'NONE',  ( 1.000000000000000000, -8.673617379884028570E-16, -1.387778780781445676E-16 ) ) ;
#2649 = CARTESIAN_POINT ( 'NONE',  ( -41.41488311870370609, 8.303137969416221509, 13.17417320836923622 ) ) ;
#2650 = ORIENTED_EDGE ( 'NONE', *, *, #3640, .F. ) ;
#2651 = CARTESIAN_POINT ( 'NONE',  ( -14.24058200779231598, -26.41380119718655450, 5.062192153310885345 ) ) ;
#2652 = ORIENTED_EDGE ( 'NONE', *, *, #7287, .F. ) ;
#2653 = DIRECTION ( 'NONE',  ( -0.8619342151577693567, 0.5070201265633939025, -0.000000000000000000 ) ) ;
#2654 = CARTESIAN_POINT ( 'NONE',  ( -35.19279986097851776, -0.4613774660522944604, 6.691908202248428417 ) ) ;
#2655 = DIRECTION ( 'NONE',  ( 0.000000000000000000, -1.000000000000000000, 0.000000000000000000 ) ) ;
#2656 = CARTESIAN_POINT ( 'NONE',  ( 17.89999999999998792, -7.000000000000000888, 8.250000000000000000 ) ) ;
#2657 = CARTESIAN_POINT ( 'NONE',  ( -35.19999999999999574, -0.01000000000000653144, 21.00000000000000000 ) ) ;
#2658 = EDGE_LOOP ( 'NONE', ( #4401, #2683, #5824, #144, #3875, #5535 ) ) ;
#2659 = EDGE_CURVE ( 'NONE', #1443, #1901, #1203, .T. ) ;
#2660 = DIRECTION ( 'NONE',  ( 0.000000000000000000, 0.000000000000000000, -1.000000000000000000 ) ) ;
#2661 = CARTESIAN_POINT ( 'NONE',  ( -41.43385797994842079, 1.216556749263323356, 3.720975827788408186 ) ) ;
#2662 = VERTEX_POINT ( 'NONE', #5499 ) ;
#2663 = CARTESIAN_POINT ( 'NONE',  ( 13.53469388415695818, -21.49735744702699591, -0.4286256317143385952 ) ) ;
#2664 = LINE ( 'NONE', #1181, #1030 ) ;
#2665 = DIRECTION ( 'NONE',  ( 1.000000000000000000, -0.000000000000000000, -0.000000000000000000 ) ) ;
#2666 = EDGE_LOOP ( 'NONE', ( #6174, #3869, #5361, #865 ) ) ;
#2667 = CIRCLE ( 'NONE', #699, 4.999999999999997335 ) ;
#2668 = AXIS2_PLACEMENT_3D ( 'NONE', #1035, #559, #7341 ) ;
#2669 = VERTEX_POINT ( 'NONE', #3146 ) ;
#2670 = VERTEX_POINT ( 'NONE', #3106 ) ;
#2671 = LINE ( 'NONE', #4573, #1846 ) ;
#2672 = DIRECTION ( 'NONE',  ( 1.000000000000000000, -0.000000000000000000, -0.000000000000000000 ) ) ;
#2673 = AXIS2_PLACEMENT_3D ( 'NONE', #7580, #5075, #1980 ) ;
#2674 = CARTESIAN_POINT ( 'NONE',  ( 15.17106781186546449, 18.00000000000000355, 24.00000000000000000 ) ) ;
#2675 = VERTEX_POINT ( 'NONE', #6078 ) ;
#2676 = PLANE ( 'NONE',  #6002 ) ;
#2677 = EDGE_CURVE ( 'NONE', #7336, #1982, #6205, .T. ) ;
#2678 = ORIENTED_EDGE ( 'NONE', *, *, #1805, .F. ) ;
#2679 = VECTOR ( 'NONE', #714, 1000.000000000000000 ) ;
#2680 = EDGE_CURVE ( 'NONE', #1160, #728, #2607, .T. ) ;
#2681 = FACE_BOUND ( 'NONE', #1136, .T. ) ;
#2682 = DIRECTION ( 'NONE',  ( -1.000000000000000000, 0.000000000000000000, 0.000000000000000000 ) ) ;
#2683 = ORIENTED_EDGE ( 'NONE', *, *, #294, .T. ) ;
#2684 = FACE_BOUND ( 'NONE', #1545, .T. ) ;
#2685 = DIRECTION ( 'NONE',  ( 1.000000000000000000, 9.941108744852766272E-17, 0.000000000000000000 ) ) ;
#2686 = CARTESIAN_POINT ( 'NONE',  ( 21.21076683067359880, -21.99999999999999289, 0.000000000000000000 ) ) ;
#2687 = AXIS2_PLACEMENT_3D ( 'NONE', #5476, #4940, #7977 ) ;
#2688 = VERTEX_POINT ( 'NONE', #4222 ) ;
#2689 = EDGE_CURVE ( 'NONE', #5015, #822, #7195, .T. ) ;
#2690 = CARTESIAN_POINT ( 'NONE',  ( -51.18027734401285755, -1.469693845669919341, 14.50000000000000355 ) ) ;
#2691 = AXIS2_PLACEMENT_3D ( 'NONE', #2462, #5066, #6916 ) ;
#2692 = CARTESIAN_POINT ( 'NONE',  ( 37.89999999999999147, 6.938893903907228378E-15, 12.00000000000000000 ) ) ;
#2693 = ORIENTED_EDGE ( 'NONE', *, *, #1838, .T. ) ;
#2694 = CIRCLE ( 'NONE', #7250, 2.000000000000001776 ) ;
#2695 = DIRECTION ( 'NONE',  ( 0.000000000000000000, 1.000000000000000000, 0.000000000000000000 ) ) ;
#2696 = DIRECTION ( 'NONE',  ( 1.000000000000000000, 0.000000000000000000, 0.000000000000000000 ) ) ;
#2697 = CARTESIAN_POINT ( 'NONE',  ( 39.89999999999999147, -6.098637220230962441E-16, 3.250000000000000444 ) ) ;
#2699 = VERTEX_POINT ( 'NONE', #7955 ) ;
#2698 = B_SPLINE_CURVE_WITH_KNOTS ( 'NONE', 3,
 ( #5723, #6484, #2733, #875, #5249, #3379, #1650, #3530, #2922, #1609, #5485, #2307, #4101, #1571, #7183, #3459, #3603, #4818, #4709, #7983, #954, #1026, #7941, #3495, #2389, #7903, #7220, #2958 ),
 .UNSPECIFIED., .F., .F.,
 ( 4, 2, 2, 2, 2, 2, 2, 2, 2, 2, 2, 2, 2, 4 ),
 ( 8.368685518872487350E-19, 0.0003410049730034386741, 0.0006820099460068765893, 0.001023014919010314504, 0.001364019892013751878, 0.002046029838020625106, 0.002728039784027497684, 0.003069044757030933105, 0.003410049730034368093, 0.003751054703037803514, 0.004092059676041238936, 0.004433064649044675225, 0.004774069622048108912, 0.005456079568054979755 ),
 .UNSPECIFIED. ) ;
#2700 = CARTESIAN_POINT ( 'NONE',  ( -41.05000000000001847, 0.1411745546776095317, 20.74999999999999645 ) ) ;
#2701 = DIRECTION ( 'NONE',  ( -1.000000000000000000, 0.000000000000000000, 0.000000000000000000 ) ) ;
#2702 = CARTESIAN_POINT ( 'NONE',  ( 33.21327386202776921, 7.000000000000004441, 15.75000000000000000 ) ) ;
#2703 = ORIENTED_EDGE ( 'NONE', *, *, #4067, .T. ) ;
#2704 = FACE_OUTER_BOUND ( 'NONE', #6711, .T. ) ;
#2705 = EDGE_CURVE ( 'NONE', #1855, #3120, #7050, .T. ) ;
#2706 = CARTESIAN_POINT ( 'NONE',  ( -31.25000000000001421, 13.49999999999998046, 0.000000000000000000 ) ) ;
#2707 = DIRECTION ( 'NONE',  ( 2.815536131330090089E-16, -1.000000000000000000, 0.000000000000000000 ) ) ;
#2708 = ORIENTED_EDGE ( 'NONE', *, *, #2403, .F. ) ;
#2709 = CARTESIAN_POINT ( 'NONE',  ( -20.21076683067359525, -21.99999999999999645, 24.00000000000000000 ) ) ;
#2710 = ORIENTED_EDGE ( 'NONE', *, *, #3218, .T. ) ;
#2711 = CARTESIAN_POINT ( 'NONE',  ( 35.20000000000002416, 0.2586350382347729071, 1.250676362483056581 ) ) ;
#2712 = FACE_OUTER_BOUND ( 'NONE', #3200, .T. ) ;
#2713 = B_SPLINE_CURVE_WITH_KNOTS ( 'NONE', 3,
 ( #6721, #554, #3045, #1101, #5532, #500, #8037, #2649, #636, #6318, #108, #7585, #6277, #2067, #6975, #679 ),
 .UNSPECIFIED., .F., .F.,
 ( 4, 2, 2, 2, 2, 2, 2, 4 ),
 ( 0.01163760917634711588, 0.01203792725678463557, 0.01243824533722215353, 0.01283856341765967149, 0.01323888149809719118, 0.01403951765897221843, 0.01443983573940973118, 0.01484015381984724394 ),
 .UNSPECIFIED. ) ;
#2714 = CARTESIAN_POINT ( 'NONE',  ( -51.10000000000000853, 1.469693845669896248, 9.500000000000005329 ) ) ;
#2715 = ORIENTED_EDGE ( 'NONE', *, *, #5625, .T. ) ;
#2716 = DIRECTION ( 'NONE',  ( -1.000000000000000000, 0.000000000000000000, -0.000000000000000000 ) ) ;
#2717 = CIRCLE ( 'NONE', #7272, 1.500000000000000222 ) ;
#2718 = ADVANCED_FACE ( 'NONE', ( #6770 ), #7428, .F. ) ;
#2719 = DIRECTION ( 'NONE',  ( 1.000000000000000000, 0.000000000000000000, 0.000000000000000000 ) ) ;
#2720 = CARTESIAN_POINT ( 'NONE',  ( -46.58353137565740099, 4.295104907553104034, 14.35878209799835759 ) ) ;
#2721 = AXIS2_PLACEMENT_3D ( 'NONE', #6006, #5384, #525 ) ;
#2722 = ORIENTED_EDGE ( 'NONE', *, *, #2724, .T. ) ;
#2723 = CARTESIAN_POINT ( 'NONE',  ( -33.00000000000001421, 13.49999999999998046, 24.00000000000000000 ) ) ;
#2724 = EDGE_CURVE ( 'NONE', #2300, #910, #6691, .T. ) ;
#2725 = DIRECTION ( 'NONE',  ( 1.000000000000000000, 9.941108744852763806E-17, 0.000000000000000000 ) ) ;
#2726 = B_SPLINE_CURVE_WITH_KNOTS ( 'NONE', 3,
 ( #248, #5225, #6578, #2174, #7722, #5888 ),
 .UNSPECIFIED., .F., .F.,
 ( 4, 2, 4 ),
 ( 0.003023699839890090120, 0.004108775080831099033, 0.005193850321772107079 ),
 .UNSPECIFIED. ) ;
#2727 = ORIENTED_EDGE ( 'NONE', *, *, #7906, .T. ) ;
#2728 = EDGE_CURVE ( 'NONE', #7336, #4412, #3617, .T. ) ;
#2729 = DIRECTION ( 'NONE',  ( -1.387778780781445676E-16, -1.379605977354753764E-32, -1.000000000000000000 ) ) ;
#2730 = ORIENTED_EDGE ( 'NONE', *, *, #75, .T. ) ;
#2731 = CARTESIAN_POINT ( 'NONE',  ( 14.27174665187990144, -26.41722877927013258, -1.174548562462276680 ) ) ;
#2732 = LINE ( 'NONE', #3345, #6046 ) ;
#2733 = CARTESIAN_POINT ( 'NONE',  ( -35.19850060656309410, 0.2386162571708103641, 3.262621281116250493 ) ) ;
#2734 = CARTESIAN_POINT ( 'NONE',  ( 29.79416079573331189, 10.70882610331195472, 12.57239254125226502 ) ) ;
#2735 = CARTESIAN_POINT ( 'NONE',  ( -32.10171152411394502, -8.539801141908858639, 11.15962893059189298 ) ) ;
#2736 = EDGE_CURVE ( 'NONE', #4787, #6534, #4948, .T. ) ;
#2737 = CARTESIAN_POINT ( 'NONE',  ( 17.49999999999998934, 23.00000000000004974, 4.999999999999995559 ) ) ;
#2738 = LINE ( 'NONE', #357, #2949 ) ;
#2739 = CARTESIAN_POINT ( 'NONE',  ( 33.72163975690564541, 6.107124824658822781, 15.64934781503356298 ) ) ;
#2740 = ORIENTED_EDGE ( 'NONE', *, *, #1378, .F. ) ;
#2741 = DIRECTION ( 'NONE',  ( -1.000000000000000000, 0.000000000000000000, 0.000000000000000000 ) ) ;
#2742 = CARTESIAN_POINT ( 'NONE',  ( -33.21327386202774790, 7.000000000000004441, 13.75000000000000000 ) ) ;
#2743 = DIRECTION ( 'NONE',  ( 0.000000000000000000, 0.000000000000000000, 1.000000000000000000 ) ) ;
#2744 = ORIENTED_EDGE ( 'NONE', *, *, #1764, .T. ) ;
#2745 = VECTOR ( 'NONE', #3100, 1000.000000000000000 ) ;
#2746 = ORIENTED_EDGE ( 'NONE', *, *, #1854, .T. ) ;
#2747 = DIRECTION ( 'NONE',  ( 0.000000000000000000, 0.000000000000000000, 1.000000000000000000 ) ) ;
#2748 = EDGE_LOOP ( 'NONE', ( #3722, #3110, #5009, #4158 ) ) ;
#2749 = LINE ( 'NONE', #3322, #4578 ) ;
#2750 = CARTESIAN_POINT ( 'NONE',  ( 8.100000000000019185, -21.92812077111407376, 6.125849316471738248 ) ) ;
#2751 = VECTOR ( 'NONE', #7051, 1000.000000000000000 ) ;
#2752 = DIRECTION ( 'NONE',  ( -1.000000000000000000, 0.000000000000000000, 0.000000000000000000 ) ) ;
#2753 = CARTESIAN_POINT ( 'NONE',  ( 9.750000000000000000, 24.00000000000000000, 1.999999999999998224 ) ) ;
#2754 = CIRCLE ( 'NONE', #6928, 1.750000000000005107 ) ;
#2755 = EDGE_CURVE ( 'NONE', #1839, #2616, #4879, .T. ) ;
#2756 = VECTOR ( 'NONE', #3884, 1000.000000000000000 ) ;
#2757 = LINE ( 'NONE', #6734, #7057 ) ;
#2758 = EDGE_CURVE ( 'NONE', #128, #4890, #3013, .T. ) ;
#2759 = PLANE ( 'NONE',  #7455 ) ;
#2760 = AXIS2_PLACEMENT_3D ( 'NONE', #2604, #29, #3889 ) ;
#2761 = ORIENTED_EDGE ( 'NONE', *, *, #7812, .T. ) ;
#2762 = PRESENTATION_STYLE_ASSIGNMENT (( #5859 ) ) ;
#2763 = LINE ( 'NONE', #5242, #3018 ) ;
#2764 = CARTESIAN_POINT ( 'NONE',  ( -33.46514928400295474, -6.579359924509054380, 13.71263638050445088 ) ) ;
#2765 = ORIENTED_EDGE ( 'NONE', *, *, #5210, .T. ) ;
#2766 = VECTOR ( 'NONE', #864, 1000.000000000000000 ) ;
#2767 = VECTOR ( 'NONE', #3276, 1000.000000000000000 ) ;
#2768 = AXIS2_PLACEMENT_3D ( 'NONE', #752, #6973, #4951 ) ;
#2769 = CARTESIAN_POINT ( 'NONE',  ( -7.500000000000005329, 20.00000000000000355, 2.000000000000000444 ) ) ;
#2770 = CARTESIAN_POINT ( 'NONE',  ( 39.89999999999999147, -1.734723475976807094E-15, 19.00000000000000000 ) ) ;
#2771 = DIRECTION ( 'NONE',  ( -1.000000000000000000, -9.941108744852765039E-17, -0.000000000000000000 ) ) ;
#2772 = DIRECTION ( 'NONE',  ( 0.000000000000000000, 0.000000000000000000, 1.000000000000000000 ) ) ;
#2773 = CARTESIAN_POINT ( 'NONE',  ( 30.34601383853272694, 10.28075000627987734, 10.16579474337662781 ) ) ;
#2774 = CARTESIAN_POINT ( 'NONE',  ( 17.89999999999998792, 7.000000000000004441, 15.75000000000000000 ) ) ;
#2775 = EDGE_CURVE ( 'NONE', #5529, #4661, #4245, .T. ) ;
#2776 = CARTESIAN_POINT ( 'NONE',  ( -14.91596253876791422, -26.27477210837486865, 5.001513403221296450 ) ) ;
#2777 = DIRECTION ( 'NONE',  ( -0.000000000000000000, 0.000000000000000000, -1.000000000000000000 ) ) ;
#2778 = CARTESIAN_POINT ( 'NONE',  ( -42.47060473323504937, 1.757361097892306656, 4.884293896646402899 ) ) ;
#2779 = VERTEX_POINT ( 'NONE', #6445 ) ;
#2780 = CARTESIAN_POINT ( 'NONE',  ( 8.171067811865460939, 20.00000000000000355, 16.00000000000000000 ) ) ;
#2781 = CARTESIAN_POINT ( 'NONE',  ( -44.90000000000004832, -7.646127321036251580E-15, 12.00000000000000000 ) ) ;
#2782 = CARTESIAN_POINT ( 'NONE',  ( 15.81253292872706417, -35.02882854878289720, 19.50000000000000000 ) ) ;
#2783 = ORIENTED_EDGE ( 'NONE', *, *, #6425, .T. ) ;
#2784 = VECTOR ( 'NONE', #8091, 1000.000000000000000 ) ;
#2785 = EDGE_LOOP ( 'NONE', ( #6668, #3161, #1362, #3748 ) ) ;
#2786 = CARTESIAN_POINT ( 'NONE',  ( 34.89999999999999147, -10.92893218813451384, 21.00000000000000000 ) ) ;
#2787 = DIRECTION ( 'NONE',  ( 0.000000000000000000, -0.000000000000000000, 1.000000000000000000 ) ) ;
#2788 = CARTESIAN_POINT ( 'NONE',  ( 8.100000000000015632, -24.34990062464634875, 9.264959149195821198 ) ) ;
#2789 = FACE_OUTER_BOUND ( 'NONE', #6163, .T. ) ;
#2790 = CIRCLE ( 'NONE', #3827, 1.000000000000000888 ) ;
#2791 = ORIENTED_EDGE ( 'NONE', *, *, #6080, .F. ) ;
#2792 = CARTESIAN_POINT ( 'NONE',  ( -13.40894241220451732, -27.16125453576510296, 24.00000000000000000 ) ) ;
#2793 = FACE_OUTER_BOUND ( 'NONE', #4925, .T. ) ;
#2794 = VECTOR ( 'NONE', #7873, 1000.000000000000000 ) ;
#2795 = CARTESIAN_POINT ( 'NONE',  ( -52.10000000000000853, -9.567667171349009773E-15, 12.00000000000000000 ) ) ;
#2796 = EDGE_LOOP ( 'NONE', ( #185, #1162, #1082, #6764 ) ) ;
#2797 = CARTESIAN_POINT ( 'NONE',  ( -8.100000000000013856, -20.14628453203711089, -1.754203115749520370 ) ) ;
#2798 = CARTESIAN_POINT ( 'NONE',  ( -0.4412316987166465254, -17.99999999999999645, 19.49811321978469536 ) ) ;
#2799 = CARTESIAN_POINT ( 'NONE',  ( -33.63189702726764807, -6.273760554209371065, 13.59592187421956844 ) ) ;
#2800 = ORIENTED_EDGE ( 'NONE', *, *, #4956, .F. ) ;
#2801 = AXIS2_PLACEMENT_3D ( 'NONE', #7411, #1142, #3220 ) ;
#2802 = VERTEX_POINT ( 'NONE', #1949 ) ;
#2803 = DIRECTION ( 'NONE',  ( -1.000000000000000000, -7.228014483236695816E-17, 0.000000000000000000 ) ) ;
#2804 = CARTESIAN_POINT ( 'NONE',  ( -15.63216818748186121, -29.33401871324594268, -0.8919022193917709451 ) ) ;
#2805 = DIRECTION ( 'NONE',  ( 0.000000000000000000, 0.000000000000000000, -1.000000000000000000 ) ) ;
#2806 = DIRECTION ( 'NONE',  ( 0.000000000000000000, 0.000000000000000000, -1.000000000000000000 ) ) ;
#2807 = CARTESIAN_POINT ( 'NONE',  ( -11.50000000000000000, 24.00000000000000355, 2.000000000000001332 ) ) ;
#2808 = CARTESIAN_POINT ( 'NONE',  ( 7.500000000000007105, 20.00000000000000000, 24.00000000000000355 ) ) ;
#2809 = AXIS2_PLACEMENT_3D ( 'NONE', #1467, #3807, #7613 ) ;
#2810 = CARTESIAN_POINT ( 'NONE',  ( -41.14719015530515378, -8.629041360529559057, 11.34821554470876315 ) ) ;
#2811 = EDGE_CURVE ( 'NONE', #3342, #6987, #4476, .T. ) ;
#2812 = VECTOR ( 'NONE', #3323, 1000.000000000000000 ) ;
#2813 = ORIENTED_EDGE ( 'NONE', *, *, #669, .F. ) ;
#2814 = FACE_OUTER_BOUND ( 'NONE', #4963, .T. ) ;
#2815 = CARTESIAN_POINT ( 'NONE',  ( -51.25800526366320042, 1.486522398393210098, 14.49024773393947463 ) ) ;
#2816 = DIRECTION ( 'NONE',  ( -1.000000000000000000, 0.000000000000000000, 0.000000000000000000 ) ) ;
#2817 = ORIENTED_EDGE ( 'NONE', *, *, #7902, .F. ) ;
#2818 = DIRECTION ( 'NONE',  ( -1.000000000000000000, 0.000000000000000000, 0.000000000000000000 ) ) ;
#2819 = VECTOR ( 'NONE', #4197, 1000.000000000000000 ) ;
#2820 = CARTESIAN_POINT ( 'NONE',  ( -35.17151475021674401, 0.8847703529184199889, 20.51412018767742751 ) ) ;
#2821 = EDGE_CURVE ( 'NONE', #5845, #1219, #3284, .T. ) ;
#2822 = FACE_OUTER_BOUND ( 'NONE', #6251, .T. ) ;
#2823 = EDGE_CURVE ( 'NONE', #3362, #119, #118, .T. ) ;
#2824 = VERTEX_POINT ( 'NONE', #6901 ) ;
#2825 = ORIENTED_EDGE ( 'NONE', *, *, #4066, .T. ) ;
#2826 = DIRECTION ( 'NONE',  ( 0.000000000000000000, 0.000000000000000000, -1.000000000000000000 ) ) ;
#2827 = EDGE_LOOP ( 'NONE', ( #7127, #1252, #1740, #5227, #4129, #3881 ) ) ;
#2828 = CARTESIAN_POINT ( 'NONE',  ( 34.13490784209365358, -5.227745226002983969, 15.31360777394734640 ) ) ;
#2829 = CARTESIAN_POINT ( 'NONE',  ( 8.100000000000015632, -24.41053361559590940, 10.00000000000000000 ) ) ;
#2830 = EDGE_CURVE ( 'NONE', #736, #4920, #11, .T. ) ;
#2831 = EDGE_CURVE ( 'NONE', #5630, #1419, #4562, .T. ) ;
#2832 = CARTESIAN_POINT ( 'NONE',  ( 12.49999999999999822, 23.00000000000004974, 4.999999999999997335 ) ) ;
#2833 = DIRECTION ( 'NONE',  ( -1.491166311727914324E-16, 1.000000000000000000, 0.000000000000000000 ) ) ;
#2834 = EDGE_CURVE ( 'NONE', #4081, #1201, #7868, .T. ) ;
#2835 = EDGE_CURVE ( 'NONE', #1427, #6960, #2570, .T. ) ;
#2836 = EDGE_CURVE ( 'NONE', #3803, #5807, #4684, .T. ) ;
#2837 = CARTESIAN_POINT ( 'NONE',  ( 0.000000000000000000, 0.000000000000000000, 24.00000000000000000 ) ) ;
#2838 = CARTESIAN_POINT ( 'NONE',  ( 13.40894241220452443, -25.41283789321709818, -1.392764127182514855 ) ) ;
#2839 = EDGE_LOOP ( 'NONE', ( #5197, #1686, #7031, #7296 ) ) ;
#2840 = DIRECTION ( 'NONE',  ( 2.668805347656626678E-16, -1.000000000000000000, 0.000000000000000000 ) ) ;
#2841 = DIRECTION ( 'NONE',  ( 1.000000000000000000, 0.000000000000000000, 0.000000000000000000 ) ) ;
#2842 = ORIENTED_EDGE ( 'NONE', *, *, #277, .F. ) ;
#2843 = EDGE_CURVE ( 'NONE', #2393, #3107, #150, .T. ) ;
#2844 = CARTESIAN_POINT ( 'NONE',  ( -34.09526751632064645, -5.315104793509031644, 11.51174982495940924 ) ) ;
#2845 = AXIS2_PLACEMENT_3D ( 'NONE', #5770, #3951, #2050 ) ;
#2846 = ORIENTED_EDGE ( 'NONE', *, *, #7203, .F. ) ;
#2847 = CIRCLE ( 'NONE', #2673, 2.000000000000001776 ) ;
#2848 = CARTESIAN_POINT ( 'NONE',  ( 22.29429915795130412, 18.20570084204868522, 9.794299157951307677 ) ) ;
#2849 = VECTOR ( 'NONE', #6774, 1000.000000000000000 ) ;
#2850 = DIRECTION ( 'NONE',  ( -0.000000000000000000, 1.000000000000000000, -0.000000000000000000 ) ) ;
#2851 = CARTESIAN_POINT ( 'NONE',  ( 33.21327386202776921, -7.000000000000002665, 8.249999999999998224 ) ) ;
#2852 = DIRECTION ( 'NONE',  ( 0.000000000000000000, 0.000000000000000000, -1.000000000000000000 ) ) ;
#2853 = FACE_OUTER_BOUND ( 'NONE', #3224, .T. ) ;
#2854 = CARTESIAN_POINT ( 'NONE',  ( -31.93396185097918050, -8.736144291016454844, 11.74632891399449086 ) ) ;
#2855 =( GEOMETRIC_REPRESENTATION_CONTEXT ( 3 ) GLOBAL_UNCERTAINTY_ASSIGNED_CONTEXT ( ( #6937 ) ) GLOBAL_UNIT_ASSIGNED_CONTEXT ( ( #4670, #5867, #3863 ) ) REPRESENTATION_CONTEXT ( 'NONE', 'WORKASPACE' ) );
#2856 = EDGE_CURVE ( 'NONE', #735, #2006, #1330, .T. ) ;
#2857 = CARTESIAN_POINT ( 'NONE',  ( 34.76869306414338467, -3.369683544342448211, 3.336554552756128444 ) ) ;
#2858 = DIRECTION ( 'NONE',  ( -0.000000000000000000, -0.000000000000000000, -1.000000000000000000 ) ) ;
#2859 = CARTESIAN_POINT ( 'NONE',  ( -43.64186376273998036, -1.442653765342935435, 17.98763888177766646 ) ) ;
#2860 = CARTESIAN_POINT ( 'NONE',  ( -21.91421356237308160, 18.58578643762690774, 9.414213562373094035 ) ) ;
#2861 = CARTESIAN_POINT ( 'NONE',  ( 8.100000000000017408, -20.13363909430809073, -1.747074935099675708 ) ) ;
#2862 = CYLINDRICAL_SURFACE ( 'NONE', #5058, 5.000000000000000888 ) ;
#2863 = ORIENTED_EDGE ( 'NONE', *, *, #75, .F. ) ;
#2864 = EDGE_CURVE ( 'NONE', #5438, #485, #4569, .T. ) ;
#2865 = FACE_BOUND ( 'NONE', #4530, .T. ) ;
#2866 = CARTESIAN_POINT ( 'NONE',  ( 12.49999999999999822, 28.00000000000000355, 1.999999999999997780 ) ) ;
#2867 = CARTESIAN_POINT ( 'NONE',  ( 8.100000000000017408, -20.61259175530688381, 5.464322966894140876 ) ) ;
#2868 = DIRECTION ( 'NONE',  ( -1.000000000000000000, -9.941108744852763806E-17, 2.775557561562891351E-16 ) ) ;
#2869 = PLANE ( 'NONE',  #5612 ) ;
#2870 = AXIS2_PLACEMENT_3D ( 'NONE', #6336, #6867, #1331 ) ;
#2871 = EDGE_CURVE ( 'NONE', #897, #6004, #5913, .T. ) ;
#2872 = AXIS2_PLACEMENT_3D ( 'NONE', #2753, #7811, #4654 ) ;
#2873 = EDGE_CURVE ( 'NONE', #2699, #8024, #7792, .T. ) ;
#2874 = FACE_OUTER_BOUND ( 'NONE', #6853, .T. ) ;
#2875 = CARTESIAN_POINT ( 'NONE',  ( -4.828932188134536396, 20.00000000000000355, 18.00000000000000355 ) ) ;
#2876 = CARTESIAN_POINT ( 'NONE',  ( -21.90999999999990067, -13.30000000000000071, 0.000000000000000000 ) ) ;
#2877 = ORIENTED_EDGE ( 'NONE', *, *, #5648, .T. ) ;
#2878 = DIRECTION ( 'NONE',  ( 1.000000000000000000, 0.000000000000000000, 0.000000000000000000 ) ) ;
#2879 = CARTESIAN_POINT ( 'NONE',  ( -46.96168036552500524, -4.214261501141105981, 14.50000000000000178 ) ) ;
#2880 = VERTEX_POINT ( 'NONE', #3497 ) ;
#2881 = CIRCLE ( 'NONE', #1826, 2.000000000000001776 ) ;
#2882 = CARTESIAN_POINT ( 'NONE',  ( -34.12323281499718064, -5.250328647122815440, 11.87330849718736125 ) ) ;
#2883 = ORIENTED_EDGE ( 'NONE', *, *, #1103, .F. ) ;
#2884 = VECTOR ( 'NONE', #7350, 1000.000000000000000 ) ;
#2885 = EDGE_LOOP ( 'NONE', ( #2060, #7075 ) ) ;
#2886 = CIRCLE ( 'NONE', #3793, 3.750000000000000000 ) ;
#2887 = CARTESIAN_POINT ( 'NONE',  ( -51.97975137338504936, -2.113542182762028876, 10.00857752780107646 ) ) ;
#2888 = EDGE_CURVE ( 'NONE', #580, #6996, #5231, .T. ) ;
#2889 = DIRECTION ( 'NONE',  ( 1.000000000000000000, 0.000000000000000000, 0.000000000000000000 ) ) ;
#2890 = CARTESIAN_POINT ( 'NONE',  ( 9.499994902504299787, 20.00521407963689313, 7.994785920363118414 ) ) ;
#2891 = CARTESIAN_POINT ( 'NONE',  ( 31.87354260324242006, 8.808890341527689571, 15.29277990221591566 ) ) ;
#2892 = AXIS2_PLACEMENT_3D ( 'NONE', #5819, #5698, #1392 ) ;
#2893 = CARTESIAN_POINT ( 'NONE',  ( -33.07873126292052746, -7.217563926154253906, 13.75000000000001066 ) ) ;
#2894 = B_SPLINE_CURVE_WITH_KNOTS ( 'NONE', 3,
 ( #475, #7384, #1159, #1074, #4970, #6864, #1782, #41, #5455, #3705, #645, #6248 ),
 .UNSPECIFIED., .F., .F.,
 ( 4, 2, 2, 2, 2, 4 ),
 ( 0.000000000000000000, 0.0002369188350490227923, 0.0004738376700980455845, 0.0009476753401961066732, 0.001421513010294167762, 0.001895350680392228959 ),
 .UNSPECIFIED. ) ;
#2895 = CARTESIAN_POINT ( 'NONE',  ( 34.86363070808850750, -3.001964123650242566, 7.300069659286994472 ) ) ;
#2896 = CARTESIAN_POINT ( 'NONE',  ( -51.91411273016059624, 2.011560740707091899, 14.09327862796967068 ) ) ;
#2897 = DIRECTION ( 'NONE',  ( 0.000000000000000000, -1.000000000000000000, 0.000000000000000000 ) ) ;
#2898 = CARTESIAN_POINT ( 'NONE',  ( 8.676117450622486515, 18.00000000000000355, 10.57935902271951001 ) ) ;
#2899 = CARTESIAN_POINT ( 'NONE',  ( -35.19850060656309410, 0.2386162571708106694, 17.26262128111624961 ) ) ;
#2900 = DIRECTION ( 'NONE',  ( -0.000000000000000000, 0.000000000000000000, 1.000000000000000000 ) ) ;
#2901 = ORIENTED_EDGE ( 'NONE', *, *, #6974, .T. ) ;
#2902 = FACE_BOUND ( 'NONE', #2917, .T. ) ;
#2903 = CARTESIAN_POINT ( 'NONE',  ( -52.10000000000000142, -43.10000000000001563, 14.50000000000000355 ) ) ;
#2904 = CARTESIAN_POINT ( 'NONE',  ( 35.18716684682654972, -0.6770552365325983590, 15.29656380607572785 ) ) ;
#2905 = CARTESIAN_POINT ( 'NONE',  ( -23.88307512300518809, -20.99999999999999645, 24.00000000000000000 ) ) ;
#2906 = CARTESIAN_POINT ( 'NONE',  ( -32.15483433914955924, 8.476125814556102256, 11.05297613259217293 ) ) ;
#2907 = VERTEX_POINT ( 'NONE', #7830 ) ;
#2908 = CARTESIAN_POINT ( 'NONE',  ( -39.89999999999999858, -13.00000000000000178, 24.00000000000000000 ) ) ;
#2909 = CARTESIAN_POINT ( 'NONE',  ( -1.682681771697502882E-13, 40.50000000000004263, 5.000000000000000888 ) ) ;
#2910 = CARTESIAN_POINT ( 'NONE',  ( -16.83804627249354624, -28.62467866323906307, 5.000000000000000000 ) ) ;
#2911 = VERTEX_POINT ( 'NONE', #5870 ) ;
#2912 = CARTESIAN_POINT ( 'NONE',  ( -39.90000000000000568, -7.000000000000000888, 13.75000000000000000 ) ) ;
#2913 = CARTESIAN_POINT ( 'NONE',  ( 17.89999999999998792, -6.098637220230962441E-16, 5.000000000000000000 ) ) ;
#2914 = EDGE_LOOP ( 'NONE', ( #7988, #4646, #6494, #7033, #7727, #6418, #1503, #7073, #5397, #1717, #6886, #6553 ) ) ;
#2915 = EDGE_CURVE ( 'NONE', #2675, #6138, #7139, .T. ) ;
#2916 = DIRECTION ( 'NONE',  ( -0.000000000000000000, 0.000000000000000000, -1.000000000000000000 ) ) ;
#2917 = EDGE_LOOP ( 'NONE', ( #1783, #6113 ) ) ;
#2918 = EDGE_CURVE ( 'NONE', #1971, #2779, #6692, .T. ) ;
#2919 = FACE_OUTER_BOUND ( 'NONE', #1452, .T. ) ;
#2920 = VERTEX_POINT ( 'NONE', #2158 ) ;
#2921 = CARTESIAN_POINT ( 'NONE',  ( -52.10000000000000853, -4.664761515876251430, 13.50000000000000533 ) ) ;
#2922 = CARTESIAN_POINT ( 'NONE',  ( -35.15031487988829895, 1.160927435327511414, 3.685596836127628784 ) ) ;
#2923 = CARTESIAN_POINT ( 'NONE',  ( -11.67157287525389009, 26.00000000000000355, 0.000000000000000000 ) ) ;
#2924 = EDGE_CURVE ( 'NONE', #7675, #1129, #1144, .T. ) ;
#2925 = CARTESIAN_POINT ( 'NONE',  ( -42.58456515516911622, 7.000000000000002665, 10.25000000000000000 ) ) ;
#2926 = AXIS2_PLACEMENT_3D ( 'NONE', #426, #1682, #6064 ) ;
#2927 = ORIENTED_EDGE ( 'NONE', *, *, #1612, .F. ) ;
#2928 = EDGE_CURVE ( 'NONE', #1801, #4525, #2478, .T. ) ;
#2929 = CIRCLE ( 'NONE', #7114, 5.000000000000000888 ) ;
#2930 = CARTESIAN_POINT ( 'NONE',  ( 34.79868257938440479, -3.254333443889216859, 3.120574193955783393 ) ) ;
#2931 = LINE ( 'NONE', #3007, #2794 ) ;
#2932 = DIRECTION ( 'NONE',  ( 1.000000000000000000, 0.000000000000000000, 0.000000000000000000 ) ) ;
#2933 = ORIENTED_EDGE ( 'NONE', *, *, #3329, .T. ) ;
#2934 = CARTESIAN_POINT ( 'NONE',  ( 9.750000000000003553, 24.00000000000000000, 24.00000000000000355 ) ) ;
#2935 = CARTESIAN_POINT ( 'NONE',  ( 8.100000000000015632, -18.74040921001870430, -1.055022676254879110 ) ) ;
#2936 = EDGE_CURVE ( 'NONE', #928, #3107, #7463, .T. ) ;
#2937 = ORIENTED_EDGE ( 'NONE', *, *, #3087, .T. ) ;
#2938 = EDGE_CURVE ( 'NONE', #902, #4111, #1858, .T. ) ;
#2939 = LINE ( 'NONE', #5422, #6623 ) ;
#2940 = DIRECTION ( 'NONE',  ( -1.387778780781445676E-16, -1.379605977354753764E-32, -1.000000000000000000 ) ) ;
#2941 = AXIS2_PLACEMENT_3D ( 'NONE', #2194, #5641, #3197 ) ;
#2942 = CARTESIAN_POINT ( 'NONE',  ( 11.71646242937109683, -32.15665681915285745, -4.439839462191000230 ) ) ;
#2943 = DIRECTION ( 'NONE',  ( 0.8619342151577693567, -0.5070201265633940135, 0.000000000000000000 ) ) ;
#2944 = CARTESIAN_POINT ( 'NONE',  ( 13.40894241220452265, -21.99999999999999289, 19.50000000000000000 ) ) ;
#2945 = ORIENTED_EDGE ( 'NONE', *, *, #6099, .T. ) ;
#2946 = CARTESIAN_POINT ( 'NONE',  ( -14.10132584844227033, -26.38013873515754426, -1.254419156468055796 ) ) ;
#2947 = DIRECTION ( 'NONE',  ( -0.000000000000000000, -0.000000000000000000, -1.000000000000000000 ) ) ;
#2948 = DIRECTION ( 'NONE',  ( -0.000000000000000000, -0.000000000000000000, -1.000000000000000000 ) ) ;
#2949 = VECTOR ( 'NONE', #7711, 1000.000000000000000 ) ;
#2950 = VERTEX_POINT ( 'NONE', #6068 ) ;
#2951 = DIRECTION ( 'NONE',  ( -1.000000000000000000, -2.668805347656626678E-16, -0.000000000000000000 ) ) ;
#2952 = CARTESIAN_POINT ( 'NONE',  ( 10.17106781186546627, 20.00000000000000355, 18.00000000000000355 ) ) ;
#2953 = VERTEX_POINT ( 'NONE', #6851 ) ;
#2954 = EDGE_CURVE ( 'NONE', #6004, #6783, #5886, .T. ) ;
#2955 = CARTESIAN_POINT ( 'NONE',  ( -35.19999999999999574, 0.009999999999899849418, 21.00000000000000000 ) ) ;
#2956 = CARTESIAN_POINT ( 'NONE',  ( 37.89999999999999147, -6.098637220230962441E-16, 1.250000000000000222 ) ) ;
#2957 = EDGE_CURVE ( 'NONE', #5103, #682, #3866, .T. ) ;
#2958 = CARTESIAN_POINT ( 'NONE',  ( -35.19999999999999574, 0.009999999999899845948, 6.749971428338189305 ) ) ;
#2959 = CARTESIAN_POINT ( 'NONE',  ( -32.82893218813453018, -30.37354648979129834, 17.99999999999999645 ) ) ;
#2960 = CARTESIAN_POINT ( 'NONE',  ( -35.19999999999999574, -0.01000000000000653144, 21.00000000000000000 ) ) ;
#2961 = VERTEX_POINT ( 'NONE', #7943 ) ;
#2962 = AXIS2_PLACEMENT_3D ( 'NONE', #6872, #1834, #612 ) ;
#2963 = ORIENTED_EDGE ( 'NONE', *, *, #6780, .F. ) ;
#2964 = ORIENTED_EDGE ( 'NONE', *, *, #3768, .T. ) ;
#2965 = CARTESIAN_POINT ( 'NONE',  ( -8.728293477980724975E-15, 18.00000000000000355, 12.00000000000000000 ) ) ;
#2966 = CARTESIAN_POINT ( 'NONE',  ( 14.40894241220452265, -20.99999999999998934, 0.000000000000000000 ) ) ;
#2967 = CARTESIAN_POINT ( 'NONE',  ( -46.10000000000000853, 4.622502080891594645, 10.36857987600065023 ) ) ;
#2968 = EDGE_CURVE ( 'NONE', #6242, #2552, #2031, .T. ) ;
#2969 = EDGE_LOOP ( 'NONE', ( #3298, #1524, #6196, #3965, #1480, #7657, #956, #7719, #2436, #3628, #2303, #6472, #6750, #6592, #4810, #7614 ) ) ;
#2970 = LINE ( 'NONE', #6036, #2523 ) ;
#2971 = DIRECTION ( 'NONE',  ( 1.000000000000000000, 0.000000000000000000, 0.000000000000000000 ) ) ;
#2972 = ORIENTED_EDGE ( 'NONE', *, *, #4080, .F. ) ;
#2973 = B_SPLINE_CURVE_WITH_KNOTS ( 'NONE', 3,
 ( #1285, #6369, #6288, #3308, #689, #5170, #3186, #5675, #5052, #1948, #5991, #7221, #1572, #7137, #3416, #5250 ),
 .UNSPECIFIED., .F., .F.,
 ( 4, 2, 2, 2, 2, 2, 2, 4 ),
 ( 0.001560326256149653472, 0.002418678544492839332, 0.002847854688664440068, 0.003277030832836040804, 0.003706206977007641973, 0.004135383121179243143, 0.004564559265350843879, 0.004993735409522444615 ),
 .UNSPECIFIED. ) ;
#2974 =( BOUNDED_CURVE ( )  B_SPLINE_CURVE ( 3, ( #7254, #6637, #2890, #4068 ),
 .UNSPECIFIED., .F., .F. ) 
 B_SPLINE_CURVE_WITH_KNOTS ( ( 4, 4 ),
 ( 4.712388980384690562, 4.716299541358239367 ),
 .UNSPECIFIED. ) 
 CURVE ( )  GEOMETRIC_REPRESENTATION_ITEM ( )  RATIONAL_B_SPLINE_CURVE ( ( 1.000000000000000000, 0.9999987256264786240, 0.9999987256264786240, 1.000000000000000000 ) ) 
 REPRESENTATION_ITEM ( '' )  );
#2975 = EDGE_LOOP ( 'NONE', ( #2495, #4955, #7715, #2515 ) ) ;
#2976 = LINE ( 'NONE', #1292, #1169 ) ;
#2977 = FACE_OUTER_BOUND ( 'NONE', #4271, .T. ) ;
#2978 = CARTESIAN_POINT ( 'NONE',  ( 34.65016761431979120, -3.796238849660272585, 13.96521172332016825 ) ) ;
#2979 = CARTESIAN_POINT ( 'NONE',  ( -9.900000000000012790, -13.00000000000000355, 24.00000000000000000 ) ) ;
#2980 = DIRECTION ( 'NONE',  ( -1.000000000000000000, 0.000000000000000000, 0.000000000000000000 ) ) ;
#2981 = CARTESIAN_POINT ( 'NONE',  ( -31.98117869559021642, 8.681606334981271544, 12.50064048831285568 ) ) ;
#2982 = ORIENTED_EDGE ( 'NONE', *, *, #5730, .T. ) ;
#2983 = ORIENTED_EDGE ( 'NONE', *, *, #5872, .T. ) ;
#2984 = LINE ( 'NONE', #2908, #2819 ) ;
#2985 = CARTESIAN_POINT ( 'NONE',  ( -27.90000000000001279, -4.000000000000005329, 24.00000000000000000 ) ) ;
#2986 = CARTESIAN_POINT ( 'NONE',  ( 3.918869757271530263E-15, -32.00000000000000000, -5.500000000000001776 ) ) ;
#2987 = DIRECTION ( 'NONE',  ( 1.000000000000000000, -0.000000000000000000, -0.000000000000000000 ) ) ;
#2988 = CARTESIAN_POINT ( 'NONE',  ( -46.10000000000000142, -4.664761515876249653, 13.50000000000000533 ) ) ;
#2989 = EDGE_LOOP ( 'NONE', ( #6514, #2377, #80, #790, #5556, #2045, #4152 ) ) ;
#2990 = CARTESIAN_POINT ( 'NONE',  ( 7.100000000000002309, -17.99999999999999645, 12.00000000000000000 ) ) ;
#2991 = VECTOR ( 'NONE', #7672, 1000.000000000000000 ) ;
#2992 = ADVANCED_FACE ( 'NONE', ( #2391 ), #7374, .F. ) ;
#2993 = CYLINDRICAL_SURFACE ( 'NONE', #530, 4.999999999999997335 ) ;
#2994 = CYLINDRICAL_SURFACE ( 'NONE', #3187, 2.500000000000000444 ) ;
#2995 = AXIS2_PLACEMENT_3D ( 'NONE', #4622, #260, #3404 ) ;
#2996 = CARTESIAN_POINT ( 'NONE',  ( 32.90119967097827214, 7.486508898111850385, 8.274238084733623211 ) ) ;
#2997 = B_SPLINE_CURVE_WITH_KNOTS ( 'NONE', 3,
 ( #6528, #3424, #4074, #961, #5257, #7107, #2661, #5837, #7636, #2043, #3384, #7024, #2778, #1410, #3904, #7749, #6411, #202, #806, #2080, #4560, #3947, #6449, #843, #3352, #1778 ),
 .UNSPECIFIED., .F., .F.,
 ( 4, 2, 2, 2, 2, 2, 2, 2, 2, 2, 2, 2, 4 ),
 ( 0.006656418410559106560, 0.007071696721510723274, 0.007486975032462339120, 0.008317531654365571681, 0.008732809965317183190, 0.009148088276268792965, 0.009978644898172026392, 0.01080920152007525982, 0.01163975814197849325, 0.01205503645293011863, 0.01247031476388174229, 0.01288559307483336594, 0.01330087138578499133 ),
 .UNSPECIFIED. ) ;
#2998 = CARTESIAN_POINT ( 'NONE',  ( -35.19999999999999574, 0.009999999999899849418, 21.00000000000000000 ) ) ;
#2999 = AXIS2_PLACEMENT_3D ( 'NONE', #3328, #5932, #4538 ) ;
#3000 = ORIENTED_EDGE ( 'NONE', *, *, #8005, .T. ) ;
#3001 = ORIENTED_EDGE ( 'NONE', *, *, #5648, .F. ) ;
#3002 = CIRCLE ( 'NONE', #6139, 1.749999999999999778 ) ;
#3003 = ORIENTED_EDGE ( 'NONE', *, *, #2403, .T. ) ;
#3004 = VECTOR ( 'NONE', #823, 1000.000000000000000 ) ;
#3005 = ORIENTED_EDGE ( 'NONE', *, *, #3315, .F. ) ;
#3006 = LINE ( 'NONE', #7225, #4286 ) ;
#3007 = CARTESIAN_POINT ( 'NONE',  ( 31.24999999999999645, -13.50000000000000178, 24.00000000000000000 ) ) ;
#3008 = CARTESIAN_POINT ( 'NONE',  ( -47.10000000000000853, 4.214261501141093547, 9.500000000000008882 ) ) ;
#3009 = ORIENTED_EDGE ( 'NONE', *, *, #4659, .F. ) ;
#3010 = ORIENTED_EDGE ( 'NONE', *, *, #375, .T. ) ;
#3011 = LINE ( 'NONE', #1112, #3434 ) ;
#3012 = VECTOR ( 'NONE', #3639, 1000.000000000000000 ) ;
#3013 = LINE ( 'NONE', #7998, #6790 ) ;
#3014 = ORIENTED_EDGE ( 'NONE', *, *, #1420, .F. ) ;
#3015 = AXIS2_PLACEMENT_3D ( 'NONE', #2429, #4863, #4339 ) ;
#3016 = VERTEX_POINT ( 'NONE', #1066 ) ;
#3017 = B_SPLINE_CURVE_WITH_KNOTS ( 'NONE', 3,
 ( #8012, #1081, #3679, #6832, #2375, #2946, #4802, #7357, #7925, #2415 ),
 .UNSPECIFIED., .F., .F.,
 ( 4, 2, 2, 2, 4 ),
 ( 0.000000000000000000, 0.0005536332879800487600, 0.001107266575960097520, 0.001660899863940146388, 0.002214533151920195040 ),
 .UNSPECIFIED. ) ;
#3018 = VECTOR ( 'NONE', #2066, 1000.000000000000000 ) ;
#3019 = DIRECTION ( 'NONE',  ( 1.000000000000000000, 0.000000000000000000, 0.000000000000000000 ) ) ;
#3020 = FACE_OUTER_BOUND ( 'NONE', #6195, .T. ) ;
#3021 = CARTESIAN_POINT ( 'NONE',  ( -11.08070436657805935, -33.36878404290007438, 17.19067128795092003 ) ) ;
#3022 = CARTESIAN_POINT ( 'NONE',  ( 14.95627588635846728, -29.73160241978914087, 5.071787661210078291 ) ) ;
#3023 = DIRECTION ( 'NONE',  ( 1.000000000000000000, -0.000000000000000000, -0.000000000000000000 ) ) ;
#3024 = EDGE_LOOP ( 'NONE', ( #2064, #7440, #7999, #5029, #1411 ) ) ;
#3025 = CARTESIAN_POINT ( 'NONE',  ( -32.32836725024328928, 8.261816984686658927, 10.78238270045194191 ) ) ;
#3026 = DIRECTION ( 'NONE',  ( 1.000000000000000000, 0.000000000000000000, 0.000000000000000000 ) ) ;
#3027 = CIRCLE ( 'NONE', #6428, 2.000000000000001776 ) ;
#3028 = ORIENTED_EDGE ( 'NONE', *, *, #7770, .F. ) ;
#3029 = EDGE_LOOP ( 'NONE', ( #6625, #501, #6436, #8041, #3667 ) ) ;
#3030 = CARTESIAN_POINT ( 'NONE',  ( -34.74999999999998579, -13.50000000000002665, 0.000000000000000000 ) ) ;
#3031 = CARTESIAN_POINT ( 'NONE',  ( -13.90088270140602233, -21.12868081506573148, -0.2872627141196551492 ) ) ;
#3032 = CARTESIAN_POINT ( 'NONE',  ( -52.10000000000000853, -4.664761515876254094, 10.50000000000000533 ) ) ;
#3033 = CARTESIAN_POINT ( 'NONE',  ( 33.00000000000000000, -13.50000000000000178, 24.00000000000000000 ) ) ;
#3034 = CARTESIAN_POINT ( 'NONE',  ( 9.750000000000000000, 24.00000000000000000, 4.999999999999997335 ) ) ;
#3035 = VERTEX_POINT ( 'NONE', #3569 ) ;
#3036 = DIRECTION ( 'NONE',  ( 0.000000000000000000, 0.000000000000000000, -1.000000000000000000 ) ) ;
#3037 = ORIENTED_EDGE ( 'NONE', *, *, #4116, .F. ) ;
#3038 = AXIS2_PLACEMENT_3D ( 'NONE', #4474, #761, #5089 ) ;
#3039 = LINE ( 'NONE', #2386, #1688 ) ;
#3040 = ADVANCED_FACE ( 'NONE', ( #2345 ), #4209, .F. ) ;
#3041 = DIRECTION ( 'NONE',  ( -0.000000000000000000, -0.000000000000000000, 1.000000000000000000 ) ) ;
#3042 = EDGE_LOOP ( 'NONE', ( #1772, #1206, #4357, #3125, #7343, #5423, #5471, #5241, #1872, #42 ) ) ;
#3043 = CARTESIAN_POINT ( 'NONE',  ( -51.10000000000000853, -1.469693845669930887, 14.50000000000000355 ) ) ;
#3044 = DIRECTION ( 'NONE',  ( 7.228014483236695816E-17, -1.000000000000000000, 0.000000000000000000 ) ) ;
#3045 = CARTESIAN_POINT ( 'NONE',  ( -41.06248639603969508, 8.734360839569440316, 12.26871027913913892 ) ) ;
#3046 = VECTOR ( 'NONE', #7940, 1000.000000000000000 ) ;
#3047 = ORIENTED_EDGE ( 'NONE', *, *, #294, .F. ) ;
#3048 = ORIENTED_EDGE ( 'NONE', *, *, #5296, .F. ) ;
#3049 = ORIENTED_EDGE ( 'NONE', *, *, #3172, .T. ) ;
#3050 = ORIENTED_EDGE ( 'NONE', *, *, #1516, .T. ) ;
#3051 = DIRECTION ( 'NONE',  ( -1.000000000000000000, 0.000000000000000000, 0.000000000000000000 ) ) ;
#3052 = DIRECTION ( 'NONE',  ( 1.000000000000000000, 9.941108744852766272E-17, 0.000000000000000000 ) ) ;
#3053 = CARTESIAN_POINT ( 'NONE',  ( 29.79602212213754342, -10.70745553949533324, 12.58110793260772020 ) ) ;
#3054 = EDGE_CURVE ( 'NONE', #4365, #5322, #2713, .T. ) ;
#3055 = ORIENTED_EDGE ( 'NONE', *, *, #2629, .F. ) ;
#3056 = DIRECTION ( 'NONE',  ( 1.000000000000000000, 9.637352644315594010E-17, -0.000000000000000000 ) ) ;
#3057 = DIRECTION ( 'NONE',  ( -1.000000000000000000, -9.941108744852762574E-17, 2.775557561562890858E-16 ) ) ;
#3058 = ORIENTED_EDGE ( 'NONE', *, *, #4440, .T. ) ;
#3059 = ORIENTED_EDGE ( 'NONE', *, *, #7902, .T. ) ;
#3060 = PLANE ( 'NONE',  #1023 ) ;
#3061 = DIRECTION ( 'NONE',  ( 3.958748233630339645E-17, 1.000000000000000000, -0.000000000000000000 ) ) ;
#3062 = EDGE_CURVE ( 'NONE', #5221, #4762, #533, .T. ) ;
#3063 = CARTESIAN_POINT ( 'NONE',  ( 34.13717759611207470, -5.222458352793664993, 8.689136554519139466 ) ) ;
#3064 = CARTESIAN_POINT ( 'NONE',  ( 11.44375490067382017, -32.59086972461319931, -4.848207529649099179 ) ) ;
#3065 = ADVANCED_FACE ( 'NONE', ( #147 ), #7047, .F. ) ;
#3066 = CARTESIAN_POINT ( 'NONE',  ( -9.363131114445037539, 18.48240332418795617, 9.517596675812038498 ) ) ;
#3067 = VERTEX_POINT ( 'NONE', #1320 ) ;
#3068 = AXIS2_PLACEMENT_3D ( 'NONE', #6920, #4855, #3728 ) ;
#3069 = EDGE_CURVE ( 'NONE', #4351, #5887, #6281, .T. ) ;
#3070 = EDGE_LOOP ( 'NONE', ( #1815, #5026 ) ) ;
#3071 = ORIENTED_EDGE ( 'NONE', *, *, #2758, .F. ) ;
#3072 = VECTOR ( 'NONE', #7647, 1000.000000000000000 ) ;
#3073 = EDGE_CURVE ( 'NONE', #135, #1774, #5349, .T. ) ;
#3074 = ORIENTED_EDGE ( 'NONE', *, *, #7526, .T. ) ;
#3075 = ORIENTED_EDGE ( 'NONE', *, *, #3376, .F. ) ;
#3076 = CARTESIAN_POINT ( 'NONE',  ( -32.82893218813453728, 18.00000000000000000, 21.00000000000000000 ) ) ;
#3077 = CARTESIAN_POINT ( 'NONE',  ( -13.51687109987878799, -21.47910952318947864, -0.4264899856528269750 ) ) ;
#3078 = DIRECTION ( 'NONE',  ( 9.941108744852766272E-17, -1.000000000000000000, -1.215432671457254510E-63 ) ) ;
#3079 = B_SPLINE_CURVE_WITH_KNOTS ( 'NONE', 3,
 ( #6827, #5552, #2370, #2452, #4839, #4929, #1121, #1747, #3713, #4229, #7436, #1833, #6737, #611, #3116, #5596, #2500, #4976, #7482, #5204, #6298, #6908, #7742, #1335, #2154, #123, #7100, #88 ),
 .UNSPECIFIED., .F., .F.,
 ( 4, 2, 2, 2, 2, 2, 2, 2, 2, 2, 2, 2, 2, 4 ),
 ( 0.000000000000000000, 0.0003410049730034202969, 0.0006820099460068405938, 0.001023014919010260945, 0.001364019892013681188, 0.002046029838020523191, 0.002728039784027364977, 0.003069044757030791291, 0.003410049730034217172, 0.003751054703037643920, 0.004092059676041070668, 0.004433064649044496548, 0.004774069622047923296, 0.005456079568054775925 ),
 .UNSPECIFIED. ) ;
#3080 = ORIENTED_EDGE ( 'NONE', *, *, #7937, .F. ) ;
#3081 = CYLINDRICAL_SURFACE ( 'NONE', #2549, 2.000000000000001776 ) ;
#3082 = CARTESIAN_POINT ( 'NONE',  ( -34.12315218346955703, 5.250516581566032848, 12.12963574131720890 ) ) ;
#3083 = B_SPLINE_CURVE_WITH_KNOTS ( 'NONE', 3,
 ( #2448, #7433, #3751, #2575, #3151, #1952, #3112, #5095, #1163, #608, #6253, #6950, #4360, #5679, #1915, #2001, #6822, #3670, #2617, #5018, #6165, #45, #4926, #1209 ),
 .UNSPECIFIED., .F., .F.,
 ( 4, 2, 2, 2, 2, 2, 2, 2, 2, 2, 2, 4 ),
 ( 0.000000000000000000, 0.0009983816859392559244, 0.001497572528908887790, 0.001996763371878519655, 0.002995145057817794228, 0.003494335900787431948, 0.003993526743757069668, 0.004991908429696336434, 0.005990290115635602333, 0.006489480958605236584, 0.006988671801574870834, 0.007987053487514139336 ),
 .UNSPECIFIED. ) ;
#3084 = EDGE_LOOP ( 'NONE', ( #5070, #3936, #3075, #3686 ) ) ;
#3085 = LINE ( 'NONE', #6022, #1972 ) ;
#3086 = VECTOR ( 'NONE', #6129, 1000.000000000000000 ) ;
#3087 = EDGE_CURVE ( 'NONE', #3969, #1931, #2886, .T. ) ;
#3088 = EDGE_CURVE ( 'NONE', #1584, #855, #7624, .T. ) ;
#3089 = CARTESIAN_POINT ( 'NONE',  ( -39.90000000000000568, -6.098637220230962441E-16, 3.250000000000000444 ) ) ;
#3090 = VECTOR ( 'NONE', #5602, 1000.000000000000000 ) ;
#3091 = DIRECTION ( 'NONE',  ( -1.000000000000000000, 0.000000000000000000, 0.000000000000000000 ) ) ;
#3092 = ADVANCED_FACE ( 'NONE', ( #4467 ), #7011, .F. ) ;
#3093 = DIRECTION ( 'NONE',  ( -0.8619342151577693567, 0.5070201265633939025, -0.000000000000000000 ) ) ;
#3094 = CARTESIAN_POINT ( 'NONE',  ( 31.52270030638655030, 9.190860633113533851, 8.948075346733647351 ) ) ;
#3095 = CARTESIAN_POINT ( 'NONE',  ( -44.37506096322982074, 5.383020654443804176, 11.31922570708822562 ) ) ;
#3096 = ORIENTED_EDGE ( 'NONE', *, *, #7103, .T. ) ;
#3097 = VERTEX_POINT ( 'NONE', #3856 ) ;
#3098 = ORIENTED_EDGE ( 'NONE', *, *, #7103, .F. ) ;
#3099 = ORIENTED_EDGE ( 'NONE', *, *, #1103, .T. ) ;
#3100 = DIRECTION ( 'NONE',  ( 1.000000000000000000, -0.000000000000000000, -0.000000000000000000 ) ) ;
#3101 = CARTESIAN_POINT ( 'NONE',  ( -42.58456515516913043, -7.000000000000000000, 13.75000000000000000 ) ) ;
#3102 = PLANE ( 'NONE',  #4539 ) ;
#3103 = ORIENTED_EDGE ( 'NONE', *, *, #4280, .T. ) ;
#3104 = ORIENTED_EDGE ( 'NONE', *, *, #5733, .T. ) ;
#3105 = CARTESIAN_POINT ( 'NONE',  ( -34.89999999999999858, -18.00000000000000355, 21.00000000000000000 ) ) ;
#3106 = CARTESIAN_POINT ( 'NONE',  ( -10.90000000000001457, -3.000000000000002665, 21.00000000000000000 ) ) ;
#3107 = VERTEX_POINT ( 'NONE', #6889 ) ;
#3108 = VECTOR ( 'NONE', #3547, 1000.000000000000000 ) ;
#3109 = EDGE_CURVE ( 'NONE', #7606, #7092, #1574, .T. ) ;
#3110 = ORIENTED_EDGE ( 'NONE', *, *, #5143, .T. ) ;
#3111 = EDGE_CURVE ( 'NONE', #885, #6634, #275, .T. ) ;
#3112 = CARTESIAN_POINT ( 'NONE',  ( 34.66484099937196106, 3.743384219401051816, 19.27796918748046906 ) ) ;
#3113 = CARTESIAN_POINT ( 'NONE',  ( -14.95377450932830143, -29.73307381804213989, 5.090019166778431803 ) ) ;
#3114 = VECTOR ( 'NONE', #7271, 1000.000000000000000 ) ;
#3115 = CARTESIAN_POINT ( 'NONE',  ( 33.48022537316950320, -6.553614684358302078, 8.269700919926336269 ) ) ;
#3116 = CARTESIAN_POINT ( 'NONE',  ( -35.08709523028638699, -1.738803474709467611, 18.77178296885254127 ) ) ;
#3117 = DIRECTION ( 'NONE',  ( 0.5070201265633943466, -0.8619342151577692457, 0.000000000000000000 ) ) ;
#3118 = ORIENTED_EDGE ( 'NONE', *, *, #5119, .T. ) ;
#3119 = EDGE_LOOP ( 'NONE', ( #948, #6462, #3609 ) ) ;
#3120 = VERTEX_POINT ( 'NONE', #2686 ) ;
#3121 = EDGE_LOOP ( 'NONE', ( #6260, #3285, #5745 ) ) ;
#3122 = DIRECTION ( 'NONE',  ( 3.958748233630338412E-17, -1.000000000000000000, 0.000000000000000000 ) ) ;
#3123 = FACE_BOUND ( 'NONE', #4039, .T. ) ;
#3124 = CARTESIAN_POINT ( 'NONE',  ( -52.10000000000000853, -9.567667171349008195E-15, 12.00000000000000000 ) ) ;
#3125 = ORIENTED_EDGE ( 'NONE', *, *, #4116, .T. ) ;
#3126 = FACE_OUTER_BOUND ( 'NONE', #1374, .T. ) ;
#3127 = EDGE_CURVE ( 'NONE', #577, #4700, #2101, .T. ) ;
#3128 = ADVANCED_FACE ( 'NONE', ( #6238 ), #1278, .F. ) ;
#3129 = EDGE_CURVE ( 'NONE', #5492, #7804, #1900, .T. ) ;
#3130 = CARTESIAN_POINT ( 'NONE',  ( -42.21477728786080519, -7.388785499142662694, 13.71840520328653312 ) ) ;
#3131 = DIRECTION ( 'NONE',  ( 0.000000000000000000, 0.000000000000000000, -1.000000000000000000 ) ) ;
#3132 = EDGE_LOOP ( 'NONE', ( #5749, #2444, #6218, #6757, #6115, #5753 ) ) ;
#3133 = FACE_OUTER_BOUND ( 'NONE', #7553, .T. ) ;
#3134 = CARTESIAN_POINT ( 'NONE',  ( -41.05000000000002558, -0.1391235032929107052, 3.250000000000000000 ) ) ;
#3135 = CARTESIAN_POINT ( 'NONE',  ( -39.90000000000000568, -7.000000000000000888, 12.00000000000000000 ) ) ;
#3136 = VERTEX_POINT ( 'NONE', #3774 ) ;
#3137 = AXIS2_PLACEMENT_3D ( 'NONE', #2042, #5802, #5835 ) ;
#3138 = ORIENTED_EDGE ( 'NONE', *, *, #5963, .F. ) ;
#3139 = ORIENTED_EDGE ( 'NONE', *, *, #5447, .F. ) ;
#3140 = DIRECTION ( 'NONE',  ( 2.815536131330090089E-16, -1.000000000000000000, 0.000000000000000000 ) ) ;
#3141 = CARTESIAN_POINT ( 'NONE',  ( 8.100000000000015632, -24.41053361559590940, 10.00000000000000000 ) ) ;
#3142 = CARTESIAN_POINT ( 'NONE',  ( 29.75041943626128926, -10.74092367850122187, 12.29732648436208819 ) ) ;
#3143 = VECTOR ( 'NONE', #3212, 1000.000000000000000 ) ;
#3144 = ORIENTED_EDGE ( 'NONE', *, *, #3127, .F. ) ;
#3145 = FACE_OUTER_BOUND ( 'NONE', #2178, .T. ) ;
#3146 = CARTESIAN_POINT ( 'NONE',  ( 15.17106781186546449, 22.00000000000000355, 22.00000000000000000 ) ) ;
#3147 = ORIENTED_EDGE ( 'NONE', *, *, #4701, .F. ) ;
#3148 = AXIS2_PLACEMENT_3D ( 'NONE', #6332, #7598, #839 ) ;
#3149 = CIRCLE ( 'NONE', #5758, 1.999999999999998224 ) ;
#3150 = VERTEX_POINT ( 'NONE', #5665 ) ;
#3151 = CARTESIAN_POINT ( 'NONE',  ( 34.68518424062309435, 3.673272022829792149, 19.77294152708624964 ) ) ;
#3152 = CIRCLE ( 'NONE', #7708, 1.750000000000005107 ) ;
#3153 = CARTESIAN_POINT ( 'NONE',  ( 34.68836108470572555, 3.663612868964603031, 13.73117818713562777 ) ) ;
#3154 = CARTESIAN_POINT ( 'NONE',  ( 34.68700921413264382, -3.668355629843744747, 13.74026319630360149 ) ) ;
#3155 = CARTESIAN_POINT ( 'NONE',  ( 3.918869757271530263E-15, -32.00000000000000000, 19.50000000000000000 ) ) ;
#3156 = DIRECTION ( 'NONE',  ( 0.000000000000000000, 0.000000000000000000, -1.000000000000000000 ) ) ;
#3157 = ORIENTED_EDGE ( 'NONE', *, *, #7526, .F. ) ;
#3158 = VECTOR ( 'NONE', #4248, 1000.000000000000000 ) ;
#3159 = AXIS2_PLACEMENT_3D ( 'NONE', #3544, #7846, #5270 ) ;
#3160 = ORIENTED_EDGE ( 'NONE', *, *, #4014, .T. ) ;
#3161 = ORIENTED_EDGE ( 'NONE', *, *, #7173, .T. ) ;
#3162 = EDGE_LOOP ( 'NONE', ( #2536, #4644, #14, #2265 ) ) ;
#3163 = DIRECTION ( 'NONE',  ( -1.000000000000000000, 0.000000000000000000, 0.000000000000000000 ) ) ;
#3164 = CARTESIAN_POINT ( 'NONE',  ( 35.19303443987409707, 0.5027848707015639684, 8.724194275547841215 ) ) ;
#3165 = CARTESIAN_POINT ( 'NONE',  ( 39.89999999999999147, -12.99999999999999112, 21.00000000000000000 ) ) ;
#3166 = DIRECTION ( 'NONE',  ( 1.000000000000000000, 0.000000000000000000, -2.168404344971004924E-16 ) ) ;
#3167 = VERTEX_POINT ( 'NONE', #72 ) ;
#3168 = CARTESIAN_POINT ( 'NONE',  ( 2.684099361110245291E-15, -17.99999999999999645, 12.00000000000000000 ) ) ;
#3169 = B_SPLINE_CURVE_WITH_KNOTS ( 'NONE', 3,
 ( #3498, #4142, #7340, #4107, #959, #356, #1733, #2240, #5954, #6032, #6640, #2930, #2857, #1107, #3610, #7297, #5330, #7834, #4715, #5414, #5994, #391, #2895, #2312, #5376, #4788, #1689, #640, #6243, #6811, #76, #6324 ),
 .UNSPECIFIED., .F., .F.,
 ( 4, 2, 2, 2, 2, 2, 2, 2, 2, 2, 2, 2, 2, 2, 2, 4 ),
 ( 1.012819081615646594E-18, 0.0007350032669911450364, 0.001470006533982289205, 0.002205009800973432941, 0.002940013067964577110, 0.003675016334955720845, 0.004410019601946865014, 0.005145022868938009183, 0.005880026135929153352, 0.006615029402920296654, 0.007350032669911440823, 0.008820039203893733498, 0.009555042470884875933, 0.01029004573787601837, 0.01102504900486716080, 0.01176005227185830324 ),
 .UNSPECIFIED. ) ;
#3170 = DIRECTION ( 'NONE',  ( 1.000000000000000000, 2.668805347656626678E-16, -0.000000000000000000 ) ) ;
#3171 = DIRECTION ( 'NONE',  ( 0.7071067811865526798, 1.054413810899748976E-16, -0.7071067811865424657 ) ) ;
#3172 = EDGE_CURVE ( 'NONE', #5322, #4754, #2561, .T. ) ;
#3173 = EDGE_CURVE ( 'NONE', #4009, #7273, #1940, .T. ) ;
#3174 = ORIENTED_EDGE ( 'NONE', *, *, #921, .F. ) ;
#3175 = DIRECTION ( 'NONE',  ( -1.387778780781445676E-16, -1.379605977354753491E-32, -1.000000000000000000 ) ) ;
#3176 = CARTESIAN_POINT ( 'NONE',  ( -44.90000000000004832, -7.646127321036251580E-15, 12.00000000000000000 ) ) ;
#3177 = AXIS2_PLACEMENT_3D ( 'NONE', #1781, #7427, #3616 ) ;
#3178 = DIRECTION ( 'NONE',  ( 1.000000000000000000, -8.326672684688672475E-15, 0.000000000000000000 ) ) ;
#3179 = ORIENTED_EDGE ( 'NONE', *, *, #1867, .F. ) ;
#3180 = DIRECTION ( 'NONE',  ( 1.000000000000000000, -0.000000000000000000, -0.000000000000000000 ) ) ;
#3181 = CARTESIAN_POINT ( 'NONE',  ( -35.17793599857751730, -0.7827257084425114364, 6.569362782600276063 ) ) ;
#3182 = LINE ( 'NONE', #1283, #6506 ) ;
#3183 = VERTEX_POINT ( 'NONE', #7821 ) ;
#3184 = EDGE_CURVE ( 'NONE', #2046, #3204, #5284, .T. ) ;
#3185 = ORIENTED_EDGE ( 'NONE', *, *, #7815, .T. ) ;
#3186 = CARTESIAN_POINT ( 'NONE',  ( -43.69157987657213482, 5.945800164175287783, 13.40098607975345502 ) ) ;
#3187 = AXIS2_PLACEMENT_3D ( 'NONE', #4946, #592, #3091 ) ;
#3188 = EDGE_CURVE ( 'NONE', #476, #2250, #4664, .T. ) ;
#3189 = CARTESIAN_POINT ( 'NONE',  ( -41.05000000000001847, -1.520410286126020388E-15, 20.75000000000000000 ) ) ;
#3190 = EDGE_CURVE ( 'NONE', #5239, #421, #7214, .T. ) ;
#3191 = ORIENTED_EDGE ( 'NONE', *, *, #1547, .T. ) ;
#3192 = CIRCLE ( 'NONE', #2668, 1.000000000000000888 ) ;
#3193 = CARTESIAN_POINT ( 'NONE',  ( -9.749999999999996447, 24.00000000000000355, 24.00000000000000711 ) ) ;
#3194 = CARTESIAN_POINT ( 'NONE',  ( 33.83248985503323780, 5.886932479918375982, 8.411150085582532299 ) ) ;
#3195 = EDGE_LOOP ( 'NONE', ( #656, #3353, #6949, #7300 ) ) ;
#3196 = PLANE ( 'NONE',  #5371 ) ;
#3197 = DIRECTION ( 'NONE',  ( -1.000000000000000000, 0.000000000000000000, -0.000000000000000000 ) ) ;
#3198 = ADVANCED_FACE ( 'NONE', ( #1479 ), #986, .F. ) ;
#3199 = CARTESIAN_POINT ( 'NONE',  ( -26.90000000000000924, -4.000000000000005329, 0.000000000000000000 ) ) ;
#3200 = EDGE_LOOP ( 'NONE', ( #5965, #5943, #1785, #6069 ) ) ;
#3201 = AXIS2_PLACEMENT_3D ( 'NONE', #7523, #315, #5060 ) ;
#3202 = ORIENTED_EDGE ( 'NONE', *, *, #5775, .F. ) ;
#3203 = EDGE_CURVE ( 'NONE', #6504, #1806, #3452, .T. ) ;
#3204 = VERTEX_POINT ( 'NONE', #6551 ) ;
#3205 = ORIENTED_EDGE ( 'NONE', *, *, #2276, .F. ) ;
#3206 = DIRECTION ( 'NONE',  ( -0.000000000000000000, -0.000000000000000000, 1.000000000000000000 ) ) ;
#3207 = CARTESIAN_POINT ( 'NONE',  ( 35.00344356079791908, 2.296394935079961730, 2.025393931692149430 ) ) ;
#3208 = CIRCLE ( 'NONE', #5276, 1.750000000000001554 ) ;
#3209 = CARTESIAN_POINT ( 'NONE',  ( -13.40894241220451910, -21.99999999999999289, 19.50000000000000000 ) ) ;
#3210 = DIRECTION ( 'NONE',  ( 0.000000000000000000, 0.000000000000000000, 1.000000000000000000 ) ) ;
#3211 = ORIENTED_EDGE ( 'NONE', *, *, #186, .F. ) ;
#3212 = DIRECTION ( 'NONE',  ( 7.228014483236695816E-17, -2.861388956816778129E-33, -1.000000000000000000 ) ) ;
#3213 = VECTOR ( 'NONE', #2290, 1000.000000000000000 ) ;
#3214 = CARTESIAN_POINT ( 'NONE',  ( 20.21076683067359880, -20.99999999999998934, 24.00000000000000000 ) ) ;
#3215 = CARTESIAN_POINT ( 'NONE',  ( 10.17106781186546272, 20.00000000000000355, 16.00000000000000000 ) ) ;
#3216 = LINE ( 'NONE', #6473, #2766 ) ;
#3217 = VECTOR ( 'NONE', #6086, 1000.000000000000000 ) ;
#3218 = EDGE_CURVE ( 'NONE', #1217, #7009, #4012, .T. ) ;
#3219 = VERTEX_POINT ( 'NONE', #868 ) ;
#3220 = DIRECTION ( 'NONE',  ( 1.000000000000000000, 0.000000000000000000, 0.000000000000000000 ) ) ;
#3221 = FACE_OUTER_BOUND ( 'NONE', #4241, .T. ) ;
#3222 = CARTESIAN_POINT ( 'NONE',  ( -8.500000000000003553, 19.00000000000000355, 2.000000000000001776 ) ) ;
#3223 = B_SPLINE_CURVE_WITH_KNOTS ( 'NONE', 3,
 ( #1293, #7434, #3794, #46, #3113, #5720, #4321, #3832 ),
 .UNSPECIFIED., .F., .F.,
 ( 4, 2, 2, 4 ),
 ( 0.000000000000000000, 0.001560061168888508603, 0.002340091753332760195, 0.003120122337777011569 ),
 .UNSPECIFIED. ) ;
#3224 = EDGE_LOOP ( 'NONE', ( #3179, #1128, #7510, #7358 ) ) ;
#3225 = EDGE_CURVE ( 'NONE', #6996, #580, #5466, .T. ) ;
#3226 = CARTESIAN_POINT ( 'NONE',  ( 23.88307512300519519, -20.99999999999998934, 0.000000000000000000 ) ) ;
#3227 = ORIENTED_EDGE ( 'NONE', *, *, #176, .T. ) ;
#3228 = FACE_OUTER_BOUND ( 'NONE', #1299, .T. ) ;
#3229 = CARTESIAN_POINT ( 'NONE',  ( -35.19999999999999574, -0.01000000000000653144, 3.250028571661816024 ) ) ;
#3230 = CARTESIAN_POINT ( 'NONE',  ( 31.34528272366992496, -9.372632244324480055, 9.086850789171142750 ) ) ;
#3231 = DIRECTION ( 'NONE',  ( 0.000000000000000000, 0.000000000000000000, -1.000000000000000000 ) ) ;
#3232 = CARTESIAN_POINT ( 'NONE',  ( -21.90999999999999304, 0.009999999999992653654, 0.000000000000000000 ) ) ;
#3233 = ADVANCED_FACE ( 'NONE', ( #5939, #830, #1562, #380, #5862 ), #4585, .F. ) ;
#3234 = ADVANCED_FACE ( 'NONE', ( #5195 ), #7091, .F. ) ;
#3235 = ORIENTED_EDGE ( 'NONE', *, *, #994, .F. ) ;
#3236 = ADVANCED_FACE ( 'NONE', ( #4624 ), #4059, .F. ) ;
#3237 = CARTESIAN_POINT ( 'NONE',  ( -9.750000000000000000, 24.00000000000000355, 2.000000000000000888 ) ) ;
#3238 = PLANE ( 'NONE',  #1393 ) ;
#3239 = CARTESIAN_POINT ( 'NONE',  ( 9.500000000000010658, 20.00000000000000000, 24.00000000000000355 ) ) ;
#3240 = DIRECTION ( 'NONE',  ( 1.000000000000000000, 9.941108744852763806E-17, -0.000000000000000000 ) ) ;
#3241 = CARTESIAN_POINT ( 'NONE',  ( -33.78798155705790407, 5.974279030175045690, 10.56355290876717135 ) ) ;
#3242 = VECTOR ( 'NONE', #2291, 1000.000000000000000 ) ;
#3243 = DIRECTION ( 'NONE',  ( 9.941108744852767504E-17, -1.000000000000000000, -0.000000000000000000 ) ) ;
#3244 = ORIENTED_EDGE ( 'NONE', *, *, #6417, .T. ) ;
#3245 = ORIENTED_EDGE ( 'NONE', *, *, #5350, .T. ) ;
#3246 = VERTEX_POINT ( 'NONE', #2990 ) ;
#3247 = ORIENTED_EDGE ( 'NONE', *, *, #3173, .F. ) ;
#3248 = CARTESIAN_POINT ( 'NONE',  ( 18.86202217321345742, -27.43410460399207551, -7.081195439045950835E-16 ) ) ;
#3249 = CYLINDRICAL_SURFACE ( 'NONE', #7119, 2.000000000000000000 ) ;
#3250 = CARTESIAN_POINT ( 'NONE',  ( 3.918869757271530263E-15, -32.00000000000000000, 19.50000000000000000 ) ) ;
#3251 = DIRECTION ( 'NONE',  ( 0.000000000000000000, 0.000000000000000000, 1.000000000000000000 ) ) ;
#3252 = EDGE_LOOP ( 'NONE', ( #1072, #5382, #3009, #7170 ) ) ;
#3253 = FACE_BOUND ( 'NONE', #5358, .T. ) ;
#3254 = VECTOR ( 'NONE', #6443, 1000.000000000000000 ) ;
#3255 = DIRECTION ( 'NONE',  ( 1.000000000000000000, 0.000000000000000000, -0.000000000000000000 ) ) ;
#3256 = FACE_BOUND ( 'NONE', #4220, .T. ) ;
#3257 = DIRECTION ( 'NONE',  ( 0.000000000000000000, 0.000000000000000000, -1.000000000000000000 ) ) ;
#3258 = EDGE_LOOP ( 'NONE', ( #2350, #7083, #1754, #2089 ) ) ;
#3259 = DIRECTION ( 'NONE',  ( -0.000000000000000000, -0.000000000000000000, -1.000000000000000000 ) ) ;
#3260 = CARTESIAN_POINT ( 'NONE',  ( -41.51008857542880293, -1.288703066436335032, 3.810410686326439755 ) ) ;
#3261 = CARTESIAN_POINT ( 'NONE',  ( -15.81253292872705352, -35.02882854878291852, 24.00000000000000000 ) ) ;
#3262 = ORIENTED_EDGE ( 'NONE', *, *, #5062, .T. ) ;
#3263 = EDGE_CURVE ( 'NONE', #3808, #476, #1060, .T. ) ;
#3264 = CARTESIAN_POINT ( 'NONE',  ( -14.75877180410781264, -26.35374960037583492, 5.008123559986366047 ) ) ;
#3265 = EDGE_LOOP ( 'NONE', ( #5616, #2051, #2693, #2937 ) ) ;
#3266 = LINE ( 'NONE', #6441, #6039 ) ;
#3267 = LINE ( 'NONE', #1365, #5390 ) ;
#3268 = SHAPE_DEFINITION_REPRESENTATION ( #854, #7512 ) ;
#3269 = LINE ( 'NONE', #81, #4466 ) ;
#3270 = DIRECTION ( 'NONE',  ( 0.000000000000000000, 0.000000000000000000, -1.000000000000000000 ) ) ;
#3271 = CIRCLE ( 'NONE', #2870, 1.749999999999999778 ) ;
#3272 = ORIENTED_EDGE ( 'NONE', *, *, #2129, .T. ) ;
#3273 = VECTOR ( 'NONE', #6843, 1000.000000000000000 ) ;
#3274 = DIRECTION ( 'NONE',  ( 0.000000000000000000, 1.000000000000000000, 0.000000000000000000 ) ) ;
#3275 = FACE_BOUND ( 'NONE', #5093, .T. ) ;
#3276 = DIRECTION ( 'NONE',  ( -0.000000000000000000, -0.000000000000000000, 1.000000000000000000 ) ) ;
#3277 = EDGE_CURVE ( 'NONE', #2250, #2911, #3085, .T. ) ;
#3278 = VECTOR ( 'NONE', #4203, 1000.000000000000000 ) ;
#3279 = CARTESIAN_POINT ( 'NONE',  ( -34.01319912631066700, 5.500730689711035737, 12.93377339061566644 ) ) ;
#3280 = CARTESIAN_POINT ( 'NONE',  ( -43.39482556844263428, -6.210989767602204559, 10.43452658418712709 ) ) ;
#3281 = ORIENTED_EDGE ( 'NONE', *, *, #3190, .F. ) ;
#3282 = AXIS2_PLACEMENT_3D ( 'NONE', #2598, #7654, #2099 ) ;
#3283 = ADVANCED_FACE ( 'NONE', ( #1643 ), #4958, .F. ) ;
#3284 = CIRCLE ( 'NONE', #4295, 2.000000000000000000 ) ;
#3285 = ORIENTED_EDGE ( 'NONE', *, *, #755, .T. ) ;
#3286 = AXIS2_PLACEMENT_3D ( 'NONE', #4618, #977, #3622 ) ;
#3287 = ORIENTED_EDGE ( 'NONE', *, *, #2571, .T. ) ;
#3288 = CARTESIAN_POINT ( 'NONE',  ( 34.89922141900904506, 2.826883473937715774, 7.475920887916493562 ) ) ;
#3289 = DIRECTION ( 'NONE',  ( 1.000000000000000000, 0.000000000000000000, 0.000000000000000000 ) ) ;
#3290 = CARTESIAN_POINT ( 'NONE',  ( -21.90999999999999659, -0.01000000000000653144, 0.000000000000000000 ) ) ;
#3291 = EDGE_LOOP ( 'NONE', ( #5184, #4384, #562, #757, #7260, #7348, #1041, #2637, #2744, #346, #2169, #1383 ) ) ;
#3292 = VECTOR ( 'NONE', #909, 1000.000000000000000 ) ;
#3293 = EDGE_CURVE ( 'NONE', #6913, #2920, #6712, .T. ) ;
#3294 = LINE ( 'NONE', #5112, #3143 ) ;
#3295 = VECTOR ( 'NONE', #4689, 1000.000000000000000 ) ;
#3296 = CARTESIAN_POINT ( 'NONE',  ( 0.000000000000000000, 0.000000000000000000, 0.000000000000000000 ) ) ;
#3297 = CARTESIAN_POINT ( 'NONE',  ( -46.96139348245019107, 4.214261501141085553, 14.50000000000000533 ) ) ;
#3298 = ORIENTED_EDGE ( 'NONE', *, *, #4080, .T. ) ;
#3299 = FACE_BOUND ( 'NONE', #6038, .T. ) ;
#3300 = CARTESIAN_POINT ( 'NONE',  ( -43.05641338363982129, -1.696417820929031928, 5.473221877214755615 ) ) ;
#3301 = DIRECTION ( 'NONE',  ( -0.000000000000000000, -0.000000000000000000, -1.000000000000000000 ) ) ;
#3302 = ORIENTED_EDGE ( 'NONE', *, *, #2026, .F. ) ;
#3303 = ADVANCED_FACE ( 'NONE', ( #5524 ), #7402, .F. ) ;
#3304 = CARTESIAN_POINT ( 'NONE',  ( -9.500000000000001776, 19.00000000000000355, 9.000000000000001776 ) ) ;
#3305 = VERTEX_POINT ( 'NONE', #2304 ) ;
#3306 = CARTESIAN_POINT ( 'NONE',  ( 3.918869757271530263E-15, -32.00000000000000000, 0.000000000000000000 ) ) ;
#3307 = DIRECTION ( 'NONE',  ( 1.000000000000000000, 2.668805347656626678E-16, -0.000000000000000000 ) ) ;
#3308 = CARTESIAN_POINT ( 'NONE',  ( -43.29295181151104543, 6.304928056778491552, 13.60924130833689816 ) ) ;
#3309 = CARTESIAN_POINT ( 'NONE',  ( -9.469599583732998482, 18.71635375577179872, 9.283646244228206612 ) ) ;
#3310 = FACE_OUTER_BOUND ( 'NONE', #5592, .T. ) ;
#3311 = CARTESIAN_POINT ( 'NONE',  ( 11.73301642589317240, -32.13273018646913926, 7.556842788812919487 ) ) ;
#3312 = ORIENTED_EDGE ( 'NONE', *, *, #277, .T. ) ;
#3313 = CARTESIAN_POINT ( 'NONE',  ( -32.82893218813453728, 22.00000000000000000, 24.00000000000000000 ) ) ;
#3314 = DIRECTION ( 'NONE',  ( -1.000000000000000000, 0.000000000000000000, 0.000000000000000000 ) ) ;
#3315 = EDGE_CURVE ( 'NONE', #1201, #1992, #6140, .T. ) ;
#3316 = DIRECTION ( 'NONE',  ( -1.000000000000000000, 0.000000000000000000, 0.000000000000000000 ) ) ;
#3317 = B_SPLINE_CURVE_WITH_KNOTS ( 'NONE', 3,
 ( #4086, #7921, #297, #1634, #4120, #6655 ),
 .UNSPECIFIED., .F., .F.,
 ( 4, 2, 4 ),
 ( 0.000000000000000000, 0.001240671259430401255, 0.002481342518860796872 ),
 .UNSPECIFIED. ) ;
#3318 = ORIENTED_EDGE ( 'NONE', *, *, #5727, .F. ) ;
#3319 = DIRECTION ( 'NONE',  ( -1.000000000000000000, 0.000000000000000000, 0.000000000000000000 ) ) ;
#3320 = EDGE_CURVE ( 'NONE', #5726, #170, #3152, .T. ) ;
#3321 = ORIENTED_EDGE ( 'NONE', *, *, #520, .T. ) ;
#3322 = CARTESIAN_POINT ( 'NONE',  ( 15.17106781186546449, 22.00000000000000355, 24.00000000000000000 ) ) ;
#3323 = DIRECTION ( 'NONE',  ( 5.151865880056171617E-16, 0.7071067811865514585, -0.7071067811865435759 ) ) ;
#3324 = EDGE_CURVE ( 'NONE', #2165, #4824, #6093, .T. ) ;
#3325 = FACE_OUTER_BOUND ( 'NONE', #5767, .T. ) ;
#3326 = AXIS2_PLACEMENT_3D ( 'NONE', #4251, #3737, #4424 ) ;
#3327 = VERTEX_POINT ( 'NONE', #2384 ) ;
#3328 = CARTESIAN_POINT ( 'NONE',  ( -21.90999999999999304, 0.009999999999992653654, 21.00000000000000000 ) ) ;
#3329 = EDGE_CURVE ( 'NONE', #5952, #5080, #1802, .T. ) ;
#3330 = AXIS2_PLACEMENT_3D ( 'NONE', #3033, #624, #7493 ) ;
#3331 = LINE ( 'NONE', #6429, #7312 ) ;
#3332 = FACE_OUTER_BOUND ( 'NONE', #5432, .T. ) ;
#3333 = ORIENTED_EDGE ( 'NONE', *, *, #6696, .T. ) ;
#3334 = EDGE_CURVE ( 'NONE', #1384, #5034, #3598, .T. ) ;
#3335 = FACE_OUTER_BOUND ( 'NONE', #7244, .T. ) ;
#3336 = CARTESIAN_POINT ( 'NONE',  ( 1.676305461423943655, -17.99999999999999645, 19.50000000000000000 ) ) ;
#3337 = DIRECTION ( 'NONE',  ( 0.000000000000000000, 1.000000000000000000, 0.000000000000000000 ) ) ;
#3338 = AXIS2_PLACEMENT_3D ( 'NONE', #4238, #1844, #4333 ) ;
#3339 = VERTEX_POINT ( 'NONE', #5569 ) ;
#3340 = DIRECTION ( 'NONE',  ( 2.668805347656626678E-16, -1.000000000000000000, -4.841886362831588996E-32 ) ) ;
#3341 = CIRCLE ( 'NONE', #2425, 11.09999999999999609 ) ;
#3342 = VERTEX_POINT ( 'NONE', #4243 ) ;
#3343 = AXIS2_PLACEMENT_3D ( 'NONE', #3165, #6786, #7449 ) ;
#3344 = DIRECTION ( 'NONE',  ( 1.000000000000000000, 0.000000000000000000, 0.000000000000000000 ) ) ;
#3345 = CARTESIAN_POINT ( 'NONE',  ( 37.89999999999999147, 7.257302071685540394E-15, 14.59999999999999964 ) ) ;
#3346 = CARTESIAN_POINT ( 'NONE',  ( 0.000000000000000000, 0.000000000000000000, 0.000000000000000000 ) ) ;
#3347 = LINE ( 'NONE', #3380, #5102 ) ;
#3348 = CARTESIAN_POINT ( 'NONE',  ( -44.44401531387503468, 0.5405422217763284909, 17.33016824247776100 ) ) ;
#3349 = VECTOR ( 'NONE', #2850, 1000.000000000000000 ) ;
#3350 = DIRECTION ( 'NONE',  ( -1.000000000000000000, -1.491166311727914324E-16, 0.000000000000000000 ) ) ;
#3351 = CARTESIAN_POINT ( 'NONE',  ( -41.48241616541775301, 8.222453403036093178, 10.74264328147162750 ) ) ;
#3352 = CARTESIAN_POINT ( 'NONE',  ( -44.55000000000005400, 0.1413007822294613247, 6.750000000000000888 ) ) ;
#3353 = ORIENTED_EDGE ( 'NONE', *, *, #3565, .T. ) ;
#3354 = CARTESIAN_POINT ( 'NONE',  ( -8.100000000000013856, -20.60178417345575852, 5.460259523234511470 ) ) ;
#3355 = DIRECTION ( 'NONE',  ( 1.000000000000000000, 9.941108744852765039E-17, -0.000000000000000000 ) ) ;
#3356 = DIRECTION ( 'NONE',  ( 0.000000000000000000, 0.000000000000000000, -1.000000000000000000 ) ) ;
#3357 = EDGE_LOOP ( 'NONE', ( #2041, #1275, #5411, #2107 ) ) ;
#3358 = EDGE_CURVE ( 'NONE', #223, #7737, #1309, .T. ) ;
#3359 = EDGE_CURVE ( 'NONE', #3183, #3822, #5000, .T. ) ;
#3360 = ORIENTED_EDGE ( 'NONE', *, *, #1969, .T. ) ;
#3361 = CARTESIAN_POINT ( 'NONE',  ( 33.00000000000000000, -13.50000000000000178, 24.00000000000000000 ) ) ;
#3362 = VERTEX_POINT ( 'NONE', #4778 ) ;
#3363 = CARTESIAN_POINT ( 'NONE',  ( -34.89999999999999858, -18.00000000000000355, 19.50000000000000000 ) ) ;
#3364 = DIRECTION ( 'NONE',  ( -1.000000000000000000, 0.000000000000000000, 0.000000000000000000 ) ) ;
#3365 = CARTESIAN_POINT ( 'NONE',  ( 39.89999999999999147, -10.92893218813451384, 0.000000000000000000 ) ) ;
#3366 = ORIENTED_EDGE ( 'NONE', *, *, #2081, .F. ) ;
#3367 = LINE ( 'NONE', #5852, #1685 ) ;
#3368 = AXIS2_PLACEMENT_3D ( 'NONE', #7848, #5272, #442 ) ;
#3369 = CARTESIAN_POINT ( 'NONE',  ( -46.10000000000000142, -4.664761515876251430, 10.50000000000000178 ) ) ;
#3370 = ORIENTED_EDGE ( 'NONE', *, *, #8050, .F. ) ;
#3371 = DIRECTION ( 'NONE',  ( 0.000000000000000000, 0.000000000000000000, 1.000000000000000000 ) ) ;
#3372 = EDGE_LOOP ( 'NONE', ( #3211, #5259, #2278, #4150, #5771, #6286 ) ) ;
#3373 = CARTESIAN_POINT ( 'NONE',  ( 0.6763057136278954884, -17.99999999999999645, 19.49857734182297264 ) ) ;
#3374 = CARTESIAN_POINT ( 'NONE',  ( -33.34166401432235460, -6.792384971019575168, 13.75000000000001421 ) ) ;
#3375 = ORIENTED_EDGE ( 'NONE', *, *, #2007, .T. ) ;
#3376 = EDGE_CURVE ( 'NONE', #3557, #5176, #7329, .T. ) ;
#3377 = DIRECTION ( 'NONE',  ( 1.000000000000000000, 0.000000000000000000, 0.000000000000000000 ) ) ;
#3378 = DIRECTION ( 'NONE',  ( -0.8619342151577693567, -0.5070201265633941246, 0.000000000000000000 ) ) ;
#3379 = CARTESIAN_POINT ( 'NONE',  ( -35.17793599857752440, 0.7827257084424423805, 3.430637217399690186 ) ) ;
#3380 = CARTESIAN_POINT ( 'NONE',  ( -49.10000000000000142, -2.900000000000011902, 12.00000000000000000 ) ) ;
#3381 = CARTESIAN_POINT ( 'NONE',  ( -33.21327386202775500, -7.000000000000000888, 10.25000000000000000 ) ) ;
#3382 = CARTESIAN_POINT ( 'NONE',  ( 3.918869757271530263E-15, -32.00000000000000000, 19.50000000000000000 ) ) ;
#3383 = CARTESIAN_POINT ( 'NONE',  ( -14.40894241220451910, -20.99999999999998934, 24.00000000000000000 ) ) ;
#3384 = CARTESIAN_POINT ( 'NONE',  ( -42.00557928807474184, 1.639760962925673748, 4.379837338426850302 ) ) ;
#3385 = CARTESIAN_POINT ( 'NONE',  ( -8.100000000000013856, -23.31871375064816831, 7.311232129844375649 ) ) ;
#3386 = CARTESIAN_POINT ( 'NONE',  ( -13.40894241220451910, -21.99999999999999289, -0.5612644969238610448 ) ) ;
#3387 = CARTESIAN_POINT ( 'NONE',  ( 20.21076683067359880, -21.99999999999999289, 24.00000000000000000 ) ) ;
#3388 = ORIENTED_EDGE ( 'NONE', *, *, #7053, .F. ) ;
#3389 = AXIS2_PLACEMENT_3D ( 'NONE', #3237, #4441, #85 ) ;
#3390 = EDGE_LOOP ( 'NONE', ( #1779, #1692, #284, #6778 ) ) ;
#3391 = DIRECTION ( 'NONE',  ( 0.000000000000000000, 0.000000000000000000, -1.000000000000000000 ) ) ;
#3392 = ORIENTED_EDGE ( 'NONE', *, *, #7562, .T. ) ;
#3393 = DIRECTION ( 'NONE',  ( -1.000000000000000000, 0.000000000000000000, 0.000000000000000000 ) ) ;
#3394 = CARTESIAN_POINT ( 'NONE',  ( 34.71626718245339305, -3.563937602957750972, 17.78586323694077720 ) ) ;
#3395 = B_SPLINE_CURVE_WITH_KNOTS ( 'NONE', 3,
 ( #295, #7763, #7155, #1549, #4045, #5927, #2828, #5309, #8006, #4887, #652, #2978, #3154, #4228, #4928, #6123, #610, #6869, #7389, #7963, #1746, #571, #4362, #4190, #7919, #3624, #6736, #3063, #2499, #2324, #1076, #3115, #3753, #6214 ),
 .UNSPECIFIED., .F., .F.,
 ( 4, 2, 2, 2, 2, 2, 2, 2, 2, 2, 2, 2, 2, 2, 2, 2, 4 ),
 ( 0.01376936052131869093, 0.01453516432831430255, 0.01530096813530991244, 0.01606677194230552233, 0.01683257574930113395, 0.01759837955629674558, 0.01836418336329235373, 0.01912998717028796536, 0.01989579097728357351, 0.02066159478427918514, 0.02142739859127479329, 0.02219320239827040492, 0.02295900620526601654, 0.02372481001226162817, 0.02449061381925723979, 0.02525641762625285142, 0.02602222143324845957 ),
 .UNSPECIFIED. ) ;
#3396 = CARTESIAN_POINT ( 'NONE',  ( -2.500000000000008882, 13.29999999999999893, 12.00000000000000000 ) ) ;
#3397 = ORIENTED_EDGE ( 'NONE', *, *, #7862, .T. ) ;
#3398 = DIRECTION ( 'NONE',  ( -1.000000000000000000, -9.941108744852766272E-17, -0.000000000000000000 ) ) ;
#3399 = CARTESIAN_POINT ( 'NONE',  ( -35.19999999999999574, -3.955505321723093897E-16, 6.750000000000000888 ) ) ;
#3400 = DIRECTION ( 'NONE',  ( 1.000000000000000000, 7.228014483236695816E-17, -0.000000000000000000 ) ) ;
#3401 = AXIS2_PLACEMENT_3D ( 'NONE', #4299, #4909, #1684 ) ;
#3402 = ORIENTED_EDGE ( 'NONE', *, *, #623, .F. ) ;
#3403 = CARTESIAN_POINT ( 'NONE',  ( -51.10000000000000853, 4.214261501141086441, 14.50000000000000178 ) ) ;
#3404 = DIRECTION ( 'NONE',  ( 1.000000000000000000, 0.000000000000000000, 0.000000000000000000 ) ) ;
#3405 = CARTESIAN_POINT ( 'NONE',  ( -33.94948219653533528, -5.641234577064687450, 10.87301710143180955 ) ) ;
#3406 = ORIENTED_EDGE ( 'NONE', *, *, #7937, .T. ) ;
#3407 = AXIS2_PLACEMENT_3D ( 'NONE', #712, #3851, #3371 ) ;
#3408 = CIRCLE ( 'NONE', #925, 2.900000000000003464 ) ;
#3409 = ORIENTED_EDGE ( 'NONE', *, *, #4322, .F. ) ;
#3410 = AXIS2_PLACEMENT_3D ( 'NONE', #7129, #2685, #1521 ) ;
#3411 = EDGE_CURVE ( 'NONE', #7769, #6809, #1137, .T. ) ;
#3412 = CARTESIAN_POINT ( 'NONE',  ( -52.10000000000000853, -2.481934729198188361, 10.50000000000000533 ) ) ;
#3413 = EDGE_CURVE ( 'NONE', #7377, #4738, #784, .T. ) ;
#3414 = LINE ( 'NONE', #6063, #3046 ) ;
#3415 = PLANE ( 'NONE',  #7518 ) ;
#3416 = CARTESIAN_POINT ( 'NONE',  ( -44.55000000000004690, 5.250000000000005329, 12.14354268477251431 ) ) ;
#3417 = CARTESIAN_POINT ( 'NONE',  ( -13.40894241220451910, -23.86612356705179039, 4.999999999999995559 ) ) ;
#3418 = EDGE_CURVE ( 'NONE', #950, #7153, #4419, .T. ) ;
#3419 = EDGE_CURVE ( 'NONE', #4398, #5438, #4943, .T. ) ;
#3420 = ADVANCED_FACE ( 'NONE', ( #5739, #3253 ), #2594, .F. ) ;
#3421 = VERTEX_POINT ( 'NONE', #1891 ) ;
#3422 = DIRECTION ( 'NONE',  ( 0.000000000000000000, 0.000000000000000000, -1.000000000000000000 ) ) ;
#3423 = CARTESIAN_POINT ( 'NONE',  ( -41.05000000000001137, 8.750000000000003553, 12.00000000000000000 ) ) ;
#3424 = CARTESIAN_POINT ( 'NONE',  ( -41.05000000000001847, 0.1388734178596774671, 3.250000000000000888 ) ) ;
#3425 = ADVANCED_FACE ( 'NONE', ( #3126 ), #136, .T. ) ;
#3426 = VERTEX_POINT ( 'NONE', #3848 ) ;
#3427 = CARTESIAN_POINT ( 'NONE',  ( 9.090441531509185324, 18.18763315161880101, 9.972958872481239467 ) ) ;
#3428 = EDGE_CURVE ( 'NONE', #1639, #1033, #6882, .T. ) ;
#3429 = CARTESIAN_POINT ( 'NONE',  ( -35.13525305468019155, 1.322782941534137224, 20.15150313081201006 ) ) ;
#3430 = DIRECTION ( 'NONE',  ( 0.8619342151577695788, -0.5070201265633936805, 0.000000000000000000 ) ) ;
#3431 = EDGE_CURVE ( 'NONE', #5662, #2393, #6268, .T. ) ;
#3432 = EDGE_CURVE ( 'NONE', #1017, #4212, #7004, .T. ) ;
#3433 = ORIENTED_EDGE ( 'NONE', *, *, #1232, .T. ) ;
#3434 = VECTOR ( 'NONE', #7383, 1000.000000000000000 ) ;
#3435 = ORIENTED_EDGE ( 'NONE', *, *, #766, .T. ) ;
#3436 = ORIENTED_EDGE ( 'NONE', *, *, #3473, .T. ) ;
#3437 = FACE_OUTER_BOUND ( 'NONE', #5847, .T. ) ;
#3438 = EDGE_CURVE ( 'NONE', #4082, #8067, #3294, .T. ) ;
#3439 = LINE ( 'NONE', #3996, #3295 ) ;
#3440 = CARTESIAN_POINT ( 'NONE',  ( 34.77460492812193849, -3.350630016742423223, 20.71690890290076581 ) ) ;
#3441 = CARTESIAN_POINT ( 'NONE',  ( -7.099999999999996980, -13.30000000000000071, 1.000000000000000888 ) ) ;
#3442 = CIRCLE ( 'NONE', #4199, 1.750000000000001554 ) ;
#3443 = DIRECTION ( 'NONE',  ( 0.000000000000000000, 0.000000000000000000, -1.000000000000000000 ) ) ;
#3444 = AXIS2_PLACEMENT_3D ( 'NONE', #3574, #6074, #471 ) ;
#3445 = CARTESIAN_POINT ( 'NONE',  ( 35.20000000000000995, 0.009999999999908523035, 15.25001333335703535 ) ) ;
#3446 = VECTOR ( 'NONE', #836, 1000.000000000000000 ) ;
#3447 = FACE_OUTER_BOUND ( 'NONE', #5738, .T. ) ;
#3448 = VERTEX_POINT ( 'NONE', #5783 ) ;
#3449 = PLANE ( 'NONE',  #200 ) ;
#3450 = CYLINDRICAL_SURFACE ( 'NONE', #3669, 1.750000000000001554 ) ;
#3451 = ORIENTED_EDGE ( 'NONE', *, *, #2775, .F. ) ;
#3452 = LINE ( 'NONE', #7783, #5765 ) ;
#3453 = EDGE_CURVE ( 'NONE', #7426, #750, #7615, .T. ) ;
#3454 = EDGE_LOOP ( 'NONE', ( #4093, #7721 ) ) ;
#3455 = AXIS2_PLACEMENT_3D ( 'NONE', #2116, #4022, #7705 ) ;
#3456 = VERTEX_POINT ( 'NONE', #1229 ) ;
#3457 = CARTESIAN_POINT ( 'NONE',  ( -51.91411273016059624, -2.011560740707120765, 9.906721372030339978 ) ) ;
#3458 = FACE_OUTER_BOUND ( 'NONE', #5167, .T. ) ;
#3459 = CARTESIAN_POINT ( 'NONE',  ( -35.09283901803130590, 1.694445186663916747, 5.452079690274797663 ) ) ;
#3460 = DIRECTION ( 'NONE',  ( -0.000000000000000000, -0.000000000000000000, 1.000000000000000000 ) ) ;
#3461 = VECTOR ( 'NONE', #134, 1000.000000000000000 ) ;
#3462 = DIRECTION ( 'NONE',  ( 1.000000000000000000, 0.000000000000000000, 0.000000000000000000 ) ) ;
#3463 = VECTOR ( 'NONE', #5271, 1000.000000000000114 ) ;
#3464 = DIRECTION ( 'NONE',  ( -0.000000000000000000, 0.000000000000000000, -1.000000000000000000 ) ) ;
#3465 = CARTESIAN_POINT ( 'NONE',  ( -51.46867534151112977, 1.580543532281649011, 14.43198208129800975 ) ) ;
#3466 = CARTESIAN_POINT ( 'NONE',  ( 10.96184580015083831, -33.77476282955881715, 9.615652390325866605 ) ) ;
#3467 = ORIENTED_EDGE ( 'NONE', *, *, #5447, .T. ) ;
#3468 = CARTESIAN_POINT ( 'NONE',  ( -8.100000000000013856, -24.41053361559591650, 9.813184639509781704 ) ) ;
#3469 = DIRECTION ( 'NONE',  ( 0.000000000000000000, -0.000000000000000000, 1.000000000000000000 ) ) ;
#3470 = CYLINDRICAL_SURFACE ( 'NONE', #7670, 2.000000000000001776 ) ;
#3471 = ADVANCED_FACE ( 'NONE', ( #1850 ), #4337, .F. ) ;
#3472 = ORIENTED_EDGE ( 'NONE', *, *, #5970, .T. ) ;
#3473 = EDGE_CURVE ( 'NONE', #3246, #5458, #1155, .T. ) ;
#3474 = EDGE_LOOP ( 'NONE', ( #6056, #3698, #844, #7386, #7037, #2983, #2052 ) ) ;
#3475 = DIRECTION ( 'NONE',  ( -1.000000000000000000, 0.000000000000000000, 0.000000000000000000 ) ) ;
#3476 = DIRECTION ( 'NONE',  ( -1.000000000000000000, 0.000000000000000000, 0.000000000000000000 ) ) ;
#3477 = CARTESIAN_POINT ( 'NONE',  ( -44.90000000000004832, 4.899999999999995026, 12.00000000000000000 ) ) ;
#3478 = DIRECTION ( 'NONE',  ( 0.000000000000000000, -1.000000000000000000, 0.000000000000000000 ) ) ;
#3479 = FACE_OUTER_BOUND ( 'NONE', #688, .T. ) ;
#3480 = EDGE_CURVE ( 'NONE', #5444, #1240, #4497, .T. ) ;
#3481 = FACE_OUTER_BOUND ( 'NONE', #1056, .T. ) ;
#3482 = DIRECTION ( 'NONE',  ( 0.000000000000000000, 0.000000000000000000, -1.000000000000000000 ) ) ;
#3483 = FACE_OUTER_BOUND ( 'NONE', #7095, .T. ) ;
#3484 = ORIENTED_EDGE ( 'NONE', *, *, #4750, .F. ) ;
#3485 = DIRECTION ( 'NONE',  ( -0.7071067811865511255, 0.7071067811865440200, 0.000000000000000000 ) ) ;
#3486 = CARTESIAN_POINT ( 'NONE',  ( -33.21327386202774790, 7.000000000000003553, 10.25000000000000000 ) ) ;
#3487 = VERTEX_POINT ( 'NONE', #1973 ) ;
#3488 = CARTESIAN_POINT ( 'NONE',  ( -33.78421034044774984, -5.981855927048451704, 10.55787775312098731 ) ) ;
#3489 = CIRCLE ( 'NONE', #2059, 1.999999999999998224 ) ;
#3490 = VERTEX_POINT ( 'NONE', #5658 ) ;
#3491 = LINE ( 'NONE', #7216, #138 ) ;
#3492 = VECTOR ( 'NONE', #2900, 1000.000000000000000 ) ;
#3493 = VERTEX_POINT ( 'NONE', #3882 ) ;
#3494 = DIRECTION ( 'NONE',  ( -1.000000000000000000, 0.000000000000000000, 4.956352788505163268E-16 ) ) ;
#3495 = CARTESIAN_POINT ( 'NONE',  ( -35.17151475021675111, 0.8847703529184210991, 6.514120187677431062 ) ) ;
#3496 = CARTESIAN_POINT ( 'NONE',  ( 30.82514239005580237, 9.868572322512552120, 14.42720624088517489 ) ) ;
#3497 = CARTESIAN_POINT ( 'NONE',  ( 10.90180841670002287, -34.08819856468883813, 16.50000000000000000 ) ) ;
#3498 = CARTESIAN_POINT ( 'NONE',  ( 35.20000000000000995, -0.009999999999910150206, 1.250013333357041567 ) ) ;
#3499 = CARTESIAN_POINT ( 'NONE',  ( -35.19999999999999574, 0.009999999999899845948, 20.74997142833819197 ) ) ;
#3500 = CARTESIAN_POINT ( 'NONE',  ( -41.74624548058329765, -1.496498192317673892, 19.91379975512253253 ) ) ;
#3501 = ORIENTED_EDGE ( 'NONE', *, *, #7039, .F. ) ;
#3502 = DIRECTION ( 'NONE',  ( -0.000000000000000000, -0.000000000000000000, -1.000000000000000000 ) ) ;
#3503 = CARTESIAN_POINT ( 'NONE',  ( -10.90000000000001457, -3.000000000000002665, 24.00000000000000000 ) ) ;
#3504 = DIRECTION ( 'NONE',  ( 0.000000000000000000, 0.000000000000000000, -1.000000000000000000 ) ) ;
#3505 = EDGE_LOOP ( 'NONE', ( #3055, #7048, #2791, #3541, #1439, #849, #5106, #4877 ) ) ;
#3506 = EDGE_CURVE ( 'NONE', #1728, #1901, #63, .T. ) ;
#3507 = CARTESIAN_POINT ( 'NONE',  ( 1.500000000000000222, 0.000000000000000000, 21.00000000000000000 ) ) ;
#3508 = PLANE ( 'NONE',  #7849 ) ;
#3509 = CARTESIAN_POINT ( 'NONE',  ( 8.100000000000020961, -18.82386459610387064, 5.030606796487933963 ) ) ;
#3510 = LINE ( 'NONE', #5426, #1925 ) ;
#3511 = EDGE_CURVE ( 'NONE', #2699, #4978, #5035, .T. ) ;
#3512 = CARTESIAN_POINT ( 'NONE',  ( -32.14465354481457382, 8.489009825721574032, 12.95102985245360472 ) ) ;
#3513 = AXIS2_PLACEMENT_3D ( 'NONE', #4181, #3464, #2353 ) ;
#3514 = EDGE_CURVE ( 'NONE', #4082, #3246, #5695, .T. ) ;
#3515 = AXIS2_PLACEMENT_3D ( 'NONE', #2769, #2729, #230 ) ;
#3516 = CARTESIAN_POINT ( 'NONE',  ( -10.90000000000001457, -13.00000000000000355, 24.00000000000000000 ) ) ;
#3517 = DIRECTION ( 'NONE',  ( 0.000000000000000000, 0.000000000000000000, -1.000000000000000000 ) ) ;
#3518 = DIRECTION ( 'NONE',  ( 9.941108744852765039E-17, -1.000000000000000000, -1.215432671457254510E-63 ) ) ;
#3519 = EDGE_CURVE ( 'NONE', #3136, #3557, #5750, .T. ) ;
#3520 = ORIENTED_EDGE ( 'NONE', *, *, #5172, .T. ) ;
#3521 = LINE ( 'NONE', #2912, #3967 ) ;
#3522 = DIRECTION ( 'NONE',  ( 0.000000000000000000, 0.000000000000000000, -1.000000000000000000 ) ) ;
#3523 = EDGE_LOOP ( 'NONE', ( #3160, #3071, #1457, #7382 ) ) ;
#3524 = AXIS2_PLACEMENT_3D ( 'NONE', #1379, #3950, #3314 ) ;
#3525 = CARTESIAN_POINT ( 'NONE',  ( -9.499984707532368233, 20.00782110201305031, 7.992178897986963015 ) ) ;
#3526 = ORIENTED_EDGE ( 'NONE', *, *, #879, .T. ) ;
#3527 = VERTEX_POINT ( 'NONE', #6505 ) ;
#3528 = FACE_OUTER_BOUND ( 'NONE', #2969, .T. ) ;
#3529 = CARTESIAN_POINT ( 'NONE',  ( 39.89999999999999858, 18.00000000000001066, 18.00000000000000355 ) ) ;
#3530 = CARTESIAN_POINT ( 'NONE',  ( -35.15787436868866678, 1.071554179564753850, 3.611749623260475772 ) ) ;
#3531 = FACE_OUTER_BOUND ( 'NONE', #6315, .T. ) ;
#3532 = CARTESIAN_POINT ( 'NONE',  ( -41.95478304767173228, -7.676953211742654659, 10.38299608769008131 ) ) ;
#3533 = CIRCLE ( 'NONE', #2108, 3.750000000000000888 ) ;
#3534 = EDGE_CURVE ( 'NONE', #6138, #6729, #3902, .T. ) ;
#3535 = ORIENTED_EDGE ( 'NONE', *, *, #7600, .T. ) ;
#3536 = CARTESIAN_POINT ( 'NONE',  ( -10.94421239758872488, -33.86682111353490399, -5.499999999999994671 ) ) ;
#3537 = PLANE ( 'NONE',  #4381 ) ;
#3538 = DIRECTION ( 'NONE',  ( 1.000000000000000000, -0.000000000000000000, -0.000000000000000000 ) ) ;
#3539 = CARTESIAN_POINT ( 'NONE',  ( 3.918869757271530263E-15, -32.00000000000000000, 19.50000000000000000 ) ) ;
#3540 = FACE_OUTER_BOUND ( 'NONE', #1262, .T. ) ;
#3541 = ORIENTED_EDGE ( 'NONE', *, *, #2936, .T. ) ;
#3542 = DIRECTION ( 'NONE',  ( -9.941108744852766272E-17, 1.000000000000000000, -0.000000000000000000 ) ) ;
#3543 = EDGE_CURVE ( 'NONE', #3493, #51, #1592, .T. ) ;
#3544 = CARTESIAN_POINT ( 'NONE',  ( -11.67157287525389009, 26.00000000000000355, 5.000000000000004441 ) ) ;
#3545 = CARTESIAN_POINT ( 'NONE',  ( 12.01351769960147386, -31.76139236584171854, -4.013108142747411122 ) ) ;
#3546 = AXIS2_PLACEMENT_3D ( 'NONE', #3539, #1038, #435 ) ;
#3547 = DIRECTION ( 'NONE',  ( 0.000000000000000000, 0.000000000000000000, 1.000000000000000000 ) ) ;
#3548 = CYLINDRICAL_SURFACE ( 'NONE', #9, 3.750000000000000000 ) ;
#3549 = ADVANCED_FACE ( 'NONE', ( #7650, #2139 ), #254, .F. ) ;
#3550 = CARTESIAN_POINT ( 'NONE',  ( -16.73954417552514684, -20.99999999999999289, 0.000000000000000000 ) ) ;
#3551 = EDGE_CURVE ( 'NONE', #3421, #4999, #6525, .T. ) ;
#3552 = CARTESIAN_POINT ( 'NONE',  ( -6.099999999999995204, -32.00000000000000000, -5.500000000000001776 ) ) ;
#3553 = LINE ( 'NONE', #2909, #5924 ) ;
#3554 = VECTOR ( 'NONE', #989, 1000.000000000000000 ) ;
#3555 = CARTESIAN_POINT ( 'NONE',  ( -8.099999999999996092, -18.00000000000000000, 0.000000000000000000 ) ) ;
#3556 = B_SPLINE_CURVE_WITH_KNOTS ( 'NONE', 3,
 ( #2838, #5315, #2512, #5475 ),
 .UNSPECIFIED., .F., .F.,
 ( 4, 4 ),
 ( 0.000000000000000000, 0.003512670511234843810 ),
 .UNSPECIFIED. ) ;
#3557 = VERTEX_POINT ( 'NONE', #7205 ) ;
#3558 = CARTESIAN_POINT ( 'NONE',  ( 15.17106781186546449, 20.00000000000000355, 22.00000000000000000 ) ) ;
#3559 = LINE ( 'NONE', #6091, #3278 ) ;
#3560 = ORIENTED_EDGE ( 'NONE', *, *, #573, .T. ) ;
#3561 = CARTESIAN_POINT ( 'NONE',  ( -39.90000000000000568, 12.99999999999999822, 24.00000000000000000 ) ) ;
#3562 = ORIENTED_EDGE ( 'NONE', *, *, #1012, .T. ) ;
#3563 = EDGE_CURVE ( 'NONE', #7078, #6899, #5973, .T. ) ;
#3564 = FACE_BOUND ( 'NONE', #1052, .T. ) ;
#3565 = EDGE_CURVE ( 'NONE', #214, #5050, #2625, .T. ) ;
#3566 = DIRECTION ( 'NONE',  ( 0.000000000000000000, 0.000000000000000000, 1.000000000000000000 ) ) ;
#3567 = CARTESIAN_POINT ( 'NONE',  ( -32.82893218813453728, 20.00000000000000000, 18.00000000000000355 ) ) ;
#3568 = CARTESIAN_POINT ( 'NONE',  ( 30.99518746075476372, 9.712724181861721817, 9.400576361653211421 ) ) ;
#3569 = CARTESIAN_POINT ( 'NONE',  ( -8.100000000000003197, -24.41053361559590584, 10.00000000000000000 ) ) ;
#3570 = TOROIDAL_SURFACE ( 'NONE', #2407, 14.09999999999999432, 3.000000000000000000 ) ;
#3571 = ORIENTED_EDGE ( 'NONE', *, *, #2471, .F. ) ;
#3572 = VECTOR ( 'NONE', #5187, 1000.000000000000000 ) ;
#3573 = DIRECTION ( 'NONE',  ( 1.000000000000000000, -2.602085213965208275E-15, 0.000000000000000000 ) ) ;
#3574 = CARTESIAN_POINT ( 'NONE',  ( -34.89999999999999858, -18.00000000000000355, 21.00000000000000000 ) ) ;
#3575 = CARTESIAN_POINT ( 'NONE',  ( -44.18035428231366524, -0.9889212313439663671, 17.53564870366598427 ) ) ;
#3576 = ORIENTED_EDGE ( 'NONE', *, *, #4913, .T. ) ;
#3577 = DIRECTION ( 'NONE',  ( -1.000000000000000000, -7.228014483236695816E-17, 0.000000000000000000 ) ) ;
#3578 = DIRECTION ( 'NONE',  ( -1.000000000000000000, -6.624790897247282050E-16, 0.000000000000000000 ) ) ;
#3579 = CIRCLE ( 'NONE', #6995, 1.500000000000000222 ) ;
#3580 = ORIENTED_EDGE ( 'NONE', *, *, #1093, .T. ) ;
#3581 = DIRECTION ( 'NONE',  ( -1.000000000000000000, 0.000000000000000000, 0.000000000000000000 ) ) ;
#3582 = AXIS2_PLACEMENT_3D ( 'NONE', #7888, #7241, #4848 ) ;
#3583 = DIRECTION ( 'NONE',  ( 1.000000000000000000, 0.000000000000000000, 0.000000000000000000 ) ) ;
#3584 = CARTESIAN_POINT ( 'NONE',  ( 13.27743229591009744, -30.71915747299405908, -2.568471007018299002 ) ) ;
#3585 = EDGE_CURVE ( 'NONE', #5239, #6782, #5814, .T. ) ;
#3586 = DIRECTION ( 'NONE',  ( 1.000000000000000000, -0.000000000000000000, -0.000000000000000000 ) ) ;
#3587 = CARTESIAN_POINT ( 'NONE',  ( -32.01602572816347703, 8.641150223664578078, 12.61959902655214094 ) ) ;
#3588 = ADVANCED_FACE ( 'NONE', ( #7728 ), #5189, .F. ) ;
#3589 = AXIS2_PLACEMENT_3D ( 'NONE', #3250, #6264, #1218 ) ;
#3590 = DIRECTION ( 'NONE',  ( 0.000000000000000000, 0.000000000000000000, -1.000000000000000000 ) ) ;
#3591 = ORIENTED_EDGE ( 'NONE', *, *, #3788, .T. ) ;
#3592 = DIRECTION ( 'NONE',  ( 1.000000000000000000, 0.000000000000000000, 0.000000000000000000 ) ) ;
#3593 = CARTESIAN_POINT ( 'NONE',  ( 38.43553390593272923, -14.46446609406725159, 0.000000000000000000 ) ) ;
#3594 = CARTESIAN_POINT ( 'NONE',  ( -35.19999999999999574, 0.009999999999899849418, 21.00000000000000000 ) ) ;
#3595 = DIRECTION ( 'NONE',  ( 1.000000000000000000, 9.941108744852765039E-17, 0.000000000000000000 ) ) ;
#3596 = DIRECTION ( 'NONE',  ( -1.387778780781445676E-16, -1.379605977354753764E-32, -1.000000000000000000 ) ) ;
#3597 = ORIENTED_EDGE ( 'NONE', *, *, #7096, .F. ) ;
#3598 = LINE ( 'NONE', #4859, #667 ) ;
#3599 = ORIENTED_EDGE ( 'NONE', *, *, #7173, .F. ) ;
#3600 = CARTESIAN_POINT ( 'NONE',  ( -41.86775218931390441, -7.773424908955650636, 13.58299858409057492 ) ) ;
#3601 = CARTESIAN_POINT ( 'NONE',  ( 10.90180841670002465, -34.08819856468883813, 24.00000000000000000 ) ) ;
#3602 = AXIS2_PLACEMENT_3D ( 'NONE', #4691, #1170, #6217 ) ;
#3603 = CARTESIAN_POINT ( 'NONE',  ( -35.09704506566747995, 1.661624120408019323, 5.560846455558461798 ) ) ;
#3604 = DIRECTION ( 'NONE',  ( 1.000000000000000000, 0.000000000000000000, 0.000000000000000000 ) ) ;
#3605 = CARTESIAN_POINT ( 'NONE',  ( -44.55000000000003979, 5.250000000000003553, 12.00000000000000000 ) ) ;
#3606 = ORIENTED_EDGE ( 'NONE', *, *, #6164, .F. ) ;
#3607 = VECTOR ( 'NONE', #2368, 1000.000000000000000 ) ;
#3608 = ORIENTED_EDGE ( 'NONE', *, *, #7957, .F. ) ;
#3609 = ORIENTED_EDGE ( 'NONE', *, *, #1969, .F. ) ;
#3610 = CARTESIAN_POINT ( 'NONE',  ( 34.69786257457020184, -3.629005309201152496, 4.023428191603743542 ) ) ;
#3611 = CARTESIAN_POINT ( 'NONE',  ( 14.40894241220452265, -20.99999999999998934, 19.50000000000000000 ) ) ;
#3612 = DIRECTION ( 'NONE',  ( -1.000000000000000000, -2.668805347656626678E-16, 0.000000000000000000 ) ) ;
#3613 = ORIENTED_EDGE ( 'NONE', *, *, #2254, .F. ) ;
#3614 = ORIENTED_EDGE ( 'NONE', *, *, #2836, .F. ) ;
#3615 = ORIENTED_EDGE ( 'NONE', *, *, #3810, .T. ) ;
#3616 = DIRECTION ( 'NONE',  ( -1.000000000000000000, 0.000000000000000000, 0.000000000000000000 ) ) ;
#3617 = LINE ( 'NONE', #6161, #1961 ) ;
#3618 = VECTOR ( 'NONE', #4310, 1000.000000000000000 ) ;
#3619 = ORIENTED_EDGE ( 'NONE', *, *, #4232, .T. ) ;
#3620 = ORIENTED_EDGE ( 'NONE', *, *, #6057, .F. ) ;
#3621 = CIRCLE ( 'NONE', #2198, 1.750000000000005107 ) ;
#3622 = DIRECTION ( 'NONE',  ( 0.000000000000000000, 0.000000000000000000, -1.000000000000000000 ) ) ;
#3623 = DIRECTION ( 'NONE',  ( 1.000000000000000000, 0.000000000000000000, 0.000000000000000000 ) ) ;
#3624 = CARTESIAN_POINT ( 'NONE',  ( 34.37885636280981316, -4.613194442271139728, 9.096753159660684318 ) ) ;
#3625 = CARTESIAN_POINT ( 'NONE',  ( -23.32842712474619162, 18.00000000000000000, 10.82842712474619340 ) ) ;
#3626 = DIRECTION ( 'NONE',  ( -1.000000000000000000, -9.941108744852765039E-17, -0.000000000000000000 ) ) ;
#3627 = CARTESIAN_POINT ( 'NONE',  ( -33.07915326354110164, 7.216881524353880195, 13.74999999999999467 ) ) ;
#3628 = ORIENTED_EDGE ( 'NONE', *, *, #6660, .F. ) ;
#3629 = CARTESIAN_POINT ( 'NONE',  ( 21.90999999999990777, -13.30000000000000426, 21.00000000000000000 ) ) ;
#3630 = ORIENTED_EDGE ( 'NONE', *, *, #4603, .T. ) ;
#3631 = VERTEX_POINT ( 'NONE', #4615 ) ;
#3632 = CARTESIAN_POINT ( 'NONE',  ( -35.19999999999999574, 0.009999999999899849418, 21.00000000000000000 ) ) ;
#3633 = CARTESIAN_POINT ( 'NONE',  ( 35.09747201004798001, 1.673265166800348869, 8.364936707706009500 ) ) ;
#3634 = FACE_BOUND ( 'NONE', #506, .T. ) ;
#3635 = CIRCLE ( 'NONE', #3389, 1.749999999999999778 ) ;
#3636 = CARTESIAN_POINT ( 'NONE',  ( -51.37422322769941019, -4.231855881549607012, 14.47084659414184138 ) ) ;
#3637 = CARTESIAN_POINT ( 'NONE',  ( -46.82625601667378135, -4.231768973995964522, 14.47099516723220880 ) ) ;
#3638 = VERTEX_POINT ( 'NONE', #2214 ) ;
#3639 = DIRECTION ( 'NONE',  ( 1.000000000000000000, 2.668805347656626678E-16, 0.000000000000000000 ) ) ;
#3640 = EDGE_CURVE ( 'NONE', #4224, #2645, #6779, .T. ) ;
#3641 = AXIS2_PLACEMENT_3D ( 'NONE', #5151, #4692, #2833 ) ;
#3642 = CARTESIAN_POINT ( 'NONE',  ( -41.06245996768566187, -8.734394459833946911, 12.26818435631732562 ) ) ;
#3643 = CARTESIAN_POINT ( 'NONE',  ( -39.90000000000000568, 10.92893218813450673, 0.000000000000000000 ) ) ;
#3644 = AXIS2_PLACEMENT_3D ( 'NONE', #5040, #791, #4342 ) ;
#3645 = LINE ( 'NONE', #6799, #5011 ) ;
#3646 = CARTESIAN_POINT ( 'NONE',  ( -13.27743229591008145, -30.71915747299406618, 24.00000000000000000 ) ) ;
#3647 = DIRECTION ( 'NONE',  ( -7.228014483236695816E-17, 1.000000000000000000, -0.000000000000000000 ) ) ;
#3648 = AXIS2_PLACEMENT_3D ( 'NONE', #5988, #6554, #4781 ) ;
#3649 = ORIENTED_EDGE ( 'NONE', *, *, #2328, .F. ) ;
#3650 = VECTOR ( 'NONE', #6118, 1000.000000000000000 ) ;
#3651 = ADVANCED_FACE ( 'NONE', ( #4000 ), #975, .T. ) ;
#3652 = ORIENTED_EDGE ( 'NONE', *, *, #68, .F. ) ;
#3653 = VECTOR ( 'NONE', #1803, 1000.000000000000000 ) ;
#3654 = ORIENTED_EDGE ( 'NONE', *, *, #5962, .F. ) ;
#3655 = PLANE ( 'NONE',  #1146 ) ;
#3656 = CARTESIAN_POINT ( 'NONE',  ( -1.500000000000000222, 1.836970198721030181E-16, 24.00000000000000000 ) ) ;
#3657 = LINE ( 'NONE', #6285, #2322 ) ;
#3658 = ORIENTED_EDGE ( 'NONE', *, *, #5143, .F. ) ;
#3659 = EDGE_CURVE ( 'NONE', #3456, #6223, #5472, .T. ) ;
#3660 = ORIENTED_EDGE ( 'NONE', *, *, #2918, .T. ) ;
#3661 = DIRECTION ( 'NONE',  ( 1.000000000000000000, 0.000000000000000000, 0.000000000000000000 ) ) ;
#3662 = VECTOR ( 'NONE', #345, 1000.000000000000000 ) ;
#3663 = CARTESIAN_POINT ( 'NONE',  ( -44.55000000000005400, -5.250000000000000888, 12.00000000000002842 ) ) ;
#3664 = EDGE_LOOP ( 'NONE', ( #2147, #4062, #5793, #3660, #6994 ) ) ;
#3665 = ADVANCED_FACE ( 'NONE', ( #3479 ), #7771, .T. ) ;
#3666 = ADVANCED_FACE ( 'NONE', ( #7084 ), #2676, .F. ) ;
#3667 = ORIENTED_EDGE ( 'NONE', *, *, #861, .T. ) ;
#3668 = AXIS2_PLACEMENT_3D ( 'NONE', #6482, #413, #3482 ) ;
#3669 = AXIS2_PLACEMENT_3D ( 'NONE', #4546, #2184, #7735 ) ;
#3670 = CARTESIAN_POINT ( 'NONE',  ( 35.08293272774535154, 1.776000698733573246, 15.69304711398927132 ) ) ;
#3671 = DIRECTION ( 'NONE',  ( 1.000000000000000000, 0.000000000000000000, 0.000000000000000000 ) ) ;
#3672 = ADVANCED_FACE ( 'NONE', ( #6469 ), #7687, .F. ) ;
#3673 = EDGE_CURVE ( 'NONE', #4544, #2224, #3367, .T. ) ;
#3674 = CARTESIAN_POINT ( 'NONE',  ( -10.97140174671466006, -33.72487432736330248, 16.84510046628256674 ) ) ;
#3675 = CARTESIAN_POINT ( 'NONE',  ( 10.99823087758664997, -33.66287561883785884, -5.457112831781123496 ) ) ;
#3676 = LINE ( 'NONE', #6777, #8062 ) ;
#3677 = VERTEX_POINT ( 'NONE', #2327 ) ;
#3678 = ADVANCED_FACE ( 'NONE', ( #1635 ), #3548, .F. ) ;
#3679 = CARTESIAN_POINT ( 'NONE',  ( -13.45967450357523454, -25.77792856355502238, -1.460225278114604341 ) ) ;
#3680 = ORIENTED_EDGE ( 'NONE', *, *, #7223, .T. ) ;
#3681 = DIRECTION ( 'NONE',  ( 1.000000000000000000, 0.000000000000000000, 0.000000000000000000 ) ) ;
#3682 = CARTESIAN_POINT ( 'NONE',  ( 10.98423106845147856, -33.72648079472724447, 16.84546467871175324 ) ) ;
#3683 = FACE_BOUND ( 'NONE', #5606, .T. ) ;
#3684 = DIRECTION ( 'NONE',  ( 0.000000000000000000, 0.000000000000000000, -1.000000000000000000 ) ) ;
#3685 = CARTESIAN_POINT ( 'NONE',  ( -33.68193026779577792, 6.179063735566504789, 13.54958070729765574 ) ) ;
#3686 = ORIENTED_EDGE ( 'NONE', *, *, #2216, .F. ) ;
#3687 = CARTESIAN_POINT ( 'NONE',  ( -39.90000000000000568, -1.520410286126020388E-15, 20.75000000000000000 ) ) ;
#3688 = DIRECTION ( 'NONE',  ( 0.000000000000000000, 0.000000000000000000, -1.000000000000000000 ) ) ;
#3689 = FACE_OUTER_BOUND ( 'NONE', #6861, .T. ) ;
#3690 = ORIENTED_EDGE ( 'NONE', *, *, #7121, .T. ) ;
#3691 = CARTESIAN_POINT ( 'NONE',  ( -46.10000000000000142, -7.966383962755032780E-15, 12.00000000000000000 ) ) ;
#3692 = DIRECTION ( 'NONE',  ( 1.000000000000000000, 0.000000000000000000, 0.000000000000000000 ) ) ;
#3693 = EDGE_CURVE ( 'NONE', #2394, #4754, #8028, .T. ) ;
#3694 = CARTESIAN_POINT ( 'NONE',  ( -10.93925189771555928, -33.90643844482745806, 9.776522886387715161 ) ) ;
#3695 = EDGE_LOOP ( 'NONE', ( #5548, #1289, #1519, #372, #4301, #4508, #12, #1497, #6380, #1020, #2479, #4289, #1303, #4791, #6658, #6109, #4281, #4980, #7731, #8093, #4450 ) ) ;
#3696 = CIRCLE ( 'NONE', #4089, 4.000000000000001776 ) ;
#3697 = ORIENTED_EDGE ( 'NONE', *, *, #3640, .T. ) ;
#3698 = ORIENTED_EDGE ( 'NONE', *, *, #6740, .T. ) ;
#3699 = CARTESIAN_POINT ( 'NONE',  ( 0.000000000000000000, 0.000000000000000000, 21.00000000000000000 ) ) ;
#3700 = CYLINDRICAL_SURFACE ( 'NONE', #951, 1.000000000000000888 ) ;
#3701 = LINE ( 'NONE', #4918, #1538 ) ;
#3702 = ORIENTED_EDGE ( 'NONE', *, *, #4861, .F. ) ;
#3703 = EDGE_LOOP ( 'NONE', ( #5598, #6194, #1909, #446, #3778, #3003, #2545, #2023, #6361, #2133, #1904, #2170, #6661, #614, #3104, #1353 ) ) ;
#3704 = CARTESIAN_POINT ( 'NONE',  ( 10.90180841670002465, -34.08819856468883813, 19.50000000000000000 ) ) ;
#3705 = CARTESIAN_POINT ( 'NONE',  ( -52.07325070178681159, 2.308686329710941010, 10.23845849567121213 ) ) ;
#3706 = EDGE_CURVE ( 'NONE', #1801, #550, #4122, .T. ) ;
#3707 = EDGE_LOOP ( 'NONE', ( #3717, #6259, #5258, #6397 ) ) ;
#3708 = VERTEX_POINT ( 'NONE', #2944 ) ;
#3709 = VECTOR ( 'NONE', #3175, 1000.000000000000000 ) ;
#3710 = DIRECTION ( 'NONE',  ( 0.8619342151577692457, 0.5070201265633943466, 0.000000000000000000 ) ) ;
#3711 = CARTESIAN_POINT ( 'NONE',  ( 33.21327386202776921, 7.000000000000001776, 8.250000000000000000 ) ) ;
#3712 = DIRECTION ( 'NONE',  ( 0.000000000000000000, 0.000000000000000000, 1.000000000000000000 ) ) ;
#3713 = CARTESIAN_POINT ( 'NONE',  ( -35.15031487988829895, -1.160927435327557156, 20.31440316387233125 ) ) ;
#3714 = EDGE_CURVE ( 'NONE', #4431, #7442, #5481, .T. ) ;
#3715 = EDGE_CURVE ( 'NONE', #6240, #6303, #5389, .T. ) ;
#3716 = CARTESIAN_POINT ( 'NONE',  ( 15.17106781186546449, 22.00000000000000355, 17.99999999999999645 ) ) ;
#3717 = ORIENTED_EDGE ( 'NONE', *, *, #1662, .F. ) ;
#3718 = ADVANCED_FACE ( 'NONE', ( #4156, #371 ), #2869, .T. ) ;
#3719 = ORIENTED_EDGE ( 'NONE', *, *, #764, .F. ) ;
#3720 = CARTESIAN_POINT ( 'NONE',  ( 15.02344265897996145, -26.21154850825013938, 5.000000000000000000 ) ) ;
#3721 = VECTOR ( 'NONE', #7532, 1000.000000000000000 ) ;
#3722 = ORIENTED_EDGE ( 'NONE', *, *, #5003, .F. ) ;
#3723 = VERTEX_POINT ( 'NONE', #2373 ) ;
#3724 = CARTESIAN_POINT ( 'NONE',  ( 9.500000000000000000, 18.00000000000000000, 1.999999999999998224 ) ) ;
#3725 = CARTESIAN_POINT ( 'NONE',  ( -17.23246724278824971, -24.91212228248054927, -0.09192688838219251202 ) ) ;
#3726 = CARTESIAN_POINT ( 'NONE',  ( -51.10000000000000853, -4.214261501141111310, 9.500000000000008882 ) ) ;
#3727 = ORIENTED_EDGE ( 'NONE', *, *, #5962, .T. ) ;
#3728 = DIRECTION ( 'NONE',  ( 0.000000000000000000, 1.000000000000000000, 0.000000000000000000 ) ) ;
#3729 = CARTESIAN_POINT ( 'NONE',  ( -33.21327386202774790, 7.000000000000003553, 10.25000000000000000 ) ) ;
#3730 = ORIENTED_EDGE ( 'NONE', *, *, #5296, .T. ) ;
#3731 = DIRECTION ( 'NONE',  ( -1.000000000000000000, 0.000000000000000000, 1.387778780781445676E-16 ) ) ;
#3732 = EDGE_CURVE ( 'NONE', #4273, #557, #4231, .T. ) ;
#3733 = DIRECTION ( 'NONE',  ( 1.000000000000000000, 0.000000000000000000, 0.000000000000000000 ) ) ;
#3734 = AXIS2_PLACEMENT_3D ( 'NONE', #7673, #7142, #2200 ) ;
#3735 = DIRECTION ( 'NONE',  ( -1.000000000000000000, -2.668805347656626678E-16, 0.000000000000000000 ) ) ;
#3736 = VERTEX_POINT ( 'NONE', #483 ) ;
#3737 = DIRECTION ( 'NONE',  ( 0.000000000000000000, 0.000000000000000000, -1.000000000000000000 ) ) ;
#3738 = CARTESIAN_POINT ( 'NONE',  ( -44.55000000000005400, -0.1415552388986014987, 6.749999999999999112 ) ) ;
#3739 = DIRECTION ( 'NONE',  ( -1.000000000000000000, 0.000000000000000000, 0.000000000000000000 ) ) ;
#3740 = ORIENTED_EDGE ( 'NONE', *, *, #2427, .F. ) ;
#3741 = ORIENTED_EDGE ( 'NONE', *, *, #871, .F. ) ;
#3742 = CARTESIAN_POINT ( 'NONE',  ( -13.27743229591008323, -30.71915747299406618, 19.40189321836893299 ) ) ;
#3743 = CARTESIAN_POINT ( 'NONE',  ( 3.918869757271530263E-15, -32.00000000000000000, 5.000000000000000000 ) ) ;
#3744 = CARTESIAN_POINT ( 'NONE',  ( 30.35105394106876275, -10.27664041251695437, 13.84179910880292930 ) ) ;
#3745 = ORIENTED_EDGE ( 'NONE', *, *, #519, .T. ) ;
#3746 = DIRECTION ( 'NONE',  ( -1.000000000000000000, 0.000000000000000000, 0.000000000000000000 ) ) ;
#3747 = CARTESIAN_POINT ( 'NONE',  ( 13.40894241220452265, -20.99999999999998934, 0.000000000000000000 ) ) ;
#3748 = ORIENTED_EDGE ( 'NONE', *, *, #5815, .F. ) ;
#3749 = CIRCLE ( 'NONE', #6094, 1.000000000000000888 ) ;
#3750 = ORIENTED_EDGE ( 'NONE', *, *, #3511, .F. ) ;
#3751 = CARTESIAN_POINT ( 'NONE',  ( 34.73715003239147592, 3.488301941391063199, 20.41613226979242768 ) ) ;
#3752 = CARTESIAN_POINT ( 'NONE',  ( 34.79225704091467009, 3.277201479266012907, 11.47992068121913078 ) ) ;
#3753 = CARTESIAN_POINT ( 'NONE',  ( 33.34985619105458454, -6.779137701043804753, 8.250000000000001776 ) ) ;
#3754 = FACE_OUTER_BOUND ( 'NONE', #5297, .T. ) ;
#3755 = CARTESIAN_POINT ( 'NONE',  ( -8.931340482952599302, 18.09307824227991546, 10.21186397331006823 ) ) ;
#3756 = ORIENTED_EDGE ( 'NONE', *, *, #2128, .T. ) ;
#3757 = ORIENTED_EDGE ( 'NONE', *, *, #4858, .T. ) ;
#3758 = EDGE_CURVE ( 'NONE', #2315, #4372, #6939, .T. ) ;
#3759 = ORIENTED_EDGE ( 'NONE', *, *, #7074, .F. ) ;
#3760 = ORIENTED_EDGE ( 'NONE', *, *, #6328, .T. ) ;
#3761 = PLANE ( 'NONE',  #3852 ) ;
#3762 = CARTESIAN_POINT ( 'NONE',  ( -16.93404877834894151, -25.08766255568015069, -0.1464489763165111036 ) ) ;
#3763 = CARTESIAN_POINT ( 'NONE',  ( -51.23831963447498339, -4.214261501141113087, 9.500000000000003553 ) ) ;
#3764 = DIRECTION ( 'NONE',  ( 0.000000000000000000, 0.000000000000000000, -1.000000000000000000 ) ) ;
#3765 = ORIENTED_EDGE ( 'NONE', *, *, #3359, .F. ) ;
#3766 = CARTESIAN_POINT ( 'NONE',  ( 37.89999999999999147, -6.098637220230962441E-16, 5.000000000000000000 ) ) ;
#3767 = EDGE_CURVE ( 'NONE', #1855, #3097, #1401, .T. ) ;
#3768 = EDGE_CURVE ( 'NONE', #421, #2699, #2092, .T. ) ;
#3769 = FACE_OUTER_BOUND ( 'NONE', #4900, .T. ) ;
#3770 = DIRECTION ( 'NONE',  ( 0.000000000000000000, 0.000000000000000000, 1.000000000000000000 ) ) ;
#3771 = ORIENTED_EDGE ( 'NONE', *, *, #3777, .T. ) ;
#3772 = DIRECTION ( 'NONE',  ( 0.000000000000000000, 0.000000000000000000, -1.000000000000000000 ) ) ;
#3773 = CARTESIAN_POINT ( 'NONE',  ( -8.099999999999996092, -17.99999999999999645, 5.000000000000000000 ) ) ;
#3774 = CARTESIAN_POINT ( 'NONE',  ( -52.10000000000000853, 4.899999999999994138, 12.00000000000000000 ) ) ;
#3775 = ORIENTED_EDGE ( 'NONE', *, *, #1903, .F. ) ;
#3776 = ORIENTED_EDGE ( 'NONE', *, *, #2775, .T. ) ;
#3777 = EDGE_CURVE ( 'NONE', #3915, #3362, #2033, .T. ) ;
#3778 = ORIENTED_EDGE ( 'NONE', *, *, #7908, .T. ) ;
#3779 = DIRECTION ( 'NONE',  ( -1.000000000000000000, -9.941108744852763806E-17, 2.775557561562891351E-16 ) ) ;
#3780 = CARTESIAN_POINT ( 'NONE',  ( -35.09704506566745152, -1.661624120408026872, 4.439153544441559518 ) ) ;
#3781 = CARTESIAN_POINT ( 'NONE',  ( 32.57692467432407568, -7.956528027261997593, 8.344656287693632990 ) ) ;
#3782 = ORIENTED_EDGE ( 'NONE', *, *, #8050, .T. ) ;
#3783 = AXIS2_PLACEMENT_3D ( 'NONE', #266, #2070, #7589 ) ;
#3784 = ORIENTED_EDGE ( 'NONE', *, *, #4148, .T. ) ;
#3785 = DIRECTION ( 'NONE',  ( -0.000000000000000000, 0.000000000000000000, -1.000000000000000000 ) ) ;
#3786 = CARTESIAN_POINT ( 'NONE',  ( -41.43867877058008276, 1.205406022325389293, 20.27464061594571376 ) ) ;
#3787 = ORIENTED_EDGE ( 'NONE', *, *, #5363, .F. ) ;
#3788 = EDGE_CURVE ( 'NONE', #1982, #1988, #3837, .T. ) ;
#3789 = VECTOR ( 'NONE', #3578, 1000.000000000000000 ) ;
#3790 = AXIS2_PLACEMENT_3D ( 'NONE', #7041, #5697, #3928 ) ;
#3791 = ORIENTED_EDGE ( 'NONE', *, *, #4882, .T. ) ;
#3792 = FACE_OUTER_BOUND ( 'NONE', #1284, .T. ) ;
#3793 = AXIS2_PLACEMENT_3D ( 'NONE', #6396, #5792, #5702 ) ;
#3794 = CARTESIAN_POINT ( 'NONE',  ( -14.07948995927561242, -30.24735884748490733, 5.355050072567244968 ) ) ;
#3795 = LINE ( 'NONE', #3239, #1699 ) ;
#3796 = DIRECTION ( 'NONE',  ( 1.000000000000000000, 0.000000000000000000, 0.000000000000000000 ) ) ;
#3797 = CARTESIAN_POINT ( 'NONE',  ( -43.97626603088073693, -5.701235763127917799, 10.80764748677449383 ) ) ;
#3798 = ORIENTED_EDGE ( 'NONE', *, *, #4141, .T. ) ;
#3799 = AXIS2_PLACEMENT_3D ( 'NONE', #2519, #3041, #66 ) ;
#3800 = ORIENTED_EDGE ( 'NONE', *, *, #187, .F. ) ;
#3801 = ORIENTED_EDGE ( 'NONE', *, *, #818, .T. ) ;
#3802 = EDGE_CURVE ( 'NONE', #1384, #2920, #1322, .T. ) ;
#3803 = VERTEX_POINT ( 'NONE', #3304 ) ;
#3804 = CARTESIAN_POINT ( 'NONE',  ( 3.918869757271530263E-15, -32.00000000000000000, 10.00000000000000000 ) ) ;
#3805 = CARTESIAN_POINT ( 'NONE',  ( 34.76869306414339178, 3.369683544342448211, 6.663445447243868003 ) ) ;
#3806 = CARTESIAN_POINT ( 'NONE',  ( 34.89999999999999147, -17.99999999999999289, 0.000000000000000000 ) ) ;
#3807 = DIRECTION ( 'NONE',  ( 0.000000000000000000, 0.000000000000000000, 1.000000000000000000 ) ) ;
#3808 = VERTEX_POINT ( 'NONE', #719 ) ;
#3809 = CARTESIAN_POINT ( 'NONE',  ( -4.828932188134533732, 18.00000000000000355, 37.13274595042155823 ) ) ;
#3810 = EDGE_CURVE ( 'NONE', #3803, #135, #5794, .T. ) ;
#3811 = DIRECTION ( 'NONE',  ( -0.000000000000000000, -0.000000000000000000, 1.000000000000000000 ) ) ;
#3812 = DIRECTION ( 'NONE',  ( 1.000000000000000000, -3.958748233630339028E-17, -0.000000000000000000 ) ) ;
#3813 = CARTESIAN_POINT ( 'NONE',  ( -46.64235755577320930, 4.276802767314907605, 14.39162703258358000 ) ) ;
#3814 = ORIENTED_EDGE ( 'NONE', *, *, #7690, .T. ) ;
#3815 = LINE ( 'NONE', #5617, #4733 ) ;
#3816 = LINE ( 'NONE', #3773, #2244 ) ;
#3817 = CIRCLE ( 'NONE', #5506, 1.750000000000001554 ) ;
#3818 = DIRECTION ( 'NONE',  ( -1.000000000000000000, -1.491166311727914324E-16, 0.000000000000000000 ) ) ;
#3819 = ORIENTED_EDGE ( 'NONE', *, *, #755, .F. ) ;
#3820 = EDGE_CURVE ( 'NONE', #1105, #5500, #7049, .T. ) ;
#3821 = DIRECTION ( 'NONE',  ( -2.815536131330090089E-16, 1.000000000000000000, 0.000000000000000000 ) ) ;
#3822 = VERTEX_POINT ( 'NONE', #5828 ) ;
#3823 = CARTESIAN_POINT ( 'NONE',  ( 13.40894241220452443, -27.16125453576510296, 24.00000000000000000 ) ) ;
#3824 = CARTESIAN_POINT ( 'NONE',  ( -35.17790709849746378, -0.7832316136644953408, 3.430883023440876034 ) ) ;
#3825 = LINE ( 'NONE', #1907, #3618 ) ;
#3826 = CARTESIAN_POINT ( 'NONE',  ( 31.24999999999999645, 13.50000000000000533, 0.000000000000000000 ) ) ;
#3827 = AXIS2_PLACEMENT_3D ( 'NONE', #6145, #4422, #8031 ) ;
#3828 = CARTESIAN_POINT ( 'NONE',  ( 13.76244521329773995, -26.19543429317569760, 5.136177476393849695 ) ) ;
#3829 = ORIENTED_EDGE ( 'NONE', *, *, #7671, .F. ) ;
#3830 = AXIS2_PLACEMENT_3D ( 'NONE', #4917, #601, #5377 ) ;
#3831 = DIRECTION ( 'NONE',  ( -0.000000000000000000, -0.000000000000000000, 1.000000000000000000 ) ) ;
#3832 = CARTESIAN_POINT ( 'NONE',  ( -15.85515533723177306, -29.20284980162833932, 5.000000000000000000 ) ) ;
#3833 = VERTEX_POINT ( 'NONE', #5245 ) ;
#3834 = DIRECTION ( 'NONE',  ( 0.000000000000000000, 0.000000000000000000, -1.000000000000000000 ) ) ;
#3835 = CARTESIAN_POINT ( 'NONE',  ( -39.89999999999999147, -9.900000000000019895, 12.00000000000000000 ) ) ;
#3836 = LINE ( 'NONE', #6342, #1389 ) ;
#3837 = B_SPLINE_CURVE_WITH_KNOTS ( 'NONE', 3,
 ( #7014, #2690, #7094, #5706, #5864, #3892, #5166, #1442, #833, #3935, #1360, #6480 ),
 .UNSPECIFIED., .F., .F.,
 ( 4, 2, 2, 2, 2, 4 ),
 ( 0.000000000000000000, 0.0002369188350490223044, 0.0004738376700980446088, 0.0009476753401961053721, 0.001421513010294166244, 0.001895350680392227224 ),
 .UNSPECIFIED. ) ;
#3838 = STYLED_ITEM ( 'NONE', ( #2762 ), #6431 ) ;
#3839 = ORIENTED_EDGE ( 'NONE', *, *, #1366, .F. ) ;
#3840 = ORIENTED_EDGE ( 'NONE', *, *, #6231, .F. ) ;
#3841 = ORIENTED_EDGE ( 'NONE', *, *, #6666, .T. ) ;
#3842 = FACE_OUTER_BOUND ( 'NONE', #6258, .T. ) ;
#3843 = CIRCLE ( 'NONE', #1357, 2.900000000000003464 ) ;
#3844 = DIRECTION ( 'NONE',  ( 0.000000000000000000, -1.000000000000000000, 0.000000000000000000 ) ) ;
#3845 = CARTESIAN_POINT ( 'NONE',  ( -27.90000000000001634, -11.87355764515854872, 21.00000000000000000 ) ) ;
#3846 = ORIENTED_EDGE ( 'NONE', *, *, #7600, .F. ) ;
#3847 = ADVANCED_FACE ( 'NONE', ( #6979, #2110 ), #7663, .F. ) ;
#3848 = CARTESIAN_POINT ( 'NONE',  ( -47.10000000000000853, 4.214261501141087329, 14.50000000000000178 ) ) ;
#3849 = CIRCLE ( 'NONE', #4366, 2.000000000000001776 ) ;
#3850 = CARTESIAN_POINT ( 'NONE',  ( -34.74999999999998579, -13.50000000000002665, 24.00000000000000000 ) ) ;
#3851 = DIRECTION ( 'NONE',  ( -1.000000000000000000, 0.000000000000000000, 0.000000000000000000 ) ) ;
#3852 = AXIS2_PLACEMENT_3D ( 'NONE', #5561, #6261, #7489 ) ;
#3853 = EDGE_LOOP ( 'NONE', ( #6334, #891, #4488, #3874, #633, #3730, #7337, #7543, #6393, #5274, #4829 ) ) ;
#3854 = CYLINDRICAL_SURFACE ( 'NONE', #4748, 1.749999999999999778 ) ;
#3855 = CARTESIAN_POINT ( 'NONE',  ( 3.918869757271530263E-15, -32.00000000000000000, -5.500000000000001776 ) ) ;
#3856 = CARTESIAN_POINT ( 'NONE',  ( 18.44796600870864012, -24.19712300840973285, 0.000000000000000000 ) ) ;
#3857 = VERTEX_POINT ( 'NONE', #4587 ) ;
#3858 = DIRECTION ( 'NONE',  ( 9.941108744852765039E-17, -1.000000000000000000, -0.000000000000000000 ) ) ;
#3859 = CARTESIAN_POINT ( 'NONE',  ( -9.500000000000003553, 18.00000000000000355, 2.000000000000000888 ) ) ;
#3860 = VERTEX_POINT ( 'NONE', #4549 ) ;
#3861 = CARTESIAN_POINT ( 'NONE',  ( -11.50000000000000000, 24.00000000000000355, 5.000000000000005329 ) ) ;
#3862 = DIRECTION ( 'NONE',  ( -0.000000000000000000, -0.000000000000000000, 1.000000000000000000 ) ) ;
#3863 =( NAMED_UNIT ( * ) SI_UNIT ( $, .STERADIAN. ) SOLID_ANGLE_UNIT ( ) );
#3864 = CARTESIAN_POINT ( 'NONE',  ( 9.750000000000003553, 24.00000000000000000, 24.00000000000000355 ) ) ;
#3865 = CARTESIAN_POINT ( 'NONE',  ( -44.52687817208831689, 0.2795093950594453869, 17.26725694633445940 ) ) ;
#3866 = B_SPLINE_CURVE_WITH_KNOTS ( 'NONE', 3,
 ( #6102, #1192, #4343, #8081, #5443, #2433, #1238, #3694, #466, #2309 ),
 .UNSPECIFIED., .F., .F.,
 ( 4, 2, 2, 2, 4 ),
 ( 0.002481342518860796872, 0.004199716692671781083, 0.005058903779577273406, 0.005488497323030021302, 0.005918090866482770065 ),
 .UNSPECIFIED. ) ;
#3867 = FACE_OUTER_BOUND ( 'NONE', #7547, .T. ) ;
#3868 = DIRECTION ( 'NONE',  ( 1.000000000000000000, -0.000000000000000000, -0.000000000000000000 ) ) ;
#3869 = ORIENTED_EDGE ( 'NONE', *, *, #6666, .F. ) ;
#3870 = CARTESIAN_POINT ( 'NONE',  ( -16.83804627249354624, -28.62467866323906307, 0.000000000000000000 ) ) ;
#3871 = CARTESIAN_POINT ( 'NONE',  ( -33.62984733087406397, 6.277571860726681940, 13.59756574481658298 ) ) ;
#3872 = AXIS2_PLACEMENT_3D ( 'NONE', #7313, #1122, #6699 ) ;
#3873 = CARTESIAN_POINT ( 'NONE',  ( -43.69135818018591522, -5.945998979854374866, 10.59890039104092629 ) ) ;
#3874 = ORIENTED_EDGE ( 'NONE', *, *, #4705, .T. ) ;
#3875 = ORIENTED_EDGE ( 'NONE', *, *, #6219, .T. ) ;
#3876 = CIRCLE ( 'NONE', #4912, 2.000000000000000000 ) ;
#3877 = ORIENTED_EDGE ( 'NONE', *, *, #6808, .T. ) ;
#3878 = CARTESIAN_POINT ( 'NONE',  ( 19.42277012257480706, -27.10425286907363684, 0.000000000000000000 ) ) ;
#3879 = DIRECTION ( 'NONE',  ( -1.000000000000000000, -9.941108744852766272E-17, -0.000000000000000000 ) ) ;
#3880 = DIRECTION ( 'NONE',  ( 2.668805347656626678E-16, -1.000000000000000000, 0.000000000000000000 ) ) ;
#3881 = ORIENTED_EDGE ( 'NONE', *, *, #6142, .T. ) ;
#3882 = CARTESIAN_POINT ( 'NONE',  ( 20.71778695723699215, -22.86193421515775981, 5.000000000000000000 ) ) ;
#3883 = ADVANCED_FACE ( 'NONE', ( #112 ), #263, .F. ) ;
#3884 = DIRECTION ( 'NONE',  ( 1.000000000000000000, 2.668805347656626678E-16, -0.000000000000000000 ) ) ;
#3885 = CARTESIAN_POINT ( 'NONE',  ( -46.82577677230060686, 4.231855881549587473, 14.47084659414183605 ) ) ;
#3886 = EDGE_LOOP ( 'NONE', ( #4714, #5497, #2395 ) ) ;
#3887 = DIRECTION ( 'NONE',  ( -0.7071067811865473507, -0.7071067811865477948, 0.000000000000000000 ) ) ;
#3888 = CARTESIAN_POINT ( 'NONE',  ( -43.44918167848638291, -1.547640533762451476, 5.840583812891813942 ) ) ;
#3889 = DIRECTION ( 'NONE',  ( 0.000000000000000000, 0.000000000000000000, 1.000000000000000000 ) ) ;
#3890 = ORIENTED_EDGE ( 'NONE', *, *, #3563, .F. ) ;
#3891 = EDGE_CURVE ( 'NONE', #831, #1264, #4430, .T. ) ;
#3892 = CARTESIAN_POINT ( 'NONE',  ( -51.65019687596660702, -1.708279968497224743, 14.34570372495754320 ) ) ;
#3893 = EDGE_CURVE ( 'NONE', #2961, #3808, #2606, .T. ) ;
#3894 = CARTESIAN_POINT ( 'NONE',  ( 16.35331392139650930, -25.42927129506394124, -0.2876880386944916101 ) ) ;
#3895 = CARTESIAN_POINT ( 'NONE',  ( -35.15031487988829895, -1.160927435327556267, 6.314403163872332136 ) ) ;
#3896 = FACE_OUTER_BOUND ( 'NONE', #2430, .T. ) ;
#3897 = CARTESIAN_POINT ( 'NONE',  ( -20.21076683067359525, -20.99999999999999645, 19.50000000000000000 ) ) ;
#3898 = CARTESIAN_POINT ( 'NONE',  ( -41.51145220084362819, 1.290184322209273704, 20.18797421419158056 ) ) ;
#3899 = AXIS2_PLACEMENT_3D ( 'NONE', #3699, #1776, #4264 ) ;
#3900 = EDGE_CURVE ( 'NONE', #2300, #1971, #4121, .T. ) ;
#3901 = ADVANCED_FACE ( 'NONE', ( #3564, #460, #3528 ), #4064, .F. ) ;
#3902 = CIRCLE ( 'NONE', #6130, 20.03028554974586939 ) ;
#3903 = LINE ( 'NONE', #4028, #1290 ) ;
#3904 = CARTESIAN_POINT ( 'NONE',  ( -43.05810213846724821, 1.695792535827959524, 5.474805003903473910 ) ) ;
#3905 = B_SPLINE_CURVE_WITH_KNOTS ( 'NONE', 3,
 ( #3336, #867, #3373, #306, #2798, #5282, #1716 ),
 .UNSPECIFIED., .F., .F.,
 ( 4, 3, 4 ),
 ( 8.673617379884035472E-19, 0.001500000885972358443, 0.003352613662594109735 ),
 .UNSPECIFIED. ) ;
#3906 = CARTESIAN_POINT ( 'NONE',  ( -14.40894241220451910, -20.99999999999999289, 19.50000000000000000 ) ) ;
#3907 = AXIS2_PLACEMENT_3D ( 'NONE', #8092, #3057, #7476 ) ;
#3908 = CARTESIAN_POINT ( 'NONE',  ( -34.08035884836485963, 5.349410698763196415, 11.40611617363363273 ) ) ;
#3909 = CARTESIAN_POINT ( 'NONE',  ( -11.09999999999999254, -32.00000000000000000, 19.50000000000000000 ) ) ;
#3910 = ORIENTED_EDGE ( 'NONE', *, *, #209, .F. ) ;
#3911 = ORIENTED_EDGE ( 'NONE', *, *, #3777, .F. ) ;
#3912 = CIRCLE ( 'NONE', #390, 3.750000000000000888 ) ;
#3913 = EDGE_LOOP ( 'NONE', ( #4256, #4987, #3174, #2964 ) ) ;
#3914 = AXIS2_PLACEMENT_3D ( 'NONE', #947, #4290, #8071 ) ;
#3915 = VERTEX_POINT ( 'NONE', #2955 ) ;
#3916 = EDGE_CURVE ( 'NONE', #5453, #7429, #3491, .T. ) ;
#3917 = CYLINDRICAL_SURFACE ( 'NONE', #4136, 2.000000000000001776 ) ;
#3918 = ORIENTED_EDGE ( 'NONE', *, *, #7311, .F. ) ;
#3919 = CARTESIAN_POINT ( 'NONE',  ( 34.71770976430044442, 3.559107480253770106, 3.793437081965246094 ) ) ;
#3920 = CARTESIAN_POINT ( 'NONE',  ( 17.89999999999998792, 7.000000000000003553, 8.250000000000000000 ) ) ;
#3921 = CIRCLE ( 'NONE', #3015, 1.749999999999999778 ) ;
#3922 = CARTESIAN_POINT ( 'NONE',  ( -11.09999999999999076, -32.00000000000000000, -5.500000000000001776 ) ) ;
#3923 = ORIENTED_EDGE ( 'NONE', *, *, #7287, .T. ) ;
#3924 = AXIS2_PLACEMENT_3D ( 'NONE', #7235, #4765, #4084 ) ;
#3925 = CARTESIAN_POINT ( 'NONE',  ( 3.918869757271530263E-15, -32.00000000000000000, 24.00000000000000000 ) ) ;
#3926 = EDGE_CURVE ( 'NONE', #7642, #2573, #3149, .T. ) ;
#3927 = ORIENTED_EDGE ( 'NONE', *, *, #5963, .T. ) ;
#3928 = DIRECTION ( 'NONE',  ( 0.8619342151577693567, 0.5070201265633941246, 0.000000000000000000 ) ) ;
#3929 = LINE ( 'NONE', #3970, #1440 ) ;
#3930 = VERTEX_POINT ( 'NONE', #1648 ) ;
#3931 = FACE_BOUND ( 'NONE', #3454, .T. ) ;
#3932 = CARTESIAN_POINT ( 'NONE',  ( -47.10000000000000853, -4.214261501141110422, 9.500000000000008882 ) ) ;
#3933 = DIRECTION ( 'NONE',  ( -1.000000000000000000, -9.941108744852765039E-17, -0.000000000000000000 ) ) ;
#3934 = ORIENTED_EDGE ( 'NONE', *, *, #994, .T. ) ;
#3935 = CARTESIAN_POINT ( 'NONE',  ( -52.07325070178680448, -2.308686329710953000, 13.76154150432879320 ) ) ;
#3936 = ORIENTED_EDGE ( 'NONE', *, *, #6793, .F. ) ;
#3937 = EDGE_CURVE ( 'NONE', #7737, #223, #2230, .T. ) ;
#3938 = CARTESIAN_POINT ( 'NONE',  ( 14.52094805610312989, -26.41001424065731484, -1.054507070232943100 ) ) ;
#3939 = CARTESIAN_POINT ( 'NONE',  ( -61.10000000000000142, 4.214261501141089994, 9.500000000000008882 ) ) ;
#3940 = AXIS2_PLACEMENT_3D ( 'NONE', #1621, #2166, #2818 ) ;
#3941 = CARTESIAN_POINT ( 'NONE',  ( 33.00000000000000000, 13.50000000000000533, 24.00000000000000000 ) ) ;
#3942 = CARTESIAN_POINT ( 'NONE',  ( 33.21327386202776921, 7.000000000000004441, 15.75000000000000000 ) ) ;
#3943 = DIRECTION ( 'NONE',  ( -1.000000000000000000, 0.000000000000000000, 4.956352788505163268E-16 ) ) ;
#3944 = EDGE_CURVE ( 'NONE', #6548, #6303, #6635, .T. ) ;
#3945 = DIRECTION ( 'NONE',  ( 1.000000000000000000, 0.000000000000000000, 0.000000000000000000 ) ) ;
#3946 = CARTESIAN_POINT ( 'NONE',  ( -52.10000000000000853, 2.481934729198162604, 13.50000000000000533 ) ) ;
#3947 = CARTESIAN_POINT ( 'NONE',  ( -44.38549208950916380, 0.6607367755734454562, 6.625018534704757656 ) ) ;
#3948 = ORIENTED_EDGE ( 'NONE', *, *, #3088, .T. ) ;
#3949 = CARTESIAN_POINT ( 'NONE',  ( 14.40894241220452443, -25.41283789321709818, 24.00000000000000000 ) ) ;
#3950 = DIRECTION ( 'NONE',  ( -1.387778780781445676E-16, -1.379605977354753764E-32, -1.000000000000000000 ) ) ;
#3951 = DIRECTION ( 'NONE',  ( 1.000000000000000000, 9.941108744852765039E-17, 0.000000000000000000 ) ) ;
#3952 = ORIENTED_EDGE ( 'NONE', *, *, #2216, .T. ) ;
#3953 = ORIENTED_EDGE ( 'NONE', *, *, #3073, .F. ) ;
#3954 = VECTOR ( 'NONE', #4591, 1000.000000000000000 ) ;
#3955 = ORIENTED_EDGE ( 'NONE', *, *, #3129, .F. ) ;
#3956 = ORIENTED_EDGE ( 'NONE', *, *, #1586, .T. ) ;
#3957 = EDGE_CURVE ( 'NONE', #2461, #3448, #6516, .T. ) ;
#3958 = CARTESIAN_POINT ( 'NONE',  ( 14.91596253876791955, -26.27477210837486510, -0.8582941469662177525 ) ) ;
#3959 = ORIENTED_EDGE ( 'NONE', *, *, #2271, .F. ) ;
#3960 = CARTESIAN_POINT ( 'NONE',  ( 15.63384013870668809, -29.33303521252547696, -0.8910245354025819742 ) ) ;
#3961 = DIRECTION ( 'NONE',  ( -0.000000000000000000, -0.000000000000000000, 1.000000000000000000 ) ) ;
#3962 = EDGE_CURVE ( 'NONE', #5103, #6459, #2631, .T. ) ;
#3963 = CARTESIAN_POINT ( 'NONE',  ( 8.171067811865460939, 22.00000000000000355, 17.99999999999999645 ) ) ;
#3964 = CIRCLE ( 'NONE', #6706, 2.600000000000000089 ) ;
#3965 = ORIENTED_EDGE ( 'NONE', *, *, #2328, .T. ) ;
#3966 = DIRECTION ( 'NONE',  ( 0.000000000000000000, 0.000000000000000000, -1.000000000000000000 ) ) ;
#3967 = VECTOR ( 'NONE', #1640, 1000.000000000000000 ) ;
#3968 = DIRECTION ( 'NONE',  ( 0.000000000000000000, 0.000000000000000000, 1.000000000000000000 ) ) ;
#3969 = VERTEX_POINT ( 'NONE', #4099 ) ;
#3970 = CARTESIAN_POINT ( 'NONE',  ( 13.40894241220451732, 3.775336184448626682E-15, 5.000000000000000000 ) ) ;
#3971 = VERTEX_POINT ( 'NONE', #2190 ) ;
#3972 = PLANE ( 'NONE',  #5144 ) ;
#3973 = CARTESIAN_POINT ( 'NONE',  ( -46.29271518644937089, -4.426465194300652328, 9.895930921018672777 ) ) ;
#3974 = DIRECTION ( 'NONE',  ( 9.941108744852763806E-17, -1.000000000000000000, 0.000000000000000000 ) ) ;
#3975 = VECTOR ( 'NONE', #7035, 1000.000000000000000 ) ;
#3976 = ORIENTED_EDGE ( 'NONE', *, *, #7527, .F. ) ;
#3977 = TOROIDAL_SURFACE ( 'NONE', #846, 16.09999999999999787, 5.000000000000000000 ) ;
#3978 = EDGE_LOOP ( 'NONE', ( #2352, #1558, #7283, #1714 ) ) ;
#3979 = AXIS2_PLACEMENT_3D ( 'NONE', #6215, #572, #529 ) ;
#3980 = CARTESIAN_POINT ( 'NONE',  ( 13.47134203098113758, -25.77257672227929319, -1.451922192627429498 ) ) ;
#3981 = CARTESIAN_POINT ( 'NONE',  ( 39.89999999999999147, -10.92893218813451384, 21.00000000000000000 ) ) ;
#3982 = CARTESIAN_POINT ( 'NONE',  ( 29.74994369789147086, 10.74127053788753017, 11.70706021052572154 ) ) ;
#3983 = CARTESIAN_POINT ( 'NONE',  ( -41.11115530430314635, -8.673780872509670559, 11.47219280398748076 ) ) ;
#3984 = CARTESIAN_POINT ( 'NONE',  ( 8.000000000000003553, 24.00000000000000000, 24.00000000000000355 ) ) ;
#3985 = CARTESIAN_POINT ( 'NONE',  ( -41.05000000000001137, 8.750000000000003553, 11.86375993256454109 ) ) ;
#3986 = CARTESIAN_POINT ( 'NONE',  ( 33.34851798364488928, 6.781301667400917665, 15.75000000000000355 ) ) ;
#3987 = ORIENTED_EDGE ( 'NONE', *, *, #7315, .F. ) ;
#3988 = ORIENTED_EDGE ( 'NONE', *, *, #1960, .F. ) ;
#3989 = DIRECTION ( 'NONE',  ( 0.000000000000000000, 0.000000000000000000, -1.000000000000000000 ) ) ;
#3990 = CARTESIAN_POINT ( 'NONE',  ( -35.08562283564897655, 1.749845658912417168, 18.77121415734986343 ) ) ;
#3991 = DIRECTION ( 'NONE',  ( 1.000000000000000000, 0.000000000000000000, 0.000000000000000000 ) ) ;
#3992 = VERTEX_POINT ( 'NONE', #988 ) ;
#3993 = ORIENTED_EDGE ( 'NONE', *, *, #3320, .T. ) ;
#3994 = DIRECTION ( 'NONE',  ( 1.000000000000000000, 0.000000000000000000, 0.000000000000000000 ) ) ;
#3995 = ORIENTED_EDGE ( 'NONE', *, *, #2583, .F. ) ;
#3996 = CARTESIAN_POINT ( 'NONE',  ( 2.499999999999992895, 7.000000000000002665, 12.00000000000000000 ) ) ;
#3997 = LINE ( 'NONE', #7202, #7764 ) ;
#3998 = DIRECTION ( 'NONE',  ( 0.000000000000000000, 0.000000000000000000, -1.000000000000000000 ) ) ;
#3999 = ORIENTED_EDGE ( 'NONE', *, *, #3438, .T. ) ;
#4000 = FACE_OUTER_BOUND ( 'NONE', #6693, .T. ) ;
#4001 = ADVANCED_FACE ( 'NONE', ( #2919 ), #382, .F. ) ;
#4002 = EDGE_CURVE ( 'NONE', #6899, #6913, #7929, .T. ) ;
#4003 = AXIS2_PLACEMENT_3D ( 'NONE', #6542, #4048, #2255 ) ;
#4004 = CARTESIAN_POINT ( 'NONE',  ( -41.05000000000001137, 8.750000000000003553, 12.00000000000000000 ) ) ;
#4005 = ADVANCED_FACE ( 'NONE', ( #7289, #310 ), #5288, .F. ) ;
#4006 = ORIENTED_EDGE ( 'NONE', *, *, #5003, .T. ) ;
#4007 = CARTESIAN_POINT ( 'NONE',  ( -33.00000000000001421, 13.49999999999998046, 24.00000000000000000 ) ) ;
#4008 = VECTOR ( 'NONE', #1165, 1000.000000000000000 ) ;
#4009 = VERTEX_POINT ( 'NONE', #952 ) ;
#4010 = FACE_OUTER_BOUND ( 'NONE', #3195, .T. ) ;
#4011 = DIRECTION ( 'NONE',  ( 0.000000000000000000, 0.000000000000000000, 1.000000000000000000 ) ) ;
#4012 = LINE ( 'NONE', #4097, #3292 ) ;
#4013 = ORIENTED_EDGE ( 'NONE', *, *, #5165, .T. ) ;
#4014 = EDGE_CURVE ( 'NONE', #4369, #4890, #1658, .T. ) ;
#4015 = EDGE_CURVE ( 'NONE', #5782, #1217, #7833, .T. ) ;
#4016 = ORIENTED_EDGE ( 'NONE', *, *, #629, .F. ) ;
#4017 = EDGE_CURVE ( 'NONE', #7817, #6170, #1273, .T. ) ;
#4018 = AXIS2_PLACEMENT_3D ( 'NONE', #837, #5757, #2806 ) ;
#4019 = ADVANCED_FACE ( 'NONE', ( #672 ), #7981, .F. ) ;
#4020 = CARTESIAN_POINT ( 'NONE',  ( -32.82893218813453728, 20.00000000000000000, 22.00000000000000000 ) ) ;
#4021 = LINE ( 'NONE', #5247, #6967 ) ;
#4022 = DIRECTION ( 'NONE',  ( 0.000000000000000000, 0.000000000000000000, 1.000000000000000000 ) ) ;
#4023 = DIRECTION ( 'NONE',  ( 1.000000000000000000, 0.000000000000000000, 0.000000000000000000 ) ) ;
#4024 = ORIENTED_EDGE ( 'NONE', *, *, #7164, .T. ) ;
#4025 = DIRECTION ( 'NONE',  ( 0.000000000000000000, 0.000000000000000000, 1.000000000000000000 ) ) ;
#4026 = EDGE_CURVE ( 'NONE', #4995, #3930, #5222, .T. ) ;
#4027 = ORIENTED_EDGE ( 'NONE', *, *, #6923, .F. ) ;
#4028 = CARTESIAN_POINT ( 'NONE',  ( -22.49999999999998579, 18.00000000000000000, 10.82842712474619340 ) ) ;
#4029 = CARTESIAN_POINT ( 'NONE',  ( 7.500000000000004441, 20.00000000000000000, 5.000000000000000888 ) ) ;
#4030 = DIRECTION ( 'NONE',  ( -0.000000000000000000, -0.000000000000000000, -1.000000000000000000 ) ) ;
#4031 = ORIENTED_EDGE ( 'NONE', *, *, #6831, .F. ) ;
#4032 = DIRECTION ( 'NONE',  ( 1.000000000000000000, 7.228014483236695816E-17, -0.000000000000000000 ) ) ;
#4033 = EDGE_CURVE ( 'NONE', #6170, #928, #2098, .T. ) ;
#4034 = CARTESIAN_POINT ( 'NONE',  ( 8.100000000000019185, -23.76212457272833589, -4.680103656183611349 ) ) ;
#4035 = FACE_OUTER_BOUND ( 'NONE', #6875, .T. ) ;
#4036 = ORIENTED_EDGE ( 'NONE', *, *, #3190, .T. ) ;
#4037 = ORIENTED_EDGE ( 'NONE', *, *, #5267, .T. ) ;
#4038 = EDGE_LOOP ( 'NONE', ( #2520, #1868, #158, #3321 ) ) ;
#4039 = EDGE_LOOP ( 'NONE', ( #4608, #4006 ) ) ;
#4040 = VECTOR ( 'NONE', #1875, 1000.000000000000000 ) ;
#4041 = EDGE_LOOP ( 'NONE', ( #2800, #4214, #2883, #129, #5688, #6952, #684, #1828, #3014, #2356, #4898 ) ) ;
#4042 = AXIS2_PLACEMENT_3D ( 'NONE', #2808, #352, #6444 ) ;
#4043 = CARTESIAN_POINT ( 'NONE',  ( -32.82893218813453728, 20.00000000000000000, 24.00000000000000000 ) ) ;
#4044 = ORIENTED_EDGE ( 'NONE', *, *, #4712, .T. ) ;
#4045 = CARTESIAN_POINT ( 'NONE',  ( 33.83219535738078321, -5.887509048494920627, 15.58899428785400509 ) ) ;
#4046 = CARTESIAN_POINT ( 'NONE',  ( 34.69590780241389183, -3.635903966666634624, 19.93287697874401587 ) ) ;
#4047 = VECTOR ( 'NONE', #7575, 1000.000000000000000 ) ;
#4048 = DIRECTION ( 'NONE',  ( 1.000000000000000000, 2.668805347656626678E-16, -0.000000000000000000 ) ) ;
#4049 = DIRECTION ( 'NONE',  ( -0.7071067811865437980, 0.7071067811865513475, 1.962615573354708543E-16 ) ) ;
#4050 = VECTOR ( 'NONE', #7071, 1000.000000000000114 ) ;
#4051 = ADVANCED_FACE ( 'NONE', ( #3769 ), #6232, .T. ) ;
#4052 = AXIS2_PLACEMENT_3D ( 'NONE', #6096, #630, #4205 ) ;
#4053 = FACE_OUTER_BOUND ( 'NONE', #1583, .T. ) ;
#4054 = FACE_OUTER_BOUND ( 'NONE', #8063, .T. ) ;
#4055 = AXIS2_PLACEMENT_3D ( 'NONE', #1652, #1611, #3462 ) ;
#4056 = ORIENTED_EDGE ( 'NONE', *, *, #2471, .T. ) ;
#4057 = DIRECTION ( 'NONE',  ( -1.000000000000000000, -2.668805347656626678E-16, 0.000000000000000000 ) ) ;
#4058 = DIRECTION ( 'NONE',  ( 0.000000000000000000, 1.000000000000000000, 0.000000000000000000 ) ) ;
#4059 = PLANE ( 'NONE',  #3914 ) ;
#4060 = EDGE_LOOP ( 'NONE', ( #6821, #3000, #5590, #2017 ) ) ;
#4061 = AXIS2_PLACEMENT_3D ( 'NONE', #6098, #1233, #6756 ) ;
#4062 = ORIENTED_EDGE ( 'NONE', *, *, #2615, .T. ) ;
#4063 = AXIS2_PLACEMENT_3D ( 'NONE', #4710, #6601, #4023 ) ;
#4064 = PLANE ( 'NONE',  #4954 ) ;
#4065 = DIRECTION ( 'NONE',  ( -1.000000000000000000, 0.000000000000000000, 0.000000000000000000 ) ) ;
#4066 = EDGE_CURVE ( 'NONE', #2048, #3456, #3039, .T. ) ;
#4067 = EDGE_CURVE ( 'NONE', #1988, #1358, #6654, .T. ) ;
#4068 = CARTESIAN_POINT ( 'NONE',  ( 9.499984707532368233, 20.00782110201305031, 7.992178897986966568 ) ) ;
#4069 = CARTESIAN_POINT ( 'NONE',  ( 31.34323977381457027, 9.374637159398259811, 14.91136294312773991 ) ) ;
#4070 = CARTESIAN_POINT ( 'NONE',  ( 39.89999999999999858, 18.00000000000000711, 16.00000000000000000 ) ) ;
#4071 = EDGE_CURVE ( 'NONE', #1859, #3487, #4567, .T. ) ;
#4072 = CARTESIAN_POINT ( 'NONE',  ( -14.40894241220451910, -20.99999999999998934, -0.1826378282930802011 ) ) ;
#4073 = CARTESIAN_POINT ( 'NONE',  ( -41.11091897871063594, 8.674074661745413195, 11.47325273700220016 ) ) ;
#4074 = CARTESIAN_POINT ( 'NONE',  ( -41.06353297745754816, 0.2790548906882904245, 3.266951379019194857 ) ) ;
#4075 = ORIENTED_EDGE ( 'NONE', *, *, #5557, .T. ) ;
#4076 = ORIENTED_EDGE ( 'NONE', *, *, #2261, .T. ) ;
#4077 = CARTESIAN_POINT ( 'NONE',  ( -49.10000000000000142, -8.767025567052019698E-15, 12.00000000000000000 ) ) ;
#4078 = CARTESIAN_POINT ( 'NONE',  ( 8.100000000000015632, -21.86737308725209417, -2.903848488383940385 ) ) ;
#4079 = CARTESIAN_POINT ( 'NONE',  ( -24.71784614963141280, -13.00000000000000533, 24.00000000000000000 ) ) ;
#4080 = EDGE_CURVE ( 'NONE', #7696, #4633, #6271, .T. ) ;
#4081 = VERTEX_POINT ( 'NONE', #7939 ) ;
#4082 = VERTEX_POINT ( 'NONE', #4862 ) ;
#4083 = CYLINDRICAL_SURFACE ( 'NONE', #1933, 5.000000000000000888 ) ;
#4084 = DIRECTION ( 'NONE',  ( 1.000000000000000000, 5.204170427930421283E-15, -2.168404344971008868E-16 ) ) ;
#4085 = CARTESIAN_POINT ( 'NONE',  ( 8.100000000000019185, -18.45714571893777389, 5.000000000000000888 ) ) ;
#4086 = CARTESIAN_POINT ( 'NONE',  ( -13.27743229591008856, -30.71915747299403421, 5.831395812114998023 ) ) ;
#4087 = CIRCLE ( 'NONE', #567, 1.749999999999999778 ) ;
#4088 = CARTESIAN_POINT ( 'NONE',  ( -1.554126667111981883E-15, 20.00000000000000355, 22.00000000000000000 ) ) ;
#4089 = AXIS2_PLACEMENT_3D ( 'NONE', #4349, #7018, #6859 ) ;
#4090 = DIRECTION ( 'NONE',  ( 1.000000000000000000, 0.000000000000000000, 0.000000000000000000 ) ) ;
#4091 = EDGE_CURVE ( 'NONE', #6282, #1950, #8076, .T. ) ;
#4092 = CARTESIAN_POINT ( 'NONE',  ( -13.40894241220451732, -25.41283789321709818, 5.000000000000000888 ) ) ;
#4093 = ORIENTED_EDGE ( 'NONE', *, *, #3358, .F. ) ;
#4094 = DIRECTION ( 'NONE',  ( 1.000000000000000000, 0.000000000000000000, 0.000000000000000000 ) ) ;
#4095 = CARTESIAN_POINT ( 'NONE',  ( -46.47644672518160291, -4.335074973525356867, 9.715507906199148280 ) ) ;
#4096 = ORIENTED_EDGE ( 'NONE', *, *, #7638, .T. ) ;
#4097 = CARTESIAN_POINT ( 'NONE',  ( -20.71778695723698860, -22.86193421515776336, 5.000000000000000888 ) ) ;
#4098 = ORIENTED_EDGE ( 'NONE', *, *, #5152, .T. ) ;
#4099 = CARTESIAN_POINT ( 'NONE',  ( 37.89999999999999147, -7.000000000000000888, 8.250000000000000000 ) ) ;
#4100 = LINE ( 'NONE', #5440, #7616 ) ;
#4101 = CARTESIAN_POINT ( 'NONE',  ( -35.08562283564896944, 1.749845658912417612, 4.771214157349858098 ) ) ;
#4102 = DIRECTION ( 'NONE',  ( -1.000000000000000000, 0.000000000000000000, 0.000000000000000000 ) ) ;
#4103 = CIRCLE ( 'NONE', #6457, 11.09999999999999609 ) ;
#4104 = CARTESIAN_POINT ( 'NONE',  ( -32.45384428166956781, -8.100869860349222407, 13.36486706921617440 ) ) ;
#4105 = ADVANCED_FACE ( 'NONE', ( #591 ), #2993, .T. ) ;
#4106 = AXIS2_PLACEMENT_3D ( 'NONE', #6016, #7126, #2220 ) ;
#4107 = CARTESIAN_POINT ( 'NONE',  ( 35.16653843832690995, -0.9826404746024809400, 1.372765057801920374 ) ) ;
#4108 = CARTESIAN_POINT ( 'NONE',  ( -41.41486776529873737, 8.303155672764081174, 10.82582897826917545 ) ) ;
#4109 = CARTESIAN_POINT ( 'NONE',  ( -44.52684904519669828, -0.2794480045999540030, 17.26727993319431320 ) ) ;
#4110 = EDGE_CURVE ( 'NONE', #4212, #2393, #4816, .T. ) ;
#4111 = VERTEX_POINT ( 'NONE', #4945 ) ;
#4112 = CARTESIAN_POINT ( 'NONE',  ( 12.50000000000000000, 18.00000000000000355, 1.999999999999997780 ) ) ;
#4113 = CARTESIAN_POINT ( 'NONE',  ( -35.09283901803129879, 1.694445186663914527, 19.45207969027478967 ) ) ;
#4114 = CARTESIAN_POINT ( 'NONE',  ( 34.89999999999999147, -17.99999999999999289, 21.00000000000000000 ) ) ;
#4115 = VERTEX_POINT ( 'NONE', #7457 ) ;
#4116 = EDGE_CURVE ( 'NONE', #728, #735, #6381, .T. ) ;
#4117 = CARTESIAN_POINT ( 'NONE',  ( 7.500000000000003553, 22.00000000000001066, 1.999999999999998668 ) ) ;
#4118 = CARTESIAN_POINT ( 'NONE',  ( 8.171067811865460939, 20.00000000000000355, 14.00000000000000000 ) ) ;
#4119 = DIRECTION ( 'NONE',  ( 1.000000000000000000, 0.000000000000000000, 0.000000000000000000 ) ) ;
#4120 = CARTESIAN_POINT ( 'NONE',  ( -12.01490897635253496, -31.76280215608428392, 7.096232900081901107 ) ) ;
#4121 = B_SPLINE_CURVE_WITH_KNOTS ( 'NONE', 3,
 ( #6362, #756, #3264, #5752, #152, #2651, #5126, #7627, #1062, #2305, #4743, #2231 ),
 .UNSPECIFIED., .F., .F.,
 ( 4, 2, 2, 2, 2, 4 ),
 ( 0.000000000000000000, 0.0002626760614366807113, 0.0005253521228733614226, 0.001050704245746722628, 0.001576056368620083834, 0.002101408491493445257 ),
 .UNSPECIFIED. ) ;
#4122 = LINE ( 'NONE', #4768, #1029 ) ;
#4123 = CARTESIAN_POINT ( 'NONE',  ( 12.01323481708019436, -31.76500108086967344, 18.67253769237217753 ) ) ;
#4124 = CARTESIAN_POINT ( 'NONE',  ( -9.900000000000012790, -12.00000000000000355, 21.00000000000000000 ) ) ;
#4125 = CARTESIAN_POINT ( 'NONE',  ( 9.499984707532368233, 20.00782110201305031, 7.992178897986966568 ) ) ;
#4126 = ORIENTED_EDGE ( 'NONE', *, *, #4526, .F. ) ;
#4127 = DIRECTION ( 'NONE',  ( 0.000000000000000000, 0.000000000000000000, 1.000000000000000000 ) ) ;
#4128 = LINE ( 'NONE', #2382, #6273 ) ;
#4129 = ORIENTED_EDGE ( 'NONE', *, *, #3543, .F. ) ;
#4130 = ADVANCED_FACE ( 'NONE', ( #548 ), #8030, .F. ) ;
#4131 = CARTESIAN_POINT ( 'NONE',  ( -13.62298334620742857, 23.00000000000004974, 5.000000000000000888 ) ) ;
#4132 = AXIS2_PLACEMENT_3D ( 'NONE', #7563, #4564, #6954 ) ;
#4133 = ORIENTED_EDGE ( 'NONE', *, *, #6575, .T. ) ;
#4134 = EDGE_LOOP ( 'NONE', ( #3988, #6202, #6267, #6955 ) ) ;
#4135 = DIRECTION ( 'NONE',  ( -1.000000000000000000, 0.000000000000000000, 0.000000000000000000 ) ) ;
#4136 = AXIS2_PLACEMENT_3D ( 'NONE', #5966, #6419, #3319 ) ;
#4137 = DIRECTION ( 'NONE',  ( 0.000000000000000000, 0.000000000000000000, -1.000000000000000000 ) ) ;
#4138 = DIRECTION ( 'NONE',  ( 0.000000000000000000, 0.000000000000000000, -1.000000000000000000 ) ) ;
#4139 = CARTESIAN_POINT ( 'NONE',  ( 34.89999999999999147, -10.92893218813451384, 24.00000000000000000 ) ) ;
#4140 = CARTESIAN_POINT ( 'NONE',  ( -42.58456515516913043, -7.000000000000000000, 10.25000000000000000 ) ) ;
#4141 = EDGE_CURVE ( 'NONE', #6904, #5453, #5092, .T. ) ;
#4142 = CARTESIAN_POINT ( 'NONE',  ( 35.20000000000001705, -0.2586206522440730460, 1.250676324120324923 ) ) ;
#4143 = CARTESIAN_POINT ( 'NONE',  ( -33.21327386202775500, -7.000000000000000888, 13.75000000000000533 ) ) ;
#4144 = CARTESIAN_POINT ( 'NONE',  ( -41.05000000000001847, -1.520410286126020388E-15, 20.75000000000000000 ) ) ;
#4145 = ORIENTED_EDGE ( 'NONE', *, *, #6495, .F. ) ;
#4146 = CARTESIAN_POINT ( 'NONE',  ( -8.100000000000012079, -19.55016646570524586, 5.119830558636952134 ) ) ;
#4147 = DIRECTION ( 'NONE',  ( 0.000000000000000000, 0.000000000000000000, 1.000000000000000000 ) ) ;
#4148 = EDGE_CURVE ( 'NONE', #3448, #5845, #7189, .T. ) ;
#4149 = EDGE_CURVE ( 'NONE', #884, #661, #6535, .T. ) ;
#4150 = ORIENTED_EDGE ( 'NONE', *, *, #941, .F. ) ;
#4151 = LINE ( 'NONE', #4796, #6097 ) ;
#4152 = ORIENTED_EDGE ( 'NONE', *, *, #615, .T. ) ;
#4153 = FACE_OUTER_BOUND ( 'NONE', #3029, .T. ) ;
#4154 = CARTESIAN_POINT ( 'NONE',  ( 34.97361473929009179, -2.463751725550269001, 16.15376850098351014 ) ) ;
#4155 = DIRECTION ( 'NONE',  ( -0.5070201265633941246, -0.8619342151577694677, 0.000000000000000000 ) ) ;
#4156 = FACE_BOUND ( 'NONE', #5493, .T. ) ;
#4157 = VECTOR ( 'NONE', #2564, 1000.000000000000000 ) ;
#4158 = ORIENTED_EDGE ( 'NONE', *, *, #4627, .F. ) ;
#4159 = EDGE_CURVE ( 'NONE', #822, #1950, #2555, .T. ) ;
#4160 = FACE_OUTER_BOUND ( 'NONE', #4919, .T. ) ;
#4161 = CARTESIAN_POINT ( 'NONE',  ( 21.91000000000001080, 0.01000000000000132727, 21.00000000000000000 ) ) ;
#4162 = B_SPLINE_CURVE_WITH_KNOTS ( 'NONE', 3,
 ( #478, #4189, #6695, #1628 ),
 .UNSPECIFIED., .F., .F.,
 ( 4, 4 ),
 ( 0.000000000000000000, 0.002328088143206394952 ),
 .UNSPECIFIED. ) ;
#4163 = CARTESIAN_POINT ( 'NONE',  ( 3.918869757271530263E-15, -32.00000000000000000, 24.00000000000000000 ) ) ;
#4164 = CARTESIAN_POINT ( 'NONE',  ( -10.90180841670001399, -34.08819856468884524, 19.50000000000000000 ) ) ;
#4165 = CARTESIAN_POINT ( 'NONE',  ( 13.12198096477004761, 21.05962612028271863, 6.940373879717308903 ) ) ;
#4166 = ORIENTED_EDGE ( 'NONE', *, *, #3069, .T. ) ;
#4167 = DIRECTION ( 'NONE',  ( 0.000000000000000000, 0.000000000000000000, -1.000000000000000000 ) ) ;
#4168 = CYLINDRICAL_SURFACE ( 'NONE', #1687, 3.750000000000000000 ) ;
#4169 = ORIENTED_EDGE ( 'NONE', *, *, #3438, .F. ) ;
#4170 = VECTOR ( 'NONE', #1641, 1000.000000000000000 ) ;
#4171 = DIRECTION ( 'NONE',  ( -1.000000000000000000, -2.668805347656626678E-16, -0.000000000000000000 ) ) ;
#4172 = AXIS2_PLACEMENT_3D ( 'NONE', #5944, #7496, #7330 ) ;
#4173 = VECTOR ( 'NONE', #5436, 1000.000000000000000 ) ;
#4174 = DIRECTION ( 'NONE',  ( -2.775557561562891351E-16, -2.759211954709507528E-32, -1.000000000000000000 ) ) ;
#4175 = DIRECTION ( 'NONE',  ( 0.7071067811865473507, -0.7071067811865477948, 0.000000000000000000 ) ) ;
#4176 = CARTESIAN_POINT ( 'NONE',  ( -32.82893218813453728, 19.99999999999999645, 12.00000000000000000 ) ) ;
#4177 = CARTESIAN_POINT ( 'NONE',  ( 39.89999999999999858, 20.00000000000000711, 16.00000000000000000 ) ) ;
#4178 = ORIENTED_EDGE ( 'NONE', *, *, #7938, .F. ) ;
#4179 = AXIS2_PLACEMENT_3D ( 'NONE', #7568, #131, #95 ) ;
#4180 = EDGE_CURVE ( 'NONE', #1890, #6956, #4300, .T. ) ;
#4181 = CARTESIAN_POINT ( 'NONE',  ( 11.67157287525389187, 26.00000000000000355, 0.000000000000000000 ) ) ;
#4182 = DIRECTION ( 'NONE',  ( 0.000000000000000000, 0.000000000000000000, 1.000000000000000000 ) ) ;
#4183 = CARTESIAN_POINT ( 'NONE',  ( 13.27743229591009744, -30.71915747299405908, 0.000000000000000000 ) ) ;
#4184 = ORIENTED_EDGE ( 'NONE', *, *, #798, .T. ) ;
#4185 = DIRECTION ( 'NONE',  ( -1.000000000000000000, -2.668805347656626678E-16, -0.000000000000000000 ) ) ;
#4186 = EDGE_CURVE ( 'NONE', #2509, #2460, #4421, .T. ) ;
#4187 = CARTESIAN_POINT ( 'NONE',  ( -10.90000000000001457, -12.00000000000000355, 21.00000000000000000 ) ) ;
#4188 = VERTEX_POINT ( 'NONE', #7689 ) ;
#4189 = CARTESIAN_POINT ( 'NONE',  ( 13.40894241220452443, -23.86612356705178684, 4.999999999999999112 ) ) ;
#4190 = CARTESIAN_POINT ( 'NONE',  ( 34.56166838522214135, -4.082190603860902378, 9.630826233263212188 ) ) ;
#4191 = CARTESIAN_POINT ( 'NONE',  ( 12.23200533842318727, -31.52359393630193551, -3.718639887578532477 ) ) ;
#4192 = CIRCLE ( 'NONE', #7989, 13.28999999999999915 ) ;
#4193 = CARTESIAN_POINT ( 'NONE',  ( -9.090426258795115899, 18.18762168924504863, 9.972982463485095650 ) ) ;
#4194 = CARTESIAN_POINT ( 'NONE',  ( 13.75360726756173158, -30.43905454849309322, 19.50000000000000000 ) ) ;
#4195 = EDGE_CURVE ( 'NONE', #5887, #6534, #3331, .T. ) ;
#4196 = VERTEX_POINT ( 'NONE', #7619 ) ;
#4197 = DIRECTION ( 'NONE',  ( 0.7071067811865473507, -0.7071067811865477948, 0.000000000000000000 ) ) ;
#4198 = CARTESIAN_POINT ( 'NONE',  ( 20.21076683067359880, -20.99999999999998934, 5.000000000000000888 ) ) ;
#4199 = AXIS2_PLACEMENT_3D ( 'NONE', #2152, #7097, #3344 ) ;
#4200 = CARTESIAN_POINT ( 'NONE',  ( 12.49999999999999822, 28.00000000000000355, 4.999999999999997335 ) ) ;
#4201 = VERTEX_POINT ( 'NONE', #4500 ) ;
#4202 = DIRECTION ( 'NONE',  ( -0.000000000000000000, -0.000000000000000000, -1.000000000000000000 ) ) ;
#4203 = DIRECTION ( 'NONE',  ( 0.000000000000000000, -0.000000000000000000, 1.000000000000000000 ) ) ;
#4204 = ORIENTED_EDGE ( 'NONE', *, *, #3428, .T. ) ;
#4205 = DIRECTION ( 'NONE',  ( -1.000000000000000000, 0.000000000000000000, 0.000000000000000000 ) ) ;
#4206 = CARTESIAN_POINT ( 'NONE',  ( 10.17106781186546627, 18.00000000000000355, 16.00000000000000000 ) ) ;
#4207 = PLANE ( 'NONE',  #6584 ) ;
#4208 = FACE_OUTER_BOUND ( 'NONE', #946, .T. ) ;
#4209 = CYLINDRICAL_SURFACE ( 'NONE', #4302, 2.000000000000001776 ) ;
#4210 = CIRCLE ( 'NONE', #4487, 1.750000000000001554 ) ;
#4211 = EDGE_LOOP ( 'NONE', ( #3597, #6030, #1603, #4666 ) ) ;
#4212 = VERTEX_POINT ( 'NONE', #6390 ) ;
#4213 = ORIENTED_EDGE ( 'NONE', *, *, #3926, .T. ) ;
#4214 = ORIENTED_EDGE ( 'NONE', *, *, #6682, .F. ) ;
#4215 = AXIS2_PLACEMENT_3D ( 'NONE', #1086, #4057, #377 ) ;
#4216 = DIRECTION ( 'NONE',  ( -1.000000000000000000, 0.000000000000000000, 0.000000000000000000 ) ) ;
#4217 = CARTESIAN_POINT ( 'NONE',  ( 9.500000000000001776, 19.00000000000000355, 1.999999999999998224 ) ) ;
#4218 = CARTESIAN_POINT ( 'NONE',  ( -46.22213367103898918, 4.477030072238425085, 10.00435502187376535 ) ) ;
#4219 = EDGE_LOOP ( 'NONE', ( #3388, #3959, #7795, #7907 ) ) ;
#4220 = EDGE_LOOP ( 'NONE', ( #2982, #4971 ) ) ;
#4221 = CARTESIAN_POINT ( 'NONE',  ( -20.21076683067359525, -21.99999999999999645, 24.00000000000000000 ) ) ;
#4222 = CARTESIAN_POINT ( 'NONE',  ( -20.71778695723698860, -22.86193421515776336, 24.00000000000000000 ) ) ;
#4223 = ORIENTED_EDGE ( 'NONE', *, *, #5714, .T. ) ;
#4224 = VERTEX_POINT ( 'NONE', #3850 ) ;
#4225 = LINE ( 'NONE', #2140, #2884 ) ;
#4226 = DIRECTION ( 'NONE',  ( -7.228014483236695816E-17, 1.000000000000000000, -0.000000000000000000 ) ) ;
#4227 = VECTOR ( 'NONE', #6014, 1000.000000000000000 ) ;
#4228 = CARTESIAN_POINT ( 'NONE',  ( 34.74421188084720313, -3.462323242392038924, 13.27012336419858052 ) ) ;
#4229 = CARTESIAN_POINT ( 'NONE',  ( -35.12795923864890568, -1.401237537353318130, 20.07269106134398129 ) ) ;
#4230 = CARTESIAN_POINT ( 'NONE',  ( -52.10000000000000853, -4.664761515876254094, 10.50000000000000533 ) ) ;
#4231 = LINE ( 'NONE', #7850, #2487 ) ;
#4232 = EDGE_CURVE ( 'NONE', #4920, #6060, #6926, .T. ) ;
#4233 = EDGE_LOOP ( 'NONE', ( #4915, #2488, #1825, #5882, #5501, #2182 ) ) ;
#4234 = VERTEX_POINT ( 'NONE', #2061 ) ;
#4235 = ORIENTED_EDGE ( 'NONE', *, *, #5457, .T. ) ;
#4236 = PLANE ( 'NONE',  #2287 ) ;
#4237 = FACE_OUTER_BOUND ( 'NONE', #7565, .T. ) ;
#4238 = CARTESIAN_POINT ( 'NONE',  ( -61.10000000000000142, -1.196959198423997211E-14, 12.00000000000000000 ) ) ;
#4239 = LINE ( 'NONE', #8022, #966 ) ;
#4240 = LINE ( 'NONE', #1800, #5761 ) ;
#4241 = EDGE_LOOP ( 'NONE', ( #3535, #2203, #3436, #7113 ) ) ;
#4242 = EDGE_CURVE ( 'NONE', #1085, #332, #5073, .T. ) ;
#4243 = CARTESIAN_POINT ( 'NONE',  ( 38.43553390593272923, 14.46446609406726402, 24.00000000000000000 ) ) ;
#4244 = ADVANCED_FACE ( 'NONE', ( #7539 ), #1432, .T. ) ;
#4245 = B_SPLINE_CURVE_WITH_KNOTS ( 'NONE', 3,
 ( #6986, #727, #7060, #2534, #5760, #5799, #3828, #2614, #4554, #5171, #7556, #7669 ),
 .UNSPECIFIED., .F., .F.,
 ( 4, 2, 2, 2, 2, 4 ),
 ( 0.000000000000000000, 0.0002627222364900144301, 0.0005254444729800288602, 0.001050888945960057504, 0.001576333418940086255, 0.002101777891920115007 ),
 .UNSPECIFIED. ) ;
#4246 = ADVANCED_FACE ( 'NONE', ( #6969 ), #6311, .F. ) ;
#4247 = CARTESIAN_POINT ( 'NONE',  ( -41.11076643188038560, -8.674264044479736313, 12.52620043770257574 ) ) ;
#4248 = DIRECTION ( 'NONE',  ( -7.228014483236695816E-17, 1.000000000000000000, -0.000000000000000000 ) ) ;
#4249 = AXIS2_PLACEMENT_3D ( 'NONE', #697, #4484, #3316 ) ;
#4250 = VERTEX_POINT ( 'NONE', #788 ) ;
#4251 = CARTESIAN_POINT ( 'NONE',  ( -9.750000000000000000, 24.00000000000000355, 24.00000000000000000 ) ) ;
#4252 = FACE_OUTER_BOUND ( 'NONE', #6105, .T. ) ;
#4253 = EDGE_CURVE ( 'NONE', #4982, #6106, #1472, .T. ) ;
#4254 = EDGE_CURVE ( 'NONE', #6802, #3808, #5660, .T. ) ;
#4255 = CARTESIAN_POINT ( 'NONE',  ( -43.39300363075232525, 6.212660480687112852, 10.43370454927624102 ) ) ;
#4256 = ORIENTED_EDGE ( 'NONE', *, *, #3511, .T. ) ;
#4257 = ORIENTED_EDGE ( 'NONE', *, *, #2026, .T. ) ;
#4258 = EDGE_CURVE ( 'NONE', #7266, #3631, #1314, .T. ) ;
#4259 = VECTOR ( 'NONE', #2286, 1000.000000000000000 ) ;
#4260 = ADVANCED_FACE ( 'NONE', ( #102, #7579, #1350, #6356, #2681, #747, #5156, #3256, #5238, #6587 ), #2367, .T. ) ;
#4261 = EDGE_CURVE ( 'NONE', #750, #538, #1570, .T. ) ;
#4262 = EDGE_LOOP ( 'NONE', ( #381, #5141 ) ) ;
#4263 = ORIENTED_EDGE ( 'NONE', *, *, #887, .T. ) ;
#4264 = DIRECTION ( 'NONE',  ( 1.000000000000000000, 0.000000000000000000, -0.000000000000000000 ) ) ;
#4265 = DIRECTION ( 'NONE',  ( 0.000000000000000000, -1.000000000000000000, 0.000000000000000000 ) ) ;
#4266 = CARTESIAN_POINT ( 'NONE',  ( -41.43408615220403135, -1.217015268911651793, 20.27873704266499999 ) ) ;
#4267 = ORIENTED_EDGE ( 'NONE', *, *, #5343, .F. ) ;
#4268 = DIRECTION ( 'NONE',  ( -0.000000000000000000, -0.000000000000000000, -1.000000000000000000 ) ) ;
#4269 = CARTESIAN_POINT ( 'NONE',  ( -3.368400229700492811E-15, -20.99999999999998224, 19.50000000000000000 ) ) ;
#4270 = AXIS2_PLACEMENT_3D ( 'NONE', #1657, #433, #2932 ) ;
#4271 = EDGE_LOOP ( 'NONE', ( #4340, #7425 ) ) ;
#4272 = EDGE_CURVE ( 'NONE', #2188, #1639, #4225, .T. ) ;
#4273 = VERTEX_POINT ( 'NONE', #6545 ) ;
#4274 = FACE_OUTER_BOUND ( 'NONE', #7484, .T. ) ;
#4275 = CARTESIAN_POINT ( 'NONE',  ( -49.10000000000000142, 1.469693845669900689, 14.50000000000000178 ) ) ;
#4276 = CARTESIAN_POINT ( 'NONE',  ( 39.89999999999999147, -6.098637220230962441E-16, 5.000000000000000000 ) ) ;
#4277 = DIRECTION ( 'NONE',  ( 0.000000000000000000, 1.000000000000000000, 0.000000000000000000 ) ) ;
#4278 = CARTESIAN_POINT ( 'NONE',  ( 12.50000000000004263, 28.00000000000004619, 1.999999999999997780 ) ) ;
#4279 = DIRECTION ( 'NONE',  ( 1.000000000000000000, -0.000000000000000000, 0.000000000000000000 ) ) ;
#4280 = EDGE_CURVE ( 'NONE', #6072, #3860, #3912, .T. ) ;
#4281 = ORIENTED_EDGE ( 'NONE', *, *, #3184, .T. ) ;
#4282 = VERTEX_POINT ( 'NONE', #3369 ) ;
#4283 = LINE ( 'NONE', #2418, #7639 ) ;
#4284 = CARTESIAN_POINT ( 'NONE',  ( 21.90999999999991132, 13.29999999999999893, 21.00000000000000000 ) ) ;
#4285 = CARTESIAN_POINT ( 'NONE',  ( 8.100000000000017408, -7.455831558639466605E-16, -8.673617379884035472E-16 ) ) ;
#4286 = VECTOR ( 'NONE', #6073, 1000.000000000000000 ) ;
#4287 = CARTESIAN_POINT ( 'NONE',  ( -32.82893218813453728, 19.99999999999999645, 12.00000000000000000 ) ) ;
#4288 = DIRECTION ( 'NONE',  ( 0.000000000000000000, 1.000000000000000000, 0.000000000000000000 ) ) ;
#4289 = ORIENTED_EDGE ( 'NONE', *, *, #187, .T. ) ;
#4290 = DIRECTION ( 'NONE',  ( -9.637352644315595243E-17, 1.000000000000000000, 0.000000000000000000 ) ) ;
#4291 = AXIS2_PLACEMENT_3D ( 'NONE', #7124, #219, #1513 ) ;
#4292 = DIRECTION ( 'NONE',  ( 0.7071067811865440200, 0.7071067811865511255, -9.813077866773545180E-17 ) ) ;
#4293 = EDGE_CURVE ( 'NONE', #2330, #5630, #5502, .T. ) ;
#4294 = DIRECTION ( 'NONE',  ( -0.000000000000000000, -0.000000000000000000, 1.000000000000000000 ) ) ;
#4295 = AXIS2_PLACEMENT_3D ( 'NONE', #1286, #157, #3270 ) ;
#4296 = ORIENTED_EDGE ( 'NONE', *, *, #1466, .F. ) ;
#4297 = LINE ( 'NONE', #1896, #5801 ) ;
#4298 = CARTESIAN_POINT ( 'NONE',  ( 15.02344265897996145, -26.21154850825013938, 5.000000000000000000 ) ) ;
#4299 = CARTESIAN_POINT ( 'NONE',  ( 37.89999999999999147, 7.000000000000003553, 12.00000000000000000 ) ) ;
#4300 = CIRCLE ( 'NONE', #7704, 0.9999999999999991118 ) ;
#4301 = ORIENTED_EDGE ( 'NONE', *, *, #7709, .T. ) ;
#4302 = AXIS2_PLACEMENT_3D ( 'NONE', #4820, #4868, #7334 ) ;
#4303 = ORIENTED_EDGE ( 'NONE', *, *, #7755, .F. ) ;
#4304 = EDGE_CURVE ( 'NONE', #4369, #1339, #2757, .T. ) ;
#4305 = ADVANCED_FACE ( 'NONE', ( #4274 ), #862, .F. ) ;
#4306 = VECTOR ( 'NONE', #4694, 1000.000000000000000 ) ;
#4307 = ORIENTED_EDGE ( 'NONE', *, *, #4242, .F. ) ;
#4308 = FACE_BOUND ( 'NONE', #815, .T. ) ;
#4309 = FACE_OUTER_BOUND ( 'NONE', #4804, .T. ) ;
#4310 = DIRECTION ( 'NONE',  ( 0.7071067811865510144, -0.7071067811865441310, 8.659560562354895880E-17 ) ) ;
#4311 = VERTEX_POINT ( 'NONE', #302 ) ;
#4312 = EDGE_CURVE ( 'NONE', #4700, #577, #6792, .T. ) ;
#4313 = ORIENTED_EDGE ( 'NONE', *, *, #2582, .T. ) ;
#4314 = DIRECTION ( 'NONE',  ( -0.000000000000000000, -0.000000000000000000, -1.000000000000000000 ) ) ;
#4315 = VECTOR ( 'NONE', #6192, 1000.000000000000000 ) ;
#4316 = DIRECTION ( 'NONE',  ( -2.668805347656626678E-16, 1.000000000000000000, 0.000000000000000000 ) ) ;
#4317 = ORIENTED_EDGE ( 'NONE', *, *, #2349, .T. ) ;
#4318 = ORIENTED_EDGE ( 'NONE', *, *, #7096, .T. ) ;
#4319 = VECTOR ( 'NONE', #334, 1000.000000000000000 ) ;
#4320 = FACE_OUTER_BOUND ( 'NONE', #4060, .T. ) ;
#4321 = CARTESIAN_POINT ( 'NONE',  ( -15.62781786380261906, -29.33657772717490175, 5.000000000000001776 ) ) ;
#4322 = EDGE_CURVE ( 'NONE', #3107, #1129, #900, .T. ) ;
#4323 = DIRECTION ( 'NONE',  ( 1.000000000000000000, 0.000000000000000000, 0.000000000000000000 ) ) ;
#4324 = CARTESIAN_POINT ( 'NONE',  ( -52.10000000000000853, -4.214261501141118416, 13.50000000000000533 ) ) ;
#4325 = CARTESIAN_POINT ( 'NONE',  ( -8.676450307102188120, 18.01168171962867603, 10.57889503657646024 ) ) ;
#4326 = VECTOR ( 'NONE', #6991, 1000.000000000000000 ) ;
#4327 = ORIENTED_EDGE ( 'NONE', *, *, #151, .T. ) ;
#4328 = CARTESIAN_POINT ( 'NONE',  ( 17.89999999999998792, -1.734723475976807094E-15, 19.00000000000000000 ) ) ;
#4329 = VERTEX_POINT ( 'NONE', #3399 ) ;
#4330 = ORIENTED_EDGE ( 'NONE', *, *, #1104, .T. ) ;
#4331 = CARTESIAN_POINT ( 'NONE',  ( -34.90000000000000568, 18.00000000000000000, 21.00000000000000000 ) ) ;
#4332 = CYLINDRICAL_SURFACE ( 'NONE', #4968, 1.500000000000000222 ) ;
#4333 = DIRECTION ( 'NONE',  ( 0.000000000000000000, -1.000000000000000000, 0.000000000000000000 ) ) ;
#4334 = CARTESIAN_POINT ( 'NONE',  ( -51.10000000000000853, -4.214261501141105981, 14.50000000000000178 ) ) ;
#4335 = CARTESIAN_POINT ( 'NONE',  ( -33.91031454576632598, 5.721855509164037734, 10.79912840028247345 ) ) ;
#4336 = ORIENTED_EDGE ( 'NONE', *, *, #5119, .F. ) ;
#4337 = CYLINDRICAL_SURFACE ( 'NONE', #4944, 2.000000000000001776 ) ;
#4338 = DIRECTION ( 'NONE',  ( 0.000000000000000000, 0.000000000000000000, 1.000000000000000000 ) ) ;
#4339 = DIRECTION ( 'NONE',  ( 0.000000000000000000, 0.000000000000000000, -1.000000000000000000 ) ) ;
#4340 = ORIENTED_EDGE ( 'NONE', *, *, #7295, .F. ) ;
#4341 = CARTESIAN_POINT ( 'NONE',  ( 36.36446609406725372, 16.53553390593274486, 21.00000000000000000 ) ) ;
#4342 = DIRECTION ( 'NONE',  ( 1.000000000000000000, 2.443272501375784959E-16, 0.000000000000000000 ) ) ;
#4343 = CARTESIAN_POINT ( 'NONE',  ( -11.38808668240702282, -32.66874621601698436, 8.229152739873567768 ) ) ;
#4344 = ORIENTED_EDGE ( 'NONE', *, *, #2455, .F. ) ;
#4345 = CIRCLE ( 'NONE', #318, 4.900000000000002132 ) ;
#4346 = ORIENTED_EDGE ( 'NONE', *, *, #7540, .T. ) ;
#4347 = EDGE_LOOP ( 'NONE', ( #3074, #1837 ) ) ;
#4348 = CARTESIAN_POINT ( 'NONE',  ( 39.89999999999999147, 13.00000000000000533, 24.00000000000000000 ) ) ;
#4349 = CARTESIAN_POINT ( 'NONE',  ( 9.750000000000000000, 24.00000000000000000, 5.000000000000000888 ) ) ;
#4350 = CARTESIAN_POINT ( 'NONE',  ( 30.82931143327531132, -9.864773736141634330, 14.43150562838745365 ) ) ;
#4351 = VERTEX_POINT ( 'NONE', #3445 ) ;
#4352 = ORIENTED_EDGE ( 'NONE', *, *, #6676, .T. ) ;
#4353 = LINE ( 'NONE', #3704, #6959 ) ;
#4354 = DIRECTION ( 'NONE',  ( 0.000000000000000000, 0.000000000000000000, -1.000000000000000000 ) ) ;
#4355 = EDGE_LOOP ( 'NONE', ( #3047, #2405, #7378, #6866 ) ) ;
#4356 = EDGE_CURVE ( 'NONE', #5574, #2224, #6121, .T. ) ;
#4357 = ORIENTED_EDGE ( 'NONE', *, *, #2680, .T. ) ;
#4358 = CIRCLE ( 'NONE', #7759, 1.000000000000000888 ) ;
#4359 = ADVANCED_FACE ( 'NONE', ( #3481 ), #522, .F. ) ;
#4360 = CARTESIAN_POINT ( 'NONE',  ( 34.77022769634353949, 3.363427176613871250, 17.33346292242105946 ) ) ;
#4361 = CARTESIAN_POINT ( 'NONE',  ( 34.65012230389976366, 3.796410116853361494, 10.03442389475459784 ) ) ;
#4362 = CARTESIAN_POINT ( 'NONE',  ( 34.65195316509230139, -3.790222054641344318, 10.04451500883270931 ) ) ;
#4363 = FACE_OUTER_BOUND ( 'NONE', #3853, .T. ) ;
#4364 = CARTESIAN_POINT ( 'NONE',  ( 15.17106781186546627, 20.00000000000000000, 12.00000000000000000 ) ) ;
#4365 = VERTEX_POINT ( 'NONE', #4004 ) ;
#4366 = AXIS2_PLACEMENT_3D ( 'NONE', #5519, #8020, #132 ) ;
#4367 = EDGE_CURVE ( 'NONE', #5154, #1250, #5855, .T. ) ;
#4368 = ADVANCED_FACE ( 'NONE', ( #2793 ), #5314, .T. ) ;
#4369 = VERTEX_POINT ( 'NONE', #1555 ) ;
#4370 = ORIENTED_EDGE ( 'NONE', *, *, #899, .F. ) ;
#4371 = AXIS2_PLACEMENT_3D ( 'NONE', #8007, #1077, #2411 ) ;
#4372 = VERTEX_POINT ( 'NONE', #7814 ) ;
#4373 = CARTESIAN_POINT ( 'NONE',  ( -13.79072376830894342, -21.20339141536351946, -0.3207668709799533779 ) ) ;
#4374 = CARTESIAN_POINT ( 'NONE',  ( 20.21076683067359880, -20.99999999999998934, 24.00000000000000000 ) ) ;
#4375 = EDGE_LOOP ( 'NONE', ( #5290, #3995 ) ) ;
#4376 = CARTESIAN_POINT ( 'NONE',  ( -39.90000000000000568, -1.734723475976807094E-15, 19.00000000000000000 ) ) ;
#4377 = EDGE_LOOP ( 'NONE', ( #7536, #149, #7210, #4388 ) ) ;
#4378 = DIRECTION ( 'NONE',  ( 0.000000000000000000, 0.000000000000000000, -1.000000000000000000 ) ) ;
#4379 = VECTOR ( 'NONE', #4499, 1000.000000000000000 ) ;
#4380 = DIRECTION ( 'NONE',  ( 0.000000000000000000, -1.000000000000000000, -1.794541526872556887E-15 ) ) ;
#4381 = AXIS2_PLACEMENT_3D ( 'NONE', #1656, #4756, #7262 ) ;
#4382 = ADVANCED_FACE ( 'NONE', ( #4053 ), #940, .F. ) ;
#4383 = CARTESIAN_POINT ( 'NONE',  ( 11.50000000000000355, 24.00000000000000000, 24.00000000000000355 ) ) ;
#4384 = ORIENTED_EDGE ( 'NONE', *, *, #6454, .T. ) ;
#4385 = FACE_OUTER_BOUND ( 'NONE', #3886, .T. ) ;
#4386 = DIRECTION ( 'NONE',  ( -0.000000000000000000, 0.000000000000000000, -1.000000000000000000 ) ) ;
#4387 = CARTESIAN_POINT ( 'NONE',  ( 34.89999999999999147, -17.99999999999999289, 19.50000000000000000 ) ) ;
#4388 = ORIENTED_EDGE ( 'NONE', *, *, #4071, .T. ) ;
#4389 = VERTEX_POINT ( 'NONE', #5977 ) ;
#4390 = EDGE_LOOP ( 'NONE', ( #415, #5650 ) ) ;
#4391 = DIRECTION ( 'NONE',  ( -2.815536131330090089E-16, 1.000000000000000000, 0.000000000000000000 ) ) ;
#4392 = CARTESIAN_POINT ( 'NONE',  ( -8.000000000000000000, 24.00000000000000355, 5.000000000000003553 ) ) ;
#4393 = CARTESIAN_POINT ( 'NONE',  ( -32.99999999999998579, -13.50000000000002665, 24.00000000000000000 ) ) ;
#4394 = ORIENTED_EDGE ( 'NONE', *, *, #6059, .T. ) ;
#4395 = ORIENTED_EDGE ( 'NONE', *, *, #2586, .T. ) ;
#4396 = DIRECTION ( 'NONE',  ( -1.000000000000000000, -0.000000000000000000, -0.000000000000000000 ) ) ;
#4397 = CARTESIAN_POINT ( 'NONE',  ( -44.38635300722476984, 0.6593181181445625372, 17.37430872337436938 ) ) ;
#4398 = VERTEX_POINT ( 'NONE', #477 ) ;
#4399 = CIRCLE ( 'NONE', #3368, 3.750000000000000000 ) ;
#4400 = EDGE_CURVE ( 'NONE', #332, #6865, #2976, .T. ) ;
#4401 = ORIENTED_EDGE ( 'NONE', *, *, #1127, .T. ) ;
#4402 = FACE_OUTER_BOUND ( 'NONE', #7012, .T. ) ;
#4403 = DIRECTION ( 'NONE',  ( 2.775557561562891351E-16, 2.759211954709507528E-32, 1.000000000000000000 ) ) ;
#4404 = AXIS2_PLACEMENT_3D ( 'NONE', #5381, #6573, #5337 ) ;
#4405 = DIRECTION ( 'NONE',  ( 0.000000000000000000, 0.000000000000000000, -1.000000000000000000 ) ) ;
#4406 = CARTESIAN_POINT ( 'NONE',  ( 15.17106781186546627, 18.00000000000000355, 12.00000000000000000 ) ) ;
#4407 = EDGE_CURVE ( 'NONE', #2188, #5717, #5638, .T. ) ;
#4408 = CARTESIAN_POINT ( 'NONE',  ( -42.98889045460798286, -6.591974682276569908, 10.28609190997344669 ) ) ;
#4409 = ORIENTED_EDGE ( 'NONE', *, *, #3900, .T. ) ;
#4410 = EDGE_LOOP ( 'NONE', ( #4910, #8038, #3615, #3010 ) ) ;
#4411 = ORIENTED_EDGE ( 'NONE', *, *, #1960, .T. ) ;
#4412 = VERTEX_POINT ( 'NONE', #1829 ) ;
#4413 = CARTESIAN_POINT ( 'NONE',  ( -22.79090492061680706, 17.99999999999999645, 10.29090492061680884 ) ) ;
#4414 = CARTESIAN_POINT ( 'NONE',  ( 34.67008344141272858, 3.725757385001198241, 4.508651241488056627 ) ) ;
#4415 = CARTESIAN_POINT ( 'NONE',  ( -31.24999999999998224, -13.50000000000002665, 0.000000000000000000 ) ) ;
#4416 = EDGE_CURVE ( 'NONE', #7692, #6365, #3271, .T. ) ;
#4417 = CARTESIAN_POINT ( 'NONE',  ( -51.72355327481840703, -4.335074973525355979, 14.28449209380085705 ) ) ;
#4418 = EDGE_LOOP ( 'NONE', ( #7633, #6373, #4036, #364 ) ) ;
#4419 = LINE ( 'NONE', #7495, #1564 ) ;
#4420 = EDGE_CURVE ( 'NONE', #7606, #3067, #693, .T. ) ;
#4421 = LINE ( 'NONE', #1979, #2756 ) ;
#4422 = DIRECTION ( 'NONE',  ( -0.000000000000000000, -0.000000000000000000, -1.000000000000000000 ) ) ;
#4423 = ORIENTED_EDGE ( 'NONE', *, *, #3324, .F. ) ;
#4424 = DIRECTION ( 'NONE',  ( -1.000000000000000000, 0.000000000000000000, 0.000000000000000000 ) ) ;
#4425 = CARTESIAN_POINT ( 'NONE',  ( -44.52738231681168912, -0.2773294426433748350, 6.733122453638388016 ) ) ;
#4426 = CARTESIAN_POINT ( 'NONE',  ( -47.10000000000000853, 4.214261501141090882, 9.500000000000003553 ) ) ;
#4427 = ORIENTED_EDGE ( 'NONE', *, *, #282, .T. ) ;
#4428 = AXIS2_PLACEMENT_3D ( 'NONE', #3193, #120, #729 ) ;
#4429 = B_SPLINE_CURVE_WITH_KNOTS ( 'NONE', 3,
 ( #2120, #5255, #7635, #2776 ),
 .UNSPECIFIED., .F., .F.,
 ( 4, 4 ),
 ( 0.000000000000000000, 0.0001247056143196337296 ),
 .UNSPECIFIED. ) ;
#4430 = LINE ( 'NONE', #1991, #7965 ) ;
#4431 = VERTEX_POINT ( 'NONE', #7559 ) ;
#4432 = PLANE ( 'NONE',  #3899 ) ;
#4433 = CARTESIAN_POINT ( 'NONE',  ( -41.05000000000002558, -8.750000000000000000, 12.00000000000000000 ) ) ;
#4434 = DIRECTION ( 'NONE',  ( -1.387778780781445676E-16, -1.379605977354753764E-32, -1.000000000000000000 ) ) ;
#4435 = VECTOR ( 'NONE', #5609, 1000.000000000000000 ) ;
#4436 = CYLINDRICAL_SURFACE ( 'NONE', #5248, 1.749999999999999778 ) ;
#4437 = CARTESIAN_POINT ( 'NONE',  ( -44.24848879658606648, 0.8798416201570933293, 17.48228750046337510 ) ) ;
#4438 = VECTOR ( 'NONE', #6845, 1000.000000000000000 ) ;
#4439 = ORIENTED_EDGE ( 'NONE', *, *, #5237, .F. ) ;
#4440 = EDGE_CURVE ( 'NONE', #6060, #2662, #3635, .T. ) ;
#4441 = DIRECTION ( 'NONE',  ( -1.387778780781445676E-16, -1.379605977354753764E-32, -1.000000000000000000 ) ) ;
#4442 = VECTOR ( 'NONE', #4507, 999.9999999999998863 ) ;
#4443 = CARTESIAN_POINT ( 'NONE',  ( 3.918869757271530263E-15, -32.00000000000000000, 19.50000000000000000 ) ) ;
#4444 = CARTESIAN_POINT ( 'NONE',  ( -9.500000000000008882, 20.00260704231020981, 7.997392957689805293 ) ) ;
#4445 = DIRECTION ( 'NONE',  ( 1.000000000000000000, 0.000000000000000000, 0.000000000000000000 ) ) ;
#4446 = CARTESIAN_POINT ( 'NONE',  ( -13.40894241220452443, -3.775336184448629048E-15, 5.000000000000000000 ) ) ;
#4447 = VECTOR ( 'NONE', #7481, 1000.000000000000000 ) ;
#4448 = AXIS2_PLACEMENT_3D ( 'NONE', #7584, #4386, #1986 ) ;
#4449 = EDGE_LOOP ( 'NONE', ( #618, #4846, #10, #5320, #5027 ) ) ;
#4450 = ORIENTED_EDGE ( 'NONE', *, *, #4254, .T. ) ;
#4451 = ORIENTED_EDGE ( 'NONE', *, *, #6978, .T. ) ;
#4452 = LINE ( 'NONE', #6224, #3721 ) ;
#4453 = CARTESIAN_POINT ( 'NONE',  ( 34.79369972832216007, 3.276856985273640888, 3.111384416361317573 ) ) ;
#4454 = CARTESIAN_POINT ( 'NONE',  ( 35.20000000000000995, -0.009999999999910150206, 21.00000000000000000 ) ) ;
#4455 = AXIS2_PLACEMENT_3D ( 'NONE', #5722, #1954, #87 ) ;
#4456 = DIRECTION ( 'NONE',  ( -0.8619342151577693567, -0.5070201265633941246, 0.000000000000000000 ) ) ;
#4457 = ORIENTED_EDGE ( 'NONE', *, *, #7418, .F. ) ;
#4458 = CARTESIAN_POINT ( 'NONE',  ( -52.10000000000000853, -9.567667171349009773E-15, 12.00000000000000000 ) ) ;
#4459 = B_SPLINE_CURVE_WITH_KNOTS ( 'NONE', 3,
 ( #4144, #6642, #1154, #7912, #6728, #2282, #4266, #1071, #3500, #1735, #1036, #4828, #2398, #4876, #5452, #5996, #2859, #1109, #3575, #5332, #4790, #4109, #393, #7381 ),
 .UNSPECIFIED., .F., .F.,
 ( 4, 2, 2, 2, 2, 2, 2, 2, 2, 2, 2, 4 ),
 ( 1.410833381515299973E-19, 0.0004164557059684409154, 0.0008329114119368816139, 0.001665822823873762794, 0.002082278529842200403, 0.002498734235810638662, 0.003331645647747501302, 0.004164557059684364376, 0.004997468471621227017, 0.005830379883558090524, 0.006246835589526517074, 0.006663291295494943624 ),
 .UNSPECIFIED. ) ;
#4460 = CARTESIAN_POINT ( 'NONE',  ( 37.89999999999999147, 6.938893903907228378E-15, 9.400000000000000355 ) ) ;
#4461 = CARTESIAN_POINT ( 'NONE',  ( -27.90000000000001634, -13.00000000000000533, 24.00000000000000000 ) ) ;
#4462 = PLANE ( 'NONE',  #5686 ) ;
#4463 = ORIENTED_EDGE ( 'NONE', *, *, #7219, .F. ) ;
#4464 = SURFACE_STYLE_FILL_AREA ( #7089 ) ;
#4465 = FACE_BOUND ( 'NONE', #2388, .T. ) ;
#4466 = VECTOR ( 'NONE', #5130, 1000.000000000000000 ) ;
#4467 = FACE_OUTER_BOUND ( 'NONE', #1321, .T. ) ;
#4468 = EDGE_LOOP ( 'NONE', ( #6911, #4409, #5013, #7464 ) ) ;
#4469 = CARTESIAN_POINT ( 'NONE',  ( 15.17106781186546449, 22.00000000000000355, 24.00000000000000000 ) ) ;
#4470 = EDGE_LOOP ( 'NONE', ( #1037, #5672, #2535, #5622 ) ) ;
#4471 = DIRECTION ( 'NONE',  ( -0.7071067811865474617, 2.799257721010280424E-17, -0.7071067811865476838 ) ) ;
#4472 = DIRECTION ( 'NONE',  ( -1.000000000000000000, 1.875376730785738114E-15, 0.000000000000000000 ) ) ;
#4473 = DIRECTION ( 'NONE',  ( -1.000000000000000000, 0.000000000000000000, 0.000000000000000000 ) ) ;
#4474 = CARTESIAN_POINT ( 'NONE',  ( -39.90000000000000568, 7.000000000000003553, 12.00000000000000000 ) ) ;
#4475 = AXIS2_PLACEMENT_3D ( 'NONE', #7134, #233, #2072 ) ;
#4476 = LINE ( 'NONE', #1447, #1164 ) ;
#4477 = VECTOR ( 'NONE', #2947, 1000.000000000000000 ) ;
#4478 = ORIENTED_EDGE ( 'NONE', *, *, #3109, .T. ) ;
#4479 = CARTESIAN_POINT ( 'NONE',  ( -44.90000000000004832, -7.646127321036250003E-15, 12.00000000000000000 ) ) ;
#4480 = FACE_OUTER_BOUND ( 'NONE', #3913, .T. ) ;
#4481 = CARTESIAN_POINT ( 'NONE',  ( 13.88173988388376756, -21.11158162756884948, -0.2855866125959965474 ) ) ;
#4482 = ADVANCED_FACE ( 'NONE', ( #4320 ), #5056, .F. ) ;
#4483 = CARTESIAN_POINT ( 'NONE',  ( -33.68828069595528518, 6.170352023236426398, 10.44382623514206720 ) ) ;
#4484 = DIRECTION ( 'NONE',  ( -0.000000000000000000, 0.000000000000000000, -1.000000000000000000 ) ) ;
#4485 = VERTEX_POINT ( 'NONE', #5719 ) ;
#4486 = ORIENTED_EDGE ( 'NONE', *, *, #5162, .T. ) ;
#4487 = AXIS2_PLACEMENT_3D ( 'NONE', #27, #1938, #2521 ) ;
#4488 = ORIENTED_EDGE ( 'NONE', *, *, #5343, .T. ) ;
#4489 = ORIENTED_EDGE ( 'NONE', *, *, #4356, .F. ) ;
#4490 = ORIENTED_EDGE ( 'NONE', *, *, #7413, .F. ) ;
#4491 = DIRECTION ( 'NONE',  ( 1.000000000000000000, 2.668805347656626678E-16, -0.000000000000000000 ) ) ;
#4492 = CIRCLE ( 'NONE', #4215, 2.900000000000003464 ) ;
#4493 = CARTESIAN_POINT ( 'NONE',  ( 38.43553390593272923, -14.46446609406725159, 21.00000000000000000 ) ) ;
#4494 = EDGE_CURVE ( 'NONE', #5559, #4351, #3083, .T. ) ;
#4495 = DIRECTION ( 'NONE',  ( 1.000000000000000000, 0.000000000000000000, 0.000000000000000000 ) ) ;
#4496 = ORIENTED_EDGE ( 'NONE', *, *, #6806, .F. ) ;
#4497 = LINE ( 'NONE', #2553, #7577 ) ;
#4498 = VECTOR ( 'NONE', #251, 1000.000000000000000 ) ;
#4499 = DIRECTION ( 'NONE',  ( -1.000000000000000000, -9.637352644315595243E-17, 0.000000000000000000 ) ) ;
#4500 = CARTESIAN_POINT ( 'NONE',  ( 13.40894241220452443, -25.41283789321709818, 24.00000000000000000 ) ) ;
#4501 = CARTESIAN_POINT ( 'NONE',  ( -1.698686956776715873E-15, 22.00000000000000355, 16.00000000000000000 ) ) ;
#4502 = EDGE_CURVE ( 'NONE', #7429, #2880, #1554, .T. ) ;
#4503 = ORIENTED_EDGE ( 'NONE', *, *, #2530, .F. ) ;
#4504 = FILL_AREA_STYLE_COLOUR ( '', #1349 ) ;
#4505 = CARTESIAN_POINT ( 'NONE',  ( -41.91502127849931725, -1.608750438439822350, 4.280179926353667064 ) ) ;
#4506 = ADVANCED_FACE ( 'NONE', ( #569 ), #3060, .F. ) ;
#4507 = DIRECTION ( 'NONE',  ( 0.8619342151577694677, -0.5070201265633940135, 0.000000000000000000 ) ) ;
#4508 = ORIENTED_EDGE ( 'NONE', *, *, #7053, .T. ) ;
#4509 = ADVANCED_FACE ( 'NONE', ( #4402 ), #6211, .F. ) ;
#4510 = DIRECTION ( 'NONE',  ( -1.000000000000000000, 0.000000000000000000, 0.000000000000000000 ) ) ;
#4511 = ORIENTED_EDGE ( 'NONE', *, *, #2075, .F. ) ;
#4512 = DIRECTION ( 'NONE',  ( 0.000000000000000000, 0.000000000000000000, 1.000000000000000000 ) ) ;
#4513 = CARTESIAN_POINT ( 'NONE',  ( 3.918869757271530263E-15, -32.00000000000000000, 5.000000000000000000 ) ) ;
#4514 = CYLINDRICAL_SURFACE ( 'NONE', #4018, 3.750000000000001776 ) ;
#4515 = EDGE_CURVE ( 'NONE', #7587, #3339, #4973, .T. ) ;
#4516 = ADVANCED_FACE ( 'NONE', ( #3792 ), #6294, .F. ) ;
#4517 = LINE ( 'NONE', #1327, #6302 ) ;
#4518 = CARTESIAN_POINT ( 'NONE',  ( -42.47141763522980540, 1.757445846358038466, 19.11484748463551142 ) ) ;
#4519 = ADVANCED_FACE ( 'NONE', ( #2814 ), #5875, .F. ) ;
#4520 = EDGE_CURVE ( 'NONE', #8, #1620, #7432, .T. ) ;
#4521 = ORIENTED_EDGE ( 'NONE', *, *, #6613, .T. ) ;
#4522 = CARTESIAN_POINT ( 'NONE',  ( 39.89999999999999147, 10.92893218813452805, 0.000000000000000000 ) ) ;
#4523 = CARTESIAN_POINT ( 'NONE',  ( 11.29475381463420014, -32.86181654957707110, 8.472038748245305229 ) ) ;
#4524 = CARTESIAN_POINT ( 'NONE',  ( 21.21076683067359880, -21.99999999999999289, 24.00000000000000000 ) ) ;
#4525 = VERTEX_POINT ( 'NONE', #6447 ) ;
#4526 = EDGE_CURVE ( 'NONE', #3167, #2300, #4429, .T. ) ;
#4527 = LINE ( 'NONE', #2083, #4050 ) ;
#4528 = VECTOR ( 'NONE', #1010, 1000.000000000000000 ) ;
#4529 = CARTESIAN_POINT ( 'NONE',  ( -42.58456515516913043, -7.000000000000000000, 10.25000000000000000 ) ) ;
#4530 = EDGE_LOOP ( 'NONE', ( #105, #218 ) ) ;
#4531 = EDGE_LOOP ( 'NONE', ( #4204, #4075, #4395, #1059, #5534, #5104 ) ) ;
#4532 = AXIS2_PLACEMENT_3D ( 'NONE', #853, #6538, #3475 ) ;
#4533 = EDGE_LOOP ( 'NONE', ( #3697, #1546 ) ) ;
#4534 = DIRECTION ( 'NONE',  ( 1.491166311727914324E-16, -1.000000000000000000, 0.000000000000000000 ) ) ;
#4535 = CARTESIAN_POINT ( 'NONE',  ( 9.499999999999996447, 10.99999999999999289, 16.99999999999991829 ) ) ;
#4536 = DIRECTION ( 'NONE',  ( -1.000000000000000000, -0.000000000000000000, -0.000000000000000000 ) ) ;
#4537 = ORIENTED_EDGE ( 'NONE', *, *, #6067, .F. ) ;
#4538 = DIRECTION ( 'NONE',  ( -1.000000000000000000, 0.000000000000000000, 0.000000000000000000 ) ) ;
#4539 = AXIS2_PLACEMENT_3D ( 'NONE', #5584, #687, #116 ) ;
#4540 = ORIENTED_EDGE ( 'NONE', *, *, #354, .F. ) ;
#4541 = ADVANCED_FACE ( 'NONE', ( #7747 ), #2161, .T. ) ;
#4542 = CARTESIAN_POINT ( 'NONE',  ( -9.900000000000012790, 0.000000000000000000, 21.00000000000000000 ) ) ;
#4543 = LINE ( 'NONE', #6312, #2503 ) ;
#4544 = VERTEX_POINT ( 'NONE', #2737 ) ;
#4545 = DIRECTION ( 'NONE',  ( -1.000000000000000000, -9.941108744852762574E-17, 0.000000000000000000 ) ) ;
#4546 = CARTESIAN_POINT ( 'NONE',  ( -39.90000000000000568, -1.734723475976807094E-15, 19.00000000000000000 ) ) ;
#4547 = DIRECTION ( 'NONE',  ( 1.000000000000000000, 0.000000000000000000, 0.000000000000000000 ) ) ;
#4548 = VERTEX_POINT ( 'NONE', #4522 ) ;
#4549 = CARTESIAN_POINT ( 'NONE',  ( 35.20000000000000995, 0.009999999999907260156, 8.749986666642962874 ) ) ;
#4550 = ORIENTED_EDGE ( 'NONE', *, *, #7295, .T. ) ;
#4551 = CARTESIAN_POINT ( 'NONE',  ( 13.42136067252754650, -25.59501584869435220, -1.433628629402134314 ) ) ;
#4552 = LINE ( 'NONE', #373, #4477 ) ;
#4553 = CARTESIAN_POINT ( 'NONE',  ( 29.95345551597064926, 10.59006938752829541, 13.11829017876707759 ) ) ;
#4554 = CARTESIAN_POINT ( 'NONE',  ( 14.23890654695919267, -26.41361730124368634, 5.062419729944320324 ) ) ;
#4555 = CIRCLE ( 'NONE', #7824, 2.500000000000000444 ) ;
#4556 = ADVANCED_FACE ( 'NONE', ( #3310 ), #5212, .F. ) ;
#4557 = EDGE_CURVE ( 'NONE', #1264, #1443, #6643, .T. ) ;
#4558 = CARTESIAN_POINT ( 'NONE',  ( -11.83431754716741047, -32.00000000000000000, -4.270592657114513635 ) ) ;
#4559 = FACE_OUTER_BOUND ( 'NONE', #4134, .T. ) ;
#4560 = CARTESIAN_POINT ( 'NONE',  ( -44.24903112608173927, 0.8789324698400782232, 6.518135711387493814 ) ) ;
#4561 = LINE ( 'NONE', #3870, #5897 ) ;
#4562 = CIRCLE ( 'NONE', #3148, 1.000000000000000888 ) ;
#4563 = DIRECTION ( 'NONE',  ( 0.000000000000000000, 0.000000000000000000, -1.000000000000000000 ) ) ;
#4564 = DIRECTION ( 'NONE',  ( -1.000000000000000000, -2.668805347656626678E-16, -0.000000000000000000 ) ) ;
#4565 = ORIENTED_EDGE ( 'NONE', *, *, #5960, .F. ) ;
#4566 = EDGE_LOOP ( 'NONE', ( #308, #5490, #765, #7172 ) ) ;
#4567 = CIRCLE ( 'NONE', #4052, 1.750000000000005107 ) ;
#4568 = ORIENTED_EDGE ( 'NONE', *, *, #2338, .F. ) ;
#4569 = CIRCLE ( 'NONE', #4055, 1.000000000000000888 ) ;
#4570 = ORIENTED_EDGE ( 'NONE', *, *, #5740, .F. ) ;
#4571 = CYLINDRICAL_SURFACE ( 'NONE', #6498, 1.000000000000000000 ) ;
#4572 = ORIENTED_EDGE ( 'NONE', *, *, #4258, .F. ) ;
#4573 = CARTESIAN_POINT ( 'NONE',  ( -61.10000000000000142, 4.899999999999990585, 12.00000000000000000 ) ) ;
#4574 = DIRECTION ( 'NONE',  ( 1.000000000000000000, 7.228014483236695816E-17, 0.000000000000000000 ) ) ;
#4575 = CIRCLE ( 'NONE', #5631, 3.750000000000000888 ) ;
#4576 = CARTESIAN_POINT ( 'NONE',  ( -13.51388176966847432, -30.58006954725383864, 19.46711026992852567 ) ) ;
#4577 = VERTEX_POINT ( 'NONE', #1494 ) ;
#4578 = VECTOR ( 'NONE', #5810, 1000.000000000000000 ) ;
#4579 = DIRECTION ( 'NONE',  ( 1.000000000000000000, 2.815536131330090089E-16, -0.000000000000000000 ) ) ;
#4580 = DIRECTION ( 'NONE',  ( 1.000000000000000000, -0.000000000000000000, -0.000000000000000000 ) ) ;
#4581 = CARTESIAN_POINT ( 'NONE',  ( -46.42736247689776263, 4.356907988911616236, 14.24277238647353272 ) ) ;
#4582 = ORIENTED_EDGE ( 'NONE', *, *, #2229, .F. ) ;
#4583 = DIRECTION ( 'NONE',  ( 0.000000000000000000, 0.000000000000000000, -1.000000000000000000 ) ) ;
#4584 = DIRECTION ( 'NONE',  ( 1.000000000000000000, 0.000000000000000000, 0.000000000000000000 ) ) ;
#4585 = PLANE ( 'NONE',  #795 ) ;
#4586 = EDGE_LOOP ( 'NONE', ( #1729, #5334, #6965, #4880, #7445, #1941, #1884, #4872, #3262, #7952, #7193, #1, #2172, #1333, #90, #193, #7932, #1926, #2209, #5510, #5623, #3702, #7460, #2417, #7994, #5568, #6723, #1279, #7599, #5268, #1674, #348, #6798, #7251, #5632, #5317, #6388 ) ) ;
#4587 = CARTESIAN_POINT ( 'NONE',  ( 15.85515533723178372, -29.20284980162836064, 5.000000000000000000 ) ) ;
#4588 = DIRECTION ( 'NONE',  ( 0.000000000000000000, 0.000000000000000000, 1.000000000000000000 ) ) ;
#4589 = EDGE_LOOP ( 'NONE', ( #794, #3927, #79, #4027, #6762, #2502 ) ) ;
#4590 = DIRECTION ( 'NONE',  ( -0.000000000000000000, -0.000000000000000000, -1.000000000000000000 ) ) ;
#4591 = DIRECTION ( 'NONE',  ( -0.000000000000000000, -0.000000000000000000, 1.000000000000000000 ) ) ;
#4592 = VECTOR ( 'NONE', #1247, 999.9999999999998863 ) ;
#4593 = DIRECTION ( 'NONE',  ( 0.000000000000000000, 0.000000000000000000, 1.000000000000000000 ) ) ;
#4594 = DIRECTION ( 'NONE',  ( 1.000000000000000000, 9.941108744852765039E-17, 0.000000000000000000 ) ) ;
#4595 = CARTESIAN_POINT ( 'NONE',  ( -41.41075769285372843, -8.306823908755061936, 10.81433497733133287 ) ) ;
#4596 = AXIS2_PLACEMENT_3D ( 'NONE', #194, #4629, #2695 ) ;
#4597 = CYLINDRICAL_SURFACE ( 'NONE', #7570, 1.000000000000000888 ) ;
#4598 = CARTESIAN_POINT ( 'NONE',  ( -51.74837658389207462, 1.808582144804732561, 14.27095192669552937 ) ) ;
#4599 = CARTESIAN_POINT ( 'NONE',  ( 33.47782396052728160, 6.557916744479558524, 15.73088835922749418 ) ) ;
#4600 = CARTESIAN_POINT ( 'NONE',  ( -61.10000000000000142, 4.899999999999990585, 12.00000000000000000 ) ) ;
#4601 = ADVANCED_FACE ( 'NONE', ( #7141 ), #880, .F. ) ;
#4602 = DIRECTION ( 'NONE',  ( 1.000000000000000000, 0.000000000000000000, 0.000000000000000000 ) ) ;
#4603 = EDGE_CURVE ( 'NONE', #3833, #5952, #3903, .T. ) ;
#4604 = DIRECTION ( 'NONE',  ( 1.000000000000000000, 0.000000000000000000, 0.000000000000000000 ) ) ;
#4605 = ORIENTED_EDGE ( 'NONE', *, *, #5491, .T. ) ;
#4606 = ORIENTED_EDGE ( 'NONE', *, *, #3293, .T. ) ;
#4607 = FACE_OUTER_BOUND ( 'NONE', #5734, .T. ) ;
#4608 = ORIENTED_EDGE ( 'NONE', *, *, #2481, .T. ) ;
#4609 = CARTESIAN_POINT ( 'NONE',  ( -13.40894241220451910, -21.99999999999999289, 19.50000000000000000 ) ) ;
#4610 = CARTESIAN_POINT ( 'NONE',  ( -14.40894241220451732, -25.41283789321709818, 19.50000000000000000 ) ) ;
#4611 = ADVANCED_FACE ( 'NONE', ( #3867 ), #6526, .F. ) ;
#4612 = CARTESIAN_POINT ( 'NONE',  ( 37.89999999999999147, 7.000000000000003553, 8.250000000000000000 ) ) ;
#4613 = VECTOR ( 'NONE', #7693, 1000.000000000000000 ) ;
#4614 = EDGE_CURVE ( 'NONE', #2460, #4911, #1951, .T. ) ;
#4615 = CARTESIAN_POINT ( 'NONE',  ( 21.90999999999990777, -13.30000000000000426, 21.00000000000000000 ) ) ;
#4616 = ADVANCED_FACE ( 'NONE', ( #160 ), #5135, .F. ) ;
#4617 = AXIS2_PLACEMENT_3D ( 'NONE', #3558, #3595, #5398 ) ;
#4618 = CARTESIAN_POINT ( 'NONE',  ( 39.89999999999999147, -7.000000000000000888, 12.00000000000000000 ) ) ;
#4619 = CARTESIAN_POINT ( 'NONE',  ( 17.89999999999998792, 0.000000000000000000, 21.00000000000000000 ) ) ;
#4620 = EDGE_LOOP ( 'NONE', ( #3719, #3157, #565, #2361 ) ) ;
#4621 = LINE ( 'NONE', #145, #832 ) ;
#4622 = CARTESIAN_POINT ( 'NONE',  ( 21.91000000000001080, 0.01000000000000132727, 0.000000000000000000 ) ) ;
#4623 = ADVANCED_FACE ( 'NONE', ( #7710 ), #4597, .F. ) ;
#4624 = FACE_OUTER_BOUND ( 'NONE', #4038, .T. ) ;
#4625 = VECTOR ( 'NONE', #2260, 1000.000000000000114 ) ;
#4626 = ORIENTED_EDGE ( 'NONE', *, *, #1359, .F. ) ;
#4627 = EDGE_CURVE ( 'NONE', #561, #4999, #5173, .T. ) ;
#4628 = CARTESIAN_POINT ( 'NONE',  ( -51.74837658389207462, -1.808582144804763869, 9.729048073304474187 ) ) ;
#4629 = DIRECTION ( 'NONE',  ( 1.000000000000000000, 9.941108744852766272E-17, 0.000000000000000000 ) ) ;
#4630 = CARTESIAN_POINT ( 'NONE',  ( 17.89999999999998792, -1.506211723428388469E-16, 8.750000000000000000 ) ) ;
#4631 = CARTESIAN_POINT ( 'NONE',  ( 37.89999999999999147, 7.000000000000004441, 15.75000000000000000 ) ) ;
#4632 = CARTESIAN_POINT ( 'NONE',  ( 17.89999999999998792, 3.172144385112378728, 21.00000000000000000 ) ) ;
#4633 = VERTEX_POINT ( 'NONE', #2078 ) ;
#4634 = CARTESIAN_POINT ( 'NONE',  ( -13.40894241220451732, -25.41283789321709818, 5.136526129089248549 ) ) ;
#4635 = CARTESIAN_POINT ( 'NONE',  ( -14.40894241220451910, -21.99999999999999289, 19.50000000000000000 ) ) ;
#4636 = CARTESIAN_POINT ( 'NONE',  ( 20.21076683067359880, -21.99999999999999289, 24.00000000000000000 ) ) ;
#4637 = FACE_BOUND ( 'NONE', #2885, .T. ) ;
#4638 = ORIENTED_EDGE ( 'NONE', *, *, #4367, .T. ) ;
#4639 = DIRECTION ( 'NONE',  ( 0.000000000000000000, 0.000000000000000000, -1.000000000000000000 ) ) ;
#4640 = CARTESIAN_POINT ( 'NONE',  ( -13.40894241220451732, -25.41283789321709818, -1.392764127182513967 ) ) ;
#4641 = EDGE_CURVE ( 'NONE', #1287, #1341, #7257, .T. ) ;
#4642 = DIRECTION ( 'NONE',  ( 1.000000000000000000, 0.000000000000000000, 0.000000000000000000 ) ) ;
#4643 = ORIENTED_EDGE ( 'NONE', *, *, #4981, .T. ) ;
#4644 = ORIENTED_EDGE ( 'NONE', *, *, #2871, .T. ) ;
#4645 = ORIENTED_EDGE ( 'NONE', *, *, #1359, .T. ) ;
#4646 = ORIENTED_EDGE ( 'NONE', *, *, #2823, .F. ) ;
#4647 = DIRECTION ( 'NONE',  ( 1.000000000000000000, 0.000000000000000000, 0.000000000000000000 ) ) ;
#4648 = ADVANCED_FACE ( 'NONE', ( #6110 ), #2280, .F. ) ;
#4649 = AXIS2_PLACEMENT_3D ( 'NONE', #531, #3023, #5509 ) ;
#4650 = DIRECTION ( 'NONE',  ( 0.000000000000000000, 1.000000000000000000, 0.000000000000000000 ) ) ;
#4651 = CARTESIAN_POINT ( 'NONE',  ( 34.67100513036355380, -3.723179189984632931, 18.43989640560559096 ) ) ;
#4652 = CARTESIAN_POINT ( 'NONE',  ( -7.099999999999998757, -7.999999999999994671, 12.00000000000000000 ) ) ;
#4653 = ORIENTED_EDGE ( 'NONE', *, *, #424, .F. ) ;
#4654 = DIRECTION ( 'NONE',  ( -1.000000000000000000, 0.000000000000000000, 2.478176394252581634E-16 ) ) ;
#4655 = ADVANCED_FACE ( 'NONE', ( #7261 ), #470, .T. ) ;
#4656 = EDGE_CURVE ( 'NONE', #4351, #3860, #3006, .T. ) ;
#4657 = DIRECTION ( 'NONE',  ( -1.000000000000000000, 0.000000000000000000, 0.000000000000000000 ) ) ;
#4658 = VERTEX_POINT ( 'NONE', #995 ) ;
#4659 = EDGE_CURVE ( 'NONE', #7525, #6282, #127, .T. ) ;
#4660 = LINE ( 'NONE', #5279, #4752 ) ;
#4661 = VERTEX_POINT ( 'NONE', #6684 ) ;
#4662 = CARTESIAN_POINT ( 'NONE',  ( -35.19999999999999574, 0.009999999999899849418, 21.00000000000000000 ) ) ;
#4663 = DIRECTION ( 'NONE',  ( -1.000000000000000000, -2.668805347656626678E-16, 0.000000000000000000 ) ) ;
#4664 = LINE ( 'NONE', #2226, #5482 ) ;
#4665 = ORIENTED_EDGE ( 'NONE', *, *, #1205, .T. ) ;
#4666 = ORIENTED_EDGE ( 'NONE', *, *, #4603, .F. ) ;
#4667 = CARTESIAN_POINT ( 'NONE',  ( 21.91000000000001080, 0.01000000000000132727, 21.00000000000000000 ) ) ;
#4668 = CARTESIAN_POINT ( 'NONE',  ( -13.71158840913939869, -30.46377152403562150, -2.157291115769603973 ) ) ;
#4669 = DIRECTION ( 'NONE',  ( -1.000000000000000000, 0.000000000000000000, 4.956352788505163268E-16 ) ) ;
#4670 =( LENGTH_UNIT ( ) NAMED_UNIT ( * ) SI_UNIT ( .MILLI., .METRE. ) );
#4671 = CARTESIAN_POINT ( 'NONE',  ( 3.918869757271530263E-15, -32.00000000000000000, 16.50000000000000000 ) ) ;
#4672 = CARTESIAN_POINT ( 'NONE',  ( 32.56909989128000404, 7.952891281146961866, 15.63467570508820081 ) ) ;
#4673 = EDGE_LOOP ( 'NONE', ( #3433, #6521, #403, #7294 ) ) ;
#4674 = CARTESIAN_POINT ( 'NONE',  ( -41.28266136741126502, -8.462457195575099789, 11.00596082923692087 ) ) ;
#4675 = ORIENTED_EDGE ( 'NONE', *, *, #5062, .F. ) ;
#4676 = CARTESIAN_POINT ( 'NONE',  ( -11.20655085582573207, -33.07423001593554801, -5.200054622697934725 ) ) ;
#4677 = CYLINDRICAL_SURFACE ( 'NONE', #731, 3.750000000000000000 ) ;
#4678 = CARTESIAN_POINT ( 'NONE',  ( 10.90180841670002465, -34.08819856468883103, 10.00000000000000000 ) ) ;
#4679 = AXIS2_PLACEMENT_3D ( 'NONE', #1535, #5764, #7796 ) ;
#4680 = VERTEX_POINT ( 'NONE', #4072 ) ;
#4681 = DIRECTION ( 'NONE',  ( -1.000000000000000000, 0.000000000000000000, 0.000000000000000000 ) ) ;
#4682 = CARTESIAN_POINT ( 'NONE',  ( -35.19999999999999574, 0.009999999999899845948, 20.74997142833819197 ) ) ;
#4683 = DIRECTION ( 'NONE',  ( -1.000000000000000000, 0.000000000000000000, 0.000000000000000000 ) ) ;
#4684 =( BOUNDED_CURVE ( )  B_SPLINE_CURVE ( 3, ( #5713, #6406, #3309, #7256 ),
 .UNSPECIFIED., .F., .T. ) 
 B_SPLINE_CURVE_WITH_KNOTS ( ( 4, 4 ),
 ( 4.712388980384689674, 5.139467566777160101 ),
 .UNSPECIFIED. ) 
 CURVE ( )  GEOMETRIC_REPRESENTATION_ITEM ( )  RATIONAL_B_SPLINE_CURVE ( ( 1.000000000000000000, 0.9848579932443005669, 0.9848579932443005669, 1.000000000000000000 ) ) 
 REPRESENTATION_ITEM ( '' )  );
#4685 = EDGE_CURVE ( 'NONE', #290, #1261, #4555, .T. ) ;
#4686 = EDGE_LOOP ( 'NONE', ( #3080, #7324 ) ) ;
#4687 = CIRCLE ( 'NONE', #4448, 1.750000000000001554 ) ;
#4688 = CYLINDRICAL_SURFACE ( 'NONE', #2595, 1.000000000000000888 ) ;
#4689 = DIRECTION ( 'NONE',  ( -9.941108744852765039E-17, 1.000000000000000000, -0.000000000000000000 ) ) ;
#4690 = CARTESIAN_POINT ( 'NONE',  ( 8.100000000000017408, -18.08597829525914591, 5.000000000000000000 ) ) ;
#4691 = CARTESIAN_POINT ( 'NONE',  ( -34.90000000000000568, 10.92893218813451561, 24.00000000000000000 ) ) ;
#4692 = DIRECTION ( 'NONE',  ( -0.7071067811865424657, -1.054413810899733939E-16, -0.7071067811865525687 ) ) ;
#4693 = VECTOR ( 'NONE', #5460, 1000.000000000000000 ) ;
#4694 = DIRECTION ( 'NONE',  ( -1.000000000000000000, -1.491166311727914324E-16, 0.000000000000000000 ) ) ;
#4695 = LINE ( 'NONE', #4619, #448 ) ;
#4696 = VECTOR ( 'NONE', #4953, 1000.000000000000000 ) ;
#4697 = ORIENTED_EDGE ( 'NONE', *, *, #6327, .F. ) ;
#4698 = PLANE ( 'NONE',  #6061 ) ;
#4699 = CARTESIAN_POINT ( 'NONE',  ( -46.22225052016673885, -4.476878839404383470, 10.00397070302760483 ) ) ;
#4700 = VERTEX_POINT ( 'NONE', #1069 ) ;
#4701 = EDGE_CURVE ( 'NONE', #557, #3708, #7176, .T. ) ;
#4702 = DIRECTION ( 'NONE',  ( 1.000000000000000000, -0.000000000000000000, -0.000000000000000000 ) ) ;
#4703 = ORIENTED_EDGE ( 'NONE', *, *, #5873, .F. ) ;
#4704 = AXIS2_PLACEMENT_3D ( 'NONE', #6836, #8065, #6134 ) ;
#4705 = EDGE_CURVE ( 'NONE', #593, #4311, #6265, .T. ) ;
#4706 = CIRCLE ( 'NONE', #6804, 2.000000000000000000 ) ;
#4707 = CARTESIAN_POINT ( 'NONE',  ( 33.00000000000000000, -13.50000000000000178, 0.000000000000000000 ) ) ;
#4708 = PLANE ( 'NONE',  #6694 ) ;
#4709 = CARTESIAN_POINT ( 'NONE',  ( -35.11406214365822365, 1.520245409625204269, 5.874211696644850100 ) ) ;
#4710 = CARTESIAN_POINT ( 'NONE',  ( 20.21076683067359880, -21.99999999999999289, 19.50000000000000000 ) ) ;
#4711 = DIRECTION ( 'NONE',  ( 1.000000000000000000, -0.000000000000000000, -0.000000000000000000 ) ) ;
#4712 = EDGE_CURVE ( 'NONE', #661, #6401, #3169, .T. ) ;
#4713 = CIRCLE ( 'NONE', #3940, 13.28999999999999915 ) ;
#4714 = ORIENTED_EDGE ( 'NONE', *, *, #8084, .T. ) ;
#4715 = CARTESIAN_POINT ( 'NONE',  ( 34.67008344141273568, -3.725757385001199129, 5.491348758511942485 ) ) ;
#4716 = CARTESIAN_POINT ( 'NONE',  ( -51.65067355744992028, 1.708632156454242601, 14.34546263212575745 ) ) ;
#4717 = LINE ( 'NONE', #7263, #2599 ) ;
#4718 = VERTEX_POINT ( 'NONE', #1944 ) ;
#4719 = CYLINDRICAL_SURFACE ( 'NONE', #1448, 1.749999999999999778 ) ;
#4720 = CARTESIAN_POINT ( 'NONE',  ( 8.100000000000019185, -24.09904481121078135, -5.077347407957024217 ) ) ;
#4721 = CARTESIAN_POINT ( 'NONE',  ( -52.07426291095173099, 4.575152156148701188, 13.75908495944213605 ) ) ;
#4722 = VERTEX_POINT ( 'NONE', #3742 ) ;
#4723 = B_SPLINE_CURVE_WITH_KNOTS ( 'NONE', 3,
 ( #3726, #3763, #6747, #5653, #2333, #541, #4806, #7322, #1712, #3032 ),
 .UNSPECIFIED., .F., .F.,
 ( 4, 2, 2, 2, 4 ),
 ( 0.000000000000000000, 0.0004085130822169316103, 0.0008170261644338632206, 0.001225539246650794722, 0.001634052328867726441 ),
 .UNSPECIFIED. ) ;
#4724 = ADVANCED_FACE ( 'NONE', ( #685 ), #1152, .F. ) ;
#4725 = LINE ( 'NONE', #7388, #4008 ) ;
#4726 = B_SPLINE_CURVE_WITH_KNOTS ( 'NONE', 3,
 ( #2742, #6453, #809, #3871, #3685, #6992, #5178, #1455, #3279, #5840, #7028, #6182, #3082, #771, #1414, #586, #3908, #1848, #5567, #8069, #4335, #3241, #4483, #1227, #6841, #3729 ),
 .UNSPECIFIED., .F., .F.,
 ( 4, 2, 2, 2, 2, 2, 2, 2, 2, 2, 2, 2, 4 ),
 ( 0.006102290849581579364, 0.006828073706891379241, 0.007190965135546279613, 0.007553856564201180852, 0.008279639421510982464, 0.008642530850165881101, 0.009005422278820779738, 0.009368313707475678376, 0.009731205136130575278, 0.01009409656478547565, 0.01045698799344037255, 0.01118277085075017330, 0.01190855370805997404 ),
 .UNSPECIFIED. ) ;
#4727 = DIRECTION ( 'NONE',  ( 0.000000000000000000, 0.000000000000000000, -1.000000000000000000 ) ) ;
#4728 = CARTESIAN_POINT ( 'NONE',  ( 8.100000000000015632, -23.94959805203179926, 8.231332221103723867 ) ) ;
#4729 = CARTESIAN_POINT ( 'NONE',  ( -13.40894241220451732, -21.99999999999999289, 5.000000000000000000 ) ) ;
#4730 = CARTESIAN_POINT ( 'NONE',  ( -32.93695931358481488, 7.432253073202246263, 13.70927893084826188 ) ) ;
#4731 = CARTESIAN_POINT ( 'NONE',  ( -39.90000000000000568, -1.734723475976807094E-15, 19.00000000000000000 ) ) ;
#4732 = CARTESIAN_POINT ( 'NONE',  ( -14.91596253876792133, -26.27477210837486510, 19.50000000000000000 ) ) ;
#4733 = VECTOR ( 'NONE', #5530, 1000.000000000000000 ) ;
#4734 = DIRECTION ( 'NONE',  ( 9.941108744852765039E-17, -1.000000000000000000, 0.000000000000000000 ) ) ;
#4735 = ORIENTED_EDGE ( 'NONE', *, *, #3069, .F. ) ;
#4736 = CARTESIAN_POINT ( 'NONE',  ( -8.100000000000012079, -23.04863694584712519, -3.930700293082390662 ) ) ;
#4737 = DIRECTION ( 'NONE',  ( 7.228014483236695816E-17, 0.000000000000000000, -1.000000000000000000 ) ) ;
#4738 = VERTEX_POINT ( 'NONE', #5005 ) ;
#4739 = DIRECTION ( 'NONE',  ( 0.000000000000000000, 0.000000000000000000, -1.000000000000000000 ) ) ;
#4740 = ADVANCED_FACE ( 'NONE', ( #2483 ), #3655, .T. ) ;
#4741 = AXIS2_PLACEMENT_3D ( 'NONE', #6026, #5369, #2852 ) ;
#4742 = ORIENTED_EDGE ( 'NONE', *, *, #5405, .F. ) ;
#4743 = CARTESIAN_POINT ( 'NONE',  ( -13.40894241220450667, -25.58953602615439138, 5.155115674397793946 ) ) ;
#4744 = CARTESIAN_POINT ( 'NONE',  ( -4.828932188134533732, 18.00000000000000355, 12.00000000000000000 ) ) ;
#4745 = ADVANCED_FACE ( 'NONE', ( #4916 ), #5538, .F. ) ;
#4746 = CARTESIAN_POINT ( 'NONE',  ( -12.98782974955756409, -30.88951191202493618, -2.842747332713335240 ) ) ;
#4747 = LINE ( 'NONE', #2432, #7976 ) ;
#4748 = AXIS2_PLACEMENT_3D ( 'NONE', #6669, #7245, #6019 ) ;
#4749 = CARTESIAN_POINT ( 'NONE',  ( -41.70715392836645208, -7.958935110693492909, 10.53223440824294421 ) ) ;
#4750 = EDGE_CURVE ( 'NONE', #4188, #5782, #7550, .T. ) ;
#4751 = AXIS2_PLACEMENT_3D ( 'NONE', #4161, #4892, #7393 ) ;
#4752 = VECTOR ( 'NONE', #2948, 1000.000000000000000 ) ;
#4753 = ADVANCED_FACE ( 'NONE', ( #3228 ), #7991, .F. ) ;
#4754 = VERTEX_POINT ( 'NONE', #1863 ) ;
#4755 = CARTESIAN_POINT ( 'NONE',  ( 14.40894241220452265, -21.99999999999999289, 5.000000000000000888 ) ) ;
#4756 = DIRECTION ( 'NONE',  ( -1.000000000000000000, -9.941108744852766272E-17, 0.000000000000000000 ) ) ;
#4757 = CARTESIAN_POINT ( 'NONE',  ( -46.10000000000000142, 4.664761515876235443, 10.50000000000000178 ) ) ;
#4758 = ORIENTED_EDGE ( 'NONE', *, *, #7826, .T. ) ;
#4759 = CARTESIAN_POINT ( 'NONE',  ( -19.42277012257479285, -27.10425286907362263, 0.000000000000000000 ) ) ;
#4760 = CARTESIAN_POINT ( 'NONE',  ( -35.11406214365823786, 1.520245409625205157, 19.87421169664485276 ) ) ;
#4761 = EDGE_CURVE ( 'NONE', #3426, #6384, #5047, .T. ) ;
#4762 = VERTEX_POINT ( 'NONE', #7379 ) ;
#4763 = AXIS2_PLACEMENT_3D ( 'NONE', #5917, #322, #6607 ) ;
#4764 = DIRECTION ( 'NONE',  ( 0.7071067811865505703, 0.7071067811865444641, 0.000000000000000000 ) ) ;
#4765 = DIRECTION ( 'NONE',  ( -1.387778780781445676E-16, -1.379605977354753764E-32, -1.000000000000000000 ) ) ;
#4766 = DIRECTION ( 'NONE',  ( 0.000000000000000000, 0.000000000000000000, -1.000000000000000000 ) ) ;
#4767 = CARTESIAN_POINT ( 'NONE',  ( 10.90180841670002465, -34.08819856468883103, 19.50000000000000000 ) ) ;
#4768 = CARTESIAN_POINT ( 'NONE',  ( -32.82893218813453728, 20.00000000000000000, 19.99999999999999645 ) ) ;
#4769 = ORIENTED_EDGE ( 'NONE', *, *, #3673, .F. ) ;
#4770 = ORIENTED_EDGE ( 'NONE', *, *, #3551, .F. ) ;
#4771 = DIRECTION ( 'NONE',  ( -1.000000000000000000, 0.000000000000000000, 2.891205793294679312E-16 ) ) ;
#4772 = LINE ( 'NONE', #7321, #6320 ) ;
#4773 = DIRECTION ( 'NONE',  ( 1.000000000000000000, 2.668805347656626678E-16, -0.000000000000000000 ) ) ;
#4774 = ORIENTED_EDGE ( 'NONE', *, *, #2119, .T. ) ;
#4775 = CARTESIAN_POINT ( 'NONE',  ( -8.100000000000013856, -15.76272430783131107, -0.1682137251723039573 ) ) ;
#4776 = DIRECTION ( 'NONE',  ( -0.000000000000000000, -0.000000000000000000, 1.000000000000000000 ) ) ;
#4777 = EDGE_LOOP ( 'NONE', ( #2542, #2012, #8070, #2164, #3599, #6229 ) ) ;
#4778 = CARTESIAN_POINT ( 'NONE',  ( -35.19999999999999574, -0.01000000000000653144, 21.00000000000000000 ) ) ;
#4779 = ADVANCED_FACE ( 'NONE', ( #4308, #1197 ), #4432, .F. ) ;
#4780 = ADVANCED_FACE ( 'NONE', ( #6765 ), #32, .F. ) ;
#4781 = DIRECTION ( 'NONE',  ( -1.000000000000000000, -6.624790897247282050E-16, 0.000000000000000000 ) ) ;
#4782 = VECTOR ( 'NONE', #1502, 1000.000000000000000 ) ;
#4783 = CARTESIAN_POINT ( 'NONE',  ( -61.10000000000000142, -2.900000000000015454, 12.00000000000000000 ) ) ;
#4784 = CARTESIAN_POINT ( 'NONE',  ( -11.83431754716741047, -32.00000000000000000, -4.270592657114513635 ) ) ;
#4785 = CARTESIAN_POINT ( 'NONE',  ( 6.100000000000004086, -32.00000000000000000, -5.500000000000001776 ) ) ;
#4786 = CARTESIAN_POINT ( 'NONE',  ( -43.97390881046266742, 5.705232176648351583, 10.81714917570755574 ) ) ;
#4787 = VERTEX_POINT ( 'NONE', #558 ) ;
#4788 = CARTESIAN_POINT ( 'NONE',  ( 35.06755428048343504, -1.892719159909827198, 8.246432679293539181 ) ) ;
#4789 = CARTESIAN_POINT ( 'NONE',  ( -10.90000000000001457, -4.000000000000002665, 21.00000000000000000 ) ) ;
#4790 = CARTESIAN_POINT ( 'NONE',  ( -44.44434019904598188, -0.5396713730777024098, 17.32992071258085431 ) ) ;
#4791 = ORIENTED_EDGE ( 'NONE', *, *, #2239, .T. ) ;
#4792 = DIRECTION ( 'NONE',  ( 0.000000000000000000, 0.000000000000000000, -1.000000000000000000 ) ) ;
#4793 = CARTESIAN_POINT ( 'NONE',  ( -43.59545881514503662, -6.028399530462700717, 13.47128283812230087 ) ) ;
#4794 = ADVANCED_FACE ( 'NONE', ( #7468 ), #6199, .T. ) ;
#4795 = ORIENTED_EDGE ( 'NONE', *, *, #4033, .F. ) ;
#4796 = CARTESIAN_POINT ( 'NONE',  ( -32.82893218813453018, -30.37354648979129834, 19.99999999999999645 ) ) ;
#4797 = DIRECTION ( 'NONE',  ( 0.000000000000000000, 0.000000000000000000, 1.000000000000000000 ) ) ;
#4798 = CARTESIAN_POINT ( 'NONE',  ( 8.171067811865460939, 22.00000000000000355, 17.99999999999999645 ) ) ;
#4799 = DIRECTION ( 'NONE',  ( -0.000000000000000000, -0.000000000000000000, -1.000000000000000000 ) ) ;
#4800 = CARTESIAN_POINT ( 'NONE',  ( -32.51651480623990409, 8.020541725097531938, 13.43878084029409159 ) ) ;
#4801 = VECTOR ( 'NONE', #3831, 1000.000000000000000 ) ;
#4802 = CARTESIAN_POINT ( 'NONE',  ( -14.27150707399277429, -26.41718642295791852, -1.174660897689557615 ) ) ;
#4803 = AXIS2_PLACEMENT_3D ( 'NONE', #872, #1942, #3377 ) ;
#4804 = EDGE_LOOP ( 'NONE', ( #1835, #2901, #262, #7945 ) ) ;
#4805 = LINE ( 'NONE', #1711, #6446 ) ;
#4806 = CARTESIAN_POINT ( 'NONE',  ( -51.97786632896103498, -4.477030072238445513, 10.00435502187377068 ) ) ;
#4807 = ORIENTED_EDGE ( 'NONE', *, *, #1272, .T. ) ;
#4808 = CARTESIAN_POINT ( 'NONE',  ( -8.100000000000013856, -21.88057365365105156, -2.914339642222516513 ) ) ;
#4809 = CARTESIAN_POINT ( 'NONE',  ( -46.22213367103898918, -4.477030072238438407, 13.99564497812624353 ) ) ;
#4810 = ORIENTED_EDGE ( 'NONE', *, *, #1594, .T. ) ;
#4811 = VECTOR ( 'NONE', #4147, 1000.000000000000000 ) ;
#4812 = CARTESIAN_POINT ( 'NONE',  ( -51.55764244422680775, 4.276802767314915599, 9.608372967416432431 ) ) ;
#4813 = AXIS2_PLACEMENT_3D ( 'NONE', #2837, #1743, #5277 ) ;
#4814 = AXIS2_PLACEMENT_3D ( 'NONE', #5163, #4547, #7660 ) ;
#4815 = B_SPLINE_CURVE_WITH_KNOTS ( 'NONE', 3,
 ( #103, #7043, #7656, #5240, #1433, #4581, #1474, #2720, #3813, #3885, #3297, #5158 ),
 .UNSPECIFIED., .F., .F.,
 ( 4, 2, 2, 2, 2, 4 ),
 ( 1.939479807224432123E-18, 0.0004085864697054260915, 0.0008171729394108502315, 0.001021466174263562518, 0.001225759409116275022, 0.001634345878821700680 ),
 .UNSPECIFIED. ) ;
#4816 = LINE ( 'NONE', #2472, #917 ) ;
#4817 = DIRECTION ( 'NONE',  ( 1.000000000000000000, 0.000000000000000000, 0.000000000000000000 ) ) ;
#4818 = CARTESIAN_POINT ( 'NONE',  ( -35.10764868691650520, 1.574636998089075313, 5.772050379498151251 ) ) ;
#4819 = DIRECTION ( 'NONE',  ( -0.000000000000000000, 0.000000000000000000, -1.000000000000000000 ) ) ;
#4820 = CARTESIAN_POINT ( 'NONE',  ( 39.89999999999999858, 18.00000000000001066, 19.99999999999999645 ) ) ;
#4821 = EDGE_LOOP ( 'NONE', ( #2783, #1841, #5200, #1544 ) ) ;
#4822 = CIRCLE ( 'NONE', #2365, 1.749999999999999778 ) ;
#4823 = VERTEX_POINT ( 'NONE', #7422 ) ;
#4824 = VERTEX_POINT ( 'NONE', #2527 ) ;
#4825 = DIRECTION ( 'NONE',  ( -0.000000000000000000, -0.000000000000000000, -1.000000000000000000 ) ) ;
#4826 = LINE ( 'NONE', #5415, #1911 ) ;
#4827 = VECTOR ( 'NONE', #3502, 1000.000000000000000 ) ;
#4828 = CARTESIAN_POINT ( 'NONE',  ( -42.27968359161623368, -1.733506248374875991, 19.31853613600533137 ) ) ;
#4829 = ORIENTED_EDGE ( 'NONE', *, *, #4272, .T. ) ;
#4830 = CARTESIAN_POINT ( 'NONE',  ( 3.918869757271530263E-15, -32.00000000000000000, -10.00000000000000000 ) ) ;
#4831 = CARTESIAN_POINT ( 'NONE',  ( -42.58456515516913043, -7.000000000000000000, 13.75000000000000000 ) ) ;
#4832 = ORIENTED_EDGE ( 'NONE', *, *, #7766, .F. ) ;
#4833 = ORIENTED_EDGE ( 'NONE', *, *, #968, .T. ) ;
#4834 = DIRECTION ( 'NONE',  ( 9.941108744852765039E-17, -1.000000000000000000, 0.000000000000000000 ) ) ;
#4835 = EDGE_CURVE ( 'NONE', #3342, #1914, #7506, .T. ) ;
#4836 = LINE ( 'NONE', #4885, #2318 ) ;
#4837 = EDGE_CURVE ( 'NONE', #1642, #603, #1905, .T. ) ;
#4838 = CARTESIAN_POINT ( 'NONE',  ( 8.171067811865453834, 20.00000000000000355, 16.00000000000000000 ) ) ;
#4839 = CARTESIAN_POINT ( 'NONE',  ( -35.18853156014647254, -0.5719878014969613789, 20.65782659919739217 ) ) ;
#4840 = LINE ( 'NONE', #3716, #993 ) ;
#4841 = CARTESIAN_POINT ( 'NONE',  ( -32.93883809349296143, 7.429473686367322749, 10.28998970699814741 ) ) ;
#4842 = EDGE_CURVE ( 'NONE', #4081, #7115, #6895, .T. ) ;
#4843 = CARTESIAN_POINT ( 'NONE',  ( -26.90000000000000924, -4.000000000000005329, 24.00000000000000000 ) ) ;
#4844 = EDGE_CURVE ( 'NONE', #1902, #2950, #2, .T. ) ;
#4845 = EDGE_CURVE ( 'NONE', #1839, #7509, #5518, .T. ) ;
#4846 = ORIENTED_EDGE ( 'NONE', *, *, #3054, .F. ) ;
#4847 = EDGE_LOOP ( 'NONE', ( #4914, #2761, #7286, #4037 ) ) ;
#4848 = DIRECTION ( 'NONE',  ( 0.000000000000000000, 0.000000000000000000, -1.000000000000000000 ) ) ;
#4849 = CARTESIAN_POINT ( 'NONE',  ( 35.16653843832690285, 0.9826404746024772763, 8.627234942198082734 ) ) ;
#4850 = VECTOR ( 'NONE', #7290, 1000.000000000000000 ) ;
#4851 = PLANE ( 'NONE',  #3343 ) ;
#4852 = B_SPLINE_CURVE_WITH_KNOTS ( 'NONE', 3,
 ( #3550, #7320, #8017, #6704 ),
 .UNSPECIFIED., .F., .F.,
 ( 4, 4 ),
 ( 0.000000000000000000, 0.002337747025560472404 ),
 .UNSPECIFIED. ) ;
#4853 = EDGE_CURVE ( 'NONE', #4824, #607, #7093, .T. ) ;
#4854 = EDGE_LOOP ( 'NONE', ( #1005, #1485, #3948, #1301, #1102, #473 ) ) ;
#4855 = DIRECTION ( 'NONE',  ( 1.000000000000000000, 9.941108744852766272E-17, 0.000000000000000000 ) ) ;
#4856 = CARTESIAN_POINT ( 'NONE',  ( -35.19999999999999574, -1.734723475976807094E-15, 19.00000000000000000 ) ) ;
#4857 = ORIENTED_EDGE ( 'NONE', *, *, #6341, .F. ) ;
#4858 = EDGE_CURVE ( 'NONE', #4250, #7429, #2008, .T. ) ;
#4859 = CARTESIAN_POINT ( 'NONE',  ( -49.10000000000000142, 1.469693845669912458, 9.500000000000005329 ) ) ;
#4860 = EDGE_CURVE ( 'NONE', #1732, #4978, #4021, .T. ) ;
#4861 = EDGE_CURVE ( 'NONE', #8, #1217, #5709, .T. ) ;
#4862 = CARTESIAN_POINT ( 'NONE',  ( 7.100000000000001421, -13.30000000000000249, 12.00000000000000000 ) ) ;
#4863 = DIRECTION ( 'NONE',  ( -1.000000000000000000, -0.000000000000000000, -0.000000000000000000 ) ) ;
#4864 = EDGE_CURVE ( 'NONE', #6809, #2562, #3442, .T. ) ;
#4865 = ORIENTED_EDGE ( 'NONE', *, *, #1647, .T. ) ;
#4866 = DIRECTION ( 'NONE',  ( 0.000000000000000000, 0.000000000000000000, -1.000000000000000000 ) ) ;
#4867 = CARTESIAN_POINT ( 'NONE',  ( -51.10000000000000853, -1.469693845669918453, 14.50000000000000178 ) ) ;
#4868 = DIRECTION ( 'NONE',  ( 1.000000000000000000, 9.941108744852765039E-17, -0.000000000000000000 ) ) ;
#4869 = MECHANICAL_DESIGN_GEOMETRIC_PRESENTATION_REPRESENTATION (  '', ( #3838 ), #5931 ) ;
#4870 = EDGE_LOOP ( 'NONE', ( #3759, #1459, #4769, #1435, #6725 ) ) ;
#4871 = ORIENTED_EDGE ( 'NONE', *, *, #1003, .F. ) ;
#4872 = ORIENTED_EDGE ( 'NONE', *, *, #1702, .T. ) ;
#4873 = CIRCLE ( 'NONE', #2687, 4.900000000000002132 ) ;
#4874 = CARTESIAN_POINT ( 'NONE',  ( -39.90000000000000568, -6.098637220230962441E-16, 5.000000000000000000 ) ) ;
#4875 = CARTESIAN_POINT ( 'NONE',  ( -13.08578643762699123, 27.41421356237308871, 2.000000000000001332 ) ) ;
#4876 = CARTESIAN_POINT ( 'NONE',  ( -42.86043564823408758, -1.738709401991023418, 18.71833530516131461 ) ) ;
#4877 = ORIENTED_EDGE ( 'NONE', *, *, #6495, .T. ) ;
#4878 = DIRECTION ( 'NONE',  ( -0.000000000000000000, 0.000000000000000000, -1.000000000000000000 ) ) ;
#4879 = LINE ( 'NONE', #3747, #143 ) ;
#4880 = ORIENTED_EDGE ( 'NONE', *, *, #2705, .T. ) ;
#4881 = VECTOR ( 'NONE', #4773, 1000.000000000000000 ) ;
#4882 = EDGE_CURVE ( 'NONE', #7420, #6681, #6185, .T. ) ;
#4883 = EDGE_LOOP ( 'NONE', ( #7472, #3144 ) ) ;
#4884 = DIRECTION ( 'NONE',  ( 1.000000000000000000, 0.000000000000000000, 0.000000000000000000 ) ) ;
#4885 = CARTESIAN_POINT ( 'NONE',  ( -44.90000000000004832, 4.899999999999995026, 12.00000000000000000 ) ) ;
#4886 = AXIS2_PLACEMENT_3D ( 'NONE', #4731, #7359, #6176 ) ;
#4887 = CARTESIAN_POINT ( 'NONE',  ( 34.50548299143135722, -4.254505954114474520, 14.56670602086233934 ) ) ;
#4888 = CARTESIAN_POINT ( 'NONE',  ( -13.40894241220451910, -20.99999999999998934, 0.000000000000000000 ) ) ;
#4889 = FACE_OUTER_BOUND ( 'NONE', #5578, .T. ) ;
#4890 = VERTEX_POINT ( 'NONE', #874 ) ;
#4891 = CIRCLE ( 'NONE', #212, 13.29000000000000270 ) ;
#4892 = DIRECTION ( 'NONE',  ( 0.000000000000000000, 0.000000000000000000, 1.000000000000000000 ) ) ;
#4893 = ORIENTED_EDGE ( 'NONE', *, *, #3129, .T. ) ;
#4894 = DIRECTION ( 'NONE',  ( 0.5070201265633942356, -0.8619342151577693567, 0.000000000000000000 ) ) ;
#4895 = DIRECTION ( 'NONE',  ( 0.000000000000000000, 0.000000000000000000, -1.000000000000000000 ) ) ;
#4896 = DIRECTION ( 'NONE',  ( 0.000000000000000000, -0.000000000000000000, 1.000000000000000000 ) ) ;
#4897 = CARTESIAN_POINT ( 'NONE',  ( -32.99999999999998579, -13.50000000000002665, 24.00000000000000000 ) ) ;
#4898 = ORIENTED_EDGE ( 'NONE', *, *, #4882, .F. ) ;
#4899 = CARTESIAN_POINT ( 'NONE',  ( -23.32842712474619162, 18.00000000000000000, 2.000000000000001776 ) ) ;
#4900 = EDGE_LOOP ( 'NONE', ( #4235, #5905, #6814 ) ) ;
#4901 = EDGE_CURVE ( 'NONE', #5717, #5449, #269, .T. ) ;
#4902 = EDGE_CURVE ( 'NONE', #7175, #113, #52, .T. ) ;
#4903 = ADVANCED_FACE ( 'NONE', ( #1364, #5168 ), #7666, .F. ) ;
#4904 = CARTESIAN_POINT ( 'NONE',  ( -52.10000000000000853, -9.567667171349008195E-15, 12.00000000000000000 ) ) ;
#4905 = CARTESIAN_POINT ( 'NONE',  ( 2.499999999999992450, 13.29999999999999893, 12.00000000000000000 ) ) ;
#4906 = ORIENTED_EDGE ( 'NONE', *, *, #6546, .F. ) ;
#4907 = LINE ( 'NONE', #551, #2679 ) ;
#4908 = CARTESIAN_POINT ( 'NONE',  ( -51.10000000000000142, -43.10000000000001563, 10.50000000000000533 ) ) ;
#4909 = DIRECTION ( 'NONE',  ( 1.000000000000000000, 0.000000000000000000, 0.000000000000000000 ) ) ;
#4910 = ORIENTED_EDGE ( 'NONE', *, *, #1207, .F. ) ;
#4911 = VERTEX_POINT ( 'NONE', #1993 ) ;
#4912 = AXIS2_PLACEMENT_3D ( 'NONE', #5594, #4403, #1332 ) ;
#4913 = EDGE_CURVE ( 'NONE', #6960, #2675, #1402, .T. ) ;
#4914 = ORIENTED_EDGE ( 'NONE', *, *, #503, .F. ) ;
#4915 = ORIENTED_EDGE ( 'NONE', *, *, #7938, .T. ) ;
#4916 = FACE_OUTER_BOUND ( 'NONE', #423, .T. ) ;
#4917 = CARTESIAN_POINT ( 'NONE',  ( -27.90000000000001634, -13.00000000000000533, 0.000000000000000000 ) ) ;
#4918 = CARTESIAN_POINT ( 'NONE',  ( -11.67157287525389009, 28.00000000000000355, 5.000000000000004441 ) ) ;
#4919 = EDGE_LOOP ( 'NONE', ( #5546, #5581, #3757, #1883, #4013, #1195, #6116, #4178 ) ) ;
#4920 = VERTEX_POINT ( 'NONE', #3861 ) ;
#4921 = DIRECTION ( 'NONE',  ( 1.000000000000000000, -0.000000000000000000, 0.000000000000000000 ) ) ;
#4922 = CARTESIAN_POINT ( 'NONE',  ( -43.88100259145568316, -5.783069346452410997, 13.26219053632793710 ) ) ;
#4923 = AXIS2_PLACEMENT_3D ( 'NONE', #7798, #241, #2816 ) ;
#4924 = ORIENTED_EDGE ( 'NONE', *, *, #4186, .F. ) ;
#4925 = EDGE_LOOP ( 'NONE', ( #4931, #7625, #6874, #7265, #646, #3526, #3059, #933, #5145, #3333, #4924, #1044, #5685, #3118, #2877, #6537 ) ) ;
#4926 = CARTESIAN_POINT ( 'NONE',  ( 35.20000000000002416, 0.3475947746976878472, 15.25091358929041796 ) ) ;
#4927 = CYLINDRICAL_SURFACE ( 'NONE', #2450, 5.000000000000000888 ) ;
#4928 = CARTESIAN_POINT ( 'NONE',  ( 34.76467590440478972, -3.384081366975751681, 13.02660998673339954 ) ) ;
#4929 = CARTESIAN_POINT ( 'NONE',  ( -35.17793599857751019, -0.7827257084425113254, 20.56936278260027962 ) ) ;
#4930 = LINE ( 'NONE', #6084, #745 ) ;
#4931 = ORIENTED_EDGE ( 'NONE', *, *, #4253, .F. ) ;
#4932 = VERTEX_POINT ( 'NONE', #6366 ) ;
#4933 = ORIENTED_EDGE ( 'NONE', *, *, #3277, .T. ) ;
#4934 = ORIENTED_EDGE ( 'NONE', *, *, #1115, .F. ) ;
#4935 = ORIENTED_EDGE ( 'NONE', *, *, #6107, .T. ) ;
#4936 = CARTESIAN_POINT ( 'NONE',  ( -1.500000000000000222, 1.836970198721030181E-16, 0.000000000000000000 ) ) ;
#4937 = FACE_BOUND ( 'NONE', #4686, .T. ) ;
#4938 = FACE_OUTER_BOUND ( 'NONE', #7474, .T. ) ;
#4939 = AXIS2_PLACEMENT_3D ( 'NONE', #6155, #4960, #1281 ) ;
#4940 = DIRECTION ( 'NONE',  ( -1.000000000000000000, -2.668805347656630623E-16, -0.000000000000000000 ) ) ;
#4941 = DIRECTION ( 'NONE',  ( 7.228014483236693351E-17, -1.000000000000000000, 0.000000000000000000 ) ) ;
#4942 = EDGE_LOOP ( 'NONE', ( #7394, #7757, #863, #1340 ) ) ;
#4943 = LINE ( 'NONE', #7454, #6646 ) ;
#4944 = AXIS2_PLACEMENT_3D ( 'NONE', #2517, #6353, #6230 ) ;
#4945 = CARTESIAN_POINT ( 'NONE',  ( -35.19999999999999574, 0.009999999999899845948, 6.749971428338189305 ) ) ;
#4946 = CARTESIAN_POINT ( 'NONE',  ( -7.634771516046922288E-15, 7.000000000000002665, 12.00000000000000000 ) ) ;
#4947 = EDGE_CURVE ( 'NONE', #6930, #1261, #3266, .T. ) ;
#4948 = CIRCLE ( 'NONE', #1429, 3.750000000000001776 ) ;
#4949 = ORIENTED_EDGE ( 'NONE', *, *, #3714, .F. ) ;
#4950 = FACE_OUTER_BOUND ( 'NONE', #4468, .T. ) ;
#4951 = DIRECTION ( 'NONE',  ( 0.000000000000000000, 0.000000000000000000, -1.000000000000000000 ) ) ;
#4952 = ORIENTED_EDGE ( 'NONE', *, *, #1150, .F. ) ;
#4953 = DIRECTION ( 'NONE',  ( -0.000000000000000000, -0.000000000000000000, -1.000000000000000000 ) ) ;
#4954 = AXIS2_PLACEMENT_3D ( 'NONE', #6062, #2149, #1567 ) ;
#4955 = ORIENTED_EDGE ( 'NONE', *, *, #2630, .T. ) ;
#4956 = EDGE_CURVE ( 'NONE', #3097, #7420, #61, .T. ) ;
#4957 = ORIENTED_EDGE ( 'NONE', *, *, #2615, .F. ) ;
#4958 = TOROIDAL_SURFACE ( 'NONE', #1434, 20.03028554974586939, 10.00000000000000000 ) ;
#4959 = ORIENTED_EDGE ( 'NONE', *, *, #312, .T. ) ;
#4960 = DIRECTION ( 'NONE',  ( 9.637352644315594010E-17, -1.000000000000000000, 0.000000000000000000 ) ) ;
#4961 = CARTESIAN_POINT ( 'NONE',  ( -35.10764868691649809, -1.574636998089089746, 4.227949620501879835 ) ) ;
#4962 = CARTESIAN_POINT ( 'NONE',  ( 32.05353095920903428, -8.601245666578812177, 8.601175468522754386 ) ) ;
#4963 = EDGE_LOOP ( 'NONE', ( #2111, #6301, #4935, #1731, #6976, #7700 ) ) ;
#4964 = CIRCLE ( 'NONE', #2892, 1.000000000000000888 ) ;
#4965 = EDGE_CURVE ( 'NONE', #476, #1801, #6565, .T. ) ;
#4966 = ORIENTED_EDGE ( 'NONE', *, *, #1378, .T. ) ;
#4967 = FACE_OUTER_BOUND ( 'NONE', #2482, .T. ) ;
#4968 = AXIS2_PLACEMENT_3D ( 'NONE', #6746, #540, #2511 ) ;
#4969 = EDGE_CURVE ( 'NONE', #1914, #6802, #2667, .T. ) ;
#4970 = CARTESIAN_POINT ( 'NONE',  ( -51.46878128347870529, 1.580626454401270475, 9.568075532492887447 ) ) ;
#4971 = ORIENTED_EDGE ( 'NONE', *, *, #8059, .T. ) ;
#4972 = VERTEX_POINT ( 'NONE', #462 ) ;
#4973 = LINE ( 'NONE', #7478, #4040 ) ;
#4974 = CARTESIAN_POINT ( 'NONE',  ( 34.13415103185758426, 5.229521766202651634, 8.685442543772298407 ) ) ;
#4975 = PLANE ( 'NONE',  #6665 ) ;
#4976 = CARTESIAN_POINT ( 'NONE',  ( -35.10764868691650520, -1.574636998089089301, 18.22794962050187095 ) ) ;
#4977 = CYLINDRICAL_SURFACE ( 'NONE', #7664, 3.750000000000001776 ) ;
#4978 = VERTEX_POINT ( 'NONE', #4744 ) ;
#4979 = AXIS2_PLACEMENT_3D ( 'NONE', #4077, #7144, #6530 ) ;
#4980 = ORIENTED_EDGE ( 'NONE', *, *, #1345, .T. ) ;
#4981 = EDGE_CURVE ( 'NONE', #2334, #3246, #5989, .T. ) ;
#4982 = VERTEX_POINT ( 'NONE', #953 ) ;
#4983 = VERTEX_POINT ( 'NONE', #4206 ) ;
#4984 = DIRECTION ( 'NONE',  ( -8.673617379884027583E-16, -1.000000000000000000, -0.000000000000000000 ) ) ;
#4985 = CARTESIAN_POINT ( 'NONE',  ( -14.91596253876791422, -26.27477210837486865, -0.8582941469662187517 ) ) ;
#4986 = LINE ( 'NONE', #6707, #207 ) ;
#4987 = ORIENTED_EDGE ( 'NONE', *, *, #1608, .T. ) ;
#4988 = CYLINDRICAL_SURFACE ( 'NONE', #3330, 1.750000000000005107 ) ;
#4989 = ORIENTED_EDGE ( 'NONE', *, *, #6438, .F. ) ;
#4990 = DIRECTION ( 'NONE',  ( 1.000000000000000000, -0.000000000000000000, -0.000000000000000000 ) ) ;
#4991 = AXIS2_PLACEMENT_3D ( 'NONE', #6481, #4590, #2610 ) ;
#4992 = CARTESIAN_POINT ( 'NONE',  ( -41.05000000000001847, -8.750000000000000000, 12.13586833565213219 ) ) ;
#4993 = DIRECTION ( 'NONE',  ( -1.387778780781445676E-16, -1.379605977354753764E-32, -1.000000000000000000 ) ) ;
#4994 = EDGE_CURVE ( 'NONE', #4932, #1859, #3414, .T. ) ;
#4995 = VERTEX_POINT ( 'NONE', #2956 ) ;
#4996 = CARTESIAN_POINT ( 'NONE',  ( 13.40894241220452621, -31.99999999999999289, 19.50000000000000000 ) ) ;
#4997 = CARTESIAN_POINT ( 'NONE',  ( -41.11538844702478457, -0.5450179556553206295, 3.331477670710428107 ) ) ;
#4998 = DIRECTION ( 'NONE',  ( 1.000000000000000000, -0.000000000000000000, -0.000000000000000000 ) ) ;
#4999 = VERTEX_POINT ( 'NONE', #1649 ) ;
#5000 =( BOUNDED_CURVE ( )  B_SPLINE_CURVE ( 3, ( #4131, #7366, #6633, #3525 ),
 .UNSPECIFIED., .F., .F. ) 
 B_SPLINE_CURVE_WITH_KNOTS ( ( 4, 4 ),
 ( 1.823476581936963825, 3.204137245992624283 ),
 .UNSPECIFIED. ) 
 CURVE ( )  GEOMETRIC_REPRESENTATION_ITEM ( )  RATIONAL_B_SPLINE_CURVE ( ( 1.000000000000000000, 0.8473571362025635878, 0.8473571362025635878, 1.000000000000000000 ) ) 
 REPRESENTATION_ITEM ( '' )  );
#5001 = VECTOR ( 'NONE', #3307, 1000.000000000000000 ) ;
#5002 = ORIENTED_EDGE ( 'NONE', *, *, #6925, .T. ) ;
#5003 = EDGE_CURVE ( 'NONE', #3327, #561, #5131, .T. ) ;
#5004 = ORIENTED_EDGE ( 'NONE', *, *, #2836, .T. ) ;
#5005 = CARTESIAN_POINT ( 'NONE',  ( -24.71784614963141280, -13.00000000000000533, 21.00000000000000000 ) ) ;
#5006 = CARTESIAN_POINT ( 'NONE',  ( -35.08559234099653423, -1.750076570125762787, 4.887382520673781983 ) ) ;
#5007 = CARTESIAN_POINT ( 'NONE',  ( -32.82893218813453728, 18.00000000000000000, 16.00000000000000000 ) ) ;
#5008 = EDGE_CURVE ( 'NONE', #1774, #3833, #4100, .T. ) ;
#5009 = ORIENTED_EDGE ( 'NONE', *, *, #3551, .T. ) ;
#5010 = CARTESIAN_POINT ( 'NONE',  ( -8.500000000000003553, 18.00000000000000355, 2.000000000000000888 ) ) ;
#5011 = VECTOR ( 'NONE', #676, 1000.000000000000000 ) ;
#5012 = CARTESIAN_POINT ( 'NONE',  ( -43.44971852861098682, 1.547418779149457801, 18.15891867536075921 ) ) ;
#5013 = ORIENTED_EDGE ( 'NONE', *, *, #5479, .F. ) ;
#5014 = EDGE_CURVE ( 'NONE', #1575, #1806, #4087, .T. ) ;
#5015 = VERTEX_POINT ( 'NONE', #7788 ) ;
#5016 = AXIS2_PLACEMENT_3D ( 'NONE', #1436, #6511, #4583 ) ;
#5017 = ADVANCED_FACE ( 'NONE', ( #6636 ), #313, .T. ) ;
#5018 = CARTESIAN_POINT ( 'NONE',  ( 35.13612734764232925, 1.320441800301388691, 15.48624068921291119 ) ) ;
#5019 = CARTESIAN_POINT ( 'NONE',  ( 34.76464971839578055, 3.384186211764380836, 10.97257507689956668 ) ) ;
#5020 = ADVANCED_FACE ( 'NONE', ( #3458 ), #6675, .F. ) ;
#5021 = DIRECTION ( 'NONE',  ( 1.000000000000000000, 0.000000000000000000, 0.000000000000000000 ) ) ;
#5022 = DIRECTION ( 'NONE',  ( 1.000000000000000000, 0.000000000000000000, -0.000000000000000000 ) ) ;
#5023 = FACE_OUTER_BOUND ( 'NONE', #7775, .T. ) ;
#5024 = ORIENTED_EDGE ( 'NONE', *, *, #6563, .T. ) ;
#5025 = VECTOR ( 'NONE', #6963, 1000.000000000000000 ) ;
#5026 = ORIENTED_EDGE ( 'NONE', *, *, #2830, .T. ) ;
#5027 = ORIENTED_EDGE ( 'NONE', *, *, #3693, .T. ) ;
#5028 = VECTOR ( 'NONE', #7310, 1000.000000000000000 ) ;
#5029 = ORIENTED_EDGE ( 'NONE', *, *, #2338, .T. ) ;
#5030 = DIRECTION ( 'NONE',  ( 3.958748233630339645E-17, 1.000000000000000000, -0.000000000000000000 ) ) ;
#5031 = CYLINDRICAL_SURFACE ( 'NONE', #4704, 6.099999999999999645 ) ;
#5032 = DIRECTION ( 'NONE',  ( 7.228014483236695816E-17, -1.000000000000000000, 0.000000000000000000 ) ) ;
#5033 = FACE_OUTER_BOUND ( 'NONE', #2796, .T. ) ;
#5034 = VERTEX_POINT ( 'NONE', #7865 ) ;
#5035 = LINE ( 'NONE', #3809, #7831 ) ;
#5036 = CARTESIAN_POINT ( 'NONE',  ( 21.90999999999990777, -13.30000000000000249, 21.00000000000000000 ) ) ;
#5037 = LINE ( 'NONE', #7541, #1727 ) ;
#5038 = ORIENTED_EDGE ( 'NONE', *, *, #1501, .F. ) ;
#5039 = DIRECTION ( 'NONE',  ( -0.000000000000000000, -0.000000000000000000, 1.000000000000000000 ) ) ;
#5040 = CARTESIAN_POINT ( 'NONE',  ( 1.192933049382330868E-15, -7.999999999999994671, 12.00000000000000000 ) ) ;
#5041 = EDGE_CURVE ( 'NONE', #4920, #736, #2137, .T. ) ;
#5042 = CARTESIAN_POINT ( 'NONE',  ( -39.90000000000000568, 7.000000000000003553, 13.75000000000000000 ) ) ;
#5043 = ORIENTED_EDGE ( 'NONE', *, *, #870, .T. ) ;
#5044 = EDGE_CURVE ( 'NONE', #5554, #2675, #7901, .T. ) ;
#5045 = UNCERTAINTY_MEASURE_WITH_UNIT (LENGTH_MEASURE( 1.000000000000000082E-05 ), #7128, 'distance_accuracy_value', 'NONE');
#5046 = AXIS2_PLACEMENT_3D ( 'NONE', #7391, #482, #2980 ) ;
#5047 = LINE ( 'NONE', #2396, #5743 ) ;
#5048 = CARTESIAN_POINT ( 'NONE',  ( -35.12783511428878569, -1.394533561296537050, 3.936671103348180711 ) ) ;
#5049 = DIRECTION ( 'NONE',  ( 1.000000000000000000, -0.000000000000000000, -0.000000000000000000 ) ) ;
#5050 = VERTEX_POINT ( 'NONE', #1722 ) ;
#5051 = VERTEX_POINT ( 'NONE', #2921 ) ;
#5052 = CARTESIAN_POINT ( 'NONE',  ( -43.97434313980473775, 5.704867219154385438, 13.18249271423658087 ) ) ;
#5053 = DIRECTION ( 'NONE',  ( -1.491166311727914324E-16, 1.000000000000000000, 0.000000000000000000 ) ) ;
#5054 = CIRCLE ( 'NONE', #7918, 14.09999999999999432 ) ;
#5055 = VERTEX_POINT ( 'NONE', #4783 ) ;
#5056 = CYLINDRICAL_SURFACE ( 'NONE', #4428, 1.749999999999999778 ) ;
#5057 = CARTESIAN_POINT ( 'NONE',  ( 34.79251658139789072, 3.276160645306382957, 12.51176708107245439 ) ) ;
#5058 = AXIS2_PLACEMENT_3D ( 'NONE', #2782, #2743, #4642 ) ;
#5059 = DIRECTION ( 'NONE',  ( -9.941108744852765039E-17, 1.000000000000000000, 0.000000000000000000 ) ) ;
#5060 = DIRECTION ( 'NONE',  ( 0.000000000000000000, 0.000000000000000000, -1.000000000000000000 ) ) ;
#5061 = CARTESIAN_POINT ( 'NONE',  ( 14.40894241220452265, -20.99999999999998934, -0.1826378282930800623 ) ) ;
#5062 = EDGE_CURVE ( 'NONE', #7088, #2593, #2306, .T. ) ;
#5063 = VECTOR ( 'NONE', #6686, 1000.000000000000000 ) ;
#5064 = VERTEX_POINT ( 'NONE', #2851 ) ;
#5065 = VERTEX_POINT ( 'NONE', #6717 ) ;
#5066 = DIRECTION ( 'NONE',  ( -0.000000000000000000, -0.000000000000000000, -1.000000000000000000 ) ) ;
#5067 = LINE ( 'NONE', #816, #2242 ) ;
#5068 = LINE ( 'NONE', #4493, #6594 ) ;
#5069 = CARTESIAN_POINT ( 'NONE',  ( 17.89999999999998792, -1.275480926296549500E-15, 22.75000000000000000 ) ) ;
#5070 = ORIENTED_EDGE ( 'NONE', *, *, #2647, .F. ) ;
#5071 = CARTESIAN_POINT ( 'NONE',  ( 21.90999999999991132, 13.29999999999999893, 0.000000000000000000 ) ) ;
#5072 = DIRECTION ( 'NONE',  ( 1.000000000000000000, 0.000000000000000000, 0.000000000000000000 ) ) ;
#5073 = LINE ( 'NONE', #4461, #3004 ) ;
#5074 = AXIS2_PLACEMENT_3D ( 'NONE', #3823, #8086, #3140 ) ;
#5075 = DIRECTION ( 'NONE',  ( 1.000000000000000000, 0.000000000000000000, 0.000000000000000000 ) ) ;
#5076 = ORIENTED_EDGE ( 'NONE', *, *, #683, .T. ) ;
#5077 = LINE ( 'NONE', #7734, #4613 ) ;
#5078 = CARTESIAN_POINT ( 'NONE',  ( -42.85905843001809501, -1.738729883063402371, 5.280249824222925881 ) ) ;
#5079 = DIRECTION ( 'NONE',  ( 1.387778780781445676E-16, 1.379605977354753764E-32, 1.000000000000000000 ) ) ;
#5080 = VERTEX_POINT ( 'NONE', #2193 ) ;
#5081 = AXIS2_PLACEMENT_3D ( 'NONE', #7948, #507, #4216 ) ;
#5082 = AXIS2_PLACEMENT_3D ( 'NONE', #552, #2344, #7333 ) ;
#5083 = DIRECTION ( 'NONE',  ( 0.000000000000000000, 0.000000000000000000, 1.000000000000000000 ) ) ;
#5084 = ORIENTED_EDGE ( 'NONE', *, *, #7690, .F. ) ;
#5085 = DIRECTION ( 'NONE',  ( 1.000000000000000000, 9.941108744852763806E-17, -0.000000000000000000 ) ) ;
#5086 = DIRECTION ( 'NONE',  ( 0.000000000000000000, 0.000000000000000000, -1.000000000000000000 ) ) ;
#5087 = CARTESIAN_POINT ( 'NONE',  ( 29.78416435227374848, -10.71666747106441697, 11.42793538860323643 ) ) ;
#5088 = VECTOR ( 'NONE', #1270, 1000.000000000000000 ) ;
#5089 = DIRECTION ( 'NONE',  ( 0.000000000000000000, 0.000000000000000000, -1.000000000000000000 ) ) ;
#5090 = DIRECTION ( 'NONE',  ( -2.775557561562891351E-16, -2.759211954709507528E-32, -1.000000000000000000 ) ) ;
#5091 = AXIS2_PLACEMENT_3D ( 'NONE', #4187, #1249, #2971 ) ;
#5092 = CIRCLE ( 'NONE', #3282, 11.09999999999999609 ) ;
#5093 = EDGE_LOOP ( 'NONE', ( #3760, #1882, #4394, #1174, #4411, #6789, #98 ) ) ;
#5094 = EDGE_CURVE ( 'NONE', #4389, #8049, #6437, .T. ) ;
#5095 = CARTESIAN_POINT ( 'NONE',  ( 34.66048472976889627, 3.758245689874038398, 18.77896048420990383 ) ) ;
#5096 = VECTOR ( 'NONE', #7744, 1000.000000000000000 ) ;
#5097 = DIRECTION ( 'NONE',  ( -1.000000000000000000, 0.000000000000000000, 0.000000000000000000 ) ) ;
#5098 = LINE ( 'NONE', #770, #4326 ) ;
#5099 = FACE_OUTER_BOUND ( 'NONE', #4777, .T. ) ;
#5100 = CYLINDRICAL_SURFACE ( 'NONE', #5437, 5.000000000000000888 ) ;
#5101 = AXIS2_PLACEMENT_3D ( 'NONE', #184, #2142, #222 ) ;
#5102 = VECTOR ( 'NONE', #5294, 1000.000000000000000 ) ;
#5103 = VERTEX_POINT ( 'NONE', #7827 ) ;
#5104 = ORIENTED_EDGE ( 'NONE', *, *, #1899, .F. ) ;
#5105 = ADVANCED_FACE ( 'NONE', ( #2234 ), #4708, .T. ) ;
#5106 = ORIENTED_EDGE ( 'NONE', *, *, #331, .T. ) ;
#5107 = CARTESIAN_POINT ( 'NONE',  ( 34.86438814013874321, 2.981138845947452598, 7.288173661596490938 ) ) ;
#5108 = DIRECTION ( 'NONE',  ( 0.000000000000000000, 0.000000000000000000, -1.000000000000000000 ) ) ;
#5109 = ADVANCED_FACE ( 'NONE', ( #1767 ), #7459, .F. ) ;
#5110 = DIRECTION ( 'NONE',  ( -1.000000000000000000, -2.668805347656626678E-16, 0.000000000000000000 ) ) ;
#5111 = VERTEX_POINT ( 'NONE', #632 ) ;
#5112 = CARTESIAN_POINT ( 'NONE',  ( 7.100000000000000533, -13.30000000000000249, 21.00000000000000000 ) ) ;
#5113 = ADVANCED_FACE ( 'NONE', ( #3689 ), #2994, .F. ) ;
#5114 = EDGE_CURVE ( 'NONE', #6365, #4700, #6188, .T. ) ;
#5115 = DIRECTION ( 'NONE',  ( -1.000000000000000000, 0.000000000000000000, 0.000000000000000000 ) ) ;
#5116 = CARTESIAN_POINT ( 'NONE',  ( -8.099999999999996092, -17.99999999999999645, 0.000000000000000000 ) ) ;
#5117 = B_SPLINE_CURVE_WITH_KNOTS ( 'NONE', 3,
 ( #1305, #6421, #7079, #1385, #3960, #5691, #5185, #7683, #3248, #3878 ),
 .UNSPECIFIED., .F., .F.,
 ( 4, 2, 2, 2, 4 ),
 ( 4.336808689942017255E-19, 0.001923257203792189986, 0.003846514407584379538, 0.005769771611376569090, 0.007693028815168758208 ),
 .UNSPECIFIED. ) ;
#5118 = VERTEX_POINT ( 'NONE', #3643 ) ;
#5119 = EDGE_CURVE ( 'NONE', #4009, #3016, #5037, .T. ) ;
#5120 = ADVANCED_FACE ( 'NONE', ( #5484 ), #24, .F. ) ;
#5121 = DIRECTION ( 'NONE',  ( 0.000000000000000000, 0.000000000000000000, -1.000000000000000000 ) ) ;
#5122 = DIRECTION ( 'NONE',  ( 0.000000000000000000, 1.000000000000000000, 0.000000000000000000 ) ) ;
#5123 = DIRECTION ( 'NONE',  ( -0.000000000000000000, -0.000000000000000000, -1.000000000000000000 ) ) ;
#5124 = ORIENTED_EDGE ( 'NONE', *, *, #2811, .F. ) ;
#5125 = EDGE_CURVE ( 'NONE', #6150, #169, #2790, .T. ) ;
#5126 = CARTESIAN_POINT ( 'NONE',  ( -14.06584112540547515, -26.36826020881670729, 5.089699414653221510 ) ) ;
#5127 = ORIENTED_EDGE ( 'NONE', *, *, #370, .F. ) ;
#5128 = DIRECTION ( 'NONE',  ( 1.000000000000000000, 0.000000000000000000, 0.000000000000000000 ) ) ;
#5129 = CARTESIAN_POINT ( 'NONE',  ( -35.18853156014647254, -0.5719878014969613789, 6.657826599197391282 ) ) ;
#5130 = DIRECTION ( 'NONE',  ( -0.000000000000000000, -0.000000000000000000, -1.000000000000000000 ) ) ;
#5131 = CIRCLE ( 'NONE', #1067, 1.749999999999999778 ) ;
#5132 = CARTESIAN_POINT ( 'NONE',  ( -44.17099830979041997, 0.9772454956294481798, 17.54401867114108171 ) ) ;
#5133 = CIRCLE ( 'NONE', #1604, 16.09999999999999787 ) ;
#5134 = VERTEX_POINT ( 'NONE', #2473 ) ;
#5135 = PLANE ( 'NONE',  #3137 ) ;
#5136 = CARTESIAN_POINT ( 'NONE',  ( 33.83395742348622548, 5.883884942357519243, 15.58780038804907342 ) ) ;
#5137 = ORIENTED_EDGE ( 'NONE', *, *, #4842, .T. ) ;
#5138 = CARTESIAN_POINT ( 'NONE',  ( 33.00000000000000000, 13.50000000000000533, 0.000000000000000000 ) ) ;
#5139 = CYLINDRICAL_SURFACE ( 'NONE', #7961, 2.000000000000001776 ) ;
#5140 = FACE_OUTER_BOUND ( 'NONE', #6771, .T. ) ;
#5141 = ORIENTED_EDGE ( 'NONE', *, *, #1981, .F. ) ;
#5142 = B_SPLINE_CURVE_WITH_KNOTS ( 'NONE', 3,
 ( #3711, #6212, #6295, #609, #3194, #4, #4974, #1916, #5680, #1876, #86, #4361, #6868, #1254, #5019, #3752, #2576, #6254, #5057, #651, #1953, #3153, #5639, #2538, #7521, #5877, #5918, #926, #7143, #5136, #2739, #4599, #3986, #2702 ),
 .UNSPECIFIED., .F., .F.,
 ( 4, 2, 2, 2, 2, 2, 2, 2, 2, 2, 2, 2, 2, 2, 2, 2, 4 ),
 ( 1.734723475976806902E-18, 0.0007690842017040556500, 0.001538168403408109565, 0.002307252605112163589, 0.003076336806816217396, 0.003845421008520271636, 0.004614505210224325443, 0.005383589411928379684, 0.006152673613632435659, 0.006921757815336489900, 0.007690842017040542405, 0.008459926218744596646, 0.009229010420448650887, 0.009998094622152705127, 0.01076717882385675763, 0.01153626302556081361, 0.01230534722726486958 ),
 .UNSPECIFIED. ) ;
#5143 = EDGE_CURVE ( 'NONE', #3327, #3421, #6272, .T. ) ;
#5144 = AXIS2_PLACEMENT_3D ( 'NONE', #905, #5121, #751 ) ;
#5145 = ORIENTED_EDGE ( 'NONE', *, *, #1100, .T. ) ;
#5146 = ORIENTED_EDGE ( 'NONE', *, *, #941, .T. ) ;
#5147 = CARTESIAN_POINT ( 'NONE',  ( -8.500000000000005329, 23.00000000000004619, 5.000000000000003553 ) ) ;
#5148 = CARTESIAN_POINT ( 'NONE',  ( 21.90999999999991132, 13.29999999999999893, 0.000000000000000000 ) ) ;
#5149 = LINE ( 'NONE', #6351, #2156 ) ;
#5150 = ORIENTED_EDGE ( 'NONE', *, *, #2821, .F. ) ;
#5151 = CARTESIAN_POINT ( 'NONE',  ( 7.100000000000001421, -7.999999999999994671, 1.000000000000000888 ) ) ;
#5152 = EDGE_CURVE ( 'NONE', #2334, #1033, #7982, .T. ) ;
#5153 = VECTOR ( 'NONE', #1842, 1000.000000000000000 ) ;
#5154 = VERTEX_POINT ( 'NONE', #5661 ) ;
#5155 = AXIS2_PLACEMENT_3D ( 'NONE', #2986, #4895, #622 ) ;
#5156 = FACE_BOUND ( 'NONE', #4347, .T. ) ;
#5157 = ORIENTED_EDGE ( 'NONE', *, *, #1793, .T. ) ;
#5158 = CARTESIAN_POINT ( 'NONE',  ( -47.10000000000000853, 4.214261501141087329, 14.50000000000000178 ) ) ;
#5159 = ORIENTED_EDGE ( 'NONE', *, *, #159, .F. ) ;
#5160 =( NAMED_UNIT ( * ) PLANE_ANGLE_UNIT ( ) SI_UNIT ( $, .RADIAN. ) );
#5161 = DIRECTION ( 'NONE',  ( 0.000000000000000000, -1.000000000000000000, 0.000000000000000000 ) ) ;
#5162 = EDGE_CURVE ( 'NONE', #2465, #5111, #8077, .T. ) ;
#5163 = CARTESIAN_POINT ( 'NONE',  ( 39.89999999999999147, -7.000000000000000888, 12.00000000000000000 ) ) ;
#5164 = ORIENTED_EDGE ( 'NONE', *, *, #7443, .F. ) ;
#5165 = EDGE_CURVE ( 'NONE', #5453, #769, #7970, .T. ) ;
#5166 = CARTESIAN_POINT ( 'NONE',  ( -51.74873921103974084, -1.809024329207267856, 14.27056592741835850 ) ) ;
#5167 = EDGE_LOOP ( 'NONE', ( #1049, #3235, #2505, #8033 ) ) ;
#5168 = FACE_BOUND ( 'NONE', #6829, .T. ) ;
#5169 = LINE ( 'NONE', #2073, #8002 ) ;
#5170 = CARTESIAN_POINT ( 'NONE',  ( -43.59230669101837918, 6.033075069669691537, 13.46229162746448971 ) ) ;
#5171 = CARTESIAN_POINT ( 'NONE',  ( 14.58802541192839897, -26.41203802242528553, 5.020232313500425647 ) ) ;
#5172 = EDGE_CURVE ( 'NONE', #2645, #5726, #7497, .T. ) ;
#5173 = LINE ( 'NONE', #3984, #2991 ) ;
#5174 = CARTESIAN_POINT ( 'NONE',  ( 12.19027332866472335, -31.57709651873897272, 6.867639612147274697 ) ) ;
#5175 = ORIENTED_EDGE ( 'NONE', *, *, #807, .F. ) ;
#5176 = VERTEX_POINT ( 'NONE', #1894 ) ;
#5177 = DIRECTION ( 'NONE',  ( -1.387778780781445676E-16, -1.379605977354753764E-32, -1.000000000000000000 ) ) ;
#5178 = CARTESIAN_POINT ( 'NONE',  ( -33.82583095531591511, 5.896065306366562453, 13.36267149924719710 ) ) ;
#5179 = CIRCLE ( 'NONE', #2579, 1.000000000000000888 ) ;
#5180 = CARTESIAN_POINT ( 'NONE',  ( -43.29286791558431702, -6.305000074440552993, 10.39070154921070532 ) ) ;
#5181 = ORIENTED_EDGE ( 'NONE', *, *, #7405, .F. ) ;
#5182 = CIRCLE ( 'NONE', #6241, 16.09999999999999787 ) ;
#5183 = LINE ( 'NONE', #293, #1001 ) ;
#5184 = ORIENTED_EDGE ( 'NONE', *, *, #763, .T. ) ;
#5185 = CARTESIAN_POINT ( 'NONE',  ( 17.22292344055617974, -28.39828032908459932, -0.2820378549172070648 ) ) ;
#5186 = CARTESIAN_POINT ( 'NONE',  ( -26.90000000000000924, -3.000000000000004441, 21.00000000000000000 ) ) ;
#5187 = DIRECTION ( 'NONE',  ( 0.7071067811865473507, 0.7071067811865477948, -0.000000000000000000 ) ) ;
#5188 = ORIENTED_EDGE ( 'NONE', *, *, #4750, .T. ) ;
#5189 = PLANE ( 'NONE',  #2346 ) ;
#5190 = VECTOR ( 'NONE', #916, 1000.000000000000000 ) ;
#5191 = CARTESIAN_POINT ( 'NONE',  ( 35.20000000000000995, -6.098637220230962441E-16, 5.000000000000000000 ) ) ;
#5192 = DIRECTION ( 'NONE',  ( 1.000000000000000000, 0.000000000000000000, -0.000000000000000000 ) ) ;
#5193 = ORIENTED_EDGE ( 'NONE', *, *, #4526, .T. ) ;
#5194 = DIRECTION ( 'NONE',  ( 0.8619342151577693567, 0.5070201265633940135, 0.000000000000000000 ) ) ;
#5195 = FACE_OUTER_BOUND ( 'NONE', #4377, .T. ) ;
#5196 = ORIENTED_EDGE ( 'NONE', *, *, #6327, .T. ) ;
#5197 = ORIENTED_EDGE ( 'NONE', *, *, #6059, .F. ) ;
#5198 = EDGE_CURVE ( 'NONE', #2567, #7858, #497, .T. ) ;
#5199 = CARTESIAN_POINT ( 'NONE',  ( -9.500000000000003553, 19.00000000000000355, 2.000000000000001776 ) ) ;
#5200 = ORIENTED_EDGE ( 'NONE', *, *, #7709, .F. ) ;
#5201 = CARTESIAN_POINT ( 'NONE',  ( 15.19564259934681694, -26.11025442568140065, -0.7163841967157524859 ) ) ;
#5202 = LINE ( 'NONE', #2259, #958 ) ;
#5203 = APPLICATION_PROTOCOL_DEFINITION ( 'draft international standard', 'automotive_design', 1998, #5642 ) ;
#5204 = CARTESIAN_POINT ( 'NONE',  ( -35.12783511428879279, -1.394533561296535940, 17.93667110334817849 ) ) ;
#5205 = CARTESIAN_POINT ( 'NONE',  ( 29.74937305118848840, 10.74168680153251110, 12.28775712871582293 ) ) ;
#5206 = ORIENTED_EDGE ( 'NONE', *, *, #2957, .F. ) ;
#5207 = CARTESIAN_POINT ( 'NONE',  ( -32.15301278125318163, -8.478325587135111974, 11.05643166002538713 ) ) ;
#5208 = VECTOR ( 'NONE', #6858, 1000.000000000000000 ) ;
#5209 = APPLICATION_CONTEXT ( 'automotive_design' ) ;
#5210 = EDGE_CURVE ( 'NONE', #5050, #214, #3921, .T. ) ;
#5211 = VECTOR ( 'NONE', #668, 1000.000000000000000 ) ;
#5212 = CYLINDRICAL_SURFACE ( 'NONE', #4679, 0.9999999999999991118 ) ;
#5213 = DIRECTION ( 'NONE',  ( -0.000000000000000000, -0.000000000000000000, 1.000000000000000000 ) ) ;
#5214 = CARTESIAN_POINT ( 'NONE',  ( 13.40894241220452443, -25.41283789321709818, 19.50000000000000355 ) ) ;
#5215 = ADVANCED_FACE ( 'NONE', ( #5528 ), #1096, .T. ) ;
#5216 = CARTESIAN_POINT ( 'NONE',  ( -8.100000000000013856, -21.60274562915926921, 5.930530637367523283 ) ) ;
#5217 = VECTOR ( 'NONE', #7451, 1000.000000000000000 ) ;
#5218 = B_SPLINE_CURVE_WITH_KNOTS ( 'NONE', 3,
 ( #4985, #621, #58, #3762, #3725, #1176, #5562, #7397 ),
 .UNSPECIFIED., .F., .F.,
 ( 4, 2, 2, 4 ),
 ( 1.084202172485504434E-19, 0.002094823660771794917, 0.003142235491157694110, 0.004189647321543593303 ),
 .UNSPECIFIED. ) ;
#5219 = CARTESIAN_POINT ( 'NONE',  ( -42.58456515516911622, 7.000000000000002665, 10.25000000000000000 ) ) ;
#5220 = LINE ( 'NONE', #4114, #4782 ) ;
#5221 = VERTEX_POINT ( 'NONE', #3601 ) ;
#5222 = CIRCLE ( 'NONE', #5884, 3.750000000000000000 ) ;
#5223 = VECTOR ( 'NONE', #3647, 1000.000000000000000 ) ;
#5224 = ORIENTED_EDGE ( 'NONE', *, *, #6269, .T. ) ;
#5225 = CARTESIAN_POINT ( 'NONE',  ( -12.01323481708019258, -31.76500108086967344, 18.67253769237217398 ) ) ;
#5226 = EDGE_CURVE ( 'NONE', #5065, #4234, #2363, .T. ) ;
#5227 = ORIENTED_EDGE ( 'NONE', *, *, #2032, .T. ) ;
#5228 = CARTESIAN_POINT ( 'NONE',  ( 35.19288379952308787, 0.5073948963063066309, 1.276347795368413252 ) ) ;
#5229 = CARTESIAN_POINT ( 'NONE',  ( 8.100000000000015632, -24.18038858147815162, 8.738009979733389443 ) ) ;
#5230 = AXIS2_PLACEMENT_3D ( 'NONE', #1351, #2644, #2682 ) ;
#5231 = B_SPLINE_CURVE_WITH_KNOTS ( 'NONE', 3,
 ( #6639, #2893, #5328, #2197, #1028, #317, #4104, #6602, #7185, #5372, #957, #992, #7102, #1573, #5950, #7869, #2854, #1492, #237, #2735, #5207, #5252, #6522, #274, #7707, #5992, #6486, #3381 ),
 .UNSPECIFIED., .F., .F.,
 ( 4, 2, 2, 2, 2, 2, 2, 2, 2, 2, 2, 2, 2, 4 ),
 ( 0.005833844676642087335, 0.006598019938096762703, 0.006980107568824100821, 0.007362195199551439806, 0.007744282830278777924, 0.008126370461006116042, 0.008508458091733455894, 0.008890545722460794012, 0.009272633353188132130, 0.009654720983915471982, 0.01003680861464281010, 0.01041889624537014822, 0.01118307150682483660, 0.01194724676827952671 ),
 .UNSPECIFIED. ) ;
#5232 = CARTESIAN_POINT ( 'NONE',  ( 21.21076683067359880, -21.99999999999999289, 5.000000000000000888 ) ) ;
#5233 = VERTEX_POINT ( 'NONE', #4905 ) ;
#5234 = AXIS2_PLACEMENT_3D ( 'NONE', #7435, #1832, #3712 ) ;
#5235 = DIRECTION ( 'NONE',  ( -2.815536131330090089E-16, 1.000000000000000000, 0.000000000000000000 ) ) ;
#5236 = CIRCLE ( 'NONE', #2225, 4.999999999999997335 ) ;
#5237 = EDGE_CURVE ( 'NONE', #4680, #1890, #7409, .T. ) ;
#5238 = FACE_OUTER_BOUND ( 'NONE', #3695, .T. ) ;
#5239 = VERTEX_POINT ( 'NONE', #1186 ) ;
#5240 = CARTESIAN_POINT ( 'NONE',  ( -46.22225052016673885, 4.476878839404366595, 13.99602929697240050 ) ) ;
#5241 = ORIENTED_EDGE ( 'NONE', *, *, #3054, .T. ) ;
#5242 = CARTESIAN_POINT ( 'NONE',  ( -38.43553390593274344, 14.46446609406725692, 21.00000000000000000 ) ) ;
#5243 = CARTESIAN_POINT ( 'NONE',  ( 33.00000000000000000, 13.50000000000000533, 24.00000000000000000 ) ) ;
#5244 = ORIENTED_EDGE ( 'NONE', *, *, #2647, .T. ) ;
#5245 = CARTESIAN_POINT ( 'NONE',  ( -8.500000000000003553, 18.00000000000000355, 10.82842712474618985 ) ) ;
#5246 = EDGE_CURVE ( 'NONE', #2605, #3219, #1697, .T. ) ;
#5247 = CARTESIAN_POINT ( 'NONE',  ( -4.828932188134533732, 18.00000000000000355, 12.00000000000000000 ) ) ;
#5248 = AXIS2_PLACEMENT_3D ( 'NONE', #3864, #117, #5798 ) ;
#5249 = CARTESIAN_POINT ( 'NONE',  ( -35.18853156014647254, 0.5719878014968811097, 3.342173400802582517 ) ) ;
#5250 = CARTESIAN_POINT ( 'NONE',  ( -44.55000000000003979, 5.250000000000003553, 12.00000000000000000 ) ) ;
#5251 = ORIENTED_EDGE ( 'NONE', *, *, #7259, .F. ) ;
#5252 = CARTESIAN_POINT ( 'NONE',  ( -32.26429230804946968, -8.341895335763078734, 10.87080353275521283 ) ) ;
#5253 = EDGE_CURVE ( 'NONE', #7587, #7486, #670, .T. ) ;
#5254 = ORIENTED_EDGE ( 'NONE', *, *, #504, .T. ) ;
#5255 = CARTESIAN_POINT ( 'NONE',  ( -14.98761331371183481, -26.23262459370197419, 5.000000000000000000 ) ) ;
#5256 = CARTESIAN_POINT ( 'NONE',  ( -42.21844338719476752, 7.386376281631642726, 10.29034917570597329 ) ) ;
#5257 = CARTESIAN_POINT ( 'NONE',  ( -41.15379450373781367, 0.6727589353603768973, 3.379140471218303077 ) ) ;
#5258 = ORIENTED_EDGE ( 'NONE', *, *, #6555, .F. ) ;
#5259 = ORIENTED_EDGE ( 'NONE', *, *, #5591, .T. ) ;
#5260 = CARTESIAN_POINT ( 'NONE',  ( -8.100000000000013856, -24.33554382753258949, 9.261598825231978083 ) ) ;
#5261 = LINE ( 'NONE', #3503, #7307 ) ;
#5262 = CARTESIAN_POINT ( 'NONE',  ( -51.72801874222157181, 4.333855140938264405, 14.28874352885655874 ) ) ;
#5263 = ORIENTED_EDGE ( 'NONE', *, *, #2915, .F. ) ;
#5264 = EDGE_CURVE ( 'NONE', #3638, #606, #4543, .T. ) ;
#5265 = ORIENTED_EDGE ( 'NONE', *, *, #1625, .T. ) ;
#5266 = CIRCLE ( 'NONE', #183, 11.09999999999999609 ) ;
#5267 = EDGE_CURVE ( 'NONE', #3708, #1588, #7087, .T. ) ;
#5268 = ORIENTED_EDGE ( 'NONE', *, *, #1823, .T. ) ;
#5269 = DIRECTION ( 'NONE',  ( -1.000000000000000000, 0.000000000000000000, 0.000000000000000000 ) ) ;
#5270 = DIRECTION ( 'NONE',  ( -1.000000000000000000, -1.734723475976807094E-15, 4.336808689942017736E-16 ) ) ;
#5271 = DIRECTION ( 'NONE',  ( 0.7071067811865505703, 0.7071067811865444641, 0.000000000000000000 ) ) ;
#5272 = DIRECTION ( 'NONE',  ( 1.000000000000000000, 0.000000000000000000, 0.000000000000000000 ) ) ;
#5273 = CIRCLE ( 'NONE', #1742, 4.900000000000002132 ) ;
#5274 = ORIENTED_EDGE ( 'NONE', *, *, #6825, .F. ) ;
#5275 = DIRECTION ( 'NONE',  ( -1.000000000000000000, -7.228014483236695816E-17, 0.000000000000000000 ) ) ;
#5276 = AXIS2_PLACEMENT_3D ( 'NONE', #6964, #4536, #7036 ) ;
#5277 = DIRECTION ( 'NONE',  ( 1.000000000000000000, 0.000000000000000000, -0.000000000000000000 ) ) ;
#5278 = ORIENTED_EDGE ( 'NONE', *, *, #2007, .F. ) ;
#5279 = CARTESIAN_POINT ( 'NONE',  ( -10.90000000000001457, -13.00000000000000355, 21.00000000000000000 ) ) ;
#5280 = ORIENTED_EDGE ( 'NONE', *, *, #6374, .F. ) ;
#5281 = CARTESIAN_POINT ( 'NONE',  ( -8.100000000000013856, -22.67181458229958224, -3.578187166845328004 ) ) ;
#5282 = CARTESIAN_POINT ( 'NONE',  ( -1.058768248026764169, -18.00000000000000000, 19.50000000000000000 ) ) ;
#5283 = ORIENTED_EDGE ( 'NONE', *, *, #3585, .T. ) ;
#5284 = LINE ( 'NONE', #5362, #1172 ) ;
#5285 = CIRCLE ( 'NONE', #7886, 4.900000000000002132 ) ;
#5286 = ORIENTED_EDGE ( 'NONE', *, *, #5457, .F. ) ;
#5287 = EDGE_LOOP ( 'NONE', ( #4565, #6053, #7375, #2347 ) ) ;
#5288 = CYLINDRICAL_SURFACE ( 'NONE', #6009, 13.28999999999999915 ) ;
#5289 = CLOSED_SHELL ( 'NONE', ( #7538, #7270, #5113, #7652, #2445, #7062, #3672, #465, #2228, #2112, #5109, #7177, #4519, #1990, #4745, #3128, #6648, #5728, #40, #6070, #6013, #6354, #495, #1745, #4130, #5525, #1984, #6604, #3065, #1644, #4482, #445, #1964, #527, #1983, #7473, #3425, #3233, #6579, #165, #5105, #5353, #4794, #7767, #4541, #4601, #5984, #1700, #1861, #1963, #1367, #2516, #7020, #4740, #6372, #7760, #5619, #6171, #229, #6914, #681, #4005, #1089, #3549, #5564, #7802, #264, #7419, #4779, #4260, #3234, #7870, #8014, #3303, #1092, #3236, #110, #589, #4780, #4623, #4648, #7264, #2131, #4382, #1149, #1718, #3665, #5600, #3901, #2319, #2151, #1216, #7466, #5511, #1373, #6574, #7406, #2718, #7480, #5776, #2077, #4655, #6321, #1408, #5215, #1051, #1039, #5610, #4244, #4616, #5951, #6595, #4516, #3666, #3092, #1478, #3588, #4506, #4724, #1288, #4753, #4001, #7025, #226, #8013, #7161, #647, #7414, #6252, #7517, #6797, #5611, #6012, #6333, #4556, #1507, #6496, #5754, #4246, #172, #3883, #7392, #319, #7772, #1166, #6383, #5017, #4105, #7458, #7180, #7430, #208, #2272, #1978, #7174, #7162, #171, #1811, #6475, #4368, #3718, #2596, #7626, #3198, #3847, #6461, #8073, #4051, #4903, #3420, #3678, #7897, #5373, #4359, #6561, #6820, #2232, #1251, #553, #210, #5120, #5461, #2040, #5459, #4305, #4509, #6824, #1470, #4019, #5704, #2992, #7752, #4611, #3471, #2508, #6624, #8075, #3651, #3040, #5020, #5993, #1763, #5338, #7231, #1645, #3283 ) ) ;
#5290 = ORIENTED_EDGE ( 'NONE', *, *, #3693, .F. ) ;
#5291 = CARTESIAN_POINT ( 'NONE',  ( 39.89999999999999147, -6.098637220230962441E-16, 5.000000000000000000 ) ) ;
#5292 = LINE ( 'NONE', #7789, #3254 ) ;
#5293 = DIRECTION ( 'NONE',  ( -0.000000000000000000, -0.000000000000000000, 1.000000000000000000 ) ) ;
#5294 = DIRECTION ( 'NONE',  ( -1.000000000000000000, -2.668805347656626678E-16, -0.000000000000000000 ) ) ;
#5295 = CARTESIAN_POINT ( 'NONE',  ( -41.86921551476105208, -7.773448325847216012, 10.42657378116709666 ) ) ;
#5296 = EDGE_CURVE ( 'NONE', #2907, #6819, #4964, .T. ) ;
#5297 = EDGE_LOOP ( 'NONE', ( #249, #7861, #2544 ) ) ;
#5298 = CARTESIAN_POINT ( 'NONE',  ( -39.90000000000000568, -1.734723475976807094E-15, 19.00000000000000000 ) ) ;
#5299 = CARTESIAN_POINT ( 'NONE',  ( -14.91596253876791245, -26.27477210837486865, 24.00000000000000000 ) ) ;
#5300 = DIRECTION ( 'NONE',  ( 0.000000000000000000, 0.000000000000000000, -1.000000000000000000 ) ) ;
#5301 = EDGE_LOOP ( 'NONE', ( #7239, #5542 ) ) ;
#5302 = ORIENTED_EDGE ( 'NONE', *, *, #7181, .T. ) ;
#5303 = CARTESIAN_POINT ( 'NONE',  ( -4.828932188134533732, 20.00000000000000000, 12.00000000000000000 ) ) ;
#5304 = CARTESIAN_POINT ( 'NONE',  ( -35.17790709849746378, 0.7832316136644268401, 20.56911697655915461 ) ) ;
#5305 = DIRECTION ( 'NONE',  ( -0.000000000000000000, 0.000000000000000000, 1.000000000000000000 ) ) ;
#5306 = ORIENTED_EDGE ( 'NONE', *, *, #2659, .F. ) ;
#5307 = ORIENTED_EDGE ( 'NONE', *, *, #7813, .F. ) ;
#5308 = CARTESIAN_POINT ( 'NONE',  ( -8.500000000000000000, 19.00000000000000355, 24.00000000000000711 ) ) ;
#5309 = CARTESIAN_POINT ( 'NONE',  ( 34.30211663119364829, -4.817149091723047505, 15.05876533518901716 ) ) ;
#5310 = LINE ( 'NONE', #296, #3213 ) ;
#5311 = CARTESIAN_POINT ( 'NONE',  ( -33.21327386202775500, -7.000000000000000888, 10.25000000000000000 ) ) ;
#5312 = DIRECTION ( 'NONE',  ( 0.000000000000000000, -1.000000000000000000, 0.000000000000000000 ) ) ;
#5313 = AXIS2_PLACEMENT_3D ( 'NONE', #7807, #5926, #892 ) ;
#5314 = CYLINDRICAL_SURFACE ( 'NONE', #148, 4.900000000000002132 ) ;
#5315 = CARTESIAN_POINT ( 'NONE',  ( 13.40894241220452621, -24.27969276859689529, -1.097260984739580669 ) ) ;
#5316 = AXIS2_PLACEMENT_3D ( 'NONE', #1326, #8088, #4473 ) ;
#5317 = ORIENTED_EDGE ( 'NONE', *, *, #2069, .T. ) ;
#5318 = FACE_OUTER_BOUND ( 'NONE', #4233, .T. ) ;
#5319 = CARTESIAN_POINT ( 'NONE',  ( -39.89999999999999858, -10.92893218813452449, 21.00000000000000000 ) ) ;
#5320 = ORIENTED_EDGE ( 'NONE', *, *, #7659, .T. ) ;
#5321 = CARTESIAN_POINT ( 'NONE',  ( 34.89999999999999147, 18.00000000000000711, 21.00000000000000000 ) ) ;
#5322 = VERTEX_POINT ( 'NONE', #5744 ) ;
#5323 = ORIENTED_EDGE ( 'NONE', *, *, #2493, .F. ) ;
#5324 = CARTESIAN_POINT ( 'NONE',  ( 21.91421356237307450, 18.58578643762691485, 9.414213562373079824 ) ) ;
#5325 = CARTESIAN_POINT ( 'NONE',  ( 39.89999999999999147, 7.000000000000003553, 12.00000000000000000 ) ) ;
#5326 = CARTESIAN_POINT ( 'NONE',  ( -8.099999999999996092, -13.68054751897977361, 0.000000000000000000 ) ) ;
#5327 = CARTESIAN_POINT ( 'NONE',  ( 33.06173616172801388, 7.245046083964238548, 15.74999999999999645 ) ) ;
#5328 = CARTESIAN_POINT ( 'NONE',  ( -32.93659651780497200, -7.432765681730452378, 13.70906021505201977 ) ) ;
#5329 = EDGE_CURVE ( 'NONE', #4823, #3426, #4815, .T. ) ;
#5330 = CARTESIAN_POINT ( 'NONE',  ( 34.66297014953885736, -3.749766359467806343, 4.751013671601050703 ) ) ;
#5331 = CARTESIAN_POINT ( 'NONE',  ( -42.39991217600215379, 7.192183362325283547, 10.25780077853820771 ) ) ;
#5332 = CARTESIAN_POINT ( 'NONE',  ( -44.38622151436537422, -0.6594815273943478440, 17.37441346116268193 ) ) ;
#5333 = AXIS2_PLACEMENT_3D ( 'NONE', #1617, #7910, #2199 ) ;
#5334 = ORIENTED_EDGE ( 'NONE', *, *, #6682, .T. ) ;
#5335 = FACE_OUTER_BOUND ( 'NONE', #2748, .T. ) ;
#5336 = CARTESIAN_POINT ( 'NONE',  ( -35.12795923864889858, 1.401237537353287044, 17.92730893865599029 ) ) ;
#5337 = DIRECTION ( 'NONE',  ( 0.000000000000000000, 0.000000000000000000, -1.000000000000000000 ) ) ;
#5338 = ADVANCED_FACE ( 'NONE', ( #748 ), #2759, .F. ) ;
#5339 = VECTOR ( 'NONE', #3340, 1000.000000000000000 ) ;
#5340 = ORIENTED_EDGE ( 'NONE', *, *, #300, .T. ) ;
#5341 = AXIS2_PLACEMENT_3D ( 'NONE', #5724, #5769, #124 ) ;
#5342 = DIRECTION ( 'NONE',  ( -0.000000000000000000, -0.000000000000000000, -1.000000000000000000 ) ) ;
#5343 = EDGE_CURVE ( 'NONE', #4234, #593, #3929, .T. ) ;
#5344 = LINE ( 'NONE', #1667, #5357 ) ;
#5345 = CARTESIAN_POINT ( 'NONE',  ( 35.20000000000000995, -0.3476052291319022269, 15.25091361716906135 ) ) ;
#5346 = AXIS2_PLACEMENT_3D ( 'NONE', #3296, #140, #1391 ) ;
#5347 = CARTESIAN_POINT ( 'NONE',  ( -52.10000000000000853, -9.567667171349009773E-15, 12.00000000000000000 ) ) ;
#5348 = DIRECTION ( 'NONE',  ( 2.668805347656626678E-16, -1.000000000000000000, 0.000000000000000000 ) ) ;
#5349 = CIRCLE ( 'NONE', #6407, 1.000000000000000000 ) ;
#5350 = EDGE_CURVE ( 'NONE', #6401, #6072, #4575, .T. ) ;
#5351 = EDGE_CURVE ( 'NONE', #6913, #3016, #3216, .T. ) ;
#5352 = VECTOR ( 'NONE', #7387, 1000.000000000000000 ) ;
#5353 = ADVANCED_FACE ( 'NONE', ( #3332 ), #7732, .T. ) ;
#5354 = FACE_OUTER_BOUND ( 'NONE', #180, .T. ) ;
#5355 = LINE ( 'NONE', #6626, #2400 ) ;
#5356 = CARTESIAN_POINT ( 'NONE',  ( -13.40894241220451732, -25.41283789321709818, 24.00000000000000000 ) ) ;
#5357 = VECTOR ( 'NONE', #2940, 1000.000000000000000 ) ;
#5358 = EDGE_LOOP ( 'NONE', ( #6440, #7417 ) ) ;
#5359 = DIRECTION ( 'NONE',  ( 0.000000000000000000, 0.000000000000000000, 1.000000000000000000 ) ) ;
#5360 = CARTESIAN_POINT ( 'NONE',  ( -46.47198125777844524, -4.333855140938282169, 14.28874352885655874 ) ) ;
#5361 = ORIENTED_EDGE ( 'NONE', *, *, #5976, .T. ) ;
#5362 = CARTESIAN_POINT ( 'NONE',  ( 39.89999999999999147, -12.99999999999999112, 24.00000000000000000 ) ) ;
#5363 = EDGE_CURVE ( 'NONE', #5856, #1902, #1316, .T. ) ;
#5364 = CIRCLE ( 'NONE', #3668, 1.749999999999999778 ) ;
#5365 = ORIENTED_EDGE ( 'NONE', *, *, #54, .F. ) ;
#5366 = DIRECTION ( 'NONE',  ( 0.000000000000000000, 0.000000000000000000, -1.000000000000000000 ) ) ;
#5367 = EDGE_CURVE ( 'NONE', #4983, #2465, #2847, .T. ) ;
#5368 = DIRECTION ( 'NONE',  ( 1.387778780781445676E-16, 1.379605977354753491E-32, 1.000000000000000000 ) ) ;
#5369 = DIRECTION ( 'NONE',  ( 1.000000000000000000, 0.000000000000000000, -0.000000000000000000 ) ) ;
#5370 = FACE_OUTER_BOUND ( 'NONE', #399, .T. ) ;
#5371 = AXIS2_PLACEMENT_3D ( 'NONE', #3313, #5682, #5059 ) ;
#5372 = CARTESIAN_POINT ( 'NONE',  ( -32.15378629169983782, -8.477397741305908951, 12.94511430862858070 ) ) ;
#5373 = ADVANCED_FACE ( 'NONE', ( #789 ), #4462, .T. ) ;
#5374 = CIRCLE ( 'NONE', #34, 2.000000000000000000 ) ;
#5375 = ORIENTED_EDGE ( 'NONE', *, *, #2689, .T. ) ;
#5376 = CARTESIAN_POINT ( 'NONE',  ( 35.00344356079791908, -2.296394935079964394, 7.974606068307851459 ) ) ;
#5377 = DIRECTION ( 'NONE',  ( -3.469446951953613696E-16, -1.000000000000000000, 0.000000000000000000 ) ) ;
#5378 = DIRECTION ( 'NONE',  ( 1.000000000000000000, 2.668805347656626678E-16, -0.000000000000000000 ) ) ;
#5379 = CARTESIAN_POINT ( 'NONE',  ( 8.851824210691090045, 18.04581756529978520, 10.33126607751207793 ) ) ;
#5380 = CARTESIAN_POINT ( 'NONE',  ( 8.100000000000017408, -20.58003716319701937, -2.011065166362877576 ) ) ;
#5381 = CARTESIAN_POINT ( 'NONE',  ( 17.89999999999998792, -1.734723475976807094E-15, 19.00000000000000000 ) ) ;
#5382 = ORIENTED_EDGE ( 'NONE', *, *, #4091, .F. ) ;
#5383 = AXIS2_PLACEMENT_3D ( 'NONE', #3529, #5908, #6025 ) ;
#5384 = DIRECTION ( 'NONE',  ( 1.000000000000000000, -0.000000000000000000, -0.000000000000000000 ) ) ;
#5385 = CARTESIAN_POINT ( 'NONE',  ( -11.83431754716741047, -32.00000000000000000, -4.270592657114513635 ) ) ;
#5386 = CARTESIAN_POINT ( 'NONE',  ( 35.13626690652721862, -1.319065335417788365, 15.48571043528989044 ) ) ;
#5387 = EDGE_CURVE ( 'NONE', #5473, #1427, #142, .T. ) ;
#5388 = CARTESIAN_POINT ( 'NONE',  ( 21.90999999999991132, 13.29999999999999893, 21.00000000000000000 ) ) ;
#5389 = LINE ( 'NONE', #6700, #1298 ) ;
#5390 = VECTOR ( 'NONE', #7629, 1000.000000000000000 ) ;
#5391 = EDGE_CURVE ( 'NONE', #3723, #962, #2022, .T. ) ;
#5392 = DIRECTION ( 'NONE',  ( 0.000000000000000000, 0.000000000000000000, -1.000000000000000000 ) ) ;
#5393 = DIRECTION ( 'NONE',  ( 0.000000000000000000, 0.000000000000000000, 1.000000000000000000 ) ) ;
#5394 = CARTESIAN_POINT ( 'NONE',  ( -13.40894241220451732, -25.41283789321709818, 19.50000000000000000 ) ) ;
#5395 = PRESENTATION_LAYER_ASSIGNMENT (  '', '', ( #3838 ) ) ;
#5396 = CARTESIAN_POINT ( 'NONE',  ( -4.828932188134533732, 20.00000000000000355, 14.00000000000000000 ) ) ;
#5397 = ORIENTED_EDGE ( 'NONE', *, *, #6815, .F. ) ;
#5398 = DIRECTION ( 'NONE',  ( 0.000000000000000000, -1.000000000000000000, 0.000000000000000000 ) ) ;
#5399 = CARTESIAN_POINT ( 'NONE',  ( -44.90000000000004832, -4.900000000000010125, 12.00000000000000000 ) ) ;
#5400 = ORIENTED_EDGE ( 'NONE', *, *, #7076, .T. ) ;
#5401 = DIRECTION ( 'NONE',  ( -0.000000000000000000, 0.000000000000000000, -1.000000000000000000 ) ) ;
#5402 = AXIS2_PLACEMENT_3D ( 'NONE', #6266, #4896, #5566 ) ;
#5403 = CARTESIAN_POINT ( 'NONE',  ( -51.65067355744990607, -1.708632156454272355, 9.654537367874253206 ) ) ;
#5404 = DIRECTION ( 'NONE',  ( -2.775557561562891351E-16, -2.759211954709507528E-32, -1.000000000000000000 ) ) ;
#5405 = EDGE_CURVE ( 'NONE', #3150, #5444, #7930, .T. ) ;
#5406 = CARTESIAN_POINT ( 'NONE',  ( -12.03259403175210629, -31.73957371700904773, -3.986956387939514457 ) ) ;
#5407 = DIRECTION ( 'NONE',  ( 0.000000000000000000, 0.000000000000000000, 1.000000000000000000 ) ) ;
#5408 = AXIS2_PLACEMENT_3D ( 'NONE', #6918, #2672, #5108 ) ;
#5409 = EDGE_CURVE ( 'NONE', #7944, #739, #5431, .T. ) ;
#5410 = CARTESIAN_POINT ( 'NONE',  ( -13.40894241220451732, -23.08875635019541050, 5.000000000000000000 ) ) ;
#5411 = ORIENTED_EDGE ( 'NONE', *, *, #3432, .T. ) ;
#5412 = B_SPLINE_CURVE_WITH_KNOTS ( 'NONE', 3,
 ( #6710, #2879, #3637, #7364, #5360, #6020, #4809, #6055, #1087, #2988 ),
 .UNSPECIFIED., .F., .F.,
 ( 4, 2, 2, 2, 4 ),
 ( 0.000000000000000000, 0.0004085130822169332908, 0.0008170261644338665816, 0.001225539246650799927, 0.001634052328867733163 ),
 .UNSPECIFIED. ) ;
#5413 = VECTOR ( 'NONE', #1704, 1000.000000000000000 ) ;
#5414 = CARTESIAN_POINT ( 'NONE',  ( 34.69758470286595298, -3.629980641251425055, 5.972590478321731844 ) ) ;
#5415 = CARTESIAN_POINT ( 'NONE',  ( -13.40894241220451732, -25.41283789321709818, 24.00000000000000000 ) ) ;
#5416 = CYLINDRICAL_SURFACE ( 'NONE', #5853, 1.750000000000005107 ) ;
#5417 = DIRECTION ( 'NONE',  ( -1.491166311727914324E-16, 1.000000000000000000, 0.000000000000000000 ) ) ;
#5418 = VECTOR ( 'NONE', #2640, 1000.000000000000000 ) ;
#5419 = CARTESIAN_POINT ( 'NONE',  ( 8.100000000000013856, -24.41053361559591295, -5.500000000000001776 ) ) ;
#5420 = EDGE_LOOP ( 'NONE', ( #8060, #7733, #7467, #1417 ) ) ;
#5421 = AXIS2_PLACEMENT_3D ( 'NONE', #4636, #5836, #2121 ) ;
#5422 = CARTESIAN_POINT ( 'NONE',  ( -34.90000000000000568, 18.00000000000000000, 24.00000000000000000 ) ) ;
#5423 = ORIENTED_EDGE ( 'NONE', *, *, #7906, .F. ) ;
#5424 = CARTESIAN_POINT ( 'NONE',  ( 15.17106781186546449, 22.00000000000000355, 17.99999999999999645 ) ) ;
#5425 = LINE ( 'NONE', #2979, #7898 ) ;
#5426 = CARTESIAN_POINT ( 'NONE',  ( -36.36446609406726793, 16.53553390593273775, 21.00000000000000000 ) ) ;
#5427 = DIRECTION ( 'NONE',  ( 0.000000000000000000, 0.000000000000000000, -1.000000000000000000 ) ) ;
#5428 = EDGE_LOOP ( 'NONE', ( #6497, #4346, #5157, #5667, #1866, #6458, #5302, #7370, #2364, #167 ) ) ;
#5429 = CYLINDRICAL_SURFACE ( 'NONE', #8039, 5.000000000000000888 ) ;
#5430 = CARTESIAN_POINT ( 'NONE',  ( 35.20000000000000995, 0.009999999999907260156, 1.250013333357037570 ) ) ;
#5431 = LINE ( 'NONE', #2910, #4625 ) ;
#5432 = EDGE_LOOP ( 'NONE', ( #4735, #754, #517, #6382, #1323, #4989 ) ) ;
#5433 = CARTESIAN_POINT ( 'NONE',  ( -8.100000000000013856, -21.46610979792072982, -2.603054850191206970 ) ) ;
#5434 = DIRECTION ( 'NONE',  ( -0.000000000000000000, -0.000000000000000000, -1.000000000000000000 ) ) ;
#5435 = ORIENTED_EDGE ( 'NONE', *, *, #3891, .F. ) ;
#5436 = DIRECTION ( 'NONE',  ( 2.668805347656626678E-16, -1.000000000000000000, 0.000000000000000000 ) ) ;
#5437 = AXIS2_PLACEMENT_3D ( 'NONE', #206, #3356, #7072 ) ;
#5438 = VERTEX_POINT ( 'NONE', #5356 ) ;
#5439 = CARTESIAN_POINT ( 'NONE',  ( -1.682681771697502882E-13, 40.50000000000004263, 1.999999999999999556 ) ) ;
#5440 = CARTESIAN_POINT ( 'NONE',  ( -8.500000000000003553, 18.00000000000000355, 5.000000000000004441 ) ) ;
#5441 = CARTESIAN_POINT ( 'NONE',  ( 20.71778695723699215, -22.86193421515775981, 0.000000000000000000 ) ) ;
#5442 = DIRECTION ( 'NONE',  ( -7.228014483236695816E-17, 1.000000000000000000, -0.000000000000000000 ) ) ;
#5443 = CARTESIAN_POINT ( 'NONE',  ( -11.09226922333779974, -33.36933407530141693, 9.108831845676984784 ) ) ;
#5444 = VERTEX_POINT ( 'NONE', #5396 ) ;
#5445 = AXIS2_PLACEMENT_3D ( 'NONE', #6767, #3612, #2897 ) ;
#5446 = EDGE_CURVE ( 'NONE', #6106, #5051, #5285, .T. ) ;
#5447 = EDGE_CURVE ( 'NONE', #1821, #2461, #5547, .T. ) ;
#5448 = ORIENTED_EDGE ( 'NONE', *, *, #4002, .T. ) ;
#5449 = VERTEX_POINT ( 'NONE', #1557 ) ;
#5450 = CARTESIAN_POINT ( 'NONE',  ( -11.45338753058756431, -32.57352274141852178, -4.833621600446380562 ) ) ;
#5451 = DIRECTION ( 'NONE',  ( 0.000000000000000000, 0.000000000000000000, 1.000000000000000000 ) ) ;
#5452 = CARTESIAN_POINT ( 'NONE',  ( -43.05613710576685094, -1.696414327697927327, 18.52706364004325579 ) ) ;
#5453 = VERTEX_POINT ( 'NONE', #414 ) ;
#5454 = CARTESIAN_POINT ( 'NONE',  ( -9.750000000000000000, 24.00000000000000355, 5.000000000000000888 ) ) ;
#5455 = CARTESIAN_POINT ( 'NONE',  ( -51.97894105385592667, 2.112077775724785500, 10.00696500036839787 ) ) ;
#5456 = ORIENTED_EDGE ( 'NONE', *, *, #2856, .T. ) ;
#5457 = EDGE_CURVE ( 'NONE', #2567, #1022, #4695, .T. ) ;
#5458 = VERTEX_POINT ( 'NONE', #7854 ) ;
#5459 = ADVANCED_FACE ( 'NONE', ( #4054 ), #7209, .F. ) ;
#5460 = DIRECTION ( 'NONE',  ( -0.000000000000000000, -0.000000000000000000, 1.000000000000000000 ) ) ;
#5461 = ADVANCED_FACE ( 'NONE', ( #3483 ), #6588, .F. ) ;
#5462 = LINE ( 'NONE', #1744, #3607 ) ;
#5463 = CARTESIAN_POINT ( 'NONE',  ( -11.58406159680921554, -32.32869872130611810, 18.17804216228353198 ) ) ;
#5464 = CARTESIAN_POINT ( 'NONE',  ( 11.20145094972492572, -33.08651792010250148, -5.207213999445056807 ) ) ;
#5465 = LINE ( 'NONE', #2412, #231 ) ;
#5466 = B_SPLINE_CURVE_WITH_KNOTS ( 'NONE', 3,
 ( #6513, #5904, #5823, #6593, #3488, #3405, #1438, #2105, #2844, #7860, #2882, #2185, #5985, #1522, #307, #2266, #227, #6478, #7171, #6435, #2799, #2764, #3374, #2146 ),
 .UNSPECIFIED., .F., .F.,
 ( 4, 2, 2, 2, 2, 2, 2, 2, 2, 2, 2, 4 ),
 ( 0.000000000000000000, 0.0007292305845802610252, 0.001458461169160522050, 0.002187691753740783184, 0.002552307046030914944, 0.002916922338321046703, 0.003646152922901310222, 0.004010768215191438078, 0.004375383507481566368, 0.004739998799771694658, 0.005104614092061822948, 0.005833844676642087335 ),
 .UNSPECIFIED. ) ;
#5467 = CARTESIAN_POINT ( 'NONE',  ( -31.92158147447263872, 8.750270963377966282, 12.12402779264352404 ) ) ;
#5468 = AXIS2_PLACEMENT_3D ( 'NONE', #5298, #7023, #2660 ) ;
#5469 = AXIS2_PLACEMENT_3D ( 'NONE', #715, #2648, #5701 ) ;
#5470 = EDGE_CURVE ( 'NONE', #1539, #3136, #303, .T. ) ;
#5471 = ORIENTED_EDGE ( 'NONE', *, *, #5854, .F. ) ;
#5472 = CIRCLE ( 'NONE', #7186, 6.099999999999999645 ) ;
#5473 = VERTEX_POINT ( 'NONE', #3555 ) ;
#5474 = CARTESIAN_POINT ( 'NONE',  ( 7.500000000000003553, 22.00000000000001066, 1.999999999999998668 ) ) ;
#5475 = CARTESIAN_POINT ( 'NONE',  ( 13.40894241220452265, -21.99999999999999289, -0.5612644969238584913 ) ) ;
#5476 = CARTESIAN_POINT ( 'NONE',  ( -44.90000000000004832, -7.646127321036250003E-15, 12.00000000000000000 ) ) ;
#5477 = DIRECTION ( 'NONE',  ( -1.000000000000000000, -9.941108744852765039E-17, -0.000000000000000000 ) ) ;
#5478 = ORIENTED_EDGE ( 'NONE', *, *, #3062, .F. ) ;
#5479 = EDGE_CURVE ( 'NONE', #6180, #1971, #7282, .T. ) ;
#5480 = CARTESIAN_POINT ( 'NONE',  ( -32.99999999999998579, -13.50000000000002665, 0.000000000000000000 ) ) ;
#5481 = B_SPLINE_CURVE_WITH_KNOTS ( 'NONE', 3,
 ( #6126, #1123, #4194, #1670 ),
 .UNSPECIFIED., .F., .F.,
 ( 4, 4 ),
 ( 0.000000000000000000, 0.0008401887801933381706 ),
 .UNSPECIFIED. ) ;
#5482 = VECTOR ( 'NONE', #3933, 1000.000000000000000 ) ;
#5483 = CARTESIAN_POINT ( 'NONE',  ( -42.39695701508166792, -7.193382044451555046, 13.75000000000000178 ) ) ;
#5484 = FACE_OUTER_BOUND ( 'NONE', #1190, .T. ) ;
#5485 = CARTESIAN_POINT ( 'NONE',  ( -35.11300443990745634, 1.530659027471269695, 4.121855463985601986 ) ) ;
#5486 = CARTESIAN_POINT ( 'NONE',  ( -35.19999999999999574, -1.520410286126020585E-15, 20.75000000000000000 ) ) ;
#5487 = CARTESIAN_POINT ( 'NONE',  ( -43.88189615983366565, 5.782307922365260922, 10.73850063495799390 ) ) ;
#5488 = ORIENTED_EDGE ( 'NONE', *, *, #3419, .F. ) ;
#5489 = AXIS2_PLACEMENT_3D ( 'NONE', #7780, #4011, #2841 ) ;
#5490 = ORIENTED_EDGE ( 'NONE', *, *, #5508, .T. ) ;
#5491 = EDGE_CURVE ( 'NONE', #8021, #3677, #5844, .T. ) ;
#5492 = VERTEX_POINT ( 'NONE', #6052 ) ;
#5493 = EDGE_LOOP ( 'NONE', ( #1813, #7855 ) ) ;
#5494 = DIRECTION ( 'NONE',  ( -1.000000000000000000, 0.000000000000000000, 0.000000000000000000 ) ) ;
#5495 = DIRECTION ( 'NONE',  ( 1.000000000000000000, 0.000000000000000000, 0.000000000000000000 ) ) ;
#5496 = CARTESIAN_POINT ( 'NONE',  ( -46.47198125777845945, 4.333855140938267958, 9.711256471143446589 ) ) ;
#5497 = ORIENTED_EDGE ( 'NONE', *, *, #1764, .F. ) ;
#5498 = LINE ( 'NONE', #2402, #6557 ) ;
#5499 = CARTESIAN_POINT ( 'NONE',  ( -8.000000000000000000, 24.00000000000000355, 2.000000000000000444 ) ) ;
#5500 = VERTEX_POINT ( 'NONE', #903 ) ;
#5501 = ORIENTED_EDGE ( 'NONE', *, *, #3758, .T. ) ;
#5502 = LINE ( 'NONE', #255, #1431 ) ;
#5503 = CARTESIAN_POINT ( 'NONE',  ( -38.43553390593273633, -14.46446609406726047, 0.000000000000000000 ) ) ;
#5504 = CARTESIAN_POINT ( 'NONE',  ( 31.24999999999999645, -13.50000000000000178, 24.00000000000000000 ) ) ;
#5505 = CARTESIAN_POINT ( 'NONE',  ( -8.100000000000001421, -24.41053361559590584, -5.500000000000001776 ) ) ;
#5506 = AXIS2_PLACEMENT_3D ( 'NONE', #7511, #4396, #3231 ) ;
#5507 = EDGE_CURVE ( 'NONE', #7696, #1642, #451, .T. ) ;
#5508 = EDGE_CURVE ( 'NONE', #169, #5015, #4660, .T. ) ;
#5509 = DIRECTION ( 'NONE',  ( 0.000000000000000000, 0.000000000000000000, -1.000000000000000000 ) ) ;
#5510 = ORIENTED_EDGE ( 'NONE', *, *, #5970, .F. ) ;
#5511 = ADVANCED_FACE ( 'NONE', ( #374 ), #1517, .F. ) ;
#5512 = CARTESIAN_POINT ( 'NONE',  ( 39.89999999999999147, 10.92893218813452805, 21.00000000000000000 ) ) ;
#5513 = B_SPLINE_CURVE_WITH_KNOTS ( 'NONE', 3,
 ( #326, #964, #2899, #931, #6492, #7145, #397, #1542, #288, #5336, #5959, #361, #3990, #6037, #7876, #4113, #2284, #7841, #4760, #7268, #3429, #2248, #1660, #2820, #5304, #7229, #1622, #4682 ),
 .UNSPECIFIED., .F., .F.,
 ( 4, 2, 2, 2, 2, 2, 2, 2, 2, 2, 2, 2, 2, 4 ),
 ( 1.573787215998490030E-18, 0.0003410049730034359094, 0.0006820099460068703009, 0.001023014919010304530, 0.001364019892013738867, 0.002046029838020612963, 0.002728039784027487275, 0.003069044757030924431, 0.003410049730034362021, 0.003751054703037799178, 0.004092059676041236334, 0.004433064649044673490, 0.004774069622048111514, 0.005456079568054984959 ),
 .UNSPECIFIED. ) ;
#5514 = ORIENTED_EDGE ( 'NONE', *, *, #3732, .F. ) ;
#5515 = ORIENTED_EDGE ( 'NONE', *, *, #7557, .F. ) ;
#5516 = CARTESIAN_POINT ( 'NONE',  ( 12.22374965098728872, -31.53248734353425320, 18.86547514658690616 ) ) ;
#5517 = PLANE ( 'NONE',  #7975 ) ;
#5518 = CIRCLE ( 'NONE', #6178, 20.03028554974586939 ) ;
#5519 = CARTESIAN_POINT ( 'NONE',  ( -23.32842712474619162, 19.99999999999999645, 2.000000000000001776 ) ) ;
#5520 = VECTOR ( 'NONE', #6766, 1000.000000000000000 ) ;
#5521 = DIRECTION ( 'NONE',  ( 1.000000000000000000, 7.228014483236695816E-17, -0.000000000000000000 ) ) ;
#5522 = DIRECTION ( 'NONE',  ( -2.775557561562891351E-16, -2.759211954709507528E-32, -1.000000000000000000 ) ) ;
#5523 = EDGE_LOOP ( 'NONE', ( #5580, #1532, #455, #5674 ) ) ;
#5524 = FACE_OUTER_BOUND ( 'NONE', #258, .T. ) ;
#5525 = ADVANCED_FACE ( 'NONE', ( #3447 ), #6547, .F. ) ;
#5526 =( BOUNDED_CURVE ( )  B_SPLINE_CURVE ( 3, ( #6907, #5804, #4444, #1294 ),
 .UNSPECIFIED., .F., .F. ) 
 B_SPLINE_CURVE_WITH_KNOTS ( ( 4, 4 ),
 ( 1.566885765821347087, 1.570796326794897446 ),
 .UNSPECIFIED. ) 
 CURVE ( )  GEOMETRIC_REPRESENTATION_ITEM ( )  RATIONAL_B_SPLINE_CURVE ( ( 1.000000000000000000, 0.9999987256264786240, 0.9999987256264786240, 1.000000000000000000 ) ) 
 REPRESENTATION_ITEM ( '' )  );
#5527 = CARTESIAN_POINT ( 'NONE',  ( -41.29162661589768391, -8.451870170589522502, 12.98432362681340102 ) ) ;
#5528 = FACE_OUTER_BOUND ( 'NONE', #1125, .T. ) ;
#5529 = VERTEX_POINT ( 'NONE', #5935 ) ;
#5530 = DIRECTION ( 'NONE',  ( -0.000000000000000000, 1.000000000000000000, 1.491166311727914817E-16 ) ) ;
#5531 = CYLINDRICAL_SURFACE ( 'NONE', #7576, 1.750000000000001554 ) ;
#5532 = CARTESIAN_POINT ( 'NONE',  ( -41.14704580625109998, 8.629219497930503024, 12.65137251466517831 ) ) ;
#5533 = CIRCLE ( 'NONE', #64, 3.750000000000000000 ) ;
#5534 = ORIENTED_EDGE ( 'NONE', *, *, #5839, .T. ) ;
#5535 = ORIENTED_EDGE ( 'NONE', *, *, #1662, .T. ) ;
#5536 = EDGE_LOOP ( 'NONE', ( #3765, #4934, #834, #6830, #3614, #1329, #7503 ) ) ;
#5537 = VECTOR ( 'NONE', #2592, 1000.000000000000000 ) ;
#5538 = CYLINDRICAL_SURFACE ( 'NONE', #2215, 1.749999999999999778 ) ;
#5539 = DIRECTION ( 'NONE',  ( 1.000000000000000000, 0.000000000000000000, 0.000000000000000000 ) ) ;
#5540 = CARTESIAN_POINT ( 'NONE',  ( -8.261061366972646018E-15, 13.29999999999999893, 12.00000000000000000 ) ) ;
#5541 = ORIENTED_EDGE ( 'NONE', *, *, #526, .T. ) ;
#5542 = ORIENTED_EDGE ( 'NONE', *, *, #511, .F. ) ;
#5543 = CARTESIAN_POINT ( 'NONE',  ( -49.10000000000000142, 2.899999999999994582, 12.00000000000000000 ) ) ;
#5544 = EDGE_CURVE ( 'NONE', #6681, #7158, #3556, .T. ) ;
#5545 = DIRECTION ( 'NONE',  ( 0.000000000000000000, -0.000000000000000000, 1.000000000000000000 ) ) ;
#5546 = ORIENTED_EDGE ( 'NONE', *, *, #775, .T. ) ;
#5547 = CIRCLE ( 'NONE', #4106, 2.000000000000001776 ) ;
#5548 = ORIENTED_EDGE ( 'NONE', *, *, #3893, .F. ) ;
#5549 = DIRECTION ( 'NONE',  ( 0.000000000000000000, 0.000000000000000000, -1.000000000000000000 ) ) ;
#5550 = DIRECTION ( 'NONE',  ( -0.000000000000000000, 0.000000000000000000, -1.000000000000000000 ) ) ;
#5551 = CARTESIAN_POINT ( 'NONE',  ( -11.83431754716743356, -32.00000000000000000, 18.46638831946455994 ) ) ;
#5552 = CARTESIAN_POINT ( 'NONE',  ( -35.19999999999999574, -0.1253127035075613238, 20.74931248784555393 ) ) ;
#5553 = FACE_OUTER_BOUND ( 'NONE', #3474, .T. ) ;
#5554 = VERTEX_POINT ( 'NONE', #2876 ) ;
#5555 = VECTOR ( 'NONE', #3811, 1000.000000000000000 ) ;
#5556 = ORIENTED_EDGE ( 'NONE', *, *, #6374, .T. ) ;
#5557 = EDGE_CURVE ( 'NONE', #1033, #7509, #7362, .T. ) ;
#5558 = CARTESIAN_POINT ( 'NONE',  ( -18.44796600870863656, -24.19712300840973995, 0.000000000000000000 ) ) ;
#5559 = VERTEX_POINT ( 'NONE', #5563 ) ;
#5560 = ORIENTED_EDGE ( 'NONE', *, *, #2834, .F. ) ;
#5561 = CARTESIAN_POINT ( 'NONE',  ( 13.40894241220452265, -20.99999999999998934, 24.00000000000000000 ) ) ;
#5562 = CARTESIAN_POINT ( 'NONE',  ( -18.14269667059127755, -24.37669320730229572, 6.200281173901477496E-16 ) ) ;
#5563 = CARTESIAN_POINT ( 'NONE',  ( 34.81832843119907750, 3.172144385112378728, 21.00000000000000000 ) ) ;
#5564 = ADVANCED_FACE ( 'NONE', ( #2420 ), #583, .T. ) ;
#5565 = ORIENTED_EDGE ( 'NONE', *, *, #3706, .T. ) ;
#5566 = DIRECTION ( 'NONE',  ( -1.000000000000000000, 0.000000000000000000, 0.000000000000000000 ) ) ;
#5567 = CARTESIAN_POINT ( 'NONE',  ( -34.01059684900065605, 5.505942732611202928, 11.08112511643087927 ) ) ;
#5568 = ORIENTED_EDGE ( 'NONE', *, *, #5253, .T. ) ;
#5569 = CARTESIAN_POINT ( 'NONE',  ( -34.89999999999999858, -18.00000000000000355, 0.000000000000000000 ) ) ;
#5570 = EDGE_CURVE ( 'NONE', #7175, #4282, #4986, .T. ) ;
#5571 = DIRECTION ( 'NONE',  ( 0.000000000000000000, 0.000000000000000000, -1.000000000000000000 ) ) ;
#5572 = CARTESIAN_POINT ( 'NONE',  ( -46.10000000000000142, -43.10000000000001563, 14.50000000000000355 ) ) ;
#5573 = CIRCLE ( 'NONE', #7793, 1.999999999999998224 ) ;
#5574 = VERTEX_POINT ( 'NONE', #1177 ) ;
#5575 = CYLINDRICAL_SURFACE ( 'NONE', #3326, 4.000000000000000000 ) ;
#5576 = CARTESIAN_POINT ( 'NONE',  ( 32.05174614310525527, 8.603360263075067849, 8.602157728715726037 ) ) ;
#5577 = DIRECTION ( 'NONE',  ( -9.941108744852765039E-17, 1.000000000000000000, 0.000000000000000000 ) ) ;
#5578 = EDGE_LOOP ( 'NONE', ( #6772, #3049, #6562, #1475, #7138 ) ) ;
#5579 = TOROIDAL_SURFACE ( 'NONE', #7548, 20.03028554974586939, 10.00000000000000000 ) ;
#5580 = ORIENTED_EDGE ( 'NONE', *, *, #615, .F. ) ;
#5581 = ORIENTED_EDGE ( 'NONE', *, *, #7188, .T. ) ;
#5582 = CARTESIAN_POINT ( 'NONE',  ( -13.40894241220451732, -27.16125453576510296, 24.00000000000000000 ) ) ;
#5583 = CARTESIAN_POINT ( 'NONE',  ( -35.09283901803129169, -1.694445186663921410, 4.547920309725218324 ) ) ;
#5584 = CARTESIAN_POINT ( 'NONE',  ( 13.40894241220452443, -27.16125453576510296, 24.00000000000000000 ) ) ;
#5585 = EDGE_LOOP ( 'NONE', ( #2053, #4865, #2715, #7778, #4521, #5448, #4606, #6352, #6076, #5244 ) ) ;
#5586 = ORIENTED_EDGE ( 'NONE', *, *, #5351, .F. ) ;
#5587 = CARTESIAN_POINT ( 'NONE',  ( 9.499984707532368233, 20.00782110201304675, 5.000000000000000888 ) ) ;
#5588 = CARTESIAN_POINT ( 'NONE',  ( -42.98779616951595273, -6.593015400169956131, 13.71425461193152096 ) ) ;
#5589 = AXIS2_PLACEMENT_3D ( 'NONE', #235, #7099, #196 ) ;
#5590 = ORIENTED_EDGE ( 'NONE', *, *, #5899, .T. ) ;
#5591 = EDGE_CURVE ( 'NONE', #607, #7587, #7491, .T. ) ;
#5592 = EDGE_LOOP ( 'NONE', ( #7564, #4439, #3562, #998 ) ) ;
#5593 = CARTESIAN_POINT ( 'NONE',  ( -51.10000000000000142, -43.10000000000001563, 13.50000000000000533 ) ) ;
#5594 = CARTESIAN_POINT ( 'NONE',  ( 11.67157287525389187, 26.00000000000000355, 4.999999999999997335 ) ) ;
#5595 = CARTESIAN_POINT ( 'NONE',  ( 34.89999999999999147, 10.92893218813452805, 24.00000000000000000 ) ) ;
#5596 = CARTESIAN_POINT ( 'NONE',  ( -35.09283901803131300, -1.694445186663923630, 18.54792030972522809 ) ) ;
#5597 = CARTESIAN_POINT ( 'NONE',  ( 8.100000000000017408, -13.30000000000000249, 0.000000000000000000 ) ) ;
#5598 = ORIENTED_EDGE ( 'NONE', *, *, #6855, .F. ) ;
#5599 = ORIENTED_EDGE ( 'NONE', *, *, #5718, .T. ) ;
#5600 = ADVANCED_FACE ( 'NONE', ( #6179, #3123, #1084 ), #5604, .F. ) ;
#5601 = ORIENTED_EDGE ( 'NONE', *, *, #1263, .F. ) ;
#5602 = DIRECTION ( 'NONE',  ( 1.000000000000000000, 2.759706520478257244E-16, 0.000000000000000000 ) ) ;
#5603 = DIRECTION ( 'NONE',  ( 1.000000000000000000, 9.941108744852765039E-17, -0.000000000000000000 ) ) ;
#5604 = PLANE ( 'NONE',  #2160 ) ;
#5605 = AXIS2_PLACEMENT_3D ( 'NONE', #2770, #6517, #758 ) ;
#5606 = EDGE_LOOP ( 'NONE', ( #5964, #6768 ) ) ;
#5607 = CARTESIAN_POINT ( 'NONE',  ( -52.10000000000000853, -4.664761515876251430, 13.50000000000000533 ) ) ;
#5608 = ORIENTED_EDGE ( 'NONE', *, *, #5740, .T. ) ;
#5609 = DIRECTION ( 'NONE',  ( -1.000000000000000000, -3.958748233630338412E-17, 0.000000000000000000 ) ) ;
#5610 = ADVANCED_FACE ( 'NONE', ( #489, #8066 ), #6135, .T. ) ;
#5611 = ADVANCED_FACE ( 'NONE', ( #6226 ), #7974, .F. ) ;
#5612 = AXIS2_PLACEMENT_3D ( 'NONE', #1048, #1750, #5348 ) ;
#5613 = CARTESIAN_POINT ( 'NONE',  ( -41.41386008182061573, -8.304364819445304136, 13.17279683336209217 ) ) ;
#5614 = DIRECTION ( 'NONE',  ( 1.000000000000000000, -0.000000000000000000, -0.000000000000000000 ) ) ;
#5615 = AXIS2_PLACEMENT_3D ( 'NONE', #6645, #1000, #6610 ) ;
#5616 = ORIENTED_EDGE ( 'NONE', *, *, #1031, .F. ) ;
#5617 = CARTESIAN_POINT ( 'NONE',  ( -8.100000000000013856, 7.455831558639594795E-16, -1.387778780781445676E-14 ) ) ;
#5618 = CARTESIAN_POINT ( 'NONE',  ( -41.05000000000001847, -6.098626466384439160E-16, 3.250000000000000000 ) ) ;
#5619 = ADVANCED_FACE ( 'NONE', ( #1888, #3683, #3634, #2380, #1798, #4938 ), #4851, .F. ) ;
#5620 = CARTESIAN_POINT ( 'NONE',  ( -23.88307512300518809, -20.99999999999999645, 24.00000000000000000 ) ) ;
#5621 = AXIS2_PLACEMENT_3D ( 'NONE', #3215, #2021, #711 ) ;
#5622 = ORIENTED_EDGE ( 'NONE', *, *, #3203, .F. ) ;
#5623 = ORIENTED_EDGE ( 'NONE', *, *, #4015, .T. ) ;
#5624 = VECTOR ( 'NONE', #8025, 1000.000000000000000 ) ;
#5625 = EDGE_CURVE ( 'NONE', #7823, #5055, #6857, .T. ) ;
#5626 = EDGE_LOOP ( 'NONE', ( #6816, #773, #1416, #2138 ) ) ;
#5627 = DIRECTION ( 'NONE',  ( 0.000000000000000000, 0.000000000000000000, -1.000000000000000000 ) ) ;
#5628 = CARTESIAN_POINT ( 'NONE',  ( -35.19999999999999574, -0.01000000000000653144, 6.749971428338193746 ) ) ;
#5629 = CARTESIAN_POINT ( 'NONE',  ( 31.52553242530702704, -9.197089251965241630, 15.07370705962819990 ) ) ;
#5630 = VERTEX_POINT ( 'NONE', #4374 ) ;
#5631 = AXIS2_PLACEMENT_3D ( 'NONE', #825, #2600, #5857 ) ;
#5632 = ORIENTED_EDGE ( 'NONE', *, *, #6417, .F. ) ;
#5633 = LINE ( 'NONE', #801, #7338 ) ;
#5634 = AXIS2_PLACEMENT_3D ( 'NONE', #5595, #1703, #4323 ) ;
#5635 = CARTESIAN_POINT ( 'NONE',  ( -44.43713545261868347, -5.335420119895870172, 12.55745030838513898 ) ) ;
#5636 = ORIENTED_EDGE ( 'NONE', *, *, #5873, .T. ) ;
#5637 = CIRCLE ( 'NONE', #6679, 11.09999999999999432 ) ;
#5638 = LINE ( 'NONE', #650, #2340 ) ;
#5639 = CARTESIAN_POINT ( 'NONE',  ( 34.65173965377834264, 3.790934619139239459, 13.95660470504286010 ) ) ;
#5640 = CYLINDRICAL_SURFACE ( 'NONE', #6673, 1.000000000000000888 ) ;
#5641 = DIRECTION ( 'NONE',  ( 0.000000000000000000, 0.000000000000000000, -1.000000000000000000 ) ) ;
#5642 = APPLICATION_CONTEXT ( 'automotive_design' ) ;
#5643 = DIRECTION ( 'NONE',  ( 0.000000000000000000, -1.000000000000000000, 0.000000000000000000 ) ) ;
#5644 = VERTEX_POINT ( 'NONE', #1224 ) ;
#5645 = B_SPLINE_CURVE_WITH_KNOTS ( 'NONE', 3,
 ( #5061, #7029, #772, #166 ),
 .UNSPECIFIED., .F., .F.,
 ( 4, 4 ),
 ( 0.000000000000000000, 0.002337747025560472404 ),
 .UNSPECIFIED. ) ;
#5646 = ORIENTED_EDGE ( 'NONE', *, *, #287, .T. ) ;
#5647 = VERTEX_POINT ( 'NONE', #6879 ) ;
#5648 = EDGE_CURVE ( 'NONE', #3016, #7078, #4723, .T. ) ;
#5649 = CIRCLE ( 'NONE', #2127, 4.999999999999997335 ) ;
#5650 = ORIENTED_EDGE ( 'NONE', *, *, #6929, .F. ) ;
#5651 = PLANE ( 'NONE',  #339 ) ;
#5652 = CARTESIAN_POINT ( 'NONE',  ( 11.58405347415413900, -32.32870939000881805, 18.17803280331974491 ) ) ;
#5653 = CARTESIAN_POINT ( 'NONE',  ( -51.61852379350081321, -4.291691304769904569, 9.634609649482319682 ) ) ;
#5654 = ORIENTED_EDGE ( 'NONE', *, *, #1702, .F. ) ;
#5655 = CARTESIAN_POINT ( 'NONE',  ( -10.90180841670001399, -34.08819856468884524, 24.00000000000000000 ) ) ;
#5656 = ORIENTED_EDGE ( 'NONE', *, *, #8005, .F. ) ;
#5657 = EDGE_CURVE ( 'NONE', #5080, #7696, #3849, .T. ) ;
#5658 = CARTESIAN_POINT ( 'NONE',  ( -46.10000000000000142, -4.664761515876249653, 13.50000000000000533 ) ) ;
#5659 = AXIS2_PLACEMENT_3D ( 'NONE', #1025, #383, #4065 ) ;
#5660 = LINE ( 'NONE', #65, #7444 ) ;
#5661 = CARTESIAN_POINT ( 'NONE',  ( -1.676305461423940990, -17.99999999999999645, 19.50000000000000000 ) ) ;
#5662 = VERTEX_POINT ( 'NONE', #5148 ) ;
#5663 = CARTESIAN_POINT ( 'NONE',  ( -27.90000000000001279, -4.000000000000005329, 21.00000000000000000 ) ) ;
#5664 = DIRECTION ( 'NONE',  ( 1.000000000000000000, 2.668805347656630623E-16, 0.000000000000000000 ) ) ;
#5665 = CARTESIAN_POINT ( 'NONE',  ( -32.82893218813453728, 20.00000000000000000, 14.00000000000000000 ) ) ;
#5666 = ORIENTED_EDGE ( 'NONE', *, *, #5491, .F. ) ;
#5667 = ORIENTED_EDGE ( 'NONE', *, *, #7317, .T. ) ;
#5668 = DIRECTION ( 'NONE',  ( 1.000000000000000000, 0.000000000000000000, 0.000000000000000000 ) ) ;
#5669 = DIRECTION ( 'NONE',  ( -1.000000000000000000, -2.668805347656626678E-16, 0.000000000000000000 ) ) ;
#5670 = CARTESIAN_POINT ( 'NONE',  ( 15.17106781186546449, 20.00000000000000711, 17.99999999999999645 ) ) ;
#5671 = CARTESIAN_POINT ( 'NONE',  ( 29.95286229586535498, -10.59052733432106486, 10.88241847206828616 ) ) ;
#5672 = ORIENTED_EDGE ( 'NONE', *, *, #8027, .T. ) ;
#5673 = EDGE_CURVE ( 'NONE', #639, #7426, #2694, .T. ) ;
#5674 = ORIENTED_EDGE ( 'NONE', *, *, #7812, .F. ) ;
#5675 = CARTESIAN_POINT ( 'NONE',  ( -43.88230591931273494, 5.781964937625491352, 13.26114625493720744 ) ) ;
#5676 = AXIS2_PLACEMENT_3D ( 'NONE', #594, #6931, #8079 ) ;
#5677 = CARTESIAN_POINT ( 'NONE',  ( -7.099999999999996980, -13.30000000000000071, 1.000000000000000888 ) ) ;
#5678 = ORIENTED_EDGE ( 'NONE', *, *, #6825, .T. ) ;
#5679 = CARTESIAN_POINT ( 'NONE',  ( 34.83129425968186155, 3.123129547148410623, 16.89797368117118381 ) ) ;
#5680 = CARTESIAN_POINT ( 'NONE',  ( 34.37631809634291358, 4.620053869660996959, 9.091211902630204733 ) ) ;
#5681 = ORIENTED_EDGE ( 'NONE', *, *, #1765, .T. ) ;
#5682 = DIRECTION ( 'NONE',  ( 1.000000000000000000, 9.941108744852765039E-17, 0.000000000000000000 ) ) ;
#5683 = CARTESIAN_POINT ( 'NONE',  ( -32.82893218813453728, 18.00000000000000000, 24.00000000000000000 ) ) ;
#5684 = CARTESIAN_POINT ( 'NONE',  ( -44.43734830799495938, -5.335257462509712667, 11.44305152835840111 ) ) ;
#5685 = ORIENTED_EDGE ( 'NONE', *, *, #2311, .T. ) ;
#5686 = AXIS2_PLACEMENT_3D ( 'NONE', #6970, #6357, #3257 ) ;
#5687 = ORIENTED_EDGE ( 'NONE', *, *, #4261, .F. ) ;
#5688 = ORIENTED_EDGE ( 'NONE', *, *, #1586, .F. ) ;
#5689 = ORIENTED_EDGE ( 'NONE', *, *, #708, .T. ) ;
#5690 = CARTESIAN_POINT ( 'NONE',  ( -21.91421356237308160, 18.58578643762690774, 9.414213562373094035 ) ) ;
#5691 = CARTESIAN_POINT ( 'NONE',  ( 16.68758519495757398, -28.71318517943671367, -0.4481400491618733883 ) ) ;
#5692 = LINE ( 'NONE', #4535, #2812 ) ;
#5693 = CARTESIAN_POINT ( 'NONE',  ( -52.10000000000000853, -2.481934729198188361, 10.50000000000000533 ) ) ;
#5694 = ORIENTED_EDGE ( 'NONE', *, *, #3087, .F. ) ;
#5695 = LINE ( 'NONE', #99, #4047 ) ;
#5696 = CARTESIAN_POINT ( 'NONE',  ( 2.891205793294680298E-16, -3.000000000000001776, 21.00000000000000000 ) ) ;
#5697 = DIRECTION ( 'NONE',  ( 0.5070201265633941246, -0.8619342151577693567, 0.000000000000000000 ) ) ;
#5698 = DIRECTION ( 'NONE',  ( 0.000000000000000000, 0.000000000000000000, -1.000000000000000000 ) ) ;
#5699 = ORIENTED_EDGE ( 'NONE', *, *, #818, .F. ) ;
#5700 = LINE ( 'NONE', #4996, #2019 ) ;
#5701 = DIRECTION ( 'NONE',  ( 8.673617379884028570E-16, 1.000000000000000000, 0.000000000000000000 ) ) ;
#5702 = DIRECTION ( 'NONE',  ( 0.000000000000000000, 0.000000000000000000, -1.000000000000000000 ) ) ;
#5703 = VERTEX_POINT ( 'NONE', #2091 ) ;
#5704 = ADVANCED_FACE ( 'NONE', ( #1465 ), #7612, .F. ) ;
#5705 = PRODUCT_DEFINITION_CONTEXT ( 'detailed design', #5642, 'design' ) ;
#5706 = CARTESIAN_POINT ( 'NONE',  ( -51.40282153820584909, -1.542553720136438322, 14.45593193453407466 ) ) ;
#5707 = VECTOR ( 'NONE', #574, 1000.000000000000000 ) ;
#5708 = ORIENTED_EDGE ( 'NONE', *, *, #2823, .T. ) ;
#5709 = LINE ( 'NONE', #5866, #1468 ) ;
#5710 = CARTESIAN_POINT ( 'NONE',  ( 33.00000000000000000, -13.50000000000000178, 24.00000000000000000 ) ) ;
#5711 = CARTESIAN_POINT ( 'NONE',  ( 30.06980217014070433, -10.50155046370546330, 10.63330488766266413 ) ) ;
#5712 = DIRECTION ( 'NONE',  ( 1.000000000000000000, 0.000000000000000000, 0.000000000000000000 ) ) ;
#5713 = CARTESIAN_POINT ( 'NONE',  ( -9.500000000000001776, 19.00000000000000355, 9.000000000000001776 ) ) ;
#5714 = EDGE_CURVE ( 'NONE', #1196, #6733, #5692, .T. ) ;
#5715 = EDGE_CURVE ( 'NONE', #1061, #606, #5068, .T. ) ;
#5716 = CIRCLE ( 'NONE', #1534, 1.750000000000005107 ) ;
#5717 = VERTEX_POINT ( 'NONE', #3806 ) ;
#5718 = EDGE_CURVE ( 'NONE', #1821, #5845, #781, .T. ) ;
#5719 = CARTESIAN_POINT ( 'NONE',  ( 13.40894241220452443, -25.41283789321709818, 19.50000000000000000 ) ) ;
#5720 = CARTESIAN_POINT ( 'NONE',  ( -15.40209363606592063, -29.46935668466708336, 5.018223344674069608 ) ) ;
#5721 = CIRCLE ( 'NONE', #5445, 2.900000000000003464 ) ;
#5722 = CARTESIAN_POINT ( 'NONE',  ( 9.750000000000000000, 24.00000000000000000, 24.00000000000000000 ) ) ;
#5723 = CARTESIAN_POINT ( 'NONE',  ( -35.19999999999999574, 0.009999999999899845948, 3.250028571661811139 ) ) ;
#5724 = CARTESIAN_POINT ( 'NONE',  ( -26.90000000000000924, -4.000000000000005329, 21.00000000000000000 ) ) ;
#5725 = CARTESIAN_POINT ( 'NONE',  ( 37.89999999999999147, 7.000000000000003553, 12.00000000000000000 ) ) ;
#5726 = VERTEX_POINT ( 'NONE', #4415 ) ;
#5727 = EDGE_CURVE ( 'NONE', #8067, #2334, #7569, .T. ) ;
#5728 = ADVANCED_FACE ( 'NONE', ( #6306 ), #6465, .F. ) ;
#5729 = ORIENTED_EDGE ( 'NONE', *, *, #2574, .F. ) ;
#5730 = EDGE_CURVE ( 'NONE', #4932, #707, #7373, .T. ) ;
#5731 = ORIENTED_EDGE ( 'NONE', *, *, #6095, .F. ) ;
#5732 = EDGE_CURVE ( 'NONE', #4398, #1264, #704, .T. ) ;
#5733 = EDGE_CURVE ( 'NONE', #429, #3136, #2416, .T. ) ;
#5734 = EDGE_LOOP ( 'NONE', ( #502, #2267, #2399, #6424, #3613, #2863, #5863 ) ) ;
#5735 = CARTESIAN_POINT ( 'NONE',  ( 35.14649340874795058, 1.222769616257974867, 1.446534543744629309 ) ) ;
#5736 = LINE ( 'NONE', #3920, #3975 ) ;
#5737 = LINE ( 'NONE', #2674, #3461 ) ;
#5738 = EDGE_LOOP ( 'NONE', ( #5829, #1921, #967, #359 ) ) ;
#5739 = FACE_OUTER_BOUND ( 'NONE', #4390, .T. ) ;
#5740 = EDGE_CURVE ( 'NONE', #6274, #6384, #857, .T. ) ;
#5741 = LINE ( 'NONE', #139, #5418 ) ;
#5742 = DIRECTION ( 'NONE',  ( -1.000000000000000000, 0.000000000000000000, 0.000000000000000000 ) ) ;
#5743 = VECTOR ( 'NONE', #5669, 1000.000000000000000 ) ;
#5744 = CARTESIAN_POINT ( 'NONE',  ( -42.58456515516911622, 7.000000000000003553, 13.75000000000000000 ) ) ;
#5745 = ORIENTED_EDGE ( 'NONE', *, *, #6466, .F. ) ;
#5746 = FACE_BOUND ( 'NONE', #1068, .T. ) ;
#5747 = CARTESIAN_POINT ( 'NONE',  ( -41.43759148290090621, -1.204077090595842225, 3.724061648737906793 ) ) ;
#5748 = DIRECTION ( 'NONE',  ( 0.000000000000000000, 0.000000000000000000, 1.000000000000000000 ) ) ;
#5749 = ORIENTED_EDGE ( 'NONE', *, *, #409, .F. ) ;
#5750 = CIRCLE ( 'NONE', #6398, 4.900000000000002132 ) ;
#5751 = AXIS2_PLACEMENT_3D ( 'NONE', #2723, #983, #4584 ) ;
#5752 = CARTESIAN_POINT ( 'NONE',  ( -14.58960892669186116, -26.40028665373624506, 5.021621744942011745 ) ) ;
#5753 = ORIENTED_EDGE ( 'NONE', *, *, #6313, .F. ) ;
#5754 = ADVANCED_FACE ( 'NONE', ( #2712 ), #96, .F. ) ;
#5755 = DIRECTION ( 'NONE',  ( -9.941108744852765039E-17, 1.000000000000000000, -0.000000000000000000 ) ) ;
#5756 = DIRECTION ( 'NONE',  ( 0.000000000000000000, 0.000000000000000000, -1.000000000000000000 ) ) ;
#5757 = DIRECTION ( 'NONE',  ( 1.000000000000000000, -0.000000000000000000, -0.000000000000000000 ) ) ;
#5758 = AXIS2_PLACEMENT_3D ( 'NONE', #4020, #7899, #1680 ) ;
#5759 = LINE ( 'NONE', #7630, #43 ) ;
#5760 = CARTESIAN_POINT ( 'NONE',  ( 13.50051024190518589, -25.83994524451722441, 5.161557651480594089 ) ) ;
#5761 = VECTOR ( 'NONE', #4776, 1000.000000000000000 ) ;
#5762 = AXIS2_PLACEMENT_3D ( 'NONE', #1514, #4834, #4884 ) ;
#5763 = ORIENTED_EDGE ( 'NONE', *, *, #1366, .T. ) ;
#5764 = DIRECTION ( 'NONE',  ( 0.000000000000000000, 0.000000000000000000, 1.000000000000000000 ) ) ;
#5765 = VECTOR ( 'NONE', #4702, 1000.000000000000000 ) ;
#5766 = CARTESIAN_POINT ( 'NONE',  ( -39.90000000000000568, 7.000000000000003553, 10.25000000000000000 ) ) ;
#5767 = EDGE_LOOP ( 'NONE', ( #2126, #5265 ) ) ;
#5768 = CARTESIAN_POINT ( 'NONE',  ( 34.75000000000000000, -13.50000000000000178, 24.00000000000000000 ) ) ;
#5769 = DIRECTION ( 'NONE',  ( 0.000000000000000000, 0.000000000000000000, 1.000000000000000000 ) ) ;
#5770 = CARTESIAN_POINT ( 'NONE',  ( -32.82893218813453728, 18.00000000000000355, 19.99999999999999645 ) ) ;
#5771 = ORIENTED_EDGE ( 'NONE', *, *, #1311, .F. ) ;
#5772 = VECTOR ( 'NONE', #2090, 1000.000000000000000 ) ;
#5773 = AXIS2_PLACEMENT_3D ( 'NONE', #1857, #6237, #1355 ) ;
#5774 = ORIENTED_EDGE ( 'NONE', *, *, #1903, .T. ) ;
#5775 = EDGE_CURVE ( 'NONE', #3067, #701, #840, .T. ) ;
#5776 = ADVANCED_FACE ( 'NONE', ( #1968 ), #3249, .F. ) ;
#5777 = ORIENTED_EDGE ( 'NONE', *, *, #1138, .T. ) ;
#5778 = DIRECTION ( 'NONE',  ( -0.000000000000000000, 0.000000000000000000, 1.000000000000000000 ) ) ;
#5779 = CARTESIAN_POINT ( 'NONE',  ( 0.000000000000000000, 0.000000000000000000, 24.00000000000000000 ) ) ;
#5780 = EDGE_CURVE ( 'NONE', #4115, #6401, #1929, .T. ) ;
#5781 = DIRECTION ( 'NONE',  ( 1.000000000000000000, 0.000000000000000000, 0.000000000000000000 ) ) ;
#5782 = VERTEX_POINT ( 'NONE', #216 ) ;
#5783 = CARTESIAN_POINT ( 'NONE',  ( 10.17106781186546272, 22.00000000000000355, 16.00000000000000000 ) ) ;
#5784 = B_SPLINE_CURVE_WITH_KNOTS ( 'NONE', 3,
 ( #3942, #5327, #5833, #4672, #7829, #2236, #2891, #991, #4069, #7184, #3496, #7743, #7058, #236, #4553, #1446, #2734, #5205, #2117, #7101, #3982, #6485, #876, #5869, #272, #2773, #2155, #7292, #3568, #2308, #3094, #6148, #5576, #1027, #7984, #2996, #595, #2390 ),
 .UNSPECIFIED., .F., .F.,
 ( 4, 2, 2, 2, 2, 2, 2, 2, 2, 2, 2, 2, 2, 2, 2, 2, 2, 2, 4 ),
 ( 0.01230534722726486958, 0.01316708709343850613, 0.01402882695961214267, 0.01489056682578577921, 0.01575230669195941402, 0.01661404655813304709, 0.01747578642430667323, 0.01833752629048030630, 0.01876839622356712284, 0.01919926615665394284, 0.01963013608974075938, 0.02006100602282757939, 0.02092274588900121246, 0.02178448575517484553, 0.02264622562134847861, 0.02350796548752210474, 0.02436970535369573088, 0.02523144521986935701, 0.02609318508604298661 ),
 .UNSPECIFIED. ) ;
#5785 = CIRCLE ( 'NONE', #4979, 2.900000000000003464 ) ;
#5786 = CARTESIAN_POINT ( 'NONE',  ( -61.10000000000000142, -4.900000000000014566, 12.00000000000000000 ) ) ;
#5787 = CARTESIAN_POINT ( 'NONE',  ( -39.90000000000000568, -1.520410286126020388E-15, 20.75000000000000000 ) ) ;
#5788 = ORIENTED_EDGE ( 'NONE', *, *, #7815, .F. ) ;
#5789 = CARTESIAN_POINT ( 'NONE',  ( 35.20000000000000995, -1.734723475976807094E-15, 19.00000000000000000 ) ) ;
#5790 = EDGE_CURVE ( 'NONE', #1430, #6783, #5736, .T. ) ;
#5791 = CARTESIAN_POINT ( 'NONE',  ( -46.96139348245020528, -4.214261501141108646, 9.500000000000001776 ) ) ;
#5792 = DIRECTION ( 'NONE',  ( 1.000000000000000000, 0.000000000000000000, 0.000000000000000000 ) ) ;
#5793 = ORIENTED_EDGE ( 'NONE', *, *, #5479, .T. ) ;
#5794 = LINE ( 'NONE', #5199, #655 ) ;
#5795 = VERTEX_POINT ( 'NONE', #5186 ) ;
#5796 = CARTESIAN_POINT ( 'NONE',  ( 14.60482610214879884, -26.39700053728430262, -1.013472428419859517 ) ) ;
#5797 = CARTESIAN_POINT ( 'NONE',  ( -13.27743229591007967, -30.71915747299406974, 24.00000000000000000 ) ) ;
#5798 = DIRECTION ( 'NONE',  ( -1.000000000000000000, 0.000000000000000000, 0.000000000000000000 ) ) ;
#5799 = CARTESIAN_POINT ( 'NONE',  ( 13.63261334852996853, -26.06704884938621092, 5.154461789019284090 ) ) ;
#5800 = AXIS2_PLACEMENT_3D ( 'NONE', #4789, #4182, #5495 ) ;
#5801 = VECTOR ( 'NONE', #4866, 1000.000000000000000 ) ;
#5802 = DIRECTION ( 'NONE',  ( 1.000000000000000000, 0.000000000000000000, 0.000000000000000000 ) ) ;
#5803 = CYLINDRICAL_SURFACE ( 'NONE', #4923, 13.28999999999999915 ) ;
#5804 = CARTESIAN_POINT ( 'NONE',  ( -9.499994902504299787, 20.00521407963689668, 7.994785920363118414 ) ) ;
#5805 = CARTESIAN_POINT ( 'NONE',  ( 17.89999999999998792, -3.172144385112382281, 21.00000000000000000 ) ) ;
#5806 = CARTESIAN_POINT ( 'NONE',  ( 39.89999999999999147, 6.938893903907228378E-15, 12.00000000000000000 ) ) ;
#5807 = VERTEX_POINT ( 'NONE', #7684 ) ;
#5808 = CYLINDRICAL_SURFACE ( 'NONE', #8072, 13.29000000000000270 ) ;
#5809 = ORIENTED_EDGE ( 'NONE', *, *, #5014, .F. ) ;
#5810 = DIRECTION ( 'NONE',  ( 0.000000000000000000, 0.000000000000000000, -1.000000000000000000 ) ) ;
#5811 = DIRECTION ( 'NONE',  ( 0.000000000000000000, 0.000000000000000000, 1.000000000000000000 ) ) ;
#5812 = CARTESIAN_POINT ( 'NONE',  ( 39.89999999999999147, -12.99999999999999112, 0.000000000000000000 ) ) ;
#5813 = ORIENTED_EDGE ( 'NONE', *, *, #4159, .F. ) ;
#5814 = LINE ( 'NONE', #7038, #387 ) ;
#5815 = EDGE_CURVE ( 'NONE', #2531, #1088, #973, .T. ) ;
#5816 = VECTOR ( 'NONE', #7243, 1000.000000000000000 ) ;
#5817 = EDGE_CURVE ( 'NONE', #7092, #7606, #3579, .T. ) ;
#5818 = CARTESIAN_POINT ( 'NONE',  ( -15.81253292872705352, -35.02882854878291852, 19.50000000000000000 ) ) ;
#5819 = CARTESIAN_POINT ( 'NONE',  ( 20.21076683067359880, -21.99999999999999289, 5.000000000000000888 ) ) ;
#5820 = ORIENTED_EDGE ( 'NONE', *, *, #5405, .T. ) ;
#5821 = CARTESIAN_POINT ( 'NONE',  ( 34.89999999999999147, 18.00000000000000711, 0.000000000000000000 ) ) ;
#5822 = CARTESIAN_POINT ( 'NONE',  ( -46.64235755577321640, -4.276802767314928921, 9.608372967416425325 ) ) ;
#5823 = CARTESIAN_POINT ( 'NONE',  ( -33.46336401395907245, -6.582555955205370068, 10.28640354733217954 ) ) ;
#5824 = ORIENTED_EDGE ( 'NONE', *, *, #3419, .T. ) ;
#5825 = EDGE_CURVE ( 'NONE', #7420, #4661, #5310, .T. ) ;
#5826 = ORIENTED_EDGE ( 'NONE', *, *, #4520, .F. ) ;
#5827 = EDGE_CURVE ( 'NONE', #6548, #3305, #3997, .T. ) ;
#5828 = CARTESIAN_POINT ( 'NONE',  ( -9.499984707532368233, 20.00782110201305031, 7.992178897986963015 ) ) ;
#5829 = ORIENTED_EDGE ( 'NONE', *, *, #2571, .F. ) ;
#5830 = CARTESIAN_POINT ( 'NONE',  ( 13.40894241220452265, -25.50353545750457940, -1.416416362608103219 ) ) ;
#5831 = DIRECTION ( 'NONE',  ( 1.000000000000000000, -0.000000000000000000, -0.000000000000000000 ) ) ;
#5832 = LINE ( 'NONE', #4630, #5190 ) ;
#5833 = CARTESIAN_POINT ( 'NONE',  ( 32.90100623092921239, 7.486878655433793384, 15.72583124278694200 ) ) ;
#5834 = CARTESIAN_POINT ( 'NONE',  ( -44.00488229722458300, 1.153844441481390870, 17.67957075404385137 ) ) ;
#5835 = DIRECTION ( 'NONE',  ( 0.000000000000000000, 0.000000000000000000, -1.000000000000000000 ) ) ;
#5836 = DIRECTION ( 'NONE',  ( -0.000000000000000000, 0.000000000000000000, 1.000000000000000000 ) ) ;
#5837 = CARTESIAN_POINT ( 'NONE',  ( -41.66377372451425742, 1.434302554940542151, 3.990728247590890287 ) ) ;
#5838 = DIRECTION ( 'NONE',  ( -1.000000000000000000, 0.000000000000000000, 1.387778780781445676E-16 ) ) ;
#5839 = EDGE_CURVE ( 'NONE', #769, #5065, #1917, .T. ) ;
#5840 = CARTESIAN_POINT ( 'NONE',  ( -34.07833831302197325, 5.354015891570379715, 12.60625623068649226 ) ) ;
#5841 = CIRCLE ( 'NONE', #5046, 11.09999999999999432 ) ;
#5842 = LINE ( 'NONE', #4446, #100 ) ;
#5843 = ORIENTED_EDGE ( 'NONE', *, *, #1516, .F. ) ;
#5844 =( BOUNDED_CURVE ( )  B_SPLINE_CURVE ( 3, ( #4125, #2181, #4165, #7816 ),
 .UNSPECIFIED., .F., .T. ) 
 B_SPLINE_CURVE_WITH_KNOTS ( ( 4, 4 ),
 ( 3.079048061186961949, 4.459708725242622407 ),
 .UNSPECIFIED. ) 
 CURVE ( )  GEOMETRIC_REPRESENTATION_ITEM ( )  RATIONAL_B_SPLINE_CURVE ( ( 1.000000000000000000, 0.8473571362025635878, 0.8473571362025635878, 1.000000000000000000 ) ) 
 REPRESENTATION_ITEM ( '' )  );
#5845 = VERTEX_POINT ( 'NONE', #6582 ) ;
#5846 = FACE_OUTER_BOUND ( 'NONE', #7068, .T. ) ;
#5847 = EDGE_LOOP ( 'NONE', ( #6468, #1515, #6570, #6479 ) ) ;
#5848 = CARTESIAN_POINT ( 'NONE',  ( -31.25000000000001421, 13.49999999999998046, 24.00000000000000000 ) ) ;
#5849 = CARTESIAN_POINT ( 'NONE',  ( 34.81106557717334482, -3.202717506076306453, 17.04229843655640408 ) ) ;
#5850 = CARTESIAN_POINT ( 'NONE',  ( 11.67157287525389187, 28.00000000000000355, 1.999999999999997780 ) ) ;
#5851 = ORIENTED_EDGE ( 'NONE', *, *, #774, .F. ) ;
#5852 = CARTESIAN_POINT ( 'NONE',  ( 12.50000000000004263, 28.00000000000004619, 4.999999999999997335 ) ) ;
#5853 = AXIS2_PLACEMENT_3D ( 'NONE', #6075, #509, #472 ) ;
#5854 = EDGE_CURVE ( 'NONE', #4365, #4577, #5969, .T. ) ;
#5855 = LINE ( 'NONE', #6507, #4306 ) ;
#5856 = VERTEX_POINT ( 'NONE', #1668 ) ;
#5857 = DIRECTION ( 'NONE',  ( 0.000000000000000000, 0.000000000000000000, 1.000000000000000000 ) ) ;
#5858 = ORIENTED_EDGE ( 'NONE', *, *, #4141, .F. ) ;
#5859 = SURFACE_STYLE_USAGE ( .BOTH. , #7045 ) ;
#5860 = CARTESIAN_POINT ( 'NONE',  ( -46.10000000000000142, -4.664761515876251430, 10.50000000000000178 ) ) ;
#5861 = EDGE_CURVE ( 'NONE', #855, #831, #1898, .T. ) ;
#5862 = FACE_BOUND ( 'NONE', #7653, .T. ) ;
#5863 = ORIENTED_EDGE ( 'NONE', *, *, #6546, .T. ) ;
#5864 = CARTESIAN_POINT ( 'NONE',  ( -51.46878128347870529, -1.580626454401273140, 14.43192446750712676 ) ) ;
#5865 = CARTESIAN_POINT ( 'NONE',  ( -19.42277012257479285, -27.10425286907362263, 0.000000000000000000 ) ) ;
#5866 = CARTESIAN_POINT ( 'NONE',  ( -23.88307512300518809, -20.99999999999999645, 0.000000000000000000 ) ) ;
#5867 =( NAMED_UNIT ( * ) PLANE_ANGLE_UNIT ( ) SI_UNIT ( $, .RADIAN. ) );
#5868 = FACE_OUTER_BOUND ( 'NONE', #6345, .T. ) ;
#5869 = CARTESIAN_POINT ( 'NONE',  ( 29.95540305539142167, 10.58860107841773157, 10.87641628301035368 ) ) ;
#5870 = CARTESIAN_POINT ( 'NONE',  ( -32.82893218813453728, 18.00000000000000000, 24.00000000000000000 ) ) ;
#5871 = AXIS2_PLACEMENT_3D ( 'NONE', #2537, #6773, #6905 ) ;
#5872 = EDGE_CURVE ( 'NONE', #4115, #7858, #6690, .T. ) ;
#5873 = EDGE_CURVE ( 'NONE', #3857, #4718, #1518, .T. ) ;
#5874 = AXIS2_PLACEMENT_3D ( 'NONE', #21, #2639, #1348 ) ;
#5875 = CYLINDRICAL_SURFACE ( 'NONE', #5468, 1.750000000000001554 ) ;
#5876 = CARTESIAN_POINT ( 'NONE',  ( -41.14717689188035621, 8.629058641243915417, 11.34832117887320813 ) ) ;
#5877 = CARTESIAN_POINT ( 'NONE',  ( 34.37803288510006894, 4.615418752454128359, 14.90503990856706196 ) ) ;
#5878 = CARTESIAN_POINT ( 'NONE',  ( -8.100000000000013856, -23.55223872060722101, 7.595322360444994203 ) ) ;
#5879 = CIRCLE ( 'NONE', #7581, 1.749999999999999778 ) ;
#5880 = CARTESIAN_POINT ( 'NONE',  ( -13.40894241220451732, -24.27969276859689529, -1.097260984739580447 ) ) ;
#5881 = CARTESIAN_POINT ( 'NONE',  ( -34.89999999999999858, -18.00000000000000355, 24.00000000000000000 ) ) ;
#5882 = ORIENTED_EDGE ( 'NONE', *, *, #2128, .F. ) ;
#5883 = VERTEX_POINT ( 'NONE', #5505 ) ;
#5884 = AXIS2_PLACEMENT_3D ( 'NONE', #7407, #6716, #5571 ) ;
#5885 = ORIENTED_EDGE ( 'NONE', *, *, #4502, .T. ) ;
#5886 = CIRCLE ( 'NONE', #3401, 3.750000000000000000 ) ;
#5887 = VERTEX_POINT ( 'NONE', #1879 ) ;
#5888 = CARTESIAN_POINT ( 'NONE',  ( -13.27743229591008323, -30.71915747299406618, 19.40189321836893299 ) ) ;
#5889 = CARTESIAN_POINT ( 'NONE',  ( 13.40894241220452265, -20.99999999999998934, 24.00000000000000000 ) ) ;
#5890 = CARTESIAN_POINT ( 'NONE',  ( 8.100000000000015632, -23.85898487560920955, 8.070949972295048624 ) ) ;
#5891 = VECTOR ( 'NONE', #2387, 1000.000000000000000 ) ;
#5892 = CARTESIAN_POINT ( 'NONE',  ( 3.918869757271530263E-15, -32.00000000000000000, 19.50000000000000000 ) ) ;
#5893 = ORIENTED_EDGE ( 'NONE', *, *, #4835, .F. ) ;
#5894 = AXIS2_PLACEMENT_3D ( 'NONE', #1631, #6652, #3393 ) ;
#5895 = CARTESIAN_POINT ( 'NONE',  ( 3.918869757271530263E-15, -32.00000000000000000, 0.000000000000000000 ) ) ;
#5896 = CIRCLE ( 'NONE', #6290, 2.000000000000001776 ) ;
#5897 = VECTOR ( 'NONE', #1377, 1000.000000000000114 ) ;
#5898 = CARTESIAN_POINT ( 'NONE',  ( -7.634771516046922288E-15, 7.000000000000002665, 12.00000000000000000 ) ) ;
#5899 = EDGE_CURVE ( 'NONE', #2662, #6060, #1504, .T. ) ;
#5900 = CARTESIAN_POINT ( 'NONE',  ( -51.10000000000000142, -43.10000000000001563, 13.50000000000000533 ) ) ;
#5901 = ORIENTED_EDGE ( 'NONE', *, *, #5172, .F. ) ;
#5902 = DIRECTION ( 'NONE',  ( 0.000000000000000000, 0.000000000000000000, -1.000000000000000000 ) ) ;
#5903 = DIRECTION ( 'NONE',  ( 0.000000000000000000, 1.000000000000000000, 0.000000000000000000 ) ) ;
#5904 = CARTESIAN_POINT ( 'NONE',  ( -33.34283204473287299, -6.790496191676307802, 10.25000000000000178 ) ) ;
#5905 = ORIENTED_EDGE ( 'NONE', *, *, #25, .T. ) ;
#5906 = CARTESIAN_POINT ( 'NONE',  ( -51.40306990214131133, -1.542640728077888657, 9.544120890314275130 ) ) ;
#5907 = CARTESIAN_POINT ( 'NONE',  ( -16.68460350122381897, -28.71493911692714107, -0.4492190439486231646 ) ) ;
#5908 = DIRECTION ( 'NONE',  ( 1.000000000000000000, 9.941108744852765039E-17, 0.000000000000000000 ) ) ;
#5909 = CIRCLE ( 'NONE', #7729, 4.000000000000000000 ) ;
#5910 = CARTESIAN_POINT ( 'NONE',  ( 39.89999999999999147, 7.000000000000003553, 13.75000000000000000 ) ) ;
#5911 = DIRECTION ( 'NONE',  ( 1.000000000000000000, 0.000000000000000000, 0.000000000000000000 ) ) ;
#5912 = DIRECTION ( 'NONE',  ( -9.941108744852765039E-17, 1.000000000000000000, 0.000000000000000000 ) ) ;
#5913 = LINE ( 'NONE', #2774, #6936 ) ;
#5914 = ORIENTED_EDGE ( 'NONE', *, *, #5264, .F. ) ;
#5915 = AXIS2_PLACEMENT_3D ( 'NONE', #5325, #4817, #2805 ) ;
#5916 = DIRECTION ( 'NONE',  ( 0.5070201265633934584, 0.8619342151577698008, 0.000000000000000000 ) ) ;
#5917 = CARTESIAN_POINT ( 'NONE',  ( 15.17106781186546449, 22.00000000000000355, 24.00000000000000000 ) ) ;
#5918 = CARTESIAN_POINT ( 'NONE',  ( 34.30449985975678828, 4.811069117877075030, 15.05456532942069714 ) ) ;
#5919 = ORIENTED_EDGE ( 'NONE', *, *, #6313, .T. ) ;
#5920 = CARTESIAN_POINT ( 'NONE',  ( 9.410179721124460883, 18.58578643762691840, 9.414213562373079824 ) ) ;
#5921 = CARTESIAN_POINT ( 'NONE',  ( 32.82893218813451597, 18.00000000000000711, 0.000000000000000000 ) ) ;
#5922 = DIRECTION ( 'NONE',  ( 0.000000000000000000, 0.000000000000000000, 1.000000000000000000 ) ) ;
#5923 = ORIENTED_EDGE ( 'NONE', *, *, #3263, .T. ) ;
#5924 = VECTOR ( 'NONE', #2297, 999.9999999999998863 ) ;
#5925 = ORIENTED_EDGE ( 'NONE', *, *, #3926, .F. ) ;
#5926 = DIRECTION ( 'NONE',  ( 7.228014483236695816E-17, -1.000000000000000000, 0.000000000000000000 ) ) ;
#5927 = CARTESIAN_POINT ( 'NONE',  ( 34.04027239352179635, -5.445103164950430674, 15.42064496079061087 ) ) ;
#5928 = B_SPLINE_CURVE_WITH_KNOTS ( 'NONE', 3,
 ( #3008, #997, #6034, #1619, #5496, #5956, #4218, #7299, #2967, #4757 ),
 .UNSPECIFIED., .F., .F.,
 ( 4, 2, 2, 2, 4 ),
 ( 0.000000000000000000, 0.0004085130822169330740, 0.0008170261644338661479, 0.001225539246650799276, 0.001634052328867732296 ),
 .UNSPECIFIED. ) ;
#5929 = CARTESIAN_POINT ( 'NONE',  ( 34.81832843119907750, -3.172144385112382281, 21.00000000000000000 ) ) ;
#5930 = CARTESIAN_POINT ( 'NONE',  ( -39.90000000000000568, 10.92893218813451384, 21.00000000000000000 ) ) ;
#5931 =( GEOMETRIC_REPRESENTATION_CONTEXT ( 3 ) GLOBAL_UNCERTAINTY_ASSIGNED_CONTEXT ( ( #5045 ) ) GLOBAL_UNIT_ASSIGNED_CONTEXT ( ( #7128, #5160, #6394 ) ) REPRESENTATION_CONTEXT ( 'NONE', 'WORKASPACE' ) );
#5932 = DIRECTION ( 'NONE',  ( -0.000000000000000000, -0.000000000000000000, -1.000000000000000000 ) ) ;
#5933 = VECTOR ( 'NONE', #665, 1000.000000000000000 ) ;
#5934 = CARTESIAN_POINT ( 'NONE',  ( 7.100000000000001421, -7.999999999999994671, 0.000000000000000000 ) ) ;
#5935 = CARTESIAN_POINT ( 'NONE',  ( 13.40894241220452443, -25.41283789321709818, 5.136526129089248549 ) ) ;
#5936 = ORIENTED_EDGE ( 'NONE', *, *, #2871, .F. ) ;
#5937 = CARTESIAN_POINT ( 'NONE',  ( -49.10000000000000142, -8.767025567052019698E-15, 12.00000000000000000 ) ) ;
#5938 = CARTESIAN_POINT ( 'NONE',  ( -32.82893218813453728, 18.00000000000000000, 22.00000000000000000 ) ) ;
#5939 = FACE_OUTER_BOUND ( 'NONE', #7410, .T. ) ;
#5940 = VECTOR ( 'NONE', #817, 1000.000000000000000 ) ;
#5941 = ORIENTED_EDGE ( 'NONE', *, *, #1093, .F. ) ;
#5942 = B_SPLINE_CURVE_WITH_KNOTS ( 'NONE', 3,
 ( #1946, #2529, #3781, #4962, #7508, #7471, #3230, #6983, #1865, #2440, #6245, #5711, #5671, #5087, #6157, #2566, #3142, #3053, #1244, #7552, #8044, #3744, #1199, #4350, #6860, #5629, #35, #6897, #7135, #1404 ),
 .UNSPECIFIED., .F., .F.,
 ( 4, 2, 2, 2, 2, 2, 2, 2, 2, 2, 2, 2, 2, 2, 4 ),
 ( 8.673617379884035472E-19, 0.001721170065164835715, 0.002581755097747248043, 0.003442340130329660589, 0.004302925162912078771, 0.005163510195494497822, 0.006024095228076916872, 0.006884680260659335922, 0.007314972776950545014, 0.007745265293241754105, 0.008605850325824174890, 0.009466435358406594808, 0.01032702039098901473, 0.01204819045615385109, 0.01376936052131869093 ),
 .UNSPECIFIED. ) ;
#5943 = ORIENTED_EDGE ( 'NONE', *, *, #2705, .F. ) ;
#5944 = CARTESIAN_POINT ( 'NONE',  ( -20.21076683067359525, -21.99999999999999645, 0.000000000000000000 ) ) ;
#5945 = AXIS2_PLACEMENT_3D ( 'NONE', #581, #8064, #3163 ) ;
#5946 = CARTESIAN_POINT ( 'NONE',  ( -32.82893218813453728, 22.00000000000000000, 19.99999999999999645 ) ) ;
#5947 = CARTESIAN_POINT ( 'NONE',  ( 21.90999999999990777, -13.30000000000000249, 0.000000000000000000 ) ) ;
#5948 = CARTESIAN_POINT ( 'NONE',  ( -12.72686086507544623, -31.08157338225102961, -3.125101779326338480 ) ) ;
#5949 = PLANE ( 'NONE',  #7323 ) ;
#5950 = CARTESIAN_POINT ( 'NONE',  ( -31.92201948724704508, -8.749769211979227634, 12.13304953125748398 ) ) ;
#5951 = ADVANCED_FACE ( 'NONE', ( #4363 ), #2325, .F. ) ;
#5952 = VERTEX_POINT ( 'NONE', #3625 ) ;
#5953 = EDGE_LOOP ( 'NONE', ( #2846, #1860 ) ) ;
#5954 = CARTESIAN_POINT ( 'NONE',  ( 34.96886854606702855, -2.483996336765235124, 2.180209827419728796 ) ) ;
#5955 = CARTESIAN_POINT ( 'NONE',  ( -51.18007084406625751, 1.469693845673763599, 14.50000000000012434 ) ) ;
#5956 = CARTESIAN_POINT ( 'NONE',  ( -46.29291618988032297, 4.426364670405282808, 9.895732163409860505 ) ) ;
#5957 = ORIENTED_EDGE ( 'NONE', *, *, #8074, .F. ) ;
#5958 = CARTESIAN_POINT ( 'NONE',  ( -8.100000000000013856, -20.94680173577177129, 5.601704249787314183 ) ) ;
#5959 = CARTESIAN_POINT ( 'NONE',  ( -35.11300443990746345, 1.530659027471270361, 18.12185546398561087 ) ) ;
#5960 = EDGE_CURVE ( 'NONE', #6782, #1947, #6776, .T. ) ;
#5961 = CARTESIAN_POINT ( 'NONE',  ( 3.918869757271530263E-15, -32.00000000000000000, -5.500000000000001776 ) ) ;
#5962 = EDGE_CURVE ( 'NONE', #6150, #6282, #5425, .T. ) ;
#5963 = EDGE_CURVE ( 'NONE', #1988, #5051, #1168, .T. ) ;
#5964 = ORIENTED_EDGE ( 'NONE', *, *, #5094, .F. ) ;
#5965 = ORIENTED_EDGE ( 'NONE', *, *, #7403, .F. ) ;
#5966 = CARTESIAN_POINT ( 'NONE',  ( -23.32842712474619162, 19.99999999999999645, 21.00000000000000000 ) ) ;
#5967 = CIRCLE ( 'NONE', #2446, 3.750000000000000000 ) ;
#5968 = DIRECTION ( 'NONE',  ( 8.673617379884028570E-16, -1.000000000000000000, 0.000000000000000000 ) ) ;
#5969 = LINE ( 'NONE', #3477, #3463 ) ;
#5970 = EDGE_CURVE ( 'NONE', #5782, #6729, #8056, .T. ) ;
#5971 = EDGE_CURVE ( 'NONE', #2295, #1182, #2009, .T. ) ;
#5972 = LINE ( 'NONE', #4767, #3108 ) ;
#5973 = LINE ( 'NONE', #2095, #521 ) ;
#5974 = VECTOR ( 'NONE', #3868, 1000.000000000000000 ) ;
#5975 = EDGE_CURVE ( 'NONE', #119, #3736, #3079, .T. ) ;
#5976 = EDGE_CURVE ( 'NONE', #342, #2573, #1295, .T. ) ;
#5977 = CARTESIAN_POINT ( 'NONE',  ( 39.89999999999999147, 7.000000000000003553, 10.25000000000000000 ) ) ;
#5978 = CARTESIAN_POINT ( 'NONE',  ( 35.20000000000000995, -0.009999999999910150206, 0.000000000000000000 ) ) ;
#5979 = CARTESIAN_POINT ( 'NONE',  ( 8.500000000000003553, 19.00000000000000355, 21.00000000000000355 ) ) ;
#5980 = VERTEX_POINT ( 'NONE', #3835 ) ;
#5981 = CARTESIAN_POINT ( 'NONE',  ( -8.100000000000013856, 0.000000000000000000, 5.000000000000000000 ) ) ;
#5982 = DIRECTION ( 'NONE',  ( -1.387778780781445676E-16, -1.379605977354753764E-32, -1.000000000000000000 ) ) ;
#5983 = ORIENTED_EDGE ( 'NONE', *, *, #1612, .T. ) ;
#5984 = ADVANCED_FACE ( 'NONE', ( #7790, #3754 ), #3415, .F. ) ;
#5985 = CARTESIAN_POINT ( 'NONE',  ( -34.10164332216337613, -5.301426214428676786, 12.48504137318629148 ) ) ;
#5986 = ORIENTED_EDGE ( 'NONE', *, *, #3802, .F. ) ;
#5987 = EDGE_LOOP ( 'NONE', ( #5286, #173, #4906, #4572, #2678, #2442, #5375, #467, #7894, #6343, #7926, #7149, #2143, #3911, #7213, #514, #3652, #7327 ) ) ;
#5988 = CARTESIAN_POINT ( 'NONE',  ( -13.40894241220451910, -20.99999999999998934, 24.00000000000000000 ) ) ;
#5989 = LINE ( 'NONE', #1569, #3554 ) ;
#5990 = CARTESIAN_POINT ( 'NONE',  ( 4.505000000000061178, -13.30000000000000249, 3.594999999999903828 ) ) ;
#5991 = CARTESIAN_POINT ( 'NONE',  ( -44.23182063291579169, 5.495497287671558873, 12.90251382587376483 ) ) ;
#5992 = CARTESIAN_POINT ( 'NONE',  ( -32.93838477109312635, -7.430179784586775860, 10.29005217061269484 ) ) ;
#5993 = ADVANCED_FACE ( 'NONE', ( #696 ), #6340, .F. ) ;
#5994 = CARTESIAN_POINT ( 'NONE',  ( 34.71770976430045152, -3.559107480253771438, 6.206562918034752130 ) ) ;
#5995 = CARTESIAN_POINT ( 'NONE',  ( 21.91421356237307450, 18.58578643762691485, 1.999999999999998224 ) ) ;
#5996 = CARTESIAN_POINT ( 'NONE',  ( -43.44752323536097549, -1.548376349548301389, 18.16094037640497305 ) ) ;
#5997 = EDGE_LOOP ( 'NONE', ( #1171, #7574 ) ) ;
#5998 = ORIENTED_EDGE ( 'NONE', *, *, #4272, .F. ) ;
#5999 = CARTESIAN_POINT ( 'NONE',  ( 13.40894241220452265, -21.99999999999999289, 24.00000000000000000 ) ) ;
#6000 = CARTESIAN_POINT ( 'NONE',  ( 8.100000000000017408, -17.76485910809117286, -0.6800641974827297265 ) ) ;
#6001 = DIRECTION ( 'NONE',  ( 1.000000000000000000, 0.000000000000000000, 0.000000000000000000 ) ) ;
#6002 = AXIS2_PLACEMENT_3D ( 'NONE', #821, #3966, #2716 ) ;
#6004 = VERTEX_POINT ( 'NONE', #4631 ) ;
#6003 = B_SPLINE_CURVE_WITH_KNOTS ( 'NONE', 3,
 ( #7168, #6630, #2263, #4736, #5281, #4808, #5433, #7892, #2797, #7325, #1715, #2301, #4775, #6590, #981, #7779 ),
 .UNSPECIFIED., .F., .F.,
 ( 4, 2, 2, 2, 2, 2, 2, 4 ),
 ( 0.000000000000000000, 0.001547899513087463508, 0.003095799026174927016, 0.004643698539262390741, 0.006191598052349854032, 0.009287397078524781482, 0.01083529659161224477, 0.01238319610469970806 ),
 .UNSPECIFIED. ) ;
#6005 = AXIS2_PLACEMENT_3D ( 'NONE', #2467, #244, #2124 ) ;
#6006 = CARTESIAN_POINT ( 'NONE',  ( 37.89999999999999147, 6.938893903907228378E-15, 12.00000000000000000 ) ) ;
#6007 = FACE_OUTER_BOUND ( 'NONE', #4410, .T. ) ;
#6008 = CARTESIAN_POINT ( 'NONE',  ( 0.000000000000000000, 0.000000000000000000, 21.00000000000000000 ) ) ;
#6009 = AXIS2_PLACEMENT_3D ( 'NONE', #4667, #1024, #7178 ) ;
#6010 = PLANE ( 'NONE',  #617 ) ;
#6011 = CARTESIAN_POINT ( 'NONE',  ( 17.89999999999998792, -6.098637220230962441E-16, 5.000000000000000000 ) ) ;
#6012 = ADVANCED_FACE ( 'NONE', ( #5868 ), #733, .F. ) ;
#6013 = ADVANCED_FACE ( 'NONE', ( #1530 ), #6051, .F. ) ;
#6014 = DIRECTION ( 'NONE',  ( 1.000000000000000000, 6.624790897247282050E-16, 0.000000000000000000 ) ) ;
#6015 = DIRECTION ( 'NONE',  ( 0.000000000000000000, 0.000000000000000000, 1.000000000000000000 ) ) ;
#6016 = CARTESIAN_POINT ( 'NONE',  ( 15.17106781186546449, 20.00000000000000355, 16.00000000000000000 ) ) ;
#6017 = AXIS2_PLACEMENT_3D ( 'NONE', #2903, #404, #1509 ) ;
#6018 = ORIENTED_EDGE ( 'NONE', *, *, #3109, .F. ) ;
#6019 = DIRECTION ( 'NONE',  ( 0.000000000000000000, 0.000000000000000000, -1.000000000000000000 ) ) ;
#6020 = CARTESIAN_POINT ( 'NONE',  ( -46.29291618988032297, -4.426364670405297019, 14.10426783659014305 ) ) ;
#6021 = ORIENTED_EDGE ( 'NONE', *, *, #1823, .F. ) ;
#6022 = CARTESIAN_POINT ( 'NONE',  ( -32.82893218813453728, 18.00000000000000000, 24.00000000000000000 ) ) ;
#6023 = EDGE_LOOP ( 'NONE', ( #6338, #2628, #19, #53, #2413, #7956, #2546, #4126, #6131, #4832 ) ) ;
#6024 = DIRECTION ( 'NONE',  ( 0.000000000000000000, 0.000000000000000000, -1.000000000000000000 ) ) ;
#6025 = DIRECTION ( 'NONE',  ( 0.000000000000000000, 1.000000000000000000, 0.000000000000000000 ) ) ;
#6026 = CARTESIAN_POINT ( 'NONE',  ( -35.19999999999999574, -1.734723475976807094E-15, 19.00000000000000000 ) ) ;
#6027 = CYLINDRICAL_SURFACE ( 'NONE', #927, 2.000000000000000000 ) ;
#6028 = B_SPLINE_CURVE_WITH_KNOTS ( 'NONE', 3,
 ( #4529, #2580, #4408, #5180, #3280, #7524, #3873, #3797, #6379, #2622, #5684, #7678, #6299, #1415 ),
 .UNSPECIFIED., .F., .F.,
 ( 4, 2, 2, 2, 2, 2, 4 ),
 ( 0.004870121808885632779, 0.005731193692560491472, 0.006161729634397912145, 0.006592265576235333685, 0.007453337459910187174, 0.007883873401747613918, 0.008314409343585040663 ),
 .UNSPECIFIED. ) ;
#6029 = CARTESIAN_POINT ( 'NONE',  ( -42.98997313576614232, 6.590943338871415591, 10.28642821914635341 ) ) ;
#6030 = ORIENTED_EDGE ( 'NONE', *, *, #49, .F. ) ;
#6031 = VECTOR ( 'NONE', #4314, 1000.000000000000000 ) ;
#6032 = CARTESIAN_POINT ( 'NONE',  ( 34.89922141900903085, -2.826883473937717550, 2.524079112083507326 ) ) ;
#6033 = CARTESIAN_POINT ( 'NONE',  ( -46.10000000000000142, -7.966383962755032780E-15, 12.00000000000000000 ) ) ;
#6034 = CARTESIAN_POINT ( 'NONE',  ( -46.82625601667378135, 4.231768973995951200, 9.529004832767801858 ) ) ;
#6035 = ORIENTED_EDGE ( 'NONE', *, *, #5825, .F. ) ;
#6036 = CARTESIAN_POINT ( 'NONE',  ( 8.100000000000017408, -13.30000000000000249, 0.000000000000000000 ) ) ;
#6037 = CARTESIAN_POINT ( 'NONE',  ( -35.08559234099654844, 1.750076570125760567, 19.11261747932622157 ) ) ;
#6038 = EDGE_LOOP ( 'NONE', ( #1461, #5038 ) ) ;
#6039 = VECTOR ( 'NONE', #5755, 1000.000000000000000 ) ;
#6040 = CARTESIAN_POINT ( 'NONE',  ( 37.89999999999999147, -7.000000000000000888, 13.75000000000000000 ) ) ;
#6041 = ORIENTED_EDGE ( 'NONE', *, *, #2677, .T. ) ;
#6042 = CARTESIAN_POINT ( 'NONE',  ( 13.27743229591009744, -30.71915747299405908, -2.568471007018299002 ) ) ;
#6043 = DIRECTION ( 'NONE',  ( 9.941108744852766272E-17, -1.000000000000000000, -0.000000000000000000 ) ) ;
#6044 = CARTESIAN_POINT ( 'NONE',  ( -27.90000000000001279, -4.000000000000005329, 24.00000000000000000 ) ) ;
#6045 = CARTESIAN_POINT ( 'NONE',  ( -32.65811200763522493, 7.827624048074979690, 10.45430067367095006 ) ) ;
#6046 = VECTOR ( 'NONE', #5831, 1000.000000000000000 ) ;
#6047 = ORIENTED_EDGE ( 'NONE', *, *, #6873, .T. ) ;
#6048 = VERTEX_POINT ( 'NONE', #7136 ) ;
#6049 = LINE ( 'NONE', #7280, #4227 ) ;
#6050 = DIRECTION ( 'NONE',  ( 0.000000000000000000, 0.000000000000000000, 1.000000000000000000 ) ) ;
#6051 = TOROIDAL_SURFACE ( 'NONE', #2543, 14.09999999999999432, 3.000000000000000000 ) ;
#6052 = CARTESIAN_POINT ( 'NONE',  ( 34.89999999999999147, -17.99999999999999289, 19.50000000000000000 ) ) ;
#6053 = ORIENTED_EDGE ( 'NONE', *, *, #766, .F. ) ;
#6054 = CARTESIAN_POINT ( 'NONE',  ( 37.89999999999999147, -1.734723475976807094E-15, 15.24999999999999822 ) ) ;
#6055 = CARTESIAN_POINT ( 'NONE',  ( -46.12573708904827186, -4.575152156148718952, 13.75908495944213605 ) ) ;
#6056 = ORIENTED_EDGE ( 'NONE', *, *, #7345, .F. ) ;
#6057 = EDGE_CURVE ( 'NONE', #1219, #7022, #6519, .T. ) ;
#6058 = CARTESIAN_POINT ( 'NONE',  ( 15.17106781186546449, 18.00000000000000355, 24.00000000000000000 ) ) ;
#6059 = EDGE_CURVE ( 'NONE', #6240, #3305, #271, .T. ) ;
#6060 = VERTEX_POINT ( 'NONE', #2807 ) ;
#6061 = AXIS2_PLACEMENT_3D ( 'NONE', #5981, #4094, #1307 ) ;
#6062 = CARTESIAN_POINT ( 'NONE',  ( 12.49999999999999822, 28.00000000000000355, 1.999999999999997780 ) ) ;
#6063 = CARTESIAN_POINT ( 'NONE',  ( 31.24999999999999645, 13.50000000000000533, 24.00000000000000000 ) ) ;
#6064 = DIRECTION ( 'NONE',  ( 0.000000000000000000, 0.000000000000000000, -1.000000000000000000 ) ) ;
#6065 = PLANE ( 'NONE',  #283 ) ;
#6066 = VECTOR ( 'NONE', #6089, 1000.000000000000000 ) ;
#6067 = EDGE_CURVE ( 'NONE', #1732, #8024, #48, .T. ) ;
#6068 = CARTESIAN_POINT ( 'NONE',  ( 39.89999999999999147, -1.734723475976807094E-15, 17.24999999999999645 ) ) ;
#6069 = ORIENTED_EDGE ( 'NONE', *, *, #7572, .F. ) ;
#6070 = ADVANCED_FACE ( 'NONE', ( #918 ), #3570, .F. ) ;
#6071 = EDGE_CURVE ( 'NONE', #2950, #1902, #6193, .T. ) ;
#6072 = VERTEX_POINT ( 'NONE', #653 ) ;
#6073 = DIRECTION ( 'NONE',  ( -0.000000000000000000, -0.000000000000000000, -1.000000000000000000 ) ) ;
#6074 = DIRECTION ( 'NONE',  ( 0.7071067811865477948, 0.7071067811865473507, -0.000000000000000000 ) ) ;
#6075 = CARTESIAN_POINT ( 'NONE',  ( 33.00000000000000000, -13.50000000000000178, 24.00000000000000000 ) ) ;
#6076 = ORIENTED_EDGE ( 'NONE', *, *, #3334, .T. ) ;
#6077 = DIRECTION ( 'NONE',  ( -1.387778780781445676E-16, -1.379605977354753764E-32, -1.000000000000000000 ) ) ;
#6078 = CARTESIAN_POINT ( 'NONE',  ( -8.099999999999996092, -13.30000000000000071, 0.000000000000000000 ) ) ;
#6079 = EDGE_CURVE ( 'NONE', #6048, #934, #3964, .T. ) ;
#6080 = EDGE_CURVE ( 'NONE', #928, #4111, #2698, .T. ) ;
#6081 = DIRECTION ( 'NONE',  ( 0.000000000000000000, 0.000000000000000000, -1.000000000000000000 ) ) ;
#6082 = DIRECTION ( 'NONE',  ( -1.000000000000000000, 2.312964634635741478E-16, 0.000000000000000000 ) ) ;
#6083 = CARTESIAN_POINT ( 'NONE',  ( 14.30514481855833964, -30.11462069496569072, 5.281405381921589814 ) ) ;
#6084 = CARTESIAN_POINT ( 'NONE',  ( -13.40894241220451910, -21.99999999999999289, 0.000000000000000000 ) ) ;
#6085 = CARTESIAN_POINT ( 'NONE',  ( -32.52209874691630631, 8.011282251702510848, 10.56770946391536903 ) ) ;
#6086 = DIRECTION ( 'NONE',  ( 1.000000000000000000, 9.941108744852760109E-17, -2.775557561562890858E-16 ) ) ;
#6087 = VECTOR ( 'NONE', #4799, 1000.000000000000000 ) ;
#6088 = PLANE ( 'NONE',  #6289 ) ;
#6089 = DIRECTION ( 'NONE',  ( 0.000000000000000000, 0.000000000000000000, -1.000000000000000000 ) ) ;
#6090 = DIRECTION ( 'NONE',  ( 0.000000000000000000, 1.000000000000000000, 0.000000000000000000 ) ) ;
#6091 = CARTESIAN_POINT ( 'NONE',  ( -13.27743229591008856, -30.71915747299403776, 5.000000000000000000 ) ) ;
#6092 = VERTEX_POINT ( 'NONE', #3567 ) ;
#6093 = LINE ( 'NONE', #3561, #4173 ) ;
#6094 = AXIS2_PLACEMENT_3D ( 'NONE', #6611, #3504, #965 ) ;
#6095 = EDGE_CURVE ( 'NONE', #6733, #8021, #2974, .T. ) ;
#6096 = CARTESIAN_POINT ( 'NONE',  ( 33.00000000000000000, 13.50000000000000533, 0.000000000000000000 ) ) ;
#6097 = VECTOR ( 'NONE', #4226, 1000.000000000000000 ) ;
#6098 = CARTESIAN_POINT ( 'NONE',  ( 3.918869757271530263E-15, -32.00000000000000000, 5.000000000000000000 ) ) ;
#6099 = EDGE_CURVE ( 'NONE', #2406, #1287, #542, .T. ) ;
#6100 = CARTESIAN_POINT ( 'NONE',  ( -35.19999999999999574, -6.098637220230962441E-16, 3.250000000000000000 ) ) ;
#6101 = CARTESIAN_POINT ( 'NONE',  ( -1.698686956776715873E-15, 22.00000000000000355, 0.000000000000000000 ) ) ;
#6102 = CARTESIAN_POINT ( 'NONE',  ( -11.83431754716828799, -31.99999999999884892, 7.391561154329337135 ) ) ;
#6103 = ORIENTED_EDGE ( 'NONE', *, *, #5162, .F. ) ;
#6104 = AXIS2_PLACEMENT_3D ( 'NONE', #7950, #7836, #7342 ) ;
#6105 = EDGE_LOOP ( 'NONE', ( #3037, #5024, #6280, #4568, #6915 ) ) ;
#6106 = VERTEX_POINT ( 'NONE', #6600 ) ;
#6107 = EDGE_CURVE ( 'NONE', #1992, #119, #2148, .T. ) ;
#6108 = EDGE_CURVE ( 'NONE', #6504, #1775, #437, .T. ) ;
#6109 = ORIENTED_EDGE ( 'NONE', *, *, #2075, .T. ) ;
#6110 = FACE_OUTER_BOUND ( 'NONE', #3252, .T. ) ;
#6111 = LINE ( 'NONE', #4875, #5520 ) ;
#6112 = CYLINDRICAL_SURFACE ( 'NONE', #6754, 2.600000000000000089 ) ;
#6113 = ORIENTED_EDGE ( 'NONE', *, *, #3565, .F. ) ;
#6114 = EDGE_CURVE ( 'NONE', #7158, #593, #2235, .T. ) ;
#6115 = ORIENTED_EDGE ( 'NONE', *, *, #2938, .F. ) ;
#6116 = ORIENTED_EDGE ( 'NONE', *, *, #1272, .F. ) ;
#6117 = DIRECTION ( 'NONE',  ( -1.491166311727914324E-16, 1.000000000000000000, 0.000000000000000000 ) ) ;
#6118 = DIRECTION ( 'NONE',  ( 0.000000000000000000, 0.000000000000000000, -1.000000000000000000 ) ) ;
#6119 = ORIENTED_EDGE ( 'NONE', *, *, #871, .T. ) ;
#6120 = EDGE_LOOP ( 'NONE', ( #3839, #1840, #1881, #3740, #638 ) ) ;
#6121 = LINE ( 'NONE', #2180, #4693 ) ;
#6122 = CARTESIAN_POINT ( 'NONE',  ( 1.983251194598126461E-15, -13.30000000000000249, 12.00000000000000000 ) ) ;
#6123 = CARTESIAN_POINT ( 'NONE',  ( 34.79212929901211027, -3.277699864092749493, 12.52275933634662941 ) ) ;
#6124 = CARTESIAN_POINT ( 'NONE',  ( 15.85515533723178372, -29.20284980162836064, 5.000000000000000000 ) ) ;
#6125 = CYLINDRICAL_SURFACE ( 'NONE', #4649, 1.749999999999999778 ) ;
#6126 = CARTESIAN_POINT ( 'NONE',  ( 13.27743229591008678, -30.71915747299406618, 19.40189321836893299 ) ) ;
#6127 = AXIS2_PLACEMENT_3D ( 'NONE', #4088, #5275, #939 ) ;
#6128 = CIRCLE ( 'NONE', #5751, 1.750000000000001554 ) ;
#6129 = DIRECTION ( 'NONE',  ( -0.000000000000000000, -0.000000000000000000, -1.000000000000000000 ) ) ;
#6130 = AXIS2_PLACEMENT_3D ( 'NONE', #5895, #898, #1471 ) ;
#6131 = ORIENTED_EDGE ( 'NONE', *, *, #7540, .F. ) ;
#6132 = EDGE_LOOP ( 'NONE', ( #7488, #6450, #1241, #1151 ) ) ;
#6133 = CYLINDRICAL_SURFACE ( 'NONE', #4886, 1.750000000000001554 ) ;
#6134 = DIRECTION ( 'NONE',  ( 1.000000000000000000, 0.000000000000000000, 0.000000000000000000 ) ) ;
#6135 = PLANE ( 'NONE',  #5155 ) ;
#6136 = CARTESIAN_POINT ( 'NONE',  ( -51.23860651754981888, -4.214261501141105981, 14.50000000000000711 ) ) ;
#6137 = LINE ( 'NONE', #7246, #389 ) ;
#6138 = VERTEX_POINT ( 'NONE', #5326 ) ;
#6139 = AXIS2_PLACEMENT_3D ( 'NONE', #3034, #5522, #8023 ) ;
#6140 = LINE ( 'NONE', #3687, #5624 ) ;
#6141 = VECTOR ( 'NONE', #3858, 1000.000000000000000 ) ;
#6142 = EDGE_CURVE ( 'NONE', #3493, #1855, #7866, .T. ) ;
#6143 = AXIS2_PLACEMENT_3D ( 'NONE', #1397, #5123, #3739 ) ;
#6144 = CARTESIAN_POINT ( 'NONE',  ( -41.05000000000002558, -8.750000000000000000, 12.00000000000000000 ) ) ;
#6145 = CARTESIAN_POINT ( 'NONE',  ( -10.90000000000001457, -12.00000000000000355, 24.00000000000000000 ) ) ;
#6146 = EDGE_LOOP ( 'NONE', ( #3620, #5150, #6420, #3098 ) ) ;
#6147 = CARTESIAN_POINT ( 'NONE',  ( 8.500000000000000000, 18.00000000000000355, 1.999999999999998224 ) ) ;
#6148 = CARTESIAN_POINT ( 'NONE',  ( 31.87572181984443631, 8.806396862041559359, 8.705907593926971444 ) ) ;
#6149 = DIRECTION ( 'NONE',  ( -0.000000000000000000, -0.000000000000000000, -1.000000000000000000 ) ) ;
#6150 = VERTEX_POINT ( 'NONE', #1724 ) ;
#6151 = VECTOR ( 'NONE', #6705, 1000.000000000000000 ) ;
#6152 = AXIS2_PLACEMENT_3D ( 'NONE', #838, #7791, #7706 ) ;
#6153 = ORIENTED_EDGE ( 'NONE', *, *, #2821, .T. ) ;
#6154 = ORIENTED_EDGE ( 'NONE', *, *, #6079, .T. ) ;
#6155 = CARTESIAN_POINT ( 'NONE',  ( -9.900000000000012790, -13.00000000000000355, 0.000000000000000000 ) ) ;
#6156 = CARTESIAN_POINT ( 'NONE',  ( -10.90180841670001932, -34.08819856468882392, 10.00000000000000000 ) ) ;
#6157 = CARTESIAN_POINT ( 'NONE',  ( 29.73717109117571056, -10.75055369221187895, 11.71481779407613999 ) ) ;
#6158 = ORIENTED_EDGE ( 'NONE', *, *, #3916, .T. ) ;
#6159 = ORIENTED_EDGE ( 'NONE', *, *, #4860, .T. ) ;
#6160 = FACE_OUTER_BOUND ( 'NONE', #2085, .T. ) ;
#6161 = CARTESIAN_POINT ( 'NONE',  ( -49.10000000000000142, -8.767025567052019698E-15, 14.50000000000000355 ) ) ;
#6162 = ORIENTED_EDGE ( 'NONE', *, *, #6850, .F. ) ;
#6163 = EDGE_LOOP ( 'NONE', ( #3227, #1761, #4423, #2435 ) ) ;
#6164 = EDGE_CURVE ( 'NONE', #7088, #8067, #2343, .T. ) ;
#6165 = CARTESIAN_POINT ( 'NONE',  ( 35.15075881604163754, 1.164169640841807851, 15.43142304062283543 ) ) ;
#6166 = LINE ( 'NONE', #7234, #6893 ) ;
#6167 = CARTESIAN_POINT ( 'NONE',  ( 8.500000000000001776, 18.00000000000000355, 10.82842712474618629 ) ) ;
#6168 = CARTESIAN_POINT ( 'NONE',  ( 11.12843023523664243, -33.26743319189220216, -5.308878053867839064 ) ) ;
#6169 = LINE ( 'NONE', #4278, #5707 ) ;
#6170 = VERTEX_POINT ( 'NONE', #6100 ) ;
#6171 = ADVANCED_FACE ( 'NONE', ( #6677 ), #4207, .F. ) ;
#6172 = ORIENTED_EDGE ( 'NONE', *, *, #813, .T. ) ;
#6173 = CARTESIAN_POINT ( 'NONE',  ( -35.19999999999999574, -0.01000000000000653144, 20.74997142833818842 ) ) ;
#6174 = ORIENTED_EDGE ( 'NONE', *, *, #1751, .T. ) ;
#6175 = ORIENTED_EDGE ( 'NONE', *, *, #6793, .T. ) ;
#6176 = DIRECTION ( 'NONE',  ( 0.000000000000000000, 0.000000000000000000, -1.000000000000000000 ) ) ;
#6177 = CARTESIAN_POINT ( 'NONE',  ( -14.27458221895878765, -20.99999999999999289, -0.2033335596851601479 ) ) ;
#6178 = AXIS2_PLACEMENT_3D ( 'NONE', #3306, #7701, #835 ) ;
#6179 = FACE_OUTER_BOUND ( 'NONE', #3291, .T. ) ;
#6180 = VERTEX_POINT ( 'NONE', #1064 ) ;
#6181 = CARTESIAN_POINT ( 'NONE',  ( 13.40894241220452443, -25.41283789321709818, -1.392764127182514855 ) ) ;
#6182 = CARTESIAN_POINT ( 'NONE',  ( -34.11750731285565053, 5.263728175252497365, 12.25063161601134887 ) ) ;
#6183 = ORIENTED_EDGE ( 'NONE', *, *, #2069, .F. ) ;
#6184 = DIRECTION ( 'NONE',  ( 1.000000000000000000, 0.000000000000000000, 0.000000000000000000 ) ) ;
#6185 = B_SPLINE_CURVE_WITH_KNOTS ( 'NONE', 3,
 ( #7740, #6981, #1529, #5796, #3938, #2731, #2113, #1486, #7628, #114, #3980, #4551, #5830, #7017 ),
 .UNSPECIFIED., .F., .F.,
 ( 4, 2, 2, 2, 2, 2, 4 ),
 ( 1.084202172485504434E-19, 0.0002763182444013513226, 0.0005526364888027027536, 0.001105272977605409844, 0.001657909466408117368, 0.001934227710809470913, 0.002210545955210824458 ),
 .UNSPECIFIED. ) ;
#6186 = CARTESIAN_POINT ( 'NONE',  ( -35.19999999999999574, -6.098637220230962441E-16, 5.000000000000000000 ) ) ;
#6187 = EDGE_CURVE ( 'NONE', #128, #1196, #7207, .T. ) ;
#6188 = LINE ( 'NONE', #1274, #7738 ) ;
#6189 = ORIENTED_EDGE ( 'NONE', *, *, #5253, .F. ) ;
#6190 = CYLINDRICAL_SURFACE ( 'NONE', #5676, 1.000000000000000888 ) ;
#6191 = CARTESIAN_POINT ( 'NONE',  ( 14.98761331371184191, -26.23262459370197419, 5.000000000000000000 ) ) ;
#6192 = DIRECTION ( 'NONE',  ( -0.000000000000000000, -0.000000000000000000, -1.000000000000000000 ) ) ;
#6193 = CIRCLE ( 'NONE', #3201, 1.750000000000001554 ) ;
#6194 = ORIENTED_EDGE ( 'NONE', *, *, #4253, .T. ) ;
#6195 = EDGE_LOOP ( 'NONE', ( #7150, #4263, #6154, #2383 ) ) ;
#6196 = ORIENTED_EDGE ( 'NONE', *, *, #1232, .F. ) ;
#6197 = ORIENTED_EDGE ( 'NONE', *, *, #4502, .F. ) ;
#6198 = AXIS2_PLACEMENT_3D ( 'NONE', #7818, #3485, #4167 ) ;
#6199 = PLANE ( 'NONE',  #1418 ) ;
#6200 = DIRECTION ( 'NONE',  ( -0.000000000000000000, -0.000000000000000000, 1.000000000000000000 ) ) ;
#6201 = CARTESIAN_POINT ( 'NONE',  ( -36.36446609406726793, 16.53553390593273775, 0.000000000000000000 ) ) ;
#6202 = ORIENTED_EDGE ( 'NONE', *, *, #1099, .T. ) ;
#6203 = EDGE_LOOP ( 'NONE', ( #3501, #2071, #3048, #2491 ) ) ;
#6204 = LINE ( 'NONE', #6817, #1458 ) ;
#6205 = LINE ( 'NONE', #605, #6399 ) ;
#6206 = EDGE_LOOP ( 'NONE', ( #430, #2189, #3402, #4857, #3814, #859 ) ) ;
#6207 = CIRCLE ( 'NONE', #4751, 13.28999999999999915 ) ;
#6208 = EDGE_CURVE ( 'NONE', #1339, #750, #7332, .T. ) ;
#6209 = AXIS2_PLACEMENT_3D ( 'NONE', #7890, #3518, #1055 ) ;
#6210 = EDGE_LOOP ( 'NONE', ( #2972, #55, #1814, #5175, #5076 ) ) ;
#6211 = CYLINDRICAL_SURFACE ( 'NONE', #901, 1.000000000000000888 ) ;
#6212 = CARTESIAN_POINT ( 'NONE',  ( 33.34985496324268439, 6.779139686493626193, 8.249999999999998224 ) ) ;
#6213 = ORIENTED_EDGE ( 'NONE', *, *, #5714, .F. ) ;
#6214 = CARTESIAN_POINT ( 'NONE',  ( 33.21327386202776921, -7.000000000000002665, 8.249999999999998224 ) ) ;
#6215 = CARTESIAN_POINT ( 'NONE',  ( -9.750000000000000000, 24.00000000000000355, 2.000000000000000888 ) ) ;
#6216 = EDGE_CURVE ( 'NONE', #6987, #3219, #4907, .T. ) ;
#6217 = DIRECTION ( 'NONE',  ( 1.000000000000000000, 0.000000000000000000, 0.000000000000000000 ) ) ;
#6218 = ORIENTED_EDGE ( 'NONE', *, *, #7121, .F. ) ;
#6219 = EDGE_CURVE ( 'NONE', #485, #2688, #1856, .T. ) ;
#6220 = VECTOR ( 'NONE', #5213, 1000.000000000000000 ) ;
#6221 = ORIENTED_EDGE ( 'NONE', *, *, #4440, .F. ) ;
#6222 = ORIENTED_EDGE ( 'NONE', *, *, #5976, .F. ) ;
#6223 = VERTEX_POINT ( 'NONE', #70 ) ;
#6224 = CARTESIAN_POINT ( 'NONE',  ( 9.500000000000001776, 19.00000000000000355, 5.000000000000000888 ) ) ;
#6225 = CARTESIAN_POINT ( 'NONE',  ( 11.09999999999999609, -32.00000000000000000, 19.50000000000000000 ) ) ;
#6226 = FACE_OUTER_BOUND ( 'NONE', #4355, .T. ) ;
#6227 = CARTESIAN_POINT ( 'NONE',  ( 15.17106781186546449, 22.00000000000000355, 19.99999999999999645 ) ) ;
#6228 = DIRECTION ( 'NONE',  ( -0.000000000000000000, 0.000000000000000000, -1.000000000000000000 ) ) ;
#6229 = ORIENTED_EDGE ( 'NONE', *, *, #2470, .F. ) ;
#6230 = DIRECTION ( 'NONE',  ( 0.000000000000000000, 1.000000000000000000, 0.000000000000000000 ) ) ;
#6231 = EDGE_CURVE ( 'NONE', #3219, #1914, #1318, .T. ) ;
#6232 = PLANE ( 'NONE',  #6934 ) ;
#6233 = CARTESIAN_POINT ( 'NONE',  ( -39.90000000000000568, 7.000000000000003553, 12.00000000000000000 ) ) ;
#6234 = CIRCLE ( 'NONE', #6617, 0.9999999999999991118 ) ;
#6235 = ORIENTED_EDGE ( 'NONE', *, *, #4258, .T. ) ;
#6236 = DIRECTION ( 'NONE',  ( -9.941108744852767504E-17, 1.000000000000000000, 0.000000000000000000 ) ) ;
#6237 = DIRECTION ( 'NONE',  ( 1.000000000000000000, 2.668805347656626678E-16, -0.000000000000000000 ) ) ;
#6238 = FACE_OUTER_BOUND ( 'NONE', #3390, .T. ) ;
#6239 = ORIENTED_EDGE ( 'NONE', *, *, #2477, .T. ) ;
#6240 = VERTEX_POINT ( 'NONE', #7544 ) ;
#6241 = AXIS2_PLACEMENT_3D ( 'NONE', #935, #1119, #6735 ) ;
#6242 = VERTEX_POINT ( 'NONE', #1769 ) ;
#6243 = CARTESIAN_POINT ( 'NONE',  ( 35.16604927559753691, -0.9895720072740140649, 8.625435499946876305 ) ) ;
#6244 = DIRECTION ( 'NONE',  ( -1.000000000000000000, 0.000000000000000000, 0.000000000000000000 ) ) ;
#6245 = CARTESIAN_POINT ( 'NONE',  ( 30.34444936456887021, -10.28205269188369719, 10.16783152858103989 ) ) ;
#6246 = ORIENTED_EDGE ( 'NONE', *, *, #2096, .F. ) ;
#6247 = DIRECTION ( 'NONE',  ( 1.000000000000000000, -0.000000000000000000, -0.000000000000000000 ) ) ;
#6248 = CARTESIAN_POINT ( 'NONE',  ( -52.10000000000000853, 2.481934729198169265, 10.50000000000000533 ) ) ;
#6249 = ORIENTED_EDGE ( 'NONE', *, *, #5041, .F. ) ;
#6250 = EDGE_CURVE ( 'NONE', #6365, #7692, #7631, .T. ) ;
#6251 = EDGE_LOOP ( 'NONE', ( #7820, #566, #2526, #648 ) ) ;
#6252 = ADVANCED_FACE ( 'NONE', ( #3133 ), #2559, .F. ) ;
#6253 = CARTESIAN_POINT ( 'NONE',  ( 34.71845060316368858, 3.555646632416417763, 17.79680945712020446 ) ) ;
#6254 = CARTESIAN_POINT ( 'NONE',  ( 34.79910366270110700, 3.249615244604944220, 12.25114196201819716 ) ) ;
#6255 = CARTESIAN_POINT ( 'NONE',  ( 35.20000000000000995, -6.098637220230962441E-16, 5.000000000000000000 ) ) ;
#6256 = CARTESIAN_POINT ( 'NONE',  ( 3.918869757271530263E-15, -32.00000000000000000, 16.50000000000000000 ) ) ;
#6257 = PLANE ( 'NONE',  #479 ) ;
#6258 = EDGE_LOOP ( 'NONE', ( #1565, #6589, #7621, #4451 ) ) ;
#6259 = ORIENTED_EDGE ( 'NONE', *, *, #7515, .F. ) ;
#6260 = ORIENTED_EDGE ( 'NONE', *, *, #1370, .T. ) ;
#6261 = DIRECTION ( 'NONE',  ( 0.000000000000000000, 1.000000000000000000, 0.000000000000000000 ) ) ;
#6262 = CARTESIAN_POINT ( 'NONE',  ( 8.100000000000019185, -17.99999999999999645, 0.000000000000000000 ) ) ;
#6263 = DIRECTION ( 'NONE',  ( 0.000000000000000000, 1.000000000000000000, -1.491166311727893124E-16 ) ) ;
#6264 = DIRECTION ( 'NONE',  ( 0.000000000000000000, 0.000000000000000000, 1.000000000000000000 ) ) ;
#6265 = CIRCLE ( 'NONE', #1812, 0.9999999999999991118 ) ;
#6266 = CARTESIAN_POINT ( 'NONE',  ( 3.918869757271530263E-15, -32.00000000000000000, 0.000000000000000000 ) ) ;
#6267 = ORIENTED_EDGE ( 'NONE', *, *, #2831, .F. ) ;
#6268 = LINE ( 'NONE', #5071, #4435 ) ;
#6269 = EDGE_CURVE ( 'NONE', #5473, #6138, #3815, .T. ) ;
#6270 = VECTOR ( 'NONE', #6439, 1000.000000000000227 ) ;
#6271 = LINE ( 'NONE', #5439, #1032 ) ;
#6272 = LINE ( 'NONE', #4383, #2392 ) ;
#6273 = VECTOR ( 'NONE', #7326, 1000.000000000000000 ) ;
#6274 = VERTEX_POINT ( 'NONE', #1807 ) ;
#6275 = DIRECTION ( 'NONE',  ( 2.815536131330090089E-16, -1.000000000000000000, 0.000000000000000000 ) ) ;
#6276 = DIRECTION ( 'NONE',  ( 0.000000000000000000, 0.000000000000000000, -1.000000000000000000 ) ) ;
#6277 = CARTESIAN_POINT ( 'NONE',  ( -42.21859281195444424, 7.386215528494846083, 13.70968183174912092 ) ) ;
#6278 = VECTOR ( 'NONE', #1934, 1000.000000000000000 ) ;
#6279 = ORIENTED_EDGE ( 'NONE', *, *, #1156, .T. ) ;
#6280 = ORIENTED_EDGE ( 'NONE', *, *, #2888, .T. ) ;
#6281 = CIRCLE ( 'NONE', #2760, 3.750000000000000000 ) ;
#6282 = VERTEX_POINT ( 'NONE', #1236 ) ;
#6283 = DIRECTION ( 'NONE',  ( 1.000000000000000000, 2.815536131330090089E-16, -0.000000000000000000 ) ) ;
#6284 = CARTESIAN_POINT ( 'NONE',  ( -35.11406214365821654, -1.520245409625223143, 4.125788303355180098 ) ) ;
#6285 = CARTESIAN_POINT ( 'NONE',  ( -7.999999999999996447, 24.00000000000000355, 24.00000000000000711 ) ) ;
#6286 = ORIENTED_EDGE ( 'NONE', *, *, #1663, .F. ) ;
#6287 = EDGE_LOOP ( 'NONE', ( #1194, #7799, #510, #987, #2173 ) ) ;
#6288 = CARTESIAN_POINT ( 'NONE',  ( -42.99021431503639690, 6.590710553247085102, 13.71350883499999362 ) ) ;
#6289 = AXIS2_PLACEMENT_3D ( 'NONE', #4284, #3122, #7448 ) ;
#6290 = AXIS2_PLACEMENT_3D ( 'NONE', #4176, #6678, #1065 ) ;
#6291 = CARTESIAN_POINT ( 'NONE',  ( -41.15425195108696954, 0.6741827054497608884, 20.62029300822662137 ) ) ;
#6292 = EDGE_LOOP ( 'NONE', ( #2525, #1677, #2468 ) ) ;
#6293 = ORIENTED_EDGE ( 'NONE', *, *, #5125, .T. ) ;
#6294 = PLANE ( 'NONE',  #6919 ) ;
#6295 = CARTESIAN_POINT ( 'NONE',  ( 33.47819976906318828, 6.557134187594364505, 8.269373248590003556 ) ) ;
#6296 = ORIENTED_EDGE ( 'NONE', *, *, #7317, .F. ) ;
#6297 = CARTESIAN_POINT ( 'NONE',  ( -10.90180841670001399, -34.08819856468884524, 16.50000000000000000 ) ) ;
#6298 = CARTESIAN_POINT ( 'NONE',  ( -35.13525305468017734, -1.322782941534171419, 17.84849686918802547 ) ) ;
#6299 = CARTESIAN_POINT ( 'NONE',  ( -44.55000000000007532, -5.250000000000000000, 11.85390752168896178 ) ) ;
#6300 = VERTEX_POINT ( 'NONE', #5663 ) ;
#6301 = ORIENTED_EDGE ( 'NONE', *, *, #3315, .T. ) ;
#6302 = VECTOR ( 'NONE', #1405, 1000.000000000000000 ) ;
#6303 = VERTEX_POINT ( 'NONE', #106 ) ;
#6304 = FACE_OUTER_BOUND ( 'NONE', #579, .T. ) ;
#6305 = CARTESIAN_POINT ( 'NONE',  ( 35.06755428048344925, 1.892719159909825422, 1.753567320706459043 ) ) ;
#6306 = FACE_OUTER_BOUND ( 'NONE', #4470, .T. ) ;
#6307 = CARTESIAN_POINT ( 'NONE',  ( -13.75360726756173158, -30.43905454849310033, 19.50000000000000000 ) ) ;
#6308 = ORIENTED_EDGE ( 'NONE', *, *, #209, .T. ) ;
#6309 = DIRECTION ( 'NONE',  ( 1.000000000000000000, 0.000000000000000000, 0.000000000000000000 ) ) ;
#6310 = AXIS2_PLACEMENT_3D ( 'NONE', #915, #4512, #5128 ) ;
#6311 = CYLINDRICAL_SURFACE ( 'NONE', #2494, 5.000000000000000888 ) ;
#6312 = CARTESIAN_POINT ( 'NONE',  ( 34.89999999999999147, -17.99999999999999289, 24.00000000000000000 ) ) ;
#6313 = EDGE_CURVE ( 'NONE', #7115, #902, #4210, .T. ) ;
#6314 = EDGE_CURVE ( 'NONE', #769, #2802, #4297, .T. ) ;
#6315 = EDGE_LOOP ( 'NONE', ( #3001, #5586, #1768, #3890 ) ) ;
#6316 = CARTESIAN_POINT ( 'NONE',  ( -13.40894241220451910, -21.99999999999999289, -0.5612644969238610448 ) ) ;
#6317 = FACE_OUTER_BOUND ( 'NONE', #3703, .T. ) ;
#6318 = CARTESIAN_POINT ( 'NONE',  ( -41.70453911406575997, 7.960876826682028451, 13.48024938431475839 ) ) ;
#6319 = ORIENTED_EDGE ( 'NONE', *, *, #6057, .T. ) ;
#6320 = VECTOR ( 'NONE', #195, 1000.000000000000000 ) ;
#6321 = ADVANCED_FACE ( 'NONE', ( #4385 ), #5575, .F. ) ;
#6322 = CARTESIAN_POINT ( 'NONE',  ( -4.828932188134536396, 18.00000000000000711, 18.00000000000000355 ) ) ;
#6323 = ORIENTED_EDGE ( 'NONE', *, *, #2233, .F. ) ;
#6324 = CARTESIAN_POINT ( 'NONE',  ( 35.20000000000000995, -0.009999999999911170223, 8.749986666642968203 ) ) ;
#6325 = CARTESIAN_POINT ( 'NONE',  ( -35.19382164771545263, -0.4669092279708302318, 3.297996721532588271 ) ) ;
#6326 = CYLINDRICAL_SURFACE ( 'NONE', #1935, 1.750000000000001554 ) ;
#6327 = EDGE_CURVE ( 'NONE', #2262, #1982, #6758, .T. ) ;
#6328 = EDGE_CURVE ( 'NONE', #3708, #4485, #5700, .T. ) ;
#6329 = CARTESIAN_POINT ( 'NONE',  ( -14.40894241220451910, -20.99999999999998934, 5.000000000000000000 ) ) ;
#6330 = AXIS2_PLACEMENT_3D ( 'NONE', #634, #7499, #1188 ) ;
#6331 = EDGE_CURVE ( 'NONE', #6300, #6865, #3645, .T. ) ;
#6332 = CARTESIAN_POINT ( 'NONE',  ( 20.21076683067359880, -21.99999999999999289, 24.00000000000000000 ) ) ;
#6333 = ADVANCED_FACE ( 'NONE', ( #4950 ), #7461, .F. ) ;
#6334 = ORIENTED_EDGE ( 'NONE', *, *, #1899, .T. ) ;
#6335 = CIRCLE ( 'NONE', #2809, 6.099999999999999645 ) ;
#6336 = CARTESIAN_POINT ( 'NONE',  ( 37.89999999999999147, -7.000000000000000888, 12.00000000000000000 ) ) ;
#6337 = FACE_OUTER_BOUND ( 'NONE', #1317, .T. ) ;
#6338 = ORIENTED_EDGE ( 'NONE', *, *, #6958, .T. ) ;
#6339 = CARTESIAN_POINT ( 'NONE',  ( 14.14016078975688728, -20.99999999999999289, -0.2240387233567693592 ) ) ;
#6340 = PLANE ( 'NONE',  #2941 ) ;
#6341 = EDGE_CURVE ( 'NONE', #3490, #2509, #5273, .T. ) ;
#6342 = CARTESIAN_POINT ( 'NONE',  ( -47.10000000000000853, -4.214261501141105093, 14.50000000000000355 ) ) ;
#6343 = ORIENTED_EDGE ( 'NONE', *, *, #388, .T. ) ;
#6344 = AXIS2_PLACEMENT_3D ( 'NONE', #4007, #6509, #942 ) ;
#6345 = EDGE_LOOP ( 'NONE', ( #6296, #8054, #537, #3484 ) ) ;
#6346 = ORIENTED_EDGE ( 'NONE', *, *, #287, .F. ) ;
#6347 = AXIS2_PLACEMENT_3D ( 'NONE', #4328, #3026, #447 ) ;
#6348 = ORIENTED_EDGE ( 'NONE', *, *, #3277, .F. ) ;
#6349 = DIRECTION ( 'NONE',  ( -1.000000000000000000, -1.491166311727914324E-16, -7.228014483236695816E-17 ) ) ;
#6350 = CARTESIAN_POINT ( 'NONE',  ( 33.00000000000000000, 13.50000000000000533, 24.00000000000000000 ) ) ;
#6351 = CARTESIAN_POINT ( 'NONE',  ( 16.83804627249358177, -28.62467866323906662, 5.000000000000000000 ) ) ;
#6352 = ORIENTED_EDGE ( 'NONE', *, *, #6575, .F. ) ;
#6353 = DIRECTION ( 'NONE',  ( 1.000000000000000000, 9.941108744852763806E-17, 0.000000000000000000 ) ) ;
#6354 = ADVANCED_FACE ( 'NONE', ( #1276 ), #6190, .F. ) ;
#6355 = LINE ( 'NONE', #5696, #4379 ) ;
#6356 = FACE_BOUND ( 'NONE', #7132, .T. ) ;
#6357 = DIRECTION ( 'NONE',  ( 1.000000000000000000, 0.000000000000000000, 0.000000000000000000 ) ) ;
#6358 = VERTEX_POINT ( 'NONE', #6316 ) ;
#6359 = CARTESIAN_POINT ( 'NONE',  ( -44.55000000000004690, -3.955505321723095376E-16, 6.750000000000000000 ) ) ;
#6360 = CARTESIAN_POINT ( 'NONE',  ( 0.000000000000000000, 0.000000000000000000, 21.00000000000000000 ) ) ;
#6361 = ORIENTED_EDGE ( 'NONE', *, *, #4614, .T. ) ;
#6362 = CARTESIAN_POINT ( 'NONE',  ( -14.91596253876791422, -26.27477210837486865, 5.001513403221296450 ) ) ;
#6363 = CIRCLE ( 'NONE', #2962, 1.749999999999999778 ) ;
#6364 = DIRECTION ( 'NONE',  ( -8.673617379884027583E-16, 1.000000000000000000, 0.000000000000000000 ) ) ;
#6365 = VERTEX_POINT ( 'NONE', #6433 ) ;
#6366 = CARTESIAN_POINT ( 'NONE',  ( 31.24999999999999645, 13.50000000000000533, 24.00000000000000000 ) ) ;
#6367 = CARTESIAN_POINT ( 'NONE',  ( -35.19999999999998863, -0.1253127035075615736, 6.749312487845563702 ) ) ;
#6368 = APPLICATION_PROTOCOL_DEFINITION ( 'draft international standard', 'automotive_design', 1998, #5209 ) ;
#6369 = CARTESIAN_POINT ( 'NONE',  ( -42.78378712536607509, 6.794646693483588074, 13.74999999999999467 ) ) ;
#6370 = CARTESIAN_POINT ( 'NONE',  ( -43.91539384119617040, 1.233402975607573948, 17.75412314249180312 ) ) ;
#6371 = AXIS2_PLACEMENT_3D ( 'NONE', #1043, #1787, #3671 ) ;
#6372 = ADVANCED_FACE ( 'NONE', ( #7622, #2684, #5746, #3931, #3299 ), #3972, .T. ) ;
#6373 = ORIENTED_EDGE ( 'NONE', *, *, #1372, .T. ) ;
#6374 = EDGE_CURVE ( 'NONE', #1419, #6548, #1481, .T. ) ;
#6375 = DIRECTION ( 'NONE',  ( 0.000000000000000000, 0.000000000000000000, 1.000000000000000000 ) ) ;
#6376 = CARTESIAN_POINT ( 'NONE',  ( -47.10000000000000853, -4.214261501141105093, 14.50000000000000178 ) ) ;
#6377 = LINE ( 'NONE', #1412, #2767 ) ;
#6378 = CARTESIAN_POINT ( 'NONE',  ( 8.100000000000017408, -13.68054751897978072, 4.133832402530100589E-16 ) ) ;
#6379 = CARTESIAN_POINT ( 'NONE',  ( -44.15865705333786195, -5.552950816486912800, 10.98430809606641567 ) ) ;
#6380 = ORIENTED_EDGE ( 'NONE', *, *, #186, .T. ) ;
#6381 = B_SPLINE_CURVE_WITH_KNOTS ( 'NONE', 3,
 ( #1094, #5483, #3130, #3600, #6883, #1185, #5613, #5527, #2428, #1766, #4247, #3642, #4992, #6144 ),
 .UNSPECIFIED., .F., .F.,
 ( 4, 2, 2, 2, 2, 2, 4 ),
 ( 0.01176310873941064684, 0.01256747975265486497, 0.01337185076589908136, 0.01377403627252119477, 0.01417622177914330817, 0.01457840728576541983, 0.01498059279238753323 ),
 .UNSPECIFIED. ) ;
#6382 = ORIENTED_EDGE ( 'NONE', *, *, #5350, .F. ) ;
#6383 = ADVANCED_FACE ( 'NONE', ( #3335 ), #6476, .T. ) ;
#6384 = VERTEX_POINT ( 'NONE', #3403 ) ;
#6385 = CARTESIAN_POINT ( 'NONE',  ( 34.71841564220531495, 3.556540507661662520, 6.213605192115774223 ) ) ;
#6386 = CARTESIAN_POINT ( 'NONE',  ( 23.32842712474617741, 20.00000000000000355, 1.999999999999998224 ) ) ;
#6387 = FACE_OUTER_BOUND ( 'NONE', #6132, .T. ) ;
#6388 = ORIENTED_EDGE ( 'NONE', *, *, #6808, .F. ) ;
#6389 = DIRECTION ( 'NONE',  ( 0.000000000000000000, 0.000000000000000000, -1.000000000000000000 ) ) ;
#6390 = CARTESIAN_POINT ( 'NONE',  ( -21.90999999999990067, 13.29999999999999538, 21.00000000000000000 ) ) ;
#6391 = AXIS2_PLACEMENT_3D ( 'NONE', #5582, #6283, #4391 ) ;
#6392 = DIRECTION ( 'NONE',  ( 1.000000000000000000, -0.000000000000000000, -0.000000000000000000 ) ) ;
#6393 = ORIENTED_EDGE ( 'NONE', *, *, #774, .T. ) ;
#6394 =( NAMED_UNIT ( * ) SI_UNIT ( $, .STERADIAN. ) SOLID_ANGLE_UNIT ( ) );
#6395 = CARTESIAN_POINT ( 'NONE',  ( -41.06380488308732168, -0.2805840601340258700, 3.267290006803416524 ) ) ;
#6396 = CARTESIAN_POINT ( 'NONE',  ( 37.89999999999999147, -7.000000000000000888, 12.00000000000000000 ) ) ;
#6397 = ORIENTED_EDGE ( 'NONE', *, *, #3506, .F. ) ;
#6398 = AXIS2_PLACEMENT_3D ( 'NONE', #4458, #3398, #5312 ) ;
#6399 = VECTOR ( 'NONE', #6818, 1000.000000000000000 ) ;
#6400 = CARTESIAN_POINT ( 'NONE',  ( -8.100000000000013856, -0.000000000000000000, 5.000000000000000000 ) ) ;
#6401 = VERTEX_POINT ( 'NONE', #827 ) ;
#6402 = CARTESIAN_POINT ( 'NONE',  ( 16.06114200890274191, -25.60113712594262125, -0.3768029887961749091 ) ) ;
#6403 = CARTESIAN_POINT ( 'NONE',  ( 34.75000000000000000, -13.50000000000000178, 24.00000000000000000 ) ) ;
#6404 = AXIS2_PLACEMENT_3D ( 'NONE', #7730, #1118, #3019 ) ;
#6405 = DIRECTION ( 'NONE',  ( 1.000000000000000000, -0.000000000000000000, -0.000000000000000000 ) ) ;
#6406 = CARTESIAN_POINT ( 'NONE',  ( -9.500000000000003553, 18.85654776181612391, 9.143452238183876091 ) ) ;
#6407 = AXIS2_PLACEMENT_3D ( 'NONE', #3222, #5079, #1987 ) ;
#6408 = VECTOR ( 'NONE', #6927, 1000.000000000000000 ) ;
#6409 = DIRECTION ( 'NONE',  ( -1.000000000000000000, -9.941108744852763806E-17, 2.775557561562890858E-16 ) ) ;
#6410 = CIRCLE ( 'NONE', #3924, 2.000000000000000000 ) ;
#6411 = CARTESIAN_POINT ( 'NONE',  ( -43.63876521144010212, 1.444870939290020972, 6.009690967656845295 ) ) ;
#6412 = ORIENTED_EDGE ( 'NONE', *, *, #6107, .F. ) ;
#6413 = CARTESIAN_POINT ( 'NONE',  ( 11.67157287525389187, 28.00000000000000355, 1.999999999999997780 ) ) ;
#6414 = EDGE_CURVE ( 'NONE', #2605, #5647, #866, .T. ) ;
#6415 = CARTESIAN_POINT ( 'NONE',  ( -32.82893218813453728, 22.00000000000000000, 24.00000000000000000 ) ) ;
#6416 = DIRECTION ( 'NONE',  ( 1.000000000000000000, 0.000000000000000000, 0.000000000000000000 ) ) ;
#6417 = EDGE_CURVE ( 'NONE', #6891, #4548, #2646, .T. ) ;
#6418 = ORIENTED_EDGE ( 'NONE', *, *, #3413, .T. ) ;
#6419 = DIRECTION ( 'NONE',  ( 0.000000000000000000, 0.000000000000000000, -1.000000000000000000 ) ) ;
#6420 = ORIENTED_EDGE ( 'NONE', *, *, #5718, .F. ) ;
#6421 = CARTESIAN_POINT ( 'NONE',  ( 13.71158814125739589, -30.46377168161328441, -2.157291369474876319 ) ) ;
#6422 = CARTESIAN_POINT ( 'NONE',  ( 10.17106781186546272, 20.00000000000000000, 14.00000000000000000 ) ) ;
#6423 = CARTESIAN_POINT ( 'NONE',  ( -13.99666578361246572, -30.29607895081619517, 19.50000000000000000 ) ) ;
#6424 = ORIENTED_EDGE ( 'NONE', *, *, #2427, .T. ) ;
#6425 = EDGE_CURVE ( 'NONE', #7986, #546, #4621, .T. ) ;
#6426 = DIRECTION ( 'NONE',  ( 1.000000000000000000, 0.000000000000000000, 0.000000000000000000 ) ) ;
#6427 = ORIENTED_EDGE ( 'NONE', *, *, #3184, .F. ) ;
#6428 = AXIS2_PLACEMENT_3D ( 'NONE', #2780, #4032, #1580 ) ;
#6429 = CARTESIAN_POINT ( 'NONE',  ( 17.89999999999998792, -1.734723475976807094E-15, 15.24999999999999822 ) ) ;
#6430 = DIRECTION ( 'NONE',  ( -2.815536131330090089E-16, 1.000000000000000000, 0.000000000000000000 ) ) ;
#6431 = MANIFOLD_SOLID_BREP ( 'Fillet11', #5289 ) ;
#6432 = EDGE_LOOP ( 'NONE', ( #3877, #26, #5914, #2746, #2434, #820 ) ) ;
#6433 = CARTESIAN_POINT ( 'NONE',  ( 37.89999999999999147, -7.000000000000000888, 10.25000000000000000 ) ) ;
#6434 = CARTESIAN_POINT ( 'NONE',  ( -9.941108744852764793E-16, 28.00000000000000355, 0.000000000000000000 ) ) ;
#6435 = CARTESIAN_POINT ( 'NONE',  ( -33.68509523447631437, -6.173009039462362679, 13.54632837974408766 ) ) ;
#6436 = ORIENTED_EDGE ( 'NONE', *, *, #7269, .T. ) ;
#6437 = CIRCLE ( 'NONE', #5915, 1.749999999999999778 ) ;
#6438 = EDGE_CURVE ( 'NONE', #5887, #4115, #5533, .T. ) ;
#6439 = DIRECTION ( 'NONE',  ( -0.8619342151577691347, -0.5070201265633943466, 0.000000000000000000 ) ) ;
#6440 = ORIENTED_EDGE ( 'NONE', *, *, #6108, .F. ) ;
#6441 = CARTESIAN_POINT ( 'NONE',  ( -2.500000000000008438, 7.000000000000002665, 12.00000000000000000 ) ) ;
#6442 = DIRECTION ( 'NONE',  ( -1.000000000000000000, -1.491166311727914324E-16, 0.000000000000000000 ) ) ;
#6443 = DIRECTION ( 'NONE',  ( 0.000000000000000000, 0.000000000000000000, -1.000000000000000000 ) ) ;
#6444 = DIRECTION ( 'NONE',  ( -1.000000000000000000, 0.000000000000000000, 0.000000000000000000 ) ) ;
#6445 = CARTESIAN_POINT ( 'NONE',  ( -13.40894241220451732, -23.08875635019541050, 5.000000000000000000 ) ) ;
#6446 = VECTOR ( 'NONE', #1637, 1000.000000000000000 ) ;
#6447 = CARTESIAN_POINT ( 'NONE',  ( 15.17106781186546449, 22.00000000000000355, 19.99999999999999645 ) ) ;
#6448 = CARTESIAN_POINT ( 'NONE',  ( -26.90000000000000924, -3.000000000000004441, 21.00000000000000000 ) ) ;
#6449 = CARTESIAN_POINT ( 'NONE',  ( -44.44417927135394564, 0.5400013031172049560, 6.669956098116921694 ) ) ;
#6450 = ORIENTED_EDGE ( 'NONE', *, *, #573, .F. ) ;
#6451 = B_SPLINE_CURVE_WITH_KNOTS ( 'NONE', 3,
 ( #7412, #1725, #6191, #4298 ),
 .UNSPECIFIED., .F., .F.,
 ( 4, 4 ),
 ( 0.000000000000000000, 0.0001247056143196319407 ),
 .UNSPECIFIED. ) ;
#6452 = DIRECTION ( 'NONE',  ( 0.000000000000000000, 0.000000000000000000, 1.000000000000000000 ) ) ;
#6453 = CARTESIAN_POINT ( 'NONE',  ( -33.34088814144272561, 6.793639606733529845, 13.75000000000000355 ) ) ;
#6454 = EDGE_CURVE ( 'NONE', #3677, #4544, #5077, .T. ) ;
#6455 = DIRECTION ( 'NONE',  ( -1.000000000000000000, 0.000000000000000000, 0.000000000000000000 ) ) ;
#6456 = ORIENTED_EDGE ( 'NONE', *, *, #1012, .F. ) ;
#6457 = AXIS2_PLACEMENT_3D ( 'NONE', #2144, #1520, #1354 ) ;
#6458 = ORIENTED_EDGE ( 'NONE', *, *, #4180, .T. ) ;
#6459 = VERTEX_POINT ( 'NONE', #2065 ) ;
#6460 = CYLINDRICAL_SURFACE ( 'NONE', #4532, 5.000000000000000888 ) ;
#6461 = ADVANCED_FACE ( 'NONE', ( #6972 ), #2103, .F. ) ;
#6462 = ORIENTED_EDGE ( 'NONE', *, *, #2957, .T. ) ;
#6463 = PLANE ( 'NONE',  #7596 ) ;
#6464 = AXIS2_PLACEMENT_3D ( 'NONE', #5779, #1424, #2550 ) ;
#6465 = CYLINDRICAL_SURFACE ( 'NONE', #5408, 1.749999999999999778 ) ;
#6466 = EDGE_CURVE ( 'NONE', #1463, #4250, #4103, .T. ) ;
#6467 = LINE ( 'NONE', #5812, #3572 ) ;
#6468 = ORIENTED_EDGE ( 'NONE', *, *, #798, .F. ) ;
#6469 = FACE_OUTER_BOUND ( 'NONE', #4942, .T. ) ;
#6470 = VECTOR ( 'NONE', #5293, 1000.000000000000000 ) ;
#6471 = DIRECTION ( 'NONE',  ( 0.000000000000000000, 0.000000000000000000, 1.000000000000000000 ) ) ;
#6472 = ORIENTED_EDGE ( 'NONE', *, *, #3820, .F. ) ;
#6473 = CARTESIAN_POINT ( 'NONE',  ( -51.10000000000000853, -4.214261501141125521, 9.500000000000005329 ) ) ;
#6474 = ORIENTED_EDGE ( 'NONE', *, *, #312, .F. ) ;
#6475 = ADVANCED_FACE ( 'NONE', ( #4010 ), #3854, .F. ) ;
#6476 = CYLINDRICAL_SURFACE ( 'NONE', #2277, 4.999999999999997335 ) ;
#6477 = PLANE ( 'NONE',  #156 ) ;
#6478 = CARTESIAN_POINT ( 'NONE',  ( -33.82780816858502249, -5.892082878999103102, 13.35961790071565680 ) ) ;
#6479 = ORIENTED_EDGE ( 'NONE', *, *, #3957, .T. ) ;
#6480 = CARTESIAN_POINT ( 'NONE',  ( -52.10000000000000853, -2.481934729198181699, 13.50000000000000533 ) ) ;
#6481 = CARTESIAN_POINT ( 'NONE',  ( 3.918869757271530263E-15, -32.00000000000000000, 16.50000000000000000 ) ) ;
#6482 = CARTESIAN_POINT ( 'NONE',  ( -35.19999999999999574, -6.098637220230962441E-16, 5.000000000000000000 ) ) ;
#6483 = CARTESIAN_POINT ( 'NONE',  ( 7.100000000000002309, -13.30000000000000249, 1.000000000000000888 ) ) ;
#6484 = CARTESIAN_POINT ( 'NONE',  ( -35.19999999999998863, 0.1253127035074571849, 3.250687512154437631 ) ) ;
#6485 = CARTESIAN_POINT ( 'NONE',  ( 29.79510781392744434, 10.70812877592064893, 11.42319852712419248 ) ) ;
#6486 = CARTESIAN_POINT ( 'NONE',  ( -33.07750726057718538, -7.219543215667047598, 10.25000000000000178 ) ) ;
#6487 = CARTESIAN_POINT ( 'NONE',  ( -11.73225660635284662, -32.13405196037528810, -4.416591737851537580 ) ) ;
#6488 = CARTESIAN_POINT ( 'NONE',  ( -41.29217832436008706, 8.451197606411378516, 11.01464838617095943 ) ) ;
#6489 = LINE ( 'NONE', #7713, #238 ) ;
#6490 = ORIENTED_EDGE ( 'NONE', *, *, #8026, .T. ) ;
#6491 = CARTESIAN_POINT ( 'NONE',  ( -8.100000000000013856, -18.08597829525914591, 5.000000000000000000 ) ) ;
#6492 = CARTESIAN_POINT ( 'NONE',  ( -35.18853156014647965, 0.5719878014968799995, 17.34217340080258296 ) ) ;
#6493 = CARTESIAN_POINT ( 'NONE',  ( 0.000000000000000000, 0.000000000000000000, 24.00000000000000000 ) ) ;
#6494 = ORIENTED_EDGE ( 'NONE', *, *, #1606, .T. ) ;
#6495 = EDGE_CURVE ( 'NONE', #3915, #469, #1559, .T. ) ;
#6496 = ADVANCED_FACE ( 'NONE', ( #7284 ), #7933, .F. ) ;
#6497 = ORIENTED_EDGE ( 'NONE', *, *, #5409, .T. ) ;
#6498 = AXIS2_PLACEMENT_3D ( 'NONE', #5308, #7116, #3994 ) ;
#6499 = CARTESIAN_POINT ( 'NONE',  ( 8.100000000000017408, -13.68054751897978072, 4.133832402530100589E-16 ) ) ;
#6500 = ORIENTED_EDGE ( 'NONE', *, *, #4407, .F. ) ;
#6501 = DIRECTION ( 'NONE',  ( -1.000000000000000000, -8.673617379884028570E-16, 1.387778780781445676E-16 ) ) ;
#6502 = CARTESIAN_POINT ( 'NONE',  ( 8.100000000000015632, -24.11015586684337464, 8.564219598213032469 ) ) ;
#6503 = CARTESIAN_POINT ( 'NONE',  ( 20.21076683067359880, -21.99999999999999289, 0.000000000000000000 ) ) ;
#6504 = VERTEX_POINT ( 'NONE', #7211 ) ;
#6505 = CARTESIAN_POINT ( 'NONE',  ( 33.21327386202783316, -7.000000000000093259, 15.75000000000025047 ) ) ;
#6506 = VECTOR ( 'NONE', #5049, 1000.000000000000000 ) ;
#6507 = CARTESIAN_POINT ( 'NONE',  ( 34.89999999999999147, -17.99999999999999289, 19.50000000000000000 ) ) ;
#6508 = ORIENTED_EDGE ( 'NONE', *, *, #1260, .F. ) ;
#6509 = DIRECTION ( 'NONE',  ( -0.000000000000000000, -0.000000000000000000, -1.000000000000000000 ) ) ;
#6510 = EDGE_LOOP ( 'NONE', ( #6596, #7582, #6197 ) ) ;
#6511 = DIRECTION ( 'NONE',  ( 1.000000000000000000, -0.000000000000000000, -0.000000000000000000 ) ) ;
#6512 = CARTESIAN_POINT ( 'NONE',  ( 14.16666666666664831, 26.33333333333342452, 1.666666666666659191 ) ) ;
#6513 = CARTESIAN_POINT ( 'NONE',  ( -33.21327386202775500, -7.000000000000000888, 10.25000000000000000 ) ) ;
#6514 = ORIENTED_EDGE ( 'NONE', *, *, #503, .T. ) ;
#6515 = EDGE_CURVE ( 'NONE', #2669, #2961, #8029, .T. ) ;
#6516 = LINE ( 'NONE', #914, #1965 ) ;
#6517 = DIRECTION ( 'NONE',  ( 1.000000000000000000, 0.000000000000000000, 0.000000000000000000 ) ) ;
#6518 = DIRECTION ( 'NONE',  ( 1.000000000000000000, 0.000000000000000000, 0.000000000000000000 ) ) ;
#6519 = LINE ( 'NONE', #4406, #7746 ) ;
#6520 = CARTESIAN_POINT ( 'NONE',  ( 3.918869757271530263E-15, -32.00000000000000000, 10.00000000000000000 ) ) ;
#6521 = ORIENTED_EDGE ( 'NONE', *, *, #7957, .T. ) ;
#6522 = CARTESIAN_POINT ( 'NONE',  ( -32.32477248579802165, -8.266364198067400082, 10.78700432208491655 ) ) ;
#6523 = AXIS2_PLACEMENT_3D ( 'NONE', #4479, #6989, #3274 ) ;
#6524 = VECTOR ( 'NONE', #5442, 1000.000000000000000 ) ;
#6525 = CIRCLE ( 'NONE', #2872, 1.749999999999999778 ) ;
#6526 = PLANE ( 'NONE',  #7951 ) ;
#6527 = DIRECTION ( 'NONE',  ( 1.000000000000000000, -0.000000000000000000, -0.000000000000000000 ) ) ;
#6528 = CARTESIAN_POINT ( 'NONE',  ( -41.05000000000001847, -6.098626466384439160E-16, 3.250000000000000000 ) ) ;
#6529 = EDGE_LOOP ( 'NONE', ( #3005, #5560, #5137, #5919, #6903, #7401 ) ) ;
#6530 = DIRECTION ( 'NONE',  ( 0.000000000000000000, -1.000000000000000000, 0.000000000000000000 ) ) ;
#6531 = CIRCLE ( 'NONE', #2348, 2.000000000000004441 ) ;
#6532 = CARTESIAN_POINT ( 'NONE',  ( 21.90999999999990777, -13.30000000000000426, 0.000000000000000000 ) ) ;
#6533 = DIRECTION ( 'NONE',  ( 1.000000000000000000, 0.000000000000000000, 0.000000000000000000 ) ) ;
#6534 = VERTEX_POINT ( 'NONE', #6054 ) ;
#6535 = CIRCLE ( 'NONE', #787, 3.750000000000000888 ) ;
#6536 = AXIS2_PLACEMENT_3D ( 'NONE', #4177, #5577, #6680 ) ;
#6537 = ORIENTED_EDGE ( 'NONE', *, *, #6923, .T. ) ;
#6538 = DIRECTION ( 'NONE',  ( 0.000000000000000000, 0.000000000000000000, -1.000000000000000000 ) ) ;
#6539 = LINE ( 'NONE', #2866, #4319 ) ;
#6540 = CARTESIAN_POINT ( 'NONE',  ( 35.02164335192087918, -2.198931675015882714, 15.94442889905758953 ) ) ;
#6541 = VECTOR ( 'NONE', #1936, 1000.000000000000000 ) ;
#6542 = CARTESIAN_POINT ( 'NONE',  ( -39.89999999999999858, -13.00000000000000178, 21.00000000000000000 ) ) ;
#6543 = DIRECTION ( 'NONE',  ( -0.8619342151577692457, -0.5070201265633943466, 0.000000000000000000 ) ) ;
#6544 = AXIS2_PLACEMENT_3D ( 'NONE', #6550, #4663, #5161 ) ;
#6545 = CARTESIAN_POINT ( 'NONE',  ( 20.21076683067359880, -20.99999999999998934, 19.50000000000000000 ) ) ;
#6546 = EDGE_CURVE ( 'NONE', #3631, #7858, #443, .T. ) ;
#6547 = CYLINDRICAL_SURFACE ( 'NONE', #6344, 1.750000000000001554 ) ;
#6548 = VERTEX_POINT ( 'NONE', #1018 ) ;
#6549 = DIRECTION ( 'NONE',  ( 1.000000000000000000, 0.000000000000000000, 0.000000000000000000 ) ) ;
#6550 = CARTESIAN_POINT ( 'NONE',  ( -61.10000000000000142, -1.196959198423997211E-14, 12.00000000000000000 ) ) ;
#6551 = CARTESIAN_POINT ( 'NONE',  ( 39.89999999999999147, 10.92893218813452805, 24.00000000000000000 ) ) ;
#6552 = ORIENTED_EDGE ( 'NONE', *, *, #5570, .F. ) ;
#6553 = ORIENTED_EDGE ( 'NONE', *, *, #6612, .F. ) ;
#6554 = DIRECTION ( 'NONE',  ( -6.624790897247282050E-16, 1.000000000000000000, 0.000000000000000000 ) ) ;
#6555 = EDGE_CURVE ( 'NONE', #1901, #1584, #4358, .T. ) ;
#6556 = CARTESIAN_POINT ( 'NONE',  ( 32.82893218813451597, 13.00000000000000711, 24.00000000000000000 ) ) ;
#6557 = VECTOR ( 'NONE', #3056, 1000.000000000000000 ) ;
#6558 = CARTESIAN_POINT ( 'NONE',  ( -13.27743229591008856, -30.71915747299403776, -2.568471007018297669 ) ) ;
#6559 = LINE ( 'NONE', #4632, #1956 ) ;
#6560 = DIRECTION ( 'NONE',  ( -1.000000000000000000, -9.941108744852765039E-17, -0.000000000000000000 ) ) ;
#6561 = ADVANCED_FACE ( 'NONE', ( #305 ), #6709, .F. ) ;
#6562 = ORIENTED_EDGE ( 'NONE', *, *, #2583, .T. ) ;
#6563 = EDGE_CURVE ( 'NONE', #728, #580, #3521, .T. ) ;
#6564 = EDGE_CURVE ( 'NONE', #5883, #6138, #6003, .T. ) ;
#6565 = CIRCLE ( 'NONE', #2533, 1.999999999999998224 ) ;
#6566 = DIRECTION ( 'NONE',  ( 0.000000000000000000, 0.000000000000000000, -1.000000000000000000 ) ) ;
#6567 = CARTESIAN_POINT ( 'NONE',  ( -51.40306990214132554, 1.542640728077856016, 14.45587910968573908 ) ) ;
#6568 = DIRECTION ( 'NONE',  ( 1.000000000000000000, -0.000000000000000000, -0.000000000000000000 ) ) ;
#6569 = VECTOR ( 'NONE', #2565, 1000.000000000000000 ) ;
#6570 = ORIENTED_EDGE ( 'NONE', *, *, #1150, .T. ) ;
#6571 = CARTESIAN_POINT ( 'NONE',  ( -8.100000000000013856, -21.91686502823282723, 6.118740325104566224 ) ) ;
#6572 = DIRECTION ( 'NONE',  ( 0.000000000000000000, 1.000000000000000000, 0.000000000000000000 ) ) ;
#6573 = DIRECTION ( 'NONE',  ( 1.000000000000000000, 0.000000000000000000, 0.000000000000000000 ) ) ;
#6574 = ADVANCED_FACE ( 'NONE', ( #1675 ), #1598, .T. ) ;
#6575 = EDGE_CURVE ( 'NONE', #1384, #2920, #4492, .T. ) ;
#6576 = ORIENTED_EDGE ( 'NONE', *, *, #6564, .F. ) ;
#6577 = ORIENTED_EDGE ( 'NONE', *, *, #181, .T. ) ;
#6578 = CARTESIAN_POINT ( 'NONE',  ( -12.22374965098728872, -31.53248734353426741, 18.86547514658690972 ) ) ;
#6579 = ADVANCED_FACE ( 'NONE', ( #2222 ), #3449, .T. ) ;
#6580 = ORIENTED_EDGE ( 'NONE', *, *, #4254, .F. ) ;
#6581 = CARTESIAN_POINT ( 'NONE',  ( 14.09999999999999787, -32.00000000000000000, 16.50000000000000000 ) ) ;
#6582 = CARTESIAN_POINT ( 'NONE',  ( 10.17106781186546272, 20.00000000000000000, 14.00000000000000000 ) ) ;
#6583 = CARTESIAN_POINT ( 'NONE',  ( 38.43553390593272923, 14.46446609406726402, 0.000000000000000000 ) ) ;
#6584 = AXIS2_PLACEMENT_3D ( 'NONE', #384, #2273, #4175 ) ;
#6585 = CARTESIAN_POINT ( 'NONE',  ( 15.31698589280340705, -26.03887601776575522, 5.000000000000000000 ) ) ;
#6586 = CIRCLE ( 'NONE', #330, 2.000000000000003553 ) ;
#6587 = FACE_BOUND ( 'NONE', #2171, .T. ) ;
#6588 = CYLINDRICAL_SURFACE ( 'NONE', #1753, 1.000000000000000888 ) ;
#6589 = ORIENTED_EDGE ( 'NONE', *, *, #2835, .T. ) ;
#6590 = CARTESIAN_POINT ( 'NONE',  ( -8.100000000000015632, -14.72730901211615873, -0.03447826270632335655 ) ) ;
#6591 = CARTESIAN_POINT ( 'NONE',  ( -46.58353137565741520, -4.295104907553128015, 9.641217902001644191 ) ) ;
#6592 = ORIENTED_EDGE ( 'NONE', *, *, #3073, .T. ) ;
#6593 = CARTESIAN_POINT ( 'NONE',  ( -33.68729423145175872, -6.172309016039624119, 10.44256622349425712 ) ) ;
#6594 = VECTOR ( 'NONE', #3961, 1000.000000000000000 ) ;
#6595 = ADVANCED_FACE ( 'NONE', ( #5318 ), #4698, .T. ) ;
#6596 = ORIENTED_EDGE ( 'NONE', *, *, #1156, .F. ) ;
#6597 = DIRECTION ( 'NONE',  ( -0.000000000000000000, -1.000000000000000000, -0.000000000000000000 ) ) ;
#6598 = AXIS2_PLACEMENT_3D ( 'NONE', #6781, #4279, #5392 ) ;
#6599 = DIRECTION ( 'NONE',  ( -0.000000000000000000, 0.000000000000000000, -1.000000000000000000 ) ) ;
#6600 = CARTESIAN_POINT ( 'NONE',  ( -52.10000000000000853, -4.900000000000011902, 12.00000000000000000 ) ) ;
#6601 = DIRECTION ( 'NONE',  ( 0.000000000000000000, 0.000000000000000000, 1.000000000000000000 ) ) ;
#6602 = CARTESIAN_POINT ( 'NONE',  ( -32.32646223951301323, -8.264219632769828294, 13.21512356827417989 ) ) ;
#6603 = VECTOR ( 'NONE', #6968, 1000.000000000000000 ) ;
#6604 = ADVANCED_FACE ( 'NONE', ( #5033 ), #4988, .F. ) ;
#6605 = EDGE_LOOP ( 'NONE', ( #7916, #1297, #7123, #4582, #2963, #5941, #1422 ) ) ;
#6606 = DIRECTION ( 'NONE',  ( -9.941108744852763806E-17, 1.000000000000000000, 0.000000000000000000 ) ) ;
#6607 = DIRECTION ( 'NONE',  ( 9.941108744852765039E-17, -1.000000000000000000, 0.000000000000000000 ) ) ;
#6608 = CARTESIAN_POINT ( 'NONE',  ( 37.89999999999999147, 6.938893903907228378E-15, 12.00000000000000000 ) ) ;
#6609 = CARTESIAN_POINT ( 'NONE',  ( 9.167072467532435098, 18.24827614249225505, 9.853825642960709175 ) ) ;
#6610 = DIRECTION ( 'NONE',  ( 1.000000000000000000, 0.000000000000000000, 0.000000000000000000 ) ) ;
#6611 = CARTESIAN_POINT ( 'NONE',  ( -20.21076683067359525, -21.99999999999999645, 5.000000000000000888 ) ) ;
#6612 = EDGE_CURVE ( 'NONE', #3736, #5703, #2381, .T. ) ;
#6613 = EDGE_CURVE ( 'NONE', #1358, #6899, #3843, .T. ) ;
#6614 = ORIENTED_EDGE ( 'NONE', *, *, #4913, .F. ) ;
#6615 = EDGE_CURVE ( 'NONE', #113, #4823, #2029, .T. ) ;
#6616 = DIRECTION ( 'NONE',  ( -1.000000000000000000, 0.000000000000000000, 0.000000000000000000 ) ) ;
#6617 = AXIS2_PLACEMENT_3D ( 'NONE', #932, #398, #6533 ) ;
#6618 = CARTESIAN_POINT ( 'NONE',  ( -20.71778695723698860, -22.86193421515776336, 0.000000000000000000 ) ) ;
#6619 = CARTESIAN_POINT ( 'NONE',  ( 7.500000000000007105, 22.00000000000001066, 24.00000000000000355 ) ) ;
#6620 = LINE ( 'NONE', #6044, #1527 ) ;
#6621 = B_SPLINE_CURVE_WITH_KNOTS ( 'NONE', 3,
 ( #1756, #7396, #1636, #5516, #4123, #6784 ),
 .UNSPECIFIED., .F., .F.,
 ( 4, 2, 4 ),
 ( 0.000000000000000000, 0.001076046998685565009, 0.002152093997371130017 ),
 .UNSPECIFIED. ) ;
#6622 = CARTESIAN_POINT ( 'NONE',  ( -32.72860018870795074, 7.729904780868918301, 10.40586709361224749 ) ) ;
#6623 = VECTOR ( 'NONE', #7917, 1000.000000000000000 ) ;
#6624 = ADVANCED_FACE ( 'NONE', ( #491 ), #3081, .F. ) ;
#6625 = ORIENTED_EDGE ( 'NONE', *, *, #1708, .F. ) ;
#6626 = CARTESIAN_POINT ( 'NONE',  ( -32.82893218813453728, 18.00000000000000000, 16.00000000000000000 ) ) ;
#6627 = CARTESIAN_POINT ( 'NONE',  ( -61.10000000000000142, 4.899999999999990585, 12.00000000000000000 ) ) ;
#6628 = CIRCLE ( 'NONE', #5316, 4.999999999999997335 ) ;
#6629 = EDGE_LOOP ( 'NONE', ( #4317, #324, #7679, #8089, #7806, #2030 ) ) ;
#6630 = CARTESIAN_POINT ( 'NONE',  ( -8.099999999999999645, -24.09846585391537133, -5.076561833008144120 ) ) ;
#6631 = LINE ( 'NONE', #378, #4170 ) ;
#6632 = ORIENTED_EDGE ( 'NONE', *, *, #1751, .F. ) ;
#6633 = CARTESIAN_POINT ( 'NONE',  ( -11.50007584254798942, 19.88256284509100169, 8.117437154909014296 ) ) ;
#6634 = VERTEX_POINT ( 'NONE', #5655 ) ;
#6635 = LINE ( 'NONE', #7785, #1161 ) ;
#6636 = FACE_OUTER_BOUND ( 'NONE', #4219, .T. ) ;
#6637 = CARTESIAN_POINT ( 'NONE',  ( 9.500000000000008882, 20.00260704231020625, 7.997392957689807069 ) ) ;
#6638 = FACE_OUTER_BOUND ( 'NONE', #2506, .T. ) ;
#6639 = CARTESIAN_POINT ( 'NONE',  ( -33.21327386202775500, -7.000000000000000888, 13.75000000000000533 ) ) ;
#6640 = CARTESIAN_POINT ( 'NONE',  ( 34.86438814013873611, -2.981138845947453930, 2.711826338403511283 ) ) ;
#6641 = CARTESIAN_POINT ( 'NONE',  ( -17.49999999999998934, 23.00000000000004619, 5.000000000000006217 ) ) ;
#6642 = CARTESIAN_POINT ( 'NONE',  ( -41.05000000000001847, -0.1410744556232967628, 20.74999999999999645 ) ) ;
#6643 = CIRCLE ( 'NONE', #512, 0.9999999999999991118 ) ;
#6644 = CARTESIAN_POINT ( 'NONE',  ( 39.89999999999999147, -3.955505321723093897E-16, 6.750000000000000888 ) ) ;
#6645 = CARTESIAN_POINT ( 'NONE',  ( 14.40894241220452443, -25.41283789321709818, 19.50000000000000000 ) ) ;
#6646 = VECTOR ( 'NONE', #1932, 1000.000000000000000 ) ;
#6647 = ORIENTED_EDGE ( 'NONE', *, *, #1399, .F. ) ;
#6648 = ADVANCED_FACE ( 'NONE', ( #544 ), #1889, .F. ) ;
#6649 = AXIS2_PLACEMENT_3D ( 'NONE', #2076, #5090, #3943 ) ;
#6650 = CYLINDRICAL_SURFACE ( 'NONE', #2721, 2.600000000000000089 ) ;
#6651 = EDGE_LOOP ( 'NONE', ( #246, #2623, #505, #4016 ) ) ;
#6652 = DIRECTION ( 'NONE',  ( 0.000000000000000000, 0.000000000000000000, -1.000000000000000000 ) ) ;
#6653 = CARTESIAN_POINT ( 'NONE',  ( 34.87913455859894896, -2.914463798475400047, 16.63443930364831047 ) ) ;
#6654 = CIRCLE ( 'NONE', #660, 2.900000000000003464 ) ;
#6655 = CARTESIAN_POINT ( 'NONE',  ( -11.83431754716828799, -31.99999999999884892, 7.391561154329337135 ) ) ;
#6656 = CARTESIAN_POINT ( 'NONE',  ( -33.21327386202774790, 7.000000000000004441, 13.75000000000000000 ) ) ;
#6657 = AXIS2_PLACEMENT_3D ( 'NONE', #5620, #792, #1356 ) ;
#6658 = ORIENTED_EDGE ( 'NONE', *, *, #5264, .T. ) ;
#6659 = DIRECTION ( 'NONE',  ( -0.000000000000000000, -0.000000000000000000, 1.000000000000000000 ) ) ;
#6660 = EDGE_CURVE ( 'NONE', #1088, #1654, #6586, .T. ) ;
#6661 = ORIENTED_EDGE ( 'NONE', *, *, #4761, .T. ) ;
#6662 = FACE_OUTER_BOUND ( 'NONE', #7750, .T. ) ;
#6663 = CARTESIAN_POINT ( 'NONE',  ( -34.74999999999998579, -13.50000000000002665, 24.00000000000000000 ) ) ;
#6664 = DIRECTION ( 'NONE',  ( 0.000000000000000000, -1.000000000000000000, 0.000000000000000000 ) ) ;
#6665 = AXIS2_PLACEMENT_3D ( 'NONE', #1878, #6826, #6082 ) ;
#6666 = EDGE_CURVE ( 'NONE', #342, #4525, #7363, .T. ) ;
#6667 = VECTOR ( 'NONE', #2104, 1000.000000000000000 ) ;
#6668 = ORIENTED_EDGE ( 'NONE', *, *, #329, .F. ) ;
#6669 = CARTESIAN_POINT ( 'NONE',  ( -39.90000000000000568, 7.000000000000003553, 12.00000000000000000 ) ) ;
#6670 = CARTESIAN_POINT ( 'NONE',  ( -7.500000000000004441, 20.00000000000000355, 5.000000000000000888 ) ) ;
#6671 = ORIENTED_EDGE ( 'NONE', *, *, #6515, .F. ) ;
#6672 = CARTESIAN_POINT ( 'NONE',  ( -51.77263752310226863, 4.356907988911621565, 9.757227613526481491 ) ) ;
#6673 = AXIS2_PLACEMENT_3D ( 'NONE', #3949, #6452, #5021 ) ;
#6674 = CARTESIAN_POINT ( 'NONE',  ( 23.32842712474617741, 18.00000000000000711, 10.82842712474618274 ) ) ;
#6675 = CYLINDRICAL_SURFACE ( 'NONE', #5383, 2.000000000000001776 ) ;
#6676 = EDGE_CURVE ( 'NONE', #5529, #6681, #1268, .T. ) ;
#6677 = FACE_OUTER_BOUND ( 'NONE', #1246, .T. ) ;
#6678 = DIRECTION ( 'NONE',  ( 1.000000000000000000, 9.941108744852765039E-17, 0.000000000000000000 ) ) ;
#6679 = AXIS2_PLACEMENT_3D ( 'NONE', #325, #3989, #999 ) ;
#6680 = DIRECTION ( 'NONE',  ( -1.000000000000000000, -9.941108744852765039E-17, 0.000000000000000000 ) ) ;
#6681 = VERTEX_POINT ( 'NONE', #6181 ) ;
#6682 = EDGE_CURVE ( 'NONE', #5449, #3097, #1626, .T. ) ;
#6683 = CIRCLE ( 'NONE', #420, 1.000000000000000888 ) ;
#6684 = CARTESIAN_POINT ( 'NONE',  ( 14.91596253876791955, -26.27477210837486510, 5.001513403221296450 ) ) ;
#6685 = CARTESIAN_POINT ( 'NONE',  ( -52.10000000000000853, -9.567667171349008195E-15, 12.00000000000000000 ) ) ;
#6686 = DIRECTION ( 'NONE',  ( 0.000000000000000000, 0.000000000000000000, -1.000000000000000000 ) ) ;
#6687 = ORIENTED_EDGE ( 'NONE', *, *, #4685, .F. ) ;
#6688 = ORIENTED_EDGE ( 'NONE', *, *, #1614, .F. ) ;
#6689 = CARTESIAN_POINT ( 'NONE',  ( 8.171067811865464492, -30.37354648979129479, 14.00000000000000000 ) ) ;
#6690 = B_SPLINE_CURVE_WITH_KNOTS ( 'NONE', 3,
 ( #7120, #5345, #2904, #895, #5386, #2253, #7236, #6540, #4154, #1510, #6653, #1045, #5849, #7847, #3394, #4651, #7765, #1550, #2176, #7156, #4046, #937, #3440, #5929 ),
 .UNSPECIFIED., .F., .F.,
 ( 4, 2, 2, 2, 2, 2, 2, 2, 2, 2, 2, 4 ),
 ( 9.927226141820399974E-19, 0.0009980705308488037070, 0.001497105796273204585, 0.001996141061697605246, 0.002994211592546407001, 0.003493246857970810481, 0.003992282123395213961, 0.004990352654244018318, 0.005988423185092822676, 0.006487458450517223987, 0.006986493715941627033, 0.007984564246790443534 ),
 .UNSPECIFIED. ) ;
#6691 = LINE ( 'NONE', #1824, #3650 ) ;
#6692 = B_SPLINE_CURVE_WITH_KNOTS ( 'NONE', 3,
 ( #4634, #920, #3417, #5410 ),
 .UNSPECIFIED., .F., .F.,
 ( 4, 4 ),
 ( 0.000000000000000000, 0.002328088143206388447 ),
 .UNSPECIFIED. ) ;
#6693 = EDGE_LOOP ( 'NONE', ( #5925, #5164, #6671, #38 ) ) ;
#6694 = AXIS2_PLACEMENT_3D ( 'NONE', #7218, #1607, #6599 ) ;
#6695 = CARTESIAN_POINT ( 'NONE',  ( 13.40894241220452443, -24.64024543787444088, 5.055245460103714450 ) ) ;
#6696 = EDGE_CURVE ( 'NONE', #4911, #2460, #4873, .T. ) ;
#6697 = DIRECTION ( 'NONE',  ( 0.7071067811865510144, -0.7071067811865441310, 8.659560562354895880E-17 ) ) ;
#6698 = CARTESIAN_POINT ( 'NONE',  ( 15.40040942447352634, -29.47034739736852060, 5.000000000000000000 ) ) ;
#6699 = DIRECTION ( 'NONE',  ( 0.000000000000000000, 0.000000000000000000, -1.000000000000000000 ) ) ;
#6700 = CARTESIAN_POINT ( 'NONE',  ( 14.91596253876791955, -26.27477210837486510, 24.00000000000000000 ) ) ;
#6701 = EDGE_CURVE ( 'NONE', #6960, #4196, #2466, .T. ) ;
#6702 = ORIENTED_EDGE ( 'NONE', *, *, #84, .F. ) ;
#6703 = ORIENTED_EDGE ( 'NONE', *, *, #1454, .F. ) ;
#6704 = CARTESIAN_POINT ( 'NONE',  ( -14.40894241220451910, -20.99999999999998934, -0.1826378282930802011 ) ) ;
#6705 = DIRECTION ( 'NONE',  ( 1.000000000000000000, -0.000000000000000000, -0.000000000000000000 ) ) ;
#6706 = AXIS2_PLACEMENT_3D ( 'NONE', #1919, #4445, #6953 ) ;
#6707 = CARTESIAN_POINT ( 'NONE',  ( -46.10000000000000853, -4.214261501141105093, 10.50000000000000178 ) ) ;
#6708 = ORIENTED_EDGE ( 'NONE', *, *, #6660, .T. ) ;
#6709 = CYLINDRICAL_SURFACE ( 'NONE', #1491, 2.900000000000003464 ) ;
#6710 = CARTESIAN_POINT ( 'NONE',  ( -47.10000000000000853, -4.214261501141105093, 14.50000000000000178 ) ) ;
#6711 = EDGE_LOOP ( 'NONE', ( #5159, #5188, #3472, #4327, #1225 ) ) ;
#6712 = LINE ( 'NONE', #419, #3012 ) ;
#6713 = EDGE_CURVE ( 'NONE', #7266, #5554, #4239, .T. ) ;
#6714 = AXIS2_PLACEMENT_3D ( 'NONE', #7002, #7122, #5781 ) ;
#6715 = EDGE_CURVE ( 'NONE', #5051, #2262, #7571, .T. ) ;
#6716 = DIRECTION ( 'NONE',  ( 1.000000000000000000, 0.000000000000000000, 0.000000000000000000 ) ) ;
#6717 = CARTESIAN_POINT ( 'NONE',  ( 8.100000000000017408, -18.08597829525914591, 5.000000000000000000 ) ) ;
#6718 = CARTESIAN_POINT ( 'NONE',  ( 9.410179721124460883, 18.58578643762691840, 9.414213562373079824 ) ) ;
#6719 = CARTESIAN_POINT ( 'NONE',  ( 39.89999999999999147, -10.92893218813451384, 24.00000000000000000 ) ) ;
#6720 = AXIS2_PLACEMENT_3D ( 'NONE', #1132, #2464, #1758 ) ;
#6721 = CARTESIAN_POINT ( 'NONE',  ( -41.05000000000001137, 8.750000000000003553, 12.00000000000000000 ) ) ;
#6722 = EDGE_LOOP ( 'NONE', ( #4653, #4307, #328, #273, #31, #3654, #6293, #7431 ) ) ;
#6723 = ORIENTED_EDGE ( 'NONE', *, *, #176, .F. ) ;
#6724 = ORIENTED_EDGE ( 'NONE', *, *, #3706, .F. ) ;
#6725 = ORIENTED_EDGE ( 'NONE', *, *, #534, .T. ) ;
#6726 = CARTESIAN_POINT ( 'NONE',  ( -10.90000000000001457, -4.000000000000002665, 24.00000000000000000 ) ) ;
#6727 = DIRECTION ( 'NONE',  ( 1.000000000000000000, 9.637352644315594010E-17, -0.000000000000000000 ) ) ;
#6728 = CARTESIAN_POINT ( 'NONE',  ( -41.15381636757225436, -0.6726990840594564425, 20.62083434397497683 ) ) ;
#6729 = VERTEX_POINT ( 'NONE', #2421 ) ;
#6730 = LINE ( 'NONE', #3105, #6031 ) ;
#6731 = CARTESIAN_POINT ( 'NONE',  ( 20.21076683067359880, -21.99999999999999289, 0.000000000000000000 ) ) ;
#6732 = VERTEX_POINT ( 'NONE', #7399 ) ;
#6733 = VERTEX_POINT ( 'NONE', #1226 ) ;
#6734 = CARTESIAN_POINT ( 'NONE',  ( 8.500000000000000000, 18.00000000000000355, 10.82842712474618629 ) ) ;
#6735 = DIRECTION ( 'NONE',  ( -1.000000000000000000, 0.000000000000000000, 0.000000000000000000 ) ) ;
#6736 = CARTESIAN_POINT ( 'NONE',  ( 34.30478948392984506, -4.810290376168503634, 8.946044724382147706 ) ) ;
#6737 = CARTESIAN_POINT ( 'NONE',  ( -35.08562283564896234, -1.749845658912420276, 19.22878584265013657 ) ) ;
#6738 = CARTESIAN_POINT ( 'NONE',  ( -35.19999999999999574, -1.734723475976807094E-15, 17.24999999999999645 ) ) ;
#6739 = CARTESIAN_POINT ( 'NONE',  ( -33.21327386202774790, 7.000000000000003553, 10.25000000000000000 ) ) ;
#6740 = EDGE_CURVE ( 'NONE', #211, #4787, #1180, .T. ) ;
#6741 = LINE ( 'NONE', #3629, #3086 ) ;
#6742 = AXIS2_PLACEMENT_3D ( 'NONE', #1957, #2665, #848 ) ;
#6743 = ORIENTED_EDGE ( 'NONE', *, *, #6208, .F. ) ;
#6744 = ORIENTED_EDGE ( 'NONE', *, *, #2362, .F. ) ;
#6745 = CARTESIAN_POINT ( 'NONE',  ( 17.89999999999998792, -1.275480926296549303E-15, 22.75000000000000000 ) ) ;
#6746 = CARTESIAN_POINT ( 'NONE',  ( 0.000000000000000000, 0.000000000000000000, 0.000000000000000000 ) ) ;
#6747 = CARTESIAN_POINT ( 'NONE',  ( -51.37374398332624281, -4.231768973995973404, 9.529004832767805411 ) ) ;
#6748 = CARTESIAN_POINT ( 'NONE',  ( -52.07459632688390627, -4.575523904607462278, 13.75816896100589304 ) ) ;
#6749 = DIRECTION ( 'NONE',  ( 1.000000000000000000, -1.734723475976803150E-15, 0.000000000000000000 ) ) ;
#6750 = ORIENTED_EDGE ( 'NONE', *, *, #375, .F. ) ;
#6751 = CARTESIAN_POINT ( 'NONE',  ( -51.10000000000000853, 4.214261501141092658, 9.500000000000008882 ) ) ;
#6752 = AXIS2_PLACEMENT_3D ( 'NONE', #7308, #7880, #3581 ) ;
#6753 = DIRECTION ( 'NONE',  ( 9.941108744852765039E-17, -1.000000000000000000, 0.000000000000000000 ) ) ;
#6754 = AXIS2_PLACEMENT_3D ( 'NONE', #6608, #3538, #7227 ) ;
#6755 = ORIENTED_EDGE ( 'NONE', *, *, #6216, .T. ) ;
#6756 = DIRECTION ( 'NONE',  ( -1.000000000000000000, 0.000000000000000000, 0.000000000000000000 ) ) ;
#6757 = ORIENTED_EDGE ( 'NONE', *, *, #985, .F. ) ;
#6758 = LINE ( 'NONE', #3043, #710 ) ;
#6759 = DIRECTION ( 'NONE',  ( -0.000000000000000000, -0.000000000000000000, -1.000000000000000000 ) ) ;
#6760 = CARTESIAN_POINT ( 'NONE',  ( -43.69066697923213383, 5.946593414911905739, 10.59839762756021919 ) ) ;
#6761 = ORIENTED_EDGE ( 'NONE', *, *, #4853, .F. ) ;
#6762 = ORIENTED_EDGE ( 'NONE', *, *, #3563, .T. ) ;
#6763 = ORIENTED_EDGE ( 'NONE', *, *, #6114, .T. ) ;
#6764 = ORIENTED_EDGE ( 'NONE', *, *, #628, .F. ) ;
#6765 = FACE_OUTER_BOUND ( 'NONE', #4566, .T. ) ;
#6766 = DIRECTION ( 'NONE',  ( -0.000000000000000000, 0.000000000000000000, -1.000000000000000000 ) ) ;
#6767 = CARTESIAN_POINT ( 'NONE',  ( -61.10000000000000142, -1.196959198423997211E-14, 12.00000000000000000 ) ) ;
#6768 = ORIENTED_EDGE ( 'NONE', *, *, #7529, .F. ) ;
#6769 = DIRECTION ( 'NONE',  ( -1.000000000000000000, 0.000000000000000000, 0.000000000000000000 ) ) ;
#6770 = FACE_OUTER_BOUND ( 'NONE', #3523, .T. ) ;
#6771 = EDGE_LOOP ( 'NONE', ( #969, #5400, #6103, #4313 ) ) ;
#6772 = ORIENTED_EDGE ( 'NONE', *, *, #1922, .F. ) ;
#6773 = DIRECTION ( 'NONE',  ( -0.000000000000000000, -0.000000000000000000, -1.000000000000000000 ) ) ;
#6774 = DIRECTION ( 'NONE',  ( 1.000000000000000000, 2.668805347656626678E-16, 0.000000000000000000 ) ) ;
#6775 = FACE_OUTER_BOUND ( 'NONE', #2785, .T. ) ;
#6776 = LINE ( 'NONE', #4798, #5028 ) ;
#6777 = CARTESIAN_POINT ( 'NONE',  ( 34.75000000000000000, 13.50000000000000533, 24.00000000000000000 ) ) ;
#6778 = ORIENTED_EDGE ( 'NONE', *, *, #5114, .F. ) ;
#6779 = CIRCLE ( 'NONE', #4291, 1.750000000000005107 ) ;
#6780 = EDGE_CURVE ( 'NONE', #929, #6732, #1346, .T. ) ;
#6781 = CARTESIAN_POINT ( 'NONE',  ( -9.900000000000012790, -13.00000000000000355, 0.000000000000000000 ) ) ;
#6782 = VERTEX_POINT ( 'NONE', #3963 ) ;
#6783 = VERTEX_POINT ( 'NONE', #4612 ) ;
#6784 = CARTESIAN_POINT ( 'NONE',  ( 11.83431754716743534, -32.00000000000000000, 18.46638831946455284 ) ) ;
#6785 = CARTESIAN_POINT ( 'NONE',  ( 35.20000000000000995, 0.009999999999907260156, 8.749986666642962874 ) ) ;
#6786 = DIRECTION ( 'NONE',  ( -1.000000000000000000, 0.000000000000000000, 0.000000000000000000 ) ) ;
#6787 = DIRECTION ( 'NONE',  ( 1.000000000000000000, 9.941108744852763806E-17, 0.000000000000000000 ) ) ;
#6788 = DIRECTION ( 'NONE',  ( 1.000000000000000000, 0.000000000000000000, -0.000000000000000000 ) ) ;
#6789 = ORIENTED_EDGE ( 'NONE', *, *, #3732, .T. ) ;
#6790 = VECTOR ( 'NONE', #2404, 1000.000000000000000 ) ;
#6791 = DIRECTION ( 'NONE',  ( -0.000000000000000000, -0.000000000000000000, 1.000000000000000000 ) ) ;
#6792 = CIRCLE ( 'NONE', #3286, 1.749999999999999778 ) ;
#6793 = EDGE_CURVE ( 'NONE', #5176, #5034, #1387, .T. ) ;
#6794 = AXIS2_PLACEMENT_3D ( 'NONE', #261, #1601, #4739 ) ;
#6795 = CARTESIAN_POINT ( 'NONE',  ( -32.82893218813453018, 13.00000000000000000, 21.00000000000000000 ) ) ;
#6796 = DIRECTION ( 'NONE',  ( 1.000000000000000000, -0.000000000000000000, -0.000000000000000000 ) ) ;
#6797 = ADVANCED_FACE ( 'NONE', ( #6387 ), #7685, .F. ) ;
#6798 = ORIENTED_EDGE ( 'NONE', *, *, #6216, .F. ) ;
#6799 = CARTESIAN_POINT ( 'NONE',  ( -27.90000000000001279, 9.679756995950586742E-15, 21.00000000000000000 ) ) ;
#6800 = CYLINDRICAL_SURFACE ( 'NONE', #673, 1.000000000000000888 ) ;
#6801 = CARTESIAN_POINT ( 'NONE',  ( -44.14812793373180000, 5.562397841266790266, 10.99557985776782942 ) ) ;
#6802 = VERTEX_POINT ( 'NONE', #252 ) ;
#6803 = AXIS2_PLACEMENT_3D ( 'NONE', #6581, #2134, #4727 ) ;
#6804 = AXIS2_PLACEMENT_3D ( 'NONE', #7285, #5982, #2336 ) ;
#6805 = ORIENTED_EDGE ( 'NONE', *, *, #7315, .T. ) ;
#6806 = EDGE_CURVE ( 'NONE', #2911, #7723, #2929, .T. ) ;
#6807 = EDGE_LOOP ( 'NONE', ( #2447, #4605, #2257 ) ) ;
#6808 = EDGE_CURVE ( 'NONE', #5717, #1061, #6467, .T. ) ;
#6809 = VERTEX_POINT ( 'NONE', #7726 ) ;
#6810 = B_SPLINE_CURVE_WITH_KNOTS ( 'NONE', 3,
 ( #1078, #3066, #8057, #2453, #4193, #3755, #7, #4325, #1705, #1880 ),
 .UNSPECIFIED., .F., .F.,
 ( 4, 2, 2, 2, 4 ),
 ( 0.000000000000000000, 0.0004538767193366773306, 0.0009077534386733546613, 0.001361630158010032100, 0.001815506877346709323 ),
 .UNSPECIFIED. ) ;
#6811 = CARTESIAN_POINT ( 'NONE',  ( 35.19288379952308787, -0.5073948963063111828, 8.723652204631585860 ) ) ;
#6812 = LINE ( 'NONE', #2439, #2141 ) ;
#6813 = FACE_OUTER_BOUND ( 'NONE', #1709, .T. ) ;
#6814 = ORIENTED_EDGE ( 'NONE', *, *, #7345, .T. ) ;
#6815 = EDGE_CURVE ( 'NONE', #1129, #5554, #717, .T. ) ;
#6816 = ORIENTED_EDGE ( 'NONE', *, *, #5657, .F. ) ;
#6817 = CARTESIAN_POINT ( 'NONE',  ( -0.000000000000000000, -20.99999999999998934, 5.000000000000000000 ) ) ;
#6818 = DIRECTION ( 'NONE',  ( -1.000000000000000000, -2.668805347656626678E-16, -0.000000000000000000 ) ) ;
#6819 = VERTEX_POINT ( 'NONE', #5232 ) ;
#6820 = ADVANCED_FACE ( 'NONE', ( #3325 ), #819, .T. ) ;
#6821 = ORIENTED_EDGE ( 'NONE', *, *, #2830, .F. ) ;
#6822 = CARTESIAN_POINT ( 'NONE',  ( 35.02076837256066710, 2.204336608542791343, 15.94813768249201225 ) ) ;
#6823 = DIRECTION ( 'NONE',  ( -0.7071067811865477948, 0.7071067811865473507, 0.000000000000000000 ) ) ;
#6824 = ADVANCED_FACE ( 'NONE', ( #2056 ), #2016, .F. ) ;
#6825 = EDGE_CURVE ( 'NONE', #2188, #3857, #5149, .T. ) ;
#6826 = DIRECTION ( 'NONE',  ( 2.312964634635741478E-16, 1.000000000000000000, -4.589489218000145302E-32 ) ) ;
#6827 = CARTESIAN_POINT ( 'NONE',  ( -35.19999999999999574, -0.01000000000000653144, 20.74997142833818842 ) ) ;
#6828 = CARTESIAN_POINT ( 'NONE',  ( 13.40894241220452265, -21.99999999999999289, -0.5612644969238584913 ) ) ;
#6829 = EDGE_LOOP ( 'NONE', ( #4031, #3775 ) ) ;
#6830 = ORIENTED_EDGE ( 'NONE', *, *, #49, .T. ) ;
#6831 = EDGE_CURVE ( 'NONE', #2245, #5856, #3208, .T. ) ;
#6832 = CARTESIAN_POINT ( 'NONE',  ( -13.65373955282606566, -26.09406428811663758, -1.431124139177892385 ) ) ;
#6833 = EDGE_LOOP ( 'NONE', ( #776, #890 ) ) ;
#6834 = VERTEX_POINT ( 'NONE', #1426 ) ;
#6835 = CARTESIAN_POINT ( 'NONE',  ( -6.285898384862242949, 22.00000000000001066, 5.000000000000000888 ) ) ;
#6836 = CARTESIAN_POINT ( 'NONE',  ( 3.918869757271530263E-15, -32.00000000000000000, 19.50000000000000000 ) ) ;
#6837 = DIRECTION ( 'NONE',  ( -2.775557561562891351E-16, -2.759211954709507528E-32, -1.000000000000000000 ) ) ;
#6838 = CIRCLE ( 'NONE', #1736, 16.09999999999999787 ) ;
#6839 = ORIENTED_EDGE ( 'NONE', *, *, #3788, .F. ) ;
#6840 = DIRECTION ( 'NONE',  ( -0.000000000000000000, -0.000000000000000000, -1.000000000000000000 ) ) ;
#6841 = CARTESIAN_POINT ( 'NONE',  ( -33.34267183360109499, 6.790755263249741880, 10.25000000000000178 ) ) ;
#6842 = ORIENTED_EDGE ( 'NONE', *, *, #7618, .T. ) ;
#6843 = DIRECTION ( 'NONE',  ( -0.000000000000000000, -0.000000000000000000, -1.000000000000000000 ) ) ;
#6844 = AXIS2_PLACEMENT_3D ( 'NONE', #8034, #6848, #3772 ) ;
#6845 = DIRECTION ( 'NONE',  ( 1.000000000000000000, -0.000000000000000000, -0.000000000000000000 ) ) ;
#6846 = DIRECTION ( 'NONE',  ( 0.8619342151577696898, -0.5070201265633936805, 0.000000000000000000 ) ) ;
#6847 = ORIENTED_EDGE ( 'NONE', *, *, #3293, .F. ) ;
#6848 = DIRECTION ( 'NONE',  ( -1.000000000000000000, -0.000000000000000000, -0.000000000000000000 ) ) ;
#6849 = CARTESIAN_POINT ( 'NONE',  ( -39.90000000000000568, 10.92893218813451384, 24.00000000000000000 ) ) ;
#6850 = EDGE_CURVE ( 'NONE', #6223, #3456, #6335, .T. ) ;
#6851 = CARTESIAN_POINT ( 'NONE',  ( 37.89999999999999147, 7.257302071685540394E-15, 14.59999999999999964 ) ) ;
#6852 = AXIS2_PLACEMENT_3D ( 'NONE', #2183, #4127, #7856 ) ;
#6853 = EDGE_LOOP ( 'NONE', ( #5478, #7607, #4871, #3910, #6688 ) ) ;
#6854 = EDGE_LOOP ( 'NONE', ( #2842, #6687 ) ) ;
#6855 = EDGE_CURVE ( 'NONE', #4982, #1539, #2414, .T. ) ;
#6856 = VERTEX_POINT ( 'NONE', #3922 ) ;
#6857 = CIRCLE ( 'NONE', #3338, 2.900000000000003464 ) ;
#6858 = DIRECTION ( 'NONE',  ( -0.7071067811865473507, 0.7071067811865477948, 0.000000000000000000 ) ) ;
#6859 = DIRECTION ( 'NONE',  ( 1.000000000000000000, 0.000000000000000000, 0.000000000000000000 ) ) ;
#6860 = CARTESIAN_POINT ( 'NONE',  ( 31.00211339799356480, -9.706226954050345412, 14.60613310108074359 ) ) ;
#6861 = EDGE_LOOP ( 'NONE', ( #3406, #4665, #6892, #1923 ) ) ;
#6862 = ORIENTED_EDGE ( 'NONE', *, *, #6231, .T. ) ;
#6863 = CARTESIAN_POINT ( 'NONE',  ( -15.31698589280339462, -26.03887601776575877, 5.000000000000000000 ) ) ;
#6864 = CARTESIAN_POINT ( 'NONE',  ( -51.65019687596661413, 1.708279968497220080, 9.654296275042463904 ) ) ;
#6865 = VERTEX_POINT ( 'NONE', #3845 ) ;
#6866 = ORIENTED_EDGE ( 'NONE', *, *, #5732, .F. ) ;
#6867 = DIRECTION ( 'NONE',  ( -1.000000000000000000, -0.000000000000000000, -0.000000000000000000 ) ) ;
#6868 = CARTESIAN_POINT ( 'NONE',  ( 34.68712358021287656, 3.667943129427331694, 10.26068593146581165 ) ) ;
#6869 = CARTESIAN_POINT ( 'NONE',  ( 34.79910128917846635, -3.249624686649049021, 11.74881592773393635 ) ) ;
#6870 = CARTESIAN_POINT ( 'NONE',  ( 11.35862977505444427, -32.74904910921681989, -4.977663316700584595 ) ) ;
#6871 = EDGE_CURVE ( 'NONE', #1602, #7022, #5737, .T. ) ;
#6872 = CARTESIAN_POINT ( 'NONE',  ( -35.19999999999999574, -6.098637220230962441E-16, 5.000000000000000000 ) ) ;
#6873 = EDGE_CURVE ( 'NONE', #1795, #4722, #1613, .T. ) ;
#6874 = ORIENTED_EDGE ( 'NONE', *, *, #5470, .T. ) ;
#6875 = EDGE_LOOP ( 'NONE', ( #599, #3829, #1204, #5280 ) ) ;
#6876 = ORIENTED_EDGE ( 'NONE', *, *, #5899, .F. ) ;
#6877 = LINE ( 'NONE', #4936, #6998 ) ;
#6878 = CARTESIAN_POINT ( 'NONE',  ( 11.00924653100001827, -33.63702369363846145, 16.93140273046826749 ) ) ;
#6879 = CARTESIAN_POINT ( 'NONE',  ( -32.82893218813453728, 18.00000000000000000, 0.000000000000000000 ) ) ;
#6880 = CARTESIAN_POINT ( 'NONE',  ( 7.500000000000003553, 20.00000000000000000, 1.999999999999998668 ) ) ;
#6881 = ORIENTED_EDGE ( 'NONE', *, *, #7527, .T. ) ;
#6882 = LINE ( 'NONE', #7537, #5088 ) ;
#6883 = CARTESIAN_POINT ( 'NONE',  ( -41.70129830834345341, -7.964640392347416942, 13.47770882242060786 ) ) ;
#6884 = CARTESIAN_POINT ( 'NONE',  ( 7.100000000000003197, -17.99999999999999645, 1.000000000000000888 ) ) ;
#6885 = AXIS2_PLACEMENT_3D ( 'NONE', #2832, #337, #2868 ) ;
#6886 = ORIENTED_EDGE ( 'NONE', *, *, #778, .F. ) ;
#6887 = DIRECTION ( 'NONE',  ( 1.000000000000000000, 9.941108744852766272E-17, 0.000000000000000000 ) ) ;
#6888 = CARTESIAN_POINT ( 'NONE',  ( -41.30737183489073772, -1.012497579351050003, 3.567286152741085292 ) ) ;
#6889 = CARTESIAN_POINT ( 'NONE',  ( -35.19999999999999574, 0.009999999999899849418, 0.000000000000000000 ) ) ;
#6890 = ORIENTED_EDGE ( 'NONE', *, *, #3506, .T. ) ;
#6891 = VERTEX_POINT ( 'NONE', #3365 ) ;
#6892 = ORIENTED_EDGE ( 'NONE', *, *, #4685, .T. ) ;
#6893 = VECTOR ( 'NONE', #3542, 1000.000000000000000 ) ;
#6894 = ORIENTED_EDGE ( 'NONE', *, *, #4947, .T. ) ;
#6895 = LINE ( 'NONE', #600, #2745 ) ;
#6896 = LINE ( 'NONE', #6403, #2268 ) ;
#6897 = CARTESIAN_POINT ( 'NONE',  ( 32.58096716113193736, -7.951269068125371930, 15.65696724632314663 ) ) ;
#6898 = VERTEX_POINT ( 'NONE', #5850 ) ;
#6899 = VERTEX_POINT ( 'NONE', #5693 ) ;
#6900 = CARTESIAN_POINT ( 'NONE',  ( 36.36446609406725372, 16.53553390593274486, 24.00000000000000000 ) ) ;
#6901 = CARTESIAN_POINT ( 'NONE',  ( -52.10000000000000853, 2.481934729198169265, 10.50000000000000533 ) ) ;
#6902 = VECTOR ( 'NONE', #5300, 1000.000000000000000 ) ;
#6903 = ORIENTED_EDGE ( 'NONE', *, *, #2629, .T. ) ;
#6904 = VERTEX_POINT ( 'NONE', #97 ) ;
#6905 = DIRECTION ( 'NONE',  ( 1.000000000000000000, 0.000000000000000000, 0.000000000000000000 ) ) ;
#6906 = CARTESIAN_POINT ( 'NONE',  ( -4.828932188134533732, 18.00000000000000355, 37.13274595042155823 ) ) ;
#6907 = CARTESIAN_POINT ( 'NONE',  ( -9.499984707532368233, 20.00782110201305031, 7.992178897986963015 ) ) ;
#6908 = CARTESIAN_POINT ( 'NONE',  ( -35.15033246058882099, -1.160788314586215453, 17.68535759257368767 ) ) ;
#6909 = CYLINDRICAL_SURFACE ( 'NONE', #6742, 1.749999999999999778 ) ;
#6910 = ORIENTED_EDGE ( 'NONE', *, *, #6095, .T. ) ;
#6911 = ORIENTED_EDGE ( 'NONE', *, *, #2724, .F. ) ;
#6912 = EDGE_CURVE ( 'NONE', #1017, #5662, #7648, .T. ) ;
#6913 = VERTEX_POINT ( 'NONE', #1046 ) ;
#6914 = ADVANCED_FACE ( 'NONE', ( #1591, #2789 ), #7768, .F. ) ;
#6915 = ORIENTED_EDGE ( 'NONE', *, *, #2856, .F. ) ;
#6916 = DIRECTION ( 'NONE',  ( 1.000000000000000000, 0.000000000000000000, 0.000000000000000000 ) ) ;
#6917 = CARTESIAN_POINT ( 'NONE',  ( 34.79868257938439768, 3.254333443889215083, 6.879425806044219271 ) ) ;
#6918 = CARTESIAN_POINT ( 'NONE',  ( -39.90000000000000568, -6.098637220230962441E-16, 5.000000000000000000 ) ) ;
#6919 = AXIS2_PLACEMENT_3D ( 'NONE', #321, #5916, #239 ) ;
#6920 = CARTESIAN_POINT ( 'NONE',  ( -46.10000000000000142, -7.966383962755032780E-15, 12.00000000000000000 ) ) ;
#6921 = ORIENTED_EDGE ( 'NONE', *, *, #813, .F. ) ;
#6922 = DIRECTION ( 'NONE',  ( 1.000000000000000000, 0.000000000000000000, 0.000000000000000000 ) ) ;
#6923 = EDGE_CURVE ( 'NONE', #7078, #6106, #7140, .T. ) ;
#6924 = VECTOR ( 'NONE', #3731, 1000.000000000000000 ) ;
#6925 = EDGE_CURVE ( 'NONE', #2295, #6904, #5972, .T. ) ;
#6926 = LINE ( 'NONE', #221, #1827 ) ;
#6927 = DIRECTION ( 'NONE',  ( -0.000000000000000000, -0.000000000000000000, 1.000000000000000000 ) ) ;
#6928 = AXIS2_PLACEMENT_3D ( 'NONE', #4897, #6228, #4602 ) ;
#6929 = EDGE_CURVE ( 'NONE', #3930, #4995, #4399, .T. ) ;
#6930 = VERTEX_POINT ( 'NONE', #3396 ) ;
#6931 = DIRECTION ( 'NONE',  ( -0.000000000000000000, 0.000000000000000000, 1.000000000000000000 ) ) ;
#6932 = CARTESIAN_POINT ( 'NONE',  ( -42.27783477036823712, -1.733053074461351484, 4.679459904684934557 ) ) ;
#6933 = DIRECTION ( 'NONE',  ( -9.941108744852767504E-17, 1.000000000000000000, 5.473822126268817899E-48 ) ) ;
#6934 = AXIS2_PLACEMENT_3D ( 'NONE', #496, #3733, #1852 ) ;
#6935 = ORIENTED_EDGE ( 'NONE', *, *, #5557, .F. ) ;
#6936 = VECTOR ( 'NONE', #4711, 1000.000000000000000 ) ;
#6937 = UNCERTAINTY_MEASURE_WITH_UNIT (LENGTH_MEASURE( 1.000000000000000082E-05 ), #4670, 'distance_accuracy_value', 'NONE');
#6938 = EDGE_CURVE ( 'NONE', #485, #855, #1511, .T. ) ;
#6939 = LINE ( 'NONE', #6400, #1958 ) ;
#6940 = ORIENTED_EDGE ( 'NONE', *, *, #4017, .T. ) ;
#6941 = CARTESIAN_POINT ( 'NONE',  ( 12.49999999999999822, 23.00000000000004974, 4.999999999999997335 ) ) ;
#6942 = CARTESIAN_POINT ( 'NONE',  ( -35.15776259639427792, -1.072912428254559236, 3.612831141701692950 ) ) ;
#6943 = CARTESIAN_POINT ( 'NONE',  ( -8.100000000000013856, -24.41053361559589518, 5.000000000000000000 ) ) ;
#6944 = FACE_OUTER_BOUND ( 'NONE', #4449, .T. ) ;
#6945 = CIRCLE ( 'NONE', #4179, 1.749999999999999778 ) ;
#6946 = CIRCLE ( 'NONE', #2995, 13.28999999999999915 ) ;
#6947 = CARTESIAN_POINT ( 'NONE',  ( -41.25135416756737783, 0.9092667560487789347, 20.50103488273262897 ) ) ;
#6948 = EDGE_CURVE ( 'NONE', #7442, #7804, #5054, .T. ) ;
#6949 = ORIENTED_EDGE ( 'NONE', *, *, #7770, .T. ) ;
#6950 = CARTESIAN_POINT ( 'NONE',  ( 34.75127601573516500, 3.434857250069655699, 17.48604949594330904 ) ) ;
#6951 = PLANE ( 'NONE',  #7404 ) ;
#6952 = ORIENTED_EDGE ( 'NONE', *, *, #2586, .F. ) ;
#6953 = DIRECTION ( 'NONE',  ( 0.000000000000000000, 0.000000000000000000, -1.000000000000000000 ) ) ;
#6954 = DIRECTION ( 'NONE',  ( 0.000000000000000000, -1.000000000000000000, 0.000000000000000000 ) ) ;
#6955 = ORIENTED_EDGE ( 'NONE', *, *, #402, .F. ) ;
#6956 = VERTEX_POINT ( 'NONE', #4729 ) ;
#6957 = ORIENTED_EDGE ( 'NONE', *, *, #4304, .T. ) ;
#6958 = EDGE_CURVE ( 'NONE', #721, #5103, #3317, .T. ) ;
#6959 = VECTOR ( 'NONE', #604, 1000.000000000000000 ) ;
#6960 = VERTEX_POINT ( 'NONE', #3441 ) ;
#6961 = LINE ( 'NONE', #3076, #5153 ) ;
#6962 = CARTESIAN_POINT ( 'NONE',  ( 35.16604927559753691, 0.9895720072740104012, 1.374564500053125471 ) ) ;
#6963 = DIRECTION ( 'NONE',  ( 1.491166311727914324E-16, -1.000000000000000000, 0.000000000000000000 ) ) ;
#6964 = CARTESIAN_POINT ( 'NONE',  ( 37.89999999999999147, -1.734723475976807094E-15, 19.00000000000000000 ) ) ;
#6965 = ORIENTED_EDGE ( 'NONE', *, *, #3767, .F. ) ;
#6966 = CARTESIAN_POINT ( 'NONE',  ( 21.90999999999991132, 13.29999999999999893, 21.00000000000000000 ) ) ;
#6967 = VECTOR ( 'NONE', #5085, 1000.000000000000000 ) ;
#6968 = DIRECTION ( 'NONE',  ( 1.000000000000000000, -0.000000000000000000, -0.000000000000000000 ) ) ;
#6969 = FACE_OUTER_BOUND ( 'NONE', #680, .T. ) ;
#6970 = CARTESIAN_POINT ( 'NONE',  ( 37.89999999999999147, 6.938893903907228378E-15, 12.00000000000000000 ) ) ;
#6971 = ORIENTED_EDGE ( 'NONE', *, *, #7259, .T. ) ;
#6972 = FACE_OUTER_BOUND ( 'NONE', #3265, .T. ) ;
#6973 = DIRECTION ( 'NONE',  ( 1.000000000000000000, 0.000000000000000000, 0.000000000000000000 ) ) ;
#6974 = EDGE_CURVE ( 'NONE', #6300, #1085, #6620, .T. ) ;
#6975 = CARTESIAN_POINT ( 'NONE',  ( -42.49165207300774227, 7.095772612938247015, 13.74999999999999822 ) ) ;
#6976 = ORIENTED_EDGE ( 'NONE', *, *, #409, .T. ) ;
#6977 = AXIS2_PLACEMENT_3D ( 'NONE', #978, #7281, #800 ) ;
#6978 = EDGE_CURVE ( 'NONE', #4196, #5458, #2177, .T. ) ;
#6979 = FACE_OUTER_BOUND ( 'NONE', #74, .T. ) ;
#6980 = ORIENTED_EDGE ( 'NONE', *, *, #5125, .F. ) ;
#6981 = CARTESIAN_POINT ( 'NONE',  ( 14.84215040048091971, -26.31819101324957089, -0.8957465018123500489 ) ) ;
#6982 = CARTESIAN_POINT ( 'NONE',  ( -35.19850060656309410, -0.2386162571709077029, 6.737378718883737072 ) ) ;
#6983 = CARTESIAN_POINT ( 'NONE',  ( 30.99582909108850259, -9.712121023032965539, 9.399957375775613855 ) ) ;
#6984 = DIRECTION ( 'NONE',  ( 0.000000000000000000, 0.000000000000000000, 1.000000000000000000 ) ) ;
#6985 = VECTOR ( 'NONE', #4138, 1000.000000000000000 ) ;
#6986 = CARTESIAN_POINT ( 'NONE',  ( 13.40894241220452443, -25.41283789321709818, 5.136526129089248549 ) ) ;
#6987 = VERTEX_POINT ( 'NONE', #6583 ) ;
#6988 = AXIS2_PLACEMENT_3D ( 'NONE', #2093, #5110, #177 ) ;
#6989 = DIRECTION ( 'NONE',  ( -1.000000000000000000, -2.668805347656630623E-16, -0.000000000000000000 ) ) ;
#6990 = CARTESIAN_POINT ( 'NONE',  ( -34.75000000000001421, 13.49999999999998046, 24.00000000000000000 ) ) ;
#6991 = DIRECTION ( 'NONE',  ( 1.000000000000000000, -0.000000000000000000, -0.000000000000000000 ) ) ;
#6992 = CARTESIAN_POINT ( 'NONE',  ( -33.78032334736680298, 5.987550772037558033, 13.43181118849148348 ) ) ;
#6993 = CARTESIAN_POINT ( 'NONE',  ( -21.90999999999990067, -13.30000000000000071, 21.00000000000000000 ) ) ;
#6994 = ORIENTED_EDGE ( 'NONE', *, *, #7181, .F. ) ;
#6995 = AXIS2_PLACEMENT_3D ( 'NONE', #6008, #7882, #336 ) ;
#6996 = VERTEX_POINT ( 'NONE', #5311 ) ;
#6997 = ORIENTED_EDGE ( 'NONE', *, *, #6676, .F. ) ;
#6998 = VECTOR ( 'NONE', #3206, 1000.000000000000000 ) ;
#6999 = ORIENTED_EDGE ( 'NONE', *, *, #1608, .F. ) ;
#7000 = CARTESIAN_POINT ( 'NONE',  ( 34.96886854606704276, 2.483996336765233792, 7.819790172580272980 ) ) ;
#7001 = CARTESIAN_POINT ( 'NONE',  ( 20.21076683067359880, -21.99999999999999289, 24.00000000000000000 ) ) ;
#7002 = CARTESIAN_POINT ( 'NONE',  ( -51.10000000000000142, -43.10000000000001563, 10.50000000000000533 ) ) ;
#7003 = EDGE_CURVE ( 'NONE', #7723, #7986, #3510, .T. ) ;
#7004 = LINE ( 'NONE', #6966, #5211 ) ;
#7005 = B_SPLINE_CURVE_WITH_KNOTS ( 'NONE', 3,
 ( #1167, #3674, #3021, #480, #5463, #5551 ),
 .UNSPECIFIED., .F., .F.,
 ( 4, 2, 4 ),
 ( -1.174258289790465758E-05, 0.001505978628496092890, 0.003023699839890090120 ),
 .UNSPECIFIED. ) ;
#7006 = CARTESIAN_POINT ( 'NONE',  ( -21.90999999999999659, -0.01000000000000653144, 24.00000000000000000 ) ) ;
#7007 = CARTESIAN_POINT ( 'NONE',  ( -14.40894241220451910, -21.99999999999999289, 5.000000000000000888 ) ) ;
#7008 = DIRECTION ( 'NONE',  ( -1.000000000000000000, -7.228014483236695816E-17, 0.000000000000000000 ) ) ;
#7009 = VERTEX_POINT ( 'NONE', #7883 ) ;
#7010 = CARTESIAN_POINT ( 'NONE',  ( -43.64053783034417933, -1.443652732496361057, 6.011226659787533677 ) ) ;
#7011 = PLANE ( 'NONE',  #6657 ) ;
#7012 = EDGE_LOOP ( 'NONE', ( #1259, #36, #5181, #4570 ) ) ;
#7013 = EDGE_CURVE ( 'NONE', #2165, #5118, #7276, .T. ) ;
#7014 = CARTESIAN_POINT ( 'NONE',  ( -51.10000000000000853, -1.469693845669918453, 14.50000000000000178 ) ) ;
#7015 = AXIS2_PLACEMENT_3D ( 'NONE', #5347, #974, #3478 ) ;
#7016 = EDGE_LOOP ( 'NONE', ( #141, #1780, #6647, #2813, #3952, #7761 ) ) ;
#7017 = CARTESIAN_POINT ( 'NONE',  ( 13.40894241220452443, -25.41283789321709818, -1.392764127182514855 ) ) ;
#7018 = DIRECTION ( 'NONE',  ( 0.000000000000000000, 0.000000000000000000, 1.000000000000000000 ) ) ;
#7019 = CARTESIAN_POINT ( 'NONE',  ( 16.73954417552515039, -20.99999999999998934, 0.000000000000000000 ) ) ;
#7020 = ADVANCED_FACE ( 'NONE', ( #406 ), #1551, .T. ) ;
#7021 = CARTESIAN_POINT ( 'NONE',  ( -41.74160558874599758, 1.507730580063645576, 19.91797700046127062 ) ) ;
#7022 = VERTEX_POINT ( 'NONE', #7810 ) ;
#7023 = DIRECTION ( 'NONE',  ( 1.000000000000000000, -0.000000000000000000, -0.000000000000000000 ) ) ;
#7024 = CARTESIAN_POINT ( 'NONE',  ( -42.27752184118784839, 1.732976475426432073, 4.679120731432684366 ) ) ;
#7025 = ADVANCED_FACE ( 'NONE', ( #1669 ), #6010, .F. ) ;
#7026 = VERTEX_POINT ( 'NONE', #2326 ) ;
#7027 = CARTESIAN_POINT ( 'NONE',  ( 33.21327386202776921, 7.000000000000001776, 8.250000000000000000 ) ) ;
#7028 = CARTESIAN_POINT ( 'NONE',  ( -34.09511176779870567, 5.315463762869308439, 12.48968737185070843 ) ) ;
#7029 = CARTESIAN_POINT ( 'NONE',  ( 15.18125807830967311, -20.99999999999998934, -0.06367671942972419341 ) ) ;
#7030 = ORIENTED_EDGE ( 'NONE', *, *, #5367, .T. ) ;
#7031 = ORIENTED_EDGE ( 'NONE', *, *, #3944, .F. ) ;
#7032 = DIRECTION ( 'NONE',  ( -1.000000000000000000, -7.228014483236695816E-17, 0.000000000000000000 ) ) ;
#7033 = ORIENTED_EDGE ( 'NONE', *, *, #4400, .F. ) ;
#7034 = CARTESIAN_POINT ( 'NONE',  ( 34.69758470286595298, 3.629980641251425055, 4.027409521678268156 ) ) ;
#7035 = DIRECTION ( 'NONE',  ( 1.000000000000000000, -0.000000000000000000, -0.000000000000000000 ) ) ;
#7036 = DIRECTION ( 'NONE',  ( 0.000000000000000000, 0.000000000000000000, -1.000000000000000000 ) ) ;
#7037 = ORIENTED_EDGE ( 'NONE', *, *, #6438, .T. ) ;
#7038 = CARTESIAN_POINT ( 'NONE',  ( 8.171067811865464492, -30.37354648979129479, 17.99999999999999645 ) ) ;
#7039 = EDGE_CURVE ( 'NONE', #3120, #2616, #5179, .T. ) ;
#7040 = ORIENTED_EDGE ( 'NONE', *, *, #6974, .F. ) ;
#7041 = CARTESIAN_POINT ( 'NONE',  ( 16.83804627249358177, -28.62467866323906662, 5.000000000000000000 ) ) ;
#7042 = AXIS2_PLACEMENT_3D ( 'NONE', #841, #767, #3350 ) ;
#7043 = CARTESIAN_POINT ( 'NONE',  ( -46.10000000000001563, 4.622445746416927292, 13.63159531525897705 ) ) ;
#7044 = ORIENTED_EDGE ( 'NONE', *, *, #2834, .T. ) ;
#7045 = SURFACE_SIDE_STYLE ('',( #4464 ) ) ;
#7046 = CARTESIAN_POINT ( 'NONE',  ( 10.90180841670002287, -34.08819856468883103, -5.500000000000001776 ) ) ;
#7047 = CYLINDRICAL_SURFACE ( 'NONE', #6143, 1.750000000000005107 ) ;
#7048 = ORIENTED_EDGE ( 'NONE', *, *, #2938, .T. ) ;
#7049 = CIRCLE ( 'NONE', #3515, 2.000000000000004441 ) ;
#7050 = CIRCLE ( 'NONE', #657, 1.000000000000000888 ) ;
#7051 = DIRECTION ( 'NONE',  ( 0.000000000000000000, -1.000000000000000000, 0.000000000000000000 ) ) ;
#7052 = ORIENTED_EDGE ( 'NONE', *, *, #5008, .T. ) ;
#7053 = EDGE_CURVE ( 'NONE', #4658, #2165, #873, .T. ) ;
#7054 = CARTESIAN_POINT ( 'NONE',  ( 17.83740141234183696, -24.55627865333138615, 3.049318610115479988E-17 ) ) ;
#7055 = LINE ( 'NONE', #4164, #3446 ) ;
#7056 = CARTESIAN_POINT ( 'NONE',  ( 15.17106781186546627, 18.00000000000000711, 18.00000000000000355 ) ) ;
#7057 = VECTOR ( 'NONE', #7960, 1000.000000000000000 ) ;
#7058 = CARTESIAN_POINT ( 'NONE',  ( 30.34517282324136644, 10.28144168762218058, 13.83300876020885006 ) ) ;
#7059 = EDGE_LOOP ( 'NONE', ( #1508, #7987, #6980, #8045 ) ) ;
#7060 = CARTESIAN_POINT ( 'NONE',  ( 13.42043816795585975, -25.58774608717194354, 5.152765897524475669 ) ) ;
#7061 = AXIS2_PLACEMENT_3D ( 'NONE', #1183, #1090, #2469 ) ;
#7062 = ADVANCED_FACE ( 'NONE', ( #5553 ), #4977, .F. ) ;
#7063 = EDGE_CURVE ( 'NONE', #707, #3487, #3676, .T. ) ;
#7064 = CARTESIAN_POINT ( 'NONE',  ( 3.918869757271530263E-15, -32.00000000000000000, 0.000000000000000000 ) ) ;
#7065 = FACE_OUTER_BOUND ( 'NONE', #811, .T. ) ;
#7066 = VECTOR ( 'NONE', #6697, 1000.000000000000000 ) ;
#7067 = LINE ( 'NONE', #281, #1665 ) ;
#7068 = EDGE_LOOP ( 'NONE', ( #2568, #5004, #4318, #1810, #3953 ) ) ;
#7069 = EDGE_LOOP ( 'NONE', ( #7686, #7365, #5858, #3185, #4703, #5851, #1552, #3451, #7165, #2632 ) ) ;
#7070 = CARTESIAN_POINT ( 'NONE',  ( 13.40894241220452265, -21.86690553533090764, -0.5334199395958214573 ) ) ;
#7071 = DIRECTION ( 'NONE',  ( 0.8619342151577693567, 0.5070201265633940135, 0.000000000000000000 ) ) ;
#7072 = DIRECTION ( 'NONE',  ( -1.000000000000000000, 0.000000000000000000, 0.000000000000000000 ) ) ;
#7073 = ORIENTED_EDGE ( 'NONE', *, *, #6713, .T. ) ;
#7074 = EDGE_CURVE ( 'NONE', #5574, #639, #6169, .T. ) ;
#7075 = ORIENTED_EDGE ( 'NONE', *, *, #2888, .F. ) ;
#7076 = EDGE_CURVE ( 'NONE', #1187, #5111, #4840, .T. ) ;
#7077 = CARTESIAN_POINT ( 'NONE',  ( -39.89999999999999858, -10.92893218813452449, 0.000000000000000000 ) ) ;
#7078 = VERTEX_POINT ( 'NONE', #4230 ) ;
#7079 = CARTESIAN_POINT ( 'NONE',  ( 14.16948823533333091, -30.19441868509804294, -1.794580733343249745 ) ) ;
#7080 = DIRECTION ( 'NONE',  ( 1.000000000000000000, 0.000000000000000000, -2.168404344971006896E-16 ) ) ;
#7081 = TOROIDAL_SURFACE ( 'NONE', #7609, 20.03028554974586939, 10.00000000000000000 ) ;
#7082 = DIRECTION ( 'NONE',  ( -0.000000000000000000, -0.000000000000000000, -1.000000000000000000 ) ) ;
#7083 = ORIENTED_EDGE ( 'NONE', *, *, #7515, .T. ) ;
#7084 = FACE_OUTER_BOUND ( 'NONE', #5428, .T. ) ;
#7085 = AXIS2_PLACEMENT_3D ( 'NONE', #1202, #563, #6117 ) ;
#7086 = DIRECTION ( 'NONE',  ( -1.387778780781445676E-16, -1.379605977354753764E-32, -1.000000000000000000 ) ) ;
#7087 = LINE ( 'NONE', #2100, #6408 ) ;
#7088 = VERTEX_POINT ( 'NONE', #5597 ) ;
#7089 = FILL_AREA_STYLE ('',( #4504 ) ) ;
#7090 = FACE_OUTER_BOUND ( 'NONE', #2376, .T. ) ;
#7091 = CYLINDRICAL_SURFACE ( 'NONE', #7453, 1.750000000000005107 ) ;
#7092 = VERTEX_POINT ( 'NONE', #7483 ) ;
#7093 = CIRCLE ( 'NONE', #6310, 5.000000000000000888 ) ;
#7094 = CARTESIAN_POINT ( 'NONE',  ( -51.25840710254077948, -1.486668787830261795, 14.49015854151143579 ) ) ;
#7095 = EDGE_LOOP ( 'NONE', ( #1117, #3138, #6839, #4697 ) ) ;
#7096 = EDGE_CURVE ( 'NONE', #5807, #3833, #6810, .T. ) ;
#7097 = DIRECTION ( 'NONE',  ( -0.000000000000000000, 0.000000000000000000, -1.000000000000000000 ) ) ;
#7098 = LINE ( 'NONE', #3939, #5001 ) ;
#7099 = DIRECTION ( 'NONE',  ( 1.000000000000000000, 9.941108744852765039E-17, 0.000000000000000000 ) ) ;
#7100 = CARTESIAN_POINT ( 'NONE',  ( -35.19999999999998863, -0.2406252227892319295, 17.25134645159433333 ) ) ;
#7101 = CARTESIAN_POINT ( 'NONE',  ( 29.73798853134111653, 10.74995789369141264, 11.85377025553517072 ) ) ;
#7102 = CARTESIAN_POINT ( 'NONE',  ( -31.98212766968089937, -8.680504912630830461, 12.50414912207792106 ) ) ;
#7103 = EDGE_CURVE ( 'NONE', #7022, #1821, #5573, .T. ) ;
#7104 = VECTOR ( 'NONE', #4545, 1000.000000000000000 ) ;
#7105 = CARTESIAN_POINT ( 'NONE',  ( -10.90000000000001457, -12.00000000000000355, 0.000000000000000000 ) ) ;
#7106 = LINE ( 'NONE', #6448, #468 ) ;
#7107 = CARTESIAN_POINT ( 'NONE',  ( -41.29879355845346112, 1.024743324169671066, 3.557238097201046223 ) ) ;
#7108 = ORIENTED_EDGE ( 'NONE', *, *, #3263, .F. ) ;
#7109 = ORIENTED_EDGE ( 'NONE', *, *, #6948, .T. ) ;
#7110 = CARTESIAN_POINT ( 'NONE',  ( -20.71778695723699926, -22.86193421515775981, 19.50000000000000000 ) ) ;
#7111 = CARTESIAN_POINT ( 'NONE',  ( -13.40894241220452088, -23.14669259818053959, -0.8011628868911787604 ) ) ;
#7112 = CARTESIAN_POINT ( 'NONE',  ( -52.10000000000000853, 4.664761515876231890, 13.50000000000000533 ) ) ;
#7113 = ORIENTED_EDGE ( 'NONE', *, *, #6978, .F. ) ;
#7114 = AXIS2_PLACEMENT_3D ( 'NONE', #2636, #3251, #4495 ) ;
#7115 = VERTEX_POINT ( 'NONE', #6738 ) ;
#7116 = DIRECTION ( 'NONE',  ( 1.387778780781445676E-16, 1.379605977354753491E-32, 1.000000000000000000 ) ) ;
#7117 = ORIENTED_EDGE ( 'NONE', *, *, #879, .F. ) ;
#7118 = DIRECTION ( 'NONE',  ( 0.000000000000000000, 0.000000000000000000, -1.000000000000000000 ) ) ;
#7119 = AXIS2_PLACEMENT_3D ( 'NONE', #7534, #175, #5811 ) ;
#7120 = CARTESIAN_POINT ( 'NONE',  ( 35.20000000000000995, -0.009999999999910146736, 15.25001333335703535 ) ) ;
#7121 = EDGE_CURVE ( 'NONE', #4329, #5703, #6363, .T. ) ;
#7122 = DIRECTION ( 'NONE',  ( 9.941108744852765039E-17, -1.000000000000000000, -1.215432671457254510E-63 ) ) ;
#7123 = ORIENTED_EDGE ( 'NONE', *, *, #6912, .T. ) ;
#7124 = CARTESIAN_POINT ( 'NONE',  ( -32.99999999999998579, -13.50000000000002665, 24.00000000000000000 ) ) ;
#7125 = CARTESIAN_POINT ( 'NONE',  ( -35.19999999999999574, 0.009999999999899849418, 0.000000000000000000 ) ) ;
#7126 = DIRECTION ( 'NONE',  ( 1.000000000000000000, 9.941108744852765039E-17, 0.000000000000000000 ) ) ;
#7127 = ORIENTED_EDGE ( 'NONE', *, *, #3767, .T. ) ;
#7128 =( LENGTH_UNIT ( ) NAMED_UNIT ( * ) SI_UNIT ( .MILLI., .METRE. ) );
#7129 = CARTESIAN_POINT ( 'NONE',  ( -46.10000000000000142, -43.10000000000001563, 14.50000000000000355 ) ) ;
#7130 = ORIENTED_EDGE ( 'NONE', *, *, #1407, .F. ) ;
#7131 = DIRECTION ( 'NONE',  ( -1.000000000000000000, 0.000000000000000000, 0.000000000000000000 ) ) ;
#7132 = EDGE_LOOP ( 'NONE', ( #3202, #3987 ) ) ;
#7133 = CARTESIAN_POINT ( 'NONE',  ( -51.46867534151110846, -1.580543532281681651, 9.568017918702002689 ) ) ;
#7134 = CARTESIAN_POINT ( 'NONE',  ( 37.89999999999999147, -1.734723475976807094E-15, 19.00000000000000000 ) ) ;
#7135 = CARTESIAN_POINT ( 'NONE',  ( 32.90928620293071560, -7.491567347847035485, 15.75000000000000355 ) ) ;
#7136 = CARTESIAN_POINT ( 'NONE',  ( 39.89999999999999147, 7.257302071685540394E-15, 14.59999999999999964 ) ) ;
#7137 = CARTESIAN_POINT ( 'NONE',  ( -44.52514995118411179, 5.268545964545158000, 12.28882142325650584 ) ) ;
#7138 = ORIENTED_EDGE ( 'NONE', *, *, #2968, .F. ) ;
#7139 = LINE ( 'NONE', #2237, #5096 ) ;
#7140 = CIRCLE ( 'NONE', #7015, 4.900000000000002132 ) ;
#7141 = FACE_OUTER_BOUND ( 'NONE', #304, .T. ) ;
#7142 = DIRECTION ( 'NONE',  ( 0.000000000000000000, 0.000000000000000000, -1.000000000000000000 ) ) ;
#7143 = CARTESIAN_POINT ( 'NONE',  ( 34.04094521320077149, 5.443548857559640908, 15.41986612129443657 ) ) ;
#7144 = DIRECTION ( 'NONE',  ( -1.000000000000000000, -2.668805347656626678E-16, 0.000000000000000000 ) ) ;
#7145 = CARTESIAN_POINT ( 'NONE',  ( -35.17793599857752440, 0.7827257084424416034, 17.43063721739969907 ) ) ;
#7146 = AXIS2_PLACEMENT_3D ( 'NONE', #2132, #4647, #7154 ) ;
#7147 = CARTESIAN_POINT ( 'NONE',  ( -51.23831963447498339, 4.214261501141086441, 14.49999999999999822 ) ) ;
#7148 = ORIENTED_EDGE ( 'NONE', *, *, #5409, .F. ) ;
#7149 = ORIENTED_EDGE ( 'NONE', *, *, #6331, .T. ) ;
#7150 = ORIENTED_EDGE ( 'NONE', *, *, #2119, .F. ) ;
#7151 = EDGE_CURVE ( 'NONE', #6956, #6358, #4930, .T. ) ;
#7152 = ORIENTED_EDGE ( 'NONE', *, *, #1981, .T. ) ;
#7153 = VERTEX_POINT ( 'NONE', #1258 ) ;
#7154 = DIRECTION ( 'NONE',  ( 0.000000000000000000, 0.000000000000000000, -1.000000000000000000 ) ) ;
#7155 = CARTESIAN_POINT ( 'NONE',  ( 33.47896429189268730, -6.555791582127637795, 15.73048095705760474 ) ) ;
#7156 = CARTESIAN_POINT ( 'NONE',  ( 34.68506607467736558, -3.673683617210719898, 19.77103233538537097 ) ) ;
#7157 = DIRECTION ( 'NONE',  ( 0.000000000000000000, 0.000000000000000000, -1.000000000000000000 ) ) ;
#7158 = VERTEX_POINT ( 'NONE', #6828 ) ;
#7159 = DIRECTION ( 'NONE',  ( 0.000000000000000000, 0.000000000000000000, -1.000000000000000000 ) ) ;
#7160 = VECTOR ( 'NONE', #7593, 1000.000000000000000 ) ;
#7161 = ADVANCED_FACE ( 'NONE', ( #1213 ), #6257, .F. ) ;
#7162 = ADVANCED_FACE ( 'NONE', ( #1791 ), #2541, .F. ) ;
#7163 = DIRECTION ( 'NONE',  ( 0.000000000000000000, 1.000000000000000000, 0.000000000000000000 ) ) ;
#7164 = EDGE_CURVE ( 'NONE', #1341, #6856, #5841, .T. ) ;
#7165 = ORIENTED_EDGE ( 'NONE', *, *, #7562, .F. ) ;
#7166 = DIRECTION ( 'NONE',  ( -1.000000000000000000, -9.941108744852766272E-17, -0.000000000000000000 ) ) ;
#7167 = ORIENTED_EDGE ( 'NONE', *, *, #2321, .T. ) ;
#7168 = CARTESIAN_POINT ( 'NONE',  ( -8.100000000000001421, -24.41053361559590584, -5.500000000000001776 ) ) ;
#7169 = LINE ( 'NONE', #344, #7187 ) ;
#7170 = ORIENTED_EDGE ( 'NONE', *, *, #2609, .F. ) ;
#7171 = CARTESIAN_POINT ( 'NONE',  ( -33.78279781517150582, -5.982622559775618853, 13.42828171273577631 ) ) ;
#7172 = ORIENTED_EDGE ( 'NONE', *, *, #3413, .F. ) ;
#7173 = EDGE_CURVE ( 'NONE', #5134, #5500, #5465, .T. ) ;
#7174 = ADVANCED_FACE ( 'NONE', ( #2372 ), #6125, .F. ) ;
#7175 = VERTEX_POINT ( 'NONE', #8008 ) ;
#7176 = CIRCLE ( 'NONE', #5333, 0.9999999999999991118 ) ;
#7177 = ADVANCED_FACE ( 'NONE', ( #4889 ), #6909, .F. ) ;
#7178 = DIRECTION ( 'NONE',  ( -1.000000000000000000, 0.000000000000000000, 0.000000000000000000 ) ) ;
#7179 = CARTESIAN_POINT ( 'NONE',  ( -13.27743229591008856, -30.71915747299403776, -2.568471007018297669 ) ) ;
#7180 = ADVANCED_FACE ( 'NONE', ( #7641 ), #5100, .T. ) ;
#7181 = EDGE_CURVE ( 'NONE', #6956, #2779, #5842, .T. ) ;
#7182 = CARTESIAN_POINT ( 'NONE',  ( 14.91596253876791955, -26.27477210837486510, -0.8582941469662177525 ) ) ;
#7183 = CARTESIAN_POINT ( 'NONE',  ( -35.08709523028640120, 1.738803474709464281, 5.228217031147466720 ) ) ;
#7184 = CARTESIAN_POINT ( 'NONE',  ( 30.99672533432724819, 9.711230048604916121, 14.60080130901117457 ) ) ;
#7185 = CARTESIAN_POINT ( 'NONE',  ( -32.26599651392576362, -8.339785009413342109, 13.13177792474565031 ) ) ;
#7186 = AXIS2_PLACEMENT_3D ( 'NONE', #3925, #1553, #6426 ) ;
#7187 = VECTOR ( 'NONE', #5194, 1000.000000000000114 ) ;
#7188 = EDGE_CURVE ( 'NONE', #6459, #4250, #125, .T. ) ;
#7189 = CIRCLE ( 'NONE', #5621, 2.000000000000001776 ) ;
#7190 = CARTESIAN_POINT ( 'NONE',  ( -11.63587327572675534, -32.27452476147160354, -4.559643324240547635 ) ) ;
#7191 = CARTESIAN_POINT ( 'NONE',  ( -42.12807265196536122, 7.484882870899128626, 10.31539373881867228 ) ) ;
#7192 = CARTESIAN_POINT ( 'NONE',  ( 11.05162610024821390, -33.46676731471451660, 9.230998899559295978 ) ) ;
#7193 = ORIENTED_EDGE ( 'NONE', *, *, #365, .T. ) ;
#7194 = CARTESIAN_POINT ( 'NONE',  ( 13.27743229591008678, -30.71915747299406618, 19.50000000000000000 ) ) ;
#7195 = CIRCLE ( 'NONE', #5091, 1.000000000000000888 ) ;
#7196 = CARTESIAN_POINT ( 'NONE',  ( 8.100000000000020961, -21.44602359663744906, -2.588619980809895527 ) ) ;
#7197 = FACE_OUTER_BOUND ( 'NONE', #7971, .T. ) ;
#7198 = AXIS2_PLACEMENT_3D ( 'NONE', #422, #6597, #5366 ) ;
#7199 = VERTEX_POINT ( 'NONE', #7605 ) ;
#7200 = FACE_OUTER_BOUND ( 'NONE', #3707, .T. ) ;
#7201 = CARTESIAN_POINT ( 'NONE',  ( -34.89999999999999858, -18.00000000000000355, 19.50000000000000000 ) ) ;
#7202 = CARTESIAN_POINT ( 'NONE',  ( 20.71778695723699215, -22.86193421515775981, 19.50000000000000000 ) ) ;
#7203 = EDGE_CURVE ( 'NONE', #934, #6048, #7542, .T. ) ;
#7204 = CARTESIAN_POINT ( 'NONE',  ( -14.91596253876791422, -26.27477210837486865, 19.50000000000000000 ) ) ;
#7205 = CARTESIAN_POINT ( 'NONE',  ( -52.10000000000000853, 4.664761515876234554, 10.50000000000000533 ) ) ;
#7206 = VECTOR ( 'NONE', #1897, 1000.000000000000000 ) ;
#7207 =( BOUNDED_CURVE ( )  B_SPLINE_CURVE ( 3, ( #6718, #1097, #498, #7371 ),
 .UNSPECIFIED., .F., .F. ) 
 B_SPLINE_CURVE_WITH_KNOTS ( ( 4, 4 ),
 ( 1.143717740402430350, 1.570796326794896558 ),
 .UNSPECIFIED. ) 
 CURVE ( )  GEOMETRIC_REPRESENTATION_ITEM ( )  RATIONAL_B_SPLINE_CURVE ( ( 1.000000000000000000, 0.9848579932443009000, 0.9848579932443009000, 1.000000000000000000 ) ) 
 REPRESENTATION_ITEM ( '' )  );
#7208 = DIRECTION ( 'NONE',  ( 1.000000000000000000, 2.668805347656626678E-16, -0.000000000000000000 ) ) ;
#7209 = CYLINDRICAL_SURFACE ( 'NONE', #6209, 1.000000000000000888 ) ;
#7210 = ORIENTED_EDGE ( 'NONE', *, *, #4994, .T. ) ;
#7211 = CARTESIAN_POINT ( 'NONE',  ( 37.89999999999999147, -6.098637220230962441E-16, 3.250000000000000444 ) ) ;
#7212 = CARTESIAN_POINT ( 'NONE',  ( -46.42736247689776263, -4.356907988911634000, 9.757227613526474386 ) ) ;
#7213 = ORIENTED_EDGE ( 'NONE', *, *, #331, .F. ) ;
#7214 = LINE ( 'NONE', #7695, #3662 ) ;
#7215 = ORIENTED_EDGE ( 'NONE', *, *, #7618, .F. ) ;
#7216 = CARTESIAN_POINT ( 'NONE',  ( 11.09999999999999787, -32.00000000000000000, 19.50000000000000000 ) ) ;
#7217 = LINE ( 'NONE', #1568, #3349 ) ;
#7218 = CARTESIAN_POINT ( 'NONE',  ( -35.19999999999999574, 0.009999999999899849418, 21.00000000000000000 ) ) ;
#7219 = EDGE_CURVE ( 'NONE', #962, #3150, #3489, .T. ) ;
#7220 = CARTESIAN_POINT ( 'NONE',  ( -35.19999999999998863, 0.2406252227891338413, 6.748653548405681768 ) ) ;
#7221 = CARTESIAN_POINT ( 'NONE',  ( -44.37547906978767998, 5.382697706120771031, 12.67999478491376841 ) ) ;
#7222 = CARTESIAN_POINT ( 'NONE',  ( -42.39685456294865418, -7.193487649692660746, 10.24999999999823252 ) ) ;
#7223 = EDGE_CURVE ( 'NONE', #2006, #1160, #6028, .T. ) ;
#7224 = ORIENTED_EDGE ( 'NONE', *, *, #5591, .F. ) ;
#7225 = CARTESIAN_POINT ( 'NONE',  ( 35.20000000000000995, 0.009999999999907263626, 21.00000000000000000 ) ) ;
#7226 = CARTESIAN_POINT ( 'NONE',  ( -41.62874733495497281, 8.050108350943331104, 10.59550340281578684 ) ) ;
#7227 = DIRECTION ( 'NONE',  ( 0.000000000000000000, 0.000000000000000000, -1.000000000000000000 ) ) ;
#7228 = CARTESIAN_POINT ( 'NONE',  ( 8.500000000000001776, 18.00000000000000355, 10.82842712474618629 ) ) ;
#7229 = CARTESIAN_POINT ( 'NONE',  ( -35.19382164771546684, 0.4669092279707486859, 20.70200327846743349 ) ) ;
#7230 = CARTESIAN_POINT ( 'NONE',  ( 23.32842712474617741, 20.00000000000000355, 21.00000000000000000 ) ) ;
#7231 = ADVANCED_FACE ( 'NONE', ( #5140 ), #734, .F. ) ;
#7232 = ORIENTED_EDGE ( 'NONE', *, *, #6958, .F. ) ;
#7233 = B_SPLINE_CURVE_WITH_KNOTS ( 'NONE', 3,
 ( #5860, #2223, #1599, #4699, #3973, #7212, #4095, #6591, #5822, #1437, #5791, #3932 ),
 .UNSPECIFIED., .F., .F.,
 ( 4, 2, 2, 2, 2, 4 ),
 ( 1.734723475976807094E-18, 0.0004085864697054258747, 0.0008171729394108500147, 0.001021466174263562085, 0.001225759409116274155, 0.001634345878821698945 ),
 .UNSPECIFIED. ) ;
#7234 = CARTESIAN_POINT ( 'NONE',  ( -46.10000000000000853, 4.214261501141070454, 13.50000000000000533 ) ) ;
#7235 = CARTESIAN_POINT ( 'NONE',  ( -11.67157287525389009, 26.00000000000000355, 2.000000000000001332 ) ) ;
#7236 = CARTESIAN_POINT ( 'NONE',  ( 35.08339411967019572, -1.772502676396211285, 15.69121425924193503 ) ) ;
#7237 = DIRECTION ( 'NONE',  ( 1.000000000000000000, 0.000000000000000000, 0.000000000000000000 ) ) ;
#7238 = CARTESIAN_POINT ( 'NONE',  ( -31.93494420566419478, 8.735017963545779196, 11.73892775246186737 ) ) ;
#7239 = ORIENTED_EDGE ( 'NONE', *, *, #2159, .F. ) ;
#7240 = VECTOR ( 'NONE', #7573, 1000.000000000000000 ) ;
#7241 = DIRECTION ( 'NONE',  ( 1.000000000000000000, -0.000000000000000000, -0.000000000000000000 ) ) ;
#7242 = CARTESIAN_POINT ( 'NONE',  ( -32.82893218813453728, 22.00000000000000000, 16.00000000000000000 ) ) ;
#7243 = DIRECTION ( 'NONE',  ( -0.000000000000000000, -0.000000000000000000, 1.000000000000000000 ) ) ;
#7244 = EDGE_LOOP ( 'NONE', ( #6761, #826, #6189, #7224 ) ) ;
#7245 = DIRECTION ( 'NONE',  ( 1.000000000000000000, -0.000000000000000000, -0.000000000000000000 ) ) ;
#7246 = CARTESIAN_POINT ( 'NONE',  ( -7.099999999999996980, -17.99999999999999645, 12.00000000000000000 ) ) ;
#7247 = EDGE_LOOP ( 'NONE', ( #5813, #247, #3727, #253 ) ) ;
#7248 = CARTESIAN_POINT ( 'NONE',  ( -52.07459632688392048, 4.575523904607448955, 10.24183103899411762 ) ) ;
#7249 = VECTOR ( 'NONE', #4984, 1000.000000000000000 ) ;
#7250 = AXIS2_PLACEMENT_3D ( 'NONE', #6386, #1306, #7080 ) ;
#7251 = ORIENTED_EDGE ( 'NONE', *, *, #7915, .T. ) ;
#7252 = CARTESIAN_POINT ( 'NONE',  ( -51.18007084406624330, -1.469693845673799570, 9.499999999999888090 ) ) ;
#7253 = CARTESIAN_POINT ( 'NONE',  ( 9.750000000000000000, 24.00000000000000000, 4.999999999999997335 ) ) ;
#7254 = CARTESIAN_POINT ( 'NONE',  ( 9.500000000000008882, 20.00000000000000000, 8.000000000000010658 ) ) ;
#7255 = DIRECTION ( 'NONE',  ( -1.000000000000000000, 0.000000000000000000, 0.000000000000000000 ) ) ;
#7256 = CARTESIAN_POINT ( 'NONE',  ( -9.410179721124459107, 18.58578643762691485, 9.414213562373086930 ) ) ;
#7257 = B_SPLINE_CURVE_WITH_KNOTS ( 'NONE', 3,
 ( #4558, #6487, #7190, #5450, #431, #4676, #1034, #1576, #3536, #7872 ),
 .UNSPECIFIED., .F., .F.,
 ( 4, 2, 2, 2, 4 ),
 ( 0.002573023747779931095, 0.003235243538963635066, 0.003897463330147338603, 0.004559683121331042574, 0.005221902912514746545 ),
 .UNSPECIFIED. ) ;
#7258 = CIRCLE ( 'NONE', #3734, 6.099999999999999645 ) ;
#7259 = EDGE_CURVE ( 'NONE', #550, #2250, #1784, .T. ) ;
#7260 = ORIENTED_EDGE ( 'NONE', *, *, #3418, .F. ) ;
#7261 = FACE_OUTER_BOUND ( 'NONE', #2437, .T. ) ;
#7262 = DIRECTION ( 'NONE',  ( 9.941108744852766272E-17, -1.000000000000000000, 0.000000000000000000 ) ) ;
#7263 = CARTESIAN_POINT ( 'NONE',  ( -61.10000000000000142, -4.214261501141107757, 14.50000000000000178 ) ) ;
#7264 = ADVANCED_FACE ( 'NONE', ( #5023 ), #1380, .F. ) ;
#7265 = ORIENTED_EDGE ( 'NONE', *, *, #3519, .T. ) ;
#7266 = VERTEX_POINT ( 'NONE', #6993 ) ;
#7267 = CARTESIAN_POINT ( 'NONE',  ( 9.303163945437677995, 18.39584595372113895, 9.626314685301595730 ) ) ;
#7268 = CARTESIAN_POINT ( 'NONE',  ( -35.12783511428881411, 1.394533561296510182, 20.06332889665184993 ) ) ;
#7269 = EDGE_CURVE ( 'NONE', #8090, #1839, #5645, .T. ) ;
#7270 = ADVANCED_FACE ( 'NONE', ( #245 ), #810, .F. ) ;
#7271 = DIRECTION ( 'NONE',  ( 1.000000000000000000, -2.312964634635741478E-16, -1.156482317317870739E-16 ) ) ;
#7272 = AXIS2_PLACEMENT_3D ( 'NONE', #6493, #5922, #3991 ) ;
#7273 = VERTEX_POINT ( 'NONE', #1336 ) ;
#7274 = CARTESIAN_POINT ( 'NONE',  ( -32.99999999999998579, -13.50000000000002665, 0.000000000000000000 ) ) ;
#7275 = CARTESIAN_POINT ( 'NONE',  ( 8.100000000000019185, -21.60891277594943460, 5.933996712684392882 ) ) ;
#7276 = LINE ( 'NONE', #5930, #1523 ) ;
#7277 = CARTESIAN_POINT ( 'NONE',  ( -32.10432519724373890, 8.536684220114393540, 11.15383165097605556 ) ) ;
#7278 = AXIS2_PLACEMENT_3D ( 'NONE', #2498, #6823, #768 ) ;
#7279 = DIRECTION ( 'NONE',  ( -0.000000000000000000, -0.000000000000000000, -1.000000000000000000 ) ) ;
#7280 = CARTESIAN_POINT ( 'NONE',  ( 1.391206088421927988E-14, -20.99999999999998224, 5.000000000000000000 ) ) ;
#7281 = DIRECTION ( 'NONE',  ( 1.000000000000000000, 0.000000000000000000, 0.000000000000000000 ) ) ;
#7282 = LINE ( 'NONE', #4092, #5816 ) ;
#7283 = ORIENTED_EDGE ( 'NONE', *, *, #4844, .T. ) ;
#7284 = FACE_OUTER_BOUND ( 'NONE', #6651, .T. ) ;
#7285 = CARTESIAN_POINT ( 'NONE',  ( 11.67157287525389187, 26.00000000000000355, 1.999999999999997780 ) ) ;
#7286 = ORIENTED_EDGE ( 'NONE', *, *, #6328, .F. ) ;
#7287 = EDGE_CURVE ( 'NONE', #3426, #7758, #3836, .T. ) ;
#7288 = CARTESIAN_POINT ( 'NONE',  ( -51.97774947983324978, 4.476878839404368371, 10.00397070302760838 ) ) ;
#7289 = FACE_OUTER_BOUND ( 'NONE', #6605, .T. ) ;
#7290 = DIRECTION ( 'NONE',  ( 1.000000000000000000, -3.958748233630339028E-17, -0.000000000000000000 ) ) ;
#7291 = DIRECTION ( 'NONE',  ( -0.000000000000000000, -0.000000000000000000, 1.000000000000000000 ) ) ;
#7292 = CARTESIAN_POINT ( 'NONE',  ( 30.82525607917798993, 9.868426665083145366, 9.572849605361605896 ) ) ;
#7293 = CARTESIAN_POINT ( 'NONE',  ( -43.29280655799962574, 6.305062621769025100, 10.39069861729527133 ) ) ;
#7294 = ORIENTED_EDGE ( 'NONE', *, *, #1466, .T. ) ;
#7295 = EDGE_CURVE ( 'NONE', #6783, #6004, #5967, .T. ) ;
#7296 = ORIENTED_EDGE ( 'NONE', *, *, #5827, .T. ) ;
#7297 = CARTESIAN_POINT ( 'NONE',  ( 34.67011016244646981, -3.725671849928252399, 4.507312170013630492 ) ) ;
#7298 = FACE_OUTER_BOUND ( 'NONE', #5523, .T. ) ;
#7299 = CARTESIAN_POINT ( 'NONE',  ( -46.12573708904827186, 4.575152156148704741, 10.24091504055787283 ) ) ;
#7300 = ORIENTED_EDGE ( 'NONE', *, *, #5094, .T. ) ;
#7301 = ORIENTED_EDGE ( 'NONE', *, *, #511, .T. ) ;
#7302 = FACE_OUTER_BOUND ( 'NONE', #2423, .T. ) ;
#7303 = CARTESIAN_POINT ( 'NONE',  ( -44.14914676998965604, -5.561573633180171505, 13.00326824336526954 ) ) ;
#7304 = EDGE_CURVE ( 'NONE', #1588, #2330, #6234, .T. ) ;
#7305 = AXIS2_PLACEMENT_3D ( 'NONE', #3766, #6309, #179 ) ;
#7306 = ORIENTED_EDGE ( 'NONE', *, *, #6871, .T. ) ;
#7307 = VECTOR ( 'NONE', #3469, 1000.000000000000000 ) ;
#7308 = CARTESIAN_POINT ( 'NONE',  ( 20.21076683067359880, -21.99999999999999289, 5.000000000000000888 ) ) ;
#7309 = LINE ( 'NONE', #1120, #4447 ) ;
#7310 = DIRECTION ( 'NONE',  ( -1.000000000000000000, -8.462065736472231082E-17, 0.000000000000000000 ) ) ;
#7311 = EDGE_CURVE ( 'NONE', #6834, #885, #363, .T. ) ;
#7312 = VECTOR ( 'NONE', #4580, 1000.000000000000000 ) ;
#7313 = CARTESIAN_POINT ( 'NONE',  ( -39.90000000000000568, -7.000000000000000888, 12.00000000000000000 ) ) ;
#7314 = CARTESIAN_POINT ( 'NONE',  ( -31.92206163403308494, 8.749720932020343511, 11.86844013285994315 ) ) ;
#7315 = EDGE_CURVE ( 'NONE', #701, #3067, #2717, .T. ) ;
#7316 = VECTOR ( 'NONE', #6560, 1000.000000000000000 ) ;
#7317 = EDGE_CURVE ( 'NONE', #7009, #4188, #3749, .T. ) ;
#7318 = ORIENTED_EDGE ( 'NONE', *, *, #1345, .F. ) ;
#7319 = VERTEX_POINT ( 'NONE', #289 ) ;
#7320 = CARTESIAN_POINT ( 'NONE',  ( -15.95790611083776334, -20.99999999999999289, 0.000000000000000000 ) ) ;
#7321 = CARTESIAN_POINT ( 'NONE',  ( 14.40894241220452265, -20.99999999999998934, 19.50000000000000000 ) ) ;
#7322 = CARTESIAN_POINT ( 'NONE',  ( -52.07426291095173809, -4.575152156148723392, 10.24091504055787460 ) ) ;
#7323 = AXIS2_PLACEMENT_3D ( 'NONE', #7867, #4594, #5912 ) ;
#7324 = ORIENTED_EDGE ( 'NONE', *, *, #8026, .F. ) ;
#7325 = CARTESIAN_POINT ( 'NONE',  ( -8.100000000000015632, -18.76390491423632056, -1.034137726681667369 ) ) ;
#7326 = DIRECTION ( 'NONE',  ( -1.000000000000000000, -9.637352644315595243E-17, 0.000000000000000000 ) ) ;
#7327 = ORIENTED_EDGE ( 'NONE', *, *, #1974, .T. ) ;
#7328 = CARTESIAN_POINT ( 'NONE',  ( -51.37422322769941019, 4.231855881549596354, 9.529153405858178161 ) ) ;
#7329 = B_SPLINE_CURVE_WITH_KNOTS ( 'NONE', 3,
 ( #1762, #7895, #7248, #7288, #1678, #6672, #7936, #2339, #4812, #7328, #494, #6751 ),
 .UNSPECIFIED., .F., .F.,
 ( 4, 2, 2, 2, 2, 4 ),
 ( 0.000000000000000000, 0.0004085864697054225137, 0.0008171729394108450274, 0.001021466174263557965, 0.001225759409116271119, 0.001634345878821696560 ),
 .UNSPECIFIED. ) ;
#7330 = DIRECTION ( 'NONE',  ( -1.000000000000000000, 0.000000000000000000, 0.000000000000000000 ) ) ;
#7331 = CARTESIAN_POINT ( 'NONE',  ( 15.17106781186546627, 18.00000000000000711, 19.99999999999999645 ) ) ;
#7332 = LINE ( 'NONE', #6147, #3709 ) ;
#7333 = DIRECTION ( 'NONE',  ( 0.000000000000000000, 0.000000000000000000, -1.000000000000000000 ) ) ;
#7334 = DIRECTION ( 'NONE',  ( 0.000000000000000000, 1.000000000000000000, 0.000000000000000000 ) ) ;
#7335 = ORIENTED_EDGE ( 'NONE', *, *, #4293, .F. ) ;
#7336 = VERTEX_POINT ( 'NONE', #1582 ) ;
#7337 = ORIENTED_EDGE ( 'NONE', *, *, #7572, .T. ) ;
#7338 = VECTOR ( 'NONE', #726, 1000.000000000000000 ) ;
#7339 = ORIENTED_EDGE ( 'NONE', *, *, #5815, .T. ) ;
#7340 = CARTESIAN_POINT ( 'NONE',  ( 35.19303443987409707, -0.5027848707015677432, 1.275805724452159895 ) ) ;
#7341 = DIRECTION ( 'NONE',  ( 1.000000000000000000, 0.000000000000000000, 0.000000000000000000 ) ) ;
#7342 = DIRECTION ( 'NONE',  ( 0.000000000000000000, 1.000000000000000000, 0.000000000000000000 ) ) ;
#7343 = ORIENTED_EDGE ( 'NONE', *, *, #1352, .T. ) ;
#7344 = CYLINDRICAL_SURFACE ( 'NONE', #3546, 6.099999999999999645 ) ;
#7345 = EDGE_CURVE ( 'NONE', #211, #2567, #7923, .T. ) ;
#7346 = CARTESIAN_POINT ( 'NONE',  ( -44.52510078711021180, -5.268580516509135059, 12.28941941150238826 ) ) ;
#7347 = EDGE_LOOP ( 'NONE', ( #4807, #3956, #7990, #4024, #5983 ) ) ;
#7348 = ORIENTED_EDGE ( 'NONE', *, *, #1257, .T. ) ;
#7349 = AXIS2_PLACEMENT_3D ( 'NONE', #5572, #3770, #674 ) ;
#7350 = DIRECTION ( 'NONE',  ( -1.000000000000000000, -1.491166311727914324E-16, 0.000000000000000000 ) ) ;
#7351 = LINE ( 'NONE', #4275, #2849 ) ;
#7352 = FACE_OUTER_BOUND ( 'NONE', #4870, .T. ) ;
#7353 = CARTESIAN_POINT ( 'NONE',  ( 14.08971297124385202, -30.24134531103302947, 5.369169563396046563 ) ) ;
#7354 = CARTESIAN_POINT ( 'NONE',  ( 17.89999999999998792, -1.734723475976807094E-15, 19.00000000000000000 ) ) ;
#7355 = CARTESIAN_POINT ( 'NONE',  ( -32.65699183166222497, 7.832137748486702300, 13.55435644247966565 ) ) ;
#7356 = CIRCLE ( 'NONE', #6977, 3.750000000000001776 ) ;
#7357 = CARTESIAN_POINT ( 'NONE',  ( -14.60366243011420551, -26.40766881151787615, -1.014666231099329519 ) ) ;
#7358 = ORIENTED_EDGE ( 'NONE', *, *, #4312, .T. ) ;
#7359 = DIRECTION ( 'NONE',  ( 1.000000000000000000, -0.000000000000000000, -0.000000000000000000 ) ) ;
#7360 = CARTESIAN_POINT ( 'NONE',  ( 21.90999999999991132, 13.29999999999999893, 21.00000000000000000 ) ) ;
#7361 = VECTOR ( 'NONE', #224, 1000.000000000000000 ) ;
#7362 = LINE ( 'NONE', #4285, #2034 ) ;
#7363 = LINE ( 'NONE', #6227, #590 ) ;
#7364 = CARTESIAN_POINT ( 'NONE',  ( -46.58147620649918963, -4.291691304769897464, 14.36539035051768920 ) ) ;
#7365 = ORIENTED_EDGE ( 'NONE', *, *, #5165, .F. ) ;
#7366 = CARTESIAN_POINT ( 'NONE',  ( -13.12198096477004761, 21.05962612028271863, 6.940373879717306238 ) ) ;
#7367 = AXIS2_PLACEMENT_3D ( 'NONE', #3290, #706, #2752 ) ;
#7368 = DIRECTION ( 'NONE',  ( 0.000000000000000000, 0.000000000000000000, -1.000000000000000000 ) ) ;
#7369 = DIRECTION ( 'NONE',  ( -0.5070201265633936805, -0.8619342151577696898, 0.000000000000000000 ) ) ;
#7370 = ORIENTED_EDGE ( 'NONE', *, *, #777, .T. ) ;
#7371 = CARTESIAN_POINT ( 'NONE',  ( 9.500000000000001776, 19.00000000000000355, 8.999999999999998224 ) ) ;
#7372 = CARTESIAN_POINT ( 'NONE',  ( -52.10000000000000853, -2.481934729198181699, 13.50000000000000533 ) ) ;
#7373 = CIRCLE ( 'NONE', #2554, 1.750000000000005107 ) ;
#7374 = PLANE ( 'NONE',  #6536 ) ;
#7375 = ORIENTED_EDGE ( 'NONE', *, *, #5391, .T. ) ;
#7376 = ORIENTED_EDGE ( 'NONE', *, *, #5854, .T. ) ;
#7377 = VERTEX_POINT ( 'NONE', #4079 ) ;
#7378 = ORIENTED_EDGE ( 'NONE', *, *, #4557, .F. ) ;
#7379 = CARTESIAN_POINT ( 'NONE',  ( 13.27743229591008678, -30.71915747299406618, 24.00000000000000000 ) ) ;
#7380 = CARTESIAN_POINT ( 'NONE',  ( 13.40894241220452443, -21.99999999999999289, 5.000000000000000000 ) ) ;
#7381 = CARTESIAN_POINT ( 'NONE',  ( -44.55000000000004690, -1.734723419696314672E-15, 17.24999999999999645 ) ) ;
#7382 = ORIENTED_EDGE ( 'NONE', *, *, #4304, .F. ) ;
#7383 = DIRECTION ( 'NONE',  ( 7.114481453410877694E-16, -0.7071067811865514585, 0.7071067811865435759 ) ) ;
#7384 = CARTESIAN_POINT ( 'NONE',  ( -51.18027734401283624, 1.469693845669912458, 9.500000000000003553 ) ) ;
#7385 = EDGE_LOOP ( 'NONE', ( #8083, #1269, #912, #8058, #4166, #718, #5043 ) ) ;
#7386 = ORIENTED_EDGE ( 'NONE', *, *, #4195, .F. ) ;
#7387 = DIRECTION ( 'NONE',  ( 0.000000000000000000, -1.000000000000000000, 0.000000000000000000 ) ) ;
#7388 = CARTESIAN_POINT ( 'NONE',  ( 17.89999999999998792, -6.098637220230962441E-16, 1.250000000000000222 ) ) ;
#7389 = CARTESIAN_POINT ( 'NONE',  ( 34.79265524656060649, -3.275617256622089357, 11.49140286999804061 ) ) ;
#7390 = CARTESIAN_POINT ( 'NONE',  ( 13.47231742865047899, -30.60451915961736447, 5.695626184977711226 ) ) ;
#7391 = CARTESIAN_POINT ( 'NONE',  ( 3.918869757271530263E-15, -32.00000000000000000, -5.500000000000001776 ) ) ;
#7392 = ADVANCED_FACE ( 'NONE', ( #7197 ), #2862, .F. ) ;
#7393 = DIRECTION ( 'NONE',  ( 1.000000000000000000, 0.000000000000000000, 0.000000000000000000 ) ) ;
#7394 = ORIENTED_EDGE ( 'NONE', *, *, #8032, .T. ) ;
#7395 = ORIENTED_EDGE ( 'NONE', *, *, #7766, .T. ) ;
#7396 = CARTESIAN_POINT ( 'NONE',  ( 12.96962459656658950, -30.90022082554907001, 19.31699427450815776 ) ) ;
#7397 = CARTESIAN_POINT ( 'NONE',  ( -18.44796600870863656, -24.19712300840973995, 0.000000000000000000 ) ) ;
#7398 = DIRECTION ( 'NONE',  ( -1.000000000000000000, 0.000000000000000000, 2.775557561562891351E-16 ) ) ;
#7399 = CARTESIAN_POINT ( 'NONE',  ( 35.20000000000000995, 0.009999999999907263626, 0.000000000000000000 ) ) ;
#7400 = DIRECTION ( 'NONE',  ( 1.000000000000000000, 9.941108744852765039E-17, 0.000000000000000000 ) ) ;
#7401 = ORIENTED_EDGE ( 'NONE', *, *, #2362, .T. ) ;
#7402 = CYLINDRICAL_SURFACE ( 'NONE', #7061, 1.750000000000001554 ) ;
#7403 = EDGE_CURVE ( 'NONE', #3120, #6819, #7842, .T. ) ;
#7404 = AXIS2_PLACEMENT_3D ( 'NONE', #6906, #5097, #2002 ) ;
#7405 = EDGE_CURVE ( 'NONE', #6384, #429, #464, .T. ) ;
#7406 = ADVANCED_FACE ( 'NONE', ( #2822 ), #3470, .F. ) ;
#7407 = CARTESIAN_POINT ( 'NONE',  ( 37.89999999999999147, -6.098637220230962441E-16, 5.000000000000000000 ) ) ;
#7408 = AXIS2_PLACEMENT_3D ( 'NONE', #3346, #1488, #6518 ) ;
#7409 = LINE ( 'NONE', #1804, #536 ) ;
#7410 = EDGE_LOOP ( 'NONE', ( #7935, #700, #7108, #6580, #5689, #1148, #5646, #6159, #3750, #587 ) ) ;
#7411 = CARTESIAN_POINT ( 'NONE',  ( 14.40894241220452265, -21.99999999999999289, 24.00000000000000000 ) ) ;
#7412 = CARTESIAN_POINT ( 'NONE',  ( 14.91596253876791955, -26.27477210837486510, 5.001513403221296450 ) ) ;
#7413 = EDGE_CURVE ( 'NONE', #5492, #2188, #5220, .T. ) ;
#7414 = ADVANCED_FACE ( 'NONE', ( #4035 ), #1002, .F. ) ;
#7415 = CARTESIAN_POINT ( 'NONE',  ( -44.52517372939634299, 5.268526082806726407, 11.71096066339010200 ) ) ;
#7416 = ORIENTED_EDGE ( 'NONE', *, *, #3111, .F. ) ;
#7417 = ORIENTED_EDGE ( 'NONE', *, *, #1104, .F. ) ;
#7418 = EDGE_CURVE ( 'NONE', #2295, #1341, #878, .T. ) ;
#7419 = ADVANCED_FACE ( 'NONE', ( #4607, #2865 ), #5808, .F. ) ;
#7420 = VERTEX_POINT ( 'NONE', #3958 ) ;
#7421 = ORIENTED_EDGE ( 'NONE', *, *, #1004, .T. ) ;
#7422 = CARTESIAN_POINT ( 'NONE',  ( -46.10000000000000142, 4.664761515876233666, 13.50000000000000533 ) ) ;
#7423 = CARTESIAN_POINT ( 'NONE',  ( -38.43553390593274344, 14.46446609406725692, 0.000000000000000000 ) ) ;
#7424 = DIRECTION ( 'NONE',  ( -0.000000000000000000, -0.000000000000000000, -1.000000000000000000 ) ) ;
#7425 = ORIENTED_EDGE ( 'NONE', *, *, #2954, .F. ) ;
#7426 = VERTEX_POINT ( 'NONE', #7845 ) ;
#7427 = DIRECTION ( 'NONE',  ( -1.387778780781445676E-16, -1.379605977354753764E-32, -1.000000000000000000 ) ) ;
#7428 = CYLINDRICAL_SURFACE ( 'NONE', #3907, 2.000000000000000000 ) ;
#7429 = VERTEX_POINT ( 'NONE', #1421 ) ;
#7430 = ADVANCED_FACE ( 'NONE', ( #1587 ), #4083, .T. ) ;
#7431 = ORIENTED_EDGE ( 'NONE', *, *, #576, .F. ) ;
#7432 = CIRCLE ( 'NONE', #649, 20.03028554974586939 ) ;
#7433 = CARTESIAN_POINT ( 'NONE',  ( 34.77461468568363756, 3.350590184971494967, 20.71697207896502491 ) ) ;
#7434 = CARTESIAN_POINT ( 'NONE',  ( -13.66722968906021762, -30.48986488878808032, 5.559837658945959049 ) ) ;
#7435 = CARTESIAN_POINT ( 'NONE',  ( 12.49999999999999822, 28.00000000000009237, 4.999999999999997335 ) ) ;
#7436 = CARTESIAN_POINT ( 'NONE',  ( -35.11300443990745634, -1.530659027471288791, 19.87814453601436426 ) ) ;
#7437 = DIRECTION ( 'NONE',  ( 0.000000000000000000, 0.000000000000000000, -1.000000000000000000 ) ) ;
#7438 = ORIENTED_EDGE ( 'NONE', *, *, #354, .T. ) ;
#7439 = AXIS2_PLACEMENT_3D ( 'NONE', #2179, #860, #7159 ) ;
#7440 = ORIENTED_EDGE ( 'NONE', *, *, #2680, .F. ) ;
#7441 = AXIS2_PLACEMENT_3D ( 'NONE', #4856, #6788, #3522 ) ;
#7442 = VERTEX_POINT ( 'NONE', #7762 ) ;
#7443 = EDGE_CURVE ( 'NONE', #2961, #7642, #1462, .T. ) ;
#7444 = VECTOR ( 'NONE', #182, 1000.000000000000000 ) ;
#7445 = ORIENTED_EDGE ( 'NONE', *, *, #7039, .T. ) ;
#7446 = EDGE_LOOP ( 'NONE', ( #2057, #779, #5251, #6724 ) ) ;
#7447 = LINE ( 'NONE', #3724, #7249 ) ;
#7448 = DIRECTION ( 'NONE',  ( 1.000000000000000000, 3.958748233630338412E-17, 0.000000000000000000 ) ) ;
#7449 = DIRECTION ( 'NONE',  ( 0.000000000000000000, 0.000000000000000000, 1.000000000000000000 ) ) ;
#7450 = CARTESIAN_POINT ( 'NONE',  ( 13.40894241220452443, -25.41283789321709818, 6.938893903907228378E-15 ) ) ;
#7451 = DIRECTION ( 'NONE',  ( 9.941108744852765039E-17, -1.000000000000000000, -0.000000000000000000 ) ) ;
#7452 = ORIENTED_EDGE ( 'NONE', *, *, #5817, .F. ) ;
#7453 = AXIS2_PLACEMENT_3D ( 'NONE', #5243, #7736, #7131 ) ;
#7454 = CARTESIAN_POINT ( 'NONE',  ( -13.40894241220451732, -27.16125453576510296, 24.00000000000000000 ) ) ;
#7455 = AXIS2_PLACEMENT_3D ( 'NONE', #257, #2062, #5192 ) ;
#7456 = VECTOR ( 'NONE', #3517, 1000.000000000000000 ) ;
#7457 = CARTESIAN_POINT ( 'NONE',  ( 35.20000000000000995, -0.009999999999910146736, 15.25001333335703535 ) ) ;
#7458 = ADVANCED_FACE ( 'NONE', ( #2210 ), #6460, .T. ) ;
#7459 = CYLINDRICAL_SURFACE ( 'NONE', #7485, 1.749999999999999778 ) ;
#7460 = ORIENTED_EDGE ( 'NONE', *, *, #4520, .T. ) ;
#7461 = CYLINDRICAL_SURFACE ( 'NONE', #6330, 1.000000000000000888 ) ;
#7462 = CARTESIAN_POINT ( 'NONE',  ( -61.10000000000000142, -1.196959198423997211E-14, 12.00000000000000000 ) ) ;
#7463 = LINE ( 'NONE', #2998, #4315 ) ;
#7464 = ORIENTED_EDGE ( 'NONE', *, *, #37, .T. ) ;
#7465 = ORIENTED_EDGE ( 'NONE', *, *, #3802, .T. ) ;
#7466 = ADVANCED_FACE ( 'NONE', ( #5846 ), #4571, .F. ) ;
#7467 = ORIENTED_EDGE ( 'NONE', *, *, #1501, .T. ) ;
#7468 = FACE_OUTER_BOUND ( 'NONE', #6120, .T. ) ;
#7469 = CARTESIAN_POINT ( 'NONE',  ( -15.85515533723177306, -29.20284980162833932, 5.000000000000000000 ) ) ;
#7470 = AXIS2_PLACEMENT_3D ( 'NONE', #395, #4639, #4681 ) ;
#7471 = CARTESIAN_POINT ( 'NONE',  ( 31.52184133695731916, -9.191769068227115369, 8.948705609770794211 ) ) ;
#7472 = ORIENTED_EDGE ( 'NONE', *, *, #4312, .F. ) ;
#7473 = ADVANCED_FACE ( 'NONE', ( #3437 ), #1506, .F. ) ;
#7474 = EDGE_LOOP ( 'NONE', ( #3244, #713, #6427, #4833 ) ) ;
#7475 = PLANE ( 'NONE',  #7085 ) ;
#7476 = DIRECTION ( 'NONE',  ( 0.000000000000000000, 0.000000000000000000, 1.000000000000000000 ) ) ;
#7477 = ORIENTED_EDGE ( 'NONE', *, *, #3203, .T. ) ;
#7478 = CARTESIAN_POINT ( 'NONE',  ( -34.89999999999999858, -18.00000000000000355, 0.000000000000000000 ) ) ;
#7479 = CARTESIAN_POINT ( 'NONE',  ( 11.83431754716743534, -32.00000000000000000, 18.46638831946455284 ) ) ;
#7480 = ADVANCED_FACE ( 'NONE', ( #2251 ), #3917, .F. ) ;
#7481 = DIRECTION ( 'NONE',  ( -0.000000000000000000, -0.000000000000000000, -1.000000000000000000 ) ) ;
#7482 = CARTESIAN_POINT ( 'NONE',  ( -35.11406214365822365, -1.520245409625222477, 18.12578830335517921 ) ) ;
#7483 = CARTESIAN_POINT ( 'NONE',  ( -1.500000000000000222, 1.836970198721030181E-16, 21.00000000000000000 ) ) ;
#7484 = EDGE_LOOP ( 'NONE', ( #2708, #2652, #7787, #5084 ) ) ;
#7485 = AXIS2_PLACEMENT_3D ( 'NONE', #6233, #5614, #3131 ) ;
#7486 = VERTEX_POINT ( 'NONE', #7077 ) ;
#7487 = ORIENTED_EDGE ( 'NONE', *, *, #5267, .F. ) ;
#7488 = ORIENTED_EDGE ( 'NONE', *, *, #2864, .F. ) ;
#7489 = DIRECTION ( 'NONE',  ( 0.000000000000000000, -0.000000000000000000, 1.000000000000000000 ) ) ;
#7490 = CARTESIAN_POINT ( 'NONE',  ( 10.90180841670002287, -34.08819856468883813, 16.50000000000000000 ) ) ;
#7491 = LINE ( 'NONE', #17, #6066 ) ;
#7492 = VECTOR ( 'NONE', #7702, 1000.000000000000000 ) ;
#7493 = DIRECTION ( 'NONE',  ( -1.000000000000000000, 0.000000000000000000, 0.000000000000000000 ) ) ;
#7494 = EDGE_LOOP ( 'NONE', ( #1664, #4774 ) ) ;
#7495 = CARTESIAN_POINT ( 'NONE',  ( 12.49999999999999822, 28.00000000000000355, 4.999999999999997335 ) ) ;
#7496 = DIRECTION ( 'NONE',  ( 0.000000000000000000, -0.000000000000000000, 1.000000000000000000 ) ) ;
#7497 = LINE ( 'NONE', #1853, #5891 ) ;
#7498 = ORIENTED_EDGE ( 'NONE', *, *, #5775, .T. ) ;
#7499 = DIRECTION ( 'NONE',  ( 0.000000000000000000, 0.000000000000000000, 1.000000000000000000 ) ) ;
#7500 = CARTESIAN_POINT ( 'NONE',  ( -52.10000000000000853, 4.214261501141076671, 10.50000000000000533 ) ) ;
#7501 = DIRECTION ( 'NONE',  ( 0.000000000000000000, 0.000000000000000000, -1.000000000000000000 ) ) ;
#7502 = VECTOR ( 'NONE', #60, 1000.000000000000000 ) ;
#7503 = ORIENTED_EDGE ( 'NONE', *, *, #1460, .F. ) ;
#7504 = ORIENTED_EDGE ( 'NONE', *, *, #7915, .F. ) ;
#7505 = AXIS2_PLACEMENT_3D ( 'NONE', #5979, #979, #7776 ) ;
#7506 = LINE ( 'NONE', #4348, #5208 ) ;
#7507 = CARTESIAN_POINT ( 'NONE',  ( 8.500000000000000000, 18.00000000000000355, 1.999999999999998224 ) ) ;
#7508 = CARTESIAN_POINT ( 'NONE',  ( 31.87532476837027318, -8.806856220832496973, 8.706139088923107394 ) ) ;
#7509 = VERTEX_POINT ( 'NONE', #6499 ) ;
#7510 = ORIENTED_EDGE ( 'NONE', *, *, #5114, .T. ) ;
#7511 = CARTESIAN_POINT ( 'NONE',  ( 37.89999999999999147, -1.734723475976807094E-15, 19.00000000000000000 ) ) ;
#7512 = ADVANCED_BREP_SHAPE_REPRESENTATION ( 'laser_ponter', ( #6431, #7408 ), #2855 ) ;
#7513 = CARTESIAN_POINT ( 'NONE',  ( -42.86002896972323839, 1.738597737143560584, 18.71878165776835345 ) ) ;
#7514 = ORIENTED_EDGE ( 'NONE', *, *, #908, .F. ) ;
#7515 = EDGE_CURVE ( 'NONE', #1584, #2688, #5183, .T. ) ;
#7516 = AXIS2_PLACEMENT_3D ( 'NONE', #3632, #1796, #2331 ) ;
#7517 = ADVANCED_FACE ( 'NONE', ( #7200 ), #4688, .F. ) ;
#7518 = AXIS2_PLACEMENT_3D ( 'NONE', #3155, #2578, #5022 ) ;
#7519 = ORIENTED_EDGE ( 'NONE', *, *, #2374, .F. ) ;
#7520 = DIRECTION ( 'NONE',  ( 0.5070201265633943466, -0.8619342151577692457, 0.000000000000000000 ) ) ;
#7521 = CARTESIAN_POINT ( 'NONE',  ( 34.50712993703457698, 4.249580552231612351, 14.56138194298550559 ) ) ;
#7522 = CARTESIAN_POINT ( 'NONE',  ( -52.10000000000000853, -9.567667171349008195E-15, 12.00000000000000000 ) ) ;
#7523 = CARTESIAN_POINT ( 'NONE',  ( 39.89999999999999147, -1.734723475976807094E-15, 19.00000000000000000 ) ) ;
#7524 = CARTESIAN_POINT ( 'NONE',  ( -43.59385071505326437, -6.031706156771400984, 10.53861326281820965 ) ) ;
#7525 = VERTEX_POINT ( 'NONE', #2088 ) ;
#7526 = EDGE_CURVE ( 'NONE', #1337, #1394, #5716, .T. ) ;
#7527 = EDGE_CURVE ( 'NONE', #7319, #4722, #2726, .T. ) ;
#7528 = ORIENTED_EDGE ( 'NONE', *, *, #2481, .F. ) ;
#7529 = EDGE_CURVE ( 'NONE', #8049, #4389, #749, .T. ) ;
#7530 = EDGE_LOOP ( 'NONE', ( #1157, #3840, #62, #626 ) ) ;
#7531 = ORIENTED_EDGE ( 'NONE', *, *, #3473, .F. ) ;
#7532 = DIRECTION ( 'NONE',  ( 1.387778780781445676E-16, 1.379605977354752943E-32, 1.000000000000000000 ) ) ;
#7533 = CARTESIAN_POINT ( 'NONE',  ( 11.15747148565976765, -33.19391915492003164, 17.35759261092316663 ) ) ;
#7534 = CARTESIAN_POINT ( 'NONE',  ( 34.89999999999999147, 20.00000000000000355, 10.82842712474617919 ) ) ;
#7535 = CARTESIAN_POINT ( 'NONE',  ( -51.97774947983324978, -4.476878839404383470, 13.99602929697239340 ) ) ;
#7536 = ORIENTED_EDGE ( 'NONE', *, *, #7063, .F. ) ;
#7537 = CARTESIAN_POINT ( 'NONE',  ( 8.100000000000019185, -17.99999999999999645, 5.000000000000000000 ) ) ;
#7538 = ADVANCED_FACE ( 'NONE', ( #333 ), #5579, .F. ) ;
#7539 = FACE_OUTER_BOUND ( 'NONE', #8051, .T. ) ;
#7540 = EDGE_CURVE ( 'NONE', #739, #3167, #5182, .T. ) ;
#7541 = CARTESIAN_POINT ( 'NONE',  ( -61.10000000000000142, -4.214261501141113975, 9.500000000000008882 ) ) ;
#7542 = CIRCLE ( 'NONE', #2186, 2.600000000000000089 ) ;
#7543 = ORIENTED_EDGE ( 'NONE', *, *, #3543, .T. ) ;
#7544 = CARTESIAN_POINT ( 'NONE',  ( 14.91596253876792133, -26.27477210837486510, 19.50000000000000000 ) ) ;
#7545 = PLANE ( 'NONE',  #5469 ) ;
#7546 = DIRECTION ( 'NONE',  ( 1.000000000000000000, -0.000000000000000000, -0.000000000000000000 ) ) ;
#7547 = EDGE_LOOP ( 'NONE', ( #6153, #5843, #7030, #4486, #4184, #3784 ) ) ;
#7548 = AXIS2_PLACEMENT_3D ( 'NONE', #1701, #5550, #6616 ) ;
#7549 = VERTEX_POINT ( 'NONE', #570 ) ;
#7550 = LINE ( 'NONE', #1324, #4157 ) ;
#7551 = CARTESIAN_POINT ( 'NONE',  ( 8.171067811865460939, 22.00000000000000355, 14.00000000000000000 ) ) ;
#7552 = CARTESIAN_POINT ( 'NONE',  ( 29.95748425197415443, -10.58702064266423548, 13.12832798464746631 ) ) ;
#7553 = EDGE_LOOP ( 'NONE', ( #1962, #7487, #3147, #6921 ) ) ;
#7554 = ORIENTED_EDGE ( 'NONE', *, *, #8074, .T. ) ;
#7555 = LINE ( 'NONE', #2656, #691 ) ;
#7556 = CARTESIAN_POINT ( 'NONE',  ( 14.76288907734422295, -26.36481532097705127, 5.005824383377758480 ) ) ;
#7557 = EDGE_CURVE ( 'NONE', #743, #1187, #5462, .T. ) ;
#7558 = ORIENTED_EDGE ( 'NONE', *, *, #828, .F. ) ;
#7559 = CARTESIAN_POINT ( 'NONE',  ( 13.27743229591008678, -30.71915747299406618, 19.40189321836893299 ) ) ;
#7560 = CARTESIAN_POINT ( 'NONE',  ( -15.81253292872705707, -35.02882854878288299, 19.50000000000000000 ) ) ;
#7561 = PLANE ( 'NONE',  #1851 ) ;
#7562 = EDGE_CURVE ( 'NONE', #4234, #5529, #4162, .T. ) ;
#7563 = CARTESIAN_POINT ( 'NONE',  ( -49.10000000000000142, -8.767025567052019698E-15, 12.00000000000000000 ) ) ;
#7564 = ORIENTED_EDGE ( 'NONE', *, *, #4180, .F. ) ;
#7565 = EDGE_LOOP ( 'NONE', ( #130, #6018, #1110, #7498 ) ) ;
#7566 = EDGE_CURVE ( 'NONE', #5500, #1088, #1075, .T. ) ;
#7567 = CARTESIAN_POINT ( 'NONE',  ( 21.90999999999990777, -13.30000000000000249, 21.00000000000000000 ) ) ;
#7568 = CARTESIAN_POINT ( 'NONE',  ( 37.89999999999999147, -6.098637220230962441E-16, 5.000000000000000000 ) ) ;
#7569 = LINE ( 'NONE', #1386, #5025 ) ;
#7570 = AXIS2_PLACEMENT_3D ( 'NONE', #7105, #201, #2701 ) ;
#7571 = B_SPLINE_CURVE_WITH_KNOTS ( 'NONE', 3,
 ( #5607, #2551, #6748, #7535, #1799, #1930, #4417, #1847, #1134, #3636, #6136, #4334 ),
 .UNSPECIFIED., .F., .F.,
 ( 4, 2, 2, 2, 2, 4 ),
 ( 0.000000000000000000, 0.0004085864697054246279, 0.0008171729394108492557, 0.001021466174263561217, 0.001225759409116273070, 0.001634345878821697427 ),
 .UNSPECIFIED. ) ;
#7572 = EDGE_CURVE ( 'NONE', #6819, #3493, #2191, .T. ) ;
#7573 = DIRECTION ( 'NONE',  ( 1.000000000000000000, -0.000000000000000000, -0.000000000000000000 ) ) ;
#7574 = ORIENTED_EDGE ( 'NONE', *, *, #2736, .F. ) ;
#7575 = DIRECTION ( 'NONE',  ( 1.491166311727914324E-16, -1.000000000000000000, -0.000000000000000000 ) ) ;
#7576 = AXIS2_PLACEMENT_3D ( 'NONE', #1651, #6759, #2274 ) ;
#7577 = VECTOR ( 'NONE', #4990, 1000.000000000000000 ) ;
#7578 = DIRECTION ( 'NONE',  ( 0.000000000000000000, 0.000000000000000000, -1.000000000000000000 ) ) ;
#7579 = FACE_BOUND ( 'NONE', #2658, .T. ) ;
#7580 = CARTESIAN_POINT ( 'NONE',  ( 10.17106781186546627, 18.00000000000000711, 18.00000000000000355 ) ) ;
#7581 = AXIS2_PLACEMENT_3D ( 'NONE', #1058, #3596, #545 ) ;
#7582 = ORIENTED_EDGE ( 'NONE', *, *, #1003, .T. ) ;
#7583 = CARTESIAN_POINT ( 'NONE',  ( 39.89999999999999147, -12.99999999999999112, 0.000000000000000000 ) ) ;
#7584 = CARTESIAN_POINT ( 'NONE',  ( -33.00000000000001421, 13.49999999999998046, 0.000000000000000000 ) ) ;
#7585 = CARTESIAN_POINT ( 'NONE',  ( -42.12835831404082398, 7.484571287850829258, 13.68468641863776547 ) ) ;
#7586 = VECTOR ( 'NONE', #3170, 1000.000000000000000 ) ;
#7587 = VERTEX_POINT ( 'NONE', #5503 ) ;
#7588 = VECTOR ( 'NONE', #6149, 1000.000000000000000 ) ;
#7589 = DIRECTION ( 'NONE',  ( 0.000000000000000000, 0.000000000000000000, -1.000000000000000000 ) ) ;
#7590 = ORIENTED_EDGE ( 'NONE', *, *, #4864, .F. ) ;
#7591 = CARTESIAN_POINT ( 'NONE',  ( 16.83804627249358177, -28.62467866323906662, 0.000000000000000000 ) ) ;
#7592 = CARTESIAN_POINT ( 'NONE',  ( 34.75000000000000000, 13.50000000000000533, 24.00000000000000000 ) ) ;
#7593 = DIRECTION ( 'NONE',  ( 0.000000000000000000, 0.000000000000000000, -1.000000000000000000 ) ) ;
#7594 = AXIS2_PLACEMENT_3D ( 'NONE', #1140, #7369, #6846 ) ;
#7595 = CARTESIAN_POINT ( 'NONE',  ( 39.89999999999999147, -1.520410286126020585E-15, 20.75000000000000000 ) ) ;
#7596 = AXIS2_PLACEMENT_3D ( 'NONE', #7611, #6349, #4534 ) ;
#7597 = VECTOR ( 'NONE', #1477, 1000.000000000000114 ) ;
#7598 = DIRECTION ( 'NONE',  ( -0.000000000000000000, -0.000000000000000000, -1.000000000000000000 ) ) ;
#7599 = ORIENTED_EDGE ( 'NONE', *, *, #6425, .F. ) ;
#7600 = EDGE_CURVE ( 'NONE', #4196, #4082, #2063, .T. ) ;
#7601 = DIRECTION ( 'NONE',  ( 0.000000000000000000, 0.000000000000000000, -1.000000000000000000 ) ) ;
#7602 = DIRECTION ( 'NONE',  ( 1.000000000000000000, 0.000000000000000000, -0.000000000000000000 ) ) ;
#7603 = CARTESIAN_POINT ( 'NONE',  ( -13.40894241220451910, -20.99999999999998934, 24.00000000000000000 ) ) ;
#7604 = CARTESIAN_POINT ( 'NONE',  ( -32.82893218813453728, 22.00000000000000000, 22.00000000000000000 ) ) ;
#7605 = CARTESIAN_POINT ( 'NONE',  ( -9.500000000000003553, 20.00000000000000355, 8.000000000000014211 ) ) ;
#7606 = VERTEX_POINT ( 'NONE', #3507 ) ;
#7607 = ORIENTED_EDGE ( 'NONE', *, *, #1730, .F. ) ;
#7608 = ORIENTED_EDGE ( 'NONE', *, *, #4965, .T. ) ;
#7609 = AXIS2_PLACEMENT_3D ( 'NONE', #4830, #4878, #1822 ) ;
#7610 = ORIENTED_EDGE ( 'NONE', *, *, #887, .F. ) ;
#7611 = CARTESIAN_POINT ( 'NONE',  ( -7.099999999999998757, -7.999999999999994671, 12.00000000000000000 ) ) ;
#7612 = PLANE ( 'NONE',  #335 ) ;
#7613 = DIRECTION ( 'NONE',  ( 1.000000000000000000, 0.000000000000000000, 0.000000000000000000 ) ) ;
#7614 = ORIENTED_EDGE ( 'NONE', *, *, #5657, .T. ) ;
#7615 = LINE ( 'NONE', #2018, #6924 ) ;
#7616 = VECTOR ( 'NONE', #5368, 1000.000000000000000 ) ;
#7617 = CARTESIAN_POINT ( 'NONE',  ( -11.67157287525389009, 28.00000000000000355, 2.000000000000001332 ) ) ;
#7618 = EDGE_CURVE ( 'NONE', #884, #4995, #4725, .T. ) ;
#7619 = CARTESIAN_POINT ( 'NONE',  ( -7.099999999999997868, -13.30000000000000071, 12.00000000000000000 ) ) ;
#7620 = DIRECTION ( 'NONE',  ( 0.7071067811865474617, 1.054413810899741457E-16, 0.7071067811865476838 ) ) ;
#7621 = ORIENTED_EDGE ( 'NONE', *, *, #6701, .T. ) ;
#7622 = FACE_OUTER_BOUND ( 'NONE', #4586, .T. ) ;
#7623 = FACE_OUTER_BOUND ( 'NONE', #738, .T. ) ;
#7624 = LINE ( 'NONE', #189, #4442 ) ;
#7625 = ORIENTED_EDGE ( 'NONE', *, *, #2261, .F. ) ;
#7626 = ADVANCED_FACE ( 'NONE', ( #2977, #2902 ), #8004, .F. ) ;
#7627 = CARTESIAN_POINT ( 'NONE',  ( -13.76209465912586261, -26.19523055581433013, 5.136231100049084120 ) ) ;
#7628 = CARTESIAN_POINT ( 'NONE',  ( 13.65419388421834945, -26.09415313860892027, -1.430882291547592722 ) ) ;
#7629 = DIRECTION ( 'NONE',  ( 0.000000000000000000, 0.000000000000000000, -1.000000000000000000 ) ) ;
#7630 = CARTESIAN_POINT ( 'NONE',  ( -39.90000000000000568, -1.734723475976807094E-15, 17.24999999999999645 ) ) ;
#7631 = CIRCLE ( 'NONE', #6844, 1.749999999999999778 ) ;
#7632 = CARTESIAN_POINT ( 'NONE',  ( -42.27906819731418153, 1.733279237850931409, 19.31921613881053545 ) ) ;
#7633 = ORIENTED_EDGE ( 'NONE', *, *, #3480, .T. ) ;
#7634 = AXIS2_PLACEMENT_3D ( 'NONE', #4376, #2987, #3684 ) ;
#7635 = CARTESIAN_POINT ( 'NONE',  ( -14.95178133245642371, -26.25370222973456791, 5.000504645025176664 ) ) ;
#7636 = CARTESIAN_POINT ( 'NONE',  ( -41.74632911146682801, 1.496587067763431644, 4.086300264959825235 ) ) ;
#7637 = CARTESIAN_POINT ( 'NONE',  ( 13.40894241220452265, -21.99999999999999289, -0.5612644969238584913 ) ) ;
#7638 = EDGE_CURVE ( 'NONE', #550, #342, #4151, .T. ) ;
#7639 = VECTOR ( 'NONE', #487, 1000.000000000000000 ) ;
#7640 = FACE_OUTER_BOUND ( 'NONE', #7946, .T. ) ;
#7641 = FACE_OUTER_BOUND ( 'NONE', #2011, .T. ) ;
#7642 = VERTEX_POINT ( 'NONE', #7962 ) ;
#7643 = VECTOR ( 'NONE', #3400, 1000.000000000000000 ) ;
#7644 = ORIENTED_EDGE ( 'NONE', *, *, #4033, .T. ) ;
#7645 = ORIENTED_EDGE ( 'NONE', *, *, #7662, .T. ) ;
#7646 = CARTESIAN_POINT ( 'NONE',  ( 21.21076683067359880, -21.99999999999999289, 24.00000000000000000 ) ) ;
#7647 = DIRECTION ( 'NONE',  ( -9.941108744852767504E-17, 1.000000000000000000, 0.000000000000000000 ) ) ;
#7648 = LINE ( 'NONE', #5388, #6087 ) ;
#7649 = EDGE_LOOP ( 'NONE', ( #4626, #5809 ) ) ;
#7650 = FACE_BOUND ( 'NONE', #4375, .T. ) ;
#7651 = VECTOR ( 'NONE', #6364, 1000.000000000000000 ) ;
#7652 = ADVANCED_FACE ( 'NONE', ( #3020 ), #6650, .F. ) ;
#7653 = EDGE_LOOP ( 'NONE', ( #7052, #3630, #2933, #1548 ) ) ;
#7654 = DIRECTION ( 'NONE',  ( -0.000000000000000000, -0.000000000000000000, 1.000000000000000000 ) ) ;
#7656 = CARTESIAN_POINT ( 'NONE',  ( -46.12540367311608946, 4.575523904607444514, 13.75816896100589659 ) ) ;
#7655 = VECTOR ( 'NONE', #6392, 1000.000000000000000 ) ;
#7657 = ORIENTED_EDGE ( 'NONE', *, *, #5673, .T. ) ;
#7658 = CARTESIAN_POINT ( 'NONE',  ( 37.89999999999999147, -1.734723475976807094E-15, 17.24999999999999645 ) ) ;
#7659 = EDGE_CURVE ( 'NONE', #2552, #2394, #401, .T. ) ;
#7660 = DIRECTION ( 'NONE',  ( 0.000000000000000000, 0.000000000000000000, -1.000000000000000000 ) ) ;
#7661 = ORIENTED_EDGE ( 'NONE', *, *, #683, .F. ) ;
#7662 = EDGE_CURVE ( 'NONE', #4911, #6242, #4836, .T. ) ;
#7663 = PLANE ( 'NONE',  #3783 ) ;
#7664 = AXIS2_PLACEMENT_3D ( 'NONE', #7354, #3586, #3156 ) ;
#7665 = ORIENTED_EDGE ( 'NONE', *, *, #6873, .F. ) ;
#7666 = PLANE ( 'NONE',  #4475 ) ;
#7667 = CARTESIAN_POINT ( 'NONE',  ( 3.918869757271530263E-15, -32.00000000000000000, 19.50000000000000000 ) ) ;
#7668 = LINE ( 'NONE', #6863, #4592 ) ;
#7669 = CARTESIAN_POINT ( 'NONE',  ( 14.91596253876791955, -26.27477210837486510, 5.001513403221296450 ) ) ;
#7670 = AXIS2_PLACEMENT_3D ( 'NONE', #7230, #2168, #1543 ) ;
#7671 = EDGE_CURVE ( 'NONE', #3305, #1540, #1788, .T. ) ;
#7672 = DIRECTION ( 'NONE',  ( -1.387778780781445676E-16, -1.379605977354753764E-32, -1.000000000000000000 ) ) ;
#7673 = CARTESIAN_POINT ( 'NONE',  ( 3.918869757271530263E-15, -32.00000000000000000, -5.500000000000001776 ) ) ;
#7674 = CARTESIAN_POINT ( 'NONE',  ( 13.27743229591009744, -30.71915747299405908, 5.831395812114998911 ) ) ;
#7675 = VERTEX_POINT ( 'NONE', #8053 ) ;
#7676 = CYLINDRICAL_SURFACE ( 'NONE', #4455, 4.000000000000001776 ) ;
#7677 = CARTESIAN_POINT ( 'NONE',  ( -1.554126667111981883E-15, 20.00000000000000355, 16.00000000000000000 ) ) ;
#7678 = CARTESIAN_POINT ( 'NONE',  ( -44.52518211991416308, -5.268519640960335870, 11.71097563692071297 ) ) ;
#7679 = ORIENTED_EDGE ( 'NONE', *, *, #1390, .F. ) ;
#7680 = ORIENTED_EDGE ( 'NONE', *, *, #6696, .F. ) ;
#7681 = DIRECTION ( 'NONE',  ( 1.000000000000000000, 0.000000000000000000, 0.000000000000000000 ) ) ;
#7682 = ORIENTED_EDGE ( 'NONE', *, *, #3957, .F. ) ;
#7683 = CARTESIAN_POINT ( 'NONE',  ( 18.31014449552691659, -27.75873853204298314, -0.05798460314562487589 ) ) ;
#7684 = CARTESIAN_POINT ( 'NONE',  ( -9.410179721124459107, 18.58578643762691485, 9.414213562373086930 ) ) ;
#7685 = CYLINDRICAL_SURFACE ( 'NONE', #1887, 1.000000000000000888 ) ;
#7686 = ORIENTED_EDGE ( 'NONE', *, *, #5839, .F. ) ;
#7687 = CYLINDRICAL_SURFACE ( 'NONE', #7439, 3.750000000000000000 ) ;
#7688 = EDGE_CURVE ( 'NONE', #6274, #4412, #7351, .T. ) ;
#7689 = CARTESIAN_POINT ( 'NONE',  ( -20.21076683067359525, -20.99999999999999289, 5.000000000000000000 ) ) ;
#7690 = EDGE_CURVE ( 'NONE', #3490, #4823, #6166, .T. ) ;
#7691 = DIRECTION ( 'NONE',  ( 0.7071067811865473507, 0.7071067811865477948, 0.000000000000000000 ) ) ;
#7692 = VERTEX_POINT ( 'NONE', #6040 ) ;
#7693 = DIRECTION ( 'NONE',  ( 1.000000000000000000, 9.941108744852763806E-17, -2.775557561562891351E-16 ) ) ;
#7694 = LINE ( 'NONE', #6512, #7597 ) ;
#7695 = CARTESIAN_POINT ( 'NONE',  ( 39.89999999999999858, 20.00000000000000711, 17.99999999999999645 ) ) ;
#7696 = VERTEX_POINT ( 'NONE', #438 ) ;
#7697 = AXIS2_PLACEMENT_3D ( 'NONE', #6322, #4510, #5083 ) ;
#7698 = VECTOR ( 'NONE', #5053, 1000.000000000000000 ) ;
#7699 = CARTESIAN_POINT ( 'NONE',  ( -49.10000000000000142, -8.767025567052019698E-15, 9.500000000000005329 ) ) ;
#7700 = ORIENTED_EDGE ( 'NONE', *, *, #4842, .F. ) ;
#7701 = DIRECTION ( 'NONE',  ( 0.000000000000000000, -0.000000000000000000, 1.000000000000000000 ) ) ;
#7702 = DIRECTION ( 'NONE',  ( -0.000000000000000000, -0.000000000000000000, -1.000000000000000000 ) ) ;
#7703 = DIRECTION ( 'NONE',  ( -1.000000000000000000, 0.000000000000000000, 0.000000000000000000 ) ) ;
#7704 = AXIS2_PLACEMENT_3D ( 'NONE', #7007, #2642, #5115 ) ;
#7705 = DIRECTION ( 'NONE',  ( 1.000000000000000000, 0.000000000000000000, 0.000000000000000000 ) ) ;
#7706 = DIRECTION ( 'NONE',  ( 0.000000000000000000, 0.000000000000000000, -1.000000000000000000 ) ) ;
#7707 = CARTESIAN_POINT ( 'NONE',  ( -32.65689088548351293, -7.832319028931300942, 10.44558008878799171 ) ) ;
#7708 = AXIS2_PLACEMENT_3D ( 'NONE', #5480, #5401, #6184 ) ;
#7709 = EDGE_CURVE ( 'NONE', #7723, #4658, #2939, .T. ) ;
#7710 = FACE_OUTER_BOUND ( 'NONE', #7059, .T. ) ;
#7711 = DIRECTION ( 'NONE',  ( -2.815536131330090089E-16, 1.000000000000000000, 0.000000000000000000 ) ) ;
#7712 = VECTOR ( 'NONE', #8055, 1000.000000000000000 ) ;
#7713 = CARTESIAN_POINT ( 'NONE',  ( -39.90000000000000568, 7.000000000000003553, 13.75000000000000000 ) ) ;
#7714 = VECTOR ( 'NONE', #8035, 1000.000000000000000 ) ;
#7715 = ORIENTED_EDGE ( 'NONE', *, *, #6850, .T. ) ;
#7716 = CARTESIAN_POINT ( 'NONE',  ( 10.17106781186546627, 18.00000000000000355, 37.13274595042155823 ) ) ;
#7717 = LINE ( 'NONE', #6415, #5217 ) ;
#7718 = CARTESIAN_POINT ( 'NONE',  ( -51.10000000000000853, 4.214261501141086441, 14.50000000000000178 ) ) ;
#7719 = ORIENTED_EDGE ( 'NONE', *, *, #4261, .T. ) ;
#7720 = ORIENTED_EDGE ( 'NONE', *, *, #6871, .F. ) ;
#7721 = ORIENTED_EDGE ( 'NONE', *, *, #3937, .F. ) ;
#7722 = CARTESIAN_POINT ( 'NONE',  ( -12.96962459656658773, -30.90022082554906646, 19.31699427450816131 ) ) ;
#7723 = VERTEX_POINT ( 'NONE', #2323 ) ;
#7724 = CARTESIAN_POINT ( 'NONE',  ( 35.20000000000000995, 0.009999999999907260156, 1.250013333357037570 ) ) ;
#7725 = CARTESIAN_POINT ( 'NONE',  ( 8.100000000000017408, -23.55989393422479949, 7.605787210054968384 ) ) ;
#7726 = CARTESIAN_POINT ( 'NONE',  ( -34.75000000000001421, 13.49999999999998046, 0.000000000000000000 ) ) ;
#7727 = ORIENTED_EDGE ( 'NONE', *, *, #424, .T. ) ;
#7728 = FACE_OUTER_BOUND ( 'NONE', #3664, .T. ) ;
#7729 = AXIS2_PLACEMENT_3D ( 'NONE', #5454, #1738, #5712 ) ;
#7730 = CARTESIAN_POINT ( 'NONE',  ( 8.500000000000000000, 19.00000000000000355, 1.999999999999998224 ) ) ;
#7731 = ORIENTED_EDGE ( 'NONE', *, *, #4835, .T. ) ;
#7732 = PLANE ( 'NONE',  #3407 ) ;
#7733 = ORIENTED_EDGE ( 'NONE', *, *, #7063, .T. ) ;
#7734 = CARTESIAN_POINT ( 'NONE',  ( -8.500000000000005329, 23.00000000000004619, 5.000000000000003553 ) ) ;
#7735 = DIRECTION ( 'NONE',  ( 0.000000000000000000, 0.000000000000000000, -1.000000000000000000 ) ) ;
#7736 = DIRECTION ( 'NONE',  ( -0.000000000000000000, -0.000000000000000000, -1.000000000000000000 ) ) ;
#7737 = VERTEX_POINT ( 'NONE', #2618 ) ;
#7738 = VECTOR ( 'NONE', #6796, 1000.000000000000000 ) ;
#7739 = DIRECTION ( 'NONE',  ( 0.000000000000000000, 0.000000000000000000, 1.000000000000000000 ) ) ;
#7740 = CARTESIAN_POINT ( 'NONE',  ( 14.91596253876791955, -26.27477210837486510, -0.8582941469662177525 ) ) ;
#7741 = CYLINDRICAL_SURFACE ( 'NONE', #5589, 2.000000000000001776 ) ;
#7742 = CARTESIAN_POINT ( 'NONE',  ( -35.15776259639428503, -1.072912428254561013, 17.61283114170168673 ) ) ;
#7743 = CARTESIAN_POINT ( 'NONE',  ( 30.49845183647588343, 10.15444217913013958, 14.04194315391043446 ) ) ;
#7744 = DIRECTION ( 'NONE',  ( 1.491166311727914324E-16, -1.000000000000000000, 0.000000000000000000 ) ) ;
#7745 = CIRCLE ( 'NONE', #5800, 1.000000000000000888 ) ;
#7746 = VECTOR ( 'NONE', #3240, 1000.000000000000000 ) ;
#7747 = FACE_OUTER_BOUND ( 'NONE', #292, .T. ) ;
#7748 = CARTESIAN_POINT ( 'NONE',  ( -51.10000000000000853, 1.469693845669900245, 14.50000000000000178 ) ) ;
#7749 = CARTESIAN_POINT ( 'NONE',  ( -43.44775239184387772, 1.548167524930783800, 5.839243368190235373 ) ) ;
#7750 = EDGE_LOOP ( 'NONE', ( #904, #4330, #7477, #4645 ) ) ;
#7751 = CARTESIAN_POINT ( 'NONE',  ( -8.100000000000015632, -24.39524917653548641, 9.628175181095912194 ) ) ;
#7752 = ADVANCED_FACE ( 'NONE', ( #4480 ), #6951, .F. ) ;
#7753 = B_SPLINE_CURVE_WITH_KNOTS ( 'NONE', 3,
 ( #7973, #5652, #2548, #7533, #1222, #6878, #3682, #1266, #1928, #7490 ),
 .UNSPECIFIED., .F., .F.,
 ( 4, 2, 2, 2, 4 ),
 ( 0.002152093997371130017, 0.003657236037463312741, 0.004409807057509403452, 0.004786092567532459000, 0.005162378077555515414 ),
 .UNSPECIFIED. ) ;
#7754 = CARTESIAN_POINT ( 'NONE',  ( 8.100000000000017408, -17.26489642068957409, -0.5204134310356034465 ) ) ;
#7755 = EDGE_CURVE ( 'NONE', #2224, #7153, #3876, .T. ) ;
#7756 = CARTESIAN_POINT ( 'NONE',  ( -52.10000000000000853, 4.622502080891590204, 13.63142012399935687 ) ) ;
#7757 = ORIENTED_EDGE ( 'NONE', *, *, #1031, .T. ) ;
#7758 = VERTEX_POINT ( 'NONE', #6376 ) ;
#7759 = AXIS2_PLACEMENT_3D ( 'NONE', #453, #2335, #2878 ) ;
#7760 = ADVANCED_FACE ( 'NONE', ( #730 ), #121, .F. ) ;
#7761 = ORIENTED_EDGE ( 'NONE', *, *, #3519, .F. ) ;
#7762 = CARTESIAN_POINT ( 'NONE',  ( 13.99666578361247815, -30.29607895081618807, 19.50000000000000000 ) ) ;
#7763 = CARTESIAN_POINT ( 'NONE',  ( 33.34852772875935756, -6.781285908931998563, 15.75000000000000000 ) ) ;
#7764 = VECTOR ( 'NONE', #4766, 1000.000000000000000 ) ;
#7765 = CARTESIAN_POINT ( 'NONE',  ( 34.66058731418647909, -3.757895207453566311, 18.77116787183742730 ) ) ;
#7766 = EDGE_CURVE ( 'NONE', #721, #739, #3223, .T. ) ;
#7767 = ADVANCED_FACE ( 'NONE', ( #3275, #6337 ), #3238, .F. ) ;
#7768 = PLANE ( 'NONE',  #4003 ) ;
#7769 = VERTEX_POINT ( 'NONE', #6990 ) ;
#7770 = EDGE_CURVE ( 'NONE', #5050, #4389, #1376, .T. ) ;
#7771 = PLANE ( 'NONE',  #3641 ) ;
#7772 = ADVANCED_FACE ( 'NONE', ( #2449 ), #4927, .F. ) ;
#7773 = CIRCLE ( 'NONE', #2557, 1.000000000000000888 ) ;
#7774 = CARTESIAN_POINT ( 'NONE',  ( -61.10000000000000142, -1.196959198423997211E-14, 12.00000000000000000 ) ) ;
#7775 = EDGE_LOOP ( 'NONE', ( #452, #598, #5365, #7040 ) ) ;
#7776 = DIRECTION ( 'NONE',  ( 1.000000000000000000, 0.000000000000000000, 0.000000000000000000 ) ) ;
#7777 = AXIS2_PLACEMENT_3D ( 'NONE', #2692, #5668, #1361 ) ;
#7778 = ORIENTED_EDGE ( 'NONE', *, *, #1975, .F. ) ;
#7779 = CARTESIAN_POINT ( 'NONE',  ( -8.099999999999996092, -13.68054751897977361, 0.000000000000000000 ) ) ;
#7780 = CARTESIAN_POINT ( 'NONE',  ( 21.91000000000000725, -0.01000000000000132727, 0.000000000000000000 ) ) ;
#7781 = VERTEX_POINT ( 'NONE', #7479 ) ;
#7782 = EDGE_CURVE ( 'NONE', #1430, #897, #5142, .T. ) ;
#7783 = CARTESIAN_POINT ( 'NONE',  ( -39.90000000000000568, -6.098637220230962441E-16, 3.250000000000000444 ) ) ;
#7784 = EDGE_LOOP ( 'NONE', ( #6957, #7891, #2486, #1398 ) ) ;
#7785 = CARTESIAN_POINT ( 'NONE',  ( 23.88307512300519519, -20.99999999999998934, 24.00000000000000000 ) ) ;
#7786 = CARTESIAN_POINT ( 'NONE',  ( -15.12960548557024865, -29.62964383201747509, -1.162022225787002094 ) ) ;
#7787 = ORIENTED_EDGE ( 'NONE', *, *, #5329, .F. ) ;
#7788 = CARTESIAN_POINT ( 'NONE',  ( -10.90000000000001457, -13.00000000000000355, 21.00000000000000000 ) ) ;
#7789 = CARTESIAN_POINT ( 'NONE',  ( -9.499984707532368233, 20.00782110201305031, 14.50000000000000000 ) ) ;
#7790 = FACE_BOUND ( 'NONE', #4854, .T. ) ;
#7791 = DIRECTION ( 'NONE',  ( 1.000000000000000000, -0.000000000000000000, -0.000000000000000000 ) ) ;
#7792 = LINE ( 'NONE', #4070, #7316 ) ;
#7793 = AXIS2_PLACEMENT_3D ( 'NONE', #4364, #3626, #5643 ) ;
#7794 = EDGE_CURVE ( 'NONE', #214, #8049, #6489, .T. ) ;
#7795 = ORIENTED_EDGE ( 'NONE', *, *, #8011, .F. ) ;
#7796 = DIRECTION ( 'NONE',  ( 1.000000000000000000, 0.000000000000000000, 0.000000000000000000 ) ) ;
#7797 = LINE ( 'NONE', #3383, #6220 ) ;
#7798 = CARTESIAN_POINT ( 'NONE',  ( -21.90999999999999659, -0.01000000000000653144, 21.00000000000000000 ) ) ;
#7799 = ORIENTED_EDGE ( 'NONE', *, *, #1614, .T. ) ;
#7800 = LINE ( 'NONE', #7716, #4827 ) ;
#7801 = LINE ( 'NONE', #2206, #4811 ) ;
#7802 = ADVANCED_FACE ( 'NONE', ( #2201, #4637 ), #5803, .F. ) ;
#7803 = DIRECTION ( 'NONE',  ( 0.000000000000000000, 0.000000000000000000, -1.000000000000000000 ) ) ;
#7804 = VERTEX_POINT ( 'NONE', #323 ) ;
#7805 = ORIENTED_EDGE ( 'NONE', *, *, #4627, .T. ) ;
#7806 = ORIENTED_EDGE ( 'NONE', *, *, #2081, .T. ) ;
#7807 = CARTESIAN_POINT ( 'NONE',  ( -1.698686956776715873E-15, 22.00000000000000355, 0.000000000000000000 ) ) ;
#7808 = CARTESIAN_POINT ( 'NONE',  ( 9.500000000000001776, 19.00000000000000355, 8.999999999999998224 ) ) ;
#7809 = CARTESIAN_POINT ( 'NONE',  ( 8.100000000000017408, -22.80733586064617313, 6.792266811113151448 ) ) ;
#7810 = CARTESIAN_POINT ( 'NONE',  ( 15.17106781186546449, 18.00000000000000355, 12.00000000000000000 ) ) ;
#7811 = DIRECTION ( 'NONE',  ( -1.387778780781445676E-16, -1.379605977354753764E-32, -1.000000000000000000 ) ) ;
#7812 = EDGE_CURVE ( 'NONE', #4201, #4485, #2163, .T. ) ;
#7813 = EDGE_CURVE ( 'NONE', #1145, #2562, #7067, .T. ) ;
#7814 = CARTESIAN_POINT ( 'NONE',  ( -8.100000000000013856, -18.08597829525914591, 5.000000000000000000 ) ) ;
#7815 = EDGE_CURVE ( 'NONE', #6904, #4718, #1126, .T. ) ;
#7816 = CARTESIAN_POINT ( 'NONE',  ( 13.62298334620743034, 23.00000000000004619, 5.000000000000000888 ) ) ;
#7817 = VERTEX_POINT ( 'NONE', #1496 ) ;
#7818 = CARTESIAN_POINT ( 'NONE',  ( -12.50000000000000178, 28.00000000000008527, 5.000000000000004441 ) ) ;
#7819 = CARTESIAN_POINT ( 'NONE',  ( -14.91596253876791422, -26.27477210837486865, 5.001513403221296450 ) ) ;
#7820 = ORIENTED_EDGE ( 'NONE', *, *, #5673, .F. ) ;
#7821 = CARTESIAN_POINT ( 'NONE',  ( -13.62298334620742857, 23.00000000000004974, 5.000000000000000888 ) ) ;
#7822 = EDGE_LOOP ( 'NONE', ( #2927, #6577, #2013, #4540, #5826, #1615, #298, #4957, #6456, #1741, #1895, #6576 ) ) ;
#7823 = VERTEX_POINT ( 'NONE', #882 ) ;
#7824 = AXIS2_PLACEMENT_3D ( 'NONE', #2965, #6606, #5494 ) ;
#7825 = CARTESIAN_POINT ( 'NONE',  ( -52.07330524070393096, -2.309026989955512477, 10.23897235094098157 ) ) ;
#7826 = EDGE_CURVE ( 'NONE', #7817, #4972, #2997, .T. ) ;
#7827 = CARTESIAN_POINT ( 'NONE',  ( -11.83431754716828799, -31.99999999999884892, 7.391561154329337135 ) ) ;
#7828 = DIRECTION ( 'NONE',  ( -0.7071067811865526798, 2.799257721010300146E-17, 0.7071067811865424657 ) ) ;
#7829 = CARTESIAN_POINT ( 'NONE',  ( 32.39908937618116624, 8.175713552324465283, 15.56834870139207894 ) ) ;
#7830 = CARTESIAN_POINT ( 'NONE',  ( 20.21076683067359880, -20.99999999999998934, 5.000000000000000000 ) ) ;
#7831 = VECTOR ( 'NONE', #709, 1000.000000000000000 ) ;
#7832 = AXIS2_PLACEMENT_3D ( 'NONE', #2004, #2049, #4563 ) ;
#7833 = CIRCLE ( 'NONE', #4172, 1.000000000000000888 ) ;
#7834 = CARTESIAN_POINT ( 'NONE',  ( 34.66283409397678383, -3.750230291030154817, 5.241898132621817474 ) ) ;
#7835 = CARTESIAN_POINT ( 'NONE',  ( -52.10000000000001563, 2.399552530515488336, 13.63631149331882675 ) ) ;
#7836 = DIRECTION ( 'NONE',  ( 1.000000000000000000, 2.668805347656626678E-16, -0.000000000000000000 ) ) ;
#7837 = EDGE_LOOP ( 'NONE', ( #6997, #3776, #6035, #3791 ) ) ;
#7838 = ORIENTED_EDGE ( 'NONE', *, *, #524, .F. ) ;
#7839 = LINE ( 'NONE', #4112, #1995 ) ;
#7840 = VECTOR ( 'NONE', #1019, 1000.000000000000000 ) ;
#7841 = CARTESIAN_POINT ( 'NONE',  ( -35.10764868691649809, 1.574636998089074647, 19.77205037949814681 ) ) ;
#7842 = LINE ( 'NONE', #1623, #3492 ) ;
#7843 = AXIS2_PLACEMENT_3D ( 'NONE', #5898, #8003, #2408 ) ;
#7844 = ORIENTED_EDGE ( 'NONE', *, *, #2936, .F. ) ;
#7845 = CARTESIAN_POINT ( 'NONE',  ( 23.32842712474617741, 18.00000000000000355, 1.999999999999996669 ) ) ;
#7846 = DIRECTION ( 'NONE',  ( 2.775557561562891351E-16, 2.759211954709507528E-32, 1.000000000000000000 ) ) ;
#7847 = CARTESIAN_POINT ( 'NONE',  ( 34.74997251340889193, -3.443155728398425541, 17.47777860646171177 ) ) ;
#7848 = CARTESIAN_POINT ( 'NONE',  ( 37.89999999999999147, -6.098637220230962441E-16, 5.000000000000000000 ) ) ;
#7849 = AXIS2_PLACEMENT_3D ( 'NONE', #2175, #6501, #5968 ) ;
#7850 = CARTESIAN_POINT ( 'NONE',  ( 3.918869757271530263E-15, -20.99999999999998934, 19.50000000000000000 ) ) ;
#7851 = AXIS2_PLACEMENT_3D ( 'NONE', #1098, #4819, #7255 ) ;
#7852 = CYLINDRICAL_SURFACE ( 'NONE', #3582, 1.749999999999999778 ) ;
#7853 = CARTESIAN_POINT ( 'NONE',  ( -35.19999999999999574, 0.009999999999899845948, 17.25002857166180803 ) ) ;
#7854 = CARTESIAN_POINT ( 'NONE',  ( -7.099999999999996980, -17.99999999999999645, 12.00000000000000000 ) ) ;
#7855 = ORIENTED_EDGE ( 'NONE', *, *, #5625, .F. ) ;
#7856 = DIRECTION ( 'NONE',  ( 1.000000000000000000, 0.000000000000000000, 0.000000000000000000 ) ) ;
#7857 = LINE ( 'NONE', #417, #7840 ) ;
#7858 = VERTEX_POINT ( 'NONE', #7993 ) ;
#7859 = EDGE_CURVE ( 'NONE', #4718, #1182, #358, .T. ) ;
#7860 = CARTESIAN_POINT ( 'NONE',  ( -34.11747538374510214, -5.263801106786290873, 11.74925412568319238 ) ) ;
#7861 = ORIENTED_EDGE ( 'NONE', *, *, #899, .T. ) ;
#7862 = EDGE_CURVE ( 'NONE', #1201, #4081, #4459, .T. ) ;
#7863 = ORIENTED_EDGE ( 'NONE', *, *, #3334, .F. ) ;
#7864 = CARTESIAN_POINT ( 'NONE',  ( -51.25800526366317911, -1.486522398393244293, 9.509752266060537806 ) ) ;
#7865 = CARTESIAN_POINT ( 'NONE',  ( -51.10000000000000853, 1.469693845669912236, 9.500000000000005329 ) ) ;
#7866 = LINE ( 'NONE', #5441, #6985 ) ;
#7867 = CARTESIAN_POINT ( 'NONE',  ( -32.82893218813453728, 22.00000000000000000, 24.00000000000000000 ) ) ;
#7868 = B_SPLINE_CURVE_WITH_KNOTS ( 'NONE', 3,
 ( #803, #1998, #3865, #3348, #4397, #4437, #5132, #5834, #6370, #82, #5012, #762, #7513, #4518, #7632, #1912, #7021, #3898, #3786, #2038, #6947, #6291, #1406, #690, #2700, #3189 ),
 .UNSPECIFIED., .F., .F.,
 ( 4, 2, 2, 2, 2, 2, 2, 2, 2, 2, 2, 2, 4 ),
 ( 0.006663291295494943624, 0.007080042496648154826, 0.007496793697801366896, 0.007913544898954578966, 0.008330296100107791035, 0.009163798502414215175, 0.009997300904720639314, 0.01083080330702706345, 0.01166430570933348759, 0.01208105691048669619, 0.01249780811163990479, 0.01291455931279311339, 0.01333131051394632199 ),
 .UNSPECIFIED. ) ;
#7869 = CARTESIAN_POINT ( 'NONE',  ( -31.92162125074719725, -8.750225398881985583, 11.87309245071056019 ) ) ;
#7870 = ADVANCED_FACE ( 'NONE', ( #2243 ), #5416, .F. ) ;
#7871 = ORIENTED_EDGE ( 'NONE', *, *, #2928, .F. ) ;
#7872 = CARTESIAN_POINT ( 'NONE',  ( -10.90180841670001755, -34.08819856468882392, -5.500000000000001776 ) ) ;
#7873 = DIRECTION ( 'NONE',  ( -0.000000000000000000, -0.000000000000000000, -1.000000000000000000 ) ) ;
#7874 = DIRECTION ( 'NONE',  ( -1.000000000000000000, 0.000000000000000000, 0.000000000000000000 ) ) ;
#7875 = CARTESIAN_POINT ( 'NONE',  ( 9.363132992788662179, 18.48240745160056520, 9.517592548399438357 ) ) ;
#7876 = CARTESIAN_POINT ( 'NONE',  ( -35.08709523028639410, 1.738803474709463170, 19.22821703114747294 ) ) ;
#7877 = ORIENTED_EDGE ( 'NONE', *, *, #7688, .F. ) ;
#7878 = VECTOR ( 'NONE', #1955, 1000.000000000000000 ) ;
#7879 = EDGE_CURVE ( 'NONE', #5055, #7823, #5721, .T. ) ;
#7880 = DIRECTION ( 'NONE',  ( 0.000000000000000000, 0.000000000000000000, -1.000000000000000000 ) ) ;
#7881 = PLANE ( 'NONE',  #6017 ) ;
#7882 = DIRECTION ( 'NONE',  ( 0.000000000000000000, 0.000000000000000000, 1.000000000000000000 ) ) ;
#7883 = CARTESIAN_POINT ( 'NONE',  ( -20.71778695723698860, -22.86193421515775981, 5.000000000000000000 ) ) ;
#7884 = CARTESIAN_POINT ( 'NONE',  ( -32.26656661986359609, 8.339072264834678450, 10.86744223308940072 ) ) ;
#7885 = ORIENTED_EDGE ( 'NONE', *, *, #4861, .T. ) ;
#7886 = AXIS2_PLACEMENT_3D ( 'NONE', #2795, #7166, #6664 ) ;
#7887 = ORIENTED_EDGE ( 'NONE', *, *, #6187, .T. ) ;
#7888 = CARTESIAN_POINT ( 'NONE',  ( -39.90000000000000568, -6.098637220230962441E-16, 5.000000000000000000 ) ) ;
#7889 = LINE ( 'NONE', #2875, #22 ) ;
#7890 = CARTESIAN_POINT ( 'NONE',  ( -47.10000000000000142, -43.10000000000001563, 10.50000000000000178 ) ) ;
#7891 = ORIENTED_EDGE ( 'NONE', *, *, #6208, .T. ) ;
#7892 = CARTESIAN_POINT ( 'NONE',  ( -8.100000000000015632, -20.59876556899592970, -2.022562477450157381 ) ) ;
#7893 = CARTESIAN_POINT ( 'NONE',  ( 15.17106781186546449, 22.00000000000000355, 16.00000000000000000 ) ) ;
#7894 = ORIENTED_EDGE ( 'NONE', *, *, #659, .T. ) ;
#7895 = CARTESIAN_POINT ( 'NONE',  ( -52.10000000000001563, 4.622445746416929069, 10.36840468474103361 ) ) ;
#7896 = AXIS2_PLACEMENT_3D ( 'NONE', #4331, #1885, #702 ) ;
#7897 = ADVANCED_FACE ( 'NONE', ( #2355 ), #6112, .F. ) ;
#7898 = VECTOR ( 'NONE', #4277, 1000.000000000000000 ) ;
#7899 = DIRECTION ( 'NONE',  ( -1.000000000000000000, -9.941108744852765039E-17, -0.000000000000000000 ) ) ;
#7900 = CIRCLE ( 'NONE', #7777, 2.600000000000000089 ) ;
#7901 = LINE ( 'NONE', #425, #1870 ) ;
#7902 = EDGE_CURVE ( 'NONE', #7273, #7175, #5928, .T. ) ;
#7903 = CARTESIAN_POINT ( 'NONE',  ( -35.19382164771547394, 0.4669092279707482973, 6.702003278467437042 ) ) ;
#7904 = DIRECTION ( 'NONE',  ( 1.000000000000000000, 0.000000000000000000, 0.000000000000000000 ) ) ;
#7905 = CARTESIAN_POINT ( 'NONE',  ( -35.19999999999999574, 0.009999999999899849418, 21.00000000000000000 ) ) ;
#7906 = EDGE_CURVE ( 'NONE', #4577, #5980, #490, .T. ) ;
#7907 = ORIENTED_EDGE ( 'NONE', *, *, #7013, .F. ) ;
#7908 = EDGE_CURVE ( 'NONE', #2262, #7758, #4717, .T. ) ;
#7909 = ORIENTED_EDGE ( 'NONE', *, *, #1372, .F. ) ;
#7910 = DIRECTION ( 'NONE',  ( 0.000000000000000000, 0.000000000000000000, 1.000000000000000000 ) ) ;
#7911 = DIRECTION ( 'NONE',  ( -0.000000000000000000, -0.000000000000000000, -1.000000000000000000 ) ) ;
#7912 = CARTESIAN_POINT ( 'NONE',  ( -41.11539431425246960, -0.5453854718413967406, 20.66851432206667027 ) ) ;
#7913 = LINE ( 'NONE', #2316, #1328 ) ;
#7914 = CARTESIAN_POINT ( 'NONE',  ( 8.100000000000019185, -22.66650178798430915, -3.573159076890112917 ) ) ;
#7915 = EDGE_CURVE ( 'NONE', #6987, #4548, #1006, .T. ) ;
#7916 = ORIENTED_EDGE ( 'NONE', *, *, #4494, .F. ) ;
#7917 = DIRECTION ( 'NONE',  ( -0.7071067811865473507, -0.7071067811865477948, 0.000000000000000000 ) ) ;
#7918 = AXIS2_PLACEMENT_3D ( 'NONE', #5892, #938, #7237 ) ;
#7919 = CARTESIAN_POINT ( 'NONE',  ( 34.50797383376819027, -4.247078398310606850, 9.441268743830745436 ) ) ;
#7920 = CARTESIAN_POINT ( 'NONE',  ( 13.67381992877800201, -30.48598827718941351, 5.576198242265961724 ) ) ;
#7921 = CARTESIAN_POINT ( 'NONE',  ( -12.96451843998241849, -30.90322444706913174, 6.049391905239191125 ) ) ;
#7922 = CARTESIAN_POINT ( 'NONE',  ( -32.01763318934016667, 8.639273510930982169, 11.37535480182867076 ) ) ;
#7923 = CIRCLE ( 'NONE', #4404, 3.750000000000001776 ) ;
#7924 = CYLINDRICAL_SURFACE ( 'NONE', #3589, 11.09999999999999609 ) ;
#7925 = CARTESIAN_POINT ( 'NONE',  ( -14.76853963952190085, -26.36149146087251793, -0.9330966775952460601 ) ) ;
#7926 = ORIENTED_EDGE ( 'NONE', *, *, #2584, .T. ) ;
#7927 = DIRECTION ( 'NONE',  ( 0.000000000000000000, 0.000000000000000000, 1.000000000000000000 ) ) ;
#7928 = CARTESIAN_POINT ( 'NONE',  ( 39.89999999999999147, 6.938893903907228378E-15, 9.400000000000000355 ) ) ;
#7929 = B_SPLINE_CURVE_WITH_KNOTS ( 'NONE', 3,
 ( #3412, #2269, #7825, #2887, #3457, #4628, #5403, #7133, #5906, #7864, #7252, #1526 ),
 .UNSPECIFIED., .F., .F.,
 ( 4, 2, 2, 2, 2, 4 ),
 ( 0.000000000000000000, 0.0004692038875703228619, 0.0009384077751406457238, 0.001407611662710968803, 0.001642213606496138473, 0.001876815550281307711 ),
 .UNSPECIFIED. ) ;
#7930 = LINE ( 'NONE', #1638, #7643 ) ;
#7931 = AXIS2_PLACEMENT_3D ( 'NONE', #7056, #2771, #2655 ) ;
#7932 = ORIENTED_EDGE ( 'NONE', *, *, #5044, .T. ) ;
#7933 = CYLINDRICAL_SURFACE ( 'NONE', #2279, 0.9999999999999991118 ) ;
#7934 = CARTESIAN_POINT ( 'NONE',  ( -13.27743229591008856, -30.71915747299403776, -2.568471007018297669 ) ) ;
#7935 = ORIENTED_EDGE ( 'NONE', *, *, #828, .T. ) ;
#7936 = CARTESIAN_POINT ( 'NONE',  ( -51.72355327481841414, 4.335074973525342656, 9.715507906199157162 ) ) ;
#7937 = EDGE_CURVE ( 'NONE', #6930, #5233, #2456, .T. ) ;
#7938 = EDGE_CURVE ( 'NONE', #3035, #5883, #725, .T. ) ;
#7939 = CARTESIAN_POINT ( 'NONE',  ( -44.55000000000004690, -1.734723419696314672E-15, 17.24999999999999645 ) ) ;
#7940 = DIRECTION ( 'NONE',  ( -0.000000000000000000, -0.000000000000000000, -1.000000000000000000 ) ) ;
#7941 = CARTESIAN_POINT ( 'NONE',  ( -35.15776259639429213, 1.072912428254511719, 6.387168858298342577 ) ) ;
#7942 = CARTESIAN_POINT ( 'NONE',  ( -42.58456515516913043, -7.000000000000000000, 10.25000000000000000 ) ) ;
#7943 = CARTESIAN_POINT ( 'NONE',  ( 15.17106781186546449, 20.00000000000000355, 24.00000000000000000 ) ) ;
#7944 = VERTEX_POINT ( 'NONE', #602 ) ;
#7945 = ORIENTED_EDGE ( 'NONE', *, *, #4400, .T. ) ;
#7946 = EDGE_LOOP ( 'NONE', ( #379, #7947, #4742, #4463, #1698 ) ) ;
#7947 = ORIENTED_EDGE ( 'NONE', *, *, #3480, .F. ) ;
#7948 = CARTESIAN_POINT ( 'NONE',  ( -10.90000000000001457, -4.000000000000002665, 0.000000000000000000 ) ) ;
#7949 = PLANE ( 'NONE',  #3444 ) ;
#7950 = CARTESIAN_POINT ( 'NONE',  ( -39.89999999999999858, -6.311724647207922168E-15, 12.00000000000000000 ) ) ;
#7951 = AXIS2_PLACEMENT_3D ( 'NONE', #923, #805, #3422 ) ;
#7952 = ORIENTED_EDGE ( 'NONE', *, *, #2254, .T. ) ;
#7953 = ORIENTED_EDGE ( 'NONE', *, *, #7859, .F. ) ;
#7954 = CARTESIAN_POINT ( 'NONE',  ( -20.21076683067359525, -20.99999999999999289, 24.00000000000000000 ) ) ;
#7955 = CARTESIAN_POINT ( 'NONE',  ( -4.828932188134533732, 18.00000000000000355, 16.00000000000000000 ) ) ;
#7956 = ORIENTED_EDGE ( 'NONE', *, *, #2918, .F. ) ;
#7957 = EDGE_CURVE ( 'NONE', #394, #950, #3701, .T. ) ;
#7958 = AXIS2_PLACEMENT_3D ( 'NONE', #7980, #3036, #1021 ) ;
#7959 = ORIENTED_EDGE ( 'NONE', *, *, #7003, .F. ) ;
#7960 = DIRECTION ( 'NONE',  ( -1.000000000000000000, -9.941108744852763806E-17, 2.775557561562890858E-16 ) ) ;
#7961 = AXIS2_PLACEMENT_3D ( 'NONE', #7677, #205, #4941 ) ;
#7962 = CARTESIAN_POINT ( 'NONE',  ( -32.82893218813453728, 20.00000000000000000, 24.00000000000000000 ) ) ;
#7963 = CARTESIAN_POINT ( 'NONE',  ( 34.76547611946882199, -3.381022991652586018, 10.98377990923707159 ) ) ;
#7964 = CARTESIAN_POINT ( 'NONE',  ( 11.62250453308098486, -32.29505336957976169, -4.579606205444378908 ) ) ;
#7965 = VECTOR ( 'NONE', #3821, 1000.000000000000000 ) ;
#7966 = DIRECTION ( 'NONE',  ( -1.387778780781445676E-16, -1.379605977354753764E-32, -1.000000000000000000 ) ) ;
#7967 = CARTESIAN_POINT ( 'NONE',  ( -32.26193420191260941, 8.346929491352732100, 13.13902443537734932 ) ) ;
#7968 = AXIS2_PLACEMENT_3D ( 'NONE', #2524, #716, #2028 ) ;
#7969 = LINE ( 'NONE', #2293, #3217 ) ;
#7970 = CIRCLE ( 'NONE', #3799, 11.09999999999999609 ) ;
#7971 = EDGE_LOOP ( 'NONE', ( #7953, #5788, #418, #812 ) ) ;
#7972 = LINE ( 'NONE', #539, #457 ) ;
#7973 = CARTESIAN_POINT ( 'NONE',  ( 11.83431754716743534, -32.00000000000000000, 18.46638831946455284 ) ) ;
#7974 = CYLINDRICAL_SURFACE ( 'NONE', #6720, 0.9999999999999991118 ) ;
#7975 = AXIS2_PLACEMENT_3D ( 'NONE', #6225, #4894, #663 ) ;
#7976 = VECTOR ( 'NONE', #1143, 1000.000000000000000 ) ;
#7977 = DIRECTION ( 'NONE',  ( 0.000000000000000000, 1.000000000000000000, 0.000000000000000000 ) ) ;
#7978 = FACE_OUTER_BOUND ( 'NONE', #1228, .T. ) ;
#7979 = ORIENTED_EDGE ( 'NONE', *, *, #7529, .T. ) ;
#7980 = CARTESIAN_POINT ( 'NONE',  ( 33.00000000000000000, -13.50000000000000178, 0.000000000000000000 ) ) ;
#7981 = PLANE ( 'NONE',  #13 ) ;
#7982 = LINE ( 'NONE', #6884, #276 ) ;
#7983 = CARTESIAN_POINT ( 'NONE',  ( -35.12783511428881411, 1.394533561296509738, 6.063328896651853483 ) ) ;
#7984 = CARTESIAN_POINT ( 'NONE',  ( 32.57198533027882803, 7.948937229111812108, 8.364410516519091843 ) ) ;
#7985 = CARTESIAN_POINT ( 'NONE',  ( -44.43737792637011808, 5.335234891344724062, 11.44313125690833033 ) ) ;
#7986 = VERTEX_POINT ( 'NONE', #6201 ) ;
#7987 = ORIENTED_EDGE ( 'NONE', *, *, #5508, .F. ) ;
#7988 = ORIENTED_EDGE ( 'NONE', *, *, #5975, .F. ) ;
#7989 = AXIS2_PLACEMENT_3D ( 'NONE', #2569, #6984, #3746 ) ;
#7990 = ORIENTED_EDGE ( 'NONE', *, *, #7418, .T. ) ;
#7991 = PLANE ( 'NONE',  #6391 ) ;
#7992 = CARTESIAN_POINT ( 'NONE',  ( -38.43553390593273633, -14.46446609406726047, 24.00000000000000000 ) ) ;
#7993 = CARTESIAN_POINT ( 'NONE',  ( 34.81832843119907750, -3.172144385112382281, 21.00000000000000000 ) ) ;
#7994 = ORIENTED_EDGE ( 'NONE', *, *, #4515, .F. ) ;
#7995 = EDGE_CURVE ( 'NONE', #2460, #1160, #3825, .T. ) ;
#7996 = ORIENTED_EDGE ( 'NONE', *, *, #7203, .T. ) ;
#7997 = LINE ( 'NONE', #2358, #2784 ) ;
#7998 = CARTESIAN_POINT ( 'NONE',  ( 22.49999999999997868, 18.58578643762691840, 9.414213562373078048 ) ) ;
#7999 = ORIENTED_EDGE ( 'NONE', *, *, #7223, .F. ) ;
#8000 = ORIENTED_EDGE ( 'NONE', *, *, #5817, .T. ) ;
#8001 = VECTOR ( 'NONE', #3378, 1000.000000000000000 ) ;
#8002 = VECTOR ( 'NONE', #6442, 1000.000000000000000 ) ;
#8003 = DIRECTION ( 'NONE',  ( -9.941108744852765039E-17, 1.000000000000000000, -0.000000000000000000 ) ) ;
#8004 = PLANE ( 'NONE',  #362 ) ;
#8005 = EDGE_CURVE ( 'NONE', #736, #2662, #3657, .T. ) ;
#8006 = CARTESIAN_POINT ( 'NONE',  ( 34.37571340350344684, -4.621725482253296491, 14.91024529408786492 ) ) ;
#8007 = CARTESIAN_POINT ( 'NONE',  ( 0.000000000000000000, 0.000000000000000000, 5.000000000000000000 ) ) ;
#8008 = CARTESIAN_POINT ( 'NONE',  ( -46.10000000000000142, 4.664761515876235443, 10.50000000000000178 ) ) ;
#8009 = VERTEX_POINT ( 'NONE', #560 ) ;
#8010 = CIRCLE ( 'NONE', #1473, 14.09999999999999432 ) ;
#8011 = EDGE_CURVE ( 'NONE', #5118, #546, #6628, .T. ) ;
#8012 = CARTESIAN_POINT ( 'NONE',  ( -13.40894241220451732, -25.41283789321709818, -1.392764127182513967 ) ) ;
#8013 = ADVANCED_FACE ( 'NONE', ( #1818 ), #3102, .F. ) ;
#8014 = ADVANCED_FACE ( 'NONE', ( #6813 ), #6326, .F. ) ;
#8015 = ORIENTED_EDGE ( 'NONE', *, *, #968, .F. ) ;
#8016 = ORIENTED_EDGE ( 'NONE', *, *, #4858, .F. ) ;
#8017 = CARTESIAN_POINT ( 'NONE',  ( -15.18125807830966956, -20.99999999999998934, -0.06367671942972316645 ) ) ;
#8018 = CARTESIAN_POINT ( 'NONE',  ( -13.40894241220451555, -21.73394245914823841, -0.5056028699191369435 ) ) ;
#8019 = VECTOR ( 'NONE', #1489, 1000.000000000000000 ) ;
#8020 = DIRECTION ( 'NONE',  ( 1.387778780781445676E-16, 1.379605977354753764E-32, 1.000000000000000000 ) ) ;
#8021 = VERTEX_POINT ( 'NONE', #2485 ) ;
#8022 = CARTESIAN_POINT ( 'NONE',  ( -21.90999999999990067, -13.30000000000000071, 21.00000000000000000 ) ) ;
#8023 = DIRECTION ( 'NONE',  ( -1.000000000000000000, 0.000000000000000000, 4.956352788505163268E-16 ) ) ;
#8024 = VERTEX_POINT ( 'NONE', #5007 ) ;
#8025 = DIRECTION ( 'NONE',  ( 1.000000000000000000, -0.000000000000000000, -0.000000000000000000 ) ) ;
#8026 = EDGE_CURVE ( 'NONE', #5233, #6930, #883, .T. ) ;
#8027 = EDGE_CURVE ( 'NONE', #1775, #1575, #3182, .T. ) ;
#8028 = B_SPLINE_CURVE_WITH_KNOTS ( 'NONE', 3,
 ( #6739, #2256, #4841, #6622, #6045, #6085, #408, #3025, #7884, #2906, #7277, #7922, #444, #7238, #7314, #5467, #1011, #2981, #3587, #3512, #7967, #4800, #7355, #4730, #3627, #6656 ),
 .UNSPECIFIED., .F., .F.,
 ( 4, 2, 2, 2, 2, 2, 2, 2, 2, 2, 2, 2, 4 ),
 ( 0.000000000000000000, 0.0007627863561976853859, 0.001144179534296533825, 0.001525572712395382264, 0.001906965890494230704, 0.002288359068593078926, 0.002669752246691927799, 0.003051145424790776238, 0.003432538602889624677, 0.003813931780988473550, 0.004576718137186175199, 0.005339504493383877282, 0.006102290849581579364 ),
 .UNSPECIFIED. ) ;
#8029 = CIRCLE ( 'NONE', #4617, 2.000000000000001776 ) ;
#8030 = CYLINDRICAL_SURFACE ( 'NONE', #5346, 1.500000000000000222 ) ;
#8031 = DIRECTION ( 'NONE',  ( 1.000000000000000000, 0.000000000000000000, 0.000000000000000000 ) ) ;
#8032 = EDGE_CURVE ( 'NONE', #5064, #3527, #5942, .T. ) ;
#8033 = ORIENTED_EDGE ( 'NONE', *, *, #2873, .F. ) ;
#8034 = CARTESIAN_POINT ( 'NONE',  ( 37.89999999999999147, -7.000000000000000888, 12.00000000000000000 ) ) ;
#8035 = DIRECTION ( 'NONE',  ( -0.000000000000000000, -0.000000000000000000, 1.000000000000000000 ) ) ;
#8036 = AXIS2_PLACEMENT_3D ( 'NONE', #1343, #3879, #3844 ) ;
#8037 = CARTESIAN_POINT ( 'NONE',  ( -41.29235081809177643, 8.450988647232200890, 12.98563849163351946 ) ) ;
#8038 = ORIENTED_EDGE ( 'NONE', *, *, #1661, .T. ) ;
#8039 = AXIS2_PLACEMENT_3D ( 'NONE', #1672, #7927, #3592 ) ;
#8040 = ORIENTED_EDGE ( 'NONE', *, *, #4641, .T. ) ;
#8041 = ORIENTED_EDGE ( 'NONE', *, *, #2755, .T. ) ;
#8042 = DIRECTION ( 'NONE',  ( 0.000000000000000000, 0.000000000000000000, 1.000000000000000000 ) ) ;
#8043 = CARTESIAN_POINT ( 'NONE',  ( 8.000000000000000000, 24.00000000000000000, 4.999999999999998224 ) ) ;
#8044 = CARTESIAN_POINT ( 'NONE',  ( 30.07522944417877397, -10.49734118448878561, 13.37738919314953101 ) ) ;
#8045 = ORIENTED_EDGE ( 'NONE', *, *, #1877, .F. ) ;
#8046 = ORIENTED_EDGE ( 'NONE', *, *, #5387, .F. ) ;
#8047 = CARTESIAN_POINT ( 'NONE',  ( 9.500000000000007105, 20.00000000000000000, 1.999999999999998224 ) ) ;
#8048 = CARTESIAN_POINT ( 'NONE',  ( -44.37542010582852470, -5.382736948737319338, 12.68026009211218863 ) ) ;
#8049 = VERTEX_POINT ( 'NONE', #5910 ) ;
#8050 = EDGE_CURVE ( 'NONE', #743, #1602, #111, .T. ) ;
#8051 = EDGE_LOOP ( 'NONE', ( #5636, #2601, #3099, #2068, #6500, #5678 ) ) ;
#8052 = CARTESIAN_POINT ( 'NONE',  ( 23.88307512300519519, -20.99999999999998934, 24.00000000000000000 ) ) ;
#8053 = CARTESIAN_POINT ( 'NONE',  ( -35.19999999999999574, -0.01000000000000653144, 3.250028571661816024 ) ) ;
#8054 = ORIENTED_EDGE ( 'NONE', *, *, #3218, .F. ) ;
#8055 = DIRECTION ( 'NONE',  ( 0.000000000000000000, 0.000000000000000000, 1.000000000000000000 ) ) ;
#8056 = LINE ( 'NONE', #4888, #5413 ) ;
#8057 = CARTESIAN_POINT ( 'NONE',  ( -9.303159186392926827, 18.39583901342356498, 9.626323362083189394 ) ) ;
#8058 = ORIENTED_EDGE ( 'NONE', *, *, #4494, .T. ) ;
#8059 = EDGE_CURVE ( 'NONE', #707, #4932, #3621, .T. ) ;
#8060 = ORIENTED_EDGE ( 'NONE', *, *, #8059, .F. ) ;
#8061 = DIRECTION ( 'NONE',  ( -1.000000000000000000, 0.000000000000000000, 0.000000000000000000 ) ) ;
#8062 = VECTOR ( 'NONE', #1748, 1000.000000000000000 ) ;
#8063 = EDGE_LOOP ( 'NONE', ( #8078, #6552, #2817, #3247 ) ) ;
#8064 = DIRECTION ( 'NONE',  ( -9.941108744852763806E-17, 1.000000000000000000, 0.000000000000000000 ) ) ;
#8065 = DIRECTION ( 'NONE',  ( 0.000000000000000000, 0.000000000000000000, 1.000000000000000000 ) ) ;
#8066 = FACE_BOUND ( 'NONE', #5301, .T. ) ;
#8067 = VERTEX_POINT ( 'NONE', #6483 ) ;
#8068 = DIRECTION ( 'NONE',  ( -1.387778780781445676E-16, -1.379605977354753764E-32, -1.000000000000000000 ) ) ;
#8069 = CARTESIAN_POINT ( 'NONE',  ( -33.94720305674507443, 5.643433517214322848, 10.88812521043332637 ) ) ;
#8070 = ORIENTED_EDGE ( 'NONE', *, *, #1207, .T. ) ;
#8071 = DIRECTION ( 'NONE',  ( -1.000000000000000000, -9.637352644315595243E-17, 0.000000000000000000 ) ) ;
#8072 = AXIS2_PLACEMENT_3D ( 'NONE', #213, #5342, #970 ) ;
#8073 = ADVANCED_FACE ( 'NONE', ( #2115 ), #4514, .F. ) ;
#8074 = EDGE_CURVE ( 'NONE', #6072, #3930, #5832, .T. ) ;
#8075 = ADVANCED_FACE ( 'NONE', ( #3896 ), #7741, .F. ) ;
#8076 = LINE ( 'NONE', #2518, #3653 ) ;
#8077 = LINE ( 'NONE', #549, #3158 ) ;
#8078 = ORIENTED_EDGE ( 'NONE', *, *, #2311, .F. ) ;
#8079 = DIRECTION ( 'NONE',  ( 1.000000000000000000, 0.000000000000000000, 0.000000000000000000 ) ) ;
#8080 = CARTESIAN_POINT ( 'NONE',  ( -41.74015231064075948, -1.506736367594503356, 4.080348526254046426 ) ) ;
#8081 = CARTESIAN_POINT ( 'NONE',  ( -11.15784067908837862, -33.19299948207869733, 8.887682433854722674 ) ) ;
#8082 = ORIENTED_EDGE ( 'NONE', *, *, #6071, .T. ) ;
#8083 = ORIENTED_EDGE ( 'NONE', *, *, #6740, .F. ) ;
#8084 = EDGE_CURVE ( 'NONE', #3822, #7026, #5292, .T. ) ;
#8085 = ORIENTED_EDGE ( 'NONE', *, *, #985, .T. ) ;
#8086 = DIRECTION ( 'NONE',  ( -1.000000000000000000, -2.815536131330090089E-16, 0.000000000000000000 ) ) ;
#8087 = CARTESIAN_POINT ( 'NONE',  ( -35.15033246058881389, -1.160788314586215675, 3.685357592573684560 ) ) ;
#8088 = DIRECTION ( 'NONE',  ( -0.000000000000000000, 0.000000000000000000, -1.000000000000000000 ) ) ;
#8089 = ORIENTED_EDGE ( 'NONE', *, *, #7219, .T. ) ;
#8090 = VERTEX_POINT ( 'NONE', #2153 ) ;
#8091 = DIRECTION ( 'NONE',  ( -0.000000000000000000, -0.000000000000000000, 1.000000000000000000 ) ) ;
#8092 = CARTESIAN_POINT ( 'NONE',  ( 34.89999999999999147, 20.00000000000000355, 10.82842712474617919 ) ) ;
#8093 = ORIENTED_EDGE ( 'NONE', *, *, #4969, .T. ) ;
ENDSEC;
END-ISO-10303-21;
