ISO-10303-21;
HEADER;
FILE_DESCRIPTION (( 'STEP AP214' ),
    '1' );
FILE_NAME ('camera_tracker_bearing_mount.STEP',
    '2026-05-22T03:47:32',
    ( '' ),
    ( '' ),
    'SwSTEP 2.0',
    'SolidWorks 2024',
    '' );
FILE_SCHEMA (( 'AUTOMOTIVE_DESIGN' ));
ENDSEC;

DATA;
#1 = ORIENTED_EDGE ( 'NONE', *, *, #1285, .T. ) ;
#2 = VERTEX_POINT ( 'NONE', #1330 ) ;
#3 = VECTOR ( 'NONE', #1130, 1000.000000000000000 ) ;
#4 = ORIENTED_EDGE ( 'NONE', *, *, #1081, .T. ) ;
#5 = PLANE ( 'NONE',  #1017 ) ;
#6 = B_SPLINE_CURVE_WITH_KNOTS ( 'NONE', 3,
 ( #1218, #948, #521, #1388, #404, #302, #310, #735, #955, #1396, #1291, #743, #361, #1008, #1107, #1338, #34, #134, #1244, #798, #564, #482, #473, #1237, #39, #242, #1136, #575, #694, #811, #1360, #460 ),
 .UNSPECIFIED., .F., .F.,
 ( 4, 2, 2, 2, 2, 2, 2, 2, 2, 2, 2, 2, 2, 2, 2, 4 ),
 ( 0.01456535630580097808, 0.01522514856093455660, 0.01588494081606813685, 0.01654473307120171363, 0.01720452532633529388, 0.01786431758146887067, 0.01852410983660245092, 0.01918390209173602770, 0.01984369434686960795, 0.02050348660200318474, 0.02116327885713676499, 0.02182307111227034524, 0.02248286336740392202, 0.02314265562253749881, 0.02380244787767107906, 0.02512203238793823956 ),
 .UNSPECIFIED. ) ;
#7 = ADVANCED_FACE ( 'NONE', ( #684, #900, #468 ), #566, .F. ) ;
#8 = CARTESIAN_POINT ( 'NONE',  ( -125.8953393339530038, -9.356406460551029980, 15.00000000000000000 ) ) ;
#9 = FACE_OUTER_BOUND ( 'NONE', #215, .T. ) ;
#10 = EDGE_LOOP ( 'NONE', ( #1296, #728 ) ) ;
#11 = ORIENTED_EDGE ( 'NONE', *, *, #573, .T. ) ;
#12 = AXIS2_PLACEMENT_3D ( 'NONE', #213, #544, #982 ) ;
#13 = DIRECTION ( 'NONE',  ( -0.000000000000000000, 0.000000000000000000, 1.000000000000000000 ) ) ;
#14 = SURFACE_STYLE_USAGE ( .BOTH. , #1062 ) ;
#15 = FACE_OUTER_BOUND ( 'NONE', #765, .T. ) ;
#16 = CARTESIAN_POINT ( 'NONE',  ( -112.6000000000000369, 13.77157287525382934, 0.000000000000000000 ) ) ;
#17 = ORIENTED_EDGE ( 'NONE', *, *, #1306, .T. ) ;
#18 = ORIENTED_EDGE ( 'NONE', *, *, #169, .F. ) ;
#19 = ADVANCED_FACE ( 'NONE', ( #1129 ), #1232, .F. ) ;
#20 = ORIENTED_EDGE ( 'NONE', *, *, #773, .T. ) ;
#21 = DIRECTION ( 'NONE',  ( -0.000000000000000000, -0.000000000000000000, -1.000000000000000000 ) ) ;
#22 = VECTOR ( 'NONE', #63, 1000.000000000000000 ) ;
#23 = AXIS2_PLACEMENT_3D ( 'NONE', #935, #828, #184 ) ;
#24 = ORIENTED_EDGE ( 'NONE', *, *, #501, .T. ) ;
#25 = ORIENTED_EDGE ( 'NONE', *, *, #1194, .F. ) ;
#26 = APPLICATION_CONTEXT ( 'automotive_design' ) ;
#27 = EDGE_LOOP ( 'NONE', ( #354, #612 ) ) ;
#28 = CARTESIAN_POINT ( 'NONE',  ( -111.5999999999999943, 15.59999999999998188, 4.999999999999999112 ) ) ;
#29 = CYLINDRICAL_SURFACE ( 'NONE', #633, 1.750000000000001554 ) ;
#30 = EDGE_LOOP ( 'NONE', ( #110, #1082, #25, #1001 ) ) ;
#31 = ADVANCED_FACE ( 'NONE', ( #1154 ), #159, .T. ) ;
#32 = EDGE_LOOP ( 'NONE', ( #1365, #431, #1193, #934 ) ) ;
#33 = VECTOR ( 'NONE', #843, 999.9999999999998863 ) ;
#34 = CARTESIAN_POINT ( 'NONE',  ( -117.3683437632993787, 9.850497579579169383, 14.05169987458543979 ) ) ;
#35 = ADVANCED_FACE ( 'NONE', ( #1273 ), #592, .T. ) ;
#36 = FACE_BOUND ( 'NONE', #689, .T. ) ;
#37 = ORIENTED_EDGE ( 'NONE', *, *, #1220, .T. ) ;
#38 = ORIENTED_EDGE ( 'NONE', *, *, #885, .T. ) ;
#39 = CARTESIAN_POINT ( 'NONE',  ( -119.7457323916032692, 10.74365320442881533, 13.57761995293598645 ) ) ;
#40 = CARTESIAN_POINT ( 'NONE',  ( -126.7627359431023848, 10.85403146319124623, 14.04781463043393508 ) ) ;
#41 = VECTOR ( 'NONE', #1070, 1000.000000000000114 ) ;
#42 = EDGE_LOOP ( 'NONE', ( #876, #674, #738, #744 ) ) ;
#43 = DIRECTION ( 'NONE',  ( -1.885568995626969957E-16, -1.000000000000000000, 0.000000000000000000 ) ) ;
#44 = ORIENTED_EDGE ( 'NONE', *, *, #573, .F. ) ;
#45 = CARTESIAN_POINT ( 'NONE',  ( -128.8953393339529612, 6.356406460550997117, 0.000000000000000000 ) ) ;
#46 = DIRECTION ( 'NONE',  ( 0.000000000000000000, 0.000000000000000000, -1.000000000000000000 ) ) ;
#47 = AXIS2_PLACEMENT_3D ( 'NONE', #1094, #115, #989 ) ;
#48 = CARTESIAN_POINT ( 'NONE',  ( -119.3500000000000085, -12.85000000000001563, 0.000000000000000000 ) ) ;
#49 = CARTESIAN_POINT ( 'NONE',  ( -110.6000000000000369, -7.600000000000007638, 4.999999999999999112 ) ) ;
#50 = VECTOR ( 'NONE', #1072, 1000.000000000000000 ) ;
#51 = CARTESIAN_POINT ( 'NONE',  ( -115.1563212863275965, -11.09878166078266482, 14.36965560665021435 ) ) ;
#52 = ORIENTED_EDGE ( 'NONE', *, *, #124, .T. ) ;
#53 = CARTESIAN_POINT ( 'NONE',  ( -124.2000000000000028, -8.599999999999997868, 8.000000000000000000 ) ) ;
#54 = VECTOR ( 'NONE', #1230, 1000.000000000000000 ) ;
#55 = CARTESIAN_POINT ( 'NONE',  ( -128.4934155453063056, -10.85640646055104064, 14.45493611631942699 ) ) ;
#56 = LINE ( 'NONE', #584, #919 ) ;
#57 = LINE ( 'NONE', #1033, #1399 ) ;
#58 = DIRECTION ( 'NONE',  ( 0.000000000000000000, 1.000000000000000000, -0.000000000000000000 ) ) ;
#59 = ORIENTED_EDGE ( 'NONE', *, *, #905, .F. ) ;
#60 = EDGE_CURVE ( 'NONE', #1314, #852, #502, .T. ) ;
#61 = ADVANCED_FACE ( 'NONE', ( #1378 ), #1355, .F. ) ;
#62 = CARTESIAN_POINT ( 'NONE',  ( -120.6000000000000085, 12.84999999999998721, 15.00000000000000000 ) ) ;
#63 = DIRECTION ( 'NONE',  ( -0.000000000000000000, -0.000000000000000000, -1.000000000000000000 ) ) ;
#64 = DIRECTION ( 'NONE',  ( 1.000000000000000000, 1.885568995626969957E-16, -0.000000000000000000 ) ) ;
#65 = DIRECTION ( 'NONE',  ( -0.000000000000000000, -1.000000000000000000, -0.000000000000000000 ) ) ;
#66 = DIRECTION ( 'NONE',  ( 1.000000000000000000, 0.000000000000000000, 0.000000000000000000 ) ) ;
#67 = VERTEX_POINT ( 'NONE', #702 ) ;
#68 = EDGE_CURVE ( 'NONE', #784, #420, #608, .T. ) ;
#69 = VERTEX_POINT ( 'NONE', #175 ) ;
#70 = DIRECTION ( 'NONE',  ( -0.000000000000000000, -0.000000000000000000, -1.000000000000000000 ) ) ;
#71 = CARTESIAN_POINT ( 'NONE',  ( -114.8431120908018244, 14.05227725627840840, 10.35735856161537072 ) ) ;
#72 = DIRECTION ( 'NONE',  ( 1.000000000000000000, -0.000000000000000000, -0.000000000000000000 ) ) ;
#73 = DIRECTION ( 'NONE',  ( -0.000000000000000000, -0.000000000000000000, -1.000000000000000000 ) ) ;
#74 = DIRECTION ( 'NONE',  ( -1.000000000000000000, 1.766429458238739927E-15, -0.000000000000000000 ) ) ;
#75 = DIRECTION ( 'NONE',  ( -1.000000000000000000, 0.000000000000000000, 0.000000000000000000 ) ) ;
#76 = ORIENTED_EDGE ( 'NONE', *, *, #604, .T. ) ;
#77 = EDGE_CURVE ( 'NONE', #216, #78, #686, .T. ) ;
#78 = VERTEX_POINT ( 'NONE', #813 ) ;
#79 = CARTESIAN_POINT ( 'NONE',  ( -120.2000000000000313, 0.000000000000000000, 0.000000000000000000 ) ) ;
#80 = PRODUCT_DEFINITION_SHAPE ( 'NONE', 'NONE',  #866 ) ;
#81 = DIRECTION ( 'NONE',  ( -0.000000000000000000, -0.000000000000000000, -1.000000000000000000 ) ) ;
#82 = B_SPLINE_CURVE_WITH_KNOTS ( 'NONE', 3,
 ( #794, #474, #577, #1245, #1144, #1015, #375, #1252, #912, #688, #467, #272, #701, #904, #1038, #1345, #166, #492, #927, #1354, #368, #280, #805, #263, #1035, #1027, #51, #586, #294, #698, #1157, #170, #285, #1140 ),
 .UNSPECIFIED., .F., .F.,
 ( 4, 2, 2, 2, 2, 2, 2, 2, 2, 2, 2, 2, 2, 2, 2, 2, 4 ),
 ( 0.01173697790474629438, 0.01234689972972038280, 0.01295682155469447122, 0.01356674337966855791, 0.01417666520464264633, 0.01478658702961673475, 0.01539650885459082144, 0.01600643067956490986, 0.01661635250453899829, 0.01722627432951308671, 0.01783619615448717513, 0.01844611797946126008, 0.01905603980443534851, 0.01966596162940943693, 0.02027588345438352535, 0.02088580527935761377, 0.02149572710433170220 ),
 .UNSPECIFIED. ) ;
#83 = EDGE_CURVE ( 'NONE', #985, #288, #273, .T. ) ;
#84 = DIRECTION ( 'NONE',  ( 1.000000000000000000, 0.000000000000000000, 0.000000000000000000 ) ) ;
#85 = DIRECTION ( 'NONE',  ( 0.000000000000000000, 1.000000000000000000, 0.000000000000000000 ) ) ;
#86 = MECHANICAL_DESIGN_GEOMETRIC_PRESENTATION_REPRESENTATION (  '', ( #1353 ), #391 ) ;
#87 = CARTESIAN_POINT ( 'NONE',  ( -110.6840099225485687, 14.36281561146579300, 9.825893741557369054 ) ) ;
#88 = AXIS2_PLACEMENT_3D ( 'NONE', #394, #1362, #1047 ) ;
#89 = ORIENTED_EDGE ( 'NONE', *, *, #60, .T. ) ;
#90 = CARTESIAN_POINT ( 'NONE',  ( -114.6000000000000227, 13.11922227497671045, 11.60409632186263273 ) ) ;
#91 = CARTESIAN_POINT ( 'NONE',  ( -47.99999999999954525, -47.99999999999993605, 15.00000000000000000 ) ) ;
#92 = DIRECTION ( 'NONE',  ( 0.000000000000000000, 1.000000000000000000, -0.000000000000000000 ) ) ;
#93 = CARTESIAN_POINT ( 'NONE',  ( -119.3500000000000085, 12.84999999999998721, 8.000000000000000000 ) ) ;
#94 = AXIS2_PLACEMENT_3D ( 'NONE', #400, #510, #407 ) ;
#95 = ORIENTED_EDGE ( 'NONE', *, *, #1285, .F. ) ;
#96 = CARTESIAN_POINT ( 'NONE',  ( -126.2000000000000028, -6.599999999999997868, 0.000000000000000000 ) ) ;
#97 = CARTESIAN_POINT ( 'NONE',  ( -120.2000000000000313, 0.000000000000000000, 0.000000000000000000 ) ) ;
#98 = CARTESIAN_POINT ( 'NONE',  ( -114.6000000000000085, -12.85000000000001563, 8.000000000000000000 ) ) ;
#99 = LINE ( 'NONE', #856, #643 ) ;
#100 = EDGE_CURVE ( 'NONE', #777, #349, #476, .T. ) ;
#101 = LINE ( 'NONE', #829, #264 ) ;
#102 = PLANE ( 'NONE',  #230 ) ;
#103 = CARTESIAN_POINT ( 'NONE',  ( -120.0381692969149157, -14.60745259415828556, 12.13725990880849714 ) ) ;
#104 = EDGE_CURVE ( 'NONE', #636, #699, #311, .T. ) ;
#105 = VERTEX_POINT ( 'NONE', #1039 ) ;
#106 = EDGE_CURVE ( 'NONE', #579, #1314, #56, .T. ) ;
#107 = DIRECTION ( 'NONE',  ( 1.000000000000000000, -1.766429458238739927E-15, 0.000000000000000000 ) ) ;
#108 = FACE_OUTER_BOUND ( 'NONE', #1359, .T. ) ;
#109 = CARTESIAN_POINT ( 'NONE',  ( -120.5213905029754073, -13.62498848877164725, 12.99345211313962700 ) ) ;
#110 = ORIENTED_EDGE ( 'NONE', *, *, #706, .T. ) ;
#111 = EDGE_CURVE ( 'NONE', #579, #496, #1138, .T. ) ;
#112 = ORIENTED_EDGE ( 'NONE', *, *, #1342, .T. ) ;
#113 = CARTESIAN_POINT ( 'NONE',  ( -115.0000000000000284, 10.09999999999999964, 0.000000000000000000 ) ) ;
#114 = CARTESIAN_POINT ( 'NONE',  ( -128.8953393339529327, 6.622416932988282490, 14.95117241229346838 ) ) ;
#115 = DIRECTION ( 'NONE',  ( 0.000000000000000000, 0.000000000000000000, -1.000000000000000000 ) ) ;
#116 = ORIENTED_EDGE ( 'NONE', *, *, #1370, .T. ) ;
#117 = VECTOR ( 'NONE', #1247, 1000.000000000000000 ) ;
#118 = VERTEX_POINT ( 'NONE', #48 ) ;
#119 = FACE_OUTER_BOUND ( 'NONE', #1210, .T. ) ;
#120 = AXIS2_PLACEMENT_3D ( 'NONE', #860, #840, #531 ) ;
#121 = CARTESIAN_POINT ( 'NONE',  ( -117.6000000000000085, -12.85000000000001563, 0.000000000000000000 ) ) ;
#122 = CARTESIAN_POINT ( 'NONE',  ( -120.2000000000000313, 0.000000000000000000, 0.000000000000000000 ) ) ;
#123 = CARTESIAN_POINT ( 'NONE',  ( -120.6000000000000085, -12.85000000000001563, 13.51102226527459571 ) ) ;
#124 = EDGE_CURVE ( 'NONE', #890, #143, #384, .T. ) ;
#125 = EDGE_LOOP ( 'NONE', ( #687, #20, #809, #881 ) ) ;
#126 = VECTOR ( 'NONE', #75, 1000.000000000000000 ) ;
#127 = ORIENTED_EDGE ( 'NONE', *, *, #679, .T. ) ;
#128 = VECTOR ( 'NONE', #92, 1000.000000000000000 ) ;
#129 = PLANE ( 'NONE',  #760 ) ;
#130 = CARTESIAN_POINT ( 'NONE',  ( -126.0813574374879380, -15.03421365410086707, 13.01604343966449306 ) ) ;
#131 = ORIENTED_EDGE ( 'NONE', *, *, #373, .T. ) ;
#132 = ORIENTED_EDGE ( 'NONE', *, *, #1013, .T. ) ;
#133 = VERTEX_POINT ( 'NONE', #913 ) ;
#134 = CARTESIAN_POINT ( 'NONE',  ( -117.8185843281612364, 9.849516660003756030, 14.05216042997079029 ) ) ;
#135 = CARTESIAN_POINT ( 'NONE',  ( -124.5999999999999943, -17.60000000000000853, 9.418651952961200280 ) ) ;
#136 = VERTEX_POINT ( 'NONE', #748 ) ;
#137 = EDGE_CURVE ( 'NONE', #614, #1384, #802, .T. ) ;
#138 = VERTEX_POINT ( 'NONE', #526 ) ;
#139 = CARTESIAN_POINT ( 'NONE',  ( -119.3500000000000085, 12.84999999999998721, 0.000000000000000000 ) ) ;
#140 = CARTESIAN_POINT ( 'NONE',  ( -120.3598123671800977, 14.04570358570873800, 10.36780099268110256 ) ) ;
#141 = ORIENTED_EDGE ( 'NONE', *, *, #124, .F. ) ;
#142 = B_SPLINE_CURVE_WITH_KNOTS ( 'NONE', 3,
 ( #782, #1219, #456, #1085, #140, #243, #867, #873, #664, #893 ),
 .UNSPECIFIED., .F., .F.,
 ( 4, 2, 2, 2, 4 ),
 ( 0.02512203238793823956, 0.02628462727100986177, 0.02744722215408148397, 0.02860981703715310617, 0.02977241192022472838 ),
 .UNSPECIFIED. ) ;
#143 = VERTEX_POINT ( 'NONE', #309 ) ;
#144 = VECTOR ( 'NONE', #487, 1000.000000000000000 ) ;
#145 = LINE ( 'NONE', #903, #1098 ) ;
#146 = CARTESIAN_POINT ( 'NONE',  ( -124.5999999999999943, 14.60000000000000853, 15.00000000000000000 ) ) ;
#147 = ORIENTED_EDGE ( 'NONE', *, *, #727, .F. ) ;
#148 = ORIENTED_EDGE ( 'NONE', *, *, #1342, .F. ) ;
#149 = PLANE ( 'NONE',  #736 ) ;
#150 = FACE_OUTER_BOUND ( 'NONE', #125, .T. ) ;
#151 = AXIS2_PLACEMENT_3D ( 'NONE', #1180, #198, #204 ) ;
#152 = AXIS2_PLACEMENT_3D ( 'NONE', #871, #1309, #766 ) ;
#153 = DIRECTION ( 'NONE',  ( 0.000000000000000000, 0.000000000000000000, -1.000000000000000000 ) ) ;
#154 = FACE_OUTER_BOUND ( 'NONE', #1178, .T. ) ;
#155 = LINE ( 'NONE', #1248, #1266 ) ;
#156 = ORIENTED_EDGE ( 'NONE', *, *, #1160, .F. ) ;
#157 = CARTESIAN_POINT ( 'NONE',  ( -111.1857864376269447, 15.18578643762693403, 7.848279897097061308 ) ) ;
#158 = PLANE ( 'NONE',  #340 ) ;
#159 = PLANE ( 'NONE',  #393 ) ;
#160 = DIRECTION ( 'NONE',  ( -0.000000000000000000, -0.000000000000000000, 1.000000000000000000 ) ) ;
#161 = CIRCLE ( 'NONE', #304, 3.000000000000002665 ) ;
#162 = CARTESIAN_POINT ( 'NONE',  ( 0.000000000000000000, -7.600000000000007638, 15.00000000000000000 ) ) ;
#163 = ORIENTED_EDGE ( 'NONE', *, *, #466, .F. ) ;
#164 = CARTESIAN_POINT ( 'NONE',  ( -123.6000000000000085, 15.59999999999998543, 6.516307832886312212 ) ) ;
#165 = AXIS2_PLACEMENT_3D ( 'NONE', #1050, #43, #908 ) ;
#166 = CARTESIAN_POINT ( 'NONE',  ( -117.8121904979989125, -9.850315698996626068, 14.74351473327701534 ) ) ;
#167 = CARTESIAN_POINT ( 'NONE',  ( -117.6000000000000085, 12.84999999999998721, 8.000000000000000000 ) ) ;
#168 = DIRECTION ( 'NONE',  ( 0.000000000000000000, 0.000000000000000000, -1.000000000000000000 ) ) ;
#169 = EDGE_CURVE ( 'NONE', #1064, #457, #193, .T. ) ;
#170 = CARTESIAN_POINT ( 'NONE',  ( -114.6148267456279086, -12.50037382373710670, 13.71940899652175716 ) ) ;
#171 = VERTEX_POINT ( 'NONE', #1166 ) ;
#172 = EDGE_LOOP ( 'NONE', ( #1239, #1184, #365, #1409, #764, #1149 ) ) ;
#173 = CARTESIAN_POINT ( 'NONE',  ( -123.6000000000000085, 15.59999999999998543, 4.999999999999999112 ) ) ;
#174 = CARTESIAN_POINT ( 'NONE',  ( -115.0000000000000284, 8.599999999999999645, 8.000000000000000000 ) ) ;
#175 = CARTESIAN_POINT ( 'NONE',  ( -114.6000000000000085, -12.85000000000001563, 13.51102226527459749 ) ) ;
#176 = DIRECTION ( 'NONE',  ( -1.000000000000000000, 0.000000000000000000, 0.000000000000000000 ) ) ;
#177 = CARTESIAN_POINT ( 'NONE',  ( -69.59999999999904219, 69.60000000000012221, 0.000000000000000000 ) ) ;
#178 = PLANE ( 'NONE',  #165 ) ;
#179 = EDGE_LOOP ( 'NONE', ( #561, #1312 ) ) ;
#180 = EDGE_CURVE ( 'NONE', #78, #216, #1103, .T. ) ;
#181 = EDGE_CURVE ( 'NONE', #890, #671, #723, .T. ) ;
#182 = EDGE_CURVE ( 'NONE', #1005, #420, #417, .T. ) ;
#183 = VERTEX_POINT ( 'NONE', #823 ) ;
#184 = DIRECTION ( 'NONE',  ( -1.000000000000000000, 0.000000000000000000, 0.000000000000000000 ) ) ;
#185 = CARTESIAN_POINT ( 'NONE',  ( -114.6000000000000085, 12.84999999999998543, 11.88748865697795409 ) ) ;
#186 = VECTOR ( 'NONE', #1024, 1000.000000000000000 ) ;
#187 = CARTESIAN_POINT ( 'NONE',  ( -117.6000000000000085, -12.85000000000001563, 15.00000000000000000 ) ) ;
#188 = DIRECTION ( 'NONE',  ( -1.000000000000000000, 0.000000000000000000, 0.000000000000000000 ) ) ;
#189 = DIRECTION ( 'NONE',  ( -1.000000000000000000, 0.000000000000000000, 0.000000000000000000 ) ) ;
#190 = ORIENTED_EDGE ( 'NONE', *, *, #430, .T. ) ;
#191 = CARTESIAN_POINT ( 'NONE',  ( -123.6000000000000085, 15.59999999999998543, 0.000000000000000000 ) ) ;
#192 = DIRECTION ( 'NONE',  ( -1.000000000000000000, 0.000000000000000000, 0.000000000000000000 ) ) ;
#193 = LINE ( 'NONE', #1265, #128 ) ;
#194 = CARTESIAN_POINT ( 'NONE',  ( -110.6000000000000512, 13.93233630050887406, 10.53624044747520827 ) ) ;
#195 = CIRCLE ( 'NONE', #1284, 10.00000000000000000 ) ;
#196 = ORIENTED_EDGE ( 'NONE', *, *, #899, .T. ) ;
#197 = LINE ( 'NONE', #1405, #464 ) ;
#198 = DIRECTION ( 'NONE',  ( 0.000000000000000000, 0.000000000000000000, -1.000000000000000000 ) ) ;
#199 = CARTESIAN_POINT ( 'NONE',  ( -120.2000000000000313, 8.599999999999997868, 5.296225070746145569 ) ) ;
#200 = DIRECTION ( 'NONE',  ( 0.8660254037844393737, -0.4999999999999989453, 0.000000000000000000 ) ) ;
#201 =( GEOMETRIC_REPRESENTATION_CONTEXT ( 3 ) GLOBAL_UNCERTAINTY_ASSIGNED_CONTEXT ( ( #324 ) ) GLOBAL_UNIT_ASSIGNED_CONTEXT ( ( #1176, #726, #405 ) ) REPRESENTATION_CONTEXT ( 'NONE', 'WORKASPACE' ) );
#202 = CARTESIAN_POINT ( 'NONE',  ( -115.0000000000000284, 0.000000000000000000, 0.000000000000000000 ) ) ;
#203 = ORIENTED_EDGE ( 'NONE', *, *, #68, .T. ) ;
#204 = DIRECTION ( 'NONE',  ( -1.000000000000000000, 0.000000000000000000, 0.000000000000000000 ) ) ;
#205 = CARTESIAN_POINT ( 'NONE',  ( -126.2000000000000028, 6.599999999999997868, 8.000000000000000000 ) ) ;
#206 = CARTESIAN_POINT ( 'NONE',  ( -128.8953393339529896, -9.624043730522428675, 14.79679318836719659 ) ) ;
#207 = EDGE_CURVE ( 'NONE', #136, #226, #532, .T. ) ;
#208 = EDGE_CURVE ( 'NONE', #669, #976, #1156, .T. ) ;
#209 = VERTEX_POINT ( 'NONE', #610 ) ;
#210 = DIRECTION ( 'NONE',  ( 1.766429458238739927E-15, 1.000000000000000000, 0.000000000000000000 ) ) ;
#211 = CARTESIAN_POINT ( 'NONE',  ( -0.000000000000000000, -17.60000000000000853, 0.000000000000000000 ) ) ;
#212 = B_SPLINE_CURVE_WITH_KNOTS ( 'NONE', 3,
 ( #327, #114, #761, #1198, #981, #988 ),
 .UNSPECIFIED., .F., .F.,
 ( 4, 2, 4 ),
 ( 0.000000000000000000, 0.0007884791313560313283, 0.001576958262712062657 ),
 .UNSPECIFIED. ) ;
#213 = CARTESIAN_POINT ( 'NONE',  ( -120.2000000000000313, 0.000000000000000000, 0.000000000000000000 ) ) ;
#214 = AXIS2_PLACEMENT_3D ( 'NONE', #121, #1099, #550 ) ;
#215 = EDGE_LOOP ( 'NONE', ( #997, #127, #451, #546 ) ) ;
#216 = VERTEX_POINT ( 'NONE', #98 ) ;
#217 = CARTESIAN_POINT ( 'NONE',  ( -115.0000000000000284, 4.999999999999999112, 0.000000000000000000 ) ) ;
#218 = FACE_OUTER_BOUND ( 'NONE', #523, .T. ) ;
#219 = LINE ( 'NONE', #651, #408 ) ;
#220 = ORIENTED_EDGE ( 'NONE', *, *, #640, .F. ) ;
#221 = ORIENTED_EDGE ( 'NONE', *, *, #182, .F. ) ;
#222 = CIRCLE ( 'NONE', #293, 3.000000000000002665 ) ;
#223 = LINE ( 'NONE', #1083, #1205 ) ;
#224 = DIRECTION ( 'NONE',  ( -1.000000000000000000, 0.000000000000000000, 0.000000000000000000 ) ) ;
#225 = PLANE ( 'NONE',  #659 ) ;
#226 = VERTEX_POINT ( 'NONE', #205 ) ;
#227 = CIRCLE ( 'NONE', #845, 2.000000000000001776 ) ;
#228 = ORIENTED_EDGE ( 'NONE', *, *, #861, .T. ) ;
#229 = EDGE_CURVE ( 'NONE', #671, #1398, #632, .T. ) ;
#230 = AXIS2_PLACEMENT_3D ( 'NONE', #741, #1304, #1281 ) ;
#231 = CYLINDRICAL_SURFACE ( 'NONE', #771, 1.750000000000001554 ) ;
#232 = FACE_OUTER_BOUND ( 'NONE', #803, .T. ) ;
#233 = ORIENTED_EDGE ( 'NONE', *, *, #763, .F. ) ;
#234 = EDGE_LOOP ( 'NONE', ( #1019, #758, #131, #44 ) ) ;
#235 = AXIS2_PLACEMENT_3D ( 'NONE', #484, #1361, #46 ) ;
#236 = ORIENTED_EDGE ( 'NONE', *, *, #271, .F. ) ;
#237 = FILL_AREA_STYLE_COLOUR ( '', #331 ) ;
#238 = CARTESIAN_POINT ( 'NONE',  ( -128.4934155453063056, -10.85640646055104064, 14.45493611631942699 ) ) ;
#239 = ORIENTED_EDGE ( 'NONE', *, *, #773, .F. ) ;
#240 = ADVANCED_FACE ( 'NONE', ( #1395 ), #855, .T. ) ;
#241 = ORIENTED_EDGE ( 'NONE', *, *, #1302, .T. ) ;
#242 = CARTESIAN_POINT ( 'NONE',  ( -120.0089163845326965, 11.05055948363980534, 13.38594858437258850 ) ) ;
#243 = CARTESIAN_POINT ( 'NONE',  ( -120.1609866259842931, 14.42721871293950642, 9.714170801807272326 ) ) ;
#244 = ORIENTED_EDGE ( 'NONE', *, *, #489, .F. ) ;
#245 = EDGE_CURVE ( 'NONE', #69, #863, #932, .T. ) ;
#246 = ADVANCED_FACE ( 'NONE', ( #9 ), #1207, .F. ) ;
#247 = ORIENTED_EDGE ( 'NONE', *, *, #104, .F. ) ;
#248 = LINE ( 'NONE', #1344, #279 ) ;
#249 = FACE_OUTER_BOUND ( 'NONE', #1348, .T. ) ;
#250 = CARTESIAN_POINT ( 'NONE',  ( -117.6000000000000085, 12.84999999999998721, 15.00000000000000000 ) ) ;
#251 = ADVANCED_FACE ( 'NONE', ( #232 ), #1213, .F. ) ;
#252 = ORIENTED_EDGE ( 'NONE', *, *, #383, .T. ) ;
#253 = CARTESIAN_POINT ( 'NONE',  ( -125.8953393339529754, 6.356406460550991788, 15.00000000000000000 ) ) ;
#254 = VECTOR ( 'NONE', #1387, 1000.000000000000000 ) ;
#255 = CARTESIAN_POINT ( 'NONE',  ( -128.4934155453063056, -10.85640646055104064, 0.000000000000000000 ) ) ;
#256 = ORIENTED_EDGE ( 'NONE', *, *, #1074, .T. ) ;
#257 = CYLINDRICAL_SURFACE ( 'NONE', #779, 3.000000000000002665 ) ;
#258 = CARTESIAN_POINT ( 'NONE',  ( -110.6000000000000369, 0.000000000000000000, 15.00000000000000000 ) ) ;
#259 = ORIENTED_EDGE ( 'NONE', *, *, #613, .F. ) ;
#260 = EDGE_CURVE ( 'NONE', #667, #949, #195, .T. ) ;
#261 = DIRECTION ( 'NONE',  ( -1.000000000000000000, 0.000000000000000000, 0.000000000000000000 ) ) ;
#262 = EDGE_CURVE ( 'NONE', #1227, #571, #472, .T. ) ;
#263 = CARTESIAN_POINT ( 'NONE',  ( -115.7048507475278285, -10.51544764158928658, 14.56635705371702016 ) ) ;
#264 = VECTOR ( 'NONE', #81, 1000.000000000000000 ) ;
#265 = AXIS2_PLACEMENT_3D ( 'NONE', #335, #1335, #1316 ) ;
#266 = DIRECTION ( 'NONE',  ( 0.5000000000000026645, -0.8660254037844371533, 0.000000000000000000 ) ) ;
#267 = DIRECTION ( 'NONE',  ( -0.000000000000000000, -0.000000000000000000, -1.000000000000000000 ) ) ;
#268 = LINE ( 'NONE', #387, #126 ) ;
#269 = ORIENTED_EDGE ( 'NONE', *, *, #1160, .T. ) ;
#270 = CARTESIAN_POINT ( 'NONE',  ( -123.9390567389149282, 15.26094326108507460, 7.994221893942901502 ) ) ;
#271 = EDGE_CURVE ( 'NONE', #844, #118, #1305, .T. ) ;
#272 = CARTESIAN_POINT ( 'NONE',  ( -119.1694669227093186, -10.28520346792667794, 14.63352067546440871 ) ) ;
#273 = LINE ( 'NONE', #1023, #740 ) ;
#274 = CARTESIAN_POINT ( 'NONE',  ( -111.5999999999999943, 15.59999999999998188, 0.000000000000000000 ) ) ;
#275 = DIRECTION ( 'NONE',  ( 0.000000000000000000, 0.000000000000000000, -1.000000000000000000 ) ) ;
#276 = ORIENTED_EDGE ( 'NONE', *, *, #229, .T. ) ;
#277 = ORIENTED_EDGE ( 'NONE', *, *, #453, .T. ) ;
#278 = CARTESIAN_POINT ( 'NONE',  ( 0.000000000000000000, -17.60000000000000853, 4.999999999999999112 ) ) ;
#279 = VECTOR ( 'NONE', #1002, 1000.000000000000000 ) ;
#280 = CARTESIAN_POINT ( 'NONE',  ( -116.2161441418373045, -10.18039680273309777, 14.66171041099454087 ) ) ;
#281 = ADVANCED_FACE ( 'NONE', ( #1415 ), #225, .F. ) ;
#282 = CARTESIAN_POINT ( 'NONE',  ( -115.0000000000000284, -8.599999999999999645, 8.000000000000000000 ) ) ;
#283 = LINE ( 'NONE', #511, #3 ) ;
#284 = DIRECTION ( 'NONE',  ( 1.000000000000000000, -0.000000000000000000, -0.000000000000000000 ) ) ;
#285 = CARTESIAN_POINT ( 'NONE',  ( -114.6000000000000227, -12.67693642185773406, 13.61777604371953032 ) ) ;
#286 = ORIENTED_EDGE ( 'NONE', *, *, #357, .F. ) ;
#287 = EDGE_CURVE ( 'NONE', #1326, #1200, #1191, .T. ) ;
#288 = VERTEX_POINT ( 'NONE', #868 ) ;
#289 = DIRECTION ( 'NONE',  ( 0.000000000000000000, -1.000000000000000000, 0.000000000000000000 ) ) ;
#290 = DIRECTION ( 'NONE',  ( 0.7071067811865420216, -0.7071067811865531239, 0.000000000000000000 ) ) ;
#291 = DIRECTION ( 'NONE',  ( 0.000000000000000000, -1.000000000000000000, -0.000000000000000000 ) ) ;
#292 = CARTESIAN_POINT ( 'NONE',  ( -116.1307199531234318, -15.47344570563353194, 11.16680946450231637 ) ) ;
#293 = AXIS2_PLACEMENT_3D ( 'NONE', #739, #635, #529 ) ;
#294 = CARTESIAN_POINT ( 'NONE',  ( -114.8646903474084269, -11.60341802220882634, 14.16572972509509754 ) ) ;
#295 = ORIENTED_EDGE ( 'NONE', *, *, #1074, .F. ) ;
#296 = DIRECTION ( 'NONE',  ( 0.000000000000000000, 0.000000000000000000, 1.000000000000000000 ) ) ;
#297 = ORIENTED_EDGE ( 'NONE', *, *, #562, .T. ) ;
#298 = CARTESIAN_POINT ( 'NONE',  ( -120.2000000000000313, -10.09999999999999964, 0.000000000000000000 ) ) ;
#299 = AXIS2_PLACEMENT_3D ( 'NONE', #762, #1199, #862 ) ;
#300 = CARTESIAN_POINT ( 'NONE',  ( -123.6000000000000227, 0.000000000000000000, 0.000000000000000000 ) ) ;
#301 = CARTESIAN_POINT ( 'NONE',  ( -117.8307689697445539, -15.85008147080950458, 10.65120834387510662 ) ) ;
#302 = CARTESIAN_POINT ( 'NONE',  ( -114.8177123994420583, 11.71416856731676326, 12.91600655206810622 ) ) ;
#303 = DIRECTION ( 'NONE',  ( 1.000000000000000000, 0.000000000000000000, 0.000000000000000000 ) ) ;
#304 = AXIS2_PLACEMENT_3D ( 'NONE', #1190, #409, #637 ) ;
#305 = ORIENTED_EDGE ( 'NONE', *, *, #469, .F. ) ;
#306 = CARTESIAN_POINT ( 'NONE',  ( -115.0000000000000284, -8.599999999999999645, 8.000000000000000000 ) ) ;
#307 = CIRCLE ( 'NONE', #851, 10.09999999999999964 ) ;
#308 = CYLINDRICAL_SURFACE ( 'NONE', #1095, 5.000000000000000000 ) ;
#309 = CARTESIAN_POINT ( 'NONE',  ( -111.5999999999999943, 15.59999999999998188, 4.999999999999999112 ) ) ;
#310 = CARTESIAN_POINT ( 'NONE',  ( -114.8909979652157887, 11.54729181231644297, 13.04180105493881392 ) ) ;
#311 = CIRCLE ( 'NONE', #555, 3.000000000000002665 ) ;
#312 = ORIENTED_EDGE ( 'NONE', *, *, #1302, .F. ) ;
#313 = CARTESIAN_POINT ( 'NONE',  ( -115.1413564420064404, 14.62163146114722423, 9.379416865074439613 ) ) ;
#314 = ADVANCED_FACE ( 'NONE', ( #328 ), #1317, .F. ) ;
#315 = DIRECTION ( 'NONE',  ( 0.000000000000000000, 1.000000000000000000, 0.000000000000000000 ) ) ;
#316 = EDGE_CURVE ( 'NONE', #1227, #1337, #219, .T. ) ;
#317 = CARTESIAN_POINT ( 'NONE',  ( -117.1321393211711523, -15.82157139649569366, 10.69328038205043363 ) ) ;
#318 = DIRECTION ( 'NONE',  ( -0.000000000000000000, -0.000000000000000000, -1.000000000000000000 ) ) ;
#319 = ORIENTED_EDGE ( 'NONE', *, *, #287, .T. ) ;
#320 = CARTESIAN_POINT ( 'NONE',  ( -110.6000000000000369, 5.000000000000000000, 0.000000000000000000 ) ) ;
#321 = DIRECTION ( 'NONE',  ( 0.000000000000000000, 0.000000000000000000, -1.000000000000000000 ) ) ;
#322 = CARTESIAN_POINT ( 'NONE',  ( -120.5999999999999943, -13.24461431647540977, 13.26760554082910204 ) ) ;
#323 = ORIENTED_EDGE ( 'NONE', *, *, #100, .F. ) ;
#324 = UNCERTAINTY_MEASURE_WITH_UNIT (LENGTH_MEASURE( 1.000000000000000082E-05 ), #1176, 'distance_accuracy_value', 'NONE');
#325 = VERTEX_POINT ( 'NONE', #423 ) ;
#326 = CARTESIAN_POINT ( 'NONE',  ( -126.2000000000000028, 6.599999999999997868, 0.000000000000000000 ) ) ;
#327 = CARTESIAN_POINT ( 'NONE',  ( -128.8953393339529612, 6.356406460550997117, 14.97135142628303406 ) ) ;
#328 = FACE_OUTER_BOUND ( 'NONE', #925, .T. ) ;
#329 = EDGE_CURVE ( 'NONE', #138, #1337, #1168, .T. ) ;
#330 = EDGE_CURVE ( 'NONE', #345, #1036, #227, .T. ) ;
#331 = COLOUR_RGB ( '',0.7921568627450980005, 0.8196078431372548767, 0.9333333333333333481 ) ;
#332 = VERTEX_POINT ( 'NONE', #775 ) ;
#333 = VERTEX_POINT ( 'NONE', #928 ) ;
#334 = FACE_OUTER_BOUND ( 'NONE', #30, .T. ) ;
#335 = CARTESIAN_POINT ( 'NONE',  ( -117.6000000000000085, 12.84999999999998721, 0.000000000000000000 ) ) ;
#336 = DIRECTION ( 'NONE',  ( -1.000000000000000000, 0.000000000000000000, 0.000000000000000000 ) ) ;
#337 = EDGE_LOOP ( 'NONE', ( #286, #1319, #992, #548, #681, #488, #918, #769, #931, #1076 ) ) ;
#338 = ORIENTED_EDGE ( 'NONE', *, *, #287, .F. ) ;
#339 = VECTOR ( 'NONE', #1172, 1000.000000000000000 ) ;
#340 = AXIS2_PLACEMENT_3D ( 'NONE', #174, #1009, #1153 ) ;
#341 = DIRECTION ( 'NONE',  ( 1.000000000000000000, -0.000000000000000000, -0.000000000000000000 ) ) ;
#342 = CARTESIAN_POINT ( 'NONE',  ( -120.3162335942564738, -14.13680125450027347, 12.57094248445234896 ) ) ;
#343 = ORIENTED_EDGE ( 'NONE', *, *, #1406, .T. ) ;
#344 = VERTEX_POINT ( 'NONE', #1356 ) ;
#345 = VERTEX_POINT ( 'NONE', #617 ) ;
#346 = CARTESIAN_POINT ( 'NONE',  ( -110.6192341749197539, 14.08326614789505804, 10.30192260499235957 ) ) ;
#347 = CARTESIAN_POINT ( 'NONE',  ( -120.6000000000000085, -12.85000000000001563, 13.51102226527459571 ) ) ;
#348 = ORIENTED_EDGE ( 'NONE', *, *, #576, .F. ) ;
#349 = VERTEX_POINT ( 'NONE', #1372 ) ;
#350 = LINE ( 'NONE', #1114, #915 ) ;
#351 = CARTESIAN_POINT ( 'NONE',  ( -115.0000000000000284, 6.165225056719337182, 8.000000000000000000 ) ) ;
#352 = EDGE_CURVE ( 'NONE', #105, #1036, #370, .T. ) ;
#353 = EDGE_CURVE ( 'NONE', #746, #2, #585, .T. ) ;
#354 = ORIENTED_EDGE ( 'NONE', *, *, #180, .F. ) ;
#355 = ORIENTED_EDGE ( 'NONE', *, *, #749, .T. ) ;
#356 = DIRECTION ( 'NONE',  ( -1.000000000000000000, 0.000000000000000000, 0.000000000000000000 ) ) ;
#357 = EDGE_CURVE ( 'NONE', #852, #646, #1026, .T. ) ;
#358 = DIRECTION ( 'NONE',  ( 1.000000000000000000, 0.000000000000000000, 0.000000000000000000 ) ) ;
#359 = ORIENTED_EDGE ( 'NONE', *, *, #1366, .F. ) ;
#360 = AXIS2_PLACEMENT_3D ( 'NONE', #477, #609, #1040 ) ;
#361 = CARTESIAN_POINT ( 'NONE',  ( -116.1135861224349100, 10.23517934786172923, 13.86149069260224564 ) ) ;
#362 = DIRECTION ( 'NONE',  ( -0.000000000000000000, -0.000000000000000000, -1.000000000000000000 ) ) ;
#363 = ORIENTED_EDGE ( 'NONE', *, *, #727, .T. ) ;
#364 = CARTESIAN_POINT ( 'NONE',  ( -128.4934155453063056, -10.85640646055104064, 14.45493611631942699 ) ) ;
#365 = ORIENTED_EDGE ( 'NONE', *, *, #1276, .F. ) ;
#366 = DIRECTION ( 'NONE',  ( -1.000000000000000000, 0.000000000000000000, 0.000000000000000000 ) ) ;
#367 = VECTOR ( 'NONE', #954, 1000.000000000000000 ) ;
#368 = CARTESIAN_POINT ( 'NONE',  ( -116.5913006982289915, -10.01726916463362826, 14.70380881464525658 ) ) ;
#369 = DIRECTION ( 'NONE',  ( 1.000000000000000000, 0.000000000000000000, 0.000000000000000000 ) ) ;
#370 = LINE ( 'NONE', #395, #1211 ) ;
#371 = DIRECTION ( 'NONE',  ( -1.766429458238739927E-15, -1.000000000000000000, 0.000000000000000000 ) ) ;
#372 = VERTEX_POINT ( 'NONE', #939 ) ;
#373 = EDGE_CURVE ( 'NONE', #183, #288, #401, .T. ) ;
#374 = FACE_OUTER_BOUND ( 'NONE', #1257, .T. ) ;
#375 = CARTESIAN_POINT ( 'NONE',  ( -120.2535497471916983, -11.43670557214948680, 14.23645068835777749 ) ) ;
#376 = VECTOR ( 'NONE', #642, 1000.000000000000000 ) ;
#377 = CARTESIAN_POINT ( 'NONE',  ( 0.000000000000000000, -17.60000000000000853, 15.00000000000000000 ) ) ;
#378 = CARTESIAN_POINT ( 'NONE',  ( -117.6000000000000085, -12.85000000000001563, 8.000000000000000000 ) ) ;
#379 = LINE ( 'NONE', #824, #1010 ) ;
#380 = ORIENTED_EDGE ( 'NONE', *, *, #703, .F. ) ;
#381 = LINE ( 'NONE', #278, #1034 ) ;
#382 = CARTESIAN_POINT ( 'NONE',  ( -115.0000000000000284, -8.599999999999999645, 0.000000000000000000 ) ) ;
#383 = EDGE_CURVE ( 'NONE', #1124, #133, #1397, .T. ) ;
#384 = LINE ( 'NONE', #713, #875 ) ;
#385 = CARTESIAN_POINT ( 'NONE',  ( -120.2000000000000313, -8.599999999999997868, 0.000000000000000000 ) ) ;
#386 = CARTESIAN_POINT ( 'NONE',  ( -123.6000000000000085, 15.59999999999998543, 15.00000000000000000 ) ) ;
#387 = CARTESIAN_POINT ( 'NONE',  ( -120.2000000000000313, 10.09999999999999964, 0.000000000000000000 ) ) ;
#388 = EDGE_LOOP ( 'NONE', ( #602, #233, #1375, #835 ) ) ;
#389 = ORIENTED_EDGE ( 'NONE', *, *, #1111, .T. ) ;
#390 = LINE ( 'NONE', #62, #792 ) ;
#391 =( GEOMETRIC_REPRESENTATION_CONTEXT ( 3 ) GLOBAL_UNCERTAINTY_ASSIGNED_CONTEXT ( ( #490 ) ) GLOBAL_UNIT_ASSIGNED_CONTEXT ( ( #994, #1069, #625 ) ) REPRESENTATION_CONTEXT ( 'NONE', 'WORKASPACE' ) );
#392 = CARTESIAN_POINT ( 'NONE',  ( -115.6612673713332384, 15.13939201416944158, 8.000000000000000000 ) ) ;
#393 = AXIS2_PLACEMENT_3D ( 'NONE', #1145, #369, #485 ) ;
#394 = CARTESIAN_POINT ( 'NONE',  ( -117.6000000000000085, -12.85000000000001563, 8.000000000000000000 ) ) ;
#395 = CARTESIAN_POINT ( 'NONE',  ( -111.1857864376269447, 15.18578643762693403, 15.00000000000000000 ) ) ;
#396 = CARTESIAN_POINT ( 'NONE',  ( -114.6920916068189911, -13.61184820621624070, 12.99441482826257754 ) ) ;
#397 = CARTESIAN_POINT ( 'NONE',  ( -115.0000000000000284, 0.000000000000000000, 0.000000000000000000 ) ) ;
#398 = ORIENTED_EDGE ( 'NONE', *, *, #1267, .F. ) ;
#399 = ORIENTED_EDGE ( 'NONE', *, *, #861, .F. ) ;
#400 = CARTESIAN_POINT ( 'NONE',  ( -117.6000000000000085, -12.85000000000001563, 8.000000000000000000 ) ) ;
#401 = LINE ( 'NONE', #923, #588 ) ;
#402 = CARTESIAN_POINT ( 'NONE',  ( -118.6974572714909328, -15.64408675656156511, 10.94106670067843368 ) ) ;
#403 = AXIS2_PLACEMENT_3D ( 'NONE', #1090, #440, #536 ) ;
#404 = CARTESIAN_POINT ( 'NONE',  ( -114.7035902163460008, 12.04872120903961452, 12.64592779000902389 ) ) ;
#405 =( NAMED_UNIT ( * ) SI_UNIT ( $, .STERADIAN. ) SOLID_ANGLE_UNIT ( ) );
#406 = VERTEX_POINT ( 'NONE', #385 ) ;
#407 = DIRECTION ( 'NONE',  ( -1.000000000000000000, 0.000000000000000000, -0.000000000000000000 ) ) ;
#408 = VECTOR ( 'NONE', #1086, 1000.000000000000000 ) ;
#409 = DIRECTION ( 'NONE',  ( 0.000000000000000000, 0.000000000000000000, -1.000000000000000000 ) ) ;
#410 = CARTESIAN_POINT ( 'NONE',  ( -120.2000000000000313, 0.000000000000000000, 0.000000000000000000 ) ) ;
#411 = LINE ( 'NONE', #1092, #33 ) ;
#412 = CIRCLE ( 'NONE', #960, 1.750000000000001554 ) ;
#413 = ORIENTED_EDGE ( 'NONE', *, *, #898, .T. ) ;
#414 = DIRECTION ( 'NONE',  ( -0.000000000000000000, -0.000000000000000000, -1.000000000000000000 ) ) ;
#415 = VECTOR ( 'NONE', #700, 1000.000000000000000 ) ;
#416 = DIRECTION ( 'NONE',  ( 0.000000000000000000, 0.000000000000000000, -1.000000000000000000 ) ) ;
#417 = LINE ( 'NONE', #199, #367 ) ;
#418 = CARTESIAN_POINT ( 'NONE',  ( -111.0336921390062201, 15.03369213900617751, 8.360147942946470678 ) ) ;
#419 = EDGE_CURVE ( 'NONE', #1036, #424, #283, .T. ) ;
#420 = VERTEX_POINT ( 'NONE', #832 ) ;
#421 = CARTESIAN_POINT ( 'NONE',  ( -115.8500000000000085, -12.85000000000001563, 15.00000000000000000 ) ) ;
#422 = CARTESIAN_POINT ( 'NONE',  ( -128.8953393339529896, -9.356406460551024651, 14.84454348079862207 ) ) ;
#423 = CARTESIAN_POINT ( 'NONE',  ( -128.8953393339529612, 5.599999999999985434, 15.00000000000000000 ) ) ;
#424 = VERTEX_POINT ( 'NONE', #274 ) ;
#425 = ORIENTED_EDGE ( 'NONE', *, *, #877, .F. ) ;
#426 = EDGE_CURVE ( 'NONE', #171, #1326, #704, .T. ) ;
#427 = LINE ( 'NONE', #865, #376 ) ;
#428 = CARTESIAN_POINT ( 'NONE',  ( -119.3500000000000085, -12.85000000000001563, 8.000000000000000000 ) ) ;
#429 = CARTESIAN_POINT ( 'NONE',  ( 0.000000000000000000, 0.000000000000000000, 8.000000000000000000 ) ) ;
#430 = EDGE_CURVE ( 'NONE', #450, #67, #600, .T. ) ;
#431 = ORIENTED_EDGE ( 'NONE', *, *, #1183, .T. ) ;
#432 = ORIENTED_EDGE ( 'NONE', *, *, #260, .F. ) ;
#433 = ORIENTED_EDGE ( 'NONE', *, *, #1263, .F. ) ;
#434 = DIRECTION ( 'NONE',  ( -0.000000000000000000, -0.000000000000000000, -1.000000000000000000 ) ) ;
#435 = DIRECTION ( 'NONE',  ( 0.000000000000000000, 1.000000000000000000, -0.000000000000000000 ) ) ;
#436 = CARTESIAN_POINT ( 'NONE',  ( -120.2000000000000313, 0.000000000000000000, 0.000000000000000000 ) ) ;
#437 = EDGE_LOOP ( 'NONE', ( #675, #1286 ) ) ;
#438 = VECTOR ( 'NONE', #85, 1000.000000000000000 ) ;
#439 = EDGE_LOOP ( 'NONE', ( #239, #147, #297 ) ) ;
#440 = DIRECTION ( 'NONE',  ( -1.000000000000000000, 0.000000000000000000, 0.000000000000000000 ) ) ;
#441 = CARTESIAN_POINT ( 'NONE',  ( -128.8953393339529896, -9.356406460551024651, 14.84454348079862207 ) ) ;
#442 = CARTESIAN_POINT ( 'NONE',  ( -117.6000000000000085, -12.85000000000001563, 8.000000000000000000 ) ) ;
#443 = DIRECTION ( 'NONE',  ( 0.000000000000000000, 0.000000000000000000, -1.000000000000000000 ) ) ;
#444 = ORIENTED_EDGE ( 'NONE', *, *, #1414, .F. ) ;
#445 = ORIENTED_EDGE ( 'NONE', *, *, #1043, .T. ) ;
#446 = ORIENTED_EDGE ( 'NONE', *, *, #1192, .F. ) ;
#447 = CIRCLE ( 'NONE', #265, 1.750000000000001554 ) ;
#448 = DIRECTION ( 'NONE',  ( 0.4999999999999989453, 0.8660254037844393737, 0.000000000000000000 ) ) ;
#449 = LINE ( 'NONE', #788, #952 ) ;
#450 = VERTEX_POINT ( 'NONE', #697 ) ;
#451 = ORIENTED_EDGE ( 'NONE', *, *, #1022, .F. ) ;
#452 = ORIENTED_EDGE ( 'NONE', *, *, #1414, .T. ) ;
#453 = EDGE_CURVE ( 'NONE', #1278, #785, #796, .T. ) ;
#454 = EDGE_CURVE ( 'NONE', #791, #496, #593, .T. ) ;
#455 = CARTESIAN_POINT ( 'NONE',  ( -115.0000000000000284, -5.000000000000000000, 0.000000000000000000 ) ) ;
#456 = CARTESIAN_POINT ( 'NONE',  ( -120.5633084263037489, 13.37490877733415395, 11.30069287593310179 ) ) ;
#457 = VERTEX_POINT ( 'NONE', #1139 ) ;
#458 = AXIS2_PLACEMENT_3D ( 'NONE', #253, #1352, #356 ) ;
#459 = EDGE_LOOP ( 'NONE', ( #497, #269, #1135, #355 ) ) ;
#460 = CARTESIAN_POINT ( 'NONE',  ( -120.6000000000000085, 12.84999999999998721, 11.88748865697795409 ) ) ;
#461 = CYLINDRICAL_SURFACE ( 'NONE', #235, 10.00000000000000000 ) ;
#462 = ORIENTED_EDGE ( 'NONE', *, *, #466, .T. ) ;
#463 = ORIENTED_EDGE ( 'NONE', *, *, #489, .T. ) ;
#464 = VECTOR ( 'NONE', #616, 1000.000000000000000 ) ;
#465 = FACE_OUTER_BOUND ( 'NONE', #388, .T. ) ;
#466 = EDGE_CURVE ( 'NONE', #678, #457, #1029, .T. ) ;
#467 = CARTESIAN_POINT ( 'NONE',  ( -119.5014359750371966, -10.52063336822036987, 14.56477595122872870 ) ) ;
#468 = FACE_OUTER_BOUND ( 'NONE', #1011, .T. ) ;
#469 = EDGE_CURVE ( 'NONE', #708, #844, #412, .T. ) ;
#470 = CARTESIAN_POINT ( 'NONE',  ( -111.1857864376269447, 15.18578643762693403, 0.000000000000000000 ) ) ;
#471 = ORIENTED_EDGE ( 'NONE', *, *, #905, .T. ) ;
#472 = CIRCLE ( 'NONE', #1346, 1.750000000000001554 ) ;
#473 = CARTESIAN_POINT ( 'NONE',  ( -119.2614005995298498, 10.34310337431796434, 13.80481687013203995 ) ) ;
#474 = CARTESIAN_POINT ( 'NONE',  ( -120.5999999999999801, -12.67583521033456861, 13.61845532293140160 ) ) ;
#475 = VECTOR ( 'NONE', #315, 1000.000000000000000 ) ;
#476 = LINE ( 'NONE', #831, #1177 ) ;
#477 = CARTESIAN_POINT ( 'NONE',  ( -115.0000000000000284, 0.000000000000000000, 0.000000000000000000 ) ) ;
#478 = EDGE_CURVE ( 'NONE', #646, #746, #57, .T. ) ;
#479 = LINE ( 'NONE', #162, #530 ) ;
#480 = ORIENTED_EDGE ( 'NONE', *, *, #1267, .T. ) ;
#481 = AXIS2_PLACEMENT_3D ( 'NONE', #891, #1333, #1224 ) ;
#482 = CARTESIAN_POINT ( 'NONE',  ( -119.0759910000778916, 10.22920682306634887, 13.86460583641972022 ) ) ;
#483 = VECTOR ( 'NONE', #284, 1000.000000000000000 ) ;
#484 = CARTESIAN_POINT ( 'NONE',  ( 0.000000000000000000, 5.599999999999985434, 4.999999999999999112 ) ) ;
#485 = DIRECTION ( 'NONE',  ( 0.000000000000000000, 0.000000000000000000, -1.000000000000000000 ) ) ;
#486 = CARTESIAN_POINT ( 'NONE',  ( -115.0000000000000284, 0.000000000000000000, 0.000000000000000000 ) ) ;
#487 = DIRECTION ( 'NONE',  ( 1.000000000000000000, -0.000000000000000000, -0.000000000000000000 ) ) ;
#488 = ORIENTED_EDGE ( 'NONE', *, *, #453, .F. ) ;
#489 = EDGE_CURVE ( 'NONE', #69, #216, #1255, .T. ) ;
#490 = UNCERTAINTY_MEASURE_WITH_UNIT (LENGTH_MEASURE( 1.000000000000000082E-05 ), #994, 'distance_accuracy_value', 'NONE');
#491 = CARTESIAN_POINT ( 'NONE',  ( -110.6000000000000369, -17.60000000000000853, 15.00000000000000000 ) ) ;
#492 = CARTESIAN_POINT ( 'NONE',  ( -117.3968322642219988, -9.849691085193731155, 14.74365897001412939 ) ) ;
#493 = DIRECTION ( 'NONE',  ( -0.000000000000000000, -0.000000000000000000, -1.000000000000000000 ) ) ;
#494 = CARTESIAN_POINT ( 'NONE',  ( -114.6000000000000085, -12.85000000000001563, 15.00000000000000000 ) ) ;
#495 = LINE ( 'NONE', #707, #144 ) ;
#496 = VERTEX_POINT ( 'NONE', #1165 ) ;
#497 = ORIENTED_EDGE ( 'NONE', *, *, #1220, .F. ) ;
#498 = ADVANCED_FACE ( 'NONE', ( #154 ), #257, .F. ) ;
#499 = FACE_OUTER_BOUND ( 'NONE', #32, .T. ) ;
#500 = CARTESIAN_POINT ( 'NONE',  ( -117.6000000000000085, 12.84999999999998721, 15.00000000000000000 ) ) ;
#501 = EDGE_CURVE ( 'NONE', #795, #1005, #661, .T. ) ;
#502 = LINE ( 'NONE', #282, #668 ) ;
#503 = FACE_OUTER_BOUND ( 'NONE', #578, .T. ) ;
#504 = DIRECTION ( 'NONE',  ( -0.7071067811865531239, -0.7071067811865420216, 0.000000000000000000 ) ) ;
#505 = FACE_OUTER_BOUND ( 'NONE', #337, .T. ) ;
#506 = ORIENTED_EDGE ( 'NONE', *, *, #1253, .F. ) ;
#507 = ORIENTED_EDGE ( 'NONE', *, *, #562, .F. ) ;
#508 = CARTESIAN_POINT ( 'NONE',  ( -124.5999999999999943, 14.60000000000000853, 9.358898943540589599 ) ) ;
#509 = AXIS2_PLACEMENT_3D ( 'NONE', #1364, #1131, #275 ) ;
#510 = DIRECTION ( 'NONE',  ( 0.000000000000000000, 0.000000000000000000, -1.000000000000000000 ) ) ;
#511 = CARTESIAN_POINT ( 'NONE',  ( -47.99999999999954525, -47.99999999999993605, 0.000000000000000000 ) ) ;
#512 = CARTESIAN_POINT ( 'NONE',  ( -118.0657133610161225, -15.82197997431556935, 10.69269384437448345 ) ) ;
#513 = CARTESIAN_POINT ( 'NONE',  ( -111.1857864376269447, 15.18578643762693403, 7.848279897097061308 ) ) ;
#514 = ADVANCED_BREP_SHAPE_REPRESENTATION ( 'camera_tracker_bearing_mount', ( #1203, #1161 ), #201 ) ;
#515 = ORIENTED_EDGE ( 'NONE', *, *, #749, .F. ) ;
#516 = DIRECTION ( 'NONE',  ( 1.000000000000000000, 0.000000000000000000, 0.000000000000000000 ) ) ;
#517 = DIRECTION ( 'NONE',  ( -0.7071067811865445751, -0.7071067811865504593, 0.000000000000000000 ) ) ;
#518 = CARTESIAN_POINT ( 'NONE',  ( -115.1496019751748463, -14.61875085293613274, 12.13371845116847503 ) ) ;
#519 = AXIS2_PLACEMENT_3D ( 'NONE', #500, #414, #838 ) ;
#520 = VECTOR ( 'NONE', #551, 1000.000000000000000 ) ;
#521 = CARTESIAN_POINT ( 'NONE',  ( -114.6115358815844303, 12.54027452577066626, 12.20284887941622287 ) ) ;
#522 = EDGE_CURVE ( 'NONE', #118, #1327, #733, .T. ) ;
#523 = EDGE_LOOP ( 'NONE', ( #196, #902, #1188, #236 ) ) ;
#524 = PLANE ( 'NONE',  #94 ) ;
#525 = DIRECTION ( 'NONE',  ( 1.000000000000000000, 0.000000000000000000, 0.000000000000000000 ) ) ;
#526 = CARTESIAN_POINT ( 'NONE',  ( -115.8500000000000085, 12.84999999999998721, 0.000000000000000000 ) ) ;
#527 = ADVANCED_FACE ( 'NONE', ( #503 ), #102, .F. ) ;
#528 = AXIS2_PLACEMENT_3D ( 'NONE', #1054, #84, #1264 ) ;
#529 = DIRECTION ( 'NONE',  ( 1.000000000000000000, 0.000000000000000000, 0.000000000000000000 ) ) ;
#530 = VECTOR ( 'NONE', #1373, 1000.000000000000000 ) ;
#531 = DIRECTION ( 'NONE',  ( 2.775557561562891351E-15, 1.000000000000000000, 0.000000000000000000 ) ) ;
#532 = LINE ( 'NONE', #1402, #438 ) ;
#533 = ORIENTED_EDGE ( 'NONE', *, *, #640, .T. ) ;
#534 = ADVANCED_FACE ( 'NONE', ( #108 ), #538, .T. ) ;
#535 = ORIENTED_EDGE ( 'NONE', *, *, #106, .T. ) ;
#536 = DIRECTION ( 'NONE',  ( 0.000000000000000000, 0.000000000000000000, 1.000000000000000000 ) ) ;
#537 = EDGE_CURVE ( 'NONE', #325, #171, #1349, .T. ) ;
#538 = CYLINDRICAL_SURFACE ( 'NONE', #591, 2.000000000000001776 ) ;
#539 = DIRECTION ( 'NONE',  ( 0.000000000000000000, -1.734723475976807094E-15, 1.000000000000000000 ) ) ;
#540 = VERTEX_POINT ( 'NONE', #959 ) ;
#541 = ORIENTED_EDGE ( 'NONE', *, *, #330, .F. ) ;
#542 = FACE_BOUND ( 'NONE', #179, .T. ) ;
#543 = CARTESIAN_POINT ( 'NONE',  ( -123.6000000000000085, 15.59999999999998543, 4.999999999999999112 ) ) ;
#544 = DIRECTION ( 'NONE',  ( 1.000000000000000000, -0.000000000000000000, -0.000000000000000000 ) ) ;
#545 = VECTOR ( 'NONE', #291, 1000.000000000000000 ) ;
#546 = ORIENTED_EDGE ( 'NONE', *, *, #629, .T. ) ;
#547 = AXIS2_PLACEMENT_3D ( 'NONE', #1386, #714, #176 ) ;
#548 = ORIENTED_EDGE ( 'NONE', *, *, #501, .F. ) ;
#549 = PLANE ( 'NONE',  #1323 ) ;
#550 = DIRECTION ( 'NONE',  ( -1.000000000000000000, 0.000000000000000000, 0.000000000000000000 ) ) ;
#551 = DIRECTION ( 'NONE',  ( 0.000000000000000000, 1.000000000000000000, -0.000000000000000000 ) ) ;
#552 = DIRECTION ( 'NONE',  ( -0.000000000000000000, -0.000000000000000000, 1.000000000000000000 ) ) ;
#553 = DIRECTION ( 'NONE',  ( -1.000000000000000000, 0.000000000000000000, 0.000000000000000000 ) ) ;
#554 = EDGE_LOOP ( 'NONE', ( #751, #471, #1307 ) ) ;
#555 = AXIS2_PLACEMENT_3D ( 'NONE', #167, #153, #599 ) ;
#556 = ORIENTED_EDGE ( 'NONE', *, *, #181, .F. ) ;
#557 = CARTESIAN_POINT ( 'NONE',  ( -99.77198544762651977, 57.60338265577042449, 15.00000000000000000 ) ) ;
#558 = DIRECTION ( 'NONE',  ( -0.000000000000000000, -0.000000000000000000, -1.000000000000000000 ) ) ;
#559 = ADVANCED_FACE ( 'NONE', ( #753 ), #308, .F. ) ;
#560 = ORIENTED_EDGE ( 'NONE', *, *, #877, .T. ) ;
#561 = ORIENTED_EDGE ( 'NONE', *, *, #1007, .T. ) ;
#562 = EDGE_CURVE ( 'NONE', #1089, #636, #161, .T. ) ;
#563 = ORIENTED_EDGE ( 'NONE', *, *, #1306, .F. ) ;
#564 = CARTESIAN_POINT ( 'NONE',  ( -118.6833840559738888, 10.04404467322901517, 13.95886484930738369 ) ) ;
#565 = CARTESIAN_POINT ( 'NONE',  ( -117.6000000000000085, -12.85000000000001563, 15.00000000000000000 ) ) ;
#566 = PLANE ( 'NONE',  #1122 ) ;
#567 = EDGE_CURVE ( 'NONE', #662, #791, #1298, .T. ) ;
#568 = ORIENTED_EDGE ( 'NONE', *, *, #262, .F. ) ;
#569 = FACE_OUTER_BOUND ( 'NONE', #1301, .T. ) ;
#570 = DIRECTION ( 'NONE',  ( -1.000000000000000000, 0.000000000000000000, 0.000000000000000000 ) ) ;
#571 = VERTEX_POINT ( 'NONE', #747 ) ;
#572 = VECTOR ( 'NONE', #1358, 1000.000000000000000 ) ;
#573 = EDGE_CURVE ( 'NONE', #1064, #288, #1173, .T. ) ;
#574 = EDGE_LOOP ( 'NONE', ( #323, #1123, #1151, #533 ) ) ;
#575 = CARTESIAN_POINT ( 'NONE',  ( -120.3069856607173023, 11.54307525994299688, 13.04491705330340601 ) ) ;
#576 = EDGE_CURVE ( 'NONE', #424, #671, #1185, .T. ) ;
#577 = CARTESIAN_POINT ( 'NONE',  ( -120.5847123564834646, -12.49659941796462803, 13.72152014685187993 ) ) ;
#578 = EDGE_LOOP ( 'NONE', ( #797, #560, #37, #886 ) ) ;
#579 = VERTEX_POINT ( 'NONE', #1401 ) ;
#580 = VECTOR ( 'NONE', #434, 1000.000000000000000 ) ;
#581 = AXIS2_PLACEMENT_3D ( 'NONE', #1321, #341, #774 ) ;
#582 = DIRECTION ( 'NONE',  ( 1.000000000000000000, 0.000000000000000000, 0.000000000000000000 ) ) ;
#583 = CARTESIAN_POINT ( 'NONE',  ( -117.6000000000000085, 12.84999999999998721, 8.000000000000000000 ) ) ;
#584 = CARTESIAN_POINT ( 'NONE',  ( -115.0000000000000284, 8.599999999999999645, 8.000000000000000000 ) ) ;
#585 = LINE ( 'NONE', #807, #117 ) ;
#586 = CARTESIAN_POINT ( 'NONE',  ( -114.9494442698082821, -11.43123798739366315, 14.23869767775808626 ) ) ;
#587 = ORIENTED_EDGE ( 'NONE', *, *, #567, .F. ) ;
#588 = VECTOR ( 'NONE', #267, 1000.000000000000000 ) ;
#589 = DIRECTION ( 'NONE',  ( -0.000000000000000000, -0.000000000000000000, -1.000000000000000000 ) ) ;
#590 = CARTESIAN_POINT ( 'NONE',  ( -115.0000000000000284, -8.599999999999999645, 8.000000000000000000 ) ) ;
#591 = AXIS2_PLACEMENT_3D ( 'NONE', #644, #953, #854 ) ;
#592 = PLANE ( 'NONE',  #1100 ) ;
#593 = LINE ( 'NONE', #722, #907 ) ;
#594 = CARTESIAN_POINT ( 'NONE',  ( -120.6000000000000085, 12.84999999999998721, 11.88748865697795409 ) ) ;
#595 = ORIENTED_EDGE ( 'NONE', *, *, #106, .F. ) ;
#596 = VECTOR ( 'NONE', #1340, 1000.000000000000000 ) ;
#597 = PLANE ( 'NONE',  #1292 ) ;
#598 = CARTESIAN_POINT ( 'NONE',  ( -115.0000000000000284, 8.599999999999999645, 5.296225070746142904 ) ) ;
#599 = DIRECTION ( 'NONE',  ( -1.000000000000000000, 0.000000000000000000, 0.000000000000000000 ) ) ;
#600 = LINE ( 'NONE', #1379, #545 ) ;
#601 = CARTESIAN_POINT ( 'NONE',  ( -115.6612673713332384, 15.13939201416944158, 8.000000000000000000 ) ) ;
#602 = ORIENTED_EDGE ( 'NONE', *, *, #567, .T. ) ;
#603 = ADVANCED_FACE ( 'NONE', ( #623 ), #970, .F. ) ;
#604 = EDGE_CURVE ( 'NONE', #226, #579, #1407, .T. ) ;
#605 = ORIENTED_EDGE ( 'NONE', *, *, #77, .T. ) ;
#606 = DIRECTION ( 'NONE',  ( 1.000000000000000000, 1.885568995626969957E-16, -0.000000000000000000 ) ) ;
#607 = PLANE ( 'NONE',  #901 ) ;
#608 = LINE ( 'NONE', #1254, #1347 ) ;
#609 = DIRECTION ( 'NONE',  ( -1.000000000000000000, -0.000000000000000000, -0.000000000000000000 ) ) ;
#610 = CARTESIAN_POINT ( 'NONE',  ( -119.5387326286667786, 15.13939201416944158, 8.000000000000000000 ) ) ;
#611 = CARTESIAN_POINT ( 'NONE',  ( -110.6000000000000369, -7.600000000000007638, 15.00000000000000000 ) ) ;
#612 = ORIENTED_EDGE ( 'NONE', *, *, #77, .F. ) ;
#613 = EDGE_CURVE ( 'NONE', #699, #209, #653, .T. ) ;
#614 = VERTEX_POINT ( 'NONE', #422 ) ;
#615 = DIRECTION ( 'NONE',  ( -0.000000000000000000, -0.000000000000000000, -1.000000000000000000 ) ) ;
#616 = DIRECTION ( 'NONE',  ( 1.000000000000000000, -0.000000000000000000, -0.000000000000000000 ) ) ;
#617 = CARTESIAN_POINT ( 'NONE',  ( -110.6000000000000369, 13.77157287525382934, 0.000000000000000000 ) ) ;
#618 = CARTESIAN_POINT ( 'NONE',  ( -116.4977280922132934, -15.64754318427095292, 10.93782240794793559 ) ) ;
#619 = CARTESIAN_POINT ( 'NONE',  ( -125.8953393339529754, 6.356406460550991788, 0.000000000000000000 ) ) ;
#620 = ORIENTED_EDGE ( 'NONE', *, *, #1007, .F. ) ;
#621 = CARTESIAN_POINT ( 'NONE',  ( -115.3988579230505991, 14.91717504289177221, 8.706604933739727770 ) ) ;
#622 = ADVANCED_FACE ( 'NONE', ( #631 ), #1067, .T. ) ;
#623 = FACE_OUTER_BOUND ( 'NONE', #42, .T. ) ;
#624 = CARTESIAN_POINT ( 'NONE',  ( -119.0675641927368105, -15.47436574325412018, 11.16562315113784543 ) ) ;
#625 =( NAMED_UNIT ( * ) SI_UNIT ( $, .STERADIAN. ) SOLID_ANGLE_UNIT ( ) );
#626 = APPLICATION_PROTOCOL_DEFINITION ( 'draft international standard', 'automotive_design', 1998, #26 ) ;
#627 = EDGE_LOOP ( 'NONE', ( #1196, #277, #1042, #462 ) ) ;
#628 = CARTESIAN_POINT ( 'NONE',  ( -115.0000000000000284, -6.165225056719341623, 8.000000000000000000 ) ) ;
#629 = EDGE_CURVE ( 'NONE', #450, #852, #197, .T. ) ;
#630 = ADVANCED_FACE ( 'NONE', ( #752 ), #721, .F. ) ;
#631 = FACE_OUTER_BOUND ( 'NONE', #882, .T. ) ;
#632 = LINE ( 'NONE', #177, #670 ) ;
#633 = AXIS2_PLACEMENT_3D ( 'NONE', #888, #21, #1413 ) ;
#634 = FACE_OUTER_BOUND ( 'NONE', #574, .T. ) ;
#635 = DIRECTION ( 'NONE',  ( -0.000000000000000000, 0.000000000000000000, 1.000000000000000000 ) ) ;
#636 = VERTEX_POINT ( 'NONE', #945 ) ;
#637 = DIRECTION ( 'NONE',  ( -1.000000000000000000, 0.000000000000000000, 0.000000000000000000 ) ) ;
#638 = CARTESIAN_POINT ( 'NONE',  ( -117.3671176256357853, -15.84991815698394468, 10.65144675494201287 ) ) ;
#639 = CARTESIAN_POINT ( 'NONE',  ( -120.2000000000000313, 0.000000000000000000, 0.000000000000000000 ) ) ;
#640 = EDGE_CURVE ( 'NONE', #1398, #349, #1393, .T. ) ;
#641 = ORIENTED_EDGE ( 'NONE', *, *, #899, .F. ) ;
#642 = DIRECTION ( 'NONE',  ( -1.000000000000000000, 0.000000000000000000, 0.000000000000000000 ) ) ;
#643 = VECTOR ( 'NONE', #318, 1000.000000000000000 ) ;
#644 = CARTESIAN_POINT ( 'NONE',  ( -112.6000000000000369, 13.77157287525382934, 15.00000000000000000 ) ) ;
#645 = CARTESIAN_POINT ( 'NONE',  ( -119.3500000000000085, -12.85000000000001563, 15.00000000000000000 ) ) ;
#646 = VERTEX_POINT ( 'NONE', #628 ) ;
#647 = EDGE_CURVE ( 'NONE', #1314, #1005, #101, .T. ) ;
#648 = EDGE_LOOP ( 'NONE', ( #363, #1104, #38, #17 ) ) ;
#649 = PLANE ( 'NONE',  #152 ) ;
#650 = DIRECTION ( 'NONE',  ( -1.000000000000000000, 0.000000000000000000, 0.000000000000000000 ) ) ;
#651 = CARTESIAN_POINT ( 'NONE',  ( -119.3500000000000085, 12.84999999999998721, 15.00000000000000000 ) ) ;
#652 = EDGE_LOOP ( 'NONE', ( #244, #620, #480, #1080 ) ) ;
#653 = CIRCLE ( 'NONE', #151, 3.000000000000002665 ) ;
#654 = EDGE_CURVE ( 'NONE', #333, #1201, #1385, .T. ) ;
#655 = EDGE_LOOP ( 'NONE', ( #1004, #446 ) ) ;
#656 = DIRECTION ( 'NONE',  ( -0.000000000000000000, -0.000000000000000000, -1.000000000000000000 ) ) ;
#657 = CARTESIAN_POINT ( 'NONE',  ( -124.5999999999999943, -17.60000000000000853, 4.999999999999999112 ) ) ;
#658 = DIRECTION ( 'NONE',  ( 0.000000000000000000, -0.000000000000000000, 1.000000000000000000 ) ) ;
#659 = AXIS2_PLACEMENT_3D ( 'NONE', #429, #658, #1102 ) ;
#660 = ORIENTED_EDGE ( 'NONE', *, *, #706, .F. ) ;
#661 = CIRCLE ( 'NONE', #528, 10.09999999999999964 ) ;
#662 = VERTEX_POINT ( 'NONE', #96 ) ;
#663 = DIRECTION ( 'NONE',  ( -0.000000000000000000, -0.000000000000000000, -1.000000000000000000 ) ) ;
#664 = CARTESIAN_POINT ( 'NONE',  ( -119.6699065815793119, 15.02830958662153549, 8.353219607421683790 ) ) ;
#665 = CARTESIAN_POINT ( 'NONE',  ( -110.6000000000000369, 5.599999999999985434, 4.999999999999999112 ) ) ;
#666 = VECTOR ( 'NONE', #606, 1000.000000000000000 ) ;
#667 = VERTEX_POINT ( 'NONE', #1303 ) ;
#668 = VECTOR ( 'NONE', #938, 1000.000000000000000 ) ;
#669 = VERTEX_POINT ( 'NONE', #298 ) ;
#670 = VECTOR ( 'NONE', #504, 1000.000000000000000 ) ;
#671 = VERTEX_POINT ( 'NONE', #191 ) ;
#672 = CARTESIAN_POINT ( 'NONE',  ( -110.6000000000000369, 13.77157287525382934, 15.00000000000000000 ) ) ;
#673 = ADVANCED_FACE ( 'NONE', ( #1297, #1053 ), #524, .F. ) ;
#674 = ORIENTED_EDGE ( 'NONE', *, *, #1263, .T. ) ;
#675 = ORIENTED_EDGE ( 'NONE', *, *, #430, .F. ) ;
#676 = FACE_OUTER_BOUND ( 'NONE', #894, .T. ) ;
#677 = CARTESIAN_POINT ( 'NONE',  ( -117.6000000000000085, -12.85000000000001563, 15.00000000000000000 ) ) ;
#678 = VERTEX_POINT ( 'NONE', #320 ) ;
#679 = EDGE_CURVE ( 'NONE', #646, #67, #1280, .T. ) ;
#680 = ADVANCED_FACE ( 'NONE', ( #958 ), #607, .F. ) ;
#681 = ORIENTED_EDGE ( 'NONE', *, *, #1127, .F. ) ;
#682 = DIRECTION ( 'NONE',  ( 0.000000000000000000, 0.000000000000000000, 1.000000000000000000 ) ) ;
#683 = CARTESIAN_POINT ( 'NONE',  ( -125.3743559212985588, 13.25877620116905931, 12.12817952238187225 ) ) ;
#684 = FACE_BOUND ( 'NONE', #10, .T. ) ;
#685 = VECTOR ( 'NONE', #793, 1000.000000000000000 ) ;
#686 = CIRCLE ( 'NONE', #88, 3.000000000000002665 ) ;
#687 = ORIENTED_EDGE ( 'NONE', *, *, #1234, .F. ) ;
#688 = CARTESIAN_POINT ( 'NONE',  ( -119.6552515023544458, -10.65560314217801974, 14.52295768469312520 ) ) ;
#689 = EDGE_LOOP ( 'NONE', ( #568, #977 ) ) ;
#690 = DIRECTION ( 'NONE',  ( 0.000000000000000000, 0.000000000000000000, -1.000000000000000000 ) ) ;
#691 = CARTESIAN_POINT ( 'NONE',  ( -128.8953393339529612, 2.276845244291731123E-13, 15.00000000000000000 ) ) ;
#692 = ORIENTED_EDGE ( 'NONE', *, *, #1006, .F. ) ;
#693 = AXIS2_PLACEMENT_3D ( 'NONE', #202, #516, #950 ) ;
#694 = CARTESIAN_POINT ( 'NONE',  ( -120.3819002428010378, 11.71316575618508615, 12.91679166369300802 ) ) ;
#695 = CARTESIAN_POINT ( 'NONE',  ( -115.0000000000000284, -10.09999999999999964, 0.000000000000000000 ) ) ;
#696 = DIRECTION ( 'NONE',  ( 0.000000000000000000, -1.000000000000000000, 0.000000000000000000 ) ) ;
#697 = CARTESIAN_POINT ( 'NONE',  ( -120.2000000000000313, 6.165225056719340735, 8.000000000000000000 ) ) ;
#698 = CARTESIAN_POINT ( 'NONE',  ( -114.7296112117856524, -11.95738937525490364, 14.00283927916376570 ) ) ;
#699 = VERTEX_POINT ( 'NONE', #853 ) ;
#700 = DIRECTION ( 'NONE',  ( -0.000000000000000000, -0.000000000000000000, -1.000000000000000000 ) ) ;
#701 = CARTESIAN_POINT ( 'NONE',  ( -118.9926823082237775, -10.18496800044180972, 14.66049499316134508 ) ) ;
#702 = CARTESIAN_POINT ( 'NONE',  ( -120.2000000000000313, -6.165225056719340735, 8.000000000000000000 ) ) ;
#703 = EDGE_CURVE ( 'NONE', #708, #1327, #1046, .T. ) ;
#704 = LINE ( 'NONE', #1155, #186 ) ;
#705 = B_SPLINE_CURVE_WITH_KNOTS ( 'NONE', 3,
 ( #392, #621, #313, #71, #1059, #1164, #90, #185 ),
 .UNSPECIFIED., .F., .F.,
 ( 4, 2, 2, 4 ),
 ( 0.009905613239633744016, 0.01223548477271736365, 0.01340042053925917000, 0.01456535630580097808 ),
 .UNSPECIFIED. ) ;
#706 = EDGE_CURVE ( 'NONE', #372, #662, #1182, .T. ) ;
#707 = CARTESIAN_POINT ( 'NONE',  ( -123.6000000000000227, -4.999999999999999112, 0.000000000000000000 ) ) ;
#708 = VERTEX_POINT ( 'NONE', #1179 ) ;
#709 = VECTOR ( 'NONE', #371, 1000.000000000000000 ) ;
#710 = EDGE_LOOP ( 'NONE', ( #1343, #1116, #870, #276 ) ) ;
#711 = CARTESIAN_POINT ( 'NONE',  ( -128.8953393339529896, -9.356406460551024651, 15.00000000000000000 ) ) ;
#712 = FACE_BOUND ( 'NONE', #648, .T. ) ;
#713 = CARTESIAN_POINT ( 'NONE',  ( -111.5999999999999943, 15.59999999999998543, 4.999999999999999112 ) ) ;
#714 = DIRECTION ( 'NONE',  ( 0.000000000000000000, 0.000000000000000000, -1.000000000000000000 ) ) ;
#715 = CARTESIAN_POINT ( 'NONE',  ( -128.8953393339529612, -7.600000000000007638, 4.999999999999999112 ) ) ;
#716 = FACE_OUTER_BOUND ( 'NONE', #172, .T. ) ;
#717 = ORIENTED_EDGE ( 'NONE', *, *, #353, .T. ) ;
#718 = ORIENTED_EDGE ( 'NONE', *, *, #100, .T. ) ;
#719 = LINE ( 'NONE', #711, #415 ) ;
#720 = PRODUCT ( 'camera_tracker_bearing_mount', 'camera_tracker_bearing_mount', '', ( #956 ) ) ;
#721 = CYLINDRICAL_SURFACE ( 'NONE', #519, 3.000000000000002665 ) ;
#722 = CARTESIAN_POINT ( 'NONE',  ( -124.2000000000000028, 8.599999999999997868, 0.000000000000000000 ) ) ;
#723 = LINE ( 'NONE', #386, #254 ) ;
#724 = LINE ( 'NONE', #691, #709 ) ;
#725 = EDGE_CURVE ( 'NONE', #333, #406, #846, .T. ) ;
#726 =( NAMED_UNIT ( * ) PLANE_ANGLE_UNIT ( ) SI_UNIT ( $, .RADIAN. ) );
#727 = EDGE_CURVE ( 'NONE', #1089, #332, #705, .T. ) ;
#728 = ORIENTED_EDGE ( 'NONE', *, *, #329, .F. ) ;
#729 = VECTOR ( 'NONE', #975, 1000.000000000000000 ) ;
#730 = AXIS2_PLACEMENT_3D ( 'NONE', #1246, #1032, #922 ) ;
#731 = CARTESIAN_POINT ( 'NONE',  ( -69.59999999999904219, 69.60000000000012221, 15.00000000000000000 ) ) ;
#732 = DIRECTION ( 'NONE',  ( 1.000000000000000000, -0.000000000000000000, -0.000000000000000000 ) ) ;
#733 = CIRCLE ( 'NONE', #547, 1.750000000000001554 ) ;
#734 = CARTESIAN_POINT ( 'NONE',  ( -118.7929511918943462, -15.60447408905952571, 10.99445833521846261 ) ) ;
#735 = CARTESIAN_POINT ( 'NONE',  ( -115.0759656747642481, 11.21751987094653735, 13.27552503516134053 ) ) ;
#736 = AXIS2_PLACEMENT_3D ( 'NONE', #911, #366, #682 ) ;
#737 = EDGE_CURVE ( 'NONE', #1201, #976, #1322, .T. ) ;
#738 = ORIENTED_EDGE ( 'NONE', *, *, #352, .T. ) ;
#739 = CARTESIAN_POINT ( 'NONE',  ( -125.8953393339530038, -9.356406460551029980, 0.000000000000000000 ) ) ;
#740 = VECTOR ( 'NONE', #266, 1000.000000000000114 ) ;
#741 = CARTESIAN_POINT ( 'NONE',  ( -101.0710235533027657, -58.35338265577075845, 15.00000000000000000 ) ) ;
#742 = CARTESIAN_POINT ( 'NONE',  ( -115.9620123901806323, -15.37052066723756560, 11.29682660117594217 ) ) ;
#743 = CARTESIAN_POINT ( 'NONE',  ( -115.9283883472391352, 10.34996911031400302, 13.80111875104238095 ) ) ;
#744 = ORIENTED_EDGE ( 'NONE', *, *, #419, .T. ) ;
#745 = CARTESIAN_POINT ( 'NONE',  ( -99.77198544762651977, 57.60338265577042449, 0.000000000000000000 ) ) ;
#746 = VERTEX_POINT ( 'NONE', #306 ) ;
#747 = CARTESIAN_POINT ( 'NONE',  ( -115.8500000000000085, 12.84999999999998721, 8.000000000000000000 ) ) ;
#748 = CARTESIAN_POINT ( 'NONE',  ( -126.2000000000000028, -6.599999999999997868, 8.000000000000000000 ) ) ;
#749 = EDGE_CURVE ( 'NONE', #1200, #985, #222, .T. ) ;
#750 = CARTESIAN_POINT ( 'NONE',  ( -128.8953393339529896, -9.356406460551024651, 0.000000000000000000 ) ) ;
#751 = ORIENTED_EDGE ( 'NONE', *, *, #68, .F. ) ;
#752 = FACE_OUTER_BOUND ( 'NONE', #827, .T. ) ;
#753 = FACE_OUTER_BOUND ( 'NONE', #627, .T. ) ;
#754 = CARTESIAN_POINT ( 'NONE',  ( -117.6000000000000085, 12.84999999999998721, 8.000000000000000000 ) ) ;
#755 = ADVANCED_FACE ( 'NONE', ( #974, #542 ), #1202, .T. ) ;
#756 = ORIENTED_EDGE ( 'NONE', *, *, #885, .F. ) ;
#757 = ADVANCED_FACE ( 'NONE', ( #979 ), #5, .F. ) ;
#758 = ORIENTED_EDGE ( 'NONE', *, *, #1366, .T. ) ;
#759 = CARTESIAN_POINT ( 'NONE',  ( -128.8953393339529612, 2.276845244291731123E-13, 15.00000000000000000 ) ) ;
#760 = AXIS2_PLACEMENT_3D ( 'NONE', #557, #200, #448 ) ;
#761 = CARTESIAN_POINT ( 'NONE',  ( -128.8605853415824072, 6.881316527147197881, 14.92085667584199449 ) ) ;
#762 = CARTESIAN_POINT ( 'NONE',  ( -124.2000000000000028, 8.599999999999997868, 8.000000000000000000 ) ) ;
#763 = EDGE_CURVE ( 'NONE', #226, #791, #223, .T. ) ;
#764 = ORIENTED_EDGE ( 'NONE', *, *, #933, .T. ) ;
#765 = EDGE_LOOP ( 'NONE', ( #24, #909, #817, #889 ) ) ;
#766 = DIRECTION ( 'NONE',  ( 0.7071067811865477948, -0.7071067811865473507, 0.000000000000000000 ) ) ;
#767 = CYLINDRICAL_SURFACE ( 'NONE', #1250, 1.750000000000001554 ) ;
#768 = CARTESIAN_POINT ( 'NONE',  ( -120.2332326379924723, -14.29892892004519389, 12.42759868257857292 ) ) ;
#769 = ORIENTED_EDGE ( 'NONE', *, *, #737, .F. ) ;
#770 = AXIS2_PLACEMENT_3D ( 'NONE', #97, #525, #416 ) ;
#771 = AXIS2_PLACEMENT_3D ( 'NONE', #565, #558, #650 ) ;
#772 = EDGE_LOOP ( 'NONE', ( #507, #563, #259, #247 ) ) ;
#773 = EDGE_CURVE ( 'NONE', #332, #636, #1411, .T. ) ;
#774 = DIRECTION ( 'NONE',  ( 0.000000000000000000, 0.000000000000000000, -1.000000000000000000 ) ) ;
#775 = CARTESIAN_POINT ( 'NONE',  ( -114.6000000000000085, 12.84999999999998543, 11.88748865697795409 ) ) ;
#776 = AXIS2_PLACEMENT_3D ( 'NONE', #49, #946, #822 ) ;
#777 = VERTEX_POINT ( 'NONE', #1197 ) ;
#778 = ORIENTED_EDGE ( 'NONE', *, *, #1000, .F. ) ;
#779 = AXIS2_PLACEMENT_3D ( 'NONE', #187, #929, #914 ) ;
#780 = ORIENTED_EDGE ( 'NONE', *, *, #426, .F. ) ;
#781 = CARTESIAN_POINT ( 'NONE',  ( -110.6000000000000369, 13.77157287525382934, 10.76414752972333666 ) ) ;
#782 = CARTESIAN_POINT ( 'NONE',  ( -120.6000000000000085, 12.84999999999998721, 11.88748865697795409 ) ) ;
#783 = AXIS2_PLACEMENT_3D ( 'NONE', #1277, #1268, #1148 ) ;
#784 = VERTEX_POINT ( 'NONE', #1315 ) ;
#785 = VERTEX_POINT ( 'NONE', #217 ) ;
#786 = LINE ( 'NONE', #53, #685 ) ;
#787 = EDGE_CURVE ( 'NONE', #678, #785, #427, .T. ) ;
#788 = CARTESIAN_POINT ( 'NONE',  ( -120.2000000000000313, 0.000000000000000000, 0.000000000000000000 ) ) ;
#789 = ORIENTED_EDGE ( 'NONE', *, *, #1367, .F. ) ;
#790 = ADVANCED_FACE ( 'NONE', ( #334 ), #649, .F. ) ;
#791 = VERTEX_POINT ( 'NONE', #326 ) ;
#792 = VECTOR ( 'NONE', #70, 1000.000000000000000 ) ;
#793 = DIRECTION ( 'NONE',  ( -0.000000000000000000, -0.000000000000000000, -1.000000000000000000 ) ) ;
#794 = CARTESIAN_POINT ( 'NONE',  ( -120.6000000000000085, -12.85000000000001563, 13.51102226527459571 ) ) ;
#795 = VERTEX_POINT ( 'NONE', #113 ) ;
#796 = CIRCLE ( 'NONE', #360, 5.000000000000000000 ) ;
#797 = ORIENTED_EDGE ( 'NONE', *, *, #373, .F. ) ;
#798 = CARTESIAN_POINT ( 'NONE',  ( -118.4712645732665095, 9.970784166471148069, 13.99439380329285676 ) ) ;
#799 = CARTESIAN_POINT ( 'NONE',  ( -117.6000000000000085, 12.84999999999998721, 15.00000000000000000 ) ) ;
#800 = ORIENTED_EDGE ( 'NONE', *, *, #454, .F. ) ;
#801 = CARTESIAN_POINT ( 'NONE',  ( -128.6235864221407610, -10.63094388820795544, 14.53258844185161358 ) ) ;
#802 = CIRCLE ( 'NONE', #1357, 10.00000000000000000 ) ;
#803 = EDGE_LOOP ( 'NONE', ( #444, #1052, #864, #1279 ) ) ;
#804 = CYLINDRICAL_SURFACE ( 'NONE', #458, 3.000000000000002665 ) ;
#805 = CARTESIAN_POINT ( 'NONE',  ( -116.0387911423985088, -10.28010655741265467, 14.63493907977438546 ) ) ;
#806 = DIRECTION ( 'NONE',  ( 0.000000000000000000, -0.000000000000000000, 1.000000000000000000 ) ) ;
#807 = CARTESIAN_POINT ( 'NONE',  ( -115.0000000000000284, -8.599999999999999645, 8.000000000000000000 ) ) ;
#808 = LINE ( 'NONE', #917, #1404 ) ;
#809 = ORIENTED_EDGE ( 'NONE', *, *, #104, .T. ) ;
#810 = AXIS2_PLACEMENT_3D ( 'NONE', #8, #1115, #1329 ) ;
#811 = CARTESIAN_POINT ( 'NONE',  ( -120.5535436167965884, 12.21594610725431451, 12.51097865404762643 ) ) ;
#812 = LINE ( 'NONE', #382, #596 ) ;
#813 = CARTESIAN_POINT ( 'NONE',  ( -120.6000000000000085, -12.85000000000001563, 8.000000000000000000 ) ) ;
#814 = CARTESIAN_POINT ( 'NONE',  ( -110.6000000000000369, 0.000000000000000000, 0.000000000000000000 ) ) ;
#815 = LINE ( 'NONE', #258, #826 ) ;
#816 = ORIENTED_EDGE ( 'NONE', *, *, #1127, .T. ) ;
#817 = ORIENTED_EDGE ( 'NONE', *, *, #1169, .F. ) ;
#818 = CARTESIAN_POINT ( 'NONE',  ( 0.000000000000000000, 15.59999999999998543, 15.00000000000000000 ) ) ;
#819 = ADVANCED_FACE ( 'NONE', ( #119 ), #549, .T. ) ;
#820 = DIRECTION ( 'NONE',  ( -1.000000000000000000, 0.000000000000000000, 0.000000000000000000 ) ) ;
#821 = DIRECTION ( 'NONE',  ( 0.000000000000000000, -0.000000000000000000, -1.000000000000000000 ) ) ;
#822 = DIRECTION ( 'NONE',  ( 0.000000000000000000, 0.000000000000000000, 1.000000000000000000 ) ) ;
#823 = CARTESIAN_POINT ( 'NONE',  ( -124.5999999999999943, -17.60000000000000853, 4.999999999999999112 ) ) ;
#824 = CARTESIAN_POINT ( 'NONE',  ( -111.5999999999999943, 15.59999999999998188, 15.00000000000000000 ) ) ;
#825 = ORIENTED_EDGE ( 'NONE', *, *, #1150, .F. ) ;
#826 = VECTOR ( 'NONE', #58, 1000.000000000000000 ) ;
#827 = EDGE_LOOP ( 'NONE', ( #756, #116, #1351 ) ) ;
#828 = DIRECTION ( 'NONE',  ( -0.000000000000000000, -0.000000000000000000, -1.000000000000000000 ) ) ;
#829 = CARTESIAN_POINT ( 'NONE',  ( -115.0000000000000284, 8.599999999999999645, 8.000000000000000000 ) ) ;
#830 = ADVANCED_FACE ( 'NONE', ( #218 ), #231, .F. ) ;
#831 = CARTESIAN_POINT ( 'NONE',  ( -128.4934155453063056, 7.856406460550975801, 15.00000000000000000 ) ) ;
#832 = CARTESIAN_POINT ( 'NONE',  ( -120.2000000000000313, 8.599999999999997868, 5.296225070746145569 ) ) ;
#833 = CARTESIAN_POINT ( 'NONE',  ( -114.7461500067547036, -13.79316254069081538, 12.85455425170026622 ) ) ;
#834 = DIRECTION ( 'NONE',  ( -0.000000000000000000, -0.000000000000000000, -1.000000000000000000 ) ) ;
#835 = ORIENTED_EDGE ( 'NONE', *, *, #1084, .T. ) ;
#836 = ADVANCED_FACE ( 'NONE', ( #1101 ), #767, .F. ) ;
#837 = ORIENTED_EDGE ( 'NONE', *, *, #383, .F. ) ;
#838 = DIRECTION ( 'NONE',  ( -1.000000000000000000, 0.000000000000000000, 0.000000000000000000 ) ) ;
#839 = VECTOR ( 'NONE', #1288, 1000.000000000000000 ) ;
#840 = DIRECTION ( 'NONE',  ( -1.000000000000000000, 1.766429458238739927E-15, -0.000000000000000000 ) ) ;
#841 = CARTESIAN_POINT ( 'NONE',  ( -118.3908686002856996, -15.74601714992723522, 10.80037361460861689 ) ) ;
#842 = ADVANCED_FACE ( 'NONE', ( #995 ), #29, .F. ) ;
#843 = DIRECTION ( 'NONE',  ( -0.7071067811865479058, 0.7071067811865472397, 0.000000000000000000 ) ) ;
#844 = VERTEX_POINT ( 'NONE', #428 ) ;
#845 = AXIS2_PLACEMENT_3D ( 'NONE', #16, #880, #1324 ) ;
#846 = LINE ( 'NONE', #1377, #339 ) ;
#847 = CARTESIAN_POINT ( 'NONE',  ( -124.2000000000000028, 8.599999999999997868, 8.000000000000000000 ) ) ;
#848 = AXIS2_PLACEMENT_3D ( 'NONE', #91, #517, #1394 ) ;
#849 = DIRECTION ( 'NONE',  ( 1.000000000000000000, 0.000000000000000000, 0.000000000000000000 ) ) ;
#850 = FILL_AREA_STYLE ('',( #237 ) ) ;
#851 = AXIS2_PLACEMENT_3D ( 'NONE', #639, #1300, #1056 ) ;
#852 = VERTEX_POINT ( 'NONE', #351 ) ;
#853 = CARTESIAN_POINT ( 'NONE',  ( -120.6000000000000085, 12.84999999999998721, 8.000000000000000000 ) ) ;
#854 = DIRECTION ( 'NONE',  ( -1.000000000000000000, 0.000000000000000000, 0.000000000000000000 ) ) ;
#855 = PLANE ( 'NONE',  #1241 ) ;
#856 = CARTESIAN_POINT ( 'NONE',  ( -115.8500000000000085, 12.84999999999998721, 15.00000000000000000 ) ) ;
#857 = ORIENTED_EDGE ( 'NONE', *, *, #419, .F. ) ;
#858 = CARTESIAN_POINT ( 'NONE',  ( -120.2000000000000313, -6.165225056719340735, 8.000000000000000000 ) ) ;
#859 = ADVANCED_FACE ( 'NONE', ( #1225 ), #1003, .T. ) ;
#860 = CARTESIAN_POINT ( 'NONE',  ( -128.8953393339529612, 5.599999999999985434, 4.999999999999999112 ) ) ;
#861 = EDGE_CURVE ( 'NONE', #669, #406, #449, .T. ) ;
#862 = DIRECTION ( 'NONE',  ( -0.7071067811865477948, -0.7071067811865473507, 0.000000000000000000 ) ) ;
#863 = VERTEX_POINT ( 'NONE', #347 ) ;
#864 = ORIENTED_EDGE ( 'NONE', *, *, #737, .T. ) ;
#865 = CARTESIAN_POINT ( 'NONE',  ( -123.6000000000000227, 4.999999999999999112, 0.000000000000000000 ) ) ;
#866 = PRODUCT_DEFINITION ( 'UNKNOWN', '', #1208, #1170 ) ;
#867 = CARTESIAN_POINT ( 'NONE',  ( -120.0456326151802102, 14.59825942870534732, 9.378276949992175204 ) ) ;
#868 = CARTESIAN_POINT ( 'NONE',  ( -124.5999999999999943, -17.60000000000000853, 0.000000000000000000 ) ) ;
#869 = EDGE_LOOP ( 'NONE', ( #991, #595, #1087, #112, #203, #221 ) ) ;
#870 = ORIENTED_EDGE ( 'NONE', *, *, #181, .T. ) ;
#871 = CARTESIAN_POINT ( 'NONE',  ( -124.2000000000000028, -8.599999999999997868, 8.000000000000000000 ) ) ;
#872 = CIRCLE ( 'NONE', #509, 10.09999999999999964 ) ;
#873 = CARTESIAN_POINT ( 'NONE',  ( -119.8004690749806116, 14.89828361526043743, 8.698635370957342516 ) ) ;
#874 = DIRECTION ( 'NONE',  ( 1.000000000000000000, -0.000000000000000000, -0.000000000000000000 ) ) ;
#875 = VECTOR ( 'NONE', #72, 1000.000000000000000 ) ;
#876 = ORIENTED_EDGE ( 'NONE', *, *, #1043, .F. ) ;
#877 = EDGE_CURVE ( 'NONE', #183, #972, #964, .T. ) ;
#878 = ORIENTED_EDGE ( 'NONE', *, *, #111, .F. ) ;
#879 = CYLINDRICAL_SURFACE ( 'NONE', #581, 10.09999999999999964 ) ;
#880 = DIRECTION ( 'NONE',  ( -0.000000000000000000, 0.000000000000000000, 1.000000000000000000 ) ) ;
#881 = ORIENTED_EDGE ( 'NONE', *, *, #1370, .F. ) ;
#882 = EDGE_LOOP ( 'NONE', ( #1110, #452, #228 ) ) ;
#883 = VECTOR ( 'NONE', #969, 1000.000000000000000 ) ;
#884 = AXIS2_PLACEMENT_3D ( 'NONE', #583, #921, #1137 ) ;
#885 = EDGE_CURVE ( 'NONE', #1119, #209, #142, .T. ) ;
#886 = ORIENTED_EDGE ( 'NONE', *, *, #83, .T. ) ;
#887 = CARTESIAN_POINT ( 'NONE',  ( -110.8910573976187095, 14.84209800257280598, 8.856764412599153147 ) ) ;
#888 = CARTESIAN_POINT ( 'NONE',  ( -117.6000000000000085, 12.84999999999998721, 15.00000000000000000 ) ) ;
#889 = ORIENTED_EDGE ( 'NONE', *, *, #1111, .F. ) ;
#890 = VERTEX_POINT ( 'NONE', #543 ) ;
#891 = CARTESIAN_POINT ( 'NONE',  ( -110.6000000000000369, 0.000000000000000000, 15.00000000000000000 ) ) ;
#892 = EDGE_CURVE ( 'NONE', #1337, #138, #447, .T. ) ;
#893 = CARTESIAN_POINT ( 'NONE',  ( -119.5387326286667786, 15.13939201416944158, 8.000000000000000000 ) ) ;
#894 = EDGE_LOOP ( 'NONE', ( #780, #413, #718, #256 ) ) ;
#895 = ORIENTED_EDGE ( 'NONE', *, *, #537, .F. ) ;
#896 = CARTESIAN_POINT ( 'NONE',  ( -111.5999999999999943, 15.59999999999998543, 5.966118216318355927 ) ) ;
#897 = CARTESIAN_POINT ( 'NONE',  ( -128.4934155453063056, 7.856406460550975801, 14.74210602923124291 ) ) ;
#898 = EDGE_CURVE ( 'NONE', #171, #777, #212, .T. ) ;
#899 = EDGE_CURVE ( 'NONE', #844, #708, #1206, .T. ) ;
#900 = FACE_BOUND ( 'NONE', #655, .T. ) ;
#901 = AXIS2_PLACEMENT_3D ( 'NONE', #731, #290, #1272 ) ;
#902 = ORIENTED_EDGE ( 'NONE', *, *, #703, .T. ) ;
#903 = CARTESIAN_POINT ( 'NONE',  ( -117.6000000000000085, 15.13939201416944158, 8.000000000000000000 ) ) ;
#904 = CARTESIAN_POINT ( 'NONE',  ( -118.6175081822032382, -10.02039990997701757, 14.70303495572322205 ) ) ;
#905 = EDGE_CURVE ( 'NONE', #784, #344, #1093, .T. ) ;
#906 = DIRECTION ( 'NONE',  ( -0.000000000000000000, -0.000000000000000000, -1.000000000000000000 ) ) ;
#907 = VECTOR ( 'NONE', #1240, 999.9999999999998863 ) ;
#908 = DIRECTION ( 'NONE',  ( 1.000000000000000000, -1.885568995626969957E-16, 0.000000000000000000 ) ) ;
#909 = ORIENTED_EDGE ( 'NONE', *, *, #182, .T. ) ;
#910 = VECTOR ( 'NONE', #73, 1000.000000000000000 ) ;
#911 = CARTESIAN_POINT ( 'NONE',  ( -126.2000000000000028, -6.599999999999997868, 8.000000000000000000 ) ) ;
#912 = CARTESIAN_POINT ( 'NONE',  ( -119.9265685156692456, -10.94565884110913245, 14.42496687240079112 ) ) ;
#913 = CARTESIAN_POINT ( 'NONE',  ( -110.6000000000000369, -17.60000000000000853, 4.999999999999999112 ) ) ;
#914 = DIRECTION ( 'NONE',  ( -1.000000000000000000, 0.000000000000000000, 0.000000000000000000 ) ) ;
#915 = VECTOR ( 'NONE', #261, 1000.000000000000000 ) ;
#916 = ADVANCED_FACE ( 'NONE', ( #15 ), #879, .F. ) ;
#917 = CARTESIAN_POINT ( 'NONE',  ( -126.2000000000000028, -6.599999999999997868, 8.000000000000000000 ) ) ;
#918 = ORIENTED_EDGE ( 'NONE', *, *, #1013, .F. ) ;
#919 = VECTOR ( 'NONE', #64, 1000.000000000000000 ) ;
#920 = CARTESIAN_POINT ( 'NONE',  ( -115.8500000000000085, -12.85000000000001563, 0.000000000000000000 ) ) ;
#921 = DIRECTION ( 'NONE',  ( 0.000000000000000000, 0.000000000000000000, -1.000000000000000000 ) ) ;
#922 = DIRECTION ( 'NONE',  ( -1.000000000000000000, 0.000000000000000000, 0.000000000000000000 ) ) ;
#923 = CARTESIAN_POINT ( 'NONE',  ( -124.5999999999999943, -17.60000000000000853, 15.00000000000000000 ) ) ;
#924 = DIRECTION ( 'NONE',  ( 0.000000000000000000, 1.000000000000000000, -0.000000000000000000 ) ) ;
#925 = EDGE_LOOP ( 'NONE', ( #1113, #878, #996, #1058 ) ) ;
#926 = DIRECTION ( 'NONE',  ( 1.000000000000000000, 0.000000000000000000, 0.000000000000000000 ) ) ;
#927 = CARTESIAN_POINT ( 'NONE',  ( -117.1925941706851120, -9.870719186610614315, 14.73887379822889621 ) ) ;
#928 = CARTESIAN_POINT ( 'NONE',  ( -120.2000000000000313, -8.599999999999997868, 5.296225070746145569 ) ) ;
#929 = DIRECTION ( 'NONE',  ( -0.000000000000000000, -0.000000000000000000, -1.000000000000000000 ) ) ;
#930 = PLANE ( 'NONE',  #783 ) ;
#931 = ORIENTED_EDGE ( 'NONE', *, *, #933, .F. ) ;
#932 = B_SPLINE_CURVE_WITH_KNOTS ( 'NONE', 3,
 ( #1290, #1380, #1068, #396, #833, #961, #518, #1275, #1299, #742, #292, #618, #1282, #317, #638, #301, #512, #841, #947, #402, #734, #624, #1061, #1186, #1181, #1073, #103, #768, #342, #109, #322, #123 ),
 .UNSPECIFIED., .F., .F.,
 ( 4, 2, 2, 2, 2, 2, 2, 2, 2, 2, 2, 2, 2, 2, 2, 4 ),
 ( 0.0006815224580787232261, 0.001372488423495420422, 0.002063454388912117944, 0.003445386319745511686, 0.004136352285162207473, 0.004827318250578902827, 0.005518284215995597312, 0.006209250181412293533, 0.006900216146828988886, 0.007245699129537354344, 0.007591182112245720669, 0.008282148077662483676, 0.008973114043079244082, 0.009664080008496006222, 0.01035504597391277010, 0.01173697790474629438 ),
 .UNSPECIFIED. ) ;
#933 = EDGE_CURVE ( 'NONE', #746, #1201, #1212, .T. ) ;
#934 = ORIENTED_EDGE ( 'NONE', *, *, #316, .F. ) ;
#935 = CARTESIAN_POINT ( 'NONE',  ( -117.6000000000000085, 12.84999999999998721, 15.00000000000000000 ) ) ;
#936 = CARTESIAN_POINT ( 'NONE',  ( -124.2000000000000028, -8.599999999999997868, 0.000000000000000000 ) ) ;
#937 = ADVANCED_FACE ( 'NONE', ( #1231 ), #158, .F. ) ;
#938 = DIRECTION ( 'NONE',  ( -0.000000000000000000, -1.000000000000000000, -0.000000000000000000 ) ) ;
#939 = CARTESIAN_POINT ( 'NONE',  ( -124.2000000000000028, -8.599999999999997868, 0.000000000000000000 ) ) ;
#940 = DIRECTION ( 'NONE',  ( 0.000000000000000000, 0.000000000000000000, -1.000000000000000000 ) ) ;
#941 = CARTESIAN_POINT ( 'NONE',  ( -110.6000000000000369, -17.60000000000000853, 0.000000000000000000 ) ) ;
#942 = EDGE_LOOP ( 'NONE', ( #837, #1259, #1331, #156, #425, #359 ) ) ;
#943 = AXIS2_PLACEMENT_3D ( 'NONE', #1350, #1167, #189 ) ;
#944 = ORIENTED_EDGE ( 'NONE', *, *, #316, .T. ) ;
#945 = CARTESIAN_POINT ( 'NONE',  ( -114.6000000000000085, 12.84999999999998721, 8.000000000000000000 ) ) ;
#946 = DIRECTION ( 'NONE',  ( 1.000000000000000000, -0.000000000000000000, -0.000000000000000000 ) ) ;
#947 = CARTESIAN_POINT ( 'NONE',  ( -118.4966446182654352, -15.71484933189805311, 10.84404188978766470 ) ) ;
#948 = CARTESIAN_POINT ( 'NONE',  ( -114.6000000000000512, 12.69751882718271219, 12.04799541901889448 ) ) ;
#949 = VERTEX_POINT ( 'NONE', #1128 ) ;
#950 = DIRECTION ( 'NONE',  ( 0.000000000000000000, 0.000000000000000000, -1.000000000000000000 ) ) ;
#951 = VECTOR ( 'NONE', #1189, 1000.000000000000000 ) ;
#952 = VECTOR ( 'NONE', #435, 1000.000000000000000 ) ;
#953 = DIRECTION ( 'NONE',  ( -0.000000000000000000, -0.000000000000000000, -1.000000000000000000 ) ) ;
#954 = DIRECTION ( 'NONE',  ( -1.000000000000000000, 0.000000000000000000, 0.000000000000000000 ) ) ;
#955 = CARTESIAN_POINT ( 'NONE',  ( -115.1889056707959185, 11.05376250717007913, 13.38382548682171702 ) ) ;
#956 = PRODUCT_CONTEXT ( 'NONE', #26, 'mechanical' ) ;
#957 = ORIENTED_EDGE ( 'NONE', *, *, #426, .T. ) ;
#958 = FACE_OUTER_BOUND ( 'NONE', #710, .T. ) ;
#959 = CARTESIAN_POINT ( 'NONE',  ( -124.5999999999999943, 14.60000000000000853, 9.358898943540589599 ) ) ;
#960 = AXIS2_PLACEMENT_3D ( 'NONE', #378, #160, #1146 ) ;
#961 = CARTESIAN_POINT ( 'NONE',  ( -114.9516813150720509, -14.30686979222429223, 12.43068210754729641 ) ) ;
#962 = CARTESIAN_POINT ( 'NONE',  ( -115.0000000000000284, -8.599999999999999645, 5.296225070746142904 ) ) ;
#963 = APPLICATION_PROTOCOL_DEFINITION ( 'draft international standard', 'automotive_design', 1998, #1320 ) ;
#964 =( BOUNDED_CURVE ( )  B_SPLINE_CURVE ( 3, ( #657, #135, #130, #238 ),
 .UNSPECIFIED., .F., .F. ) 
 B_SPLINE_CURVE_WITH_KNOTS ( ( 4, 4 ),
 ( 3.141592653589793116, 4.380699752880472531 ),
 .UNSPECIFIED. ) 
 CURVE ( )  GEOMETRIC_REPRESENTATION_ITEM ( )  RATIONAL_B_SPLINE_CURVE ( ( 1.000000000000000000, 0.8760918525980863070, 0.8760918525980863070, 1.000000000000000000 ) ) 
 REPRESENTATION_ITEM ( '' )  );
#965 = ADVANCED_FACE ( 'NONE', ( #150 ), #1369, .F. ) ;
#966 = CIRCLE ( 'NONE', #214, 1.750000000000001554 ) ;
#967 = CLOSED_SHELL ( 'NONE', ( #498, #965, #630, #1389, #830, #251, #916, #240, #622, #7, #1221, #1235, #757, #859, #527, #35, #1332, #534, #603, #1339, #680, #819, #559, #246, #31, #1117, #836, #842, #19, #968, #673, #61, #983, #755, #937, #1125, #281, #314, #1295, #790 ) ) ;
#968 = ADVANCED_FACE ( 'NONE', ( #36, #1261 ), #1238, .F. ) ;
#969 = DIRECTION ( 'NONE',  ( -1.000000000000000000, 0.000000000000000000, 0.000000000000000000 ) ) ;
#970 = PLANE ( 'NONE',  #848 ) ;
#971 = CARTESIAN_POINT ( 'NONE',  ( -120.2000000000000313, -10.09999999999999964, 0.000000000000000000 ) ) ;
#972 = VERTEX_POINT ( 'NONE', #55 ) ;
#973 = ORIENTED_EDGE ( 'NONE', *, *, #83, .F. ) ;
#974 = FACE_OUTER_BOUND ( 'NONE', #942, .T. ) ;
#975 = DIRECTION ( 'NONE',  ( -0.000000000000000000, -0.000000000000000000, -1.000000000000000000 ) ) ;
#976 = VERTEX_POINT ( 'NONE', #695 ) ;
#977 = ORIENTED_EDGE ( 'NONE', *, *, #1159, .F. ) ;
#978 = EDGE_CURVE ( 'NONE', #540, #1398, #1021, .T. ) ;
#979 = FACE_OUTER_BOUND ( 'NONE', #1105, .T. ) ;
#980 = VECTOR ( 'NONE', #1408, 1000.000000000000000 ) ;
#981 = CARTESIAN_POINT ( 'NONE',  ( -128.6241317714094805, 7.629999315566657891, 14.79454505454308944 ) ) ;
#982 = DIRECTION ( 'NONE',  ( 0.000000000000000000, 0.000000000000000000, -1.000000000000000000 ) ) ;
#983 = ADVANCED_FACE ( 'NONE', ( #249, #712 ), #461, .T. ) ;
#984 = ORIENTED_EDGE ( 'NONE', *, *, #1233, .T. ) ;
#985 = VERTEX_POINT ( 'NONE', #255 ) ;
#986 = CARTESIAN_POINT ( 'NONE',  ( 0.000000000000000000, 0.000000000000000000, 15.00000000000000000 ) ) ;
#987 = SURFACE_STYLE_FILL_AREA ( #850 ) ;
#988 = CARTESIAN_POINT ( 'NONE',  ( -128.4934155453063056, 7.856406460550975801, 14.74210602923124291 ) ) ;
#989 = DIRECTION ( 'NONE',  ( -1.000000000000000000, 0.000000000000000000, 0.000000000000000000 ) ) ;
#990 = AXIS2_PLACEMENT_3D ( 'NONE', #436, #1079, #443 ) ;
#991 = ORIENTED_EDGE ( 'NONE', *, *, #647, .F. ) ;
#992 = ORIENTED_EDGE ( 'NONE', *, *, #647, .T. ) ;
#993 = ORIENTED_EDGE ( 'NONE', *, *, #352, .F. ) ;
#994 =( LENGTH_UNIT ( ) NAMED_UNIT ( * ) SI_UNIT ( .MILLI., .METRE. ) );
#995 = FACE_OUTER_BOUND ( 'NONE', #1214, .T. ) ;
#996 = ORIENTED_EDGE ( 'NONE', *, *, #604, .F. ) ;
#997 = ORIENTED_EDGE ( 'NONE', *, *, #357, .T. ) ;
#998 = AXIS2_PLACEMENT_3D ( 'NONE', #442, #1204, #224 ) ;
#999 = VECTOR ( 'NONE', #615, 1000.000000000000000 ) ;
#1000 = EDGE_CURVE ( 'NONE', #777, #540, #1118, .T. ) ;
#1001 = ORIENTED_EDGE ( 'NONE', *, *, #1276, .T. ) ;
#1002 = DIRECTION ( 'NONE',  ( 0.000000000000000000, 1.000000000000000000, -0.000000000000000000 ) ) ;
#1003 = CYLINDRICAL_SURFACE ( 'NONE', #810, 3.000000000000002665 ) ;
#1004 = ORIENTED_EDGE ( 'NONE', *, *, #522, .F. ) ;
#1005 = VERTEX_POINT ( 'NONE', #598 ) ;
#1006 = EDGE_CURVE ( 'NONE', #406, #372, #812, .T. ) ;
#1007 = EDGE_CURVE ( 'NONE', #863, #69, #82, .T. ) ;
#1008 = CARTESIAN_POINT ( 'NONE',  ( -116.5037562033611351, 10.04911392652291724, 13.95635473564663620 ) ) ;
#1009 = DIRECTION ( 'NONE',  ( -1.885568995626969957E-16, 1.000000000000000000, 0.000000000000000000 ) ) ;
#1010 = VECTOR ( 'NONE', #834, 1000.000000000000000 ) ;
#1011 = EDGE_LOOP ( 'NONE', ( #59, #148, #800, #587, #660, #692, #399, #1383, #132, #1243, #18, #11, #973, #515, #338, #295, #220, #1228, #348, #857, #541, #506, #1374, #816, #389 ) ) ;
#1012 = ORIENTED_EDGE ( 'NONE', *, *, #537, .T. ) ;
#1013 = EDGE_CURVE ( 'NONE', #976, #1278, #155, .T. ) ;
#1014 = LINE ( 'NONE', #672, #54 ) ;
#1015 = CARTESIAN_POINT ( 'NONE',  ( -120.3378691022410436, -11.60940574338393638, 14.16306396947679858 ) ) ;
#1016 = ORIENTED_EDGE ( 'NONE', *, *, #1233, .F. ) ;
#1017 = AXIS2_PLACEMENT_3D ( 'NONE', #759, #107, #210 ) ;
#1018 = CIRCLE ( 'NONE', #1134, 10.09999999999999964 ) ;
#1019 = ORIENTED_EDGE ( 'NONE', *, *, #1406, .F. ) ;
#1020 = CARTESIAN_POINT ( 'NONE',  ( -115.0000000000000284, 8.599999999999999645, 8.000000000000000000 ) ) ;
#1021 = LINE ( 'NONE', #146, #22 ) ;
#1022 = EDGE_CURVE ( 'NONE', #450, #67, #872, .T. ) ;
#1023 = CARTESIAN_POINT ( 'NONE',  ( -101.0710235533027657, -58.35338265577075845, 0.000000000000000000 ) ) ;
#1024 = DIRECTION ( 'NONE',  ( -0.000000000000000000, -0.000000000000000000, -1.000000000000000000 ) ) ;
#1025 = EDGE_CURVE ( 'NONE', #1384, #1124, #479, .T. ) ;
#1026 = CIRCLE ( 'NONE', #1091, 10.09999999999999964 ) ;
#1027 = CARTESIAN_POINT ( 'NONE',  ( -115.2784831902760203, -10.93943341953031378, 14.42717558548621071 ) ) ;
#1028 = EDGE_LOOP ( 'NONE', ( #1308, #717, #1158, #1249, #76, #535, #89, #1106, #190, #1223 ) ) ;
#1029 = CIRCLE ( 'NONE', #1142, 5.000000000000000000 ) ;
#1030 = CARTESIAN_POINT ( 'NONE',  ( -120.6000000000000085, -12.85000000000001563, 15.00000000000000000 ) ) ;
#1031 = DIRECTION ( 'NONE',  ( -0.000000000000000000, -0.000000000000000000, -1.000000000000000000 ) ) ;
#1032 = DIRECTION ( 'NONE',  ( -0.000000000000000000, -0.000000000000000000, -1.000000000000000000 ) ) ;
#1033 = CARTESIAN_POINT ( 'NONE',  ( -115.0000000000000284, -8.599999999999999645, 8.000000000000000000 ) ) ;
#1034 = VECTOR ( 'NONE', #1260, 1000.000000000000000 ) ;
#1035 = CARTESIAN_POINT ( 'NONE',  ( -115.5515629195376164, -10.64917958851128432, 14.52501752859643958 ) ) ;
#1036 = VERTEX_POINT ( 'NONE', #470 ) ;
#1037 = CARTESIAN_POINT ( 'NONE',  ( -115.0000000000000284, 8.599999999999999645, 0.000000000000000000 ) ) ;
#1038 = CARTESIAN_POINT ( 'NONE',  ( -118.4185153940362483, -9.956550701587747909, 14.71846450239638315 ) ) ;
#1039 = CARTESIAN_POINT ( 'NONE',  ( -111.1857864376269447, 15.18578643762693403, 7.848279897097061308 ) ) ;
#1040 = DIRECTION ( 'NONE',  ( 0.000000000000000000, 0.000000000000000000, -1.000000000000000000 ) ) ;
#1041 = DIRECTION ( 'NONE',  ( -0.000000000000000000, 0.000000000000000000, 1.000000000000000000 ) ) ;
#1042 = ORIENTED_EDGE ( 'NONE', *, *, #787, .F. ) ;
#1043 = EDGE_CURVE ( 'NONE', #143, #424, #379, .T. ) ;
#1044 = ORIENTED_EDGE ( 'NONE', *, *, #576, .T. ) ;
#1045 = DIRECTION ( 'NONE',  ( 0.000000000000000000, -0.000000000000000000, -1.000000000000000000 ) ) ;
#1046 = LINE ( 'NONE', #421, #839 ) ;
#1047 = DIRECTION ( 'NONE',  ( -1.000000000000000000, 0.000000000000000000, 0.000000000000000000 ) ) ;
#1048 = DIRECTION ( 'NONE',  ( -0.000000000000000000, -0.000000000000000000, -1.000000000000000000 ) ) ;
#1049 = CARTESIAN_POINT ( 'NONE',  ( -117.6000000000000085, -12.85000000000001563, 8.000000000000000000 ) ) ;
#1050 = CARTESIAN_POINT ( 'NONE',  ( -115.0000000000000284, -8.599999999999999645, 8.000000000000000000 ) ) ;
#1051 = ORIENTED_EDGE ( 'NONE', *, *, #1183, .F. ) ;
#1052 = ORIENTED_EDGE ( 'NONE', *, *, #654, .T. ) ;
#1053 = FACE_BOUND ( 'NONE', #1171, .T. ) ;
#1054 = CARTESIAN_POINT ( 'NONE',  ( -115.0000000000000284, 0.000000000000000000, 0.000000000000000000 ) ) ;
#1055 = DIRECTION ( 'NONE',  ( 0.000000000000000000, 0.000000000000000000, -1.000000000000000000 ) ) ;
#1056 = DIRECTION ( 'NONE',  ( 0.000000000000000000, 0.000000000000000000, -1.000000000000000000 ) ) ;
#1057 = AXIS2_PLACEMENT_3D ( 'NONE', #1049, #1055, #188 ) ;
#1058 = ORIENTED_EDGE ( 'NONE', *, *, #763, .T. ) ;
#1059 = CARTESIAN_POINT ( 'NONE',  ( -114.7576924068276440, 13.83949969053532847, 10.67992051473185278 ) ) ;
#1060 = CARTESIAN_POINT ( 'NONE',  ( 0.000000000000000000, 15.59999999999998543, 0.000000000000000000 ) ) ;
#1061 = CARTESIAN_POINT ( 'NONE',  ( -119.2363317155885341, -15.37160280808819657, 11.29549017465284066 ) ) ;
#1062 = SURFACE_SIDE_STYLE ('',( #987 ) ) ;
#1063 = SHAPE_DEFINITION_REPRESENTATION ( #80, #514 ) ;
#1064 = VERTEX_POINT ( 'NONE', #941 ) ;
#1065 = CARTESIAN_POINT ( 'NONE',  ( -120.2000000000000313, -8.599999999999997868, 5.296225070746145569 ) ) ;
#1066 = AXIS2_PLACEMENT_3D ( 'NONE', #799, #1031, #820 ) ;
#1067 = PLANE ( 'NONE',  #770 ) ;
#1068 = CARTESIAN_POINT ( 'NONE',  ( -114.6190458536615466, -13.23762906221668878, 13.26257380346946491 ) ) ;
#1069 =( NAMED_UNIT ( * ) PLANE_ANGLE_UNIT ( ) SI_UNIT ( $, .RADIAN. ) );
#1070 = DIRECTION ( 'NONE',  ( -0.4999999999999988898, -0.8660254037844392627, 0.000000000000000000 ) ) ;
#1071 = ORIENTED_EDGE ( 'NONE', *, *, #898, .F. ) ;
#1072 = DIRECTION ( 'NONE',  ( -1.000000000000000000, 0.000000000000000000, 0.000000000000000000 ) ) ;
#1073 = CARTESIAN_POINT ( 'NONE',  ( -119.9262526298658997, -14.75313919579686761, 11.99077715175865855 ) ) ;
#1074 = EDGE_CURVE ( 'NONE', #349, #1326, #1217, .T. ) ;
#1075 = CIRCLE ( 'NONE', #943, 1.750000000000001554 ) ;
#1076 = ORIENTED_EDGE ( 'NONE', *, *, #478, .F. ) ;
#1077 = CARTESIAN_POINT ( 'NONE',  ( -114.6000000000000085, 12.84999999999998721, 15.00000000000000000 ) ) ;
#1078 = CARTESIAN_POINT ( 'NONE',  ( -126.2000000000000028, -6.599999999999997868, 0.000000000000000000 ) ) ;
#1079 = DIRECTION ( 'NONE',  ( 1.000000000000000000, -0.000000000000000000, -0.000000000000000000 ) ) ;
#1080 = ORIENTED_EDGE ( 'NONE', *, *, #180, .T. ) ;
#1081 = EDGE_CURVE ( 'NONE', #1124, #949, #815, .T. ) ;
#1082 = ORIENTED_EDGE ( 'NONE', *, *, #1084, .F. ) ;
#1083 = CARTESIAN_POINT ( 'NONE',  ( -126.2000000000000028, 6.599999999999997868, 8.000000000000000000 ) ) ;
#1084 = EDGE_CURVE ( 'NONE', #136, #662, #808, .T. ) ;
#1085 = CARTESIAN_POINT ( 'NONE',  ( -120.4433637544836131, 13.83590497189844193, 10.68487524107259823 ) ) ;
#1086 = DIRECTION ( 'NONE',  ( -0.000000000000000000, -0.000000000000000000, -1.000000000000000000 ) ) ;
#1087 = ORIENTED_EDGE ( 'NONE', *, *, #111, .T. ) ;
#1088 = B_SPLINE_CURVE_WITH_KNOTS ( 'NONE', 3,
 ( #513, #418, #887, #1328, #87, #346, #194, #781 ),
 .UNSPECIFIED., .F., .F.,
 ( 4, 2, 2, 4 ),
 ( 0.000000000000000000, 0.001649346058815086367, 0.002474019088222632803, 0.003298692117630178805 ),
 .UNSPECIFIED. ) ;
#1089 = VERTEX_POINT ( 'NONE', #601 ) ;
#1090 = CARTESIAN_POINT ( 'NONE',  ( 0.000000000000000000, -7.600000000000007638, 4.999999999999999112 ) ) ;
#1091 = AXIS2_PLACEMENT_3D ( 'NONE', #486, #1274, #690 ) ;
#1092 = CARTESIAN_POINT ( 'NONE',  ( -124.2000000000000028, -8.599999999999997868, 8.000000000000000000 ) ) ;
#1093 = LINE ( 'NONE', #122, #520 ) ;
#1094 = CARTESIAN_POINT ( 'NONE',  ( -117.6000000000000085, 12.84999999999998721, 0.000000000000000000 ) ) ;
#1095 = AXIS2_PLACEMENT_3D ( 'NONE', #300, #732, #321 ) ;
#1096 = ORIENTED_EDGE ( 'NONE', *, *, #892, .T. ) ;
#1097 = ORIENTED_EDGE ( 'NONE', *, *, #137, .T. ) ;
#1098 = VECTOR ( 'NONE', #582, 1000.000000000000000 ) ;
#1099 = DIRECTION ( 'NONE',  ( 0.000000000000000000, 0.000000000000000000, -1.000000000000000000 ) ) ;
#1100 = AXIS2_PLACEMENT_3D ( 'NONE', #377, #696, #821 ) ;
#1101 = FACE_OUTER_BOUND ( 'NONE', #1325, .T. ) ;
#1102 = DIRECTION ( 'NONE',  ( 1.000000000000000000, 0.000000000000000000, -0.000000000000000000 ) ) ;
#1103 = CIRCLE ( 'NONE', #1057, 3.000000000000002665 ) ;
#1104 = ORIENTED_EDGE ( 'NONE', *, *, #1234, .T. ) ;
#1105 = EDGE_LOOP ( 'NONE', ( #825, #1012, #957, #319, #789, #1097 ) ) ;
#1106 = ORIENTED_EDGE ( 'NONE', *, *, #629, .F. ) ;
#1107 = CARTESIAN_POINT ( 'NONE',  ( -116.7136594807110441, 9.975300430980633237, 13.99220653855231511 ) ) ;
#1108 = DIRECTION ( 'NONE',  ( 1.000000000000000000, 0.000000000000000000, 0.000000000000000000 ) ) ;
#1109 =( BOUNDED_CURVE ( )  B_SPLINE_CURVE ( 3, ( #28, #896, #1126, #157 ),
 .UNSPECIFIED., .F., .T. ) 
 B_SPLINE_CURVE_WITH_KNOTS ( ( 4, 4 ),
 ( 3.141592653589793116, 3.430419633912786814 ),
 .UNSPECIFIED. ) 
 CURVE ( )  GEOMETRIC_REPRESENTATION_ITEM ( )  RATIONAL_B_SPLINE_CURVE ( ( 1.000000000000000000, 0.9930603212714743666, 0.9930603212714743666, 1.000000000000000000 ) ) 
 REPRESENTATION_ITEM ( '' )  );
#1110 = ORIENTED_EDGE ( 'NONE', *, *, #725, .F. ) ;
#1111 = EDGE_CURVE ( 'NONE', #795, #344, #268, .T. ) ;
#1112 = EDGE_CURVE ( 'NONE', #1278, #457, #495, .T. ) ;
#1113 = ORIENTED_EDGE ( 'NONE', *, *, #454, .T. ) ;
#1114 = CARTESIAN_POINT ( 'NONE',  ( -116.4010421191718052, 5.599999999999985434, 15.00000000000000000 ) ) ;
#1115 = DIRECTION ( 'NONE',  ( -0.000000000000000000, -0.000000000000000000, -1.000000000000000000 ) ) ;
#1116 = ORIENTED_EDGE ( 'NONE', *, *, #1412, .T. ) ;
#1117 = ADVANCED_FACE ( 'NONE', ( #505 ), #930, .F. ) ;
#1118 =( BOUNDED_CURVE ( )  B_SPLINE_CURVE ( 3, ( #897, #40, #683, #1121 ),
 .UNSPECIFIED., .F., .T. ) 
 B_SPLINE_CURVE_WITH_KNOTS ( ( 4, 4 ),
 ( 4.939989571837408278, 5.832158495383332308 ),
 .UNSPECIFIED. ) 
 CURVE ( )  GEOMETRIC_REPRESENTATION_ITEM ( )  RATIONAL_B_SPLINE_CURVE ( ( 1.000000000000000000, 0.9347622130737867074, 0.9347622130737867074, 1.000000000000000000 ) ) 
 REPRESENTATION_ITEM ( '' )  );
#1119 = VERTEX_POINT ( 'NONE', #594 ) ;
#1120 = LINE ( 'NONE', #1030, #1147 ) ;
#1121 = CARTESIAN_POINT ( 'NONE',  ( -124.5999999999999943, 14.60000000000000853, 9.358898943540589599 ) ) ;
#1122 = AXIS2_PLACEMENT_3D ( 'NONE', #1336, #1341, #358 ) ;
#1123 = ORIENTED_EDGE ( 'NONE', *, *, #1000, .T. ) ;
#1124 = VERTEX_POINT ( 'NONE', #611 ) ;
#1125 = ADVANCED_FACE ( 'NONE', ( #716 ), #178, .F. ) ;
#1126 = CARTESIAN_POINT ( 'NONE',  ( -111.4609639470028242, 15.46096394700281884, 6.922179607584174832 ) ) ;
#1127 = EDGE_CURVE ( 'NONE', #785, #795, #1382, .T. ) ;
#1128 = CARTESIAN_POINT ( 'NONE',  ( -110.6000000000000369, 5.599999999999985434, 15.00000000000000000 ) ) ;
#1129 = FACE_OUTER_BOUND ( 'NONE', #439, .T. ) ;
#1130 = DIRECTION ( 'NONE',  ( -0.7071067811865504593, 0.7071067811865445751, 0.000000000000000000 ) ) ;
#1131 = DIRECTION ( 'NONE',  ( 1.000000000000000000, 0.000000000000000000, 0.000000000000000000 ) ) ;
#1132 = ORIENTED_EDGE ( 'NONE', *, *, #271, .T. ) ;
#1133 = VECTOR ( 'NONE', #1400, 999.9999999999998863 ) ;
#1134 = AXIS2_PLACEMENT_3D ( 'NONE', #79, #926, #1152 ) ;
#1135 = ORIENTED_EDGE ( 'NONE', *, *, #1367, .T. ) ;
#1136 = CARTESIAN_POINT ( 'NONE',  ( -120.1212661629417511, 11.21322250164930523, 13.27843989450043516 ) ) ;
#1137 = DIRECTION ( 'NONE',  ( -1.000000000000000000, 0.000000000000000000, -0.000000000000000000 ) ) ;
#1138 = LINE ( 'NONE', #1371, #1294 ) ;
#1139 = CARTESIAN_POINT ( 'NONE',  ( -110.6000000000000369, -5.000000000000000000, 0.000000000000000000 ) ) ;
#1140 = CARTESIAN_POINT ( 'NONE',  ( -114.6000000000000085, -12.85000000000001563, 13.51102226527459749 ) ) ;
#1141 = ORIENTED_EDGE ( 'NONE', *, *, #169, .T. ) ;
#1142 = AXIS2_PLACEMENT_3D ( 'NONE', #814, #1363, #168 ) ;
#1143 = LINE ( 'NONE', #491, #999 ) ;
#1144 = CARTESIAN_POINT ( 'NONE',  ( -120.4707890545365814, -11.95917367859491698, 14.00192649179325954 ) ) ;
#1145 = CARTESIAN_POINT ( 'NONE',  ( -120.2000000000000313, 0.000000000000000000, 0.000000000000000000 ) ) ;
#1146 = DIRECTION ( 'NONE',  ( -1.000000000000000000, 0.000000000000000000, 0.000000000000000000 ) ) ;
#1147 = VECTOR ( 'NONE', #589, 1000.000000000000000 ) ;
#1148 = DIRECTION ( 'NONE',  ( 0.000000000000000000, 0.000000000000000000, -1.000000000000000000 ) ) ;
#1149 = ORIENTED_EDGE ( 'NONE', *, *, #654, .F. ) ;
#1150 = EDGE_CURVE ( 'NONE', #325, #1384, #724, .T. ) ;
#1151 = ORIENTED_EDGE ( 'NONE', *, *, #978, .T. ) ;
#1152 = DIRECTION ( 'NONE',  ( 0.000000000000000000, 0.000000000000000000, -1.000000000000000000 ) ) ;
#1153 = DIRECTION ( 'NONE',  ( -1.000000000000000000, -1.885568995626969957E-16, 0.000000000000000000 ) ) ;
#1154 = FACE_OUTER_BOUND ( 'NONE', #437, .T. ) ;
#1155 = CARTESIAN_POINT ( 'NONE',  ( -128.8953393339529612, 6.356406460550997117, 15.00000000000000000 ) ) ;
#1156 = LINE ( 'NONE', #971, #483 ) ;
#1157 = CARTESIAN_POINT ( 'NONE',  ( -114.6794676760130045, -12.14007833791769286, 13.91231987456480823 ) ) ;
#1158 = ORIENTED_EDGE ( 'NONE', *, *, #1194, .T. ) ;
#1159 = EDGE_CURVE ( 'NONE', #571, #1227, #1075, .T. ) ;
#1160 = EDGE_CURVE ( 'NONE', #972, #614, #1229, .T. ) ;
#1161 = AXIS2_PLACEMENT_3D ( 'NONE', #1293, #296, #303 ) ;
#1162 = ORIENTED_EDGE ( 'NONE', *, *, #245, .F. ) ;
#1163 = CARTESIAN_POINT ( 'NONE',  ( -128.8953393339529612, -7.600000000000007638, 15.00000000000000000 ) ) ;
#1164 = CARTESIAN_POINT ( 'NONE',  ( -114.6363688087087240, 13.37412999702378436, 11.30188503492237473 ) ) ;
#1165 = CARTESIAN_POINT ( 'NONE',  ( -124.2000000000000028, 8.599999999999997868, 0.000000000000000000 ) ) ;
#1166 = CARTESIAN_POINT ( 'NONE',  ( -128.8953393339529612, 6.356406460550997117, 14.97135142628303406 ) ) ;
#1167 = DIRECTION ( 'NONE',  ( -0.000000000000000000, -0.000000000000000000, 1.000000000000000000 ) ) ;
#1168 = CIRCLE ( 'NONE', #47, 1.750000000000001554 ) ;
#1169 = EDGE_CURVE ( 'NONE', #344, #420, #307, .T. ) ;
#1170 = PRODUCT_DEFINITION_CONTEXT ( 'detailed design', #1320, 'design' ) ;
#1171 = EDGE_LOOP ( 'NONE', ( #641, #305 ) ) ;
#1172 = DIRECTION ( 'NONE',  ( 0.000000000000000000, 0.000000000000000000, -1.000000000000000000 ) ) ;
#1173 = LINE ( 'NONE', #211, #1287 ) ;
#1174 = DIRECTION ( 'NONE',  ( 2.775557561562891351E-15, 1.000000000000000000, -5.290906601729261638E-15 ) ) ;
#1175 = CARTESIAN_POINT ( 'NONE',  ( -128.8591660051999952, -9.889110712883589116, 14.73795342100699202 ) ) ;
#1176 =( LENGTH_UNIT ( ) NAMED_UNIT ( * ) SI_UNIT ( .MILLI., .METRE. ) );
#1177 = VECTOR ( 'NONE', #1262, 1000.000000000000000 ) ;
#1178 = EDGE_LOOP ( 'NONE', ( #1162, #463, #605, #398 ) ) ;
#1179 = CARTESIAN_POINT ( 'NONE',  ( -115.8500000000000085, -12.85000000000001563, 8.000000000000000000 ) ) ;
#1180 = CARTESIAN_POINT ( 'NONE',  ( -117.6000000000000085, 12.84999999999998721, 8.000000000000000000 ) ) ;
#1181 = CARTESIAN_POINT ( 'NONE',  ( -119.6780726618057571, -15.02140602117429324, 11.70530373725713602 ) ) ;
#1182 = LINE ( 'NONE', #936, #1133 ) ;
#1183 = EDGE_CURVE ( 'NONE', #571, #138, #99, .T. ) ;
#1184 = ORIENTED_EDGE ( 'NONE', *, *, #1006, .T. ) ;
#1185 = LINE ( 'NONE', #1060, #50 ) ;
#1186 = CARTESIAN_POINT ( 'NONE',  ( -119.5412325111625336, -15.14514237963682675, 11.56519864260352826 ) ) ;
#1187 = CARTESIAN_POINT ( 'NONE',  ( -128.4934155453063056, -10.85640646055104064, 15.00000000000000000 ) ) ;
#1188 = ORIENTED_EDGE ( 'NONE', *, *, #1192, .T. ) ;
#1189 = DIRECTION ( 'NONE',  ( 1.000000000000000000, -0.000000000000000000, -0.000000000000000000 ) ) ;
#1190 = CARTESIAN_POINT ( 'NONE',  ( -117.6000000000000085, 12.84999999999998721, 8.000000000000000000 ) ) ;
#1191 = LINE ( 'NONE', #1311, #980 ) ;
#1192 = EDGE_CURVE ( 'NONE', #1327, #118, #966, .T. ) ;
#1193 = ORIENTED_EDGE ( 'NONE', *, *, #329, .T. ) ;
#1194 = EDGE_CURVE ( 'NONE', #2, #136, #411, .T. ) ;
#1195 = VECTOR ( 'NONE', #663, 1000.000000000000000 ) ;
#1196 = ORIENTED_EDGE ( 'NONE', *, *, #1112, .F. ) ;
#1197 = CARTESIAN_POINT ( 'NONE',  ( -128.4934155453063056, 7.856406460550975801, 14.74210602923124291 ) ) ;
#1198 = CARTESIAN_POINT ( 'NONE',  ( -128.7252645220783620, 7.385842176557172678, 14.84255743929232274 ) ) ;
#1199 = DIRECTION ( 'NONE',  ( -0.7071067811865473507, 0.7071067811865477948, 0.000000000000000000 ) ) ;
#1200 = VERTEX_POINT ( 'NONE', #750 ) ;
#1201 = VERTEX_POINT ( 'NONE', #962 ) ;
#1202 = CYLINDRICAL_SURFACE ( 'NONE', #403, 10.00000000000000000 ) ;
#1203 = MANIFOLD_SOLID_BREP ( 'Cut-Extrude5', #967 ) ;
#1204 = DIRECTION ( 'NONE',  ( -0.000000000000000000, -0.000000000000000000, 1.000000000000000000 ) ) ;
#1205 = VECTOR ( 'NONE', #656, 1000.000000000000000 ) ;
#1206 = CIRCLE ( 'NONE', #998, 1.750000000000001554 ) ;
#1207 = CYLINDRICAL_SURFACE ( 'NONE', #12, 10.09999999999999964 ) ;
#1208 = PRODUCT_DEFINITION_FORMATION_WITH_SPECIFIED_SOURCE ( 'ANY', '', #720, .NOT_KNOWN. ) ;
#1209 = ORIENTED_EDGE ( 'NONE', *, *, #469, .T. ) ;
#1210 = EDGE_LOOP ( 'NONE', ( #4, #241, #1222, #1216 ) ) ;
#1211 = VECTOR ( 'NONE', #1048, 1000.000000000000000 ) ;
#1212 = LINE ( 'NONE', #590, #1391 ) ;
#1213 = CYLINDRICAL_SURFACE ( 'NONE', #990, 10.09999999999999964 ) ;
#1214 = EDGE_LOOP ( 'NONE', ( #1051, #1215, #944, #1096 ) ) ;
#1215 = ORIENTED_EDGE ( 'NONE', *, *, #1159, .T. ) ;
#1216 = ORIENTED_EDGE ( 'NONE', *, *, #1025, .T. ) ;
#1217 = CIRCLE ( 'NONE', #1313, 3.000000000000002665 ) ;
#1218 = CARTESIAN_POINT ( 'NONE',  ( -114.6000000000000085, 12.84999999999998543, 11.88748865697795409 ) ) ;
#1219 = CARTESIAN_POINT ( 'NONE',  ( -120.5999999999999801, 13.12163980592864654, 11.60155154824856005 ) ) ;
#1220 = EDGE_CURVE ( 'NONE', #972, #985, #1403, .T. ) ;
#1221 = ADVANCED_FACE ( 'NONE', ( #634 ), #129, .F. ) ;
#1222 = ORIENTED_EDGE ( 'NONE', *, *, #1150, .T. ) ;
#1223 = ORIENTED_EDGE ( 'NONE', *, *, #679, .F. ) ;
#1224 = DIRECTION ( 'NONE',  ( 0.000000000000000000, 0.000000000000000000, 1.000000000000000000 ) ) ;
#1225 = FACE_OUTER_BOUND ( 'NONE', #459, .T. ) ;
#1226 = PRODUCT_RELATED_PRODUCT_CATEGORY ( 'part', '', ( #720 ) ) ;
#1227 = VERTEX_POINT ( 'NONE', #93 ) ;
#1228 = ORIENTED_EDGE ( 'NONE', *, *, #229, .F. ) ;
#1229 = B_SPLINE_CURVE_WITH_KNOTS ( 'NONE', 3,
 ( #364, #801, #1242, #1175, #206, #441 ),
 .UNSPECIFIED., .F., .F.,
 ( 4, 2, 4 ),
 ( 0.000000000000000000, 0.0008041056209063437554, 0.001608211241812687511 ),
 .UNSPECIFIED. ) ;
#1230 = DIRECTION ( 'NONE',  ( -0.000000000000000000, -0.000000000000000000, -1.000000000000000000 ) ) ;
#1231 = FACE_OUTER_BOUND ( 'NONE', #869, .T. ) ;
#1232 = CYLINDRICAL_SURFACE ( 'NONE', #1334, 3.000000000000002665 ) ;
#1233 = EDGE_CURVE ( 'NONE', #105, #667, #1088, .T. ) ;
#1234 = EDGE_CURVE ( 'NONE', #332, #1119, #6, .T. ) ;
#1235 = ADVANCED_FACE ( 'NONE', ( #676 ), #804, .T. ) ;
#1236 = ORIENTED_EDGE ( 'NONE', *, *, #1412, .F. ) ;
#1237 = CARTESIAN_POINT ( 'NONE',  ( -119.5968690745660155, 10.60115662105698320, 13.66084650526067712 ) ) ;
#1238 = PLANE ( 'NONE',  #884 ) ;
#1239 = ORIENTED_EDGE ( 'NONE', *, *, #725, .T. ) ;
#1240 = DIRECTION ( 'NONE',  ( 0.7071067811865479058, 0.7071067811865472397, -0.000000000000000000 ) ) ;
#1241 = AXIS2_PLACEMENT_3D ( 'NONE', #410, #849, #940 ) ;
#1242 = CARTESIAN_POINT ( 'NONE',  ( -128.7227457449064048, -10.39265707934372251, 14.60566661521893650 ) ) ;
#1243 = ORIENTED_EDGE ( 'NONE', *, *, #1112, .T. ) ;
#1244 = CARTESIAN_POINT ( 'NONE',  ( -118.0392986498948886, 9.874096360956382767, 14.04073970512630609 ) ) ;
#1245 = CARTESIAN_POINT ( 'NONE',  ( -120.5197429557653948, -12.13690751330140927, 13.91392560815402213 ) ) ;
#1246 = CARTESIAN_POINT ( 'NONE',  ( -117.6000000000000085, -12.85000000000001563, 15.00000000000000000 ) ) ;
#1247 = DIRECTION ( 'NONE',  ( -1.000000000000000000, 1.885568995626969957E-16, 0.000000000000000000 ) ) ;
#1248 = CARTESIAN_POINT ( 'NONE',  ( -115.0000000000000284, 0.000000000000000000, 0.000000000000000000 ) ) ;
#1249 = ORIENTED_EDGE ( 'NONE', *, *, #207, .T. ) ;
#1250 = AXIS2_PLACEMENT_3D ( 'NONE', #677, #1310, #570 ) ;
#1251 = PLANE ( 'NONE',  #481 ) ;
#1252 = CARTESIAN_POINT ( 'NONE',  ( -120.0461879171065078, -11.10217504457205173, 14.36840973287379697 ) ) ;
#1253 = EDGE_CURVE ( 'NONE', #678, #345, #248, .T. ) ;
#1254 = CARTESIAN_POINT ( 'NONE',  ( -120.2000000000000313, 8.599999999999997868, 0.000000000000000000 ) ) ;
#1255 = LINE ( 'NONE', #494, #910 ) ;
#1256 = DIRECTION ( 'NONE',  ( -0.000000000000000000, -0.000000000000000000, -1.000000000000000000 ) ) ;
#1257 = EDGE_LOOP ( 'NONE', ( #95, #1318, #1269, #252, #343, #1141, #163, #1410 ) ) ;
#1258 =( BOUNDED_CURVE ( )  B_SPLINE_CURVE ( 3, ( #508, #270, #164, #173 ),
 .UNSPECIFIED., .F., .T. ) 
 B_SPLINE_CURVE_WITH_KNOTS ( ( 4, 4 ),
 ( 5.832158495383333197, 6.283185307179586232 ),
 .UNSPECIFIED. ) 
 CURVE ( )  GEOMETRIC_REPRESENTATION_ITEM ( )  RATIONAL_B_SPLINE_CURVE ( ( 1.000000000000000000, 0.9831196229872649628, 0.9831196229872649628, 1.000000000000000000 ) ) 
 REPRESENTATION_ITEM ( '' )  );
#1259 = ORIENTED_EDGE ( 'NONE', *, *, #1025, .F. ) ;
#1260 = DIRECTION ( 'NONE',  ( -1.000000000000000000, 0.000000000000000000, 0.000000000000000000 ) ) ;
#1261 = FACE_OUTER_BOUND ( 'NONE', #772, .T. ) ;
#1262 = DIRECTION ( 'NONE',  ( -0.000000000000000000, -0.000000000000000000, -1.000000000000000000 ) ) ;
#1263 = EDGE_CURVE ( 'NONE', #143, #105, #1109, .T. ) ;
#1264 = DIRECTION ( 'NONE',  ( 0.000000000000000000, 0.000000000000000000, -1.000000000000000000 ) ) ;
#1265 = CARTESIAN_POINT ( 'NONE',  ( -110.6000000000000369, 0.000000000000000000, 0.000000000000000000 ) ) ;
#1266 = VECTOR ( 'NONE', #924, 1000.000000000000000 ) ;
#1267 = EDGE_CURVE ( 'NONE', #863, #78, #1120, .T. ) ;
#1268 = DIRECTION ( 'NONE',  ( 1.000000000000000000, 0.000000000000000000, 0.000000000000000000 ) ) ;
#1269 = ORIENTED_EDGE ( 'NONE', *, *, #1081, .F. ) ;
#1270 = ORIENTED_EDGE ( 'NONE', *, *, #330, .T. ) ;
#1271 = CYLINDRICAL_SURFACE ( 'NONE', #23, 1.750000000000001554 ) ;
#1272 = DIRECTION ( 'NONE',  ( 0.7071067811865531239, 0.7071067811865420216, 0.000000000000000000 ) ) ;
#1273 = FACE_OUTER_BOUND ( 'NONE', #234, .T. ) ;
#1274 = DIRECTION ( 'NONE',  ( 1.000000000000000000, 0.000000000000000000, 0.000000000000000000 ) ) ;
#1275 = CARTESIAN_POINT ( 'NONE',  ( -115.5208467998943576, -15.02033510902068514, 11.70647653308861535 ) ) ;
#1276 = EDGE_CURVE ( 'NONE', #2, #372, #786, .T. ) ;
#1277 = CARTESIAN_POINT ( 'NONE',  ( -115.0000000000000284, 0.000000000000000000, 0.000000000000000000 ) ) ;
#1278 = VERTEX_POINT ( 'NONE', #455 ) ;
#1279 = ORIENTED_EDGE ( 'NONE', *, *, #208, .F. ) ;
#1280 = LINE ( 'NONE', #858, #883 ) ;
#1281 = DIRECTION ( 'NONE',  ( -0.5000000000000026645, 0.8660254037844372643, 0.000000000000000000 ) ) ;
#1282 = CARTESIAN_POINT ( 'NONE',  ( -116.7004979197185008, -15.72054458018592626, 10.83647440305614573 ) ) ;
#1283 = PRESENTATION_STYLE_ASSIGNMENT (( #14 ) ) ;
#1284 = AXIS2_PLACEMENT_3D ( 'NONE', #665, #874, #539 ) ;
#1285 = EDGE_CURVE ( 'NONE', #667, #345, #1014, .T. ) ;
#1286 = ORIENTED_EDGE ( 'NONE', *, *, #1022, .T. ) ;
#1287 = VECTOR ( 'NONE', #192, 1000.000000000000000 ) ;
#1288 = DIRECTION ( 'NONE',  ( -0.000000000000000000, -0.000000000000000000, -1.000000000000000000 ) ) ;
#1289 = DIRECTION ( 'NONE',  ( 0.7071067811865479058, 0.7071067811865472397, -0.000000000000000000 ) ) ;
#1290 = CARTESIAN_POINT ( 'NONE',  ( -114.6000000000000085, -12.85000000000001563, 13.51102226527459749 ) ) ;
#1291 = CARTESIAN_POINT ( 'NONE',  ( -115.5951908560073775, 10.60830861553301752, 13.65671661950792526 ) ) ;
#1292 = AXIS2_PLACEMENT_3D ( 'NONE', #818, #289, #1045 ) ;
#1293 = CARTESIAN_POINT ( 'NONE',  ( 0.000000000000000000, 0.000000000000000000, 0.000000000000000000 ) ) ;
#1294 = VECTOR ( 'NONE', #493, 1000.000000000000000 ) ;
#1295 = ADVANCED_FACE ( 'NONE', ( #465 ), #149, .F. ) ;
#1296 = ORIENTED_EDGE ( 'NONE', *, *, #892, .F. ) ;
#1297 = FACE_OUTER_BOUND ( 'NONE', #27, .T. ) ;
#1298 = LINE ( 'NONE', #1078, #475 ) ;
#1299 = CARTESIAN_POINT ( 'NONE',  ( -115.6573991019859022, -15.14397680784448141, 11.56653870832631270 ) ) ;
#1300 = DIRECTION ( 'NONE',  ( 1.000000000000000000, 0.000000000000000000, 0.000000000000000000 ) ) ;
#1301 = EDGE_LOOP ( 'NONE', ( #556, #52, #445, #1044 ) ) ;
#1302 = EDGE_CURVE ( 'NONE', #949, #325, #350, .T. ) ;
#1303 = CARTESIAN_POINT ( 'NONE',  ( -110.6000000000000369, 13.77157287525382934, 10.76414752972333666 ) ) ;
#1304 = DIRECTION ( 'NONE',  ( 0.8660254037844372643, 0.5000000000000026645, -0.000000000000000000 ) ) ;
#1305 = LINE ( 'NONE', #645, #729 ) ;
#1306 = EDGE_CURVE ( 'NONE', #209, #1089, #145, .T. ) ;
#1307 = ORIENTED_EDGE ( 'NONE', *, *, #1169, .T. ) ;
#1308 = ORIENTED_EDGE ( 'NONE', *, *, #478, .T. ) ;
#1309 = DIRECTION ( 'NONE',  ( -0.7071067811865473507, -0.7071067811865477948, 0.000000000000000000 ) ) ;
#1310 = DIRECTION ( 'NONE',  ( -0.000000000000000000, -0.000000000000000000, -1.000000000000000000 ) ) ;
#1311 = CARTESIAN_POINT ( 'NONE',  ( -128.8953393339529612, 2.276845244291731123E-13, 0.000000000000000000 ) ) ;
#1312 = ORIENTED_EDGE ( 'NONE', *, *, #245, .T. ) ;
#1313 = AXIS2_PLACEMENT_3D ( 'NONE', #619, #1041, #66 ) ;
#1314 = VERTEX_POINT ( 'NONE', #1020 ) ;
#1315 = CARTESIAN_POINT ( 'NONE',  ( -120.2000000000000313, 8.599999999999997868, 0.000000000000000000 ) ) ;
#1316 = DIRECTION ( 'NONE',  ( -1.000000000000000000, 0.000000000000000000, 0.000000000000000000 ) ) ;
#1317 = PLANE ( 'NONE',  #299 ) ;
#1318 = ORIENTED_EDGE ( 'NONE', *, *, #260, .T. ) ;
#1319 = ORIENTED_EDGE ( 'NONE', *, *, #60, .F. ) ;
#1320 = APPLICATION_CONTEXT ( 'automotive_design' ) ;
#1321 = CARTESIAN_POINT ( 'NONE',  ( -120.2000000000000313, 0.000000000000000000, 0.000000000000000000 ) ) ;
#1322 = CIRCLE ( 'NONE', #693, 10.09999999999999964 ) ;
#1323 = AXIS2_PLACEMENT_3D ( 'NONE', #986, #13, #1108 ) ;
#1324 = DIRECTION ( 'NONE',  ( 1.000000000000000000, 0.000000000000000000, 0.000000000000000000 ) ) ;
#1325 = EDGE_LOOP ( 'NONE', ( #380, #1209, #1132, #1392 ) ) ;
#1326 = VERTEX_POINT ( 'NONE', #45 ) ;
#1327 = VERTEX_POINT ( 'NONE', #920 ) ;
#1328 = CARTESIAN_POINT ( 'NONE',  ( -110.7293084636274898, 14.49069761572509485, 9.585656737219091283 ) ) ;
#1329 = DIRECTION ( 'NONE',  ( -1.000000000000000000, 0.000000000000000000, 0.000000000000000000 ) ) ;
#1330 = CARTESIAN_POINT ( 'NONE',  ( -124.2000000000000028, -8.599999999999997868, 8.000000000000000000 ) ) ;
#1331 = ORIENTED_EDGE ( 'NONE', *, *, #137, .F. ) ;
#1332 = ADVANCED_FACE ( 'NONE', ( #374 ), #1251, .F. ) ;
#1333 = DIRECTION ( 'NONE',  ( -1.000000000000000000, 0.000000000000000000, 0.000000000000000000 ) ) ;
#1334 = AXIS2_PLACEMENT_3D ( 'NONE', #250, #906, #553 ) ;
#1335 = DIRECTION ( 'NONE',  ( 0.000000000000000000, 0.000000000000000000, -1.000000000000000000 ) ) ;
#1336 = CARTESIAN_POINT ( 'NONE',  ( 0.000000000000000000, 0.000000000000000000, 0.000000000000000000 ) ) ;
#1337 = VERTEX_POINT ( 'NONE', #139 ) ;
#1338 = CARTESIAN_POINT ( 'NONE',  ( -117.1473977221405960, 9.876004655966978518, 14.03984604268629433 ) ) ;
#1339 = ADVANCED_FACE ( 'NONE', ( #569 ), #597, .F. ) ;
#1340 = DIRECTION ( 'NONE',  ( -1.000000000000000000, 1.885568995626969957E-16, 0.000000000000000000 ) ) ;
#1341 = DIRECTION ( 'NONE',  ( -0.000000000000000000, 0.000000000000000000, 1.000000000000000000 ) ) ;
#1342 = EDGE_CURVE ( 'NONE', #496, #784, #1368, .T. ) ;
#1343 = ORIENTED_EDGE ( 'NONE', *, *, #978, .F. ) ;
#1344 = CARTESIAN_POINT ( 'NONE',  ( -110.6000000000000369, 0.000000000000000000, 0.000000000000000000 ) ) ;
#1345 = CARTESIAN_POINT ( 'NONE',  ( -118.0173486881660949, -9.872108738512665127, 14.73855252970721175 ) ) ;
#1346 = AXIS2_PLACEMENT_3D ( 'NONE', #754, #552, #336 ) ;
#1347 = VECTOR ( 'NONE', #806, 1000.000000000000000 ) ;
#1348 = EDGE_LOOP ( 'NONE', ( #433, #141, #1236, #778, #1071, #895, #312, #432, #1016 ) ) ;
#1349 = CIRCLE ( 'NONE', #120, 10.00000000000000000 ) ;
#1350 = CARTESIAN_POINT ( 'NONE',  ( -117.6000000000000085, 12.84999999999998721, 8.000000000000000000 ) ) ;
#1351 = ORIENTED_EDGE ( 'NONE', *, *, #613, .T. ) ;
#1352 = DIRECTION ( 'NONE',  ( -0.000000000000000000, -0.000000000000000000, -1.000000000000000000 ) ) ;
#1353 = STYLED_ITEM ( 'NONE', ( #1283 ), #1203 ) ;
#1354 = CARTESIAN_POINT ( 'NONE',  ( -116.7907834772770457, -9.953922947478432093, 14.71909847874818134 ) ) ;
#1355 = CYLINDRICAL_SURFACE ( 'NONE', #730, 3.000000000000002665 ) ;
#1356 = CARTESIAN_POINT ( 'NONE',  ( -120.2000000000000313, 10.09999999999999964, 0.000000000000000000 ) ) ;
#1357 = AXIS2_PLACEMENT_3D ( 'NONE', #715, #74, #1174 ) ;
#1358 = DIRECTION ( 'NONE',  ( 0.000000000000000000, 1.000000000000000000, -0.000000000000000000 ) ) ;
#1359 = EDGE_LOOP ( 'NONE', ( #993, #984, #1, #1270 ) ) ;
#1360 = CARTESIAN_POINT ( 'NONE',  ( -120.6000000000000369, 12.54167963364124994, 12.21203694553828356 ) ) ;
#1361 = DIRECTION ( 'NONE',  ( 1.000000000000000000, 0.000000000000000000, 0.000000000000000000 ) ) ;
#1362 = DIRECTION ( 'NONE',  ( 0.000000000000000000, 0.000000000000000000, -1.000000000000000000 ) ) ;
#1363 = DIRECTION ( 'NONE',  ( 1.000000000000000000, 0.000000000000000000, 0.000000000000000000 ) ) ;
#1364 = CARTESIAN_POINT ( 'NONE',  ( -120.2000000000000313, 0.000000000000000000, 0.000000000000000000 ) ) ;
#1365 = ORIENTED_EDGE ( 'NONE', *, *, #262, .T. ) ;
#1366 = EDGE_CURVE ( 'NONE', #133, #183, #381, .T. ) ;
#1367 = EDGE_CURVE ( 'NONE', #614, #1200, #719, .T. ) ;
#1368 = LINE ( 'NONE', #1037, #666 ) ;
#1369 = CYLINDRICAL_SURFACE ( 'NONE', #1066, 3.000000000000002665 ) ;
#1370 = EDGE_CURVE ( 'NONE', #1119, #699, #390, .T. ) ;
#1371 = CARTESIAN_POINT ( 'NONE',  ( -124.2000000000000028, 8.599999999999997868, 8.000000000000000000 ) ) ;
#1372 = CARTESIAN_POINT ( 'NONE',  ( -128.4934155453063056, 7.856406460550975801, 0.000000000000000000 ) ) ;
#1373 = DIRECTION ( 'NONE',  ( 1.000000000000000000, -0.000000000000000000, 0.000000000000000000 ) ) ;
#1374 = ORIENTED_EDGE ( 'NONE', *, *, #787, .T. ) ;
#1375 = ORIENTED_EDGE ( 'NONE', *, *, #207, .F. ) ;
#1376 = CARTESIAN_POINT ( 'NONE',  ( -124.5999999999999943, 14.60000000000000853, 0.000000000000000000 ) ) ;
#1377 = CARTESIAN_POINT ( 'NONE',  ( -120.2000000000000313, -8.599999999999997868, 0.000000000000000000 ) ) ;
#1378 = FACE_OUTER_BOUND ( 'NONE', #652, .T. ) ;
#1379 = CARTESIAN_POINT ( 'NONE',  ( -120.2000000000000313, 0.000000000000000000, 8.000000000000000000 ) ) ;
#1380 = CARTESIAN_POINT ( 'NONE',  ( -114.6000000000000227, -13.04605962182882095, 13.39008344235541870 ) ) ;
#1381 = PRESENTATION_LAYER_ASSIGNMENT (  '', '', ( #1353 ) ) ;
#1382 = LINE ( 'NONE', #397, #572 ) ;
#1383 = ORIENTED_EDGE ( 'NONE', *, *, #208, .T. ) ;
#1384 = VERTEX_POINT ( 'NONE', #1163 ) ;
#1385 = LINE ( 'NONE', #1065, #951 ) ;
#1386 = CARTESIAN_POINT ( 'NONE',  ( -117.6000000000000085, -12.85000000000001563, 0.000000000000000000 ) ) ;
#1387 = DIRECTION ( 'NONE',  ( -0.000000000000000000, -0.000000000000000000, -1.000000000000000000 ) ) ;
#1388 = CARTESIAN_POINT ( 'NONE',  ( -114.6630447112975020, 12.21664284277632539, 12.50123189642244981 ) ) ;
#1389 = ADVANCED_FACE ( 'NONE', ( #499 ), #1271, .F. ) ;
#1390 = VECTOR ( 'NONE', #1289, 999.9999999999998863 ) ;
#1391 = VECTOR ( 'NONE', #362, 1000.000000000000000 ) ;
#1392 = ORIENTED_EDGE ( 'NONE', *, *, #522, .T. ) ;
#1393 = LINE ( 'NONE', #745, #41 ) ;
#1394 = DIRECTION ( 'NONE',  ( 0.7071067811865504593, -0.7071067811865445751, 0.000000000000000000 ) ) ;
#1395 = FACE_OUTER_BOUND ( 'NONE', #554, .T. ) ;
#1396 = CARTESIAN_POINT ( 'NONE',  ( -115.4481407167410367, 10.75015557242439890, 13.57367790728817702 ) ) ;
#1397 = CIRCLE ( 'NONE', #776, 10.00000000000000000 ) ;
#1398 = VERTEX_POINT ( 'NONE', #1376 ) ;
#1399 = VECTOR ( 'NONE', #65, 1000.000000000000000 ) ;
#1400 = DIRECTION ( 'NONE',  ( -0.7071067811865479058, 0.7071067811865472397, 0.000000000000000000 ) ) ;
#1401 = CARTESIAN_POINT ( 'NONE',  ( -124.2000000000000028, 8.599999999999997868, 8.000000000000000000 ) ) ;
#1402 = CARTESIAN_POINT ( 'NONE',  ( -126.2000000000000028, -6.599999999999997868, 8.000000000000000000 ) ) ;
#1403 = LINE ( 'NONE', #1187, #1195 ) ;
#1404 = VECTOR ( 'NONE', #1256, 1000.000000000000000 ) ;
#1405 = CARTESIAN_POINT ( 'NONE',  ( -120.2000000000000313, 6.165225056719340735, 8.000000000000000000 ) ) ;
#1406 = EDGE_CURVE ( 'NONE', #133, #1064, #1143, .T. ) ;
#1407 = LINE ( 'NONE', #847, #1390 ) ;
#1408 = DIRECTION ( 'NONE',  ( -1.766429458238739927E-15, -1.000000000000000000, 0.000000000000000000 ) ) ;
#1409 = ORIENTED_EDGE ( 'NONE', *, *, #353, .F. ) ;
#1410 = ORIENTED_EDGE ( 'NONE', *, *, #1253, .T. ) ;
#1411 = LINE ( 'NONE', #1077, #580 ) ;
#1412 = EDGE_CURVE ( 'NONE', #540, #890, #1258, .T. ) ;
#1413 = DIRECTION ( 'NONE',  ( -1.000000000000000000, 0.000000000000000000, 0.000000000000000000 ) ) ;
#1414 = EDGE_CURVE ( 'NONE', #333, #669, #1018, .T. ) ;
#1415 = FACE_OUTER_BOUND ( 'NONE', #1028, .T. ) ;
ENDSEC;
END-ISO-10303-21;
