ISO-10303-21;
HEADER;
FILE_DESCRIPTION (( 'STEP AP214' ),
    '1' );
FILE_NAME ('base_gear_bigger.STEP',
    '2026-05-19T08:59:16',
    ( '' ),
    ( '' ),
    'SwSTEP 2.0',
    'SolidWorks 2024',
    '' );
FILE_SCHEMA (( 'AUTOMOTIVE_DESIGN' ));
ENDSEC;

DATA;
#1 = CARTESIAN_POINT ( 'NONE',  ( 3.846120836016019062, 23.70909028424117437, 2.100000000000000089 ) ) ;
#2 = CIRCLE ( 'NONE', #7009, 27.99999957948218920 ) ;
#3 = CARTESIAN_POINT ( 'NONE',  ( 21.10401706161571411, 10.48531763796958671, -2.000000000000000000 ) ) ;
#4 = PRODUCT ( 'base_gear_bigger', 'base_gear_bigger', '', ( #7238 ) ) ;
#5 = CARTESIAN_POINT ( 'NONE',  ( -24.45163473737932236, -4.792937194118080058, 2.099999999999999645 ) ) ;
#6 = CARTESIAN_POINT ( 'NONE',  ( 1.680116617297995996, -25.54848055630612791, 2.099999999999999645 ) ) ;
#7 = CARTESIAN_POINT ( 'NONE',  ( 12.19289813518885524, -25.00088857616464821, 2.099999999999999645 ) ) ;
#8 = CARTESIAN_POINT ( 'NONE',  ( 20.62323650117463103, 11.56374771533981516, -2.000000000000000000 ) ) ;
#9 = CARTESIAN_POINT ( 'NONE',  ( 12.88716835993242071, 20.50631329690558147, 2.100000000000000089 ) ) ;
#10 = CARTESIAN_POINT ( 'NONE',  ( -24.37956700134304810, 1.099847363974305381, 2.099999999999999645 ) ) ;
#11 = CARTESIAN_POINT ( 'NONE',  ( -3.204373604290277289, -23.29585190159430041, -2.000000000000000000 ) ) ;
#12 = CARTESIAN_POINT ( 'NONE',  ( -1.810672407536207729, 24.85107952805194387, -2.000000000000000000 ) ) ;
#13 = CARTESIAN_POINT ( 'NONE',  ( -3.359200862297582191, -23.32460485566309316, 2.099999999999999645 ) ) ;
#14 = ORIENTED_EDGE ( 'NONE', *, *, #4098, .T. ) ;
#15 = CIRCLE ( 'NONE', #1577, 27.99999957948219631 ) ;
#16 = CARTESIAN_POINT ( 'NONE',  ( -23.07262568452396323, -6.675893319502717915, 2.099999999999999645 ) ) ;
#17 = EDGE_CURVE ( 'NONE', #5847, #1243, #1212, .T. ) ;
#18 = CARTESIAN_POINT ( 'NONE',  ( 1.379935885169562004, -26.52839079975561276, -2.000000000000000000 ) ) ;
#19 = EDGE_CURVE ( 'NONE', #6520, #1586, #1304, .T. ) ;
#20 = CARTESIAN_POINT ( 'NONE',  ( -16.55868018414818010, -20.77185239767593217, 2.099999999999999645 ) ) ;
#21 = CARTESIAN_POINT ( 'NONE',  ( -17.42017265760603806, -16.82633584436269913, 2.099999999999999645 ) ) ;
#22 = CARTESIAN_POINT ( 'NONE',  ( 20.74579233589062000, 11.91211842489103034, 2.100000000000000089 ) ) ;
#23 = CARTESIAN_POINT ( 'NONE',  ( -7.605017794998039982, 22.88729425358475922, 2.100000000000000089 ) ) ;
#24 = CARTESIAN_POINT ( 'NONE',  ( 20.61769535193586833, -11.41192623884528246, 2.099999999999999645 ) ) ;
#25 = ORIENTED_EDGE ( 'NONE', *, *, #5560, .F. ) ;
#26 = CARTESIAN_POINT ( 'NONE',  ( 24.15260079455800835, -7.275001489028691815, 2.099999999999999645 ) ) ;
#27 = CARTESIAN_POINT ( 'NONE',  ( -8.512968716744140352, 21.89757064776836515, -2.000000000000000000 ) ) ;
#28 = CIRCLE ( 'NONE', #5065, 27.99999957948219276 ) ;
#29 = CARTESIAN_POINT ( 'NONE',  ( 23.63491054742290132, 0.6550942090464551004, -2.000000000000000000 ) ) ;
#30 = CARTESIAN_POINT ( 'NONE',  ( -25.62785817443976910, 4.678588802317960926, -2.000000000000000000 ) ) ;
#31 = CARTESIAN_POINT ( 'NONE',  ( 7.657608382361889454, 22.56335699501520509, 2.100000000000000089 ) ) ;
#32 = CARTESIAN_POINT ( 'NONE',  ( -25.03107770533010523, 1.235924829161910266, 2.100000000000000089 ) ) ;
#33 = AXIS2_PLACEMENT_3D ( 'NONE', #3653, #2323, #3573 ) ;
#34 = CARTESIAN_POINT ( 'NONE',  ( 23.24438501506255150, 6.803422568062755360, 2.100000000000000089 ) ) ;
#35 = CARTESIAN_POINT ( 'NONE',  ( -14.84924240491749892, 14.84924240491749536, 2.100000000000001865 ) ) ;
#36 = VECTOR ( 'NONE', #1060, 1000.000000000000000 ) ;
#37 = CARTESIAN_POINT ( 'NONE',  ( 15.68419099428257013, -20.23743569325269931, 2.100000000000000089 ) ) ;
#38 = CARTESIAN_POINT ( 'NONE',  ( 27.87379644711745996, -2.655456283891108882, 2.100000000000000089 ) ) ;
#39 = ORIENTED_EDGE ( 'NONE', *, *, #829, .T. ) ;
#40 = CARTESIAN_POINT ( 'NONE',  ( 0.000000000000000000, 0.000000000000000000, 2.100000000000000089 ) ) ;
#41 = CARTESIAN_POINT ( 'NONE',  ( 17.71416793792179689, 15.43316205167866784, 2.099999999999999645 ) ) ;
#42 = AXIS2_PLACEMENT_3D ( 'NONE', #4287, #6147, #4929 ) ;
#43 = CARTESIAN_POINT ( 'NONE',  ( 17.82169893245503900, -21.35645667459428054, -2.000000000000000000 ) ) ;
#44 = CARTESIAN_POINT ( 'NONE',  ( -20.61769535193586833, 11.41192623884528068, -2.000000000000000000 ) ) ;
#45 = CARTESIAN_POINT ( 'NONE',  ( 5.995909907728615096, 27.35048520292565755, 2.099999999999999645 ) ) ;
#46 = CARTESIAN_POINT ( 'NONE',  ( -21.10401706161572122, 10.48531763796956895, 2.099999999999999645 ) ) ;
#47 = CARTESIAN_POINT ( 'NONE',  ( 20.62323650117463103, -11.56374771533979562, 2.100000000000000089 ) ) ;
#48 = CARTESIAN_POINT ( 'NONE',  ( -24.45163473737932236, -4.792937194118080058, -2.000000000000000000 ) ) ;
#49 = CARTESIAN_POINT ( 'NONE',  ( -7.741715957670633586, 24.19699765967528649, -2.000000000000000000 ) ) ;
#50 = DIRECTION ( 'NONE',  ( 0.000000000000000000, 0.000000000000000000, -1.000000000000000000 ) ) ;
#51 = CARTESIAN_POINT ( 'NONE',  ( -11.10648537714066819, -24.13101166629981265, 2.100000000000000089 ) ) ;
#52 = CARTESIAN_POINT ( 'NONE',  ( -21.80373651133526991, -10.30832712212200519, 2.100000000000000089 ) ) ;
#53 = CARTESIAN_POINT ( 'NONE',  ( 7.701896059577425291, -22.44925656542959302, -2.000000000000000000 ) ) ;
#54 = CARTESIAN_POINT ( 'NONE',  ( 20.71178771499496918, 11.09036006156944332, 2.099999999999999645 ) ) ;
#55 = CARTESIAN_POINT ( 'NONE',  ( 15.23641901094384998, 19.89808777236047987, 2.100000000000000089 ) ) ;
#56 = CARTESIAN_POINT ( 'NONE',  ( -22.85055158908932782, 6.414095051321343277, 2.099999999999999645 ) ) ;
#57 = CARTESIAN_POINT ( 'NONE',  ( -27.69989816623198919, 2.535120532296406548, -2.000000000000000000 ) ) ;
#58 = DIRECTION ( 'NONE',  ( -0.3546048870425355659, -0.9350162426854148334, 0.000000000000000000 ) ) ;
#59 = DIRECTION ( 'NONE',  ( -0.9709418174260517898, -0.2393156642875586548, 0.000000000000000000 ) ) ;
#60 = CARTESIAN_POINT ( 'NONE',  ( -4.590305982006135821, -25.40785750275295030, -2.000000000000000000 ) ) ;
#61 = VERTEX_POINT ( 'NONE', #7406 ) ;
#62 = CARTESIAN_POINT ( 'NONE',  ( -24.48402185937396780, -7.488679734998063608, 2.099999999999999645 ) ) ;
#63 = CARTESIAN_POINT ( 'NONE',  ( -27.50168352219550982, 4.167564993355127534, 2.100000000000000089 ) ) ;
#64 = CARTESIAN_POINT ( 'NONE',  ( -15.87213422487472236, -20.36431896814133680, -2.000000000000000000 ) ) ;
#65 = CARTESIAN_POINT ( 'NONE',  ( -17.29220078062825650, -16.53076698689343615, 2.099999999999999645 ) ) ;
#66 = CARTESIAN_POINT ( 'NONE',  ( 22.09815905990546980, 10.35588323418789258, 2.100000000000000089 ) ) ;
#67 = CARTESIAN_POINT ( 'NONE',  ( -9.230471089887535285, 21.96684885186929037, 2.100000000000000089 ) ) ;
#68 = CARTESIAN_POINT ( 'NONE',  ( 21.07590994840524345, -12.30361618564757720, -2.000000000000000000 ) ) ;
#69 = ORIENTED_EDGE ( 'NONE', *, *, #973, .T. ) ;
#70 = CARTESIAN_POINT ( 'NONE',  ( -15.02890815691218407, -19.71604682249877882, -2.000000000000000000 ) ) ;
#71 = CARTESIAN_POINT ( 'NONE',  ( -22.44798333931211687, -13.70307343545946388, 2.099999999999999645 ) ) ;
#72 = CARTESIAN_POINT ( 'NONE',  ( -24.95373504430678224, 4.768644361883055183, -2.000000000000000000 ) ) ;
#73 = CARTESIAN_POINT ( 'NONE',  ( 12.88702750944971420, -19.82328597831586947, -2.000000000000000000 ) ) ;
#74 = EDGE_CURVE ( 'NONE', #5847, #3953, #2174, .T. ) ;
#75 = CARTESIAN_POINT ( 'NONE',  ( -21.34551800689748191, 16.27777197600731185, -2.000000000000000000 ) ) ;
#76 = CARTESIAN_POINT ( 'NONE',  ( 23.76414829993700906, 7.060866680122717121, 2.100000000000000089 ) ) ;
#77 = CARTESIAN_POINT ( 'NONE',  ( 19.31055424225241168, 15.54648119520597227, 2.100000000000000089 ) ) ;
#78 = B_SPLINE_SURFACE_WITH_KNOTS ( 'NONE', 3, 1, ( 
 ( #7064, #896 ),
 ( #3986, #2242 ),
 ( #6443, #328 ),
 ( #400, #5307 ),
 ( #1664, #4743 ),
 ( #2812, #5229 ),
 ( #7746, #1631 ),
 ( #7216, #4105 ),
 ( #938, #1550 ),
 ( #5922, #5958 ),
 ( #6480, #3453 ),
 ( #5350, #2202 ),
 ( #366, #2849 ),
 ( #7137, #2731 ),
 ( #3412, #6562 ),
 ( #4660, #4706 ),
 ( #5185, #5841 ),
 ( #2775, #4144 ),
 ( #6599, #1592 ),
 ( #2888, #4066 ),
 ( #6525, #1018 ),
 ( #3489, #979 ),
 ( #1053, #3531 ),
 ( #7664, #2125 ),
 ( #4585, #1512 ),
 ( #290, #7709 ),
 ( #2163, #4621 ),
 ( #7100, #513 ),
 ( #6642, #4185 ),
 ( #6160, #4299 ),
 ( #1747, #3569 ),
 ( #3728, #6198 ),
 ( #5502, #3605 ),
 ( #2400, #3648 ),
 ( #3001, #6803 ),
 ( #7900, #4899 ),
 ( #1220, #4858 ),
 ( #5590, #1823 ),
 ( #598, #6119 ),
 ( #7335, #559 ),
 ( #6764, #3688 ),
 ( #4220, #2964 ),
 ( #3042, #7977 ),
 ( #1096, #2444 ),
 ( #49, #7373 ),
 ( #1134, #6679 ),
 ( #3078, #1709 ),
 ( #5422, #6037 ),
 ( #475, #2359 ),
 ( #4821, #7298 ),
 ( #6074, #4338 ),
 ( #1871, #1785 ),
 ( #5544, #4941 ),
 ( #5463, #7941 ),
 ( #4260, #1262 ) ),
 .UNSPECIFIED., .F., .F., .F.,
 ( 4, 1, 1, 1, 1, 1, 1, 1, 1, 1, 1, 1, 1, 1, 1, 1, 1, 1, 1, 1, 1, 1, 1, 1, 1, 1, 1, 1, 1, 1, 1, 1, 1, 1, 1, 1, 1, 1, 1, 1, 1, 1, 1, 1, 1, 1, 1, 1, 1, 1, 1, 1, 4 ),
 ( 2, 2 ),
 ( 0.01037070963360204462, 0.06767854499841075011, 0.09884629602760430789, 0.1282330327458526265, 0.1558387551553858108, 0.1816634632588949305, 0.2057071570596704646, 0.2279698365617907063, 0.2484515017704002071, 0.2671521526921107892, 0.2840717893356240475, 0.2992104117127127871, 0.3125680198398574916, 0.3241446137411457817, 0.3339401934538051009, 0.3662021699428081867, 0.3760430630535980256, 0.3856763336118157470, 0.3952492422856400678, 0.4049624801021076692, 0.4150869914083017420, 0.4259748013331248195, 0.4380386266454291411, 0.4516469595390834035, 0.4668849008038628012, 0.4803437228220500677, 0.5000000000000002220, 0.5196562771779504875, 0.5331150991961376429, 0.5483530404609170406, 0.5619613733545713030, 0.5740251986668756246, 0.5849130085916987021, 0.5950375198978927749, 0.6047507577143603763, 0.6143236663881848081, 0.6239569369464024184, 0.6337978300571922574, 0.6660598065461953432, 0.6758553862588546624, 0.6874319801601429525, 0.7007895882872876570, 0.7159282106643762855, 0.7328478473078895439, 0.7515484982296001260, 0.7720301634382096267, 0.7942928429403297574, 0.8183365367411052915, 0.8441612448446143002, 0.8717669672541474846, 0.9011537039723958031, 0.9323214550015893609, 0.9896292903664016816 ),
 ( 0.000000000000000000, 1.000000000000000000 ),
 .UNSPECIFIED. ) ;
#79 = CARTESIAN_POINT ( 'NONE',  ( 24.37956700134304810, -1.099847363974308267, 2.100000000000000089 ) ) ;
#80 = ORIENTED_EDGE ( 'NONE', *, *, #1010, .F. ) ;
#81 = CARTESIAN_POINT ( 'NONE',  ( -23.63710370791871185, -4.790810183414333068, 2.100000000000000089 ) ) ;
#82 = CARTESIAN_POINT ( 'NONE',  ( 17.84651532293613485, 15.31230279367191649, 2.099999999999999645 ) ) ;
#83 = CARTESIAN_POINT ( 'NONE',  ( -22.46994110604167005, 10.47341059000766350, -2.000000000000000000 ) ) ;
#84 = CARTESIAN_POINT ( 'NONE',  ( 4.244076555440654985, 24.69959869036685163, 2.099999999999999645 ) ) ;
#85 = CARTESIAN_POINT ( 'NONE',  ( -20.71178771499497984, 11.09036006156942555, -2.000000000000000000 ) ) ;
#86 = DIRECTION ( 'NONE',  ( 0.000000000000000000, 0.000000000000000000, -1.000000000000000000 ) ) ;
#87 = CARTESIAN_POINT ( 'NONE',  ( -21.70974829699418507, 12.84369887095659557, 2.100000000000000089 ) ) ;
#88 = CARTESIAN_POINT ( 'NONE',  ( 13.02793750094271807, 20.86163776548604076, -2.000000000000000000 ) ) ;
#89 = CARTESIAN_POINT ( 'NONE',  ( -9.945601713251328135, -22.84599953686307572, 2.100000000000000089 ) ) ;
#90 = CARTESIAN_POINT ( 'NONE',  ( -22.91929613358907147, -6.515359526762117603, 2.099999999999999645 ) ) ;
#91 = CARTESIAN_POINT ( 'NONE',  ( -24.31514428139132278, -10.69735948946559567, 2.100000000000000089 ) ) ;
#92 = CARTESIAN_POINT ( 'NONE',  ( 8.686322604036284645, -21.85205998608587663, 2.099999999999999645 ) ) ;
#93 = CARTESIAN_POINT ( 'NONE',  ( 21.10401706161571411, 10.48531763796958671, -2.000000000000000000 ) ) ;
#94 = CARTESIAN_POINT ( 'NONE',  ( 5.008822010445495465, -26.08776424953685336, 2.100000000000000089 ) ) ;
#95 = CARTESIAN_POINT ( 'NONE',  ( 7.768531058981739790, 22.33132486425838081, -2.000000000000000000 ) ) ;
#96 = CARTESIAN_POINT ( 'NONE',  ( 1.680116617297973125, 25.54848055630612791, -2.000000000000000000 ) ) ;
#97 = CARTESIAN_POINT ( 'NONE',  ( -1.762385718735289153, -25.16282512725968701, -2.000000000000000000 ) ) ;
#98 = CARTESIAN_POINT ( 'NONE',  ( 24.76692767734245137, -4.782579349257312984, -2.000000000000000000 ) ) ;
#99 = CARTESIAN_POINT ( 'NONE',  ( -3.846120836016032385, -23.70909028424117437, -2.000000000000000000 ) ) ;
#100 = VERTEX_POINT ( 'NONE', #3278 ) ;
#101 = CARTESIAN_POINT ( 'NONE',  ( -25.29380829876430425, -8.116834556469576967, -2.000000000000000000 ) ) ;
#102 = CARTESIAN_POINT ( 'NONE',  ( -25.88937528683162981, 4.628868634690426198, 2.100000000000000089 ) ) ;
#103 = CARTESIAN_POINT ( 'NONE',  ( -18.25928954266905180, -15.16201400375275199, 2.099999999999999645 ) ) ;
#104 = CARTESIAN_POINT ( 'NONE',  ( 23.08741356227222141, 10.60189590196924314, 2.100000000000000089 ) ) ;
#105 = CARTESIAN_POINT ( 'NONE',  ( -9.324636732261669891, 22.03037936177864964, 2.100000000000000089 ) ) ;
#106 = CARTESIAN_POINT ( 'NONE',  ( 20.62323650117463103, -11.56374771533979562, 2.099999999999999645 ) ) ;
#107 = ORIENTED_EDGE ( 'NONE', *, *, #5557, .T. ) ;
#108 = CARTESIAN_POINT ( 'NONE',  ( -13.96529143882090551, -19.07901412642182493, -2.000000000000000000 ) ) ;
#109 = CARTESIAN_POINT ( 'NONE',  ( -7.733573568718058233, 24.87706067138158161, -2.000000000000000000 ) ) ;
#110 = CARTESIAN_POINT ( 'NONE',  ( -26.06641539771074889, 8.850830286109186318, -2.000000000000000000 ) ) ;
#111 = CARTESIAN_POINT ( 'NONE',  ( 7.452140385482007190, 26.79882083607237320, 2.100000000000000089 ) ) ;
#112 = CARTESIAN_POINT ( 'NONE',  ( -21.66370631000717850, 16.34569607223865617, -2.000000000000000000 ) ) ;
#113 = CARTESIAN_POINT ( 'NONE',  ( -22.62472946281713604, 16.49610842548439038, -2.000000000000000000 ) ) ;
#114 = CARTESIAN_POINT ( 'NONE',  ( 17.83462167525288677, 17.40060223031303721, 2.100000000000000089 ) ) ;
#115 = CARTESIAN_POINT ( 'NONE',  ( -14.32589460713082730, 19.15868494228939056, -2.000000000000000000 ) ) ;
#116 = VERTEX_POINT ( 'NONE', #6306 ) ;
#117 = CARTESIAN_POINT ( 'NONE',  ( -22.91929613358907147, -6.515359526762117603, 2.100000000000000089 ) ) ;
#118 = CARTESIAN_POINT ( 'NONE',  ( 17.98147192499883573, 15.23115522593614024, -2.000000000000000000 ) ) ;
#119 = CARTESIAN_POINT ( 'NONE',  ( -20.74579233589062355, 11.91211842489101080, -2.000000000000000000 ) ) ;
#120 = CARTESIAN_POINT ( 'NONE',  ( 5.644338589985544274, 26.94321158145700679, 2.099999999999999645 ) ) ;
#121 = CARTESIAN_POINT ( 'NONE',  ( -24.31514428139131923, 10.69735948946558501, 2.099999999999999645 ) ) ;
#122 = CARTESIAN_POINT ( 'NONE',  ( -24.76692767734244782, -4.782579349257321866, -2.000000000000000000 ) ) ;
#123 = CARTESIAN_POINT ( 'NONE',  ( -22.59408972245014624, 10.50532236015857102, 2.100000000000000089 ) ) ;
#124 = CARTESIAN_POINT ( 'NONE',  ( 13.61524630358645993, 23.47600944080825514, 2.099999999999999645 ) ) ;
#125 = CARTESIAN_POINT ( 'NONE',  ( -8.512968716744129694, -21.89757064776837581, 2.100000000000000089 ) ) ;
#126 = CARTESIAN_POINT ( 'NONE',  ( -23.42764417793267384, -4.840656286569386069, 2.099999999999999645 ) ) ;
#127 = CARTESIAN_POINT ( 'NONE',  ( -21.98040231662191246, -13.13048226772782634, 2.100000000000000089 ) ) ;
#128 = CARTESIAN_POINT ( 'NONE',  ( 7.656852614504657595, -23.37322600383987492, 2.099999999999999645 ) ) ;
#129 = CARTESIAN_POINT ( 'NONE',  ( 20.64571337519312877, 11.25696429976831681, 2.099999999999999645 ) ) ;
#130 = DIRECTION ( 'NONE',  ( 0.7485107481711013033, -0.6631226582407948600, 0.000000000000000000 ) ) ;
#131 = CARTESIAN_POINT ( 'NONE',  ( -24.86659007404523436, 7.767174896947384610, 2.099999999999999645 ) ) ;
#132 = DIRECTION ( 'NONE',  ( -1.000000000000000000, 0.000000000000000000, 0.000000000000000000 ) ) ;
#133 = CARTESIAN_POINT ( 'NONE',  ( -4.144933467011473027, -24.44197433207706283, -2.000000000000000000 ) ) ;
#134 = CARTESIAN_POINT ( 'NONE',  ( 25.38450439115045754, -4.717739787684787522, -2.000000000000000000 ) ) ;
#135 = CARTESIAN_POINT ( 'NONE',  ( 2.198555820827197582, 23.54154832015335330, -2.000000000000000000 ) ) ;
#136 = EDGE_LOOP ( 'NONE', ( #2862, #1444, #1005, #4350 ) ) ;
#137 = CARTESIAN_POINT ( 'NONE',  ( -23.07262568452396323, -6.675893319502717915, -2.000000000000000000 ) ) ;
#138 = CIRCLE ( 'NONE', #3243, 27.99999957948218920 ) ;
#139 = B_SPLINE_CURVE_WITH_KNOTS ( 'NONE', 3,
 ( #4197, #1191, #5398, #6654, #2330, #6691, #4793, #1234, #1146, #7270, #6049, #3617, #2457, #486, #3091, #6086, #7347, #3662, #3544, #6133, #7839, #1678, #7952, #4911, #1839, #2413, #4313, #3701, #6172, #2296, #4756, #7230, #1722, #828, #1360, #2050, #3828, #6943, #2660, #4956, #3786, #2009, #1398, #5078, #2582, #2544, #4351, #658, #1319, #5035, #1276, #2619, #6287, #7594, #6371 ),
 .UNSPECIFIED., .F., .F.,
 ( 4, 1, 1, 1, 1, 1, 1, 1, 1, 1, 1, 1, 1, 1, 1, 1, 1, 1, 1, 1, 1, 1, 1, 1, 1, 1, 1, 1, 1, 1, 1, 1, 1, 1, 1, 1, 1, 1, 1, 1, 1, 1, 1, 1, 1, 1, 1, 1, 1, 1, 1, 1, 4 ),
 ( 0.01037070964479171187, 0.06767854499841075011, 0.09884629602760430789, 0.1282330327458526265, 0.1558387551553858108, 0.1816634632588949305, 0.2057071570596704646, 0.2279698365617907063, 0.2484515017704002071, 0.2671521526921107892, 0.2840717893356240475, 0.2992104117127127871, 0.3125680198398574916, 0.3241446137411457817, 0.3339401934538051009, 0.3662021699428081867, 0.3760430630535980256, 0.3856763336118157470, 0.3952492422856400678, 0.4049624801021076692, 0.4150869914083017420, 0.4259748013331248195, 0.4380386266454291411, 0.4516469595390834035, 0.4668849008038628012, 0.4803437228220500677, 0.5000000000000002220, 0.5196562771779504875, 0.5331150991961376429, 0.5483530404609170406, 0.5619613733545713030, 0.5740251986668756246, 0.5849130085916987021, 0.5950375198978927749, 0.6047507577143603763, 0.6143236663881848081, 0.6239569369464024184, 0.6337978300571922574, 0.6660598065461953432, 0.6758553862588546624, 0.6874319801601429525, 0.7007895882872876570, 0.7159282106643763965, 0.7328478473078895439, 0.7515484982296001260, 0.7720301634382096267, 0.7942928429403297574, 0.8183365367411052915, 0.8441612448446143002, 0.8717669672541474846, 0.9011537039723958031, 0.9323214550015893609, 0.9896292903552001974 ),
 .UNSPECIFIED. ) ;
#140 = DIRECTION ( 'NONE',  ( 0.000000000000000000, 0.000000000000000000, 1.000000000000000000 ) ) ;
#141 = CARTESIAN_POINT ( 'NONE',  ( 5.995909907646417736, -27.35048520283306317, -2.000000000000000000 ) ) ;
#142 = CARTESIAN_POINT ( 'NONE',  ( -22.62472946281705433, 16.49610842548437972, 2.100000000000000089 ) ) ;
#143 = CARTESIAN_POINT ( 'NONE',  ( -15.87213422487472236, -20.36431896814133680, 2.100000000000000089 ) ) ;
#144 = ORIENTED_EDGE ( 'NONE', *, *, #6647, .T. ) ;
#145 = EDGE_CURVE ( 'NONE', #6949, #4368, #138, .T. ) ;
#146 = CARTESIAN_POINT ( 'NONE',  ( -4.590305982006153585, 25.40785750275294674, -2.000000000000000000 ) ) ;
#147 = CARTESIAN_POINT ( 'NONE',  ( -7.616738452866472109, 23.18530238615923977, -2.000000000000000000 ) ) ;
#148 = B_SPLINE_CURVE_WITH_KNOTS ( 'NONE', 3,
 ( #817, #857, #2241, #3411, #937, #4143, #365, #4584, #4705, #4659, #2730, #5957, #7663, #2201, #1511, #7824, #7136, #4620, #2774, #3985, #1663, #978, #4104, #6479, #2281, #5349, #7178, #3326, #4021, #7099, #1630, #3452, #1017, #6561, #1549, #6524, #7063, #6598, #399, #327, #5921, #4065, #7745, #2848, #5884, #2887, #895, #2811, #5265, #5306, #5796, #3488, #4742, #7215, #3367 ),
 .UNSPECIFIED., .F., .F.,
 ( 4, 1, 1, 1, 1, 1, 1, 1, 1, 1, 1, 1, 1, 1, 1, 1, 1, 1, 1, 1, 1, 1, 1, 1, 1, 1, 1, 1, 1, 1, 1, 1, 1, 1, 1, 1, 1, 1, 1, 1, 1, 1, 1, 1, 1, 1, 1, 1, 1, 1, 1, 1, 4 ),
 ( 0.01037070964479203279, 0.06767854499841075011, 0.09884629602760430789, 0.1282330327458526265, 0.1558387551553858108, 0.1816634632588949305, 0.2057071570596704646, 0.2279698365617907063, 0.2484515017704002071, 0.2671521526921107892, 0.2840717893356240475, 0.2992104117127127871, 0.3125680198398574916, 0.3241446137411457817, 0.3339401934538051009, 0.3662021699428081867, 0.3760430630535980256, 0.3856763336118157470, 0.3952492422856400678, 0.4049624801021076692, 0.4150869914083017420, 0.4259748013331248195, 0.4380386266454291411, 0.4516469595390834035, 0.4668849008038628012, 0.4803437228220500677, 0.5000000000000002220, 0.5196562771779504875, 0.5331150991961376429, 0.5483530404609170406, 0.5619613733545713030, 0.5740251986668756246, 0.5849130085916987021, 0.5950375198978927749, 0.6047507577143603763, 0.6143236663881848081, 0.6239569369464024184, 0.6337978300571922574, 0.6660598065461953432, 0.6758553862588546624, 0.6874319801601429525, 0.7007895882872876570, 0.7159282106643762855, 0.7328478473078895439, 0.7515484982296001260, 0.7720301634382096267, 0.7942928429403297574, 0.8183365367411052915, 0.8441612448446143002, 0.8717669672541474846, 0.9011537039723956921, 0.9323214550015893609, 0.9896292903552151854 ),
 .UNSPECIFIED. ) ;
#149 = CARTESIAN_POINT ( 'NONE',  ( -25.07504586300960625, 7.932732980984140703, -2.000000000000000000 ) ) ;
#150 = CARTESIAN_POINT ( 'NONE',  ( 12.83485696772680562, -20.07512121109397896, -2.000000000000000000 ) ) ;
#151 = CARTESIAN_POINT ( 'NONE',  ( -26.77150907641003386, 1.970609361940791837, 2.100000000000000089 ) ) ;
#152 = CARTESIAN_POINT ( 'NONE',  ( 23.40793038981978924, 6.902300070437923374, 2.100000000000000089 ) ) ;
#153 = CARTESIAN_POINT ( 'NONE',  ( 18.83778878485557229, 19.53549755878801619, 2.100000000000000089 ) ) ;
#154 = CARTESIAN_POINT ( 'NONE',  ( 13.66345410753368483, -19.13830577319235360, 2.100000000000000089 ) ) ;
#155 = CARTESIAN_POINT ( 'NONE',  ( -13.50602898338109270, 19.22398027845277113, 2.099999999999999645 ) ) ;
#156 = VERTEX_POINT ( 'NONE', #2719 ) ;
#157 = AXIS2_PLACEMENT_3D ( 'NONE', #4506, #6980, #7667 ) ;
#158 = CARTESIAN_POINT ( 'NONE',  ( -24.95373504430678224, -4.768644361883073834, 2.100000000000000089 ) ) ;
#159 = CARTESIAN_POINT ( 'NONE',  ( 27.05471844848150198, 2.130765319231056054, -2.000000000000000000 ) ) ;
#160 = CARTESIAN_POINT ( 'NONE',  ( 25.91507308940478538, -10.60230933437666678, -2.000000000000000000 ) ) ;
#161 = CARTESIAN_POINT ( 'NONE',  ( -19.42345833902675167, 15.60717637591974238, -2.000000000000000000 ) ) ;
#162 = CARTESIAN_POINT ( 'NONE',  ( -21.69704443755539813, 10.30300297322494707, -2.000000000000000000 ) ) ;
#163 = AXIS2_PLACEMENT_3D ( 'NONE', #4961, #4356, #665 ) ;
#164 = CARTESIAN_POINT ( 'NONE',  ( -21.98040231662191957, 13.13048226772782101, 2.100000000000000089 ) ) ;
#165 = CARTESIAN_POINT ( 'NONE',  ( 4.389956462724860842, 25.02313217738666040, 2.100000000000000089 ) ) ;
#166 = CIRCLE ( 'NONE', #2636, 1.750000000000003331 ) ;
#167 = CARTESIAN_POINT ( 'NONE',  ( 24.31514428139131567, 10.69735948946560633, -2.000000000000000000 ) ) ;
#168 = EDGE_CURVE ( 'NONE', #2227, #3052, #3762, .T. ) ;
#169 = CARTESIAN_POINT ( 'NONE',  ( -24.59949625084631819, -4.790317889056109557, -2.000000000000000000 ) ) ;
#170 = DIRECTION ( 'NONE',  ( -0.000000000000000000, -0.000000000000000000, -1.000000000000000000 ) ) ;
#171 = CARTESIAN_POINT ( 'NONE',  ( 7.629252907546909768, -22.67335363560524186, 2.099999999999999645 ) ) ;
#172 = CARTESIAN_POINT ( 'NONE',  ( 25.70517099655247506, 10.62804679002168662, 2.099999999999999645 ) ) ;
#173 = CARTESIAN_POINT ( 'NONE',  ( 4.144933467011483685, -24.44197433207706638, 2.100000000000000089 ) ) ;
#174 = CARTESIAN_POINT ( 'NONE',  ( -26.28829541380231660, 9.090474067371477673, 2.099999999999999645 ) ) ;
#175 = CARTESIAN_POINT ( 'NONE',  ( 3.952016953262611043, 23.89496924813285617, -2.000000000000000000 ) ) ;
#176 = CARTESIAN_POINT ( 'NONE',  ( 19.87933552333218046, -15.81900378855655909, -2.000000000000000000 ) ) ;
#177 = CARTESIAN_POINT ( 'NONE',  ( 24.48402185937397491, -7.488679734998055615, -2.000000000000000000 ) ) ;
#178 = CARTESIAN_POINT ( 'NONE',  ( 3.025165651672243605, 23.29855380546641541, 2.099999999999999645 ) ) ;
#179 = ORIENTED_EDGE ( 'NONE', *, *, #1559, .T. ) ;
#180 = CARTESIAN_POINT ( 'NONE',  ( -23.76414829993701261, -7.060866680122703798, 2.099999999999999645 ) ) ;
#181 = CIRCLE ( 'NONE', #306, 27.99999957948218920 ) ;
#182 = CARTESIAN_POINT ( 'NONE',  ( 23.51224346894561990, 0.3730054609666962895, 2.099999999999999645 ) ) ;
#183 = CARTESIAN_POINT ( 'NONE',  ( 21.00000000000000355, 2.602085213965210642E-15, 2.100000000000001865 ) ) ;
#184 = CARTESIAN_POINT ( 'NONE',  ( -20.77276083323510747, -16.13005223007173683, -2.000000000000000000 ) ) ;
#185 = CARTESIAN_POINT ( 'NONE',  ( 20.65156267108762478, 11.69620803915342755, 2.100000000000000089 ) ) ;
#186 = FACE_OUTER_BOUND ( 'NONE', #667, .T. ) ;
#187 = ORIENTED_EDGE ( 'NONE', *, *, #266, .F. ) ;
#188 = DIRECTION ( 'NONE',  ( -0.000000000000000000, -0.000000000000000000, 1.000000000000000000 ) ) ;
#189 = CARTESIAN_POINT ( 'NONE',  ( 15.51594276222061985, -20.11676867469219587, -2.000000000000000000 ) ) ;
#190 = CARTESIAN_POINT ( 'NONE',  ( -13.30747633062665614, -21.64116298680352202, 2.099999999999999645 ) ) ;
#191 = CARTESIAN_POINT ( 'NONE',  ( -24.45163473737931525, 4.792937194118060518, 2.099999999999999645 ) ) ;
#192 = CARTESIAN_POINT ( 'NONE',  ( 22.79134869580807532, 6.292262679950386683, 2.099999999999999645 ) ) ;
#193 = CARTESIAN_POINT ( 'NONE',  ( -23.81253063529220171, 0.8410884408854168992, 2.100000000000000089 ) ) ;
#194 = CARTESIAN_POINT ( 'NONE',  ( 17.59000231784554202, -15.58338223461975858, -2.000000000000000000 ) ) ;
#195 = CARTESIAN_POINT ( 'NONE',  ( 17.32735312033765140, 16.63359376186219762, 2.100000000000000089 ) ) ;
#196 = CARTESIAN_POINT ( 'NONE',  ( -15.02890815691219295, 19.71604682249877527, -2.000000000000000000 ) ) ;
#197 = VERTEX_POINT ( 'NONE', #2678 ) ;
#198 = CARTESIAN_POINT ( 'NONE',  ( -27.87379644711759141, 2.655456283891198588, -2.000000000000000000 ) ) ;
#199 = CARTESIAN_POINT ( 'NONE',  ( 26.50130185302208830, 1.827769560624223022, -2.000000000000000000 ) ) ;
#200 = CARTESIAN_POINT ( 'NONE',  ( -20.28441937235457004, 15.97411852388379216, 2.099999999999999645 ) ) ;
#201 = CARTESIAN_POINT ( 'NONE',  ( -20.61769535193586833, 11.41192623884528068, 2.099999999999999645 ) ) ;
#202 = CARTESIAN_POINT ( 'NONE',  ( 7.988790274807834990, 22.11659910479056279, 2.099999999999999645 ) ) ;
#203 = CARTESIAN_POINT ( 'NONE',  ( -21.58955567576248669, 12.72687891813088967, 2.100000000000000089 ) ) ;
#204 = CARTESIAN_POINT ( 'NONE',  ( 4.244076555440654985, 24.69959869036685163, 2.100000000000000089 ) ) ;
#205 = CARTESIAN_POINT ( 'NONE',  ( -20.86952096496492004, -12.08832612917523264, -2.000000000000000000 ) ) ;
#206 = CARTESIAN_POINT ( 'NONE',  ( -26.77848301813145326, -4.405768766048603347, -2.000000000000000000 ) ) ;
#207 = CARTESIAN_POINT ( 'NONE',  ( -5.995909907646427506, 27.35048520283305962, -2.000000000000000000 ) ) ;
#208 = LINE ( 'NONE', #4020, #4944 ) ;
#209 = CARTESIAN_POINT ( 'NONE',  ( 21.10401706161571411, 10.48531763796958671, 2.099999999999999645 ) ) ;
#210 = LINE ( 'NONE', #5639, #2238 ) ;
#211 = CARTESIAN_POINT ( 'NONE',  ( 27.87379644711745996, -2.655456283891108882, 2.100000000000000089 ) ) ;
#212 = CARTESIAN_POINT ( 'NONE',  ( 7.656852614504651378, 23.37322600383987137, -2.000000000000000000 ) ) ;
#213 = CARTESIAN_POINT ( 'NONE',  ( 2.638449045045050845, 23.34550970278807114, -2.000000000000000000 ) ) ;
#214 = CARTESIAN_POINT ( 'NONE',  ( 17.29220078062825650, -16.53076698689342550, 2.099999999999999645 ) ) ;
#215 = CARTESIAN_POINT ( 'NONE',  ( 25.62785817443977265, -4.678588802317970696, -2.000000000000000000 ) ) ;
#216 = CARTESIAN_POINT ( 'NONE',  ( 1.555379675915602666, 26.00494379640384679, -2.000000000000000000 ) ) ;
#217 = EDGE_LOOP ( 'NONE', ( #2197, #5115, #5171, #6652 ) ) ;
#218 = CARTESIAN_POINT ( 'NONE',  ( -7.629252907546902662, -22.67335363560524897, -2.000000000000000000 ) ) ;
#219 = B_SPLINE_CURVE_WITH_KNOTS ( 'NONE', 3,
 ( #7278, #6660, #2378, #4839, #6697, #2832, #5289, #4396, #1845, #5003, #5650, #3706, #5612, #3096, #6092, #1199, #6177, #576, #7513, #533, #105, #67, #6863, #6739, #7995, #1971, #3145, #4437, #6820, #7473, #1889, #1930, #2550, #2586, #1324, #5040, #23, #6256, #5565, #6908, #4277, #7958, #3184, #1282, #2418, #7433, #5521, #4876, #4318, #1365, #7352, #5479, #3792, #706, #3020 ),
 .UNSPECIFIED., .F., .F.,
 ( 4, 1, 1, 1, 1, 1, 1, 1, 1, 1, 1, 1, 1, 1, 1, 1, 1, 1, 1, 1, 1, 1, 1, 1, 1, 1, 1, 1, 1, 1, 1, 1, 1, 1, 1, 1, 1, 1, 1, 1, 1, 1, 1, 1, 1, 1, 1, 1, 1, 1, 1, 1, 4 ),
 ( 0.01037070964479183156, 0.06767854499841075011, 0.09884629602760430789, 0.1282330327458526265, 0.1558387551553858108, 0.1816634632588949305, 0.2057071570596704646, 0.2279698365617907063, 0.2484515017704002071, 0.2671521526921107892, 0.2840717893356240475, 0.2992104117127127871, 0.3125680198398574916, 0.3241446137411457817, 0.3339401934538051009, 0.3662021699428081867, 0.3760430630535980256, 0.3856763336118157470, 0.3952492422856400678, 0.4049624801021076692, 0.4150869914083017420, 0.4259748013331248195, 0.4380386266454291411, 0.4516469595390834035, 0.4668849008038628012, 0.4803437228220500677, 0.5000000000000002220, 0.5196562771779504875, 0.5331150991961376429, 0.5483530404609170406, 0.5619613733545713030, 0.5740251986668756246, 0.5849130085916987021, 0.5950375198978927749, 0.6047507577143603763, 0.6143236663881848081, 0.6239569369464024184, 0.6337978300571922574, 0.6660598065461953432, 0.6758553862588546624, 0.6874319801601429525, 0.7007895882872876570, 0.7159282106643762855, 0.7328478473078895439, 0.7515484982296001260, 0.7720301634382096267, 0.7942928429403297574, 0.8183365367411052915, 0.8441612448446143002, 0.8717669672541474846, 0.9011537039723958031, 0.9323214550015893609, 0.9896292903552005304 ),
 .UNSPECIFIED. ) ;
#220 = CARTESIAN_POINT ( 'NONE',  ( -24.66930537037450577, 7.619416278945011278, 2.100000000000000089 ) ) ;
#221 = CARTESIAN_POINT ( 'NONE',  ( -19.42345833902674812, -15.60717637591975837, -2.000000000000000000 ) ) ;
#222 = CARTESIAN_POINT ( 'NONE',  ( -18.00520414013334758, 17.66596715945036422, 2.100000000000000089 ) ) ;
#223 = CARTESIAN_POINT ( 'NONE',  ( -14.10020032022225323, -19.09116743896564117, 2.100000000000000089 ) ) ;
#224 = ORIENTED_EDGE ( 'NONE', *, *, #3494, .T. ) ;
#225 = CARTESIAN_POINT ( 'NONE',  ( -21.48061666422702487, -12.62686802027752542, -2.000000000000000000 ) ) ;
#226 = CARTESIAN_POINT ( 'NONE',  ( 14.21926140100350722, -19.11953582679382535, 2.099999999999999645 ) ) ;
#227 = CARTESIAN_POINT ( 'NONE',  ( -23.07262568452397034, 6.675893319502702816, -2.000000000000000000 ) ) ;
#228 = DIRECTION ( 'NONE',  ( 0.5680647467311559229, -0.8229838658936563522, 0.000000000000000000 ) ) ;
#229 = CARTESIAN_POINT ( 'NONE',  ( 24.15260079455800479, 7.275001489028714907, -2.000000000000000000 ) ) ;
#230 = DIRECTION ( 'NONE',  ( -1.000000000000000000, 0.000000000000000000, 0.000000000000000000 ) ) ;
#231 = CYLINDRICAL_SURFACE ( 'NONE', #1584, 1.750000000000003331 ) ;
#232 = CARTESIAN_POINT ( 'NONE',  ( 17.59296804644543499, 15.58600964088961049, 2.100000000000000089 ) ) ;
#233 = CARTESIAN_POINT ( 'NONE',  ( 23.99982295939236465, 0.9602632500303802665, -2.000000000000000000 ) ) ;
#234 = CARTESIAN_POINT ( 'NONE',  ( -13.15214330072518933, 21.16307668733837488, 2.099999999999999645 ) ) ;
#235 = ORIENTED_EDGE ( 'NONE', *, *, #2852, .T. ) ;
#236 = CARTESIAN_POINT ( 'NONE',  ( 0.000000000000000000, 0.000000000000000000, 2.100000000000000089 ) ) ;
#237 = CARTESIAN_POINT ( 'NONE',  ( 24.88813961944796560, 1.197996060026732756, -2.000000000000000000 ) ) ;
#238 = CARTESIAN_POINT ( 'NONE',  ( -17.42017265760605227, 16.82633584436268848, 2.099999999999999645 ) ) ;
#239 = CARTESIAN_POINT ( 'NONE',  ( -23.34891248598833968, 15.11752229217972321, 2.099999999999999645 ) ) ;
#240 = CARTESIAN_POINT ( 'NONE',  ( 9.673488752447900296, -22.40527988562695683, 2.100000000000000089 ) ) ;
#241 = CARTESIAN_POINT ( 'NONE',  ( 14.51573139705936022, 19.26027195864160291, -2.000000000000000000 ) ) ;
#242 = ADVANCED_FACE ( 'NONE', ( #6227 ), #5948, .F. ) ;
#243 = CARTESIAN_POINT ( 'NONE',  ( -16.59924240491749714, 14.84924240491749536, 2.100000000000001865 ) ) ;
#244 = CARTESIAN_POINT ( 'NONE',  ( 21.10401706161572122, -10.48531763796957073, -2.000000000000000000 ) ) ;
#245 = CARTESIAN_POINT ( 'NONE',  ( -5.995909907728622201, 27.35048520292562202, 2.099999999999999645 ) ) ;
#246 = CARTESIAN_POINT ( 'NONE',  ( 13.09924240491749714, 14.84924240491749714, -3.599999999999998757 ) ) ;
#247 = CARTESIAN_POINT ( 'NONE',  ( -20.99999999999999289, -3.903127820947815962E-15, 2.100000000000001865 ) ) ;
#248 = CARTESIAN_POINT ( 'NONE',  ( 0.8222171190861049528, -27.80350973416697613, 2.100000000000000089 ) ) ;
#249 = CARTESIAN_POINT ( 'NONE',  ( -5.183190230475042348, -26.33878392258043277, 2.100000000000000089 ) ) ;
#250 = CARTESIAN_POINT ( 'NONE',  ( 8.512968716744131470, 21.89757064776836870, -2.000000000000000000 ) ) ;
#251 = CARTESIAN_POINT ( 'NONE',  ( 4.082273444348664349, 24.25428063893853547, -2.000000000000000000 ) ) ;
#252 = CARTESIAN_POINT ( 'NONE',  ( 19.42345833902674812, -15.60717637591974238, 2.099999999999999645 ) ) ;
#253 = CARTESIAN_POINT ( 'NONE',  ( 27.19385050686429395, -4.276646238565366076, -2.000000000000000000 ) ) ;
#254 = CARTESIAN_POINT ( 'NONE',  ( 2.638449045045050845, 23.34550970278807114, -2.000000000000000000 ) ) ;
#255 = ORIENTED_EDGE ( 'NONE', *, *, #2010, .F. ) ;
#256 = CARTESIAN_POINT ( 'NONE',  ( -7.657608382361889454, -22.56335699501521219, -2.000000000000000000 ) ) ;
#257 = CARTESIAN_POINT ( 'NONE',  ( 4.082273444348686553, -24.25428063893853192, -2.000000000000000000 ) ) ;
#258 = CARTESIAN_POINT ( 'NONE',  ( 24.09676835437406339, -1.005131229266920112, 2.099999999999999645 ) ) ;
#259 = FACE_OUTER_BOUND ( 'NONE', #5945, .T. ) ;
#260 = CARTESIAN_POINT ( 'NONE',  ( -19.55560045884524811, -15.67357176803118790, 2.099999999999999645 ) ) ;
#261 = CARTESIAN_POINT ( 'NONE',  ( -17.25657676350752823, 16.16318976602638813, 2.100000000000000089 ) ) ;
#262 = CARTESIAN_POINT ( 'NONE',  ( -17.51894836647306875, -21.23397411160631876, 2.100000000000000089 ) ) ;
#263 = ORIENTED_EDGE ( 'NONE', *, *, #1460, .T. ) ;
#264 = VECTOR ( 'NONE', #5703, 1000.000000000000000 ) ;
#265 = CARTESIAN_POINT ( 'NONE',  ( -21.23211141880577912, -10.40363348579838565, 2.099999999999999645 ) ) ;
#266 = EDGE_CURVE ( 'NONE', #4252, #3700, #3498, .T. ) ;
#267 = CARTESIAN_POINT ( 'NONE',  ( 17.12241726305228084, -21.05518411798320955, -2.000000000000000000 ) ) ;
#268 = CARTESIAN_POINT ( 'NONE',  ( -23.40793038981979635, 6.902300070437893176, -2.000000000000000000 ) ) ;
#269 = CARTESIAN_POINT ( 'NONE',  ( -26.46517536639175106, 4.493494443281853101, -2.000000000000000000 ) ) ;
#270 = CARTESIAN_POINT ( 'NONE',  ( 27.69932686549417866, 4.092342562581389842, -2.000000000000000000 ) ) ;
#271 = CARTESIAN_POINT ( 'NONE',  ( -13.15214330072518933, 21.16307668733837488, 2.100000000000000089 ) ) ;
#272 = CARTESIAN_POINT ( 'NONE',  ( 26.00281877978270373, 1.590510388571583889, -2.000000000000000000 ) ) ;
#273 = CARTESIAN_POINT ( 'NONE',  ( -12.86131782747430208, 20.40223119301177235, -2.000000000000000000 ) ) ;
#274 = EDGE_LOOP ( 'NONE', ( #7113, #2521 ) ) ;
#275 = CARTESIAN_POINT ( 'NONE',  ( 23.42764417793268095, -4.840656286569377187, -2.000000000000000000 ) ) ;
#276 = DIRECTION ( 'NONE',  ( 0.000000000000000000, -0.000000000000000000, -1.000000000000000000 ) ) ;
#277 = CARTESIAN_POINT ( 'NONE',  ( 12.36707919775609277, 25.12081464776632700, -2.000000000000000000 ) ) ;
#278 = CARTESIAN_POINT ( 'NONE',  ( -18.70321540207056898, 15.22676155773647544, 2.099999999999999645 ) ) ;
#279 = DIRECTION ( 'NONE',  ( 0.000000000000000000, 0.000000000000000000, -1.000000000000000000 ) ) ;
#280 = CARTESIAN_POINT ( 'NONE',  ( 7.612592773523897627, -22.78073832991432823, 2.100000000000000089 ) ) ;
#281 = CIRCLE ( 'NONE', #7911, 1.750000000000003331 ) ;
#282 = CARTESIAN_POINT ( 'NONE',  ( 14.88619985382989519, 19.57897187542435447, -2.000000000000000000 ) ) ;
#283 = ORIENTED_EDGE ( 'NONE', *, *, #3494, .F. ) ;
#284 = CARTESIAN_POINT ( 'NONE',  ( 24.02931632081061863, 10.69009516955078354, -2.000000000000000000 ) ) ;
#285 = CARTESIAN_POINT ( 'NONE',  ( 23.51784779677759474, -10.65556037457646177, -2.000000000000000000 ) ) ;
#286 = AXIS2_PLACEMENT_3D ( 'NONE', #878, #7608, #2062 ) ;
#287 = CARTESIAN_POINT ( 'NONE',  ( -4.852431640496140730, 25.84840584550508069, -2.000000000000000000 ) ) ;
#288 = DIRECTION ( 'NONE',  ( 0.000000000000000000, 0.000000000000000000, -1.000000000000000000 ) ) ;
#289 = CARTESIAN_POINT ( 'NONE',  ( 13.64180598451630289, 23.91017226872975598, -2.000000000000000000 ) ) ;
#290 = CARTESIAN_POINT ( 'NONE',  ( -8.686322604036286421, 21.85205998608587308, -2.000000000000000000 ) ) ;
#291 = DIRECTION ( 'NONE',  ( -0.000000000000000000, -0.000000000000000000, -1.000000000000000000 ) ) ;
#292 = CARTESIAN_POINT ( 'NONE',  ( -18.00520414013333692, -17.66596715945037843, -2.000000000000000000 ) ) ;
#293 = CARTESIAN_POINT ( 'NONE',  ( -27.87379644711759497, -2.655456283891207470, -2.000000000000000000 ) ) ;
#294 = CARTESIAN_POINT ( 'NONE',  ( 19.70744990308224587, -15.74452889495767849, -2.000000000000000000 ) ) ;
#295 = CARTESIAN_POINT ( 'NONE',  ( 7.745447077757181553, -24.40400991946479792, -2.000000000000000000 ) ) ;
#296 = VECTOR ( 'NONE', #7889, 1000.000000000000000 ) ;
#297 = VERTEX_POINT ( 'NONE', #7516 ) ;
#298 = CARTESIAN_POINT ( 'NONE',  ( -8.512968716744129694, -21.89757064776837581, -2.000000000000000000 ) ) ;
#299 = CARTESIAN_POINT ( 'NONE',  ( 4.082273444348686553, -24.25428063893853192, 2.099999999999999645 ) ) ;
#300 = CARTESIAN_POINT ( 'NONE',  ( 25.77590585922884259, -1.494258687380733974, 2.099999999999999645 ) ) ;
#301 = CARTESIAN_POINT ( 'NONE',  ( -11.58603556222320030, -24.54102139527088156, -2.000000000000000000 ) ) ;
#302 = CARTESIAN_POINT ( 'NONE',  ( -23.49332454121249825, -0.1947784575707349475, -2.000000000000000000 ) ) ;
#303 = CARTESIAN_POINT ( 'NONE',  ( -7.401289683397486385, 27.00409019895743157, 2.100000000000000089 ) ) ;
#304 = CARTESIAN_POINT ( 'NONE',  ( -13.41263264250316922, -22.06199033373687257, 2.100000000000000089 ) ) ;
#305 = ORIENTED_EDGE ( 'NONE', *, *, #4970, .T. ) ;
#306 = AXIS2_PLACEMENT_3D ( 'NONE', #1691, #4733, #2036 ) ;
#307 = CARTESIAN_POINT ( 'NONE',  ( -22.90269961712299462, -10.57072003481731137, -2.000000000000000000 ) ) ;
#308 = LINE ( 'NONE', #4794, #2629 ) ;
#309 = CARTESIAN_POINT ( 'NONE',  ( -15.36687483434010204, -20.00332296475709271, -2.000000000000000000 ) ) ;
#310 = CARTESIAN_POINT ( 'NONE',  ( -25.62785817443976910, 4.678588802317960926, -2.000000000000000000 ) ) ;
#311 = CARTESIAN_POINT ( 'NONE',  ( -17.25237999601838013, 16.29857992973628811, -2.000000000000000000 ) ) ;
#312 = CARTESIAN_POINT ( 'NONE',  ( 13.64872344093926770, -24.44815585854601991, -2.000000000000000000 ) ) ;
#313 = CARTESIAN_POINT ( 'NONE',  ( 22.75000000000000711, 2.816398403815997151E-15, -3.599999999999998757 ) ) ;
#314 = CARTESIAN_POINT ( 'NONE',  ( 23.63491054742290132, 0.6550942090464551004, -2.000000000000000000 ) ) ;
#315 = ORIENTED_EDGE ( 'NONE', *, *, #1362, .T. ) ;
#316 = CARTESIAN_POINT ( 'NONE',  ( 22.76403769146249090, -5.811439118492621958, 2.099999999999999645 ) ) ;
#317 = ADVANCED_FACE ( 'NONE', ( #1892 ), #1285, .F. ) ;
#318 = CARTESIAN_POINT ( 'NONE',  ( -7.601435196559572560, -26.05218098595103626, 2.099999999999999645 ) ) ;
#319 = CARTESIAN_POINT ( 'NONE',  ( -17.32735312033766562, 16.63359376186218341, 2.099999999999999645 ) ) ;
#320 = CARTESIAN_POINT ( 'NONE',  ( -20.94077984017083338, 12.16847291378769391, -2.000000000000000000 ) ) ;
#321 = CARTESIAN_POINT ( 'NONE',  ( 9.121658707306940173, 21.91081161619598916, -2.000000000000000000 ) ) ;
#322 = CARTESIAN_POINT ( 'NONE',  ( 7.741715957670631809, -24.19699765967529004, 2.100000000000000089 ) ) ;
#323 = CARTESIAN_POINT ( 'NONE',  ( 15.12400615833752049, 19.80199803049036333, 2.099999999999999645 ) ) ;
#324 = CARTESIAN_POINT ( 'NONE',  ( -26.16863607189504037, -4.567518758412578705, -2.000000000000000000 ) ) ;
#325 = CARTESIAN_POINT ( 'NONE',  ( -5.183190230475061000, 26.33878392258043277, 2.099999999999999645 ) ) ;
#326 = CARTESIAN_POINT ( 'NONE',  ( 22.81713236683327395, -5.623918026294829176, -2.000000000000000000 ) ) ;
#327 = CARTESIAN_POINT ( 'NONE',  ( -13.02793750094272696, 20.86163776548603366, -2.000000000000000000 ) ) ;
#328 = CARTESIAN_POINT ( 'NONE',  ( -11.92825694638518286, 24.80951218106821088, 2.099999999999999645 ) ) ;
#329 = CARTESIAN_POINT ( 'NONE',  ( -5.855490417633528288, 27.19235970815774550, 2.100000000000000089 ) ) ;
#330 = CARTESIAN_POINT ( 'NONE',  ( -20.28441937235456294, -15.97411852388380638, -2.000000000000000000 ) ) ;
#331 = CARTESIAN_POINT ( 'NONE',  ( -14.84924240491749892, 14.84924240491749536, -3.599999999999998757 ) ) ;
#332 = CARTESIAN_POINT ( 'NONE',  ( 7.688595528318264982, -23.56854007989867483, -2.000000000000000000 ) ) ;
#333 = ORIENTED_EDGE ( 'NONE', *, *, #582, .F. ) ;
#334 = CARTESIAN_POINT ( 'NONE',  ( -8.686322604036277539, -21.85205998608588374, -2.000000000000000000 ) ) ;
#335 = CARTESIAN_POINT ( 'NONE',  ( 22.78920619399659131, -14.18622855212691469, 2.100000000000000089 ) ) ;
#336 = CARTESIAN_POINT ( 'NONE',  ( 24.37956700134304810, -1.099847363974308267, 2.099999999999999645 ) ) ;
#337 = CARTESIAN_POINT ( 'NONE',  ( 13.64872344093925527, 24.44815585854593820, 2.100000000000000089 ) ) ;
#338 = CARTESIAN_POINT ( 'NONE',  ( -23.72154950710864441, -0.7592181733933821564, -2.000000000000000000 ) ) ;
#339 = CARTESIAN_POINT ( 'NONE',  ( -18.12539239010960657, 15.18249965295455794, 2.100000000000000089 ) ) ;
#340 = CARTESIAN_POINT ( 'NONE',  ( -1.840779285638403318, -24.52644730507024562, 2.099999999999999645 ) ) ;
#341 = VERTEX_POINT ( 'NONE', #5653 ) ;
#342 = CARTESIAN_POINT ( 'NONE',  ( -24.02931632081062574, -10.69009516955077110, 2.099999999999999645 ) ) ;
#343 = CARTESIAN_POINT ( 'NONE',  ( 13.61524630358647414, -23.47600944080825869, -2.000000000000000000 ) ) ;
#344 = CARTESIAN_POINT ( 'NONE',  ( -13.10549974122802652, -21.04367979295773949, -2.000000000000000000 ) ) ;
#345 = CARTESIAN_POINT ( 'NONE',  ( 10.13323285654343664, 23.09959661296539224, 2.100000000000000089 ) ) ;
#346 = CARTESIAN_POINT ( 'NONE',  ( 22.82097940566847427, 5.624866236205954273, -2.000000000000000000 ) ) ;
#347 = CARTESIAN_POINT ( 'NONE',  ( -17.37016481680592861, 16.73146461459391787, -2.000000000000000000 ) ) ;
#348 = CARTESIAN_POINT ( 'NONE',  ( 17.32735312033766206, -16.63359376186218697, 2.100000000000000089 ) ) ;
#349 = EDGE_CURVE ( 'NONE', #7704, #3911, #3103, .T. ) ;
#350 = CARTESIAN_POINT ( 'NONE',  ( -15.87213422487472947, 20.36431896814133680, 2.100000000000000089 ) ) ;
#351 = CARTESIAN_POINT ( 'NONE',  ( 24.19711102278062143, 1.042982032116798852, -2.000000000000000000 ) ) ;
#352 = CARTESIAN_POINT ( 'NONE',  ( -13.58617081224543988, 23.15195374360797942, -2.000000000000000000 ) ) ;
#353 = VERTEX_POINT ( 'NONE', #5471 ) ;
#354 = B_SPLINE_CURVE_WITH_KNOTS ( 'NONE', 3,
 ( #2388, #7400, #544, #1773, #4173, #1248, #4247, #7360, #2347, #2430, #1809, #7287, #3715, #6829, #1332, #6221, #5126, #6184, #3272, #3801, #7566, #4363, #5620, #7607, #755, #2061, #4446, #2633, #7522, #5090, #3228, #5739, #6956, #193, #5658, #3884, #3191, #5048, #2022, #6916, #6263, #1372, #32, #1979, #3154, #2516, #7481, #4523, #5574, #3104, #151, #4485, #5697, #714, #674 ),
 .UNSPECIFIED., .F., .F.,
 ( 4, 1, 1, 1, 1, 1, 1, 1, 1, 1, 1, 1, 1, 1, 1, 1, 1, 1, 1, 1, 1, 1, 1, 1, 1, 1, 1, 1, 1, 1, 1, 1, 1, 1, 1, 1, 1, 1, 1, 1, 1, 1, 1, 1, 1, 1, 1, 1, 1, 1, 1, 1, 4 ),
 ( 0.01037070964479166850, 0.06767854499841075011, 0.09884629602760430789, 0.1282330327458526265, 0.1558387551553858108, 0.1816634632588949305, 0.2057071570596704646, 0.2279698365617907063, 0.2484515017704002071, 0.2671521526921107892, 0.2840717893356240475, 0.2992104117127127871, 0.3125680198398574916, 0.3241446137411457817, 0.3339401934538051009, 0.3662021699428081867, 0.3760430630535980256, 0.3856763336118157470, 0.3952492422856400678, 0.4049624801021076692, 0.4150869914083017420, 0.4259748013331248195, 0.4380386266454290856, 0.4516469595390834035, 0.4668849008038628012, 0.4803437228220500677, 0.5000000000000002220, 0.5196562771779504875, 0.5331150991961376429, 0.5483530404609170406, 0.5619613733545713030, 0.5740251986668756246, 0.5849130085916987021, 0.5950375198978927749, 0.6047507577143603763, 0.6143236663881848081, 0.6239569369464024184, 0.6337978300571922574, 0.6660598065461953432, 0.6758553862588546624, 0.6874319801601429525, 0.7007895882872876570, 0.7159282106643762855, 0.7328478473078895439, 0.7515484982296001260, 0.7720301634382096267, 0.7942928429403297574, 0.8183365367411052915, 0.8441612448446143002, 0.8717669672541474846, 0.9011537039723958031, 0.9323214550015893609, 0.9896292903552004194 ),
 .UNSPECIFIED. ) ;
#355 = CARTESIAN_POINT ( 'NONE',  ( 24.76692767734245137, -4.782579349257312984, -2.000000000000000000 ) ) ;
#356 = CARTESIAN_POINT ( 'NONE',  ( 0.000000000000000000, 0.000000000000000000, 2.100000000000000089 ) ) ;
#357 = CARTESIAN_POINT ( 'NONE',  ( -25.19179192507393239, -1.283507464112910057, -2.000000000000000000 ) ) ;
#358 = CYLINDRICAL_SURFACE ( 'NONE', #5601, 27.99999957948218920 ) ;
#359 = CARTESIAN_POINT ( 'NONE',  ( 10.53741832910564824, 23.57101921525815058, -2.000000000000000000 ) ) ;
#360 = CARTESIAN_POINT ( 'NONE',  ( 7.720532692246934836, -23.84272921084243890, 2.100000000000000089 ) ) ;
#361 = CARTESIAN_POINT ( 'NONE',  ( 12.85055170543023628, 19.95373759773043787, 2.099999999999999645 ) ) ;
#362 = CARTESIAN_POINT ( 'NONE',  ( -27.69932686560991542, -4.092342562537322870, -2.000000000000000000 ) ) ;
#363 = CARTESIAN_POINT ( 'NONE',  ( -4.852431640496140730, 25.84840584550508069, 2.099999999999999645 ) ) ;
#364 = FACE_OUTER_BOUND ( 'NONE', #7229, .T. ) ;
#365 = CARTESIAN_POINT ( 'NONE',  ( -16.30896799194540137, 20.63258928533522152, -2.000000000000000000 ) ) ;
#366 = CARTESIAN_POINT ( 'NONE',  ( -10.03175227225610655, 22.96619924196638252, -2.000000000000000000 ) ) ;
#367 = CARTESIAN_POINT ( 'NONE',  ( -5.376315588043460991, 26.60062371204863041, 2.100000000000000089 ) ) ;
#368 = CARTESIAN_POINT ( 'NONE',  ( 11.58603556222320030, 24.54102139527087800, -2.000000000000000000 ) ) ;
#369 = CARTESIAN_POINT ( 'NONE',  ( 19.25000000000000355, 2.602085213965210642E-15, 2.100000000000001865 ) ) ;
#370 = CARTESIAN_POINT ( 'NONE',  ( 9.768079280210450577, -22.57254334279472729, -2.000000000000000000 ) ) ;
#371 = CARTESIAN_POINT ( 'NONE',  ( -25.07504586300961336, -7.932732980984162907, 2.100000000000000089 ) ) ;
#372 = CARTESIAN_POINT ( 'NONE',  ( -9.673488752447893191, -22.40527988562696748, 2.099999999999999645 ) ) ;
#373 = PRODUCT_DEFINITION_CONTEXT ( 'detailed design', #1602, 'design' ) ;
#374 = CARTESIAN_POINT ( 'NONE',  ( 4.713207230075936671, -25.62151411210379948, 2.099999999999999645 ) ) ;
#375 = CARTESIAN_POINT ( 'NONE',  ( -7.865059710290380757, -22.21401039568610969, -2.000000000000000000 ) ) ;
#376 = CARTESIAN_POINT ( 'NONE',  ( -26.00281877978270373, -1.590510388571586997, 2.099999999999999645 ) ) ;
#377 = CARTESIAN_POINT ( 'NONE',  ( 24.45163473737931881, -4.792937194118069399, 2.100000000000000089 ) ) ;
#378 = DIRECTION ( 'NONE',  ( -1.000000000000000000, 0.000000000000000000, 0.000000000000000000 ) ) ;
#379 = ORIENTED_EDGE ( 'NONE', *, *, #2043, .F. ) ;
#380 = CARTESIAN_POINT ( 'NONE',  ( -20.62323650117463458, -11.56374771533980272, 2.099999999999999645 ) ) ;
#381 = CARTESIAN_POINT ( 'NONE',  ( 13.36064030761172639, -21.84126693107096173, -2.000000000000000000 ) ) ;
#382 = CARTESIAN_POINT ( 'NONE',  ( -13.81390900009209233, -19.09181343516791074, -2.000000000000000000 ) ) ;
#383 = CARTESIAN_POINT ( 'NONE',  ( -23.00007343659231651, 5.130111501463086476, -2.000000000000000000 ) ) ;
#384 = CARTESIAN_POINT ( 'NONE',  ( 23.93435179486865749, 4.766524473500989956, -2.000000000000000000 ) ) ;
#385 = FACE_OUTER_BOUND ( 'NONE', #1109, .T. ) ;
#386 = CARTESIAN_POINT ( 'NONE',  ( 18.38167992440537901, -15.16106487615012455, 2.100000000000000089 ) ) ;
#387 = CARTESIAN_POINT ( 'NONE',  ( -13.64180598451631177, 23.91017226872972046, 2.100000000000000089 ) ) ;
#388 = CARTESIAN_POINT ( 'NONE',  ( 12.86131782747430208, -20.40223119301177235, 2.100000000000000089 ) ) ;
#389 = VERTEX_POINT ( 'NONE', #3659 ) ;
#390 = CARTESIAN_POINT ( 'NONE',  ( 23.10489730742584413, -5.020145956116670583, 2.099999999999999645 ) ) ;
#391 = CARTESIAN_POINT ( 'NONE',  ( 27.05471844848150909, -2.130765319231056942, -2.000000000000000000 ) ) ;
#392 = DIRECTION ( 'NONE',  ( -0.000000000000000000, -0.000000000000000000, -1.000000000000000000 ) ) ;
#393 = CARTESIAN_POINT ( 'NONE',  ( 10.25081980592598541, 23.24542008693366313, -2.000000000000000000 ) ) ;
#394 = CARTESIAN_POINT ( 'NONE',  ( 7.745447077757181553, -24.40400991946479792, 2.100000000000000089 ) ) ;
#395 = CARTESIAN_POINT ( 'NONE',  ( 12.88702750944970887, 19.82328597831587658, 2.099999999999999645 ) ) ;
#396 = CARTESIAN_POINT ( 'NONE',  ( 18.30266578660392796, 18.21105589998884611, -2.000000000000000000 ) ) ;
#397 = CARTESIAN_POINT ( 'NONE',  ( -5.376315588043460991, 26.60062371204863041, 2.099999999999999645 ) ) ;
#398 = CARTESIAN_POINT ( 'NONE',  ( 25.77590585922884614, 1.494258687380734196, 2.100000000000000089 ) ) ;
#399 = CARTESIAN_POINT ( 'NONE',  ( -12.94401591853666211, 20.68877481383771411, -2.000000000000000000 ) ) ;
#400 = CARTESIAN_POINT ( 'NONE',  ( -11.58603556222320563, 24.54102139527086379, -2.000000000000000000 ) ) ;
#401 = VECTOR ( 'NONE', #5711, 1000.000000000000000 ) ;
#402 = CARTESIAN_POINT ( 'NONE',  ( -1.474499619732464684, 26.25856105065617641, 2.100000000000000089 ) ) ;
#403 = CARTESIAN_POINT ( 'NONE',  ( -18.09985454995500831, -17.82762258356555307, -2.000000000000000000 ) ) ;
#404 = DIRECTION ( 'NONE',  ( 0.000000000000000000, 0.000000000000000000, -1.000000000000000000 ) ) ;
#405 = DIRECTION ( 'NONE',  ( 0.000000000000000000, 0.000000000000000000, -1.000000000000000000 ) ) ;
#406 = EDGE_CURVE ( 'NONE', #5804, #6699, #2338, .T. ) ;
#407 = CARTESIAN_POINT ( 'NONE',  ( -7.657608382361889454, -22.56335699501521219, 2.100000000000000089 ) ) ;
#408 = CARTESIAN_POINT ( 'NONE',  ( 21.70974829699418507, -12.84369887095659557, 2.100000000000000089 ) ) ;
#409 = CARTESIAN_POINT ( 'NONE',  ( 27.87379644721942284, -2.655456283961666664, 2.099999999999999645 ) ) ;
#410 = CARTESIAN_POINT ( 'NONE',  ( -10.25081980592598363, -23.24542008693366668, -2.000000000000000000 ) ) ;
#411 = CIRCLE ( 'NONE', #4050, 27.99999957948219276 ) ;
#412 = CARTESIAN_POINT ( 'NONE',  ( -23.50396181942852891, -2.270536500527282371E-15, 2.099999999999999645 ) ) ;
#413 = CARTESIAN_POINT ( 'NONE',  ( 26.42834229636209642, -9.248929663334747531, 2.100000000000000089 ) ) ;
#414 = CARTESIAN_POINT ( 'NONE',  ( -1.824858090210262906, -24.72368248555340031, -2.000000000000000000 ) ) ;
#415 = VERTEX_POINT ( 'NONE', #4348 ) ;
#416 = CARTESIAN_POINT ( 'NONE',  ( -23.29246673278348823, -10.63055238855665330, -2.000000000000000000 ) ) ;
#417 = VECTOR ( 'NONE', #5290, 1000.000000000000000 ) ;
#418 = CARTESIAN_POINT ( 'NONE',  ( 13.30747633062666146, -21.64116298680352202, -2.000000000000000000 ) ) ;
#419 = CARTESIAN_POINT ( 'NONE',  ( -13.04949915500204760, -19.56208827861912525, 2.099999999999999645 ) ) ;
#420 = CARTESIAN_POINT ( 'NONE',  ( -24.00794390784557564, 7.190340088712994238, -2.000000000000000000 ) ) ;
#421 = CARTESIAN_POINT ( 'NONE',  ( 23.10489730742583703, 5.020145956116689234, 2.099999999999999645 ) ) ;
#422 = CARTESIAN_POINT ( 'NONE',  ( 18.60089775827983871, -15.19605903441927630, -2.000000000000000000 ) ) ;
#423 = CARTESIAN_POINT ( 'NONE',  ( 17.83462167525290099, -17.40060223031303011, 2.100000000000000089 ) ) ;
#424 = CARTESIAN_POINT ( 'NONE',  ( -13.61524630358647414, 23.47600944080825869, 2.100000000000000089 ) ) ;
#425 = CARTESIAN_POINT ( 'NONE',  ( -13.55023046621763783, 22.84843530275376011, -2.000000000000000000 ) ) ;
#426 = ORIENTED_EDGE ( 'NONE', *, *, #5063, .F. ) ;
#427 = CARTESIAN_POINT ( 'NONE',  ( 22.73975435582775972, -5.989014764842361060, 2.099999999999999645 ) ) ;
#428 = CARTESIAN_POINT ( 'NONE',  ( 24.94597949059291864, 10.68625558496338535, -2.000000000000000000 ) ) ;
#429 = CARTESIAN_POINT ( 'NONE',  ( 25.77590585922884259, -1.494258687380733974, -2.000000000000000000 ) ) ;
#430 = CARTESIAN_POINT ( 'NONE',  ( 10.89735721165042293, 23.93603524774558622, -2.000000000000000000 ) ) ;
#431 = CARTESIAN_POINT ( 'NONE',  ( 18.25928954266904469, 15.16201400375275199, -2.000000000000000000 ) ) ;
#432 = CARTESIAN_POINT ( 'NONE',  ( 17.25657676350752823, -16.16318976602639168, -2.000000000000000000 ) ) ;
#433 = CARTESIAN_POINT ( 'NONE',  ( 0.000000000000000000, 0.000000000000000000, 2.100000000000000089 ) ) ;
#434 = ORIENTED_EDGE ( 'NONE', *, *, #406, .F. ) ;
#435 = CARTESIAN_POINT ( 'NONE',  ( 18.73200657000871416, 19.22781655172589055, 2.099999999999999645 ) ) ;
#436 = CARTESIAN_POINT ( 'NONE',  ( -1.881261915648305694, 24.14640443156747196, -2.000000000000000000 ) ) ;
#437 = CARTESIAN_POINT ( 'NONE',  ( 24.00794390784557208, 7.190340088713026212, -2.000000000000000000 ) ) ;
#438 = CARTESIAN_POINT ( 'NONE',  ( 13.18542992737235409, 19.44527382878997912, -2.000000000000000000 ) ) ;
#439 = CARTESIAN_POINT ( 'NONE',  ( 22.27987727495455061, -10.41835660743990211, 2.100000000000000089 ) ) ;
#440 = CARTESIAN_POINT ( 'NONE',  ( -23.24438501506255506, -6.803422568062742037, -2.000000000000000000 ) ) ;
#441 = CARTESIAN_POINT ( 'NONE',  ( -19.10294300318479088, -20.47138356506643575, -2.000000000000000000 ) ) ;
#442 = CARTESIAN_POINT ( 'NONE',  ( 9.555618961847068604, -22.25484530667600325, -2.000000000000000000 ) ) ;
#443 = CARTESIAN_POINT ( 'NONE',  ( -7.601435196559572560, -26.05218098595103626, 2.100000000000000089 ) ) ;
#444 = B_SPLINE_SURFACE_WITH_KNOTS ( 'NONE', 3, 1, ( 
 ( #7602, #3267 ),
 ( #2554, #835 ),
 ( #2590, #4360 ),
 ( #4400, #1405 ),
 ( #4441, #3304 ),
 ( #3150, #6867 ),
 ( #3837, #71 ),
 ( #5086, #6378 ),
 ( #6912, #4518 ),
 ( #6995, #6295 ),
 ( #5007, #3225 ),
 ( #2628, #6334 ),
 ( #3920, #1328 ),
 ( #225, #6825 ),
 ( #1286, #3752 ),
 ( #6218, #669 ),
 ( #3797, #711 ),
 ( #3188, #2863 ),
 ( #1030, #4119 ),
 ( #2094, #2790 ),
 ( #3467, #7763 ),
 ( #7040, #1609 ),
 ( #3961, #7800 ),
 ( #873, #380 ),
 ( #6499, #3426 ),
 ( #1644, #7685 ),
 ( #4635, #5245 ),
 ( #7154, #2257 ),
 ( #2140, #6420 ),
 ( #1489, #3343 ),
 ( #912, #4599 ),
 ( #3505, #265 ),
 ( #7078, #5935 ),
 ( #1527, #5815 ),
 ( #4001, #2748 ),
 ( #5324, #5204 ),
 ( #5972, #4081 ),
 ( #2826, #995 ),
 ( #5901, #6458 ),
 ( #7194, #6575 ),
 ( #4721, #1565 ),
 ( #6539, #3384 ),
 ( #5280, #5858 ),
 ( #307, #7723 ),
 ( #2179, #7114 ),
 ( #416, #2904 ),
 ( #2217, #5363 ),
 ( #4038, #956 ),
 ( #4559, #342 ),
 ( #4677, #4871 ),
 ( #526, #6733 ),
 ( #7913, #5432 ),
 ( #2977, #3581 ),
 ( #3015, #5474 ),
 ( #1795, #452 ) ),
 .UNSPECIFIED., .F., .F., .F.,
 ( 4, 1, 1, 1, 1, 1, 1, 1, 1, 1, 1, 1, 1, 1, 1, 1, 1, 1, 1, 1, 1, 1, 1, 1, 1, 1, 1, 1, 1, 1, 1, 1, 1, 1, 1, 1, 1, 1, 1, 1, 1, 1, 1, 1, 1, 1, 1, 1, 1, 1, 1, 1, 4 ),
 ( 2, 2 ),
 ( 0.01037070963360204462, 0.06767854499841075011, 0.09884629602760430789, 0.1282330327458526265, 0.1558387551553858108, 0.1816634632588949305, 0.2057071570596704646, 0.2279698365617907063, 0.2484515017704002071, 0.2671521526921107892, 0.2840717893356240475, 0.2992104117127127871, 0.3125680198398574916, 0.3241446137411457817, 0.3339401934538051009, 0.3662021699428081867, 0.3760430630535980256, 0.3856763336118157470, 0.3952492422856400678, 0.4049624801021076692, 0.4150869914083017420, 0.4259748013331248195, 0.4380386266454291411, 0.4516469595390834035, 0.4668849008038628012, 0.4803437228220500677, 0.5000000000000002220, 0.5196562771779504875, 0.5331150991961376429, 0.5483530404609170406, 0.5619613733545713030, 0.5740251986668756246, 0.5849130085916987021, 0.5950375198978927749, 0.6047507577143603763, 0.6143236663881848081, 0.6239569369464024184, 0.6337978300571922574, 0.6660598065461953432, 0.6758553862588546624, 0.6874319801601429525, 0.7007895882872876570, 0.7159282106643762855, 0.7328478473078895439, 0.7515484982296001260, 0.7720301634382096267, 0.7942928429403297574, 0.8183365367411052915, 0.8441612448446143002, 0.8717669672541474846, 0.9011537039723958031, 0.9323214550015893609, 0.9896292903664016816 ),
 ( 0.000000000000000000, 1.000000000000000000 ),
 .UNSPECIFIED. ) ;
#445 = CARTESIAN_POINT ( 'NONE',  ( 2.833089530561781366, -23.33259147460854166, 2.099999999999999645 ) ) ;
#446 = FACE_OUTER_BOUND ( 'NONE', #1078, .T. ) ;
#447 = CARTESIAN_POINT ( 'NONE',  ( -8.512968716744129694, -21.89757064776837581, -2.000000000000000000 ) ) ;
#448 = CARTESIAN_POINT ( 'NONE',  ( -23.55944914529948520, 0.5232380683118280640, 2.099999999999999645 ) ) ;
#449 = CARTESIAN_POINT ( 'NONE',  ( 25.88937528683163336, -4.628868634690435968, 2.100000000000000089 ) ) ;
#450 = CARTESIAN_POINT ( 'NONE',  ( -1.906741771391412099, -24.04223096406908411, 2.099999999999999645 ) ) ;
#451 = ORIENTED_EDGE ( 'NONE', *, *, #709, .F. ) ;
#452 = CARTESIAN_POINT ( 'NONE',  ( -25.91507308952768796, -10.60230933436160150, 2.099999999999999645 ) ) ;
#453 = CARTESIAN_POINT ( 'NONE',  ( 13.64897234010370219, -24.23668188081811792, -2.000000000000000000 ) ) ;
#454 = CARTESIAN_POINT ( 'NONE',  ( -14.21926140100350189, -19.11953582679382890, -2.000000000000000000 ) ) ;
#455 = CARTESIAN_POINT ( 'NONE',  ( -23.74358889077459267, 4.778072828450320664, 2.099999999999999645 ) ) ;
#456 = CARTESIAN_POINT ( 'NONE',  ( 23.32186741149923392, 4.882063647943462037, -2.000000000000000000 ) ) ;
#457 = CARTESIAN_POINT ( 'NONE',  ( 22.44798333931210976, 13.70307343545947454, 2.100000000000000089 ) ) ;
#458 = CARTESIAN_POINT ( 'NONE',  ( 17.28752988749540620, -16.01445386190351172, 2.100000000000000089 ) ) ;
#459 = CARTESIAN_POINT ( 'NONE',  ( 22.27987727495455061, -10.41835660743990211, -2.000000000000000000 ) ) ;
#460 = ORIENTED_EDGE ( 'NONE', *, *, #7003, .F. ) ;
#461 = CARTESIAN_POINT ( 'NONE',  ( 24.48402185937397491, -7.488679734998055615, 2.099999999999999645 ) ) ;
#462 = CARTESIAN_POINT ( 'NONE',  ( -23.29246673278348823, -10.63055238855665330, -2.000000000000000000 ) ) ;
#463 = CARTESIAN_POINT ( 'NONE',  ( 23.99982295939236465, 0.9602632500303802665, 2.099999999999999645 ) ) ;
#464 = CARTESIAN_POINT ( 'NONE',  ( -24.19711102278062143, -1.042982032116801960, -2.000000000000000000 ) ) ;
#465 = CARTESIAN_POINT ( 'NONE',  ( 14.75432918952970596, -19.43920578531971799, -2.000000000000000000 ) ) ;
#466 = CARTESIAN_POINT ( 'NONE',  ( 19.42345833902674102, 15.60717637591975837, -2.000000000000000000 ) ) ;
#467 = CARTESIAN_POINT ( 'NONE',  ( 17.42017265760604516, -16.82633584436268848, -2.000000000000000000 ) ) ;
#468 = EDGE_LOOP ( 'NONE', ( #872, #590 ) ) ;
#469 = CARTESIAN_POINT ( 'NONE',  ( 22.28520553958149719, -13.49243943284463398, -2.000000000000000000 ) ) ;
#470 = CARTESIAN_POINT ( 'NONE',  ( -13.09924240491750069, 14.84924240491749536, -3.599999999999998757 ) ) ;
#471 = CARTESIAN_POINT ( 'NONE',  ( 23.76414829993700906, 7.060866680122717121, -2.000000000000000000 ) ) ;
#472 = CARTESIAN_POINT ( 'NONE',  ( 13.10549974122802475, 21.04367979295773949, -2.000000000000000000 ) ) ;
#473 = CARTESIAN_POINT ( 'NONE',  ( -18.40868586258353545, 18.43357243192680173, -2.000000000000000000 ) ) ;
#474 = CARTESIAN_POINT ( 'NONE',  ( -24.00794390784557564, -7.190340088713012889, -2.000000000000000000 ) ) ;
#475 = CARTESIAN_POINT ( 'NONE',  ( -7.715738321650229103, 25.14266413352902418, -2.000000000000000000 ) ) ;
#476 = CARTESIAN_POINT ( 'NONE',  ( -7.605017794998031100, -22.88729425358476988, 2.100000000000000089 ) ) ;
#477 = CARTESIAN_POINT ( 'NONE',  ( 1.840779285638411755, -24.52644730507024562, -2.000000000000000000 ) ) ;
#478 = DIRECTION ( 'NONE',  ( -0.000000000000000000, -0.000000000000000000, 1.000000000000000000 ) ) ;
#479 = CARTESIAN_POINT ( 'NONE',  ( 22.96554745452510815, -14.45965356729541718, -2.000000000000000000 ) ) ;
#480 = CARTESIAN_POINT ( 'NONE',  ( 22.75000000000000711, 2.816398403815997151E-15, 2.100000000000001865 ) ) ;
#481 = CARTESIAN_POINT ( 'NONE',  ( 0.8222171190860536605, 27.80350973416702942, -2.000000000000000000 ) ) ;
#482 = CARTESIAN_POINT ( 'NONE',  ( 25.07504586300960980, -7.932732980984151361, 2.100000000000000089 ) ) ;
#483 = CYLINDRICAL_SURFACE ( 'NONE', #1168, 1.749999999999999778 ) ;
#484 = CARTESIAN_POINT ( 'NONE',  ( -1.474499619732447142, -26.25856105065618351, -2.000000000000000000 ) ) ;
#485 = VERTEX_POINT ( 'NONE', #6169 ) ;
#486 = CARTESIAN_POINT ( 'NONE',  ( -17.83462167525289033, -17.40060223031303721, 2.100000000000000089 ) ) ;
#487 = CARTESIAN_POINT ( 'NONE',  ( 3.204373604290284394, -23.29585190159429686, -2.000000000000000000 ) ) ;
#488 = CARTESIAN_POINT ( 'NONE',  ( -1.555379675915617765, -26.00494379640384324, 2.100000000000000089 ) ) ;
#489 = CARTESIAN_POINT ( 'NONE',  ( -23.32186741149923392, 4.882063647943431839, 2.099999999999999645 ) ) ;
#490 = CARTESIAN_POINT ( 'NONE',  ( 25.88937528683162270, 4.628868634690457284, -2.000000000000000000 ) ) ;
#491 = CARTESIAN_POINT ( 'NONE',  ( 17.98147192499884639, -15.23115522593613136, -2.000000000000000000 ) ) ;
#492 = CARTESIAN_POINT ( 'NONE',  ( 19.10294300318477667, -20.47138356506634693, 2.100000000000000089 ) ) ;
#493 = CARTESIAN_POINT ( 'NONE',  ( 25.38017819848324308, -10.66028906994524306, 2.099999999999999645 ) ) ;
#494 = EDGE_LOOP ( 'NONE', ( #3597, #1862 ) ) ;
#495 = ADVANCED_FACE ( 'NONE', ( #1187 ), #6812, .F. ) ;
#496 = CARTESIAN_POINT ( 'NONE',  ( 26.42834229644420674, -9.248929663427656322, -2.000000000000000000 ) ) ;
#497 = CARTESIAN_POINT ( 'NONE',  ( -11.92825694635269151, 24.80951218104272016, -2.000000000000000000 ) ) ;
#498 = CARTESIAN_POINT ( 'NONE',  ( 26.24483786523219209, -1.701370919965213169, -2.000000000000000000 ) ) ;
#499 = CARTESIAN_POINT ( 'NONE',  ( 16.55868018414818010, -20.77185239767592151, -2.000000000000000000 ) ) ;
#500 = CARTESIAN_POINT ( 'NONE',  ( 9.768079280210443471, 22.57254334279472374, -2.000000000000000000 ) ) ;
#501 = CARTESIAN_POINT ( 'NONE',  ( 17.29220078062824939, 16.53076698689343615, -2.000000000000000000 ) ) ;
#502 = PLANE ( 'NONE',  #2894 ) ;
#503 = B_SPLINE_SURFACE_WITH_KNOTS ( 'NONE', 3, 1, ( 
 ( #6326, #6857 ),
 ( #7428, #3258 ),
 ( #6815, #3873 ),
 ( #1966, #6902 ),
 ( #5116, #3136 ),
 ( #101, #702 ),
 ( #4472, #5728 ),
 ( #5607, #1884 ),
 ( #3743, #6209 ),
 ( #4392, #62 ),
 ( #5685, #4512 ),
 ( #4998, #6251 ),
 ( #3180, #7468 ),
 ( #5646, #1924 ),
 ( #7509, #180 ),
 ( #6987, #1438 ),
 ( #5559, #4432 ),
 ( #782, #3215 ),
 ( #3913, #743 ),
 ( #137, #16 ),
 ( #2500, #4419 ),
 ( #3169, #90 ),
 ( #6315, #4341 ),
 ( #1307, #1913 ),
 ( #730, #6932 ),
 ( #1266, #3081 ),
 ( #6162, #601 ),
 ( #5595, #3732 ),
 ( #6890, #5714 ),
 ( #1875, #2532 ),
 ( #4380, #644 ),
 ( #3122, #4987 ),
 ( #5064, #7457 ),
 ( #5105, #5674 ),
 ( #7498, #126 ),
 ( #2571, #5547 ),
 ( #3859, #771 ),
 ( #1387, #6240 ),
 ( #7541, #1997 ),
 ( #4462, #2037 ),
 ( #3245, #5024 ),
 ( #6766, #5 ),
 ( #169, #1223 ),
 ( #3691, #2489 ),
 ( #6846, #3773 ),
 ( #691, #5635 ),
 ( #7018, #2122 ),
 ( #4581, #2727 ),
 ( #1425, #7621 ),
 ( #324, #933 ),
 ( #7060, #5303 ),
 ( #206, #6476 ),
 ( #5263, #4062 ),
 ( #4656, #1546 ),
 ( #362, #3900 ) ),
 .UNSPECIFIED., .F., .F., .F.,
 ( 4, 1, 1, 1, 1, 1, 1, 1, 1, 1, 1, 1, 1, 1, 1, 1, 1, 1, 1, 1, 1, 1, 1, 1, 1, 1, 1, 1, 1, 1, 1, 1, 1, 1, 1, 1, 1, 1, 1, 1, 1, 1, 1, 1, 1, 1, 1, 1, 1, 1, 1, 1, 4 ),
 ( 2, 2 ),
 ( 0.01037070963360204462, 0.06767854499841075011, 0.09884629602760430789, 0.1282330327458526265, 0.1558387551553858108, 0.1816634632588949305, 0.2057071570596704646, 0.2279698365617907063, 0.2484515017704002071, 0.2671521526921107892, 0.2840717893356240475, 0.2992104117127127871, 0.3125680198398574916, 0.3241446137411457817, 0.3339401934538051009, 0.3662021699428081867, 0.3760430630535980256, 0.3856763336118157470, 0.3952492422856400678, 0.4049624801021076692, 0.4150869914083017420, 0.4259748013331248195, 0.4380386266454291411, 0.4516469595390834035, 0.4668849008038628012, 0.4803437228220500677, 0.5000000000000002220, 0.5196562771779504875, 0.5331150991961376429, 0.5483530404609170406, 0.5619613733545713030, 0.5740251986668756246, 0.5849130085916987021, 0.5950375198978927749, 0.6047507577143603763, 0.6143236663881848081, 0.6239569369464024184, 0.6337978300571922574, 0.6660598065461953432, 0.6758553862588546624, 0.6874319801601429525, 0.7007895882872876570, 0.7159282106643762855, 0.7328478473078895439, 0.7515484982296001260, 0.7720301634382096267, 0.7942928429403297574, 0.8183365367411052915, 0.8441612448446143002, 0.8717669672541474846, 0.9011537039723958031, 0.9323214550015893609, 0.9896292903664016816 ),
 ( 0.000000000000000000, 1.000000000000000000 ),
 .UNSPECIFIED. ) ;
#504 = ORIENTED_EDGE ( 'NONE', *, *, #5138, .F. ) ;
#505 = ORIENTED_EDGE ( 'NONE', *, *, #2946, .T. ) ;
#506 = ADVANCED_BREP_SHAPE_REPRESENTATION ( 'base_gear_bigger', ( #1806, #5729 ), #1597 ) ;
#507 = DIRECTION ( 'NONE',  ( 1.000000000000000000, 0.000000000000000000, 0.000000000000000000 ) ) ;
#508 = CARTESIAN_POINT ( 'NONE',  ( -1.881261915648305694, 24.14640443156747196, 2.099999999999999645 ) ) ;
#509 = CARTESIAN_POINT ( 'NONE',  ( 25.56471904745757939, 1.411662356313488909, 2.100000000000000089 ) ) ;
#510 = CARTESIAN_POINT ( 'NONE',  ( 13.04949915500204582, 19.56208827861912880, -2.000000000000000000 ) ) ;
#511 = DIRECTION ( 'NONE',  ( 0.000000000000000000, 0.000000000000000000, 1.000000000000000000 ) ) ;
#512 = CARTESIAN_POINT ( 'NONE',  ( -23.00007343659231651, -5.130111501463104240, -2.000000000000000000 ) ) ;
#513 = CARTESIAN_POINT ( 'NONE',  ( -8.334619726030529918, 21.97658606862350439, 2.099999999999999645 ) ) ;
#514 = CARTESIAN_POINT ( 'NONE',  ( -10.25081980592598363, -23.24542008693366668, 2.099999999999999645 ) ) ;
#515 = AXIS2_PLACEMENT_3D ( 'NONE', #1860, #1293, #7484 ) ;
#516 = CARTESIAN_POINT ( 'NONE',  ( 1.824858090210271566, -24.72368248555339676, 2.099999999999999645 ) ) ;
#517 = DIRECTION ( 'NONE',  ( -0.000000000000000000, -0.000000000000000000, 1.000000000000000000 ) ) ;
#518 = CARTESIAN_POINT ( 'NONE',  ( 21.23055223844789197, 12.41767842381812414, 2.099999999999999645 ) ) ;
#519 = CARTESIAN_POINT ( 'NONE',  ( 17.82169893237839986, 21.35645667456328667, 2.100000000000000089 ) ) ;
#520 = FACE_BOUND ( 'NONE', #6814, .T. ) ;
#521 = CARTESIAN_POINT ( 'NONE',  ( 25.38450439115045754, -4.717739787684787522, 2.100000000000000089 ) ) ;
#522 = CARTESIAN_POINT ( 'NONE',  ( -3.902347153244143829, 23.79992060087550954, -2.000000000000000000 ) ) ;
#523 = CARTESIAN_POINT ( 'NONE',  ( -4.244076555440668308, -24.69959869036684452, 2.099999999999999645 ) ) ;
#524 = CIRCLE ( 'NONE', #6097, 27.99999957948218920 ) ;
#525 = ORIENTED_EDGE ( 'NONE', *, *, #7847, .F. ) ;
#526 = CARTESIAN_POINT ( 'NONE',  ( -24.62078186107713407, -10.69645268464871180, -2.000000000000000000 ) ) ;
#527 = AXIS2_PLACEMENT_3D ( 'NONE', #7490, #6837, #2030 ) ;
#528 = CARTESIAN_POINT ( 'NONE',  ( 3.499191490208542366, -23.38362255772746323, -2.000000000000000000 ) ) ;
#529 = AXIS2_PLACEMENT_3D ( 'NONE', #4636, #1566, #2827 ) ;
#530 = CARTESIAN_POINT ( 'NONE',  ( -15.51594276222061453, -20.11676867469219587, -2.000000000000000000 ) ) ;
#531 = CARTESIAN_POINT ( 'NONE',  ( -17.84651532293613840, -15.31230279367191649, -2.000000000000000000 ) ) ;
#532 = CARTESIAN_POINT ( 'NONE',  ( 18.49458355994169523, -15.17355739294053940, -2.000000000000000000 ) ) ;
#533 = CARTESIAN_POINT ( 'NONE',  ( -9.408316245588480342, 22.09971024729808065, 2.100000000000000089 ) ) ;
#534 = CARTESIAN_POINT ( 'NONE',  ( 23.51784779677759474, -10.65556037457646177, -2.000000000000000000 ) ) ;
#535 = ORIENTED_EDGE ( 'NONE', *, *, #2305, .T. ) ;
#536 = VECTOR ( 'NONE', #2262, 1000.000000000000000 ) ;
#537 = CARTESIAN_POINT ( 'NONE',  ( 25.07504586300960980, -7.932732980984151361, -2.000000000000000000 ) ) ;
#538 = DIRECTION ( 'NONE',  ( -0.3546048870425355659, -0.9350162426854149444, 0.000000000000000000 ) ) ;
#539 = CARTESIAN_POINT ( 'NONE',  ( -24.32345666766048353, 4.791663430616632802, -2.000000000000000000 ) ) ;
#540 = DIRECTION ( 'NONE',  ( -1.000000000000000000, 0.000000000000000000, 0.000000000000000000 ) ) ;
#541 = VECTOR ( 'NONE', #6504, 1000.000000000000000 ) ;
#542 = CARTESIAN_POINT ( 'NONE',  ( 26.42834229644416766, 9.248929663427649217, -2.000000000000000000 ) ) ;
#543 = EDGE_CURVE ( 'NONE', #910, #3524, #4403, .T. ) ;
#544 = CARTESIAN_POINT ( 'NONE',  ( -27.42711506945233424, -2.355539727225825164, 2.100000000000000089 ) ) ;
#545 = DIRECTION ( 'NONE',  ( 0.000000000000000000, 0.000000000000000000, -1.000000000000000000 ) ) ;
#546 = CARTESIAN_POINT ( 'NONE',  ( 18.30266578660394217, -18.21105589998883545, -2.000000000000000000 ) ) ;
#547 = PLANE ( 'NONE',  #6481 ) ;
#548 = CARTESIAN_POINT ( 'NONE',  ( -16.08024905276406713, 20.49638744246054856, -2.000000000000000000 ) ) ;
#549 = ORIENTED_EDGE ( 'NONE', *, *, #3787, .F. ) ;
#550 = ORIENTED_EDGE ( 'NONE', *, *, #3141, .F. ) ;
#551 = ADVANCED_FACE ( 'NONE', ( #2454 ), #483, .F. ) ;
#552 = CARTESIAN_POINT ( 'NONE',  ( 21.70974829699418507, -12.84369887095659557, -2.000000000000000000 ) ) ;
#553 = CARTESIAN_POINT ( 'NONE',  ( -1.762385718735306250, 25.16282512725968701, -2.000000000000000000 ) ) ;
#554 = CARTESIAN_POINT ( 'NONE',  ( 23.10489730742583703, 5.020145956116689234, -2.000000000000000000 ) ) ;
#555 = CARTESIAN_POINT ( 'NONE',  ( 3.612999446203277287, 23.45707906485273497, -2.000000000000000000 ) ) ;
#556 = CARTESIAN_POINT ( 'NONE',  ( 12.86131782747429497, 20.40223119301177945, -2.000000000000000000 ) ) ;
#557 = CARTESIAN_POINT ( 'NONE',  ( -18.30266578660394217, 18.21105589998883545, -2.000000000000000000 ) ) ;
#558 = CARTESIAN_POINT ( 'NONE',  ( -1.623578263684223977, 25.76808346599205279, 2.100000000000000089 ) ) ;
#559 = CARTESIAN_POINT ( 'NONE',  ( -7.656852614504657595, 23.37322600383986781, 2.099999999999999645 ) ) ;
#560 = CARTESIAN_POINT ( 'NONE',  ( 1.881261915648275496, 24.14640443156747196, 2.100000000000000089 ) ) ;
#561 = CARTESIAN_POINT ( 'NONE',  ( -12.19289813518887122, -25.00088857616467308, 2.099999999999999645 ) ) ;
#562 = CARTESIAN_POINT ( 'NONE',  ( 2.638449045045073493, -23.34550970278806759, 2.099999999999999645 ) ) ;
#563 = CARTESIAN_POINT ( 'NONE',  ( 11.33585971340118981, -24.33300811744742020, 2.099999999999999645 ) ) ;
#564 = CARTESIAN_POINT ( 'NONE',  ( 23.34891248598833968, -15.11752229217972676, -2.000000000000000000 ) ) ;
#565 = CARTESIAN_POINT ( 'NONE',  ( 14.51573139705936022, 19.26027195864160291, 2.100000000000000089 ) ) ;
#566 = CARTESIAN_POINT ( 'NONE',  ( -24.56950331401515442, 1.128978604501155836, 2.099999999999999645 ) ) ;
#567 = CARTESIAN_POINT ( 'NONE',  ( 22.09150218636105123, -16.42439464916632019, -2.000000000000000000 ) ) ;
#568 = CARTESIAN_POINT ( 'NONE',  ( -0.9676082089449496992, 27.51106945928314929, -2.000000000000000000 ) ) ;
#569 = CARTESIAN_POINT ( 'NONE',  ( -4.852431640496120302, -25.84840584550507359, -2.000000000000000000 ) ) ;
#570 = ORIENTED_EDGE ( 'NONE', *, *, #4378, .T. ) ;
#571 = DIRECTION ( 'NONE',  ( 0.000000000000000000, 0.000000000000000000, -1.000000000000000000 ) ) ;
#572 = CARTESIAN_POINT ( 'NONE',  ( 5.855490417633518518, -27.19235970815774550, -2.000000000000000000 ) ) ;
#573 = CARTESIAN_POINT ( 'NONE',  ( -1.881261915648288596, -24.14640443156746841, 2.100000000000000089 ) ) ;
#574 = CARTESIAN_POINT ( 'NONE',  ( -17.25237999601836236, -16.29857992973629521, 2.099999999999999645 ) ) ;
#575 = CARTESIAN_POINT ( 'NONE',  ( 17.45584392081711655, -15.72474958968642156, -2.000000000000000000 ) ) ;
#576 = CARTESIAN_POINT ( 'NONE',  ( -9.555618961847070381, 22.25484530667599614, 2.100000000000000089 ) ) ;
#577 = CARTESIAN_POINT ( 'NONE',  ( 22.27987727495455061, -10.41835660743990211, 2.099999999999999645 ) ) ;
#578 = ORIENTED_EDGE ( 'NONE', *, *, #865, .T. ) ;
#579 = CARTESIAN_POINT ( 'NONE',  ( 25.52197998938346757, -8.320188513921038975, 2.099999999999999645 ) ) ;
#580 = CARTESIAN_POINT ( 'NONE',  ( -9.121658707306945502, 21.91081161619597495, -2.000000000000000000 ) ) ;
#581 = CARTESIAN_POINT ( 'NONE',  ( -25.77590585922884259, 1.494258687380730644, -2.000000000000000000 ) ) ;
#582 = EDGE_CURVE ( 'NONE', #1676, #6189, #4868, .T. ) ;
#583 = CARTESIAN_POINT ( 'NONE',  ( 13.09924240491749714, 14.84924240491749714, 2.100000000000001865 ) ) ;
#584 = CARTESIAN_POINT ( 'NONE',  ( 20.77276083323510036, 16.13005223007173683, -2.000000000000000000 ) ) ;
#585 = CARTESIAN_POINT ( 'NONE',  ( 5.995909907646281845, 27.35048520283294593, 2.100000000000000089 ) ) ;
#586 = CARTESIAN_POINT ( 'NONE',  ( 0.000000000000000000, 0.000000000000000000, -2.000000000000000000 ) ) ;
#587 = CARTESIAN_POINT ( 'NONE',  ( 17.51894836651075593, 21.23397411162331139, -2.000000000000000000 ) ) ;
#588 = CARTESIAN_POINT ( 'NONE',  ( 23.90532429094090716, 0.9066066167179774871, 2.100000000000000089 ) ) ;
#589 = ORIENTED_EDGE ( 'NONE', *, *, #5454, .T. ) ;
#590 = ORIENTED_EDGE ( 'NONE', *, *, #4624, .T. ) ;
#591 = CARTESIAN_POINT ( 'NONE',  ( 18.97770164392053971, 15.34339570340775971, -2.000000000000000000 ) ) ;
#592 = CARTESIAN_POINT ( 'NONE',  ( -1.270707428516397952, 26.81384534371724016, 2.099999999999999645 ) ) ;
#593 = CARTESIAN_POINT ( 'NONE',  ( -22.73828148979404062, 10.53816474365922851, -2.000000000000000000 ) ) ;
#594 = CARTESIAN_POINT ( 'NONE',  ( 5.644338589985544274, 26.94321158145700679, -2.000000000000000000 ) ) ;
#595 = CARTESIAN_POINT ( 'NONE',  ( 13.96529143882090196, 19.07901412642182848, -2.000000000000000000 ) ) ;
#596 = CARTESIAN_POINT ( 'NONE',  ( -19.05257563433240975, 20.26599507132418410, -2.000000000000000000 ) ) ;
#597 = CARTESIAN_POINT ( 'NONE',  ( 7.452140385464001149, 26.79882083615299848, 2.099999999999999645 ) ) ;
#598 = CARTESIAN_POINT ( 'NONE',  ( -7.616738452866472109, 23.18530238615923977, -2.000000000000000000 ) ) ;
#599 = CARTESIAN_POINT ( 'NONE',  ( 3.705239350424536671, 23.53752846792088960, 2.100000000000000089 ) ) ;
#600 = CARTESIAN_POINT ( 'NONE',  ( 21.23055223844789197, 12.41767842381812414, -2.000000000000000000 ) ) ;
#601 = CARTESIAN_POINT ( 'NONE',  ( -22.76403769146248735, -5.811439118492631728, 2.099999999999999645 ) ) ;
#602 = CARTESIAN_POINT ( 'NONE',  ( 1.840779285638411755, -24.52644730507024562, 2.099999999999999645 ) ) ;
#603 = CARTESIAN_POINT ( 'NONE',  ( 9.673488752447900296, -22.40527988562695683, 2.099999999999999645 ) ) ;
#604 = CARTESIAN_POINT ( 'NONE',  ( 22.78920619399659131, -14.18622855212691469, 2.099999999999999645 ) ) ;
#605 = CARTESIAN_POINT ( 'NONE',  ( 16.82973023395796375, 20.91308632741410278, 2.100000000000000089 ) ) ;
#606 = CARTESIAN_POINT ( 'NONE',  ( -24.88813961944797271, 1.197996060026730092, 2.099999999999999645 ) ) ;
#607 = CARTESIAN_POINT ( 'NONE',  ( -3.846120836016032385, -23.70909028424117437, -2.000000000000000000 ) ) ;
#608 = CARTESIAN_POINT ( 'NONE',  ( -3.705239350424565981, 23.53752846792088604, -2.000000000000000000 ) ) ;
#609 = CARTESIAN_POINT ( 'NONE',  ( -3.902347153244126510, -23.79992060087550598, 2.099999999999999645 ) ) ;
#610 = EDGE_LOOP ( 'NONE', ( #549, #7173, #535, #2295 ) ) ;
#611 = DIRECTION ( 'NONE',  ( 1.000000000000000000, 0.000000000000000000, 0.000000000000000000 ) ) ;
#612 = CARTESIAN_POINT ( 'NONE',  ( 5.183190230475051230, -26.33878392258043277, -2.000000000000000000 ) ) ;
#613 = CARTESIAN_POINT ( 'NONE',  ( -17.82169893245506032, -21.35645667459429475, 2.099999999999999645 ) ) ;
#614 = CARTESIAN_POINT ( 'NONE',  ( -17.26619031893428158, -16.42019235248055509, -2.000000000000000000 ) ) ;
#615 = CARTESIAN_POINT ( 'NONE',  ( 20.89282384029108997, 10.74542454372255840, 2.100000000000000089 ) ) ;
#616 = CARTESIAN_POINT ( 'NONE',  ( 1.750000000000009992, -21.00000000000000000, 2.100000000000001865 ) ) ;
#617 = CARTESIAN_POINT ( 'NONE',  ( 21.38382933992361501, -12.54282366362884105, -2.000000000000000000 ) ) ;
#618 = ORIENTED_EDGE ( 'NONE', *, *, #7248, .T. ) ;
#619 = CARTESIAN_POINT ( 'NONE',  ( 23.40793038981979990, -6.902300070437902946, 2.099999999999999645 ) ) ;
#620 = CARTESIAN_POINT ( 'NONE',  ( -11.10648537714067707, 24.13101166629979488, -2.000000000000000000 ) ) ;
#621 = CARTESIAN_POINT ( 'NONE',  ( -23.90532429094090716, 0.9066066167179744895, -2.000000000000000000 ) ) ;
#622 = CARTESIAN_POINT ( 'NONE',  ( 13.66345410753368483, -19.13830577319235360, -2.000000000000000000 ) ) ;
#623 = CARTESIAN_POINT ( 'NONE',  ( 25.07504586300960980, 7.932732980984177118, -2.000000000000000000 ) ) ;
#624 = EDGE_CURVE ( 'NONE', #6942, #4010, #5139, .T. ) ;
#625 = DIRECTION ( 'NONE',  ( -1.000000000000000000, 0.000000000000000000, 0.000000000000000000 ) ) ;
#626 = CARTESIAN_POINT ( 'NONE',  ( -13.64872344093926770, 24.44815585854601991, -2.000000000000000000 ) ) ;
#627 = CARTESIAN_POINT ( 'NONE',  ( 18.19936168673940813, -18.00918889841834414, -2.000000000000000000 ) ) ;
#628 = CARTESIAN_POINT ( 'NONE',  ( 16.55868018414818010, -20.77185239767592151, 2.100000000000000089 ) ) ;
#629 = B_SPLINE_CURVE_WITH_KNOTS ( 'NONE', 3,
 ( #2091, #7037, #4116, #7908, #6649, #6571, #449, #1718, #521, #5428, #4829, #1791, #2408, #377, #2935, #5360, #5395, #6009, #7305, #3658, #4867, #1186, #4193, #1106, #4753, #7836, #2860, #2368, #5320, #1755, #1027, #2253, #6082, #7797, #7191, #6687, #4718, #1641, #6610, #5968, #7948, #7872, #5470, #2327, #7227, #1065, #3502, #3613, #482, #3541, #4789, #3011, #3577, #7266, #413 ),
 .UNSPECIFIED., .F., .F.,
 ( 4, 1, 1, 1, 1, 1, 1, 1, 1, 1, 1, 1, 1, 1, 1, 1, 1, 1, 1, 1, 1, 1, 1, 1, 1, 1, 1, 1, 1, 1, 1, 1, 1, 1, 1, 1, 1, 1, 1, 1, 1, 1, 1, 1, 1, 1, 1, 1, 1, 1, 1, 1, 4 ),
 ( 0.01037070964479190616, 0.06767854499841075011, 0.09884629602760430789, 0.1282330327458526265, 0.1558387551553858108, 0.1816634632588949305, 0.2057071570596704646, 0.2279698365617907063, 0.2484515017704002071, 0.2671521526921107892, 0.2840717893356240475, 0.2992104117127127871, 0.3125680198398574916, 0.3241446137411457817, 0.3339401934538051009, 0.3662021699428081867, 0.3760430630535980256, 0.3856763336118157470, 0.3952492422856400678, 0.4049624801021076692, 0.4150869914083017420, 0.4259748013331248195, 0.4380386266454291411, 0.4516469595390834035, 0.4668849008038628012, 0.4803437228220500677, 0.5000000000000002220, 0.5196562771779504875, 0.5331150991961376429, 0.5483530404609170406, 0.5619613733545713030, 0.5740251986668756246, 0.5849130085916987021, 0.5950375198978927749, 0.6047507577143603763, 0.6143236663881848081, 0.6239569369464024184, 0.6337978300571922574, 0.6660598065461953432, 0.6758553862588546624, 0.6874319801601429525, 0.7007895882872876570, 0.7159282106643762855, 0.7328478473078895439, 0.7515484982296001260, 0.7720301634382096267, 0.7942928429403297574, 0.8183365367411052915, 0.8441612448446143002, 0.8717669672541474846, 0.9011537039723958031, 0.9323214550015893609, 0.9896292903552003084 ),
 .UNSPECIFIED. ) ;
#630 = CARTESIAN_POINT ( 'NONE',  ( -16.30896799194540137, 20.63258928533522152, -2.000000000000000000 ) ) ;
#631 = ORIENTED_EDGE ( 'NONE', *, *, #651, .T. ) ;
#632 = ORIENTED_EDGE ( 'NONE', *, *, #6056, .T. ) ;
#633 = CARTESIAN_POINT ( 'NONE',  ( 17.26619031893427447, 16.42019235248055509, -2.000000000000000000 ) ) ;
#634 = CARTESIAN_POINT ( 'NONE',  ( 15.02890815691219295, -19.71604682249877527, -2.000000000000000000 ) ) ;
#635 = CARTESIAN_POINT ( 'NONE',  ( -21.10401706161572122, 10.48531763796956895, -2.000000000000000000 ) ) ;
#636 = CARTESIAN_POINT ( 'NONE',  ( -22.09150218636105478, 16.42439464916632019, 2.099999999999999645 ) ) ;
#637 = CARTESIAN_POINT ( 'NONE',  ( -23.08741356227222852, 10.60189590196922360, 2.099999999999999645 ) ) ;
#638 = CARTESIAN_POINT ( 'NONE',  ( 20.61769535193586833, -11.41192623884528246, 2.100000000000000089 ) ) ;
#639 = CARTESIAN_POINT ( 'NONE',  ( 7.605017794998032876, 22.88729425358476632, -2.000000000000000000 ) ) ;
#640 = CARTESIAN_POINT ( 'NONE',  ( -24.62078186107714117, 10.69645268464870647, 2.100000000000000089 ) ) ;
#641 = CARTESIAN_POINT ( 'NONE',  ( 4.590305982006120722, 25.40785750275295030, 2.100000000000000089 ) ) ;
#642 = CARTESIAN_POINT ( 'NONE',  ( -12.36707919775595421, -25.12081464776624173, 2.100000000000000089 ) ) ;
#643 = B_SPLINE_SURFACE_WITH_KNOTS ( 'NONE', 3, 1, ( 
 ( #1614, #1927 ),
 ( #7389, #4837 ),
 ( #5648, #7314 ),
 ( #2504, #3054 ),
 ( #7431, #2548 ),
 ( #7471, #663 ),
 ( #1280, #4394 ),
 ( #1887, #1843 ),
 ( #5477, #7993 ),
 ( #3704, #3094 ),
 ( #4354, #3143 ),
 ( #2376, #6779 ),
 ( #3746, #6695 ),
 ( #6254, #4316 ),
 ( #5610, #5519 ),
 ( #6212, #5563 ),
 ( #4915, #6818 ),
 ( #6861, #21 ),
 ( #6175, #1798 ),
 ( #6137, #704 ),
 ( #1763, #65 ),
 ( #614, #4959 ),
 ( #7956, #574 ),
 ( #6090, #5001 ),
 ( #1322, #3182 ),
 ( #3790, #2459 ),
 ( #1239, #3665 ),
 ( #4236, #1151 ),
 ( #2416, #3621 ),
 ( #531, #3018 ),
 ( #4874, #7350 ),
 ( #4275, #6737 ),
 ( #1197, #103 ),
 ( #1400, #1485 ),
 ( #5810, #869 ),
 ( #3300, #1363 ),
 ( #7511, #6906 ),
 ( #3830, #5770 ),
 ( #6328, #3876 ),
 ( #785, #3997 ),
 ( #5038, #2052 ),
 ( #221, #3260 ),
 ( #5156, #260 ),
 ( #5199, #6415 ),
 ( #7036, #7681 ),
 ( #7635, #5118 ),
 ( #3218, #5732 ),
 ( #1523, #2584 ),
 ( #184, #3957 ),
 ( #2664, #3380 ),
 ( #6454, #831 ),
 ( #907, #4514 ),
 ( #3339, #7598 ),
 ( #2743, #2703 ),
 ( #6990, #2090 ) ),
 .UNSPECIFIED., .F., .F., .F.,
 ( 4, 1, 1, 1, 1, 1, 1, 1, 1, 1, 1, 1, 1, 1, 1, 1, 1, 1, 1, 1, 1, 1, 1, 1, 1, 1, 1, 1, 1, 1, 1, 1, 1, 1, 1, 1, 1, 1, 1, 1, 1, 1, 1, 1, 1, 1, 1, 1, 1, 1, 1, 1, 4 ),
 ( 2, 2 ),
 ( 0.01037070963360204462, 0.06767854499841075011, 0.09884629602760430789, 0.1282330327458526265, 0.1558387551553858108, 0.1816634632588949305, 0.2057071570596704646, 0.2279698365617907063, 0.2484515017704002071, 0.2671521526921107892, 0.2840717893356240475, 0.2992104117127127871, 0.3125680198398574916, 0.3241446137411457817, 0.3339401934538051009, 0.3662021699428081867, 0.3760430630535980256, 0.3856763336118157470, 0.3952492422856400678, 0.4049624801021076692, 0.4150869914083017420, 0.4259748013331248195, 0.4380386266454291411, 0.4516469595390834035, 0.4668849008038628012, 0.4803437228220500677, 0.5000000000000002220, 0.5196562771779504875, 0.5331150991961376429, 0.5483530404609170406, 0.5619613733545713030, 0.5740251986668756246, 0.5849130085916987021, 0.5950375198978927749, 0.6047507577143603763, 0.6143236663881848081, 0.6239569369464024184, 0.6337978300571922574, 0.6660598065461953432, 0.6758553862588546624, 0.6874319801601429525, 0.7007895882872876570, 0.7159282106643762855, 0.7328478473078895439, 0.7515484982296001260, 0.7720301634382096267, 0.7942928429403297574, 0.8183365367411052915, 0.8441612448446143002, 0.8717669672541474846, 0.9011537039723958031, 0.9323214550015893609, 0.9896292903664016816 ),
 ( 0.000000000000000000, 1.000000000000000000 ),
 .UNSPECIFIED. ) ;
#644 = CARTESIAN_POINT ( 'NONE',  ( -23.00007343659231651, -5.130111501463104240, 2.099999999999999645 ) ) ;
#645 = CARTESIAN_POINT ( 'NONE',  ( -21.47582202528875683, -10.32148794313315143, 2.100000000000000089 ) ) ;
#646 = CARTESIAN_POINT ( 'NONE',  ( 7.605017794998038205, -22.88729425358476632, 2.099999999999999645 ) ) ;
#647 = CARTESIAN_POINT ( 'NONE',  ( 22.96554745452508683, 14.45965356729542783, -2.000000000000000000 ) ) ;
#648 = CARTESIAN_POINT ( 'NONE',  ( 16.30896799194538360, 20.63258928533522152, 2.100000000000000089 ) ) ;
#649 = CARTESIAN_POINT ( 'NONE',  ( -23.74358889077459267, 4.778072828450320664, -2.000000000000000000 ) ) ;
#650 = CARTESIAN_POINT ( 'NONE',  ( -23.99982295939236820, 0.9602632500303778240, -2.000000000000000000 ) ) ;
#651 = EDGE_CURVE ( 'NONE', #5900, #4963, #5695, .T. ) ;
#652 = CARTESIAN_POINT ( 'NONE',  ( -4.482856113983126889, -25.20816636816325840, -2.000000000000000000 ) ) ;
#653 = CARTESIAN_POINT ( 'NONE',  ( -0.7237198720499484761, 27.99064497287982789, -2.000000000000000000 ) ) ;
#654 = CARTESIAN_POINT ( 'NONE',  ( -3.902347153244126510, -23.79992060087550598, -2.000000000000000000 ) ) ;
#655 = ORIENTED_EDGE ( 'NONE', *, *, #2287, .T. ) ;
#656 = VECTOR ( 'NONE', #291, 1000.000000000000000 ) ;
#657 = CARTESIAN_POINT ( 'NONE',  ( -7.745447077757172671, -24.40400991946479081, 2.099999999999999645 ) ) ;
#658 = CARTESIAN_POINT ( 'NONE',  ( -20.51809281624190362, -16.05254419007956912, 2.100000000000000089 ) ) ;
#659 = EDGE_CURVE ( 'NONE', #7515, #984, #1357, .T. ) ;
#660 = CARTESIAN_POINT ( 'NONE',  ( 1.762385718735297591, -25.16282512725968701, -2.000000000000000000 ) ) ;
#661 = CARTESIAN_POINT ( 'NONE',  ( -2.638449045045063723, -23.34550970278806759, 2.100000000000000089 ) ) ;
#662 = AXIS2_PLACEMENT_3D ( 'NONE', #3492, #2891, #6565 ) ;
#663 = CARTESIAN_POINT ( 'NONE',  ( -18.62447386782100267, -18.94171889292492850, 2.099999999999999645 ) ) ;
#664 = CARTESIAN_POINT ( 'NONE',  ( 22.27987727495454706, 10.41835660743991809, 2.100000000000000089 ) ) ;
#665 = DIRECTION ( 'NONE',  ( 0.1205366802553228950, 0.9927088740980539727, 0.000000000000000000 ) ) ;
#666 = CARTESIAN_POINT ( 'NONE',  ( 20.80453127045304740, -12.00354473513042208, -2.000000000000000000 ) ) ;
#667 = EDGE_LOOP ( 'NONE', ( #4688, #1652, #994, #3407 ) ) ;
#668 = CARTESIAN_POINT ( 'NONE',  ( -5.008822010445505235, 26.08776424953685336, -2.000000000000000000 ) ) ;
#669 = CARTESIAN_POINT ( 'NONE',  ( -21.23055223844789907, -12.41767842381811171, 2.099999999999999645 ) ) ;
#670 = CIRCLE ( 'NONE', #934, 27.99999957948218920 ) ;
#671 = CARTESIAN_POINT ( 'NONE',  ( -25.36983614870255366, 1.341743455198745716, -2.000000000000000000 ) ) ;
#672 = CARTESIAN_POINT ( 'NONE',  ( 13.15214330072518933, -21.16307668733837488, -2.000000000000000000 ) ) ;
#673 = CARTESIAN_POINT ( 'NONE',  ( -27.69932686549418577, 4.092342562581348986, -2.000000000000000000 ) ) ;
#674 = CARTESIAN_POINT ( 'NONE',  ( -27.87379644711745996, 2.655456283891105329, 2.100000000000000089 ) ) ;
#675 = CIRCLE ( 'NONE', #3138, 1.750000000000001332 ) ;
#676 = CARTESIAN_POINT ( 'NONE',  ( 0.000000000000000000, 0.000000000000000000, 0.000000000000000000 ) ) ;
#677 = CARTESIAN_POINT ( 'NONE',  ( 17.76075994573092842, 17.29583732711387967, 2.100000000000000089 ) ) ;
#678 = AXIS2_PLACEMENT_3D ( 'NONE', #2155, #2842, #2195 ) ;
#679 = CARTESIAN_POINT ( 'NONE',  ( 26.50130185302209540, -1.827769560624223244, 2.100000000000000089 ) ) ;
#680 = ORIENTED_EDGE ( 'NONE', *, *, #3190, .T. ) ;
#681 = CARTESIAN_POINT ( 'NONE',  ( -23.58537593626265050, -6.976039544898380740, 2.100000000000000089 ) ) ;
#682 = CARTESIAN_POINT ( 'NONE',  ( 18.60089775827983516, 15.19605903441929051, 2.099999999999999645 ) ) ;
#683 = CARTESIAN_POINT ( 'NONE',  ( 13.96529143882091439, -19.07901412642182848, -2.000000000000000000 ) ) ;
#684 = CARTESIAN_POINT ( 'NONE',  ( -22.09150218632045082, -16.42439464915886660, -2.000000000000000000 ) ) ;
#685 = CARTESIAN_POINT ( 'NONE',  ( 3.952016953262611043, 23.89496924813285617, -2.000000000000000000 ) ) ;
#686 = CARTESIAN_POINT ( 'NONE',  ( -20.81172461973597620, 10.92283569232044904, 2.099999999999999645 ) ) ;
#687 = CARTESIAN_POINT ( 'NONE',  ( 7.743106042156100877, 24.63076208136009626, 2.099999999999999645 ) ) ;
#688 = CARTESIAN_POINT ( 'NONE',  ( 11.10648537714067530, -24.13101166629980199, 2.100000000000000089 ) ) ;
#689 = CARTESIAN_POINT ( 'NONE',  ( 13.15214330072517690, 21.16307668733837488, 2.099999999999999645 ) ) ;
#690 = CARTESIAN_POINT ( 'NONE',  ( 21.84033501313436432, 12.97800555654222165, -2.000000000000000000 ) ) ;
#691 = CARTESIAN_POINT ( 'NONE',  ( -25.15968768847578119, -4.747395707336139914, -2.000000000000000000 ) ) ;
#692 = CARTESIAN_POINT ( 'NONE',  ( -20.81172461973597265, -10.92283569232045437, 2.100000000000000089 ) ) ;
#693 = CARTESIAN_POINT ( 'NONE',  ( 8.512968716744138575, -21.89757064776837225, -2.000000000000000000 ) ) ;
#694 = CARTESIAN_POINT ( 'NONE',  ( 21.35721522671293116, 10.35169942632025197, 2.099999999999999645 ) ) ;
#695 = CARTESIAN_POINT ( 'NONE',  ( 5.995909907646363557, -27.35048520283300277, 2.100000000000000089 ) ) ;
#696 = CARTESIAN_POINT ( 'NONE',  ( 8.148726673636440765, 22.03570943365874513, -2.000000000000000000 ) ) ;
#697 = CARTESIAN_POINT ( 'NONE',  ( 3.781464864188883279, 23.62174820993211455, -2.000000000000000000 ) ) ;
#698 = CARTESIAN_POINT ( 'NONE',  ( -3.612999446203290610, -23.45707906485273142, -2.000000000000000000 ) ) ;
#699 = CARTESIAN_POINT ( 'NONE',  ( 22.82097940566847782, -5.624866236205934733, -2.000000000000000000 ) ) ;
#700 = CARTESIAN_POINT ( 'NONE',  ( -4.389956462724874164, -25.02313217738666040, -2.000000000000000000 ) ) ;
#701 = EDGE_LOOP ( 'NONE', ( #107, #1089 ) ) ;
#702 = CARTESIAN_POINT ( 'NONE',  ( -25.29380829876430425, -8.116834556469576967, 2.099999999999999645 ) ) ;
#703 = CARTESIAN_POINT ( 'NONE',  ( -22.74963530479514873, 6.146178943449458920, 2.100000000000000089 ) ) ;
#704 = CARTESIAN_POINT ( 'NONE',  ( -17.32735312033765496, -16.63359376186219762, 2.099999999999999645 ) ) ;
#705 = CARTESIAN_POINT ( 'NONE',  ( 22.73828148979403352, 10.53816474365924805, 2.100000000000000089 ) ) ;
#706 = CARTESIAN_POINT ( 'NONE',  ( -7.452140385482025842, 26.79882083607231635, 2.100000000000000089 ) ) ;
#707 = CARTESIAN_POINT ( 'NONE',  ( 20.86952096496492004, -12.08832612917522553, -2.000000000000000000 ) ) ;
#708 = ORIENTED_EDGE ( 'NONE', *, *, #582, .T. ) ;
#709 = EDGE_CURVE ( 'NONE', #7475, #6189, #5954, .T. ) ;
#710 = CARTESIAN_POINT ( 'NONE',  ( -15.51594276222061453, -20.11676867469219587, -2.000000000000000000 ) ) ;
#711 = CARTESIAN_POINT ( 'NONE',  ( -21.07590994840523280, -12.30361618564757720, 2.099999999999999645 ) ) ;
#712 = CARTESIAN_POINT ( 'NONE',  ( -25.03107770533010523, 1.235924829161910266, -2.000000000000000000 ) ) ;
#713 = CARTESIAN_POINT ( 'NONE',  ( 13.46232027610274784, -22.30341320457493381, -2.000000000000000000 ) ) ;
#714 = CARTESIAN_POINT ( 'NONE',  ( -27.69989816616291378, 2.535120532250935810, 2.100000000000000089 ) ) ;
#715 = CARTESIAN_POINT ( 'NONE',  ( -1.750000000000000444, 21.00000000000000000, 2.100000000000001865 ) ) ;
#716 = CARTESIAN_POINT ( 'NONE',  ( 18.38167992440536835, 15.16106487615013521, 2.100000000000000089 ) ) ;
#717 = CARTESIAN_POINT ( 'NONE',  ( 15.87213422487472947, -20.36431896814133680, 2.100000000000000089 ) ) ;
#718 = CARTESIAN_POINT ( 'NONE',  ( -18.01951879751182517, 21.43121365586114280, -2.000000000000000000 ) ) ;
#719 = ORIENTED_EDGE ( 'NONE', *, *, #2111, .F. ) ;
#720 = CARTESIAN_POINT ( 'NONE',  ( -26.16863607189504037, -4.567518758412578705, 2.100000000000000089 ) ) ;
#721 = CARTESIAN_POINT ( 'NONE',  ( 17.42017265760603451, 16.82633584436269913, 2.099999999999999645 ) ) ;
#722 = CARTESIAN_POINT ( 'NONE',  ( -20.64571337519313943, 11.25696429976830260, -2.000000000000000000 ) ) ;
#723 = CARTESIAN_POINT ( 'NONE',  ( 4.189195047382262338, 24.56227459198279206, -2.000000000000000000 ) ) ;
#724 = CARTESIAN_POINT ( 'NONE',  ( -20.65156267108764254, 11.69620803915341689, -2.000000000000000000 ) ) ;
#725 = CARTESIAN_POINT ( 'NONE',  ( 7.401289683367671124, 27.00409019907774066, -2.000000000000000000 ) ) ;
#726 = CARTESIAN_POINT ( 'NONE',  ( -22.78920619399659131, 14.18622855212691292, 2.100000000000000089 ) ) ;
#727 = CARTESIAN_POINT ( 'NONE',  ( 4.852431640496106091, 25.84840584550507714, 2.100000000000000089 ) ) ;
#728 = CARTESIAN_POINT ( 'NONE',  ( -10.89735721165042115, -23.93603524774559332, 2.100000000000000089 ) ) ;
#729 = EDGE_CURVE ( 'NONE', #4358, #100, #6994, .T. ) ;
#730 = CARTESIAN_POINT ( 'NONE',  ( -22.74963530479514873, -6.146178943449475796, -2.000000000000000000 ) ) ;
#731 = CARTESIAN_POINT ( 'NONE',  ( -20.80453127045304385, -12.00354473513042208, 2.100000000000000089 ) ) ;
#732 = CARTESIAN_POINT ( 'NONE',  ( 7.745447077757181553, -24.40400991946479792, 2.099999999999999645 ) ) ;
#733 = EDGE_CURVE ( 'NONE', #1156, #485, #5523, .T. ) ;
#734 = CARTESIAN_POINT ( 'NONE',  ( 20.71178771499496918, 11.09036006156944332, -2.000000000000000000 ) ) ;
#735 = CARTESIAN_POINT ( 'NONE',  ( 1.881261915648297478, -24.14640443156747196, 2.100000000000000089 ) ) ;
#736 = CARTESIAN_POINT ( 'NONE',  ( 7.657608382361889454, 22.56335699501520509, -2.000000000000000000 ) ) ;
#737 = CARTESIAN_POINT ( 'NONE',  ( 4.389956462724860842, 25.02313217738666040, -2.000000000000000000 ) ) ;
#738 = CARTESIAN_POINT ( 'NONE',  ( 22.41476736700680661, -16.47086513865797031, 2.099999999999999645 ) ) ;
#739 = CARTESIAN_POINT ( 'NONE',  ( 22.91828645517601615, -5.264681564480667042, -2.000000000000000000 ) ) ;
#740 = CARTESIAN_POINT ( 'NONE',  ( 1.762385718735274720, 25.16282512725969056, -2.000000000000000000 ) ) ;
#741 = B_SPLINE_CURVE_WITH_KNOTS ( 'NONE', 3,
 ( #695, #7022, #6319, #3820, #1959, #94, #858, #775, #3250, #818, #1917, #5719, #2001, #3327, #173, #5109, #6895, #1353, #2536, #4503, #7461, #1429, #3777, #4991, #7625, #4465, #3904, #3290, #5758, #2575, #2692, #6936, #6850, #1391, #2079, #5146, #6280, #735, #5028, #4541, #1475, #3946, #6403, #1311, #6244, #7502, #5678, #4022, #7179, #7825, #5885, #7784, #5266, #248, #3368 ),
 .UNSPECIFIED., .F., .F.,
 ( 4, 1, 1, 1, 1, 1, 1, 1, 1, 1, 1, 1, 1, 1, 1, 1, 1, 1, 1, 1, 1, 1, 1, 1, 1, 1, 1, 1, 1, 1, 1, 1, 1, 1, 1, 1, 1, 1, 1, 1, 1, 1, 1, 1, 1, 1, 1, 1, 1, 1, 1, 1, 4 ),
 ( 0.01037070964479193565, 0.06767854499841075011, 0.09884629602760430789, 0.1282330327458526265, 0.1558387551553858108, 0.1816634632588949305, 0.2057071570596704646, 0.2279698365617907063, 0.2484515017704002071, 0.2671521526921107892, 0.2840717893356240475, 0.2992104117127127871, 0.3125680198398574916, 0.3241446137411457817, 0.3339401934538051009, 0.3662021699428081867, 0.3760430630535980256, 0.3856763336118157470, 0.3952492422856400678, 0.4049624801021076692, 0.4150869914083017420, 0.4259748013331248195, 0.4380386266454291411, 0.4516469595390834035, 0.4668849008038628012, 0.4803437228220500677, 0.5000000000000002220, 0.5196562771779504875, 0.5331150991961377539, 0.5483530404609170406, 0.5619613733545713030, 0.5740251986668756246, 0.5849130085916987021, 0.5950375198978927749, 0.6047507577143603763, 0.6143236663881848081, 0.6239569369464024184, 0.6337978300571922574, 0.6660598065461953432, 0.6758553862588546624, 0.6874319801601429525, 0.7007895882872876570, 0.7159282106643762855, 0.7328478473078895439, 0.7515484982296001260, 0.7720301634382096267, 0.7942928429403297574, 0.8183365367411052915, 0.8441612448446143002, 0.8717669672541474846, 0.9011537039723958031, 0.9323214550015893609, 0.9896292903552004194 ),
 .UNSPECIFIED. ) ;
#742 = ORIENTED_EDGE ( 'NONE', *, *, #6154, .F. ) ;
#743 = CARTESIAN_POINT ( 'NONE',  ( -23.15601641226234975, -6.742658068406544913, 2.099999999999999645 ) ) ;
#744 = CARTESIAN_POINT ( 'NONE',  ( -23.00007343659231651, 5.130111501463086476, 2.100000000000000089 ) ) ;
#745 = DIRECTION ( 'NONE',  ( 0.000000000000000000, 0.000000000000000000, 1.000000000000000000 ) ) ;
#746 = CARTESIAN_POINT ( 'NONE',  ( 24.62078186107712696, 10.69645268464872423, 2.100000000000000089 ) ) ;
#747 = CARTESIAN_POINT ( 'NONE',  ( -13.30747633062665614, -21.64116298680352202, 2.100000000000000089 ) ) ;
#748 = CARTESIAN_POINT ( 'NONE',  ( 22.44798333931210976, -13.70307343545945322, 2.099999999999999645 ) ) ;
#749 = ORIENTED_EDGE ( 'NONE', *, *, #2103, .T. ) ;
#750 = CARTESIAN_POINT ( 'NONE',  ( -13.81390900009209233, -19.09181343516791074, -2.000000000000000000 ) ) ;
#751 = CARTESIAN_POINT ( 'NONE',  ( -7.605017794998039982, 22.88729425358475922, -2.000000000000000000 ) ) ;
#752 = CARTESIAN_POINT ( 'NONE',  ( -24.86659007404523436, 7.767174896947384610, -2.000000000000000000 ) ) ;
#753 = CARTESIAN_POINT ( 'NONE',  ( 7.743106042156100877, 24.63076208136009626, 2.100000000000000089 ) ) ;
#754 = CARTESIAN_POINT ( 'NONE',  ( 24.00794390784557208, 7.190340088713026212, -2.000000000000000000 ) ) ;
#755 = CARTESIAN_POINT ( 'NONE',  ( -23.55944914529948520, -0.5232380683118340592, 2.100000000000000089 ) ) ;
#756 = CARTESIAN_POINT ( 'NONE',  ( 24.95373504430678580, 4.768644361883088045, 2.100000000000000089 ) ) ;
#757 = LINE ( 'NONE', #4448, #3140 ) ;
#758 = EDGE_CURVE ( 'NONE', #5773, #2552, #7174, .T. ) ;
#759 = CARTESIAN_POINT ( 'NONE',  ( 13.81390900009209943, -19.09181343516790719, 2.100000000000000089 ) ) ;
#760 = CARTESIAN_POINT ( 'NONE',  ( -13.18542992737236474, 19.44527382878997201, -2.000000000000000000 ) ) ;
#761 = ORIENTED_EDGE ( 'NONE', *, *, #1192, .T. ) ;
#762 = CARTESIAN_POINT ( 'NONE',  ( 26.77848301813143905, -4.405768766048591800, -2.000000000000000000 ) ) ;
#763 = CARTESIAN_POINT ( 'NONE',  ( 18.70321540207055122, 15.22676155773648610, 2.099999999999999645 ) ) ;
#764 = FACE_OUTER_BOUND ( 'NONE', #2412, .T. ) ;
#765 = CARTESIAN_POINT ( 'NONE',  ( -19.70744990308224942, 15.74452889495767494, -2.000000000000000000 ) ) ;
#766 = CARTESIAN_POINT ( 'NONE',  ( -21.69704443755539813, 10.30300297322494707, 2.099999999999999645 ) ) ;
#767 = DIRECTION ( 'NONE',  ( -0.000000000000000000, 0.000000000000000000, -1.000000000000000000 ) ) ;
#768 = CARTESIAN_POINT ( 'NONE',  ( -25.91507308940478538, -10.60230933437667211, -2.000000000000000000 ) ) ;
#769 = CARTESIAN_POINT ( 'NONE',  ( 13.36064030761171573, 21.84126693107096528, -2.000000000000000000 ) ) ;
#770 = CARTESIAN_POINT ( 'NONE',  ( -22.61633054543464638, -13.93417863138606805, -2.000000000000000000 ) ) ;
#771 = CARTESIAN_POINT ( 'NONE',  ( -23.63710370791871185, -4.790810183414333068, 2.099999999999999645 ) ) ;
#772 = CARTESIAN_POINT ( 'NONE',  ( -16.59924240491749003, -14.84924240491749892, 2.100000000000001865 ) ) ;
#773 = CARTESIAN_POINT ( 'NONE',  ( 7.988790274807842096, -22.11659910479056634, 2.099999999999999645 ) ) ;
#774 = CARTESIAN_POINT ( 'NONE',  ( 24.31514428139131567, 10.69735948946560633, 2.099999999999999645 ) ) ;
#775 = CARTESIAN_POINT ( 'NONE',  ( 4.713207230075936671, -25.62151411210379948, 2.100000000000000089 ) ) ;
#776 = CARTESIAN_POINT ( 'NONE',  ( 7.452140385482007190, 26.79882083607237320, -2.000000000000000000 ) ) ;
#777 = CARTESIAN_POINT ( 'NONE',  ( 1.790249464186348893, 24.99754724227145530, -2.000000000000000000 ) ) ;
#778 = CARTESIAN_POINT ( 'NONE',  ( 21.04854468720649763, -16.20550857031051351, 2.099999999999999645 ) ) ;
#779 = CARTESIAN_POINT ( 'NONE',  ( 23.87823629154097560, -7.119306137701283177, -2.000000000000000000 ) ) ;
#780 = CARTESIAN_POINT ( 'NONE',  ( 1.810672407536176198, 24.85107952805194031, 2.099999999999999645 ) ) ;
#781 = VERTEX_POINT ( 'NONE', #4417 ) ;
#782 = CARTESIAN_POINT ( 'NONE',  ( -23.24438501506255506, -6.803422568062742037, -2.000000000000000000 ) ) ;
#783 = CARTESIAN_POINT ( 'NONE',  ( 23.81253063529220171, 0.8410884408854198968, -2.000000000000000000 ) ) ;
#784 = CARTESIAN_POINT ( 'NONE',  ( -24.48402185937397491, 7.488679734998046733, 2.100000000000000089 ) ) ;
#785 = CARTESIAN_POINT ( 'NONE',  ( -19.13918860107962061, -15.44754172932143632, -2.000000000000000000 ) ) ;
#786 = CARTESIAN_POINT ( 'NONE',  ( -20.51809281624190362, 16.05254419007954425, 2.100000000000000089 ) ) ;
#787 = CARTESIAN_POINT ( 'NONE',  ( -13.61524630358646171, -23.47600944080825514, 2.100000000000000089 ) ) ;
#788 = ORIENTED_EDGE ( 'NONE', *, *, #6822, .T. ) ;
#789 = CARTESIAN_POINT ( 'NONE',  ( -18.01951879739602802, -21.43121365581739468, -2.000000000000000000 ) ) ;
#790 = DIRECTION ( 'NONE',  ( 1.000000000000000000, 0.000000000000000000, 0.000000000000000000 ) ) ;
#791 = AXIS2_PLACEMENT_3D ( 'NONE', #1448, #5817, #1406 ) ;
#792 = CARTESIAN_POINT ( 'NONE',  ( -13.64897234010369331, -24.23668188081809305, -2.000000000000000000 ) ) ;
#793 = CARTESIAN_POINT ( 'NONE',  ( 13.41263264250317455, -22.06199033373686547, -2.000000000000000000 ) ) ;
#794 = CARTESIAN_POINT ( 'NONE',  ( 22.99371384847795241, 6.601180838822673813, -2.000000000000000000 ) ) ;
#795 = CARTESIAN_POINT ( 'NONE',  ( -22.62472946281705433, 16.49610842548437972, -2.000000000000000000 ) ) ;
#796 = PLANE ( 'NONE',  #5334 ) ;
#797 = CARTESIAN_POINT ( 'NONE',  ( 27.87379644711753102, 2.655456283891157288, -2.000000000000000000 ) ) ;
#798 = CARTESIAN_POINT ( 'NONE',  ( 15.51594276222061985, -20.11676867469219587, 2.100000000000000089 ) ) ;
#799 = CARTESIAN_POINT ( 'NONE',  ( -14.32589460713082730, 19.15868494228939056, 2.099999999999999645 ) ) ;
#800 = EDGE_LOOP ( 'NONE', ( #4590, #4738 ) ) ;
#801 = AXIS2_PLACEMENT_3D ( 'NONE', #6407, #7588, #1961 ) ;
#802 = CARTESIAN_POINT ( 'NONE',  ( -24.32345666766047998, -4.791663430616648789, 2.100000000000000089 ) ) ;
#803 = CARTESIAN_POINT ( 'NONE',  ( 19.87933552333216980, 15.81900378855656975, 2.099999999999999645 ) ) ;
#804 = CARTESIAN_POINT ( 'NONE',  ( -7.688496923001401306, -25.42728370346967637, 2.099999999999999645 ) ) ;
#805 = CARTESIAN_POINT ( 'NONE',  ( -17.35181857730701083, 15.87069998699208107, -2.000000000000000000 ) ) ;
#806 = CARTESIAN_POINT ( 'NONE',  ( -22.73828148979404062, 10.53816474365922851, -2.000000000000000000 ) ) ;
#807 = AXIS2_PLACEMENT_3D ( 'NONE', #5180, #2874, #2268 ) ;
#808 = CIRCLE ( 'NONE', #3650, 1.750000000000000444 ) ;
#809 = CARTESIAN_POINT ( 'NONE',  ( -23.29246673278348823, 10.63055238855664442, 2.100000000000000089 ) ) ;
#810 = CARTESIAN_POINT ( 'NONE',  ( 13.36064030761171573, 21.84126693107096528, 2.099999999999999645 ) ) ;
#811 = PRODUCT_DEFINITION_FORMATION_WITH_SPECIFIED_SOURCE ( 'ANY', '', #4, .NOT_KNOWN. ) ;
#812 = AXIS2_PLACEMENT_3D ( 'NONE', #7169, #1581, #5298 ) ;
#813 = CARTESIAN_POINT ( 'NONE',  ( -22.44798333931211687, -13.70307343545946388, -2.000000000000000000 ) ) ;
#814 = CARTESIAN_POINT ( 'NONE',  ( 21.80373651133527702, -10.30832712212200342, -2.000000000000000000 ) ) ;
#815 = CARTESIAN_POINT ( 'NONE',  ( -21.38382933992361501, -12.54282366362884815, 2.100000000000000089 ) ) ;
#816 = CARTESIAN_POINT ( 'NONE',  ( 7.688496923001413741, -25.42728370346968347, 2.099999999999999645 ) ) ;
#817 = CARTESIAN_POINT ( 'NONE',  ( -18.01951879739596052, 21.43121365581736271, -2.000000000000000000 ) ) ;
#818 = CARTESIAN_POINT ( 'NONE',  ( 4.482856113983134883, -25.20816636816325484, 2.100000000000000089 ) ) ;
#819 = CARTESIAN_POINT ( 'NONE',  ( -4.713207230075946441, 25.62151411210379948, 2.100000000000000089 ) ) ;
#820 = CARTESIAN_POINT ( 'NONE',  ( 7.688595528318259653, 23.56854007989867483, -2.000000000000000000 ) ) ;
#821 = AXIS2_PLACEMENT_3D ( 'NONE', #7605, #4563, #228 ) ;
#822 = CARTESIAN_POINT ( 'NONE',  ( 1.474499619732432265, 26.25856105065618706, -2.000000000000000000 ) ) ;
#823 = CARTESIAN_POINT ( 'NONE',  ( 17.26619031893428513, -16.42019235248054443, 2.099999999999999645 ) ) ;
#824 = DIRECTION ( 'NONE',  ( -0.000000000000000000, -0.000000000000000000, 1.000000000000000000 ) ) ;
#825 = CARTESIAN_POINT ( 'NONE',  ( 1.824858090210248696, 24.72368248555340386, 2.099999999999999645 ) ) ;
#826 = ORIENTED_EDGE ( 'NONE', *, *, #7575, .T. ) ;
#827 = CARTESIAN_POINT ( 'NONE',  ( -7.612592773523887857, -22.78073832991432823, -2.000000000000000000 ) ) ;
#828 = CARTESIAN_POINT ( 'NONE',  ( -18.38167992440537546, -15.16106487615013521, 2.100000000000000089 ) ) ;
#829 = EDGE_CURVE ( 'NONE', #945, #2817, #2, .T. ) ;
#830 = CARTESIAN_POINT ( 'NONE',  ( -24.12574046566792063, 4.783694468719397186, 2.100000000000000089 ) ) ;
#831 = CARTESIAN_POINT ( 'NONE',  ( -21.34551800689747125, -16.27777197600732251, 2.099999999999999645 ) ) ;
#832 = DIRECTION ( 'NONE',  ( -0.5680647467311555898, -0.8229838658936565743, 0.000000000000000000 ) ) ;
#833 = CARTESIAN_POINT ( 'NONE',  ( -12.88702750944971243, -19.82328597831587658, 2.100000000000000089 ) ) ;
#834 = EDGE_LOOP ( 'NONE', ( #3069, #2208 ) ) ;
#835 = CARTESIAN_POINT ( 'NONE',  ( -23.34891248598832192, -15.11752229217970545, 2.099999999999999645 ) ) ;
#836 = CARTESIAN_POINT ( 'NONE',  ( 14.75432918952970596, -19.43920578531971799, 2.099999999999999645 ) ) ;
#837 = CARTESIAN_POINT ( 'NONE',  ( -13.64872344093911316, -24.44815585866980001, -2.000000000000000000 ) ) ;
#838 = CARTESIAN_POINT ( 'NONE',  ( 9.484645845787888163, 22.17444536155052148, 2.100000000000000089 ) ) ;
#839 = CARTESIAN_POINT ( 'NONE',  ( -18.62447386782101688, 18.94171889292491784, -2.000000000000000000 ) ) ;
#840 = EDGE_CURVE ( 'NONE', #2093, #4093, #7643, .T. ) ;
#841 = CARTESIAN_POINT ( 'NONE',  ( 17.45584392081710590, 15.72474958968643044, 2.100000000000000089 ) ) ;
#842 = CARTESIAN_POINT ( 'NONE',  ( 24.76338133992250690, 1.168557790373921934, -2.000000000000000000 ) ) ;
#843 = CARTESIAN_POINT ( 'NONE',  ( -12.95267602360809889, 19.68627963667922387, -2.000000000000000000 ) ) ;
#844 = VERTEX_POINT ( 'NONE', #2035 ) ;
#845 = CARTESIAN_POINT ( 'NONE',  ( -22.79134869580807887, -6.292262679950373361, 2.100000000000000089 ) ) ;
#846 = CARTESIAN_POINT ( 'NONE',  ( 25.03107770533010523, 1.235924829161913818, -2.000000000000000000 ) ) ;
#847 = CARTESIAN_POINT ( 'NONE',  ( -18.01951879739596052, 21.43121365581736271, -2.000000000000000000 ) ) ;
#848 = CARTESIAN_POINT ( 'NONE',  ( -17.25657676350752823, 16.16318976602638813, 2.099999999999999645 ) ) ;
#849 = DIRECTION ( 'NONE',  ( 0.8854560256532097995, 0.4647231720437686175, 0.000000000000000000 ) ) ;
#850 = CARTESIAN_POINT ( 'NONE',  ( 9.484645845787888163, 22.17444536155052148, 2.099999999999999645 ) ) ;
#851 = CARTESIAN_POINT ( 'NONE',  ( -20.64571337519313943, 11.25696429976830260, 2.100000000000000089 ) ) ;
#852 = CARTESIAN_POINT ( 'NONE',  ( 14.32589460713081664, 19.15868494228939056, -2.000000000000000000 ) ) ;
#853 = CARTESIAN_POINT ( 'NONE',  ( 21.69704443755539813, 10.30300297322496661, -2.000000000000000000 ) ) ;
#854 = CARTESIAN_POINT ( 'NONE',  ( 22.59408972245014624, -10.50532236015857279, -2.000000000000000000 ) ) ;
#855 = CARTESIAN_POINT ( 'NONE',  ( -25.38017819844199252, -10.66028906994771575, 2.100000000000000089 ) ) ;
#856 = CARTESIAN_POINT ( 'NONE',  ( 16.59924240491750425, 14.84924240491749714, -3.599999999999998757 ) ) ;
#857 = CARTESIAN_POINT ( 'NONE',  ( -17.82169893237846736, 21.35645667456330088, -2.000000000000000000 ) ) ;
#858 = CARTESIAN_POINT ( 'NONE',  ( 4.852431640496131848, -25.84840584550508069, 2.100000000000000089 ) ) ;
#859 = CARTESIAN_POINT ( 'NONE',  ( -4.713207230075929566, -25.62151411210381013, 2.100000000000000089 ) ) ;
#860 = CARTESIAN_POINT ( 'NONE',  ( -25.29380829876431136, 8.116834556469559203, 2.099999999999999645 ) ) ;
#861 = CARTESIAN_POINT ( 'NONE',  ( -26.42834229636220300, 9.248929663334864770, -2.000000000000000000 ) ) ;
#862 = CARTESIAN_POINT ( 'NONE',  ( 19.55560045884525522, -15.67357176803117724, 2.099999999999999645 ) ) ;
#863 = CARTESIAN_POINT ( 'NONE',  ( 0.000000000000000000, 0.000000000000000000, 2.100000000000002309 ) ) ;
#864 = CARTESIAN_POINT ( 'NONE',  ( 2.463801941912914018, 23.38577358155836450, 2.099999999999999645 ) ) ;
#865 = EDGE_CURVE ( 'NONE', #2789, #5302, #1468, .T. ) ;
#866 = ORIENTED_EDGE ( 'NONE', *, *, #2422, .T. ) ;
#867 = CARTESIAN_POINT ( 'NONE',  ( -9.945601713251328135, -22.84599953686307572, 2.099999999999999645 ) ) ;
#868 = CARTESIAN_POINT ( 'NONE',  ( -26.42834229636209287, 9.248929663334736873, 2.100000000000000089 ) ) ;
#869 = CARTESIAN_POINT ( 'NONE',  ( -18.49458355994168812, -15.17355739294055006, 2.099999999999999645 ) ) ;
#870 = CARTESIAN_POINT ( 'NONE',  ( -18.70321540207056898, 15.22676155773647544, 2.100000000000000089 ) ) ;
#871 = CARTESIAN_POINT ( 'NONE',  ( -13.18542992737235764, -19.44527382878997557, 2.100000000000000089 ) ) ;
#872 = ORIENTED_EDGE ( 'NONE', *, *, #6596, .T. ) ;
#873 = CARTESIAN_POINT ( 'NONE',  ( -20.62323650117463458, -11.56374771533980272, -2.000000000000000000 ) ) ;
#874 = CARTESIAN_POINT ( 'NONE',  ( 13.18542992737236474, -19.44527382878997201, -2.000000000000000000 ) ) ;
#875 = FACE_OUTER_BOUND ( 'NONE', #4251, .T. ) ;
#876 = CARTESIAN_POINT ( 'NONE',  ( -26.77848301813143905, 4.405768766048581142, -2.000000000000000000 ) ) ;
#877 = LINE ( 'NONE', #3926, #536 ) ;
#878 = CARTESIAN_POINT ( 'NONE',  ( -14.84924240491749892, 14.84924240491749536, 2.100000000000001865 ) ) ;
#879 = CARTESIAN_POINT ( 'NONE',  ( -13.04949915500205115, 19.56208827861912525, 2.100000000000000089 ) ) ;
#880 = CARTESIAN_POINT ( 'NONE',  ( 23.55944914529948520, 0.5232380683118310616, -2.000000000000000000 ) ) ;
#881 = CARTESIAN_POINT ( 'NONE',  ( -12.83485696772680562, 20.07512121109397896, 2.099999999999999645 ) ) ;
#882 = ORIENTED_EDGE ( 'NONE', *, *, #2207, .T. ) ;
#883 = CARTESIAN_POINT ( 'NONE',  ( 23.93435179486865394, -4.766524473500965975, -2.000000000000000000 ) ) ;
#884 = CARTESIAN_POINT ( 'NONE',  ( 21.34551800689746770, 16.27777197600732251, 2.099999999999999645 ) ) ;
#885 = DIRECTION ( 'NONE',  ( -0.000000000000000000, -0.000000000000000000, 1.000000000000000000 ) ) ;
#886 = CARTESIAN_POINT ( 'NONE',  ( -18.80342269287540446, 15.26496932198516632, 2.099999999999999645 ) ) ;
#887 = FACE_OUTER_BOUND ( 'NONE', #6690, .T. ) ;
#888 = CARTESIAN_POINT ( 'NONE',  ( 7.865059710290382533, 22.21401039568610614, 2.099999999999999645 ) ) ;
#889 = CARTESIAN_POINT ( 'NONE',  ( 8.843531895616193239, -21.84292484346595842, 2.100000000000000089 ) ) ;
#890 = CARTESIAN_POINT ( 'NONE',  ( 15.36687483434009849, 20.00332296475709626, -2.000000000000000000 ) ) ;
#891 = CARTESIAN_POINT ( 'NONE',  ( 22.46994110604165940, 10.47341059000768126, -2.000000000000000000 ) ) ;
#892 = CARTESIAN_POINT ( 'NONE',  ( 24.02931632081063995, -10.69009516955077110, -2.000000000000000000 ) ) ;
#893 = CARTESIAN_POINT ( 'NONE',  ( -3.612999446203305709, 23.45707906485272431, -2.000000000000000000 ) ) ;
#894 = CARTESIAN_POINT ( 'NONE',  ( -5.995909907646372439, 27.35048520283300277, -2.000000000000000000 ) ) ;
#895 = CARTESIAN_POINT ( 'NONE',  ( -13.41263264250317455, 22.06199033373686547, -2.000000000000000000 ) ) ;
#896 = CARTESIAN_POINT ( 'NONE',  ( -12.36707919785805565, 25.12081464783651796, 2.099999999999999645 ) ) ;
#897 = CARTESIAN_POINT ( 'NONE',  ( -4.590305982006153585, 25.40785750275294674, 2.100000000000000089 ) ) ;
#898 = CARTESIAN_POINT ( 'NONE',  ( -18.70321540207055477, -15.22676155773648610, -2.000000000000000000 ) ) ;
#899 = FACE_OUTER_BOUND ( 'NONE', #7732, .T. ) ;
#900 = CARTESIAN_POINT ( 'NONE',  ( 20.28441937235456649, -15.97411852388379572, -2.000000000000000000 ) ) ;
#901 = CARTESIAN_POINT ( 'NONE',  ( 7.720532692246934836, -23.84272921084243890, -2.000000000000000000 ) ) ;
#902 = ORIENTED_EDGE ( 'NONE', *, *, #3513, .T. ) ;
#903 = CARTESIAN_POINT ( 'NONE',  ( -7.612592773523887857, -22.78073832991432823, 2.099999999999999645 ) ) ;
#904 = CARTESIAN_POINT ( 'NONE',  ( 4.590305982006143815, -25.40785750275295030, -2.000000000000000000 ) ) ;
#905 = CARTESIAN_POINT ( 'NONE',  ( 24.76338133992250334, -1.168557790373921490, 2.099999999999999645 ) ) ;
#906 = CARTESIAN_POINT ( 'NONE',  ( -10.89735721165042115, -23.93603524774559332, -2.000000000000000000 ) ) ;
#907 = CARTESIAN_POINT ( 'NONE',  ( -21.66370631000718205, -16.34569607223867749, -2.000000000000000000 ) ) ;
#908 = DIRECTION ( 'NONE',  ( -0.000000000000000000, -0.000000000000000000, -1.000000000000000000 ) ) ;
#909 = DIRECTION ( 'NONE',  ( -0.000000000000000000, -0.000000000000000000, 1.000000000000000000 ) ) ;
#910 = VERTEX_POINT ( 'NONE', #5061 ) ;
#911 = ADVANCED_FACE ( 'NONE', ( #2530 ), #7888, .F. ) ;
#912 = CARTESIAN_POINT ( 'NONE',  ( -21.10401706161571767, -10.48531763796957428, -2.000000000000000000 ) ) ;
#913 = CARTESIAN_POINT ( 'NONE',  ( 13.81390900009209943, -19.09181343516790719, -2.000000000000000000 ) ) ;
#914 = CARTESIAN_POINT ( 'NONE',  ( -14.88619985382989697, -19.57897187542435091, 2.099999999999999645 ) ) ;
#915 = CARTESIAN_POINT ( 'NONE',  ( -27.50168352227337110, 4.167564993327535383, 2.099999999999999645 ) ) ;
#916 = CARTESIAN_POINT ( 'NONE',  ( 23.15601641226234975, 6.742658068406557348, 2.099999999999999645 ) ) ;
#917 = DIRECTION ( 'NONE',  ( -0.000000000000000000, -0.000000000000000000, 1.000000000000000000 ) ) ;
#918 = CARTESIAN_POINT ( 'NONE',  ( 27.50168352219545298, 4.167564993355181713, 2.100000000000000089 ) ) ;
#919 = CARTESIAN_POINT ( 'NONE',  ( -1.749999999999992673, -21.00000000000000000, 2.100000000000001865 ) ) ;
#920 = CARTESIAN_POINT ( 'NONE',  ( 24.37956700134304100, 1.099847363974308045, -2.000000000000000000 ) ) ;
#921 = CARTESIAN_POINT ( 'NONE',  ( -14.60388312963064017, 19.32135064906642796, 2.099999999999999645 ) ) ;
#922 = ORIENTED_EDGE ( 'NONE', *, *, #74, .F. ) ;
#923 = CARTESIAN_POINT ( 'NONE',  ( 22.82097940566847782, -5.624866236205934733, -2.000000000000000000 ) ) ;
#924 = CARTESIAN_POINT ( 'NONE',  ( 26.24483786523220274, 1.701370919965213835, -2.000000000000000000 ) ) ;
#925 = CARTESIAN_POINT ( 'NONE',  ( -7.523321135851436914, -26.48008397887759102, -2.000000000000000000 ) ) ;
#926 = CARTESIAN_POINT ( 'NONE',  ( -17.29220078062826005, 16.53076698689342194, 2.099999999999999645 ) ) ;
#927 = CARTESIAN_POINT ( 'NONE',  ( -22.12901452267052704, 13.30176109182831112, -2.000000000000000000 ) ) ;
#928 = CARTESIAN_POINT ( 'NONE',  ( 9.555618961847068604, -22.25484530667600325, 2.100000000000000089 ) ) ;
#929 = AXIS2_PLACEMENT_3D ( 'NONE', #3768, #767, #6802 ) ;
#930 = CARTESIAN_POINT ( 'NONE',  ( 15.51594276222061097, 20.11676867469219943, -2.000000000000000000 ) ) ;
#931 = ORIENTED_EDGE ( 'NONE', *, *, #6117, .F. ) ;
#932 = VECTOR ( 'NONE', #7410, 1000.000000000000000 ) ;
#933 = CARTESIAN_POINT ( 'NONE',  ( -26.16863607189504037, -4.567518758412578705, 2.099999999999999645 ) ) ;
#934 = AXIS2_PLACEMENT_3D ( 'NONE', #1270, #6203, #3127 ) ;
#935 = CARTESIAN_POINT ( 'NONE',  ( -4.189195047382292536, 24.56227459198278140, 2.099999999999999645 ) ) ;
#936 = DIRECTION ( 'NONE',  ( 0.000000000000000000, 0.000000000000000000, 1.000000000000000000 ) ) ;
#937 = CARTESIAN_POINT ( 'NONE',  ( -16.82973023395797441, 20.91308632741409923, -2.000000000000000000 ) ) ;
#938 = CARTESIAN_POINT ( 'NONE',  ( -10.53741832910565712, 23.57101921525814703, -2.000000000000000000 ) ) ;
#939 = DIRECTION ( 'NONE',  ( -1.000000000000000000, 0.000000000000000000, 0.000000000000000000 ) ) ;
#940 = CARTESIAN_POINT ( 'NONE',  ( -19.70744990308224232, -15.74452889495768915, -2.000000000000000000 ) ) ;
#941 = DIRECTION ( 'NONE',  ( 1.000000000000000000, 1.224646799147353207E-16, 0.000000000000000000 ) ) ;
#942 = CARTESIAN_POINT ( 'NONE',  ( 8.843531895616193239, -21.84292484346595842, -2.000000000000000000 ) ) ;
#943 = VECTOR ( 'NONE', #6958, 1000.000000000000000 ) ;
#944 = EDGE_CURVE ( 'NONE', #7446, #7892, #3523, .T. ) ;
#945 = VERTEX_POINT ( 'NONE', #5491 ) ;
#946 = CARTESIAN_POINT ( 'NONE',  ( -7.701896059577412856, -22.44925656542958592, 2.099999999999999645 ) ) ;
#947 = CARTESIAN_POINT ( 'NONE',  ( 22.44798333931210976, -13.70307343545945322, 2.100000000000000089 ) ) ;
#948 = DIRECTION ( 'NONE',  ( 0.000000000000000000, 0.000000000000000000, -1.000000000000000000 ) ) ;
#949 = EDGE_CURVE ( 'NONE', #4645, #5302, #3257, .T. ) ;
#950 = AXIS2_PLACEMENT_3D ( 'NONE', #1569, #2143, #7642 ) ;
#951 = CARTESIAN_POINT ( 'NONE',  ( -24.88813961944796560, -1.197996060026735643, 2.099999999999999645 ) ) ;
#952 = CARTESIAN_POINT ( 'NONE',  ( -17.59296804644544920, 15.58600964088959806, 2.100000000000000089 ) ) ;
#953 = CARTESIAN_POINT ( 'NONE',  ( -2.463801941912927784, -23.38577358155836095, 2.099999999999999645 ) ) ;
#954 = ORIENTED_EDGE ( 'NONE', *, *, #2702, .T. ) ;
#955 = CIRCLE ( 'NONE', #5468, 27.99999957948218920 ) ;
#956 = CARTESIAN_POINT ( 'NONE',  ( -23.76349960547260309, -10.67578541799516501, 2.099999999999999645 ) ) ;
#957 = CARTESIAN_POINT ( 'NONE',  ( 12.88702750944971420, -19.82328597831586947, 2.099999999999999645 ) ) ;
#958 = CARTESIAN_POINT ( 'NONE',  ( -13.18542992737235764, -19.44527382878997557, -2.000000000000000000 ) ) ;
#959 = CARTESIAN_POINT ( 'NONE',  ( -24.95373504430678224, 4.768644361883055183, 2.099999999999999645 ) ) ;
#960 = CARTESIAN_POINT ( 'NONE',  ( 24.76692767734244782, 4.782579349257336965, -2.000000000000000000 ) ) ;
#961 = CARTESIAN_POINT ( 'NONE',  ( -17.91646094264596201, 17.52377780514962069, -2.000000000000000000 ) ) ;
#962 = CARTESIAN_POINT ( 'NONE',  ( -13.09924240491749003, -14.84924240491749892, -3.599999999999998757 ) ) ;
#963 = CARTESIAN_POINT ( 'NONE',  ( -13.25426296490209843, 21.46155364981478542, 2.100000000000000089 ) ) ;
#964 = CARTESIAN_POINT ( 'NONE',  ( 13.50856635788135840, -22.56556696682679686, 2.100000000000000089 ) ) ;
#965 = DIRECTION ( 'NONE',  ( 1.000000000000000000, 0.000000000000000000, 0.000000000000000000 ) ) ;
#966 = ORIENTED_EDGE ( 'NONE', *, *, #2606, .F. ) ;
#967 = CARTESIAN_POINT ( 'NONE',  ( 22.91828645517601615, -5.264681564480667042, -2.000000000000000000 ) ) ;
#968 = CARTESIAN_POINT ( 'NONE',  ( 27.42711506948768729, 2.355539727247161430, -2.000000000000000000 ) ) ;
#969 = CARTESIAN_POINT ( 'NONE',  ( -7.715738321650221110, -25.14266413352904550, 2.099999999999999645 ) ) ;
#970 = CARTESIAN_POINT ( 'NONE',  ( -26.77150907641003741, -1.970609361940798943, -2.000000000000000000 ) ) ;
#971 = CARTESIAN_POINT ( 'NONE',  ( -23.34891248598833968, 15.11752229217972321, -2.000000000000000000 ) ) ;
#972 = CARTESIAN_POINT ( 'NONE',  ( 7.743106042156107982, -24.63076208136009981, 2.100000000000000089 ) ) ;
#973 = EDGE_CURVE ( 'NONE', #7799, #5624, #2390, .T. ) ;
#974 = CARTESIAN_POINT ( 'NONE',  ( 15.02890815691218229, 19.71604682249878238, 2.099999999999999645 ) ) ;
#975 = CARTESIAN_POINT ( 'NONE',  ( 21.38382933992361501, -12.54282366362884105, -2.000000000000000000 ) ) ;
#976 = CARTESIAN_POINT ( 'NONE',  ( -5.995909907728622201, 27.35048520292562202, -2.000000000000000000 ) ) ;
#977 = CARTESIAN_POINT ( 'NONE',  ( 7.452140385464001149, -26.79882083615303401, 2.099999999999999645 ) ) ;
#978 = CARTESIAN_POINT ( 'NONE',  ( -14.21926140100350722, 19.11953582679382535, -2.000000000000000000 ) ) ;
#979 = CARTESIAN_POINT ( 'NONE',  ( -9.230471089887535285, 21.96684885186929037, 2.099999999999999645 ) ) ;
#980 = CARTESIAN_POINT ( 'NONE',  ( -2.320354714939441898, 23.45074361513812278, 2.100000000000000089 ) ) ;
#981 = CARTESIAN_POINT ( 'NONE',  ( -17.76075994573093197, -17.29583732711387967, -2.000000000000000000 ) ) ;
#982 = FACE_BOUND ( 'NONE', #7184, .T. ) ;
#983 = CARTESIAN_POINT ( 'NONE',  ( 10.89735721165043358, -23.93603524774560043, -2.000000000000000000 ) ) ;
#984 = VERTEX_POINT ( 'NONE', #2312 ) ;
#985 = CARTESIAN_POINT ( 'NONE',  ( -9.555618961847061499, -22.25484530667600680, -2.000000000000000000 ) ) ;
#986 = EDGE_CURVE ( 'NONE', #7318, #5494, #6868, .T. ) ;
#987 = CARTESIAN_POINT ( 'NONE',  ( 5.376315588043452109, -26.60062371204863396, -2.000000000000000000 ) ) ;
#988 = CARTESIAN_POINT ( 'NONE',  ( 25.03107770533010523, -1.235924829161913374, -2.000000000000000000 ) ) ;
#989 = CARTESIAN_POINT ( 'NONE',  ( -7.605017794998031100, -22.88729425358476988, -2.000000000000000000 ) ) ;
#990 = ADVANCED_FACE ( 'NONE', ( #4176 ), #6029, .F. ) ;
#991 = CARTESIAN_POINT ( 'NONE',  ( -25.19179192507393239, -1.283507464112910057, -2.000000000000000000 ) ) ;
#992 = CARTESIAN_POINT ( 'NONE',  ( -18.40868586258353545, 18.43357243192680173, 2.100000000000000089 ) ) ;
#993 = CARTESIAN_POINT ( 'NONE',  ( -2.833089530561774261, -23.33259147460854166, 2.099999999999999645 ) ) ;
#994 = ORIENTED_EDGE ( 'NONE', *, *, #2429, .T. ) ;
#995 = CARTESIAN_POINT ( 'NONE',  ( -21.91017567687077872, -10.32144346381600108, 2.099999999999999645 ) ) ;
#996 = CARTESIAN_POINT ( 'NONE',  ( 13.64180598451883597, -23.91017226877098167, -2.000000000000000000 ) ) ;
#997 = CARTESIAN_POINT ( 'NONE',  ( -12.88702750944971243, -19.82328597831587658, 2.099999999999999645 ) ) ;
#998 = CARTESIAN_POINT ( 'NONE',  ( 9.324636732261661010, 22.03037936177864964, 2.100000000000000089 ) ) ;
#999 = CARTESIAN_POINT ( 'NONE',  ( 23.93435179486865749, 4.766524473500989956, 2.099999999999999645 ) ) ;
#1000 = CARTESIAN_POINT ( 'NONE',  ( -18.96747865530087296, 19.95068825630396958, -2.000000000000000000 ) ) ;
#1001 = CARTESIAN_POINT ( 'NONE',  ( 19.70744990308224587, -15.74452889495767849, 2.100000000000000089 ) ) ;
#1002 = CARTESIAN_POINT ( 'NONE',  ( -13.50856635788135840, 22.56556696682679686, 2.100000000000000089 ) ) ;
#1003 = CARTESIAN_POINT ( 'NONE',  ( 27.69989816616296707, 2.535120532250970893, -2.000000000000000000 ) ) ;
#1004 =( NAMED_UNIT ( * ) PLANE_ANGLE_UNIT ( ) SI_UNIT ( $, .RADIAN. ) );
#1005 = ORIENTED_EDGE ( 'NONE', *, *, #1679, .F. ) ;
#1006 = CARTESIAN_POINT ( 'NONE',  ( 26.16863607189503682, -4.567518758412567159, 2.099999999999999645 ) ) ;
#1007 = CARTESIAN_POINT ( 'NONE',  ( -25.56471904745757939, -1.411662356313491795, -2.000000000000000000 ) ) ;
#1008 = CARTESIAN_POINT ( 'NONE',  ( -21.84033501313437142, 12.97800555654220389, 2.099999999999999645 ) ) ;
#1009 = CARTESIAN_POINT ( 'NONE',  ( 10.53741832910564824, 23.57101921525815058, 2.099999999999999645 ) ) ;
#1010 = EDGE_CURVE ( 'NONE', #4997, #3637, #7325, .T. ) ;
#1011 = CARTESIAN_POINT ( 'NONE',  ( 7.452140385482026730, -26.79882083607232346, 2.100000000000000089 ) ) ;
#1012 = CARTESIAN_POINT ( 'NONE',  ( 16.30896799194538360, 20.63258928533522152, 2.099999999999999645 ) ) ;
#1013 = ORIENTED_EDGE ( 'NONE', *, *, #2207, .F. ) ;
#1014 = CARTESIAN_POINT ( 'NONE',  ( 19.05257563433238133, 20.26599507132417344, 2.099999999999999645 ) ) ;
#1015 = CARTESIAN_POINT ( 'NONE',  ( -3.952016953262640797, 23.89496924813284906, 2.099999999999999645 ) ) ;
#1016 = LINE ( 'NONE', #5920, #2501 ) ;
#1017 = CARTESIAN_POINT ( 'NONE',  ( -12.85055170543025049, 19.95373759773044142, -2.000000000000000000 ) ) ;
#1018 = CARTESIAN_POINT ( 'NONE',  ( -9.324636732261669891, 22.03037936177864964, 2.099999999999999645 ) ) ;
#1019 = CARTESIAN_POINT ( 'NONE',  ( -26.06641539771073468, -8.850830286109186318, -2.000000000000000000 ) ) ;
#1020 = CARTESIAN_POINT ( 'NONE',  ( 10.53741832910564824, 23.57101921525815058, -2.000000000000000000 ) ) ;
#1021 = CARTESIAN_POINT ( 'NONE',  ( 5.995909907646391090, 27.35048520283306317, -2.000000000000000000 ) ) ;
#1022 = CARTESIAN_POINT ( 'NONE',  ( 9.945601713251333464, -22.84599953686306506, -2.000000000000000000 ) ) ;
#1023 = CARTESIAN_POINT ( 'NONE',  ( -11.10648537714066819, -24.13101166629981265, -2.000000000000000000 ) ) ;
#1024 = CARTESIAN_POINT ( 'NONE',  ( 5.376315588043452109, -26.60062371204863396, 2.099999999999999645 ) ) ;
#1025 = CARTESIAN_POINT ( 'NONE',  ( -8.148726673636438989, -22.03570943365875223, -2.000000000000000000 ) ) ;
#1026 = CARTESIAN_POINT ( 'NONE',  ( -23.63491054742290132, -0.6550942090464579870, 2.099999999999999645 ) ) ;
#1027 = CARTESIAN_POINT ( 'NONE',  ( 22.74963530479514873, -6.146178943449467802, 2.100000000000000089 ) ) ;
#1028 = CARTESIAN_POINT ( 'NONE',  ( -1.881261915648288596, -24.14640443156746841, 2.099999999999999645 ) ) ;
#1029 = ORIENTED_EDGE ( 'NONE', *, *, #7003, .T. ) ;
#1030 = CARTESIAN_POINT ( 'NONE',  ( -20.86952096496492004, -12.08832612917523264, -2.000000000000000000 ) ) ;
#1031 = CARTESIAN_POINT ( 'NONE',  ( 12.94401591853666211, -20.68877481383771411, 2.099999999999999645 ) ) ;
#1032 = CARTESIAN_POINT ( 'NONE',  ( -12.88716835993242427, -20.50631329690557791, 2.099999999999999645 ) ) ;
#1033 = CARTESIAN_POINT ( 'NONE',  ( -22.82097940566847782, 5.624866236205926739, -2.000000000000000000 ) ) ;
#1034 = CARTESIAN_POINT ( 'NONE',  ( 25.38450439115045043, 4.717739787684809727, 2.099999999999999645 ) ) ;
#1035 = CARTESIAN_POINT ( 'NONE',  ( 18.19936168673940813, -18.00918889841834414, -2.000000000000000000 ) ) ;
#1036 = CARTESIAN_POINT ( 'NONE',  ( 18.70321540207056543, -15.22676155773647899, 2.100000000000000089 ) ) ;
#1037 = CARTESIAN_POINT ( 'NONE',  ( -13.64872344093926770, 24.44815585854584938, 2.100000000000000089 ) ) ;
#1038 = CARTESIAN_POINT ( 'NONE',  ( -13.55023046621763783, 22.84843530275376011, 2.099999999999999645 ) ) ;
#1039 = EDGE_LOOP ( 'NONE', ( #3313, #5130 ) ) ;
#1040 = CARTESIAN_POINT ( 'NONE',  ( 23.15601641226234975, -6.742658068406535143, -2.000000000000000000 ) ) ;
#1041 = CARTESIAN_POINT ( 'NONE',  ( 25.70517099647030079, 10.62804679002983832, -2.000000000000000000 ) ) ;
#1042 = CARTESIAN_POINT ( 'NONE',  ( 0.000000000000000000, 0.000000000000000000, 2.100000000000000089 ) ) ;
#1043 = CARTESIAN_POINT ( 'NONE',  ( 15.87213422487472947, -20.36431896814133680, -2.000000000000000000 ) ) ;
#1044 = CARTESIAN_POINT ( 'NONE',  ( 10.25081980592598541, 23.24542008693366313, 2.099999999999999645 ) ) ;
#1045 = CARTESIAN_POINT ( 'NONE',  ( 18.40868586258351414, 18.43357243192681238, -2.000000000000000000 ) ) ;
#1046 = CARTESIAN_POINT ( 'NONE',  ( 17.35181857730701083, -15.87069998699208462, -2.000000000000000000 ) ) ;
#1047 = VERTEX_POINT ( 'NONE', #4249 ) ;
#1048 = VECTOR ( 'NONE', #7168, 1000.000000000000000 ) ;
#1049 = CARTESIAN_POINT ( 'NONE',  ( 0.000000000000000000, 0.000000000000000000, 2.100000000000000089 ) ) ;
#1050 = CARTESIAN_POINT ( 'NONE',  ( -1.846803834033476699, 24.33438445894235613, -2.000000000000000000 ) ) ;
#1051 = CARTESIAN_POINT ( 'NONE',  ( 24.32345666766047643, 4.791663430616663000, -2.000000000000000000 ) ) ;
#1052 = CARTESIAN_POINT ( 'NONE',  ( 17.12241726305227729, 21.05518411798322376, -2.000000000000000000 ) ) ;
#1053 = CARTESIAN_POINT ( 'NONE',  ( -9.121658707306945502, 21.91081161619597495, -2.000000000000000000 ) ) ;
#1054 =( GEOMETRIC_REPRESENTATION_CONTEXT ( 3 ) GLOBAL_UNCERTAINTY_ASSIGNED_CONTEXT ( ( #3872 ) ) GLOBAL_UNIT_ASSIGNED_CONTEXT ( ( #1085, #7815, #7322 ) ) REPRESENTATION_CONTEXT ( 'NONE', 'WORKASPACE' ) );
#1055 = CARTESIAN_POINT ( 'NONE',  ( -1.726035193247326571, 25.34659078107458896, 2.100000000000000089 ) ) ;
#1056 = CARTESIAN_POINT ( 'NONE',  ( 9.768079280210443471, 22.57254334279472374, -2.000000000000000000 ) ) ;
#1057 = CARTESIAN_POINT ( 'NONE',  ( 7.657608382361896560, -22.56335699501520864, -2.000000000000000000 ) ) ;
#1058 = CIRCLE ( 'NONE', #3123, 1.749999999999999778 ) ;
#1059 = CARTESIAN_POINT ( 'NONE',  ( -7.656852614504648713, -23.37322600383987847, 2.100000000000000089 ) ) ;
#1060 = DIRECTION ( 'NONE',  ( -0.000000000000000000, -0.000000000000000000, -1.000000000000000000 ) ) ;
#1061 = CARTESIAN_POINT ( 'NONE',  ( 9.555618961847068604, -22.25484530667600325, -2.000000000000000000 ) ) ;
#1062 = CARTESIAN_POINT ( 'NONE',  ( -7.988790274807833214, -22.11659910479056634, -2.000000000000000000 ) ) ;
#1063 = VECTOR ( 'NONE', #170, 1000.000000000000000 ) ;
#1064 = CARTESIAN_POINT ( 'NONE',  ( -24.37956700134304100, -1.099847363974311154, 2.099999999999999645 ) ) ;
#1065 = CARTESIAN_POINT ( 'NONE',  ( 24.48402185937397491, -7.488679734998055615, 2.100000000000000089 ) ) ;
#1066 = CARTESIAN_POINT ( 'NONE',  ( -1.379935885169552234, -26.52839079975560210, -2.000000000000000000 ) ) ;
#1067 = ORIENTED_EDGE ( 'NONE', *, *, #3862, .T. ) ;
#1068 = FACE_OUTER_BOUND ( 'NONE', #6250, .T. ) ;
#1069 = VECTOR ( 'NONE', #6374, 1000.000000000000000 ) ;
#1070 = CARTESIAN_POINT ( 'NONE',  ( 13.61524630358647414, -23.47600944080825869, 2.099999999999999645 ) ) ;
#1071 = CARTESIAN_POINT ( 'NONE',  ( -13.35177211813241982, -19.34338136197018798, -2.000000000000000000 ) ) ;
#1072 = CARTESIAN_POINT ( 'NONE',  ( -22.82097940566847782, 5.624866236205926739, 2.099999999999999645 ) ) ;
#1073 = CARTESIAN_POINT ( 'NONE',  ( 25.38450439115045043, 4.717739787684809727, -2.000000000000000000 ) ) ;
#1074 = CARTESIAN_POINT ( 'NONE',  ( 23.44696895445778395, 15.30488886923690650, 2.100000000000000089 ) ) ;
#1075 = CARTESIAN_POINT ( 'NONE',  ( 17.76075994573093553, -17.29583732711386901, 2.100000000000000089 ) ) ;
#1076 = CARTESIAN_POINT ( 'NONE',  ( 20.99240193721332304, -10.59640443373927354, 2.099999999999999645 ) ) ;
#1077 =( NAMED_UNIT ( * ) SI_UNIT ( $, .STERADIAN. ) SOLID_ANGLE_UNIT ( ) );
#1078 = EDGE_LOOP ( 'NONE', ( #1767, #3058, #7857, #2588 ) ) ;
#1079 = CARTESIAN_POINT ( 'NONE',  ( -12.84317218923418835, -20.29695877980780594, -2.000000000000000000 ) ) ;
#1080 = CARTESIAN_POINT ( 'NONE',  ( -7.865059710290389638, 22.21401039568610258, -2.000000000000000000 ) ) ;
#1081 = ADVANCED_FACE ( 'NONE', ( #6106 ), #547, .F. ) ;
#1082 = CARTESIAN_POINT ( 'NONE',  ( -27.87379644711753102, -2.655456283891160840, -2.000000000000000000 ) ) ;
#1083 = CARTESIAN_POINT ( 'NONE',  ( 15.36687483434010737, -20.00332296475708915, -2.000000000000000000 ) ) ;
#1084 = ADVANCED_FACE ( 'NONE', ( #6187 ), #1336, .F. ) ;
#1085 =( LENGTH_UNIT ( ) NAMED_UNIT ( * ) SI_UNIT ( .MILLI., .METRE. ) );
#1086 = CARTESIAN_POINT ( 'NONE',  ( 17.28752988749539554, 16.01445386190352238, -2.000000000000000000 ) ) ;
#1087 = CARTESIAN_POINT ( 'NONE',  ( 17.51903422860499759, -16.98989084997259624, -2.000000000000000000 ) ) ;
#1088 = CARTESIAN_POINT ( 'NONE',  ( 8.673617379884035472E-15, -21.00000000000000000, 2.100000000000001865 ) ) ;
#1089 = ORIENTED_EDGE ( 'NONE', *, *, #1587, .T. ) ;
#1090 = CARTESIAN_POINT ( 'NONE',  ( 0.000000000000000000, 0.000000000000000000, 2.100000000000000089 ) ) ;
#1091 = CARTESIAN_POINT ( 'NONE',  ( -1.379935885169571108, 26.52839079975561276, -2.000000000000000000 ) ) ;
#1092 = CARTESIAN_POINT ( 'NONE',  ( 25.38450439115045043, 4.717739787684809727, -2.000000000000000000 ) ) ;
#1093 = CARTESIAN_POINT ( 'NONE',  ( -23.44696895445778750, -15.30488886923689407, -2.000000000000000000 ) ) ;
#1094 = CARTESIAN_POINT ( 'NONE',  ( -18.62447386782101688, 18.94171889292491784, 2.099999999999999645 ) ) ;
#1095 = CARTESIAN_POINT ( 'NONE',  ( -22.74963530479514873, -6.146178943449475796, -2.000000000000000000 ) ) ;
#1096 = CARTESIAN_POINT ( 'NONE',  ( -7.733032203436374097, 24.00987265162540751, -2.000000000000000000 ) ) ;
#1097 = CARTESIAN_POINT ( 'NONE',  ( 1.840779285638389329, 24.52644730507024562, 2.100000000000000089 ) ) ;
#1098 = B_SPLINE_SURFACE_WITH_KNOTS ( 'NONE', 3, 1, ( 
 ( #837, #7641 ),
 ( #792, #6422 ),
 ( #7519, #2097 ),
 ( #4442, #2751 ),
 ( #6913, #5207 ),
 ( #7080, #3838 ),
 ( #7687, #4562 ),
 ( #1370, #5737 ),
 ( #3226, #7042 ),
 ( #1529, #4003 ),
 ( #7564, #190 ),
 ( #2670, #7604 ),
 ( #2906, #2792 ),
 ( #1646, #5247 ),
 ( #344, #7725 ),
 ( #7274, #2182 ),
 ( #5366, #2298 ),
 ( #3428, #1032 ),
 ( #4041, #4680 ),
 ( #3507, #4121 ),
 ( #5903, #6541 ),
 ( #7157, #6617 ),
 ( #2219, #4637 ),
 ( #4199, #997 ),
 ( #7116, #1568 ),
 ( #6503, #419 ),
 ( #958, #3470 ),
 ( #1071, #5975 ),
 ( #2332, #2941 ),
 ( #5937, #2828 ),
 ( #382, #7842 ),
 ( #2865, #1724 ),
 ( #3546, #7765 ),
 ( #454, #1682 ),
 ( #6577, #5283 ),
 ( #6015, #5326 ),
 ( #1612, #4084 ),
 ( #7804, #2259 ),
 ( #4758, #4724 ),
 ( #7196, #914 ),
 ( #4161, #7232 ),
 ( #7877, #4795 ),
 ( #3388, #5861 ),
 ( #309, #6778 ),
 ( #530, #7992 ),
 ( #6656, #4234 ),
 ( #64, #1112 ),
 ( #4274, #4958 ),
 ( #7349, #1926 ),
 ( #3703, #20 ),
 ( #4914, #5562 ),
 ( #7430, #6051 ),
 ( #3584, #7312 ),
 ( #1196, #613 ),
 ( #3745, #7387 ) ),
 .UNSPECIFIED., .F., .F., .F.,
 ( 4, 1, 1, 1, 1, 1, 1, 1, 1, 1, 1, 1, 1, 1, 1, 1, 1, 1, 1, 1, 1, 1, 1, 1, 1, 1, 1, 1, 1, 1, 1, 1, 1, 1, 1, 1, 1, 1, 1, 1, 1, 1, 1, 1, 1, 1, 1, 1, 1, 1, 1, 1, 4 ),
 ( 2, 2 ),
 ( 0.01037070963360204462, 0.06767854499841075011, 0.09884629602760430789, 0.1282330327458526265, 0.1558387551553858108, 0.1816634632588949305, 0.2057071570596704646, 0.2279698365617907063, 0.2484515017704002071, 0.2671521526921107892, 0.2840717893356240475, 0.2992104117127127871, 0.3125680198398574916, 0.3241446137411457817, 0.3339401934538051009, 0.3662021699428081867, 0.3760430630535980256, 0.3856763336118157470, 0.3952492422856400678, 0.4049624801021076692, 0.4150869914083017420, 0.4259748013331248195, 0.4380386266454291411, 0.4516469595390834035, 0.4668849008038628012, 0.4803437228220500677, 0.5000000000000002220, 0.5196562771779504875, 0.5331150991961376429, 0.5483530404609170406, 0.5619613733545713030, 0.5740251986668756246, 0.5849130085916987021, 0.5950375198978927749, 0.6047507577143603763, 0.6143236663881848081, 0.6239569369464024184, 0.6337978300571922574, 0.6660598065461953432, 0.6758553862588546624, 0.6874319801601429525, 0.7007895882872876570, 0.7159282106643762855, 0.7328478473078895439, 0.7515484982296001260, 0.7720301634382096267, 0.7942928429403297574, 0.8183365367411052915, 0.8441612448446143002, 0.8717669672541474846, 0.9011537039723958031, 0.9323214550015893609, 0.9896292903664016816 ),
 ( 0.000000000000000000, 1.000000000000000000 ),
 .UNSPECIFIED. ) ;
#1099 = CARTESIAN_POINT ( 'NONE',  ( -12.36707919785808230, -25.12081464783656060, -2.000000000000000000 ) ) ;
#1100 = CARTESIAN_POINT ( 'NONE',  ( 1.881261915648297478, -24.14640443156747196, 2.099999999999999645 ) ) ;
#1101 = CYLINDRICAL_SURFACE ( 'NONE', #33, 1.749999999999999778 ) ;
#1102 = CARTESIAN_POINT ( 'NONE',  ( 21.58955567576247958, 12.72687891813090921, -2.000000000000000000 ) ) ;
#1103 = CARTESIAN_POINT ( 'NONE',  ( 13.30747633062665258, 21.64116298680352557, 2.100000000000000089 ) ) ;
#1104 = CARTESIAN_POINT ( 'NONE',  ( -27.42711506948768729, -2.355539727247164539, 2.099999999999999645 ) ) ;
#1105 = EDGE_CURVE ( 'NONE', #781, #5567, #5331, .T. ) ;
#1106 = CARTESIAN_POINT ( 'NONE',  ( 23.10489730742584413, -5.020145956116670583, 2.100000000000000089 ) ) ;
#1107 = DIRECTION ( 'NONE',  ( -1.000000000000000000, 0.000000000000000000, 0.000000000000000000 ) ) ;
#1108 = CARTESIAN_POINT ( 'NONE',  ( -1.555379675915617765, -26.00494379640384324, -2.000000000000000000 ) ) ;
#1109 = EDGE_LOOP ( 'NONE', ( #1233, #6066, #3033, #7527 ) ) ;
#1110 = DIRECTION ( 'NONE',  ( -1.000000000000000000, 0.000000000000000000, 0.000000000000000000 ) ) ;
#1111 = CARTESIAN_POINT ( 'NONE',  ( 13.20212662322860275, -21.30225842247369172, 2.099999999999999645 ) ) ;
#1112 = CARTESIAN_POINT ( 'NONE',  ( -15.87213422487472236, -20.36431896814133680, 2.099999999999999645 ) ) ;
#1113 = CARTESIAN_POINT ( 'NONE',  ( -22.79134869580807177, 6.292262679950354709, 2.099999999999999645 ) ) ;
#1114 = PLANE ( 'NONE',  #4297 ) ;
#1115 = CARTESIAN_POINT ( 'NONE',  ( 17.25657676350752823, -16.16318976602639168, -2.000000000000000000 ) ) ;
#1116 = CARTESIAN_POINT ( 'NONE',  ( 22.62472946281705077, -16.49610842548438683, 2.100000000000000089 ) ) ;
#1117 = CARTESIAN_POINT ( 'NONE',  ( 21.80373651133527702, -10.30832712212200342, 2.099999999999999645 ) ) ;
#1118 = CARTESIAN_POINT ( 'NONE',  ( -13.30747633062666146, 21.64116298680352202, 2.099999999999999645 ) ) ;
#1119 = ORIENTED_EDGE ( 'NONE', *, *, #2946, .F. ) ;
#1120 = CARTESIAN_POINT ( 'NONE',  ( -13.18542992737235764, -19.44527382878997557, -2.000000000000000000 ) ) ;
#1121 = CARTESIAN_POINT ( 'NONE',  ( -24.02931632081062574, -10.69009516955077110, -2.000000000000000000 ) ) ;
#1122 = CARTESIAN_POINT ( 'NONE',  ( -26.00281877978270373, -1.590510388571586997, -2.000000000000000000 ) ) ;
#1123 = PRESENTATION_STYLE_ASSIGNMENT (( #7244 ) ) ;
#1124 = CARTESIAN_POINT ( 'NONE',  ( 17.59296804644543499, 15.58600964088961049, -2.000000000000000000 ) ) ;
#1125 = CARTESIAN_POINT ( 'NONE',  ( 18.83778878485559360, -19.53549755878801264, -2.000000000000000000 ) ) ;
#1126 = ORIENTED_EDGE ( 'NONE', *, *, #1700, .F. ) ;
#1127 = CARTESIAN_POINT ( 'NONE',  ( -25.75863198250609898, -8.543467069173807715, 2.100000000000000089 ) ) ;
#1128 = CARTESIAN_POINT ( 'NONE',  ( 21.98040231662191957, -13.13048226772782279, -2.000000000000000000 ) ) ;
#1129 = CARTESIAN_POINT ( 'NONE',  ( -1.824858090210279782, 24.72368248555339676, 2.099999999999999645 ) ) ;
#1130 = CARTESIAN_POINT ( 'NONE',  ( 26.50130185302208830, 1.827769560624223022, 2.100000000000000089 ) ) ;
#1131 = CARTESIAN_POINT ( 'NONE',  ( 13.36064030761171573, 21.84126693107096528, -2.000000000000000000 ) ) ;
#1132 = CARTESIAN_POINT ( 'NONE',  ( 21.58843454132472317, -10.30659784155100667, 2.100000000000000089 ) ) ;
#1133 = CARTESIAN_POINT ( 'NONE',  ( -22.99371384847795596, -6.601180838822660490, -2.000000000000000000 ) ) ;
#1134 = CARTESIAN_POINT ( 'NONE',  ( -7.745447077757183330, 24.40400991946479081, -2.000000000000000000 ) ) ;
#1135 = CARTESIAN_POINT ( 'NONE',  ( 1.379935885169537357, 26.52839079975560566, 2.100000000000000089 ) ) ;
#1136 = CARTESIAN_POINT ( 'NONE',  ( -11.58603556222320030, -24.54102139527088156, -2.000000000000000000 ) ) ;
#1137 = CARTESIAN_POINT ( 'NONE',  ( 1.939597136465246008, -23.94058417290087348, -2.000000000000000000 ) ) ;
#1138 = CARTESIAN_POINT ( 'NONE',  ( 12.36707919785805565, -25.12081464783652507, -2.000000000000000000 ) ) ;
#1139 = CARTESIAN_POINT ( 'NONE',  ( 22.61633054543465704, -13.93417863138606627, -2.000000000000000000 ) ) ;
#1140 = CARTESIAN_POINT ( 'NONE',  ( 12.36707919775603415, -25.12081464776628792, 2.100000000000000089 ) ) ;
#1141 = CARTESIAN_POINT ( 'NONE',  ( -27.05471844848150909, 2.130765319231053834, -2.000000000000000000 ) ) ;
#1142 = CARTESIAN_POINT ( 'NONE',  ( -1.555379675915617765, -26.00494379640384324, -2.000000000000000000 ) ) ;
#1143 = DIRECTION ( 'NONE',  ( -0.000000000000000000, -0.000000000000000000, -1.000000000000000000 ) ) ;
#1144 = CARTESIAN_POINT ( 'NONE',  ( 0.8222171190492787440, 27.80350973424099692, -2.000000000000000000 ) ) ;
#1145 = ORIENTED_EDGE ( 'NONE', *, *, #2429, .F. ) ;
#1146 = CARTESIAN_POINT ( 'NONE',  ( -18.30266578660393506, -18.21105589998884966, 2.100000000000000089 ) ) ;
#1147 = EDGE_CURVE ( 'NONE', #5397, #4408, #6879, .T. ) ;
#1148 = CARTESIAN_POINT ( 'NONE',  ( 1.623578263684214873, -25.76808346599204924, -2.000000000000000000 ) ) ;
#1149 = CARTESIAN_POINT ( 'NONE',  ( -2.320354714939425023, -23.45074361513812278, 2.100000000000000089 ) ) ;
#1150 = CARTESIAN_POINT ( 'NONE',  ( -24.12574046566792063, 4.783694468719397186, -2.000000000000000000 ) ) ;
#1151 = CARTESIAN_POINT ( 'NONE',  ( -17.59296804644543855, -15.58600964088961049, 2.099999999999999645 ) ) ;
#1152 = CARTESIAN_POINT ( 'NONE',  ( 18.09985454995501541, -17.82762258356554597, -2.000000000000000000 ) ) ;
#1153 = CARTESIAN_POINT ( 'NONE',  ( 21.34551800689747836, -16.27777197600731540, 2.100000000000000089 ) ) ;
#1154 = EDGE_CURVE ( 'NONE', #4812, #4802, #15, .T. ) ;
#1155 = CARTESIAN_POINT ( 'NONE',  ( 21.58843454132472317, -10.30659784155100667, -2.000000000000000000 ) ) ;
#1156 = VERTEX_POINT ( 'NONE', #7285 ) ;
#1157 = CARTESIAN_POINT ( 'NONE',  ( -13.04949915500204760, -19.56208827861912525, -2.000000000000000000 ) ) ;
#1158 = CARTESIAN_POINT ( 'NONE',  ( -21.35721522671293471, -10.35169942632023954, -2.000000000000000000 ) ) ;
#1159 = CARTESIAN_POINT ( 'NONE',  ( -24.59949625084631819, 4.790317889056091794, -2.000000000000000000 ) ) ;
#1160 = CARTESIAN_POINT ( 'NONE',  ( 20.07157227525352994, 15.89590000543998194, -2.000000000000000000 ) ) ;
#1161 = FACE_BOUND ( 'NONE', #4570, .T. ) ;
#1162 = CARTESIAN_POINT ( 'NONE',  ( 19.10294300321430683, -20.47138356518677682, -2.000000000000000000 ) ) ;
#1163 = CARTESIAN_POINT ( 'NONE',  ( 17.12241726305227729, 21.05518411798322376, 2.099999999999999645 ) ) ;
#1164 = B_SPLINE_SURFACE_WITH_KNOTS ( 'NONE', 3, 1, ( 
 ( #542, #7399 ),
 ( #1856, #2428 ),
 ( #2469, #4885 ),
 ( #7359, #3714 ),
 ( #1808, #8003 ),
 ( #7480, #2515 ),
 ( #623, #4971 ),
 ( #6828, #1289 ),
 ( #3755, #1938 ),
 ( #6915, #2712 ),
 ( #1531, #6299 ),
 ( #229, #5165 ),
 ( #754, #5696 ),
 ( #2021, #3840 ),
 ( #5819, #2632 ),
 ( #2099, #5089 ),
 ( #6337, #4484 ),
 ( #6955, #1409 ),
 ( #4005, #916 ),
 ( #7044, #3390 ),
 ( #794, #5863 ),
 ( #3965, #1493 ),
 ( #3271, #5125 ),
 ( #7606, #192 ),
 ( #2060, #4522 ),
 ( #6999, #1450 ),
 ( #3925, #6382 ),
 ( #346, #4163 ),
 ( #2830, #4726 ),
 ( #4797, #1684 ),
 ( #6053, #6658 ),
 ( #2981, #421 ),
 ( #3548, #7918 ),
 ( #456, #4639 ),
 ( #5939, #6017 ),
 ( #2334, #5401 ),
 ( #7844, #5905 ),
 ( #1726, #1648 ),
 ( #384, #999 ),
 ( #5287, #2867 ),
 ( #6619, #4123 ),
 ( #1570, #6579 ),
 ( #2261, #4682 ),
 ( #960, #7767 ),
 ( #3472, #6505 ),
 ( #7276, #4760 ),
 ( #1073, #1034 ),
 ( #2221, #7198 ),
 ( #490, #7118 ),
 ( #3509, #2943 ),
 ( #5328, #4043 ),
 ( #5437, #5368 ),
 ( #6543, #3430 ),
 ( #7159, #2300 ),
 ( #2908, #7879 ) ),
 .UNSPECIFIED., .F., .F., .F.,
 ( 4, 1, 1, 1, 1, 1, 1, 1, 1, 1, 1, 1, 1, 1, 1, 1, 1, 1, 1, 1, 1, 1, 1, 1, 1, 1, 1, 1, 1, 1, 1, 1, 1, 1, 1, 1, 1, 1, 1, 1, 1, 1, 1, 1, 1, 1, 1, 1, 1, 1, 1, 1, 4 ),
 ( 2, 2 ),
 ( 0.01037070963360204462, 0.06767854499841075011, 0.09884629602760430789, 0.1282330327458526265, 0.1558387551553858108, 0.1816634632588949305, 0.2057071570596704646, 0.2279698365617907063, 0.2484515017704002071, 0.2671521526921107892, 0.2840717893356240475, 0.2992104117127127871, 0.3125680198398574916, 0.3241446137411457817, 0.3339401934538051009, 0.3662021699428081867, 0.3760430630535980256, 0.3856763336118157470, 0.3952492422856400678, 0.4049624801021076692, 0.4150869914083017420, 0.4259748013331248195, 0.4380386266454291411, 0.4516469595390834035, 0.4668849008038628012, 0.4803437228220500677, 0.5000000000000002220, 0.5196562771779504875, 0.5331150991961376429, 0.5483530404609170406, 0.5619613733545713030, 0.5740251986668756246, 0.5849130085916987021, 0.5950375198978927749, 0.6047507577143603763, 0.6143236663881848081, 0.6239569369464024184, 0.6337978300571922574, 0.6660598065461953432, 0.6758553862588546624, 0.6874319801601429525, 0.7007895882872876570, 0.7159282106643762855, 0.7328478473078895439, 0.7515484982296001260, 0.7720301634382096267, 0.7942928429403297574, 0.8183365367411052915, 0.8441612448446143002, 0.8717669672541474846, 0.9011537039723958031, 0.9323214550015893609, 0.9896292903664016816 ),
 ( 0.000000000000000000, 1.000000000000000000 ),
 .UNSPECIFIED. ) ;
#1165 = CARTESIAN_POINT ( 'NONE',  ( 23.49332454121249825, 0.1947784575707320609, 2.100000000000000089 ) ) ;
#1166 = ORIENTED_EDGE ( 'NONE', *, *, #1264, .T. ) ;
#1167 = EDGE_LOOP ( 'NONE', ( #6094, #2581 ) ) ;
#1168 = AXIS2_PLACEMENT_3D ( 'NONE', #2974, #1143, #6083 ) ;
#1169 = LINE ( 'NONE', #7251, #1348 ) ;
#1170 = CARTESIAN_POINT ( 'NONE',  ( -1.145856306001376446, 27.11429446801521692, -2.000000000000000000 ) ) ;
#1171 = CARTESIAN_POINT ( 'NONE',  ( 24.76338133992250690, 1.168557790373921934, 2.100000000000000089 ) ) ;
#1172 = FACE_OUTER_BOUND ( 'NONE', #5579, .T. ) ;
#1173 = CARTESIAN_POINT ( 'NONE',  ( 14.60388312963063129, 19.32135064906643507, -2.000000000000000000 ) ) ;
#1174 = CARTESIAN_POINT ( 'NONE',  ( -18.09985454995501897, 17.82762258356554241, -2.000000000000000000 ) ) ;
#1175 = CARTESIAN_POINT ( 'NONE',  ( -1.555379675915636417, 26.00494379640385390, 2.100000000000000089 ) ) ;
#1176 = CARTESIAN_POINT ( 'NONE',  ( -25.91507308940470722, 10.60230933437667566, 2.100000000000000089 ) ) ;
#1177 = CARTESIAN_POINT ( 'NONE',  ( 1.762385718735274720, 25.16282512725969056, 2.100000000000000089 ) ) ;
#1178 = APPLICATION_CONTEXT ( 'automotive_design' ) ;
#1179 = CARTESIAN_POINT ( 'NONE',  ( -10.38530154243853154, -23.40284517865930880, -2.000000000000000000 ) ) ;
#1180 = CIRCLE ( 'NONE', #6736, 1.749999999999999778 ) ;
#1181 = CARTESIAN_POINT ( 'NONE',  ( 1.981471996725006290, -23.84030691368550237, 2.099999999999999645 ) ) ;
#1182 = DIRECTION ( 'NONE',  ( 1.000000000000000000, 0.000000000000000000, 0.000000000000000000 ) ) ;
#1183 = CARTESIAN_POINT ( 'NONE',  ( 22.78920619399658420, 14.18622855212693246, 2.099999999999999645 ) ) ;
#1184 = CARTESIAN_POINT ( 'NONE',  ( 15.36687483434009849, 20.00332296475709626, 2.100000000000000089 ) ) ;
#1185 = CARTESIAN_POINT ( 'NONE',  ( 19.25000000000000355, 2.602085213965210642E-15, 2.100000000000001865 ) ) ;
#1186 = CARTESIAN_POINT ( 'NONE',  ( 23.32186741149924103, -4.882063647943439832, 2.100000000000000089 ) ) ;
#1187 = FACE_OUTER_BOUND ( 'NONE', #2106, .T. ) ;
#1188 = CARTESIAN_POINT ( 'NONE',  ( 0.7237198719922581791, 27.99064497298936161, 2.099999999999999645 ) ) ;
#1189 = VECTOR ( 'NONE', #4025, 1000.000000000000000 ) ;
#1190 = EDGE_LOOP ( 'NONE', ( #3890, #7810 ) ) ;
#1191 = CARTESIAN_POINT ( 'NONE',  ( -19.05257563431086609, -20.26599507124441502, 2.100000000000000089 ) ) ;
#1192 = EDGE_CURVE ( 'NONE', #4000, #5567, #1318, .T. ) ;
#1193 = CIRCLE ( 'NONE', #5725, 1.750000000000001332 ) ;
#1194 = CARTESIAN_POINT ( 'NONE',  ( 4.852431640496131848, -25.84840584550508069, -2.000000000000000000 ) ) ;
#1195 = AXIS2_PLACEMENT_3D ( 'NONE', #1558, #948, #7793 ) ;
#1196 = CARTESIAN_POINT ( 'NONE',  ( -17.82169893245506032, -21.35645667459429475, -2.000000000000000000 ) ) ;
#1197 = CARTESIAN_POINT ( 'NONE',  ( -18.25928954266905180, -15.16201400375275199, -2.000000000000000000 ) ) ;
#1198 = CARTESIAN_POINT ( 'NONE',  ( 20.07157227525354060, -15.89590000543996950, -2.000000000000000000 ) ) ;
#1199 = CARTESIAN_POINT ( 'NONE',  ( -9.768079280210450577, 22.57254334279472019, 2.100000000000000089 ) ) ;
#1200 = CARTESIAN_POINT ( 'NONE',  ( 25.70517099655245730, -10.62804679002167241, -2.000000000000000000 ) ) ;
#1201 = ORIENTED_EDGE ( 'NONE', *, *, #543, .T. ) ;
#1202 = AXIS2_PLACEMENT_3D ( 'NONE', #247, #5184, #2124 ) ;
#1203 = CARTESIAN_POINT ( 'NONE',  ( 24.48402185937397491, -7.488679734998055615, -2.000000000000000000 ) ) ;
#1204 = CARTESIAN_POINT ( 'NONE',  ( -9.484645845787898821, 22.17444536155052148, -2.000000000000000000 ) ) ;
#1205 = CARTESIAN_POINT ( 'NONE',  ( -24.19711102278062143, 1.042982032116795743, -2.000000000000000000 ) ) ;
#1206 = EDGE_CURVE ( 'NONE', #5727, #5397, #4054, .T. ) ;
#1207 = CARTESIAN_POINT ( 'NONE',  ( 17.35181857730699662, 15.87069998699208995, -2.000000000000000000 ) ) ;
#1208 = CARTESIAN_POINT ( 'NONE',  ( 23.53223775966786846, 4.811173829118842171, 2.100000000000000089 ) ) ;
#1209 = CARTESIAN_POINT ( 'NONE',  ( 17.32735312033766206, -16.63359376186218697, 2.099999999999999645 ) ) ;
#1210 = CARTESIAN_POINT ( 'NONE',  ( -15.51594276222061985, 20.11676867469219587, 2.099999999999999645 ) ) ;
#1211 = VERTEX_POINT ( 'NONE', #4209 ) ;
#1212 = LINE ( 'NONE', #3070, #4919 ) ;
#1213 = CARTESIAN_POINT ( 'NONE',  ( 17.37016481680591795, 16.73146461459393208, 2.099999999999999645 ) ) ;
#1214 = CARTESIAN_POINT ( 'NONE',  ( -1.840779285638419971, 24.52644730507024562, 2.099999999999999645 ) ) ;
#1215 = CARTESIAN_POINT ( 'NONE',  ( 25.62785817443977621, 4.678588802317997342, -2.000000000000000000 ) ) ;
#1216 = CARTESIAN_POINT ( 'NONE',  ( 5.376315588043429905, 26.60062371204864817, 2.099999999999999645 ) ) ;
#1217 = CARTESIAN_POINT ( 'NONE',  ( -25.38017819848324308, 10.66028906994524306, 2.099999999999999645 ) ) ;
#1218 = CARTESIAN_POINT ( 'NONE',  ( 24.94597949059291864, -10.68625558496336225, 2.100000000000000089 ) ) ;
#1219 = CARTESIAN_POINT ( 'NONE',  ( 7.715738321650222886, 25.14266413352903839, -2.000000000000000000 ) ) ;
#1220 = CARTESIAN_POINT ( 'NONE',  ( -7.605017794998039982, 22.88729425358475922, -2.000000000000000000 ) ) ;
#1221 = CARTESIAN_POINT ( 'NONE',  ( 2.463801941912914018, 23.38577358155836450, 2.100000000000000089 ) ) ;
#1222 = CARTESIAN_POINT ( 'NONE',  ( 22.12901452267051639, 13.30176109182833244, -2.000000000000000000 ) ) ;
#1223 = CARTESIAN_POINT ( 'NONE',  ( -24.59949625084631819, -4.790317889056109557, 2.099999999999999645 ) ) ;
#1224 = CARTESIAN_POINT ( 'NONE',  ( 1.762385718735297591, -25.16282512725968701, 2.099999999999999645 ) ) ;
#1225 = CARTESIAN_POINT ( 'NONE',  ( 0.000000000000000000, 0.000000000000000000, 2.100000000000000089 ) ) ;
#1226 = CARTESIAN_POINT ( 'NONE',  ( 22.61633054543465704, -13.93417863138606627, 2.099999999999999645 ) ) ;
#1227 = CARTESIAN_POINT ( 'NONE',  ( 15.51594276222061097, 20.11676867469219943, 2.100000000000000089 ) ) ;
#1228 = DIRECTION ( 'NONE',  ( -0.000000000000000000, -0.000000000000000000, -1.000000000000000000 ) ) ;
#1229 = CARTESIAN_POINT ( 'NONE',  ( -4.590305982006135821, -25.40785750275295030, -2.000000000000000000 ) ) ;
#1230 = CARTESIAN_POINT ( 'NONE',  ( -3.359200862297599066, 23.32460485566309316, -2.000000000000000000 ) ) ;
#1231 = CARTESIAN_POINT ( 'NONE',  ( 1.270707428516364201, 26.81384534371724371, 2.099999999999999645 ) ) ;
#1232 = EDGE_CURVE ( 'NONE', #2817, #5567, #5338, .T. ) ;
#1233 = ORIENTED_EDGE ( 'NONE', *, *, #4943, .F. ) ;
#1234 = CARTESIAN_POINT ( 'NONE',  ( -18.40868586258352124, -18.43357243192681238, 2.100000000000000089 ) ) ;
#1235 = ADVANCED_FACE ( 'NONE', ( #4170 ), #6629, .F. ) ;
#1236 = CARTESIAN_POINT ( 'NONE',  ( 1.680116617297995996, -25.54848055630612791, -2.000000000000000000 ) ) ;
#1238 = CARTESIAN_POINT ( 'NONE',  ( -2.035327432088044119, -23.74029248485179266, 2.100000000000000089 ) ) ;
#1237 = B_SPLINE_SURFACE_WITH_KNOTS ( 'NONE', 3, 1, ( 
 ( #4611, #1540 ),
 ( #4013, #2229 ),
 ( #925, #5874 ),
 ( #1418, #318 ),
 ( #7735, #2191 ),
 ( #4053, #804 ),
 ( #4648, #969 ),
 ( #5912, #2839 ),
 ( #7774, #6347 ),
 ( #3742, #657 ),
 ( #3135, #2132 ),
 ( #4591, #7071 ),
 ( #2049, #4628 ),
 ( #5194, #7633 ),
 ( #3912, #6986 ),
 ( #1437, #6412 ),
 ( #2209, #7715 ),
 ( #5768, #6370 ),
 ( #3418, #5154 ),
 ( #827, #903 ),
 ( #218, #2780 ),
 ( #256, #2856 ),
 ( #7107, #946 ),
 ( #3376, #5235 ),
 ( #1520, #6450 ),
 ( #3994, #7753 ),
 ( #5849, #5891 ),
 ( #7673, #1556 ),
 ( #298, #4073 ),
 ( #334, #4667 ),
 ( #5805, #3298 ),
 ( #4028, #2169 ),
 ( #2700, #2088 ),
 ( #6488, #4550 ),
 ( #2818, #1599 ),
 ( #3335, #5273 ),
 ( #7143, #6531 ),
 ( #985, #3459 ),
 ( #5928, #372 ),
 ( #7593, #7032 ),
 ( #4511, #1483 ),
 ( #3954, #867 ),
 ( #2739, #6722 ),
 ( #6076, #4261 ),
 ( #2966, #514 ),
 ( #1179, #7336 ),
 ( #5315, #6002 ),
 ( #6681, #7902 ),
 ( #2401, #6605 ),
 ( #1023, #6121 ),
 ( #2321, #4221 ),
 ( #1136, #6643 ),
 ( #1711, #7221 ),
 ( #2930, #561 ),
 ( #1099, #1669 ) ),
 .UNSPECIFIED., .F., .F., .F.,
 ( 4, 1, 1, 1, 1, 1, 1, 1, 1, 1, 1, 1, 1, 1, 1, 1, 1, 1, 1, 1, 1, 1, 1, 1, 1, 1, 1, 1, 1, 1, 1, 1, 1, 1, 1, 1, 1, 1, 1, 1, 1, 1, 1, 1, 1, 1, 1, 1, 1, 1, 1, 1, 4 ),
 ( 2, 2 ),
 ( 0.01037070963360204462, 0.06767854499841075011, 0.09884629602760430789, 0.1282330327458526265, 0.1558387551553858108, 0.1816634632588949305, 0.2057071570596704646, 0.2279698365617907063, 0.2484515017704002071, 0.2671521526921107892, 0.2840717893356240475, 0.2992104117127127871, 0.3125680198398574916, 0.3241446137411457817, 0.3339401934538051009, 0.3662021699428081867, 0.3760430630535980256, 0.3856763336118157470, 0.3952492422856400678, 0.4049624801021076692, 0.4150869914083017420, 0.4259748013331248195, 0.4380386266454291411, 0.4516469595390834035, 0.4668849008038628012, 0.4803437228220500677, 0.5000000000000002220, 0.5196562771779504875, 0.5331150991961376429, 0.5483530404609170406, 0.5619613733545713030, 0.5740251986668756246, 0.5849130085916987021, 0.5950375198978927749, 0.6047507577143603763, 0.6143236663881848081, 0.6239569369464024184, 0.6337978300571922574, 0.6660598065461953432, 0.6758553862588546624, 0.6874319801601429525, 0.7007895882872876570, 0.7159282106643762855, 0.7328478473078895439, 0.7515484982296001260, 0.7720301634382096267, 0.7942928429403297574, 0.8183365367411052915, 0.8441612448446143002, 0.8717669672541474846, 0.9011537039723958031, 0.9323214550015893609, 0.9896292903664016816 ),
 ( 0.000000000000000000, 1.000000000000000000 ),
 .UNSPECIFIED. ) ;
#1239 = CARTESIAN_POINT ( 'NONE',  ( -17.45584392081710945, -15.72474958968643044, -2.000000000000000000 ) ) ;
#1240 = CARTESIAN_POINT ( 'NONE',  ( -19.55560045884525877, 15.67357176803117369, 2.100000000000000089 ) ) ;
#1241 = LINE ( 'NONE', #616, #7534 ) ;
#1242 = FACE_OUTER_BOUND ( 'NONE', #3719, .T. ) ;
#1243 = VERTEX_POINT ( 'NONE', #7813 ) ;
#1244 = CARTESIAN_POINT ( 'NONE',  ( 26.28829541380231660, -9.090474067371491884, 2.099999999999999645 ) ) ;
#1245 = CARTESIAN_POINT ( 'NONE',  ( -24.31514428139132278, -10.69735948946559567, -2.000000000000000000 ) ) ;
#1246 = CARTESIAN_POINT ( 'NONE',  ( -26.77848301813143905, 4.405768766048581142, -2.000000000000000000 ) ) ;
#1247 = CARTESIAN_POINT ( 'NONE',  ( 7.720532692246926842, 23.84272921084243890, 2.100000000000000089 ) ) ;
#1248 = CARTESIAN_POINT ( 'NONE',  ( -26.50130185302208830, -1.827769560624226131, 2.100000000000000089 ) ) ;
#1249 = DIRECTION ( 'NONE',  ( 1.000000000000000000, 0.000000000000000000, 0.000000000000000000 ) ) ;
#1250 = CARTESIAN_POINT ( 'NONE',  ( 17.64188601445204085, -17.13764696917008479, -2.000000000000000000 ) ) ;
#1251 = CARTESIAN_POINT ( 'NONE',  ( -16.82973023395797441, 20.91308632741409923, 2.099999999999999645 ) ) ;
#1252 = ORIENTED_EDGE ( 'NONE', *, *, #5786, .F. ) ;
#1253 = DIRECTION ( 'NONE',  ( -0.000000000000000000, -0.000000000000000000, -1.000000000000000000 ) ) ;
#1254 = CARTESIAN_POINT ( 'NONE',  ( 17.51903422860498338, 16.98989084997259980, -2.000000000000000000 ) ) ;
#1255 = CARTESIAN_POINT ( 'NONE',  ( 15.23641901094385886, -19.89808777236047632, -2.000000000000000000 ) ) ;
#1256 = EDGE_CURVE ( 'NONE', #4932, #2227, #7271, .T. ) ;
#1257 = CARTESIAN_POINT ( 'NONE',  ( -22.59408972245014624, 10.50532236015857102, -2.000000000000000000 ) ) ;
#1258 = CARTESIAN_POINT ( 'NONE',  ( -22.41476736700681016, 16.47086513865796675, 2.099999999999999645 ) ) ;
#1259 = CARTESIAN_POINT ( 'NONE',  ( -22.27987727495455061, 10.41835660743990033, -2.000000000000000000 ) ) ;
#1260 = CARTESIAN_POINT ( 'NONE',  ( -18.83778878485559716, 19.53549755878801264, -2.000000000000000000 ) ) ;
#1261 = CARTESIAN_POINT ( 'NONE',  ( 7.605208680130566279, 22.99453835804834156, -2.000000000000000000 ) ) ;
#1262 = CARTESIAN_POINT ( 'NONE',  ( -7.401289683367668459, 27.00409019907778330, 2.099999999999999645 ) ) ;
#1263 = CARTESIAN_POINT ( 'NONE',  ( 2.833089530561761382, 23.33259147460854521, 2.100000000000000089 ) ) ;
#1264 = EDGE_CURVE ( 'NONE', #2985, #4358, #6182, .T. ) ;
#1265 = CARTESIAN_POINT ( 'NONE',  ( -8.843531895616186134, -21.84292484346596197, 2.100000000000000089 ) ) ;
#1266 = CARTESIAN_POINT ( 'NONE',  ( -22.73975435582775262, -5.989014764842368166, -2.000000000000000000 ) ) ;
#1267 = CARTESIAN_POINT ( 'NONE',  ( -23.76349960547260309, -10.67578541799516501, 2.100000000000000089 ) ) ;
#1268 = CARTESIAN_POINT ( 'NONE',  ( 9.121658707306945502, -21.91081161619598205, 2.099999999999999645 ) ) ;
#1269 = CARTESIAN_POINT ( 'NONE',  ( 20.62323650117463103, 11.56374771533981516, 2.099999999999999645 ) ) ;
#1270 = CARTESIAN_POINT ( 'NONE',  ( 0.000000000000000000, -0.000000000000000000, -2.000000000000000000 ) ) ;
#1271 = FACE_BOUND ( 'NONE', #5835, .T. ) ;
#1272 = DIRECTION ( 'NONE',  ( -0.000000000000000000, 0.000000000000000000, -1.000000000000000000 ) ) ;
#1273 = CARTESIAN_POINT ( 'NONE',  ( -3.612999446203305709, 23.45707906485272431, -2.000000000000000000 ) ) ;
#1274 = CARTESIAN_POINT ( 'NONE',  ( -4.310684217927233775, -24.85340566964549325, -2.000000000000000000 ) ) ;
#1275 = ORIENTED_EDGE ( 'NONE', *, *, #944, .F. ) ;
#1276 = CARTESIAN_POINT ( 'NONE',  ( -21.34551800689747125, -16.27777197600732251, 2.100000000000000089 ) ) ;
#1277 = B_SPLINE_CURVE_WITH_KNOTS ( 'NONE', 3,
 ( #7334, #2963, #1019, #3568, #1665, #3490, #5999, #3041, #4106, #1632, #6678, #6073, #474, #4744, #4820, #3647, #2283, #440, #7256, #5959, #1133, #3532, #7217, #7863, #1095, #2319, #5385, #7180, #2889, #4145, #512, #3000, #2399, #4779, #1708, #6600, #4857, #5421, #1784, #7899, #7372, #48, #1301, #122, #5021, #4415, #1383, #1992, #7976, #2528, #4940, #4983, #5589, #6884, #3240 ),
 .UNSPECIFIED., .F., .F.,
 ( 4, 1, 1, 1, 1, 1, 1, 1, 1, 1, 1, 1, 1, 1, 1, 1, 1, 1, 1, 1, 1, 1, 1, 1, 1, 1, 1, 1, 1, 1, 1, 1, 1, 1, 1, 1, 1, 1, 1, 1, 1, 1, 1, 1, 1, 1, 1, 1, 1, 1, 1, 1, 4 ),
 ( 0.01037070964479192177, 0.06767854499841075011, 0.09884629602760430789, 0.1282330327458526265, 0.1558387551553858108, 0.1816634632588949305, 0.2057071570596704646, 0.2279698365617907063, 0.2484515017704002071, 0.2671521526921107892, 0.2840717893356240475, 0.2992104117127127871, 0.3125680198398574916, 0.3241446137411457817, 0.3339401934538051009, 0.3662021699428081867, 0.3760430630535980256, 0.3856763336118157470, 0.3952492422856400678, 0.4049624801021076692, 0.4150869914083017420, 0.4259748013331248195, 0.4380386266454291411, 0.4516469595390834035, 0.4668849008038628012, 0.4803437228220500677, 0.5000000000000002220, 0.5196562771779504875, 0.5331150991961376429, 0.5483530404609170406, 0.5619613733545713030, 0.5740251986668756246, 0.5849130085916987021, 0.5950375198978927749, 0.6047507577143603763, 0.6143236663881848081, 0.6239569369464024184, 0.6337978300571922574, 0.6660598065461953432, 0.6758553862588546624, 0.6874319801601429525, 0.7007895882872876570, 0.7159282106643762855, 0.7328478473078895439, 0.7515484982296001260, 0.7720301634382096267, 0.7942928429403297574, 0.8183365367411052915, 0.8441612448446143002, 0.8717669672541474846, 0.9011537039723958031, 0.9323214550015893609, 0.9896292903552149633 ),
 .UNSPECIFIED. ) ;
#1278 = CARTESIAN_POINT ( 'NONE',  ( 2.463801941912934890, -23.38577358155836450, -2.000000000000000000 ) ) ;
#1279 = CARTESIAN_POINT ( 'NONE',  ( -1.939597136465237570, -23.94058417290086993, 2.100000000000000089 ) ) ;
#1280 = CARTESIAN_POINT ( 'NONE',  ( -18.51632561903327456, -18.67704107051118001, -2.000000000000000000 ) ) ;
#1281 = CARTESIAN_POINT ( 'NONE',  ( -18.97770164392054681, 15.34339570340774195, 2.100000000000000089 ) ) ;
#1282 = CARTESIAN_POINT ( 'NONE',  ( -7.733032203436374097, 24.00987265162540751, 2.100000000000000089 ) ) ;
#1283 = CARTESIAN_POINT ( 'NONE',  ( 22.12901452267052704, -13.30176109182831290, -2.000000000000000000 ) ) ;
#1284 = EDGE_LOOP ( 'NONE', ( #4879, #3014 ) ) ;
#1285 = PLANE ( 'NONE',  #4664 ) ;
#1286 = CARTESIAN_POINT ( 'NONE',  ( -21.38382933992361501, -12.54282366362884815, -2.000000000000000000 ) ) ;
#1287 = CARTESIAN_POINT ( 'NONE',  ( -27.50168352219550982, 4.167564993355127534, -2.000000000000000000 ) ) ;
#1288 = CARTESIAN_POINT ( 'NONE',  ( 8.993578510876917065, 21.86672564825609655, 2.100000000000000089 ) ) ;
#1289 = CARTESIAN_POINT ( 'NONE',  ( 24.86659007404522370, 7.767174896947414808, 2.099999999999999645 ) ) ;
#1290 = CARTESIAN_POINT ( 'NONE',  ( -21.04854468720650118, 16.20550857031050995, -2.000000000000000000 ) ) ;
#1291 = CARTESIAN_POINT ( 'NONE',  ( 23.07262568452395968, 6.675893319502731238, 2.100000000000000089 ) ) ;
#1292 = CARTESIAN_POINT ( 'NONE',  ( 19.87933552333216980, 15.81900378855656975, 2.100000000000000089 ) ) ;
#1293 = DIRECTION ( 'NONE',  ( 0.000000000000000000, 0.000000000000000000, -1.000000000000000000 ) ) ;
#1294 = CARTESIAN_POINT ( 'NONE',  ( 25.19179192507393239, -1.283507464112907392, 2.100000000000000089 ) ) ;
#1295 = ORIENTED_EDGE ( 'NONE', *, *, #2805, .T. ) ;
#1296 = CARTESIAN_POINT ( 'NONE',  ( -26.77848301813145326, -4.405768766048603347, 2.100000000000000089 ) ) ;
#1297 = CARTESIAN_POINT ( 'NONE',  ( 15.02890815691219295, -19.71604682249877527, 2.099999999999999645 ) ) ;
#1298 = CYLINDRICAL_SURFACE ( 'NONE', #2647, 18.00000000000000000 ) ;
#1299 = CARTESIAN_POINT ( 'NONE',  ( -22.62472946294003506, 16.49610842549916612, -2.000000000000000000 ) ) ;
#1300 = CARTESIAN_POINT ( 'NONE',  ( -22.46994110604167005, 10.47341059000766350, 2.099999999999999645 ) ) ;
#1301 = CARTESIAN_POINT ( 'NONE',  ( -24.59949625084631819, -4.790317889056109557, -2.000000000000000000 ) ) ;
#1302 = CARTESIAN_POINT ( 'NONE',  ( -22.61633054543465704, 13.93417863138606450, 2.100000000000000089 ) ) ;
#1303 = CARTESIAN_POINT ( 'NONE',  ( 13.20212662322859209, 21.30225842247369528, -2.000000000000000000 ) ) ;
#1304 = CIRCLE ( 'NONE', #5828, 27.99999957948218920 ) ;
#1305 = CARTESIAN_POINT ( 'NONE',  ( 21.58955567576247958, 12.72687891813090921, -2.000000000000000000 ) ) ;
#1306 = B_SPLINE_SURFACE_WITH_KNOTS ( 'NONE', 3, 1, ( 
 ( #5893, #4714 ),
 ( #5356, #7186 ),
 ( #4029, #4629 ),
 ( #987, #1024 ),
 ( #1557, #6532 ),
 ( #4152, #7832 ),
 ( #3460, #5929 ),
 ( #3377, #374 ),
 ( #904, #2819 ),
 ( #6489, #5806 ),
 ( #5964, #7755 ),
 ( #2210, #5316 ),
 ( #4668, #2290 ),
 ( #7144, #4111 ),
 ( #1600, #7791 ),
 ( #257, #299 ),
 ( #2782, #4749 ),
 ( #7222, #4074 ),
 ( #1670, #6567 ),
 ( #6606, #5195 ),
 ( #7675, #2133 ),
 ( #4592, #7072 ),
 ( #1521, #3995 ),
 ( #5237, #7716 ),
 ( #2170, #6163 ),
 ( #5391, #2403 ),
 ( #7866, #4823 ),
 ( #2931, #445 ),
 ( #2447, #562 ),
 ( #6040, #2322 ),
 ( #7300, #6077 ),
 ( #1786, #7903 ),
 ( #6682, #7943 ),
 ( #1749, #3082 ),
 ( #4188, #1181 ),
 ( #1137, #6644 ),
 ( #1712, #4784 ),
 ( #7261, #1100 ),
 ( #6003, #3572 ),
 ( #477, #602 ),
 ( #3608, #516 ),
 ( #4222, #2967 ),
 ( #3652, #3004 ),
 ( #6122, #1224 ),
 ( #5548, #7376 ),
 ( #7980, #6 ),
 ( #3044, #5464 ),
 ( #5423, #4861 ),
 ( #2490, #3536 ),
 ( #5506, #1829 ),
 ( #2362, #4946 ),
 ( #4902, #7337 ),
 ( #7418, #4262 ),
 ( #4303, #6724 ),
 ( #6767, #3692 ) ),
 .UNSPECIFIED., .F., .F., .F.,
 ( 4, 1, 1, 1, 1, 1, 1, 1, 1, 1, 1, 1, 1, 1, 1, 1, 1, 1, 1, 1, 1, 1, 1, 1, 1, 1, 1, 1, 1, 1, 1, 1, 1, 1, 1, 1, 1, 1, 1, 1, 1, 1, 1, 1, 1, 1, 1, 1, 1, 1, 1, 1, 4 ),
 ( 2, 2 ),
 ( 0.01037070963360204462, 0.06767854499841075011, 0.09884629602760430789, 0.1282330327458526265, 0.1558387551553858108, 0.1816634632588949305, 0.2057071570596704646, 0.2279698365617907063, 0.2484515017704002071, 0.2671521526921107892, 0.2840717893356240475, 0.2992104117127127871, 0.3125680198398574916, 0.3241446137411457817, 0.3339401934538051009, 0.3662021699428081867, 0.3760430630535980256, 0.3856763336118157470, 0.3952492422856400678, 0.4049624801021076692, 0.4150869914083017420, 0.4259748013331248195, 0.4380386266454291411, 0.4516469595390834035, 0.4668849008038628012, 0.4803437228220500677, 0.5000000000000002220, 0.5196562771779504875, 0.5331150991961376429, 0.5483530404609170406, 0.5619613733545713030, 0.5740251986668756246, 0.5849130085916987021, 0.5950375198978927749, 0.6047507577143603763, 0.6143236663881848081, 0.6239569369464024184, 0.6337978300571922574, 0.6660598065461953432, 0.6758553862588546624, 0.6874319801601429525, 0.7007895882872876570, 0.7159282106643762855, 0.7328478473078895439, 0.7515484982296001260, 0.7720301634382096267, 0.7942928429403297574, 0.8183365367411052915, 0.8441612448446143002, 0.8717669672541474846, 0.9011537039723958031, 0.9323214550015893609, 0.9896292903664016816 ),
 ( 0.000000000000000000, 1.000000000000000000 ),
 .UNSPECIFIED. ) ;
#1307 = CARTESIAN_POINT ( 'NONE',  ( -22.79134869580807887, -6.292262679950373361, -2.000000000000000000 ) ) ;
#1308 = CARTESIAN_POINT ( 'NONE',  ( -22.27987727495454706, -10.41835660743990566, 2.100000000000000089 ) ) ;
#1309 = CARTESIAN_POINT ( 'NONE',  ( 7.720532692246934836, -23.84272921084243890, -2.000000000000000000 ) ) ;
#1310 = CARTESIAN_POINT ( 'NONE',  ( 22.90269961712298752, 10.57072003481732381, -2.000000000000000000 ) ) ;
#1311 = CARTESIAN_POINT ( 'NONE',  ( 1.762385718735297591, -25.16282512725968701, 2.100000000000000089 ) ) ;
#1312 = CARTESIAN_POINT ( 'NONE',  ( 9.324636732261661010, 22.03037936177864964, -2.000000000000000000 ) ) ;
#1313 = CARTESIAN_POINT ( 'NONE',  ( 4.244076555440654985, 24.69959869036685163, -2.000000000000000000 ) ) ;
#1314 = CARTESIAN_POINT ( 'NONE',  ( -2.638449045045063723, -23.34550970278806759, -2.000000000000000000 ) ) ;
#1315 = CARTESIAN_POINT ( 'NONE',  ( 24.59949625084632174, -4.790317889056099787, -2.000000000000000000 ) ) ;
#1316 = CARTESIAN_POINT ( 'NONE',  ( -3.612999446203290610, -23.45707906485273142, 2.099999999999999645 ) ) ;
#1317 = ORIENTED_EDGE ( 'NONE', *, *, #2785, .T. ) ;
#1318 = CIRCLE ( 'NONE', #5710, 27.99999957948218920 ) ;
#1319 = CARTESIAN_POINT ( 'NONE',  ( -20.77276083323510747, -16.13005223007173683, 2.100000000000000089 ) ) ;
#1320 = CARTESIAN_POINT ( 'NONE',  ( -23.40793038981979635, 6.902300070437893176, 2.100000000000000089 ) ) ;
#1321 = AXIS2_PLACEMENT_3D ( 'NONE', #1969, #1441, #5081 ) ;
#1322 = CARTESIAN_POINT ( 'NONE',  ( -17.28752988749540265, -16.01445386190352238, -2.000000000000000000 ) ) ;
#1323 = CARTESIAN_POINT ( 'NONE',  ( 21.80373651133526636, 10.30832712212201763, 2.100000000000000089 ) ) ;
#1324 = CARTESIAN_POINT ( 'NONE',  ( -7.629252907546909768, 22.67335363560523476, 2.100000000000000089 ) ) ;
#1325 = CARTESIAN_POINT ( 'NONE',  ( 20.71178771499497984, -11.09036006156942733, 2.099999999999999645 ) ) ;
#1326 = ORIENTED_EDGE ( 'NONE', *, *, #5868, .F. ) ;
#1327 = CARTESIAN_POINT ( 'NONE',  ( -5.995909907646372439, 27.35048520283300277, -2.000000000000000000 ) ) ;
#1328 = CARTESIAN_POINT ( 'NONE',  ( -21.58955567576248313, -12.72687891813089500, 2.099999999999999645 ) ) ;
#1329 = AXIS2_PLACEMENT_3D ( 'NONE', #7906, #4225, #4424 ) ;
#1330 = CARTESIAN_POINT ( 'NONE',  ( -24.76338133992250334, 1.168557790373918381, -2.000000000000000000 ) ) ;
#1331 = CARTESIAN_POINT ( 'NONE',  ( 12.85055170543025049, -19.95373759773044142, -2.000000000000000000 ) ) ;
#1332 = CARTESIAN_POINT ( 'NONE',  ( -24.76338133992250690, -1.168557790373924821, 2.100000000000000089 ) ) ;
#1333 = CARTESIAN_POINT ( 'NONE',  ( 22.73975435582775262, 5.989014764842381489, 2.100000000000000089 ) ) ;
#1334 = CARTESIAN_POINT ( 'NONE',  ( 21.66370631000717495, 16.34569607223867749, 2.100000000000000089 ) ) ;
#1335 = CIRCLE ( 'NONE', #7155, 1.749999999999999778 ) ;
#1336 = PLANE ( 'NONE',  #515 ) ;
#1337 = CARTESIAN_POINT ( 'NONE',  ( -17.12241726305228084, 21.05518411798320955, -2.000000000000000000 ) ) ;
#1338 = ORIENTED_EDGE ( 'NONE', *, *, #2854, .F. ) ;
#1339 = CARTESIAN_POINT ( 'NONE',  ( 27.69932686560987989, -4.092342562537326423, 2.099999999999999645 ) ) ;
#1340 = EDGE_CURVE ( 'NONE', #7290, #2255, #5042, .T. ) ;
#1341 = CARTESIAN_POINT ( 'NONE',  ( 17.51903422860498338, 16.98989084997259980, 2.099999999999999645 ) ) ;
#1342 = CARTESIAN_POINT ( 'NONE',  ( -25.91507308940470722, 10.60230933437667566, -2.000000000000000000 ) ) ;
#1343 = CARTESIAN_POINT ( 'NONE',  ( -20.51809281624190362, 16.05254419007954425, 2.099999999999999645 ) ) ;
#1344 = CARTESIAN_POINT ( 'NONE',  ( -23.76349960547259244, 10.67578541799515435, -2.000000000000000000 ) ) ;
#1345 = CARTESIAN_POINT ( 'NONE',  ( 7.601435196559574337, 26.05218098595102916, -2.000000000000000000 ) ) ;
#1346 = CARTESIAN_POINT ( 'NONE',  ( 10.25081980592599251, -23.24542008693366313, 2.100000000000000089 ) ) ;
#1347 = CARTESIAN_POINT ( 'NONE',  ( 21.00000000000000355, 2.602085213965210642E-15, 2.100000000000001865 ) ) ;
#1348 = VECTOR ( 'NONE', #4813, 1000.000000000000000 ) ;
#1349 = CARTESIAN_POINT ( 'NONE',  ( 21.98040231662190891, 13.13048226772783877, -2.000000000000000000 ) ) ;
#1350 = CARTESIAN_POINT ( 'NONE',  ( -21.07590994840523280, -12.30361618564757720, 2.100000000000000089 ) ) ;
#1351 = CARTESIAN_POINT ( 'NONE',  ( 7.733032203436371432, -24.00987265162541462, 2.099999999999999645 ) ) ;
#1352 = CARTESIAN_POINT ( 'NONE',  ( 22.90269961712298752, 10.57072003481732381, 2.099999999999999645 ) ) ;
#1353 = CARTESIAN_POINT ( 'NONE',  ( 3.952016953262632804, -23.89496924813284906, 2.100000000000000089 ) ) ;
#1354 = CARTESIAN_POINT ( 'NONE',  ( 7.612592773523889633, 22.78073832991432468, -2.000000000000000000 ) ) ;
#1355 = FACE_OUTER_BOUND ( 'NONE', #3806, .T. ) ;
#1356 = CARTESIAN_POINT ( 'NONE',  ( -25.91507308940462195, -10.60230933437669165, 2.100000000000000089 ) ) ;
#1357 = LINE ( 'NONE', #3951, #7893 ) ;
#1358 = CARTESIAN_POINT ( 'NONE',  ( 1.474499619732432265, 26.25856105065618706, 2.099999999999999645 ) ) ;
#1359 = ORIENTED_EDGE ( 'NONE', *, *, #1206, .F. ) ;
#1360 = CARTESIAN_POINT ( 'NONE',  ( -18.49458355994168812, -15.17355739294055006, 2.100000000000000089 ) ) ;
#1361 = CARTESIAN_POINT ( 'NONE',  ( -24.00794390784557564, 7.190340088712994238, 2.100000000000000089 ) ) ;
#1362 = EDGE_CURVE ( 'NONE', #7752, #2798, #1180, .T. ) ;
#1363 = CARTESIAN_POINT ( 'NONE',  ( -18.60089775827983871, -15.19605903441929051, 2.099999999999999645 ) ) ;
#1364 = CARTESIAN_POINT ( 'NONE',  ( 20.81172461973596555, 10.92283569232046503, 2.100000000000000089 ) ) ;
#1365 = CARTESIAN_POINT ( 'NONE',  ( -7.688496923001414629, 25.42728370346967637, 2.100000000000000089 ) ) ;
#1366 = CARTESIAN_POINT ( 'NONE',  ( 21.58955567576248669, -12.72687891813089145, -2.000000000000000000 ) ) ;
#1367 = ORIENTED_EDGE ( 'NONE', *, *, #5915, .F. ) ;
#1368 = CARTESIAN_POINT ( 'NONE',  ( -13.50602898338108560, -19.22398027845277113, -2.000000000000000000 ) ) ;
#1369 = CARTESIAN_POINT ( 'NONE',  ( -7.523321135858860309, 26.48008397883697995, -2.000000000000000000 ) ) ;
#1370 = CARTESIAN_POINT ( 'NONE',  ( -13.46232027610273718, -22.30341320457492671, -2.000000000000000000 ) ) ;
#1371 = CARTESIAN_POINT ( 'NONE',  ( 13.58617081224543988, -23.15195374360797942, -2.000000000000000000 ) ) ;
#1372 = CARTESIAN_POINT ( 'NONE',  ( -24.88813961944797271, 1.197996060026730092, 2.100000000000000089 ) ) ;
#1373 = CARTESIAN_POINT ( 'NONE',  ( 26.42834229636214260, 9.248929663334836349, 2.100000000000000089 ) ) ;
#1374 = CARTESIAN_POINT ( 'NONE',  ( 17.25237999601835881, 16.29857992973629521, 2.100000000000000089 ) ) ;
#1375 = CARTESIAN_POINT ( 'NONE',  ( 14.21926140100350722, -19.11953582679382535, 2.100000000000000089 ) ) ;
#1376 = CARTESIAN_POINT ( 'NONE',  ( -14.51573139705937088, 19.26027195864160291, -2.000000000000000000 ) ) ;
#1377 = ORIENTED_EDGE ( 'NONE', *, *, #7105, .T. ) ;
#1378 = CARTESIAN_POINT ( 'NONE',  ( -23.42764417793267384, -4.840656286569386069, 2.100000000000000089 ) ) ;
#1379 = CARTESIAN_POINT ( 'NONE',  ( 17.59296804644543499, 15.58600964088961049, -2.000000000000000000 ) ) ;
#1380 = CARTESIAN_POINT ( 'NONE',  ( -21.66370631000718205, -16.34569607223867749, -2.000000000000000000 ) ) ;
#1381 = CARTESIAN_POINT ( 'NONE',  ( -18.25928954266905180, 15.16201400375273067, 2.099999999999999645 ) ) ;
#1382 = CARTESIAN_POINT ( 'NONE',  ( -20.69407544885352124, 11.81098159931166336, 2.099999999999999645 ) ) ;
#1383 = CARTESIAN_POINT ( 'NONE',  ( -25.38450439115045398, -4.717739787684796404, -2.000000000000000000 ) ) ;
#1384 = CARTESIAN_POINT ( 'NONE',  ( -13.64872344093926770, 24.44815585854584938, 2.100000000000000089 ) ) ;
#1385 = CARTESIAN_POINT ( 'NONE',  ( 13.61524630358645993, 23.47600944080825514, -2.000000000000000000 ) ) ;
#1386 = CARTESIAN_POINT ( 'NONE',  ( -9.230471089887526404, -21.96684885186929748, 2.100000000000000089 ) ) ;
#1387 = CARTESIAN_POINT ( 'NONE',  ( -23.74358889077459622, -4.778072828450338427, -2.000000000000000000 ) ) ;
#1388 = DIRECTION ( 'NONE',  ( 0.000000000000000000, 0.000000000000000000, 1.000000000000000000 ) ) ;
#1389 = CARTESIAN_POINT ( 'NONE',  ( 7.865059710290389638, -22.21401039568610614, -2.000000000000000000 ) ) ;
#1390 = CARTESIAN_POINT ( 'NONE',  ( 21.91017567687077161, 10.32144346381601352, 2.099999999999999645 ) ) ;
#1391 = CARTESIAN_POINT ( 'NONE',  ( 2.035327432088052557, -23.74029248485179266, 2.100000000000000089 ) ) ;
#1392 = DIRECTION ( 'NONE',  ( -0.000000000000000000, 0.000000000000000000, -1.000000000000000000 ) ) ;
#1393 = CARTESIAN_POINT ( 'NONE',  ( 2.833089530561761382, 23.33259147460854521, -2.000000000000000000 ) ) ;
#1394 = CARTESIAN_POINT ( 'NONE',  ( -4.389956462724874164, -25.02313217738666040, -2.000000000000000000 ) ) ;
#1395 = CARTESIAN_POINT ( 'NONE',  ( 22.99371384847795596, -6.601180838822651609, -2.000000000000000000 ) ) ;
#1396 = CARTESIAN_POINT ( 'NONE',  ( 3.359200862297568868, 23.32460485566309671, -2.000000000000000000 ) ) ;
#1397 = ORIENTED_EDGE ( 'NONE', *, *, #1700, .T. ) ;
#1398 = CARTESIAN_POINT ( 'NONE',  ( -19.55560045884524811, -15.67357176803118790, 2.100000000000000089 ) ) ;
#1399 = CARTESIAN_POINT ( 'NONE',  ( -23.63710370791871540, 4.790810183414316192, 2.100000000000000089 ) ) ;
#1400 = CARTESIAN_POINT ( 'NONE',  ( -18.38167992440537546, -15.16106487615013521, -2.000000000000000000 ) ) ;
#1401 = CARTESIAN_POINT ( 'NONE',  ( 24.31514428139131567, 10.69735948946560633, 2.100000000000000089 ) ) ;
#1402 = CARTESIAN_POINT ( 'NONE',  ( -15.02890815691218407, -19.71604682249877882, 2.100000000000000089 ) ) ;
#1403 = EDGE_LOOP ( 'NONE', ( #4557, #6325, #719, #6109 ) ) ;
#1404 = CARTESIAN_POINT ( 'NONE',  ( -14.60388312963063484, -19.32135064906643152, -2.000000000000000000 ) ) ;
#1405 = CARTESIAN_POINT ( 'NONE',  ( -22.96554745452509394, -14.45965356729541362, 2.099999999999999645 ) ) ;
#1406 = DIRECTION ( 'NONE',  ( 0.9709418174260520118, -0.2393156642875574058, 0.000000000000000000 ) ) ;
#1407 = CARTESIAN_POINT ( 'NONE',  ( 12.86131782747430208, -20.40223119301177235, -2.000000000000000000 ) ) ;
#1408 = EDGE_CURVE ( 'NONE', #4634, #5379, #7518, .T. ) ;
#1409 = CARTESIAN_POINT ( 'NONE',  ( 23.24438501506255150, 6.803422568062755360, 2.099999999999999645 ) ) ;
#1410 = DIRECTION ( 'NONE',  ( 0.000000000000000000, 0.000000000000000000, -1.000000000000000000 ) ) ;
#1411 = DIRECTION ( 'NONE',  ( -0.000000000000000000, -0.000000000000000000, -1.000000000000000000 ) ) ;
#1412 = CARTESIAN_POINT ( 'NONE',  ( 17.28752988749539554, 16.01445386190352238, 2.100000000000000089 ) ) ;
#1413 = CARTESIAN_POINT ( 'NONE',  ( 16.30896799194540137, -20.63258928533522152, 2.100000000000000089 ) ) ;
#1414 = CARTESIAN_POINT ( 'NONE',  ( -12.83364937058816579, 20.18870745851076265, -2.000000000000000000 ) ) ;
#1415 = VERTEX_POINT ( 'NONE', #5046 ) ;
#1416 = CARTESIAN_POINT ( 'NONE',  ( -27.19385050686426553, -4.276646238565384728, 2.100000000000000089 ) ) ;
#1417 = CARTESIAN_POINT ( 'NONE',  ( 27.69989816623196788, 2.535120532296394558, 2.099999999999999645 ) ) ;
#1418 = CARTESIAN_POINT ( 'NONE',  ( -7.601435196559572560, -26.05218098595103626, -2.000000000000000000 ) ) ;
#1419 = CARTESIAN_POINT ( 'NONE',  ( -17.25237999601838013, 16.29857992973628811, -2.000000000000000000 ) ) ;
#1420 = CARTESIAN_POINT ( 'NONE',  ( -20.61769535193586833, 11.41192623884528068, -2.000000000000000000 ) ) ;
#1421 = CARTESIAN_POINT ( 'NONE',  ( 9.408316245588475013, 22.09971024729808775, -2.000000000000000000 ) ) ;
#1422 = CARTESIAN_POINT ( 'NONE',  ( -22.90269961712299462, 10.57072003481730604, 2.100000000000000089 ) ) ;
#1423 = CARTESIAN_POINT ( 'NONE',  ( 13.55023046621762539, 22.84843530275376011, 2.099999999999999645 ) ) ;
#1424 = CARTESIAN_POINT ( 'NONE',  ( 23.29246673278348467, 10.63055238855666573, -2.000000000000000000 ) ) ;
#1425 = CARTESIAN_POINT ( 'NONE',  ( -25.88937528683161915, -4.628868634690443962, -2.000000000000000000 ) ) ;
#1426 = CARTESIAN_POINT ( 'NONE',  ( -21.91017567687077872, -10.32144346381600108, 2.100000000000000089 ) ) ;
#1427 = CARTESIAN_POINT ( 'NONE',  ( 7.715738321650227327, -25.14266413352903129, -2.000000000000000000 ) ) ;
#1428 = CARTESIAN_POINT ( 'NONE',  ( 24.02931632081061863, 10.69009516955078354, -2.000000000000000000 ) ) ;
#1429 = CARTESIAN_POINT ( 'NONE',  ( 3.705239350424557987, -23.53752846792088604, 2.100000000000000089 ) ) ;
#1430 = CARTESIAN_POINT ( 'NONE',  ( -4.082273444348678559, -24.25428063893853192, 2.100000000000000089 ) ) ;
#1431 = CARTESIAN_POINT ( 'NONE',  ( 7.715738321650222886, 25.14266413352903839, -2.000000000000000000 ) ) ;
#1432 = CARTESIAN_POINT ( 'NONE',  ( 2.320354714939412144, 23.45074361513812633, -2.000000000000000000 ) ) ;
#1433 = CARTESIAN_POINT ( 'NONE',  ( 17.59296804644544565, -15.58600964088959984, 2.099999999999999645 ) ) ;
#1434 = CARTESIAN_POINT ( 'NONE',  ( 22.85055158908932782, -6.414095051321351271, -2.000000000000000000 ) ) ;
#1435 = CARTESIAN_POINT ( 'NONE',  ( 1.810672407536176198, 24.85107952805194031, -2.000000000000000000 ) ) ;
#1436 = ORIENTED_EDGE ( 'NONE', *, *, #2702, .F. ) ;
#1437 = CARTESIAN_POINT ( 'NONE',  ( -7.656852614504648713, -23.37322600383987847, -2.000000000000000000 ) ) ;
#1438 = CARTESIAN_POINT ( 'NONE',  ( -23.58537593626265050, -6.976039544898380740, 2.099999999999999645 ) ) ;
#1439 = CARTESIAN_POINT ( 'NONE',  ( -22.99371384847795596, 6.601180838822642727, 2.100000000000000089 ) ) ;
#1440 = ADVANCED_FACE ( 'NONE', ( #875 ), #2630, .F. ) ;
#1441 = DIRECTION ( 'NONE',  ( -0.000000000000000000, -0.000000000000000000, -1.000000000000000000 ) ) ;
#1442 = CARTESIAN_POINT ( 'NONE',  ( -27.87379644711753102, -2.655456283891160840, -2.000000000000000000 ) ) ;
#1443 = CARTESIAN_POINT ( 'NONE',  ( -13.55023046621762717, -22.84843530275375656, 2.100000000000000089 ) ) ;
#1444 = ORIENTED_EDGE ( 'NONE', *, *, #5530, .F. ) ;
#1445 = CARTESIAN_POINT ( 'NONE',  ( -7.601435196559586771, 26.05218098595103626, -2.000000000000000000 ) ) ;
#1446 = CARTESIAN_POINT ( 'NONE',  ( 15.23641901094385886, -19.89808777236047632, 2.099999999999999645 ) ) ;
#1447 = AXIS2_PLACEMENT_3D ( 'NONE', #2433, #6670, #4772 ) ;
#1448 = CARTESIAN_POINT ( 'NONE',  ( -0.000000000000000000, 0.000000000000000000, -2.000000000000000000 ) ) ;
#1449 = CARTESIAN_POINT ( 'NONE',  ( 9.873836557350646359, 22.73978747338223272, 2.100000000000000089 ) ) ;
#1450 = CARTESIAN_POINT ( 'NONE',  ( 22.73975435582775262, 5.989014764842381489, 2.099999999999999645 ) ) ;
#1451 = CARTESIAN_POINT ( 'NONE',  ( -18.00520414013334758, 17.66596715945036422, -2.000000000000000000 ) ) ;
#1452 = CARTESIAN_POINT ( 'NONE',  ( 0.000000000000000000, 0.000000000000000000, 2.100000000000000089 ) ) ;
#1453 = CARTESIAN_POINT ( 'NONE',  ( 17.64188601445203020, 17.13764696917009189, 2.100000000000000089 ) ) ;
#1454 = CARTESIAN_POINT ( 'NONE',  ( 13.36064030761172639, -21.84126693107096173, 2.100000000000000089 ) ) ;
#1455 = CARTESIAN_POINT ( 'NONE',  ( -12.84317218923419723, 20.29695877980780949, 2.099999999999999645 ) ) ;
#1456 = ORIENTED_EDGE ( 'NONE', *, *, #4091, .F. ) ;
#1457 = AXIS2_PLACEMENT_3D ( 'NONE', #7463, #3696, #6167 ) ;
#1458 = CARTESIAN_POINT ( 'NONE',  ( -23.21393719209896744, -4.939781705126451428, 2.100000000000000089 ) ) ;
#1459 = CARTESIAN_POINT ( 'NONE',  ( 25.36983614870255366, 1.341743455198749269, 2.099999999999999645 ) ) ;
#1460 = EDGE_CURVE ( 'NONE', #7290, #2255, #7650, .T. ) ;
#1461 = CARTESIAN_POINT ( 'NONE',  ( -17.84651532293614551, 15.31230279367190050, -2.000000000000000000 ) ) ;
#1462 = CARTESIAN_POINT ( 'NONE',  ( -22.78920619399659131, 14.18622855212691292, 2.099999999999999645 ) ) ;
#1463 = AXIS2_PLACEMENT_3D ( 'NONE', #1629, #288, #5795 ) ;
#1464 = CIRCLE ( 'NONE', #2759, 27.99999957948218920 ) ;
#1465 = CARTESIAN_POINT ( 'NONE',  ( 7.629252907546902662, 22.67335363560524186, -2.000000000000000000 ) ) ;
#1466 = ADVANCED_FACE ( 'NONE', ( #6335 ), #1098, .F. ) ;
#1467 = CARTESIAN_POINT ( 'NONE',  ( -27.69932686549411116, 4.092342562581378296, 2.100000000000000089 ) ) ;
#1468 = LINE ( 'NONE', #5752, #401 ) ;
#1469 = CIRCLE ( 'NONE', #42, 27.99999957948218920 ) ;
#1470 = CARTESIAN_POINT ( 'NONE',  ( -21.98040231662191246, -13.13048226772782634, -2.000000000000000000 ) ) ;
#1471 = CARTESIAN_POINT ( 'NONE',  ( 20.64571337519313943, -11.25696429976830437, -2.000000000000000000 ) ) ;
#1472 = CARTESIAN_POINT ( 'NONE',  ( -3.025165651672274691, 23.29855380546641186, 2.099999999999999645 ) ) ;
#1473 = DIRECTION ( 'NONE',  ( -0.000000000000000000, -0.000000000000000000, -1.000000000000000000 ) ) ;
#1474 = CARTESIAN_POINT ( 'NONE',  ( 24.94597949059291864, 10.68625558496338535, 2.099999999999999645 ) ) ;
#1475 = CARTESIAN_POINT ( 'NONE',  ( 1.824858090210271566, -24.72368248555339676, 2.100000000000000089 ) ) ;
#1476 = CARTESIAN_POINT ( 'NONE',  ( -4.030460310774771848, 24.06924055886029024, 2.100000000000000089 ) ) ;
#1477 = CARTESIAN_POINT ( 'NONE',  ( 7.865059710290382533, 22.21401039568610614, -2.000000000000000000 ) ) ;
#1478 = CARTESIAN_POINT ( 'NONE',  ( 5.995909907646390202, 27.35048520283307028, -2.000000000000000000 ) ) ;
#1479 = CARTESIAN_POINT ( 'NONE',  ( 20.51809281624190007, -16.05254419007954780, 2.099999999999999645 ) ) ;
#1480 = CARTESIAN_POINT ( 'NONE',  ( 23.58537593626265050, -6.976039544898372746, -2.000000000000000000 ) ) ;
#1481 = CARTESIAN_POINT ( 'NONE',  ( 1.881261915648275496, 24.14640443156747196, 2.099999999999999645 ) ) ;
#1482 = VERTEX_POINT ( 'NONE', #5518 ) ;
#1483 = CARTESIAN_POINT ( 'NONE',  ( -9.873836557350644583, -22.73978747338223982, 2.099999999999999645 ) ) ;
#1484 = CARTESIAN_POINT ( 'NONE',  ( -23.42764417793267384, 4.840656286569369193, 2.100000000000000089 ) ) ;
#1485 = CARTESIAN_POINT ( 'NONE',  ( -18.38167992440537546, -15.16106487615013521, 2.099999999999999645 ) ) ;
#1486 = CARTESIAN_POINT ( 'NONE',  ( -18.80342269287540446, 15.26496932198516632, 2.100000000000000089 ) ) ;
#1487 = CARTESIAN_POINT ( 'NONE',  ( -13.10549974122802652, -21.04367979295773949, 2.100000000000000089 ) ) ;
#1488 = ORIENTED_EDGE ( 'NONE', *, *, #7749, .F. ) ;
#1489 = CARTESIAN_POINT ( 'NONE',  ( -20.99240193721332659, -10.59640443373927710, -2.000000000000000000 ) ) ;
#1490 = CARTESIAN_POINT ( 'NONE',  ( 13.35177211813242515, -19.34338136197018798, -2.000000000000000000 ) ) ;
#1491 = CARTESIAN_POINT ( 'NONE',  ( -23.58537593626265050, 6.976039544898362976, -2.000000000000000000 ) ) ;
#1492 = CARTESIAN_POINT ( 'NONE',  ( -27.69932686560987989, 4.092342562537318429, -2.000000000000000000 ) ) ;
#1493 = CARTESIAN_POINT ( 'NONE',  ( 22.91929613358906792, 6.515359526762130926, 2.099999999999999645 ) ) ;
#1494 = DIRECTION ( 'NONE',  ( 1.000000000000000000, 0.000000000000000000, 0.000000000000000000 ) ) ;
#1495 = DIRECTION ( 'NONE',  ( 0.000000000000000000, 0.000000000000000000, -1.000000000000000000 ) ) ;
#1496 = CARTESIAN_POINT ( 'NONE',  ( -14.42373451280541552, 19.20597537996031434, 2.100000000000000089 ) ) ;
#1497 = CARTESIAN_POINT ( 'NONE',  ( 23.81253063529220171, 0.8410884408854198968, -2.000000000000000000 ) ) ;
#1498 = CARTESIAN_POINT ( 'NONE',  ( -14.51573139705937088, 19.26027195864160291, 2.099999999999999645 ) ) ;
#1499 = ORIENTED_EDGE ( 'NONE', *, *, #6008, .T. ) ;
#1500 = CARTESIAN_POINT ( 'NONE',  ( 22.85055158908932782, -6.414095051321351271, -2.000000000000000000 ) ) ;
#1501 = CARTESIAN_POINT ( 'NONE',  ( 20.51809281624189651, 16.05254419007956912, -2.000000000000000000 ) ) ;
#1502 = CARTESIAN_POINT ( 'NONE',  ( -21.48061666422703553, 12.62686802027752542, -2.000000000000000000 ) ) ;
#1503 = CARTESIAN_POINT ( 'NONE',  ( -19.55560045884525877, 15.67357176803117369, 2.099999999999999645 ) ) ;
#1504 = CARTESIAN_POINT ( 'NONE',  ( 0.7237198720499520288, 27.99064497287975684, 2.100000000000000089 ) ) ;
#1505 = CARTESIAN_POINT ( 'NONE',  ( 7.768531058981743342, -22.33132486425837726, 2.100000000000000089 ) ) ;
#1506 = CARTESIAN_POINT ( 'NONE',  ( 15.12400615833752049, 19.80199803049036333, -2.000000000000000000 ) ) ;
#1507 = DIRECTION ( 'NONE',  ( 0.000000000000000000, 0.000000000000000000, -1.000000000000000000 ) ) ;
#1508 = CARTESIAN_POINT ( 'NONE',  ( 23.29246673278348823, -10.63055238855664619, -2.000000000000000000 ) ) ;
#1509 = CARTESIAN_POINT ( 'NONE',  ( -4.310684217927251538, 24.85340566964549325, 2.099999999999999645 ) ) ;
#1510 = CARTESIAN_POINT ( 'NONE',  ( 25.75863198250609543, 8.543467069173823702, -2.000000000000000000 ) ) ;
#1511 = CARTESIAN_POINT ( 'NONE',  ( -15.02890815691219295, 19.71604682249877527, -2.000000000000000000 ) ) ;
#1512 = CARTESIAN_POINT ( 'NONE',  ( -8.843531895616193239, 21.84292484346595486, 2.099999999999999645 ) ) ;
#1513 = CARTESIAN_POINT ( 'NONE',  ( -4.389956462724874164, -25.02313217738666040, 2.100000000000000089 ) ) ;
#1514 = CARTESIAN_POINT ( 'NONE',  ( -19.05257563431086609, -20.26599507124441502, -2.000000000000000000 ) ) ;
#1515 = EDGE_CURVE ( 'NONE', #2667, #5982, #2833, .T. ) ;
#1516 = DIRECTION ( 'NONE',  ( 1.000000000000000000, 0.000000000000000000, 0.000000000000000000 ) ) ;
#1517 = CARTESIAN_POINT ( 'NONE',  ( 18.25928954266904825, -15.16201400375273067, -2.000000000000000000 ) ) ;
#1518 = CARTESIAN_POINT ( 'NONE',  ( 11.92825694635268974, -24.80951218104272726, -2.000000000000000000 ) ) ;
#1519 = ORIENTED_EDGE ( 'NONE', *, *, #1824, .T. ) ;
#1520 = CARTESIAN_POINT ( 'NONE',  ( -7.865059710290380757, -22.21401039568610969, -2.000000000000000000 ) ) ;
#1521 = CARTESIAN_POINT ( 'NONE',  ( 3.612999446203297715, -23.45707906485272431, -2.000000000000000000 ) ) ;
#1522 = CARTESIAN_POINT ( 'NONE',  ( -9.768079280210441695, -22.57254334279473085, -2.000000000000000000 ) ) ;
#1523 = CARTESIAN_POINT ( 'NONE',  ( -20.51809281624190362, -16.05254419007956912, -2.000000000000000000 ) ) ;
#1524 = CARTESIAN_POINT ( 'NONE',  ( -17.84651532293614551, 15.31230279367190050, 2.100000000000000089 ) ) ;
#1525 = CARTESIAN_POINT ( 'NONE',  ( -13.96529143882090551, -19.07901412642182493, 2.100000000000000089 ) ) ;
#1526 = ORIENTED_EDGE ( 'NONE', *, *, #1610, .F. ) ;
#1527 = CARTESIAN_POINT ( 'NONE',  ( -21.47582202528875683, -10.32148794313315143, -2.000000000000000000 ) ) ;
#1528 = CARTESIAN_POINT ( 'NONE',  ( 13.50602898338109270, -19.22398027845277113, -2.000000000000000000 ) ) ;
#1529 = CARTESIAN_POINT ( 'NONE',  ( -13.36064030761171928, -21.84126693107096173, -2.000000000000000000 ) ) ;
#1530 = CARTESIAN_POINT ( 'NONE',  ( 10.89735721165042293, 23.93603524774558622, 2.100000000000000089 ) ) ;
#1531 = CARTESIAN_POINT ( 'NONE',  ( 24.31153459173803455, 7.374154019703455631, -2.000000000000000000 ) ) ;
#1532 = CARTESIAN_POINT ( 'NONE',  ( -17.83462167525290454, 17.40060223031303011, -2.000000000000000000 ) ) ;
#1533 = CARTESIAN_POINT ( 'NONE',  ( 25.38450439115045043, 4.717739787684809727, 2.100000000000000089 ) ) ;
#1534 = CARTESIAN_POINT ( 'NONE',  ( -12.94401591853666211, 20.68877481383771411, 2.100000000000000089 ) ) ;
#1535 = CARTESIAN_POINT ( 'NONE',  ( 24.56950331401515442, 1.128978604501158500, -2.000000000000000000 ) ) ;
#1536 = CARTESIAN_POINT ( 'NONE',  ( -12.85055170543025049, 19.95373759773044142, -2.000000000000000000 ) ) ;
#1537 = ORIENTED_EDGE ( 'NONE', *, *, #2424, .T. ) ;
#1538 = CARTESIAN_POINT ( 'NONE',  ( 25.38450439115045754, -4.717739787684787522, -2.000000000000000000 ) ) ;
#1539 = CARTESIAN_POINT ( 'NONE',  ( 26.77150907641003741, 1.970609361940795390, -2.000000000000000000 ) ) ;
#1540 = CARTESIAN_POINT ( 'NONE',  ( -7.401289683367668459, -27.00409019907774422, 2.099999999999999645 ) ) ;
#1541 = CARTESIAN_POINT ( 'NONE',  ( -17.98147192499884994, 15.23115522593612958, 2.099999999999999645 ) ) ;
#1542 = CARTESIAN_POINT ( 'NONE',  ( -22.96554745452510815, 14.45965356729541540, -2.000000000000000000 ) ) ;
#1543 = CARTESIAN_POINT ( 'NONE',  ( 9.484645845787897045, -22.17444536155052859, 2.100000000000000089 ) ) ;
#1544 = CARTESIAN_POINT ( 'NONE',  ( 14.42373451280540841, 19.20597537996032500, -2.000000000000000000 ) ) ;
#1545 = ORIENTED_EDGE ( 'NONE', *, *, #5553, .F. ) ;
#1546 = CARTESIAN_POINT ( 'NONE',  ( -27.50168352227339952, -4.167564993327545153, 2.099999999999999645 ) ) ;
#1547 = CARTESIAN_POINT ( 'NONE',  ( -3.359200862297599066, 23.32460485566309316, 2.099999999999999645 ) ) ;
#1548 = CARTESIAN_POINT ( 'NONE',  ( 7.650756190596017525, -25.73058353783937235, 2.099999999999999645 ) ) ;
#1549 = CARTESIAN_POINT ( 'NONE',  ( -12.83364937058816579, 20.18870745851076265, -2.000000000000000000 ) ) ;
#1550 = CARTESIAN_POINT ( 'NONE',  ( -10.53741832910565712, 23.57101921525814703, 2.099999999999999645 ) ) ;
#1551 = CARTESIAN_POINT ( 'NONE',  ( -5.644338589960086416, -26.94321158142444261, 2.100000000000000089 ) ) ;
#1552 = CARTESIAN_POINT ( 'NONE',  ( -19.42345833902674812, -15.60717637591975837, -2.000000000000000000 ) ) ;
#1553 = DIRECTION ( 'NONE',  ( -1.000000000000000000, 0.000000000000000000, 0.000000000000000000 ) ) ;
#1554 = CARTESIAN_POINT ( 'NONE',  ( 7.701896059577425291, -22.44925656542959302, -2.000000000000000000 ) ) ;
#1555 = ORIENTED_EDGE ( 'NONE', *, *, #349, .T. ) ;
#1556 = CARTESIAN_POINT ( 'NONE',  ( -8.334619726030519260, -21.97658606862351505, 2.099999999999999645 ) ) ;
#1557 = CARTESIAN_POINT ( 'NONE',  ( 5.183190230475051230, -26.33878392258043277, -2.000000000000000000 ) ) ;
#1558 = CARTESIAN_POINT ( 'NONE',  ( 0.000000000000000000, 0.000000000000000000, -3.599999999999998757 ) ) ;
#1559 = EDGE_CURVE ( 'NONE', #6784, #6671, #6482, .T. ) ;
#1560 = CARTESIAN_POINT ( 'NONE',  ( -24.88813961944796560, -1.197996060026735643, -2.000000000000000000 ) ) ;
#1561 = CARTESIAN_POINT ( 'NONE',  ( -17.35181857730701083, 15.87069998699208107, 2.100000000000000089 ) ) ;
#1562 = CARTESIAN_POINT ( 'NONE',  ( -1.824858090210262906, -24.72368248555340031, 2.099999999999999645 ) ) ;
#1563 = ORIENTED_EDGE ( 'NONE', *, *, #6702, .T. ) ;
#1564 = CLOSED_SHELL ( 'NONE', ( #2882, #2939, #1440, #551, #990, #2180, #3223, #2452, #6950, #5712, #2108, #2657, #7250, #3887, #242, #7573, #7225, #3112, #911, #5244, #5527, #6930, #1849, #495, #1805, #5141, #3264, #4574, #3539, #4475, #4227, #1081, #7496, #2899, #3708, #5814, #5514, #1084, #5217, #2922, #3434, #317, #3246, #1235, #6475, #5504, #1466, #7803, #6845, #4137, #1932, #6398, #6975, #2538, #2083, #2381, #3285, #4114, #7936, #6130, #5661, #1929, #6100, #7189, #6229, #2707, #3867, #1955, #4964, #7444, #7342, #5272, #4699, #2351 ) ) ;
#1565 = CARTESIAN_POINT ( 'NONE',  ( -22.46994110604166650, -10.47341059000766883, 2.099999999999999645 ) ) ;
#1566 = DIRECTION ( 'NONE',  ( 0.000000000000000000, 0.000000000000000000, -1.000000000000000000 ) ) ;
#1567 = EDGE_CURVE ( 'NONE', #5494, #7318, #2746, .T. ) ;
#1568 = CARTESIAN_POINT ( 'NONE',  ( -12.95267602360809356, -19.68627963667922742, 2.099999999999999645 ) ) ;
#1569 = CARTESIAN_POINT ( 'NONE',  ( -14.84924240491748826, -14.84924240491749892, 2.100000000000001865 ) ) ;
#1570 = CARTESIAN_POINT ( 'NONE',  ( 24.45163473737931881, 4.792937194118093380, -2.000000000000000000 ) ) ;
#1571 = CARTESIAN_POINT ( 'NONE',  ( -19.10294300318481930, 20.47138356506649970, -2.000000000000000000 ) ) ;
#1572 = PLANE ( 'NONE',  #1841 ) ;
#1573 = CARTESIAN_POINT ( 'NONE',  ( -13.20212662322860275, 21.30225842247369172, 2.100000000000000089 ) ) ;
#1574 = CARTESIAN_POINT ( 'NONE',  ( 24.88813961944796560, 1.197996060026732756, -2.000000000000000000 ) ) ;
#1575 = ORIENTED_EDGE ( 'NONE', *, *, #1703, .T. ) ;
#1576 = CARTESIAN_POINT ( 'NONE',  ( 23.00007343659231651, -5.130111501463095358, 2.099999999999999645 ) ) ;
#1577 = AXIS2_PLACEMENT_3D ( 'NONE', #2875, #4806, #6552 ) ;
#1578 = CARTESIAN_POINT ( 'NONE',  ( 20.07157227525352994, 15.89590000543998194, -2.000000000000000000 ) ) ;
#1579 = DIRECTION ( 'NONE',  ( -0.000000000000000000, -0.000000000000000000, 1.000000000000000000 ) ) ;
#1580 = CARTESIAN_POINT ( 'NONE',  ( -24.37956700134304100, -1.099847363974311154, -2.000000000000000000 ) ) ;
#1581 = DIRECTION ( 'NONE',  ( -0.000000000000000000, -0.000000000000000000, 1.000000000000000000 ) ) ;
#1582 = CARTESIAN_POINT ( 'NONE',  ( 7.612592773523889633, 22.78073832991432468, 2.099999999999999645 ) ) ;
#1583 = CARTESIAN_POINT ( 'NONE',  ( 7.688496923001413741, -25.42728370346968347, 2.100000000000000089 ) ) ;
#1584 = AXIS2_PLACEMENT_3D ( 'NONE', #3432, #7690, #3885 ) ;
#1585 = CARTESIAN_POINT ( 'NONE',  ( 14.21926140100350011, 19.11953582679382890, 2.099999999999999645 ) ) ;
#1586 = VERTEX_POINT ( 'NONE', #211 ) ;
#1587 = EDGE_CURVE ( 'NONE', #2499, #2985, #3638, .T. ) ;
#1588 = CARTESIAN_POINT ( 'NONE',  ( 21.23055223844790262, -12.41767842381810816, -2.000000000000000000 ) ) ;
#1589 = CIRCLE ( 'NONE', #5983, 27.99999957948218920 ) ;
#1590 = CARTESIAN_POINT ( 'NONE',  ( -3.902347153244143829, 23.79992060087550954, 2.099999999999999645 ) ) ;
#1591 = CARTESIAN_POINT ( 'NONE',  ( 7.650756190596017525, -25.73058353783937235, -2.000000000000000000 ) ) ;
#1592 = CARTESIAN_POINT ( 'NONE',  ( -9.484645845787898821, 22.17444536155052148, 2.099999999999999645 ) ) ;
#1593 = CARTESIAN_POINT ( 'NONE',  ( -4.310684217927233775, -24.85340566964549325, 2.100000000000000089 ) ) ;
#1594 = CARTESIAN_POINT ( 'NONE',  ( 10.38530154243853154, 23.40284517865930169, -2.000000000000000000 ) ) ;
#1595 = PLANE ( 'NONE',  #6226 ) ;
#1596 = CARTESIAN_POINT ( 'NONE',  ( 7.705310163655081368, -23.69563005194943983, -2.000000000000000000 ) ) ;
#1597 =( GEOMETRIC_REPRESENTATION_CONTEXT ( 3 ) GLOBAL_UNCERTAINTY_ASSIGNED_CONTEXT ( ( #7674 ) ) GLOBAL_UNIT_ASSIGNED_CONTEXT ( ( #7883, #1004, #1077 ) ) REPRESENTATION_CONTEXT ( 'NONE', 'WORKASPACE' ) );
#1598 = ORIENTED_EDGE ( 'NONE', *, *, #7011, .F. ) ;
#1599 = CARTESIAN_POINT ( 'NONE',  ( -9.324636732261659233, -22.03037936177865674, 2.099999999999999645 ) ) ;
#1600 = CARTESIAN_POINT ( 'NONE',  ( 4.144933467011483685, -24.44197433207706638, -2.000000000000000000 ) ) ;
#1601 = CARTESIAN_POINT ( 'NONE',  ( 25.56471904745758295, -1.411662356313489353, 2.099999999999999645 ) ) ;
#1602 = APPLICATION_CONTEXT ( 'automotive_design' ) ;
#1603 = CARTESIAN_POINT ( 'NONE',  ( -7.650756190596010420, -25.73058353783937591, -2.000000000000000000 ) ) ;
#1604 = CARTESIAN_POINT ( 'NONE',  ( -26.24483786523220274, -1.701370919965217166, -2.000000000000000000 ) ) ;
#1605 = DIRECTION ( 'NONE',  ( 0.000000000000000000, 0.000000000000000000, 1.000000000000000000 ) ) ;
#1606 = CARTESIAN_POINT ( 'NONE',  ( -2.833089530561774261, -23.33259147460854166, -2.000000000000000000 ) ) ;
#1607 = B_SPLINE_CURVE_WITH_KNOTS ( 'NONE', 3,
 ( #6918, #3230, #3274, #153, #7524, #4487, #2715, #5699, #3928, #2635, #5741, #4525, #6831, #114, #677, #1453, #5780, #5092, #7568, #195, #3843, #3193, #1374, #3156, #1412, #2024, #841, #232, #2595, #2674, #5050, #5128, #6302, #716, #6223, #3886, #1899, #1983, #2559, #5622, #77, #1941, #7609, #6340, #1292, #2063, #3758, #3310, #4406, #4365, #6873, #1334, #3803, #6265, #3512 ),
 .UNSPECIFIED., .F., .F.,
 ( 4, 1, 1, 1, 1, 1, 1, 1, 1, 1, 1, 1, 1, 1, 1, 1, 1, 1, 1, 1, 1, 1, 1, 1, 1, 1, 1, 1, 1, 1, 1, 1, 1, 1, 1, 1, 1, 1, 1, 1, 1, 1, 1, 1, 1, 1, 1, 1, 1, 1, 1, 1, 4 ),
 ( 0.01037070964479186105, 0.06767854499841075011, 0.09884629602760430789, 0.1282330327458526265, 0.1558387551553858108, 0.1816634632588949305, 0.2057071570596704646, 0.2279698365617907063, 0.2484515017704002071, 0.2671521526921107892, 0.2840717893356240475, 0.2992104117127127871, 0.3125680198398574916, 0.3241446137411457817, 0.3339401934538051009, 0.3662021699428081867, 0.3760430630535980256, 0.3856763336118157470, 0.3952492422856400678, 0.4049624801021076692, 0.4150869914083017420, 0.4259748013331248195, 0.4380386266454291411, 0.4516469595390834035, 0.4668849008038628012, 0.4803437228220500677, 0.5000000000000002220, 0.5196562771779504875, 0.5331150991961376429, 0.5483530404609170406, 0.5619613733545713030, 0.5740251986668756246, 0.5849130085916987021, 0.5950375198978927749, 0.6047507577143603763, 0.6143236663881848081, 0.6239569369464024184, 0.6337978300571922574, 0.6660598065461953432, 0.6758553862588546624, 0.6874319801601429525, 0.7007895882872876570, 0.7159282106643762855, 0.7328478473078895439, 0.7515484982296001260, 0.7720301634382096267, 0.7942928429403297574, 0.8183365367411052915, 0.8441612448446143002, 0.8717669672541474846, 0.9011537039723958031, 0.9323214550015893609, 0.9896292903552004194 ),
 .UNSPECIFIED. ) ;
#1608 = ORIENTED_EDGE ( 'NONE', *, *, #4098, .F. ) ;
#1609 = CARTESIAN_POINT ( 'NONE',  ( -20.69407544885351768, -11.81098159931166869, 2.099999999999999645 ) ) ;
#1610 = EDGE_CURVE ( 'NONE', #6258, #6150, #1828, .T. ) ;
#1611 = CARTESIAN_POINT ( 'NONE',  ( 13.64872344093912027, -24.44815585866984264, 2.099999999999999645 ) ) ;
#1612 = CARTESIAN_POINT ( 'NONE',  ( -14.51573139705936377, -19.26027195864160291, -2.000000000000000000 ) ) ;
#1613 = CARTESIAN_POINT ( 'NONE',  ( -24.45163473737931525, 4.792937194118060518, -2.000000000000000000 ) ) ;
#1614 = CARTESIAN_POINT ( 'NONE',  ( -19.10294300321428551, -20.47138356518673774, -2.000000000000000000 ) ) ;
#1615 = CARTESIAN_POINT ( 'NONE',  ( -18.25928954266905180, 15.16201400375273067, -2.000000000000000000 ) ) ;
#1616 = CARTESIAN_POINT ( 'NONE',  ( 21.66370631000717495, -16.34569607223865617, 2.100000000000000089 ) ) ;
#1617 = CARTESIAN_POINT ( 'NONE',  ( -13.81390900009209943, 19.09181343516790719, 2.100000000000000089 ) ) ;
#1618 = CARTESIAN_POINT ( 'NONE',  ( 13.18542992737236474, -19.44527382878997201, 2.100000000000000089 ) ) ;
#1619 = CARTESIAN_POINT ( 'NONE',  ( 5.995909907646363557, -27.35048520283300277, -2.000000000000000000 ) ) ;
#1620 = ORIENTED_EDGE ( 'NONE', *, *, #3847, .F. ) ;
#1621 = CARTESIAN_POINT ( 'NONE',  ( 22.73975435582775972, -5.989014764842361060, -2.000000000000000000 ) ) ;
#1622 = CARTESIAN_POINT ( 'NONE',  ( -25.36983614870255366, -1.341743455198752155, -2.000000000000000000 ) ) ;
#1623 = CARTESIAN_POINT ( 'NONE',  ( -21.48061666422703553, 12.62686802027752542, -2.000000000000000000 ) ) ;
#1624 = CARTESIAN_POINT ( 'NONE',  ( 11.33585971340118093, 24.33300811744741310, 2.099999999999999645 ) ) ;
#1625 = CARTESIAN_POINT ( 'NONE',  ( 9.408316245588480342, -22.09971024729808420, 2.100000000000000089 ) ) ;
#1626 = CARTESIAN_POINT ( 'NONE',  ( 15.23641901094384998, 19.89808777236047987, -2.000000000000000000 ) ) ;
#1627 = CARTESIAN_POINT ( 'NONE',  ( 17.91646094264594780, 17.52377780514963490, 2.099999999999999645 ) ) ;
#1628 = CARTESIAN_POINT ( 'NONE',  ( -4.590305982006153585, 25.40785750275294674, 2.099999999999999645 ) ) ;
#1629 = CARTESIAN_POINT ( 'NONE',  ( 21.00000000000000355, 2.602085213965210642E-15, -3.599999999999998757 ) ) ;
#1630 = CARTESIAN_POINT ( 'NONE',  ( -12.95267602360809889, 19.68627963667922387, -2.000000000000000000 ) ) ;
#1631 = CARTESIAN_POINT ( 'NONE',  ( -10.89735721165043536, 23.93603524774559332, 2.099999999999999645 ) ) ;
#1632 = CARTESIAN_POINT ( 'NONE',  ( -24.48402185937396780, -7.488679734998063608, -2.000000000000000000 ) ) ;
#1633 = CARTESIAN_POINT ( 'NONE',  ( -17.25657676350752823, -16.16318976602640589, -2.000000000000000000 ) ) ;
#1634 = DIRECTION ( 'NONE',  ( -0.000000000000000000, -0.000000000000000000, -1.000000000000000000 ) ) ;
#1635 = ORIENTED_EDGE ( 'NONE', *, *, #3137, .T. ) ;
#1636 = CARTESIAN_POINT ( 'NONE',  ( -7.743106042156100877, -24.63076208136010337, 2.100000000000000089 ) ) ;
#1637 = CARTESIAN_POINT ( 'NONE',  ( 21.84033501313437142, -12.97800555654220389, 2.100000000000000089 ) ) ;
#1638 = CARTESIAN_POINT ( 'NONE',  ( 23.99982295939236820, -0.9602632500303808216, -2.000000000000000000 ) ) ;
#1639 = CARTESIAN_POINT ( 'NONE',  ( -7.705310163655072486, -23.69563005194943628, -2.000000000000000000 ) ) ;
#1640 = CARTESIAN_POINT ( 'NONE',  ( -23.81253063529220171, -0.8410884408854227834, -2.000000000000000000 ) ) ;
#1641 = CARTESIAN_POINT ( 'NONE',  ( 23.24438501506256216, -6.803422568062733156, 2.100000000000000089 ) ) ;
#1642 = CARTESIAN_POINT ( 'NONE',  ( -1.623578263684206435, -25.76808346599204924, -2.000000000000000000 ) ) ;
#1643 = ORIENTED_EDGE ( 'NONE', *, *, #145, .F. ) ;
#1644 = CARTESIAN_POINT ( 'NONE',  ( -20.64571337519313587, -11.25696429976830437, -2.000000000000000000 ) ) ;
#1645 = CARTESIAN_POINT ( 'NONE',  ( 12.88716835993242960, -20.50631329690557436, -2.000000000000000000 ) ) ;
#1646 = CARTESIAN_POINT ( 'NONE',  ( -13.15214330072518045, -21.16307668733837133, -2.000000000000000000 ) ) ;
#1647 = CARTESIAN_POINT ( 'NONE',  ( -23.40793038981979635, 6.902300070437893176, -2.000000000000000000 ) ) ;
#1648 = CARTESIAN_POINT ( 'NONE',  ( 23.74358889077459267, 4.778072828450351750, 2.099999999999999645 ) ) ;
#1649 = CARTESIAN_POINT ( 'NONE',  ( 17.64188601445204085, -17.13764696917008479, -2.000000000000000000 ) ) ;
#1650 = CARTESIAN_POINT ( 'NONE',  ( 22.41476736692503380, -16.47086513864621793, 2.100000000000000089 ) ) ;
#1651 = CARTESIAN_POINT ( 'NONE',  ( -13.64897234010188676, 24.23668188073544627, 2.100000000000000089 ) ) ;
#1652 = ORIENTED_EDGE ( 'NONE', *, *, #3787, .T. ) ;
#1653 = CARTESIAN_POINT ( 'NONE',  ( 25.62785817443977265, -4.678588802317970696, 2.099999999999999645 ) ) ;
#1654 = CARTESIAN_POINT ( 'NONE',  ( 24.62078186107712696, 10.69645268464872423, -2.000000000000000000 ) ) ;
#1655 = DIRECTION ( 'NONE',  ( 0.000000000000000000, 0.000000000000000000, -1.000000000000000000 ) ) ;
#1656 = CARTESIAN_POINT ( 'NONE',  ( 17.82169893237846736, -21.35645667456330088, -2.000000000000000000 ) ) ;
#1657 = CARTESIAN_POINT ( 'NONE',  ( 19.05257563431085543, 20.26599507124441502, -2.000000000000000000 ) ) ;
#1658 = CARTESIAN_POINT ( 'NONE',  ( 18.70321540207056543, -15.22676155773647899, 2.099999999999999645 ) ) ;
#1659 = CARTESIAN_POINT ( 'NONE',  ( 13.35177211813241804, 19.34338136197019153, -2.000000000000000000 ) ) ;
#1660 = CARTESIAN_POINT ( 'NONE',  ( 13.09924240491750602, -14.84924240491749714, -3.599999999999998757 ) ) ;
#1661 = CARTESIAN_POINT ( 'NONE',  ( -1.474499619732464684, 26.25856105065617641, -2.000000000000000000 ) ) ;
#1662 = CARTESIAN_POINT ( 'NONE',  ( 22.85726476338737712, 5.433202019314306241, -2.000000000000000000 ) ) ;
#1663 = CARTESIAN_POINT ( 'NONE',  ( -14.32589460713082730, 19.15868494228939056, -2.000000000000000000 ) ) ;
#1664 = CARTESIAN_POINT ( 'NONE',  ( -11.33585971340119158, 24.33300811744740955, -2.000000000000000000 ) ) ;
#1665 = CARTESIAN_POINT ( 'NONE',  ( -25.52197998938346757, -8.320188513921049633, -2.000000000000000000 ) ) ;
#1666 = CARTESIAN_POINT ( 'NONE',  ( -17.84651532293613840, -15.31230279367191649, -2.000000000000000000 ) ) ;
#1667 = FACE_BOUND ( 'NONE', #7740, .T. ) ;
#1668 = CARTESIAN_POINT ( 'NONE',  ( 11.10648537714067530, -24.13101166629980199, -2.000000000000000000 ) ) ;
#1669 = CARTESIAN_POINT ( 'NONE',  ( -12.36707919785808230, -25.12081464783656060, 2.099999999999999645 ) ) ;
#1670 = CARTESIAN_POINT ( 'NONE',  ( 3.902347153244135836, -23.79992060087550954, -2.000000000000000000 ) ) ;
#1671 = CARTESIAN_POINT ( 'NONE',  ( 9.768079280210450577, -22.57254334279472729, 2.099999999999999645 ) ) ;
#1672 = CARTESIAN_POINT ( 'NONE',  ( -7.657608382361889454, -22.56335699501521219, -2.000000000000000000 ) ) ;
#1673 = CARTESIAN_POINT ( 'NONE',  ( -23.49332454121249825, 0.1947784575707280086, -2.000000000000000000 ) ) ;
#1674 = CARTESIAN_POINT ( 'NONE',  ( -1.726035193247308364, -25.34659078107458541, -2.000000000000000000 ) ) ;
#1675 = CARTESIAN_POINT ( 'NONE',  ( -0.8222171190492943982, -27.80350973424099692, 2.099999999999999645 ) ) ;
#1676 = VERTEX_POINT ( 'NONE', #2203 ) ;
#1677 = EDGE_CURVE ( 'NONE', #5900, #7968, #1953, .T. ) ;
#1678 = CARTESIAN_POINT ( 'NONE',  ( -17.26619031893428158, -16.42019235248055509, 2.100000000000000089 ) ) ;
#1679 = EDGE_CURVE ( 'NONE', #1243, #6910, #1277, .T. ) ;
#1680 = DIRECTION ( 'NONE',  ( -0.000000000000000000, -0.000000000000000000, 1.000000000000000000 ) ) ;
#1682 = CARTESIAN_POINT ( 'NONE',  ( -14.21926140100350189, -19.11953582679382890, 2.099999999999999645 ) ) ;
#1681 = B_SPLINE_SURFACE_WITH_KNOTS ( 'NONE', 3, 1, ( 
 ( #976, #245 ),
 ( #2809, #5182 ),
 ( #5882, #4703 ),
 ( #3450, #397 ),
 ( #5919, #325 ),
 ( #4063, #6559 ),
 ( #287, #363 ),
 ( #7743, #7097 ),
 ( #7661, #1628 ),
 ( #5794, #2199 ),
 ( #7061, #2772 ),
 ( #5226, #1509 ),
 ( #2885, #4657 ),
 ( #2846, #935 ),
 ( #3486, #5347 ),
 ( #7134, #3365 ),
 ( #2160, #3409 ),
 ( #7706, #1015 ),
 ( #3983, #1590 ),
 ( #5304, #4618 ),
 ( #6440, #7782 ),
 ( #6522, #3943 ),
 ( #893, #2239 ),
 ( #4538, #7176 ),
 ( #5838, #1547 ),
 ( #4102, #7019 ),
 ( #6400, #1472 ),
 ( #4019, #6477 ),
 ( #6637, #1702 ),
 ( #7330, #7213 ),
 ( #2924, #4141 ),
 ( #7293, #7935 ),
 ( #5458, #2315 ),
 ( #1817, #7859 ),
 ( #4815, #5417 ),
 ( #1780, #2438 ),
 ( #4775, #6595 ),
 ( #436, #508 ),
 ( #1050, #7252 ),
 ( #2395, #1214 ),
 ( #3600, #1129 ),
 ( #7895, #4180 ),
 ( #4740, #4292 ),
 ( #553, #7971 ),
 ( #5538, #6674 ),
 ( #3641, #3528 ),
 ( #2279, #5381 ),
 ( #5995, #6069 ),
 ( #1661, #4254 ),
 ( #1091, #3564 ),
 ( #6713, #592 ),
 ( #1170, #6153 ),
 ( #2996, #3035 ),
 ( #6032, #5496 ),
 ( #4853, #1742 ) ),
 .UNSPECIFIED., .F., .F., .F.,
 ( 4, 1, 1, 1, 1, 1, 1, 1, 1, 1, 1, 1, 1, 1, 1, 1, 1, 1, 1, 1, 1, 1, 1, 1, 1, 1, 1, 1, 1, 1, 1, 1, 1, 1, 1, 1, 1, 1, 1, 1, 1, 1, 1, 1, 1, 1, 1, 1, 1, 1, 1, 1, 4 ),
 ( 2, 2 ),
 ( 0.01037070963360204462, 0.06767854499841075011, 0.09884629602760430789, 0.1282330327458526265, 0.1558387551553858108, 0.1816634632588949305, 0.2057071570596704646, 0.2279698365617907063, 0.2484515017704002071, 0.2671521526921107892, 0.2840717893356240475, 0.2992104117127127871, 0.3125680198398574916, 0.3241446137411457817, 0.3339401934538051009, 0.3662021699428081867, 0.3760430630535980256, 0.3856763336118157470, 0.3952492422856400678, 0.4049624801021076692, 0.4150869914083017420, 0.4259748013331248195, 0.4380386266454291411, 0.4516469595390834035, 0.4668849008038628012, 0.4803437228220500677, 0.5000000000000002220, 0.5196562771779504875, 0.5331150991961376429, 0.5483530404609170406, 0.5619613733545713030, 0.5740251986668756246, 0.5849130085916987021, 0.5950375198978927749, 0.6047507577143603763, 0.6143236663881848081, 0.6239569369464024184, 0.6337978300571922574, 0.6660598065461953432, 0.6758553862588546624, 0.6874319801601429525, 0.7007895882872876570, 0.7159282106643762855, 0.7328478473078895439, 0.7515484982296001260, 0.7720301634382096267, 0.7942928429403297574, 0.8183365367411052915, 0.8441612448446143002, 0.8717669672541474846, 0.9011537039723958031, 0.9323214550015893609, 0.9896292903664016816 ),
 ( 0.000000000000000000, 1.000000000000000000 ),
 .UNSPECIFIED. ) ;
#1683 = CARTESIAN_POINT ( 'NONE',  ( -24.66930537037450577, 7.619416278945011278, -2.000000000000000000 ) ) ;
#1684 = CARTESIAN_POINT ( 'NONE',  ( 22.91828645517601615, 5.264681564480688358, 2.099999999999999645 ) ) ;
#1685 = CARTESIAN_POINT ( 'NONE',  ( 21.34551800689747836, -16.27777197600731540, -2.000000000000000000 ) ) ;
#1686 = CARTESIAN_POINT ( 'NONE',  ( 17.26619031893428513, -16.42019235248054443, 2.100000000000000089 ) ) ;
#1687 = CARTESIAN_POINT ( 'NONE',  ( 21.10401706161572122, -10.48531763796957073, 2.099999999999999645 ) ) ;
#1688 = CARTESIAN_POINT ( 'NONE',  ( -13.46232027610274784, 22.30341320457493381, 2.099999999999999645 ) ) ;
#1689 = ORIENTED_EDGE ( 'NONE', *, *, #5388, .T. ) ;
#1690 = CARTESIAN_POINT ( 'NONE',  ( -12.88716835993242427, -20.50631329690557791, -2.000000000000000000 ) ) ;
#1691 = CARTESIAN_POINT ( 'NONE',  ( 0.000000000000000000, 0.000000000000000000, 2.100000000000000089 ) ) ;
#1692 = DIRECTION ( 'NONE',  ( 0.000000000000000000, 0.000000000000000000, 1.000000000000000000 ) ) ;
#1693 = CARTESIAN_POINT ( 'NONE',  ( -7.401289683397454411, -27.00409019895751683, 2.100000000000000089 ) ) ;
#1694 = CARTESIAN_POINT ( 'NONE',  ( 9.673488752447894967, 22.40527988562696393, 2.099999999999999645 ) ) ;
#1695 = CARTESIAN_POINT ( 'NONE',  ( 20.28441937235455583, 15.97411852388380638, -2.000000000000000000 ) ) ;
#1696 = CARTESIAN_POINT ( 'NONE',  ( 18.30266578660394217, -18.21105589998883545, 2.099999999999999645 ) ) ;
#1697 = CARTESIAN_POINT ( 'NONE',  ( 16.82973023395796375, 20.91308632741410278, 2.099999999999999645 ) ) ;
#1698 = ORIENTED_EDGE ( 'NONE', *, *, #1826, .T. ) ;
#1699 = VECTOR ( 'NONE', #1692, 1000.000000000000000 ) ;
#1700 = EDGE_CURVE ( 'NONE', #156, #4792, #2621, .T. ) ;
#1701 = CARTESIAN_POINT ( 'NONE',  ( 23.44696895445783014, -15.30488886923696157, -2.000000000000000000 ) ) ;
#1702 = CARTESIAN_POINT ( 'NONE',  ( -2.638449045045081487, 23.34550970278806759, 2.099999999999999645 ) ) ;
#1703 = EDGE_CURVE ( 'NONE', #7638, #7592, #281, .T. ) ;
#1704 = CARTESIAN_POINT ( 'NONE',  ( 24.59949625084631464, 4.790317889056124656, -2.000000000000000000 ) ) ;
#1705 = CARTESIAN_POINT ( 'NONE',  ( 12.84317218923418658, 20.29695877980780949, -2.000000000000000000 ) ) ;
#1706 = CARTESIAN_POINT ( 'NONE',  ( 21.47582202528876039, -10.32148794313314788, 2.100000000000000089 ) ) ;
#1707 = VECTOR ( 'NONE', #7219, 1000.000000000000000 ) ;
#1708 = CARTESIAN_POINT ( 'NONE',  ( -23.42764417793267384, -4.840656286569386069, -2.000000000000000000 ) ) ;
#1709 = CARTESIAN_POINT ( 'NONE',  ( -7.743106042156109758, 24.63076208136009271, 2.099999999999999645 ) ) ;
#1710 = CARTESIAN_POINT ( 'NONE',  ( 1.810672407536176198, 24.85107952805194031, 2.100000000000000089 ) ) ;
#1711 = CARTESIAN_POINT ( 'NONE',  ( -11.92825694638518108, -24.80951218106822864, -2.000000000000000000 ) ) ;
#1712 = CARTESIAN_POINT ( 'NONE',  ( 1.906741771391420315, -24.04223096406908056, -2.000000000000000000 ) ) ;
#1713 = CARTESIAN_POINT ( 'NONE',  ( 12.19289813518885524, -25.00088857616464821, -2.000000000000000000 ) ) ;
#1714 = CARTESIAN_POINT ( 'NONE',  ( 22.96554745452510815, -14.45965356729541718, 2.099999999999999645 ) ) ;
#1715 = CARTESIAN_POINT ( 'NONE',  ( 14.75432918952970063, 19.43920578531972865, 2.100000000000000089 ) ) ;
#1716 = CIRCLE ( 'NONE', #4950, 27.99999957948218920 ) ;
#1717 = CARTESIAN_POINT ( 'NONE',  ( -26.77150907641003741, -1.970609361940798943, 2.099999999999999645 ) ) ;
#1718 = CARTESIAN_POINT ( 'NONE',  ( 25.62785817443977265, -4.678588802317970696, 2.100000000000000089 ) ) ;
#1719 = CARTESIAN_POINT ( 'NONE',  ( -3.025165651672274691, 23.29855380546641186, -2.000000000000000000 ) ) ;
#1720 = CARTESIAN_POINT ( 'NONE',  ( -1.881261915648288596, -24.14640443156746841, -2.000000000000000000 ) ) ;
#1721 = ORIENTED_EDGE ( 'NONE', *, *, #1105, .F. ) ;
#1722 = CARTESIAN_POINT ( 'NONE',  ( -18.25928954266905180, -15.16201400375275199, 2.100000000000000089 ) ) ;
#1723 = CARTESIAN_POINT ( 'NONE',  ( 27.69932686549402945, 4.092342562581445797, 2.100000000000000089 ) ) ;
#1724 = CARTESIAN_POINT ( 'NONE',  ( -13.96529143882090551, -19.07901412642182493, 2.099999999999999645 ) ) ;
#1725 = CARTESIAN_POINT ( 'NONE',  ( -23.87823629154097205, 7.119306137701274295, -2.000000000000000000 ) ) ;
#1726 = CARTESIAN_POINT ( 'NONE',  ( 23.74358889077459267, 4.778072828450351750, -2.000000000000000000 ) ) ;
#1727 = CARTESIAN_POINT ( 'NONE',  ( 19.13918860107962416, -15.44754172932142744, -2.000000000000000000 ) ) ;
#1728 = CARTESIAN_POINT ( 'NONE',  ( 18.51632561903327456, -18.67704107051116225, 2.100000000000000089 ) ) ;
#1729 = CARTESIAN_POINT ( 'NONE',  ( 22.46994110604167005, -10.47341059000766350, 2.099999999999999645 ) ) ;
#1730 = AXIS2_PLACEMENT_3D ( 'NONE', #5516, #571, #1110 ) ;
#1731 = ORIENTED_EDGE ( 'NONE', *, *, #5746, .T. ) ;
#1732 = CARTESIAN_POINT ( 'NONE',  ( -13.41263264250316922, -22.06199033373687257, -2.000000000000000000 ) ) ;
#1733 = CARTESIAN_POINT ( 'NONE',  ( -25.38017819844204226, -10.66028906994771397, -2.000000000000000000 ) ) ;
#1734 = CARTESIAN_POINT ( 'NONE',  ( 24.19711102278062143, 1.042982032116798852, 2.099999999999999645 ) ) ;
#1735 = CARTESIAN_POINT ( 'NONE',  ( 26.00281877978271439, -1.590510388571584333, -2.000000000000000000 ) ) ;
#1736 = CARTESIAN_POINT ( 'NONE',  ( 15.12400615833752582, -19.80199803049035268, -2.000000000000000000 ) ) ;
#1737 = CARTESIAN_POINT ( 'NONE',  ( 18.49458355994168102, 15.17355739294055006, -2.000000000000000000 ) ) ;
#1738 = CARTESIAN_POINT ( 'NONE',  ( 18.62447386782101688, -18.94171889292492139, 2.099999999999999645 ) ) ;
#1739 = DIRECTION ( 'NONE',  ( -0.000000000000000000, -0.000000000000000000, 1.000000000000000000 ) ) ;
#1740 = ORIENTED_EDGE ( 'NONE', *, *, #3513, .F. ) ;
#1741 = FACE_OUTER_BOUND ( 'NONE', #494, .T. ) ;
#1742 = CARTESIAN_POINT ( 'NONE',  ( -0.7237198719922736112, 27.99064497298940424, 2.099999999999999645 ) ) ;
#1743 = CARTESIAN_POINT ( 'NONE',  ( 27.69932686549417866, 4.092342562581389842, -2.000000000000000000 ) ) ;
#1744 = CARTESIAN_POINT ( 'NONE',  ( 14.75432918952970063, 19.43920578531972865, -2.000000000000000000 ) ) ;
#1745 = CARTESIAN_POINT ( 'NONE',  ( 24.62078186107714117, -10.69645268464870824, 2.100000000000000089 ) ) ;
#1746 = CARTESIAN_POINT ( 'NONE',  ( -1.145856306001376446, 27.11429446801521692, 2.100000000000000089 ) ) ;
#1747 = CARTESIAN_POINT ( 'NONE',  ( -7.865059710290389638, 22.21401039568610258, -2.000000000000000000 ) ) ;
#1748 = B_SPLINE_CURVE_WITH_KNOTS ( 'NONE', 3,
 ( #2251, #4716, #7110, #7188, #1603, #3379, #7146, #4154, #4076, #5895, #5275, #7718, #2291, #1639, #7757, #6534, #4113, #7224, #989, #6608, #5358, #1672, #6569, #6005, #375, #1062, #1025, #3499, #447, #3538, #7073, #3462, #4031, #5930, #5318, #5966, #2325, #2933, #2898, #1522, #2212, #3421, #6491, #3996, #410, #6453, #7834, #2173, #906, #4751, #5852, #301, #5393, #2784, #5239 ),
 .UNSPECIFIED., .F., .F.,
 ( 4, 1, 1, 1, 1, 1, 1, 1, 1, 1, 1, 1, 1, 1, 1, 1, 1, 1, 1, 1, 1, 1, 1, 1, 1, 1, 1, 1, 1, 1, 1, 1, 1, 1, 1, 1, 1, 1, 1, 1, 1, 1, 1, 1, 1, 1, 1, 1, 1, 1, 1, 1, 4 ),
 ( 0.01037070964479215422, 0.06767854499841075011, 0.09884629602760430789, 0.1282330327458526265, 0.1558387551553858108, 0.1816634632588949305, 0.2057071570596704646, 0.2279698365617907063, 0.2484515017704002071, 0.2671521526921107892, 0.2840717893356240475, 0.2992104117127127871, 0.3125680198398574916, 0.3241446137411457817, 0.3339401934538051009, 0.3662021699428081312, 0.3760430630535980256, 0.3856763336118157470, 0.3952492422856400678, 0.4049624801021076692, 0.4150869914083017420, 0.4259748013331248195, 0.4380386266454291411, 0.4516469595390834035, 0.4668849008038628012, 0.4803437228220500677, 0.5000000000000002220, 0.5196562771779504875, 0.5331150991961376429, 0.5483530404609170406, 0.5619613733545713030, 0.5740251986668756246, 0.5849130085916987021, 0.5950375198978927749, 0.6047507577143603763, 0.6143236663881848081, 0.6239569369464024184, 0.6337978300571922574, 0.6660598065461953432, 0.6758553862588546624, 0.6874319801601429525, 0.7007895882872876570, 0.7159282106643762855, 0.7328478473078895439, 0.7515484982296001260, 0.7720301634382096267, 0.7942928429403297574, 0.8183365367411052915, 0.8441612448446143002, 0.8717669672541474846, 0.9011537039723958031, 0.9323214550015893609, 0.9896292903552145193 ),
 .UNSPECIFIED. ) ;
#1749 = CARTESIAN_POINT ( 'NONE',  ( 2.035327432088052557, -23.74029248485179266, -2.000000000000000000 ) ) ;
#1750 = CARTESIAN_POINT ( 'NONE',  ( 10.25081980592599251, -23.24542008693366313, 2.099999999999999645 ) ) ;
#1751 = CARTESIAN_POINT ( 'NONE',  ( 21.98040231662190891, 13.13048226772783877, 2.099999999999999645 ) ) ;
#1752 = CARTESIAN_POINT ( 'NONE',  ( 14.32589460713081664, 19.15868494228939056, 2.100000000000000089 ) ) ;
#1753 = EDGE_CURVE ( 'NONE', #2392, #4408, #4553, .T. ) ;
#1754 = CARTESIAN_POINT ( 'NONE',  ( -26.00281877978271439, 1.590510388571581002, 2.099999999999999645 ) ) ;
#1755 = CARTESIAN_POINT ( 'NONE',  ( 22.73975435582775972, -5.989014764842361060, 2.100000000000000089 ) ) ;
#1756 = CARTESIAN_POINT ( 'NONE',  ( 22.81713236683327040, 5.623918026294856709, -2.000000000000000000 ) ) ;
#1757 = CARTESIAN_POINT ( 'NONE',  ( -4.590305982006135821, -25.40785750275295030, 2.099999999999999645 ) ) ;
#1758 = VERTEX_POINT ( 'NONE', #3727 ) ;
#1759 = CARTESIAN_POINT ( 'NONE',  ( 0.000000000000000000, 0.000000000000000000, 0.000000000000000000 ) ) ;
#1760 = CARTESIAN_POINT ( 'NONE',  ( 4.389956462724883934, -25.02313217738665685, -2.000000000000000000 ) ) ;
#1761 = CARTESIAN_POINT ( 'NONE',  ( -1.680116617297987336, -25.54848055630612436, 2.100000000000000089 ) ) ;
#1762 = CARTESIAN_POINT ( 'NONE',  ( -23.63710370791871540, 4.790810183414316192, -2.000000000000000000 ) ) ;
#1763 = CARTESIAN_POINT ( 'NONE',  ( -17.29220078062825650, -16.53076698689343615, -2.000000000000000000 ) ) ;
#1764 = CARTESIAN_POINT ( 'NONE',  ( 22.41476736692503380, -16.47086513864621793, -2.000000000000000000 ) ) ;
#1765 = CARTESIAN_POINT ( 'NONE',  ( 17.25657676350752823, -16.16318976602639168, 2.100000000000000089 ) ) ;
#1766 = CARTESIAN_POINT ( 'NONE',  ( 25.91507308952765243, -10.60230933436159972, 2.099999999999999645 ) ) ;
#1767 = ORIENTED_EDGE ( 'NONE', *, *, #4352, .T. ) ;
#1768 = CARTESIAN_POINT ( 'NONE',  ( -13.30747633062665614, -21.64116298680352202, -2.000000000000000000 ) ) ;
#1769 = CARTESIAN_POINT ( 'NONE',  ( -10.38530154243854042, 23.40284517865929459, -2.000000000000000000 ) ) ;
#1770 = CARTESIAN_POINT ( 'NONE',  ( -27.19385050686429040, 4.276646238565355418, -2.000000000000000000 ) ) ;
#1771 = CARTESIAN_POINT ( 'NONE',  ( 15.68419099428257013, -20.23743569325269931, -2.000000000000000000 ) ) ;
#1772 = CARTESIAN_POINT ( 'NONE',  ( 12.19289813518887122, 25.00088857616466242, 2.099999999999999645 ) ) ;
#1773 = CARTESIAN_POINT ( 'NONE',  ( -27.05471844848150198, -2.130765319231059607, 2.100000000000000089 ) ) ;
#1774 = CARTESIAN_POINT ( 'NONE',  ( 19.05257563433240620, -20.26599507132419120, -2.000000000000000000 ) ) ;
#1775 = CARTESIAN_POINT ( 'NONE',  ( -13.09924240491750069, 14.84924240491749536, 2.100000000000001865 ) ) ;
#1776 = CARTESIAN_POINT ( 'NONE',  ( -16.30896799194540137, 20.63258928533522152, 2.099999999999999645 ) ) ;
#1777 = ORIENTED_EDGE ( 'NONE', *, *, #17, .T. ) ;
#1778 = ORIENTED_EDGE ( 'NONE', *, *, #6742, .F. ) ;
#1779 = CARTESIAN_POINT ( 'NONE',  ( 22.96554745452510815, -14.45965356729541718, -2.000000000000000000 ) ) ;
#1780 = CARTESIAN_POINT ( 'NONE',  ( -1.939597136465254223, 23.94058417290087348, -2.000000000000000000 ) ) ;
#1781 = CARTESIAN_POINT ( 'NONE',  ( 23.74358889077459267, 4.778072828450351750, -2.000000000000000000 ) ) ;
#1782 = CARTESIAN_POINT ( 'NONE',  ( 16.55868018414817655, 20.77185239767593217, -2.000000000000000000 ) ) ;
#1783 = CARTESIAN_POINT ( 'NONE',  ( 20.81172461973597620, -10.92283569232044904, 2.100000000000000089 ) ) ;
#1784 = CARTESIAN_POINT ( 'NONE',  ( -23.93435179486865749, -4.766524473500976633, -2.000000000000000000 ) ) ;
#1785 = CARTESIAN_POINT ( 'NONE',  ( -7.601435196559586771, 26.05218098595103626, 2.099999999999999645 ) ) ;
#1786 = CARTESIAN_POINT ( 'NONE',  ( 2.198555820827218010, -23.54154832015334975, -2.000000000000000000 ) ) ;
#1787 = CARTESIAN_POINT ( 'NONE',  ( 10.89735721165043358, -23.93603524774560043, -2.000000000000000000 ) ) ;
#1788 = CARTESIAN_POINT ( 'NONE',  ( 20.61769535193586123, 11.41192623884529844, 2.099999999999999645 ) ) ;
#1789 = CARTESIAN_POINT ( 'NONE',  ( 13.61524630358645993, 23.47600944080825514, 2.100000000000000089 ) ) ;
#1790 = CARTESIAN_POINT ( 'NONE',  ( -25.19179192507393239, 1.283507464112904284, 2.099999999999999645 ) ) ;
#1791 = CARTESIAN_POINT ( 'NONE',  ( 24.76692767734245137, -4.782579349257312984, 2.100000000000000089 ) ) ;
#1792 = CARTESIAN_POINT ( 'NONE',  ( -2.638449045045081487, 23.34550970278806759, -2.000000000000000000 ) ) ;
#1793 = CARTESIAN_POINT ( 'NONE',  ( 0.9676082089280029219, 27.51106945932079384, 2.099999999999999645 ) ) ;
#1794 = ORIENTED_EDGE ( 'NONE', *, *, #5971, .F. ) ;
#1795 = CARTESIAN_POINT ( 'NONE',  ( -25.91507308952768796, -10.60230933436160150, -2.000000000000000000 ) ) ;
#1796 = CARTESIAN_POINT ( 'NONE',  ( -27.19385050686429040, 4.276646238565355418, 2.100000000000000089 ) ) ;
#1797 = CARTESIAN_POINT ( 'NONE',  ( -3.846120836016032385, -23.70909028424117437, 2.100000000000000089 ) ) ;
#1798 = CARTESIAN_POINT ( 'NONE',  ( -17.37016481680592150, -16.73146461459393208, 2.099999999999999645 ) ) ;
#1799 = CARTESIAN_POINT ( 'NONE',  ( 18.96747865530087296, -19.95068825630397669, -2.000000000000000000 ) ) ;
#1800 = DIRECTION ( 'NONE',  ( -1.000000000000000000, 0.000000000000000000, 0.000000000000000000 ) ) ;
#1801 = CARTESIAN_POINT ( 'NONE',  ( 23.51784779677759474, -10.65556037457646177, 2.099999999999999645 ) ) ;
#1802 = ORIENTED_EDGE ( 'NONE', *, *, #2989, .T. ) ;
#1803 = CARTESIAN_POINT ( 'NONE',  ( 23.76414829993700906, -7.060866680122694028, -2.000000000000000000 ) ) ;
#1804 = CARTESIAN_POINT ( 'NONE',  ( -9.555618961847070381, 22.25484530667599614, -2.000000000000000000 ) ) ;
#1805 = ADVANCED_FACE ( 'NONE', ( #2484 ), #6653, .F. ) ;
#1806 = MANIFOLD_SOLID_BREP ( 'Boss-Extrude1', #1564 ) ;
#1807 = CARTESIAN_POINT ( 'NONE',  ( -22.74963530479514873, 6.146178943449458920, -2.000000000000000000 ) ) ;
#1808 = CARTESIAN_POINT ( 'NONE',  ( 25.52197998938346402, 8.320188513921063844, -2.000000000000000000 ) ) ;
#1809 = CARTESIAN_POINT ( 'NONE',  ( -25.36983614870255366, -1.341743455198752155, 2.100000000000000089 ) ) ;
#1810 = CARTESIAN_POINT ( 'NONE',  ( 22.91929613358906792, 6.515359526762130926, 2.100000000000000089 ) ) ;
#1811 = DIRECTION ( 'NONE',  ( -1.000000000000000000, 0.000000000000000000, 0.000000000000000000 ) ) ;
#1812 = CARTESIAN_POINT ( 'NONE',  ( 17.82169893245506032, 21.35645667459429831, -2.000000000000000000 ) ) ;
#1813 = CARTESIAN_POINT ( 'NONE',  ( -16.08024905276406713, 20.49638744246054856, 2.099999999999999645 ) ) ;
#1814 = VERTEX_POINT ( 'NONE', #583 ) ;
#1815 = ORIENTED_EDGE ( 'NONE', *, *, #4701, .T. ) ;
#1816 = CARTESIAN_POINT ( 'NONE',  ( 17.45584392081710590, 15.72474958968643044, -2.000000000000000000 ) ) ;
#1817 = CARTESIAN_POINT ( 'NONE',  ( -2.035327432088060551, 23.74029248485179266, -2.000000000000000000 ) ) ;
#1818 = CARTESIAN_POINT ( 'NONE',  ( 24.19711102278062143, 1.042982032116798852, 2.100000000000000089 ) ) ;
#1819 = CARTESIAN_POINT ( 'NONE',  ( 5.008822010445473261, 26.08776424953686757, 2.099999999999999645 ) ) ;
#1820 = CARTESIAN_POINT ( 'NONE',  ( -25.38017819848324308, 10.66028906994524306, -2.000000000000000000 ) ) ;
#1821 = CARTESIAN_POINT ( 'NONE',  ( -18.09985454995501897, 17.82762258356554241, 2.099999999999999645 ) ) ;
#1822 = CARTESIAN_POINT ( 'NONE',  ( 7.401289683367671124, 27.00409019907774066, 2.099999999999999645 ) ) ;
#1823 = CARTESIAN_POINT ( 'NONE',  ( -7.605208680130574272, 22.99453835804833801, 2.099999999999999645 ) ) ;
#1824 = EDGE_CURVE ( 'NONE', #4330, #7290, #6631, .T. ) ;
#1825 = CARTESIAN_POINT ( 'NONE',  ( 3.359200862297568868, 23.32460485566309671, 2.100000000000000089 ) ) ;
#1826 = EDGE_CURVE ( 'NONE', #6942, #4010, #28, .T. ) ;
#1827 = CARTESIAN_POINT ( 'NONE',  ( -11.58603556222320030, -24.54102139527088156, 2.100000000000000089 ) ) ;
#1828 = CIRCLE ( 'NONE', #6352, 1.750000000000000888 ) ;
#1829 = CARTESIAN_POINT ( 'NONE',  ( 1.379935885169562004, -26.52839079975561276, 2.099999999999999645 ) ) ;
#1830 = CARTESIAN_POINT ( 'NONE',  ( 9.945601713251333464, -22.84599953686306506, -2.000000000000000000 ) ) ;
#1831 = CARTESIAN_POINT ( 'NONE',  ( 20.80453127045303674, 12.00354473513043274, -2.000000000000000000 ) ) ;
#1832 = CARTESIAN_POINT ( 'NONE',  ( 12.86131782747429497, 20.40223119301177945, 2.100000000000000089 ) ) ;
#1833 = CARTESIAN_POINT ( 'NONE',  ( -26.24483786523219209, 1.701370919965209838, -2.000000000000000000 ) ) ;
#1834 = CARTESIAN_POINT ( 'NONE',  ( -4.244076555440668308, -24.69959869036684452, -2.000000000000000000 ) ) ;
#1835 = CARTESIAN_POINT ( 'NONE',  ( 27.69932686549411471, -4.092342562581388954, -2.000000000000000000 ) ) ;
#1836 = CARTESIAN_POINT ( 'NONE',  ( -4.082273444348678559, -24.25428063893853192, 2.099999999999999645 ) ) ;
#1837 = VECTOR ( 'NONE', #2622, 1000.000000000000000 ) ;
#1838 = ORIENTED_EDGE ( 'NONE', *, *, #7794, .T. ) ;
#1839 = CARTESIAN_POINT ( 'NONE',  ( -17.28752988749540265, -16.01445386190352238, 2.100000000000000089 ) ) ;
#1840 = CARTESIAN_POINT ( 'NONE',  ( 4.310684217927242656, -24.85340566964549325, -2.000000000000000000 ) ) ;
#1841 = AXIS2_PLACEMENT_3D ( 'NONE', #194, #2673, #3967 ) ;
#1842 = CARTESIAN_POINT ( 'NONE',  ( -1.840779285638403318, -24.52644730507024562, 2.100000000000000089 ) ) ;
#1843 = CARTESIAN_POINT ( 'NONE',  ( -18.40868586258352124, -18.43357243192681238, 2.099999999999999645 ) ) ;
#1844 = CARTESIAN_POINT ( 'NONE',  ( 20.80453127045303674, 12.00354473513043274, 2.100000000000000089 ) ) ;
#1845 = CARTESIAN_POINT ( 'NONE',  ( -10.53741832910565712, 23.57101921525814703, 2.100000000000000089 ) ) ;
#1846 = CARTESIAN_POINT ( 'NONE',  ( 21.69704443755539813, -10.30300297322494885, -2.000000000000000000 ) ) ;
#1847 = ORIENTED_EDGE ( 'NONE', *, *, #3992, .F. ) ;
#1848 = CIRCLE ( 'NONE', #6112, 27.99999957948218920 ) ;
#1849 = ADVANCED_FACE ( 'NONE', ( #5657 ), #1164, .F. ) ;
#1850 = CARTESIAN_POINT ( 'NONE',  ( 26.06641539773996641, -8.850830286138368308, 2.099999999999999645 ) ) ;
#1851 = CARTESIAN_POINT ( 'NONE',  ( -22.46994110604166650, -10.47341059000766883, -2.000000000000000000 ) ) ;
#1852 = B_SPLINE_CURVE_WITH_KNOTS ( 'NONE', 3,
 ( #6405, #776, #2612, #2002, #6896, #4543, #1431, #2042, #4505, #7024, #6979, #3906, #6245, #2081, #820, #212, #3329, #5760, #2694, #1354, #5148, #736, #3209, #95, #1477, #3948, #696, #5799, #250, #2733, #5187, #7666, #2127, #4587, #1312, #3174, #2576, #5029, #7503, #1056, #2284, #2814, #5960, #7786, #2244, #1594, #1020, #7711, #4146, #4708, #3370, #368, #6483, #5843, #5268 ),
 .UNSPECIFIED., .F., .F.,
 ( 4, 1, 1, 1, 1, 1, 1, 1, 1, 1, 1, 1, 1, 1, 1, 1, 1, 1, 1, 1, 1, 1, 1, 1, 1, 1, 1, 1, 1, 1, 1, 1, 1, 1, 1, 1, 1, 1, 1, 1, 1, 1, 1, 1, 1, 1, 1, 1, 1, 1, 1, 1, 4 ),
 ( 0.01037070964479215943, 0.06767854499841075011, 0.09884629602760430789, 0.1282330327458526265, 0.1558387551553858108, 0.1816634632588949305, 0.2057071570596704646, 0.2279698365617907063, 0.2484515017704002071, 0.2671521526921107892, 0.2840717893356241031, 0.2992104117127127871, 0.3125680198398574361, 0.3241446137411457817, 0.3339401934538051009, 0.3662021699428081867, 0.3760430630535980256, 0.3856763336118157470, 0.3952492422856400678, 0.4049624801021076692, 0.4150869914083017420, 0.4259748013331248195, 0.4380386266454291411, 0.4516469595390834035, 0.4668849008038628012, 0.4803437228220500677, 0.5000000000000002220, 0.5196562771779504875, 0.5331150991961376429, 0.5483530404609169295, 0.5619613733545713030, 0.5740251986668756246, 0.5849130085916988131, 0.5950375198978927749, 0.6047507577143603763, 0.6143236663881848081, 0.6239569369464024184, 0.6337978300571922574, 0.6660598065461953432, 0.6758553862588546624, 0.6874319801601429525, 0.7007895882872876570, 0.7159282106643762855, 0.7328478473078895439, 0.7515484982296001260, 0.7720301634382096267, 0.7942928429403297574, 0.8183365367411052915, 0.8441612448446143002, 0.8717669672541474846, 0.9011537039723958031, 0.9323214550015893609, 0.9896292903552154074 ),
 .UNSPECIFIED. ) ;
#1853 = CARTESIAN_POINT ( 'NONE',  ( -23.10489730742584413, 5.020145956116661701, -2.000000000000000000 ) ) ;
#1854 = CARTESIAN_POINT ( 'NONE',  ( 7.988790274807834990, 22.11659910479056279, 2.100000000000000089 ) ) ;
#1855 = B_SPLINE_CURVE_WITH_KNOTS ( 'NONE', 3,
 ( #3674, #1656, #3594, #4845, #5487, #499, #4171, #4132, #1043, #1771, #4245, #1083, #7243, #1736, #6705, #2427, #465, #3519, #5987, #3558, #4884, #6026, #7358, #2952, #5411, #622, #4443, #3713, #7520, #6262, #6183, #73, #1331, #150, #5047, #6914, #1407, #2020, #8002, #2556, #4969, #672, #4402, #1895, #3799, #5618, #793, #713, #3189, #4362, #1371, #3102, #6827, #5573, #5009 ),
 .UNSPECIFIED., .F., .F.,
 ( 4, 1, 1, 1, 1, 1, 1, 1, 1, 1, 1, 1, 1, 1, 1, 1, 1, 1, 1, 1, 1, 1, 1, 1, 1, 1, 1, 1, 1, 1, 1, 1, 1, 1, 1, 1, 1, 1, 1, 1, 1, 1, 1, 1, 1, 1, 1, 1, 1, 1, 1, 1, 4 ),
 ( 0.01037070964479203279, 0.06767854499841075011, 0.09884629602760430789, 0.1282330327458526265, 0.1558387551553858108, 0.1816634632588949305, 0.2057071570596704646, 0.2279698365617907063, 0.2484515017704002071, 0.2671521526921107892, 0.2840717893356240475, 0.2992104117127127871, 0.3125680198398574916, 0.3241446137411457817, 0.3339401934538051009, 0.3662021699428081867, 0.3760430630535980256, 0.3856763336118157470, 0.3952492422856400678, 0.4049624801021076692, 0.4150869914083017420, 0.4259748013331248195, 0.4380386266454291411, 0.4516469595390834035, 0.4668849008038628012, 0.4803437228220500677, 0.5000000000000002220, 0.5196562771779504875, 0.5331150991961376429, 0.5483530404609170406, 0.5619613733545713030, 0.5740251986668756246, 0.5849130085916987021, 0.5950375198978927749, 0.6047507577143603763, 0.6143236663881848081, 0.6239569369464024184, 0.6337978300571922574, 0.6660598065461953432, 0.6758553862588546624, 0.6874319801601429525, 0.7007895882872876570, 0.7159282106643762855, 0.7328478473078895439, 0.7515484982296001260, 0.7720301634382096267, 0.7942928429403297574, 0.8183365367411052915, 0.8441612448446143002, 0.8717669672541474846, 0.9011537039723956921, 0.9323214550015893609, 0.9896292903552151854 ),
 .UNSPECIFIED. ) ;
#1856 = CARTESIAN_POINT ( 'NONE',  ( 26.28829541380229173, 9.090474067371495437, -2.000000000000000000 ) ) ;
#1857 = CARTESIAN_POINT ( 'NONE',  ( 21.66370631000717495, 16.34569607223867749, -2.000000000000000000 ) ) ;
#1858 = CARTESIAN_POINT ( 'NONE',  ( 24.86659007404522370, 7.767174896947414808, 2.100000000000000089 ) ) ;
#1859 = CARTESIAN_POINT ( 'NONE',  ( 17.83462167525290099, -17.40060223031303011, -2.000000000000000000 ) ) ;
#1860 = CARTESIAN_POINT ( 'NONE',  ( 20.80821629034237219, -10.92099437901167569, -2.000000000000000000 ) ) ;
#1861 = CARTESIAN_POINT ( 'NONE',  ( 23.51224346894562345, -0.3730054609666969556, 2.100000000000000089 ) ) ;
#1862 = ORIENTED_EDGE ( 'NONE', *, *, #1460, .F. ) ;
#1863 = EDGE_LOOP ( 'NONE', ( #7486, #5890 ) ) ;
#1864 = CARTESIAN_POINT ( 'NONE',  ( 19.13918860107961351, 15.44754172932143632, 2.099999999999999645 ) ) ;
#1865 = CARTESIAN_POINT ( 'NONE',  ( 12.95267602360809889, -19.68627963667922387, 2.099999999999999645 ) ) ;
#1866 = CARTESIAN_POINT ( 'NONE',  ( -24.31514428139131923, 10.69735948946558501, -2.000000000000000000 ) ) ;
#1867 = CARTESIAN_POINT ( 'NONE',  ( 4.482856113983113566, 25.20816636816326195, 2.099999999999999645 ) ) ;
#1868 = CARTESIAN_POINT ( 'NONE',  ( 13.30747633062665258, 21.64116298680352557, -2.000000000000000000 ) ) ;
#1869 = CARTESIAN_POINT ( 'NONE',  ( 22.09815905990547336, -10.35588323418787304, 2.100000000000000089 ) ) ;
#1870 = CARTESIAN_POINT ( 'NONE',  ( 7.656852614504651378, 23.37322600383987137, 2.099999999999999645 ) ) ;
#1871 = CARTESIAN_POINT ( 'NONE',  ( -7.601435196559586771, 26.05218098595103626, -2.000000000000000000 ) ) ;
#1872 = CARTESIAN_POINT ( 'NONE',  ( 4.030460310774742538, 24.06924055886030089, 2.100000000000000089 ) ) ;
#1873 = B_SPLINE_CURVE_WITH_KNOTS ( 'NONE', 3,
 ( #3839, #111, #7479, #1978, #3270, #2592, #4483, #6297, #753, #5088, #7398, #6220, #1247, #7565, #6336, #3227, #5694, #2631, #6870, #7439, #6954, #31, #3883, #2467, #4926, #1854, #3754, #4324, #3152, #6788, #1937, #1288, #2514, #2752, #998, #3346, #838, #4521, #6381, #2183, #1449, #7081, #5124, #345, #2059, #4602, #3924, #2220, #1530, #7043, #5164, #3307, #4085, #4004, #6423 ),
 .UNSPECIFIED., .F., .F.,
 ( 4, 1, 1, 1, 1, 1, 1, 1, 1, 1, 1, 1, 1, 1, 1, 1, 1, 1, 1, 1, 1, 1, 1, 1, 1, 1, 1, 1, 1, 1, 1, 1, 1, 1, 1, 1, 1, 1, 1, 1, 1, 1, 1, 1, 1, 1, 1, 1, 1, 1, 1, 1, 4 ),
 ( 0.01037070964479215943, 0.06767854499841075011, 0.09884629602760430789, 0.1282330327458526265, 0.1558387551553858108, 0.1816634632588949305, 0.2057071570596704646, 0.2279698365617907063, 0.2484515017704002071, 0.2671521526921107892, 0.2840717893356240475, 0.2992104117127127871, 0.3125680198398574916, 0.3241446137411457817, 0.3339401934538051009, 0.3662021699428081867, 0.3760430630535980256, 0.3856763336118157470, 0.3952492422856400678, 0.4049624801021076692, 0.4150869914083017420, 0.4259748013331248195, 0.4380386266454291411, 0.4516469595390834035, 0.4668849008038628012, 0.4803437228220500677, 0.5000000000000002220, 0.5196562771779504875, 0.5331150991961377539, 0.5483530404609170406, 0.5619613733545713030, 0.5740251986668756246, 0.5849130085916987021, 0.5950375198978928859, 0.6047507577143603763, 0.6143236663881848081, 0.6239569369464024184, 0.6337978300571922574, 0.6660598065461953432, 0.6758553862588546624, 0.6874319801601429525, 0.7007895882872876570, 0.7159282106643762855, 0.7328478473078895439, 0.7515484982296001260, 0.7720301634382096267, 0.7942928429403297574, 0.8183365367411052915, 0.8441612448446143002, 0.8717669672541474846, 0.9011537039723958031, 0.9323214550015892499, 0.9896292903552004194 ),
 .UNSPECIFIED. ) ;
#1874 = CARTESIAN_POINT ( 'NONE',  ( 21.23211141880577202, 10.40363348579839631, -2.000000000000000000 ) ) ;
#1875 = CARTESIAN_POINT ( 'NONE',  ( -22.91828645517601615, -5.264681564480675036, -2.000000000000000000 ) ) ;
#1876 = LINE ( 'NONE', #4342, #36 ) ;
#1877 = CARTESIAN_POINT ( 'NONE',  ( 23.44696895451521712, 15.30488886934665338, 2.099999999999999645 ) ) ;
#1878 = CARTESIAN_POINT ( 'NONE',  ( 13.64180598451630289, 23.91017226872975598, 2.100000000000000089 ) ) ;
#1879 = CARTESIAN_POINT ( 'NONE',  ( -27.69989816623198919, 2.535120532296406548, 2.099999999999999645 ) ) ;
#1880 = CARTESIAN_POINT ( 'NONE',  ( -1.939597136465237570, -23.94058417290086993, -2.000000000000000000 ) ) ;
#1881 = CARTESIAN_POINT ( 'NONE',  ( 8.673617379884035472E-15, -21.00000000000000000, -3.599999999999998757 ) ) ;
#1882 = CARTESIAN_POINT ( 'NONE',  ( 0.8222171190492787440, 27.80350973424099692, 2.099999999999999645 ) ) ;
#1883 = VERTEX_POINT ( 'NONE', #4086 ) ;
#1884 = CARTESIAN_POINT ( 'NONE',  ( -24.86659007404522725, -7.767174896947399709, 2.099999999999999645 ) ) ;
#1885 = CARTESIAN_POINT ( 'NONE',  ( 1.270707428516388404, -26.81384534371724016, -2.000000000000000000 ) ) ;
#1886 = CARTESIAN_POINT ( 'NONE',  ( -0.7237198720499676829, -27.99064497287975328, 2.100000000000000089 ) ) ;
#1887 = CARTESIAN_POINT ( 'NONE',  ( -18.40868586258352124, -18.43357243192681238, -2.000000000000000000 ) ) ;
#1888 = CARTESIAN_POINT ( 'NONE',  ( -19.42345833902675167, 15.60717637591974238, 2.100000000000000089 ) ) ;
#1889 = CARTESIAN_POINT ( 'NONE',  ( -7.865059710290389638, 22.21401039568610258, 2.100000000000000089 ) ) ;
#1890 = CARTESIAN_POINT ( 'NONE',  ( 21.70974829699418507, -12.84369887095659557, -2.000000000000000000 ) ) ;
#1891 = ORIENTED_EDGE ( 'NONE', *, *, #4139, .F. ) ;
#1892 = FACE_OUTER_BOUND ( 'NONE', #1167, .T. ) ;
#1893 = CARTESIAN_POINT ( 'NONE',  ( -9.768079280210450577, 22.57254334279472019, -2.000000000000000000 ) ) ;
#1894 = CARTESIAN_POINT ( 'NONE',  ( -24.45163473737931525, 4.792937194118060518, -2.000000000000000000 ) ) ;
#1895 = CARTESIAN_POINT ( 'NONE',  ( 13.25426296490209843, -21.46155364981478542, -2.000000000000000000 ) ) ;
#1896 = DIRECTION ( 'NONE',  ( -0.9709418174260520118, 0.2393156642875577667, 0.000000000000000000 ) ) ;
#1897 = CARTESIAN_POINT ( 'NONE',  ( -22.09150218632043661, 16.42439464915884528, -2.000000000000000000 ) ) ;
#1898 = LINE ( 'NONE', #715, #2498 ) ;
#1899 = CARTESIAN_POINT ( 'NONE',  ( 18.70321540207055122, 15.22676155773648610, 2.100000000000000089 ) ) ;
#1900 = CARTESIAN_POINT ( 'NONE',  ( 23.63491054742290132, 0.6550942090464551004, 2.100000000000000089 ) ) ;
#1901 = ORIENTED_EDGE ( 'NONE', *, *, #709, .T. ) ;
#1902 = ORIENTED_EDGE ( 'NONE', *, *, #6593, .F. ) ;
#1903 = CARTESIAN_POINT ( 'NONE',  ( 17.29220078062824939, 16.53076698689343615, 2.099999999999999645 ) ) ;
#1904 = CARTESIAN_POINT ( 'NONE',  ( 16.08024905276406713, -20.49638744246054856, 2.099999999999999645 ) ) ;
#1905 = CARTESIAN_POINT ( 'NONE',  ( -21.34551800689747125, -16.27777197600732251, -2.000000000000000000 ) ) ;
#1906 = CARTESIAN_POINT ( 'NONE',  ( 4.244076555440654985, 24.69959869036685163, -2.000000000000000000 ) ) ;
#1907 = CARTESIAN_POINT ( 'NONE',  ( -22.59408972245014624, 10.50532236015857102, -2.000000000000000000 ) ) ;
#1908 = CARTESIAN_POINT ( 'NONE',  ( 21.38382933992361501, -12.54282366362884105, 2.100000000000000089 ) ) ;
#1909 = CARTESIAN_POINT ( 'NONE',  ( 7.523321135851438690, 26.48008397887758392, -2.000000000000000000 ) ) ;
#1910 = CARTESIAN_POINT ( 'NONE',  ( -23.34891248594831126, 15.11752229210735976, 2.100000000000000089 ) ) ;
#1911 = CARTESIAN_POINT ( 'NONE',  ( 13.41263264250316567, 22.06199033373687612, -2.000000000000000000 ) ) ;
#1912 = CARTESIAN_POINT ( 'NONE',  ( 7.401289683397443753, -27.00409019895759144, -2.000000000000000000 ) ) ;
#1913 = CARTESIAN_POINT ( 'NONE',  ( -22.79134869580807887, -6.292262679950373361, 2.099999999999999645 ) ) ;
#1914 = CARTESIAN_POINT ( 'NONE',  ( -23.44696895445778750, -15.30488886923689407, 2.100000000000000089 ) ) ;
#1915 = CARTESIAN_POINT ( 'NONE',  ( 7.701896059577425291, -22.44925656542959302, 2.099999999999999645 ) ) ;
#1916 = CARTESIAN_POINT ( 'NONE',  ( 20.89282384029108997, 10.74542454372255840, -2.000000000000000000 ) ) ;
#1917 = CARTESIAN_POINT ( 'NONE',  ( 4.389956462724883934, -25.02313217738665685, 2.100000000000000089 ) ) ;
#1918 = CARTESIAN_POINT ( 'NONE',  ( -22.79134869580807177, 6.292262679950354709, -2.000000000000000000 ) ) ;
#1919 = CARTESIAN_POINT ( 'NONE',  ( -24.19711102278062143, 1.042982032116795743, 2.099999999999999645 ) ) ;
#1920 = CARTESIAN_POINT ( 'NONE',  ( -2.463801941912927784, -23.38577358155836095, -2.000000000000000000 ) ) ;
#1921 = CARTESIAN_POINT ( 'NONE',  ( 23.00007343659231651, -5.130111501463095358, -2.000000000000000000 ) ) ;
#1922 = CARTESIAN_POINT ( 'NONE',  ( -3.952016953262624366, -23.89496924813285261, -2.000000000000000000 ) ) ;
#1923 = ORIENTED_EDGE ( 'NONE', *, *, #4352, .F. ) ;
#1924 = CARTESIAN_POINT ( 'NONE',  ( -23.87823629154096494, -7.119306137701290282, 2.099999999999999645 ) ) ;
#1925 = CARTESIAN_POINT ( 'NONE',  ( 1.555379675915627313, -26.00494379640385390, -2.000000000000000000 ) ) ;
#1926 = CARTESIAN_POINT ( 'NONE',  ( -16.30896799194538715, -20.63258928533521441, 2.099999999999999645 ) ) ;
#1927 = CARTESIAN_POINT ( 'NONE',  ( -19.10294300321428551, -20.47138356518673774, 2.099999999999999645 ) ) ;
#1928 = CARTESIAN_POINT ( 'NONE',  ( 20.69407544885351413, 11.81098159931167935, 2.100000000000000089 ) ) ;
#1929 = ADVANCED_FACE ( 'NONE', ( #7806 ), #1114, .F. ) ;
#1930 = CARTESIAN_POINT ( 'NONE',  ( -7.768531058981745119, 22.33132486425837016, 2.100000000000000089 ) ) ;
#1931 = CARTESIAN_POINT ( 'NONE',  ( 21.98040231662191957, -13.13048226772782279, 2.099999999999999645 ) ) ;
#1932 = ADVANCED_FACE ( 'NONE', ( #3586 ), #643, .F. ) ;
#1933 = VERTEX_POINT ( 'NONE', #2136 ) ;
#1934 = CARTESIAN_POINT ( 'NONE',  ( -14.88619985382989697, -19.57897187542435091, -2.000000000000000000 ) ) ;
#1935 = FACE_OUTER_BOUND ( 'NONE', #4036, .T. ) ;
#1936 = CARTESIAN_POINT ( 'NONE',  ( -23.00007343659231651, 5.130111501463086476, -2.000000000000000000 ) ) ;
#1937 = CARTESIAN_POINT ( 'NONE',  ( 8.843531895616187910, 21.84292484346595842, 2.100000000000000089 ) ) ;
#1938 = CARTESIAN_POINT ( 'NONE',  ( 24.66930537037450577, 7.619416278945045029, 2.099999999999999645 ) ) ;
#1939 = CARTESIAN_POINT ( 'NONE',  ( -20.51809281624190362, 16.05254419007954425, -2.000000000000000000 ) ) ;
#1940 = CARTESIAN_POINT ( 'NONE',  ( 23.87823629154096139, 7.119306137701304493, 2.100000000000000089 ) ) ;
#1941 = CARTESIAN_POINT ( 'NONE',  ( 19.42345833902674102, 15.60717637591975837, 2.100000000000000089 ) ) ;
#1942 = CARTESIAN_POINT ( 'NONE',  ( 15.23641901094385886, -19.89808777236047632, 2.100000000000000089 ) ) ;
#1943 = CARTESIAN_POINT ( 'NONE',  ( -18.01951879751182517, 21.43121365586114280, 2.099999999999999645 ) ) ;
#1944 = ORIENTED_EDGE ( 'NONE', *, *, #7007, .T. ) ;
#1945 = CARTESIAN_POINT ( 'NONE',  ( -23.74358889077459622, -4.778072828450338427, 2.100000000000000089 ) ) ;
#1946 = CARTESIAN_POINT ( 'NONE',  ( 19.42345833902674102, 15.60717637591975837, 2.099999999999999645 ) ) ;
#1947 = CARTESIAN_POINT ( 'NONE',  ( -21.80373651133527702, 10.30832712212200164, -2.000000000000000000 ) ) ;
#1948 = CARTESIAN_POINT ( 'NONE',  ( -20.77276083323512523, 16.13005223007172972, 2.099999999999999645 ) ) ;
#1949 = CARTESIAN_POINT ( 'NONE',  ( -23.76349960547259244, 10.67578541799515435, 2.099999999999999645 ) ) ;
#1950 = CARTESIAN_POINT ( 'NONE',  ( 7.523321135851438690, 26.48008397887758392, 2.099999999999999645 ) ) ;
#1951 = CARTESIAN_POINT ( 'NONE',  ( -22.44798333931210976, 13.70307343545945145, 2.100000000000000089 ) ) ;
#1952 = CARTESIAN_POINT ( 'NONE',  ( 13.64872344093910961, 24.44815585866980001, 2.099999999999999645 ) ) ;
#1953 = B_SPLINE_CURVE_WITH_KNOTS ( 'NONE', 3,
 ( #7665, #329, #2126, #367, #4586, #6362, #6444, #819, #897, #4542, #3291, #7626, #2080, #2776, #3369, #7023, #1476, #7138, #4622, #5923, #6404, #5842, #3947, #7710, #7101, #2813, #2850, #7747, #6526, #4661, #980, #7940, #2928, #5501, #6641, #7297, #3604, #6563, #4219, #6118, #4184, #4259, #5462, #7826, #1055, #2243, #558, #1175, #402, #5351, #2358, #1746, #4707, #6036, #6719 ),
 .UNSPECIFIED., .F., .F.,
 ( 4, 1, 1, 1, 1, 1, 1, 1, 1, 1, 1, 1, 1, 1, 1, 1, 1, 1, 1, 1, 1, 1, 1, 1, 1, 1, 1, 1, 1, 1, 1, 1, 1, 1, 1, 1, 1, 1, 1, 1, 1, 1, 1, 1, 1, 1, 1, 1, 1, 1, 1, 1, 4 ),
 ( 0.01037070964479198422, 0.06767854499841075011, 0.09884629602760430789, 0.1282330327458526265, 0.1558387551553858108, 0.1816634632588949305, 0.2057071570596704646, 0.2279698365617907063, 0.2484515017704002071, 0.2671521526921107892, 0.2840717893356240475, 0.2992104117127127871, 0.3125680198398574916, 0.3241446137411457817, 0.3339401934538051009, 0.3662021699428081867, 0.3760430630535980256, 0.3856763336118157470, 0.3952492422856400678, 0.4049624801021076692, 0.4150869914083017420, 0.4259748013331248195, 0.4380386266454291411, 0.4516469595390834035, 0.4668849008038628012, 0.4803437228220500677, 0.5000000000000002220, 0.5196562771779504875, 0.5331150991961376429, 0.5483530404609170406, 0.5619613733545713030, 0.5740251986668756246, 0.5849130085916987021, 0.5950375198978927749, 0.6047507577143603763, 0.6143236663881848081, 0.6239569369464024184, 0.6337978300571922574, 0.6660598065461953432, 0.6758553862588546624, 0.6874319801601429525, 0.7007895882872876570, 0.7159282106643762855, 0.7328478473078895439, 0.7515484982296001260, 0.7720301634382096267, 0.7942928429403297574, 0.8183365367411052915, 0.8441612448446143002, 0.8717669672541474846, 0.9011537039723958031, 0.9323214550015893609, 0.9896292903551999753 ),
 .UNSPECIFIED. ) ;
#1954 = CARTESIAN_POINT ( 'NONE',  ( 20.62323650117463103, 11.56374771533981516, -2.000000000000000000 ) ) ;
#1955 = ADVANCED_FACE ( 'NONE', ( #6289 ), #4595, .F. ) ;
#1956 = CARTESIAN_POINT ( 'NONE',  ( -12.36707919775608921, -25.12081464776633055, -2.000000000000000000 ) ) ;
#1957 = CARTESIAN_POINT ( 'NONE',  ( 7.688595528318264982, -23.56854007989867483, -2.000000000000000000 ) ) ;
#1958 = CARTESIAN_POINT ( 'NONE',  ( 25.38017819848325018, 10.66028906994526437, -2.000000000000000000 ) ) ;
#1959 = CARTESIAN_POINT ( 'NONE',  ( 5.183190230475051230, -26.33878392258043277, 2.100000000000000089 ) ) ;
#1960 = CARTESIAN_POINT ( 'NONE',  ( -25.52197998938346757, 8.320188513921030093, 2.099999999999999645 ) ) ;
#1961 = DIRECTION ( 'NONE',  ( -1.000000000000000000, 0.000000000000000000, 0.000000000000000000 ) ) ;
#1962 = CARTESIAN_POINT ( 'NONE',  ( -2.833089530561774261, -23.33259147460854166, -2.000000000000000000 ) ) ;
#1963 = CARTESIAN_POINT ( 'NONE',  ( 25.52197998938346757, -8.320188513921038975, -2.000000000000000000 ) ) ;
#1964 = CARTESIAN_POINT ( 'NONE',  ( 1.846803834033445613, 24.33438445894235258, -2.000000000000000000 ) ) ;
#1965 = ORIENTED_EDGE ( 'NONE', *, *, #6298, .T. ) ;
#1966 = CARTESIAN_POINT ( 'NONE',  ( -25.75863198250609898, -8.543467069173807715, -2.000000000000000000 ) ) ;
#1967 = CARTESIAN_POINT ( 'NONE',  ( -24.59949625084631819, 4.790317889056091794, 2.100000000000000089 ) ) ;
#1968 = AXIS2_PLACEMENT_3D ( 'NONE', #7103, #1634, #5888 ) ;
#1969 = CARTESIAN_POINT ( 'NONE',  ( 14.84924240491750602, -14.84924240491749714, 2.100000000000001865 ) ) ;
#1970 = CARTESIAN_POINT ( 'NONE',  ( 21.69704443755539813, 10.30300297322496661, 2.100000000000000089 ) ) ;
#1971 = CARTESIAN_POINT ( 'NONE',  ( -8.686322604036286421, 21.85205998608587308, 2.100000000000000089 ) ) ;
#1972 = CARTESIAN_POINT ( 'NONE',  ( 21.48061666422703553, -12.62686802027752719, 2.099999999999999645 ) ) ;
#1973 = ORIENTED_EDGE ( 'NONE', *, *, #1206, .T. ) ;
#1974 = CARTESIAN_POINT ( 'NONE',  ( 2.832611943458534398, -23.32865819094296711, -2.000000000000000000 ) ) ;
#1975 = CARTESIAN_POINT ( 'NONE',  ( -7.656852614504657595, 23.37322600383986781, -2.000000000000000000 ) ) ;
#1976 = AXIS2_PLACEMENT_3D ( 'NONE', #2041, #3173, #4384 ) ;
#1977 = CARTESIAN_POINT ( 'NONE',  ( -25.29380829876431136, 8.116834556469559203, -2.000000000000000000 ) ) ;
#1978 = CARTESIAN_POINT ( 'NONE',  ( 7.601435196559574337, 26.05218098595102916, 2.100000000000000089 ) ) ;
#1979 = CARTESIAN_POINT ( 'NONE',  ( -25.19179192507393239, 1.283507464112904284, 2.100000000000000089 ) ) ;
#1980 = B_SPLINE_CURVE_WITH_KNOTS ( 'NONE', 3,
 ( #4150, #7865, #4860, #443, #7790, #4187, #3607, #3651, #1636, #2249, #4713, #3571, #7185, #5390, #4782, #1059, #3495, #6039, #476, #7259, #5963, #407, #2895, #5355, #7830, #2289, #4748, #3535, #125, #2446, #1265, #4302, #2607, #1386, #4379, #3772, #6889, #7456, #2487, #1996, #4461, #89, #6239, #5062, #3857, #6805, #6276, #3730, #728, #51, #4340, #1827, #2531, #6314, #642 ),
 .UNSPECIFIED., .F., .F.,
 ( 4, 1, 1, 1, 1, 1, 1, 1, 1, 1, 1, 1, 1, 1, 1, 1, 1, 1, 1, 1, 1, 1, 1, 1, 1, 1, 1, 1, 1, 1, 1, 1, 1, 1, 1, 1, 1, 1, 1, 1, 1, 1, 1, 1, 1, 1, 1, 1, 1, 1, 1, 1, 4 ),
 ( 0.01037070964479215422, 0.06767854499841075011, 0.09884629602760430789, 0.1282330327458526265, 0.1558387551553858108, 0.1816634632588949305, 0.2057071570596704646, 0.2279698365617907063, 0.2484515017704002071, 0.2671521526921107892, 0.2840717893356240475, 0.2992104117127127871, 0.3125680198398574916, 0.3241446137411457817, 0.3339401934538051009, 0.3662021699428081867, 0.3760430630535980256, 0.3856763336118158025, 0.3952492422856400678, 0.4049624801021076692, 0.4150869914083017420, 0.4259748013331248195, 0.4380386266454291411, 0.4516469595390834035, 0.4668849008038628012, 0.4803437228220500677, 0.5000000000000002220, 0.5196562771779504875, 0.5331150991961376429, 0.5483530404609170406, 0.5619613733545713030, 0.5740251986668756246, 0.5849130085916987021, 0.5950375198978927749, 0.6047507577143603763, 0.6143236663881848081, 0.6239569369464024184, 0.6337978300571922574, 0.6660598065461953432, 0.6758553862588546624, 0.6874319801601429525, 0.7007895882872876570, 0.7159282106643762855, 0.7328478473078895439, 0.7515484982296001260, 0.7720301634382096267, 0.7942928429403297574, 0.8183365367411052915, 0.8441612448446143002, 0.8717669672541474846, 0.9011537039723958031, 0.9323214550015893609, 0.9896292903551998643 ),
 .UNSPECIFIED. ) ;
#1981 = VECTOR ( 'NONE', #7177, 1000.000000000000000 ) ;
#1982 = CARTESIAN_POINT ( 'NONE',  ( 23.42764417793267029, 4.840656286569398503, 2.100000000000000089 ) ) ;
#1983 = CARTESIAN_POINT ( 'NONE',  ( 18.80342269287539381, 15.26496932198517875, 2.100000000000000089 ) ) ;
#1984 = CARTESIAN_POINT ( 'NONE',  ( 14.42373451280541552, -19.20597537996031434, 2.100000000000000089 ) ) ;
#1985 = CARTESIAN_POINT ( 'NONE',  ( -13.96529143882091439, 19.07901412642182848, -2.000000000000000000 ) ) ;
#1986 = VERTEX_POINT ( 'NONE', #3916 ) ;
#1987 = CARTESIAN_POINT ( 'NONE',  ( 27.50168352227337465, -4.167564993327544265, -2.000000000000000000 ) ) ;
#1988 = CARTESIAN_POINT ( 'NONE',  ( 17.26619031893427447, 16.42019235248055509, 2.099999999999999645 ) ) ;
#1989 = CARTESIAN_POINT ( 'NONE',  ( -23.08741356227222852, 10.60189590196922360, -2.000000000000000000 ) ) ;
#1990 = CARTESIAN_POINT ( 'NONE',  ( -17.51903422860500115, 16.98989084997259269, 2.099999999999999645 ) ) ;
#1991 = CARTESIAN_POINT ( 'NONE',  ( -21.47582202528876039, 10.32148794313314610, -2.000000000000000000 ) ) ;
#1992 = CARTESIAN_POINT ( 'NONE',  ( -25.62785817443977976, -4.678588802317982243, -2.000000000000000000 ) ) ;
#1993 = CARTESIAN_POINT ( 'NONE',  ( -21.38382933992361501, 12.54282366362884105, 2.100000000000000089 ) ) ;
#1994 = CARTESIAN_POINT ( 'NONE',  ( 13.10549974122802475, 21.04367979295773949, 2.099999999999999645 ) ) ;
#1995 = VECTOR ( 'NONE', #4852, 1000.000000000000000 ) ;
#1996 = CARTESIAN_POINT ( 'NONE',  ( -9.768079280210441695, -22.57254334279473085, 2.100000000000000089 ) ) ;
#1997 = CARTESIAN_POINT ( 'NONE',  ( -23.93435179486865749, -4.766524473500976633, 2.099999999999999645 ) ) ;
#1998 = CARTESIAN_POINT ( 'NONE',  ( -20.61769535193586478, -11.41192623884528601, 2.100000000000000089 ) ) ;
#1999 = CARTESIAN_POINT ( 'NONE',  ( 7.705310163655081368, -23.69563005194943983, 2.099999999999999645 ) ) ;
#2000 = CARTESIAN_POINT ( 'NONE',  ( 21.80373651133526636, 10.30832712212201763, -2.000000000000000000 ) ) ;
#2001 = CARTESIAN_POINT ( 'NONE',  ( 4.244076555440678078, -24.69959869036684452, 2.100000000000000089 ) ) ;
#2002 = CARTESIAN_POINT ( 'NONE',  ( 7.601435196559574337, 26.05218098595102916, -2.000000000000000000 ) ) ;
#2003 = CARTESIAN_POINT ( 'NONE',  ( 1.981471996724984974, 23.84030691368550947, -2.000000000000000000 ) ) ;
#2004 = PRODUCT_DEFINITION ( 'UNKNOWN', '', #811, #373 ) ;
#2005 = FACE_OUTER_BOUND ( 'NONE', #274, .T. ) ;
#2006 = CARTESIAN_POINT ( 'NONE',  ( 22.74963530479514873, -6.146178943449467802, -2.000000000000000000 ) ) ;
#2007 = CARTESIAN_POINT ( 'NONE',  ( 2.638449045045050845, 23.34550970278807114, 2.099999999999999645 ) ) ;
#2008 = EDGE_LOOP ( 'NONE', ( #4548, #7714, #4213 ) ) ;
#2009 = CARTESIAN_POINT ( 'NONE',  ( -19.42345833902674812, -15.60717637591975837, 2.100000000000000089 ) ) ;
#2010 = EDGE_CURVE ( 'NONE', #1415, #4963, #7074, .T. ) ;
#2011 = CARTESIAN_POINT ( 'NONE',  ( 23.55944914529948520, 0.5232380683118310616, -2.000000000000000000 ) ) ;
#2012 = CARTESIAN_POINT ( 'NONE',  ( -19.10294300318481575, 20.47138356506649970, -2.000000000000000000 ) ) ;
#2013 = CARTESIAN_POINT ( 'NONE',  ( -27.87379644721938732, -2.655456283961645347, -2.000000000000000000 ) ) ;
#2014 = CARTESIAN_POINT ( 'NONE',  ( 25.38017819844198897, 10.66028906994773351, 2.100000000000000089 ) ) ;
#2015 = CARTESIAN_POINT ( 'NONE',  ( -14.51573139705936377, -19.26027195864160291, 2.100000000000000089 ) ) ;
#2016 = ORIENTED_EDGE ( 'NONE', *, *, #7245, .F. ) ;
#2017 = CARTESIAN_POINT ( 'NONE',  ( -4.244076555440686960, 24.69959869036684452, -2.000000000000000000 ) ) ;
#2018 = CARTESIAN_POINT ( 'NONE',  ( -7.741715957670633586, 24.19699765967528649, -2.000000000000000000 ) ) ;
#2019 = DIRECTION ( 'NONE',  ( 0.000000000000000000, 0.000000000000000000, -1.000000000000000000 ) ) ;
#2020 = CARTESIAN_POINT ( 'NONE',  ( 12.88716835993242960, -20.50631329690557436, -2.000000000000000000 ) ) ;
#2021 = CARTESIAN_POINT ( 'NONE',  ( 23.87823629154096139, 7.119306137701304493, -2.000000000000000000 ) ) ;
#2022 = CARTESIAN_POINT ( 'NONE',  ( -24.37956700134304810, 1.099847363974305381, 2.100000000000000089 ) ) ;
#2023 = DIRECTION ( 'NONE',  ( -1.000000000000000000, 0.000000000000000000, 0.000000000000000000 ) ) ;
#2024 = CARTESIAN_POINT ( 'NONE',  ( 17.35181857730699662, 15.87069998699208995, 2.100000000000000089 ) ) ;
#2025 = CARTESIAN_POINT ( 'NONE',  ( 13.35177211813242515, -19.34338136197018798, 2.100000000000000089 ) ) ;
#2026 = CARTESIAN_POINT ( 'NONE',  ( -12.85055170543025049, 19.95373759773044142, 2.099999999999999645 ) ) ;
#2027 = VERTEX_POINT ( 'NONE', #5687 ) ;
#2028 = CARTESIAN_POINT ( 'NONE',  ( -23.40793038981978924, -6.902300070437910051, 2.100000000000000089 ) ) ;
#2029 = CARTESIAN_POINT ( 'NONE',  ( 21.66370631000717495, 16.34569607223867749, 2.099999999999999645 ) ) ;
#2030 = DIRECTION ( 'NONE',  ( 1.000000000000000000, 1.224646799147353207E-16, 0.000000000000000000 ) ) ;
#2031 = CARTESIAN_POINT ( 'NONE',  ( -17.59296804644544920, 15.58600964088959806, 2.099999999999999645 ) ) ;
#2032 = CARTESIAN_POINT ( 'NONE',  ( -21.58843454132472317, 10.30659784155100489, -2.000000000000000000 ) ) ;
#2033 = CARTESIAN_POINT ( 'NONE',  ( 7.768531058981739790, 22.33132486425838081, 2.099999999999999645 ) ) ;
#2034 = CARTESIAN_POINT ( 'NONE',  ( -22.46994110604167005, 10.47341059000766350, 2.100000000000000089 ) ) ;
#2035 = CARTESIAN_POINT ( 'NONE',  ( 5.995909907646363557, -27.35048520283300277, 2.100000000000000089 ) ) ;
#2036 = DIRECTION ( 'NONE',  ( 1.000000000000000000, 0.000000000000000000, 0.000000000000000000 ) ) ;
#2037 = CARTESIAN_POINT ( 'NONE',  ( -24.12574046566792063, -4.783694468719414949, 2.099999999999999645 ) ) ;
#2038 = CARTESIAN_POINT ( 'NONE',  ( -21.23211141880577912, -10.40363348579838565, 2.100000000000000089 ) ) ;
#2039 = CARTESIAN_POINT ( 'NONE',  ( 7.865059710290389638, -22.21401039568610614, 2.099999999999999645 ) ) ;
#2040 = CARTESIAN_POINT ( 'NONE',  ( 23.29246673278348467, 10.63055238855666573, 2.099999999999999645 ) ) ;
#2041 = CARTESIAN_POINT ( 'NONE',  ( 14.84924240491750602, -14.84924240491749714, -3.599999999999998757 ) ) ;
#2042 = CARTESIAN_POINT ( 'NONE',  ( 7.733573568718047575, 24.87706067138157451, -2.000000000000000000 ) ) ;
#2043 = EDGE_CURVE ( 'NONE', #844, #7997, #6946, .T. ) ;
#2044 = CARTESIAN_POINT ( 'NONE',  ( 1.840779285638389329, 24.52644730507024562, -2.000000000000000000 ) ) ;
#2045 = CARTESIAN_POINT ( 'NONE',  ( 18.49458355994169523, -15.17355739294053940, -2.000000000000000000 ) ) ;
#2046 = CARTESIAN_POINT ( 'NONE',  ( 26.06641539771074889, -8.850830286109193423, -2.000000000000000000 ) ) ;
#2047 = CARTESIAN_POINT ( 'NONE',  ( 1.680116617297973125, 25.54848055630612791, -2.000000000000000000 ) ) ;
#2048 = ORIENTED_EDGE ( 'NONE', *, *, #6356, .F. ) ;
#2049 = CARTESIAN_POINT ( 'NONE',  ( -7.720532692246925066, -23.84272921084244246, -2.000000000000000000 ) ) ;
#2050 = CARTESIAN_POINT ( 'NONE',  ( -18.60089775827983871, -15.19605903441929051, 2.100000000000000089 ) ) ;
#2051 = CARTESIAN_POINT ( 'NONE',  ( -22.82097940566847782, 5.624866236205926739, 2.100000000000000089 ) ) ;
#2052 = CARTESIAN_POINT ( 'NONE',  ( -19.31055424225241879, -15.54648119520597227, 2.099999999999999645 ) ) ;
#2053 = DIRECTION ( 'NONE',  ( -0.000000000000000000, -0.000000000000000000, -1.000000000000000000 ) ) ;
#2054 = CARTESIAN_POINT ( 'NONE',  ( -13.02793750094271985, -20.86163776548603721, 2.100000000000000089 ) ) ;
#2055 = ORIENTED_EDGE ( 'NONE', *, *, #944, .T. ) ;
#2056 = CARTESIAN_POINT ( 'NONE',  ( -7.745447077757183330, 24.40400991946479081, -2.000000000000000000 ) ) ;
#2057 = CARTESIAN_POINT ( 'NONE',  ( 14.51573139705937088, -19.26027195864160291, 2.099999999999999645 ) ) ;
#2058 = CARTESIAN_POINT ( 'NONE',  ( -24.48402185937397491, 7.488679734998046733, -2.000000000000000000 ) ) ;
#2059 = CARTESIAN_POINT ( 'NONE',  ( 10.25081980592598541, 23.24542008693366313, 2.100000000000000089 ) ) ;
#2060 = CARTESIAN_POINT ( 'NONE',  ( 22.74963530479514517, 6.146178943449489118, -2.000000000000000000 ) ) ;
#2061 = CARTESIAN_POINT ( 'NONE',  ( -23.51224346894561990, -0.3730054609666991761, 2.100000000000000089 ) ) ;
#2062 = DIRECTION ( 'NONE',  ( -1.000000000000000000, 0.000000000000000000, 0.000000000000000000 ) ) ;
#2063 = CARTESIAN_POINT ( 'NONE',  ( 20.07157227525352994, 15.89590000543998194, 2.100000000000000089 ) ) ;
#2064 = CARTESIAN_POINT ( 'NONE',  ( 27.42711506945233424, 2.355539727225822055, -2.000000000000000000 ) ) ;
#2065 = CARTESIAN_POINT ( 'NONE',  ( -12.83364937058816579, 20.18870745851076265, 2.099999999999999645 ) ) ;
#2066 = EDGE_LOOP ( 'NONE', ( #5015, #2522 ) ) ;
#2067 = CARTESIAN_POINT ( 'NONE',  ( -22.74963530479514873, -6.146178943449475796, 2.100000000000000089 ) ) ;
#2068 = CARTESIAN_POINT ( 'NONE',  ( 25.56471904745757939, 1.411662356313488909, 2.099999999999999645 ) ) ;
#2069 = CARTESIAN_POINT ( 'NONE',  ( -19.42345833902675167, 15.60717637591974238, 2.099999999999999645 ) ) ;
#2070 = CARTESIAN_POINT ( 'NONE',  ( -20.80453127045305095, 12.00354473513042031, 2.099999999999999645 ) ) ;
#2071 = CARTESIAN_POINT ( 'NONE',  ( 7.612592773523889633, 22.78073832991432468, -2.000000000000000000 ) ) ;
#2072 = CARTESIAN_POINT ( 'NONE',  ( -22.73828148979404062, 10.53816474365922851, 2.100000000000000089 ) ) ;
#2073 = CARTESIAN_POINT ( 'NONE',  ( 5.183190230475027249, 26.33878392258043633, 2.100000000000000089 ) ) ;
#2074 = CARTESIAN_POINT ( 'NONE',  ( -22.78920619399659131, -14.18622855212692002, -2.000000000000000000 ) ) ;
#2075 = CARTESIAN_POINT ( 'NONE',  ( 25.38017819844201739, -10.66028906994770864, -2.000000000000000000 ) ) ;
#2076 = CARTESIAN_POINT ( 'NONE',  ( -20.89282384029109707, -10.74542454372254596, 2.100000000000000089 ) ) ;
#2077 = DIRECTION ( 'NONE',  ( -0.3546048870425357324, 0.9350162426854148334, 0.000000000000000000 ) ) ;
#2078 = CARTESIAN_POINT ( 'NONE',  ( 22.27987727495454706, 10.41835660743991809, -2.000000000000000000 ) ) ;
#2079 = CARTESIAN_POINT ( 'NONE',  ( 1.981471996725006290, -23.84030691368550237, 2.100000000000000089 ) ) ;
#2080 = CARTESIAN_POINT ( 'NONE',  ( -4.244076555440686960, 24.69959869036684452, 2.100000000000000089 ) ) ;
#2081 = CARTESIAN_POINT ( 'NONE',  ( 7.705310163655073374, 23.69563005194942917, -2.000000000000000000 ) ) ;
#2082 = CARTESIAN_POINT ( 'NONE',  ( 4.713207230075915355, 25.62151411210381369, -2.000000000000000000 ) ) ;
#2083 = ADVANCED_FACE ( 'NONE', ( #7558 ), #3759, .F. ) ;
#2084 = CARTESIAN_POINT ( 'NONE',  ( 18.49458355994169523, -15.17355739294053940, 2.099999999999999645 ) ) ;
#2085 = CARTESIAN_POINT ( 'NONE',  ( 23.15601641226234975, -6.742658068406535143, -2.000000000000000000 ) ) ;
#2086 = CARTESIAN_POINT ( 'NONE',  ( 1.906741771391398554, 24.04223096406908766, 2.099999999999999645 ) ) ;
#2087 = ORIENTED_EDGE ( 'NONE', *, *, #8012, .F. ) ;
#2088 = CARTESIAN_POINT ( 'NONE',  ( -9.121658707306938396, -21.91081161619599271, 2.099999999999999645 ) ) ;
#2089 = CARTESIAN_POINT ( 'NONE',  ( -25.52197998938346757, 8.320188513921030093, 2.100000000000000089 ) ) ;
#2090 = CARTESIAN_POINT ( 'NONE',  ( -22.62472946294007059, -16.49610842549918743, 2.099999999999999645 ) ) ;
#2091 = CARTESIAN_POINT ( 'NONE',  ( 27.69932686549411471, -4.092342562581388954, 2.100000000000000089 ) ) ;
#2092 = CARTESIAN_POINT ( 'NONE',  ( -14.60388312963063484, -19.32135064906643152, 2.100000000000000089 ) ) ;
#2093 = VERTEX_POINT ( 'NONE', #1185 ) ;
#2094 = CARTESIAN_POINT ( 'NONE',  ( -20.80453127045304385, -12.00354473513042208, -2.000000000000000000 ) ) ;
#2095 = CARTESIAN_POINT ( 'NONE',  ( 15.12400615833752582, -19.80199803049035268, 2.099999999999999645 ) ) ;
#2096 = AXIS2_PLACEMENT_3D ( 'NONE', #2166, #4663, #1553 ) ;
#2097 = CARTESIAN_POINT ( 'NONE',  ( -13.64180598451882886, -23.91017226877097457, 2.099999999999999645 ) ) ;
#2098 = CARTESIAN_POINT ( 'NONE',  ( -26.46517536639175106, 4.493494443281853101, 2.099999999999999645 ) ) ;
#2099 = CARTESIAN_POINT ( 'NONE',  ( 23.58537593626264695, 6.976039544898394062, -2.000000000000000000 ) ) ;
#2100 = DIRECTION ( 'NONE',  ( 1.000000000000000000, 0.000000000000000000, 0.000000000000000000 ) ) ;
#2101 = DIRECTION ( 'NONE',  ( -0.000000000000000000, -0.000000000000000000, 1.000000000000000000 ) ) ;
#2102 = CARTESIAN_POINT ( 'NONE',  ( -13.36064030761172639, 21.84126693107096173, 2.100000000000000089 ) ) ;
#2103 = EDGE_CURVE ( 'NONE', #2499, #100, #7907, .T. ) ;
#2104 = CARTESIAN_POINT ( 'NONE',  ( 13.58617081224543988, -23.15195374360797942, 2.100000000000000089 ) ) ;
#2105 = CARTESIAN_POINT ( 'NONE',  ( -13.66345410753368483, 19.13830577319235360, 2.099999999999999645 ) ) ;
#2106 = EDGE_LOOP ( 'NONE', ( #2738, #2266 ) ) ;
#2107 = CIRCLE ( 'NONE', #1195, 18.00000000000000000 ) ;
#2108 = ADVANCED_FACE ( 'NONE', ( #1271, #6204, #4828, #3657, #3129, #5427, #2539, #2451, #520, #3612 ), #6081, .F. ) ;
#2109 = CARTESIAN_POINT ( 'NONE',  ( -23.15601641226234975, -6.742658068406544913, 2.100000000000000089 ) ) ;
#2110 = CARTESIAN_POINT ( 'NONE',  ( 24.76338133992250690, 1.168557790373921934, -2.000000000000000000 ) ) ;
#2111 = EDGE_CURVE ( 'NONE', #5645, #5345, #3583, .T. ) ;
#2112 = CARTESIAN_POINT ( 'NONE',  ( -22.12901452267052704, 13.30176109182831112, -2.000000000000000000 ) ) ;
#2113 = CARTESIAN_POINT ( 'NONE',  ( -17.28752988749540975, 16.01445386190350817, 2.099999999999999645 ) ) ;
#2114 = PLANE ( 'NONE',  #7680 ) ;
#2115 = CIRCLE ( 'NONE', #1463, 1.750000000000001554 ) ;
#2116 = CIRCLE ( 'NONE', #3527, 1.750000000000001554 ) ;
#2117 = CARTESIAN_POINT ( 'NONE',  ( 8.686322604036284645, -21.85205998608587663, 2.100000000000000089 ) ) ;
#2118 = CARTESIAN_POINT ( 'NONE',  ( 15.02890815691218229, 19.71604682249878238, -2.000000000000000000 ) ) ;
#2119 = ORIENTED_EDGE ( 'NONE', *, *, #543, .F. ) ;
#2120 = VECTOR ( 'NONE', #6424, 1000.000000000000000 ) ;
#2121 = CARTESIAN_POINT ( 'NONE',  ( -1.749999999999993117, -21.00000000000000000, -3.599999999999998757 ) ) ;
#2122 = CARTESIAN_POINT ( 'NONE',  ( -25.38450439115045398, -4.717739787684796404, 2.099999999999999645 ) ) ;
#2123 = CARTESIAN_POINT ( 'NONE',  ( 0.000000000000000000, 0.000000000000000000, -3.599999999999998757 ) ) ;
#2124 = DIRECTION ( 'NONE',  ( -1.000000000000000000, 0.000000000000000000, 0.000000000000000000 ) ) ;
#2125 = CARTESIAN_POINT ( 'NONE',  ( -8.993578510876927723, 21.86672564825610010, 2.099999999999999645 ) ) ;
#2126 = CARTESIAN_POINT ( 'NONE',  ( -5.644338589960124608, 26.94321158142446393, 2.100000000000000089 ) ) ;
#2127 = CARTESIAN_POINT ( 'NONE',  ( 9.121658707306940173, 21.91081161619598916, -2.000000000000000000 ) ) ;
#2128 = CARTESIAN_POINT ( 'NONE',  ( 1.881261915648275496, 24.14640443156747196, -2.000000000000000000 ) ) ;
#2129 = CARTESIAN_POINT ( 'NONE',  ( 19.31055424225242589, -15.54648119520596161, -2.000000000000000000 ) ) ;
#2130 = CARTESIAN_POINT ( 'NONE',  ( 7.656852614504657595, -23.37322600383987492, -2.000000000000000000 ) ) ;
#2131 = ORIENTED_EDGE ( 'NONE', *, *, #3992, .T. ) ;
#2132 = CARTESIAN_POINT ( 'NONE',  ( -7.741715957670622039, -24.19699765967529359, 2.099999999999999645 ) ) ;
#2133 = CARTESIAN_POINT ( 'NONE',  ( 3.781464864188905484, -23.62174820993211455, 2.099999999999999645 ) ) ;
#2134 = CARTESIAN_POINT ( 'NONE',  ( 24.76338133992250334, -1.168557790373921490, -2.000000000000000000 ) ) ;
#2135 = CARTESIAN_POINT ( 'NONE',  ( -22.91929613358907503, 6.515359526762099840, 2.100000000000000089 ) ) ;
#2136 = CARTESIAN_POINT ( 'NONE',  ( -18.01951879739596052, 21.43121365581736271, 2.100000000000000089 ) ) ;
#2137 = CARTESIAN_POINT ( 'NONE',  ( 1.750000000000000444, 21.00000000000000000, 2.100000000000001865 ) ) ;
#2138 = CARTESIAN_POINT ( 'NONE',  ( -15.51594276222061453, -20.11676867469219587, 2.100000000000000089 ) ) ;
#2139 = ORIENTED_EDGE ( 'NONE', *, *, #6742, .T. ) ;
#2140 = CARTESIAN_POINT ( 'NONE',  ( -20.89282384029109707, -10.74542454372254596, -2.000000000000000000 ) ) ;
#2141 = CARTESIAN_POINT ( 'NONE',  ( 14.60388312963064017, -19.32135064906642796, 2.099999999999999645 ) ) ;
#2142 = CARTESIAN_POINT ( 'NONE',  ( -24.00794390784557564, 7.190340088712994238, -2.000000000000000000 ) ) ;
#2143 = DIRECTION ( 'NONE',  ( 0.000000000000000000, 0.000000000000000000, -1.000000000000000000 ) ) ;
#2144 = CARTESIAN_POINT ( 'NONE',  ( -18.12539239010960657, 15.18249965295455794, -2.000000000000000000 ) ) ;
#2145 = CARTESIAN_POINT ( 'NONE',  ( 0.000000000000000000, 0.000000000000000000, 2.100000000000000089 ) ) ;
#2146 = CARTESIAN_POINT ( 'NONE',  ( -13.35177211813242515, 19.34338136197018798, 2.100000000000000089 ) ) ;
#2147 = CARTESIAN_POINT ( 'NONE',  ( 23.51224346894562345, -0.3730054609666969556, -2.000000000000000000 ) ) ;
#2148 = CARTESIAN_POINT ( 'NONE',  ( -14.42373451280541552, 19.20597537996031434, 2.099999999999999645 ) ) ;
#2149 = ORIENTED_EDGE ( 'NONE', *, *, #6377, .F. ) ;
#2150 = CARTESIAN_POINT ( 'NONE',  ( 25.15968768847577763, -4.747395707336129256, 2.099999999999999645 ) ) ;
#2151 = CARTESIAN_POINT ( 'NONE',  ( 27.05471844848150198, 2.130765319231056054, 2.099999999999999645 ) ) ;
#2152 = CARTESIAN_POINT ( 'NONE',  ( -17.59000231784553847, -15.58338223461977279, -2.000000000000000000 ) ) ;
#2153 = CARTESIAN_POINT ( 'NONE',  ( -19.31055424225242945, 15.54648119520596161, -2.000000000000000000 ) ) ;
#2154 = CARTESIAN_POINT ( 'NONE',  ( 27.87379644711753102, 2.655456283891157288, 2.100000000000000089 ) ) ;
#2155 = CARTESIAN_POINT ( 'NONE',  ( 0.000000000000000000, 0.000000000000000000, -2.000000000000000000 ) ) ;
#2156 = CARTESIAN_POINT ( 'NONE',  ( 14.10020032022225145, 19.09116743896564472, -2.000000000000000000 ) ) ;
#2157 = ORIENTED_EDGE ( 'NONE', *, *, #3441, .F. ) ;
#2158 = EDGE_CURVE ( 'NONE', #7592, #7638, #5193, .T. ) ;
#2159 = CARTESIAN_POINT ( 'NONE',  ( 20.80453127045304740, -12.00354473513042208, -2.000000000000000000 ) ) ;
#2160 = CARTESIAN_POINT ( 'NONE',  ( -4.030460310774771848, 24.06924055886029024, -2.000000000000000000 ) ) ;
#2161 = PLANE ( 'NONE',  #4694 ) ;
#2162 = CARTESIAN_POINT ( 'NONE',  ( 13.55023046621762539, 22.84843530275376011, -2.000000000000000000 ) ) ;
#2163 = CARTESIAN_POINT ( 'NONE',  ( -8.512968716744140352, 21.89757064776836515, -2.000000000000000000 ) ) ;
#2164 = CARTESIAN_POINT ( 'NONE',  ( -4.482856113983126889, -25.20816636816325840, 2.100000000000000089 ) ) ;
#2165 = CARTESIAN_POINT ( 'NONE',  ( -18.97770164392054326, -15.34339570340775971, -2.000000000000000000 ) ) ;
#2166 = CARTESIAN_POINT ( 'NONE',  ( 14.84924240491750602, -14.84924240491749714, -3.599999999999998757 ) ) ;
#2167 = CARTESIAN_POINT ( 'NONE',  ( 7.733573568718056457, -24.87706067138158872, -2.000000000000000000 ) ) ;
#2168 = ORIENTED_EDGE ( 'NONE', *, *, #6961, .T. ) ;
#2169 = CARTESIAN_POINT ( 'NONE',  ( -8.993578510876917065, -21.86672564825610010, 2.099999999999999645 ) ) ;
#2170 = CARTESIAN_POINT ( 'NONE',  ( 3.359200862297590628, -23.32460485566309316, -2.000000000000000000 ) ) ;
#2171 = CARTESIAN_POINT ( 'NONE',  ( 26.77150907641003386, -1.970609361940795390, -2.000000000000000000 ) ) ;
#2172 = B_SPLINE_CURVE_WITH_KNOTS ( 'NONE', 3,
 ( #5793, #2845, #2075, #3408, #5837, #5181, #892, #6399, #285, #1508, #7781, #2771, #5225, #854, #3942, #4499, #5881, #4537, #814, #3286, #6355, #3364, #6972, #2808, #244, #7742, #6521, #3323, #2198, #1471, #7659, #3982, #6439, #7705, #5754, #2159, #4617, #7096, #7133, #1588, #975, #2688, #5142, #552, #2958, #1128, #6031, #469, #4101, #4178, #7329, #1779, #6636, #2394, #1701 ),
 .UNSPECIFIED., .F., .F.,
 ( 4, 1, 1, 1, 1, 1, 1, 1, 1, 1, 1, 1, 1, 1, 1, 1, 1, 1, 1, 1, 1, 1, 1, 1, 1, 1, 1, 1, 1, 1, 1, 1, 1, 1, 1, 1, 1, 1, 1, 1, 1, 1, 1, 1, 1, 1, 1, 1, 1, 1, 1, 1, 4 ),
 ( 0.01037070964479265556, 0.06767854499841075011, 0.09884629602760430789, 0.1282330327458526265, 0.1558387551553858108, 0.1816634632588949305, 0.2057071570596704646, 0.2279698365617907063, 0.2484515017704002071, 0.2671521526921107892, 0.2840717893356240475, 0.2992104117127127871, 0.3125680198398574916, 0.3241446137411457817, 0.3339401934538051009, 0.3662021699428081867, 0.3760430630535980256, 0.3856763336118157470, 0.3952492422856400678, 0.4049624801021076692, 0.4150869914083017420, 0.4259748013331248195, 0.4380386266454291411, 0.4516469595390834035, 0.4668849008038628012, 0.4803437228220500677, 0.5000000000000002220, 0.5196562771779504875, 0.5331150991961376429, 0.5483530404609170406, 0.5619613733545713030, 0.5740251986668756246, 0.5849130085916987021, 0.5950375198978927749, 0.6047507577143603763, 0.6143236663881848081, 0.6239569369464024184, 0.6337978300571922574, 0.6660598065461952322, 0.6758553862588546624, 0.6874319801601429525, 0.7007895882872876570, 0.7159282106643762855, 0.7328478473078895439, 0.7515484982296001260, 0.7720301634382096267, 0.7942928429403297574, 0.8183365367411052915, 0.8441612448446143002, 0.8717669672541474846, 0.9011537039723958031, 0.9323214550015893609, 0.9896292903552151854 ),
 .UNSPECIFIED. ) ;
#2173 = CARTESIAN_POINT ( 'NONE',  ( -10.70787966366669330, -23.74905515802277378, -2.000000000000000000 ) ) ;
#2174 = B_SPLINE_CURVE_WITH_KNOTS ( 'NONE', 3,
 ( #5536, #2248, #3458, #1127, #8010, #4933, #371, #2994, #5453, #7933, #4851, #7649, #5096, #7572, #5132, #681, #2028, #6922, #2109, #4490, #6962, #117, #6389, #845, #2067, #2598, #4529, #7529, #7008, #3933, #5172, #3807, #1458, #4571, #1378, #4409, #81, #1945, #5744, #5016, #802, #3159, #3314, #5625, #158, #2639, #3849, #3891, #5784, #720, #7487, #1296, #1416, #6344, #7613 ),
 .UNSPECIFIED., .F., .F.,
 ( 4, 1, 1, 1, 1, 1, 1, 1, 1, 1, 1, 1, 1, 1, 1, 1, 1, 1, 1, 1, 1, 1, 1, 1, 1, 1, 1, 1, 1, 1, 1, 1, 1, 1, 1, 1, 1, 1, 1, 1, 1, 1, 1, 1, 1, 1, 1, 1, 1, 1, 1, 1, 4 ),
 ( 0.01037070964479192177, 0.06767854499841075011, 0.09884629602760430789, 0.1282330327458526265, 0.1558387551553858108, 0.1816634632588949305, 0.2057071570596704646, 0.2279698365617907063, 0.2484515017704002071, 0.2671521526921107892, 0.2840717893356240475, 0.2992104117127127871, 0.3125680198398574916, 0.3241446137411457817, 0.3339401934538051009, 0.3662021699428081867, 0.3760430630535980256, 0.3856763336118157470, 0.3952492422856400678, 0.4049624801021076692, 0.4150869914083017420, 0.4259748013331248195, 0.4380386266454291411, 0.4516469595390834035, 0.4668849008038628012, 0.4803437228220500677, 0.5000000000000002220, 0.5196562771779504875, 0.5331150991961376429, 0.5483530404609170406, 0.5619613733545713030, 0.5740251986668756246, 0.5849130085916987021, 0.5950375198978927749, 0.6047507577143603763, 0.6143236663881848081, 0.6239569369464023074, 0.6337978300571922574, 0.6660598065461953432, 0.6758553862588546624, 0.6874319801601429525, 0.7007895882872876570, 0.7159282106643762855, 0.7328478473078895439, 0.7515484982296001260, 0.7720301634382096267, 0.7942928429403297574, 0.8183365367411052915, 0.8441612448446143002, 0.8717669672541474846, 0.9011537039723958031, 0.9323214550015893609, 0.9896292903552007525 ),
 .UNSPECIFIED. ) ;
#2175 = CARTESIAN_POINT ( 'NONE',  ( -25.56471904745757939, -1.411662356313491795, -2.000000000000000000 ) ) ;
#2176 = CARTESIAN_POINT ( 'NONE',  ( -17.25237999601838013, 16.29857992973628811, 2.100000000000000089 ) ) ;
#2177 = CARTESIAN_POINT ( 'NONE',  ( -12.86131782747429853, -20.40223119301177590, 2.100000000000000089 ) ) ;
#2178 = ORIENTED_EDGE ( 'NONE', *, *, #4450, .T. ) ;
#2179 = CARTESIAN_POINT ( 'NONE',  ( -23.08741356227222496, -10.60189590196922893, -2.000000000000000000 ) ) ;
#2180 = ADVANCED_FACE ( 'NONE', ( #1355 ), #3822, .F. ) ;
#2181 = CARTESIAN_POINT ( 'NONE',  ( 13.36064030761172639, -21.84126693107096173, 2.099999999999999645 ) ) ;
#2182 = CARTESIAN_POINT ( 'NONE',  ( -13.02793750094271985, -20.86163776548603721, 2.099999999999999645 ) ) ;
#2183 = CARTESIAN_POINT ( 'NONE',  ( 9.768079280210443471, 22.57254334279472374, 2.100000000000000089 ) ) ;
#2184 = CARTESIAN_POINT ( 'NONE',  ( -18.60089775827984226, 15.19605903441927630, -2.000000000000000000 ) ) ;
#2185 = DIRECTION ( 'NONE',  ( -1.000000000000000000, 0.000000000000000000, 0.000000000000000000 ) ) ;
#2186 = CARTESIAN_POINT ( 'NONE',  ( -15.23641901094385886, 19.89808777236047632, 2.100000000000000089 ) ) ;
#2187 = CARTESIAN_POINT ( 'NONE',  ( 23.99982295939236820, -0.9602632500303808216, -2.000000000000000000 ) ) ;
#2188 = ORIENTED_EDGE ( 'NONE', *, *, #2256, .F. ) ;
#2189 = CARTESIAN_POINT ( 'NONE',  ( 23.21393719209896389, -4.939781705126438993, 2.099999999999999645 ) ) ;
#2190 = CARTESIAN_POINT ( 'NONE',  ( 25.77590585922884614, 1.494258687380734196, -2.000000000000000000 ) ) ;
#2191 = CARTESIAN_POINT ( 'NONE',  ( -7.650756190596010420, -25.73058353783937591, 2.099999999999999645 ) ) ;
#2192 = CARTESIAN_POINT ( 'NONE',  ( -23.99982295939236465, -0.9602632500303831531, -2.000000000000000000 ) ) ;
#2193 = CARTESIAN_POINT ( 'NONE',  ( -21.98040231662191957, 13.13048226772782101, 2.099999999999999645 ) ) ;
#2194 = CARTESIAN_POINT ( 'NONE',  ( 9.230471089887526404, 21.96684885186929037, -2.000000000000000000 ) ) ;
#2195 = DIRECTION ( 'NONE',  ( -0.7485107481711011923, 0.6631226582407951931, 0.000000000000000000 ) ) ;
#2196 = CARTESIAN_POINT ( 'NONE',  ( 13.35177211813241804, 19.34338136197019153, 2.099999999999999645 ) ) ;
#2197 = ORIENTED_EDGE ( 'NONE', *, *, #5988, .T. ) ;
#2198 = CARTESIAN_POINT ( 'NONE',  ( 20.71178771499497984, -11.09036006156942733, -2.000000000000000000 ) ) ;
#2199 = CARTESIAN_POINT ( 'NONE',  ( -4.482856113983144652, 25.20816636816325484, 2.099999999999999645 ) ) ;
#2200 = DIRECTION ( 'NONE',  ( -1.000000000000000000, 0.000000000000000000, 0.000000000000000000 ) ) ;
#2201 = CARTESIAN_POINT ( 'NONE',  ( -15.12400615833752582, 19.80199803049035268, -2.000000000000000000 ) ) ;
#2202 = CARTESIAN_POINT ( 'NONE',  ( -10.13323285654344375, 23.09959661296538513, 2.099999999999999645 ) ) ;
#2203 = CARTESIAN_POINT ( 'NONE',  ( 18.00000000000000000, 0.000000000000000000, -3.599999999999998757 ) ) ;
#2204 = CARTESIAN_POINT ( 'NONE',  ( -17.42017265760603806, -16.82633584436269913, -2.000000000000000000 ) ) ;
#2205 = FACE_OUTER_BOUND ( 'NONE', #2066, .T. ) ;
#2206 = CARTESIAN_POINT ( 'NONE',  ( 7.988790274807842096, -22.11659910479056634, -2.000000000000000000 ) ) ;
#2207 = EDGE_CURVE ( 'NONE', #297, #5214, #5848, .T. ) ;
#2208 = ORIENTED_EDGE ( 'NONE', *, *, #4450, .F. ) ;
#2209 = CARTESIAN_POINT ( 'NONE',  ( -7.616738452866459674, -23.18530238615923977, -2.000000000000000000 ) ) ;
#2210 = CARTESIAN_POINT ( 'NONE',  ( 4.310684217927242656, -24.85340566964549325, -2.000000000000000000 ) ) ;
#2211 = CARTESIAN_POINT ( 'NONE',  ( 24.56950331401515442, -1.128978604501158944, 2.099999999999999645 ) ) ;
#2212 = CARTESIAN_POINT ( 'NONE',  ( -9.873836557350644583, -22.73978747338223982, -2.000000000000000000 ) ) ;
#2213 = CARTESIAN_POINT ( 'NONE',  ( -23.81253063529220171, 0.8410884408854168992, -2.000000000000000000 ) ) ;
#2214 = CARTESIAN_POINT ( 'NONE',  ( -17.28752988749540975, 16.01445386190350817, 2.100000000000000089 ) ) ;
#2215 = CARTESIAN_POINT ( 'NONE',  ( -1.474499619732447142, -26.25856105065618351, 2.099999999999999645 ) ) ;
#2216 = EDGE_LOOP ( 'NONE', ( #7132, #2937, #7365, #1902 ) ) ;
#2217 = CARTESIAN_POINT ( 'NONE',  ( -23.51784779677758763, -10.65556037457646354, -2.000000000000000000 ) ) ;
#2218 = CARTESIAN_POINT ( 'NONE',  ( 13.10549974122803008, -21.04367979295773239, -2.000000000000000000 ) ) ;
#2219 = CARTESIAN_POINT ( 'NONE',  ( -12.85055170543023983, -19.95373759773043432, -2.000000000000000000 ) ) ;
#2220 = CARTESIAN_POINT ( 'NONE',  ( 10.70787966366669508, 23.74905515802277023, 2.100000000000000089 ) ) ;
#2221 = CARTESIAN_POINT ( 'NONE',  ( 25.62785817443977621, 4.678588802317997342, -2.000000000000000000 ) ) ;
#2222 = CARTESIAN_POINT ( 'NONE',  ( -17.26619031893428868, 16.42019235248054088, -2.000000000000000000 ) ) ;
#2223 = CARTESIAN_POINT ( 'NONE',  ( 17.59296804644544565, -15.58600964088959984, 2.100000000000000089 ) ) ;
#2224 = CARTESIAN_POINT ( 'NONE',  ( -15.02890815691219295, 19.71604682249877527, 2.100000000000000089 ) ) ;
#2225 = CARTESIAN_POINT ( 'NONE',  ( 24.09676835437406339, -1.005131229266920112, -2.000000000000000000 ) ) ;
#2226 = CARTESIAN_POINT ( 'NONE',  ( 0.000000000000000000, 0.000000000000000000, 0.000000000000000000 ) ) ;
#2227 = VERTEX_POINT ( 'NONE', #3907 ) ;
#2228 = CARTESIAN_POINT ( 'NONE',  ( 23.93435179486865394, -4.766524473500965975, 2.099999999999999645 ) ) ;
#2229 = CARTESIAN_POINT ( 'NONE',  ( -7.452140385463997596, -26.79882083615300559, 2.099999999999999645 ) ) ;
#2230 = CARTESIAN_POINT ( 'NONE',  ( -23.63491054742290132, -0.6550942090464579870, -2.000000000000000000 ) ) ;
#2231 = CARTESIAN_POINT ( 'NONE',  ( 13.09924240491750602, -14.84924240491749714, 2.100000000000001865 ) ) ;
#2232 = CARTESIAN_POINT ( 'NONE',  ( 7.688595528318264982, -23.56854007989867483, 2.100000000000000089 ) ) ;
#2233 = COLOUR_RGB ( '',0.7921568627450980005, 0.8196078431372548767, 0.9333333333333333481 ) ;
#2234 = CARTESIAN_POINT ( 'NONE',  ( 15.68419099428256303, 20.23743569325270997, 2.099999999999999645 ) ) ;
#2235 = ORIENTED_EDGE ( 'NONE', *, *, #651, .F. ) ;
#2236 = CIRCLE ( 'NONE', #7291, 27.99999957948218920 ) ;
#2237 = CARTESIAN_POINT ( 'NONE',  ( 18.00520414013333337, 17.66596715945037843, 2.099999999999999645 ) ) ;
#2238 = VECTOR ( 'NONE', #5797, 1000.000000000000000 ) ;
#2239 = CARTESIAN_POINT ( 'NONE',  ( -3.612999446203305709, 23.45707906485272431, 2.099999999999999645 ) ) ;
#2240 = CARTESIAN_POINT ( 'NONE',  ( 7.601435196559586771, -26.05218098595103982, 2.099999999999999645 ) ) ;
#2241 = CARTESIAN_POINT ( 'NONE',  ( -17.51894836647310782, 21.23397411160632942, -2.000000000000000000 ) ) ;
#2242 = CARTESIAN_POINT ( 'NONE',  ( -12.19289813518885524, 25.00088857616464466, 2.099999999999999645 ) ) ;
#2243 = CARTESIAN_POINT ( 'NONE',  ( -1.680116617298004655, 25.54848055630612791, 2.100000000000000089 ) ) ;
#2244 = CARTESIAN_POINT ( 'NONE',  ( 10.25081980592598541, 23.24542008693366313, -2.000000000000000000 ) ) ;
#2245 = DIRECTION ( 'NONE',  ( -1.000000000000000000, 0.000000000000000000, 0.000000000000000000 ) ) ;
#2246 = CARTESIAN_POINT ( 'NONE',  ( 8.686322604036284645, -21.85205998608587663, -2.000000000000000000 ) ) ;
#2247 = CIRCLE ( 'NONE', #678, 27.99999957948218920 ) ;
#2248 = CARTESIAN_POINT ( 'NONE',  ( -26.28829541374617307, -9.090474067310861273, 2.100000000000000089 ) ) ;
#2249 = CARTESIAN_POINT ( 'NONE',  ( -7.745447077757172671, -24.40400991946479081, 2.100000000000000089 ) ) ;
#2250 = CARTESIAN_POINT ( 'NONE',  ( 22.12901452267052704, -13.30176109182831290, 2.100000000000000089 ) ) ;
#2251 = CARTESIAN_POINT ( 'NONE',  ( -7.401289683397454411, -27.00409019895751683, -2.000000000000000000 ) ) ;
#2252 = CARTESIAN_POINT ( 'NONE',  ( -26.50130185302208830, -1.827769560624226131, -2.000000000000000000 ) ) ;
#2253 = CARTESIAN_POINT ( 'NONE',  ( 22.79134869580807177, -6.292262679950364479, 2.100000000000000089 ) ) ;
#2254 = CARTESIAN_POINT ( 'NONE',  ( -1.726035193247308364, -25.34659078107458541, -2.000000000000000000 ) ) ;
#2255 = VERTEX_POINT ( 'NONE', #861 ) ;
#2256 = EDGE_CURVE ( 'NONE', #3637, #6635, #5444, .T. ) ;
#2257 = CARTESIAN_POINT ( 'NONE',  ( -20.81172461973597265, -10.92283569232045437, 2.099999999999999645 ) ) ;
#2258 = CARTESIAN_POINT ( 'NONE',  ( 13.64180598451883597, -23.91017226877098167, 2.099999999999999645 ) ) ;
#2259 = CARTESIAN_POINT ( 'NONE',  ( -14.60388312963063484, -19.32135064906643152, 2.099999999999999645 ) ) ;
#2260 = CARTESIAN_POINT ( 'NONE',  ( -23.24438501506255861, 6.803422568062724274, 2.099999999999999645 ) ) ;
#2261 = CARTESIAN_POINT ( 'NONE',  ( 24.59949625084631464, 4.790317889056124656, -2.000000000000000000 ) ) ;
#2262 = DIRECTION ( 'NONE',  ( 0.000000000000000000, 0.000000000000000000, 1.000000000000000000 ) ) ;
#2263 = CARTESIAN_POINT ( 'NONE',  ( 17.25237999601837657, -16.29857992973628811, 2.100000000000000089 ) ) ;
#2264 = CARTESIAN_POINT ( 'NONE',  ( -15.36687483434010737, 20.00332296475708915, 2.100000000000000089 ) ) ;
#2265 = CARTESIAN_POINT ( 'NONE',  ( -13.25426296490209843, 21.46155364981478542, -2.000000000000000000 ) ) ;
#2266 = ORIENTED_EDGE ( 'NONE', *, *, #1154, .F. ) ;
#2267 = CARTESIAN_POINT ( 'NONE',  ( 25.88937528683163336, -4.628868634690435968, 2.099999999999999645 ) ) ;
#2268 = DIRECTION ( 'NONE',  ( -1.000000000000000000, 0.000000000000000000, 0.000000000000000000 ) ) ;
#2269 = CARTESIAN_POINT ( 'NONE',  ( 23.90532429094090716, 0.9066066167179774871, -2.000000000000000000 ) ) ;
#2270 = CARTESIAN_POINT ( 'NONE',  ( -24.09676835437406694, -1.005131229266923665, -2.000000000000000000 ) ) ;
#2271 = B_SPLINE_CURVE_WITH_KNOTS ( 'NONE', 3,
 ( #2384, #3025, #497, #3672, #7356, #620, #7437, #7320, #4322, #1769, #6786, #5484, #7962, #2987, #2423, #1893, #4881, #1804, #1204, #6143, #5526, #7999, #580, #7395, #6181, #3100, #27, #2511, #4966, #6628, #1080, #2708, #7477, #3881, #5692, #5045, #751, #6260, #147, #1975, #5160, #7517, #5654, #5736, #2018, #2056, #5121, #109, #7563, #5616, #7639, #1445, #1369, #4481, #2668 ),
 .UNSPECIFIED., .F., .F.,
 ( 4, 1, 1, 1, 1, 1, 1, 1, 1, 1, 1, 1, 1, 1, 1, 1, 1, 1, 1, 1, 1, 1, 1, 1, 1, 1, 1, 1, 1, 1, 1, 1, 1, 1, 1, 1, 1, 1, 1, 1, 1, 1, 1, 1, 1, 1, 1, 1, 1, 1, 1, 1, 4 ),
 ( 0.01037070964479183156, 0.06767854499841075011, 0.09884629602760430789, 0.1282330327458526265, 0.1558387551553858108, 0.1816634632588949305, 0.2057071570596704646, 0.2279698365617907063, 0.2484515017704002071, 0.2671521526921107892, 0.2840717893356240475, 0.2992104117127127871, 0.3125680198398574916, 0.3241446137411457817, 0.3339401934538051009, 0.3662021699428081867, 0.3760430630535980256, 0.3856763336118157470, 0.3952492422856400678, 0.4049624801021076692, 0.4150869914083017420, 0.4259748013331248195, 0.4380386266454291411, 0.4516469595390834035, 0.4668849008038628012, 0.4803437228220500677, 0.5000000000000002220, 0.5196562771779504875, 0.5331150991961376429, 0.5483530404609170406, 0.5619613733545713030, 0.5740251986668756246, 0.5849130085916987021, 0.5950375198978927749, 0.6047507577143603763, 0.6143236663881848081, 0.6239569369464024184, 0.6337978300571922574, 0.6660598065461953432, 0.6758553862588546624, 0.6874319801601429525, 0.7007895882872876570, 0.7159282106643762855, 0.7328478473078895439, 0.7515484982296001260, 0.7720301634382096267, 0.7942928429403297574, 0.8183365367411052915, 0.8441612448446143002, 0.8717669672541474846, 0.9011537039723958031, 0.9323214550015893609, 0.9896292903552154074 ),
 .UNSPECIFIED. ) ;
#2272 = CARTESIAN_POINT ( 'NONE',  ( 11.10648537714066997, 24.13101166629980554, -2.000000000000000000 ) ) ;
#2273 = CARTESIAN_POINT ( 'NONE',  ( 9.873836557350655241, -22.73978747338223982, 2.100000000000000089 ) ) ;
#2274 = CARTESIAN_POINT ( 'NONE',  ( 18.60089775827983871, -15.19605903441927630, 2.099999999999999645 ) ) ;
#2275 = CARTESIAN_POINT ( 'NONE',  ( 13.04949915500204582, 19.56208827861912880, -2.000000000000000000 ) ) ;
#2276 = B_SPLINE_SURFACE_WITH_KNOTS ( 'NONE', 3, 1, ( 
 ( #3699, #1188 ),
 ( #1144, #1882 ),
 ( #6131, #1793 ),
 ( #5556, #6774 ),
 ( #3660, #1231 ),
 ( #6367, #5152 ),
 ( #3213, #1358 ),
 ( #216, #3825 ),
 ( #6984, #6285 ),
 ( #2047, #7028 ),
 ( #2698, #5803 ),
 ( #740, #2737 ),
 ( #4509, #7631 ),
 ( #1435, #780 ),
 ( #3910, #825 ),
 ( #5074, #7670 ),
 ( #1964, #3296 ),
 ( #4429, #1481 ),
 ( #5683, #2086 ),
 ( #5765, #4547 ),
 ( #6900, #3255 ),
 ( #6324, #5033 ),
 ( #3952, #5724 ),
 ( #135, #2616 ),
 ( #6410, #6941 ),
 ( #7552, #864 ),
 ( #254, #2007 ),
 ( #3333, #7507 ),
 ( #5191, #178 ),
 ( #4470, #3870 ),
 ( #1396, #2658 ),
 ( #5114, #7591 ),
 ( #555, #6232 ),
 ( #3766, #6271 ),
 ( #3810, #6194 ),
 ( #3724, #3199 ),
 ( #7369, #7531 ),
 ( #685, #6114 ),
 ( #4980, #3038 ),
 ( #3684, #5498 ),
 ( #2601, #7973 ),
 ( #723, #5057 ),
 ( #1906, #84 ),
 ( #6156, #5668 ),
 ( #6838, #4372 ),
 ( #6760, #1867 ),
 ( #4335, #2481 ),
 ( #5540, #2440 ),
 ( #4256, #6799 ),
 ( #4895, #1819 ),
 ( #4294, #3163 ),
 ( #6881, #1216 ),
 ( #594, #120 ),
 ( #8015, #3074 ),
 ( #6715, #45 ) ),
 .UNSPECIFIED., .F., .F., .F.,
 ( 4, 1, 1, 1, 1, 1, 1, 1, 1, 1, 1, 1, 1, 1, 1, 1, 1, 1, 1, 1, 1, 1, 1, 1, 1, 1, 1, 1, 1, 1, 1, 1, 1, 1, 1, 1, 1, 1, 1, 1, 1, 1, 1, 1, 1, 1, 1, 1, 1, 1, 1, 1, 4 ),
 ( 2, 2 ),
 ( 0.01037070963360204462, 0.06767854499841075011, 0.09884629602760430789, 0.1282330327458526265, 0.1558387551553858108, 0.1816634632588949305, 0.2057071570596704646, 0.2279698365617907063, 0.2484515017704002071, 0.2671521526921107892, 0.2840717893356240475, 0.2992104117127127871, 0.3125680198398574916, 0.3241446137411457817, 0.3339401934538051009, 0.3662021699428081867, 0.3760430630535980256, 0.3856763336118157470, 0.3952492422856400678, 0.4049624801021076692, 0.4150869914083017420, 0.4259748013331248195, 0.4380386266454291411, 0.4516469595390834035, 0.4668849008038628012, 0.4803437228220500677, 0.5000000000000002220, 0.5196562771779504875, 0.5331150991961376429, 0.5483530404609170406, 0.5619613733545713030, 0.5740251986668756246, 0.5849130085916987021, 0.5950375198978927749, 0.6047507577143603763, 0.6143236663881848081, 0.6239569369464024184, 0.6337978300571922574, 0.6660598065461953432, 0.6758553862588546624, 0.6874319801601429525, 0.7007895882872876570, 0.7159282106643762855, 0.7328478473078895439, 0.7515484982296001260, 0.7720301634382096267, 0.7942928429403297574, 0.8183365367411052915, 0.8441612448446143002, 0.8717669672541474846, 0.9011537039723958031, 0.9323214550015893609, 0.9896292903664016816 ),
 ( 0.000000000000000000, 1.000000000000000000 ),
 .UNSPECIFIED. ) ;
#2277 = ORIENTED_EDGE ( 'NONE', *, *, #7011, .T. ) ;
#2278 = CARTESIAN_POINT ( 'NONE',  ( -13.09924240491749003, -14.84924240491749892, 2.100000000000001865 ) ) ;
#2279 = CARTESIAN_POINT ( 'NONE',  ( -1.623578263684223977, 25.76808346599205279, -2.000000000000000000 ) ) ;
#2280 = CARTESIAN_POINT ( 'NONE',  ( 23.58537593626264695, 6.976039544898394062, -2.000000000000000000 ) ) ;
#2281 = CARTESIAN_POINT ( 'NONE',  ( -13.81390900009209943, 19.09181343516790719, -2.000000000000000000 ) ) ;
#2282 = FACE_OUTER_BOUND ( 'NONE', #3297, .T. ) ;
#2283 = CARTESIAN_POINT ( 'NONE',  ( -23.40793038981978924, -6.902300070437910051, -2.000000000000000000 ) ) ;
#2284 = CARTESIAN_POINT ( 'NONE',  ( 9.873836557350646359, 22.73978747338223272, -2.000000000000000000 ) ) ;
#2285 = CARTESIAN_POINT ( 'NONE',  ( 7.401289683397457075, 27.00409019895751328, 2.100000000000000089 ) ) ;
#2286 = CARTESIAN_POINT ( 'NONE',  ( 9.230471089887533509, -21.96684885186929392, -2.000000000000000000 ) ) ;
#2287 = EDGE_CURVE ( 'NONE', #415, #7166, #5580, .T. ) ;
#2288 = EDGE_CURVE ( 'NONE', #984, #1482, #6612, .T. ) ;
#2289 = CARTESIAN_POINT ( 'NONE',  ( -7.988790274807833214, -22.11659910479056634, 2.100000000000000089 ) ) ;
#2290 = CARTESIAN_POINT ( 'NONE',  ( 4.244076555440678078, -24.69959869036684452, 2.099999999999999645 ) ) ;
#2291 = CARTESIAN_POINT ( 'NONE',  ( -7.720532692246925066, -23.84272921084244246, -2.000000000000000000 ) ) ;
#2292 = CARTESIAN_POINT ( 'NONE',  ( -23.90532429094090716, -0.9066066167179803736, 2.099999999999999645 ) ) ;
#2293 = CARTESIAN_POINT ( 'NONE',  ( -0.8222171190860710910, -27.80350973416702587, -2.000000000000000000 ) ) ;
#2294 = LINE ( 'NONE', #5899, #6368 ) ;
#2295 = ORIENTED_EDGE ( 'NONE', *, *, #7597, .T. ) ;
#2296 = CARTESIAN_POINT ( 'NONE',  ( -17.84651532293613840, -15.31230279367191649, 2.100000000000000089 ) ) ;
#2297 = CARTESIAN_POINT ( 'NONE',  ( 12.85055170543025049, -19.95373759773044142, 2.099999999999999645 ) ) ;
#2298 = CARTESIAN_POINT ( 'NONE',  ( -12.94401591853665145, -20.68877481383770700, 2.099999999999999645 ) ) ;
#2299 = CARTESIAN_POINT ( 'NONE',  ( -23.87823629154097205, 7.119306137701274295, 2.099999999999999645 ) ) ;
#2300 = CARTESIAN_POINT ( 'NONE',  ( 27.50168352227339952, 4.167564993327561140, 2.099999999999999645 ) ) ;
#2301 = CARTESIAN_POINT ( 'NONE',  ( 19.70744990308224587, -15.74452889495767849, -2.000000000000000000 ) ) ;
#2302 = CARTESIAN_POINT ( 'NONE',  ( 19.13918860107962416, -15.44754172932142744, 2.100000000000000089 ) ) ;
#2303 = CARTESIAN_POINT ( 'NONE',  ( 21.58843454132472317, -10.30659784155100667, 2.099999999999999645 ) ) ;
#2304 = EDGE_CURVE ( 'NONE', #5345, #2552, #4108, .T. ) ;
#2305 = EDGE_CURVE ( 'NONE', #2093, #5581, #5961, .T. ) ;
#2306 = CARTESIAN_POINT ( 'NONE',  ( 23.63710370791871895, -4.790810183414325074, -2.000000000000000000 ) ) ;
#2307 = CARTESIAN_POINT ( 'NONE',  ( -23.19083041061902861, -14.83174276022295857, -2.000000000000000000 ) ) ;
#2308 = CARTESIAN_POINT ( 'NONE',  ( -24.88813961944796560, -1.197996060026735643, -2.000000000000000000 ) ) ;
#2309 = SURFACE_SIDE_STYLE ('',( #5376 ) ) ;
#2310 = CARTESIAN_POINT ( 'NONE',  ( 17.64188601445203020, 17.13764696917009189, -2.000000000000000000 ) ) ;
#2311 = CARTESIAN_POINT ( 'NONE',  ( 17.25237999601837657, -16.29857992973628811, -2.000000000000000000 ) ) ;
#2312 = CARTESIAN_POINT ( 'NONE',  ( -25.91507308940470722, 10.60230933437667566, -2.000000000000000000 ) ) ;
#2313 = ORIENTED_EDGE ( 'NONE', *, *, #1567, .T. ) ;
#2314 = LINE ( 'NONE', #6558, #1995 ) ;
#2315 = CARTESIAN_POINT ( 'NONE',  ( -2.105634209995062012, 23.64010634127342669, 2.099999999999999645 ) ) ;
#2316 = CARTESIAN_POINT ( 'NONE',  ( 24.15260079455800479, 7.275001489028714907, -2.000000000000000000 ) ) ;
#2317 = CARTESIAN_POINT ( 'NONE',  ( 13.35177211813241804, 19.34338136197019153, -2.000000000000000000 ) ) ;
#2318 = CARTESIAN_POINT ( 'NONE',  ( -17.76075994573093908, 17.29583732711386546, 2.099999999999999645 ) ) ;
#2319 = CARTESIAN_POINT ( 'NONE',  ( -22.73975435582775262, -5.989014764842368166, -2.000000000000000000 ) ) ;
#2320 = CARTESIAN_POINT ( 'NONE',  ( -18.40868586258352124, -18.43357243192681238, -2.000000000000000000 ) ) ;
#2321 = CARTESIAN_POINT ( 'NONE',  ( -11.33585971340118093, -24.33300811744742020, -2.000000000000000000 ) ) ;
#2322 = CARTESIAN_POINT ( 'NONE',  ( 2.463801941912934890, -23.38577358155836450, 2.099999999999999645 ) ) ;
#2323 = DIRECTION ( 'NONE',  ( -0.000000000000000000, -0.000000000000000000, -1.000000000000000000 ) ) ;
#2324 = CARTESIAN_POINT ( 'NONE',  ( 21.70974829699417796, 12.84369887095661156, 2.099999999999999645 ) ) ;
#2325 = CARTESIAN_POINT ( 'NONE',  ( -9.484645845787888163, -22.17444536155052504, -2.000000000000000000 ) ) ;
#2326 = CARTESIAN_POINT ( 'NONE',  ( -23.63491054742290132, -0.6550942090464579870, -2.000000000000000000 ) ) ;
#2327 = CARTESIAN_POINT ( 'NONE',  ( 24.15260079455800835, -7.275001489028691815, 2.100000000000000089 ) ) ;
#2328 = CARTESIAN_POINT ( 'NONE',  ( -2.105634209995044248, -23.64010634127341604, -2.000000000000000000 ) ) ;
#2329 = ORIENTED_EDGE ( 'NONE', *, *, #5868, .T. ) ;
#2330 = CARTESIAN_POINT ( 'NONE',  ( -18.73200657000872127, -19.22781655172589055, 2.100000000000000089 ) ) ;
#2331 = CARTESIAN_POINT ( 'NONE',  ( 0.000000000000000000, 0.000000000000000000, 2.100000000000000089 ) ) ;
#2332 = CARTESIAN_POINT ( 'NONE',  ( -13.50602898338108560, -19.22398027845277113, -2.000000000000000000 ) ) ;
#2333 = CARTESIAN_POINT ( 'NONE',  ( -23.58537593626265050, 6.976039544898362976, -2.000000000000000000 ) ) ;
#2334 = CARTESIAN_POINT ( 'NONE',  ( 23.53223775966786846, 4.811173829118842171, -2.000000000000000000 ) ) ;
#2335 = CARTESIAN_POINT ( 'NONE',  ( 22.28520553958147943, 13.49243943284464819, 2.100000000000000089 ) ) ;
#2336 = CARTESIAN_POINT ( 'NONE',  ( 18.73200657000872482, -19.22781655172587634, 2.100000000000000089 ) ) ;
#2337 = CARTESIAN_POINT ( 'NONE',  ( 20.89282384029110062, -10.74542454372254241, 2.099999999999999645 ) ) ;
#2338 = CIRCLE ( 'NONE', #6858, 1.750000000000001776 ) ;
#2339 = APPLICATION_PROTOCOL_DEFINITION ( 'draft international standard', 'automotive_design', 1998, #1602 ) ;
#2340 = ORIENTED_EDGE ( 'NONE', *, *, #6574, .T. ) ;
#2341 = CARTESIAN_POINT ( 'NONE',  ( 23.24438501506256216, -6.803422568062733156, 2.099999999999999645 ) ) ;
#2342 = CARTESIAN_POINT ( 'NONE',  ( -22.90269961712299462, -10.57072003481731137, -2.000000000000000000 ) ) ;
#2343 = CARTESIAN_POINT ( 'NONE',  ( 27.69989816616298839, -2.535120532250985548, -2.000000000000000000 ) ) ;
#2344 = CARTESIAN_POINT ( 'NONE',  ( 19.10294300318481575, -20.47138356506650325, -2.000000000000000000 ) ) ;
#2345 = CARTESIAN_POINT ( 'NONE',  ( 10.70787966366669508, 23.74905515802277023, 2.099999999999999645 ) ) ;
#2346 = EDGE_CURVE ( 'NONE', #4598, #389, #1058, .T. ) ;
#2347 = CARTESIAN_POINT ( 'NONE',  ( -25.77590585922884614, -1.494258687380737527, 2.100000000000000089 ) ) ;
#2348 = CARTESIAN_POINT ( 'NONE',  ( 18.40868586258353190, -18.43357243192680528, 2.099999999999999645 ) ) ;
#2349 = ORIENTED_EDGE ( 'NONE', *, *, #3835, .F. ) ;
#2350 = AXIS2_PLACEMENT_3D ( 'NONE', #7785, #7065, #939 ) ;
#2351 = ADVANCED_FACE ( 'NONE', ( #7712, #3371, #982, #1667, #899, #5489, #5844, #6103, #1161, #7140 ), #5353, .T. ) ;
#2352 = CARTESIAN_POINT ( 'NONE',  ( 18.40868586258351414, 18.43357243192681238, 2.099999999999999645 ) ) ;
#2353 = DIRECTION ( 'NONE',  ( 0.7485107481711008592, 0.6631226582407954151, 0.000000000000000000 ) ) ;
#2354 = CARTESIAN_POINT ( 'NONE',  ( 24.95373504430678580, 4.768644361883088045, -2.000000000000000000 ) ) ;
#2355 = CARTESIAN_POINT ( 'NONE',  ( 15.36687483434009849, 20.00332296475709626, -2.000000000000000000 ) ) ;
#2356 = CARTESIAN_POINT ( 'NONE',  ( 20.99240193721332304, -10.59640443373927354, 2.100000000000000089 ) ) ;
#2357 = AXIS2_PLACEMENT_3D ( 'NONE', #676, #3155, #1249 ) ;
#2358 = CARTESIAN_POINT ( 'NONE',  ( -1.270707428516397952, 26.81384534371724016, 2.100000000000000089 ) ) ;
#2359 = CARTESIAN_POINT ( 'NONE',  ( -7.715738321650229103, 25.14266413352902418, 2.099999999999999645 ) ) ;
#2360 = CARTESIAN_POINT ( 'NONE',  ( 3.204373604290264410, 23.29585190159430397, 2.100000000000000089 ) ) ;
#2361 = CIRCLE ( 'NONE', #163, 27.99999957948218565 ) ;
#2362 = CARTESIAN_POINT ( 'NONE',  ( 1.270707428516388404, -26.81384534371724016, -2.000000000000000000 ) ) ;
#2363 = CARTESIAN_POINT ( 'NONE',  ( 10.53741832910565712, -23.57101921525815413, -2.000000000000000000 ) ) ;
#2364 = CARTESIAN_POINT ( 'NONE',  ( 20.74579233589062000, 11.91211842489103034, 2.099999999999999645 ) ) ;
#2365 = CARTESIAN_POINT ( 'NONE',  ( 14.21926140100350011, 19.11953582679382890, 2.100000000000000089 ) ) ;
#2366 = AXIS2_PLACEMENT_3D ( 'NONE', #6789, #7928, #3064 ) ;
#2367 = CARTESIAN_POINT ( 'NONE',  ( -25.77590585922884259, 1.494258687380730644, 2.099999999999999645 ) ) ;
#2368 = CARTESIAN_POINT ( 'NONE',  ( 22.82097940566847782, -5.624866236205934733, 2.100000000000000089 ) ) ;
#2369 = CARTESIAN_POINT ( 'NONE',  ( -1.145856306001376446, 27.11429446801521692, -2.000000000000000000 ) ) ;
#2370 = CARTESIAN_POINT ( 'NONE',  ( -1.270707428516379744, -26.81384534371724016, -2.000000000000000000 ) ) ;
#2371 = EDGE_LOOP ( 'NONE', ( #6754, #5279, #5077, #6672 ) ) ;
#2372 = LINE ( 'NONE', #4833, #5075 ) ;
#2373 = CARTESIAN_POINT ( 'NONE',  ( 4.590305982006143815, -25.40785750275295030, -2.000000000000000000 ) ) ;
#2374 = CARTESIAN_POINT ( 'NONE',  ( -1.810672407536190187, -24.85107952805193676, 2.100000000000000089 ) ) ;
#2375 = CARTESIAN_POINT ( 'NONE',  ( -22.91828645517601615, 5.264681564480659048, -2.000000000000000000 ) ) ;
#2376 = CARTESIAN_POINT ( 'NONE',  ( -18.00520414013333692, -17.66596715945037843, -2.000000000000000000 ) ) ;
#2377 = CARTESIAN_POINT ( 'NONE',  ( 22.96554745452508683, 14.45965356729542783, 2.100000000000000089 ) ) ;
#2378 = CARTESIAN_POINT ( 'NONE',  ( -11.92825694635269151, 24.80951218104272016, 2.100000000000000089 ) ) ;
#2379 = CARTESIAN_POINT ( 'NONE',  ( 22.46994110604167005, -10.47341059000766350, -2.000000000000000000 ) ) ;
#2380 = VECTOR ( 'NONE', #1579, 1000.000000000000000 ) ;
#2381 = ADVANCED_FACE ( 'NONE', ( #2815 ), #4147, .F. ) ;
#2382 = VERTEX_POINT ( 'NONE', #2285 ) ;
#2383 = CARTESIAN_POINT ( 'NONE',  ( -13.15214330072518045, -21.16307668733837133, -2.000000000000000000 ) ) ;
#2384 = CARTESIAN_POINT ( 'NONE',  ( -12.36707919775603415, 25.12081464776627726, -2.000000000000000000 ) ) ;
#2385 = CARTESIAN_POINT ( 'NONE',  ( -25.19179192507393239, 1.283507464112904284, -2.000000000000000000 ) ) ;
#2386 = DIRECTION ( 'NONE',  ( 0.000000000000000000, 0.000000000000000000, -1.000000000000000000 ) ) ;
#2387 = CARTESIAN_POINT ( 'NONE',  ( 11.33585971340118093, 24.33300811744741310, -2.000000000000000000 ) ) ;
#2388 = CARTESIAN_POINT ( 'NONE',  ( -27.87379644711753102, -2.655456283891160840, 2.100000000000000089 ) ) ;
#2389 = CARTESIAN_POINT ( 'NONE',  ( 27.69932686549417866, 4.092342562581386289, -2.000000000000000000 ) ) ;
#2390 = LINE ( 'NONE', #2920, #7388 ) ;
#2391 = CARTESIAN_POINT ( 'NONE',  ( -16.82973023395797441, 20.91308632741409923, -2.000000000000000000 ) ) ;
#2392 = VERTEX_POINT ( 'NONE', #3029 ) ;
#2393 = ORIENTED_EDGE ( 'NONE', *, *, #6253, .T. ) ;
#2394 = CARTESIAN_POINT ( 'NONE',  ( 23.34891248594836455, -15.11752229210746101, -2.000000000000000000 ) ) ;
#2395 = CARTESIAN_POINT ( 'NONE',  ( -1.840779285638419971, 24.52644730507024562, -2.000000000000000000 ) ) ;
#2396 = CARTESIAN_POINT ( 'NONE',  ( 25.36983614870255366, 1.341743455198749269, 2.100000000000000089 ) ) ;
#2397 = CARTESIAN_POINT ( 'NONE',  ( 13.41263264250316567, 22.06199033373687612, -2.000000000000000000 ) ) ;
#2398 = CARTESIAN_POINT ( 'NONE',  ( 22.73828148979404062, -10.53816474365923028, 2.100000000000000089 ) ) ;
#2399 = CARTESIAN_POINT ( 'NONE',  ( -23.21393719209896744, -4.939781705126451428, -2.000000000000000000 ) ) ;
#2400 = CARTESIAN_POINT ( 'NONE',  ( -7.657608382361899224, 22.56335699501520509, -2.000000000000000000 ) ) ;
#2401 = CARTESIAN_POINT ( 'NONE',  ( -10.89735721165042115, -23.93603524774559332, -2.000000000000000000 ) ) ;
#2402 = B_SPLINE_SURFACE_WITH_KNOTS ( 'NONE', 3, 1, ( 
 ( #1299, #4936 ),
 ( #7411, #1258 ),
 ( #3643, #636 ),
 ( #5629, #2565 ),
 ( #3115, #5585 ),
 ( #2525, #5019 ),
 ( #7491, #1948 ),
 ( #4413, #1343 ),
 ( #5220, #200 ),
 ( #7013, #3280 ),
 ( #5830, #6433 ),
 ( #765, #2642 ),
 ( #5706, #1503 ),
 ( #161, #2069 ),
 ( #2153, #7053 ),
 ( #3401, #4014 ),
 ( #4531, #6965 ),
 ( #7615, #886 ),
 ( #6471, #278 ),
 ( #2682, #5748 ),
 ( #7653, #7698 ),
 ( #3976, #5099 ),
 ( #4612, #1381 ),
 ( #6925, #3852 ),
 ( #7577, #1541 ),
 ( #1461, #3936 ),
 ( #4456, #3356 ),
 ( #6392, #2031 ),
 ( #6309, #4493 ),
 ( #805, #3238 ),
 ( #7091, #2113 ),
 ( #2763, #848 ),
 ( #1419, #3317 ),
 ( #5875, #3894 ),
 ( #5787, #926 ),
 ( #2722, #319 ),
 ( #2802, #5257 ),
 ( #5134, #238 ),
 ( #5175, #1990 ),
 ( #6348, #4575 ),
 ( #6718, #2318 ),
 ( #4258, #7371 ),
 ( #5384, #4218 ),
 ( #5542, #6801 ),
 ( #1174, #1821 ),
 ( #5420, #4938 ),
 ( #557, #3645 ),
 ( #473, #3603 ),
 ( #6072, #6677 ),
 ( #2927, #1094 ),
 ( #4296, #2442 ),
 ( #1260, #3040 ),
 ( #6762, #7333 ),
 ( #596, #4778 ),
 ( #4183, #2483 ) ),
 .UNSPECIFIED., .F., .F., .F.,
 ( 4, 1, 1, 1, 1, 1, 1, 1, 1, 1, 1, 1, 1, 1, 1, 1, 1, 1, 1, 1, 1, 1, 1, 1, 1, 1, 1, 1, 1, 1, 1, 1, 1, 1, 1, 1, 1, 1, 1, 1, 1, 1, 1, 1, 1, 1, 1, 1, 1, 1, 1, 1, 4 ),
 ( 2, 2 ),
 ( 0.01037070963360204462, 0.06767854499841075011, 0.09884629602760430789, 0.1282330327458526265, 0.1558387551553858108, 0.1816634632588949305, 0.2057071570596704646, 0.2279698365617907063, 0.2484515017704002071, 0.2671521526921107892, 0.2840717893356240475, 0.2992104117127127871, 0.3125680198398574916, 0.3241446137411457817, 0.3339401934538051009, 0.3662021699428081867, 0.3760430630535980256, 0.3856763336118157470, 0.3952492422856400678, 0.4049624801021076692, 0.4150869914083017420, 0.4259748013331248195, 0.4380386266454291411, 0.4516469595390834035, 0.4668849008038628012, 0.4803437228220500677, 0.5000000000000002220, 0.5196562771779504875, 0.5331150991961376429, 0.5483530404609170406, 0.5619613733545713030, 0.5740251986668756246, 0.5849130085916987021, 0.5950375198978927749, 0.6047507577143603763, 0.6143236663881848081, 0.6239569369464024184, 0.6337978300571922574, 0.6660598065461953432, 0.6758553862588546624, 0.6874319801601429525, 0.7007895882872876570, 0.7159282106643762855, 0.7328478473078895439, 0.7515484982296001260, 0.7720301634382096267, 0.7942928429403297574, 0.8183365367411052915, 0.8441612448446143002, 0.8717669672541474846, 0.9011537039723958031, 0.9323214550015893609, 0.9896292903664016816 ),
 ( 0.000000000000000000, 1.000000000000000000 ),
 .UNSPECIFIED. ) ;
#2403 = CARTESIAN_POINT ( 'NONE',  ( 3.204373604290284394, -23.29585190159429686, 2.099999999999999645 ) ) ;
#2404 = CARTESIAN_POINT ( 'NONE',  ( 12.36707919785805565, -25.12081464783652507, 2.099999999999999645 ) ) ;
#2405 = CARTESIAN_POINT ( 'NONE',  ( 20.86952096496491649, 12.08832612917524330, 2.099999999999999645 ) ) ;
#2406 = CARTESIAN_POINT ( 'NONE',  ( 13.15214330072517690, 21.16307668733837488, 2.100000000000000089 ) ) ;
#2407 = CARTESIAN_POINT ( 'NONE',  ( 1.145856306001342029, 27.11429446801520626, -2.000000000000000000 ) ) ;
#2408 = CARTESIAN_POINT ( 'NONE',  ( 24.59949625084632174, -4.790317889056099787, 2.100000000000000089 ) ) ;
#2409 = CARTESIAN_POINT ( 'NONE',  ( -1.906741771391428530, 24.04223096406908056, -2.000000000000000000 ) ) ;
#2410 = CARTESIAN_POINT ( 'NONE',  ( -3.705239350424549549, -23.53752846792088604, -2.000000000000000000 ) ) ;
#2411 = EDGE_CURVE ( 'NONE', #3580, #4932, #4625, .T. ) ;
#2412 = EDGE_LOOP ( 'NONE', ( #7761, #2706, #708, #7239 ) ) ;
#2413 = CARTESIAN_POINT ( 'NONE',  ( -17.35181857730700017, -15.87069998699208995, 2.100000000000000089 ) ) ;
#2414 = CARTESIAN_POINT ( 'NONE',  ( 4.244076555440678078, -24.69959869036684452, -2.000000000000000000 ) ) ;
#2415 = CARTESIAN_POINT ( 'NONE',  ( -2.105634209995044248, -23.64010634127341604, 2.100000000000000089 ) ) ;
#2416 = CARTESIAN_POINT ( 'NONE',  ( -17.71416793792180044, -15.43316205167866784, -2.000000000000000000 ) ) ;
#2417 = CARTESIAN_POINT ( 'NONE',  ( 18.30266578660394217, -18.21105589998883545, -2.000000000000000000 ) ) ;
#2418 = CARTESIAN_POINT ( 'NONE',  ( -7.741715957670633586, 24.19699765967528649, 2.100000000000000089 ) ) ;
#2419 = CARTESIAN_POINT ( 'NONE',  ( 23.76349960547259599, -10.67578541799515612, 2.099999999999999645 ) ) ;
#2420 = ORIENTED_EDGE ( 'NONE', *, *, #7678, .F. ) ;
#2421 = CARTESIAN_POINT ( 'NONE',  ( -13.58617081224543632, -23.15195374360798652, -2.000000000000000000 ) ) ;
#2422 = EDGE_CURVE ( 'NONE', #1933, #6388, #7067, .T. ) ;
#2423 = CARTESIAN_POINT ( 'NONE',  ( -9.873836557350655241, 22.73978747338223272, -2.000000000000000000 ) ) ;
#2424 = EDGE_CURVE ( 'NONE', #6085, #6021, #3387, .T. ) ;
#2425 = CARTESIAN_POINT ( 'NONE',  ( 23.50396181942852891, -6.078686604171923434E-16, 2.099999999999999645 ) ) ;
#2426 = CARTESIAN_POINT ( 'NONE',  ( -23.21393719209896034, 4.939781705126430111, -2.000000000000000000 ) ) ;
#2427 = CARTESIAN_POINT ( 'NONE',  ( 14.88619985382990407, -19.57897187542434736, -2.000000000000000000 ) ) ;
#2428 = CARTESIAN_POINT ( 'NONE',  ( 26.28829541380229173, 9.090474067371495437, 2.099999999999999645 ) ) ;
#2429 = EDGE_CURVE ( 'NONE', #5441, #5581, #7396, .T. ) ;
#2430 = CARTESIAN_POINT ( 'NONE',  ( -25.56471904745757939, -1.411662356313491795, 2.100000000000000089 ) ) ;
#2431 = CARTESIAN_POINT ( 'NONE',  ( 0.000000000000000000, 0.000000000000000000, -3.599999999999998757 ) ) ;
#2432 = CARTESIAN_POINT ( 'NONE',  ( 18.51632561903327456, -18.67704107051116225, -2.000000000000000000 ) ) ;
#2433 = CARTESIAN_POINT ( 'NONE',  ( 0.000000000000000000, 0.000000000000000000, -3.599999999999998757 ) ) ;
#2434 = CARTESIAN_POINT ( 'NONE',  ( -15.87213422487472947, 20.36431896814133680, 2.099999999999999645 ) ) ;
#2435 = VERTEX_POINT ( 'NONE', #3989 ) ;
#2436 = VERTEX_POINT ( 'NONE', #5232 ) ;
#2437 = CARTESIAN_POINT ( 'NONE',  ( 17.25657676350752112, 16.16318976602640589, -2.000000000000000000 ) ) ;
#2438 = CARTESIAN_POINT ( 'NONE',  ( -1.939597136465254223, 23.94058417290087348, 2.099999999999999645 ) ) ;
#2439 = CARTESIAN_POINT ( 'NONE',  ( 24.56950331401515442, 1.128978604501158500, 2.100000000000000089 ) ) ;
#2440 = CARTESIAN_POINT ( 'NONE',  ( 4.713207230075915355, 25.62151411210381369, 2.099999999999999645 ) ) ;
#2441 = CARTESIAN_POINT ( 'NONE',  ( 0.7237198720499520288, 27.99064497287975684, -2.000000000000000000 ) ) ;
#2442 = CARTESIAN_POINT ( 'NONE',  ( -18.73200657000872837, 19.22781655172587278, 2.099999999999999645 ) ) ;
#2443 = CARTESIAN_POINT ( 'NONE',  ( 7.452140385464001149, 26.79882083615299848, -2.000000000000000000 ) ) ;
#2444 = CARTESIAN_POINT ( 'NONE',  ( -7.733032203436374097, 24.00987265162540751, 2.099999999999999645 ) ) ;
#2445 = CARTESIAN_POINT ( 'NONE',  ( 2.638449045045050845, 23.34550970278807114, 2.100000000000000089 ) ) ;
#2446 = CARTESIAN_POINT ( 'NONE',  ( -8.686322604036277539, -21.85205998608588374, 2.100000000000000089 ) ) ;
#2447 = CARTESIAN_POINT ( 'NONE',  ( 2.638449045045073493, -23.34550970278806759, -2.000000000000000000 ) ) ;
#2448 = FACE_OUTER_BOUND ( 'NONE', #6108, .T. ) ;
#2449 = CARTESIAN_POINT ( 'NONE',  ( 20.86952096496491649, 12.08832612917524330, -2.000000000000000000 ) ) ;
#2450 = CARTESIAN_POINT ( 'NONE',  ( 13.58617081224543277, 23.15195374360799008, 2.100000000000000089 ) ) ;
#2451 = FACE_BOUND ( 'NONE', #7969, .T. ) ;
#2452 = ADVANCED_FACE ( 'NONE', ( #6484 ), #6446, .F. ) ;
#2453 = CARTESIAN_POINT ( 'NONE',  ( -1.840779285638403318, -24.52644730507024562, -2.000000000000000000 ) ) ;
#2454 = FACE_OUTER_BOUND ( 'NONE', #6267, .T. ) ;
#2455 = CARTESIAN_POINT ( 'NONE',  ( -5.995909907728630195, -27.35048520292565044, -2.000000000000000000 ) ) ;
#2456 = ORIENTED_EDGE ( 'NONE', *, *, #4967, .T. ) ;
#2457 = CARTESIAN_POINT ( 'NONE',  ( -17.91646094264595135, -17.52377780514963490, 2.100000000000000089 ) ) ;
#2458 = CARTESIAN_POINT ( 'NONE',  ( 3.781464864188905484, -23.62174820993211455, -2.000000000000000000 ) ) ;
#2459 = CARTESIAN_POINT ( 'NONE',  ( -17.35181857730700017, -15.87069998699208995, 2.099999999999999645 ) ) ;
#2460 = CARTESIAN_POINT ( 'NONE',  ( 17.37016481680592506, -16.73146461459391787, -2.000000000000000000 ) ) ;
#2461 = DIRECTION ( 'NONE',  ( -0.7485107481711007482, -0.6631226582407955261, 0.000000000000000000 ) ) ;
#2462 = CARTESIAN_POINT ( 'NONE',  ( 25.38017819848324308, -10.66028906994524306, -2.000000000000000000 ) ) ;
#2463 = ORIENTED_EDGE ( 'NONE', *, *, #8012, .T. ) ;
#2464 = CARTESIAN_POINT ( 'NONE',  ( 23.87823629154097560, -7.119306137701283177, -2.000000000000000000 ) ) ;
#2465 = CARTESIAN_POINT ( 'NONE',  ( 0.000000000000000000, 0.000000000000000000, -2.000000000000000000 ) ) ;
#2466 = CARTESIAN_POINT ( 'NONE',  ( -25.15968768847577408, 4.747395707336121262, -2.000000000000000000 ) ) ;
#2467 = CARTESIAN_POINT ( 'NONE',  ( 7.768531058981739790, 22.33132486425838081, 2.100000000000000089 ) ) ;
#2468 = AXIS2_PLACEMENT_3D ( 'NONE', #863, #3332, #5802 ) ;
#2469 = CARTESIAN_POINT ( 'NONE',  ( 26.06641539773994509, 8.850830286138384295, -2.000000000000000000 ) ) ;
#2470 = FACE_OUTER_BOUND ( 'NONE', #4489, .T. ) ;
#2471 = CARTESIAN_POINT ( 'NONE',  ( 22.85055158908931361, 6.414095051321371699, 2.100000000000000089 ) ) ;
#2472 = CARTESIAN_POINT ( 'NONE',  ( 18.62447386782101688, -18.94171889292492139, -2.000000000000000000 ) ) ;
#2473 = CARTESIAN_POINT ( 'NONE',  ( 18.01951879751185714, 21.43121365586116767, 2.099999999999999645 ) ) ;
#2474 = CARTESIAN_POINT ( 'NONE',  ( 25.36983614870255366, -1.341743455198748824, 2.100000000000000089 ) ) ;
#2475 = ORIENTED_EDGE ( 'NONE', *, *, #3190, .F. ) ;
#2476 = EDGE_LOOP ( 'NONE', ( #5234, #2872, #6437, #5664 ) ) ;
#2477 = AXIS2_PLACEMENT_3D ( 'NONE', #5429, #7382, #7949 ) ;
#2478 = CARTESIAN_POINT ( 'NONE',  ( 18.80342269287539381, 15.26496932198517875, -2.000000000000000000 ) ) ;
#2479 = CARTESIAN_POINT ( 'NONE',  ( 17.51894836651075593, -21.23397411162330428, 2.099999999999999645 ) ) ;
#2480 = CARTESIAN_POINT ( 'NONE',  ( -22.62472946281712538, -16.49610842548440459, -2.000000000000000000 ) ) ;
#2481 = CARTESIAN_POINT ( 'NONE',  ( 4.590305982006120722, 25.40785750275295030, 2.099999999999999645 ) ) ;
#2482 = CARTESIAN_POINT ( 'NONE',  ( -24.94597949059291864, 10.68625558496336048, 2.099999999999999645 ) ) ;
#2483 = CARTESIAN_POINT ( 'NONE',  ( -19.10294300321431038, 20.47138356518676972, 2.099999999999999645 ) ) ;
#2484 = FACE_OUTER_BOUND ( 'NONE', #217, .T. ) ;
#2485 = CARTESIAN_POINT ( 'NONE',  ( -25.38017819844202094, 10.66028906994771042, 2.100000000000000089 ) ) ;
#2486 = CARTESIAN_POINT ( 'NONE',  ( 2.035327432088031241, 23.74029248485179622, 2.100000000000000089 ) ) ;
#2487 = CARTESIAN_POINT ( 'NONE',  ( -9.673488752447893191, -22.40527988562696748, 2.100000000000000089 ) ) ;
#2488 = B_SPLINE_CURVE_WITH_KNOTS ( 'NONE', 3,
 ( #2901, #2293, #4267, #4228, #6729, #6045, #4156, #1142, #2973, #7343, #1674, #97, #6772, #3211, #6853, #2453, #7464, #5554, #4907, #1880, #4468, #4347, #7381, #5681, #6939, #1920, #1314, #1962, #2540, #11, #5072, #7549, #698, #3781, #4952, #607, #3738, #4994, #6205, #6811, #133, #7424, #1834, #3130, #1394, #652, #1229, #4309, #3697, #2578, #6168, #5642, #4388, #3087, #5603 ),
 .UNSPECIFIED., .F., .F.,
 ( 4, 1, 1, 1, 1, 1, 1, 1, 1, 1, 1, 1, 1, 1, 1, 1, 1, 1, 1, 1, 1, 1, 1, 1, 1, 1, 1, 1, 1, 1, 1, 1, 1, 1, 1, 1, 1, 1, 1, 1, 1, 1, 1, 1, 1, 1, 1, 1, 1, 1, 1, 1, 4 ),
 ( 0.01037070964479200504, 0.06767854499841075011, 0.09884629602760430789, 0.1282330327458526265, 0.1558387551553858108, 0.1816634632588949305, 0.2057071570596704646, 0.2279698365617907063, 0.2484515017704002071, 0.2671521526921107892, 0.2840717893356240475, 0.2992104117127127871, 0.3125680198398574916, 0.3241446137411457817, 0.3339401934538051009, 0.3662021699428081867, 0.3760430630535980256, 0.3856763336118157470, 0.3952492422856400678, 0.4049624801021076692, 0.4150869914083017420, 0.4259748013331248195, 0.4380386266454291411, 0.4516469595390834035, 0.4668849008038628012, 0.4803437228220500677, 0.5000000000000002220, 0.5196562771779504875, 0.5331150991961376429, 0.5483530404609170406, 0.5619613733545713030, 0.5740251986668756246, 0.5849130085916987021, 0.5950375198978927749, 0.6047507577143603763, 0.6143236663881848081, 0.6239569369464024184, 0.6337978300571922574, 0.6660598065461953432, 0.6758553862588545513, 0.6874319801601429525, 0.7007895882872876570, 0.7159282106643762855, 0.7328478473078895439, 0.7515484982296001260, 0.7720301634382096267, 0.7942928429403297574, 0.8183365367411052915, 0.8441612448446143002, 0.8717669672541474846, 0.9011537039723958031, 0.9323214550015893609, 0.9896292903552156295 ),
 .UNSPECIFIED. ) ;
#2489 = CARTESIAN_POINT ( 'NONE',  ( -24.76692767734244782, -4.782579349257321866, 2.099999999999999645 ) ) ;
#2490 = CARTESIAN_POINT ( 'NONE',  ( 1.474499619732455580, -26.25856105065617641, -2.000000000000000000 ) ) ;
#2491 = CARTESIAN_POINT ( 'NONE',  ( 7.612592773523897627, -22.78073832991432823, -2.000000000000000000 ) ) ;
#2492 = CARTESIAN_POINT ( 'NONE',  ( 22.61633054543464283, 13.93417863138607871, -2.000000000000000000 ) ) ;
#2493 = CARTESIAN_POINT ( 'NONE',  ( 17.51894836647306519, 21.23397411160632231, 2.100000000000000089 ) ) ;
#2494 = CARTESIAN_POINT ( 'NONE',  ( -26.00281877978271439, 1.590510388571581002, -2.000000000000000000 ) ) ;
#2495 = DIRECTION ( 'NONE',  ( -1.000000000000000000, 0.000000000000000000, 0.000000000000000000 ) ) ;
#2496 = CARTESIAN_POINT ( 'NONE',  ( -1.762385718735306250, 25.16282512725968701, -2.000000000000000000 ) ) ;
#2497 = CARTESIAN_POINT ( 'NONE',  ( -5.183190230475042348, -26.33878392258043277, -2.000000000000000000 ) ) ;
#2498 = VECTOR ( 'NONE', #2517, 1000.000000000000000 ) ;
#2499 = VERTEX_POINT ( 'NONE', #7750 ) ;
#2500 = CARTESIAN_POINT ( 'NONE',  ( -22.99371384847795596, -6.601180838822660490, -2.000000000000000000 ) ) ;
#2501 = VECTOR ( 'NONE', #7707, 1000.000000000000000 ) ;
#2502 = CARTESIAN_POINT ( 'NONE',  ( 0.9676082089449399293, -27.51106945928314929, -2.000000000000000000 ) ) ;
#2503 = AXIS2_PLACEMENT_3D ( 'NONE', #2795, #4565, #2023 ) ;
#2504 = CARTESIAN_POINT ( 'NONE',  ( -18.83778878485557939, -19.53549755878801975, -2.000000000000000000 ) ) ;
#2505 = CARTESIAN_POINT ( 'NONE',  ( 20.61769535193586123, 11.41192623884529844, 2.100000000000000089 ) ) ;
#2506 = DIRECTION ( 'NONE',  ( -0.000000000000000000, -0.000000000000000000, -1.000000000000000000 ) ) ;
#2507 = CARTESIAN_POINT ( 'NONE',  ( 20.74579233589062355, -11.91211842489101258, 2.099999999999999645 ) ) ;
#2508 = ORIENTED_EDGE ( 'NONE', *, *, #5764, .F. ) ;
#2509 = CIRCLE ( 'NONE', #3148, 27.99999957948218920 ) ;
#2510 = CARTESIAN_POINT ( 'NONE',  ( -15.87213422487472236, -20.36431896814133680, -2.000000000000000000 ) ) ;
#2511 = CARTESIAN_POINT ( 'NONE',  ( -8.334619726030529918, 21.97658606862350439, -2.000000000000000000 ) ) ;
#2512 = CARTESIAN_POINT ( 'NONE',  ( 23.81253063529220171, 0.8410884408854198968, 2.099999999999999645 ) ) ;
#2513 = CARTESIAN_POINT ( 'NONE',  ( -23.99982295939236820, 0.9602632500303778240, -2.000000000000000000 ) ) ;
#2514 = CARTESIAN_POINT ( 'NONE',  ( 9.121658707306940173, 21.91081161619598916, 2.100000000000000089 ) ) ;
#2515 = CARTESIAN_POINT ( 'NONE',  ( 25.29380829876430070, 8.116834556469591178, 2.099999999999999645 ) ) ;
#2516 = CARTESIAN_POINT ( 'NONE',  ( -25.56471904745758295, 1.411662356313486244, 2.100000000000000089 ) ) ;
#2517 = DIRECTION ( 'NONE',  ( -0.000000000000000000, -0.000000000000000000, -1.000000000000000000 ) ) ;
#2518 = LINE ( 'NONE', #2389, #7408 ) ;
#2519 = CARTESIAN_POINT ( 'NONE',  ( 15.02890815691219295, -19.71604682249877527, 2.100000000000000089 ) ) ;
#2520 = CARTESIAN_POINT ( 'NONE',  ( 24.88813961944797271, -1.197996060026733200, 2.100000000000000089 ) ) ;
#2521 = ORIENTED_EDGE ( 'NONE', *, *, #6721, .F. ) ;
#2522 = ORIENTED_EDGE ( 'NONE', *, *, #7248, .F. ) ;
#2523 = CARTESIAN_POINT ( 'NONE',  ( 17.25237999601835881, 16.29857992973629521, -2.000000000000000000 ) ) ;
#2524 = CARTESIAN_POINT ( 'NONE',  ( -21.69704443755539813, 10.30300297322494707, -2.000000000000000000 ) ) ;
#2525 = CARTESIAN_POINT ( 'NONE',  ( -21.04854468720650118, 16.20550857031050995, -2.000000000000000000 ) ) ;
#2526 = CARTESIAN_POINT ( 'NONE',  ( -20.99240193721332304, 10.59640443373927177, 2.099999999999999645 ) ) ;
#2527 = CARTESIAN_POINT ( 'NONE',  ( 20.65156267108764254, -11.69620803915341867, 2.100000000000000089 ) ) ;
#2528 = CARTESIAN_POINT ( 'NONE',  ( -26.16863607189504037, -4.567518758412578705, -2.000000000000000000 ) ) ;
#2529 = CARTESIAN_POINT ( 'NONE',  ( -22.09815905990547336, 10.35588323418787127, 2.100000000000000089 ) ) ;
#2530 = FACE_OUTER_BOUND ( 'NONE', #7612, .T. ) ;
#2531 = CARTESIAN_POINT ( 'NONE',  ( -11.92825694635265776, -24.80951218104270950, 2.100000000000000089 ) ) ;
#2532 = CARTESIAN_POINT ( 'NONE',  ( -22.91828645517601615, -5.264681564480675036, 2.099999999999999645 ) ) ;
#2533 = CARTESIAN_POINT ( 'NONE',  ( -22.78920619399659131, -14.18622855212692002, 2.100000000000000089 ) ) ;
#2534 = CARTESIAN_POINT ( 'NONE',  ( 7.720532692246934836, -23.84272921084243890, 2.099999999999999645 ) ) ;
#2535 = CARTESIAN_POINT ( 'NONE',  ( -27.69932686549418221, -4.092342562581371190, -2.000000000000000000 ) ) ;
#2536 = CARTESIAN_POINT ( 'NONE',  ( 3.902347153244135836, -23.79992060087550954, 2.100000000000000089 ) ) ;
#2537 = CARTESIAN_POINT ( 'NONE',  ( -22.91929613358907503, 6.515359526762099840, -2.000000000000000000 ) ) ;
#2538 = ADVANCED_FACE ( 'NONE', ( #2205 ), #1595, .F. ) ;
#2539 = FACE_BOUND ( 'NONE', #1863, .T. ) ;
#2540 = CARTESIAN_POINT ( 'NONE',  ( -3.025165651672256928, -23.29855380546641186, -2.000000000000000000 ) ) ;
#2541 = CARTESIAN_POINT ( 'NONE',  ( -0.8222171190860647627, 27.80350973416708271, -2.000000000000000000 ) ) ;
#2542 = CARTESIAN_POINT ( 'NONE',  ( -4.713207230075929566, -25.62151411210381013, -2.000000000000000000 ) ) ;
#2543 = ORIENTED_EDGE ( 'NONE', *, *, #4278, .T. ) ;
#2544 = CARTESIAN_POINT ( 'NONE',  ( -20.07157227525353704, -15.89590000543998194, 2.100000000000000089 ) ) ;
#2545 = CARTESIAN_POINT ( 'NONE',  ( 3.952016953262632804, -23.89496924813284906, -2.000000000000000000 ) ) ;
#2547 = CARTESIAN_POINT ( 'NONE',  ( -3.359200862297582191, -23.32460485566309316, 2.100000000000000089 ) ) ;
#2546 = B_SPLINE_SURFACE_WITH_KNOTS ( 'NONE', 3, 1, ( 
 ( #4754, #7192 ),
 ( #7228, #1675 ),
 ( #4157, #7267 ),
 ( #2861, #6611 ),
 ( #2370, #6651 ),
 ( #1066, #5321 ),
 ( #484, #2215 ),
 ( #1108, #3542 ),
 ( #1642, #7798 ),
 ( #4674, #4790 ),
 ( #2254, #4117 ),
 ( #6010, #4719 ),
 ( #4079, #4195 ),
 ( #2975, #3465 ),
 ( #414, #1562 ),
 ( #6537, #340 ),
 ( #3579, #6572 ),
 ( #1720, #1028 ),
 ( #5969, #450 ),
 ( #2824, #2936 ),
 ( #3503, #5396 ),
 ( #6047, #7873 ),
 ( #2328, #5430 ),
 ( #7151, #7910 ),
 ( #4831, #4034 ),
 ( #6496, #953 ),
 ( #3424, #5278 ),
 ( #1606, #993 ),
 ( #5933, #3132 ),
 ( #6731, #6249 ),
 ( #4349, #13 ),
 ( #4909, #6170 ),
 ( #5513, #1316 ),
 ( #2410, #7426 ),
 ( #3740, #7383 ),
 ( #99, #6813 ),
 ( #654, #609 ),
 ( #1922, #3615 ),
 ( #5472, #3783 ),
 ( #2580, #1836 ),
 ( #6084, #7950 ),
 ( #5605, #3089 ),
 ( #4390, #523 ),
 ( #1274, #6207 ),
 ( #700, #7307 ),
 ( #4269, #4311 ),
 ( #60, #1757 ),
 ( #2542, #4230 ),
 ( #569, #4996 ),
 ( #7466, #6855 ),
 ( #2497, #3013 ),
 ( #6689, #4869 ),
 ( #7345, #4954 ),
 ( #7988, #3051 ),
 ( #2455, #3178 ) ),
 .UNSPECIFIED., .F., .F., .F.,
 ( 4, 1, 1, 1, 1, 1, 1, 1, 1, 1, 1, 1, 1, 1, 1, 1, 1, 1, 1, 1, 1, 1, 1, 1, 1, 1, 1, 1, 1, 1, 1, 1, 1, 1, 1, 1, 1, 1, 1, 1, 1, 1, 1, 1, 1, 1, 1, 1, 1, 1, 1, 1, 4 ),
 ( 2, 2 ),
 ( 0.01037070963360204462, 0.06767854499841075011, 0.09884629602760430789, 0.1282330327458526265, 0.1558387551553858108, 0.1816634632588949305, 0.2057071570596704646, 0.2279698365617907063, 0.2484515017704002071, 0.2671521526921107892, 0.2840717893356240475, 0.2992104117127127871, 0.3125680198398574916, 0.3241446137411457817, 0.3339401934538051009, 0.3662021699428081867, 0.3760430630535980256, 0.3856763336118157470, 0.3952492422856400678, 0.4049624801021076692, 0.4150869914083017420, 0.4259748013331248195, 0.4380386266454291411, 0.4516469595390834035, 0.4668849008038628012, 0.4803437228220500677, 0.5000000000000002220, 0.5196562771779504875, 0.5331150991961376429, 0.5483530404609170406, 0.5619613733545713030, 0.5740251986668756246, 0.5849130085916987021, 0.5950375198978927749, 0.6047507577143603763, 0.6143236663881848081, 0.6239569369464024184, 0.6337978300571922574, 0.6660598065461953432, 0.6758553862588546624, 0.6874319801601429525, 0.7007895882872876570, 0.7159282106643762855, 0.7328478473078895439, 0.7515484982296001260, 0.7720301634382096267, 0.7942928429403297574, 0.8183365367411052915, 0.8441612448446143002, 0.8717669672541474846, 0.9011537039723958031, 0.9323214550015893609, 0.9896292903664016816 ),
 ( 0.000000000000000000, 1.000000000000000000 ),
 .UNSPECIFIED. ) ;
#2548 = CARTESIAN_POINT ( 'NONE',  ( -18.73200657000872127, -19.22781655172589055, 2.099999999999999645 ) ) ;
#2549 = CARTESIAN_POINT ( 'NONE',  ( 21.38382933992361146, 12.54282366362886059, 2.100000000000000089 ) ) ;
#2550 = CARTESIAN_POINT ( 'NONE',  ( -7.701896059577427955, 22.44925656542958592, 2.100000000000000089 ) ) ;
#2551 = CARTESIAN_POINT ( 'NONE',  ( 20.80453127045304740, -12.00354473513042208, 2.099999999999999645 ) ) ;
#2552 = VERTEX_POINT ( 'NONE', #585 ) ;
#2553 = DIRECTION ( 'NONE',  ( -0.1205366802553232142, 0.9927088740980538617, 0.000000000000000000 ) ) ;
#2554 = CARTESIAN_POINT ( 'NONE',  ( -23.34891248598832192, -15.11752229217970545, -2.000000000000000000 ) ) ;
#2555 = CARTESIAN_POINT ( 'NONE',  ( -27.05471844848150909, 2.130765319231053834, -2.000000000000000000 ) ) ;
#2556 = CARTESIAN_POINT ( 'NONE',  ( 13.02793750094272696, -20.86163776548603366, -2.000000000000000000 ) ) ;
#2557 = CARTESIAN_POINT ( 'NONE',  ( -20.07157227525354060, 15.89590000543996595, -2.000000000000000000 ) ) ;
#2558 = CARTESIAN_POINT ( 'NONE',  ( 22.82097940566847427, 5.624866236205954273, 2.100000000000000089 ) ) ;
#2559 = CARTESIAN_POINT ( 'NONE',  ( 18.97770164392053971, 15.34339570340775971, 2.100000000000000089 ) ) ;
#2560 = EDGE_CURVE ( 'NONE', #5379, #6258, #1898, .T. ) ;
#2561 = ORIENTED_EDGE ( 'NONE', *, *, #6971, .F. ) ;
#2562 = CARTESIAN_POINT ( 'NONE',  ( 27.69932686560987989, -4.092342562537326423, -2.000000000000000000 ) ) ;
#2563 = CARTESIAN_POINT ( 'NONE',  ( 19.31055424225241168, 15.54648119520597227, -2.000000000000000000 ) ) ;
#2564 = CARTESIAN_POINT ( 'NONE',  ( -22.09815905990547336, 10.35588323418787127, -2.000000000000000000 ) ) ;
#2565 = CARTESIAN_POINT ( 'NONE',  ( -21.66370631000717850, 16.34569607223865617, 2.099999999999999645 ) ) ;
#2566 = CARTESIAN_POINT ( 'NONE',  ( -22.90269961712299462, 10.57072003481730604, 2.099999999999999645 ) ) ;
#2567 = CARTESIAN_POINT ( 'NONE',  ( 7.720532692246926842, 23.84272921084243890, 2.099999999999999645 ) ) ;
#2568 = CARTESIAN_POINT ( 'NONE',  ( 10.89735721165043358, -23.93603524774560043, 2.100000000000000089 ) ) ;
#2569 = CARTESIAN_POINT ( 'NONE',  ( 12.94401591853664968, 20.68877481383771055, 2.099999999999999645 ) ) ;
#2570 = CARTESIAN_POINT ( 'NONE',  ( 23.34891248594832547, 15.11752229210743081, -2.000000000000000000 ) ) ;
#2571 = CARTESIAN_POINT ( 'NONE',  ( -23.53223775966787201, -4.811173829118829737, -2.000000000000000000 ) ) ;
#2572 = CARTESIAN_POINT ( 'NONE',  ( -24.62078186107713407, -10.69645268464871180, 2.100000000000000089 ) ) ;
#2573 = CARTESIAN_POINT ( 'NONE',  ( 7.605208680130572496, -22.99453835804834512, 2.099999999999999645 ) ) ;
#2574 = CARTESIAN_POINT ( 'NONE',  ( 21.47582202528875328, 10.32148794313316387, -2.000000000000000000 ) ) ;
#2575 = CARTESIAN_POINT ( 'NONE',  ( 2.463801941912934890, -23.38577358155836450, 2.100000000000000089 ) ) ;
#2576 = CARTESIAN_POINT ( 'NONE',  ( 9.484645845787888163, 22.17444536155052148, -2.000000000000000000 ) ) ;
#2577 = CARTESIAN_POINT ( 'NONE',  ( 3.499191490208520605, 23.38362255772745613, -2.000000000000000000 ) ) ;
#2578 = CARTESIAN_POINT ( 'NONE',  ( -5.008822010445487471, -26.08776424953686401, -2.000000000000000000 ) ) ;
#2579 = CARTESIAN_POINT ( 'NONE',  ( 23.74358889077459622, -4.778072828450329546, -2.000000000000000000 ) ) ;
#2580 = CARTESIAN_POINT ( 'NONE',  ( -4.082273444348678559, -24.25428063893853192, -2.000000000000000000 ) ) ;
#2581 = ORIENTED_EDGE ( 'NONE', *, *, #3784, .F. ) ;
#2582 = CARTESIAN_POINT ( 'NONE',  ( -19.87933552333217690, -15.81900378855656975, 2.100000000000000089 ) ) ;
#2583 = CARTESIAN_POINT ( 'NONE',  ( -24.76692767734244427, 4.782579349257304102, 2.100000000000000089 ) ) ;
#2584 = CARTESIAN_POINT ( 'NONE',  ( -20.51809281624190362, -16.05254419007956912, 2.099999999999999645 ) ) ;
#2585 = CARTESIAN_POINT ( 'NONE',  ( 23.29246673278348467, 10.63055238855666573, 2.100000000000000089 ) ) ;
#2586 = CARTESIAN_POINT ( 'NONE',  ( -7.657608382361899224, 22.56335699501520509, 2.100000000000000089 ) ) ;
#2587 = CARTESIAN_POINT ( 'NONE',  ( 20.69407544885352124, -11.81098159931166514, -2.000000000000000000 ) ) ;
#2588 = ORIENTED_EDGE ( 'NONE', *, *, #4923, .F. ) ;
#2589 = CARTESIAN_POINT ( 'NONE',  ( -14.42373451280541197, -19.20597537996032145, -2.000000000000000000 ) ) ;
#2590 = CARTESIAN_POINT ( 'NONE',  ( -23.19083041064041595, -14.83174276025828320, -2.000000000000000000 ) ) ;
#2591 = CARTESIAN_POINT ( 'NONE',  ( 0.000000000000000000, 21.00000000000000000, 2.100000000000001865 ) ) ;
#2592 = CARTESIAN_POINT ( 'NONE',  ( 7.688496923001403971, 25.42728370346966926, 2.100000000000000089 ) ) ;
#2593 = CARTESIAN_POINT ( 'NONE',  ( -20.28441937235457004, 15.97411852388379216, -2.000000000000000000 ) ) ;
#2594 = CARTESIAN_POINT ( 'NONE',  ( 23.15601641226234975, 6.742658068406557348, 2.100000000000000089 ) ) ;
#2595 = CARTESIAN_POINT ( 'NONE',  ( 17.71416793792179689, 15.43316205167866784, 2.100000000000000089 ) ) ;
#2596 = CARTESIAN_POINT ( 'NONE',  ( -13.20212662322860275, 21.30225842247369172, 2.099999999999999645 ) ) ;
#2597 = ORIENTED_EDGE ( 'NONE', *, *, #4943, .T. ) ;
#2598 = CARTESIAN_POINT ( 'NONE',  ( -22.73975435582775262, -5.989014764842368166, 2.100000000000000089 ) ) ;
#2599 = CARTESIAN_POINT ( 'NONE',  ( 18.12539239010958880, 15.18249965295456683, 2.099999999999999645 ) ) ;
#2600 = CARTESIAN_POINT ( 'NONE',  ( -20.80453127045305095, 12.00354473513042031, -2.000000000000000000 ) ) ;
#2601 = CARTESIAN_POINT ( 'NONE',  ( 4.144933467011459705, 24.44197433207706638, -2.000000000000000000 ) ) ;
#2602 = CARTESIAN_POINT ( 'NONE',  ( -20.69407544885352124, 11.81098159931166336, -2.000000000000000000 ) ) ;
#2603 = CARTESIAN_POINT ( 'NONE',  ( 14.84924240491750069, 14.84924240491749714, -3.599999999999998757 ) ) ;
#2604 = CARTESIAN_POINT ( 'NONE',  ( -21.80373651133527702, 10.30832712212200164, 2.100000000000000089 ) ) ;
#2605 = DIRECTION ( 'NONE',  ( 0.000000000000000000, 0.000000000000000000, -1.000000000000000000 ) ) ;
#2606 = EDGE_CURVE ( 'NONE', #7446, #7884, #5588, .T. ) ;
#2607 = CARTESIAN_POINT ( 'NONE',  ( -9.121658707306938396, -21.91081161619599271, 2.100000000000000089 ) ) ;
#2608 = LINE ( 'NONE', #207, #7030 ) ;
#2609 = CARTESIAN_POINT ( 'NONE',  ( 8.334619726030528142, -21.97658606862351149, -2.000000000000000000 ) ) ;
#2610 = CARTESIAN_POINT ( 'NONE',  ( 21.58843454132471606, 10.30659784155102088, 2.099999999999999645 ) ) ;
#2611 = DIRECTION ( 'NONE',  ( 0.000000000000000000, -0.000000000000000000, -1.000000000000000000 ) ) ;
#2612 = CARTESIAN_POINT ( 'NONE',  ( 7.523321135858856756, 26.48008397883696219, -2.000000000000000000 ) ) ;
#2613 = CARTESIAN_POINT ( 'NONE',  ( 5.855490417633529177, 27.19235970815778813, -2.000000000000000000 ) ) ;
#2614 = FACE_OUTER_BOUND ( 'NONE', #3437, .T. ) ;
#2615 = CARTESIAN_POINT ( 'NONE',  ( 23.53223775966786491, -4.811173829118819967, -2.000000000000000000 ) ) ;
#2616 = CARTESIAN_POINT ( 'NONE',  ( 2.198555820827197582, 23.54154832015335330, 2.099999999999999645 ) ) ;
#2617 = VERTEX_POINT ( 'NONE', #626 ) ;
#2618 = AXIS2_PLACEMENT_3D ( 'NONE', #1088, #2992, #2956 ) ;
#2619 = CARTESIAN_POINT ( 'NONE',  ( -21.66370631000718205, -16.34569607223867749, 2.100000000000000089 ) ) ;
#2620 = CARTESIAN_POINT ( 'NONE',  ( -26.16863607189503327, 4.567518758412558277, 2.100000000000000089 ) ) ;
#2621 = CIRCLE ( 'NONE', #929, 27.99999957948218920 ) ;
#2622 = DIRECTION ( 'NONE',  ( -0.000000000000000000, -0.000000000000000000, -1.000000000000000000 ) ) ;
#2623 = CARTESIAN_POINT ( 'NONE',  ( -22.09150218632043661, 16.42439464915884528, 2.100000000000000089 ) ) ;
#2624 = CARTESIAN_POINT ( 'NONE',  ( -12.83485696772680029, -20.07512121109398251, 2.100000000000000089 ) ) ;
#2625 = ORIENTED_EDGE ( 'NONE', *, *, #2288, .F. ) ;
#2626 = CARTESIAN_POINT ( 'NONE',  ( -4.389956462724892816, 25.02313217738665685, -2.000000000000000000 ) ) ;
#2627 = CIRCLE ( 'NONE', #6904, 27.99999957948218920 ) ;
#2628 = CARTESIAN_POINT ( 'NONE',  ( -21.70974829699418507, -12.84369887095659912, -2.000000000000000000 ) ) ;
#2629 = VECTOR ( 'NONE', #7272, 1000.000000000000000 ) ;
#2630 = CYLINDRICAL_SURFACE ( 'NONE', #4035, 1.750000000000001554 ) ;
#2631 = CARTESIAN_POINT ( 'NONE',  ( 7.605208680130566279, 22.99453835804834156, 2.100000000000000089 ) ) ;
#2632 = CARTESIAN_POINT ( 'NONE',  ( 23.76414829993700906, 7.060866680122717121, 2.099999999999999645 ) ) ;
#2633 = CARTESIAN_POINT ( 'NONE',  ( -23.50396181942852891, -2.270536500527282371E-15, 2.100000000000000089 ) ) ;
#2634 = CARTESIAN_POINT ( 'NONE',  ( 26.46517536639174750, 4.493494443281885964, 2.100000000000000089 ) ) ;
#2635 = CARTESIAN_POINT ( 'NONE',  ( 18.19936168673939392, 18.00918889841835480, 2.100000000000000089 ) ) ;
#2636 = AXIS2_PLACEMENT_3D ( 'NONE', #6247, #6128, #2495 ) ;
#2637 = CARTESIAN_POINT ( 'NONE',  ( -15.12400615833752582, 19.80199803049035268, -2.000000000000000000 ) ) ;
#2638 = VERTEX_POINT ( 'NONE', #4973 ) ;
#2639 = CARTESIAN_POINT ( 'NONE',  ( -25.15968768847578119, -4.747395707336139914, 2.100000000000000089 ) ) ;
#2640 = CARTESIAN_POINT ( 'NONE',  ( 26.24483786523220274, 1.701370919965213835, 2.099999999999999645 ) ) ;
#2641 = CARTESIAN_POINT ( 'NONE',  ( -20.62323650117463103, 11.56374771533979384, -2.000000000000000000 ) ) ;
#2642 = CARTESIAN_POINT ( 'NONE',  ( -19.70744990308224942, 15.74452889495767494, 2.099999999999999645 ) ) ;
#2643 = CARTESIAN_POINT ( 'NONE',  ( -20.89282384029110062, 10.74542454372254063, -2.000000000000000000 ) ) ;
#2644 = CARTESIAN_POINT ( 'NONE',  ( 8.993578510876917065, 21.86672564825609655, -2.000000000000000000 ) ) ;
#2645 = CARTESIAN_POINT ( 'NONE',  ( 12.19289813512191500, -25.00088857611624249, 2.100000000000000089 ) ) ;
#2646 = DIRECTION ( 'NONE',  ( -1.000000000000000000, 0.000000000000000000, 0.000000000000000000 ) ) ;
#2647 = AXIS2_PLACEMENT_3D ( 'NONE', #6798, #4935, #4334 ) ;
#2648 = CARTESIAN_POINT ( 'NONE',  ( -16.59924240491749714, 14.84924240491749536, -3.599999999999998757 ) ) ;
#2649 = CARTESIAN_POINT ( 'NONE',  ( -21.58955567576248313, -12.72687891813089500, 2.100000000000000089 ) ) ;
#2650 = CARTESIAN_POINT ( 'NONE',  ( 7.743106042156107982, -24.63076208136009981, -2.000000000000000000 ) ) ;
#2651 = CARTESIAN_POINT ( 'NONE',  ( 21.80373651133526636, 10.30832712212201763, 2.099999999999999645 ) ) ;
#2652 = PLANE ( 'NONE',  #5726 ) ;
#2653 = DIRECTION ( 'NONE',  ( 0.1205366802553235750, -0.9927088740980538617, 0.000000000000000000 ) ) ;
#2654 = CARTESIAN_POINT ( 'NONE',  ( 3.705239350424536671, 23.53752846792088960, -2.000000000000000000 ) ) ;
#2655 = CARTESIAN_POINT ( 'NONE',  ( 18.70321540207056543, -15.22676155773647899, -2.000000000000000000 ) ) ;
#2656 = CARTESIAN_POINT ( 'NONE',  ( 24.66930537037450577, -7.619416278945021048, -2.000000000000000000 ) ) ;
#2657 = ADVANCED_FACE ( 'NONE', ( #3757 ), #5698, .T. ) ;
#2658 = CARTESIAN_POINT ( 'NONE',  ( 3.359200862297568868, 23.32460485566309671, 2.099999999999999645 ) ) ;
#2659 = ORIENTED_EDGE ( 'NONE', *, *, #4655, .F. ) ;
#2660 = CARTESIAN_POINT ( 'NONE',  ( -18.97770164392054326, -15.34339570340775971, 2.100000000000000089 ) ) ;
#2661 = CARTESIAN_POINT ( 'NONE',  ( 23.49332454121249825, 0.1947784575707320609, -2.000000000000000000 ) ) ;
#2662 = CARTESIAN_POINT ( 'NONE',  ( -23.53223775966786491, 4.811173829118811973, 2.100000000000000089 ) ) ;
#2663 = EDGE_CURVE ( 'NONE', #6949, #156, #5049, .T. ) ;
#2664 = CARTESIAN_POINT ( 'NONE',  ( -21.04854468720649763, -16.20550857031053127, -2.000000000000000000 ) ) ;
#2665 = CARTESIAN_POINT ( 'NONE',  ( -17.29220078062826005, 16.53076698689342194, 2.100000000000000089 ) ) ;
#2666 = CYLINDRICAL_SURFACE ( 'NONE', #4301, 1.750000000000001554 ) ;
#2667 = VERTEX_POINT ( 'NONE', #3105 ) ;
#2668 = CARTESIAN_POINT ( 'NONE',  ( -7.401289683397446417, 27.00409019895758789, -2.000000000000000000 ) ) ;
#2669 = CARTESIAN_POINT ( 'NONE',  ( 17.82169893245503900, -21.35645667459428054, 2.099999999999999645 ) ) ;
#2670 = CARTESIAN_POINT ( 'NONE',  ( -13.25426296490209310, -21.46155364981478897, -2.000000000000000000 ) ) ;
#2671 = CARTESIAN_POINT ( 'NONE',  ( -24.32345666766048353, 4.791663430616632802, -2.000000000000000000 ) ) ;
#2672 = CARTESIAN_POINT ( 'NONE',  ( -22.41476736692504090, 16.47086513864621438, -2.000000000000000000 ) ) ;
#2673 = DIRECTION ( 'NONE',  ( 0.000000000000000000, 0.000000000000000000, -1.000000000000000000 ) ) ;
#2674 = CARTESIAN_POINT ( 'NONE',  ( 17.84651532293613485, 15.31230279367191649, 2.100000000000000089 ) ) ;
#2675 = DIRECTION ( 'NONE',  ( 0.000000000000000000, -0.000000000000000000, -1.000000000000000000 ) ) ;
#2676 = CARTESIAN_POINT ( 'NONE',  ( -14.60388312963064017, 19.32135064906642796, -2.000000000000000000 ) ) ;
#2677 = ORIENTED_EDGE ( 'NONE', *, *, #1677, .T. ) ;
#2678 = CARTESIAN_POINT ( 'NONE',  ( 1.750000000000009992, -21.00000000000000000, 2.100000000000001865 ) ) ;
#2679 = CARTESIAN_POINT ( 'NONE',  ( 26.00281877978270373, 1.590510388571583889, -2.000000000000000000 ) ) ;
#2680 = EDGE_CURVE ( 'NONE', #6030, #3761, #6011, .T. ) ;
#2681 = CARTESIAN_POINT ( 'NONE',  ( -21.38382933992361501, 12.54282366362884105, -2.000000000000000000 ) ) ;
#2682 = CARTESIAN_POINT ( 'NONE',  ( -18.60089775827984226, 15.19605903441927630, -2.000000000000000000 ) ) ;
#2683 = CARTESIAN_POINT ( 'NONE',  ( -21.91017567687078227, 10.32144346381599576, -2.000000000000000000 ) ) ;
#2684 = CARTESIAN_POINT ( 'NONE',  ( 8.512968716744131470, 21.89757064776836870, -2.000000000000000000 ) ) ;
#2685 = CARTESIAN_POINT ( 'NONE',  ( -21.23055223844790262, 12.41767842381810638, 2.100000000000000089 ) ) ;
#2686 = CARTESIAN_POINT ( 'NONE',  ( 5.644338589960071317, 26.94321158142444617, 2.100000000000000089 ) ) ;
#2687 = CARTESIAN_POINT ( 'NONE',  ( -21.70974829699418507, -12.84369887095659912, -2.000000000000000000 ) ) ;
#2688 = CARTESIAN_POINT ( 'NONE',  ( 21.48061666422703553, -12.62686802027752719, -2.000000000000000000 ) ) ;
#2689 = CARTESIAN_POINT ( 'NONE',  ( -21.48061666422702487, -12.62686802027752542, 2.100000000000000089 ) ) ;
#2690 = CARTESIAN_POINT ( 'NONE',  ( 25.52197998938346402, 8.320188513921063844, -2.000000000000000000 ) ) ;
#2691 = CARTESIAN_POINT ( 'NONE',  ( 22.59408972245014624, 10.50532236015859056, 2.099999999999999645 ) ) ;
#2692 = CARTESIAN_POINT ( 'NONE',  ( 2.320354714939433460, -23.45074361513812278, 2.100000000000000089 ) ) ;
#2693 = DIRECTION ( 'NONE',  ( 0.000000000000000000, 0.000000000000000000, -1.000000000000000000 ) ) ;
#2694 = CARTESIAN_POINT ( 'NONE',  ( 7.605017794998032876, 22.88729425358476632, -2.000000000000000000 ) ) ;
#2695 = CARTESIAN_POINT ( 'NONE',  ( 1.379935885169537357, 26.52839079975560566, -2.000000000000000000 ) ) ;
#2696 = CARTESIAN_POINT ( 'NONE',  ( 21.66370631000717495, -16.34569607223865617, -2.000000000000000000 ) ) ;
#2697 = CARTESIAN_POINT ( 'NONE',  ( 22.76403769146249090, -5.811439118492621958, -2.000000000000000000 ) ) ;
#2698 = CARTESIAN_POINT ( 'NONE',  ( 1.726035193247294597, 25.34659078107458541, -2.000000000000000000 ) ) ;
#2699 = ORIENTED_EDGE ( 'NONE', *, *, #6377, .T. ) ;
#2700 = CARTESIAN_POINT ( 'NONE',  ( -9.121658707306938396, -21.91081161619599271, -2.000000000000000000 ) ) ;
#2701 = CARTESIAN_POINT ( 'NONE',  ( -24.86659007404523436, 7.767174896947384610, 2.100000000000000089 ) ) ;
#2702 = EDGE_CURVE ( 'NONE', #6573, #7141, #4805, .T. ) ;
#2703 = CARTESIAN_POINT ( 'NONE',  ( -22.41476736700683148, -16.47086513865798807, 2.099999999999999645 ) ) ;
#2704 = LINE ( 'NONE', #7636, #5205 ) ;
#2705 = CARTESIAN_POINT ( 'NONE',  ( -14.32589460713082019, -19.15868494228939056, 2.100000000000000089 ) ) ;
#2706 = ORIENTED_EDGE ( 'NONE', *, *, #7749, .T. ) ;
#2707 = ADVANCED_FACE ( 'NONE', ( #5210 ), #231, .F. ) ;
#2708 = CARTESIAN_POINT ( 'NONE',  ( -7.768531058981745119, 22.33132486425837016, -2.000000000000000000 ) ) ;
#2709 = CARTESIAN_POINT ( 'NONE',  ( 13.81390900009209943, -19.09181343516790719, 2.099999999999999645 ) ) ;
#2710 = CARTESIAN_POINT ( 'NONE',  ( -20.99999999999999289, -3.903127820947815962E-15, 2.100000000000001865 ) ) ;
#2711 = LINE ( 'NONE', #6461, #541 ) ;
#2712 = CARTESIAN_POINT ( 'NONE',  ( 24.48402185937396425, 7.488679734998076931, 2.099999999999999645 ) ) ;
#2713 = CARTESIAN_POINT ( 'NONE',  ( -18.83778878485559716, 19.53549755878801264, -2.000000000000000000 ) ) ;
#2714 = DIRECTION ( 'NONE',  ( 1.000000000000000000, 0.000000000000000000, 0.000000000000000000 ) ) ;
#2715 = CARTESIAN_POINT ( 'NONE',  ( 18.51632561903327101, 18.67704107051118001, 2.100000000000000089 ) ) ;
#2716 = CARTESIAN_POINT ( 'NONE',  ( 13.64897234010188676, -24.23668188073544627, 2.100000000000000089 ) ) ;
#2717 = CARTESIAN_POINT ( 'NONE',  ( -13.20212662322860275, 21.30225842247369172, -2.000000000000000000 ) ) ;
#2718 = ORIENTED_EDGE ( 'NONE', *, *, #2111, .T. ) ;
#2719 = CARTESIAN_POINT ( 'NONE',  ( -22.62472946281705433, 16.49610842548437972, -2.000000000000000000 ) ) ;
#2720 = CARTESIAN_POINT ( 'NONE',  ( 25.56471904745757939, 1.411662356313488909, -2.000000000000000000 ) ) ;
#2721 = CARTESIAN_POINT ( 'NONE',  ( -21.70974829699418507, 12.84369887095659557, -2.000000000000000000 ) ) ;
#2722 = CARTESIAN_POINT ( 'NONE',  ( -17.32735312033766562, 16.63359376186218341, -2.000000000000000000 ) ) ;
#2723 = CARTESIAN_POINT ( 'NONE',  ( -23.44696895451524554, 15.30488886934666937, 2.099999999999999645 ) ) ;
#2724 = CARTESIAN_POINT ( 'NONE',  ( 7.656852614504657595, -23.37322600383987492, 2.100000000000000089 ) ) ;
#2725 = CARTESIAN_POINT ( 'NONE',  ( 12.85055170543023628, 19.95373759773043787, -2.000000000000000000 ) ) ;
#2726 = DIRECTION ( 'NONE',  ( -0.000000000000000000, -0.000000000000000000, -1.000000000000000000 ) ) ;
#2727 = CARTESIAN_POINT ( 'NONE',  ( -25.62785817443977976, -4.678588802317982243, 2.099999999999999645 ) ) ;
#2728 = CARTESIAN_POINT ( 'NONE',  ( -25.91507308940462195, -10.60230933437669165, 2.100000000000000089 ) ) ;
#2729 = DIRECTION ( 'NONE',  ( 0.5680647467311557008, 0.8229838658936564633, 0.000000000000000000 ) ) ;
#2730 = CARTESIAN_POINT ( 'NONE',  ( -15.51594276222061985, 20.11676867469219587, -2.000000000000000000 ) ) ;
#2731 = CARTESIAN_POINT ( 'NONE',  ( -9.945601713251335241, 22.84599953686306151, 2.099999999999999645 ) ) ;
#2732 = CARTESIAN_POINT ( 'NONE',  ( 0.000000000000000000, 21.00000000000000000, -3.599999999999998757 ) ) ;
#2733 = CARTESIAN_POINT ( 'NONE',  ( 8.686322604036279316, 21.85205998608588018, -2.000000000000000000 ) ) ;
#2734 = CARTESIAN_POINT ( 'NONE',  ( 4.189195047382262338, 24.56227459198279206, -2.000000000000000000 ) ) ;
#2735 = CARTESIAN_POINT ( 'NONE',  ( 21.34551800689747836, -16.27777197600731540, -2.000000000000000000 ) ) ;
#2736 = CARTESIAN_POINT ( 'NONE',  ( 26.16863607189503682, -4.567518758412567159, -2.000000000000000000 ) ) ;
#2737 = CARTESIAN_POINT ( 'NONE',  ( 1.762385718735274720, 25.16282512725969056, 2.099999999999999645 ) ) ;
#2738 = ORIENTED_EDGE ( 'NONE', *, *, #7820, .T. ) ;
#2739 = CARTESIAN_POINT ( 'NONE',  ( -10.03175227225609767, -22.96619924196638962, -2.000000000000000000 ) ) ;
#2740 = FACE_OUTER_BOUND ( 'NONE', #7960, .T. ) ;
#2741 = CARTESIAN_POINT ( 'NONE',  ( 24.37956700134304810, -1.099847363974308267, -2.000000000000000000 ) ) ;
#2742 = FACE_OUTER_BOUND ( 'NONE', #610, .T. ) ;
#2743 = CARTESIAN_POINT ( 'NONE',  ( -22.41476736700683148, -16.47086513865798807, -2.000000000000000000 ) ) ;
#2744 = CARTESIAN_POINT ( 'NONE',  ( -18.25928954266905180, 15.16201400375273067, 2.100000000000000089 ) ) ;
#2745 = CARTESIAN_POINT ( 'NONE',  ( -13.50856635788135662, -22.56556696682680752, 2.100000000000000089 ) ) ;
#2746 = CIRCLE ( 'NONE', #2350, 28.00000000000000000 ) ;
#2747 = VERTEX_POINT ( 'NONE', #3392 ) ;
#2748 = CARTESIAN_POINT ( 'NONE',  ( -21.58843454132471606, -10.30659784155100844, 2.099999999999999645 ) ) ;
#2749 = CARTESIAN_POINT ( 'NONE',  ( 16.30896799194540137, -20.63258928533522152, 2.099999999999999645 ) ) ;
#2750 = AXIS2_PLACEMENT_3D ( 'NONE', #3210, #5680, #132 ) ;
#2751 = CARTESIAN_POINT ( 'NONE',  ( -13.61524630358646171, -23.47600944080825514, 2.099999999999999645 ) ) ;
#2752 = CARTESIAN_POINT ( 'NONE',  ( 9.230471089887526404, 21.96684885186929037, 2.100000000000000089 ) ) ;
#2753 = DIRECTION ( 'NONE',  ( -0.000000000000000000, -0.000000000000000000, -1.000000000000000000 ) ) ;
#2754 = CARTESIAN_POINT ( 'NONE',  ( 27.69932686549402945, 4.092342562581445797, 2.100000000000000089 ) ) ;
#2755 = CARTESIAN_POINT ( 'NONE',  ( -19.10294300318478022, 20.47138356506634338, 2.100000000000000089 ) ) ;
#2756 = CARTESIAN_POINT ( 'NONE',  ( 23.51224346894561990, 0.3730054609666962895, -2.000000000000000000 ) ) ;
#2757 = CARTESIAN_POINT ( 'NONE',  ( -12.88702750944971420, 19.82328597831586947, 2.099999999999999645 ) ) ;
#2758 = EDGE_LOOP ( 'NONE', ( #3396, #5767, #1545, #5053 ) ) ;
#2759 = AXIS2_PLACEMENT_3D ( 'NONE', #4893, #7367, #3072 ) ;
#2760 = CARTESIAN_POINT ( 'NONE',  ( 22.91828645517601615, -5.264681564480667042, 2.099999999999999645 ) ) ;
#2761 = CARTESIAN_POINT ( 'NONE',  ( 20.07157227525352994, 15.89590000543998194, 2.099999999999999645 ) ) ;
#2762 = DIRECTION ( 'NONE',  ( 0.7485107481711008592, 0.6631226582407954151, 0.000000000000000000 ) ) ;
#2763 = CARTESIAN_POINT ( 'NONE',  ( -17.25657676350752823, 16.16318976602638813, -2.000000000000000000 ) ) ;
#2764 = DIRECTION ( 'NONE',  ( -0.5680647467311559229, 0.8229838658936563522, 0.000000000000000000 ) ) ;
#2765 = VECTOR ( 'NONE', #392, 1000.000000000000000 ) ;
#2766 = CARTESIAN_POINT ( 'NONE',  ( 8.334619726030521036, 21.97658606862350794, 2.099999999999999645 ) ) ;
#2767 = CARTESIAN_POINT ( 'NONE',  ( -23.44696895445775908, 15.30488886923681413, 2.100000000000000089 ) ) ;
#2768 = CARTESIAN_POINT ( 'NONE',  ( 15.51594276222061097, 20.11676867469219943, 2.099999999999999645 ) ) ;
#2769 = ORIENTED_EDGE ( 'NONE', *, *, #3784, .T. ) ;
#2770 = CIRCLE ( 'NONE', #821, 27.99999957948218920 ) ;
#2771 = CARTESIAN_POINT ( 'NONE',  ( 22.90269961712299462, -10.57072003481730782, -2.000000000000000000 ) ) ;
#2772 = CARTESIAN_POINT ( 'NONE',  ( -4.389956462724892816, 25.02313217738665685, 2.099999999999999645 ) ) ;
#2773 = CARTESIAN_POINT ( 'NONE',  ( 27.87379644711759141, -2.655456283891202141, -2.000000000000000000 ) ) ;
#2774 = CARTESIAN_POINT ( 'NONE',  ( -14.51573139705937088, 19.26027195864160291, -2.000000000000000000 ) ) ;
#2775 = CARTESIAN_POINT ( 'NONE',  ( -9.555618961847070381, 22.25484530667599614, -2.000000000000000000 ) ) ;
#2776 = CARTESIAN_POINT ( 'NONE',  ( -4.189195047382292536, 24.56227459198278140, 2.100000000000000089 ) ) ;
#2777 = CARTESIAN_POINT ( 'NONE',  ( -18.49458355994168812, -15.17355739294055006, -2.000000000000000000 ) ) ;
#2778 = CARTESIAN_POINT ( 'NONE',  ( 0.000000000000000000, 0.000000000000000000, 2.100000000000000089 ) ) ;
#2779 = ORIENTED_EDGE ( 'NONE', *, *, #7422, .T. ) ;
#2780 = CARTESIAN_POINT ( 'NONE',  ( -7.629252907546902662, -22.67335363560524897, 2.099999999999999645 ) ) ;
#2781 = EDGE_CURVE ( 'NONE', #4330, #3052, #524, .T. ) ;
#2782 = CARTESIAN_POINT ( 'NONE',  ( 4.030460310774762966, -24.06924055886029024, -2.000000000000000000 ) ) ;
#2783 = CARTESIAN_POINT ( 'NONE',  ( 26.00281877978271439, -1.590510388571584333, 2.099999999999999645 ) ) ;
#2784 = CARTESIAN_POINT ( 'NONE',  ( -12.19289813512194520, -25.00088857611627446, -2.000000000000000000 ) ) ;
#2785 = EDGE_CURVE ( 'NONE', #1814, #3826, #6105, .T. ) ;
#2786 = CARTESIAN_POINT ( 'NONE',  ( -23.50396181942852891, -2.270536500527282371E-15, -2.000000000000000000 ) ) ;
#2787 = FACE_OUTER_BOUND ( 'NONE', #4755, .T. ) ;
#2788 = CARTESIAN_POINT ( 'NONE',  ( -13.50602898338108560, -19.22398027845277113, 2.100000000000000089 ) ) ;
#2789 = VERTEX_POINT ( 'NONE', #4486 ) ;
#2790 = CARTESIAN_POINT ( 'NONE',  ( -20.80453127045304385, -12.00354473513042208, 2.099999999999999645 ) ) ;
#2791 = LINE ( 'NONE', #4198, #4689 ) ;
#2792 = CARTESIAN_POINT ( 'NONE',  ( -13.20212662322859565, -21.30225842247369172, 2.099999999999999645 ) ) ;
#2793 = CARTESIAN_POINT ( 'NONE',  ( -27.50168352227337110, 4.167564993327535383, -2.000000000000000000 ) ) ;
#2794 = CARTESIAN_POINT ( 'NONE',  ( -18.70321540207056898, 15.22676155773647544, -2.000000000000000000 ) ) ;
#2795 = CARTESIAN_POINT ( 'NONE',  ( 0.000000000000000000, 21.00000000000000000, 2.100000000000001865 ) ) ;
#2796 = CARTESIAN_POINT ( 'NONE',  ( -14.10020032022225323, 19.09116743896563051, 2.100000000000000089 ) ) ;
#2797 = CARTESIAN_POINT ( 'NONE',  ( 23.49332454121249825, -0.1947784575707308674, -2.000000000000000000 ) ) ;
#2798 = VERTEX_POINT ( 'NONE', #962 ) ;
#2799 = CARTESIAN_POINT ( 'NONE',  ( 25.88937528683163336, -4.628868634690435968, -2.000000000000000000 ) ) ;
#2800 = CARTESIAN_POINT ( 'NONE',  ( 20.77276083323510036, 16.13005223007173683, -2.000000000000000000 ) ) ;
#2801 = CARTESIAN_POINT ( 'NONE',  ( -22.78920619399659131, 14.18622855212691292, -2.000000000000000000 ) ) ;
#2802 = CARTESIAN_POINT ( 'NONE',  ( -17.37016481680592861, 16.73146461459391787, -2.000000000000000000 ) ) ;
#2803 = CARTESIAN_POINT ( 'NONE',  ( -21.58955567576248669, 12.72687891813088967, -2.000000000000000000 ) ) ;
#2804 = CARTESIAN_POINT ( 'NONE',  ( 9.121658707306940173, 21.91081161619598916, 2.099999999999999645 ) ) ;
#2805 = EDGE_CURVE ( 'NONE', #5773, #5645, #7728, .T. ) ;
#2806 = CARTESIAN_POINT ( 'NONE',  ( 7.605017794998038205, -22.88729425358476632, 2.100000000000000089 ) ) ;
#2807 = CARTESIAN_POINT ( 'NONE',  ( 12.83485696772679852, 20.07512121109398251, -2.000000000000000000 ) ) ;
#2808 = CARTESIAN_POINT ( 'NONE',  ( 21.23211141880578623, -10.40363348579838565, -2.000000000000000000 ) ) ;
#2809 = CARTESIAN_POINT ( 'NONE',  ( -5.855490417686939786, 27.19235970822077419, -2.000000000000000000 ) ) ;
#2810 = CARTESIAN_POINT ( 'NONE',  ( 26.42834229636219234, 9.248929663334896745, -2.000000000000000000 ) ) ;
#2811 = CARTESIAN_POINT ( 'NONE',  ( -13.46232027610274784, 22.30341320457493381, -2.000000000000000000 ) ) ;
#2812 = CARTESIAN_POINT ( 'NONE',  ( -11.10648537714067707, 24.13101166629979488, -2.000000000000000000 ) ) ;
#2813 = CARTESIAN_POINT ( 'NONE',  ( -3.204373604290293276, 23.29585190159429686, 2.100000000000000089 ) ) ;
#2814 = CARTESIAN_POINT ( 'NONE',  ( 9.945601713251328135, 22.84599953686306861, -2.000000000000000000 ) ) ;
#2815 = FACE_OUTER_BOUND ( 'NONE', #2008, .T. ) ;
#2816 = CARTESIAN_POINT ( 'NONE',  ( 9.673488752447900296, -22.40527988562695683, -2.000000000000000000 ) ) ;
#2817 = VERTEX_POINT ( 'NONE', #312 ) ;
#2818 = CARTESIAN_POINT ( 'NONE',  ( -9.324636732261659233, -22.03037936177865674, -2.000000000000000000 ) ) ;
#2819 = CARTESIAN_POINT ( 'NONE',  ( 4.590305982006143815, -25.40785750275295030, 2.099999999999999645 ) ) ;
#2820 = CARTESIAN_POINT ( 'NONE',  ( 25.56471904745758295, -1.411662356313489353, -2.000000000000000000 ) ) ;
#2821 = CARTESIAN_POINT ( 'NONE',  ( 13.64897234010187965, 24.23668188073550311, 2.100000000000000089 ) ) ;
#2822 = CARTESIAN_POINT ( 'NONE',  ( -23.55944914529948520, -0.5232380683118340592, 2.099999999999999645 ) ) ;
#2823 = CARTESIAN_POINT ( 'NONE',  ( -19.10294300318478022, 20.47138356506634338, 2.100000000000000089 ) ) ;
#2824 = CARTESIAN_POINT ( 'NONE',  ( -1.939597136465237570, -23.94058417290086993, -2.000000000000000000 ) ) ;
#2825 = ORIENTED_EDGE ( 'NONE', *, *, #6596, .F. ) ;
#2826 = CARTESIAN_POINT ( 'NONE',  ( -21.91017567687077872, -10.32144346381600108, -2.000000000000000000 ) ) ;
#2827 = DIRECTION ( 'NONE',  ( -0.1205366802553232419, 0.9927088740980539727, 0.000000000000000000 ) ) ;
#2828 = CARTESIAN_POINT ( 'NONE',  ( -13.66345410753368306, -19.13830577319236070, 2.099999999999999645 ) ) ;
#2829 = FACE_OUTER_BOUND ( 'NONE', #2476, .T. ) ;
#2830 = CARTESIAN_POINT ( 'NONE',  ( 22.85726476338737712, 5.433202019314306241, -2.000000000000000000 ) ) ;
#2831 = CARTESIAN_POINT ( 'NONE',  ( -17.59296804644544920, 15.58600964088959806, -2.000000000000000000 ) ) ;
#2832 = CARTESIAN_POINT ( 'NONE',  ( -11.10648537714067707, 24.13101166629979488, 2.100000000000000089 ) ) ;
#2833 = B_SPLINE_CURVE_WITH_KNOTS ( 'NONE', 3,
 ( #1886, #4873, #6817, #3664, #7955, #5434, #6136, #488, #6735, #1761, #7916, #6693, #3093, #2374, #6174, #1842, #4835, #573, #4315, #1279, #6211, #1238, #2415, #6088, #1149, #5000, #661, #3142, #5609, #2979, #2547, #7470, #3619, #3017, #5476, #1797, #3328, #5267, #5186, #1430, #4023, #5759, #5308, #1593, #1513, #2164, #5798, #859, #3454, #5147, #249, #4067, #1551, #3987, #6978 ),
 .UNSPECIFIED., .F., .F.,
 ( 4, 1, 1, 1, 1, 1, 1, 1, 1, 1, 1, 1, 1, 1, 1, 1, 1, 1, 1, 1, 1, 1, 1, 1, 1, 1, 1, 1, 1, 1, 1, 1, 1, 1, 1, 1, 1, 1, 1, 1, 1, 1, 1, 1, 1, 1, 1, 1, 1, 1, 1, 1, 4 ),
 ( 0.01037070964479200504, 0.06767854499841075011, 0.09884629602760430789, 0.1282330327458526265, 0.1558387551553858108, 0.1816634632588949305, 0.2057071570596704646, 0.2279698365617907063, 0.2484515017704002071, 0.2671521526921107892, 0.2840717893356240475, 0.2992104117127127871, 0.3125680198398574916, 0.3241446137411457817, 0.3339401934538051009, 0.3662021699428081867, 0.3760430630535980256, 0.3856763336118157470, 0.3952492422856400678, 0.4049624801021076692, 0.4150869914083017420, 0.4259748013331248195, 0.4380386266454291411, 0.4516469595390834035, 0.4668849008038628012, 0.4803437228220500677, 0.5000000000000002220, 0.5196562771779504875, 0.5331150991961376429, 0.5483530404609170406, 0.5619613733545713030, 0.5740251986668756246, 0.5849130085916987021, 0.5950375198978927749, 0.6047507577143603763, 0.6143236663881848081, 0.6239569369464024184, 0.6337978300571922574, 0.6660598065461953432, 0.6758553862588546624, 0.6874319801601429525, 0.7007895882872876570, 0.7159282106643762855, 0.7328478473078895439, 0.7515484982296001260, 0.7720301634382096267, 0.7942928429403297574, 0.8183365367411052915, 0.8441612448446143002, 0.8717669672541474846, 0.9011537039723958031, 0.9323214550015893609, 0.9896292903552001974 ),
 .UNSPECIFIED. ) ;
#2834 = CARTESIAN_POINT ( 'NONE',  ( -16.82973023395797441, 20.91308632741409923, 2.100000000000000089 ) ) ;
#2835 = CARTESIAN_POINT ( 'NONE',  ( 13.04949915500205115, -19.56208827861912525, 2.100000000000000089 ) ) ;
#2836 = CARTESIAN_POINT ( 'NONE',  ( -13.30747633062666146, 21.64116298680352202, -2.000000000000000000 ) ) ;
#2837 = VERTEX_POINT ( 'NONE', #5779 ) ;
#2838 = CARTESIAN_POINT ( 'NONE',  ( 24.45163473737931881, -4.792937194118069399, 2.099999999999999645 ) ) ;
#2839 = CARTESIAN_POINT ( 'NONE',  ( -7.733573568718044910, -24.87706067138157806, 2.099999999999999645 ) ) ;
#2840 = CARTESIAN_POINT ( 'NONE',  ( 24.88813961944797271, -1.197996060026733200, -2.000000000000000000 ) ) ;
#2841 = CARTESIAN_POINT ( 'NONE',  ( 0.000000000000000000, 0.000000000000000000, 0.000000000000000000 ) ) ;
#2842 = DIRECTION ( 'NONE',  ( 0.000000000000000000, 0.000000000000000000, -1.000000000000000000 ) ) ;
#2843 = CARTESIAN_POINT ( 'NONE',  ( 14.21926140100350011, 19.11953582679382890, -2.000000000000000000 ) ) ;
#2844 = ORIENTED_EDGE ( 'NONE', *, *, #3627, .T. ) ;
#2845 = CARTESIAN_POINT ( 'NONE',  ( 25.70517099647025105, -10.62804679002982411, -2.000000000000000000 ) ) ;
#2846 = CARTESIAN_POINT ( 'NONE',  ( -4.189195047382292536, 24.56227459198278140, -2.000000000000000000 ) ) ;
#2847 = CARTESIAN_POINT ( 'NONE',  ( 26.42834229636214260, 9.248929663334836349, -2.000000000000000000 ) ) ;
#2848 = CARTESIAN_POINT ( 'NONE',  ( -13.25426296490209843, 21.46155364981478542, -2.000000000000000000 ) ) ;
#2849 = CARTESIAN_POINT ( 'NONE',  ( -10.03175227225610655, 22.96619924196638252, 2.099999999999999645 ) ) ;
#2850 = CARTESIAN_POINT ( 'NONE',  ( -3.025165651672274691, 23.29855380546641186, 2.100000000000000089 ) ) ;
#2851 = CARTESIAN_POINT ( 'NONE',  ( -17.26619031893428158, -16.42019235248055509, -2.000000000000000000 ) ) ;
#2852 = EDGE_CURVE ( 'NONE', #5379, #4634, #808, .T. ) ;
#2853 = CARTESIAN_POINT ( 'NONE',  ( 14.84924240491750602, -14.84924240491749714, 2.100000000000001865 ) ) ;
#2854 = EDGE_CURVE ( 'NONE', #844, #2435, #3003, .T. ) ;
#2855 = EDGE_LOOP ( 'NONE', ( #5314, #1126 ) ) ;
#2856 = CARTESIAN_POINT ( 'NONE',  ( -7.657608382361889454, -22.56335699501521219, 2.099999999999999645 ) ) ;
#2857 = CARTESIAN_POINT ( 'NONE',  ( 22.61633054543465704, -13.93417863138606627, 2.100000000000000089 ) ) ;
#2858 = DIRECTION ( 'NONE',  ( 0.000000000000000000, 0.000000000000000000, -1.000000000000000000 ) ) ;
#2859 = CARTESIAN_POINT ( 'NONE',  ( -25.03107770533010523, -1.235924829161916927, 2.099999999999999645 ) ) ;
#2860 = CARTESIAN_POINT ( 'NONE',  ( 22.85726476338738422, -5.433202019314283149, 2.100000000000000089 ) ) ;
#2861 = CARTESIAN_POINT ( 'NONE',  ( -1.145856306001357350, -27.11429446801520271, -2.000000000000000000 ) ) ;
#2862 = ORIENTED_EDGE ( 'NONE', *, *, #74, .T. ) ;
#2863 = CARTESIAN_POINT ( 'NONE',  ( -20.94077984017082983, -12.16847291378769924, 2.099999999999999645 ) ) ;
#2864 = CARTESIAN_POINT ( 'NONE',  ( 13.25426296490209843, -21.46155364981478542, -2.000000000000000000 ) ) ;
#2865 = CARTESIAN_POINT ( 'NONE',  ( -13.96529143882090551, -19.07901412642182493, -2.000000000000000000 ) ) ;
#2866 = CARTESIAN_POINT ( 'NONE',  ( -22.76403769146248735, 5.811439118492613076, 2.099999999999999645 ) ) ;
#2867 = CARTESIAN_POINT ( 'NONE',  ( 24.12574046566791708, 4.783694468719428272, 2.099999999999999645 ) ) ;
#2868 = CARTESIAN_POINT ( 'NONE',  ( 0.000000000000000000, 21.00000000000000000, 2.100000000000001865 ) ) ;
#2869 = CARTESIAN_POINT ( 'NONE',  ( 17.45584392081711655, -15.72474958968642156, 2.100000000000000089 ) ) ;
#2870 = CARTESIAN_POINT ( 'NONE',  ( -16.55868018414818010, 20.77185239767592151, 2.100000000000000089 ) ) ;
#2871 = CARTESIAN_POINT ( 'NONE',  ( 13.02793750094272696, -20.86163776548603366, 2.100000000000000089 ) ) ;
#2872 = ORIENTED_EDGE ( 'NONE', *, *, #7762, .F. ) ;
#2873 = CARTESIAN_POINT ( 'NONE',  ( 23.07262568452397034, -6.675893319502710810, -2.000000000000000000 ) ) ;
#2874 = DIRECTION ( 'NONE',  ( 0.000000000000000000, 0.000000000000000000, -1.000000000000000000 ) ) ;
#2875 = CARTESIAN_POINT ( 'NONE',  ( 0.000000000000000000, 0.000000000000000000, -2.000000000000000000 ) ) ;
#2876 = LINE ( 'NONE', #4532, #3009 ) ;
#2877 = CARTESIAN_POINT ( 'NONE',  ( 11.92825694638518286, 24.80951218106822154, 2.099999999999999645 ) ) ;
#2878 = PLANE ( 'NONE',  #4057 ) ;
#2879 = CARTESIAN_POINT ( 'NONE',  ( 17.84651532293614196, -15.31230279367190406, 2.099999999999999645 ) ) ;
#2880 = AXIS2_PLACEMENT_3D ( 'NONE', #7182, #545, #941 ) ;
#2881 = CARTESIAN_POINT ( 'NONE',  ( 13.81390900009209233, 19.09181343516791429, -2.000000000000000000 ) ) ;
#2882 = ADVANCED_FACE ( 'NONE', ( #3348 ), #6384, .F. ) ;
#2883 = CARTESIAN_POINT ( 'NONE',  ( 18.30266578660392796, 18.21105589998884611, 2.099999999999999645 ) ) ;
#2884 = AXIS2_PLACEMENT_3D ( 'NONE', #5734, #909, #7721 ) ;
#2885 = CARTESIAN_POINT ( 'NONE',  ( -4.244076555440686960, 24.69959869036684452, -2.000000000000000000 ) ) ;
#2886 = CARTESIAN_POINT ( 'NONE',  ( 27.87379644711753102, 2.655456283891157288, 2.100000000000000089 ) ) ;
#2887 = CARTESIAN_POINT ( 'NONE',  ( -13.36064030761172639, 21.84126693107096173, -2.000000000000000000 ) ) ;
#2888 = CARTESIAN_POINT ( 'NONE',  ( -9.408316245588480342, 22.09971024729808065, -2.000000000000000000 ) ) ;
#2889 = CARTESIAN_POINT ( 'NONE',  ( -22.85726476338738067, -5.433202019314292919, -2.000000000000000000 ) ) ;
#2890 = CARTESIAN_POINT ( 'NONE',  ( -18.73200657000872127, -19.22781655172589055, -2.000000000000000000 ) ) ;
#2891 = DIRECTION ( 'NONE',  ( -0.000000000000000000, 0.000000000000000000, -1.000000000000000000 ) ) ;
#2892 = CARTESIAN_POINT ( 'NONE',  ( 7.401289683397448194, -27.00409019895759144, -2.000000000000000000 ) ) ;
#2893 = AXIS2_PLACEMENT_3D ( 'NONE', #4687, #4048, #7731 ) ;
#2894 = AXIS2_PLACEMENT_3D ( 'NONE', #4888, #5490, #4174 ) ;
#2895 = CARTESIAN_POINT ( 'NONE',  ( -7.701896059577412856, -22.44925656542958592, 2.100000000000000089 ) ) ;
#2896 = CARTESIAN_POINT ( 'NONE',  ( 22.28520553958149719, -13.49243943284463398, 2.100000000000000089 ) ) ;
#2897 = CARTESIAN_POINT ( 'NONE',  ( -27.69932686549411116, 4.092342562581378296, -2.000000000000000000 ) ) ;
#2898 = CARTESIAN_POINT ( 'NONE',  ( -9.673488752447893191, -22.40527988562696748, -2.000000000000000000 ) ) ;
#2899 = ADVANCED_FACE ( 'NONE', ( #6339 ), #796, .F. ) ;
#2900 = CARTESIAN_POINT ( 'NONE',  ( -27.05471844848150198, -2.130765319231059607, -2.000000000000000000 ) ) ;
#2901 = CARTESIAN_POINT ( 'NONE',  ( -0.7237198720499676829, -27.99064497287975328, -2.000000000000000000 ) ) ;
#2902 = FACE_OUTER_BOUND ( 'NONE', #7819, .T. ) ;
#2903 = ORIENTED_EDGE ( 'NONE', *, *, #5389, .F. ) ;
#2904 = CARTESIAN_POINT ( 'NONE',  ( -23.29246673278348823, -10.63055238855665330, 2.099999999999999645 ) ) ;
#2905 = CARTESIAN_POINT ( 'NONE',  ( 12.84317218923419723, -20.29695877980780949, -2.000000000000000000 ) ) ;
#2906 = CARTESIAN_POINT ( 'NONE',  ( -13.20212662322859565, -21.30225842247369172, -2.000000000000000000 ) ) ;
#2907 = CARTESIAN_POINT ( 'NONE',  ( -24.00794390784557564, 7.190340088712994238, 2.099999999999999645 ) ) ;
#2908 = CARTESIAN_POINT ( 'NONE',  ( 27.69932686560991542, 4.092342562537338857, -2.000000000000000000 ) ) ;
#2909 = CARTESIAN_POINT ( 'NONE',  ( 18.25928954266904825, -15.16201400375273067, -2.000000000000000000 ) ) ;
#2910 = CARTESIAN_POINT ( 'NONE',  ( 18.09985454995501541, -17.82762258356554597, 2.100000000000000089 ) ) ;
#2911 = CARTESIAN_POINT ( 'NONE',  ( 24.94597949059291864, -10.68625558496336225, 2.099999999999999645 ) ) ;
#2912 = CARTESIAN_POINT ( 'NONE',  ( -13.64872344093912027, 24.44815585866984264, 2.099999999999999645 ) ) ;
#2913 = ORIENTED_EDGE ( 'NONE', *, *, #3444, .T. ) ;
#2914 = CARTESIAN_POINT ( 'NONE',  ( 23.00007343659231651, -5.130111501463095358, -2.000000000000000000 ) ) ;
#2915 = CARTESIAN_POINT ( 'NONE',  ( 21.91017567687077161, 10.32144346381601352, -2.000000000000000000 ) ) ;
#2916 = CARTESIAN_POINT ( 'NONE',  ( -27.69989816616296707, -2.535120532250974446, -2.000000000000000000 ) ) ;
#2917 = CARTESIAN_POINT ( 'NONE',  ( 12.19289813518887122, 25.00088857616466242, -2.000000000000000000 ) ) ;
#2918 = CARTESIAN_POINT ( 'NONE',  ( 17.76075994573092842, 17.29583732711387967, -2.000000000000000000 ) ) ;
#2919 = CARTESIAN_POINT ( 'NONE',  ( 17.25657676350752823, -16.16318976602639168, 2.099999999999999645 ) ) ;
#2920 = CARTESIAN_POINT ( 'NONE',  ( -23.44696895445782658, -15.30488886923696512, -2.000000000000000000 ) ) ;
#2921 = ORIENTED_EDGE ( 'NONE', *, *, #4651, .F. ) ;
#2922 = ADVANCED_FACE ( 'NONE', ( #5740 ), #1572, .F. ) ;
#2923 = LINE ( 'NONE', #4774, #3800 ) ;
#2924 = CARTESIAN_POINT ( 'NONE',  ( -2.320354714939441898, 23.45074361513812278, -2.000000000000000000 ) ) ;
#2925 = CARTESIAN_POINT ( 'NONE',  ( 23.00007343659231296, 5.130111501463117563, -2.000000000000000000 ) ) ;
#2926 = CARTESIAN_POINT ( 'NONE',  ( 12.83364937058815869, 20.18870745851076975, -2.000000000000000000 ) ) ;
#2927 = CARTESIAN_POINT ( 'NONE',  ( -18.62447386782101688, 18.94171889292491784, -2.000000000000000000 ) ) ;
#2928 = CARTESIAN_POINT ( 'NONE',  ( -2.105634209995062012, 23.64010634127342669, 2.100000000000000089 ) ) ;
#2929 = CARTESIAN_POINT ( 'NONE',  ( -17.83462167525289033, -17.40060223031303721, -2.000000000000000000 ) ) ;
#2930 = CARTESIAN_POINT ( 'NONE',  ( -12.19289813518887122, -25.00088857616467308, -2.000000000000000000 ) ) ;
#2931 = CARTESIAN_POINT ( 'NONE',  ( 2.833089530561781366, -23.33259147460854166, -2.000000000000000000 ) ) ;
#2932 = CARTESIAN_POINT ( 'NONE',  ( 9.873836557350655241, -22.73978747338223982, -2.000000000000000000 ) ) ;
#2933 = CARTESIAN_POINT ( 'NONE',  ( -9.555618961847061499, -22.25484530667600680, -2.000000000000000000 ) ) ;
#2934 = CARTESIAN_POINT ( 'NONE',  ( -25.77590585922884614, -1.494258687380737527, 2.099999999999999645 ) ) ;
#2935 = CARTESIAN_POINT ( 'NONE',  ( 24.32345666766048353, -4.791663430616639907, 2.100000000000000089 ) ) ;
#2936 = CARTESIAN_POINT ( 'NONE',  ( -1.939597136465237570, -23.94058417290086993, 2.099999999999999645 ) ) ;
#2937 = ORIENTED_EDGE ( 'NONE', *, *, #1010, .T. ) ;
#2938 = CARTESIAN_POINT ( 'NONE',  ( -27.69932686549417866, -4.092342562581371190, -2.000000000000000000 ) ) ;
#2939 = ADVANCED_FACE ( 'NONE', ( #5127 ), #6425, .F. ) ;
#2940 = CARTESIAN_POINT ( 'NONE',  ( 13.41263264250317455, -22.06199033373686547, -2.000000000000000000 ) ) ;
#2941 = CARTESIAN_POINT ( 'NONE',  ( -13.50602898338108560, -19.22398027845277113, 2.099999999999999645 ) ) ;
#2942 = CARTESIAN_POINT ( 'NONE',  ( -23.63710370791871540, 4.790810183414316192, 2.099999999999999645 ) ) ;
#2943 = CARTESIAN_POINT ( 'NONE',  ( 26.16863607189503682, 4.567518758412593805, 2.099999999999999645 ) ) ;
#2944 = CARTESIAN_POINT ( 'NONE',  ( 26.42834229636214260, 9.248929663334836349, -2.000000000000000000 ) ) ;
#2945 = CARTESIAN_POINT ( 'NONE',  ( 18.96747865530085519, -19.95068825630392340, 2.100000000000000089 ) ) ;
#2946 = EDGE_CURVE ( 'NONE', #2667, #1758, #4430, .T. ) ;
#2947 = CARTESIAN_POINT ( 'NONE',  ( 20.89282384029110062, -10.74542454372254241, -2.000000000000000000 ) ) ;
#2948 = ORIENTED_EDGE ( 'NONE', *, *, #4970, .F. ) ;
#2949 = CARTESIAN_POINT ( 'NONE',  ( 24.66930537037450577, -7.619416278945021048, 2.099999999999999645 ) ) ;
#2950 = CARTESIAN_POINT ( 'NONE',  ( -21.47582202528875683, -10.32148794313315143, -2.000000000000000000 ) ) ;
#2951 = CARTESIAN_POINT ( 'NONE',  ( 26.77150907641003386, -1.970609361940795390, -2.000000000000000000 ) ) ;
#2952 = CARTESIAN_POINT ( 'NONE',  ( 13.96529143882091439, -19.07901412642182848, -2.000000000000000000 ) ) ;
#2953 = CARTESIAN_POINT ( 'NONE',  ( 10.13323285654343664, 23.09959661296539224, 2.099999999999999645 ) ) ;
#2954 = CARTESIAN_POINT ( 'NONE',  ( 19.55560045884524456, 15.67357176803118790, -2.000000000000000000 ) ) ;
#2955 = CARTESIAN_POINT ( 'NONE',  ( 17.91646094264595845, -17.52377780514962424, 2.099999999999999645 ) ) ;
#2956 = DIRECTION ( 'NONE',  ( -1.000000000000000000, 0.000000000000000000, 0.000000000000000000 ) ) ;
#2957 = ORIENTED_EDGE ( 'NONE', *, *, #7794, .F. ) ;
#2958 = CARTESIAN_POINT ( 'NONE',  ( 21.84033501313437142, -12.97800555654220389, -2.000000000000000000 ) ) ;
#2959 = DIRECTION ( 'NONE',  ( 0.000000000000000000, -0.000000000000000000, -1.000000000000000000 ) ) ;
#2960 = CARTESIAN_POINT ( 'NONE',  ( 22.85055158908931361, 6.414095051321371699, -2.000000000000000000 ) ) ;
#2961 = CARTESIAN_POINT ( 'NONE',  ( 13.46232027610273363, 22.30341320457493026, -2.000000000000000000 ) ) ;
#2962 = CARTESIAN_POINT ( 'NONE',  ( 22.59408972245014624, -10.50532236015857279, 2.100000000000000089 ) ) ;
#2963 = CARTESIAN_POINT ( 'NONE',  ( -26.28829541374617307, -9.090474067310861273, -2.000000000000000000 ) ) ;
#2964 = CARTESIAN_POINT ( 'NONE',  ( -7.705310163655084033, 23.69563005194943273, 2.099999999999999645 ) ) ;
#2965 = CARTESIAN_POINT ( 'NONE',  ( 1.790249464186348893, 24.99754724227145530, 2.100000000000000089 ) ) ;
#2966 = CARTESIAN_POINT ( 'NONE',  ( -10.25081980592598363, -23.24542008693366668, -2.000000000000000000 ) ) ;
#2967 = CARTESIAN_POINT ( 'NONE',  ( 1.810672407536199291, -24.85107952805194387, 2.099999999999999645 ) ) ;
#2968 = CARTESIAN_POINT ( 'NONE',  ( 11.92825694638518108, -24.80951218106821798, 2.099999999999999645 ) ) ;
#2969 = CARTESIAN_POINT ( 'NONE',  ( 23.34891248598831837, 15.11752229217971966, -2.000000000000000000 ) ) ;
#2970 = CARTESIAN_POINT ( 'NONE',  ( 12.83485696772679852, 20.07512121109398251, 2.100000000000000089 ) ) ;
#2971 = EDGE_CURVE ( 'NONE', #7446, #6418, #4083, .T. ) ;
#2972 = CARTESIAN_POINT ( 'NONE',  ( -24.37956700134304810, 1.099847363974305381, -2.000000000000000000 ) ) ;
#2973 = CARTESIAN_POINT ( 'NONE',  ( -1.623578263684206435, -25.76808346599204924, -2.000000000000000000 ) ) ;
#2974 = CARTESIAN_POINT ( 'NONE',  ( -14.84924240491748826, -14.84924240491749892, 2.100000000000001865 ) ) ;
#2975 = CARTESIAN_POINT ( 'NONE',  ( -1.810672407536190187, -24.85107952805193676, -2.000000000000000000 ) ) ;
#2976 = ORIENTED_EDGE ( 'NONE', *, *, #3627, .F. ) ;
#2977 = CARTESIAN_POINT ( 'NONE',  ( -25.38017819848325374, -10.66028906994524839, -2.000000000000000000 ) ) ;
#2978 = LINE ( 'NONE', #7310, #5076 ) ;
#2979 = CARTESIAN_POINT ( 'NONE',  ( -3.204373604290277289, -23.29585190159430041, 2.100000000000000089 ) ) ;
#2980 = CARTESIAN_POINT ( 'NONE',  ( -23.15601641226234619, 6.742658068406526262, 2.099999999999999645 ) ) ;
#2981 = CARTESIAN_POINT ( 'NONE',  ( 23.10489730742583703, 5.020145956116689234, -2.000000000000000000 ) ) ;
#2982 = CARTESIAN_POINT ( 'NONE',  ( 17.29220078062825650, -16.53076698689342550, -2.000000000000000000 ) ) ;
#2983 = CARTESIAN_POINT ( 'NONE',  ( 17.35181857730701083, -15.87069998699208462, 2.100000000000000089 ) ) ;
#2984 = CARTESIAN_POINT ( 'NONE',  ( 24.62078186107714117, -10.69645268464870824, -2.000000000000000000 ) ) ;
#2985 = VERTEX_POINT ( 'NONE', #7769 ) ;
#2986 = CARTESIAN_POINT ( 'NONE',  ( 23.87823629154097560, -7.119306137701283177, 2.099999999999999645 ) ) ;
#2987 = CARTESIAN_POINT ( 'NONE',  ( -9.945601713251335241, 22.84599953686306151, -2.000000000000000000 ) ) ;
#2988 = CARTESIAN_POINT ( 'NONE',  ( -25.03107770533010523, -1.235924829161916927, -2.000000000000000000 ) ) ;
#2989 = EDGE_CURVE ( 'NONE', #6784, #4963, #219, .T. ) ;
#2990 = CARTESIAN_POINT ( 'NONE',  ( 18.80342269287539381, 15.26496932198517875, -2.000000000000000000 ) ) ;
#2991 = FACE_OUTER_BOUND ( 'NONE', #7923, .T. ) ;
#2992 = DIRECTION ( 'NONE',  ( -0.000000000000000000, -0.000000000000000000, -1.000000000000000000 ) ) ;
#2993 = ORIENTED_EDGE ( 'NONE', *, *, #4722, .F. ) ;
#2994 = CARTESIAN_POINT ( 'NONE',  ( -24.86659007404522725, -7.767174896947399709, 2.100000000000000089 ) ) ;
#2995 = DIRECTION ( 'NONE',  ( 0.000000000000000000, 0.000000000000000000, -1.000000000000000000 ) ) ;
#2996 = CARTESIAN_POINT ( 'NONE',  ( -0.9676082089280324539, 27.51106945932080450, -2.000000000000000000 ) ) ;
#2997 = CARTESIAN_POINT ( 'NONE',  ( 26.16863607189503682, 4.567518758412593805, -2.000000000000000000 ) ) ;
#2998 = CARTESIAN_POINT ( 'NONE',  ( 13.81390900009209233, 19.09181343516791429, -2.000000000000000000 ) ) ;
#2999 = CARTESIAN_POINT ( 'NONE',  ( 23.76349960547259599, -10.67578541799515612, 2.100000000000000089 ) ) ;
#3000 = CARTESIAN_POINT ( 'NONE',  ( -23.10489730742583703, -5.020145956116677688, -2.000000000000000000 ) ) ;
#3001 = CARTESIAN_POINT ( 'NONE',  ( -7.629252907546909768, 22.67335363560523476, -2.000000000000000000 ) ) ;
#3002 = CIRCLE ( 'NONE', #7533, 1.750000000000001776 ) ;
#3003 = CIRCLE ( 'NONE', #6493, 27.99999957948218920 ) ;
#3004 = CARTESIAN_POINT ( 'NONE',  ( 1.790249464186372208, -24.99754724227145530, 2.099999999999999645 ) ) ;
#3005 = CARTESIAN_POINT ( 'NONE',  ( 11.92825694638518108, -24.80951218106821798, -2.000000000000000000 ) ) ;
#3006 = CARTESIAN_POINT ( 'NONE',  ( 20.94077984017082272, 12.16847291378771168, -2.000000000000000000 ) ) ;
#3007 = CARTESIAN_POINT ( 'NONE',  ( 13.02793750094271807, 20.86163776548604076, 2.100000000000000089 ) ) ;
#3008 = CIRCLE ( 'NONE', #4056, 27.99999957948218920 ) ;
#3009 = VECTOR ( 'NONE', #5831, 1000.000000000000000 ) ;
#3010 = CARTESIAN_POINT ( 'NONE',  ( -24.09676835437406339, 1.005131229266917225, 2.099999999999999645 ) ) ;
#3011 = CARTESIAN_POINT ( 'NONE',  ( 25.75863198250611319, -8.543467069173802386, 2.100000000000000089 ) ) ;
#3012 = CARTESIAN_POINT ( 'NONE',  ( -1.474499619732464684, 26.25856105065617641, -2.000000000000000000 ) ) ;
#3013 = CARTESIAN_POINT ( 'NONE',  ( -5.183190230475042348, -26.33878392258043277, 2.099999999999999645 ) ) ;
#3014 = ORIENTED_EDGE ( 'NONE', *, *, #5809, .F. ) ;
#3015 = CARTESIAN_POINT ( 'NONE',  ( -25.70517099655248217, -10.62804679002167418, -2.000000000000000000 ) ) ;
#3016 = CARTESIAN_POINT ( 'NONE',  ( 1.145856306001367342, -27.11429446801521337, -2.000000000000000000 ) ) ;
#3017 = CARTESIAN_POINT ( 'NONE',  ( -3.705239350424549549, -23.53752846792088604, 2.100000000000000089 ) ) ;
#3018 = CARTESIAN_POINT ( 'NONE',  ( -17.84651532293613840, -15.31230279367191649, 2.099999999999999645 ) ) ;
#3019 = CARTESIAN_POINT ( 'NONE',  ( 19.42345833902674812, -15.60717637591974238, -2.000000000000000000 ) ) ;
#3020 = CARTESIAN_POINT ( 'NONE',  ( -7.401289683397486385, 27.00409019895743157, 2.100000000000000089 ) ) ;
#3021 = CARTESIAN_POINT ( 'NONE',  ( 22.90269961712299462, -10.57072003481730782, -2.000000000000000000 ) ) ;
#3022 = CIRCLE ( 'NONE', #7555, 27.99999957948219276 ) ;
#3023 = ORIENTED_EDGE ( 'NONE', *, *, #3236, .F. ) ;
#3024 = CARTESIAN_POINT ( 'NONE',  ( 24.66930537037450577, -7.619416278945021048, -2.000000000000000000 ) ) ;
#3025 = CARTESIAN_POINT ( 'NONE',  ( -12.19289813512191678, 25.00088857611623538, -2.000000000000000000 ) ) ;
#3026 = CARTESIAN_POINT ( 'NONE',  ( 23.63491054742290132, 0.6550942090464551004, 2.099999999999999645 ) ) ;
#3027 = CARTESIAN_POINT ( 'NONE',  ( -23.74358889077459267, 4.778072828450320664, -2.000000000000000000 ) ) ;
#3028 = CARTESIAN_POINT ( 'NONE',  ( 22.09150218632044727, 16.42439464915886660, -2.000000000000000000 ) ) ;
#3029 = CARTESIAN_POINT ( 'NONE',  ( 27.99999957948218920, 0.000000000000000000, -2.000000000000000000 ) ) ;
#3030 = CARTESIAN_POINT ( 'NONE',  ( 19.10294300321430683, -20.47138356518677682, 2.099999999999999645 ) ) ;
#3031 = DIRECTION ( 'NONE',  ( 0.000000000000000000, 0.000000000000000000, -1.000000000000000000 ) ) ;
#3032 = ORIENTED_EDGE ( 'NONE', *, *, #7153, .F. ) ;
#3033 = ORIENTED_EDGE ( 'NONE', *, *, #2560, .T. ) ;
#3034 = CARTESIAN_POINT ( 'NONE',  ( 18.73200657000871416, 19.22781655172589055, -2.000000000000000000 ) ) ;
#3035 = CARTESIAN_POINT ( 'NONE',  ( -0.9676082089280324539, 27.51106945932080450, 2.099999999999999645 ) ) ;
#3036 = EDGE_CURVE ( 'NONE', #100, #4358, #7403, .T. ) ;
#3037 = CARTESIAN_POINT ( 'NONE',  ( 23.24438501506255150, 6.803422568062755360, -2.000000000000000000 ) ) ;
#3038 = CARTESIAN_POINT ( 'NONE',  ( 4.030460310774742538, 24.06924055886030089, 2.099999999999999645 ) ) ;
#3039 = CARTESIAN_POINT ( 'NONE',  ( 13.64872344093926770, -24.44815585854584938, 2.100000000000000089 ) ) ;
#3040 = CARTESIAN_POINT ( 'NONE',  ( -18.83778878485559716, 19.53549755878801264, 2.099999999999999645 ) ) ;
#3041 = CARTESIAN_POINT ( 'NONE',  ( -24.86659007404522725, -7.767174896947399709, -2.000000000000000000 ) ) ;
#3042 = CARTESIAN_POINT ( 'NONE',  ( -7.720532692246934836, 23.84272921084243535, -2.000000000000000000 ) ) ;
#3043 = CARTESIAN_POINT ( 'NONE',  ( 27.69932686549411471, -4.092342562581388954, 2.100000000000000089 ) ) ;
#3044 = CARTESIAN_POINT ( 'NONE',  ( 1.623578263684214873, -25.76808346599204924, -2.000000000000000000 ) ) ;
#3045 = CARTESIAN_POINT ( 'NONE',  ( 9.945601713251333464, -22.84599953686306506, 2.099999999999999645 ) ) ;
#3046 = CARTESIAN_POINT ( 'NONE',  ( 21.23055223844789197, 12.41767842381812414, -2.000000000000000000 ) ) ;
#3047 = CARTESIAN_POINT ( 'NONE',  ( 12.85055170543023628, 19.95373759773043787, 2.100000000000000089 ) ) ;
#3048 = CARTESIAN_POINT ( 'NONE',  ( -25.36983614870255366, 1.341743455198745716, -2.000000000000000000 ) ) ;
#3049 = PLANE ( 'NONE',  #7801 ) ;
#3050 = DIRECTION ( 'NONE',  ( 0.000000000000000000, 0.000000000000000000, -1.000000000000000000 ) ) ;
#3051 = CARTESIAN_POINT ( 'NONE',  ( -5.855490417686938009, -27.19235970822079551, 2.099999999999999645 ) ) ;
#3052 = VERTEX_POINT ( 'NONE', #6214 ) ;
#3053 = CARTESIAN_POINT ( 'NONE',  ( 2.833089530561781366, -23.33259147460854166, -2.000000000000000000 ) ) ;
#3054 = CARTESIAN_POINT ( 'NONE',  ( -18.83778878485557939, -19.53549755878801975, 2.099999999999999645 ) ) ;
#3055 = CARTESIAN_POINT ( 'NONE',  ( 17.42017265760604516, -16.82633584436268848, -2.000000000000000000 ) ) ;
#3056 = CARTESIAN_POINT ( 'NONE',  ( 17.59000231784553137, 15.58338223461977279, -2.000000000000000000 ) ) ;
#3057 = CARTESIAN_POINT ( 'NONE',  ( -8.333214720347251969, -21.97288137310767908, -2.000000000000000000 ) ) ;
#3058 = ORIENTED_EDGE ( 'NONE', *, *, #6551, .F. ) ;
#3059 = CARTESIAN_POINT ( 'NONE',  ( 25.75863198250611319, -8.543467069173802386, 2.099999999999999645 ) ) ;
#3060 = DIRECTION ( 'NONE',  ( 0.000000000000000000, 0.000000000000000000, -1.000000000000000000 ) ) ;
#3061 = B_SPLINE_CURVE_WITH_KNOTS ( 'NONE', 3,
 ( #6138, #1764, #7919, #6018, #1685, #4798, #6054, #7277, #5402, #1198, #4124, #2301, #7315, #3019, #3622, #1727, #4202, #7994, #4237, #422, #532, #5438, #2909, #6659, #491, #7351, #6696, #6091, #575, #3666, #7199, #1115, #4164, #3587, #2982, #5478, #2460, #3055, #7957, #1649, #7880, #3549, #6620, #6580, #1152, #1035, #2417, #7845, #3510, #4875, #5978, #5369, #1799, #4761, #7235 ),
 .UNSPECIFIED., .F., .F.,
 ( 4, 1, 1, 1, 1, 1, 1, 1, 1, 1, 1, 1, 1, 1, 1, 1, 1, 1, 1, 1, 1, 1, 1, 1, 1, 1, 1, 1, 1, 1, 1, 1, 1, 1, 1, 1, 1, 1, 1, 1, 1, 1, 1, 1, 1, 1, 1, 1, 1, 1, 1, 1, 4 ),
 ( 0.01037070964479204667, 0.06767854499841075011, 0.09884629602760430789, 0.1282330327458526265, 0.1558387551553858108, 0.1816634632588949305, 0.2057071570596704646, 0.2279698365617907063, 0.2484515017704002071, 0.2671521526921107892, 0.2840717893356240475, 0.2992104117127127871, 0.3125680198398574916, 0.3241446137411457817, 0.3339401934538051009, 0.3662021699428081867, 0.3760430630535980256, 0.3856763336118157470, 0.3952492422856400678, 0.4049624801021076692, 0.4150869914083017420, 0.4259748013331248195, 0.4380386266454291411, 0.4516469595390834035, 0.4668849008038628012, 0.4803437228220500677, 0.5000000000000002220, 0.5196562771779504875, 0.5331150991961376429, 0.5483530404609170406, 0.5619613733545713030, 0.5740251986668756246, 0.5849130085916987021, 0.5950375198978927749, 0.6047507577143603763, 0.6143236663881848081, 0.6239569369464024184, 0.6337978300571922574, 0.6660598065461953432, 0.6758553862588545513, 0.6874319801601429525, 0.7007895882872876570, 0.7159282106643762855, 0.7328478473078895439, 0.7515484982296001260, 0.7720301634382096267, 0.7942928429403297574, 0.8183365367411052915, 0.8441612448446143002, 0.8717669672541474846, 0.9011537039723958031, 0.9323214550015893609, 0.9896292903552156295 ),
 .UNSPECIFIED. ) ;
#3062 = CARTESIAN_POINT ( 'NONE',  ( 23.72154950710864441, 0.7592181733933792698, 2.099999999999999645 ) ) ;
#3063 = CARTESIAN_POINT ( 'NONE',  ( -27.69989816616301326, 2.535120532250997538, -2.000000000000000000 ) ) ;
#3064 = DIRECTION ( 'NONE',  ( -0.1205366802553223121, -0.9927088740980539727, 0.000000000000000000 ) ) ;
#3065 = CARTESIAN_POINT ( 'NONE',  ( 25.52197998938346402, 8.320188513921063844, 2.100000000000000089 ) ) ;
#3066 = DIRECTION ( 'NONE',  ( 0.000000000000000000, 0.000000000000000000, -1.000000000000000000 ) ) ;
#3067 = CARTESIAN_POINT ( 'NONE',  ( 16.82973023395796375, 20.91308632741410278, -2.000000000000000000 ) ) ;
#3068 = CARTESIAN_POINT ( 'NONE',  ( 23.99982295939236820, -0.9602632500303808216, 2.100000000000000089 ) ) ;
#3069 = ORIENTED_EDGE ( 'NONE', *, *, #4816, .T. ) ;
#3070 = CARTESIAN_POINT ( 'NONE',  ( -26.42834229636219945, -9.248929663334882534, -2.000000000000000000 ) ) ;
#3071 = CARTESIAN_POINT ( 'NONE',  ( 17.83462167525288677, 17.40060223031303721, -2.000000000000000000 ) ) ;
#3072 = DIRECTION ( 'NONE',  ( 1.000000000000000000, 0.000000000000000000, 0.000000000000000000 ) ) ;
#3073 = CARTESIAN_POINT ( 'NONE',  ( -20.89282384029110062, 10.74542454372254063, -2.000000000000000000 ) ) ;
#3074 = CARTESIAN_POINT ( 'NONE',  ( 5.855490417686923799, 27.19235970822079551, 2.099999999999999645 ) ) ;
#3075 = CARTESIAN_POINT ( 'NONE',  ( 19.25000000000000355, 2.602085213965210642E-15, -3.599999999999998757 ) ) ;
#3076 = CARTESIAN_POINT ( 'NONE',  ( 25.38017819844201739, -10.66028906994770864, 2.100000000000000089 ) ) ;
#3077 = CARTESIAN_POINT ( 'NONE',  ( 7.688595528318259653, 23.56854007989867483, 2.099999999999999645 ) ) ;
#3078 = CARTESIAN_POINT ( 'NONE',  ( -7.743106042156109758, 24.63076208136009271, -2.000000000000000000 ) ) ;
#3079 = CARTESIAN_POINT ( 'NONE',  ( 3.781464864188883279, 23.62174820993211455, 2.100000000000000089 ) ) ;
#3080 = CARTESIAN_POINT ( 'NONE',  ( 20.81172461973596555, 10.92283569232046503, -2.000000000000000000 ) ) ;
#3081 = CARTESIAN_POINT ( 'NONE',  ( -22.73975435582775262, -5.989014764842368166, 2.099999999999999645 ) ) ;
#3082 = CARTESIAN_POINT ( 'NONE',  ( 2.035327432088052557, -23.74029248485179266, 2.099999999999999645 ) ) ;
#3083 = CARTESIAN_POINT ( 'NONE',  ( 11.58603556222320385, -24.54102139527087090, 2.099999999999999645 ) ) ;
#3084 = CARTESIAN_POINT ( 'NONE',  ( 20.69407544885351413, 11.81098159931167935, 2.099999999999999645 ) ) ;
#3085 = CARTESIAN_POINT ( 'NONE',  ( 15.02890815691218229, 19.71604682249878238, 2.100000000000000089 ) ) ;
#3086 = CARTESIAN_POINT ( 'NONE',  ( -24.56950331401515442, 1.128978604501155836, -2.000000000000000000 ) ) ;
#3087 = CARTESIAN_POINT ( 'NONE',  ( -5.855490417633545164, -27.19235970815779524, -2.000000000000000000 ) ) ;
#3088 = CARTESIAN_POINT ( 'NONE',  ( -1.824858090210279782, 24.72368248555339676, -2.000000000000000000 ) ) ;
#3089 = CARTESIAN_POINT ( 'NONE',  ( -4.189195047382276549, -24.56227459198278851, 2.099999999999999645 ) ) ;
#3090 = ORIENTED_EDGE ( 'NONE', *, *, #1232, .F. ) ;
#3091 = CARTESIAN_POINT ( 'NONE',  ( -17.76075994573093197, -17.29583732711387967, 2.100000000000000089 ) ) ;
#3092 = CARTESIAN_POINT ( 'NONE',  ( 2.035327432088052557, -23.74029248485179266, -2.000000000000000000 ) ) ;
#3093 = CARTESIAN_POINT ( 'NONE',  ( -1.790249464186363104, -24.99754724227145530, 2.100000000000000089 ) ) ;
#3094 = CARTESIAN_POINT ( 'NONE',  ( -18.19936168673940102, -18.00918889841835480, 2.099999999999999645 ) ) ;
#3095 = CARTESIAN_POINT ( 'NONE',  ( 21.23211141880577202, 10.40363348579839631, 2.100000000000000089 ) ) ;
#3096 = CARTESIAN_POINT ( 'NONE',  ( -9.945601713251335241, 22.84599953686306151, 2.100000000000000089 ) ) ;
#3097 = CARTESIAN_POINT ( 'NONE',  ( 20.65156267108764254, -11.69620803915341867, -2.000000000000000000 ) ) ;
#3098 = ORIENTED_EDGE ( 'NONE', *, *, #6346, .F. ) ;
#3099 = CARTESIAN_POINT ( 'NONE',  ( 24.00794390784557919, -7.190340088713003119, 2.099999999999999645 ) ) ;
#3100 = CARTESIAN_POINT ( 'NONE',  ( -8.686322604036286421, 21.85205998608587308, -2.000000000000000000 ) ) ;
#3101 = CARTESIAN_POINT ( 'NONE',  ( -25.88937528683162981, 4.628868634690426198, -2.000000000000000000 ) ) ;
#3102 = CARTESIAN_POINT ( 'NONE',  ( 13.61524630358647414, -23.47600944080825869, -2.000000000000000000 ) ) ;
#3103 = B_SPLINE_CURVE_WITH_KNOTS ( 'NONE', 3,
 ( #1327, #4440, #6911, #6217, #3836, #668, #6294, #3149, #146, #7476, #2626, #5085, #2017, #4480, #5006, #6046, #7909, #7987, #522, #3578, #4229, #608, #1273, #7344, #1230, #6730, #1719, #4830, #1792, #6688, #3131, #4194, #3739, #4268, #5555, #7425, #2409, #4995, #6129, #6773, #3088, #12, #5512, #2496, #3698, #6206, #4953, #7306, #3012, #6650, #5604, #2369, #568, #2541, #653 ),
 .UNSPECIFIED., .F., .F.,
 ( 4, 1, 1, 1, 1, 1, 1, 1, 1, 1, 1, 1, 1, 1, 1, 1, 1, 1, 1, 1, 1, 1, 1, 1, 1, 1, 1, 1, 1, 1, 1, 1, 1, 1, 1, 1, 1, 1, 1, 1, 1, 1, 1, 1, 1, 1, 1, 1, 1, 1, 1, 1, 4 ),
 ( 0.01037070964479198422, 0.06767854499841075011, 0.09884629602760430789, 0.1282330327458526265, 0.1558387551553858108, 0.1816634632588949305, 0.2057071570596704646, 0.2279698365617907063, 0.2484515017704002071, 0.2671521526921107892, 0.2840717893356240475, 0.2992104117127127871, 0.3125680198398574916, 0.3241446137411457817, 0.3339401934538051009, 0.3662021699428081867, 0.3760430630535980256, 0.3856763336118157470, 0.3952492422856400678, 0.4049624801021076692, 0.4150869914083017420, 0.4259748013331248195, 0.4380386266454291411, 0.4516469595390834035, 0.4668849008038628012, 0.4803437228220500677, 0.5000000000000002220, 0.5196562771779504875, 0.5331150991961376429, 0.5483530404609170406, 0.5619613733545713030, 0.5740251986668756246, 0.5849130085916987021, 0.5950375198978927749, 0.6047507577143603763, 0.6143236663881848081, 0.6239569369464025295, 0.6337978300571922574, 0.6660598065461953432, 0.6758553862588546624, 0.6874319801601429525, 0.7007895882872876570, 0.7159282106643762855, 0.7328478473078895439, 0.7515484982296001260, 0.7720301634382096267, 0.7942928429403297574, 0.8183365367411052915, 0.8441612448446143002, 0.8717669672541474846, 0.9011537039723958031, 0.9323214550015893609, 0.9896292903552155185 ),
 .UNSPECIFIED. ) ;
#3104 = CARTESIAN_POINT ( 'NONE',  ( -26.50130185302209540, 1.827769560624219913, 2.100000000000000089 ) ) ;
#3105 = CARTESIAN_POINT ( 'NONE',  ( -0.7237198720499676829, -27.99064497287975328, 2.100000000000000089 ) ) ;
#3106 = DIRECTION ( 'NONE',  ( -0.000000000000000000, -0.000000000000000000, 1.000000000000000000 ) ) ;
#3107 = CARTESIAN_POINT ( 'NONE',  ( 17.51894836647310782, -21.23397411160632942, 2.100000000000000089 ) ) ;
#3108 = CARTESIAN_POINT ( 'NONE',  ( 23.72154950710865506, -0.7592181733933789367, 2.100000000000000089 ) ) ;
#3109 = ORIENTED_EDGE ( 'NONE', *, *, #2606, .T. ) ;
#3110 = ORIENTED_EDGE ( 'NONE', *, *, #624, .T. ) ;
#3111 = CARTESIAN_POINT ( 'NONE',  ( 17.76075994573092842, 17.29583732711387967, -2.000000000000000000 ) ) ;
#3112 = ADVANCED_FACE ( 'NONE', ( #3667 ), #6139, .F. ) ;
#3113 = CARTESIAN_POINT ( 'NONE',  ( 13.96529143882091439, -19.07901412642182848, 2.099999999999999645 ) ) ;
#3114 = CARTESIAN_POINT ( 'NONE',  ( -20.99240193721332304, 10.59640443373927177, -2.000000000000000000 ) ) ;
#3115 = CARTESIAN_POINT ( 'NONE',  ( -21.34551800689748191, 16.27777197600731185, -2.000000000000000000 ) ) ;
#3116 = CARTESIAN_POINT ( 'NONE',  ( -23.29246673278348823, 10.63055238855664442, 2.099999999999999645 ) ) ;
#3117 = CARTESIAN_POINT ( 'NONE',  ( 21.07590994840524345, -12.30361618564757720, 2.100000000000000089 ) ) ;
#3118 = CARTESIAN_POINT ( 'NONE',  ( 7.605017794998032876, 22.88729425358476632, 2.099999999999999645 ) ) ;
#3119 = CARTESIAN_POINT ( 'NONE',  ( -24.31514428139131923, 10.69735948946558501, 2.100000000000000089 ) ) ;
#3120 = CARTESIAN_POINT ( 'NONE',  ( 5.376315588043429905, 26.60062371204864817, 2.100000000000000089 ) ) ;
#3121 = CARTESIAN_POINT ( 'NONE',  ( 20.86952096496491649, 12.08832612917524330, -2.000000000000000000 ) ) ;
#3122 = CARTESIAN_POINT ( 'NONE',  ( -23.10489730742583703, -5.020145956116677688, -2.000000000000000000 ) ) ;
#3123 = AXIS2_PLACEMENT_3D ( 'NONE', #2853, #5310, #3415 ) ;
#3124 = CARTESIAN_POINT ( 'NONE',  ( -21.69704443755540169, -10.30300297322495418, 2.100000000000000089 ) ) ;
#3125 = CARTESIAN_POINT ( 'NONE',  ( 9.230471089887533509, -21.96684885186929392, -2.000000000000000000 ) ) ;
#3126 = CARTESIAN_POINT ( 'NONE',  ( 23.44696895451524554, -15.30488886934667114, 2.099999999999999645 ) ) ;
#3127 = DIRECTION ( 'NONE',  ( 1.000000000000000000, 1.224646799147353207E-16, 0.000000000000000000 ) ) ;
#3128 = CARTESIAN_POINT ( 'NONE',  ( -23.42764417793267384, 4.840656286569369193, 2.099999999999999645 ) ) ;
#3129 = FACE_BOUND ( 'NONE', #7039, .T. ) ;
#3130 = CARTESIAN_POINT ( 'NONE',  ( -4.310684217927233775, -24.85340566964549325, -2.000000000000000000 ) ) ;
#3131 = CARTESIAN_POINT ( 'NONE',  ( -2.320354714939441898, 23.45074361513812278, -2.000000000000000000 ) ) ;
#3132 = CARTESIAN_POINT ( 'NONE',  ( -3.025165651672256928, -23.29855380546641186, 2.099999999999999645 ) ) ;
#3133 = AXIS2_PLACEMENT_3D ( 'NONE', #7391, #3748, #1800 ) ;
#3134 = VERTEX_POINT ( 'NONE', #4917 ) ;
#3135 = CARTESIAN_POINT ( 'NONE',  ( -7.741715957670622039, -24.19699765967529359, -2.000000000000000000 ) ) ;
#3136 = CARTESIAN_POINT ( 'NONE',  ( -25.52197998938346757, -8.320188513921049633, 2.099999999999999645 ) ) ;
#3137 = EDGE_CURVE ( 'NONE', #197, #5804, #1241, .T. ) ;
#3138 = AXIS2_PLACEMENT_3D ( 'NONE', #4931, #3031, #7485 ) ;
#3139 = CARTESIAN_POINT ( 'NONE',  ( 3.025165651672266254, -23.29855380546641186, -2.000000000000000000 ) ) ;
#3140 = VECTOR ( 'NONE', #7443, 1000.000000000000000 ) ;
#3141 = EDGE_CURVE ( 'NONE', #6732, #7308, #2361, .T. ) ;
#3142 = CARTESIAN_POINT ( 'NONE',  ( -2.833089530561774261, -23.33259147460854166, 2.100000000000000089 ) ) ;
#3143 = CARTESIAN_POINT ( 'NONE',  ( -18.09985454995500831, -17.82762258356555307, 2.099999999999999645 ) ) ;
#3144 = CARTESIAN_POINT ( 'NONE',  ( 20.94077984017082272, 12.16847291378771168, 2.100000000000000089 ) ) ;
#3145 = CARTESIAN_POINT ( 'NONE',  ( -8.512968716744140352, 21.89757064776836515, 2.100000000000000089 ) ) ;
#3146 = CARTESIAN_POINT ( 'NONE',  ( 20.65156267108764254, -11.69620803915341867, 2.099999999999999645 ) ) ;
#3147 = VERTEX_POINT ( 'NONE', #7076 ) ;
#3148 = AXIS2_PLACEMENT_3D ( 'NONE', #6393, #7014, #849 ) ;
#3149 = CARTESIAN_POINT ( 'NONE',  ( -4.713207230075946441, 25.62151411210379948, -2.000000000000000000 ) ) ;
#3150 = CARTESIAN_POINT ( 'NONE',  ( -22.61633054543464638, -13.93417863138606805, -2.000000000000000000 ) ) ;
#3151 = CARTESIAN_POINT ( 'NONE',  ( -23.51224346894562345, 0.3730054609666941245, -2.000000000000000000 ) ) ;
#3152 = CARTESIAN_POINT ( 'NONE',  ( 8.512968716744131470, 21.89757064776836870, 2.100000000000000089 ) ) ;
#3153 = CIRCLE ( 'NONE', #950, 1.749999999999999778 ) ;
#3154 = CARTESIAN_POINT ( 'NONE',  ( -25.36983614870255366, 1.341743455198745716, 2.100000000000000089 ) ) ;
#3155 = DIRECTION ( 'NONE',  ( -0.000000000000000000, -0.000000000000000000, 1.000000000000000000 ) ) ;
#3156 = CARTESIAN_POINT ( 'NONE',  ( 17.25657676350752112, 16.16318976602640589, 2.100000000000000089 ) ) ;
#3157 = CARTESIAN_POINT ( 'NONE',  ( 27.69989816616291378, -2.535120532250939362, 2.100000000000000089 ) ) ;
#3158 = ORIENTED_EDGE ( 'NONE', *, *, #3968, .T. ) ;
#3159 = CARTESIAN_POINT ( 'NONE',  ( -24.45163473737932236, -4.792937194118080058, 2.100000000000000089 ) ) ;
#3160 = CARTESIAN_POINT ( 'NONE',  ( 17.37016481680591795, 16.73146461459393208, -2.000000000000000000 ) ) ;
#3161 = CARTESIAN_POINT ( 'NONE',  ( 17.51894836651075593, -21.23397411162330428, -2.000000000000000000 ) ) ;
#3162 = CARTESIAN_POINT ( 'NONE',  ( -23.51784779677759474, 10.65556037457645999, -2.000000000000000000 ) ) ;
#3163 = CARTESIAN_POINT ( 'NONE',  ( 5.183190230475027249, 26.33878392258043633, 2.099999999999999645 ) ) ;
#3164 = CARTESIAN_POINT ( 'NONE',  ( -22.73828148979404062, 10.53816474365922851, 2.099999999999999645 ) ) ;
#3165 = CARTESIAN_POINT ( 'NONE',  ( 7.745447077757175336, 24.40400991946478726, 2.099999999999999645 ) ) ;
#3166 = CARTESIAN_POINT ( 'NONE',  ( -20.99240193721332304, 10.59640443373927177, 2.100000000000000089 ) ) ;
#3167 = CARTESIAN_POINT ( 'NONE',  ( 4.144933467011459705, 24.44197433207706638, 2.100000000000000089 ) ) ;
#3168 = CARTESIAN_POINT ( 'NONE',  ( 20.94077984017082272, 12.16847291378771168, -2.000000000000000000 ) ) ;
#3169 = CARTESIAN_POINT ( 'NONE',  ( -22.91929613358907147, -6.515359526762117603, -2.000000000000000000 ) ) ;
#3170 = CARTESIAN_POINT ( 'NONE',  ( -20.71178771499497628, -11.09036006156943088, 2.100000000000000089 ) ) ;
#3171 = CARTESIAN_POINT ( 'NONE',  ( 8.334619726030528142, -21.97658606862351149, 2.099999999999999645 ) ) ;
#3172 = CARTESIAN_POINT ( 'NONE',  ( 23.08741356227222141, 10.60189590196924314, 2.099999999999999645 ) ) ;
#3173 = DIRECTION ( 'NONE',  ( 0.000000000000000000, 0.000000000000000000, -1.000000000000000000 ) ) ;
#3174 = CARTESIAN_POINT ( 'NONE',  ( 9.408316245588475013, 22.09971024729808775, -2.000000000000000000 ) ) ;
#3175 = CARTESIAN_POINT ( 'NONE',  ( 5.376315588043429905, 26.60062371204864817, -2.000000000000000000 ) ) ;
#3176 = CARTESIAN_POINT ( 'NONE',  ( -14.84924240491748826, -14.84924240491749892, -3.599999999999998757 ) ) ;
#3177 = CARTESIAN_POINT ( 'NONE',  ( 24.15260079455800835, -7.275001489028691815, -2.000000000000000000 ) ) ;
#3178 = CARTESIAN_POINT ( 'NONE',  ( -5.995909907728630195, -27.35048520292565044, 2.099999999999999645 ) ) ;
#3179 = VERTEX_POINT ( 'NONE', #6992 ) ;
#3180 = CARTESIAN_POINT ( 'NONE',  ( -24.00794390784557564, -7.190340088713012889, -2.000000000000000000 ) ) ;
#3181 = CYLINDRICAL_SURFACE ( 'NONE', #5451, 1.750000000000001554 ) ;
#3182 = CARTESIAN_POINT ( 'NONE',  ( -17.28752988749540265, -16.01445386190352238, 2.099999999999999645 ) ) ;
#3183 = CARTESIAN_POINT ( 'NONE',  ( 21.10401706161571411, 10.48531763796958671, 2.100000000000000089 ) ) ;
#3184 = CARTESIAN_POINT ( 'NONE',  ( -7.720532692246934836, 23.84272921084243535, 2.100000000000000089 ) ) ;
#3185 = CARTESIAN_POINT ( 'NONE',  ( 20.64571337519313943, -11.25696429976830437, -2.000000000000000000 ) ) ;
#3186 = ORIENTED_EDGE ( 'NONE', *, *, #7678, .T. ) ;
#3187 = CARTESIAN_POINT ( 'NONE',  ( -16.82973023395796730, -20.91308632741409923, -2.000000000000000000 ) ) ;
#3188 = CARTESIAN_POINT ( 'NONE',  ( -20.94077984017082983, -12.16847291378769924, -2.000000000000000000 ) ) ;
#3189 = CARTESIAN_POINT ( 'NONE',  ( 13.50856635788135840, -22.56556696682679686, -2.000000000000000000 ) ) ;
#3190 = EDGE_CURVE ( 'NONE', #6085, #3147, #5131, .T. ) ;
#3191 = CARTESIAN_POINT ( 'NONE',  ( -24.09676835437406339, 1.005131229266917225, 2.100000000000000089 ) ) ;
#3192 = CARTESIAN_POINT ( 'NONE',  ( 22.74963530479514517, 6.146178943449489118, 2.100000000000000089 ) ) ;
#3193 = CARTESIAN_POINT ( 'NONE',  ( 17.26619031893427447, 16.42019235248055509, 2.100000000000000089 ) ) ;
#3194 = CARTESIAN_POINT ( 'NONE',  ( 23.90532429094090716, -0.9066066167179773760, 2.100000000000000089 ) ) ;
#3195 = ORIENTED_EDGE ( 'NONE', *, *, #7847, .T. ) ;
#3196 = DIRECTION ( 'NONE',  ( 1.000000000000000000, 0.000000000000000000, 0.000000000000000000 ) ) ;
#3197 = CARTESIAN_POINT ( 'NONE',  ( 17.84651532293613485, 15.31230279367191649, -2.000000000000000000 ) ) ;
#3198 = CARTESIAN_POINT ( 'NONE',  ( -20.65156267108764254, 11.69620803915341689, -2.000000000000000000 ) ) ;
#3199 = CARTESIAN_POINT ( 'NONE',  ( 3.846120836016019062, 23.70909028424117437, 2.099999999999999645 ) ) ;
#3200 = CARTESIAN_POINT ( 'NONE',  ( -24.31514428139131923, 10.69735948946558501, -2.000000000000000000 ) ) ;
#3201 = CARTESIAN_POINT ( 'NONE',  ( 7.743106042156100877, 24.63076208136009626, -2.000000000000000000 ) ) ;
#3202 = CARTESIAN_POINT ( 'NONE',  ( 10.03175227225610655, -22.96619924196638607, 2.100000000000000089 ) ) ;
#3203 = CARTESIAN_POINT ( 'NONE',  ( 5.855490417633457234, 27.19235970815770997, 2.100000000000000089 ) ) ;
#3204 = CARTESIAN_POINT ( 'NONE',  ( 22.44798333931210976, 13.70307343545947454, -2.000000000000000000 ) ) ;
#3205 = CARTESIAN_POINT ( 'NONE',  ( -20.65156267108763188, -11.69620803915341867, 2.100000000000000089 ) ) ;
#3206 = CARTESIAN_POINT ( 'NONE',  ( 8.993578510876927723, -21.86672564825610721, -2.000000000000000000 ) ) ;
#3207 = CARTESIAN_POINT ( 'NONE',  ( 20.81172461973596555, 10.92283569232046503, 2.099999999999999645 ) ) ;
#3208 = CARTESIAN_POINT ( 'NONE',  ( -20.80821629034236864, -10.92099437901168280, -2.000000000000000000 ) ) ;
#3209 = CARTESIAN_POINT ( 'NONE',  ( 7.701896059577414633, 22.44925656542957881, -2.000000000000000000 ) ) ;
#3210 = CARTESIAN_POINT ( 'NONE',  ( 14.84924240491750602, -14.84924240491749714, 2.100000000000001865 ) ) ;
#3211 = CARTESIAN_POINT ( 'NONE',  ( -1.810672407536190187, -24.85107952805193676, -2.000000000000000000 ) ) ;
#3212 = CARTESIAN_POINT ( 'NONE',  ( 23.24438501506256216, -6.803422568062733156, -2.000000000000000000 ) ) ;
#3213 = CARTESIAN_POINT ( 'NONE',  ( 1.474499619732432265, 26.25856105065618706, -2.000000000000000000 ) ) ;
#3214 = ORIENTED_EDGE ( 'NONE', *, *, #6332, .T. ) ;
#3215 = CARTESIAN_POINT ( 'NONE',  ( -23.24438501506255506, -6.803422568062742037, 2.099999999999999645 ) ) ;
#3216 = EDGE_CURVE ( 'NONE', #1211, #4891, #4175, .T. ) ;
#3217 = CARTESIAN_POINT ( 'NONE',  ( -23.24438501506255861, 6.803422568062724274, 2.100000000000000089 ) ) ;
#3218 = CARTESIAN_POINT ( 'NONE',  ( -20.28441937235456294, -15.97411852388380638, -2.000000000000000000 ) ) ;
#3219 = CARTESIAN_POINT ( 'NONE',  ( 24.94597949059291864, 10.68625558496338535, 2.100000000000000089 ) ) ;
#3220 = CARTESIAN_POINT ( 'NONE',  ( -14.75432918952970418, -19.43920578531972509, 2.100000000000000089 ) ) ;
#3221 = CARTESIAN_POINT ( 'NONE',  ( 20.94077984017083338, -12.16847291378769569, -2.000000000000000000 ) ) ;
#3223 = ADVANCED_FACE ( 'NONE', ( #186 ), #2666, .F. ) ;
#3222 = EDGE_LOOP ( 'NONE', ( #7354, #2597, #2329, #6753 ) ) ;
#3224 = CARTESIAN_POINT ( 'NONE',  ( -15.68419099428256658, -20.23743569325270641, -2.000000000000000000 ) ) ;
#3225 = CARTESIAN_POINT ( 'NONE',  ( -21.84033501313436787, -12.97800555654220922, 2.099999999999999645 ) ) ;
#3226 = CARTESIAN_POINT ( 'NONE',  ( -13.41263264250316922, -22.06199033373687257, -2.000000000000000000 ) ) ;
#3227 = CARTESIAN_POINT ( 'NONE',  ( 7.656852614504651378, 23.37322600383987137, 2.100000000000000089 ) ) ;
#3228 = CARTESIAN_POINT ( 'NONE',  ( -23.55944914529948520, 0.5232380683118280640, 2.100000000000000089 ) ) ;
#3229 = CARTESIAN_POINT ( 'NONE',  ( 25.29380829876430070, 8.116834556469591178, 2.100000000000000089 ) ) ;
#3230 = CARTESIAN_POINT ( 'NONE',  ( 19.05257563431085543, 20.26599507124441502, 2.100000000000000089 ) ) ;
#3231 = CARTESIAN_POINT ( 'NONE',  ( 17.12241726305228084, -21.05518411798320955, 2.100000000000000089 ) ) ;
#3232 = CARTESIAN_POINT ( 'NONE',  ( -15.36687483434010737, 20.00332296475708915, -2.000000000000000000 ) ) ;
#3233 = ORIENTED_EDGE ( 'NONE', *, *, #6346, .T. ) ;
#3234 = CARTESIAN_POINT ( 'NONE',  ( 26.46517536639175816, -4.493494443281861095, -2.000000000000000000 ) ) ;
#3235 = CARTESIAN_POINT ( 'NONE',  ( 19.31055424225241168, 15.54648119520597227, 2.099999999999999645 ) ) ;
#3236 = EDGE_CURVE ( 'NONE', #2667, #6732, #2294, .T. ) ;
#3237 = CARTESIAN_POINT ( 'NONE',  ( -23.76349960547259244, 10.67578541799515435, -2.000000000000000000 ) ) ;
#3238 = CARTESIAN_POINT ( 'NONE',  ( -17.35181857730701083, 15.87069998699208107, 2.099999999999999645 ) ) ;
#3239 = CARTESIAN_POINT ( 'NONE',  ( -21.35721522671292760, 10.35169942632023066, -2.000000000000000000 ) ) ;
#3240 = CARTESIAN_POINT ( 'NONE',  ( -27.69932686549417866, -4.092342562581371190, -2.000000000000000000 ) ) ;
#3241 = CARTESIAN_POINT ( 'NONE',  ( -21.47582202528876039, 10.32148794313314610, 2.100000000000000089 ) ) ;
#3242 = CARTESIAN_POINT ( 'NONE',  ( 13.10549974122802475, 21.04367979295773949, -2.000000000000000000 ) ) ;
#3243 = AXIS2_PLACEMENT_3D ( 'NONE', #236, #6877, #3196 ) ;
#3244 = CARTESIAN_POINT ( 'NONE',  ( -21.38382933992361501, -12.54282366362884815, -2.000000000000000000 ) ) ;
#3245 = CARTESIAN_POINT ( 'NONE',  ( -24.32345666766047998, -4.791663430616648789, -2.000000000000000000 ) ) ;
#3246 = ADVANCED_FACE ( 'NONE', ( #2902 ), #2546, .F. ) ;
#3247 = CARTESIAN_POINT ( 'NONE',  ( -22.96554745452509394, -14.45965356729541362, 2.100000000000000089 ) ) ;
#3248 = CARTESIAN_POINT ( 'NONE',  ( 7.705310163655081368, -23.69563005194943983, -2.000000000000000000 ) ) ;
#3249 = CARTESIAN_POINT ( 'NONE',  ( 24.62078186107712696, 10.69645268464872423, -2.000000000000000000 ) ) ;
#3250 = CARTESIAN_POINT ( 'NONE',  ( 4.590305982006143815, -25.40785750275295030, 2.100000000000000089 ) ) ;
#3251 = CARTESIAN_POINT ( 'NONE',  ( -26.28829541380231660, 9.090474067371477673, -2.000000000000000000 ) ) ;
#3252 = CARTESIAN_POINT ( 'NONE',  ( 4.482856113983113566, 25.20816636816326195, -2.000000000000000000 ) ) ;
#3253 = CARTESIAN_POINT ( 'NONE',  ( 20.07157227525354060, -15.89590000543996950, 2.099999999999999645 ) ) ;
#3254 = CARTESIAN_POINT ( 'NONE',  ( 26.77848301813143905, -4.405768766048591800, -2.000000000000000000 ) ) ;
#3255 = CARTESIAN_POINT ( 'NONE',  ( 1.981471996724984974, 23.84030691368550947, 2.099999999999999645 ) ) ;
#3256 = ORIENTED_EDGE ( 'NONE', *, *, #5286, .T. ) ;
#3257 = CIRCLE ( 'NONE', #4675, 27.99999957948218920 ) ;
#3258 = CARTESIAN_POINT ( 'NONE',  ( -26.28829541380229529, -9.090474067371479450, 2.099999999999999645 ) ) ;
#3259 = CARTESIAN_POINT ( 'NONE',  ( -25.75863198250611319, 8.543467069173791728, 2.100000000000000089 ) ) ;
#3260 = CARTESIAN_POINT ( 'NONE',  ( -19.42345833902674812, -15.60717637591975837, 2.099999999999999645 ) ) ;
#3261 = CARTESIAN_POINT ( 'NONE',  ( -20.28441937235457004, 15.97411852388379216, 2.100000000000000089 ) ) ;
#3262 = CARTESIAN_POINT ( 'NONE',  ( -18.01951879739587525, -21.43121365581733428, 2.100000000000000089 ) ) ;
#3263 = ORIENTED_EDGE ( 'NONE', *, *, #973, .F. ) ;
#3264 = ADVANCED_FACE ( 'NONE', ( #5644 ), #2276, .F. ) ;
#3265 = CARTESIAN_POINT ( 'NONE',  ( -13.35177211813241982, -19.34338136197018798, -2.000000000000000000 ) ) ;
#3266 = CIRCLE ( 'NONE', #527, 27.99999957948218920 ) ;
#3267 = CARTESIAN_POINT ( 'NONE',  ( -23.44696895451522067, -15.30488886934663917, 2.099999999999999645 ) ) ;
#3268 = AXIS2_PLACEMENT_3D ( 'NONE', #4604, #5865, #6957 ) ;
#3269 = CARTESIAN_POINT ( 'NONE',  ( -22.99371384847795596, 6.601180838822642727, -2.000000000000000000 ) ) ;
#3270 = CARTESIAN_POINT ( 'NONE',  ( 7.650756190596012196, 25.73058353783937235, 2.100000000000000089 ) ) ;
#3271 = CARTESIAN_POINT ( 'NONE',  ( 22.85055158908931361, 6.414095051321371699, -2.000000000000000000 ) ) ;
#3272 = CARTESIAN_POINT ( 'NONE',  ( -24.09676835437406694, -1.005131229266923665, 2.100000000000000089 ) ) ;
#3273 = DIRECTION ( 'NONE',  ( 1.000000000000000000, 0.000000000000000000, 0.000000000000000000 ) ) ;
#3274 = CARTESIAN_POINT ( 'NONE',  ( 18.96747865530085519, 19.95068825630396248, 2.100000000000000089 ) ) ;
#3275 = CIRCLE ( 'NONE', #5859, 18.00000000000000000 ) ;
#3276 = CARTESIAN_POINT ( 'NONE',  ( -13.04949915500205115, 19.56208827861912525, -2.000000000000000000 ) ) ;
#3277 = ORIENTED_EDGE ( 'NONE', *, *, #7551, .T. ) ;
#3278 = CARTESIAN_POINT ( 'NONE',  ( -19.24999999999999289, -3.688814631097028664E-15, -3.599999999999998757 ) ) ;
#3279 = CARTESIAN_POINT ( 'NONE',  ( -0.7237198720499494753, 27.99064497287982789, -2.000000000000000000 ) ) ;
#3280 = CARTESIAN_POINT ( 'NONE',  ( -20.07157227525354060, 15.89590000543996595, 2.099999999999999645 ) ) ;
#3281 = CARTESIAN_POINT ( 'NONE',  ( -22.27987727495455061, 10.41835660743990033, 2.099999999999999645 ) ) ;
#3282 = CARTESIAN_POINT ( 'NONE',  ( -21.10401706161572122, 10.48531763796956895, 2.100000000000000089 ) ) ;
#3283 = CARTESIAN_POINT ( 'NONE',  ( 13.30747633062665258, 21.64116298680352557, 2.099999999999999645 ) ) ;
#3284 = CARTESIAN_POINT ( 'NONE',  ( 21.35721522671293116, 10.35169942632025197, -2.000000000000000000 ) ) ;
#3285 = ADVANCED_FACE ( 'NONE', ( #1172 ), #2402, .F. ) ;
#3286 = CARTESIAN_POINT ( 'NONE',  ( 21.69704443755539813, -10.30300297322494885, -2.000000000000000000 ) ) ;
#3287 = CARTESIAN_POINT ( 'NONE',  ( -23.51784779677758763, -10.65556037457646354, 2.100000000000000089 ) ) ;
#3288 = CARTESIAN_POINT ( 'NONE',  ( 7.745447077757181553, -24.40400991946479792, -2.000000000000000000 ) ) ;
#3289 = CARTESIAN_POINT ( 'NONE',  ( 21.69704443755539813, 10.30300297322496661, -2.000000000000000000 ) ) ;
#3290 = CARTESIAN_POINT ( 'NONE',  ( 2.833089530561781366, -23.33259147460854166, 2.100000000000000089 ) ) ;
#3291 = CARTESIAN_POINT ( 'NONE',  ( -4.389956462724892816, 25.02313217738665685, 2.100000000000000089 ) ) ;
#3292 = CARTESIAN_POINT ( 'NONE',  ( -26.06641539773996286, 8.850830286138355874, 2.099999999999999645 ) ) ;
#3293 = CARTESIAN_POINT ( 'NONE',  ( 3.359200862297568868, 23.32460485566309671, -2.000000000000000000 ) ) ;
#3294 = CARTESIAN_POINT ( 'NONE',  ( 18.97770164392054326, -15.34339570340774550, -2.000000000000000000 ) ) ;
#3295 = DIRECTION ( 'NONE',  ( 1.000000000000000000, 0.000000000000000000, 0.000000000000000000 ) ) ;
#3296 = CARTESIAN_POINT ( 'NONE',  ( 1.846803834033445613, 24.33438445894235258, 2.099999999999999645 ) ) ;
#3297 = EDGE_LOOP ( 'NONE', ( #1802, #255, #1778, #5415 ) ) ;
#3298 = CARTESIAN_POINT ( 'NONE',  ( -8.843531895616186134, -21.84292484346596197, 2.099999999999999645 ) ) ;
#3299 = CARTESIAN_POINT ( 'NONE',  ( -23.87823629154097205, 7.119306137701274295, 2.100000000000000089 ) ) ;
#3300 = CARTESIAN_POINT ( 'NONE',  ( -18.60089775827983871, -15.19605903441929051, -2.000000000000000000 ) ) ;
#3301 = CARTESIAN_POINT ( 'NONE',  ( -18.60089775827984226, 15.19605903441927630, 2.100000000000000089 ) ) ;
#3302 = CARTESIAN_POINT ( 'NONE',  ( -12.95267602360809356, -19.68627963667922742, 2.100000000000000089 ) ) ;
#3303 = ORIENTED_EDGE ( 'NONE', *, *, #4701, .F. ) ;
#3304 = CARTESIAN_POINT ( 'NONE',  ( -22.78920619399659131, -14.18622855212692002, 2.099999999999999645 ) ) ;
#3305 = CARTESIAN_POINT ( 'NONE',  ( 14.42373451280541552, -19.20597537996031434, 2.099999999999999645 ) ) ;
#3306 = CARTESIAN_POINT ( 'NONE',  ( -22.85055158908932782, 6.414095051321343277, -2.000000000000000000 ) ) ;
#3307 = CARTESIAN_POINT ( 'NONE',  ( 11.58603556222320030, 24.54102139527087800, 2.100000000000000089 ) ) ;
#3308 = CYLINDRICAL_SURFACE ( 'NONE', #4695, 1.750000000000000444 ) ;
#3309 = CARTESIAN_POINT ( 'NONE',  ( 26.77848301813144971, 4.405768766048617557, 2.100000000000000089 ) ) ;
#3310 = CARTESIAN_POINT ( 'NONE',  ( 20.51809281624189651, 16.05254419007956912, 2.100000000000000089 ) ) ;
#3311 = CARTESIAN_POINT ( 'NONE',  ( 24.09676835437406694, 1.005131229266920556, -2.000000000000000000 ) ) ;
#3312 = CARTESIAN_POINT ( 'NONE',  ( -12.94401591853666211, 20.68877481383771411, -2.000000000000000000 ) ) ;
#3313 = ORIENTED_EDGE ( 'NONE', *, *, #733, .T. ) ;
#3314 = CARTESIAN_POINT ( 'NONE',  ( -24.59949625084631819, -4.790317889056109557, 2.100000000000000089 ) ) ;
#3315 = CARTESIAN_POINT ( 'NONE',  ( 27.42711506948768729, 2.355539727247161430, 2.099999999999999645 ) ) ;
#3316 = DIRECTION ( 'NONE',  ( 0.000000000000000000, 0.000000000000000000, -1.000000000000000000 ) ) ;
#3317 = CARTESIAN_POINT ( 'NONE',  ( -17.25237999601838013, 16.29857992973628811, 2.099999999999999645 ) ) ;
#3318 = CARTESIAN_POINT ( 'NONE',  ( -23.19083041064042661, 14.83174276025828853, 2.099999999999999645 ) ) ;
#3319 = CARTESIAN_POINT ( 'NONE',  ( 9.555618961847061499, 22.25484530667599969, -2.000000000000000000 ) ) ;
#3320 = CARTESIAN_POINT ( 'NONE',  ( -22.96554745452510815, 14.45965356729541540, 2.100000000000000089 ) ) ;
#3321 = CARTESIAN_POINT ( 'NONE',  ( 12.84317218923418658, 20.29695877980780949, 2.099999999999999645 ) ) ;
#3322 = CARTESIAN_POINT ( 'NONE',  ( 22.73828148979403352, 10.53816474365924805, -2.000000000000000000 ) ) ;
#3323 = CARTESIAN_POINT ( 'NONE',  ( 20.81172461973597620, -10.92283569232044904, -2.000000000000000000 ) ) ;
#3324 = CARTESIAN_POINT ( 'NONE',  ( -25.70517099647019776, -10.62804679002983654, 2.100000000000000089 ) ) ;
#3325 = CARTESIAN_POINT ( 'NONE',  ( 7.401289683367668459, -27.00409019907778685, -2.000000000000000000 ) ) ;
#3326 = CARTESIAN_POINT ( 'NONE',  ( -13.35177211813242515, 19.34338136197018798, -2.000000000000000000 ) ) ;
#3327 = CARTESIAN_POINT ( 'NONE',  ( 4.189195047382283654, -24.56227459198278140, 2.100000000000000089 ) ) ;
#3328 = CARTESIAN_POINT ( 'NONE',  ( -3.902347153244126510, -23.79992060087550598, 2.100000000000000089 ) ) ;
#3329 = CARTESIAN_POINT ( 'NONE',  ( 7.616738452866461451, 23.18530238615923622, -2.000000000000000000 ) ) ;
#3330 = CARTESIAN_POINT ( 'NONE',  ( 1.846803834033445613, 24.33438445894235258, -2.000000000000000000 ) ) ;
#3331 = CARTESIAN_POINT ( 'NONE',  ( 19.31055424225242589, -15.54648119520596161, 2.099999999999999645 ) ) ;
#3332 = DIRECTION ( 'NONE',  ( -0.000000000000000000, -0.000000000000000000, 1.000000000000000000 ) ) ;
#3333 = CARTESIAN_POINT ( 'NONE',  ( 2.833089530561761382, 23.33259147460854521, -2.000000000000000000 ) ) ;
#3334 = ORIENTED_EDGE ( 'NONE', *, *, #6717, .F. ) ;
#3335 = CARTESIAN_POINT ( 'NONE',  ( -9.408316245588473237, -22.09971024729809130, -2.000000000000000000 ) ) ;
#3336 = CARTESIAN_POINT ( 'NONE',  ( 22.96554745452510815, -14.45965356729541718, 2.100000000000000089 ) ) ;
#3337 = CARTESIAN_POINT ( 'NONE',  ( 23.81253063529220171, -0.8410884408854197858, -2.000000000000000000 ) ) ;
#3338 = DIRECTION ( 'NONE',  ( -1.000000000000000000, 0.000000000000000000, 0.000000000000000000 ) ) ;
#3339 = CARTESIAN_POINT ( 'NONE',  ( -22.09150218636105478, -16.42439464916633440, -2.000000000000000000 ) ) ;
#3340 = CARTESIAN_POINT ( 'NONE',  ( -18.38167992440538256, 15.16106487615012099, 2.100000000000000089 ) ) ;
#3341 = CARTESIAN_POINT ( 'NONE',  ( -15.23641901094385354, -19.89808777236047632, 2.100000000000000089 ) ) ;
#3342 = ORIENTED_EDGE ( 'NONE', *, *, #4551, .T. ) ;
#3343 = CARTESIAN_POINT ( 'NONE',  ( -20.99240193721332659, -10.59640443373927710, 2.099999999999999645 ) ) ;
#3344 = CARTESIAN_POINT ( 'NONE',  ( 13.18542992737236474, -19.44527382878997201, 2.099999999999999645 ) ) ;
#3345 = CARTESIAN_POINT ( 'NONE',  ( -23.15601641226234619, 6.742658068406526262, -2.000000000000000000 ) ) ;
#3346 = CARTESIAN_POINT ( 'NONE',  ( 9.408316245588475013, 22.09971024729808775, 2.100000000000000089 ) ) ;
#3347 = CARTESIAN_POINT ( 'NONE',  ( 23.44696895445782658, -15.30488886923695979, -2.000000000000000000 ) ) ;
#3348 = FACE_OUTER_BOUND ( 'NONE', #3222, .T. ) ;
#3349 = CARTESIAN_POINT ( 'NONE',  ( -12.85055170543025049, 19.95373759773044142, 2.100000000000000089 ) ) ;
#3350 = CARTESIAN_POINT ( 'NONE',  ( 13.25426296490209843, -21.46155364981478542, 2.100000000000000089 ) ) ;
#3351 = CARTESIAN_POINT ( 'NONE',  ( -13.18542992737236474, 19.44527382878997201, 2.099999999999999645 ) ) ;
#3352 = VERTEX_POINT ( 'NONE', #7255 ) ;
#3353 = CARTESIAN_POINT ( 'NONE',  ( 24.59949625084632174, -4.790317889056099787, -2.000000000000000000 ) ) ;
#3354 = CARTESIAN_POINT ( 'NONE',  ( 21.66370631000717495, 16.34569607223867749, -2.000000000000000000 ) ) ;
#3355 = CARTESIAN_POINT ( 'NONE',  ( -23.44696895445783014, 15.30488886923696334, -2.000000000000000000 ) ) ;
#3356 = CARTESIAN_POINT ( 'NONE',  ( -17.71416793792180400, 15.43316205167865540, 2.099999999999999645 ) ) ;
#3357 = CARTESIAN_POINT ( 'NONE',  ( -22.44798333931210976, 13.70307343545945145, -2.000000000000000000 ) ) ;
#3358 = CARTESIAN_POINT ( 'NONE',  ( 8.334619726030521036, 21.97658606862350794, -2.000000000000000000 ) ) ;
#3359 = CARTESIAN_POINT ( 'NONE',  ( 7.401289683397484609, -27.00409019895743512, 2.100000000000000089 ) ) ;
#3360 = CARTESIAN_POINT ( 'NONE',  ( 12.86131782747429497, 20.40223119301177945, -2.000000000000000000 ) ) ;
#3361 = EDGE_CURVE ( 'NONE', #2617, #4312, #5500, .T. ) ;
#3362 = ORIENTED_EDGE ( 'NONE', *, *, #5447, .T. ) ;
#3363 = CARTESIAN_POINT ( 'NONE',  ( -21.58955567576248313, -12.72687891813089500, -2.000000000000000000 ) ) ;
#3364 = CARTESIAN_POINT ( 'NONE',  ( 21.47582202528876039, -10.32148794313314788, -2.000000000000000000 ) ) ;
#3365 = CARTESIAN_POINT ( 'NONE',  ( -4.082273444348693658, 24.25428063893853192, 2.099999999999999645 ) ) ;
#3366 = CARTESIAN_POINT ( 'NONE',  ( 24.31153459173803455, 7.374154019703455631, -2.000000000000000000 ) ) ;
#3367 = CARTESIAN_POINT ( 'NONE',  ( -13.64872344093926770, 24.44815585854601991, -2.000000000000000000 ) ) ;
#3368 = CARTESIAN_POINT ( 'NONE',  ( 0.7237198720500166438, -27.99064497287968223, 2.100000000000000089 ) ) ;
#3369 = CARTESIAN_POINT ( 'NONE',  ( -4.144933467011490791, 24.44197433207706638, 2.100000000000000089 ) ) ;
#3370 = CARTESIAN_POINT ( 'NONE',  ( 11.33585971340118093, 24.33300811744741310, -2.000000000000000000 ) ) ;
#3371 = FACE_BOUND ( 'NONE', #7789, .T. ) ;
#3372 = VECTOR ( 'NONE', #4310, 1000.000000000000000 ) ;
#3373 = CARTESIAN_POINT ( 'NONE',  ( 18.80342269287540446, -15.26496932198516987, 2.099999999999999645 ) ) ;
#3374 = CARTESIAN_POINT ( 'NONE',  ( 11.33585971340118981, -24.33300811744742020, -2.000000000000000000 ) ) ;
#3375 = ORIENTED_EDGE ( 'NONE', *, *, #2424, .F. ) ;
#3376 = CARTESIAN_POINT ( 'NONE',  ( -7.768531058981738013, -22.33132486425838437, -2.000000000000000000 ) ) ;
#3377 = CARTESIAN_POINT ( 'NONE',  ( 4.713207230075936671, -25.62151411210379948, -2.000000000000000000 ) ) ;
#3378 = CARTESIAN_POINT ( 'NONE',  ( 25.77590585922884259, -1.494258687380733974, -2.000000000000000000 ) ) ;
#3379 = CARTESIAN_POINT ( 'NONE',  ( -7.688496923001401306, -25.42728370346967637, -2.000000000000000000 ) ) ;
#3380 = CARTESIAN_POINT ( 'NONE',  ( -21.04854468720649763, -16.20550857031053127, 2.099999999999999645 ) ) ;
#3381 = CARTESIAN_POINT ( 'NONE',  ( -17.98147192499884994, 15.23115522593612958, 2.100000000000000089 ) ) ;
#3382 = CARTESIAN_POINT ( 'NONE',  ( -12.88716835993242427, -20.50631329690557791, 2.100000000000000089 ) ) ;
#3383 = EDGE_LOOP ( 'NONE', ( #6457, #4320 ) ) ;
#3384 = CARTESIAN_POINT ( 'NONE',  ( -22.59408972245015335, -10.50532236015857990, 2.099999999999999645 ) ) ;
#3385 = EDGE_CURVE ( 'NONE', #910, #7884, #7754, .T. ) ;
#3386 = CARTESIAN_POINT ( 'NONE',  ( 12.95267602360809889, -19.68627963667922387, -2.000000000000000000 ) ) ;
#3387 = CIRCLE ( 'NONE', #7268, 27.99999957948218920 ) ;
#3388 = CARTESIAN_POINT ( 'NONE',  ( -15.23641901094385354, -19.89808777236047632, -2.000000000000000000 ) ) ;
#3389 = CARTESIAN_POINT ( 'NONE',  ( -25.88937528683162981, 4.628868634690426198, -2.000000000000000000 ) ) ;
#3390 = CARTESIAN_POINT ( 'NONE',  ( 23.07262568452395968, 6.675893319502731238, 2.099999999999999645 ) ) ;
#3391 = CARTESIAN_POINT ( 'NONE',  ( -17.25657676350752823, 16.16318976602638813, -2.000000000000000000 ) ) ;
#3392 = CARTESIAN_POINT ( 'NONE',  ( 19.10294300318481930, -20.47138356506650680, -2.000000000000000000 ) ) ;
#3393 = CARTESIAN_POINT ( 'NONE',  ( -16.08024905276406713, 20.49638744246054856, 2.100000000000000089 ) ) ;
#3394 = CARTESIAN_POINT ( 'NONE',  ( 13.10549974122803008, -21.04367979295773239, 2.100000000000000089 ) ) ;
#3395 = CARTESIAN_POINT ( 'NONE',  ( -14.21926140100350722, 19.11953582679382535, 2.099999999999999645 ) ) ;
#3396 = ORIENTED_EDGE ( 'NONE', *, *, #5481, .T. ) ;
#3397 = AXIS2_PLACEMENT_3D ( 'NONE', #4524, #7001, #5821 ) ;
#3398 = CARTESIAN_POINT ( 'NONE',  ( 22.76403769146249090, -5.811439118492621958, -2.000000000000000000 ) ) ;
#3399 = CARTESIAN_POINT ( 'NONE',  ( 27.87379644721938732, 2.655456283961642239, 2.099999999999999645 ) ) ;
#3400 = CARTESIAN_POINT ( 'NONE',  ( -23.19083041061904638, 14.83174276022297455, -2.000000000000000000 ) ) ;
#3401 = CARTESIAN_POINT ( 'NONE',  ( -19.13918860107962772, 15.44754172932142389, -2.000000000000000000 ) ) ;
#3402 = CARTESIAN_POINT ( 'NONE',  ( -22.61633054543465704, 13.93417863138606450, -2.000000000000000000 ) ) ;
#3403 = CIRCLE ( 'NONE', #6757, 1.749999999999996447 ) ;
#3404 = CARTESIAN_POINT ( 'NONE',  ( 8.843531895616187910, 21.84292484346595842, 2.099999999999999645 ) ) ;
#3405 = CARTESIAN_POINT ( 'NONE',  ( 7.616738452866469444, -23.18530238615924333, 2.100000000000000089 ) ) ;
#3406 = CARTESIAN_POINT ( 'NONE',  ( 14.10020032022225145, 19.09116743896564472, 2.099999999999999645 ) ) ;
#3407 = ORIENTED_EDGE ( 'NONE', *, *, #2305, .F. ) ;
#3408 = CARTESIAN_POINT ( 'NONE',  ( 24.94597949059291864, -10.68625558496336225, -2.000000000000000000 ) ) ;
#3409 = CARTESIAN_POINT ( 'NONE',  ( -4.030460310774771848, 24.06924055886029024, 2.099999999999999645 ) ) ;
#3410 = CARTESIAN_POINT ( 'NONE',  ( -25.91507308940470722, 10.60230933437667566, 2.100000000000000089 ) ) ;
#3411 = CARTESIAN_POINT ( 'NONE',  ( -17.12241726305228084, 21.05518411798320955, -2.000000000000000000 ) ) ;
#3412 = CARTESIAN_POINT ( 'NONE',  ( -9.873836557350655241, 22.73978747338223272, -2.000000000000000000 ) ) ;
#3413 = CARTESIAN_POINT ( 'NONE',  ( -20.99999999999999289, -3.903127820947815962E-15, 2.100000000000001865 ) ) ;
#3414 = CARTESIAN_POINT ( 'NONE',  ( -19.87933552333217690, -15.81900378855656975, -2.000000000000000000 ) ) ;
#3415 = DIRECTION ( 'NONE',  ( -1.000000000000000000, 0.000000000000000000, 0.000000000000000000 ) ) ;
#3416 = DIRECTION ( 'NONE',  ( -1.000000000000000000, 0.000000000000000000, 0.000000000000000000 ) ) ;
#3417 = ORIENTED_EDGE ( 'NONE', *, *, #5281, .T. ) ;
#3418 = CARTESIAN_POINT ( 'NONE',  ( -7.605017794998031100, -22.88729425358476988, -2.000000000000000000 ) ) ;
#3419 = CARTESIAN_POINT ( 'NONE',  ( 23.34891248594831481, -15.11752229210736331, 2.100000000000000089 ) ) ;
#3420 = CARTESIAN_POINT ( 'NONE',  ( 25.36983614870255366, -1.341743455198748824, -2.000000000000000000 ) ) ;
#3421 = CARTESIAN_POINT ( 'NONE',  ( -9.945601713251328135, -22.84599953686307572, -2.000000000000000000 ) ) ;
#3422 = CARTESIAN_POINT ( 'NONE',  ( -23.99982295939236465, -0.9602632500303831531, 2.099999999999999645 ) ) ;
#3423 = CARTESIAN_POINT ( 'NONE',  ( -17.91646094264596201, 17.52377780514962069, 2.100000000000000089 ) ) ;
#3424 = CARTESIAN_POINT ( 'NONE',  ( -2.638449045045063723, -23.34550970278806759, -2.000000000000000000 ) ) ;
#3425 = ORIENTED_EDGE ( 'NONE', *, *, #4878, .F. ) ;
#3426 = CARTESIAN_POINT ( 'NONE',  ( -20.61769535193586478, -11.41192623884528601, 2.099999999999999645 ) ) ;
#3427 = CARTESIAN_POINT ( 'NONE',  ( 13.46232027610274784, -22.30341320457493381, 2.099999999999999645 ) ) ;
#3428 = CARTESIAN_POINT ( 'NONE',  ( -12.88716835993242427, -20.50631329690557791, -2.000000000000000000 ) ) ;
#3429 = CARTESIAN_POINT ( 'NONE',  ( -26.77848301813143905, 4.405768766048581142, 2.099999999999999645 ) ) ;
#3430 = CARTESIAN_POINT ( 'NONE',  ( 27.19385050690373617, 4.276646238553127866, 2.099999999999999645 ) ) ;
#3431 = CARTESIAN_POINT ( 'NONE',  ( -17.35181857730701083, 15.87069998699208107, -2.000000000000000000 ) ) ;
#3432 = CARTESIAN_POINT ( 'NONE',  ( 14.84924240491750069, 14.84924240491749714, 2.100000000000001865 ) ) ;
#3433 = CARTESIAN_POINT ( 'NONE',  ( -13.46232027610274784, 22.30341320457493381, 2.100000000000000089 ) ) ;
#3434 = ADVANCED_FACE ( 'NONE', ( #2740 ), #1306, .F. ) ;
#3435 = CARTESIAN_POINT ( 'NONE',  ( 26.50130185302208830, 1.827769560624223022, -2.000000000000000000 ) ) ;
#3436 = APPLICATION_PROTOCOL_DEFINITION ( 'draft international standard', 'automotive_design', 1998, #1178 ) ;
#3437 = EDGE_LOOP ( 'NONE', ( #7447, #5202, #7070, #1275 ) ) ;
#3438 = CARTESIAN_POINT ( 'NONE',  ( 22.91929613358907503, -6.515359526762108722, 2.099999999999999645 ) ) ;
#3439 = B_SPLINE_CURVE_WITH_KNOTS ( 'NONE', 3,
 ( #5168, #5866, #6464, #6546, #2834, #2870, #5942, #3393, #350, #6426, #5980, #2264, #2186, #7770, #2224, #4685, #5211, #7162, #7729, #1496, #5251, #4642, #2796, #7645, #1617, #5332, #7121, #2146, #3969, #879, #4566, #7047, #3349, #4007, #4605, #7809, #4089, #4126, #1534, #6508, #4046, #271, #1573, #963, #6582, #2102, #4729, #3433, #1002, #7201, #5908, #424, #387, #1651, #1037 ),
 .UNSPECIFIED., .F., .F.,
 ( 4, 1, 1, 1, 1, 1, 1, 1, 1, 1, 1, 1, 1, 1, 1, 1, 1, 1, 1, 1, 1, 1, 1, 1, 1, 1, 1, 1, 1, 1, 1, 1, 1, 1, 1, 1, 1, 1, 1, 1, 1, 1, 1, 1, 1, 1, 1, 1, 1, 1, 1, 1, 4 ),
 ( 0.01037070964479203279, 0.06767854499841075011, 0.09884629602760430789, 0.1282330327458526265, 0.1558387551553858108, 0.1816634632588949305, 0.2057071570596704646, 0.2279698365617907063, 0.2484515017704002071, 0.2671521526921107892, 0.2840717893356240475, 0.2992104117127127871, 0.3125680198398574916, 0.3241446137411457817, 0.3339401934538051009, 0.3662021699428081312, 0.3760430630535980256, 0.3856763336118157470, 0.3952492422856400678, 0.4049624801021076692, 0.4150869914083017420, 0.4259748013331248195, 0.4380386266454291411, 0.4516469595390834035, 0.4668849008038628012, 0.4803437228220500677, 0.5000000000000002220, 0.5196562771779504875, 0.5331150991961376429, 0.5483530404609170406, 0.5619613733545713030, 0.5740251986668756246, 0.5849130085916987021, 0.5950375198978927749, 0.6047507577143603763, 0.6143236663881848081, 0.6239569369464024184, 0.6337978300571922574, 0.6660598065461953432, 0.6758553862588546624, 0.6874319801601429525, 0.7007895882872876570, 0.7159282106643762855, 0.7328478473078895439, 0.7515484982296001260, 0.7720301634382096267, 0.7942928429403297574, 0.8183365367411052915, 0.8441612448446143002, 0.8717669672541474846, 0.9011537039723958031, 0.9323214550015893609, 0.9896292903552005304 ),
 .UNSPECIFIED. ) ;
#3440 = CARTESIAN_POINT ( 'NONE',  ( 23.99982295939236465, 0.9602632500303802665, -2.000000000000000000 ) ) ;
#3441 = EDGE_CURVE ( 'NONE', #781, #945, #1876, .T. ) ;
#3442 = LINE ( 'NONE', #5174, #6126 ) ;
#3443 = CARTESIAN_POINT ( 'NONE',  ( 25.36983614870255366, -1.341743455198748824, -2.000000000000000000 ) ) ;
#3444 = EDGE_CURVE ( 'NONE', #5900, #7704, #2608, .T. ) ;
#3445 = CARTESIAN_POINT ( 'NONE',  ( -20.94077984017083338, 12.16847291378769391, 2.099999999999999645 ) ) ;
#3446 = CARTESIAN_POINT ( 'NONE',  ( 11.10648537714066997, 24.13101166629980554, 2.099999999999999645 ) ) ;
#3447 = CARTESIAN_POINT ( 'NONE',  ( 7.650756190596017525, -25.73058353783937235, 2.100000000000000089 ) ) ;
#3448 = CARTESIAN_POINT ( 'NONE',  ( 12.83485696772679852, 20.07512121109398251, 2.099999999999999645 ) ) ;
#3449 = ORIENTED_EDGE ( 'NONE', *, *, #2043, .T. ) ;
#3450 = CARTESIAN_POINT ( 'NONE',  ( -5.376315588043460991, 26.60062371204863041, -2.000000000000000000 ) ) ;
#3451 = CARTESIAN_POINT ( 'NONE',  ( 26.42834229636219945, -9.248929663334868323, -2.000000000000000000 ) ) ;
#3452 = CARTESIAN_POINT ( 'NONE',  ( -12.88702750944971420, 19.82328597831586947, -2.000000000000000000 ) ) ;
#3453 = CARTESIAN_POINT ( 'NONE',  ( -10.25081980592599429, 23.24542008693365958, 2.099999999999999645 ) ) ;
#3454 = CARTESIAN_POINT ( 'NONE',  ( -4.852431640496120302, -25.84840584550507359, 2.100000000000000089 ) ) ;
#3455 = CARTESIAN_POINT ( 'NONE',  ( -18.30266578660393506, -18.21105589998884966, -2.000000000000000000 ) ) ;
#3456 = DIRECTION ( 'NONE',  ( 0.000000000000000000, 0.000000000000000000, -1.000000000000000000 ) ) ;
#3457 = CARTESIAN_POINT ( 'NONE',  ( 10.13323285654344197, -23.09959661296539224, -2.000000000000000000 ) ) ;
#3458 = CARTESIAN_POINT ( 'NONE',  ( -26.06641539771073468, -8.850830286109186318, 2.100000000000000089 ) ) ;
#3459 = CARTESIAN_POINT ( 'NONE',  ( -9.555618961847061499, -22.25484530667600680, 2.099999999999999645 ) ) ;
#3460 = CARTESIAN_POINT ( 'NONE',  ( 4.852431640496131848, -25.84840584550508069, -2.000000000000000000 ) ) ;
#3461 = CARTESIAN_POINT ( 'NONE',  ( 27.42711506948769795, -2.355539727247167647, -2.000000000000000000 ) ) ;
#3462 = CARTESIAN_POINT ( 'NONE',  ( -8.993578510876917065, -21.86672564825610010, -2.000000000000000000 ) ) ;
#3463 = CARTESIAN_POINT ( 'NONE',  ( -24.37956700134304100, -1.099847363974311154, -2.000000000000000000 ) ) ;
#3464 = CARTESIAN_POINT ( 'NONE',  ( 12.36707919775609987, -25.12081464776633055, -2.000000000000000000 ) ) ;
#3465 = CARTESIAN_POINT ( 'NONE',  ( -1.810672407536190187, -24.85107952805193676, 2.099999999999999645 ) ) ;
#3466 = ORIENTED_EDGE ( 'NONE', *, *, #5746, .F. ) ;
#3467 = CARTESIAN_POINT ( 'NONE',  ( -20.74579233589062355, -11.91211842489101791, -2.000000000000000000 ) ) ;
#3468 = EDGE_CURVE ( 'NONE', #341, #6021, #4421, .T. ) ;
#3469 = CARTESIAN_POINT ( 'NONE',  ( 12.88702750944971420, -19.82328597831586947, -2.000000000000000000 ) ) ;
#3470 = CARTESIAN_POINT ( 'NONE',  ( -13.18542992737235764, -19.44527382878997557, 2.099999999999999645 ) ) ;
#3471 = CARTESIAN_POINT ( 'NONE',  ( -22.99371384847795596, 6.601180838822642727, -2.000000000000000000 ) ) ;
#3472 = CARTESIAN_POINT ( 'NONE',  ( 24.95373504430678580, 4.768644361883088045, -2.000000000000000000 ) ) ;
#3473 = DIRECTION ( 'NONE',  ( 1.000000000000000000, 0.000000000000000000, 0.000000000000000000 ) ) ;
#3474 = CARTESIAN_POINT ( 'NONE',  ( 18.60089775827983871, -15.19605903441927630, 2.100000000000000089 ) ) ;
#3475 = CARTESIAN_POINT ( 'NONE',  ( -0.000000000000000000, 0.000000000000000000, -2.000000000000000000 ) ) ;
#3476 = CARTESIAN_POINT ( 'NONE',  ( 12.83485696772680562, -20.07512121109397896, 2.100000000000000089 ) ) ;
#3477 = CARTESIAN_POINT ( 'NONE',  ( -13.58617081224543988, 23.15195374360797942, 2.099999999999999645 ) ) ;
#3478 = ORIENTED_EDGE ( 'NONE', *, *, #2103, .F. ) ;
#3479 = CARTESIAN_POINT ( 'NONE',  ( 24.95373504430678580, -4.768644361883064065, 2.099999999999999645 ) ) ;
#3480 = CARTESIAN_POINT ( 'NONE',  ( 25.03107770533010523, -1.235924829161913374, -2.000000000000000000 ) ) ;
#3481 = CARTESIAN_POINT ( 'NONE',  ( -22.28520553958149719, 13.49243943284463398, -2.000000000000000000 ) ) ;
#3482 = CARTESIAN_POINT ( 'NONE',  ( 7.705310163655081368, -23.69563005194943983, 2.100000000000000089 ) ) ;
#3483 = CARTESIAN_POINT ( 'NONE',  ( 15.68419099428256303, 20.23743569325270997, -2.000000000000000000 ) ) ;
#3484 = ORIENTED_EDGE ( 'NONE', *, *, #4134, .T. ) ;
#3485 = FACE_OUTER_BOUND ( 'NONE', #2371, .T. ) ;
#3486 = CARTESIAN_POINT ( 'NONE',  ( -4.144933467011490791, 24.44197433207706638, -2.000000000000000000 ) ) ;
#3487 = CARTESIAN_POINT ( 'NONE',  ( -13.34952134769245724, -19.34012055804145191, -2.000000000000000000 ) ) ;
#3488 = CARTESIAN_POINT ( 'NONE',  ( -13.61524630358647414, 23.47600944080825869, -2.000000000000000000 ) ) ;
#3489 = CARTESIAN_POINT ( 'NONE',  ( -9.230471089887535285, 21.96684885186929037, -2.000000000000000000 ) ) ;
#3490 = CARTESIAN_POINT ( 'NONE',  ( -25.29380829876430425, -8.116834556469576967, -2.000000000000000000 ) ) ;
#3491 = CARTESIAN_POINT ( 'NONE',  ( -17.91646094264595135, -17.52377780514963490, -2.000000000000000000 ) ) ;
#3492 = CARTESIAN_POINT ( 'NONE',  ( -0.000000000000000000, 0.000000000000000000, -2.000000000000000000 ) ) ;
#3493 = CARTESIAN_POINT ( 'NONE',  ( 7.452140385482001861, -26.79882083607242649, -2.000000000000000000 ) ) ;
#3494 = EDGE_CURVE ( 'NONE', #6573, #7752, #5716, .T. ) ;
#3495 = CARTESIAN_POINT ( 'NONE',  ( -7.616738452866459674, -23.18530238615923977, 2.100000000000000089 ) ) ;
#3496 = CARTESIAN_POINT ( 'NONE',  ( 21.48061666422703553, -12.62686802027752719, 2.100000000000000089 ) ) ;
#3497 = CARTESIAN_POINT ( 'NONE',  ( 27.69989816623198919, -2.535120532296410101, 2.099999999999999645 ) ) ;
#3498 = B_SPLINE_CURVE_WITH_KNOTS ( 'NONE', 3,
 ( #6627, #4168, #3671, #6142, #2421, #7283, #4880, #3710, #1732, #7924, #1768, #4207, #7355, #2383, #6743, #6180, #4842, #1690, #7319, #1079, #6022, #4241, #6700, #6664, #5525, #1157, #1120, #3265, #1368, #6824, #750, #108, #7436, #7562, #4359, #2589, #3751, #1404, #5044, #1934, #70, #3796, #5615, #6259, #710, #3224, #2510, #3880, #5691, #4965, #3187, #6951, #4399, #6333, #789 ),
 .UNSPECIFIED., .F., .F.,
 ( 4, 1, 1, 1, 1, 1, 1, 1, 1, 1, 1, 1, 1, 1, 1, 1, 1, 1, 1, 1, 1, 1, 1, 1, 1, 1, 1, 1, 1, 1, 1, 1, 1, 1, 1, 1, 1, 1, 1, 1, 1, 1, 1, 1, 1, 1, 1, 1, 1, 1, 1, 1, 4 ),
 ( 0.01037070964479163381, 0.06767854499841075011, 0.09884629602760430789, 0.1282330327458526265, 0.1558387551553858108, 0.1816634632588949305, 0.2057071570596704646, 0.2279698365617907063, 0.2484515017704002071, 0.2671521526921107892, 0.2840717893356240475, 0.2992104117127127871, 0.3125680198398574916, 0.3241446137411457817, 0.3339401934538051009, 0.3662021699428081867, 0.3760430630535980256, 0.3856763336118157470, 0.3952492422856400678, 0.4049624801021076692, 0.4150869914083017420, 0.4259748013331248195, 0.4380386266454291411, 0.4516469595390834035, 0.4668849008038628012, 0.4803437228220500677, 0.5000000000000002220, 0.5196562771779504875, 0.5331150991961376429, 0.5483530404609170406, 0.5619613733545713030, 0.5740251986668756246, 0.5849130085916987021, 0.5950375198978927749, 0.6047507577143603763, 0.6143236663881848081, 0.6239569369464024184, 0.6337978300571922574, 0.6660598065461953432, 0.6758553862588546624, 0.6874319801601429525, 0.7007895882872876570, 0.7159282106643762855, 0.7328478473078895439, 0.7515484982296001260, 0.7720301634382096267, 0.7942928429403297574, 0.8183365367411052915, 0.8441612448446143002, 0.8717669672541474846, 0.9011537039723958031, 0.9323214550015893609, 0.9896292903552154074 ),
 .UNSPECIFIED. ) ;
#3499 = CARTESIAN_POINT ( 'NONE',  ( -8.334619726030519260, -21.97658606862351505, -2.000000000000000000 ) ) ;
#3500 = AXIS2_PLACEMENT_3D ( 'NONE', #3824, #405, #3416 ) ;
#3501 = CARTESIAN_POINT ( 'NONE',  ( -23.51224346894561990, -0.3730054609666991761, -2.000000000000000000 ) ) ;
#3502 = CARTESIAN_POINT ( 'NONE',  ( 24.66930537037450577, -7.619416278945021048, 2.100000000000000089 ) ) ;
#3503 = CARTESIAN_POINT ( 'NONE',  ( -1.981471996724997853, -23.84030691368550592, -2.000000000000000000 ) ) ;
#3504 = ORIENTED_EDGE ( 'NONE', *, *, #6298, .F. ) ;
#3505 = CARTESIAN_POINT ( 'NONE',  ( -21.23211141880577912, -10.40363348579838565, -2.000000000000000000 ) ) ;
#3506 = CARTESIAN_POINT ( 'NONE',  ( 13.02793750094272696, -20.86163776548603366, 2.099999999999999645 ) ) ;
#3507 = CARTESIAN_POINT ( 'NONE',  ( -12.84317218923418835, -20.29695877980780594, -2.000000000000000000 ) ) ;
#3508 = CARTESIAN_POINT ( 'NONE',  ( -23.76414829993700906, 7.060866680122685146, -2.000000000000000000 ) ) ;
#3509 = CARTESIAN_POINT ( 'NONE',  ( 26.16863607189503682, 4.567518758412593805, -2.000000000000000000 ) ) ;
#3510 = CARTESIAN_POINT ( 'NONE',  ( 18.51632561903327456, -18.67704107051116225, -2.000000000000000000 ) ) ;
#3511 = CARTESIAN_POINT ( 'NONE',  ( 17.71416793792180400, -15.43316205167865895, 2.100000000000000089 ) ) ;
#3512 = CARTESIAN_POINT ( 'NONE',  ( 22.62472946281695840, 16.49610842548438683, 2.100000000000000089 ) ) ;
#3513 = EDGE_CURVE ( 'NONE', #7308, #5982, #5755, .T. ) ;
#3514 = CARTESIAN_POINT ( 'NONE',  ( -13.25426296490209843, 21.46155364981478542, 2.099999999999999645 ) ) ;
#3515 = ORIENTED_EDGE ( 'NONE', *, *, #6981, .F. ) ;
#3516 = CARTESIAN_POINT ( 'NONE',  ( 24.45163473737931881, -4.792937194118069399, -2.000000000000000000 ) ) ;
#3517 = CARTESIAN_POINT ( 'NONE',  ( -21.07590994840523280, -12.30361618564757720, -2.000000000000000000 ) ) ;
#3518 = CARTESIAN_POINT ( 'NONE',  ( 27.87379644711759497, 2.655456283891203917, -2.000000000000000000 ) ) ;
#3519 = CARTESIAN_POINT ( 'NONE',  ( 14.60388312963064017, -19.32135064906642796, -2.000000000000000000 ) ) ;
#3520 = CARTESIAN_POINT ( 'NONE',  ( 18.73200657000871416, 19.22781655172589055, -2.000000000000000000 ) ) ;
#3521 = CARTESIAN_POINT ( 'NONE',  ( 17.28752988749540620, -16.01445386190351172, 2.099999999999999645 ) ) ;
#3522 = AXIS2_PLACEMENT_3D ( 'NONE', #7442, #6872, #6749 ) ;
#3523 = LINE ( 'NONE', #5993, #5436 ) ;
#3524 = VERTEX_POINT ( 'NONE', #6200 ) ;
#3525 = CIRCLE ( 'NONE', #7538, 27.99999957948218920 ) ;
#3526 = CARTESIAN_POINT ( 'NONE',  ( 18.51632561903327101, 18.67704107051118001, -2.000000000000000000 ) ) ;
#3527 = AXIS2_PLACEMENT_3D ( 'NONE', #183, #4552, #7034 ) ;
#3528 = CARTESIAN_POINT ( 'NONE',  ( -1.680116617298004655, 25.54848055630612791, 2.099999999999999645 ) ) ;
#3529 = CARTESIAN_POINT ( 'NONE',  ( 23.93435179486865749, 4.766524473500989956, -2.000000000000000000 ) ) ;
#3530 = CARTESIAN_POINT ( 'NONE',  ( -25.91507308952765243, 10.60230933436159795, -2.000000000000000000 ) ) ;
#3531 = CARTESIAN_POINT ( 'NONE',  ( -9.121658707306945502, 21.91081161619597495, 2.099999999999999645 ) ) ;
#3532 = CARTESIAN_POINT ( 'NONE',  ( -22.91929613358907147, -6.515359526762117603, -2.000000000000000000 ) ) ;
#3533 = CARTESIAN_POINT ( 'NONE',  ( -17.71416793792180044, -15.43316205167866784, -2.000000000000000000 ) ) ;
#3534 = EDGE_CURVE ( 'NONE', #7799, #5153, #5236, .T. ) ;
#3535 = CARTESIAN_POINT ( 'NONE',  ( -8.334619726030519260, -21.97658606862351505, 2.100000000000000089 ) ) ;
#3536 = CARTESIAN_POINT ( 'NONE',  ( 1.474499619732455580, -26.25856105065617641, 2.099999999999999645 ) ) ;
#3537 = CARTESIAN_POINT ( 'NONE',  ( 10.38530154243853865, -23.40284517865930169, 2.099999999999999645 ) ) ;
#3538 = CARTESIAN_POINT ( 'NONE',  ( -8.686322604036277539, -21.85205998608588374, -2.000000000000000000 ) ) ;
#3539 = ADVANCED_FACE ( 'NONE', ( #7822 ), #1681, .F. ) ;
#3540 = CARTESIAN_POINT ( 'NONE',  ( -24.19711102278062143, -1.042982032116801960, -2.000000000000000000 ) ) ;
#3541 = CARTESIAN_POINT ( 'NONE',  ( 25.29380829876431491, -8.116834556469569861, 2.100000000000000089 ) ) ;
#3542 = CARTESIAN_POINT ( 'NONE',  ( -1.555379675915617765, -26.00494379640384324, 2.099999999999999645 ) ) ;
#3543 = ORIENTED_EDGE ( 'NONE', *, *, #1362, .F. ) ;
#3544 = CARTESIAN_POINT ( 'NONE',  ( -17.37016481680592150, -16.73146461459393208, 2.100000000000000089 ) ) ;
#3545 = DIRECTION ( 'NONE',  ( 1.000000000000000000, 0.000000000000000000, 0.000000000000000000 ) ) ;
#3546 = CARTESIAN_POINT ( 'NONE',  ( -14.10020032022225323, -19.09116743896564117, -2.000000000000000000 ) ) ;
#3547 = CARTESIAN_POINT ( 'NONE',  ( -23.42764417793267384, 4.840656286569369193, -2.000000000000000000 ) ) ;
#3548 = CARTESIAN_POINT ( 'NONE',  ( 23.21393719209897100, 4.939781705126463862, -2.000000000000000000 ) ) ;
#3549 = CARTESIAN_POINT ( 'NONE',  ( 17.83462167525290099, -17.40060223031303011, -2.000000000000000000 ) ) ;
#3550 = CARTESIAN_POINT ( 'NONE',  ( 22.09150218632043305, -16.42439464915884884, 2.100000000000000089 ) ) ;
#3551 = DIRECTION ( 'NONE',  ( 0.3546048870425354549, 0.9350162426854149444, 0.000000000000000000 ) ) ;
#3552 = CARTESIAN_POINT ( 'NONE',  ( -13.61524630358647414, 23.47600944080825869, 2.099999999999999645 ) ) ;
#3553 = ORIENTED_EDGE ( 'NONE', *, *, #5286, .F. ) ;
#3554 = CARTESIAN_POINT ( 'NONE',  ( 24.31153459173804166, -7.374154019703432539, 2.099999999999999645 ) ) ;
#3555 = CARTESIAN_POINT ( 'NONE',  ( -21.10401706161571767, -10.48531763796957428, -2.000000000000000000 ) ) ;
#3556 = CARTESIAN_POINT ( 'NONE',  ( 24.37956700134304100, 1.099847363974308045, -2.000000000000000000 ) ) ;
#3557 = CARTESIAN_POINT ( 'NONE',  ( -24.76338133992250690, -1.168557790373924821, -2.000000000000000000 ) ) ;
#3558 = CARTESIAN_POINT ( 'NONE',  ( 14.42373451280541552, -19.20597537996031434, -2.000000000000000000 ) ) ;
#3559 = CARTESIAN_POINT ( 'NONE',  ( 9.945601713251328135, 22.84599953686306861, 2.099999999999999645 ) ) ;
#3560 = CARTESIAN_POINT ( 'NONE',  ( 17.42017265760603451, 16.82633584436269913, -2.000000000000000000 ) ) ;
#3561 = CARTESIAN_POINT ( 'NONE',  ( 17.37016481680592506, -16.73146461459391787, -2.000000000000000000 ) ) ;
#3562 = ORIENTED_EDGE ( 'NONE', *, *, #7557, .T. ) ;
#3563 = CARTESIAN_POINT ( 'NONE',  ( 18.96747865531316535, 19.95068825634337983, 2.099999999999999645 ) ) ;
#3564 = CARTESIAN_POINT ( 'NONE',  ( -1.379935885169571108, 26.52839079975561276, 2.099999999999999645 ) ) ;
#3565 = CARTESIAN_POINT ( 'NONE',  ( 23.15601641226234975, 6.742658068406557348, -2.000000000000000000 ) ) ;
#3566 = CARTESIAN_POINT ( 'NONE',  ( 15.51594276222061097, 20.11676867469219943, -2.000000000000000000 ) ) ;
#3567 = CARTESIAN_POINT ( 'NONE',  ( 22.90269961712299462, -10.57072003481730782, 2.100000000000000089 ) ) ;
#3568 = CARTESIAN_POINT ( 'NONE',  ( -25.75863198250609898, -8.543467069173807715, -2.000000000000000000 ) ) ;
#3569 = CARTESIAN_POINT ( 'NONE',  ( -7.865059710290389638, 22.21401039568610258, 2.099999999999999645 ) ) ;
#3570 = CARTESIAN_POINT ( 'NONE',  ( 1.906741771391398554, 24.04223096406908766, 2.100000000000000089 ) ) ;
#3571 = CARTESIAN_POINT ( 'NONE',  ( -7.733032203436363439, -24.00987265162541462, 2.100000000000000089 ) ) ;
#3572 = CARTESIAN_POINT ( 'NONE',  ( 1.846803834033468039, -24.33438445894235613, 2.099999999999999645 ) ) ;
#3573 = DIRECTION ( 'NONE',  ( -1.000000000000000000, 0.000000000000000000, 0.000000000000000000 ) ) ;
#3574 = CARTESIAN_POINT ( 'NONE',  ( 21.48061666422701776, 12.62686802027753785, -2.000000000000000000 ) ) ;
#3575 = CARTESIAN_POINT ( 'NONE',  ( 14.42373451280540841, 19.20597537996032500, 2.100000000000000089 ) ) ;
#3576 = CARTESIAN_POINT ( 'NONE',  ( -27.05471844848150909, 2.130765319231053834, 2.099999999999999645 ) ) ;
#3577 = CARTESIAN_POINT ( 'NONE',  ( 26.06641539771070981, -8.850830286109157896, 2.100000000000000089 ) ) ;
#3578 = CARTESIAN_POINT ( 'NONE',  ( -3.846120836016047928, 23.70909028424117082, -2.000000000000000000 ) ) ;
#3579 = CARTESIAN_POINT ( 'NONE',  ( -1.846803834033459157, -24.33438445894234903, -2.000000000000000000 ) ) ;
#3580 = VERTEX_POINT ( 'NONE', #3682 ) ;
#3581 = CARTESIAN_POINT ( 'NONE',  ( -25.38017819848325374, -10.66028906994524839, 2.099999999999999645 ) ) ;
#3582 = CARTESIAN_POINT ( 'NONE',  ( -26.77848301813143905, 4.405768766048581142, 2.100000000000000089 ) ) ;
#3583 = B_SPLINE_CURVE_WITH_KNOTS ( 'NONE', 3,
 ( #6044, #481, #7947, #2407, #5761, #2695, #822, #6321, #6282, #96, #4426, #5071, #777, #5030, #6364, #2044, #3330, #2128, #7548, #4544, #2003, #5800, #6246, #6897, #1432, #5149, #213, #1393, #6938, #4588, #3293, #2577, #7628, #2654, #697, #3949, #5641, #175, #7504, #251, #5111, #2734, #1313, #3866, #737, #3252, #5721, #2082, #3779, #5188, #7025, #3175, #4467, #2613, #1478 ),
 .UNSPECIFIED., .F., .F.,
 ( 4, 1, 1, 1, 1, 1, 1, 1, 1, 1, 1, 1, 1, 1, 1, 1, 1, 1, 1, 1, 1, 1, 1, 1, 1, 1, 1, 1, 1, 1, 1, 1, 1, 1, 1, 1, 1, 1, 1, 1, 1, 1, 1, 1, 1, 1, 1, 1, 1, 1, 1, 1, 4 ),
 ( 0.01037070964479148809, 0.06767854499841075011, 0.09884629602760430789, 0.1282330327458526265, 0.1558387551553858108, 0.1816634632588949305, 0.2057071570596704646, 0.2279698365617907063, 0.2484515017704002071, 0.2671521526921107892, 0.2840717893356240475, 0.2992104117127127871, 0.3125680198398574916, 0.3241446137411457817, 0.3339401934538051009, 0.3662021699428081867, 0.3760430630535980256, 0.3856763336118157470, 0.3952492422856400678, 0.4049624801021076692, 0.4150869914083017420, 0.4259748013331248195, 0.4380386266454291411, 0.4516469595390834035, 0.4668849008038628012, 0.4803437228220500677, 0.5000000000000002220, 0.5196562771779504875, 0.5331150991961376429, 0.5483530404609170406, 0.5619613733545713030, 0.5740251986668756246, 0.5849130085916987021, 0.5950375198978927749, 0.6047507577143603763, 0.6143236663881848081, 0.6239569369464024184, 0.6337978300571922574, 0.6660598065461953432, 0.6758553862588546624, 0.6874319801601429525, 0.7007895882872876570, 0.7159282106643762855, 0.7328478473078895439, 0.7515484982296001260, 0.7720301634382096267, 0.7942928429403297574, 0.8183365367411052915, 0.8441612448446143002, 0.8717669672541474846, 0.9011537039723958031, 0.9323214550015893609, 0.9896292903552151854 ),
 .UNSPECIFIED. ) ;
#3584 = CARTESIAN_POINT ( 'NONE',  ( -17.51894836651075948, -21.23397411162331139, -2.000000000000000000 ) ) ;
#3585 = CARTESIAN_POINT ( 'NONE',  ( -23.21393719209896034, 4.939781705126430111, -2.000000000000000000 ) ) ;
#3586 = FACE_OUTER_BOUND ( 'NONE', #5159, .T. ) ;
#3587 = CARTESIAN_POINT ( 'NONE',  ( 17.26619031893428513, -16.42019235248054443, -2.000000000000000000 ) ) ;
#3588 = CARTESIAN_POINT ( 'NONE',  ( 18.49458355994169523, -15.17355739294053940, 2.100000000000000089 ) ) ;
#3589 = CARTESIAN_POINT ( 'NONE',  ( 22.09815905990547336, -10.35588323418787304, -2.000000000000000000 ) ) ;
#3590 = ORIENTED_EDGE ( 'NONE', *, *, #1515, .T. ) ;
#3591 = CARTESIAN_POINT ( 'NONE',  ( 23.76414829993700906, -7.060866680122694028, 2.099999999999999645 ) ) ;
#3592 = CARTESIAN_POINT ( 'NONE',  ( -25.91507308940478538, -10.60230933437667211, -2.000000000000000000 ) ) ;
#3593 = CARTESIAN_POINT ( 'NONE',  ( 27.87379644711760207, -2.655456283891122649, -2.000000000000000000 ) ) ;
#3594 = CARTESIAN_POINT ( 'NONE',  ( 17.51894836647310782, -21.23397411160632942, -2.000000000000000000 ) ) ;
#3595 = CARTESIAN_POINT ( 'NONE',  ( 17.26619031893427447, 16.42019235248055509, -2.000000000000000000 ) ) ;
#3596 = CARTESIAN_POINT ( 'NONE',  ( 18.19936168673940813, -18.00918889841834414, 2.099999999999999645 ) ) ;
#3597 = ORIENTED_EDGE ( 'NONE', *, *, #1340, .T. ) ;
#3598 = ORIENTED_EDGE ( 'NONE', *, *, #6971, .T. ) ;
#3599 = PLANE ( 'NONE',  #5873 ) ;
#3600 = CARTESIAN_POINT ( 'NONE',  ( -1.824858090210279782, 24.72368248555339676, -2.000000000000000000 ) ) ;
#3601 = CARTESIAN_POINT ( 'NONE',  ( 26.24483786523220274, 1.701370919965213835, 2.100000000000000089 ) ) ;
#3602 = CARTESIAN_POINT ( 'NONE',  ( 13.50602898338108382, 19.22398027845277468, -2.000000000000000000 ) ) ;
#3603 = CARTESIAN_POINT ( 'NONE',  ( -18.40868586258353545, 18.43357243192680173, 2.099999999999999645 ) ) ;
#3604 = CARTESIAN_POINT ( 'NONE',  ( -1.906741771391428530, 24.04223096406908056, 2.100000000000000089 ) ) ;
#3605 = CARTESIAN_POINT ( 'NONE',  ( -7.701896059577427955, 22.44925656542958592, 2.099999999999999645 ) ) ;
#3606 = EDGE_CURVE ( 'NONE', #61, #353, #1464, .T. ) ;
#3607 = CARTESIAN_POINT ( 'NONE',  ( -7.715738321650221110, -25.14266413352904550, 2.100000000000000089 ) ) ;
#3608 = CARTESIAN_POINT ( 'NONE',  ( 1.824858090210271566, -24.72368248555339676, -2.000000000000000000 ) ) ;
#3609 = DIRECTION ( 'NONE',  ( 0.000000000000000000, 0.000000000000000000, 1.000000000000000000 ) ) ;
#3610 = CARTESIAN_POINT ( 'NONE',  ( 22.28520553958147943, 13.49243943284464819, -2.000000000000000000 ) ) ;
#3611 = CARTESIAN_POINT ( 'NONE',  ( 13.10549974122802475, 21.04367979295773949, 2.100000000000000089 ) ) ;
#3612 = FACE_OUTER_BOUND ( 'NONE', #4616, .T. ) ;
#3613 = CARTESIAN_POINT ( 'NONE',  ( 24.86659007404523791, -7.767174896947393492, 2.100000000000000089 ) ) ;
#3614 = DIRECTION ( 'NONE',  ( -0.000000000000000000, 0.000000000000000000, -1.000000000000000000 ) ) ;
#3615 = CARTESIAN_POINT ( 'NONE',  ( -3.952016953262624366, -23.89496924813285261, 2.099999999999999645 ) ) ;
#3616 = ORIENTED_EDGE ( 'NONE', *, *, #145, .T. ) ;
#3617 = CARTESIAN_POINT ( 'NONE',  ( -18.00520414013333692, -17.66596715945037843, 2.100000000000000089 ) ) ;
#3618 = CARTESIAN_POINT ( 'NONE',  ( 4.713207230075936671, -25.62151411210379948, -2.000000000000000000 ) ) ;
#3619 = CARTESIAN_POINT ( 'NONE',  ( -3.612999446203290610, -23.45707906485273142, 2.100000000000000089 ) ) ;
#3620 = CARTESIAN_POINT ( 'NONE',  ( -23.00007343659231651, 5.130111501463086476, 2.099999999999999645 ) ) ;
#3621 = CARTESIAN_POINT ( 'NONE',  ( -17.71416793792180044, -15.43316205167866784, 2.099999999999999645 ) ) ;
#3622 = CARTESIAN_POINT ( 'NONE',  ( 19.31055424225242589, -15.54648119520596161, -2.000000000000000000 ) ) ;
#3623 = CARTESIAN_POINT ( 'NONE',  ( 18.19936168673940813, -18.00918889841834414, 2.100000000000000089 ) ) ;
#3624 = CARTESIAN_POINT ( 'NONE',  ( 28.00000000000000355, 0.000000000000000000, -3.599999999999998757 ) ) ;
#3625 = AXIS2_PLACEMENT_3D ( 'NONE', #5682, #824, #3295 ) ;
#3626 = ORIENTED_EDGE ( 'NONE', *, *, #1753, .T. ) ;
#3627 = EDGE_CURVE ( 'NONE', #6286, #4666, #411, .T. ) ;
#3628 = CARTESIAN_POINT ( 'NONE',  ( 23.58537593626265050, -6.976039544898372746, -2.000000000000000000 ) ) ;
#3629 = CARTESIAN_POINT ( 'NONE',  ( -20.71178771499497628, -11.09036006156943088, -2.000000000000000000 ) ) ;
#3630 = CARTESIAN_POINT ( 'NONE',  ( -24.12574046566792063, 4.783694468719397186, -2.000000000000000000 ) ) ;
#3631 = CARTESIAN_POINT ( 'NONE',  ( 22.62472946281712183, 16.49610842548441170, -2.000000000000000000 ) ) ;
#3632 = DIRECTION ( 'NONE',  ( 0.000000000000000000, 0.000000000000000000, -1.000000000000000000 ) ) ;
#3633 = CARTESIAN_POINT ( 'NONE',  ( 18.96747865531317956, -19.95068825634338339, -2.000000000000000000 ) ) ;
#3634 = DIRECTION ( 'NONE',  ( 1.000000000000000000, 0.000000000000000000, 0.000000000000000000 ) ) ;
#3635 = B_SPLINE_CURVE_WITH_KNOTS ( 'NONE', 3,
 ( #7209, #1657, #4614, #7094, #3520, #4135, #4016, #1045, #6632, #7854, #3675, #5377, #4770, #4285, #2918, #2310, #4210, #3560, #5531, #6027, #501, #3595, #4809, #6668, #1086, #1207, #6101, #1124, #6064, #6145, #6707, #4847, #431, #6748, #1737, #4886, #8004, #2990, #5488, #5448, #5991, #466, #2954, #7246, #7323, #1160, #1695, #7964, #584, #5412, #7890, #1857, #3028, #4325, #3631 ),
 .UNSPECIFIED., .F., .F.,
 ( 4, 1, 1, 1, 1, 1, 1, 1, 1, 1, 1, 1, 1, 1, 1, 1, 1, 1, 1, 1, 1, 1, 1, 1, 1, 1, 1, 1, 1, 1, 1, 1, 1, 1, 1, 1, 1, 1, 1, 1, 1, 1, 1, 1, 1, 1, 1, 1, 1, 1, 1, 1, 4 ),
 ( 0.01037070964479186105, 0.06767854499841075011, 0.09884629602760430789, 0.1282330327458526265, 0.1558387551553858108, 0.1816634632588949305, 0.2057071570596704646, 0.2279698365617907063, 0.2484515017704002071, 0.2671521526921107892, 0.2840717893356240475, 0.2992104117127127871, 0.3125680198398574916, 0.3241446137411457817, 0.3339401934538051009, 0.3662021699428081867, 0.3760430630535980256, 0.3856763336118157470, 0.3952492422856400678, 0.4049624801021076692, 0.4150869914083017420, 0.4259748013331248195, 0.4380386266454291411, 0.4516469595390834035, 0.4668849008038628012, 0.4803437228220500677, 0.5000000000000002220, 0.5196562771779504875, 0.5331150991961376429, 0.5483530404609170406, 0.5619613733545713030, 0.5740251986668756246, 0.5849130085916987021, 0.5950375198978927749, 0.6047507577143603763, 0.6143236663881848081, 0.6239569369464024184, 0.6337978300571922574, 0.6660598065461953432, 0.6758553862588546624, 0.6874319801601429525, 0.7007895882872876570, 0.7159282106643762855, 0.7328478473078895439, 0.7515484982296001260, 0.7720301634382096267, 0.7942928429403297574, 0.8183365367411052915, 0.8441612448446143002, 0.8717669672541474846, 0.9011537039723958031, 0.9323214550015893609, 0.9896292903552151854 ),
 .UNSPECIFIED. ) ;
#3636 = CARTESIAN_POINT ( 'NONE',  ( 26.24483786523219209, -1.701370919965213169, 2.100000000000000089 ) ) ;
#3637 = VERTEX_POINT ( 'NONE', #470 ) ;
#3638 = CIRCLE ( 'NONE', #5322, 1.750000000000001554 ) ;
#3639 = EDGE_LOOP ( 'NONE', ( #4431, #550 ) ) ;
#3640 = CARTESIAN_POINT ( 'NONE',  ( 18.09985454995500120, 17.82762258356555307, -2.000000000000000000 ) ) ;
#3641 = CARTESIAN_POINT ( 'NONE',  ( -1.680116617298004655, 25.54848055630612791, -2.000000000000000000 ) ) ;
#3642 = CARTESIAN_POINT ( 'NONE',  ( 25.15968768847577763, 4.747395707336154125, -2.000000000000000000 ) ) ;
#3643 = CARTESIAN_POINT ( 'NONE',  ( -22.09150218636105478, 16.42439464916632019, -2.000000000000000000 ) ) ;
#3644 = CARTESIAN_POINT ( 'NONE',  ( 15.87213422487471881, 20.36431896814134035, -2.000000000000000000 ) ) ;
#3645 = CARTESIAN_POINT ( 'NONE',  ( -18.30266578660394217, 18.21105589998883545, 2.099999999999999645 ) ) ;
#3646 = VECTOR ( 'NONE', #745, 1000.000000000000000 ) ;
#3647 = CARTESIAN_POINT ( 'NONE',  ( -23.58537593626265050, -6.976039544898380740, -2.000000000000000000 ) ) ;
#3648 = CARTESIAN_POINT ( 'NONE',  ( -7.657608382361899224, 22.56335699501520509, 2.099999999999999645 ) ) ;
#3649 = CIRCLE ( 'NONE', #1730, 1.749999999999999778 ) ;
#3650 = AXIS2_PLACEMENT_3D ( 'NONE', #6507, #7120, #7567 ) ;
#3651 = CARTESIAN_POINT ( 'NONE',  ( -7.733573568718044910, -24.87706067138157806, 2.100000000000000089 ) ) ;
#3652 = CARTESIAN_POINT ( 'NONE',  ( 1.790249464186372208, -24.99754724227145530, -2.000000000000000000 ) ) ;
#3653 = CARTESIAN_POINT ( 'NONE',  ( -14.84924240491748826, -14.84924240491749892, 2.100000000000001865 ) ) ;
#3654 = CARTESIAN_POINT ( 'NONE',  ( 22.12901452267051639, 13.30176109182833244, 2.099999999999999645 ) ) ;
#3655 = CARTESIAN_POINT ( 'NONE',  ( 13.96529143882090196, 19.07901412642182848, 2.100000000000000089 ) ) ;
#3656 = AXIS2_PLACEMENT_3D ( 'NONE', #3057, #7959, #3551 ) ;
#3657 = FACE_BOUND ( 'NONE', #6538, .T. ) ;
#3658 = CARTESIAN_POINT ( 'NONE',  ( 23.53223775966786491, -4.811173829118819967, 2.100000000000000089 ) ) ;
#3659 = CARTESIAN_POINT ( 'NONE',  ( 16.59924240491750425, -14.84924240491749714, 2.100000000000001865 ) ) ;
#3660 = CARTESIAN_POINT ( 'NONE',  ( 1.270707428516364201, 26.81384534371724371, -2.000000000000000000 ) ) ;
#3661 = ORIENTED_EDGE ( 'NONE', *, *, #6574, .F. ) ;
#3662 = CARTESIAN_POINT ( 'NONE',  ( -17.42017265760603806, -16.82633584436269913, 2.100000000000000089 ) ) ;
#3663 = CARTESIAN_POINT ( 'NONE',  ( 3.612999446203297715, -23.45707906485272431, -2.000000000000000000 ) ) ;
#3664 = CARTESIAN_POINT ( 'NONE',  ( -1.145856306001357350, -27.11429446801520271, 2.100000000000000089 ) ) ;
#3665 = CARTESIAN_POINT ( 'NONE',  ( -17.45584392081710945, -15.72474958968643044, 2.099999999999999645 ) ) ;
#3666 = CARTESIAN_POINT ( 'NONE',  ( 17.35181857730701083, -15.87069998699208462, -2.000000000000000000 ) ) ;
#3667 = FACE_OUTER_BOUND ( 'NONE', #7393, .T. ) ;
#3668 = CARTESIAN_POINT ( 'NONE',  ( 24.02931632081063995, -10.69009516955077110, -2.000000000000000000 ) ) ;
#3669 = VECTOR ( 'NONE', #2726, 1000.000000000000000 ) ;
#3670 = ORIENTED_EDGE ( 'NONE', *, *, #3468, .T. ) ;
#3671 = CARTESIAN_POINT ( 'NONE',  ( -13.64180598451630821, -23.91017226872975598, -2.000000000000000000 ) ) ;
#3672 = CARTESIAN_POINT ( 'NONE',  ( -11.58603556222320563, 24.54102139527086379, -2.000000000000000000 ) ) ;
#3673 = CARTESIAN_POINT ( 'NONE',  ( -24.09676835437406339, 1.005131229266917225, -2.000000000000000000 ) ) ;
#3674 = CARTESIAN_POINT ( 'NONE',  ( 18.01951879739596052, -21.43121365581736271, -2.000000000000000000 ) ) ;
#3675 = CARTESIAN_POINT ( 'NONE',  ( 18.09985454995500120, 17.82762258356555307, -2.000000000000000000 ) ) ;
#3676 = CARTESIAN_POINT ( 'NONE',  ( 24.66930537037450577, 7.619416278945045029, 2.100000000000000089 ) ) ;
#3677 = CARTESIAN_POINT ( 'NONE',  ( 18.83778878485559360, -19.53549755878801264, 2.099999999999999645 ) ) ;
#3678 = CARTESIAN_POINT ( 'NONE',  ( 24.76338133992250334, -1.168557790373921490, 2.100000000000000089 ) ) ;
#3679 = ORIENTED_EDGE ( 'NONE', *, *, #729, .T. ) ;
#3680 = ORIENTED_EDGE ( 'NONE', *, *, #2346, .F. ) ;
#3681 = CARTESIAN_POINT ( 'NONE',  ( 18.25928954266904469, 15.16201400375275199, -2.000000000000000000 ) ) ;
#3682 = CARTESIAN_POINT ( 'NONE',  ( -27.87379644711753102, -2.655456283891160840, 2.100000000000000089 ) ) ;
#3683 = CARTESIAN_POINT ( 'NONE',  ( -24.02931632081063995, 10.69009516955076933, -2.000000000000000000 ) ) ;
#3684 = CARTESIAN_POINT ( 'NONE',  ( 4.082273444348664349, 24.25428063893853547, -2.000000000000000000 ) ) ;
#3685 = CARTESIAN_POINT ( 'NONE',  ( 15.68419099428256303, 20.23743569325270997, -2.000000000000000000 ) ) ;
#3686 = CARTESIAN_POINT ( 'NONE',  ( 21.80373651133527702, -10.30832712212200342, 2.100000000000000089 ) ) ;
#3687 = CARTESIAN_POINT ( 'NONE',  ( 7.688595528318259653, 23.56854007989867483, -2.000000000000000000 ) ) ;
#3688 = CARTESIAN_POINT ( 'NONE',  ( -7.688595528318266759, 23.56854007989867128, 2.099999999999999645 ) ) ;
#3689 = CARTESIAN_POINT ( 'NONE',  ( 3.612999446203277287, 23.45707906485273497, 2.100000000000000089 ) ) ;
#3690 = CARTESIAN_POINT ( 'NONE',  ( 22.78920619399658420, 14.18622855212693246, -2.000000000000000000 ) ) ;
#3691 = CARTESIAN_POINT ( 'NONE',  ( -24.76692767734244782, -4.782579349257321866, -2.000000000000000000 ) ) ;
#3692 = CARTESIAN_POINT ( 'NONE',  ( 0.7237198719922640633, -27.99064497298940424, 2.099999999999999645 ) ) ;
#3693 = CARTESIAN_POINT ( 'NONE',  ( 11.10648537714067530, -24.13101166629980199, 2.099999999999999645 ) ) ;
#3694 = CARTESIAN_POINT ( 'NONE',  ( 22.78920619399658420, 14.18622855212693246, -2.000000000000000000 ) ) ;
#3695 = CARTESIAN_POINT ( 'NONE',  ( 16.08024905276406713, 20.49638744246056632, 2.100000000000000089 ) ) ;
#3696 = DIRECTION ( 'NONE',  ( 0.000000000000000000, 0.000000000000000000, -1.000000000000000000 ) ) ;
#3697 = CARTESIAN_POINT ( 'NONE',  ( -4.852431640496120302, -25.84840584550507359, -2.000000000000000000 ) ) ;
#3698 = CARTESIAN_POINT ( 'NONE',  ( -1.726035193247326571, 25.34659078107458896, -2.000000000000000000 ) ) ;
#3699 = CARTESIAN_POINT ( 'NONE',  ( 0.7237198719922581791, 27.99064497298936161, -2.000000000000000000 ) ) ;
#3700 = VERTEX_POINT ( 'NONE', #4215 ) ;
#3701 = CARTESIAN_POINT ( 'NONE',  ( -17.59296804644543855, -15.58600964088961049, 2.100000000000000089 ) ) ;
#3702 = CARTESIAN_POINT ( 'NONE',  ( 4.030460310774762966, -24.06924055886029024, -2.000000000000000000 ) ) ;
#3703 = CARTESIAN_POINT ( 'NONE',  ( -16.55868018414818010, -20.77185239767593217, -2.000000000000000000 ) ) ;
#3704 = CARTESIAN_POINT ( 'NONE',  ( -18.19936168673940102, -18.00918889841835480, -2.000000000000000000 ) ) ;
#3705 = CARTESIAN_POINT ( 'NONE',  ( 20.64571337519312877, 11.25696429976831681, 2.100000000000000089 ) ) ;
#3706 = CARTESIAN_POINT ( 'NONE',  ( -10.13323285654344375, 23.09959661296538513, 2.100000000000000089 ) ) ;
#3707 = CARTESIAN_POINT ( 'NONE',  ( 21.35721522671292760, -10.35169942632023066, -2.000000000000000000 ) ) ;
#3708 = ADVANCED_FACE ( 'NONE', ( #3922 ), #6591, .F. ) ;
#3709 = EDGE_LOOP ( 'NONE', ( #6795, #2168 ) ) ;
#3710 = CARTESIAN_POINT ( 'NONE',  ( -13.46232027610273718, -22.30341320457492671, -2.000000000000000000 ) ) ;
#3711 = CARTESIAN_POINT ( 'NONE',  ( -21.69704443755540169, -10.30300297322495418, -2.000000000000000000 ) ) ;
#3712 = CARTESIAN_POINT ( 'NONE',  ( -27.69932686549411116, 4.092342562581378296, -2.000000000000000000 ) ) ;
#3713 = CARTESIAN_POINT ( 'NONE',  ( 13.35177211813242515, -19.34338136197018798, -2.000000000000000000 ) ) ;
#3714 = CARTESIAN_POINT ( 'NONE',  ( 25.75863198250609543, 8.543467069173823702, 2.099999999999999645 ) ) ;
#3715 = CARTESIAN_POINT ( 'NONE',  ( -25.03107770533010523, -1.235924829161916927, 2.100000000000000089 ) ) ;
#3716 = CARTESIAN_POINT ( 'NONE',  ( 25.15968768847577763, 4.747395707336154125, 2.100000000000000089 ) ) ;
#3717 = CYLINDRICAL_SURFACE ( 'NONE', #3929, 1.749999999999996447 ) ;
#3718 = CARTESIAN_POINT ( 'NONE',  ( 26.77150907641003386, -1.970609361940795390, 2.100000000000000089 ) ) ;
#3719 = EDGE_LOOP ( 'NONE', ( #6711, #4731, #3515, #3504 ) ) ;
#3720 = ORIENTED_EDGE ( 'NONE', *, *, #5764, .T. ) ;
#3721 = CARTESIAN_POINT ( 'NONE',  ( 17.98147192499883573, 15.23115522593614024, 2.099999999999999645 ) ) ;
#3722 = CARTESIAN_POINT ( 'NONE',  ( 14.21926140100350722, -19.11953582679382535, -2.000000000000000000 ) ) ;
#3723 = CARTESIAN_POINT ( 'NONE',  ( -22.27987727495455061, 10.41835660743990033, -2.000000000000000000 ) ) ;
#3724 = CARTESIAN_POINT ( 'NONE',  ( 3.846120836016019062, 23.70909028424117437, -2.000000000000000000 ) ) ;
#3725 = CARTESIAN_POINT ( 'NONE',  ( -20.86952096496492004, 12.08832612917522376, 2.099999999999999645 ) ) ;
#3726 = CARTESIAN_POINT ( 'NONE',  ( 20.74579233589062355, -11.91211842489101258, 2.100000000000000089 ) ) ;
#3727 = CARTESIAN_POINT ( 'NONE',  ( 0.7237198720500166438, -27.99064497287968223, 2.100000000000000089 ) ) ;
#3728 = CARTESIAN_POINT ( 'NONE',  ( -7.768531058981745119, 22.33132486425837016, -2.000000000000000000 ) ) ;
#3729 = EDGE_CURVE ( 'NONE', #5870, #5982, #1589, .T. ) ;
#3730 = CARTESIAN_POINT ( 'NONE',  ( -10.70787966366669330, -23.74905515802277378, 2.100000000000000089 ) ) ;
#3731 = EDGE_CURVE ( 'NONE', #1814, #7592, #308, .T. ) ;
#3732 = CARTESIAN_POINT ( 'NONE',  ( -22.82097940566847782, -5.624866236205940950, 2.099999999999999645 ) ) ;
#3733 = CARTESIAN_POINT ( 'NONE',  ( -21.10401706161571767, -10.48531763796957428, 2.100000000000000089 ) ) ;
#3734 = CARTESIAN_POINT ( 'NONE',  ( 8.843531895616193239, -21.84292484346595842, 2.099999999999999645 ) ) ;
#3735 = CARTESIAN_POINT ( 'NONE',  ( 20.61769535193586123, 11.41192623884529844, -2.000000000000000000 ) ) ;
#3736 = CARTESIAN_POINT ( 'NONE',  ( 13.50602898338108382, 19.22398027845277468, 2.100000000000000089 ) ) ;
#3737 = CARTESIAN_POINT ( 'NONE',  ( -26.50130185302209540, 1.827769560624219913, 2.099999999999999645 ) ) ;
#3738 = CARTESIAN_POINT ( 'NONE',  ( -3.902347153244126510, -23.79992060087550598, -2.000000000000000000 ) ) ;
#3739 = CARTESIAN_POINT ( 'NONE',  ( -2.105634209995062012, 23.64010634127342669, -2.000000000000000000 ) ) ;
#3740 = CARTESIAN_POINT ( 'NONE',  ( -3.781464864188896158, -23.62174820993211100, -2.000000000000000000 ) ) ;
#3741 = ORIENTED_EDGE ( 'NONE', *, *, #1515, .F. ) ;
#3742 = CARTESIAN_POINT ( 'NONE',  ( -7.745447077757172671, -24.40400991946479081, -2.000000000000000000 ) ) ;
#3743 = CARTESIAN_POINT ( 'NONE',  ( -24.66930537037450932, -7.619416278945030818, -2.000000000000000000 ) ) ;
#3744 = CARTESIAN_POINT ( 'NONE',  ( 5.008822010445495465, -26.08776424953685336, -2.000000000000000000 ) ) ;
#3745 = CARTESIAN_POINT ( 'NONE',  ( -18.01951879751186425, -21.43121365586116411, -2.000000000000000000 ) ) ;
#3746 = CARTESIAN_POINT ( 'NONE',  ( -17.91646094264595135, -17.52377780514963490, -2.000000000000000000 ) ) ;
#3747 = CARTESIAN_POINT ( 'NONE',  ( 21.58955567576247958, 12.72687891813090921, 2.100000000000000089 ) ) ;
#3748 = DIRECTION ( 'NONE',  ( 0.000000000000000000, 0.000000000000000000, -1.000000000000000000 ) ) ;
#3749 = CARTESIAN_POINT ( 'NONE',  ( 21.70974829699418507, -12.84369887095659557, 2.099999999999999645 ) ) ;
#3750 = ORIENTED_EDGE ( 'NONE', *, *, #7489, .T. ) ;
#3751 = CARTESIAN_POINT ( 'NONE',  ( -14.51573139705936377, -19.26027195864160291, -2.000000000000000000 ) ) ;
#3752 = CARTESIAN_POINT ( 'NONE',  ( -21.38382933992361501, -12.54282366362884815, 2.099999999999999645 ) ) ;
#3753 = CARTESIAN_POINT ( 'NONE',  ( -23.72154950710865506, 0.7592181733933760501, -2.000000000000000000 ) ) ;
#3754 = CARTESIAN_POINT ( 'NONE',  ( 8.148726673636440765, 22.03570943365874513, 2.100000000000000089 ) ) ;
#3755 = CARTESIAN_POINT ( 'NONE',  ( 24.66930537037450577, 7.619416278945045029, -2.000000000000000000 ) ) ;
#3756 = CARTESIAN_POINT ( 'NONE',  ( -20.77276083323512523, 16.13005223007172972, -2.000000000000000000 ) ) ;
#3757 = FACE_OUTER_BOUND ( 'NONE', #3846, .T. ) ;
#3758 = CARTESIAN_POINT ( 'NONE',  ( 20.28441937235455583, 15.97411852388380638, 2.100000000000000089 ) ) ;
#3759 = B_SPLINE_SURFACE_WITH_KNOTS ( 'NONE', 3, 1, ( 
 ( #2013, #4476 ),
 ( #6373, #4554 ),
 ( #6535, #1104 ),
 ( #2900, #7226 ),
 ( #7835, #1717 ),
 ( #2252, #6609 ),
 ( #1604, #4752 ),
 ( #5854, #376 ),
 ( #7719, #2934 ),
 ( #2175, #7190 ),
 ( #4631, #4077 ),
 ( #991, #7111 ),
 ( #5359, #2859 ),
 ( #1560, #951 ),
 ( #5319, #4032 ),
 ( #6570, #7871 ),
 ( #3463, #1064 ),
 ( #3540, #7796 ),
 ( #6494, #4717 ),
 ( #5931, #3422 ),
 ( #5897, #2292 ),
 ( #1640, #5240 ),
 ( #338, #4115 ),
 ( #2326, #1026 ),
 ( #5276, #2822 ),
 ( #3501, #5967 ),
 ( #302, #4788 ),
 ( #2786, #412 ),
 ( #1673, #4155 ),
 ( #6007, #7149 ),
 ( #7758, #448 ),
 ( #4192, #5394 ),
 ( #7265, #6648 ),
 ( #2213, #4672 ),
 ( #6127, #5552 ),
 ( #650, #4308 ),
 ( #4906, #3010 ),
 ( #7341, #1919 ),
 ( #2972, #10 ),
 ( #3086, #566 ),
 ( #7985, #5469 ),
 ( #7304, #606 ),
 ( #5602, #4387 ),
 ( #6810, #1790 ),
 ( #3048, #4866 ),
 ( #5510, #6852 ),
 ( #6686, #2367 ),
 ( #2494, #1754 ),
 ( #1833, #4226 ),
 ( #7380, #3737 ),
 ( #4951, #4993 ),
 ( #1141, #3576 ),
 ( #6771, #7423 ),
 ( #57, #1879 ),
 ( #4266, #6728 ) ),
 .UNSPECIFIED., .F., .F., .F.,
 ( 4, 1, 1, 1, 1, 1, 1, 1, 1, 1, 1, 1, 1, 1, 1, 1, 1, 1, 1, 1, 1, 1, 1, 1, 1, 1, 1, 1, 1, 1, 1, 1, 1, 1, 1, 1, 1, 1, 1, 1, 1, 1, 1, 1, 1, 1, 1, 1, 1, 1, 1, 1, 4 ),
 ( 2, 2 ),
 ( 0.01037070963360204462, 0.06767854499841075011, 0.09884629602760430789, 0.1282330327458526265, 0.1558387551553858108, 0.1816634632588949305, 0.2057071570596704646, 0.2279698365617907063, 0.2484515017704002071, 0.2671521526921107892, 0.2840717893356240475, 0.2992104117127127871, 0.3125680198398574916, 0.3241446137411457817, 0.3339401934538051009, 0.3662021699428081867, 0.3760430630535980256, 0.3856763336118157470, 0.3952492422856400678, 0.4049624801021076692, 0.4150869914083017420, 0.4259748013331248195, 0.4380386266454291411, 0.4516469595390834035, 0.4668849008038628012, 0.4803437228220500677, 0.5000000000000002220, 0.5196562771779504875, 0.5331150991961376429, 0.5483530404609170406, 0.5619613733545713030, 0.5740251986668756246, 0.5849130085916987021, 0.5950375198978927749, 0.6047507577143603763, 0.6143236663881848081, 0.6239569369464024184, 0.6337978300571922574, 0.6660598065461953432, 0.6758553862588546624, 0.6874319801601429525, 0.7007895882872876570, 0.7159282106643762855, 0.7328478473078895439, 0.7515484982296001260, 0.7720301634382096267, 0.7942928429403297574, 0.8183365367411052915, 0.8441612448446143002, 0.8717669672541474846, 0.9011537039723958031, 0.9323214550015893609, 0.9896292903664016816 ),
 ( 0.000000000000000000, 1.000000000000000000 ),
 .UNSPECIFIED. ) ;
#3760 = CARTESIAN_POINT ( 'NONE',  ( 23.72154950710864441, 0.7592181733933792698, 2.100000000000000089 ) ) ;
#3761 = VERTEX_POINT ( 'NONE', #1723 ) ;
#3762 = LINE ( 'NONE', #198, #264 ) ;
#3763 = CARTESIAN_POINT ( 'NONE',  ( 18.38167992440536835, 15.16106487615013521, 2.099999999999999645 ) ) ;
#3764 = CARTESIAN_POINT ( 'NONE',  ( 14.10020032022225323, -19.09116743896563051, 2.099999999999999645 ) ) ;
#3765 = CARTESIAN_POINT ( 'NONE',  ( -24.94597949059291864, 10.68625558496336048, -2.000000000000000000 ) ) ;
#3766 = CARTESIAN_POINT ( 'NONE',  ( 3.705239350424536671, 23.53752846792088960, -2.000000000000000000 ) ) ;
#3767 = CARTESIAN_POINT ( 'NONE',  ( -21.35721522671292760, 10.35169942632023066, 2.099999999999999645 ) ) ;
#3768 = CARTESIAN_POINT ( 'NONE',  ( -0.000000000000000000, 0.000000000000000000, -2.000000000000000000 ) ) ;
#3769 = CARTESIAN_POINT ( 'NONE',  ( 11.58603556222320385, -24.54102139527087090, 2.100000000000000089 ) ) ;
#3770 = VECTOR ( 'NONE', #6261, 1000.000000000000000 ) ;
#3771 = CARTESIAN_POINT ( 'NONE',  ( 4.713207230075915355, 25.62151411210381369, 2.100000000000000089 ) ) ;
#3772 = CARTESIAN_POINT ( 'NONE',  ( -9.408316245588473237, -22.09971024729809130, 2.100000000000000089 ) ) ;
#3773 = CARTESIAN_POINT ( 'NONE',  ( -24.95373504430678224, -4.768644361883073834, 2.099999999999999645 ) ) ;
#3774 = CARTESIAN_POINT ( 'NONE',  ( -20.94077984017082983, -12.16847291378769924, 2.100000000000000089 ) ) ;
#3775 = CARTESIAN_POINT ( 'NONE',  ( 7.733573568718056457, -24.87706067138158872, -2.000000000000000000 ) ) ;
#3776 = CARTESIAN_POINT ( 'NONE',  ( 23.08741356227222141, 10.60189590196924314, -2.000000000000000000 ) ) ;
#3777 = CARTESIAN_POINT ( 'NONE',  ( 3.612999446203297715, -23.45707906485272431, 2.100000000000000089 ) ) ;
#3778 = CARTESIAN_POINT ( 'NONE',  ( -25.29380829876431136, 8.116834556469559203, -2.000000000000000000 ) ) ;
#3779 = CARTESIAN_POINT ( 'NONE',  ( 4.852431640496106091, 25.84840584550507714, -2.000000000000000000 ) ) ;
#3780 = EDGE_CURVE ( 'NONE', #7141, #2798, #2791, .T. ) ;
#3781 = CARTESIAN_POINT ( 'NONE',  ( -3.705239350424549549, -23.53752846792088604, -2.000000000000000000 ) ) ;
#3782 = CARTESIAN_POINT ( 'NONE',  ( 22.85726476338738422, -5.433202019314283149, -2.000000000000000000 ) ) ;
#3783 = CARTESIAN_POINT ( 'NONE',  ( -4.030460310774755861, -24.06924055886029734, 2.099999999999999645 ) ) ;
#3784 = EDGE_CURVE ( 'NONE', #7997, #4676, #7660, .T. ) ;
#3785 = ORIENTED_EDGE ( 'NONE', *, *, #3731, .T. ) ;
#3786 = CARTESIAN_POINT ( 'NONE',  ( -19.31055424225241879, -15.54648119520597227, 2.100000000000000089 ) ) ;
#3787 = EDGE_CURVE ( 'NONE', #4093, #5441, #4039, .T. ) ;
#3788 = CARTESIAN_POINT ( 'NONE',  ( -24.15260079455800835, 7.275001489028683821, 2.100000000000000089 ) ) ;
#3789 = AXIS2_PLACEMENT_3D ( 'NONE', #7699, #6099, #7927 ) ;
#3790 = CARTESIAN_POINT ( 'NONE',  ( -17.35181857730700017, -15.87069998699208995, -2.000000000000000000 ) ) ;
#3791 = CARTESIAN_POINT ( 'NONE',  ( 21.23055223844789197, 12.41767842381812414, 2.100000000000000089 ) ) ;
#3792 = CARTESIAN_POINT ( 'NONE',  ( -7.523321135858870079, 26.48008397883692666, 2.100000000000000089 ) ) ;
#3793 = CARTESIAN_POINT ( 'NONE',  ( 20.61769535193586833, -11.41192623884528246, -2.000000000000000000 ) ) ;
#3794 = ORIENTED_EDGE ( 'NONE', *, *, #6903, .T. ) ;
#3795 = AXIS2_PLACEMENT_3D ( 'NONE', #6281, #1392, #2653 ) ;
#3796 = CARTESIAN_POINT ( 'NONE',  ( -15.12400615833752404, -19.80199803049035978, -2.000000000000000000 ) ) ;
#3797 = CARTESIAN_POINT ( 'NONE',  ( -21.07590994840523280, -12.30361618564757720, -2.000000000000000000 ) ) ;
#3798 = CARTESIAN_POINT ( 'NONE',  ( -22.79134869580807177, 6.292262679950354709, -2.000000000000000000 ) ) ;
#3799 = CARTESIAN_POINT ( 'NONE',  ( 13.30747633062666146, -21.64116298680352202, -2.000000000000000000 ) ) ;
#3800 = VECTOR ( 'NONE', #7821, 1000.000000000000000 ) ;
#3801 = CARTESIAN_POINT ( 'NONE',  ( -23.99982295939236465, -0.9602632500303831531, 2.100000000000000089 ) ) ;
#3802 = CARTESIAN_POINT ( 'NONE',  ( 23.63710370791871185, 4.790810183414345502, 2.100000000000000089 ) ) ;
#3803 = CARTESIAN_POINT ( 'NONE',  ( 22.09150218632039042, 16.42439464915885949, 2.100000000000000089 ) ) ;
#3804 = CARTESIAN_POINT ( 'NONE',  ( 14.75432918952970596, -19.43920578531971799, 2.100000000000000089 ) ) ;
#3805 = CARTESIAN_POINT ( 'NONE',  ( -17.12241726305228084, 21.05518411798320955, 2.099999999999999645 ) ) ;
#3806 = EDGE_LOOP ( 'NONE', ( #7050, #2463, #655, #2508 ) ) ;
#3807 = CARTESIAN_POINT ( 'NONE',  ( -23.10489730742583703, -5.020145956116677688, 2.100000000000000089 ) ) ;
#3808 = CARTESIAN_POINT ( 'NONE',  ( 17.64188601445203020, 17.13764696917009189, -2.000000000000000000 ) ) ;
#3809 = CARTESIAN_POINT ( 'NONE',  ( -23.29246673278348823, 10.63055238855664442, -2.000000000000000000 ) ) ;
#3810 = CARTESIAN_POINT ( 'NONE',  ( 3.781464864188883279, 23.62174820993211455, -2.000000000000000000 ) ) ;
#3811 = CARTESIAN_POINT ( 'NONE',  ( -20.81172461973597620, 10.92283569232044904, -2.000000000000000000 ) ) ;
#3812 = CARTESIAN_POINT ( 'NONE',  ( 7.733573568718047575, 24.87706067138157451, -2.000000000000000000 ) ) ;
#3813 = CARTESIAN_POINT ( 'NONE',  ( 10.13323285654344197, -23.09959661296539224, 2.100000000000000089 ) ) ;
#3814 = CARTESIAN_POINT ( 'NONE',  ( 13.25426296490208955, 21.46155364981479252, -2.000000000000000000 ) ) ;
#3815 = EDGE_CURVE ( 'NONE', #3700, #3147, #2978, .T. ) ;
#3816 = CARTESIAN_POINT ( 'NONE',  ( 20.99240193721331948, 10.59640443373928953, -2.000000000000000000 ) ) ;
#3817 = CARTESIAN_POINT ( 'NONE',  ( -5.995909907646406189, -27.35048520283305962, -2.000000000000000000 ) ) ;
#3818 = CARTESIAN_POINT ( 'NONE',  ( 7.657608382361896560, -22.56335699501520864, -2.000000000000000000 ) ) ;
#3819 = CARTESIAN_POINT ( 'NONE',  ( 23.76349960547259954, 10.67578541799517744, -2.000000000000000000 ) ) ;
#3820 = CARTESIAN_POINT ( 'NONE',  ( 5.376315588043452109, -26.60062371204863396, 2.100000000000000089 ) ) ;
#3821 = CARTESIAN_POINT ( 'NONE',  ( -25.07504586300960625, 7.932732980984140703, 2.099999999999999645 ) ) ;
#3822 = CYLINDRICAL_SURFACE ( 'NONE', #2750, 1.749999999999999778 ) ;
#3823 = CARTESIAN_POINT ( 'NONE',  ( 22.62472946294003151, -16.49610842549916612, 2.099999999999999645 ) ) ;
#3824 = CARTESIAN_POINT ( 'NONE',  ( -20.99999999999999289, -3.903127820947815962E-15, -3.599999999999998757 ) ) ;
#3825 = CARTESIAN_POINT ( 'NONE',  ( 1.555379675915602666, 26.00494379640384679, 2.099999999999999645 ) ) ;
#3826 = VERTEX_POINT ( 'NONE', #7953 ) ;
#3827 = B_SPLINE_CURVE_WITH_KNOTS ( 'NONE', 3,
 ( #6442, #5840, #289, #5228, #7708, #2162, #6676, #2961, #2397, #1131, #1868, #4855, #7332, #5419, #472, #4336, #6115, #5997, #556, #1705, #2926, #6157, #6071, #6716, #7370, #510, #438, #2317, #3602, #5383, #2998, #595, #5460, #7897, #7295, #4182, #4295, #1173, #1744, #7938, #6761, #7861, #4777, #2355, #3566, #3685, #3644, #8016, #4818, #1782, #4257, #1052, #6639, #6034, #7254 ),
 .UNSPECIFIED., .F., .F.,
 ( 4, 1, 1, 1, 1, 1, 1, 1, 1, 1, 1, 1, 1, 1, 1, 1, 1, 1, 1, 1, 1, 1, 1, 1, 1, 1, 1, 1, 1, 1, 1, 1, 1, 1, 1, 1, 1, 1, 1, 1, 1, 1, 1, 1, 1, 1, 1, 1, 1, 1, 1, 1, 4 ),
 ( 0.01037070964479225831, 0.06767854499841075011, 0.09884629602760430789, 0.1282330327458526265, 0.1558387551553858108, 0.1816634632588949305, 0.2057071570596704646, 0.2279698365617907063, 0.2484515017704002071, 0.2671521526921107892, 0.2840717893356240475, 0.2992104117127127871, 0.3125680198398574916, 0.3241446137411457817, 0.3339401934538051009, 0.3662021699428081867, 0.3760430630535980256, 0.3856763336118157470, 0.3952492422856400678, 0.4049624801021076692, 0.4150869914083016865, 0.4259748013331248195, 0.4380386266454291411, 0.4516469595390834035, 0.4668849008038628012, 0.4803437228220500677, 0.5000000000000002220, 0.5196562771779504875, 0.5331150991961376429, 0.5483530404609170406, 0.5619613733545713030, 0.5740251986668756246, 0.5849130085916987021, 0.5950375198978927749, 0.6047507577143603763, 0.6143236663881848081, 0.6239569369464024184, 0.6337978300571922574, 0.6660598065461953432, 0.6758553862588546624, 0.6874319801601429525, 0.7007895882872876570, 0.7159282106643762855, 0.7328478473078895439, 0.7515484982296001260, 0.7720301634382095157, 0.7942928429403297574, 0.8183365367411052915, 0.8441612448446143002, 0.8717669672541474846, 0.9011537039723958031, 0.9323214550015893609, 0.9896292903552148523 ),
 .UNSPECIFIED. ) ;
#3828 = CARTESIAN_POINT ( 'NONE',  ( -18.70321540207055477, -15.22676155773648610, 2.100000000000000089 ) ) ;
#3829 = CARTESIAN_POINT ( 'NONE',  ( -25.29380829876431136, 8.116834556469559203, 2.100000000000000089 ) ) ;
#3830 = CARTESIAN_POINT ( 'NONE',  ( -18.80342269287539736, -15.26496932198517875, -2.000000000000000000 ) ) ;
#3831 = CARTESIAN_POINT ( 'NONE',  ( 22.46994110604165940, 10.47341059000768126, 2.100000000000000089 ) ) ;
#3832 = CARTESIAN_POINT ( 'NONE',  ( -13.64897234010188320, -24.23668188073550311, 2.100000000000000089 ) ) ;
#3833 = CARTESIAN_POINT ( 'NONE',  ( 22.28520553958149719, -13.49243943284463398, 2.099999999999999645 ) ) ;
#3834 = EDGE_LOOP ( 'NONE', ( #5120, #2420, #7850, #1359 ) ) ;
#3835 = EDGE_CURVE ( 'NONE', #7997, #4676, #6780, .T. ) ;
#3836 = CARTESIAN_POINT ( 'NONE',  ( -5.183190230475061000, 26.33878392258043277, -2.000000000000000000 ) ) ;
#3837 = CARTESIAN_POINT ( 'NONE',  ( -22.44798333931211687, -13.70307343545946388, -2.000000000000000000 ) ) ;
#3838 = CARTESIAN_POINT ( 'NONE',  ( -13.55023046621762717, -22.84843530275375656, 2.099999999999999645 ) ) ;
#3839 = CARTESIAN_POINT ( 'NONE',  ( 7.401289683397457075, 27.00409019895751328, 2.100000000000000089 ) ) ;
#3840 = CARTESIAN_POINT ( 'NONE',  ( 23.87823629154096139, 7.119306137701304493, 2.099999999999999645 ) ) ;
#3841 = CARTESIAN_POINT ( 'NONE',  ( -19.70744990308224942, 15.74452889495767494, -2.000000000000000000 ) ) ;
#3842 = CARTESIAN_POINT ( 'NONE',  ( 23.93435179486865749, 4.766524473500989956, 2.100000000000000089 ) ) ;
#3843 = CARTESIAN_POINT ( 'NONE',  ( 17.29220078062824939, 16.53076698689343615, 2.100000000000000089 ) ) ;
#3844 = CARTESIAN_POINT ( 'NONE',  ( 14.10020032022225323, -19.09116743896563051, 2.100000000000000089 ) ) ;
#3845 = CARTESIAN_POINT ( 'NONE',  ( -15.23641901094385886, 19.89808777236047632, -2.000000000000000000 ) ) ;
#3846 = EDGE_LOOP ( 'NONE', ( #2149, #6993, #7571, #3626, #3186, #5558, #4479, #1698, #1838, #2119, #1965, #4177, #5606, #966, #2055, #2178, #5362, #4018, #7722, #39, #6429, #4720, #6960, #3277, #5735, #1338, #3449, #2769, #1944, #1119, #7087, #4072, #902, #4510, #3562, #3993, #3670, #3375, #305, #3256, #6511, #2993, #3794, #2844, #632, #5825, #69, #3960, #1377, #7672, #1777, #618, #4955, #3032, #5043, #5702 ) ) ;
#3847 = EDGE_CURVE ( 'NONE', #4330, #2027, #7930, .T. ) ;
#3848 = B_SPLINE_CURVE_WITH_KNOTS ( 'NONE', 3,
 ( #1176, #8019, #2485, #7415, #640, #3119, #4780, #7257, #4984, #809, #6274, #1422, #2072, #123, #2034, #7536, #2529, #5632, #2604, #5022, #3939, #3241, #7454, #4496, #3282, #3166, #4416, #6395, #7580, #851, #5709, #3897, #6312, #6351, #6968, #4534, #5751, #7015, #4459, #2685, #1993, #5060, #203, #87, #7618, #164, #6842, #3855, #1951, #1302, #726, #3320, #4376, #1910, #5136 ),
 .UNSPECIFIED., .F., .F.,
 ( 4, 1, 1, 1, 1, 1, 1, 1, 1, 1, 1, 1, 1, 1, 1, 1, 1, 1, 1, 1, 1, 1, 1, 1, 1, 1, 1, 1, 1, 1, 1, 1, 1, 1, 1, 1, 1, 1, 1, 1, 1, 1, 1, 1, 1, 1, 1, 1, 1, 1, 1, 1, 4 ),
 ( 0.01037070964479209177, 0.06767854499841073623, 0.09884629602760432177, 0.1282330327458526265, 0.1558387551553858108, 0.1816634632588949305, 0.2057071570596704646, 0.2279698365617907063, 0.2484515017704002071, 0.2671521526921107892, 0.2840717893356239920, 0.2992104117127127871, 0.3125680198398574916, 0.3241446137411457817, 0.3339401934538051009, 0.3662021699428081867, 0.3760430630535980256, 0.3856763336118157470, 0.3952492422856400678, 0.4049624801021076692, 0.4150869914083017420, 0.4259748013331248195, 0.4380386266454291411, 0.4516469595390834035, 0.4668849008038628012, 0.4803437228220500677, 0.5000000000000002220, 0.5196562771779504875, 0.5331150991961376429, 0.5483530404609170406, 0.5619613733545713030, 0.5740251986668756246, 0.5849130085916987021, 0.5950375198978927749, 0.6047507577143603763, 0.6143236663881848081, 0.6239569369464024184, 0.6337978300571922574, 0.6660598065461953432, 0.6758553862588546624, 0.6874319801601429525, 0.7007895882872876570, 0.7159282106643762855, 0.7328478473078895439, 0.7515484982296001260, 0.7720301634382096267, 0.7942928429403297574, 0.8183365367411052915, 0.8441612448446143002, 0.8717669672541474846, 0.9011537039723958031, 0.9323214550015893609, 0.9896292903552001974 ),
 .UNSPECIFIED. ) ;
#3849 = CARTESIAN_POINT ( 'NONE',  ( -25.38450439115045398, -4.717739787684796404, 2.100000000000000089 ) ) ;
#3850 = CARTESIAN_POINT ( 'NONE',  ( 18.25928954266904469, 15.16201400375275199, 2.099999999999999645 ) ) ;
#3851 = CARTESIAN_POINT ( 'NONE',  ( -25.70517099647025105, 10.62804679002982233, -2.000000000000000000 ) ) ;
#3852 = CARTESIAN_POINT ( 'NONE',  ( -18.12539239010960657, 15.18249965295455794, 2.099999999999999645 ) ) ;
#3853 = CARTESIAN_POINT ( 'NONE',  ( -23.51784779677759474, 10.65556037457645999, -2.000000000000000000 ) ) ;
#3854 = CARTESIAN_POINT ( 'NONE',  ( 7.741715957670624704, 24.19699765967529004, 2.099999999999999645 ) ) ;
#3855 = CARTESIAN_POINT ( 'NONE',  ( -22.28520553958149719, 13.49243943284463398, 2.100000000000000089 ) ) ;
#3856 = CARTESIAN_POINT ( 'NONE',  ( 13.58617081224543277, 23.15195374360799008, -2.000000000000000000 ) ) ;
#3857 = CARTESIAN_POINT ( 'NONE',  ( -10.25081980592598363, -23.24542008693366668, 2.100000000000000089 ) ) ;
#3858 = EDGE_CURVE ( 'NONE', #4093, #2093, #2116, .T. ) ;
#3859 = CARTESIAN_POINT ( 'NONE',  ( -23.63710370791871185, -4.790810183414333068, -2.000000000000000000 ) ) ;
#3860 = CARTESIAN_POINT ( 'NONE',  ( -21.70974829699418507, -12.84369887095659912, 2.100000000000000089 ) ) ;
#3861 = CARTESIAN_POINT ( 'NONE',  ( 7.605017794998038205, -22.88729425358476632, -2.000000000000000000 ) ) ;
#3862 = EDGE_CURVE ( 'NONE', #4792, #5482, #6288, .T. ) ;
#3863 = CARTESIAN_POINT ( 'NONE',  ( 22.73828148979403352, 10.53816474365924805, 2.099999999999999645 ) ) ;
#3864 = FACE_OUTER_BOUND ( 'NONE', #2855, .T. ) ;
#3865 = PLANE ( 'NONE',  #7547 ) ;
#3866 = CARTESIAN_POINT ( 'NONE',  ( 4.310684217927220452, 24.85340566964549680, -2.000000000000000000 ) ) ;
#3867 = ADVANCED_FACE ( 'NONE', ( #2742 ), #3181, .F. ) ;
#3868 = CARTESIAN_POINT ( 'NONE',  ( 19.55560045884525522, -15.67357176803117724, -2.000000000000000000 ) ) ;
#3869 = CARTESIAN_POINT ( 'NONE',  ( 23.76414829993700906, -7.060866680122694028, -2.000000000000000000 ) ) ;
#3870 = CARTESIAN_POINT ( 'NONE',  ( 3.204373604290264410, 23.29585190159430397, 2.099999999999999645 ) ) ;
#3871 = ORIENTED_EDGE ( 'NONE', *, *, #7007, .F. ) ;
#3872 = UNCERTAINTY_MEASURE_WITH_UNIT (LENGTH_MEASURE( 1.000000000000000082E-05 ), #1085, 'distance_accuracy_value', 'NONE');
#3873 = CARTESIAN_POINT ( 'NONE',  ( -26.06641539773995575, -8.850830286138368308, 2.099999999999999645 ) ) ;
#3874 = CARTESIAN_POINT ( 'NONE',  ( 23.51224346894562345, -0.3730054609666969556, 2.099999999999999645 ) ) ;
#3875 = CARTESIAN_POINT ( 'NONE',  ( -22.85055158908932782, 6.414095051321343277, 2.100000000000000089 ) ) ;
#3876 = CARTESIAN_POINT ( 'NONE',  ( -18.97770164392054326, -15.34339570340775971, 2.099999999999999645 ) ) ;
#3877 = CARTESIAN_POINT ( 'NONE',  ( 22.12901452267051639, 13.30176109182833244, 2.100000000000000089 ) ) ;
#3878 = CARTESIAN_POINT ( 'NONE',  ( -16.30896799194538715, -20.63258928533521441, 2.100000000000000089 ) ) ;
#3879 = ORIENTED_EDGE ( 'NONE', *, *, #6501, .T. ) ;
#3880 = CARTESIAN_POINT ( 'NONE',  ( -16.08024905276407068, -20.49638744246056277, -2.000000000000000000 ) ) ;
#3881 = CARTESIAN_POINT ( 'NONE',  ( -7.657608382361899224, 22.56335699501520509, -2.000000000000000000 ) ) ;
#3882 = CARTESIAN_POINT ( 'NONE',  ( -22.91929613358907503, 6.515359526762099840, -2.000000000000000000 ) ) ;
#3883 = CARTESIAN_POINT ( 'NONE',  ( 7.701896059577414633, 22.44925656542957881, 2.100000000000000089 ) ) ;
#3884 = CARTESIAN_POINT ( 'NONE',  ( -23.99982295939236820, 0.9602632500303778240, 2.100000000000000089 ) ) ;
#3885 = DIRECTION ( 'NONE',  ( -1.000000000000000000, 0.000000000000000000, 0.000000000000000000 ) ) ;
#3886 = CARTESIAN_POINT ( 'NONE',  ( 18.60089775827983516, 15.19605903441929051, 2.100000000000000089 ) ) ;
#3887 = ADVANCED_FACE ( 'NONE', ( #259 ), #5197, .F. ) ;
#3888 = CARTESIAN_POINT ( 'NONE',  ( 14.88619985382990407, -19.57897187542434736, 2.100000000000000089 ) ) ;
#3889 = CARTESIAN_POINT ( 'NONE',  ( -15.36687483434010737, 20.00332296475708915, 2.099999999999999645 ) ) ;
#3890 = ORIENTED_EDGE ( 'NONE', *, *, #2158, .F. ) ;
#3891 = CARTESIAN_POINT ( 'NONE',  ( -25.62785817443977976, -4.678588802317982243, 2.100000000000000089 ) ) ;
#3892 = CARTESIAN_POINT ( 'NONE',  ( 22.41476736700682437, 16.47086513865798807, -2.000000000000000000 ) ) ;
#3893 = LINE ( 'NONE', #7652, #2380 ) ;
#3894 = CARTESIAN_POINT ( 'NONE',  ( -17.26619031893428868, 16.42019235248054088, 2.099999999999999645 ) ) ;
#3895 = CARTESIAN_POINT ( 'NONE',  ( -20.74579233589062355, 11.91211842489101080, -2.000000000000000000 ) ) ;
#3896 = CARTESIAN_POINT ( 'NONE',  ( 7.865059710290382533, 22.21401039568610614, -2.000000000000000000 ) ) ;
#3897 = CARTESIAN_POINT ( 'NONE',  ( -20.62323650117463103, 11.56374771533979384, 2.100000000000000089 ) ) ;
#3898 = CARTESIAN_POINT ( 'NONE',  ( 13.41263264250316567, 22.06199033373687612, 2.099999999999999645 ) ) ;
#3899 = CARTESIAN_POINT ( 'NONE',  ( 22.27987727495454706, 10.41835660743991809, -2.000000000000000000 ) ) ;
#3900 = CARTESIAN_POINT ( 'NONE',  ( -27.69932686560991542, -4.092342562537322870, 2.099999999999999645 ) ) ;
#3901 = CARTESIAN_POINT ( 'NONE',  ( -23.29246673278348823, -10.63055238855665330, 2.100000000000000089 ) ) ;
#3902 = CARTESIAN_POINT ( 'NONE',  ( 7.715738321650227327, -25.14266413352903129, 2.099999999999999645 ) ) ;
#3903 = CARTESIAN_POINT ( 'NONE',  ( 25.38017819848325018, 10.66028906994526437, 2.099999999999999645 ) ) ;
#3904 = CARTESIAN_POINT ( 'NONE',  ( 3.025165651672266254, -23.29855380546641186, 2.100000000000000089 ) ) ;
#3905 = DIRECTION ( 'NONE',  ( -1.000000000000000000, 0.000000000000000000, 0.000000000000000000 ) ) ;
#3906 = CARTESIAN_POINT ( 'NONE',  ( 7.733032203436366103, 24.00987265162540751, -2.000000000000000000 ) ) ;
#3907 = CARTESIAN_POINT ( 'NONE',  ( -27.87379644711759497, 2.655456283891201252, -2.000000000000000000 ) ) ;
#3908 = CARTESIAN_POINT ( 'NONE',  ( 17.26619031893428513, -16.42019235248054443, -2.000000000000000000 ) ) ;
#3909 = CARTESIAN_POINT ( 'NONE',  ( 26.42834229636219945, -9.248929663334866547, -2.000000000000000000 ) ) ;
#3910 = CARTESIAN_POINT ( 'NONE',  ( 1.824858090210248696, 24.72368248555340386, -2.000000000000000000 ) ) ;
#3911 = VERTEX_POINT ( 'NONE', #7869 ) ;
#3912 = CARTESIAN_POINT ( 'NONE',  ( -7.688595528318257877, -23.56854007989868194, -2.000000000000000000 ) ) ;
#3913 = CARTESIAN_POINT ( 'NONE',  ( -23.15601641226234975, -6.742658068406544913, -2.000000000000000000 ) ) ;
#3914 = CARTESIAN_POINT ( 'NONE',  ( 23.55944914529948520, -0.5232380683118309506, 2.099999999999999645 ) ) ;
#3915 = CARTESIAN_POINT ( 'NONE',  ( -23.07262568452397034, 6.675893319502702816, 2.100000000000000089 ) ) ;
#3916 = CARTESIAN_POINT ( 'NONE',  ( -7.401289683397454411, -27.00409019895751683, -2.000000000000000000 ) ) ;
#3917 = DIRECTION ( 'NONE',  ( -1.000000000000000000, 0.000000000000000000, 0.000000000000000000 ) ) ;
#3918 = CARTESIAN_POINT ( 'NONE',  ( -13.64180598451630821, -23.91017226872975598, 2.100000000000000089 ) ) ;
#3919 = ORIENTED_EDGE ( 'NONE', *, *, #3731, .F. ) ;
#3920 = CARTESIAN_POINT ( 'NONE',  ( -21.58955567576248313, -12.72687891813089500, -2.000000000000000000 ) ) ;
#3921 = VECTOR ( 'NONE', #511, 1000.000000000000000 ) ;
#3922 = FACE_OUTER_BOUND ( 'NONE', #7989, .T. ) ;
#3923 = CARTESIAN_POINT ( 'NONE',  ( -25.75863198250611319, 8.543467069173791728, -2.000000000000000000 ) ) ;
#3924 = CARTESIAN_POINT ( 'NONE',  ( 10.53741832910564824, 23.57101921525815058, 2.100000000000000089 ) ) ;
#3925 = CARTESIAN_POINT ( 'NONE',  ( 22.76403769146248379, 5.811439118492644162, -2.000000000000000000 ) ) ;
#3926 = CARTESIAN_POINT ( 'NONE',  ( -23.44696895445782658, 15.30488886923695624, -2.000000000000000000 ) ) ;
#3927 = CARTESIAN_POINT ( 'NONE',  ( 27.19385050686426197, 4.276646238565400715, 2.100000000000000089 ) ) ;
#3928 = CARTESIAN_POINT ( 'NONE',  ( 18.30266578660392796, 18.21105589998884611, 2.100000000000000089 ) ) ;
#3929 = AXIS2_PLACEMENT_3D ( 'NONE', #35, #7966, #1811 ) ;
#3930 = CARTESIAN_POINT ( 'NONE',  ( 13.20212662322860275, -21.30225842247369172, 2.100000000000000089 ) ) ;
#3931 = CARTESIAN_POINT ( 'NONE',  ( -12.86131782747430208, 20.40223119301177235, 2.099999999999999645 ) ) ;
#3932 = ORIENTED_EDGE ( 'NONE', *, *, #2781, .F. ) ;
#3933 = CARTESIAN_POINT ( 'NONE',  ( -22.91828645517601615, -5.264681564480675036, 2.100000000000000089 ) ) ;
#3934 = CARTESIAN_POINT ( 'NONE',  ( 27.87379644721938732, 2.655456283961642239, -2.000000000000000000 ) ) ;
#3935 = DIRECTION ( 'NONE',  ( -0.000000000000000000, -0.000000000000000000, 1.000000000000000000 ) ) ;
#3936 = CARTESIAN_POINT ( 'NONE',  ( -17.84651532293614551, 15.31230279367190050, 2.099999999999999645 ) ) ;
#3937 = CARTESIAN_POINT ( 'NONE',  ( -21.70974829699418507, 12.84369887095659557, 2.099999999999999645 ) ) ;
#3938 = CARTESIAN_POINT ( 'NONE',  ( 9.484645845787888163, 22.17444536155052148, -2.000000000000000000 ) ) ;
#3939 = CARTESIAN_POINT ( 'NONE',  ( -21.58843454132472317, 10.30659784155100489, 2.100000000000000089 ) ) ;
#3940 = CARTESIAN_POINT ( 'NONE',  ( 12.88716835993242071, 20.50631329690558147, -2.000000000000000000 ) ) ;
#3941 = CARTESIAN_POINT ( 'NONE',  ( -20.64571337519313587, -11.25696429976830437, -2.000000000000000000 ) ) ;
#3942 = CARTESIAN_POINT ( 'NONE',  ( 22.46994110604167005, -10.47341059000766350, -2.000000000000000000 ) ) ;
#3943 = CARTESIAN_POINT ( 'NONE',  ( -3.705239350424565981, 23.53752846792088604, 2.099999999999999645 ) ) ;
#3944 = CARTESIAN_POINT ( 'NONE',  ( 25.29380829876430070, 8.116834556469591178, -2.000000000000000000 ) ) ;
#3945 = CARTESIAN_POINT ( 'NONE',  ( 25.91507308952768440, 10.60230933436161571, -2.000000000000000000 ) ) ;
#3946 = CARTESIAN_POINT ( 'NONE',  ( 1.810672407536199291, -24.85107952805194387, 2.100000000000000089 ) ) ;
#3947 = CARTESIAN_POINT ( 'NONE',  ( -3.612999446203305709, 23.45707906485272431, 2.100000000000000089 ) ) ;
#3948 = CARTESIAN_POINT ( 'NONE',  ( 7.988790274807834990, 22.11659910479056279, -2.000000000000000000 ) ) ;
#3949 = CARTESIAN_POINT ( 'NONE',  ( 3.846120836016019062, 23.70909028424117437, -2.000000000000000000 ) ) ;
#3950 = CARTESIAN_POINT ( 'NONE',  ( 21.34551800689747836, -16.27777197600731540, 2.099999999999999645 ) ) ;
#3951 = CARTESIAN_POINT ( 'NONE',  ( -25.91507308940478538, 10.60230933437666678, -2.000000000000000000 ) ) ;
#3952 = CARTESIAN_POINT ( 'NONE',  ( 2.105634209995030925, 23.64010634127341959, -2.000000000000000000 ) ) ;
#3953 = VERTEX_POINT ( 'NONE', #4630 ) ;
#3954 = CARTESIAN_POINT ( 'NONE',  ( -9.945601713251328135, -22.84599953686307572, -2.000000000000000000 ) ) ;
#3955 = CARTESIAN_POINT ( 'NONE',  ( 27.42711506948769795, -2.355539727247167647, 2.099999999999999645 ) ) ;
#3956 = DIRECTION ( 'NONE',  ( -0.000000000000000000, -0.000000000000000000, -1.000000000000000000 ) ) ;
#3957 = CARTESIAN_POINT ( 'NONE',  ( -20.77276083323510747, -16.13005223007173683, 2.099999999999999645 ) ) ;
#3958 = CARTESIAN_POINT ( 'NONE',  ( 12.36707919775595599, 25.12081464776623463, 2.100000000000000089 ) ) ;
#3959 = CARTESIAN_POINT ( 'NONE',  ( -14.88619985382989697, -19.57897187542435091, 2.100000000000000089 ) ) ;
#3960 = ORIENTED_EDGE ( 'NONE', *, *, #5809, .T. ) ;
#3961 = CARTESIAN_POINT ( 'NONE',  ( -20.65156267108763188, -11.69620803915341867, -2.000000000000000000 ) ) ;
#3962 = CARTESIAN_POINT ( 'NONE',  ( 13.66345410753368483, -19.13830577319235360, -2.000000000000000000 ) ) ;
#3963 = CARTESIAN_POINT ( 'NONE',  ( -26.42834229636220300, 9.248929663334864770, -2.000000000000000000 ) ) ;
#3964 = CARTESIAN_POINT ( 'NONE',  ( -27.19385050690372552, 4.276646238553095891, 2.099999999999999645 ) ) ;
#3965 = CARTESIAN_POINT ( 'NONE',  ( 22.91929613358906792, 6.515359526762130926, -2.000000000000000000 ) ) ;
#3966 = LINE ( 'NONE', #3347, #2120 ) ;
#3967 = DIRECTION ( 'NONE',  ( -0.7485107481711011923, 0.6631226582407950820, 0.000000000000000000 ) ) ;
#3968 = EDGE_CURVE ( 'NONE', #1986, #341, #1748, .T. ) ;
#3969 = CARTESIAN_POINT ( 'NONE',  ( -13.18542992737236474, 19.44527382878997201, 2.100000000000000089 ) ) ;
#3970 = EDGE_CURVE ( 'NONE', #1676, #2837, #2107, .T. ) ;
#3971 = CARTESIAN_POINT ( 'NONE',  ( 23.72154950710864441, 0.7592181733933792698, -2.000000000000000000 ) ) ;
#3972 = CARTESIAN_POINT ( 'NONE',  ( -14.75432918952970596, 19.43920578531971799, -2.000000000000000000 ) ) ;
#3973 = ORIENTED_EDGE ( 'NONE', *, *, #659, .F. ) ;
#3974 = CARTESIAN_POINT ( 'NONE',  ( 23.53223775966786491, -4.811173829118819967, 2.099999999999999645 ) ) ;
#3975 = CARTESIAN_POINT ( 'NONE',  ( 24.56950331401515442, 1.128978604501158500, 2.099999999999999645 ) ) ;
#3976 = CARTESIAN_POINT ( 'NONE',  ( -18.38167992440538256, 15.16106487615012099, -2.000000000000000000 ) ) ;
#3977 = CARTESIAN_POINT ( 'NONE',  ( -21.58955567576248669, 12.72687891813088967, 2.099999999999999645 ) ) ;
#3978 = CARTESIAN_POINT ( 'NONE',  ( 7.715738321650227327, -25.14266413352903129, 2.100000000000000089 ) ) ;
#3979 = CARTESIAN_POINT ( 'NONE',  ( 12.95267602360809178, 19.68627963667923098, -2.000000000000000000 ) ) ;
#3980 = ORIENTED_EDGE ( 'NONE', *, *, #1408, .T. ) ;
#3981 = CARTESIAN_POINT ( 'NONE',  ( -23.44696895445778750, -15.30488886923689407, -2.000000000000000000 ) ) ;
#3982 = CARTESIAN_POINT ( 'NONE',  ( 20.62323650117463103, -11.56374771533979562, -2.000000000000000000 ) ) ;
#3983 = CARTESIAN_POINT ( 'NONE',  ( -3.902347153244143829, 23.79992060087550954, -2.000000000000000000 ) ) ;
#3984 = CARTESIAN_POINT ( 'NONE',  ( -26.42834229636219945, 9.248929663334859441, -2.000000000000000000 ) ) ;
#3985 = CARTESIAN_POINT ( 'NONE',  ( -14.42373451280541552, 19.20597537996031434, -2.000000000000000000 ) ) ;
#3986 = CARTESIAN_POINT ( 'NONE',  ( -12.19289813518885524, 25.00088857616464466, -2.000000000000000000 ) ) ;
#3987 = CARTESIAN_POINT ( 'NONE',  ( -5.855490417633472333, -27.19235970815770642, 2.100000000000000089 ) ) ;
#3988 = CARTESIAN_POINT ( 'NONE',  ( -18.60089775827983871, -15.19605903441929051, -2.000000000000000000 ) ) ;
#3989 = CARTESIAN_POINT ( 'NONE',  ( 7.401289683397484609, -27.00409019895743512, 2.100000000000000089 ) ) ;
#3990 = CARTESIAN_POINT ( 'NONE',  ( 20.77276083323512168, -16.13005223007173328, -2.000000000000000000 ) ) ;
#3991 = CARTESIAN_POINT ( 'NONE',  ( 9.873836557350655241, -22.73978747338223982, -2.000000000000000000 ) ) ;
#3992 = EDGE_CURVE ( 'NONE', #1211, #353, #5766, .T. ) ;
#3993 = ORIENTED_EDGE ( 'NONE', *, *, #7984, .T. ) ;
#3994 = CARTESIAN_POINT ( 'NONE',  ( -7.988790274807833214, -22.11659910479056634, -2.000000000000000000 ) ) ;
#3995 = CARTESIAN_POINT ( 'NONE',  ( 3.612999446203297715, -23.45707906485272431, 2.099999999999999645 ) ) ;
#3996 = CARTESIAN_POINT ( 'NONE',  ( -10.13323285654343664, -23.09959661296539934, -2.000000000000000000 ) ) ;
#3997 = CARTESIAN_POINT ( 'NONE',  ( -19.13918860107962061, -15.44754172932143632, 2.099999999999999645 ) ) ;
#3998 = DIRECTION ( 'NONE',  ( 0.000000000000000000, 0.000000000000000000, -1.000000000000000000 ) ) ;
#3999 = CARTESIAN_POINT ( 'NONE',  ( -14.21926140100350189, -19.11953582679382890, 2.100000000000000089 ) ) ;
#4000 = VERTEX_POINT ( 'NONE', #1140 ) ;
#4001 = CARTESIAN_POINT ( 'NONE',  ( -21.58843454132471606, -10.30659784155100844, -2.000000000000000000 ) ) ;
#4002 = CARTESIAN_POINT ( 'NONE',  ( 13.50602898338109270, -19.22398027845277113, 2.099999999999999645 ) ) ;
#4003 = CARTESIAN_POINT ( 'NONE',  ( -13.36064030761171928, -21.84126693107096173, 2.099999999999999645 ) ) ;
#4004 = CARTESIAN_POINT ( 'NONE',  ( 12.19289813512186171, 25.00088857611621407, 2.100000000000000089 ) ) ;
#4005 = CARTESIAN_POINT ( 'NONE',  ( 23.15601641226234975, 6.742658068406557348, -2.000000000000000000 ) ) ;
#4006 = CARTESIAN_POINT ( 'NONE',  ( -17.64188601445204441, 17.13764696917008123, -2.000000000000000000 ) ) ;
#4007 = CARTESIAN_POINT ( 'NONE',  ( -12.83485696772680562, 20.07512121109397896, 2.100000000000000089 ) ) ;
#4008 = CARTESIAN_POINT ( 'NONE',  ( 25.56471904745757939, 1.411662356313488909, -2.000000000000000000 ) ) ;
#4009 = CARTESIAN_POINT ( 'NONE',  ( -12.88716835993242960, 20.50631329690557436, -2.000000000000000000 ) ) ;
#4010 = VERTEX_POINT ( 'NONE', #6809 ) ;
#4011 = CARTESIAN_POINT ( 'NONE',  ( 26.16863607189503682, -4.567518758412567159, -2.000000000000000000 ) ) ;
#4012 = CARTESIAN_POINT ( 'NONE',  ( 19.87933552333216980, 15.81900378855656975, -2.000000000000000000 ) ) ;
#4013 = CARTESIAN_POINT ( 'NONE',  ( -7.452140385463997596, -26.79882083615300559, -2.000000000000000000 ) ) ;
#4014 = CARTESIAN_POINT ( 'NONE',  ( -19.13918860107962772, 15.44754172932142389, 2.099999999999999645 ) ) ;
#4015 = DIRECTION ( 'NONE',  ( 1.000000000000000000, 0.000000000000000000, 0.000000000000000000 ) ) ;
#4016 = CARTESIAN_POINT ( 'NONE',  ( 18.51632561903327101, 18.67704107051118001, -2.000000000000000000 ) ) ;
#4017 = CARTESIAN_POINT ( 'NONE',  ( 14.51573139705936022, 19.26027195864160291, 2.099999999999999645 ) ) ;
#4018 = ORIENTED_EDGE ( 'NONE', *, *, #6822, .F. ) ;
#4019 = CARTESIAN_POINT ( 'NONE',  ( -2.833089530561789360, 23.33259147460854166, -2.000000000000000000 ) ) ;
#4020 = CARTESIAN_POINT ( 'NONE',  ( -7.401289683397433983, -27.00409019895759855, -2.000000000000000000 ) ) ;
#4021 = CARTESIAN_POINT ( 'NONE',  ( -13.18542992737236474, 19.44527382878997201, -2.000000000000000000 ) ) ;
#4022 = CARTESIAN_POINT ( 'NONE',  ( 1.555379675915627313, -26.00494379640385390, 2.100000000000000089 ) ) ;
#4023 = CARTESIAN_POINT ( 'NONE',  ( -4.144933467011473027, -24.44197433207706283, 2.100000000000000089 ) ) ;
#4024 = CARTESIAN_POINT ( 'NONE',  ( -19.55560045884524811, -15.67357176803118790, -2.000000000000000000 ) ) ;
#4025 = DIRECTION ( 'NONE',  ( -0.000000000000000000, -0.000000000000000000, -1.000000000000000000 ) ) ;
#4026 = CARTESIAN_POINT ( 'NONE',  ( 7.688496923001413741, -25.42728370346968347, -2.000000000000000000 ) ) ;
#4027 = ORIENTED_EDGE ( 'NONE', *, *, #7840, .F. ) ;
#4028 = CARTESIAN_POINT ( 'NONE',  ( -8.993578510876917065, -21.86672564825610010, -2.000000000000000000 ) ) ;
#4029 = CARTESIAN_POINT ( 'NONE',  ( 5.644338589985561150, -26.94321158145699258, -2.000000000000000000 ) ) ;
#4030 = CARTESIAN_POINT ( 'NONE',  ( 25.19179192507393239, -1.283507464112907392, -2.000000000000000000 ) ) ;
#4031 = CARTESIAN_POINT ( 'NONE',  ( -9.121658707306938396, -21.91081161619599271, -2.000000000000000000 ) ) ;
#4032 = CARTESIAN_POINT ( 'NONE',  ( -24.76338133992250690, -1.168557790373924821, 2.099999999999999645 ) ) ;
#4033 = CARTESIAN_POINT ( 'NONE',  ( -18.62447386782101688, 18.94171889292491784, 2.100000000000000089 ) ) ;
#4034 = CARTESIAN_POINT ( 'NONE',  ( -2.320354714939425023, -23.45074361513812278, 2.099999999999999645 ) ) ;
#4035 = AXIS2_PLACEMENT_3D ( 'NONE', #2710, #4601, #6296 ) ;
#4036 = EDGE_LOOP ( 'NONE', ( #5515, #6775, #3334, #3263 ) ) ;
#4037 = EDGE_CURVE ( 'NONE', #4932, #5372, #670, .T. ) ;
#4038 = CARTESIAN_POINT ( 'NONE',  ( -23.76349960547260309, -10.67578541799516501, -2.000000000000000000 ) ) ;
#4039 = LINE ( 'NONE', #7764, #5593 ) ;
#4040 = VECTOR ( 'NONE', #7521, 1000.000000000000000 ) ;
#4041 = CARTESIAN_POINT ( 'NONE',  ( -12.86131782747429853, -20.40223119301177590, -2.000000000000000000 ) ) ;
#4042 = CARTESIAN_POINT ( 'NONE',  ( -24.95373504430678224, 4.768644361883055183, -2.000000000000000000 ) ) ;
#4043 = CARTESIAN_POINT ( 'NONE',  ( 26.46517536639174750, 4.493494443281885964, 2.099999999999999645 ) ) ;
#4044 = CARTESIAN_POINT ( 'NONE',  ( 0.7237198720499402604, -27.99064497287983500, -2.000000000000000000 ) ) ;
#4045 = CARTESIAN_POINT ( 'NONE',  ( -14.84924240491748826, -14.84924240491749892, 2.100000000000001865 ) ) ;
#4046 = CARTESIAN_POINT ( 'NONE',  ( -13.10549974122803008, 21.04367979295773239, 2.100000000000000089 ) ) ;
#4047 = CARTESIAN_POINT ( 'NONE',  ( 13.46232027610274784, -22.30341320457493381, 2.100000000000000089 ) ) ;
#4048 = DIRECTION ( 'NONE',  ( 0.000000000000000000, -0.000000000000000000, -1.000000000000000000 ) ) ;
#4049 = ORIENTED_EDGE ( 'NONE', *, *, #6981, .T. ) ;
#4050 = AXIS2_PLACEMENT_3D ( 'NONE', #6758, #2959, #2353 ) ;
#4051 = CARTESIAN_POINT ( 'NONE',  ( 22.79134869580807177, -6.292262679950364479, -2.000000000000000000 ) ) ;
#4052 = CARTESIAN_POINT ( 'NONE',  ( 22.62472946294006348, 16.49610842549918743, 2.099999999999999645 ) ) ;
#4053 = CARTESIAN_POINT ( 'NONE',  ( -7.688496923001401306, -25.42728370346967637, -2.000000000000000000 ) ) ;
#4054 = LINE ( 'NONE', #3518, #1048 ) ;
#4055 = DIRECTION ( 'NONE',  ( -0.000000000000000000, -0.000000000000000000, 1.000000000000000000 ) ) ;
#4056 = AXIS2_PLACEMENT_3D ( 'NONE', #5465, #478, #7262 ) ;
#4057 = AXIS2_PLACEMENT_3D ( 'NONE', #7171, #4652, #7130 ) ;
#4058 = CARTESIAN_POINT ( 'NONE',  ( 7.657608382361889454, 22.56335699501520509, -2.000000000000000000 ) ) ;
#4059 = FACE_OUTER_BOUND ( 'NONE', #5253, .T. ) ;
#4060 = CARTESIAN_POINT ( 'NONE',  ( 14.60388312963063129, 19.32135064906643507, 2.099999999999999645 ) ) ;
#4061 = ORIENTED_EDGE ( 'NONE', *, *, #7557, .F. ) ;
#4062 = CARTESIAN_POINT ( 'NONE',  ( -27.19385050690373973, -4.276646238553113655, 2.099999999999999645 ) ) ;
#4063 = CARTESIAN_POINT ( 'NONE',  ( -5.008822010445505235, 26.08776424953685336, -2.000000000000000000 ) ) ;
#4064 = LINE ( 'NONE', #2773, #4558 ) ;
#4065 = CARTESIAN_POINT ( 'NONE',  ( -13.15214330072518933, 21.16307668733837488, -2.000000000000000000 ) ) ;
#4066 = CARTESIAN_POINT ( 'NONE',  ( -9.408316245588480342, 22.09971024729808065, 2.099999999999999645 ) ) ;
#4067 = CARTESIAN_POINT ( 'NONE',  ( -5.376315588043444116, -26.60062371204864462, 2.100000000000000089 ) ) ;
#4068 = CARTESIAN_POINT ( 'NONE',  ( -17.37016481680592150, -16.73146461459393208, -2.000000000000000000 ) ) ;
#4069 = VECTOR ( 'NONE', #3609, 1000.000000000000000 ) ;
#4070 = DIRECTION ( 'NONE',  ( -0.000000000000000000, -0.000000000000000000, 1.000000000000000000 ) ) ;
#4071 = CARTESIAN_POINT ( 'NONE',  ( 11.58603556222320385, -24.54102139527087090, -2.000000000000000000 ) ) ;
#4072 = ORIENTED_EDGE ( 'NONE', *, *, #3141, .T. ) ;
#4073 = CARTESIAN_POINT ( 'NONE',  ( -8.512968716744129694, -21.89757064776837581, 2.099999999999999645 ) ) ;
#4074 = CARTESIAN_POINT ( 'NONE',  ( 3.952016953262632804, -23.89496924813284906, 2.099999999999999645 ) ) ;
#4075 = CARTESIAN_POINT ( 'NONE',  ( 24.88813961944797271, -1.197996060026733200, -2.000000000000000000 ) ) ;
#4076 = CARTESIAN_POINT ( 'NONE',  ( -7.743106042156100877, -24.63076208136010337, -2.000000000000000000 ) ) ;
#4077 = CARTESIAN_POINT ( 'NONE',  ( -25.36983614870255366, -1.341743455198752155, 2.099999999999999645 ) ) ;
#4078 = CARTESIAN_POINT ( 'NONE',  ( -17.51903422860500115, 16.98989084997259269, 2.100000000000000089 ) ) ;
#4079 = CARTESIAN_POINT ( 'NONE',  ( -1.790249464186363104, -24.99754724227145530, -2.000000000000000000 ) ) ;
#4080 = ORIENTED_EDGE ( 'NONE', *, *, #4577, .F. ) ;
#4081 = CARTESIAN_POINT ( 'NONE',  ( -21.80373651133526991, -10.30832712212200519, 2.099999999999999645 ) ) ;
#4082 = CARTESIAN_POINT ( 'NONE',  ( 13.46232027610274784, -22.30341320457493381, -2.000000000000000000 ) ) ;
#4083 = B_SPLINE_CURVE_WITH_KNOTS ( 'NONE', 3,
 ( #1116, #1650, #3550, #1616, #1153, #5439, #7846, #6019, #4125, #4728, #7316, #1001, #6581, #7920, #5403, #2302, #5979, #7200, #1036, #3474, #3588, #386, #4684, #7161, #6545, #6621, #3511, #2223, #2869, #2983, #458, #1765, #2263, #1686, #7236, #348, #5941, #5330, #4088, #4165, #1075, #423, #4203, #6055, #2910, #3623, #4762, #7881, #1728, #7808, #2336, #4238, #2945, #4799, #492 ),
 .UNSPECIFIED., .F., .F.,
 ( 4, 1, 1, 1, 1, 1, 1, 1, 1, 1, 1, 1, 1, 1, 1, 1, 1, 1, 1, 1, 1, 1, 1, 1, 1, 1, 1, 1, 1, 1, 1, 1, 1, 1, 1, 1, 1, 1, 1, 1, 1, 1, 1, 1, 1, 1, 1, 1, 1, 1, 1, 1, 4 ),
 ( 0.01037070964479204667, 0.06767854499841075011, 0.09884629602760430789, 0.1282330327458526265, 0.1558387551553858108, 0.1816634632588949305, 0.2057071570596704646, 0.2279698365617907063, 0.2484515017704002071, 0.2671521526921107892, 0.2840717893356240475, 0.2992104117127127871, 0.3125680198398574916, 0.3241446137411457817, 0.3339401934538051009, 0.3662021699428081867, 0.3760430630535979701, 0.3856763336118157470, 0.3952492422856400678, 0.4049624801021076692, 0.4150869914083017420, 0.4259748013331248195, 0.4380386266454291966, 0.4516469595390834035, 0.4668849008038628012, 0.4803437228220500677, 0.5000000000000002220, 0.5196562771779504875, 0.5331150991961376429, 0.5483530404609170406, 0.5619613733545713030, 0.5740251986668756246, 0.5849130085916987021, 0.5950375198978927749, 0.6047507577143603763, 0.6143236663881848081, 0.6239569369464024184, 0.6337978300571922574, 0.6660598065461953432, 0.6758553862588546624, 0.6874319801601429525, 0.7007895882872876570, 0.7159282106643762855, 0.7328478473078895439, 0.7515484982296001260, 0.7720301634382096267, 0.7942928429403297574, 0.8183365367411052915, 0.8441612448446143002, 0.8717669672541474846, 0.9011537039723958031, 0.9323214550015893609, 0.9896292903552000864 ),
 .UNSPECIFIED. ) ;
#4084 = CARTESIAN_POINT ( 'NONE',  ( -14.51573139705936377, -19.26027195864160291, 2.099999999999999645 ) ) ;
#4085 = CARTESIAN_POINT ( 'NONE',  ( 11.92825694635266132, 24.80951218104270239, 2.100000000000000089 ) ) ;
#4086 = CARTESIAN_POINT ( 'NONE',  ( 18.01951879739602447, 21.43121365581739823, -2.000000000000000000 ) ) ;
#4087 = CARTESIAN_POINT ( 'NONE',  ( -22.62472946281712538, -16.49610842548440459, -2.000000000000000000 ) ) ;
#4088 = CARTESIAN_POINT ( 'NONE',  ( 17.51903422860499759, -16.98989084997259624, 2.100000000000000089 ) ) ;
#4089 = CARTESIAN_POINT ( 'NONE',  ( -12.86131782747430208, 20.40223119301177235, 2.100000000000000089 ) ) ;
#4090 = CARTESIAN_POINT ( 'NONE',  ( 27.05471844848150198, 2.130765319231056054, -2.000000000000000000 ) ) ;
#4091 = EDGE_CURVE ( 'NONE', #6635, #3637, #5198, .T. ) ;
#4092 = CARTESIAN_POINT ( 'NONE',  ( -13.36064030761172639, 21.84126693107096173, 2.099999999999999645 ) ) ;
#4093 = VERTEX_POINT ( 'NONE', #480 ) ;
#4094 = CARTESIAN_POINT ( 'NONE',  ( 22.74963530479514873, -6.146178943449467802, -2.000000000000000000 ) ) ;
#4095 = CARTESIAN_POINT ( 'NONE',  ( -23.51224346894561990, -0.3730054609666991761, -2.000000000000000000 ) ) ;
#4096 = CARTESIAN_POINT ( 'NONE',  ( -21.70974829699418507, 12.84369887095659557, -2.000000000000000000 ) ) ;
#4097 = CARTESIAN_POINT ( 'NONE',  ( 9.768079280210450577, -22.57254334279472729, 2.100000000000000089 ) ) ;
#4098 = EDGE_CURVE ( 'NONE', #3134, #2789, #4811, .T. ) ;
#4099 = CARTESIAN_POINT ( 'NONE',  ( 14.42373451280540841, 19.20597537996032500, 2.099999999999999645 ) ) ;
#4100 = ORIENTED_EDGE ( 'NONE', *, *, #5291, .F. ) ;
#4101 = CARTESIAN_POINT ( 'NONE',  ( 22.44798333931210976, -13.70307343545945322, -2.000000000000000000 ) ) ;
#4102 = CARTESIAN_POINT ( 'NONE',  ( -3.204373604290293276, 23.29585190159429686, -2.000000000000000000 ) ) ;
#4103 = DIRECTION ( 'NONE',  ( 0.000000000000000000, 0.000000000000000000, -1.000000000000000000 ) ) ;
#4104 = CARTESIAN_POINT ( 'NONE',  ( -14.10020032022225323, 19.09116743896563051, -2.000000000000000000 ) ) ;
#4105 = CARTESIAN_POINT ( 'NONE',  ( -10.70787966366669863, 23.74905515802275602, 2.099999999999999645 ) ) ;
#4106 = CARTESIAN_POINT ( 'NONE',  ( -24.66930537037450932, -7.619416278945030818, -2.000000000000000000 ) ) ;
#4107 = CARTESIAN_POINT ( 'NONE',  ( -18.19936168673940102, -18.00918889841835480, -2.000000000000000000 ) ) ;
#4108 = LINE ( 'NONE', #1021, #6357 ) ;
#4109 = CARTESIAN_POINT ( 'NONE',  ( 7.715738321650227327, -25.14266413352903129, -2.000000000000000000 ) ) ;
#4110 = ORIENTED_EDGE ( 'NONE', *, *, #7820, .F. ) ;
#4111 = CARTESIAN_POINT ( 'NONE',  ( 4.189195047382283654, -24.56227459198278140, 2.099999999999999645 ) ) ;
#4112 = CARTESIAN_POINT ( 'NONE',  ( 25.19179192507393239, -1.283507464112907392, 2.099999999999999645 ) ) ;
#4113 = CARTESIAN_POINT ( 'NONE',  ( -7.616738452866459674, -23.18530238615923977, -2.000000000000000000 ) ) ;
#4114 = ADVANCED_FACE ( 'NONE', ( #3864 ), #6361, .F. ) ;
#4115 = CARTESIAN_POINT ( 'NONE',  ( -23.72154950710864441, -0.7592181733933821564, 2.099999999999999645 ) ) ;
#4116 = CARTESIAN_POINT ( 'NONE',  ( 27.19385050686429395, -4.276646238565366076, 2.100000000000000089 ) ) ;
#4117 = CARTESIAN_POINT ( 'NONE',  ( -1.726035193247308364, -25.34659078107458541, 2.099999999999999645 ) ) ;
#4118 = ORIENTED_EDGE ( 'NONE', *, *, #7299, .F. ) ;
#4119 = CARTESIAN_POINT ( 'NONE',  ( -20.86952096496492004, -12.08832612917523264, 2.099999999999999645 ) ) ;
#4120 = CARTESIAN_POINT ( 'NONE',  ( 12.83485696772680562, -20.07512121109397896, 2.099999999999999645 ) ) ;
#4121 = CARTESIAN_POINT ( 'NONE',  ( -12.84317218923418835, -20.29695877980780594, 2.099999999999999645 ) ) ;
#4122 = CARTESIAN_POINT ( 'NONE',  ( -23.40793038981979635, 6.902300070437893176, 2.099999999999999645 ) ) ;
#4123 = CARTESIAN_POINT ( 'NONE',  ( 24.32345666766047643, 4.791663430616663000, 2.099999999999999645 ) ) ;
#4124 = CARTESIAN_POINT ( 'NONE',  ( 19.87933552333218046, -15.81900378855655909, -2.000000000000000000 ) ) ;
#4125 = CARTESIAN_POINT ( 'NONE',  ( 20.28441937235456649, -15.97411852388379572, 2.100000000000000089 ) ) ;
#4126 = CARTESIAN_POINT ( 'NONE',  ( -12.88716835993242960, 20.50631329690557436, 2.100000000000000089 ) ) ;
#4127 = CARTESIAN_POINT ( 'NONE',  ( -13.36064030761172639, 21.84126693107096173, -2.000000000000000000 ) ) ;
#4128 = ORIENTED_EDGE ( 'NONE', *, *, #5161, .T. ) ;
#4129 = CARTESIAN_POINT ( 'NONE',  ( 23.07262568452397034, -6.675893319502710810, 2.099999999999999645 ) ) ;
#4130 = CARTESIAN_POINT ( 'NONE',  ( -21.48061666422702487, -12.62686802027752542, -2.000000000000000000 ) ) ;
#4131 = CARTESIAN_POINT ( 'NONE',  ( 24.56950331401515442, -1.128978604501158944, -2.000000000000000000 ) ) ;
#4132 = CARTESIAN_POINT ( 'NONE',  ( 16.08024905276406713, -20.49638744246054856, -2.000000000000000000 ) ) ;
#4133 = CARTESIAN_POINT ( 'NONE',  ( 10.03175227225609945, 22.96619924196638607, 2.099999999999999645 ) ) ;
#4134 = EDGE_CURVE ( 'NONE', #7166, #415, #7915, .T. ) ;
#4135 = CARTESIAN_POINT ( 'NONE',  ( 18.62447386782099912, 18.94171889292492850, -2.000000000000000000 ) ) ;
#4136 = CARTESIAN_POINT ( 'NONE',  ( 17.45584392081711655, -15.72474958968642156, -2.000000000000000000 ) ) ;
#4137 = ADVANCED_FACE ( 'NONE', ( #5069 ), #2652, .F. ) ;
#4138 = EDGE_LOOP ( 'NONE', ( #5294, #4270, #4110, #7932 ) ) ;
#4139 = EDGE_CURVE ( 'NONE', #1211, #4517, #210, .T. ) ;
#4140 = CARTESIAN_POINT ( 'NONE',  ( 18.00520414013333337, 17.66596715945037843, -2.000000000000000000 ) ) ;
#4141 = CARTESIAN_POINT ( 'NONE',  ( -2.320354714939441898, 23.45074361513812278, 2.099999999999999645 ) ) ;
#4142 = CARTESIAN_POINT ( 'NONE',  ( 23.42764417793267029, 4.840656286569398503, -2.000000000000000000 ) ) ;
#4143 = CARTESIAN_POINT ( 'NONE',  ( -16.55868018414818010, 20.77185239767592151, -2.000000000000000000 ) ) ;
#4144 = CARTESIAN_POINT ( 'NONE',  ( -9.555618961847070381, 22.25484530667599614, 2.099999999999999645 ) ) ;
#4145 = CARTESIAN_POINT ( 'NONE',  ( -22.91828645517601615, -5.264681564480675036, -2.000000000000000000 ) ) ;
#4146 = CARTESIAN_POINT ( 'NONE',  ( 10.89735721165042293, 23.93603524774558622, -2.000000000000000000 ) ) ;
#4147 = PLANE ( 'NONE',  #2880 ) ;
#4148 = CARTESIAN_POINT ( 'NONE',  ( 7.629252907546909768, -22.67335363560524186, -2.000000000000000000 ) ) ;
#4149 = EDGE_CURVE ( 'NONE', #844, #1758, #741, .T. ) ;
#4150 = CARTESIAN_POINT ( 'NONE',  ( -7.401289683397454411, -27.00409019895751683, 2.100000000000000089 ) ) ;
#4151 = B_SPLINE_SURFACE_WITH_KNOTS ( 'NONE', 3, 1, ( 
 ( #1492, #5208 ),
 ( #2793, #915 ),
 ( #6542, #3964 ),
 ( #876, #3429 ),
 ( #269, #2098 ),
 ( #5738, #7688 ),
 ( #3389, #5862 ),
 ( #310, #5248 ),
 ( #7726, #4638 ),
 ( #7117, #4681 ),
 ( #4042, #959 ),
 ( #5904, #5285 ),
 ( #7766, #7158 ),
 ( #1613, #191 ),
 ( #2671, #4836 ),
 ( #1150, #4235 ),
 ( #6657, #4725 ),
 ( #649, #455 ),
 ( #1762, #2942 ),
 ( #7197, #6016 ),
 ( #3547, #3128 ),
 ( #5938, #489 ),
 ( #3585, #4162 ),
 ( #6694, #4200 ),
 ( #383, #3620 ),
 ( #2375, #5600 ),
 ( #7313, #6578 ),
 ( #1033, #1072 ),
 ( #4992, #2866 ),
 ( #5400, #6089 ),
 ( #6618, #6851 ),
 ( #1918, #1113 ),
 ( #7275, #56 ),
 ( #2537, #7462 ),
 ( #3471, #7878 ),
 ( #4385, #6052 ),
 ( #5327, #2980 ),
 ( #7805, #2260 ),
 ( #1647, #4122 ),
 ( #2333, #4796 ),
 ( #3508, #5976 ),
 ( #1725, #2299 ),
 ( #420, #2907 ),
 ( #5435, #7917 ),
 ( #5367, #7843 ),
 ( #4759, #7233 ),
 ( #1683, #5679 ),
 ( #4425, #131 ),
 ( #6937, #3821 ),
 ( #3778, #860 ),
 ( #7627, #1960 ),
 ( #5720, #6363 ),
 ( #5640, #3292 ),
 ( #3251, #174 ),
 ( #4466, #5070 ) ),
 .UNSPECIFIED., .F., .F., .F.,
 ( 4, 1, 1, 1, 1, 1, 1, 1, 1, 1, 1, 1, 1, 1, 1, 1, 1, 1, 1, 1, 1, 1, 1, 1, 1, 1, 1, 1, 1, 1, 1, 1, 1, 1, 1, 1, 1, 1, 1, 1, 1, 1, 1, 1, 1, 1, 1, 1, 1, 1, 1, 1, 4 ),
 ( 2, 2 ),
 ( 0.01037070963360204462, 0.06767854499841075011, 0.09884629602760430789, 0.1282330327458526265, 0.1558387551553858108, 0.1816634632588949305, 0.2057071570596704646, 0.2279698365617907063, 0.2484515017704002071, 0.2671521526921107892, 0.2840717893356240475, 0.2992104117127127871, 0.3125680198398574916, 0.3241446137411457817, 0.3339401934538051009, 0.3662021699428081867, 0.3760430630535980256, 0.3856763336118157470, 0.3952492422856400678, 0.4049624801021076692, 0.4150869914083017420, 0.4259748013331248195, 0.4380386266454291411, 0.4516469595390834035, 0.4668849008038628012, 0.4803437228220500677, 0.5000000000000002220, 0.5196562771779504875, 0.5331150991961376429, 0.5483530404609170406, 0.5619613733545713030, 0.5740251986668756246, 0.5849130085916987021, 0.5950375198978927749, 0.6047507577143603763, 0.6143236663881848081, 0.6239569369464024184, 0.6337978300571922574, 0.6660598065461953432, 0.6758553862588546624, 0.6874319801601429525, 0.7007895882872876570, 0.7159282106643762855, 0.7328478473078895439, 0.7515484982296001260, 0.7720301634382096267, 0.7942928429403297574, 0.8183365367411052915, 0.8441612448446143002, 0.8717669672541474846, 0.9011537039723958031, 0.9323214550015893609, 0.9896292903664016816 ),
 ( 0.000000000000000000, 1.000000000000000000 ),
 .UNSPECIFIED. ) ;
#4152 = CARTESIAN_POINT ( 'NONE',  ( 5.008822010445495465, -26.08776424953685336, -2.000000000000000000 ) ) ;
#4153 = DIRECTION ( 'NONE',  ( -0.000000000000000000, -0.000000000000000000, 1.000000000000000000 ) ) ;
#4154 = CARTESIAN_POINT ( 'NONE',  ( -7.733573568718044910, -24.87706067138157806, -2.000000000000000000 ) ) ;
#4155 = CARTESIAN_POINT ( 'NONE',  ( -23.49332454121249825, 0.1947784575707280086, 2.099999999999999645 ) ) ;
#4156 = CARTESIAN_POINT ( 'NONE',  ( -1.474499619732447142, -26.25856105065618351, -2.000000000000000000 ) ) ;
#4157 = CARTESIAN_POINT ( 'NONE',  ( -0.9676082089280185761, -27.51106945932079384, -2.000000000000000000 ) ) ;
#4158 = ORIENTED_EDGE ( 'NONE', *, *, #3780, .T. ) ;
#4159 = DIRECTION ( 'NONE',  ( -0.8854560256532094664, -0.4647231720437691171, 0.000000000000000000 ) ) ;
#4160 = CARTESIAN_POINT ( 'NONE',  ( 13.64872344093912027, -24.44815585866984264, -2.000000000000000000 ) ) ;
#4161 = CARTESIAN_POINT ( 'NONE',  ( -15.02890815691218407, -19.71604682249877882, -2.000000000000000000 ) ) ;
#4162 = CARTESIAN_POINT ( 'NONE',  ( -23.21393719209896034, 4.939781705126430111, 2.099999999999999645 ) ) ;
#4163 = CARTESIAN_POINT ( 'NONE',  ( 22.82097940566847427, 5.624866236205954273, 2.099999999999999645 ) ) ;
#4164 = CARTESIAN_POINT ( 'NONE',  ( 17.25237999601837657, -16.29857992973628811, -2.000000000000000000 ) ) ;
#4165 = CARTESIAN_POINT ( 'NONE',  ( 17.64188601445204085, -17.13764696917008479, 2.100000000000000089 ) ) ;
#4166 = CARTESIAN_POINT ( 'NONE',  ( 22.73828148979404062, -10.53816474365923028, 2.099999999999999645 ) ) ;
#4167 = ORIENTED_EDGE ( 'NONE', *, *, #949, .F. ) ;
#4168 = CARTESIAN_POINT ( 'NONE',  ( -13.64897234010188320, -24.23668188073550311, -2.000000000000000000 ) ) ;
#4169 = CARTESIAN_POINT ( 'NONE',  ( 22.59408972245014624, 10.50532236015859056, -2.000000000000000000 ) ) ;
#4170 = FACE_OUTER_BOUND ( 'NONE', #3639, .T. ) ;
#4171 = CARTESIAN_POINT ( 'NONE',  ( 16.30896799194540137, -20.63258928533522152, -2.000000000000000000 ) ) ;
#4172 = CARTESIAN_POINT ( 'NONE',  ( 11.58603556222320030, 24.54102139527087800, 2.099999999999999645 ) ) ;
#4173 = CARTESIAN_POINT ( 'NONE',  ( -26.77150907641003741, -1.970609361940798943, 2.100000000000000089 ) ) ;
#4174 = DIRECTION ( 'NONE',  ( -0.5680647467311555898, -0.8229838658936565743, 0.000000000000000000 ) ) ;
#4175 = CIRCLE ( 'NONE', #2884, 27.99999957948218920 ) ;
#4176 = FACE_OUTER_BOUND ( 'NONE', #6067, .T. ) ;
#4177 = ORIENTED_EDGE ( 'NONE', *, *, #5291, .T. ) ;
#4178 = CARTESIAN_POINT ( 'NONE',  ( 22.61633054543465704, -13.93417863138606627, -2.000000000000000000 ) ) ;
#4179 = AXIS2_PLACEMENT_3D ( 'NONE', #4596, #6991, #3917 ) ;
#4180 = CARTESIAN_POINT ( 'NONE',  ( -1.810672407536207729, 24.85107952805194387, 2.099999999999999645 ) ) ;
#4181 = CARTESIAN_POINT ( 'NONE',  ( 22.99371384847795241, 6.601180838822673813, -2.000000000000000000 ) ) ;
#4182 = CARTESIAN_POINT ( 'NONE',  ( 14.42373451280540841, 19.20597537996032500, -2.000000000000000000 ) ) ;
#4183 = CARTESIAN_POINT ( 'NONE',  ( -19.10294300321431038, 20.47138356518676972, -2.000000000000000000 ) ) ;
#4184 = CARTESIAN_POINT ( 'NONE',  ( -1.824858090210279782, 24.72368248555339676, 2.100000000000000089 ) ) ;
#4185 = CARTESIAN_POINT ( 'NONE',  ( -8.148726673636449647, 22.03570943365874157, 2.099999999999999645 ) ) ;
#4186 = CARTESIAN_POINT ( 'NONE',  ( 1.824858090210248696, 24.72368248555340386, 2.100000000000000089 ) ) ;
#4187 = CARTESIAN_POINT ( 'NONE',  ( -7.688496923001401306, -25.42728370346967637, 2.100000000000000089 ) ) ;
#4188 = CARTESIAN_POINT ( 'NONE',  ( 1.981471996725006290, -23.84030691368550237, -2.000000000000000000 ) ) ;
#4189 = CARTESIAN_POINT ( 'NONE',  ( 11.10648537714067530, -24.13101166629980199, -2.000000000000000000 ) ) ;
#4190 = CARTESIAN_POINT ( 'NONE',  ( 22.61633054543464283, 13.93417863138607871, 2.099999999999999645 ) ) ;
#4191 = DIRECTION ( 'NONE',  ( 0.000000000000000000, 0.000000000000000000, -1.000000000000000000 ) ) ;
#4192 = CARTESIAN_POINT ( 'NONE',  ( -23.63491054742289421, 0.6550942090464527690, -2.000000000000000000 ) ) ;
#4193 = CARTESIAN_POINT ( 'NONE',  ( 23.21393719209896389, -4.939781705126438993, 2.100000000000000089 ) ) ;
#4194 = CARTESIAN_POINT ( 'NONE',  ( -2.198555820827225560, 23.54154832015334975, -2.000000000000000000 ) ) ;
#4195 = CARTESIAN_POINT ( 'NONE',  ( -1.790249464186363104, -24.99754724227145530, 2.099999999999999645 ) ) ;
#4196 = ORIENTED_EDGE ( 'NONE', *, *, #758, .F. ) ;
#4197 = CARTESIAN_POINT ( 'NONE',  ( -19.10294300318479088, -20.47138356506643575, 2.100000000000000089 ) ) ;
#4198 = CARTESIAN_POINT ( 'NONE',  ( -13.09924240491749003, -14.84924240491749892, 2.100000000000001865 ) ) ;
#4199 = CARTESIAN_POINT ( 'NONE',  ( -12.88702750944971243, -19.82328597831587658, -2.000000000000000000 ) ) ;
#4200 = CARTESIAN_POINT ( 'NONE',  ( -23.10489730742584413, 5.020145956116661701, 2.099999999999999645 ) ) ;
#4201 = DIRECTION ( 'NONE',  ( 0.8854560256532099105, -0.4647231720437684510, 0.000000000000000000 ) ) ;
#4202 = CARTESIAN_POINT ( 'NONE',  ( 18.97770164392054326, -15.34339570340774550, -2.000000000000000000 ) ) ;
#4203 = CARTESIAN_POINT ( 'NONE',  ( 17.91646094264595845, -17.52377780514962424, 2.100000000000000089 ) ) ;
#4204 = CARTESIAN_POINT ( 'NONE',  ( 20.71178771499497984, -11.09036006156942733, -2.000000000000000000 ) ) ;
#4205 = CARTESIAN_POINT ( 'NONE',  ( -13.41263264250317455, 22.06199033373686547, 2.099999999999999645 ) ) ;
#4206 = ORIENTED_EDGE ( 'NONE', *, *, #1264, .F. ) ;
#4207 = CARTESIAN_POINT ( 'NONE',  ( -13.25426296490209310, -21.46155364981478897, -2.000000000000000000 ) ) ;
#4208 = CARTESIAN_POINT ( 'NONE',  ( -25.70517099647030790, -10.62804679002982589, -2.000000000000000000 ) ) ;
#4209 = CARTESIAN_POINT ( 'NONE',  ( 13.64872344093925527, 24.44815585854593820, 2.100000000000000089 ) ) ;
#4210 = CARTESIAN_POINT ( 'NONE',  ( 17.51903422860498338, 16.98989084997259980, -2.000000000000000000 ) ) ;
#4211 = CARTESIAN_POINT ( 'NONE',  ( 18.09985454995501541, -17.82762258356554597, -2.000000000000000000 ) ) ;
#4212 = DIRECTION ( 'NONE',  ( -0.000000000000000000, -0.000000000000000000, -1.000000000000000000 ) ) ;
#4213 = ORIENTED_EDGE ( 'NONE', *, *, #4037, .F. ) ;
#4214 = CARTESIAN_POINT ( 'NONE',  ( 19.10294300321428196, 20.47138356518673774, 2.099999999999999645 ) ) ;
#4215 = CARTESIAN_POINT ( 'NONE',  ( -18.01951879739602802, -21.43121365581739468, -2.000000000000000000 ) ) ;
#4216 = CARTESIAN_POINT ( 'NONE',  ( 27.42711506945233424, 2.355539727225822055, 2.100000000000000089 ) ) ;
#4217 = CARTESIAN_POINT ( 'NONE',  ( -25.91507308952765243, 10.60230933436159795, 2.099999999999999645 ) ) ;
#4218 = CARTESIAN_POINT ( 'NONE',  ( -17.91646094264596201, 17.52377780514962069, 2.099999999999999645 ) ) ;
#4219 = CARTESIAN_POINT ( 'NONE',  ( -1.846803834033476699, 24.33438445894235613, 2.100000000000000089 ) ) ;
#4220 = CARTESIAN_POINT ( 'NONE',  ( -7.705310163655084033, 23.69563005194943273, -2.000000000000000000 ) ) ;
#4221 = CARTESIAN_POINT ( 'NONE',  ( -11.33585971340118093, -24.33300811744742020, 2.099999999999999645 ) ) ;
#4222 = CARTESIAN_POINT ( 'NONE',  ( 1.810672407536199291, -24.85107952805194387, -2.000000000000000000 ) ) ;
#4223 = CARTESIAN_POINT ( 'NONE',  ( 9.768079280210450577, -22.57254334279472729, -2.000000000000000000 ) ) ;
#4224 = CARTESIAN_POINT ( 'NONE',  ( 20.74579233589062000, 11.91211842489103034, -2.000000000000000000 ) ) ;
#4225 = DIRECTION ( 'NONE',  ( 0.000000000000000000, 0.000000000000000000, -1.000000000000000000 ) ) ;
#4226 = CARTESIAN_POINT ( 'NONE',  ( -26.24483786523219209, 1.701370919965209838, 2.099999999999999645 ) ) ;
#4227 = ADVANCED_FACE ( 'NONE', ( #2282 ), #78, .F. ) ;
#4228 = CARTESIAN_POINT ( 'NONE',  ( -1.145856306001357350, -27.11429446801520271, -2.000000000000000000 ) ) ;
#4229 = CARTESIAN_POINT ( 'NONE',  ( -3.781464864188913477, 23.62174820993211455, -2.000000000000000000 ) ) ;
#4230 = CARTESIAN_POINT ( 'NONE',  ( -4.713207230075929566, -25.62151411210381013, 2.099999999999999645 ) ) ;
#4231 = ORIENTED_EDGE ( 'NONE', *, *, #5971, .T. ) ;
#4232 = DIRECTION ( 'NONE',  ( -0.000000000000000000, -0.000000000000000000, 1.000000000000000000 ) ) ;
#4233 = CARTESIAN_POINT ( 'NONE',  ( 1.939597136465246008, -23.94058417290087348, -2.000000000000000000 ) ) ;
#4234 = CARTESIAN_POINT ( 'NONE',  ( -15.68419099428256658, -20.23743569325270641, 2.099999999999999645 ) ) ;
#4235 = CARTESIAN_POINT ( 'NONE',  ( -24.12574046566792063, 4.783694468719397186, 2.099999999999999645 ) ) ;
#4236 = CARTESIAN_POINT ( 'NONE',  ( -17.59296804644543855, -15.58600964088961049, -2.000000000000000000 ) ) ;
#4237 = CARTESIAN_POINT ( 'NONE',  ( 18.70321540207056543, -15.22676155773647899, -2.000000000000000000 ) ) ;
#4238 = CARTESIAN_POINT ( 'NONE',  ( 18.83778878485559360, -19.53549755878801264, 2.100000000000000089 ) ) ;
#4239 = PLANE ( 'NONE',  #3656 ) ;
#4240 = ORIENTED_EDGE ( 'NONE', *, *, #5313, .T. ) ;
#4241 = CARTESIAN_POINT ( 'NONE',  ( -12.83485696772680029, -20.07512121109398251, -2.000000000000000000 ) ) ;
#4242 = CARTESIAN_POINT ( 'NONE',  ( -21.80373651133526991, -10.30832712212200519, -2.000000000000000000 ) ) ;
#4243 = CARTESIAN_POINT ( 'NONE',  ( 24.37956700134304100, 1.099847363974308045, 2.099999999999999645 ) ) ;
#4244 = CARTESIAN_POINT ( 'NONE',  ( -23.63491054742289421, 0.6550942090464527690, -2.000000000000000000 ) ) ;
#4245 = CARTESIAN_POINT ( 'NONE',  ( 15.51594276222061985, -20.11676867469219587, -2.000000000000000000 ) ) ;
#4246 = CARTESIAN_POINT ( 'NONE',  ( 10.89735721165042293, 23.93603524774558622, 2.099999999999999645 ) ) ;
#4247 = CARTESIAN_POINT ( 'NONE',  ( -26.24483786523220274, -1.701370919965217166, 2.100000000000000089 ) ) ;
#4248 = CARTESIAN_POINT ( 'NONE',  ( 17.76075994573093553, -17.29583732711386901, -2.000000000000000000 ) ) ;
#4249 = CARTESIAN_POINT ( 'NONE',  ( 7.401289683397457075, 27.00409019895751328, -2.000000000000000000 ) ) ;
#4250 = FACE_OUTER_BOUND ( 'NONE', #2758, .T. ) ;
#4251 = EDGE_LOOP ( 'NONE', ( #7508, #749, #5918, #4206 ) ) ;
#4252 = VERTEX_POINT ( 'NONE', #6720 ) ;
#4253 = DIRECTION ( 'NONE',  ( -1.000000000000000000, 0.000000000000000000, 0.000000000000000000 ) ) ;
#4254 = CARTESIAN_POINT ( 'NONE',  ( -1.474499619732464684, 26.25856105065617641, 2.099999999999999645 ) ) ;
#4255 = CARTESIAN_POINT ( 'NONE',  ( 26.00281877978270373, 1.590510388571583889, 2.100000000000000089 ) ) ;
#4256 = CARTESIAN_POINT ( 'NONE',  ( 4.852431640496106091, 25.84840584550507714, -2.000000000000000000 ) ) ;
#4257 = CARTESIAN_POINT ( 'NONE',  ( 16.82973023395796375, 20.91308632741410278, -2.000000000000000000 ) ) ;
#4258 = CARTESIAN_POINT ( 'NONE',  ( -17.83462167525290454, 17.40060223031303011, -2.000000000000000000 ) ) ;
#4259 = CARTESIAN_POINT ( 'NONE',  ( -1.810672407536207729, 24.85107952805194387, 2.100000000000000089 ) ) ;
#4260 = CARTESIAN_POINT ( 'NONE',  ( -7.401289683367668459, 27.00409019907778330, -2.000000000000000000 ) ) ;
#4261 = CARTESIAN_POINT ( 'NONE',  ( -10.13323285654343664, -23.09959661296539934, 2.099999999999999645 ) ) ;
#4262 = CARTESIAN_POINT ( 'NONE',  ( 0.9676082089280232390, -27.51106945932080450, 2.099999999999999645 ) ) ;
#4263 = CARTESIAN_POINT ( 'NONE',  ( 10.89735721165043358, -23.93603524774560043, 2.099999999999999645 ) ) ;
#4264 = CARTESIAN_POINT ( 'NONE',  ( 23.34891248598833968, -15.11752229217972676, 2.099999999999999645 ) ) ;
#4265 = CARTESIAN_POINT ( 'NONE',  ( 12.83364937058815869, 20.18870745851076975, 2.100000000000000089 ) ) ;
#4266 = CARTESIAN_POINT ( 'NONE',  ( -27.87379644721942284, 2.655456283961662667, -2.000000000000000000 ) ) ;
#4267 = CARTESIAN_POINT ( 'NONE',  ( -0.9676082089449417056, -27.51106945928312442, -2.000000000000000000 ) ) ;
#4268 = CARTESIAN_POINT ( 'NONE',  ( -2.035327432088060551, 23.74029248485179266, -2.000000000000000000 ) ) ;
#4269 = CARTESIAN_POINT ( 'NONE',  ( -4.482856113983126889, -25.20816636816325840, -2.000000000000000000 ) ) ;
#4270 = ORIENTED_EDGE ( 'NONE', *, *, #5281, .F. ) ;
#4271 = CYLINDRICAL_SURFACE ( 'NONE', #6102, 18.00000000000000000 ) ;
#4272 = CARTESIAN_POINT ( 'NONE',  ( 2.320354714939433460, -23.45074361513812278, -2.000000000000000000 ) ) ;
#4274 = CARTESIAN_POINT ( 'NONE',  ( -16.08024905276407068, -20.49638744246056277, -2.000000000000000000 ) ) ;
#4273 = B_SPLINE_SURFACE_WITH_KNOTS ( 'NONE', 3, 1, ( 
 ( #6898, #3823 ),
 ( #6283, #738 ),
 ( #567, #7986 ),
 ( #2696, #6365 ),
 ( #2735, #3950 ),
 ( #5992, #778 ),
 ( #3990, #7817 ),
 ( #6408, #1479 ),
 ( #900, #5112 ),
 ( #5189, #3253 ),
 ( #176, #7668 ),
 ( #294, #5378 ),
 ( #3868, #862 ),
 ( #4545, #252 ),
 ( #2129, #3331 ),
 ( #4589, #7068 ),
 ( #3294, #7247 ),
 ( #5722, #3373 ),
 ( #2655, #1658 ),
 ( #7589, #2274 ),
 ( #2045, #2084 ),
 ( #4507, #5801 ),
 ( #1517, #5150 ),
 ( #6982, #7210 ),
 ( #7026, #6447 ),
 ( #5845, #2879 ),
 ( #4736, #7629 ),
 ( #5343, #1433 ),
 ( #4136, #6590 ),
 ( #1046, #7855 ),
 ( #6322, #3521 ),
 ( #432, #2919 ),
 ( #2311, #4771 ),
 ( #3908, #823 ),
 ( #5762, #214 ),
 ( #6633, #1209 ),
 ( #3561, #7402 ),
 ( #467, #8006 ),
 ( #1087, #7929 ),
 ( #1250, #7288 ),
 ( #4248, #4848 ),
 ( #1859, #7324 ),
 ( #6028, #2955 ),
 ( #5413, #7891 ),
 ( #4211, #4327 ),
 ( #627, #3596 ),
 ( #546, #1696 ),
 ( #6669, #2348 ),
 ( #2432, #4810 ),
 ( #2472, #1738 ),
 ( #5576, #6750 ),
 ( #1125, #3677 ),
 ( #3633, #6104 ),
 ( #1774, #5450 ),
 ( #1162, #3030 ) ),
 .UNSPECIFIED., .F., .F., .F.,
 ( 4, 1, 1, 1, 1, 1, 1, 1, 1, 1, 1, 1, 1, 1, 1, 1, 1, 1, 1, 1, 1, 1, 1, 1, 1, 1, 1, 1, 1, 1, 1, 1, 1, 1, 1, 1, 1, 1, 1, 1, 1, 1, 1, 1, 1, 1, 1, 1, 1, 1, 1, 1, 4 ),
 ( 2, 2 ),
 ( 0.01037070963360204462, 0.06767854499841075011, 0.09884629602760430789, 0.1282330327458526265, 0.1558387551553858108, 0.1816634632588949305, 0.2057071570596704646, 0.2279698365617907063, 0.2484515017704002071, 0.2671521526921107892, 0.2840717893356240475, 0.2992104117127127871, 0.3125680198398574916, 0.3241446137411457817, 0.3339401934538051009, 0.3662021699428081867, 0.3760430630535980256, 0.3856763336118157470, 0.3952492422856400678, 0.4049624801021076692, 0.4150869914083017420, 0.4259748013331248195, 0.4380386266454291411, 0.4516469595390834035, 0.4668849008038628012, 0.4803437228220500677, 0.5000000000000002220, 0.5196562771779504875, 0.5331150991961376429, 0.5483530404609170406, 0.5619613733545713030, 0.5740251986668756246, 0.5849130085916987021, 0.5950375198978927749, 0.6047507577143603763, 0.6143236663881848081, 0.6239569369464024184, 0.6337978300571922574, 0.6660598065461953432, 0.6758553862588546624, 0.6874319801601429525, 0.7007895882872876570, 0.7159282106643762855, 0.7328478473078895439, 0.7515484982296001260, 0.7720301634382096267, 0.7942928429403297574, 0.8183365367411052915, 0.8441612448446143002, 0.8717669672541474846, 0.9011537039723958031, 0.9323214550015893609, 0.9896292903664016816 ),
 ( 0.000000000000000000, 1.000000000000000000 ),
 .UNSPECIFIED. ) ;
#4275 = CARTESIAN_POINT ( 'NONE',  ( -18.12539239010959236, -15.18249965295456683, -2.000000000000000000 ) ) ;
#4276 = CARTESIAN_POINT ( 'NONE',  ( 22.61633054543464283, 13.93417863138607871, 2.100000000000000089 ) ) ;
#4277 = CARTESIAN_POINT ( 'NONE',  ( -7.688595528318266759, 23.56854007989867128, 2.100000000000000089 ) ) ;
#4278 = EDGE_CURVE ( 'NONE', #7515, #4368, #3848, .T. ) ;
#4279 = CARTESIAN_POINT ( 'NONE',  ( 23.29246673278348823, -10.63055238855664619, -2.000000000000000000 ) ) ;
#4280 = ORIENTED_EDGE ( 'NONE', *, *, #5786, .T. ) ;
#4281 = CARTESIAN_POINT ( 'NONE',  ( 23.15601641226234975, -6.742658068406535143, 2.099999999999999645 ) ) ;
#4282 = CARTESIAN_POINT ( 'NONE',  ( -20.81172461973597265, -10.92283569232045437, -2.000000000000000000 ) ) ;
#4283 = CARTESIAN_POINT ( 'NONE',  ( -22.74999999999999645, -3.903127820947815962E-15, 2.100000000000001865 ) ) ;
#4284 = CARTESIAN_POINT ( 'NONE',  ( -5.995909907646372439, 27.35048520283300277, 2.100000000000000089 ) ) ;
#4285 = CARTESIAN_POINT ( 'NONE',  ( 17.83462167525288677, 17.40060223031303721, -2.000000000000000000 ) ) ;
#4286 = CARTESIAN_POINT ( 'NONE',  ( 23.32186741149923392, 4.882063647943462037, 2.100000000000000089 ) ) ;
#4287 = CARTESIAN_POINT ( 'NONE',  ( 0.000000000000000000, -0.000000000000000000, -2.000000000000000000 ) ) ;
#4288 = CARTESIAN_POINT ( 'NONE',  ( -15.68419099428257013, 20.23743569325269931, 2.099999999999999645 ) ) ;
#4289 = ORIENTED_EDGE ( 'NONE', *, *, #6117, .T. ) ;
#4290 = VERTEX_POINT ( 'NONE', #768 ) ;
#4291 = CARTESIAN_POINT ( 'NONE',  ( 17.35181857730699662, 15.87069998699208995, -2.000000000000000000 ) ) ;
#4292 = CARTESIAN_POINT ( 'NONE',  ( -1.790249464186380868, 24.99754724227145530, 2.099999999999999645 ) ) ;
#4293 = CARTESIAN_POINT ( 'NONE',  ( 24.09676835437406694, 1.005131229266920556, 2.100000000000000089 ) ) ;
#4294 = CARTESIAN_POINT ( 'NONE',  ( 5.183190230475027249, 26.33878392258043633, -2.000000000000000000 ) ) ;
#4295 = CARTESIAN_POINT ( 'NONE',  ( 14.51573139705936022, 19.26027195864160291, -2.000000000000000000 ) ) ;
#4296 = CARTESIAN_POINT ( 'NONE',  ( -18.73200657000872837, 19.22781655172587278, -2.000000000000000000 ) ) ;
#4297 = AXIS2_PLACEMENT_3D ( 'NONE', #7234, #5977, #4201 ) ;
#4298 = CARTESIAN_POINT ( 'NONE',  ( 7.688496923001403971, 25.42728370346966926, 2.099999999999999645 ) ) ;
#4299 = CARTESIAN_POINT ( 'NONE',  ( -7.988790274807843872, 22.11659910479056279, 2.099999999999999645 ) ) ;
#4300 = CARTESIAN_POINT ( 'NONE',  ( 1.270707428516364201, 26.81384534371724371, 2.100000000000000089 ) ) ;
#4301 = AXIS2_PLACEMENT_3D ( 'NONE', #7760, #7837, #378 ) ;
#4302 = CARTESIAN_POINT ( 'NONE',  ( -8.993578510876917065, -21.86672564825610010, 2.100000000000000089 ) ) ;
#4303 = CARTESIAN_POINT ( 'NONE',  ( 0.8222171190492911785, -27.80350973424102534, -2.000000000000000000 ) ) ;
#4304 = CARTESIAN_POINT ( 'NONE',  ( -18.00000000000000000, 2.204364238465235428E-15, 2.100000000000002309 ) ) ;
#4305 = CARTESIAN_POINT ( 'NONE',  ( 23.19083041064040529, 14.83174276025829741, -2.000000000000000000 ) ) ;
#4306 = CARTESIAN_POINT ( 'NONE',  ( 13.35177211813241804, 19.34338136197019153, 2.100000000000000089 ) ) ;
#4307 = CIRCLE ( 'NONE', #812, 27.99999957948218920 ) ;
#4308 = CARTESIAN_POINT ( 'NONE',  ( -23.99982295939236820, 0.9602632500303778240, 2.099999999999999645 ) ) ;
#4309 = CARTESIAN_POINT ( 'NONE',  ( -4.713207230075929566, -25.62151411210381013, -2.000000000000000000 ) ) ;
#4310 = DIRECTION ( 'NONE',  ( -0.000000000000000000, -0.000000000000000000, 1.000000000000000000 ) ) ;
#4311 = CARTESIAN_POINT ( 'NONE',  ( -4.482856113983126889, -25.20816636816325840, 2.099999999999999645 ) ) ;
#4312 = VERTEX_POINT ( 'NONE', #1384 ) ;
#4313 = CARTESIAN_POINT ( 'NONE',  ( -17.45584392081710945, -15.72474958968643044, 2.100000000000000089 ) ) ;
#4314 = CARTESIAN_POINT ( 'NONE',  ( 1.790249464186372208, -24.99754724227145530, -2.000000000000000000 ) ) ;
#4315 = CARTESIAN_POINT ( 'NONE',  ( -1.906741771391412099, -24.04223096406908411, 2.100000000000000089 ) ) ;
#4316 = CARTESIAN_POINT ( 'NONE',  ( -17.83462167525289033, -17.40060223031303721, 2.099999999999999645 ) ) ;
#4317 = CARTESIAN_POINT ( 'NONE',  ( 25.70517099647019421, 10.62804679002984898, 2.100000000000000089 ) ) ;
#4318 = CARTESIAN_POINT ( 'NONE',  ( -7.715738321650229103, 25.14266413352902418, 2.100000000000000089 ) ) ;
#4319 = CARTESIAN_POINT ( 'NONE',  ( 21.47582202528876039, -10.32148794313314788, 2.099999999999999645 ) ) ;
#4320 = ORIENTED_EDGE ( 'NONE', *, *, #4967, .F. ) ;
#4321 = CARTESIAN_POINT ( 'NONE',  ( 26.28829541380231660, -9.090474067371491884, -2.000000000000000000 ) ) ;
#4322 = CARTESIAN_POINT ( 'NONE',  ( -10.53741832910565712, 23.57101921525814703, -2.000000000000000000 ) ) ;
#4323 = CARTESIAN_POINT ( 'NONE',  ( -22.85726476338738067, 5.433202019314275155, -2.000000000000000000 ) ) ;
#4324 = CARTESIAN_POINT ( 'NONE',  ( 8.334619726030521036, 21.97658606862350794, 2.100000000000000089 ) ) ;
#4325 = CARTESIAN_POINT ( 'NONE',  ( 22.41476736692507998, 16.47086513864623569, -2.000000000000000000 ) ) ;
#4326 = CARTESIAN_POINT ( 'NONE',  ( 25.75863198250609543, 8.543467069173823702, 2.100000000000000089 ) ) ;
#4327 = CARTESIAN_POINT ( 'NONE',  ( 18.09985454995501541, -17.82762258356554597, 2.099999999999999645 ) ) ;
#4328 = CARTESIAN_POINT ( 'NONE',  ( 18.01951879739596052, -21.43121365581736271, 2.100000000000000089 ) ) ;
#4329 = CARTESIAN_POINT ( 'NONE',  ( 24.56950331401515442, -1.128978604501158944, 2.100000000000000089 ) ) ;
#4330 = VERTEX_POINT ( 'NONE', #1467 ) ;
#4331 = ORIENTED_EDGE ( 'NONE', *, *, #4278, .F. ) ;
#4332 = CARTESIAN_POINT ( 'NONE',  ( 19.42345833902674102, 15.60717637591975837, -2.000000000000000000 ) ) ;
#4333 = CARTESIAN_POINT ( 'NONE',  ( 16.82973023395797441, -20.91308632741409923, -2.000000000000000000 ) ) ;
#4334 = DIRECTION ( 'NONE',  ( 1.000000000000000000, 0.000000000000000000, 0.000000000000000000 ) ) ;
#4335 = CARTESIAN_POINT ( 'NONE',  ( 4.590305982006120722, 25.40785750275295030, -2.000000000000000000 ) ) ;
#4336 = CARTESIAN_POINT ( 'NONE',  ( 13.02793750094271807, 20.86163776548604076, -2.000000000000000000 ) ) ;
#4337 = CARTESIAN_POINT ( 'NONE',  ( 7.656852614504651378, 23.37322600383987137, -2.000000000000000000 ) ) ;
#4338 = CARTESIAN_POINT ( 'NONE',  ( -7.650756190596020190, 25.73058353783936525, 2.099999999999999645 ) ) ;
#4339 = CARTESIAN_POINT ( 'NONE',  ( 4.082273444348664349, 24.25428063893853547, 2.100000000000000089 ) ) ;
#4340 = CARTESIAN_POINT ( 'NONE',  ( -11.33585971340118093, -24.33300811744742020, 2.100000000000000089 ) ) ;
#4341 = CARTESIAN_POINT ( 'NONE',  ( -22.85055158908931716, -6.414095051321358376, 2.099999999999999645 ) ) ;
#4342 = CARTESIAN_POINT ( 'NONE',  ( 18.01951879739603513, -21.43121365581738758, -2.000000000000000000 ) ) ;
#4343 = CARTESIAN_POINT ( 'NONE',  ( 9.230471089887533509, -21.96684885186929392, 2.099999999999999645 ) ) ;
#4344 = CARTESIAN_POINT ( 'NONE',  ( 22.44798333931210976, 13.70307343545947454, 2.099999999999999645 ) ) ;
#4345 = CARTESIAN_POINT ( 'NONE',  ( 13.20212662322859209, 21.30225842247369528, 2.100000000000000089 ) ) ;
#4346 = CARTESIAN_POINT ( 'NONE',  ( -19.24999999999999289, -3.688814631097028664E-15, 2.100000000000001865 ) ) ;
#4347 = CARTESIAN_POINT ( 'NONE',  ( -2.035327432088044119, -23.74029248485179266, -2.000000000000000000 ) ) ;
#4348 = CARTESIAN_POINT ( 'NONE',  ( 16.59924240491750425, -14.84924240491749714, -3.599999999999998757 ) ) ;
#4349 = CARTESIAN_POINT ( 'NONE',  ( -3.359200862297582191, -23.32460485566309316, -2.000000000000000000 ) ) ;
#4350 = ORIENTED_EDGE ( 'NONE', *, *, #17, .F. ) ;
#4351 = CARTESIAN_POINT ( 'NONE',  ( -20.28441937235456294, -15.97411852388380638, 2.100000000000000089 ) ) ;
#4352 = EDGE_CURVE ( 'NONE', #4000, #2435, #5284, .T. ) ;
#4353 = CARTESIAN_POINT ( 'NONE',  ( 1.824858090210271566, -24.72368248555339676, -2.000000000000000000 ) ) ;
#4354 = CARTESIAN_POINT ( 'NONE',  ( -18.09985454995500831, -17.82762258356555307, -2.000000000000000000 ) ) ;
#4355 = CARTESIAN_POINT ( 'NONE',  ( -19.31055424225242945, 15.54648119520596161, 2.100000000000000089 ) ) ;
#4356 = DIRECTION ( 'NONE',  ( 0.000000000000000000, -0.000000000000000000, -1.000000000000000000 ) ) ;
#4357 = CARTESIAN_POINT ( 'NONE',  ( 21.84033501313437142, -12.97800555654220389, 2.099999999999999645 ) ) ;
#4358 = VERTEX_POINT ( 'NONE', #6518 ) ;
#4359 = CARTESIAN_POINT ( 'NONE',  ( -14.32589460713082019, -19.15868494228939056, -2.000000000000000000 ) ) ;
#4360 = CARTESIAN_POINT ( 'NONE',  ( -23.19083041064041595, -14.83174276025828320, 2.099999999999999645 ) ) ;
#4361 = CARTESIAN_POINT ( 'NONE',  ( -27.87379644711759497, 2.655456283891201252, -2.000000000000000000 ) ) ;
#4362 = CARTESIAN_POINT ( 'NONE',  ( 13.55023046621763783, -22.84843530275376011, -2.000000000000000000 ) ) ;
#4363 = CARTESIAN_POINT ( 'NONE',  ( -23.81253063529220171, -0.8410884408854227834, 2.100000000000000089 ) ) ;
#4364 = CARTESIAN_POINT ( 'NONE',  ( 25.07504586300960980, 7.932732980984177118, 2.100000000000000089 ) ) ;
#4365 = CARTESIAN_POINT ( 'NONE',  ( 21.04854468720649052, 16.20550857031053127, 2.100000000000000089 ) ) ;
#4366 = CARTESIAN_POINT ( 'NONE',  ( 26.00281877978271439, -1.590510388571584333, 2.100000000000000089 ) ) ;
#4367 = ORIENTED_EDGE ( 'NONE', *, *, #168, .T. ) ;
#4368 = VERTEX_POINT ( 'NONE', #2767 ) ;
#4369 = CARTESIAN_POINT ( 'NONE',  ( 17.25237999601835881, 16.29857992973629521, 2.099999999999999645 ) ) ;
#4370 = CARTESIAN_POINT ( 'NONE',  ( 15.36687483434010737, -20.00332296475708915, 2.099999999999999645 ) ) ;
#4371 = DIRECTION ( 'NONE',  ( -0.000000000000000000, -0.000000000000000000, -1.000000000000000000 ) ) ;
#4372 = CARTESIAN_POINT ( 'NONE',  ( 4.389956462724860842, 25.02313217738666040, 2.099999999999999645 ) ) ;
#4373 = CARTESIAN_POINT ( 'NONE',  ( -24.02931632081063995, 10.69009516955076933, 2.099999999999999645 ) ) ;
#4374 = CARTESIAN_POINT ( 'NONE',  ( 20.64571337519313943, -11.25696429976830437, 2.100000000000000089 ) ) ;
#4375 = DIRECTION ( 'NONE',  ( 0.000000000000000000, 0.000000000000000000, -1.000000000000000000 ) ) ;
#4376 = CARTESIAN_POINT ( 'NONE',  ( -23.19083041061901440, 14.83174276022292482, 2.100000000000000089 ) ) ;
#4377 = CARTESIAN_POINT ( 'NONE',  ( 13.25426296490208955, 21.46155364981479252, 2.099999999999999645 ) ) ;
#4378 = EDGE_CURVE ( 'NONE', #5645, #5345, #6751, .T. ) ;
#4379 = CARTESIAN_POINT ( 'NONE',  ( -9.324636732261659233, -22.03037936177865674, 2.100000000000000089 ) ) ;
#4380 = CARTESIAN_POINT ( 'NONE',  ( -23.00007343659231651, -5.130111501463104240, -2.000000000000000000 ) ) ;
#4381 = CARTESIAN_POINT ( 'NONE',  ( -21.35721522671293471, -10.35169942632023954, 2.100000000000000089 ) ) ;
#4382 = CARTESIAN_POINT ( 'NONE',  ( 7.657608382361896560, -22.56335699501520864, 2.099999999999999645 ) ) ;
#4383 = CARTESIAN_POINT ( 'NONE',  ( 20.89282384029108997, 10.74542454372255840, 2.099999999999999645 ) ) ;
#4384 = DIRECTION ( 'NONE',  ( -1.000000000000000000, 0.000000000000000000, 0.000000000000000000 ) ) ;
#4385 = CARTESIAN_POINT ( 'NONE',  ( -23.07262568452397034, 6.675893319502702816, -2.000000000000000000 ) ) ;
#4386 = B_SPLINE_CURVE_WITH_KNOTS ( 'NONE', 3,
 ( #1342, #3851, #4455, #3765, #6880, #1866, #3683, #3237, #3162, #3809, #1989, #5628, #593, #1257, #83, #3723, #2564, #5705, #1947, #2524, #4412, #6308, #6270, #6193, #635, #3114, #3073, #5539, #5584, #722, #44, #2641, #3198, #5098, #119, #2600, #5056, #7576, #6155, #6391, #2681, #1502, #7012, #2721, #6432, #7127, #2112, #4691, #5829, #6470, #2801, #5747, #3400, #5296, #3355 ),
 .UNSPECIFIED., .F., .F.,
 ( 4, 1, 1, 1, 1, 1, 1, 1, 1, 1, 1, 1, 1, 1, 1, 1, 1, 1, 1, 1, 1, 1, 1, 1, 1, 1, 1, 1, 1, 1, 1, 1, 1, 1, 1, 1, 1, 1, 1, 1, 1, 1, 1, 1, 1, 1, 1, 1, 1, 1, 1, 1, 4 ),
 ( 0.01037070964479209177, 0.06767854499841075011, 0.09884629602760430789, 0.1282330327458526265, 0.1558387551553858108, 0.1816634632588949305, 0.2057071570596704646, 0.2279698365617907063, 0.2484515017704002071, 0.2671521526921107892, 0.2840717893356240475, 0.2992104117127127871, 0.3125680198398574916, 0.3241446137411457817, 0.3339401934538051009, 0.3662021699428081867, 0.3760430630535980256, 0.3856763336118157470, 0.3952492422856400678, 0.4049624801021076692, 0.4150869914083017420, 0.4259748013331247640, 0.4380386266454291411, 0.4516469595390834035, 0.4668849008038628012, 0.4803437228220500121, 0.5000000000000002220, 0.5196562771779504875, 0.5331150991961376429, 0.5483530404609170406, 0.5619613733545713030, 0.5740251986668756246, 0.5849130085916987021, 0.5950375198978927749, 0.6047507577143603763, 0.6143236663881848081, 0.6239569369464024184, 0.6337978300571922574, 0.6660598065461953432, 0.6758553862588546624, 0.6874319801601429525, 0.7007895882872876570, 0.7159282106643762855, 0.7328478473078895439, 0.7515484982296001260, 0.7720301634382096267, 0.7942928429403297574, 0.8183365367411052915, 0.8441612448446143002, 0.8717669672541474846, 0.9011537039723958031, 0.9323214550015893609, 0.9896292903552157405 ),
 .UNSPECIFIED. ) ;
#4387 = CARTESIAN_POINT ( 'NONE',  ( -25.03107770533010523, 1.235924829161910266, 2.099999999999999645 ) ) ;
#4388 = CARTESIAN_POINT ( 'NONE',  ( -5.644338589960122832, -26.94321158142448525, -2.000000000000000000 ) ) ;
#4389 = CARTESIAN_POINT ( 'NONE',  ( 25.15968768847577763, -4.747395707336129256, -2.000000000000000000 ) ) ;
#4390 = CARTESIAN_POINT ( 'NONE',  ( -4.244076555440668308, -24.69959869036684452, -2.000000000000000000 ) ) ;
#4391 = ORIENTED_EDGE ( 'NONE', *, *, #1256, .F. ) ;
#4392 = CARTESIAN_POINT ( 'NONE',  ( -24.48402185937396780, -7.488679734998063608, -2.000000000000000000 ) ) ;
#4393 = CARTESIAN_POINT ( 'NONE',  ( 0.7237198720499402604, -27.99064497287983500, -2.000000000000000000 ) ) ;
#4394 = CARTESIAN_POINT ( 'NONE',  ( -18.51632561903327456, -18.67704107051118001, 2.099999999999999645 ) ) ;
#4395 = CARTESIAN_POINT ( 'NONE',  ( 21.35721522671293116, 10.35169942632025197, 2.100000000000000089 ) ) ;
#4396 = CARTESIAN_POINT ( 'NONE',  ( -10.70787966366669863, 23.74905515802275602, 2.100000000000000089 ) ) ;
#4397 = CARTESIAN_POINT ( 'NONE',  ( 22.12901452267052704, -13.30176109182831290, 2.099999999999999645 ) ) ;
#4398 = ORIENTED_EDGE ( 'NONE', *, *, #1154, .T. ) ;
#4399 = CARTESIAN_POINT ( 'NONE',  ( -17.51894836647312204, -21.23397411160634363, -2.000000000000000000 ) ) ;
#4400 = CARTESIAN_POINT ( 'NONE',  ( -22.96554745452509394, -14.45965356729541362, -2.000000000000000000 ) ) ;
#4401 = CARTESIAN_POINT ( 'NONE',  ( -23.32186741149923392, 4.882063647943431839, -2.000000000000000000 ) ) ;
#4402 = CARTESIAN_POINT ( 'NONE',  ( 13.20212662322860275, -21.30225842247369172, -2.000000000000000000 ) ) ;
#4403 = CIRCLE ( 'NONE', #2477, 27.99999957948218920 ) ;
#4404 = CARTESIAN_POINT ( 'NONE',  ( -19.55560045884525877, 15.67357176803117369, -2.000000000000000000 ) ) ;
#4405 = CARTESIAN_POINT ( 'NONE',  ( 22.91828645517601615, 5.264681564480688358, 2.100000000000000089 ) ) ;
#4406 = CARTESIAN_POINT ( 'NONE',  ( 20.77276083323510036, 16.13005223007173683, 2.100000000000000089 ) ) ;
#4407 = CARTESIAN_POINT ( 'NONE',  ( 23.81253063529220171, -0.8410884408854197858, 2.100000000000000089 ) ) ;
#4408 = VERTEX_POINT ( 'NONE', #6589 ) ;
#4409 = CARTESIAN_POINT ( 'NONE',  ( -23.53223775966787201, -4.811173829118829737, 2.100000000000000089 ) ) ;
#4410 = AXIS2_PLACEMENT_3D ( 'NONE', #1347, #50, #2646 ) ;
#4411 = CARTESIAN_POINT ( 'NONE',  ( 19.55560045884524456, 15.67357176803118790, -2.000000000000000000 ) ) ;
#4412 = CARTESIAN_POINT ( 'NONE',  ( -21.58843454132472317, 10.30659784155100489, -2.000000000000000000 ) ) ;
#4413 = CARTESIAN_POINT ( 'NONE',  ( -20.51809281624190362, 16.05254419007954425, -2.000000000000000000 ) ) ;
#4414 = CARTESIAN_POINT ( 'NONE',  ( -22.46994110604167005, 10.47341059000766350, -2.000000000000000000 ) ) ;
#4415 = CARTESIAN_POINT ( 'NONE',  ( -25.15968768847578119, -4.747395707336139914, -2.000000000000000000 ) ) ;
#4416 = CARTESIAN_POINT ( 'NONE',  ( -20.89282384029110062, 10.74542454372254063, 2.100000000000000089 ) ) ;
#4417 = CARTESIAN_POINT ( 'NONE',  ( 18.01951879739596052, -21.43121365581736271, 2.100000000000000089 ) ) ;
#4418 = CARTESIAN_POINT ( 'NONE',  ( 20.61769535193586123, 11.41192623884529844, -2.000000000000000000 ) ) ;
#4419 = CARTESIAN_POINT ( 'NONE',  ( -22.99371384847795596, -6.601180838822660490, 2.099999999999999645 ) ) ;
#4420 = PRESENTATION_LAYER_ASSIGNMENT (  '', '', ( #6487 ) ) ;
#4421 = LINE ( 'NONE', #1956, #6616 ) ;
#4422 = CARTESIAN_POINT ( 'NONE',  ( 7.688595528318264982, -23.56854007989867483, 2.099999999999999645 ) ) ;
#4423 = CARTESIAN_POINT ( 'NONE',  ( 25.91507308952768440, 10.60230933436161571, 2.099999999999999645 ) ) ;
#4424 = DIRECTION ( 'NONE',  ( -0.7485107481711007482, -0.6631226582407955261, 0.000000000000000000 ) ) ;
#4425 = CARTESIAN_POINT ( 'NONE',  ( -24.86659007404523436, 7.767174896947384610, -2.000000000000000000 ) ) ;
#4426 = CARTESIAN_POINT ( 'NONE',  ( 1.726035193247294597, 25.34659078107458541, -2.000000000000000000 ) ) ;
#4427 = CARTESIAN_POINT ( 'NONE',  ( 25.91507308940477827, 10.60230933437668455, -2.000000000000000000 ) ) ;
#4428 = CARTESIAN_POINT ( 'NONE',  ( 25.29380829876431491, -8.116834556469569861, -2.000000000000000000 ) ) ;
#4429 = CARTESIAN_POINT ( 'NONE',  ( 1.881261915648275496, 24.14640443156747196, -2.000000000000000000 ) ) ;
#4430 = CIRCLE ( 'NONE', #3397, 27.99999957948218920 ) ;
#4431 = ORIENTED_EDGE ( 'NONE', *, *, #5063, .T. ) ;
#4432 = CARTESIAN_POINT ( 'NONE',  ( -23.40793038981978924, -6.902300070437910051, 2.099999999999999645 ) ) ;
#4433 = CARTESIAN_POINT ( 'NONE',  ( -24.95373504430678224, 4.768644361883055183, 2.100000000000000089 ) ) ;
#4434 = VECTOR ( 'NONE', #2053, 1000.000000000000000 ) ;
#4435 = CARTESIAN_POINT ( 'NONE',  ( -7.401289683397446417, 27.00409019895758433, -2.000000000000000000 ) ) ;
#4436 = CARTESIAN_POINT ( 'NONE',  ( 20.99240193721331948, 10.59640443373928953, 2.100000000000000089 ) ) ;
#4437 = CARTESIAN_POINT ( 'NONE',  ( -8.334619726030529918, 21.97658606862350439, 2.100000000000000089 ) ) ;
#4438 = CARTESIAN_POINT ( 'NONE',  ( 21.98040231662191957, -13.13048226772782279, -2.000000000000000000 ) ) ;
#4439 = ORIENTED_EDGE ( 'NONE', *, *, #266, .T. ) ;
#4440 = CARTESIAN_POINT ( 'NONE',  ( -5.855490417633528288, 27.19235970815774550, -2.000000000000000000 ) ) ;
#4441 = CARTESIAN_POINT ( 'NONE',  ( -22.78920619399659131, -14.18622855212692002, -2.000000000000000000 ) ) ;
#4442 = CARTESIAN_POINT ( 'NONE',  ( -13.61524630358646171, -23.47600944080825514, -2.000000000000000000 ) ) ;
#4443 = CARTESIAN_POINT ( 'NONE',  ( 13.50602898338109270, -19.22398027845277113, -2.000000000000000000 ) ) ;
#4444 = CIRCLE ( 'NONE', #4827, 27.99999957948218920 ) ;
#4445 = DIRECTION ( 'NONE',  ( 0.000000000000000000, 0.000000000000000000, -1.000000000000000000 ) ) ;
#4446 = CARTESIAN_POINT ( 'NONE',  ( -23.49332454121249825, -0.1947784575707349475, 2.100000000000000089 ) ) ;
#4447 = CARTESIAN_POINT ( 'NONE',  ( 24.32345666766047643, 4.791663430616663000, 2.100000000000000089 ) ) ;
#4448 = CARTESIAN_POINT ( 'NONE',  ( 16.59924240491750425, 14.84924240491749714, 2.100000000000001865 ) ) ;
#4449 = CARTESIAN_POINT ( 'NONE',  ( 14.32589460713082730, -19.15868494228939056, 2.100000000000000089 ) ) ;
#4450 = EDGE_CURVE ( 'NONE', #7892, #2747, #2247, .T. ) ;
#4451 = CARTESIAN_POINT ( 'NONE',  ( -13.02793750094272696, 20.86163776548603366, 2.099999999999999645 ) ) ;
#4452 = ORIENTED_EDGE ( 'NONE', *, *, #624, .F. ) ;
#4453 = CARTESIAN_POINT ( 'NONE',  ( 26.77848301813143905, -4.405768766048591800, 2.099999999999999645 ) ) ;
#4454 = CARTESIAN_POINT ( 'NONE',  ( 17.59296804644543499, 15.58600964088961049, 2.099999999999999645 ) ) ;
#4455 = CARTESIAN_POINT ( 'NONE',  ( -25.38017819844202094, 10.66028906994771042, -2.000000000000000000 ) ) ;
#4456 = CARTESIAN_POINT ( 'NONE',  ( -17.71416793792180400, 15.43316205167865540, -2.000000000000000000 ) ) ;
#4457 = CARTESIAN_POINT ( 'NONE',  ( -21.47582202528876039, 10.32148794313314610, 2.099999999999999645 ) ) ;
#4458 = CARTESIAN_POINT ( 'NONE',  ( 7.650756190596012196, 25.73058353783937235, -2.000000000000000000 ) ) ;
#4459 = CARTESIAN_POINT ( 'NONE',  ( -21.07590994840524345, 12.30361618564757542, 2.100000000000000089 ) ) ;
#4460 = CARTESIAN_POINT ( 'NONE',  ( 13.64872344093910961, 24.44815585866980001, -2.000000000000000000 ) ) ;
#4461 = CARTESIAN_POINT ( 'NONE',  ( -9.873836557350644583, -22.73978747338223982, 2.100000000000000089 ) ) ;
#4462 = CARTESIAN_POINT ( 'NONE',  ( -24.12574046566792063, -4.783694468719414949, -2.000000000000000000 ) ) ;
#4463 = CARTESIAN_POINT ( 'NONE',  ( -20.64571337519313587, -11.25696429976830437, 2.100000000000000089 ) ) ;
#4464 = CARTESIAN_POINT ( 'NONE',  ( 23.76349960547259954, 10.67578541799517744, 2.099999999999999645 ) ) ;
#4465 = CARTESIAN_POINT ( 'NONE',  ( 3.204373604290284394, -23.29585190159429686, 2.100000000000000089 ) ) ;
#4466 = CARTESIAN_POINT ( 'NONE',  ( -26.42834229644420319, 9.248929663427645664, -2.000000000000000000 ) ) ;
#4467 = CARTESIAN_POINT ( 'NONE',  ( 5.644338589960105068, 26.94321158142448880, -2.000000000000000000 ) ) ;
#4468 = CARTESIAN_POINT ( 'NONE',  ( -1.981471996724997853, -23.84030691368550592, -2.000000000000000000 ) ) ;
#4469 = CARTESIAN_POINT ( 'NONE',  ( 23.10489730742584413, -5.020145956116670583, -2.000000000000000000 ) ) ;
#4470 = CARTESIAN_POINT ( 'NONE',  ( 3.204373604290264410, 23.29585190159430397, -2.000000000000000000 ) ) ;
#4471 = ORIENTED_EDGE ( 'NONE', *, *, #4865, .T. ) ;
#4472 = CARTESIAN_POINT ( 'NONE',  ( -25.07504586300961336, -7.932732980984162907, -2.000000000000000000 ) ) ;
#4473 = CARTESIAN_POINT ( 'NONE',  ( 23.49332454121249825, -0.1947784575707308674, 2.099999999999999645 ) ) ;
#4474 = CARTESIAN_POINT ( 'NONE',  ( 23.49999964706540823, 2.459419508319977254E-15, -2.000000000000000000 ) ) ;
#4475 = ADVANCED_FACE ( 'NONE', ( #4059 ), #2878, .F. ) ;
#4476 = CARTESIAN_POINT ( 'NONE',  ( -27.87379644721938732, -2.655456283961645347, 2.099999999999999645 ) ) ;
#4477 = CARTESIAN_POINT ( 'NONE',  ( -21.04854468720650118, 16.20550857031050995, 2.100000000000000089 ) ) ;
#4478 = CARTESIAN_POINT ( 'NONE',  ( -15.36687483434010204, -20.00332296475709271, 2.100000000000000089 ) ) ;
#4479 = ORIENTED_EDGE ( 'NONE', *, *, #5389, .T. ) ;
#4480 = CARTESIAN_POINT ( 'NONE',  ( -4.189195047382292536, 24.56227459198278140, -2.000000000000000000 ) ) ;
#4481 = CARTESIAN_POINT ( 'NONE',  ( -7.452140385482001861, 26.79882083607242649, -2.000000000000000000 ) ) ;
#4482 = DIRECTION ( 'NONE',  ( 0.000000000000000000, 0.000000000000000000, -1.000000000000000000 ) ) ;
#4483 = CARTESIAN_POINT ( 'NONE',  ( 7.715738321650222886, 25.14266413352903839, 2.100000000000000089 ) ) ;
#4484 = CARTESIAN_POINT ( 'NONE',  ( 23.40793038981978924, 6.902300070437923374, 2.099999999999999645 ) ) ;
#4485 = CARTESIAN_POINT ( 'NONE',  ( -27.05471844848150909, 2.130765319231053834, 2.100000000000000089 ) ) ;
#4486 = CARTESIAN_POINT ( 'NONE',  ( 22.62472946281712183, 16.49610842548441170, -2.000000000000000000 ) ) ;
#4487 = CARTESIAN_POINT ( 'NONE',  ( 18.62447386782099912, 18.94171889292492850, 2.100000000000000089 ) ) ;
#4488 = CARTESIAN_POINT ( 'NONE',  ( -12.83485696772680562, 20.07512121109397896, -2.000000000000000000 ) ) ;
#4489 = EDGE_LOOP ( 'NONE', ( #2718, #5333 ) ) ;
#4490 = CARTESIAN_POINT ( 'NONE',  ( -23.07262568452396323, -6.675893319502717915, 2.100000000000000089 ) ) ;
#4491 = CARTESIAN_POINT ( 'NONE',  ( 22.41476736700682437, 16.47086513865798807, 2.099999999999999645 ) ) ;
#4492 = CARTESIAN_POINT ( 'NONE',  ( -20.51809281624190362, -16.05254419007956912, -2.000000000000000000 ) ) ;
#4493 = CARTESIAN_POINT ( 'NONE',  ( -17.45584392081711655, 15.72474958968641801, 2.099999999999999645 ) ) ;
#4494 = CARTESIAN_POINT ( 'NONE',  ( -20.89282384029110062, 10.74542454372254063, 2.099999999999999645 ) ) ;
#4495 = CARTESIAN_POINT ( 'NONE',  ( 9.230471089887526404, 21.96684885186929037, 2.099999999999999645 ) ) ;
#4496 = CARTESIAN_POINT ( 'NONE',  ( -21.23211141880578623, 10.40363348579838387, 2.100000000000000089 ) ) ;
#4497 = CARTESIAN_POINT ( 'NONE',  ( 5.995909907646281845, 27.35048520283294593, 2.100000000000000089 ) ) ;
#4498 = CARTESIAN_POINT ( 'NONE',  ( 23.76349960547259954, 10.67578541799517744, -2.000000000000000000 ) ) ;
#4499 = CARTESIAN_POINT ( 'NONE',  ( 22.27987727495455061, -10.41835660743990211, -2.000000000000000000 ) ) ;
#4500 = CARTESIAN_POINT ( 'NONE',  ( -21.58843454132471606, -10.30659784155100844, 2.100000000000000089 ) ) ;
#4501 = CARTESIAN_POINT ( 'NONE',  ( 7.743106042156107982, -24.63076208136009981, 2.099999999999999645 ) ) ;
#4502 = CARTESIAN_POINT ( 'NONE',  ( 21.91017567687077161, 10.32144346381601352, -2.000000000000000000 ) ) ;
#4503 = CARTESIAN_POINT ( 'NONE',  ( 3.846120836016039490, -23.70909028424117082, 2.100000000000000089 ) ) ;
#4504 = DIRECTION ( 'NONE',  ( 0.000000000000000000, 0.000000000000000000, -1.000000000000000000 ) ) ;
#4505 = CARTESIAN_POINT ( 'NONE',  ( 7.743106042156100877, 24.63076208136009626, -2.000000000000000000 ) ) ;
#4506 = CARTESIAN_POINT ( 'NONE',  ( 0.000000000000000000, 0.000000000000000000, -2.000000000000000000 ) ) ;
#4507 = CARTESIAN_POINT ( 'NONE',  ( 18.38167992440537901, -15.16106487615012455, -2.000000000000000000 ) ) ;
#4508 = CARTESIAN_POINT ( 'NONE',  ( 23.21393719209896389, -4.939781705126438993, -2.000000000000000000 ) ) ;
#4509 = CARTESIAN_POINT ( 'NONE',  ( 1.790249464186348893, 24.99754724227145530, -2.000000000000000000 ) ) ;
#4510 = ORIENTED_EDGE ( 'NONE', *, *, #3729, .F. ) ;
#4511 = CARTESIAN_POINT ( 'NONE',  ( -9.873836557350644583, -22.73978747338223982, -2.000000000000000000 ) ) ;
#4512 = CARTESIAN_POINT ( 'NONE',  ( -24.31153459173803810, -7.374154019703442309, 2.099999999999999645 ) ) ;
#4513 = CARTESIAN_POINT ( 'NONE',  ( -22.76403769146248735, 5.811439118492613076, 2.100000000000000089 ) ) ;
#4514 = CARTESIAN_POINT ( 'NONE',  ( -21.66370631000718205, -16.34569607223867749, 2.099999999999999645 ) ) ;
#4515 = CYLINDRICAL_SURFACE ( 'NONE', #4179, 1.750000000000001332 ) ;
#4516 = CARTESIAN_POINT ( 'NONE',  ( -13.25426296490209310, -21.46155364981478897, 2.100000000000000089 ) ) ;
#4517 = VERTEX_POINT ( 'NONE', #5342 ) ;
#4518 = CARTESIAN_POINT ( 'NONE',  ( -22.12901452267052704, -13.30176109182831823, 2.099999999999999645 ) ) ;
#4519 = CARTESIAN_POINT ( 'NONE',  ( 13.66345410753368483, -19.13830577319235360, 2.099999999999999645 ) ) ;
#4520 = CARTESIAN_POINT ( 'NONE',  ( -24.31153459173803810, 7.374154019703423657, -2.000000000000000000 ) ) ;
#4521 = CARTESIAN_POINT ( 'NONE',  ( 9.555618961847061499, 22.25484530667599969, 2.100000000000000089 ) ) ;
#4522 = CARTESIAN_POINT ( 'NONE',  ( 22.74963530479514517, 6.146178943449489118, 2.099999999999999645 ) ) ;
#4523 = CARTESIAN_POINT ( 'NONE',  ( -26.00281877978271439, 1.590510388571581002, 2.100000000000000089 ) ) ;
#4524 = CARTESIAN_POINT ( 'NONE',  ( 0.000000000000000000, 0.000000000000000000, 2.100000000000000089 ) ) ;
#4525 = CARTESIAN_POINT ( 'NONE',  ( 18.00520414013333337, 17.66596715945037843, 2.100000000000000089 ) ) ;
#4526 = CARTESIAN_POINT ( 'NONE',  ( 25.77590585922884614, 1.494258687380734196, -2.000000000000000000 ) ) ;
#4527 = CARTESIAN_POINT ( 'NONE',  ( -12.84317218923419723, 20.29695877980780949, -2.000000000000000000 ) ) ;
#4528 = ORIENTED_EDGE ( 'NONE', *, *, #1105, .T. ) ;
#4529 = CARTESIAN_POINT ( 'NONE',  ( -22.76403769146248735, -5.811439118492631728, 2.100000000000000089 ) ) ;
#4530 = CARTESIAN_POINT ( 'NONE',  ( 25.36983614870255366, 1.341743455198749269, -2.000000000000000000 ) ) ;
#4531 = CARTESIAN_POINT ( 'NONE',  ( -18.97770164392054681, 15.34339570340774195, -2.000000000000000000 ) ) ;
#4532 = CARTESIAN_POINT ( 'NONE',  ( 25.91507308940477472, 10.60230933437668455, -2.000000000000000000 ) ) ;
#4533 = CARTESIAN_POINT ( 'NONE',  ( 9.324636732261661010, 22.03037936177864964, 2.099999999999999645 ) ) ;
#4534 = CARTESIAN_POINT ( 'NONE',  ( -20.80453127045305095, 12.00354473513042031, 2.100000000000000089 ) ) ;
#4535 = CARTESIAN_POINT ( 'NONE',  ( 12.94401591853664968, 20.68877481383771055, -2.000000000000000000 ) ) ;
#4536 = CARTESIAN_POINT ( 'NONE',  ( -20.69407544885351768, -11.81098159931166869, -2.000000000000000000 ) ) ;
#4537 = CARTESIAN_POINT ( 'NONE',  ( 21.91017567687078227, -10.32144346381599753, -2.000000000000000000 ) ) ;
#4538 = CARTESIAN_POINT ( 'NONE',  ( -3.499191490208550359, 23.38362255772745968, -2.000000000000000000 ) ) ;
#4539 = CARTESIAN_POINT ( 'NONE',  ( 0.000000000000000000, 0.000000000000000000, -2.000000000000000000 ) ) ;
#4540 = CARTESIAN_POINT ( 'NONE',  ( 24.62078186107712696, 10.69645268464872423, 2.099999999999999645 ) ) ;
#4541 = CARTESIAN_POINT ( 'NONE',  ( 1.840779285638411755, -24.52644730507024562, 2.100000000000000089 ) ) ;
#4542 = CARTESIAN_POINT ( 'NONE',  ( -4.482856113983144652, 25.20816636816325484, 2.100000000000000089 ) ) ;
#4543 = CARTESIAN_POINT ( 'NONE',  ( 7.688496923001403971, 25.42728370346966926, -2.000000000000000000 ) ) ;
#4544 = CARTESIAN_POINT ( 'NONE',  ( 1.939597136465224247, 23.94058417290086638, -2.000000000000000000 ) ) ;
#4545 = CARTESIAN_POINT ( 'NONE',  ( 19.42345833902674812, -15.60717637591974238, -2.000000000000000000 ) ) ;
#4546 = CARTESIAN_POINT ( 'NONE',  ( 23.07262568452397034, -6.675893319502710810, -2.000000000000000000 ) ) ;
#4547 = CARTESIAN_POINT ( 'NONE',  ( 1.939597136465224247, 23.94058417290086638, 2.099999999999999645 ) ) ;
#4548 = ORIENTED_EDGE ( 'NONE', *, *, #1256, .T. ) ;
#4549 = VECTOR ( 'NONE', #5414, 1000.000000000000000 ) ;
#4550 = CARTESIAN_POINT ( 'NONE',  ( -9.230471089887526404, -21.96684885186929748, 2.099999999999999645 ) ) ;
#4551 = EDGE_CURVE ( 'NONE', #3134, #2789, #3635, .T. ) ;
#4552 = DIRECTION ( 'NONE',  ( 0.000000000000000000, 0.000000000000000000, -1.000000000000000000 ) ) ;
#4553 = CIRCLE ( 'NONE', #7142, 27.99999957948218920 ) ;
#4554 = CARTESIAN_POINT ( 'NONE',  ( -27.69989816623196788, -2.535120532296397666, 2.099999999999999645 ) ) ;
#4555 = CARTESIAN_POINT ( 'NONE',  ( -18.09985454995501897, 17.82762258356554241, 2.100000000000000089 ) ) ;
#4556 = CARTESIAN_POINT ( 'NONE',  ( -12.83364937058816224, -20.18870745851076975, 2.100000000000000089 ) ) ;
#4557 = ORIENTED_EDGE ( 'NONE', *, *, #758, .T. ) ;
#4558 = VECTOR ( 'NONE', #5227, 1000.000000000000000 ) ;
#4559 = CARTESIAN_POINT ( 'NONE',  ( -24.02931632081062574, -10.69009516955077110, -2.000000000000000000 ) ) ;
#4560 = AXIS2_PLACEMENT_3D ( 'NONE', #4474, #2858, #4670 ) ;
#4561 = CARTESIAN_POINT ( 'NONE',  ( 14.60388312963064017, -19.32135064906642796, -2.000000000000000000 ) ) ;
#4562 = CARTESIAN_POINT ( 'NONE',  ( -13.50856635788135662, -22.56556696682680752, 2.099999999999999645 ) ) ;
#4563 = DIRECTION ( 'NONE',  ( -0.000000000000000000, 0.000000000000000000, -1.000000000000000000 ) ) ;
#4564 = CARTESIAN_POINT ( 'NONE',  ( 0.000000000000000000, 0.000000000000000000, 2.100000000000000089 ) ) ;
#4565 = DIRECTION ( 'NONE',  ( -0.000000000000000000, -0.000000000000000000, -1.000000000000000000 ) ) ;
#4566 = CARTESIAN_POINT ( 'NONE',  ( -12.95267602360809889, 19.68627963667922387, 2.100000000000000089 ) ) ;
#4567 = AXIS2_PLACEMENT_3D ( 'NONE', #6186, #3106, #4974 ) ;
#4568 = CARTESIAN_POINT ( 'NONE',  ( 27.87379644711753102, 2.655456283891157288, -2.000000000000000000 ) ) ;
#4569 = CARTESIAN_POINT ( 'NONE',  ( -14.75432918952970596, 19.43920578531971799, 2.099999999999999645 ) ) ;
#4570 = EDGE_LOOP ( 'NONE', ( #1456, #2188 ) ) ;
#4571 = CARTESIAN_POINT ( 'NONE',  ( -23.32186741149923748, -4.882063647943448714, 2.100000000000000089 ) ) ;
#4572 = CARTESIAN_POINT ( 'NONE',  ( 24.76338133992250690, 1.168557790373921934, 2.099999999999999645 ) ) ;
#4573 = AXIS2_PLACEMENT_3D ( 'NONE', #7208, #2386, #540 ) ;
#4574 = ADVANCED_FACE ( 'NONE', ( #2470 ), #4927, .F. ) ;
#4575 = CARTESIAN_POINT ( 'NONE',  ( -17.64188601445204441, 17.13764696917008123, 2.099999999999999645 ) ) ;
#4576 = CARTESIAN_POINT ( 'NONE',  ( 13.34952134769246612, -19.34012055804144836, -2.000000000000000000 ) ) ;
#4577 = EDGE_CURVE ( 'NONE', #3580, #3052, #354, .T. ) ;
#4578 = CARTESIAN_POINT ( 'NONE',  ( 7.865059710290389638, -22.21401039568610614, 2.100000000000000089 ) ) ;
#4579 = CARTESIAN_POINT ( 'NONE',  ( 13.04949915500204582, 19.56208827861912880, 2.099999999999999645 ) ) ;
#4580 = CARTESIAN_POINT ( 'NONE',  ( -22.96554745452509394, -14.45965356729541362, -2.000000000000000000 ) ) ;
#4581 = CARTESIAN_POINT ( 'NONE',  ( -25.62785817443977976, -4.678588802317982243, -2.000000000000000000 ) ) ;
#4582 = CARTESIAN_POINT ( 'NONE',  ( -24.94597949059292574, -10.68625558496336936, 2.100000000000000089 ) ) ;
#4583 = CARTESIAN_POINT ( 'NONE',  ( 24.86659007404522370, 7.767174896947414808, -2.000000000000000000 ) ) ;
#4584 = CARTESIAN_POINT ( 'NONE',  ( -16.08024905276406713, 20.49638744246054856, -2.000000000000000000 ) ) ;
#4585 = CARTESIAN_POINT ( 'NONE',  ( -8.843531895616193239, 21.84292484346595486, -2.000000000000000000 ) ) ;
#4586 = CARTESIAN_POINT ( 'NONE',  ( -5.183190230475061000, 26.33878392258043277, 2.100000000000000089 ) ) ;
#4587 = CARTESIAN_POINT ( 'NONE',  ( 9.230471089887526404, 21.96684885186929037, -2.000000000000000000 ) ) ;
#4588 = CARTESIAN_POINT ( 'NONE',  ( 3.204373604290264410, 23.29585190159430397, -2.000000000000000000 ) ) ;
#4589 = CARTESIAN_POINT ( 'NONE',  ( 19.13918860107962416, -15.44754172932142744, -2.000000000000000000 ) ) ;
#4590 = ORIENTED_EDGE ( 'NONE', *, *, #4134, .F. ) ;
#4591 = CARTESIAN_POINT ( 'NONE',  ( -7.733032203436363439, -24.00987265162541462, -2.000000000000000000 ) ) ;
#4592 = CARTESIAN_POINT ( 'NONE',  ( 3.705239350424557987, -23.53752846792088604, -2.000000000000000000 ) ) ;
#4593 = CARTESIAN_POINT ( 'NONE',  ( 24.19711102278062143, -1.042982032116798852, 2.099999999999999645 ) ) ;
#4594 = CARTESIAN_POINT ( 'NONE',  ( -25.38450439115045754, 4.717739787684777752, 2.100000000000000089 ) ) ;
#4595 = CYLINDRICAL_SURFACE ( 'NONE', #1321, 1.749999999999999778 ) ;
#4596 = CARTESIAN_POINT ( 'NONE',  ( 8.673617379884035472E-15, -21.00000000000000000, 2.100000000000001865 ) ) ;
#4597 = CARTESIAN_POINT ( 'NONE',  ( -17.82169893237839986, -21.35645667456328312, 2.100000000000000089 ) ) ;
#4598 = VERTEX_POINT ( 'NONE', #7441 ) ;
#4599 = CARTESIAN_POINT ( 'NONE',  ( -21.10401706161571767, -10.48531763796957428, 2.099999999999999645 ) ) ;
#4600 = CARTESIAN_POINT ( 'NONE',  ( 13.04949915500205115, -19.56208827861912525, 2.099999999999999645 ) ) ;
#4601 = DIRECTION ( 'NONE',  ( -0.000000000000000000, -0.000000000000000000, -1.000000000000000000 ) ) ;
#4602 = CARTESIAN_POINT ( 'NONE',  ( 10.38530154243853154, 23.40284517865930169, 2.100000000000000089 ) ) ;
#4603 = CARTESIAN_POINT ( 'NONE',  ( -17.29220078062826005, 16.53076698689342194, -2.000000000000000000 ) ) ;
#4604 = CARTESIAN_POINT ( 'NONE',  ( 14.84924240491750069, 14.84924240491749714, 2.100000000000001865 ) ) ;
#4605 = CARTESIAN_POINT ( 'NONE',  ( -12.83364937058816579, 20.18870745851076265, 2.100000000000000089 ) ) ;
#4606 = CARTESIAN_POINT ( 'NONE',  ( 23.81253063529220171, -0.8410884408854197858, -2.000000000000000000 ) ) ;
#4607 = CARTESIAN_POINT ( 'NONE',  ( -13.10549974122803008, 21.04367979295773239, -2.000000000000000000 ) ) ;
#4608 = ORIENTED_EDGE ( 'NONE', *, *, #7984, .F. ) ;
#4609 = CARTESIAN_POINT ( 'NONE',  ( 22.85726476338738422, -5.433202019314283149, 2.099999999999999645 ) ) ;
#4610 = CARTESIAN_POINT ( 'NONE',  ( 20.28441937235455583, 15.97411852388380638, 2.099999999999999645 ) ) ;
#4611 = CARTESIAN_POINT ( 'NONE',  ( -7.401289683367668459, -27.00409019907774422, -2.000000000000000000 ) ) ;
#4612 = CARTESIAN_POINT ( 'NONE',  ( -18.25928954266905180, 15.16201400375273067, -2.000000000000000000 ) ) ;
#4613 = CARTESIAN_POINT ( 'NONE',  ( -22.61633054543465704, 13.93417863138606450, 2.099999999999999645 ) ) ;
#4614 = CARTESIAN_POINT ( 'NONE',  ( 18.96747865530085519, 19.95068825630396248, -2.000000000000000000 ) ) ;
#4615 = CARTESIAN_POINT ( 'NONE',  ( 13.66345410753368128, 19.13830577319236426, 2.099999999999999645 ) ) ;
#4616 = EDGE_LOOP ( 'NONE', ( #2277, #1620, #5524, #4080, #7124, #922, #1563, #4850, #7328, #2561, #6225, #2475, #1537, #7031, #4712, #3741, #505, #7152, #7780, #1923, #761, #1721, #788, #6331, #3109, #4764, #1201, #5473, #6486, #4027, #2779, #5406, #1731, #6342, #6613, #6411, #6048, #1847, #6557, #7427, #1815, #4196, #3750, #4920, #631, #7874, #4240, #5192, #5880, #3425, #3616, #4331 ) ) ;
#4617 = CARTESIAN_POINT ( 'NONE',  ( 20.86952096496492004, -12.08832612917522553, -2.000000000000000000 ) ) ;
#4618 = CARTESIAN_POINT ( 'NONE',  ( -3.846120836016047928, 23.70909028424117082, 2.099999999999999645 ) ) ;
#4619 = CARTESIAN_POINT ( 'NONE',  ( -16.59924240491749003, -14.84924240491749892, -3.599999999999998757 ) ) ;
#4620 = CARTESIAN_POINT ( 'NONE',  ( -14.60388312963064017, 19.32135064906642796, -2.000000000000000000 ) ) ;
#4621 = CARTESIAN_POINT ( 'NONE',  ( -8.512968716744140352, 21.89757064776836515, 2.099999999999999645 ) ) ;
#4622 = CARTESIAN_POINT ( 'NONE',  ( -3.902347153244143829, 23.79992060087550954, 2.100000000000000089 ) ) ;
#4623 = CARTESIAN_POINT ( 'NONE',  ( -19.13918860107962061, -15.44754172932143632, -2.000000000000000000 ) ) ;
#4624 = EDGE_CURVE ( 'NONE', #4997, #116, #3403, .T. ) ;
#4625 = LINE ( 'NONE', #293, #5974 ) ;
#4626 = CARTESIAN_POINT ( 'NONE',  ( 10.53741832910565712, -23.57101921525815413, -2.000000000000000000 ) ) ;
#4627 = EDGE_LOOP ( 'NONE', ( #2139, #7694 ) ) ;
#4628 = CARTESIAN_POINT ( 'NONE',  ( -7.720532692246925066, -23.84272921084244246, 2.099999999999999645 ) ) ;
#4629 = CARTESIAN_POINT ( 'NONE',  ( 5.644338589985561150, -26.94321158145699258, 2.099999999999999645 ) ) ;
#4630 = CARTESIAN_POINT ( 'NONE',  ( -27.69932686549403300, -4.092342562581428922, 2.100000000000000089 ) ) ;
#4631 = CARTESIAN_POINT ( 'NONE',  ( -25.36983614870255366, -1.341743455198752155, -2.000000000000000000 ) ) ;
#4632 = CARTESIAN_POINT ( 'NONE',  ( -17.83462167525290454, 17.40060223031303011, 2.100000000000000089 ) ) ;
#4633 = CARTESIAN_POINT ( 'NONE',  ( -13.66345410753368306, -19.13830577319236070, 2.100000000000000089 ) ) ;
#4634 = VERTEX_POINT ( 'NONE', #4972 ) ;
#4635 = CARTESIAN_POINT ( 'NONE',  ( -20.71178771499497628, -11.09036006156943088, -2.000000000000000000 ) ) ;
#4636 = CARTESIAN_POINT ( 'NONE',  ( 0.000000000000000000, 0.000000000000000000, -2.000000000000000000 ) ) ;
#4637 = CARTESIAN_POINT ( 'NONE',  ( -12.85055170543023983, -19.95373759773043432, 2.099999999999999645 ) ) ;
#4638 = CARTESIAN_POINT ( 'NONE',  ( -25.38450439115045754, 4.717739787684777752, 2.099999999999999645 ) ) ;
#4639 = CARTESIAN_POINT ( 'NONE',  ( 23.32186741149923392, 4.882063647943462037, 2.099999999999999645 ) ) ;
#4640 = CARTESIAN_POINT ( 'NONE',  ( -17.42017265760605227, 16.82633584436268848, -2.000000000000000000 ) ) ;
#4641 = CARTESIAN_POINT ( 'NONE',  ( 25.88937528683162270, 4.628868634690457284, 2.100000000000000089 ) ) ;
#4642 = CARTESIAN_POINT ( 'NONE',  ( -14.21926140100350722, 19.11953582679382535, 2.100000000000000089 ) ) ;
#4643 = CARTESIAN_POINT ( 'NONE',  ( 12.94401591853666211, -20.68877481383771411, 2.100000000000000089 ) ) ;
#4644 = CARTESIAN_POINT ( 'NONE',  ( -13.64180598451883597, 23.91017226877098167, 2.099999999999999645 ) ) ;
#4645 = VERTEX_POINT ( 'NONE', #6338 ) ;
#4646 = CARTESIAN_POINT ( 'NONE',  ( 25.15968768847577763, -4.747395707336129256, -2.000000000000000000 ) ) ;
#4647 = CARTESIAN_POINT ( 'NONE',  ( 0.000000000000000000, -0.000000000000000000, -2.000000000000000000 ) ) ;
#4648 = CARTESIAN_POINT ( 'NONE',  ( -7.715738321650221110, -25.14266413352904550, -2.000000000000000000 ) ) ;
#4649 = CARTESIAN_POINT ( 'NONE',  ( -23.81253063529220171, -0.8410884408854227834, -2.000000000000000000 ) ) ;
#4650 = CARTESIAN_POINT ( 'NONE',  ( -23.44696895451524554, 15.30488886934666937, -2.000000000000000000 ) ) ;
#4651 = EDGE_CURVE ( 'NONE', #156, #4792, #6148, .T. ) ;
#4652 = DIRECTION ( 'NONE',  ( 0.000000000000000000, -0.000000000000000000, -1.000000000000000000 ) ) ;
#4653 = CARTESIAN_POINT ( 'NONE',  ( 13.50602898338108382, 19.22398027845277468, -2.000000000000000000 ) ) ;
#4654 = ORIENTED_EDGE ( 'NONE', *, *, #986, .T. ) ;
#4655 = EDGE_CURVE ( 'NONE', #1482, #4368, #877, .T. ) ;
#4656 = CARTESIAN_POINT ( 'NONE',  ( -27.50168352227339952, -4.167564993327545153, -2.000000000000000000 ) ) ;
#4657 = CARTESIAN_POINT ( 'NONE',  ( -4.244076555440686960, 24.69959869036684452, 2.099999999999999645 ) ) ;
#4658 = CARTESIAN_POINT ( 'NONE',  ( 7.523321135851444019, -26.48008397887759813, 2.099999999999999645 ) ) ;
#4659 = CARTESIAN_POINT ( 'NONE',  ( -15.68419099428257013, 20.23743569325269931, -2.000000000000000000 ) ) ;
#4660 = CARTESIAN_POINT ( 'NONE',  ( -9.768079280210450577, 22.57254334279472019, -2.000000000000000000 ) ) ;
#4661 = CARTESIAN_POINT ( 'NONE',  ( -2.463801941912943327, 23.38577358155836450, 2.100000000000000089 ) ) ;
#4662 = CARTESIAN_POINT ( 'NONE',  ( 1.750000000000000888, 21.00000000000000000, -3.599999999999998757 ) ) ;
#4663 = DIRECTION ( 'NONE',  ( 0.000000000000000000, 0.000000000000000000, -1.000000000000000000 ) ) ;
#4664 = AXIS2_PLACEMENT_3D ( 'NONE', #1974, #6866, #2553 ) ;
#4665 = CARTESIAN_POINT ( 'NONE',  ( 7.616738452866469444, -23.18530238615924333, -2.000000000000000000 ) ) ;
#4666 = VERTEX_POINT ( 'NONE', #4087 ) ;
#4667 = CARTESIAN_POINT ( 'NONE',  ( -8.686322604036277539, -21.85205998608588374, 2.099999999999999645 ) ) ;
#4668 = CARTESIAN_POINT ( 'NONE',  ( 4.244076555440678078, -24.69959869036684452, -2.000000000000000000 ) ) ;
#4669 = CARTESIAN_POINT ( 'NONE',  ( 26.50130185302209540, -1.827769560624223244, 2.099999999999999645 ) ) ;
#4670 = DIRECTION ( 'NONE',  ( -1.000000000000000000, 0.000000000000000000, -0.000000000000000000 ) ) ;
#4671 = EDGE_CURVE ( 'NONE', #6189, #7475, #3275, .T. ) ;
#4672 = CARTESIAN_POINT ( 'NONE',  ( -23.81253063529220171, 0.8410884408854168992, 2.099999999999999645 ) ) ;
#4673 = CARTESIAN_POINT ( 'NONE',  ( -17.76075994573093908, 17.29583732711386546, 2.100000000000000089 ) ) ;
#4674 = CARTESIAN_POINT ( 'NONE',  ( -1.680116617297987336, -25.54848055630612436, -2.000000000000000000 ) ) ;
#4675 = AXIS2_PLACEMENT_3D ( 'NONE', #433, #1739, #3634 ) ;
#4676 = VERTEX_POINT ( 'NONE', #4044 ) ;
#4677 = CARTESIAN_POINT ( 'NONE',  ( -24.31514428139132278, -10.69735948946559567, -2.000000000000000000 ) ) ;
#4678 = DIRECTION ( 'NONE',  ( -0.000000000000000000, -0.000000000000000000, -1.000000000000000000 ) ) ;
#4679 = AXIS2_PLACEMENT_3D ( 'NONE', #331, #404, #4710 ) ;
#4680 = CARTESIAN_POINT ( 'NONE',  ( -12.86131782747429853, -20.40223119301177590, 2.099999999999999645 ) ) ;
#4681 = CARTESIAN_POINT ( 'NONE',  ( -25.15968768847577408, 4.747395707336121262, 2.099999999999999645 ) ) ;
#4682 = CARTESIAN_POINT ( 'NONE',  ( 24.59949625084631464, 4.790317889056124656, 2.099999999999999645 ) ) ;
#4683 = CARTESIAN_POINT ( 'NONE',  ( -19.13918860107962772, 15.44754172932142389, -2.000000000000000000 ) ) ;
#4684 = CARTESIAN_POINT ( 'NONE',  ( 18.25928954266904825, -15.16201400375273067, 2.100000000000000089 ) ) ;
#4685 = CARTESIAN_POINT ( 'NONE',  ( -14.88619985382990407, 19.57897187542434736, 2.100000000000000089 ) ) ;
#4686 = CARTESIAN_POINT ( 'NONE',  ( 23.72154950710865506, -0.7592181733933789367, -2.000000000000000000 ) ) ;
#4687 = CARTESIAN_POINT ( 'NONE',  ( 0.000000000000000000, -0.000000000000000000, -2.000000000000000000 ) ) ;
#4688 = ORIENTED_EDGE ( 'NONE', *, *, #3858, .F. ) ;
#4689 = VECTOR ( 'NONE', #7724, 1000.000000000000000 ) ;
#4690 = CARTESIAN_POINT ( 'NONE',  ( 23.74358889077459622, -4.778072828450329546, 2.099999999999999645 ) ) ;
#4691 = CARTESIAN_POINT ( 'NONE',  ( -22.28520553958149719, 13.49243943284463398, -2.000000000000000000 ) ) ;
#4692 = CARTESIAN_POINT ( 'NONE',  ( -23.55944914529948520, -0.5232380683118340592, -2.000000000000000000 ) ) ;
#4693 = CARTESIAN_POINT ( 'NONE',  ( -21.23055223844790262, 12.41767842381810638, 2.099999999999999645 ) ) ;
#4694 = AXIS2_PLACEMENT_3D ( 'NONE', #3487, #6478, #2729 ) ;
#4695 = AXIS2_PLACEMENT_3D ( 'NONE', #2868, #2753, #230 ) ;
#4696 = CARTESIAN_POINT ( 'NONE',  ( 9.873836557350646359, 22.73978747338223272, -2.000000000000000000 ) ) ;
#4697 = CARTESIAN_POINT ( 'NONE',  ( 7.523321135858867414, -26.48008397883693021, 2.100000000000000089 ) ) ;
#4698 = CARTESIAN_POINT ( 'NONE',  ( 12.83364937058815869, 20.18870745851076975, -2.000000000000000000 ) ) ;
#4699 = ADVANCED_FACE ( 'NONE', ( #385 ), #3308, .F. ) ;
#4700 = ORIENTED_EDGE ( 'NONE', *, *, #6154, .T. ) ;
#4701 = EDGE_CURVE ( 'NONE', #2382, #2552, #1716, .T. ) ;
#4702 = CARTESIAN_POINT ( 'NONE',  ( 17.91646094264594780, 17.52377780514963490, -2.000000000000000000 ) ) ;
#4703 = CARTESIAN_POINT ( 'NONE',  ( -5.644338589985570920, 26.94321158145698902, 2.099999999999999645 ) ) ;
#4704 = DIRECTION ( 'NONE',  ( -0.9709418174260520118, 0.2393156642875577667, 0.000000000000000000 ) ) ;
#4705 = CARTESIAN_POINT ( 'NONE',  ( -15.87213422487472947, 20.36431896814133680, -2.000000000000000000 ) ) ;
#4706 = CARTESIAN_POINT ( 'NONE',  ( -9.768079280210450577, 22.57254334279472019, 2.099999999999999645 ) ) ;
#4707 = CARTESIAN_POINT ( 'NONE',  ( -0.9676082089449732360, 27.51106945928309599, 2.100000000000000089 ) ) ;
#4708 = CARTESIAN_POINT ( 'NONE',  ( 11.10648537714066997, 24.13101166629980554, -2.000000000000000000 ) ) ;
#4709 = AXIS2_PLACEMENT_3D ( 'NONE', #2465, #3060, #538 ) ;
#4710 = DIRECTION ( 'NONE',  ( -1.000000000000000000, 0.000000000000000000, 0.000000000000000000 ) ) ;
#4711 = CARTESIAN_POINT ( 'NONE',  ( 7.865059710290389638, -22.21401039568610614, -2.000000000000000000 ) ) ;
#4712 = ORIENTED_EDGE ( 'NONE', *, *, #3729, .T. ) ;
#4713 = CARTESIAN_POINT ( 'NONE',  ( -7.741715957670622039, -24.19699765967529359, 2.100000000000000089 ) ) ;
#4714 = CARTESIAN_POINT ( 'NONE',  ( 5.995909907728610655, -27.35048520292562202, 2.099999999999999645 ) ) ;
#4715 = CARTESIAN_POINT ( 'NONE',  ( 26.00281877978271439, -1.590510388571584333, -2.000000000000000000 ) ) ;
#4716 = CARTESIAN_POINT ( 'NONE',  ( -7.452140385482003637, -26.79882083607238386, -2.000000000000000000 ) ) ;
#4717 = CARTESIAN_POINT ( 'NONE',  ( -24.09676835437406694, -1.005131229266923665, 2.099999999999999645 ) ) ;
#4718 = CARTESIAN_POINT ( 'NONE',  ( 23.15601641226234975, -6.742658068406535143, 2.100000000000000089 ) ) ;
#4719 = CARTESIAN_POINT ( 'NONE',  ( -1.762385718735289153, -25.16282512725968701, 2.099999999999999645 ) ) ;
#4720 = ORIENTED_EDGE ( 'NONE', *, *, #1192, .F. ) ;
#4721 = CARTESIAN_POINT ( 'NONE',  ( -22.46994110604166650, -10.47341059000766883, -2.000000000000000000 ) ) ;
#4722 = EDGE_CURVE ( 'NONE', #3352, #3147, #5080, .T. ) ;
#4723 = CARTESIAN_POINT ( 'NONE',  ( 13.64897234010370219, -24.23668188081811792, 2.099999999999999645 ) ) ;
#4724 = CARTESIAN_POINT ( 'NONE',  ( -14.75432918952970418, -19.43920578531972509, 2.099999999999999645 ) ) ;
#4725 = CARTESIAN_POINT ( 'NONE',  ( -23.93435179486865039, 4.766524473500956205, 2.099999999999999645 ) ) ;
#4726 = CARTESIAN_POINT ( 'NONE',  ( 22.85726476338737712, 5.433202019314306241, 2.099999999999999645 ) ) ;
#4727 = CARTESIAN_POINT ( 'NONE',  ( -17.98147192499884994, 15.23115522593612958, -2.000000000000000000 ) ) ;
#4728 = CARTESIAN_POINT ( 'NONE',  ( 20.07157227525354060, -15.89590000543996950, 2.100000000000000089 ) ) ;
#4729 = CARTESIAN_POINT ( 'NONE',  ( -13.41263264250317455, 22.06199033373686547, 2.100000000000000089 ) ) ;
#4730 = SHAPE_DEFINITION_REPRESENTATION ( #4783, #506 ) ;
#4731 = ORIENTED_EDGE ( 'NONE', *, *, #4791, .F. ) ;
#4732 = CARTESIAN_POINT ( 'NONE',  ( 25.62785817443977265, -4.678588802317970696, -2.000000000000000000 ) ) ;
#4733 = DIRECTION ( 'NONE',  ( -0.000000000000000000, -0.000000000000000000, 1.000000000000000000 ) ) ;
#4734 = CARTESIAN_POINT ( 'NONE',  ( 24.76338133992250334, -1.168557790373921490, -2.000000000000000000 ) ) ;
#4735 = DIRECTION ( 'NONE',  ( 0.000000000000000000, 0.000000000000000000, -1.000000000000000000 ) ) ;
#4736 = CARTESIAN_POINT ( 'NONE',  ( 17.71416793792180400, -15.43316205167865895, -2.000000000000000000 ) ) ;
#4737 = CARTESIAN_POINT ( 'NONE',  ( 13.81390900009209233, 19.09181343516791429, 2.099999999999999645 ) ) ;
#4738 = ORIENTED_EDGE ( 'NONE', *, *, #2287, .F. ) ;
#4739 = CARTESIAN_POINT ( 'NONE',  ( 18.19936168673939392, 18.00918889841835480, -2.000000000000000000 ) ) ;
#4740 = CARTESIAN_POINT ( 'NONE',  ( -1.790249464186380868, 24.99754724227145530, -2.000000000000000000 ) ) ;
#4741 = CARTESIAN_POINT ( 'NONE',  ( 22.74963530479514517, 6.146178943449489118, -2.000000000000000000 ) ) ;
#4742 = CARTESIAN_POINT ( 'NONE',  ( -13.64180598451631532, 23.91017226872977375, -2.000000000000000000 ) ) ;
#4743 = CARTESIAN_POINT ( 'NONE',  ( -11.33585971340119158, 24.33300811744740955, 2.099999999999999645 ) ) ;
#4744 = CARTESIAN_POINT ( 'NONE',  ( -23.87823629154096494, -7.119306137701290282, -2.000000000000000000 ) ) ;
#4745 = CARTESIAN_POINT ( 'NONE',  ( -18.62447386782100267, -18.94171889292492850, -2.000000000000000000 ) ) ;
#4746 = DIRECTION ( 'NONE',  ( -0.000000000000000000, -0.000000000000000000, -1.000000000000000000 ) ) ;
#4747 = CARTESIAN_POINT ( 'NONE',  ( 9.121658707306945502, -21.91081161619598205, -2.000000000000000000 ) ) ;
#4748 = CARTESIAN_POINT ( 'NONE',  ( -8.148726673636438989, -22.03570943365875223, 2.100000000000000089 ) ) ;
#4749 = CARTESIAN_POINT ( 'NONE',  ( 4.030460310774762966, -24.06924055886029024, 2.099999999999999645 ) ) ;
#4750 = CARTESIAN_POINT ( 'NONE',  ( 10.25081980592599251, -23.24542008693366313, -2.000000000000000000 ) ) ;
#4751 = CARTESIAN_POINT ( 'NONE',  ( -11.10648537714066819, -24.13101166629981265, -2.000000000000000000 ) ) ;
#4752 = CARTESIAN_POINT ( 'NONE',  ( -26.24483786523220274, -1.701370919965217166, 2.099999999999999645 ) ) ;
#4753 = CARTESIAN_POINT ( 'NONE',  ( 23.00007343659231651, -5.130111501463095358, 2.100000000000000089 ) ) ;
#4754 = CARTESIAN_POINT ( 'NONE',  ( -0.7237198719922735002, -27.99064497298936161, -2.000000000000000000 ) ) ;
#4755 = EDGE_LOOP ( 'NONE', ( #5927, #525, #3362, #144 ) ) ;
#4756 = CARTESIAN_POINT ( 'NONE',  ( -17.98147192499884284, -15.23115522593614024, 2.100000000000000089 ) ) ;
#4757 = CARTESIAN_POINT ( 'NONE',  ( 12.84317218923419723, -20.29695877980780949, 2.099999999999999645 ) ) ;
#4758 = CARTESIAN_POINT ( 'NONE',  ( -14.75432918952970418, -19.43920578531972509, -2.000000000000000000 ) ) ;
#4759 = CARTESIAN_POINT ( 'NONE',  ( -24.48402185937397491, 7.488679734998046733, -2.000000000000000000 ) ) ;
#4760 = CARTESIAN_POINT ( 'NONE',  ( 25.15968768847577763, 4.747395707336154125, 2.099999999999999645 ) ) ;
#4761 = CARTESIAN_POINT ( 'NONE',  ( 19.05257563431088741, -20.26599507124446120, -2.000000000000000000 ) ) ;
#4762 = CARTESIAN_POINT ( 'NONE',  ( 18.30266578660394217, -18.21105589998883545, 2.100000000000000089 ) ) ;
#4763 = CARTESIAN_POINT ( 'NONE',  ( 21.10401706161572122, -10.48531763796957073, -2.000000000000000000 ) ) ;
#4764 = ORIENTED_EDGE ( 'NONE', *, *, #3385, .F. ) ;
#4765 = CARTESIAN_POINT ( 'NONE',  ( 23.40793038981979990, -6.902300070437902946, -2.000000000000000000 ) ) ;
#4766 = CARTESIAN_POINT ( 'NONE',  ( -20.65156267108763188, -11.69620803915341867, -2.000000000000000000 ) ) ;
#4767 = CARTESIAN_POINT ( 'NONE',  ( 25.56471904745758295, -1.411662356313489353, -2.000000000000000000 ) ) ;
#4768 = LINE ( 'NONE', #2344, #6888 ) ;
#4769 = CARTESIAN_POINT ( 'NONE',  ( 11.92825694638518286, 24.80951218106822154, -2.000000000000000000 ) ) ;
#4770 = CARTESIAN_POINT ( 'NONE',  ( 17.91646094264594780, 17.52377780514963490, -2.000000000000000000 ) ) ;
#4771 = CARTESIAN_POINT ( 'NONE',  ( 17.25237999601837657, -16.29857992973628811, 2.099999999999999645 ) ) ;
#4772 = DIRECTION ( 'NONE',  ( -1.000000000000000000, 0.000000000000000000, 0.000000000000000000 ) ) ;
#4773 = ORIENTED_EDGE ( 'NONE', *, *, #7299, .T. ) ;
#4774 = CARTESIAN_POINT ( 'NONE',  ( 0.7237198720499399274, -27.99064497287982434, -2.000000000000000000 ) ) ;
#4775 = CARTESIAN_POINT ( 'NONE',  ( -1.906741771391428530, 24.04223096406908056, -2.000000000000000000 ) ) ;
#4776 = CARTESIAN_POINT ( 'NONE',  ( 23.07262568452395968, 6.675893319502731238, -2.000000000000000000 ) ) ;
#4777 = CARTESIAN_POINT ( 'NONE',  ( 15.23641901094384998, 19.89808777236047987, -2.000000000000000000 ) ) ;
#4778 = CARTESIAN_POINT ( 'NONE',  ( -19.05257563433240975, 20.26599507132418410, 2.099999999999999645 ) ) ;
#4779 = CARTESIAN_POINT ( 'NONE',  ( -23.32186741149923748, -4.882063647943448714, -2.000000000000000000 ) ) ;
#4780 = CARTESIAN_POINT ( 'NONE',  ( -24.02931632081063995, 10.69009516955076933, 2.100000000000000089 ) ) ;
#4781 = CARTESIAN_POINT ( 'NONE',  ( 1.623578263684192224, 25.76808346599205279, 2.100000000000000089 ) ) ;
#4782 = CARTESIAN_POINT ( 'NONE',  ( -7.688595528318257877, -23.56854007989868194, 2.100000000000000089 ) ) ;
#4783 = PRODUCT_DEFINITION_SHAPE ( 'NONE', 'NONE',  #2004 ) ;
#4784 = CARTESIAN_POINT ( 'NONE',  ( 1.906741771391420315, -24.04223096406908056, 2.099999999999999645 ) ) ;
#4785 = CARTESIAN_POINT ( 'NONE',  ( 9.484645845787897045, -22.17444536155052859, 2.099999999999999645 ) ) ;
#4786 = CARTESIAN_POINT ( 'NONE',  ( 21.07590994840522924, 12.30361618564758963, 2.099999999999999645 ) ) ;
#4787 = CARTESIAN_POINT ( 'NONE',  ( 14.10020032022225145, 19.09116743896564472, 2.100000000000000089 ) ) ;
#4788 = CARTESIAN_POINT ( 'NONE',  ( -23.49332454121249825, -0.1947784575707349475, 2.099999999999999645 ) ) ;
#4789 = CARTESIAN_POINT ( 'NONE',  ( 25.52197998938346757, -8.320188513921038975, 2.100000000000000089 ) ) ;
#4790 = CARTESIAN_POINT ( 'NONE',  ( -1.680116617297987336, -25.54848055630612436, 2.099999999999999645 ) ) ;
#4791 = EDGE_CURVE ( 'NONE', #5271, #7884, #3966, .T. ) ;
#4792 = VERTEX_POINT ( 'NONE', #5820 ) ;
#4793 = CARTESIAN_POINT ( 'NONE',  ( -18.51632561903327456, -18.67704107051118001, 2.100000000000000089 ) ) ;
#4794 = CARTESIAN_POINT ( 'NONE',  ( 13.09924240491749714, 14.84924240491749714, 2.100000000000001865 ) ) ;
#4795 = CARTESIAN_POINT ( 'NONE',  ( -15.12400615833752404, -19.80199803049035978, 2.099999999999999645 ) ) ;
#4796 = CARTESIAN_POINT ( 'NONE',  ( -23.58537593626265050, 6.976039544898362976, 2.099999999999999645 ) ) ;
#4797 = CARTESIAN_POINT ( 'NONE',  ( 22.91828645517601615, 5.264681564480688358, -2.000000000000000000 ) ) ;
#4798 = CARTESIAN_POINT ( 'NONE',  ( 21.04854468720649763, -16.20550857031051351, -2.000000000000000000 ) ) ;
#4799 = CARTESIAN_POINT ( 'NONE',  ( 19.05257563431085543, -20.26599507124434751, 2.100000000000000089 ) ) ;
#4800 = CARTESIAN_POINT ( 'NONE',  ( 20.81172461973597620, -10.92283569232044904, -2.000000000000000000 ) ) ;
#4801 = CARTESIAN_POINT ( 'NONE',  ( -13.50856635788135840, 22.56556696682679686, 2.099999999999999645 ) ) ;
#4802 = VERTEX_POINT ( 'NONE', #270 ) ;
#4803 = CARTESIAN_POINT ( 'NONE',  ( 25.29380829876431491, -8.116834556469569861, -2.000000000000000000 ) ) ;
#4804 = CARTESIAN_POINT ( 'NONE',  ( -23.51784779677758763, -10.65556037457646354, -2.000000000000000000 ) ) ;
#4805 = CIRCLE ( 'NONE', #6876, 1.749999999999999778 ) ;
#4806 = DIRECTION ( 'NONE',  ( 0.000000000000000000, 0.000000000000000000, -1.000000000000000000 ) ) ;
#4807 = LINE ( 'NONE', #7286, #296 ) ;
#4808 = CARTESIAN_POINT ( 'NONE',  ( 12.36707919785808230, 25.12081464783654994, 2.099999999999999645 ) ) ;
#4809 = CARTESIAN_POINT ( 'NONE',  ( 17.25237999601835881, 16.29857992973629521, -2.000000000000000000 ) ) ;
#4810 = CARTESIAN_POINT ( 'NONE',  ( 18.51632561903327456, -18.67704107051116225, 2.099999999999999645 ) ) ;
#4811 = CIRCLE ( 'NONE', #1329, 27.99999957948218920 ) ;
#4812 = VERTEX_POINT ( 'NONE', #2944 ) ;
#4813 = DIRECTION ( 'NONE',  ( 0.000000000000000000, 0.000000000000000000, 1.000000000000000000 ) ) ;
#4814 = VECTOR ( 'NONE', #6894, 1000.000000000000000 ) ;
#4815 = CARTESIAN_POINT ( 'NONE',  ( -1.981471996725014506, 23.84030691368550237, -2.000000000000000000 ) ) ;
#4816 = EDGE_CURVE ( 'NONE', #7892, #2747, #3061, .T. ) ;
#4817 = CARTESIAN_POINT ( 'NONE',  ( 25.88937528683162270, 4.628868634690457284, -2.000000000000000000 ) ) ;
#4818 = CARTESIAN_POINT ( 'NONE',  ( 16.30896799194538360, 20.63258928533522152, -2.000000000000000000 ) ) ;
#4819 = CARTESIAN_POINT ( 'NONE',  ( 20.89282384029110062, -10.74542454372254241, 2.100000000000000089 ) ) ;
#4820 = CARTESIAN_POINT ( 'NONE',  ( -23.76414829993701261, -7.060866680122703798, -2.000000000000000000 ) ) ;
#4821 = CARTESIAN_POINT ( 'NONE',  ( -7.688496923001414629, 25.42728370346967637, -2.000000000000000000 ) ) ;
#4822 = CARTESIAN_POINT ( 'NONE',  ( 3.499191490208520605, 23.38362255772745613, 2.100000000000000089 ) ) ;
#4823 = CARTESIAN_POINT ( 'NONE',  ( 3.025165651672266254, -23.29855380546641186, 2.099999999999999645 ) ) ;
#4824 = DIRECTION ( 'NONE',  ( -1.000000000000000000, 0.000000000000000000, 0.000000000000000000 ) ) ;
#4825 = CARTESIAN_POINT ( 'NONE',  ( 20.65156267108762478, 11.69620803915342755, -2.000000000000000000 ) ) ;
#4826 = CARTESIAN_POINT ( 'NONE',  ( 13.46232027610273363, 22.30341320457493026, 2.100000000000000089 ) ) ;
#4827 = AXIS2_PLACEMENT_3D ( 'NONE', #6952, #188, #790 ) ;
#4828 = FACE_BOUND ( 'NONE', #701, .T. ) ;
#4829 = CARTESIAN_POINT ( 'NONE',  ( 24.95373504430678580, -4.768644361883064065, 2.100000000000000089 ) ) ;
#4830 = CARTESIAN_POINT ( 'NONE',  ( -2.833089530561789360, 23.33259147460854166, -2.000000000000000000 ) ) ;
#4831 = CARTESIAN_POINT ( 'NONE',  ( -2.320354714939425023, -23.45074361513812278, -2.000000000000000000 ) ) ;
#4832 = ORIENTED_EDGE ( 'NONE', *, *, #3862, .F. ) ;
#4833 = CARTESIAN_POINT ( 'NONE',  ( -19.10294300318480865, -20.47138356506651746, -2.000000000000000000 ) ) ;
#4834 = CARTESIAN_POINT ( 'NONE',  ( 4.482856113983134883, -25.20816636816325484, -2.000000000000000000 ) ) ;
#4835 = CARTESIAN_POINT ( 'NONE',  ( -1.846803834033459157, -24.33438445894234903, 2.100000000000000089 ) ) ;
#4836 = CARTESIAN_POINT ( 'NONE',  ( -24.32345666766048353, 4.791663430616632802, 2.099999999999999645 ) ) ;
#4837 = CARTESIAN_POINT ( 'NONE',  ( -19.05257563433239199, -20.26599507132417344, 2.099999999999999645 ) ) ;
#4838 = CARTESIAN_POINT ( 'NONE',  ( 22.78920619399658420, 14.18622855212693246, 2.100000000000000089 ) ) ;
#4839 = CARTESIAN_POINT ( 'NONE',  ( -11.58603556222320563, 24.54102139527086379, 2.100000000000000089 ) ) ;
#4840 = CARTESIAN_POINT ( 'NONE',  ( 22.09815905990547336, -10.35588323418787304, 2.099999999999999645 ) ) ;
#4841 = ORIENTED_EDGE ( 'NONE', *, *, #6008, .F. ) ;
#4842 = CARTESIAN_POINT ( 'NONE',  ( -12.94401591853665145, -20.68877481383770700, -2.000000000000000000 ) ) ;
#4843 = CARTESIAN_POINT ( 'NONE',  ( -22.09815905990547691, -10.35588323418788015, -2.000000000000000000 ) ) ;
#4844 = CARTESIAN_POINT ( 'NONE',  ( -23.55944914529948520, 0.5232380683118280640, -2.000000000000000000 ) ) ;
#4845 = CARTESIAN_POINT ( 'NONE',  ( 17.12241726305228084, -21.05518411798320955, -2.000000000000000000 ) ) ;
#4846 = CARTESIAN_POINT ( 'NONE',  ( 11.58603556222320030, 24.54102139527087800, -2.000000000000000000 ) ) ;
#4847 = CARTESIAN_POINT ( 'NONE',  ( 18.12539239010958880, 15.18249965295456683, -2.000000000000000000 ) ) ;
#4848 = CARTESIAN_POINT ( 'NONE',  ( 17.76075994573093553, -17.29583732711386901, 2.099999999999999645 ) ) ;
#4849 = CARTESIAN_POINT ( 'NONE',  ( -16.55868018414818010, 20.77185239767592151, -2.000000000000000000 ) ) ;
#4850 = ORIENTED_EDGE ( 'NONE', *, *, #3534, .F. ) ;
#4851 = CARTESIAN_POINT ( 'NONE',  ( -24.31153459173803810, -7.374154019703442309, 2.100000000000000089 ) ) ;
#4852 = DIRECTION ( 'NONE',  ( -0.000000000000000000, -0.000000000000000000, -1.000000000000000000 ) ) ;
#4853 = CARTESIAN_POINT ( 'NONE',  ( -0.7237198719922736112, 27.99064497298940424, -2.000000000000000000 ) ) ;
#4854 = CARTESIAN_POINT ( 'NONE',  ( 25.19179192507393239, 1.283507464112907170, 2.100000000000000089 ) ) ;
#4855 = CARTESIAN_POINT ( 'NONE',  ( 13.25426296490208955, 21.46155364981479252, -2.000000000000000000 ) ) ;
#4856 = CARTESIAN_POINT ( 'NONE',  ( 21.91017567687078227, -10.32144346381599753, 2.100000000000000089 ) ) ;
#4857 = CARTESIAN_POINT ( 'NONE',  ( -23.63710370791871185, -4.790810183414333068, -2.000000000000000000 ) ) ;
#4858 = CARTESIAN_POINT ( 'NONE',  ( -7.605017794998039982, 22.88729425358475922, 2.099999999999999645 ) ) ;
#4859 = CARTESIAN_POINT ( 'NONE',  ( 1.680116617297973125, 25.54848055630612791, 2.100000000000000089 ) ) ;
#4860 = CARTESIAN_POINT ( 'NONE',  ( -7.523321135858853204, -26.48008397883696574, 2.100000000000000089 ) ) ;
#4861 = CARTESIAN_POINT ( 'NONE',  ( 1.555379675915627313, -26.00494379640385390, 2.099999999999999645 ) ) ;
#4862 = CARTESIAN_POINT ( 'NONE',  ( -20.99999999999999289, -3.903127820947815962E-15, 2.100000000000001865 ) ) ;
#4863 = CARTESIAN_POINT ( 'NONE',  ( 21.84033501313436432, 12.97800555654222165, -2.000000000000000000 ) ) ;
#4864 = CARTESIAN_POINT ( 'NONE',  ( 13.25426296490208955, 21.46155364981479252, 2.100000000000000089 ) ) ;
#4865 = EDGE_CURVE ( 'NONE', #4645, #5690, #4900, .T. ) ;
#4866 = CARTESIAN_POINT ( 'NONE',  ( -25.36983614870255366, 1.341743455198745716, 2.099999999999999645 ) ) ;
#4867 = CARTESIAN_POINT ( 'NONE',  ( 23.42764417793268095, -4.840656286569377187, 2.100000000000000089 ) ) ;
#4868 = LINE ( 'NONE', #4908, #3372 ) ;
#4869 = CARTESIAN_POINT ( 'NONE',  ( -5.376315588043444116, -26.60062371204864462, 2.099999999999999645 ) ) ;
#4870 = ORIENTED_EDGE ( 'NONE', *, *, #3968, .F. ) ;
#4871 = CARTESIAN_POINT ( 'NONE',  ( -24.31514428139132278, -10.69735948946559567, 2.099999999999999645 ) ) ;
#4872 = CARTESIAN_POINT ( 'NONE',  ( -26.46517536639175106, 4.493494443281853101, 2.100000000000000089 ) ) ;
#4873 = CARTESIAN_POINT ( 'NONE',  ( -0.8222171190860710910, -27.80350973416702587, 2.100000000000000089 ) ) ;
#4874 = CARTESIAN_POINT ( 'NONE',  ( -17.98147192499884284, -15.23115522593614024, -2.000000000000000000 ) ) ;
#4875 = CARTESIAN_POINT ( 'NONE',  ( 18.62447386782101688, -18.94171889292492139, -2.000000000000000000 ) ) ;
#4876 = CARTESIAN_POINT ( 'NONE',  ( -7.733573568718058233, 24.87706067138158161, 2.100000000000000089 ) ) ;
#4877 = CARTESIAN_POINT ( 'NONE',  ( 23.29246673278348823, -10.63055238855664619, 2.099999999999999645 ) ) ;
#4878 = EDGE_CURVE ( 'NONE', #6949, #5482, #6343, .T. ) ;
#4879 = ORIENTED_EDGE ( 'NONE', *, *, #6717, .T. ) ;
#4880 = CARTESIAN_POINT ( 'NONE',  ( -13.50856635788135662, -22.56556696682680752, -2.000000000000000000 ) ) ;
#4881 = CARTESIAN_POINT ( 'NONE',  ( -9.673488752447902073, 22.40527988562695327, -2.000000000000000000 ) ) ;
#4882 = CARTESIAN_POINT ( 'NONE',  ( 23.63491054742289421, -0.6550942090464556555, -2.000000000000000000 ) ) ;
#4883 = CARTESIAN_POINT ( 'NONE',  ( -22.82097940566847782, 5.624866236205926739, -2.000000000000000000 ) ) ;
#4884 = CARTESIAN_POINT ( 'NONE',  ( 14.32589460713082730, -19.15868494228939056, -2.000000000000000000 ) ) ;
#4885 = CARTESIAN_POINT ( 'NONE',  ( 26.06641539773994509, 8.850830286138384295, 2.099999999999999645 ) ) ;
#4886 = CARTESIAN_POINT ( 'NONE',  ( 18.60089775827983516, 15.19605903441929051, -2.000000000000000000 ) ) ;
#4887 = CARTESIAN_POINT ( 'NONE',  ( 22.85726476338737712, 5.433202019314306241, 2.100000000000000089 ) ) ;
#4888 = CARTESIAN_POINT ( 'NONE',  ( 13.34952134769245546, 19.34012055804145547, -2.000000000000000000 ) ) ;
#4889 = CARTESIAN_POINT ( 'NONE',  ( -15.68419099428257013, 20.23743569325269931, -2.000000000000000000 ) ) ;
#4890 = ORIENTED_EDGE ( 'NONE', *, *, #406, .T. ) ;
#4891 = VERTEX_POINT ( 'NONE', #3958 ) ;
#4892 = CARTESIAN_POINT ( 'NONE',  ( 17.71416793792179689, 15.43316205167866784, -2.000000000000000000 ) ) ;
#4893 = CARTESIAN_POINT ( 'NONE',  ( 0.000000000000000000, 0.000000000000000000, 2.100000000000000089 ) ) ;
#4894 = CARTESIAN_POINT ( 'NONE',  ( 23.32186741149923392, 4.882063647943462037, -2.000000000000000000 ) ) ;
#4895 = CARTESIAN_POINT ( 'NONE',  ( 5.008822010445473261, 26.08776424953686757, -2.000000000000000000 ) ) ;
#4896 = CARTESIAN_POINT ( 'NONE',  ( -25.70517099655245730, 10.62804679002167063, -2.000000000000000000 ) ) ;
#4897 = CARTESIAN_POINT ( 'NONE',  ( 24.31514428139131923, -10.69735948946558679, 2.100000000000000089 ) ) ;
#4898 = CARTESIAN_POINT ( 'NONE',  ( 7.601435196559574337, 26.05218098595102916, 2.099999999999999645 ) ) ;
#4899 = CARTESIAN_POINT ( 'NONE',  ( -7.612592773523898515, 22.78073832991432468, 2.099999999999999645 ) ) ;
#4900 = B_SPLINE_CURVE_WITH_KNOTS ( 'NONE', 3,
 ( #1074, #6738, #5520, #2377, #4838, #4276, #457, #2335, #3877, #6329, #7512, #5649, #3747, #7432, #2549, #3791, #5002, #3144, #6947, #1844, #22, #1928, #185, #7472, #2505, #3705, #5564, #1364, #615, #4436, #3183, #3095, #4395, #6255, #5082, #1970, #1323, #5688, #66, #664, #3831, #6862, #705, #6290, #104, #2585, #6907, #4916, #5039, #1401, #746, #3219, #2014, #4317, #5611 ),
 .UNSPECIFIED., .F., .F.,
 ( 4, 1, 1, 1, 1, 1, 1, 1, 1, 1, 1, 1, 1, 1, 1, 1, 1, 1, 1, 1, 1, 1, 1, 1, 1, 1, 1, 1, 1, 1, 1, 1, 1, 1, 1, 1, 1, 1, 1, 1, 1, 1, 1, 1, 1, 1, 1, 1, 1, 1, 1, 1, 4 ),
 ( 0.01037070964479178299, 0.06767854499841075011, 0.09884629602760430789, 0.1282330327458526265, 0.1558387551553858108, 0.1816634632588949305, 0.2057071570596704646, 0.2279698365617907063, 0.2484515017704002071, 0.2671521526921107892, 0.2840717893356240475, 0.2992104117127127871, 0.3125680198398574916, 0.3241446137411457817, 0.3339401934538051009, 0.3662021699428081867, 0.3760430630535980256, 0.3856763336118157470, 0.3952492422856400678, 0.4049624801021076692, 0.4150869914083017420, 0.4259748013331248195, 0.4380386266454291411, 0.4516469595390834035, 0.4668849008038628012, 0.4803437228220500677, 0.5000000000000002220, 0.5196562771779504875, 0.5331150991961376429, 0.5483530404609170406, 0.5619613733545713030, 0.5740251986668757356, 0.5849130085916987021, 0.5950375198978927749, 0.6047507577143603763, 0.6143236663881848081, 0.6239569369464024184, 0.6337978300571922574, 0.6660598065461953432, 0.6758553862588546624, 0.6874319801601429525, 0.7007895882872876570, 0.7159282106643762855, 0.7328478473078895439, 0.7515484982296001260, 0.7720301634382096267, 0.7942928429403297574, 0.8183365367411051805, 0.8441612448446143002, 0.8717669672541474846, 0.9011537039723958031, 0.9323214550015893609, 0.9896292903552009745 ),
 .UNSPECIFIED. ) ;
#4901 = CARTESIAN_POINT ( 'NONE',  ( 22.61633054543464283, 13.93417863138607871, -2.000000000000000000 ) ) ;
#4902 = CARTESIAN_POINT ( 'NONE',  ( 1.145856306001367342, -27.11429446801521337, -2.000000000000000000 ) ) ;
#4903 = CARTESIAN_POINT ( 'NONE',  ( -28.00000000000000355, 3.429011037612589276E-15, -3.599999999999998757 ) ) ;
#4904 = CARTESIAN_POINT ( 'NONE',  ( 23.44696895451524554, -15.30488886934667114, -2.000000000000000000 ) ) ;
#4905 = CARTESIAN_POINT ( 'NONE',  ( 13.50856635788135485, 22.56556696682681107, 2.100000000000000089 ) ) ;
#4906 = CARTESIAN_POINT ( 'NONE',  ( -24.09676835437406339, 1.005131229266917225, -2.000000000000000000 ) ) ;
#4907 = CARTESIAN_POINT ( 'NONE',  ( -1.906741771391412099, -24.04223096406908411, -2.000000000000000000 ) ) ;
#4908 = CARTESIAN_POINT ( 'NONE',  ( 18.00000000000000000, 0.000000000000000000, 0.000000000000000000 ) ) ;
#4909 = CARTESIAN_POINT ( 'NONE',  ( -3.499191490208533928, -23.38362255772745613, -2.000000000000000000 ) ) ;
#4910 = ORIENTED_EDGE ( 'NONE', *, *, #5915, .T. ) ;
#4911 = CARTESIAN_POINT ( 'NONE',  ( -17.25657676350752823, -16.16318976602640589, 2.100000000000000089 ) ) ;
#4912 = EDGE_CURVE ( 'NONE', #6467, #4891, #5277, .T. ) ;
#4913 = CARTESIAN_POINT ( 'NONE',  ( 3.846120836016039490, -23.70909028424117082, -2.000000000000000000 ) ) ;
#4914 = CARTESIAN_POINT ( 'NONE',  ( -16.82973023395796730, -20.91308632741409923, -2.000000000000000000 ) ) ;
#4915 = CARTESIAN_POINT ( 'NONE',  ( -17.51903422860498694, -16.98989084997260335, -2.000000000000000000 ) ) ;
#4916 = CARTESIAN_POINT ( 'NONE',  ( 23.76349960547259954, 10.67578541799517744, 2.100000000000000089 ) ) ;
#4917 = CARTESIAN_POINT ( 'NONE',  ( 19.10294300318478378, 20.47138356506643575, -2.000000000000000000 ) ) ;
#4918 = CARTESIAN_POINT ( 'NONE',  ( 24.31514428139131923, -10.69735948946558679, 2.099999999999999645 ) ) ;
#4919 = VECTOR ( 'NONE', #1253, 1000.000000000000000 ) ;
#4920 = ORIENTED_EDGE ( 'NONE', *, *, #1677, .F. ) ;
#4921 = CARTESIAN_POINT ( 'NONE',  ( 24.15260079455800835, -7.275001489028691815, -2.000000000000000000 ) ) ;
#4922 = CARTESIAN_POINT ( 'NONE',  ( -20.89282384029109707, -10.74542454372254596, -2.000000000000000000 ) ) ;
#4923 = EDGE_CURVE ( 'NONE', #4000, #1156, #5811, .T. ) ;
#4924 = CARTESIAN_POINT ( 'NONE',  ( 23.63491054742289421, -0.6550942090464556555, 2.099999999999999645 ) ) ;
#4925 = CARTESIAN_POINT ( 'NONE',  ( -24.76692767734244427, 4.782579349257304102, -2.000000000000000000 ) ) ;
#4926 = CARTESIAN_POINT ( 'NONE',  ( 7.865059710290382533, 22.21401039568610614, 2.100000000000000089 ) ) ;
#4927 = PLANE ( 'NONE',  #2366 ) ;
#4928 = DIRECTION ( 'NONE',  ( -0.000000000000000000, -0.000000000000000000, -1.000000000000000000 ) ) ;
#4929 = DIRECTION ( 'NONE',  ( 0.5680647467311557008, 0.8229838658936564633, 0.000000000000000000 ) ) ;
#4930 = CARTESIAN_POINT ( 'NONE',  ( 17.51894836651075593, 21.23397411162331139, 2.099999999999999645 ) ) ;
#4931 = CARTESIAN_POINT ( 'NONE',  ( 8.673617379884035472E-15, -21.00000000000000000, 2.100000000000001865 ) ) ;
#4932 = VERTEX_POINT ( 'NONE', #1442 ) ;
#4933 = CARTESIAN_POINT ( 'NONE',  ( -25.29380829876430425, -8.116834556469576967, 2.100000000000000089 ) ) ;
#4934 = CARTESIAN_POINT ( 'NONE',  ( 15.36687483434010737, -20.00332296475708915, -2.000000000000000000 ) ) ;
#4935 = DIRECTION ( 'NONE',  ( -0.000000000000000000, -0.000000000000000000, 1.000000000000000000 ) ) ;
#4936 = CARTESIAN_POINT ( 'NONE',  ( -22.62472946294003506, 16.49610842549916612, 2.099999999999999645 ) ) ;
#4937 = CARTESIAN_POINT ( 'NONE',  ( -24.62078186107714117, 10.69645268464870647, -2.000000000000000000 ) ) ;
#4938 = CARTESIAN_POINT ( 'NONE',  ( -18.19936168673941168, 18.00918889841834414, 2.099999999999999645 ) ) ;
#4939 = VECTOR ( 'NONE', #1228, 1000.000000000000000 ) ;
#4940 = CARTESIAN_POINT ( 'NONE',  ( -26.46517536639175106, -4.493494443281870865, -2.000000000000000000 ) ) ;
#4941 = CARTESIAN_POINT ( 'NONE',  ( -7.523321135851446684, 26.48008397887759102, 2.099999999999999645 ) ) ;
#4942 = CARTESIAN_POINT ( 'NONE',  ( 3.902347153244113187, 23.79992060087550954, 2.100000000000000089 ) ) ;
#4943 = EDGE_CURVE ( 'NONE', #4634, #6150, #5932, .T. ) ;
#4944 = VECTOR ( 'NONE', #5839, 1000.000000000000000 ) ;
#4945 = CARTESIAN_POINT ( 'NONE',  ( 20.71178771499496918, 11.09036006156944332, -2.000000000000000000 ) ) ;
#4946 = CARTESIAN_POINT ( 'NONE',  ( 1.270707428516388404, -26.81384534371724016, 2.099999999999999645 ) ) ;
#4947 = CARTESIAN_POINT ( 'NONE',  ( 7.988790274807842096, -22.11659910479056634, -2.000000000000000000 ) ) ;
#4948 = CARTESIAN_POINT ( 'NONE',  ( 21.48061666422701776, 12.62686802027753785, 2.099999999999999645 ) ) ;
#4949 = CARTESIAN_POINT ( 'NONE',  ( 18.01951879739587170, 21.43121365581733784, 2.100000000000000089 ) ) ;
#4950 = AXIS2_PLACEMENT_3D ( 'NONE', #5166, #7644, #2100 ) ;
#4951 = CARTESIAN_POINT ( 'NONE',  ( -26.77150907641003386, 1.970609361940791837, -2.000000000000000000 ) ) ;
#4952 = CARTESIAN_POINT ( 'NONE',  ( -3.781464864188896158, -23.62174820993211100, -2.000000000000000000 ) ) ;
#4953 = CARTESIAN_POINT ( 'NONE',  ( -1.623578263684223977, 25.76808346599205279, -2.000000000000000000 ) ) ;
#4954 = CARTESIAN_POINT ( 'NONE',  ( -5.644338589985559373, -26.94321158145700323, 2.099999999999999645 ) ) ;
#4955 = ORIENTED_EDGE ( 'NONE', *, *, #5530, .T. ) ;
#4956 = CARTESIAN_POINT ( 'NONE',  ( -19.13918860107962061, -15.44754172932143632, 2.100000000000000089 ) ) ;
#4957 = CARTESIAN_POINT ( 'NONE',  ( 1.981471996725006290, -23.84030691368550237, -2.000000000000000000 ) ) ;
#4958 = CARTESIAN_POINT ( 'NONE',  ( -16.08024905276407068, -20.49638744246056277, 2.099999999999999645 ) ) ;
#4959 = CARTESIAN_POINT ( 'NONE',  ( -17.26619031893428158, -16.42019235248055509, 2.099999999999999645 ) ) ;
#4960 = CARTESIAN_POINT ( 'NONE',  ( -19.87933552333218401, 15.81900378855655553, 2.100000000000000089 ) ) ;
#4961 = CARTESIAN_POINT ( 'NONE',  ( 0.000000000000000000, -0.000000000000000000, -2.000000000000000000 ) ) ;
#4962 = CARTESIAN_POINT ( 'NONE',  ( 21.23055223844790262, -12.41767842381810816, 2.099999999999999645 ) ) ;
#4963 = VERTEX_POINT ( 'NONE', #303 ) ;
#4964 = ADVANCED_FACE ( 'NONE', ( #2787 ), #4515, .F. ) ;
#4965 = CARTESIAN_POINT ( 'NONE',  ( -16.55868018414818010, -20.77185239767593217, -2.000000000000000000 ) ) ;
#4966 = CARTESIAN_POINT ( 'NONE',  ( -8.148726673636449647, 22.03570943365874157, -2.000000000000000000 ) ) ;
#4967 = EDGE_CURVE ( 'NONE', #4517, #1883, #1848, .T. ) ;
#4968 = CARTESIAN_POINT ( 'NONE',  ( -23.49332454121249825, -0.1947784575707349475, -2.000000000000000000 ) ) ;
#4969 = CARTESIAN_POINT ( 'NONE',  ( 13.10549974122803008, -21.04367979295773239, -2.000000000000000000 ) ) ;
#4970 = EDGE_CURVE ( 'NONE', #6085, #4252, #2704, .T. ) ;
#4971 = CARTESIAN_POINT ( 'NONE',  ( 25.07504586300960980, 7.932732980984177118, 2.099999999999999645 ) ) ;
#4972 = CARTESIAN_POINT ( 'NONE',  ( 1.750000000000000444, 21.00000000000000000, 2.100000000000001865 ) ) ;
#4973 = CARTESIAN_POINT ( 'NONE',  ( 25.91507308940470722, -10.60230933437667566, -2.000000000000000000 ) ) ;
#4974 = DIRECTION ( 'NONE',  ( 1.000000000000000000, 0.000000000000000000, 0.000000000000000000 ) ) ;
#4975 = CARTESIAN_POINT ( 'NONE',  ( -17.82169893245503900, 21.35645667459428054, -2.000000000000000000 ) ) ;
#4976 = ORIENTED_EDGE ( 'NONE', *, *, #2663, .F. ) ;
#4977 = DIRECTION ( 'NONE',  ( -0.000000000000000000, -0.000000000000000000, 1.000000000000000000 ) ) ;
#4978 = CARTESIAN_POINT ( 'NONE',  ( 16.30896799194540137, -20.63258928533522152, -2.000000000000000000 ) ) ;
#4979 = CARTESIAN_POINT ( 'NONE',  ( -22.41476736692508709, -16.47086513864623569, -2.000000000000000000 ) ) ;
#4980 = CARTESIAN_POINT ( 'NONE',  ( 4.030460310774742538, 24.06924055886030089, -2.000000000000000000 ) ) ;
#4981 = CARTESIAN_POINT ( 'NONE',  ( -20.71178771499497984, 11.09036006156942555, 2.099999999999999645 ) ) ;
#4982 = CARTESIAN_POINT ( 'NONE',  ( 20.94077984017083338, -12.16847291378769569, 2.100000000000000089 ) ) ;
#4983 = CARTESIAN_POINT ( 'NONE',  ( -26.77848301813145326, -4.405768766048603347, -2.000000000000000000 ) ) ;
#4984 = CARTESIAN_POINT ( 'NONE',  ( -23.51784779677759474, 10.65556037457645999, 2.100000000000000089 ) ) ;
#4985 = CARTESIAN_POINT ( 'NONE',  ( 13.50856635788135485, 22.56556696682681107, -2.000000000000000000 ) ) ;
#4986 = LINE ( 'NONE', #1912, #6883 ) ;
#4987 = CARTESIAN_POINT ( 'NONE',  ( -23.10489730742583703, -5.020145956116677688, 2.099999999999999645 ) ) ;
#4988 = CARTESIAN_POINT ( 'NONE',  ( -22.28520553958148653, -13.49243943284463398, 2.100000000000000089 ) ) ;
#4989 = CARTESIAN_POINT ( 'NONE',  ( 8.993578510876927723, -21.86672564825610721, 2.099999999999999645 ) ) ;
#4990 = CARTESIAN_POINT ( 'NONE',  ( 20.99240193721331948, 10.59640443373928953, 2.099999999999999645 ) ) ;
#4991 = CARTESIAN_POINT ( 'NONE',  ( 3.499191490208542366, -23.38362255772746323, 2.100000000000000089 ) ) ;
#4992 = CARTESIAN_POINT ( 'NONE',  ( -22.76403769146248735, 5.811439118492613076, -2.000000000000000000 ) ) ;
#4993 = CARTESIAN_POINT ( 'NONE',  ( -26.77150907641003386, 1.970609361940791837, 2.099999999999999645 ) ) ;
#4994 = CARTESIAN_POINT ( 'NONE',  ( -3.952016953262624366, -23.89496924813285261, -2.000000000000000000 ) ) ;
#4995 = CARTESIAN_POINT ( 'NONE',  ( -1.881261915648305694, 24.14640443156747196, -2.000000000000000000 ) ) ;
#4996 = CARTESIAN_POINT ( 'NONE',  ( -4.852431640496120302, -25.84840584550507359, 2.099999999999999645 ) ) ;
#4997 = VERTEX_POINT ( 'NONE', #5241 ) ;
#4998 = CARTESIAN_POINT ( 'NONE',  ( -24.15260079455800479, -7.275001489028700696, -2.000000000000000000 ) ) ;
#4999 = CARTESIAN_POINT ( 'NONE',  ( 3.359200862297590628, -23.32460485566309316, -2.000000000000000000 ) ) ;
#5000 = CARTESIAN_POINT ( 'NONE',  ( -2.463801941912927784, -23.38577358155836095, 2.100000000000000089 ) ) ;
#5001 = CARTESIAN_POINT ( 'NONE',  ( -17.25657676350752823, -16.16318976602640589, 2.099999999999999645 ) ) ;
#5002 = CARTESIAN_POINT ( 'NONE',  ( 21.07590994840522924, 12.30361618564758963, 2.100000000000000089 ) ) ;
#5003 = CARTESIAN_POINT ( 'NONE',  ( -10.38530154243854042, 23.40284517865929459, 2.100000000000000089 ) ) ;
#5004 = CARTESIAN_POINT ( 'NONE',  ( 21.38382933992361501, -12.54282366362884105, 2.099999999999999645 ) ) ;
#5005 = ORIENTED_EDGE ( 'NONE', *, *, #6721, .T. ) ;
#5006 = CARTESIAN_POINT ( 'NONE',  ( -4.144933467011490791, 24.44197433207706638, -2.000000000000000000 ) ) ;
#5007 = CARTESIAN_POINT ( 'NONE',  ( -21.84033501313436787, -12.97800555654220922, -2.000000000000000000 ) ) ;
#5008 = CARTESIAN_POINT ( 'NONE',  ( -23.93435179486865039, 4.766524473500956205, -2.000000000000000000 ) ) ;
#5009 = CARTESIAN_POINT ( 'NONE',  ( 13.64872344093926770, -24.44815585854601991, -2.000000000000000000 ) ) ;
#5010 = CARTESIAN_POINT ( 'NONE',  ( -19.87933552333218401, 15.81900378855655553, -2.000000000000000000 ) ) ;
#5011 = CARTESIAN_POINT ( 'NONE',  ( 22.79134869580807532, 6.292262679950386683, 2.100000000000000089 ) ) ;
#5012 = CARTESIAN_POINT ( 'NONE',  ( 5.995909907646390202, 27.35048520283307028, -2.000000000000000000 ) ) ;
#5013 = DIRECTION ( 'NONE',  ( 0.3546048870425358990, -0.9350162426854147224, 0.000000000000000000 ) ) ;
#5014 = CARTESIAN_POINT ( 'NONE',  ( 27.42711506945230582, -2.355539727225806068, 2.100000000000000089 ) ) ;
#5015 = ORIENTED_EDGE ( 'NONE', *, *, #1679, .T. ) ;
#5016 = CARTESIAN_POINT ( 'NONE',  ( -24.12574046566792063, -4.783694468719414949, 2.100000000000000089 ) ) ;
#5017 = CARTESIAN_POINT ( 'NONE',  ( 17.25657676350752112, 16.16318976602640589, 2.099999999999999645 ) ) ;
#5018 = LINE ( 'NONE', #160, #932 ) ;
#5019 = CARTESIAN_POINT ( 'NONE',  ( -21.04854468720650118, 16.20550857031050995, 2.099999999999999645 ) ) ;
#5020 = CARTESIAN_POINT ( 'NONE',  ( -20.64571337519313943, 11.25696429976830260, -2.000000000000000000 ) ) ;
#5021 = CARTESIAN_POINT ( 'NONE',  ( -24.95373504430678224, -4.768644361883073834, -2.000000000000000000 ) ) ;
#5022 = CARTESIAN_POINT ( 'NONE',  ( -21.69704443755539813, 10.30300297322494707, 2.100000000000000089 ) ) ;
#5023 = CARTESIAN_POINT ( 'NONE',  ( 22.96554745452508683, 14.45965356729542783, -2.000000000000000000 ) ) ;
#5024 = CARTESIAN_POINT ( 'NONE',  ( -24.32345666766047998, -4.791663430616648789, 2.099999999999999645 ) ) ;
#5025 = DIRECTION ( 'NONE',  ( 0.000000000000000000, 0.000000000000000000, 1.000000000000000000 ) ) ;
#5026 = CARTESIAN_POINT ( 'NONE',  ( 8.843531895616193239, -21.84292484346595842, -2.000000000000000000 ) ) ;
#5027 = CARTESIAN_POINT ( 'NONE',  ( 23.51784779677758408, 10.65556037457647776, -2.000000000000000000 ) ) ;
#5028 = CARTESIAN_POINT ( 'NONE',  ( 1.846803834033468039, -24.33438445894235613, 2.100000000000000089 ) ) ;
#5029 = CARTESIAN_POINT ( 'NONE',  ( 9.555618961847061499, 22.25484530667599969, -2.000000000000000000 ) ) ;
#5030 = CARTESIAN_POINT ( 'NONE',  ( 1.810672407536176198, 24.85107952805194031, -2.000000000000000000 ) ) ;
#5031 = DIRECTION ( 'NONE',  ( 0.000000000000000000, 0.000000000000000000, -1.000000000000000000 ) ) ;
#5032 = CARTESIAN_POINT ( 'NONE',  ( 24.31153459173804166, -7.374154019703432539, -2.000000000000000000 ) ) ;
#5033 = CARTESIAN_POINT ( 'NONE',  ( 2.035327432088031241, 23.74029248485179622, 2.099999999999999645 ) ) ;
#5034 = EDGE_LOOP ( 'NONE', ( #7077, #6549, #4391, #5934 ) ) ;
#5035 = CARTESIAN_POINT ( 'NONE',  ( -21.04854468720649763, -16.20550857031053127, 2.100000000000000089 ) ) ;
#5036 = CARTESIAN_POINT ( 'NONE',  ( -24.32345666766048353, 4.791663430616632802, 2.100000000000000089 ) ) ;
#5037 = EDGE_CURVE ( 'NONE', #6520, #3524, #629, .T. ) ;
#5038 = CARTESIAN_POINT ( 'NONE',  ( -19.31055424225241879, -15.54648119520597227, -2.000000000000000000 ) ) ;
#5039 = CARTESIAN_POINT ( 'NONE',  ( 24.02931632081061863, 10.69009516955078354, 2.100000000000000089 ) ) ;
#5040 = CARTESIAN_POINT ( 'NONE',  ( -7.612592773523898515, 22.78073832991432468, 2.100000000000000089 ) ) ;
#5041 = CARTESIAN_POINT ( 'NONE',  ( 21.58955567576248669, -12.72687891813089145, 2.099999999999999645 ) ) ;
#5042 = B_SPLINE_CURVE_WITH_KNOTS ( 'NONE', 3,
 ( #3712, #1287, #1770, #1246, #8001, #5445, #3101, #30, #7926, #2466, #72, #4925, #1159, #1894, #539, #3630, #5008, #3027, #5486, #7478, #7963, #4401, #2426, #1853, #1936, #6869, #4323, #4883, #6787, #7357, #1807, #3798, #3306, #3882, #3269, #227, #3345, #5123, #268, #1491, #6953, #5776, #2142, #5087, #4520, #2058, #5655, #752, #149, #1977, #6997, #3923, #110, #5163, #3963 ),
 .UNSPECIFIED., .F., .F.,
 ( 4, 1, 1, 1, 1, 1, 1, 1, 1, 1, 1, 1, 1, 1, 1, 1, 1, 1, 1, 1, 1, 1, 1, 1, 1, 1, 1, 1, 1, 1, 1, 1, 1, 1, 1, 1, 1, 1, 1, 1, 1, 1, 1, 1, 1, 1, 1, 1, 1, 1, 1, 1, 4 ),
 ( 0.01037070964479203106, 0.06767854499841075011, 0.09884629602760430789, 0.1282330327458526265, 0.1558387551553858108, 0.1816634632588949305, 0.2057071570596704646, 0.2279698365617907063, 0.2484515017704002071, 0.2671521526921107892, 0.2840717893356240475, 0.2992104117127127871, 0.3125680198398574916, 0.3241446137411457817, 0.3339401934538051009, 0.3662021699428081867, 0.3760430630535980256, 0.3856763336118157470, 0.3952492422856400678, 0.4049624801021076692, 0.4150869914083017420, 0.4259748013331248195, 0.4380386266454291411, 0.4516469595390834035, 0.4668849008038628012, 0.4803437228220500677, 0.5000000000000002220, 0.5196562771779504875, 0.5331150991961376429, 0.5483530404609170406, 0.5619613733545713030, 0.5740251986668756246, 0.5849130085916987021, 0.5950375198978927749, 0.6047507577143603763, 0.6143236663881848081, 0.6239569369464024184, 0.6337978300571922574, 0.6660598065461953432, 0.6758553862588546624, 0.6874319801601429525, 0.7007895882872876570, 0.7159282106643762855, 0.7328478473078895439, 0.7515484982296001260, 0.7720301634382096267, 0.7942928429403297574, 0.8183365367411052915, 0.8441612448446143002, 0.8717669672541474846, 0.9011537039723958031, 0.9323214550015893609, 0.9896292903552158515 ),
 .UNSPECIFIED. ) ;
#5043 = ORIENTED_EDGE ( 'NONE', *, *, #2411, .T. ) ;
#5044 = CARTESIAN_POINT ( 'NONE',  ( -14.75432918952970418, -19.43920578531972509, -2.000000000000000000 ) ) ;
#5045 = CARTESIAN_POINT ( 'NONE',  ( -7.612592773523898515, 22.78073832991432468, -2.000000000000000000 ) ) ;
#5046 = CARTESIAN_POINT ( 'NONE',  ( -7.401289683397446417, 27.00409019895758789, -2.000000000000000000 ) ) ;
#5047 = CARTESIAN_POINT ( 'NONE',  ( 12.83364937058816579, -20.18870745851076265, -2.000000000000000000 ) ) ;
#5048 = CARTESIAN_POINT ( 'NONE',  ( -24.19711102278062143, 1.042982032116795743, 2.100000000000000089 ) ) ;
#5049 = LINE ( 'NONE', #113, #5715 ) ;
#5050 = CARTESIAN_POINT ( 'NONE',  ( 17.98147192499883573, 15.23115522593614024, 2.100000000000000089 ) ) ;
#5051 = CARTESIAN_POINT ( 'NONE',  ( 16.82973023395797441, -20.91308632741409923, 2.100000000000000089 ) ) ;
#5052 = CARTESIAN_POINT ( 'NONE',  ( -14.88619985382990407, 19.57897187542434736, -2.000000000000000000 ) ) ;
#5053 = ORIENTED_EDGE ( 'NONE', *, *, #2422, .F. ) ;
#5054 = CARTESIAN_POINT ( 'NONE',  ( 27.19385050690372907, -4.276646238553106549, 2.099999999999999645 ) ) ;
#5055 = CARTESIAN_POINT ( 'NONE',  ( 17.32735312033765140, 16.63359376186219762, -2.000000000000000000 ) ) ;
#5056 = CARTESIAN_POINT ( 'NONE',  ( -20.86952096496492004, 12.08832612917522376, -2.000000000000000000 ) ) ;
#5057 = CARTESIAN_POINT ( 'NONE',  ( 4.189195047382262338, 24.56227459198279206, 2.099999999999999645 ) ) ;
#5058 = CARTESIAN_POINT ( 'NONE',  ( -20.80453127045305095, 12.00354473513042031, -2.000000000000000000 ) ) ;
#5059 = CARTESIAN_POINT ( 'NONE',  ( 7.688496923001403971, 25.42728370346966926, -2.000000000000000000 ) ) ;
#5060 = CARTESIAN_POINT ( 'NONE',  ( -21.48061666422703553, 12.62686802027752542, 2.100000000000000089 ) ) ;
#5061 = CARTESIAN_POINT ( 'NONE',  ( 25.91507308940470722, -10.60230933437667566, 2.100000000000000089 ) ) ;
#5062 = CARTESIAN_POINT ( 'NONE',  ( -10.13323285654343664, -23.09959661296539934, 2.100000000000000089 ) ) ;
#5063 = EDGE_CURVE ( 'NONE', #6732, #7308, #2488, .T. ) ;
#5064 = CARTESIAN_POINT ( 'NONE',  ( -23.21393719209896744, -4.939781705126451428, -2.000000000000000000 ) ) ;
#5065 = AXIS2_PLACEMENT_3D ( 'NONE', #5619, #4445, #1896 ) ;
#5066 = CARTESIAN_POINT ( 'NONE',  ( -22.44798333931211687, -13.70307343545946388, 2.100000000000000089 ) ) ;
#5067 = CARTESIAN_POINT ( 'NONE',  ( 7.741715957670631809, -24.19699765967529004, 2.099999999999999645 ) ) ;
#5068 = CARTESIAN_POINT ( 'NONE',  ( 22.46994110604165940, 10.47341059000768126, -2.000000000000000000 ) ) ;
#5069 = FACE_OUTER_BOUND ( 'NONE', #1284, .T. ) ;
#5070 = CARTESIAN_POINT ( 'NONE',  ( -26.42834229644420319, 9.248929663427645664, 2.099999999999999645 ) ) ;
#5071 = CARTESIAN_POINT ( 'NONE',  ( 1.762385718735274720, 25.16282512725969056, -2.000000000000000000 ) ) ;
#5072 = CARTESIAN_POINT ( 'NONE',  ( -3.359200862297582191, -23.32460485566309316, -2.000000000000000000 ) ) ;
#5073 = CARTESIAN_POINT ( 'NONE',  ( 27.50168352219550627, -4.167564993355136416, -2.000000000000000000 ) ) ;
#5074 = CARTESIAN_POINT ( 'NONE',  ( 1.840779285638389329, 24.52644730507024562, -2.000000000000000000 ) ) ;
#5075 = VECTOR ( 'NONE', #6614, 1000.000000000000000 ) ;
#5076 = VECTOR ( 'NONE', #7914, 1000.000000000000000 ) ;
#5077 = ORIENTED_EDGE ( 'NONE', *, *, #4551, .F. ) ;
#5078 = CARTESIAN_POINT ( 'NONE',  ( -19.70744990308224232, -15.74452889495768915, 2.100000000000000089 ) ) ;
#5079 = CARTESIAN_POINT ( 'NONE',  ( -23.10489730742584413, 5.020145956116661701, 2.100000000000000089 ) ) ;
#5080 = CIRCLE ( 'NONE', #7035, 27.99999957948218920 ) ;
#5081 = DIRECTION ( 'NONE',  ( -1.000000000000000000, 0.000000000000000000, 0.000000000000000000 ) ) ;
#5082 = CARTESIAN_POINT ( 'NONE',  ( 21.58843454132471606, 10.30659784155102088, 2.100000000000000089 ) ) ;
#5083 = CARTESIAN_POINT ( 'NONE',  ( -12.94401591853665145, -20.68877481383770700, 2.100000000000000089 ) ) ;
#5084 = ORIENTED_EDGE ( 'NONE', *, *, #6593, .T. ) ;
#5085 = CARTESIAN_POINT ( 'NONE',  ( -4.310684217927251538, 24.85340566964549325, -2.000000000000000000 ) ) ;
#5086 = CARTESIAN_POINT ( 'NONE',  ( -22.28520553958148653, -13.49243943284463398, -2.000000000000000000 ) ) ;
#5087 = CARTESIAN_POINT ( 'NONE',  ( -24.15260079455800835, 7.275001489028683821, -2.000000000000000000 ) ) ;
#5088 = CARTESIAN_POINT ( 'NONE',  ( 7.745447077757175336, 24.40400991946478726, 2.100000000000000089 ) ) ;
#5089 = CARTESIAN_POINT ( 'NONE',  ( 23.58537593626264695, 6.976039544898394062, 2.099999999999999645 ) ) ;
#5090 = CARTESIAN_POINT ( 'NONE',  ( -23.51224346894562345, 0.3730054609666941245, 2.100000000000000089 ) ) ;
#5091 = DIRECTION ( 'NONE',  ( 0.000000000000000000, 0.000000000000000000, -1.000000000000000000 ) ) ;
#5092 = CARTESIAN_POINT ( 'NONE',  ( 17.42017265760603451, 16.82633584436269913, 2.100000000000000089 ) ) ;
#5093 = CARTESIAN_POINT ( 'NONE',  ( 13.50602898338109270, -19.22398027845277113, 2.100000000000000089 ) ) ;
#5094 = CARTESIAN_POINT ( 'NONE',  ( -12.88702750944971420, 19.82328597831586947, -2.000000000000000000 ) ) ;
#5095 = ORIENTED_EDGE ( 'NONE', *, *, #7202, .T. ) ;
#5096 = CARTESIAN_POINT ( 'NONE',  ( -24.00794390784557564, -7.190340088713012889, 2.100000000000000089 ) ) ;
#5097 = CARTESIAN_POINT ( 'NONE',  ( 25.19179192507393239, 1.283507464112907170, -2.000000000000000000 ) ) ;
#5098 = CARTESIAN_POINT ( 'NONE',  ( -20.69407544885352124, 11.81098159931166336, -2.000000000000000000 ) ) ;
#5099 = CARTESIAN_POINT ( 'NONE',  ( -18.38167992440538256, 15.16106487615012099, 2.099999999999999645 ) ) ;
#5100 = CARTESIAN_POINT ( 'NONE',  ( -22.90269961712299462, 10.57072003481730604, -2.000000000000000000 ) ) ;
#5101 = CARTESIAN_POINT ( 'NONE',  ( 7.701896059577414633, 22.44925656542957881, 2.099999999999999645 ) ) ;
#5102 = CARTESIAN_POINT ( 'NONE',  ( 10.53741832910565712, -23.57101921525815413, 2.100000000000000089 ) ) ;
#5103 = CARTESIAN_POINT ( 'NONE',  ( 13.50856635788135485, 22.56556696682681107, 2.099999999999999645 ) ) ;
#5104 = CARTESIAN_POINT ( 'NONE',  ( -20.80453127045304385, -12.00354473513042208, -2.000000000000000000 ) ) ;
#5105 = CARTESIAN_POINT ( 'NONE',  ( -23.32186741149923748, -4.882063647943448714, -2.000000000000000000 ) ) ;
#5106 = CARTESIAN_POINT ( 'NONE',  ( -20.74579233589062355, -11.91211842489101791, 2.100000000000000089 ) ) ;
#5107 = CARTESIAN_POINT ( 'NONE',  ( 7.616738452866469444, -23.18530238615924333, -2.000000000000000000 ) ) ;
#5108 = CARTESIAN_POINT ( 'NONE',  ( 21.23211141880577202, 10.40363348579839631, 2.099999999999999645 ) ) ;
#5109 = CARTESIAN_POINT ( 'NONE',  ( 4.082273444348686553, -24.25428063893853192, 2.100000000000000089 ) ) ;
#5110 = CARTESIAN_POINT ( 'NONE',  ( -13.34952134769246612, 19.34012055804144836, -2.000000000000000000 ) ) ;
#5111 = CARTESIAN_POINT ( 'NONE',  ( 4.144933467011459705, 24.44197433207706638, -2.000000000000000000 ) ) ;
#5112 = CARTESIAN_POINT ( 'NONE',  ( 20.28441937235456649, -15.97411852388379572, 2.099999999999999645 ) ) ;
#5113 = CARTESIAN_POINT ( 'NONE',  ( 25.75863198250611319, -8.543467069173802386, -2.000000000000000000 ) ) ;
#5114 = CARTESIAN_POINT ( 'NONE',  ( 3.499191490208520605, 23.38362255772745613, -2.000000000000000000 ) ) ;
#5115 = ORIENTED_EDGE ( 'NONE', *, *, #4912, .F. ) ;
#5116 = CARTESIAN_POINT ( 'NONE',  ( -25.52197998938346757, -8.320188513921049633, -2.000000000000000000 ) ) ;
#5117 = CARTESIAN_POINT ( 'NONE',  ( -23.21393719209896034, 4.939781705126430111, 2.100000000000000089 ) ) ;
#5118 = CARTESIAN_POINT ( 'NONE',  ( -20.07157227525353704, -15.89590000543998194, 2.099999999999999645 ) ) ;
#5119 = CARTESIAN_POINT ( 'NONE',  ( -17.71416793792180400, 15.43316205167865540, 2.100000000000000089 ) ) ;
#5120 = ORIENTED_EDGE ( 'NONE', *, *, #7840, .T. ) ;
#5121 = CARTESIAN_POINT ( 'NONE',  ( -7.743106042156109758, 24.63076208136009271, -2.000000000000000000 ) ) ;
#5122 = CARTESIAN_POINT ( 'NONE',  ( 14.32589460713082730, -19.15868494228939056, 2.099999999999999645 ) ) ;
#5123 = CARTESIAN_POINT ( 'NONE',  ( -23.24438501506255861, 6.803422568062724274, -2.000000000000000000 ) ) ;
#5124 = CARTESIAN_POINT ( 'NONE',  ( 10.03175227225609945, 22.96619924196638607, 2.100000000000000089 ) ) ;
#5125 = CARTESIAN_POINT ( 'NONE',  ( 22.85055158908931361, 6.414095051321371699, 2.099999999999999645 ) ) ;
#5126 = CARTESIAN_POINT ( 'NONE',  ( -24.37956700134304100, -1.099847363974311154, 2.100000000000000089 ) ) ;
#5127 = FACE_OUTER_BOUND ( 'NONE', #2216, .T. ) ;
#5128 = CARTESIAN_POINT ( 'NONE',  ( 18.12539239010958880, 15.18249965295456683, 2.100000000000000089 ) ) ;
#5129 = CARTESIAN_POINT ( 'NONE',  ( -13.35177211813242515, 19.34338136197018798, -2.000000000000000000 ) ) ;
#5130 = ORIENTED_EDGE ( 'NONE', *, *, #7551, .F. ) ;
#5131 = B_SPLINE_CURVE_WITH_KNOTS ( 'NONE', 3,
 ( #5856, #3832, #3918, #787, #6375, #1443, #2745, #6291, #304, #7683, #747, #4516, #7600, #5201, #1487, #2054, #5083, #3382, #2177, #5158, #4556, #2624, #6948, #833, #3302, #7560, #871, #7038, #2788, #4633, #5772, #1525, #223, #3999, #2705, #7637, #2015, #2092, #3220, #3959, #1402, #5689, #3341, #4478, #2138, #6417, #143, #6456, #3878, #5812, #6330, #5242, #262, #4597, #3262 ),
 .UNSPECIFIED., .F., .F.,
 ( 4, 1, 1, 1, 1, 1, 1, 1, 1, 1, 1, 1, 1, 1, 1, 1, 1, 1, 1, 1, 1, 1, 1, 1, 1, 1, 1, 1, 1, 1, 1, 1, 1, 1, 1, 1, 1, 1, 1, 1, 1, 1, 1, 1, 1, 1, 1, 1, 1, 1, 1, 1, 4 ),
 ( 0.01037070964479163381, 0.06767854499841075011, 0.09884629602760430789, 0.1282330327458526265, 0.1558387551553858108, 0.1816634632588949305, 0.2057071570596704646, 0.2279698365617907063, 0.2484515017704002071, 0.2671521526921107892, 0.2840717893356240475, 0.2992104117127127871, 0.3125680198398574916, 0.3241446137411457817, 0.3339401934538051009, 0.3662021699428081867, 0.3760430630535980256, 0.3856763336118157470, 0.3952492422856400678, 0.4049624801021076692, 0.4150869914083017420, 0.4259748013331248195, 0.4380386266454291411, 0.4516469595390834035, 0.4668849008038628012, 0.4803437228220500677, 0.5000000000000002220, 0.5196562771779504875, 0.5331150991961376429, 0.5483530404609170406, 0.5619613733545713030, 0.5740251986668756246, 0.5849130085916987021, 0.5950375198978927749, 0.6047507577143603763, 0.6143236663881848081, 0.6239569369464024184, 0.6337978300571922574, 0.6660598065461953432, 0.6758553862588546624, 0.6874319801601429525, 0.7007895882872876570, 0.7159282106643762855, 0.7328478473078895439, 0.7515484982296001260, 0.7720301634382096267, 0.7942928429403297574, 0.8183365367411052915, 0.8441612448446143002, 0.8717669672541474846, 0.9011537039723958031, 0.9323214550015893609, 0.9896292903551999753 ),
 .UNSPECIFIED. ) ;
#5132 = CARTESIAN_POINT ( 'NONE',  ( -23.76414829993701261, -7.060866680122703798, 2.100000000000000089 ) ) ;
#5133 = CARTESIAN_POINT ( 'NONE',  ( 19.70744990308223876, 15.74452889495768915, -2.000000000000000000 ) ) ;
#5134 = CARTESIAN_POINT ( 'NONE',  ( -17.42017265760605227, 16.82633584436268848, -2.000000000000000000 ) ) ;
#5135 = CARTESIAN_POINT ( 'NONE',  ( -20.99240193721332304, 10.59640443373927177, -2.000000000000000000 ) ) ;
#5136 = CARTESIAN_POINT ( 'NONE',  ( -23.44696895445775908, 15.30488886923681413, 2.100000000000000089 ) ) ;
#5137 = CARTESIAN_POINT ( 'NONE',  ( 13.30747633062665258, 21.64116298680352557, -2.000000000000000000 ) ) ;
#5138 = EDGE_CURVE ( 'NONE', #3826, #1814, #166, .T. ) ;
#5139 = B_SPLINE_CURVE_WITH_KNOTS ( 'NONE', 3,
 ( #1835, #5073, #253, #3254, #5723, #2736, #6284, #215, #134, #4389, #6983, #98, #1315, #5151, #6854, #6248, #5763, #2579, #7550, #2615, #7465, #7027, #4508, #4469, #1921, #739, #3782, #699, #2697, #7590, #2006, #6940, #1434, #7630, #1395, #4546, #2085, #3212, #6366, #1480, #3869, #779, #6323, #3177, #5032, #177, #2656, #5643, #7506, #4428, #1963, #5113, #2046, #6899, #3909 ),
 .UNSPECIFIED., .F., .F.,
 ( 4, 1, 1, 1, 1, 1, 1, 1, 1, 1, 1, 1, 1, 1, 1, 1, 1, 1, 1, 1, 1, 1, 1, 1, 1, 1, 1, 1, 1, 1, 1, 1, 1, 1, 1, 1, 1, 1, 1, 1, 1, 1, 1, 1, 1, 1, 1, 1, 1, 1, 1, 1, 4 ),
 ( 0.01037070964479190616, 0.06767854499841075011, 0.09884629602760430789, 0.1282330327458526265, 0.1558387551553858108, 0.1816634632588949305, 0.2057071570596704091, 0.2279698365617907063, 0.2484515017704002071, 0.2671521526921107892, 0.2840717893356240475, 0.2992104117127127871, 0.3125680198398574916, 0.3241446137411457817, 0.3339401934538051009, 0.3662021699428081867, 0.3760430630535980256, 0.3856763336118157470, 0.3952492422856400678, 0.4049624801021076692, 0.4150869914083017420, 0.4259748013331248195, 0.4380386266454291411, 0.4516469595390834035, 0.4668849008038628012, 0.4803437228220500677, 0.5000000000000002220, 0.5196562771779504875, 0.5331150991961376429, 0.5483530404609170406, 0.5619613733545713030, 0.5740251986668756246, 0.5849130085916987021, 0.5950375198978927749, 0.6047507577143603763, 0.6143236663881848081, 0.6239569369464024184, 0.6337978300571922574, 0.6660598065461953432, 0.6758553862588546624, 0.6874319801601429525, 0.7007895882872876570, 0.7159282106643762855, 0.7328478473078895439, 0.7515484982296001260, 0.7720301634382096267, 0.7942928429403297574, 0.8183365367411052915, 0.8441612448446143002, 0.8717669672541474846, 0.9011537039723958031, 0.9323214550015893609, 0.9896292903552145193 ),
 .UNSPECIFIED. ) ;
#5140 = CARTESIAN_POINT ( 'NONE',  ( -20.94077984017082983, -12.16847291378769924, -2.000000000000000000 ) ) ;
#5141 = ADVANCED_FACE ( 'NONE', ( #2005 ), #3049, .F. ) ;
#5142 = CARTESIAN_POINT ( 'NONE',  ( 21.58955567576248669, -12.72687891813089145, -2.000000000000000000 ) ) ;
#5143 = CARTESIAN_POINT ( 'NONE',  ( -24.02931632081062574, -10.69009516955077110, 2.100000000000000089 ) ) ;
#5144 = CARTESIAN_POINT ( 'NONE',  ( 25.07504586300960980, 7.932732980984177118, -2.000000000000000000 ) ) ;
#5145 = CARTESIAN_POINT ( 'NONE',  ( 21.58843454132471606, 10.30659784155102088, -2.000000000000000000 ) ) ;
#5146 = CARTESIAN_POINT ( 'NONE',  ( 1.939597136465246008, -23.94058417290087348, 2.100000000000000089 ) ) ;
#5147 = CARTESIAN_POINT ( 'NONE',  ( -5.008822010445487471, -26.08776424953686401, 2.100000000000000089 ) ) ;
#5148 = CARTESIAN_POINT ( 'NONE',  ( 7.629252907546902662, 22.67335363560524186, -2.000000000000000000 ) ) ;
#5149 = CARTESIAN_POINT ( 'NONE',  ( 2.463801941912914018, 23.38577358155836450, -2.000000000000000000 ) ) ;
#5150 = CARTESIAN_POINT ( 'NONE',  ( 18.25928954266904825, -15.16201400375273067, 2.099999999999999645 ) ) ;
#5151 = CARTESIAN_POINT ( 'NONE',  ( 24.45163473737931881, -4.792937194118069399, -2.000000000000000000 ) ) ;
#5152 = CARTESIAN_POINT ( 'NONE',  ( 1.379935885169537357, 26.52839079975560566, 2.099999999999999645 ) ) ;
#5153 = VERTEX_POINT ( 'NONE', #1356 ) ;
#5154 = CARTESIAN_POINT ( 'NONE',  ( -7.605017794998031100, -22.88729425358476988, 2.099999999999999645 ) ) ;
#5155 = CARTESIAN_POINT ( 'NONE',  ( -22.73975435582775617, 5.989014764842353067, 2.100000000000000089 ) ) ;
#5156 = CARTESIAN_POINT ( 'NONE',  ( -19.55560045884524811, -15.67357176803118790, -2.000000000000000000 ) ) ;
#5157 = CARTESIAN_POINT ( 'NONE',  ( -17.42017265760605227, 16.82633584436268848, 2.100000000000000089 ) ) ;
#5158 = CARTESIAN_POINT ( 'NONE',  ( -12.84317218923418835, -20.29695877980780594, 2.100000000000000089 ) ) ;
#5159 = EDGE_LOOP ( 'NONE', ( #3598, #6856, #742, #5262 ) ) ;
#5160 = CARTESIAN_POINT ( 'NONE',  ( -7.688595528318266759, 23.56854007989867128, -2.000000000000000000 ) ) ;
#5161 = EDGE_CURVE ( 'NONE', #2798, #7752, #1335, .T. ) ;
#5162 = CARTESIAN_POINT ( 'NONE',  ( 14.88619985382990407, -19.57897187542434736, -2.000000000000000000 ) ) ;
#5163 = CARTESIAN_POINT ( 'NONE',  ( -26.28829541374621570, 9.090474067310882589, -2.000000000000000000 ) ) ;
#5164 = CARTESIAN_POINT ( 'NONE',  ( 11.33585971340118093, 24.33300811744741310, 2.100000000000000089 ) ) ;
#5165 = CARTESIAN_POINT ( 'NONE',  ( 24.15260079455800479, 7.275001489028714907, 2.099999999999999645 ) ) ;
#5166 = CARTESIAN_POINT ( 'NONE',  ( 0.000000000000000000, 0.000000000000000000, 2.100000000000000089 ) ) ;
#5167 = DIRECTION ( 'NONE',  ( -0.000000000000000000, -0.000000000000000000, 1.000000000000000000 ) ) ;
#5168 = CARTESIAN_POINT ( 'NONE',  ( -18.01951879739596052, 21.43121365581736271, 2.100000000000000089 ) ) ;
#5169 = CARTESIAN_POINT ( 'NONE',  ( 12.95267602360809889, -19.68627963667922387, 2.100000000000000089 ) ) ;
#5170 = CARTESIAN_POINT ( 'NONE',  ( -15.23641901094385886, 19.89808777236047632, 2.099999999999999645 ) ) ;
#5171 = ORIENTED_EDGE ( 'NONE', *, *, #6134, .F. ) ;
#5172 = CARTESIAN_POINT ( 'NONE',  ( -23.00007343659231651, -5.130111501463104240, 2.100000000000000089 ) ) ;
#5173 = CARTESIAN_POINT ( 'NONE',  ( 21.04854468720649052, 16.20550857031053127, 2.099999999999999645 ) ) ;
#5174 = CARTESIAN_POINT ( 'NONE',  ( 27.99999957948218920, 0.000000000000000000, 0.000000000000000000 ) ) ;
#5175 = CARTESIAN_POINT ( 'NONE',  ( -17.51903422860500115, 16.98989084997259269, -2.000000000000000000 ) ) ;
#5176 = FACE_OUTER_BOUND ( 'NONE', #5243, .T. ) ;
#5177 = CARTESIAN_POINT ( 'NONE',  ( 9.673488752447894967, 22.40527988562696393, -2.000000000000000000 ) ) ;
#5178 = CARTESIAN_POINT ( 'NONE',  ( 9.121658707306945502, -21.91081161619598205, 2.100000000000000089 ) ) ;
#5179 = CARTESIAN_POINT ( 'NONE',  ( 12.86131782747429497, 20.40223119301177945, 2.099999999999999645 ) ) ;
#5180 = CARTESIAN_POINT ( 'NONE',  ( -14.84924240491749892, 14.84924240491749536, 2.100000000000001865 ) ) ;
#5181 = CARTESIAN_POINT ( 'NONE',  ( 24.31514428139131923, -10.69735948946558679, -2.000000000000000000 ) ) ;
#5182 = CARTESIAN_POINT ( 'NONE',  ( -5.855490417686939786, 27.19235970822077419, 2.099999999999999645 ) ) ;
#5183 = FACE_OUTER_BOUND ( 'NONE', #5910, .T. ) ;
#5184 = DIRECTION ( 'NONE',  ( 0.000000000000000000, 0.000000000000000000, -1.000000000000000000 ) ) ;
#5185 = CARTESIAN_POINT ( 'NONE',  ( -9.673488752447902073, 22.40527988562695327, -2.000000000000000000 ) ) ;
#5186 = CARTESIAN_POINT ( 'NONE',  ( -4.030460310774755861, -24.06924055886029734, 2.100000000000000089 ) ) ;
#5187 = CARTESIAN_POINT ( 'NONE',  ( 8.843531895616187910, 21.84292484346595842, -2.000000000000000000 ) ) ;
#5188 = CARTESIAN_POINT ( 'NONE',  ( 5.008822010445473261, 26.08776424953686757, -2.000000000000000000 ) ) ;
#5189 = CARTESIAN_POINT ( 'NONE',  ( 20.07157227525354060, -15.89590000543996950, -2.000000000000000000 ) ) ;
#5190 = CARTESIAN_POINT ( 'NONE',  ( 9.324636732261668115, -22.03037936177865319, -2.000000000000000000 ) ) ;
#5191 = CARTESIAN_POINT ( 'NONE',  ( 3.025165651672243605, 23.29855380546641541, -2.000000000000000000 ) ) ;
#5192 = ORIENTED_EDGE ( 'NONE', *, *, #5481, .F. ) ;
#5193 = CIRCLE ( 'NONE', #801, 1.750000000000003331 ) ;
#5194 = CARTESIAN_POINT ( 'NONE',  ( -7.705310163655072486, -23.69563005194943628, -2.000000000000000000 ) ) ;
#5195 = CARTESIAN_POINT ( 'NONE',  ( 3.846120836016039490, -23.70909028424117082, 2.099999999999999645 ) ) ;
#5196 = CARTESIAN_POINT ( 'NONE',  ( 24.09676835437406339, -1.005131229266920112, -2.000000000000000000 ) ) ;
#5197 = PLANE ( 'NONE',  #4560 ) ;
#5198 = CIRCLE ( 'NONE', #7273, 1.749999999999996447 ) ;
#5199 = CARTESIAN_POINT ( 'NONE',  ( -19.70744990308224232, -15.74452889495768915, -2.000000000000000000 ) ) ;
#5200 = CARTESIAN_POINT ( 'NONE',  ( -17.37016481680592861, 16.73146461459391787, 2.100000000000000089 ) ) ;
#5201 = CARTESIAN_POINT ( 'NONE',  ( -13.15214330072518045, -21.16307668733837133, 2.100000000000000089 ) ) ;
#5202 = ORIENTED_EDGE ( 'NONE', *, *, #5892, .F. ) ;
#5203 = CIRCLE ( 'NONE', #2893, 27.99999957948219276 ) ;
#5204 = CARTESIAN_POINT ( 'NONE',  ( -21.69704443755540169, -10.30300297322495418, 2.099999999999999645 ) ) ;
#5205 = VECTOR ( 'NONE', #908, 1000.000000000000000 ) ;
#5206 = CARTESIAN_POINT ( 'NONE',  ( 15.68419099428257013, -20.23743569325269931, 2.099999999999999645 ) ) ;
#5207 = CARTESIAN_POINT ( 'NONE',  ( -13.58617081224543632, -23.15195374360798652, 2.099999999999999645 ) ) ;
#5208 = CARTESIAN_POINT ( 'NONE',  ( -27.69932686560987989, 4.092342562537318429, 2.099999999999999645 ) ) ;
#5209 = CARTESIAN_POINT ( 'NONE',  ( -17.32735312033766562, 16.63359376186218341, -2.000000000000000000 ) ) ;
#5210 = FACE_OUTER_BOUND ( 'NONE', #5743, .T. ) ;
#5211 = CARTESIAN_POINT ( 'NONE',  ( -14.75432918952970596, 19.43920578531971799, 2.100000000000000089 ) ) ;
#5212 = CARTESIAN_POINT ( 'NONE',  ( 26.77150907641003741, 1.970609361940795390, -2.000000000000000000 ) ) ;
#5213 = CARTESIAN_POINT ( 'NONE',  ( -12.94401591853666211, 20.68877481383771411, 2.099999999999999645 ) ) ;
#5214 = VERTEX_POINT ( 'NONE', #4427 ) ;
#5215 = CARTESIAN_POINT ( 'NONE',  ( 24.32345666766048353, -4.791663430616639907, 2.099999999999999645 ) ) ;
#5216 = FACE_OUTER_BOUND ( 'NONE', #3834, .T. ) ;
#5217 = ADVANCED_FACE ( 'NONE', ( #2614 ), #4273, .F. ) ;
#5218 = CIRCLE ( 'NONE', #807, 1.749999999999996447 ) ;
#5219 = FACE_OUTER_BOUND ( 'NONE', #6376, .T. ) ;
#5220 = CARTESIAN_POINT ( 'NONE',  ( -20.28441937235457004, 15.97411852388379216, -2.000000000000000000 ) ) ;
#5221 = CARTESIAN_POINT ( 'NONE',  ( -26.42834229636214616, -9.248929663334820361, 2.100000000000000089 ) ) ;
#5222 = CARTESIAN_POINT ( 'NONE',  ( 8.686322604036279316, 21.85205998608588018, -2.000000000000000000 ) ) ;
#5223 = CARTESIAN_POINT ( 'NONE',  ( 7.733573568718056457, -24.87706067138158872, 2.100000000000000089 ) ) ;
#5224 = CARTESIAN_POINT ( 'NONE',  ( 12.95267602360809178, 19.68627963667923098, 2.099999999999999645 ) ) ;
#5225 = CARTESIAN_POINT ( 'NONE',  ( 22.73828148979404062, -10.53816474365923028, -2.000000000000000000 ) ) ;
#5226 = CARTESIAN_POINT ( 'NONE',  ( -4.310684217927251538, 24.85340566964549325, -2.000000000000000000 ) ) ;
#5227 = DIRECTION ( 'NONE',  ( -0.000000000000000000, -0.000000000000000000, 1.000000000000000000 ) ) ;
#5228 = CARTESIAN_POINT ( 'NONE',  ( 13.61524630358645993, 23.47600944080825514, -2.000000000000000000 ) ) ;
#5229 = CARTESIAN_POINT ( 'NONE',  ( -11.10648537714067707, 24.13101166629979488, 2.099999999999999645 ) ) ;
#5230 = CARTESIAN_POINT ( 'NONE',  ( -12.36707919775610165, 25.12081464776632345, -2.000000000000000000 ) ) ;
#5231 = CARTESIAN_POINT ( 'NONE',  ( -18.80342269287539736, -15.26496932198517875, -2.000000000000000000 ) ) ;
#5232 = CARTESIAN_POINT ( 'NONE',  ( -22.62472946281696196, -16.49610842548438683, 2.100000000000000089 ) ) ;
#5233 = CARTESIAN_POINT ( 'NONE',  ( 7.741715957670631809, -24.19699765967529004, -2.000000000000000000 ) ) ;
#5234 = ORIENTED_EDGE ( 'NONE', *, *, #3847, .T. ) ;
#5235 = CARTESIAN_POINT ( 'NONE',  ( -7.768531058981738013, -22.33132486425838437, 2.099999999999999645 ) ) ;
#5236 = B_SPLINE_CURVE_WITH_KNOTS ( 'NONE', 3,
 ( #1914, #5596, #7458, #3247, #2533, #6316, #5066, #4988, #6891, #127, #6973, #3860, #2649, #2689, #815, #6806, #1350, #3774, #6277, #731, #5106, #7542, #3205, #7622, #1998, #4463, #3170, #692, #2076, #7583, #3733, #2038, #4381, #645, #4500, #3124, #52, #1426, #6847, #1308, #7499, #5675, #6358, #5636, #6933, #3901, #3287, #1267, #5143, #91, #2572, #4582, #855, #3324, #2728 ),
 .UNSPECIFIED., .F., .F.,
 ( 4, 1, 1, 1, 1, 1, 1, 1, 1, 1, 1, 1, 1, 1, 1, 1, 1, 1, 1, 1, 1, 1, 1, 1, 1, 1, 1, 1, 1, 1, 1, 1, 1, 1, 1, 1, 1, 1, 1, 1, 1, 1, 1, 1, 1, 1, 1, 1, 1, 1, 1, 1, 4 ),
 ( 0.01037070964479204667, 0.06767854499841075011, 0.09884629602760430789, 0.1282330327458526265, 0.1558387551553858108, 0.1816634632588949305, 0.2057071570596704646, 0.2279698365617907063, 0.2484515017704002349, 0.2671521526921107892, 0.2840717893356240475, 0.2992104117127127871, 0.3125680198398574916, 0.3241446137411457817, 0.3339401934538051009, 0.3662021699428081867, 0.3760430630535980256, 0.3856763336118157470, 0.3952492422856400678, 0.4049624801021076692, 0.4150869914083017420, 0.4259748013331248195, 0.4380386266454291411, 0.4516469595390834035, 0.4668849008038628012, 0.4803437228220500677, 0.5000000000000002220, 0.5196562771779504875, 0.5331150991961376429, 0.5483530404609170406, 0.5619613733545713030, 0.5740251986668756246, 0.5849130085916987021, 0.5950375198978927749, 0.6047507577143602653, 0.6143236663881848081, 0.6239569369464024184, 0.6337978300571922574, 0.6660598065461953432, 0.6758553862588546624, 0.6874319801601429525, 0.7007895882872876570, 0.7159282106643762855, 0.7328478473078895439, 0.7515484982296001260, 0.7720301634382096267, 0.7942928429403297574, 0.8183365367411052915, 0.8441612448446143002, 0.8717669672541474846, 0.9011537039723958031, 0.9323214550015893609, 0.9896292903552007525 ),
 .UNSPECIFIED. ) ;
#5237 = CARTESIAN_POINT ( 'NONE',  ( 3.499191490208542366, -23.38362255772746323, -2.000000000000000000 ) ) ;
#5238 = CARTESIAN_POINT ( 'NONE',  ( 26.24483786523219209, -1.701370919965213169, -2.000000000000000000 ) ) ;
#5239 = CARTESIAN_POINT ( 'NONE',  ( -12.36707919775608566, -25.12081464776633055, -2.000000000000000000 ) ) ;
#5240 = CARTESIAN_POINT ( 'NONE',  ( -23.81253063529220171, -0.8410884408854227834, 2.099999999999999645 ) ) ;
#5241 = CARTESIAN_POINT ( 'NONE',  ( -13.09924240491750069, 14.84924240491749536, 2.100000000000001865 ) ) ;
#5242 = CARTESIAN_POINT ( 'NONE',  ( -17.12241726305228084, -21.05518411798322020, 2.100000000000000089 ) ) ;
#5243 = EDGE_LOOP ( 'NONE', ( #4231, #6497 ) ) ;
#5244 = ADVANCED_FACE ( 'NONE', ( #6065 ), #502, .F. ) ;
#5245 = CARTESIAN_POINT ( 'NONE',  ( -20.71178771499497628, -11.09036006156943088, 2.099999999999999645 ) ) ;
#5246 = CARTESIAN_POINT ( 'NONE',  ( 12.94401591853666211, -20.68877481383771411, -2.000000000000000000 ) ) ;
#5247 = CARTESIAN_POINT ( 'NONE',  ( -13.15214330072518045, -21.16307668733837133, 2.099999999999999645 ) ) ;
#5248 = CARTESIAN_POINT ( 'NONE',  ( -25.62785817443976910, 4.678588802317960926, 2.099999999999999645 ) ) ;
#5249 = CARTESIAN_POINT ( 'NONE',  ( -18.09985454995501897, 17.82762258356554241, -2.000000000000000000 ) ) ;
#5250 = DIRECTION ( 'NONE',  ( -0.3546048870425357880, 0.9350162426854148334, 0.000000000000000000 ) ) ;
#5251 = CARTESIAN_POINT ( 'NONE',  ( -14.32589460713082730, 19.15868494228939056, 2.100000000000000089 ) ) ;
#5252 = CARTESIAN_POINT ( 'NONE',  ( 23.55944914529948520, -0.5232380683118309506, -2.000000000000000000 ) ) ;
#5253 = EDGE_LOOP ( 'NONE', ( #1555, #931 ) ) ;
#5254 = CARTESIAN_POINT ( 'NONE',  ( 23.10489730742584413, -5.020145956116670583, -2.000000000000000000 ) ) ;
#5255 = CARTESIAN_POINT ( 'NONE',  ( 20.77276083323510036, 16.13005223007173683, 2.099999999999999645 ) ) ;
#5256 = FACE_OUTER_BOUND ( 'NONE', #7561, .T. ) ;
#5257 = CARTESIAN_POINT ( 'NONE',  ( -17.37016481680592861, 16.73146461459391787, 2.099999999999999645 ) ) ;
#5258 = CARTESIAN_POINT ( 'NONE',  ( -21.48061666422703553, 12.62686802027752542, 2.099999999999999645 ) ) ;
#5259 = CARTESIAN_POINT ( 'NONE',  ( 7.629252907546902662, 22.67335363560524186, 2.099999999999999645 ) ) ;
#5260 = CARTESIAN_POINT ( 'NONE',  ( 7.605208680130572496, -22.99453835804834512, 2.100000000000000089 ) ) ;
#5261 = CARTESIAN_POINT ( 'NONE',  ( 16.30896799194538360, 20.63258928533522152, -2.000000000000000000 ) ) ;
#5262 = ORIENTED_EDGE ( 'NONE', *, *, #6903, .F. ) ;
#5263 = CARTESIAN_POINT ( 'NONE',  ( -27.19385050690373973, -4.276646238553113655, -2.000000000000000000 ) ) ;
#5264 = CARTESIAN_POINT ( 'NONE',  ( 7.523321135851444019, -26.48008397887759813, -2.000000000000000000 ) ) ;
#5265 = CARTESIAN_POINT ( 'NONE',  ( -13.50856635788135840, 22.56556696682679686, -2.000000000000000000 ) ) ;
#5266 = CARTESIAN_POINT ( 'NONE',  ( 0.9676082089449634660, -27.51106945928309599, 2.100000000000000089 ) ) ;
#5267 = CARTESIAN_POINT ( 'NONE',  ( -3.952016953262624366, -23.89496924813285261, 2.100000000000000089 ) ) ;
#5268 = CARTESIAN_POINT ( 'NONE',  ( 12.36707919775609277, 25.12081464776632700, -2.000000000000000000 ) ) ;
#5269 = DIRECTION ( 'NONE',  ( 0.000000000000000000, 0.000000000000000000, -1.000000000000000000 ) ) ;
#5270 = CARTESIAN_POINT ( 'NONE',  ( 7.733032203436371432, -24.00987265162541462, -2.000000000000000000 ) ) ;
#5271 = VERTEX_POINT ( 'NONE', #7362 ) ;
#5272 = ADVANCED_FACE ( 'NONE', ( #2991 ), #3717, .F. ) ;
#5273 = CARTESIAN_POINT ( 'NONE',  ( -9.408316245588473237, -22.09971024729809130, 2.099999999999999645 ) ) ;
#5274 = CARTESIAN_POINT ( 'NONE',  ( 21.58955567576248669, -12.72687891813089145, 2.100000000000000089 ) ) ;
#5275 = CARTESIAN_POINT ( 'NONE',  ( -7.741715957670622039, -24.19699765967529359, -2.000000000000000000 ) ) ;
#5276 = CARTESIAN_POINT ( 'NONE',  ( -23.55944914529948520, -0.5232380683118340592, -2.000000000000000000 ) ) ;
#5277 = LINE ( 'NONE', #7759, #7282 ) ;
#5278 = CARTESIAN_POINT ( 'NONE',  ( -2.638449045045063723, -23.34550970278806759, 2.099999999999999645 ) ) ;
#5279 = ORIENTED_EDGE ( 'NONE', *, *, #865, .F. ) ;
#5280 = CARTESIAN_POINT ( 'NONE',  ( -22.73828148979403707, -10.53816474365923384, -2.000000000000000000 ) ) ;
#5281 = EDGE_CURVE ( 'NONE', #4802, #3761, #2518, .T. ) ;
#5282 = CARTESIAN_POINT ( 'NONE',  ( 13.10549974122803008, -21.04367979295773239, 2.099999999999999645 ) ) ;
#5283 = CARTESIAN_POINT ( 'NONE',  ( -14.32589460713082019, -19.15868494228939056, 2.099999999999999645 ) ) ;
#5284 = B_SPLINE_CURVE_WITH_KNOTS ( 'NONE', 3,
 ( #6928, #2645, #5790, #3769, #6236, #688, #2568, #7494, #5102, #6885, #1346, #3813, #3202, #5671, #2273, #4097, #240, #928, #1543, #1625, #5916, #5300, #5178, #7778, #889, #2117, #5951, #7655, #7056, #6555, #4578, #1505, #6473, #5833, #7816, #280, #2806, #5260, #3405, #2724, #2232, #3482, #360, #5878, #322, #394, #972, #5223, #3978, #1583, #3447, #6435, #4697, #1011, #3359 ),
 .UNSPECIFIED., .F., .F.,
 ( 4, 1, 1, 1, 1, 1, 1, 1, 1, 1, 1, 1, 1, 1, 1, 1, 1, 1, 1, 1, 1, 1, 1, 1, 1, 1, 1, 1, 1, 1, 1, 1, 1, 1, 1, 1, 1, 1, 1, 1, 1, 1, 1, 1, 1, 1, 1, 1, 1, 1, 1, 1, 4 ),
 ( 0.01037070964479216116, 0.06767854499841075011, 0.09884629602760430789, 0.1282330327458526265, 0.1558387551553858108, 0.1816634632588949305, 0.2057071570596704646, 0.2279698365617907063, 0.2484515017704002071, 0.2671521526921107892, 0.2840717893356240475, 0.2992104117127127871, 0.3125680198398574916, 0.3241446137411457817, 0.3339401934538051009, 0.3662021699428081867, 0.3760430630535980256, 0.3856763336118157470, 0.3952492422856400678, 0.4049624801021076692, 0.4150869914083017420, 0.4259748013331248195, 0.4380386266454291411, 0.4516469595390834035, 0.4668849008038628012, 0.4803437228220500677, 0.5000000000000002220, 0.5196562771779504875, 0.5331150991961376429, 0.5483530404609170406, 0.5619613733545713030, 0.5740251986668756246, 0.5849130085916987021, 0.5950375198978927749, 0.6047507577143603763, 0.6143236663881848081, 0.6239569369464024184, 0.6337978300571922574, 0.6660598065461953432, 0.6758553862588546624, 0.6874319801601429525, 0.7007895882872876570, 0.7159282106643762855, 0.7328478473078895439, 0.7515484982296001260, 0.7720301634382096267, 0.7942928429403297574, 0.8183365367411052915, 0.8441612448446143002, 0.8717669672541474846, 0.9011537039723958031, 0.9323214550015893609, 0.9896292903552001974 ),
 .UNSPECIFIED. ) ;
#5285 = CARTESIAN_POINT ( 'NONE',  ( -24.76692767734244427, 4.782579349257304102, 2.099999999999999645 ) ) ;
#5286 = EDGE_CURVE ( 'NONE', #4252, #3700, #1469, .T. ) ;
#5287 = CARTESIAN_POINT ( 'NONE',  ( 24.12574046566791708, 4.783694468719428272, -2.000000000000000000 ) ) ;
#5288 = CARTESIAN_POINT ( 'NONE',  ( -18.38167992440538256, 15.16106487615012099, -2.000000000000000000 ) ) ;
#5289 = CARTESIAN_POINT ( 'NONE',  ( -10.89735721165043536, 23.93603524774559332, 2.100000000000000089 ) ) ;
#5290 = DIRECTION ( 'NONE',  ( -0.000000000000000000, -0.000000000000000000, -1.000000000000000000 ) ) ;
#5291 = EDGE_CURVE ( 'NONE', #2638, #5271, #6630, .T. ) ;
#5292 = CARTESIAN_POINT ( 'NONE',  ( 26.24483786523220274, 1.701370919965213835, -2.000000000000000000 ) ) ;
#5293 = CARTESIAN_POINT ( 'NONE',  ( -13.50856635788135840, 22.56556696682679686, -2.000000000000000000 ) ) ;
#5294 = ORIENTED_EDGE ( 'NONE', *, *, #2680, .T. ) ;
#5295 = CARTESIAN_POINT ( 'NONE',  ( 24.12574046566792063, -4.783694468719406068, -2.000000000000000000 ) ) ;
#5296 = CARTESIAN_POINT ( 'NONE',  ( -23.34891248594836810, 15.11752229210746279, -2.000000000000000000 ) ) ;
#5297 = DIRECTION ( 'NONE',  ( 0.1205366802553228811, 0.9927088740980539727, 0.000000000000000000 ) ) ;
#5298 = DIRECTION ( 'NONE',  ( 1.000000000000000000, 0.000000000000000000, 0.000000000000000000 ) ) ;
#5299 = CARTESIAN_POINT ( 'NONE',  ( 9.768079280210443471, 22.57254334279472374, 2.099999999999999645 ) ) ;
#5300 = CARTESIAN_POINT ( 'NONE',  ( 9.230471089887533509, -21.96684885186929392, 2.100000000000000089 ) ) ;
#5301 = CARTESIAN_POINT ( 'NONE',  ( 14.75432918952970063, 19.43920578531972865, -2.000000000000000000 ) ) ;
#5302 = VERTEX_POINT ( 'NONE', #6791 ) ;
#5303 = CARTESIAN_POINT ( 'NONE',  ( -26.46517536639175106, -4.493494443281870865, 2.099999999999999645 ) ) ;
#5304 = CARTESIAN_POINT ( 'NONE',  ( -3.846120836016047928, 23.70909028424117082, -2.000000000000000000 ) ) ;
#5305 = CARTESIAN_POINT ( 'NONE',  ( 26.28829541374616596, 9.090474067310877260, -2.000000000000000000 ) ) ;
#5306 = CARTESIAN_POINT ( 'NONE',  ( -13.55023046621763783, 22.84843530275376011, -2.000000000000000000 ) ) ;
#5307 = CARTESIAN_POINT ( 'NONE',  ( -11.58603556222320563, 24.54102139527086379, 2.099999999999999645 ) ) ;
#5308 = CARTESIAN_POINT ( 'NONE',  ( -4.244076555440668308, -24.69959869036684452, 2.100000000000000089 ) ) ;
#5309 = CARTESIAN_POINT ( 'NONE',  ( -17.59296804644543855, -15.58600964088961049, -2.000000000000000000 ) ) ;
#5310 = DIRECTION ( 'NONE',  ( 0.000000000000000000, 0.000000000000000000, -1.000000000000000000 ) ) ;
#5311 = AXIS2_PLACEMENT_3D ( 'NONE', #1756, #3614, #59 ) ;
#5312 = CARTESIAN_POINT ( 'NONE',  ( 9.484645845787897045, -22.17444536155052859, -2.000000000000000000 ) ) ;
#5313 = EDGE_CURVE ( 'NONE', #6784, #4312, #5457, .T. ) ;
#5314 = ORIENTED_EDGE ( 'NONE', *, *, #4651, .T. ) ;
#5315 = CARTESIAN_POINT ( 'NONE',  ( -10.53741832910564646, -23.57101921525815769, -2.000000000000000000 ) ) ;
#5316 = CARTESIAN_POINT ( 'NONE',  ( 4.310684217927242656, -24.85340566964549325, 2.099999999999999645 ) ) ;
#5317 = CARTESIAN_POINT ( 'NONE',  ( 24.19711102278062143, -1.042982032116798852, -2.000000000000000000 ) ) ;
#5318 = CARTESIAN_POINT ( 'NONE',  ( -9.324636732261659233, -22.03037936177865674, -2.000000000000000000 ) ) ;
#5319 = CARTESIAN_POINT ( 'NONE',  ( -24.76338133992250690, -1.168557790373924821, -2.000000000000000000 ) ) ;
#5320 = CARTESIAN_POINT ( 'NONE',  ( 22.76403769146249090, -5.811439118492621958, 2.100000000000000089 ) ) ;
#5321 = CARTESIAN_POINT ( 'NONE',  ( -1.379935885169552234, -26.52839079975560210, 2.099999999999999645 ) ) ;
#5322 = AXIS2_PLACEMENT_3D ( 'NONE', #3413, #2693, #5886 ) ;
#5323 = ORIENTED_EDGE ( 'NONE', *, *, #3361, .T. ) ;
#5324 = CARTESIAN_POINT ( 'NONE',  ( -21.69704443755540169, -10.30300297322495418, -2.000000000000000000 ) ) ;
#5325 = CARTESIAN_POINT ( 'NONE',  ( 13.41263264250317455, -22.06199033373686547, 2.099999999999999645 ) ) ;
#5326 = CARTESIAN_POINT ( 'NONE',  ( -14.42373451280541197, -19.20597537996032145, 2.099999999999999645 ) ) ;
#5327 = CARTESIAN_POINT ( 'NONE',  ( -23.15601641226234619, 6.742658068406526262, -2.000000000000000000 ) ) ;
#5328 = CARTESIAN_POINT ( 'NONE',  ( 26.46517536639174750, 4.493494443281885964, -2.000000000000000000 ) ) ;
#5329 = CARTESIAN_POINT ( 'NONE',  ( -17.28752988749540975, 16.01445386190350817, -2.000000000000000000 ) ) ;
#5330 = CARTESIAN_POINT ( 'NONE',  ( 17.42017265760604516, -16.82633584436268848, 2.100000000000000089 ) ) ;
#5331 = B_SPLINE_CURVE_WITH_KNOTS ( 'NONE', 3,
 ( #4328, #6919, #3107, #3231, #5051, #628, #1413, #5577, #717, #37, #798, #7525, #1942, #6792, #2519, #3888, #3804, #5700, #7569, #1984, #4449, #1375, #3844, #6303, #759, #154, #5093, #2025, #1618, #2835, #5169, #6427, #7610, #3476, #5781, #6465, #388, #7164, #4643, #2871, #3394, #7048, #3930, #3350, #5943, #1454, #7004, #4047, #964, #5867, #2104, #7730, #6547, #2716, #5823 ),
 .UNSPECIFIED., .F., .F.,
 ( 4, 1, 1, 1, 1, 1, 1, 1, 1, 1, 1, 1, 1, 1, 1, 1, 1, 1, 1, 1, 1, 1, 1, 1, 1, 1, 1, 1, 1, 1, 1, 1, 1, 1, 1, 1, 1, 1, 1, 1, 1, 1, 1, 1, 1, 1, 1, 1, 1, 1, 1, 1, 4 ),
 ( 0.01037070964479203279, 0.06767854499841075011, 0.09884629602760430789, 0.1282330327458526265, 0.1558387551553858108, 0.1816634632588949305, 0.2057071570596704646, 0.2279698365617907063, 0.2484515017704002071, 0.2671521526921107892, 0.2840717893356240475, 0.2992104117127127871, 0.3125680198398574916, 0.3241446137411457817, 0.3339401934538051009, 0.3662021699428081312, 0.3760430630535980256, 0.3856763336118157470, 0.3952492422856400678, 0.4049624801021076692, 0.4150869914083017420, 0.4259748013331248195, 0.4380386266454291411, 0.4516469595390834035, 0.4668849008038628012, 0.4803437228220500677, 0.5000000000000002220, 0.5196562771779504875, 0.5331150991961376429, 0.5483530404609170406, 0.5619613733545713030, 0.5740251986668756246, 0.5849130085916987021, 0.5950375198978927749, 0.6047507577143603763, 0.6143236663881848081, 0.6239569369464024184, 0.6337978300571922574, 0.6660598065461953432, 0.6758553862588546624, 0.6874319801601429525, 0.7007895882872876570, 0.7159282106643762855, 0.7328478473078895439, 0.7515484982296001260, 0.7720301634382096267, 0.7942928429403297574, 0.8183365367411052915, 0.8441612448446143002, 0.8717669672541474846, 0.9011537039723958031, 0.9323214550015893609, 0.9896292903552005304 ),
 .UNSPECIFIED. ) ;
#5332 = CARTESIAN_POINT ( 'NONE',  ( -13.66345410753368483, 19.13830577319235360, 2.100000000000000089 ) ) ;
#5333 = ORIENTED_EDGE ( 'NONE', *, *, #4378, .F. ) ;
#5334 = AXIS2_PLACEMENT_3D ( 'NONE', #7046, #1495, #5250 ) ;
#5335 = CARTESIAN_POINT ( 'NONE',  ( 23.32186741149924103, -4.882063647943439832, 2.099999999999999645 ) ) ;
#5336 = CARTESIAN_POINT ( 'NONE',  ( 23.51784779677758408, 10.65556037457647776, -2.000000000000000000 ) ) ;
#5337 = CARTESIAN_POINT ( 'NONE',  ( 24.19711102278062143, 1.042982032116798852, -2.000000000000000000 ) ) ;
#5338 = LINE ( 'NONE', #6516, #1699 ) ;
#5339 = CARTESIAN_POINT ( 'NONE',  ( 25.91507308940461485, 10.60230933437670764, 2.100000000000000089 ) ) ;
#5340 = CIRCLE ( 'NONE', #5989, 27.99999957948219276 ) ;
#5341 = FILL_AREA_STYLE_COLOUR ( '', #2233 ) ;
#5342 = CARTESIAN_POINT ( 'NONE',  ( 13.64872344093925527, 24.44815585854593820, -2.000000000000000000 ) ) ;
#5343 = CARTESIAN_POINT ( 'NONE',  ( 17.59296804644544565, -15.58600964088959984, -2.000000000000000000 ) ) ;
#5344 = CARTESIAN_POINT ( 'NONE',  ( 13.96529143882090196, 19.07901412642182848, 2.099999999999999645 ) ) ;
#5345 = VERTEX_POINT ( 'NONE', #5012 ) ;
#5346 = DIRECTION ( 'NONE',  ( -0.000000000000000000, -0.000000000000000000, 1.000000000000000000 ) ) ;
#5347 = CARTESIAN_POINT ( 'NONE',  ( -4.144933467011490791, 24.44197433207706638, 2.099999999999999645 ) ) ;
#5348 = CARTESIAN_POINT ( 'NONE',  ( 22.76403769146248379, 5.811439118492644162, -2.000000000000000000 ) ) ;
#5349 = CARTESIAN_POINT ( 'NONE',  ( -13.66345410753368483, 19.13830577319235360, -2.000000000000000000 ) ) ;
#5350 = CARTESIAN_POINT ( 'NONE',  ( -10.13323285654344375, 23.09959661296538513, -2.000000000000000000 ) ) ;
#5351 = CARTESIAN_POINT ( 'NONE',  ( -1.379935885169571108, 26.52839079975561276, 2.100000000000000089 ) ) ;
#5352 = CARTESIAN_POINT ( 'NONE',  ( -17.32735312033765496, -16.63359376186219762, -2.000000000000000000 ) ) ;
#5353 = PLANE ( 'NONE',  #7656 ) ;
#5354 = CARTESIAN_POINT ( 'NONE',  ( 0.7237198720499520288, 27.99064497287975684, 2.100000000000000089 ) ) ;
#5355 = CARTESIAN_POINT ( 'NONE',  ( -7.768531058981738013, -22.33132486425838437, 2.100000000000000089 ) ) ;
#5356 = CARTESIAN_POINT ( 'NONE',  ( 5.855490417686929128, -27.19235970822077419, -2.000000000000000000 ) ) ;
#5357 = LINE ( 'NONE', #7833, #4069 ) ;
#5358 = CARTESIAN_POINT ( 'NONE',  ( -7.629252907546902662, -22.67335363560524897, -2.000000000000000000 ) ) ;
#5359 = CARTESIAN_POINT ( 'NONE',  ( -25.03107770533010523, -1.235924829161916927, -2.000000000000000000 ) ) ;
#5360 = CARTESIAN_POINT ( 'NONE',  ( 24.12574046566792063, -4.783694468719406068, 2.100000000000000089 ) ) ;
#5361 = DIRECTION ( 'NONE',  ( -0.000000000000000000, -0.000000000000000000, -1.000000000000000000 ) ) ;
#5362 = ORIENTED_EDGE ( 'NONE', *, *, #5892, .T. ) ;
#5363 = CARTESIAN_POINT ( 'NONE',  ( -23.51784779677758763, -10.65556037457646354, 2.099999999999999645 ) ) ;
#5364 = CARTESIAN_POINT ( 'NONE',  ( 12.83485696772680562, -20.07512121109397896, -2.000000000000000000 ) ) ;
#5366 = CARTESIAN_POINT ( 'NONE',  ( -12.94401591853665145, -20.68877481383770700, -2.000000000000000000 ) ) ;
#5365 = B_SPLINE_SURFACE_WITH_KNOTS ( 'NONE', 3, 1, ( 
 ( #6079, #1877 ),
 ( #2969, #7982 ),
 ( #4305, #7945 ),
 ( #647, #7378 ),
 ( #3694, #1183 ),
 ( #2492, #4190 ),
 ( #6042, #4344 ),
 ( #3610, #7302 ),
 ( #6202, #3654 ),
 ( #6726, #1751 ),
 ( #4863, #7868 ),
 ( #5466, #2324 ),
 ( #1102, #6165 ),
 ( #3574, #4948 ),
 ( #6124, #5425 ),
 ( #3046, #518 ),
 ( #7905, #4786 ),
 ( #3006, #5508 ),
 ( #2449, #2405 ),
 ( #1831, #6769 ),
 ( #4224, #2364 ),
 ( #7339, #3084 ),
 ( #4825, #7420 ),
 ( #8, #1269 ),
 ( #3735, #1788 ),
 ( #6684, #129 ),
 ( #734, #54 ),
 ( #5757, #3207 ),
 ( #1916, #4383 ),
 ( #7460, #4990 ),
 ( #93, #209 ),
 ( #5677, #5108 ),
 ( #5598, #694 ),
 ( #2574, #7021 ),
 ( #5145, #2610 ),
 ( #3289, #6279 ),
 ( #2000, #2651 ),
 ( #4502, #1390 ),
 ( #7585, #7624 ),
 ( #2078, #7544 ),
 ( #5068, #6935 ),
 ( #6243, #2691 ),
 ( #6849, #3863 ),
 ( #1310, #1352 ),
 ( #3776, #3172 ),
 ( #6976, #2040 ),
 ( #5027, #5638 ),
 ( #3819, #4464 ),
 ( #1428, #6318 ),
 ( #6402, #774 ),
 ( #3249, #4540 ),
 ( #7501, #1474 ),
 ( #1958, #3903 ),
 ( #5718, #172 ),
 ( #3945, #4423 ) ),
 .UNSPECIFIED., .F., .F., .F.,
 ( 4, 1, 1, 1, 1, 1, 1, 1, 1, 1, 1, 1, 1, 1, 1, 1, 1, 1, 1, 1, 1, 1, 1, 1, 1, 1, 1, 1, 1, 1, 1, 1, 1, 1, 1, 1, 1, 1, 1, 1, 1, 1, 1, 1, 1, 1, 1, 1, 1, 1, 1, 1, 4 ),
 ( 2, 2 ),
 ( 0.01037070963360204462, 0.06767854499841075011, 0.09884629602760430789, 0.1282330327458526265, 0.1558387551553858108, 0.1816634632588949305, 0.2057071570596704646, 0.2279698365617907063, 0.2484515017704002071, 0.2671521526921107892, 0.2840717893356240475, 0.2992104117127127871, 0.3125680198398574916, 0.3241446137411457817, 0.3339401934538051009, 0.3662021699428081867, 0.3760430630535980256, 0.3856763336118157470, 0.3952492422856400678, 0.4049624801021076692, 0.4150869914083017420, 0.4259748013331248195, 0.4380386266454291411, 0.4516469595390834035, 0.4668849008038628012, 0.4803437228220500677, 0.5000000000000002220, 0.5196562771779504875, 0.5331150991961376429, 0.5483530404609170406, 0.5619613733545713030, 0.5740251986668756246, 0.5849130085916987021, 0.5950375198978927749, 0.6047507577143603763, 0.6143236663881848081, 0.6239569369464024184, 0.6337978300571922574, 0.6660598065461953432, 0.6758553862588546624, 0.6874319801601429525, 0.7007895882872876570, 0.7159282106643762855, 0.7328478473078895439, 0.7515484982296001260, 0.7720301634382096267, 0.7942928429403297574, 0.8183365367411052915, 0.8441612448446143002, 0.8717669672541474846, 0.9011537039723958031, 0.9323214550015893609, 0.9896292903664016816 ),
 ( 0.000000000000000000, 1.000000000000000000 ),
 .UNSPECIFIED. ) ;
#5367 = CARTESIAN_POINT ( 'NONE',  ( -24.31153459173803810, 7.374154019703423657, -2.000000000000000000 ) ) ;
#5368 = CARTESIAN_POINT ( 'NONE',  ( 26.77848301813144971, 4.405768766048617557, 2.099999999999999645 ) ) ;
#5369 = CARTESIAN_POINT ( 'NONE',  ( 18.83778878485559360, -19.53549755878801264, -2.000000000000000000 ) ) ;
#5370 = CARTESIAN_POINT ( 'NONE',  ( 24.31514428139131923, -10.69735948946558679, -2.000000000000000000 ) ) ;
#5371 = CARTESIAN_POINT ( 'NONE',  ( -0.7237198720500266358, 27.99064497287968223, 2.100000000000000089 ) ) ;
#5372 = VERTEX_POINT ( 'NONE', #5660 ) ;
#5373 = CARTESIAN_POINT ( 'NONE',  ( 22.99371384847795596, -6.601180838822651609, -2.000000000000000000 ) ) ;
#5374 = CARTESIAN_POINT ( 'NONE',  ( 25.38017819844204226, 10.66028906994772818, -2.000000000000000000 ) ) ;
#5375 = CARTESIAN_POINT ( 'NONE',  ( -26.50130185302208830, -1.827769560624226131, -2.000000000000000000 ) ) ;
#5376 = SURFACE_STYLE_FILL_AREA ( #6706 ) ;
#5377 = CARTESIAN_POINT ( 'NONE',  ( 18.00520414013333337, 17.66596715945037843, -2.000000000000000000 ) ) ;
#5378 = CARTESIAN_POINT ( 'NONE',  ( 19.70744990308224587, -15.74452889495767849, 2.099999999999999645 ) ) ;
#5379 = VERTEX_POINT ( 'NONE', #7483 ) ;
#5380 = CARTESIAN_POINT ( 'NONE',  ( 18.62447386782099912, 18.94171889292492850, -2.000000000000000000 ) ) ;
#5381 = CARTESIAN_POINT ( 'NONE',  ( -1.623578263684223977, 25.76808346599205279, 2.099999999999999645 ) ) ;
#5382 = CARTESIAN_POINT ( 'NONE',  ( 23.63710370791871185, 4.790810183414345502, -2.000000000000000000 ) ) ;
#5383 = CARTESIAN_POINT ( 'NONE',  ( 13.66345410753368128, 19.13830577319236426, -2.000000000000000000 ) ) ;
#5384 = CARTESIAN_POINT ( 'NONE',  ( -17.91646094264596201, 17.52377780514962069, -2.000000000000000000 ) ) ;
#5385 = CARTESIAN_POINT ( 'NONE',  ( -22.76403769146248735, -5.811439118492631728, -2.000000000000000000 ) ) ;
#5386 = CARTESIAN_POINT ( 'NONE',  ( -18.12539239010959236, -15.18249965295456683, -2.000000000000000000 ) ) ;
#5387 = CARTESIAN_POINT ( 'NONE',  ( 0.9676082089449252743, 27.51106945928312797, 2.100000000000000089 ) ) ;
#5388 = EDGE_CURVE ( 'NONE', #3826, #7638, #757, .T. ) ;
#5389 = EDGE_CURVE ( 'NONE', #6520, #6942, #7002, .T. ) ;
#5390 = CARTESIAN_POINT ( 'NONE',  ( -7.705310163655072486, -23.69563005194943628, 2.100000000000000089 ) ) ;
#5391 = CARTESIAN_POINT ( 'NONE',  ( 3.204373604290284394, -23.29585190159429686, -2.000000000000000000 ) ) ;
#5392 = CARTESIAN_POINT ( 'NONE',  ( 9.484645845787897045, -22.17444536155052859, -2.000000000000000000 ) ) ;
#5393 = CARTESIAN_POINT ( 'NONE',  ( -11.92825694635269862, -24.80951218104274503, -2.000000000000000000 ) ) ;
#5394 = CARTESIAN_POINT ( 'NONE',  ( -23.63491054742289421, 0.6550942090464527690, 2.099999999999999645 ) ) ;
#5395 = CARTESIAN_POINT ( 'NONE',  ( 23.93435179486865394, -4.766524473500965975, 2.100000000000000089 ) ) ;
#5396 = CARTESIAN_POINT ( 'NONE',  ( -1.981471996724997853, -23.84030691368550592, 2.099999999999999645 ) ) ;
#5397 = VERTEX_POINT ( 'NONE', #797 ) ;
#5398 = CARTESIAN_POINT ( 'NONE',  ( -18.96747865530085875, -19.95068825630396603, 2.100000000000000089 ) ) ;
#5399 = CARTESIAN_POINT ( 'NONE',  ( 13.58617081224543988, -23.15195374360797942, -2.000000000000000000 ) ) ;
#5400 = CARTESIAN_POINT ( 'NONE',  ( -22.73975435582775617, 5.989014764842353067, -2.000000000000000000 ) ) ;
#5401 = CARTESIAN_POINT ( 'NONE',  ( 23.53223775966786846, 4.811173829118842171, 2.099999999999999645 ) ) ;
#5402 = CARTESIAN_POINT ( 'NONE',  ( 20.28441937235456649, -15.97411852388379572, -2.000000000000000000 ) ) ;
#5403 = CARTESIAN_POINT ( 'NONE',  ( 19.31055424225242589, -15.54648119520596161, 2.100000000000000089 ) ) ;
#5404 = CARTESIAN_POINT ( 'NONE',  ( 24.62078186107714117, -10.69645268464870824, 2.099999999999999645 ) ) ;
#5405 = CARTESIAN_POINT ( 'NONE',  ( -13.41263264250317455, 22.06199033373686547, -2.000000000000000000 ) ) ;
#5406 = ORIENTED_EDGE ( 'NONE', *, *, #2680, .F. ) ;
#5407 = EDGE_CURVE ( 'NONE', #61, #5302, #1607, .T. ) ;
#5408 = CARTESIAN_POINT ( 'NONE',  ( 24.86659007404523791, -7.767174896947393492, 2.099999999999999645 ) ) ;
#5409 = CARTESIAN_POINT ( 'NONE',  ( -22.73828148979403707, -10.53816474365923384, -2.000000000000000000 ) ) ;
#5410 = CARTESIAN_POINT ( 'NONE',  ( 27.42711506945234134, -2.355539727225826940, -2.000000000000000000 ) ) ;
#5411 = CARTESIAN_POINT ( 'NONE',  ( 13.81390900009209943, -19.09181343516790719, -2.000000000000000000 ) ) ;
#5412 = CARTESIAN_POINT ( 'NONE',  ( 21.04854468720649052, 16.20550857031053127, -2.000000000000000000 ) ) ;
#5413 = CARTESIAN_POINT ( 'NONE',  ( 18.00520414013334403, -17.66596715945036777, -2.000000000000000000 ) ) ;
#5414 = DIRECTION ( 'NONE',  ( -0.000000000000000000, -0.000000000000000000, -1.000000000000000000 ) ) ;
#5415 = ORIENTED_EDGE ( 'NONE', *, *, #1559, .F. ) ;
#5416 = CARTESIAN_POINT ( 'NONE',  ( 18.83778878485557229, 19.53549755878801619, 2.099999999999999645 ) ) ;
#5417 = CARTESIAN_POINT ( 'NONE',  ( -1.981471996725014506, 23.84030691368550237, 2.099999999999999645 ) ) ;
#5418 = CARTESIAN_POINT ( 'NONE',  ( 23.87823629154096139, 7.119306137701304493, -2.000000000000000000 ) ) ;
#5419 = CARTESIAN_POINT ( 'NONE',  ( 13.15214330072517690, 21.16307668733837488, -2.000000000000000000 ) ) ;
#5420 = CARTESIAN_POINT ( 'NONE',  ( -18.19936168673941168, 18.00918889841834414, -2.000000000000000000 ) ) ;
#5421 = CARTESIAN_POINT ( 'NONE',  ( -23.74358889077459622, -4.778072828450338427, -2.000000000000000000 ) ) ;
#5422 = CARTESIAN_POINT ( 'NONE',  ( -7.733573568718058233, 24.87706067138158161, -2.000000000000000000 ) ) ;
#5423 = CARTESIAN_POINT ( 'NONE',  ( 1.555379675915627313, -26.00494379640385390, -2.000000000000000000 ) ) ;
#5424 = DIRECTION ( 'NONE',  ( -0.000000000000000000, -0.000000000000000000, -1.000000000000000000 ) ) ;
#5425 = CARTESIAN_POINT ( 'NONE',  ( 21.38382933992361146, 12.54282366362886059, 2.099999999999999645 ) ) ;
#5426 = CARTESIAN_POINT ( 'NONE',  ( 12.94401591853664968, 20.68877481383771055, 2.100000000000000089 ) ) ;
#5427 = FACE_BOUND ( 'NONE', #3709, .T. ) ;
#5428 = CARTESIAN_POINT ( 'NONE',  ( 25.15968768847577763, -4.747395707336129256, 2.100000000000000089 ) ) ;
#5429 = CARTESIAN_POINT ( 'NONE',  ( 0.000000000000000000, 0.000000000000000000, 2.100000000000000089 ) ) ;
#5430 = CARTESIAN_POINT ( 'NONE',  ( -2.105634209995044248, -23.64010634127341604, 2.099999999999999645 ) ) ;
#5431 = ORIENTED_EDGE ( 'NONE', *, *, #7489, .F. ) ;
#5432 = CARTESIAN_POINT ( 'NONE',  ( -24.94597949059292574, -10.68625558496336936, 2.099999999999999645 ) ) ;
#5433 = CARTESIAN_POINT ( 'NONE',  ( 4.189195047382283654, -24.56227459198278140, -2.000000000000000000 ) ) ;
#5434 = CARTESIAN_POINT ( 'NONE',  ( -1.379935885169552234, -26.52839079975560210, 2.100000000000000089 ) ) ;
#5435 = CARTESIAN_POINT ( 'NONE',  ( -24.15260079455800835, 7.275001489028683821, -2.000000000000000000 ) ) ;
#5436 = VECTOR ( 'NONE', #7931, 1000.000000000000000 ) ;
#5437 = CARTESIAN_POINT ( 'NONE',  ( 26.77848301813144971, 4.405768766048617557, -2.000000000000000000 ) ) ;
#5438 = CARTESIAN_POINT ( 'NONE',  ( 18.38167992440537901, -15.16106487615012455, -2.000000000000000000 ) ) ;
#5439 = CARTESIAN_POINT ( 'NONE',  ( 21.04854468720649763, -16.20550857031051351, 2.100000000000000089 ) ) ;
#5440 = CARTESIAN_POINT ( 'NONE',  ( 22.59408972245014624, -10.50532236015857279, 2.099999999999999645 ) ) ;
#5441 = VERTEX_POINT ( 'NONE', #313 ) ;
#5442 = CARTESIAN_POINT ( 'NONE',  ( 26.06641539773996641, -8.850830286138368308, -2.000000000000000000 ) ) ;
#5443 = CARTESIAN_POINT ( 'NONE',  ( -21.91017567687077872, -10.32144346381600108, -2.000000000000000000 ) ) ;
#5444 = CIRCLE ( 'NONE', #4679, 1.749999999999996447 ) ;
#5445 = CARTESIAN_POINT ( 'NONE',  ( -26.16863607189503327, 4.567518758412558277, -2.000000000000000000 ) ) ;
#5446 = CARTESIAN_POINT ( 'NONE',  ( 9.873836557350646359, 22.73978747338223272, 2.099999999999999645 ) ) ;
#5447 = EDGE_CURVE ( 'NONE', #3179, #6699, #7691, .T. ) ;
#5448 = CARTESIAN_POINT ( 'NONE',  ( 19.13918860107961351, 15.44754172932143632, -2.000000000000000000 ) ) ;
#5449 = CIRCLE ( 'NONE', #4709, 27.99999957948218920 ) ;
#5450 = CARTESIAN_POINT ( 'NONE',  ( 19.05257563433240620, -20.26599507132419120, 2.099999999999999645 ) ) ;
#5451 = AXIS2_PLACEMENT_3D ( 'NONE', #7556, #3956, #3338 ) ;
#5452 = ORIENTED_EDGE ( 'NONE', *, *, #349, .F. ) ;
#5453 = CARTESIAN_POINT ( 'NONE',  ( -24.66930537037450932, -7.619416278945030818, 2.100000000000000089 ) ) ;
#5454 = EDGE_CURVE ( 'NONE', #6671, #1415, #5340, .T. ) ;
#5455 = AXIS2_PLACEMENT_3D ( 'NONE', #6607, #4153, #1182 ) ;
#5456 = CARTESIAN_POINT ( 'NONE',  ( 19.10294300321428196, 20.47138356518673774, -2.000000000000000000 ) ) ;
#5457 = CIRCLE ( 'NONE', #4567, 27.99999957948218920 ) ;
#5458 = CARTESIAN_POINT ( 'NONE',  ( -2.105634209995062012, 23.64010634127342669, -2.000000000000000000 ) ) ;
#5459 = CARTESIAN_POINT ( 'NONE',  ( 27.69989816616296707, 2.535120532250970893, 2.100000000000000089 ) ) ;
#5460 = CARTESIAN_POINT ( 'NONE',  ( 14.10020032022225145, 19.09116743896564472, -2.000000000000000000 ) ) ;
#5461 = CARTESIAN_POINT ( 'NONE',  ( 23.29246673278348823, -10.63055238855664619, 2.100000000000000089 ) ) ;
#5462 = CARTESIAN_POINT ( 'NONE',  ( -1.790249464186380868, 24.99754724227145530, 2.100000000000000089 ) ) ;
#5463 = CARTESIAN_POINT ( 'NONE',  ( -7.452140385464002037, 26.79882083615302335, -2.000000000000000000 ) ) ;
#5464 = CARTESIAN_POINT ( 'NONE',  ( 1.623578263684214873, -25.76808346599204924, 2.099999999999999645 ) ) ;
#5465 = CARTESIAN_POINT ( 'NONE',  ( 0.000000000000000000, 0.000000000000000000, 2.100000000000000089 ) ) ;
#5466 = CARTESIAN_POINT ( 'NONE',  ( 21.70974829699417796, 12.84369887095661156, -2.000000000000000000 ) ) ;
#5467 = CARTESIAN_POINT ( 'NONE',  ( 12.84317218923418658, 20.29695877980780949, 2.100000000000000089 ) ) ;
#5468 = AXIS2_PLACEMENT_3D ( 'NONE', #1049, #5346, #7858 ) ;
#5469 = CARTESIAN_POINT ( 'NONE',  ( -24.76338133992250334, 1.168557790373918381, 2.099999999999999645 ) ) ;
#5470 = CARTESIAN_POINT ( 'NONE',  ( 24.00794390784557919, -7.190340088713003119, 2.100000000000000089 ) ) ;
#5471 = CARTESIAN_POINT ( 'NONE',  ( 18.01951879739587170, 21.43121365581733784, 2.100000000000000089 ) ) ;
#5472 = CARTESIAN_POINT ( 'NONE',  ( -4.030460310774755861, -24.06924055886029734, -2.000000000000000000 ) ) ;
#5473 = ORIENTED_EDGE ( 'NONE', *, *, #5037, .F. ) ;
#5474 = CARTESIAN_POINT ( 'NONE',  ( -25.70517099655248217, -10.62804679002167418, 2.099999999999999645 ) ) ;
#5475 = CARTESIAN_POINT ( 'NONE',  ( 3.902347153244135836, -23.79992060087550954, -2.000000000000000000 ) ) ;
#5476 = CARTESIAN_POINT ( 'NONE',  ( -3.781464864188896158, -23.62174820993211100, 2.100000000000000089 ) ) ;
#5477 = CARTESIAN_POINT ( 'NONE',  ( -18.30266578660393506, -18.21105589998884966, -2.000000000000000000 ) ) ;
#5478 = CARTESIAN_POINT ( 'NONE',  ( 17.32735312033766206, -16.63359376186218697, -2.000000000000000000 ) ) ;
#5479 = CARTESIAN_POINT ( 'NONE',  ( -7.601435196559586771, 26.05218098595103626, 2.100000000000000089 ) ) ;
#5480 = CARTESIAN_POINT ( 'NONE',  ( 22.90269961712299462, -10.57072003481730782, 2.099999999999999645 ) ) ;
#5481 = EDGE_CURVE ( 'NONE', #1933, #4312, #3439, .T. ) ;
#5482 = VERTEX_POINT ( 'NONE', #2755 ) ;
#5483 = CARTESIAN_POINT ( 'NONE',  ( 25.52197998938346757, -8.320188513921038975, -2.000000000000000000 ) ) ;
#5484 = CARTESIAN_POINT ( 'NONE',  ( -10.13323285654344375, 23.09959661296538513, -2.000000000000000000 ) ) ;
#5485 = CARTESIAN_POINT ( 'NONE',  ( 23.51224346894561990, 0.3730054609666962895, -2.000000000000000000 ) ) ;
#5486 = CARTESIAN_POINT ( 'NONE',  ( -23.63710370791871540, 4.790810183414316192, -2.000000000000000000 ) ) ;
#5487 = CARTESIAN_POINT ( 'NONE',  ( 16.82973023395797441, -20.91308632741409923, -2.000000000000000000 ) ) ;
#5488 = CARTESIAN_POINT ( 'NONE',  ( 18.97770164392053971, 15.34339570340775971, -2.000000000000000000 ) ) ;
#5489 = FACE_BOUND ( 'NONE', #7346, .T. ) ;
#5490 = DIRECTION ( 'NONE',  ( -0.000000000000000000, 0.000000000000000000, -1.000000000000000000 ) ) ;
#5491 = CARTESIAN_POINT ( 'NONE',  ( 18.01951879739596052, -21.43121365581736271, -2.000000000000000000 ) ) ;
#5492 = CARTESIAN_POINT ( 'NONE',  ( 23.50396181942852891, -6.078686604171923434E-16, 2.100000000000000089 ) ) ;
#5493 = ORIENTED_EDGE ( 'NONE', *, *, #4149, .T. ) ;
#5494 = VERTEX_POINT ( 'NONE', #3624 ) ;
#5495 = CARTESIAN_POINT ( 'NONE',  ( 18.40868586258351414, 18.43357243192681238, -2.000000000000000000 ) ) ;
#5496 = CARTESIAN_POINT ( 'NONE',  ( -0.8222171190493006154, 27.80350973424102889, 2.099999999999999645 ) ) ;
#5497 = CARTESIAN_POINT ( 'NONE',  ( 26.77150907641003741, 1.970609361940795390, 2.100000000000000089 ) ) ;
#5498 = CARTESIAN_POINT ( 'NONE',  ( 4.082273444348664349, 24.25428063893853547, 2.099999999999999645 ) ) ;
#5499 = FACE_OUTER_BOUND ( 'NONE', #6012, .T. ) ;
#5500 = LINE ( 'NONE', #6640, #3921 ) ;
#5501 = CARTESIAN_POINT ( 'NONE',  ( -2.035327432088060551, 23.74029248485179266, 2.100000000000000089 ) ) ;
#5502 = CARTESIAN_POINT ( 'NONE',  ( -7.701896059577427955, 22.44925656542958592, -2.000000000000000000 ) ) ;
#5503 = CARTESIAN_POINT ( 'NONE',  ( 2.105634209995030925, 23.64010634127341959, 2.100000000000000089 ) ) ;
#5504 = ADVANCED_FACE ( 'NONE', ( #6740 ), #4239, .F. ) ;
#5505 = CARTESIAN_POINT ( 'NONE',  ( 23.44696895445778395, 15.30488886923690650, -2.000000000000000000 ) ) ;
#5506 = CARTESIAN_POINT ( 'NONE',  ( 1.379935885169562004, -26.52839079975561276, -2.000000000000000000 ) ) ;
#5507 = CARTESIAN_POINT ( 'NONE',  ( 9.673488752447900296, -22.40527988562695683, -2.000000000000000000 ) ) ;
#5508 = CARTESIAN_POINT ( 'NONE',  ( 20.94077984017082272, 12.16847291378771168, 2.099999999999999645 ) ) ;
#5509 = CARTESIAN_POINT ( 'NONE',  ( 14.60388312963063129, 19.32135064906643507, 2.100000000000000089 ) ) ;
#5510 = CARTESIAN_POINT ( 'NONE',  ( -25.56471904745758295, 1.411662356313486244, -2.000000000000000000 ) ) ;
#5511 = CARTESIAN_POINT ( 'NONE',  ( 8.333214720347251969, 21.97288137310767198, -2.000000000000000000 ) ) ;
#5512 = CARTESIAN_POINT ( 'NONE',  ( -1.790249464186380868, 24.99754724227145530, -2.000000000000000000 ) ) ;
#5513 = CARTESIAN_POINT ( 'NONE',  ( -3.612999446203290610, -23.45707906485273142, -2.000000000000000000 ) ) ;
#5514 = ADVANCED_FACE ( 'NONE', ( #1242 ), #5953, .F. ) ;
#5515 = ORIENTED_EDGE ( 'NONE', *, *, #3534, .T. ) ;
#5516 = CARTESIAN_POINT ( 'NONE',  ( 14.84924240491750602, -14.84924240491749714, 2.100000000000001865 ) ) ;
#5517 = CARTESIAN_POINT ( 'NONE',  ( 1.846803834033468039, -24.33438445894235613, -2.000000000000000000 ) ) ;
#5518 = CARTESIAN_POINT ( 'NONE',  ( -23.44696895445783014, 15.30488886923696334, -2.000000000000000000 ) ) ;
#5519 = CARTESIAN_POINT ( 'NONE',  ( -17.76075994573093197, -17.29583732711387967, 2.099999999999999645 ) ) ;
#5520 = CARTESIAN_POINT ( 'NONE',  ( 23.19083041061901795, 14.83174276022297100, 2.100000000000000089 ) ) ;
#5521 = CARTESIAN_POINT ( 'NONE',  ( -7.743106042156109758, 24.63076208136009271, 2.100000000000000089 ) ) ;
#5522 = CARTESIAN_POINT ( 'NONE',  ( 21.80373651133527702, -10.30832712212200342, -2.000000000000000000 ) ) ;
#5523 = B_SPLINE_CURVE_WITH_KNOTS ( 'NONE', 3,
 ( #7069, #7829, #1518, #4071, #3374, #1668, #983, #6485, #4626, #5846, #6001, #3457, #5926, #1022, #3991, #370, #2816, #442, #5312, #7788, #5190, #2286, #4747, #5962, #942, #2246, #6448, #7669, #7220, #2206, #4711, #7104, #1554, #1057, #4148, #5889, #6603, #7183, #4665, #2130, #332, #1596, #901, #5270, #5233, #295, #7713, #2167, #4109, #4026, #7751, #6529, #6566, #3493, #2892 ),
 .UNSPECIFIED., .F., .F.,
 ( 4, 1, 1, 1, 1, 1, 1, 1, 1, 1, 1, 1, 1, 1, 1, 1, 1, 1, 1, 1, 1, 1, 1, 1, 1, 1, 1, 1, 1, 1, 1, 1, 1, 1, 1, 1, 1, 1, 1, 1, 1, 1, 1, 1, 1, 1, 1, 1, 1, 1, 1, 1, 4 ),
 ( 0.01037070964479216116, 0.06767854499841075011, 0.09884629602760430789, 0.1282330327458526542, 0.1558387551553858108, 0.1816634632588949305, 0.2057071570596704646, 0.2279698365617907063, 0.2484515017704002071, 0.2671521526921107892, 0.2840717893356240475, 0.2992104117127127871, 0.3125680198398574916, 0.3241446137411457817, 0.3339401934538051009, 0.3662021699428081867, 0.3760430630535980256, 0.3856763336118157470, 0.3952492422856400123, 0.4049624801021076692, 0.4150869914083017420, 0.4259748013331248195, 0.4380386266454291411, 0.4516469595390834035, 0.4668849008038628012, 0.4803437228220500677, 0.5000000000000002220, 0.5196562771779504875, 0.5331150991961376429, 0.5483530404609170406, 0.5619613733545713030, 0.5740251986668756246, 0.5849130085916987021, 0.5950375198978927749, 0.6047507577143603763, 0.6143236663881848081, 0.6239569369464024184, 0.6337978300571922574, 0.6660598065461953432, 0.6758553862588546624, 0.6874319801601429525, 0.7007895882872876570, 0.7159282106643762855, 0.7328478473078895439, 0.7515484982296001260, 0.7720301634382096267, 0.7942928429403297574, 0.8183365367411052915, 0.8441612448446141892, 0.8717669672541474846, 0.9011537039723958031, 0.9323214550015893609, 0.9896292903552149633 ),
 .UNSPECIFIED. ) ;
#5524 = ORIENTED_EDGE ( 'NONE', *, *, #2781, .T. ) ;
#5525 = CARTESIAN_POINT ( 'NONE',  ( -12.95267602360809356, -19.68627963667922742, -2.000000000000000000 ) ) ;
#5526 = CARTESIAN_POINT ( 'NONE',  ( -9.324636732261669891, 22.03037936177864964, -2.000000000000000000 ) ) ;
#5527 = ADVANCED_FACE ( 'NONE', ( #6808 ), #5365, .F. ) ;
#5528 = CARTESIAN_POINT ( 'NONE',  ( 23.55944914529948520, 0.5232380683118310616, 2.099999999999999645 ) ) ;
#5529 = CARTESIAN_POINT ( 'NONE',  ( -26.00281877978271439, 1.590510388571581002, -2.000000000000000000 ) ) ;
#5530 = EDGE_CURVE ( 'NONE', #6910, #3953, #6360, .T. ) ;
#5531 = CARTESIAN_POINT ( 'NONE',  ( 17.37016481680591795, 16.73146461459393208, -2.000000000000000000 ) ) ;
#5532 = CARTESIAN_POINT ( 'NONE',  ( 24.00794390784557208, 7.190340088713026212, 2.100000000000000089 ) ) ;
#5533 = DIRECTION ( 'NONE',  ( -0.8854560256532099105, 0.4647231720437685065, 0.000000000000000000 ) ) ;
#5534 = CARTESIAN_POINT ( 'NONE',  ( 24.19711102278062143, -1.042982032116798852, 2.100000000000000089 ) ) ;
#5535 = EDGE_LOOP ( 'NONE', ( #680, #6058, #187, #2948 ) ) ;
#5536 = CARTESIAN_POINT ( 'NONE',  ( -26.42834229636214616, -9.248929663334820361, 2.100000000000000089 ) ) ;
#5537 = CARTESIAN_POINT ( 'NONE',  ( 18.49458355994168102, 15.17355739294055006, 2.099999999999999645 ) ) ;
#5538 = CARTESIAN_POINT ( 'NONE',  ( -1.726035193247326571, 25.34659078107458896, -2.000000000000000000 ) ) ;
#5539 = CARTESIAN_POINT ( 'NONE',  ( -20.81172461973597620, 10.92283569232044904, -2.000000000000000000 ) ) ;
#5540 = CARTESIAN_POINT ( 'NONE',  ( 4.713207230075915355, 25.62151411210381369, -2.000000000000000000 ) ) ;
#5541 = CARTESIAN_POINT ( 'NONE',  ( -24.94597949059291864, 10.68625558496336048, -2.000000000000000000 ) ) ;
#5542 = CARTESIAN_POINT ( 'NONE',  ( -18.00520414013334758, 17.66596715945036422, -2.000000000000000000 ) ) ;
#5543 = CARTESIAN_POINT ( 'NONE',  ( 7.616738452866461451, 23.18530238615923622, -2.000000000000000000 ) ) ;
#5544 = CARTESIAN_POINT ( 'NONE',  ( -7.523321135851446684, 26.48008397887759102, -2.000000000000000000 ) ) ;
#5545 = CARTESIAN_POINT ( 'NONE',  ( 1.981471996724984974, 23.84030691368550947, 2.100000000000000089 ) ) ;
#5546 = CARTESIAN_POINT ( 'NONE',  ( 20.89282384029108997, 10.74542454372255840, -2.000000000000000000 ) ) ;
#5547 = CARTESIAN_POINT ( 'NONE',  ( -23.53223775966787201, -4.811173829118829737, 2.099999999999999645 ) ) ;
#5548 = CARTESIAN_POINT ( 'NONE',  ( 1.726035193247317912, -25.34659078107458896, -2.000000000000000000 ) ) ;
#5549 = CARTESIAN_POINT ( 'NONE',  ( 10.70787966366669686, -23.74905515802276312, -2.000000000000000000 ) ) ;
#5550 = CARTESIAN_POINT ( 'NONE',  ( 22.78920619399659131, -14.18622855212691469, -2.000000000000000000 ) ) ;
#5551 = CARTESIAN_POINT ( 'NONE',  ( 17.12241726305227729, 21.05518411798322376, 2.100000000000000089 ) ) ;
#5552 = CARTESIAN_POINT ( 'NONE',  ( -23.90532429094090716, 0.9066066167179744895, 2.099999999999999645 ) ) ;
#5553 = EDGE_CURVE ( 'NONE', #6388, #2617, #148, .T. ) ;
#5554 = CARTESIAN_POINT ( 'NONE',  ( -1.881261915648288596, -24.14640443156746841, -2.000000000000000000 ) ) ;
#5555 = CARTESIAN_POINT ( 'NONE',  ( -1.981471996725014506, 23.84030691368550237, -2.000000000000000000 ) ) ;
#5556 = CARTESIAN_POINT ( 'NONE',  ( 1.145856306001342029, 27.11429446801520626, -2.000000000000000000 ) ) ;
#5557 = EDGE_CURVE ( 'NONE', #2985, #2499, #5731, .T. ) ;
#5558 = ORIENTED_EDGE ( 'NONE', *, *, #19, .F. ) ;
#5559 = CARTESIAN_POINT ( 'NONE',  ( -23.40793038981978924, -6.902300070437910051, -2.000000000000000000 ) ) ;
#5560 = EDGE_CURVE ( 'NONE', #4517, #1883, #3827, .T. ) ;
#5561 = CARTESIAN_POINT ( 'NONE',  ( 1.906741771391420315, -24.04223096406908056, -2.000000000000000000 ) ) ;
#5562 = CARTESIAN_POINT ( 'NONE',  ( -16.82973023395796730, -20.91308632741409923, 2.099999999999999645 ) ) ;
#5563 = CARTESIAN_POINT ( 'NONE',  ( -17.64188601445203730, -17.13764696917009189, 2.099999999999999645 ) ) ;
#5564 = CARTESIAN_POINT ( 'NONE',  ( 20.71178771499496918, 11.09036006156944332, 2.100000000000000089 ) ) ;
#5565 = CARTESIAN_POINT ( 'NONE',  ( -7.616738452866472109, 23.18530238615923977, 2.100000000000000089 ) ) ;
#5566 = CARTESIAN_POINT ( 'NONE',  ( 21.48061666422703553, -12.62686802027752719, -2.000000000000000000 ) ) ;
#5567 = VERTEX_POINT ( 'NONE', #3039 ) ;
#5568 = CARTESIAN_POINT ( 'NONE',  ( 23.58537593626265050, -6.976039544898372746, 2.099999999999999645 ) ) ;
#5569 = CARTESIAN_POINT ( 'NONE',  ( -24.94597949059292574, -10.68625558496336936, -2.000000000000000000 ) ) ;
#5570 = CARTESIAN_POINT ( 'NONE',  ( 23.72154950710864441, 0.7592181733933792698, -2.000000000000000000 ) ) ;
#5571 = AXIS2_PLACEMENT_3D ( 'NONE', #2591, #4482, #6460 ) ;
#5572 = CARTESIAN_POINT ( 'NONE',  ( -25.56471904745758295, 1.411662356313486244, -2.000000000000000000 ) ) ;
#5573 = CARTESIAN_POINT ( 'NONE',  ( 13.64897234010189031, -24.23668188073555640, -2.000000000000000000 ) ) ;
#5574 = CARTESIAN_POINT ( 'NONE',  ( -26.24483786523219209, 1.701370919965209838, 2.100000000000000089 ) ) ;
#5575 = CARTESIAN_POINT ( 'NONE',  ( 24.31153459173803455, 7.374154019703455631, 2.100000000000000089 ) ) ;
#5576 = CARTESIAN_POINT ( 'NONE',  ( 18.73200657000872482, -19.22781655172587634, -2.000000000000000000 ) ) ;
#5577 = CARTESIAN_POINT ( 'NONE',  ( 16.08024905276406713, -20.49638744246054856, 2.100000000000000089 ) ) ;
#5578 = CARTESIAN_POINT ( 'NONE',  ( 27.05471844848150909, -2.130765319231056942, 2.100000000000000089 ) ) ;
#5579 = EDGE_LOOP ( 'NONE', ( #7601, #4832, #2921, #4976 ) ) ;
#5580 = CIRCLE ( 'NONE', #2096, 1.749999999999999778 ) ;
#5581 = VERTEX_POINT ( 'NONE', #3075 ) ;
#5582 = CARTESIAN_POINT ( 'NONE',  ( 17.28752988749539554, 16.01445386190352238, -2.000000000000000000 ) ) ;
#5583 = CARTESIAN_POINT ( 'NONE',  ( 18.01951879751182517, -21.43121365586114280, 2.099999999999999645 ) ) ;
#5584 = CARTESIAN_POINT ( 'NONE',  ( -20.71178771499497984, 11.09036006156942555, -2.000000000000000000 ) ) ;
#5585 = CARTESIAN_POINT ( 'NONE',  ( -21.34551800689748191, 16.27777197600731185, 2.099999999999999645 ) ) ;
#5586 = CARTESIAN_POINT ( 'NONE',  ( -21.23211141880578623, 10.40363348579838387, 2.099999999999999645 ) ) ;
#5587 = CARTESIAN_POINT ( 'NONE',  ( 20.69407544885352124, -11.81098159931166514, 2.100000000000000089 ) ) ;
#5588 = CIRCLE ( 'NONE', #3522, 27.99999957948218920 ) ;
#5589 = CARTESIAN_POINT ( 'NONE',  ( -27.19385050686431171, -4.276646238565367852, -2.000000000000000000 ) ) ;
#5590 = CARTESIAN_POINT ( 'NONE',  ( -7.605208680130574272, 22.99453835804833801, -2.000000000000000000 ) ) ;
#5591 = DIRECTION ( 'NONE',  ( -0.5680647467311559229, 0.8229838658936563522, 0.000000000000000000 ) ) ;
#5592 = CIRCLE ( 'NONE', #6887, 27.99999957948219631 ) ;
#5593 = VECTOR ( 'NONE', #4678, 1000.000000000000000 ) ;
#5594 = CARTESIAN_POINT ( 'NONE',  ( 21.07590994840522924, 12.30361618564758963, -2.000000000000000000 ) ) ;
#5595 = CARTESIAN_POINT ( 'NONE',  ( -22.82097940566847782, -5.624866236205940950, -2.000000000000000000 ) ) ;
#5596 = CARTESIAN_POINT ( 'NONE',  ( -23.34891248594833257, -15.11752229210741660, 2.100000000000000089 ) ) ;
#5597 = CARTESIAN_POINT ( 'NONE',  ( 8.512968716744138575, -21.89757064776837225, 2.099999999999999645 ) ) ;
#5598 = CARTESIAN_POINT ( 'NONE',  ( 21.35721522671293116, 10.35169942632025197, -2.000000000000000000 ) ) ;
#5599 = CARTESIAN_POINT ( 'NONE',  ( -14.84924240491749892, 14.84924240491749536, -3.599999999999998757 ) ) ;
#5600 = CARTESIAN_POINT ( 'NONE',  ( -22.91828645517601615, 5.264681564480659048, 2.099999999999999645 ) ) ;
#5601 = AXIS2_PLACEMENT_3D ( 'NONE', #2841, #4055, #4015 ) ;
#5602 = CARTESIAN_POINT ( 'NONE',  ( -25.03107770533010523, 1.235924829161910266, -2.000000000000000000 ) ) ;
#5603 = CARTESIAN_POINT ( 'NONE',  ( -5.995909907646408854, -27.35048520283306317, -2.000000000000000000 ) ) ;
#5604 = CARTESIAN_POINT ( 'NONE',  ( -1.270707428516397952, 26.81384534371724016, -2.000000000000000000 ) ) ;
#5605 = CARTESIAN_POINT ( 'NONE',  ( -4.189195047382276549, -24.56227459198278851, -2.000000000000000000 ) ) ;
#5606 = ORIENTED_EDGE ( 'NONE', *, *, #4791, .T. ) ;
#5607 = CARTESIAN_POINT ( 'NONE',  ( -24.86659007404522725, -7.767174896947399709, -2.000000000000000000 ) ) ;
#5608 = CARTESIAN_POINT ( 'NONE',  ( 1.810672407536199291, -24.85107952805194387, -2.000000000000000000 ) ) ;
#5609 = CARTESIAN_POINT ( 'NONE',  ( -3.025165651672256928, -23.29855380546641186, 2.100000000000000089 ) ) ;
#5610 = CARTESIAN_POINT ( 'NONE',  ( -17.76075994573093197, -17.29583732711387967, -2.000000000000000000 ) ) ;
#5611 = CARTESIAN_POINT ( 'NONE',  ( 25.91507308940461485, 10.60230933437670764, 2.100000000000000089 ) ) ;
#5612 = CARTESIAN_POINT ( 'NONE',  ( -10.03175227225610655, 22.96619924196638252, 2.100000000000000089 ) ) ;
#5613 = CARTESIAN_POINT ( 'NONE',  ( 20.94077984017083338, -12.16847291378769569, 2.099999999999999645 ) ) ;
#5614 = ORIENTED_EDGE ( 'NONE', *, *, #2288, .T. ) ;
#5615 = CARTESIAN_POINT ( 'NONE',  ( -15.23641901094385354, -19.89808777236047632, -2.000000000000000000 ) ) ;
#5616 = CARTESIAN_POINT ( 'NONE',  ( -7.688496923001414629, 25.42728370346967637, -2.000000000000000000 ) ) ;
#5617 = CARTESIAN_POINT ( 'NONE',  ( -26.50130185302209540, 1.827769560624219913, -2.000000000000000000 ) ) ;
#5618 = CARTESIAN_POINT ( 'NONE',  ( 13.36064030761172639, -21.84126693107096173, -2.000000000000000000 ) ) ;
#5619 = CARTESIAN_POINT ( 'NONE',  ( 0.000000000000000000, 0.000000000000000000, -2.000000000000000000 ) ) ;
#5620 = CARTESIAN_POINT ( 'NONE',  ( -23.72154950710864441, -0.7592181733933821564, 2.100000000000000089 ) ) ;
#5621 = CARTESIAN_POINT ( 'NONE',  ( 26.28829541374616596, 9.090474067310877260, 2.100000000000000089 ) ) ;
#5622 = CARTESIAN_POINT ( 'NONE',  ( 19.13918860107961351, 15.44754172932143632, 2.100000000000000089 ) ) ;
#5623 = CARTESIAN_POINT ( 'NONE',  ( 24.09676835437406339, -1.005131229266920112, 2.100000000000000089 ) ) ;
#5624 = VERTEX_POINT ( 'NONE', #1093 ) ;
#5625 = CARTESIAN_POINT ( 'NONE',  ( -24.76692767734244782, -4.782579349257321866, 2.100000000000000089 ) ) ;
#5626 = CARTESIAN_POINT ( 'NONE',  ( 17.83462167525288677, 17.40060223031303721, 2.099999999999999645 ) ) ;
#5627 = CARTESIAN_POINT ( 'NONE',  ( 17.12241726305228084, -21.05518411798320955, 2.099999999999999645 ) ) ;
#5628 = CARTESIAN_POINT ( 'NONE',  ( -22.90269961712299462, 10.57072003481730604, -2.000000000000000000 ) ) ;
#5629 = CARTESIAN_POINT ( 'NONE',  ( -21.66370631000717850, 16.34569607223865617, -2.000000000000000000 ) ) ;
#5630 = CARTESIAN_POINT ( 'NONE',  ( -22.59408972245014624, 10.50532236015857102, 2.099999999999999645 ) ) ;
#5631 = CARTESIAN_POINT ( 'NONE',  ( 7.720532692246926842, 23.84272921084243890, -2.000000000000000000 ) ) ;
#5632 = CARTESIAN_POINT ( 'NONE',  ( -21.91017567687078227, 10.32144346381599576, 2.100000000000000089 ) ) ;
#5633 = CARTESIAN_POINT ( 'NONE',  ( 5.008822010445473261, 26.08776424953686757, 2.100000000000000089 ) ) ;
#5634 = CARTESIAN_POINT ( 'NONE',  ( 20.65156267108762478, 11.69620803915342755, -2.000000000000000000 ) ) ;
#5635 = CARTESIAN_POINT ( 'NONE',  ( -25.15968768847578119, -4.747395707336139914, 2.099999999999999645 ) ) ;
#5636 = CARTESIAN_POINT ( 'NONE',  ( -22.90269961712299462, -10.57072003481731137, 2.100000000000000089 ) ) ;
#5637 = CARTESIAN_POINT ( 'NONE',  ( 7.616738452866469444, -23.18530238615924333, 2.099999999999999645 ) ) ;
#5638 = CARTESIAN_POINT ( 'NONE',  ( 23.51784779677758408, 10.65556037457647776, 2.099999999999999645 ) ) ;
#5639 = CARTESIAN_POINT ( 'NONE',  ( 13.64872344093925527, 24.44815585854601991, -2.000000000000000000 ) ) ;
#5640 = CARTESIAN_POINT ( 'NONE',  ( -26.06641539773996286, 8.850830286138355874, -2.000000000000000000 ) ) ;
#5641 = CARTESIAN_POINT ( 'NONE',  ( 3.902347153244113187, 23.79992060087550954, -2.000000000000000000 ) ) ;
#5642 = CARTESIAN_POINT ( 'NONE',  ( -5.376315588043444116, -26.60062371204864462, -2.000000000000000000 ) ) ;
#5643 = CARTESIAN_POINT ( 'NONE',  ( 24.86659007404523791, -7.767174896947393492, -2.000000000000000000 ) ) ;
#5644 = FACE_OUTER_BOUND ( 'NONE', #1403, .T. ) ;
#5645 = VERTEX_POINT ( 'NONE', #2441 ) ;
#5646 = CARTESIAN_POINT ( 'NONE',  ( -23.87823629154096494, -7.119306137701290282, -2.000000000000000000 ) ) ;
#5647 = CARTESIAN_POINT ( 'NONE',  ( -26.06641539771070981, 8.850830286109145462, 2.100000000000000089 ) ) ;
#5648 = CARTESIAN_POINT ( 'NONE',  ( -18.96747865531317245, -19.95068825634337983, -2.000000000000000000 ) ) ;
#5649 = CARTESIAN_POINT ( 'NONE',  ( 21.70974829699417796, 12.84369887095661156, 2.100000000000000089 ) ) ;
#5650 = CARTESIAN_POINT ( 'NONE',  ( -10.25081980592599429, 23.24542008693365958, 2.100000000000000089 ) ) ;
#5651 = CARTESIAN_POINT ( 'NONE',  ( 20.69407544885352124, -11.81098159931166514, 2.099999999999999645 ) ) ;
#5652 = EDGE_LOOP ( 'NONE', ( #3233, #2625 ) ) ;
#5653 = CARTESIAN_POINT ( 'NONE',  ( -12.36707919775608566, -25.12081464776633055, -2.000000000000000000 ) ) ;
#5654 = CARTESIAN_POINT ( 'NONE',  ( -7.720532692246934836, 23.84272921084243535, -2.000000000000000000 ) ) ;
#5655 = CARTESIAN_POINT ( 'NONE',  ( -24.66930537037450577, 7.619416278945011278, -2.000000000000000000 ) ) ;
#5656 = CARTESIAN_POINT ( 'NONE',  ( -5.995909907646296944, -27.35048520283293882, 2.100000000000000089 ) ) ;
#5657 = FACE_OUTER_BOUND ( 'NONE', #4138, .T. ) ;
#5658 = CARTESIAN_POINT ( 'NONE',  ( -23.90532429094090716, 0.9066066167179744895, 2.100000000000000089 ) ) ;
#5659 = CARTESIAN_POINT ( 'NONE',  ( 24.12574046566791708, 4.783694468719428272, 2.100000000000000089 ) ) ;
#5660 = CARTESIAN_POINT ( 'NONE',  ( -27.99999957948218920, 3.429010986114009550E-15, -2.000000000000000000 ) ) ;
#5661 = ADVANCED_FACE ( 'NONE', ( #5499 ), #7311, .F. ) ;
#5662 = CARTESIAN_POINT ( 'NONE',  ( -8.333214720347264404, 21.97288137310766842, -2.000000000000000000 ) ) ;
#5663 = CARTESIAN_POINT ( 'NONE',  ( 25.77590585922884259, -1.494258687380733974, 2.100000000000000089 ) ) ;
#5664 = ORIENTED_EDGE ( 'NONE', *, *, #1824, .F. ) ;
#5665 = CARTESIAN_POINT ( 'NONE',  ( 27.19385050690372907, -4.276646238553106549, -2.000000000000000000 ) ) ;
#5666 = CARTESIAN_POINT ( 'NONE',  ( 17.42017265760603451, 16.82633584436269913, -2.000000000000000000 ) ) ;
#5667 = CARTESIAN_POINT ( 'NONE',  ( 18.00000000000000000, 0.000000000000000000, 2.100000000000002309 ) ) ;
#5668 = CARTESIAN_POINT ( 'NONE',  ( 4.310684217927220452, 24.85340566964549680, 2.099999999999999645 ) ) ;
#5669 = CARTESIAN_POINT ( 'NONE',  ( -20.65156267108764254, 11.69620803915341689, 2.099999999999999645 ) ) ;
#5670 = CARTESIAN_POINT ( 'NONE',  ( 7.741715957670624704, 24.19699765967529004, -2.000000000000000000 ) ) ;
#5671 = CARTESIAN_POINT ( 'NONE',  ( 9.945601713251333464, -22.84599953686306506, 2.100000000000000089 ) ) ;
#5672 = CARTESIAN_POINT ( 'NONE',  ( 4.482856113983113566, 25.20816636816326195, 2.100000000000000089 ) ) ;
#5673 = CARTESIAN_POINT ( 'NONE',  ( 20.69407544885351413, 11.81098159931167935, -2.000000000000000000 ) ) ;
#5674 = CARTESIAN_POINT ( 'NONE',  ( -23.32186741149923748, -4.882063647943448714, 2.099999999999999645 ) ) ;
#5675 = CARTESIAN_POINT ( 'NONE',  ( -22.59408972245015335, -10.50532236015857990, 2.100000000000000089 ) ) ;
#5676 = CARTESIAN_POINT ( 'NONE',  ( 8.148726673636447870, -22.03570943365874868, 2.099999999999999645 ) ) ;
#5677 = CARTESIAN_POINT ( 'NONE',  ( 21.23211141880577202, 10.40363348579839631, -2.000000000000000000 ) ) ;
#5678 = CARTESIAN_POINT ( 'NONE',  ( 1.623578263684214873, -25.76808346599204924, 2.100000000000000089 ) ) ;
#5679 = CARTESIAN_POINT ( 'NONE',  ( -24.66930537037450577, 7.619416278945011278, 2.099999999999999645 ) ) ;
#5680 = DIRECTION ( 'NONE',  ( -0.000000000000000000, -0.000000000000000000, -1.000000000000000000 ) ) ;
#5681 = CARTESIAN_POINT ( 'NONE',  ( -2.198555820827210905, -23.54154832015335330, -2.000000000000000000 ) ) ;
#5682 = CARTESIAN_POINT ( 'NONE',  ( 0.000000000000000000, 0.000000000000000000, 2.100000000000000089 ) ) ;
#5683 = CARTESIAN_POINT ( 'NONE',  ( 1.906741771391398554, 24.04223096406908766, -2.000000000000000000 ) ) ;
#5684 = ORIENTED_EDGE ( 'NONE', *, *, #1753, .F. ) ;
#5685 = CARTESIAN_POINT ( 'NONE',  ( -24.31153459173803810, -7.374154019703442309, -2.000000000000000000 ) ) ;
#5686 = CARTESIAN_POINT ( 'NONE',  ( -23.15601641226234619, 6.742658068406526262, 2.100000000000000089 ) ) ;
#5687 = CARTESIAN_POINT ( 'NONE',  ( -26.42834229636209287, 9.248929663334736873, 2.100000000000000089 ) ) ;
#5688 = CARTESIAN_POINT ( 'NONE',  ( 21.91017567687077161, 10.32144346381601352, 2.100000000000000089 ) ) ;
#5689 = CARTESIAN_POINT ( 'NONE',  ( -15.12400615833752404, -19.80199803049035978, 2.100000000000000089 ) ) ;
#5690 = VERTEX_POINT ( 'NONE', #5339 ) ;
#5691 = CARTESIAN_POINT ( 'NONE',  ( -16.30896799194538715, -20.63258928533521441, -2.000000000000000000 ) ) ;
#5692 = CARTESIAN_POINT ( 'NONE',  ( -7.629252907546909768, 22.67335363560523476, -2.000000000000000000 ) ) ;
#5693 = DIRECTION ( 'NONE',  ( -1.000000000000000000, 0.000000000000000000, 0.000000000000000000 ) ) ;
#5694 = CARTESIAN_POINT ( 'NONE',  ( 7.616738452866461451, 23.18530238615923622, 2.100000000000000089 ) ) ;
#5695 = CIRCLE ( 'NONE', #3625, 27.99999957948218920 ) ;
#5696 = CARTESIAN_POINT ( 'NONE',  ( 24.00794390784557208, 7.190340088713026212, 2.099999999999999645 ) ) ;
#5697 = CARTESIAN_POINT ( 'NONE',  ( -27.42711506945230582, 2.355539727225802515, 2.100000000000000089 ) ) ;
#5698 = CYLINDRICAL_SURFACE ( 'NONE', #2357, 27.99999957948218920 ) ;
#5699 = CARTESIAN_POINT ( 'NONE',  ( 18.40868586258351414, 18.43357243192681238, 2.100000000000000089 ) ) ;
#5700 = CARTESIAN_POINT ( 'NONE',  ( 14.60388312963064017, -19.32135064906642796, 2.100000000000000089 ) ) ;
#5701 = CARTESIAN_POINT ( 'NONE',  ( -14.88619985382990407, 19.57897187542434736, 2.099999999999999645 ) ) ;
#5702 = ORIENTED_EDGE ( 'NONE', *, *, #4037, .T. ) ;
#5703 = DIRECTION ( 'NONE',  ( 0.000000000000000000, 0.000000000000000000, 1.000000000000000000 ) ) ;
#5704 = CARTESIAN_POINT ( 'NONE',  ( 22.09150218636105123, 16.42439464916633796, 2.099999999999999645 ) ) ;
#5705 = CARTESIAN_POINT ( 'NONE',  ( -21.91017567687078227, 10.32144346381599576, -2.000000000000000000 ) ) ;
#5706 = CARTESIAN_POINT ( 'NONE',  ( -19.55560045884525877, 15.67357176803117369, -2.000000000000000000 ) ) ;
#5707 = CARTESIAN_POINT ( 'NONE',  ( -21.80373651133527702, 10.30832712212200164, 2.099999999999999645 ) ) ;
#5708 = CARTESIAN_POINT ( 'NONE',  ( 8.148726673636440765, 22.03570943365874513, 2.099999999999999645 ) ) ;
#5709 = CARTESIAN_POINT ( 'NONE',  ( -20.61769535193586833, 11.41192623884528068, 2.100000000000000089 ) ) ;
#5710 = AXIS2_PLACEMENT_3D ( 'NONE', #1042, #6587, #7736 ) ;
#5711 = DIRECTION ( 'NONE',  ( 0.000000000000000000, 0.000000000000000000, 1.000000000000000000 ) ) ;
#5712 = ADVANCED_FACE ( 'NONE', ( #887 ), #358, .T. ) ;
#5713 = CARTESIAN_POINT ( 'NONE',  ( 22.09815905990546980, 10.35588323418789258, -2.000000000000000000 ) ) ;
#5714 = CARTESIAN_POINT ( 'NONE',  ( -22.85726476338738067, -5.433202019314292919, 2.099999999999999645 ) ) ;
#5715 = VECTOR ( 'NONE', #4928, 1000.000000000000000 ) ;
#5716 = LINE ( 'NONE', #772, #1063 ) ;
#5717 = CARTESIAN_POINT ( 'NONE',  ( 8.148726673636447870, -22.03570943365874868, -2.000000000000000000 ) ) ;
#5718 = CARTESIAN_POINT ( 'NONE',  ( 25.70517099655247506, 10.62804679002168662, -2.000000000000000000 ) ) ;
#5719 = CARTESIAN_POINT ( 'NONE',  ( 4.310684217927242656, -24.85340566964549325, 2.100000000000000089 ) ) ;
#5720 = CARTESIAN_POINT ( 'NONE',  ( -25.75863198250611319, 8.543467069173791728, -2.000000000000000000 ) ) ;
#5721 = CARTESIAN_POINT ( 'NONE',  ( 4.590305982006120722, 25.40785750275295030, -2.000000000000000000 ) ) ;
#5722 = CARTESIAN_POINT ( 'NONE',  ( 18.80342269287540446, -15.26496932198516987, -2.000000000000000000 ) ) ;
#5723 = CARTESIAN_POINT ( 'NONE',  ( 26.46517536639175816, -4.493494443281861095, -2.000000000000000000 ) ) ;
#5724 = CARTESIAN_POINT ( 'NONE',  ( 2.105634209995030925, 23.64010634127341959, 2.099999999999999645 ) ) ;
#5725 = AXIS2_PLACEMENT_3D ( 'NONE', #7175, #2995, #4253 ) ;
#5726 = AXIS2_PLACEMENT_3D ( 'NONE', #3208, #7545, #7586 ) ;
#5727 = VERTEX_POINT ( 'NONE', #2154 ) ;
#5728 = CARTESIAN_POINT ( 'NONE',  ( -25.07504586300961336, -7.932732980984162907, 2.099999999999999645 ) ) ;
#5729 = AXIS2_PLACEMENT_3D ( 'NONE', #2226, #7123, #965 ) ;
#5730 = CARTESIAN_POINT ( 'NONE',  ( -26.28829541374613044, 9.090474067310799100, 2.100000000000000089 ) ) ;
#5731 = CIRCLE ( 'NONE', #1202, 1.750000000000001554 ) ;
#5732 = CARTESIAN_POINT ( 'NONE',  ( -20.28441937235456294, -15.97411852388380638, 2.099999999999999645 ) ) ;
#5733 = CARTESIAN_POINT ( 'NONE',  ( -21.34551800689748191, 16.27777197600731185, 2.100000000000000089 ) ) ;
#5734 = CARTESIAN_POINT ( 'NONE',  ( 0.000000000000000000, 0.000000000000000000, 2.100000000000000089 ) ) ;
#5735 = ORIENTED_EDGE ( 'NONE', *, *, #6551, .T. ) ;
#5736 = CARTESIAN_POINT ( 'NONE',  ( -7.733032203436374097, 24.00987265162540751, -2.000000000000000000 ) ) ;
#5737 = CARTESIAN_POINT ( 'NONE',  ( -13.46232027610273718, -22.30341320457492671, 2.099999999999999645 ) ) ;
#5738 = CARTESIAN_POINT ( 'NONE',  ( -26.16863607189503327, 4.567518758412558277, -2.000000000000000000 ) ) ;
#5739 = CARTESIAN_POINT ( 'NONE',  ( -23.63491054742289421, 0.6550942090464527690, 2.100000000000000089 ) ) ;
#5740 = FACE_OUTER_BOUND ( 'NONE', #834, .T. ) ;
#5741 = CARTESIAN_POINT ( 'NONE',  ( 18.09985454995500120, 17.82762258356555307, 2.100000000000000089 ) ) ;
#5742 = CARTESIAN_POINT ( 'NONE',  ( -15.12400615833752582, 19.80199803049035268, 2.099999999999999645 ) ) ;
#5743 = EDGE_LOOP ( 'NONE', ( #6865, #7951, #3785, #6663 ) ) ;
#5744 = CARTESIAN_POINT ( 'NONE',  ( -23.93435179486865749, -4.766524473500976633, 2.100000000000000089 ) ) ;
#5745 = CARTESIAN_POINT ( 'NONE',  ( 26.77150907641003741, 1.970609361940795390, 2.099999999999999645 ) ) ;
#5746 = EDGE_CURVE ( 'NONE', #6030, #5690, #4307, .T. ) ;
#5747 = CARTESIAN_POINT ( 'NONE',  ( -22.96554745452510815, 14.45965356729541540, -2.000000000000000000 ) ) ;
#5748 = CARTESIAN_POINT ( 'NONE',  ( -18.60089775827984226, 15.19605903441927630, 2.099999999999999645 ) ) ;
#5749 = CARTESIAN_POINT ( 'NONE',  ( -21.58843454132472317, 10.30659784155100489, 2.099999999999999645 ) ) ;
#5750 = CARTESIAN_POINT ( 'NONE',  ( 7.768531058981739790, 22.33132486425838081, -2.000000000000000000 ) ) ;
#5751 = CARTESIAN_POINT ( 'NONE',  ( -20.86952096496492004, 12.08832612917522376, 2.100000000000000089 ) ) ;
#5752 = CARTESIAN_POINT ( 'NONE',  ( 22.62472946281711828, 16.49610842548440459, -2.000000000000000000 ) ) ;
#5753 = CARTESIAN_POINT ( 'NONE',  ( -20.62323650117463458, -11.56374771533980272, -2.000000000000000000 ) ) ;
#5754 = CARTESIAN_POINT ( 'NONE',  ( 20.74579233589062355, -11.91211842489101258, -2.000000000000000000 ) ) ;
#5755 = LINE ( 'NONE', #3817, #6234 ) ;
#5756 = CARTESIAN_POINT ( 'NONE',  ( 9.324636732261668115, -22.03037936177865319, -2.000000000000000000 ) ) ;
#5757 = CARTESIAN_POINT ( 'NONE',  ( 20.81172461973596555, 10.92283569232046503, -2.000000000000000000 ) ) ;
#5758 = CARTESIAN_POINT ( 'NONE',  ( 2.638449045045073493, -23.34550970278806759, 2.100000000000000089 ) ) ;
#5759 = CARTESIAN_POINT ( 'NONE',  ( -4.189195047382276549, -24.56227459198278851, 2.100000000000000089 ) ) ;
#5760 = CARTESIAN_POINT ( 'NONE',  ( 7.605208680130566279, 22.99453835804834156, -2.000000000000000000 ) ) ;
#5761 = CARTESIAN_POINT ( 'NONE',  ( 1.270707428516364201, 26.81384534371724371, -2.000000000000000000 ) ) ;
#5762 = CARTESIAN_POINT ( 'NONE',  ( 17.29220078062825650, -16.53076698689342550, -2.000000000000000000 ) ) ;
#5763 = CARTESIAN_POINT ( 'NONE',  ( 23.93435179486865394, -4.766524473500965975, -2.000000000000000000 ) ) ;
#5764 = EDGE_CURVE ( 'NONE', #4598, #7166, #6517, .T. ) ;
#5765 = CARTESIAN_POINT ( 'NONE',  ( 1.939597136465224247, 23.94058417290086638, -2.000000000000000000 ) ) ;
#5766 = B_SPLINE_CURVE_WITH_KNOTS ( 'NONE', 3,
 ( #337, #2821, #1878, #1789, #2450, #7983, #4905, #4826, #7379, #7340, #1103, #4864, #4345, #2406, #3611, #3007, #5426, #9, #1832, #5467, #4265, #2970, #3047, #6080, #6646, #7303, #7421, #4306, #3736, #6685, #6125, #3655, #4787, #2365, #1752, #3575, #565, #5509, #1715, #6770, #3085, #7946, #55, #1184, #1227, #6166, #6043, #3695, #648, #6727, #605, #5551, #2493, #519, #4949 ),
 .UNSPECIFIED., .F., .F.,
 ( 4, 1, 1, 1, 1, 1, 1, 1, 1, 1, 1, 1, 1, 1, 1, 1, 1, 1, 1, 1, 1, 1, 1, 1, 1, 1, 1, 1, 1, 1, 1, 1, 1, 1, 1, 1, 1, 1, 1, 1, 1, 1, 1, 1, 1, 1, 1, 1, 1, 1, 1, 1, 4 ),
 ( 0.01037070964479225831, 0.06767854499841075011, 0.09884629602760430789, 0.1282330327458526265, 0.1558387551553858108, 0.1816634632588949305, 0.2057071570596704646, 0.2279698365617907063, 0.2484515017704002071, 0.2671521526921107892, 0.2840717893356240475, 0.2992104117127127871, 0.3125680198398574916, 0.3241446137411457817, 0.3339401934538051009, 0.3662021699428081867, 0.3760430630535980256, 0.3856763336118157470, 0.3952492422856400678, 0.4049624801021076692, 0.4150869914083017420, 0.4259748013331248195, 0.4380386266454291411, 0.4516469595390834035, 0.4668849008038628012, 0.4803437228220500677, 0.5000000000000002220, 0.5196562771779504875, 0.5331150991961376429, 0.5483530404609170406, 0.5619613733545713030, 0.5740251986668756246, 0.5849130085916987021, 0.5950375198978927749, 0.6047507577143603763, 0.6143236663881848081, 0.6239569369464024184, 0.6337978300571922574, 0.6660598065461953432, 0.6758553862588546624, 0.6874319801601429525, 0.7007895882872876570, 0.7159282106643761745, 0.7328478473078895439, 0.7515484982296001260, 0.7720301634382096267, 0.7942928429403297574, 0.8183365367411052915, 0.8441612448446143002, 0.8717669672541474846, 0.9011537039723958031, 0.9323214550015893609, 0.9896292903552004194 ),
 .UNSPECIFIED. ) ;
#5767 = ORIENTED_EDGE ( 'NONE', *, *, #3361, .F. ) ;
#5768 = CARTESIAN_POINT ( 'NONE',  ( -7.605208680130565391, -22.99453835804834867, -2.000000000000000000 ) ) ;
#5769 = CARTESIAN_POINT ( 'NONE',  ( -24.45163473737931525, 4.792937194118060518, 2.100000000000000089 ) ) ;
#5770 = CARTESIAN_POINT ( 'NONE',  ( -18.80342269287539736, -15.26496932198517875, 2.099999999999999645 ) ) ;
#5771 = CARTESIAN_POINT ( 'NONE',  ( -17.32735312033766562, 16.63359376186218341, 2.100000000000000089 ) ) ;
#5772 = CARTESIAN_POINT ( 'NONE',  ( -13.81390900009209233, -19.09181343516791074, 2.100000000000000089 ) ) ;
#5773 = VERTEX_POINT ( 'NONE', #1504 ) ;
#5774 = CARTESIAN_POINT ( 'NONE',  ( -12.36707919775603415, 25.12081464776627726, 2.100000000000000089 ) ) ;
#5775 = CARTESIAN_POINT ( 'NONE',  ( 14.32589460713082730, -19.15868494228939056, -2.000000000000000000 ) ) ;
#5776 = CARTESIAN_POINT ( 'NONE',  ( -23.87823629154097205, 7.119306137701274295, -2.000000000000000000 ) ) ;
#5777 = CARTESIAN_POINT ( 'NONE',  ( 26.42834229636214260, 9.248929663334836349, 2.100000000000000089 ) ) ;
#5778 = CARTESIAN_POINT ( 'NONE',  ( -17.45584392081711655, 15.72474958968641801, -2.000000000000000000 ) ) ;
#5779 = CARTESIAN_POINT ( 'NONE',  ( -18.00000000000000000, 2.204364238465235428E-15, -3.599999999999998757 ) ) ;
#5780 = CARTESIAN_POINT ( 'NONE',  ( 17.51903422860498338, 16.98989084997259980, 2.100000000000000089 ) ) ;
#5781 = CARTESIAN_POINT ( 'NONE',  ( 12.83364937058816579, -20.18870745851076265, 2.100000000000000089 ) ) ;
#5782 = CARTESIAN_POINT ( 'NONE',  ( -13.15214330072518933, 21.16307668733837488, -2.000000000000000000 ) ) ;
#5783 = ORIENTED_EDGE ( 'NONE', *, *, #5553, .T. ) ;
#5784 = CARTESIAN_POINT ( 'NONE',  ( -25.88937528683161915, -4.628868634690443962, 2.100000000000000089 ) ) ;
#5785 = CARTESIAN_POINT ( 'NONE',  ( 25.03107770533010523, 1.235924829161913818, 2.099999999999999645 ) ) ;
#5786 = EDGE_CURVE ( 'NONE', #5214, #5690, #2876, .T. ) ;
#5787 = CARTESIAN_POINT ( 'NONE',  ( -17.29220078062826005, 16.53076698689342194, -2.000000000000000000 ) ) ;
#5788 = CARTESIAN_POINT ( 'NONE',  ( -21.84033501313437142, 12.97800555654220389, -2.000000000000000000 ) ) ;
#5789 = CARTESIAN_POINT ( 'NONE',  ( 9.555618961847061499, 22.25484530667599969, 2.099999999999999645 ) ) ;
#5790 = CARTESIAN_POINT ( 'NONE',  ( 11.92825694635268974, -24.80951218104272726, 2.100000000000000089 ) ) ;
#5791 = CARTESIAN_POINT ( 'NONE',  ( 13.66345410753368128, 19.13830577319236426, -2.000000000000000000 ) ) ;
#5792 = LINE ( 'NONE', #243, #3669 ) ;
#5793 = CARTESIAN_POINT ( 'NONE',  ( 25.91507308940470722, -10.60230933437667566, -2.000000000000000000 ) ) ;
#5794 = CARTESIAN_POINT ( 'NONE',  ( -4.482856113983144652, 25.20816636816325484, -2.000000000000000000 ) ) ;
#5795 = DIRECTION ( 'NONE',  ( -1.000000000000000000, 0.000000000000000000, 0.000000000000000000 ) ) ;
#5796 = CARTESIAN_POINT ( 'NONE',  ( -13.58617081224543988, 23.15195374360797942, -2.000000000000000000 ) ) ;
#5797 = DIRECTION ( 'NONE',  ( -0.000000000000000000, -0.000000000000000000, -1.000000000000000000 ) ) ;
#5798 = CARTESIAN_POINT ( 'NONE',  ( -4.590305982006135821, -25.40785750275295030, 2.100000000000000089 ) ) ;
#5799 = CARTESIAN_POINT ( 'NONE',  ( 8.334619726030521036, 21.97658606862350794, -2.000000000000000000 ) ) ;
#5800 = CARTESIAN_POINT ( 'NONE',  ( 2.035327432088031241, 23.74029248485179622, -2.000000000000000000 ) ) ;
#5801 = CARTESIAN_POINT ( 'NONE',  ( 18.38167992440537901, -15.16106487615012455, 2.099999999999999645 ) ) ;
#5802 = DIRECTION ( 'NONE',  ( 1.000000000000000000, 0.000000000000000000, 0.000000000000000000 ) ) ;
#5803 = CARTESIAN_POINT ( 'NONE',  ( 1.726035193247294597, 25.34659078107458541, 2.099999999999999645 ) ) ;
#5804 = VERTEX_POINT ( 'NONE', #7092 ) ;
#5805 = CARTESIAN_POINT ( 'NONE',  ( -8.843531895616186134, -21.84292484346596197, -2.000000000000000000 ) ) ;
#5806 = CARTESIAN_POINT ( 'NONE',  ( 4.482856113983134883, -25.20816636816325484, 2.099999999999999645 ) ) ;
#5807 = CARTESIAN_POINT ( 'NONE',  ( 23.90532429094090716, -0.9066066167179773760, -2.000000000000000000 ) ) ;
#5808 = CARTESIAN_POINT ( 'NONE',  ( -23.32186741149923392, 4.882063647943431839, 2.100000000000000089 ) ) ;
#5809 = EDGE_CURVE ( 'NONE', #5624, #4290, #2509, .T. ) ;
#5810 = CARTESIAN_POINT ( 'NONE',  ( -18.49458355994168812, -15.17355739294055006, -2.000000000000000000 ) ) ;
#5811 = LINE ( 'NONE', #3464, #1069 ) ;
#5812 = CARTESIAN_POINT ( 'NONE',  ( -16.55868018414818010, -20.77185239767593217, 2.100000000000000089 ) ) ;
#5813 = ORIENTED_EDGE ( 'NONE', *, *, #2663, .T. ) ;
#5814 = ADVANCED_FACE ( 'NONE', ( #5176 ), #2114, .F. ) ;
#5815 = CARTESIAN_POINT ( 'NONE',  ( -21.47582202528875683, -10.32148794313315143, 2.099999999999999645 ) ) ;
#5816 = CARTESIAN_POINT ( 'NONE',  ( 13.04949915500205115, -19.56208827861912525, -2.000000000000000000 ) ) ;
#5817 = DIRECTION ( 'NONE',  ( -0.000000000000000000, 0.000000000000000000, -1.000000000000000000 ) ) ;
#5818 = CARTESIAN_POINT ( 'NONE',  ( -12.36707919775595421, -25.12081464776624173, 2.100000000000000089 ) ) ;
#5819 = CARTESIAN_POINT ( 'NONE',  ( 23.76414829993700906, 7.060866680122717121, -2.000000000000000000 ) ) ;
#5820 = CARTESIAN_POINT ( 'NONE',  ( -19.10294300318481930, 20.47138356506649970, -2.000000000000000000 ) ) ;
#5821 = DIRECTION ( 'NONE',  ( 1.000000000000000000, 0.000000000000000000, 0.000000000000000000 ) ) ;
#5822 = DIRECTION ( 'NONE',  ( -0.000000000000000000, 0.000000000000000000, -1.000000000000000000 ) ) ;
#5823 = CARTESIAN_POINT ( 'NONE',  ( 13.64872344093926770, -24.44815585854584938, 2.100000000000000089 ) ) ;
#5824 = CARTESIAN_POINT ( 'NONE',  ( -13.96529143882091439, 19.07901412642182848, 2.099999999999999645 ) ) ;
#5825 = ORIENTED_EDGE ( 'NONE', *, *, #7440, .F. ) ;
#5826 = CARTESIAN_POINT ( 'NONE',  ( 23.32186741149924103, -4.882063647943439832, -2.000000000000000000 ) ) ;
#5827 = DIRECTION ( 'NONE',  ( 0.9709418174260519008, 0.2393156642875581275, 0.000000000000000000 ) ) ;
#5828 = AXIS2_PLACEMENT_3D ( 'NONE', #40, #4977, #6834 ) ;
#5829 = CARTESIAN_POINT ( 'NONE',  ( -22.44798333931210976, 13.70307343545945145, -2.000000000000000000 ) ) ;
#5830 = CARTESIAN_POINT ( 'NONE',  ( -19.87933552333218401, 15.81900378855655553, -2.000000000000000000 ) ) ;
#5831 = DIRECTION ( 'NONE',  ( 0.000000000000000000, 0.000000000000000000, 1.000000000000000000 ) ) ;
#5832 = CARTESIAN_POINT ( 'NONE',  ( 8.148726673636440765, 22.03570943365874513, -2.000000000000000000 ) ) ;
#5833 = CARTESIAN_POINT ( 'NONE',  ( 7.657608382361896560, -22.56335699501520864, 2.100000000000000089 ) ) ;
#5834 = CARTESIAN_POINT ( 'NONE',  ( 15.36687483434009849, 20.00332296475709626, 2.099999999999999645 ) ) ;
#5835 = EDGE_LOOP ( 'NONE', ( #235, #3980 ) ) ;
#5836 = CARTESIAN_POINT ( 'NONE',  ( 25.91507308940477827, 10.60230933437668455, -2.000000000000000000 ) ) ;
#5837 = CARTESIAN_POINT ( 'NONE',  ( 24.62078186107714117, -10.69645268464870824, -2.000000000000000000 ) ) ;
#5838 = CARTESIAN_POINT ( 'NONE',  ( -3.359200862297599066, 23.32460485566309316, -2.000000000000000000 ) ) ;
#5839 = DIRECTION ( 'NONE',  ( -0.000000000000000000, -0.000000000000000000, -1.000000000000000000 ) ) ;
#5840 = CARTESIAN_POINT ( 'NONE',  ( 13.64897234010187965, 24.23668188073550311, -2.000000000000000000 ) ) ;
#5841 = CARTESIAN_POINT ( 'NONE',  ( -9.673488752447902073, 22.40527988562695327, 2.099999999999999645 ) ) ;
#5842 = CARTESIAN_POINT ( 'NONE',  ( -3.705239350424565981, 23.53752846792088604, 2.100000000000000089 ) ) ;
#5843 = CARTESIAN_POINT ( 'NONE',  ( 12.19289813512194875, 25.00088857611626736, -2.000000000000000000 ) ) ;
#5844 = FACE_BOUND ( 'NONE', #800, .T. ) ;
#5845 = CARTESIAN_POINT ( 'NONE',  ( 17.84651532293614196, -15.31230279367190406, -2.000000000000000000 ) ) ;
#5846 = CARTESIAN_POINT ( 'NONE',  ( 10.38530154243853865, -23.40284517865930169, -2.000000000000000000 ) ) ;
#5847 = VERTEX_POINT ( 'NONE', #5221 ) ;
#5848 = CIRCLE ( 'NONE', #157, 27.99999957948218920 ) ;
#5849 = CARTESIAN_POINT ( 'NONE',  ( -8.148726673636438989, -22.03570943365875223, -2.000000000000000000 ) ) ;
#5850 = CARTESIAN_POINT ( 'NONE',  ( 23.44696895445775908, -15.30488886923681413, 2.100000000000000089 ) ) ;
#5851 = CARTESIAN_POINT ( 'NONE',  ( 23.90532429094090716, -0.9066066167179773760, 2.099999999999999645 ) ) ;
#5852 = CARTESIAN_POINT ( 'NONE',  ( -11.33585971340118093, -24.33300811744742020, -2.000000000000000000 ) ) ;
#5853 = AXIS2_PLACEMENT_3D ( 'NONE', #6977, #2611, #130 ) ;
#5854 = CARTESIAN_POINT ( 'NONE',  ( -26.00281877978270373, -1.590510388571586997, -2.000000000000000000 ) ) ;
#5855 = CARTESIAN_POINT ( 'NONE',  ( -18.51632561903327456, 18.67704107051115869, 2.100000000000000089 ) ) ;
#5856 = CARTESIAN_POINT ( 'NONE',  ( -13.64872344093925882, -24.44815585854593820, 2.100000000000000089 ) ) ;
#5857 = ORIENTED_EDGE ( 'NONE', *, *, #3444, .F. ) ;
#5858 = CARTESIAN_POINT ( 'NONE',  ( -22.73828148979403707, -10.53816474365923384, 2.099999999999999645 ) ) ;
#5859 = AXIS2_PLACEMENT_3D ( 'NONE', #6462, #917, #3473 ) ;
#5860 = CARTESIAN_POINT ( 'NONE',  ( 12.86131782747430208, -20.40223119301177235, 2.099999999999999645 ) ) ;
#5861 = CARTESIAN_POINT ( 'NONE',  ( -15.23641901094385354, -19.89808777236047632, 2.099999999999999645 ) ) ;
#5862 = CARTESIAN_POINT ( 'NONE',  ( -25.88937528683162981, 4.628868634690426198, 2.099999999999999645 ) ) ;
#5863 = CARTESIAN_POINT ( 'NONE',  ( 22.99371384847795241, 6.601180838822673813, 2.099999999999999645 ) ) ;
#5864 = CARTESIAN_POINT ( 'NONE',  ( -17.84651532293614551, 15.31230279367190050, -2.000000000000000000 ) ) ;
#5865 = DIRECTION ( 'NONE',  ( 0.000000000000000000, 0.000000000000000000, -1.000000000000000000 ) ) ;
#5866 = CARTESIAN_POINT ( 'NONE',  ( -17.82169893237846736, 21.35645667456330088, 2.100000000000000089 ) ) ;
#5867 = CARTESIAN_POINT ( 'NONE',  ( 13.55023046621763783, -22.84843530275376011, 2.100000000000000089 ) ) ;
#5868 = EDGE_CURVE ( 'NONE', #6150, #6258, #7671, .T. ) ;
#5869 = CARTESIAN_POINT ( 'NONE',  ( -13.64897234010370219, 24.23668188081811792, -2.000000000000000000 ) ) ;
#5870 = VERTEX_POINT ( 'NONE', #1693 ) ;
#5871 = CARTESIAN_POINT ( 'NONE',  ( 23.63710370791871895, -4.790810183414325074, 2.099999999999999645 ) ) ;
#5872 = CARTESIAN_POINT ( 'NONE',  ( 21.04854468720649052, 16.20550857031053127, -2.000000000000000000 ) ) ;
#5873 = AXIS2_PLACEMENT_3D ( 'NONE', #6712, #6594, #6068 ) ;
#5874 = CARTESIAN_POINT ( 'NONE',  ( -7.523321135851436914, -26.48008397887759102, 2.099999999999999645 ) ) ;
#5875 = CARTESIAN_POINT ( 'NONE',  ( -17.26619031893428868, 16.42019235248054088, -2.000000000000000000 ) ) ;
#5876 = CARTESIAN_POINT ( 'NONE',  ( -21.38382933992361501, 12.54282366362884105, -2.000000000000000000 ) ) ;
#5877 = CARTESIAN_POINT ( 'NONE',  ( 8.993578510876917065, 21.86672564825609655, 2.099999999999999645 ) ) ;
#5878 = CARTESIAN_POINT ( 'NONE',  ( 7.733032203436371432, -24.00987265162541462, 2.100000000000000089 ) ) ;
#5879 = CARTESIAN_POINT ( 'NONE',  ( 16.08024905276406713, 20.49638744246056632, 2.099999999999999645 ) ) ;
#5880 = ORIENTED_EDGE ( 'NONE', *, *, #6356, .T. ) ;
#5881 = CARTESIAN_POINT ( 'NONE',  ( 22.09815905990547336, -10.35588323418787304, -2.000000000000000000 ) ) ;
#5882 = CARTESIAN_POINT ( 'NONE',  ( -5.644338589985570920, 26.94321158145698902, -2.000000000000000000 ) ) ;
#5883 = CARTESIAN_POINT ( 'NONE',  ( 7.401289683367668459, -27.00409019907778685, 2.099999999999999645 ) ) ;
#5884 = CARTESIAN_POINT ( 'NONE',  ( -13.30747633062666146, 21.64116298680352202, -2.000000000000000000 ) ) ;
#5885 = CARTESIAN_POINT ( 'NONE',  ( 1.270707428516388404, -26.81384534371724016, 2.100000000000000089 ) ) ;
#5886 = DIRECTION ( 'NONE',  ( -1.000000000000000000, 0.000000000000000000, 0.000000000000000000 ) ) ;
#5887 = CARTESIAN_POINT ( 'NONE',  ( -20.07157227525353704, -15.89590000543998194, -2.000000000000000000 ) ) ;
#5888 = DIRECTION ( 'NONE',  ( -1.000000000000000000, 0.000000000000000000, 0.000000000000000000 ) ) ;
#5889 = CARTESIAN_POINT ( 'NONE',  ( 7.612592773523897627, -22.78073832991432823, -2.000000000000000000 ) ) ;
#5890 = ORIENTED_EDGE ( 'NONE', *, *, #3858, .T. ) ;
#5891 = CARTESIAN_POINT ( 'NONE',  ( -8.148726673636438989, -22.03570943365875223, 2.099999999999999645 ) ) ;
#5892 = EDGE_CURVE ( 'NONE', #2747, #6418, #4768, .T. ) ;
#5893 = CARTESIAN_POINT ( 'NONE',  ( 5.995909907728610655, -27.35048520292562202, -2.000000000000000000 ) ) ;
#5894 = CARTESIAN_POINT ( 'NONE',  ( 27.69989816623198919, -2.535120532296410101, -2.000000000000000000 ) ) ;
#5895 = CARTESIAN_POINT ( 'NONE',  ( -7.745447077757172671, -24.40400991946479081, -2.000000000000000000 ) ) ;
#5896 = EDGE_CURVE ( 'NONE', #2837, #7475, #4807, .T. ) ;
#5897 = CARTESIAN_POINT ( 'NONE',  ( -23.90532429094090716, -0.9066066167179803736, -2.000000000000000000 ) ) ;
#5898 = CARTESIAN_POINT ( 'NONE',  ( -18.49458355994169878, 15.17355739294053940, 2.100000000000000089 ) ) ;
#5899 = CARTESIAN_POINT ( 'NONE',  ( -0.7237198720499290472, -27.99064497287982789, -2.000000000000000000 ) ) ;
#5900 = VERTEX_POINT ( 'NONE', #4284 ) ;
#5901 = CARTESIAN_POINT ( 'NONE',  ( -22.09815905990547691, -10.35588323418788015, -2.000000000000000000 ) ) ;
#5902 = CARTESIAN_POINT ( 'NONE',  ( 13.30747633062666146, -21.64116298680352202, 2.099999999999999645 ) ) ;
#5903 = CARTESIAN_POINT ( 'NONE',  ( -12.83364937058816224, -20.18870745851076975, -2.000000000000000000 ) ) ;
#5904 = CARTESIAN_POINT ( 'NONE',  ( -24.76692767734244427, 4.782579349257304102, -2.000000000000000000 ) ) ;
#5905 = CARTESIAN_POINT ( 'NONE',  ( 23.63710370791871185, 4.790810183414345502, 2.099999999999999645 ) ) ;
#5906 = CARTESIAN_POINT ( 'NONE',  ( -17.76075994573093908, 17.29583732711386546, -2.000000000000000000 ) ) ;
#5907 = CARTESIAN_POINT ( 'NONE',  ( 25.62785817443977621, 4.678588802317997342, 2.100000000000000089 ) ) ;
#5908 = CARTESIAN_POINT ( 'NONE',  ( -13.58617081224543988, 23.15195374360797942, 2.100000000000000089 ) ) ;
#5909 = CARTESIAN_POINT ( 'NONE',  ( 25.19179192507393239, 1.283507464112907170, -2.000000000000000000 ) ) ;
#5910 = EDGE_LOOP ( 'NONE', ( #3110, #7204 ) ) ;
#5911 = CARTESIAN_POINT ( 'NONE',  ( 24.59949625084632174, -4.790317889056099787, 2.099999999999999645 ) ) ;
#5912 = CARTESIAN_POINT ( 'NONE',  ( -7.733573568718044910, -24.87706067138157806, -2.000000000000000000 ) ) ;
#5913 = CARTESIAN_POINT ( 'NONE',  ( -26.24483786523220274, -1.701370919965217166, -2.000000000000000000 ) ) ;
#5914 = CARTESIAN_POINT ( 'NONE',  ( -21.38382933992361501, 12.54282366362884105, 2.099999999999999645 ) ) ;
#5915 = EDGE_CURVE ( 'NONE', #5397, #2392, #7539, .T. ) ;
#5916 = CARTESIAN_POINT ( 'NONE',  ( 9.324636732261668115, -22.03037936177865319, 2.100000000000000089 ) ) ;
#5917 = CARTESIAN_POINT ( 'NONE',  ( 12.88702750944970887, 19.82328597831587658, -2.000000000000000000 ) ) ;
#5918 = ORIENTED_EDGE ( 'NONE', *, *, #3036, .T. ) ;
#5919 = CARTESIAN_POINT ( 'NONE',  ( -5.183190230475061000, 26.33878392258043277, -2.000000000000000000 ) ) ;
#5920 = CARTESIAN_POINT ( 'NONE',  ( 19.10294300318480509, 20.47138356506651746, -2.000000000000000000 ) ) ;
#5921 = CARTESIAN_POINT ( 'NONE',  ( -13.10549974122803008, 21.04367979295773239, -2.000000000000000000 ) ) ;
#5922 = CARTESIAN_POINT ( 'NONE',  ( -10.38530154243854042, 23.40284517865929459, -2.000000000000000000 ) ) ;
#5923 = CARTESIAN_POINT ( 'NONE',  ( -3.846120836016047928, 23.70909028424117082, 2.100000000000000089 ) ) ;
#5924 = CARTESIAN_POINT ( 'NONE',  ( -17.64188601445203730, -17.13764696917009189, -2.000000000000000000 ) ) ;
#5925 = DIRECTION ( 'NONE',  ( 0.9709418174260519008, 0.2393156642875580997, 0.000000000000000000 ) ) ;
#5926 = CARTESIAN_POINT ( 'NONE',  ( 10.03175227225610655, -22.96619924196638607, -2.000000000000000000 ) ) ;
#5927 = ORIENTED_EDGE ( 'NONE', *, *, #3137, .F. ) ;
#5928 = CARTESIAN_POINT ( 'NONE',  ( -9.673488752447893191, -22.40527988562696748, -2.000000000000000000 ) ) ;
#5929 = CARTESIAN_POINT ( 'NONE',  ( 4.852431640496131848, -25.84840584550508069, 2.099999999999999645 ) ) ;
#5930 = CARTESIAN_POINT ( 'NONE',  ( -9.230471089887526404, -21.96684885186929748, -2.000000000000000000 ) ) ;
#5931 = CARTESIAN_POINT ( 'NONE',  ( -23.99982295939236465, -0.9602632500303831531, -2.000000000000000000 ) ) ;
#5932 = LINE ( 'NONE', #2137, #4434 ) ;
#5933 = CARTESIAN_POINT ( 'NONE',  ( -3.025165651672256928, -23.29855380546641186, -2.000000000000000000 ) ) ;
#5934 = ORIENTED_EDGE ( 'NONE', *, *, #2411, .F. ) ;
#5935 = CARTESIAN_POINT ( 'NONE',  ( -21.35721522671293471, -10.35169942632023954, 2.099999999999999645 ) ) ;
#5936 = CARTESIAN_POINT ( 'NONE',  ( 12.83364937058816579, -20.18870745851076265, -2.000000000000000000 ) ) ;
#5937 = CARTESIAN_POINT ( 'NONE',  ( -13.66345410753368306, -19.13830577319236070, -2.000000000000000000 ) ) ;
#5938 = CARTESIAN_POINT ( 'NONE',  ( -23.32186741149923392, 4.882063647943431839, -2.000000000000000000 ) ) ;
#5939 = CARTESIAN_POINT ( 'NONE',  ( 23.42764417793267029, 4.840656286569398503, -2.000000000000000000 ) ) ;
#5940 = CARTESIAN_POINT ( 'NONE',  ( -18.19936168673941168, 18.00918889841834414, -2.000000000000000000 ) ) ;
#5941 = CARTESIAN_POINT ( 'NONE',  ( 17.37016481680592506, -16.73146461459391787, 2.100000000000000089 ) ) ;
#5942 = CARTESIAN_POINT ( 'NONE',  ( -16.30896799194540137, 20.63258928533522152, 2.100000000000000089 ) ) ;
#5943 = CARTESIAN_POINT ( 'NONE',  ( 13.30747633062666146, -21.64116298680352202, 2.100000000000000089 ) ) ;
#5944 = CARTESIAN_POINT ( 'NONE',  ( -13.64897234010370219, 24.23668188081811792, 2.099999999999999645 ) ) ;
#5945 = EDGE_LOOP ( 'NONE', ( #7912, #5684, #1367 ) ) ;
#5946 = CARTESIAN_POINT ( 'NONE',  ( 22.99371384847795596, -6.601180838822651609, 2.099999999999999645 ) ) ;
#5947 = CARTESIAN_POINT ( 'NONE',  ( 26.50130185302209540, -1.827769560624223244, -2.000000000000000000 ) ) ;
#5948 = B_SPLINE_SURFACE_WITH_KNOTS ( 'NONE', 3, 1, ( 
 ( #2562, #1339 ),
 ( #1987, #6268 ),
 ( #5665, #5054 ),
 ( #762, #4453 ),
 ( #3234, #5984 ),
 ( #4011, #1006 ),
 ( #2799, #2267 ),
 ( #4732, #1653 ),
 ( #1538, #7205 ),
 ( #4646, #2150 ),
 ( #7695, #3479 ),
 ( #355, #6430 ),
 ( #3353, #5911 ),
 ( #3516, #2838 ),
 ( #6468, #5215 ),
 ( #5295, #7773 ),
 ( #883, #2228 ),
 ( #7851, #4690 ),
 ( #2306, #5871 ),
 ( #7733, #3974 ),
 ( #275, #7051 ),
 ( #5826, #5335 ),
 ( #7125, #2189 ),
 ( #5254, #390 ),
 ( #2914, #1576 ),
 ( #967, #2760 ),
 ( #7088, #4609 ),
 ( #923, #7167 ),
 ( #3398, #316 ),
 ( #1621, #427 ),
 ( #4094, #6550 ),
 ( #4051, #6512 ),
 ( #1500, #6585 ),
 ( #7811, #3438 ),
 ( #5373, #5946 ),
 ( #2873, #4129 ),
 ( #1040, #4281 ),
 ( #7998, #2341 ),
 ( #4765, #619 ),
 ( #3628, #5568 ),
 ( #1803, #3591 ),
 ( #2464, #2986 ),
 ( #7394, #3099 ),
 ( #4921, #26 ),
 ( #7885, #3554 ),
 ( #1203, #461 ),
 ( #3024, #2949 ),
 ( #6095, #5408 ),
 ( #537, #6059 ),
 ( #4803, #7240 ),
 ( #5483, #579 ),
 ( #6785, #3059 ),
 ( #5442, #1850 ),
 ( #4321, #1244 ),
 ( #496, #7961 ) ),
 .UNSPECIFIED., .F., .F., .F.,
 ( 4, 1, 1, 1, 1, 1, 1, 1, 1, 1, 1, 1, 1, 1, 1, 1, 1, 1, 1, 1, 1, 1, 1, 1, 1, 1, 1, 1, 1, 1, 1, 1, 1, 1, 1, 1, 1, 1, 1, 1, 1, 1, 1, 1, 1, 1, 1, 1, 1, 1, 1, 1, 4 ),
 ( 2, 2 ),
 ( 0.01037070963360204462, 0.06767854499841075011, 0.09884629602760430789, 0.1282330327458526265, 0.1558387551553858108, 0.1816634632588949305, 0.2057071570596704646, 0.2279698365617907063, 0.2484515017704002071, 0.2671521526921107892, 0.2840717893356240475, 0.2992104117127127871, 0.3125680198398574916, 0.3241446137411457817, 0.3339401934538051009, 0.3662021699428081867, 0.3760430630535980256, 0.3856763336118157470, 0.3952492422856400678, 0.4049624801021076692, 0.4150869914083017420, 0.4259748013331248195, 0.4380386266454291411, 0.4516469595390834035, 0.4668849008038628012, 0.4803437228220500677, 0.5000000000000002220, 0.5196562771779504875, 0.5331150991961376429, 0.5483530404609170406, 0.5619613733545713030, 0.5740251986668756246, 0.5849130085916987021, 0.5950375198978927749, 0.6047507577143603763, 0.6143236663881848081, 0.6239569369464024184, 0.6337978300571922574, 0.6660598065461953432, 0.6758553862588546624, 0.6874319801601429525, 0.7007895882872876570, 0.7159282106643762855, 0.7328478473078895439, 0.7515484982296001260, 0.7720301634382096267, 0.7942928429403297574, 0.8183365367411052915, 0.8441612448446143002, 0.8717669672541474846, 0.9011537039723958031, 0.9323214550015893609, 0.9896292903664016816 ),
 ( 0.000000000000000000, 1.000000000000000000 ),
 .UNSPECIFIED. ) ;
#5949 = CARTESIAN_POINT ( 'NONE',  ( -22.78920619399659131, 14.18622855212691292, -2.000000000000000000 ) ) ;
#5950 = CARTESIAN_POINT ( 'NONE',  ( 9.945601713251328135, 22.84599953686306861, -2.000000000000000000 ) ) ;
#5951 = CARTESIAN_POINT ( 'NONE',  ( 8.512968716744138575, -21.89757064776837225, 2.100000000000000089 ) ) ;
#5952 = CARTESIAN_POINT ( 'NONE',  ( 13.18542992737235409, 19.44527382878997912, 2.099999999999999645 ) ) ;
#5953 = B_SPLINE_SURFACE_WITH_KNOTS ( 'NONE', 3, 1, ( 
 ( #6093, #1766 ),
 ( #1200, #6661 ),
 ( #2462, #493 ),
 ( #7921, #2911 ),
 ( #2984, #5404 ),
 ( #5370, #4918 ),
 ( #3668, #6020 ),
 ( #6783, #2419 ),
 ( #534, #1801 ),
 ( #4279, #4877 ),
 ( #6140, #7392 ),
 ( #3021, #5480 ),
 ( #7848, #4166 ),
 ( #7237, #5440 ),
 ( #2379, #1729 ),
 ( #459, #577 ),
 ( #3589, #4840 ),
 ( #7353, #6698 ),
 ( #5522, #1117 ),
 ( #1846, #7317 ),
 ( #1155, #2303 ),
 ( #7882, #4319 ),
 ( #3707, #7996 ),
 ( #6178, #6057 ),
 ( #4763, #1687 ),
 ( #6622, #1076 ),
 ( #2947, #2337 ),
 ( #4800, #7279 ),
 ( #4204, #1325 ),
 ( #3185, #7434 ),
 ( #3793, #24 ),
 ( #6864, #106 ),
 ( #3097, #3146 ),
 ( #2587, #5651 ),
 ( #6821, #2507 ),
 ( #666, #2551 ),
 ( #707, #6257 ),
 ( #3221, #5613 ),
 ( #68, #7514 ),
 ( #6215, #4962 ),
 ( #617, #5004 ),
 ( #5566, #1972 ),
 ( #1366, #5041 ),
 ( #1890, #3749 ),
 ( #7474, #4357 ),
 ( #4438, #1931 ),
 ( #1283, #4397 ),
 ( #6909, #3833 ),
 ( #6292, #748 ),
 ( #1139, #1226 ),
 ( #5550, #604 ),
 ( #479, #1714 ),
 ( #7263, #6645 ),
 ( #564, #4264 ),
 ( #4904, #3126 ) ),
 .UNSPECIFIED., .F., .F., .F.,
 ( 4, 1, 1, 1, 1, 1, 1, 1, 1, 1, 1, 1, 1, 1, 1, 1, 1, 1, 1, 1, 1, 1, 1, 1, 1, 1, 1, 1, 1, 1, 1, 1, 1, 1, 1, 1, 1, 1, 1, 1, 1, 1, 1, 1, 1, 1, 1, 1, 1, 1, 1, 1, 4 ),
 ( 2, 2 ),
 ( 0.01037070963360204462, 0.06767854499841075011, 0.09884629602760430789, 0.1282330327458526265, 0.1558387551553858108, 0.1816634632588949305, 0.2057071570596704646, 0.2279698365617907063, 0.2484515017704002071, 0.2671521526921107892, 0.2840717893356240475, 0.2992104117127127871, 0.3125680198398574916, 0.3241446137411457817, 0.3339401934538051009, 0.3662021699428081867, 0.3760430630535980256, 0.3856763336118157470, 0.3952492422856400678, 0.4049624801021076692, 0.4150869914083017420, 0.4259748013331248195, 0.4380386266454291411, 0.4516469595390834035, 0.4668849008038628012, 0.4803437228220500677, 0.5000000000000002220, 0.5196562771779504875, 0.5331150991961376429, 0.5483530404609170406, 0.5619613733545713030, 0.5740251986668756246, 0.5849130085916987021, 0.5950375198978927749, 0.6047507577143603763, 0.6143236663881848081, 0.6239569369464024184, 0.6337978300571922574, 0.6660598065461953432, 0.6758553862588546624, 0.6874319801601429525, 0.7007895882872876570, 0.7159282106643762855, 0.7328478473078895439, 0.7515484982296001260, 0.7720301634382096267, 0.7942928429403297574, 0.8183365367411052915, 0.8441612448446143002, 0.8717669672541474846, 0.9011537039723958031, 0.9323214550015893609, 0.9896292903664016816 ),
 ( 0.000000000000000000, 1.000000000000000000 ),
 .UNSPECIFIED. ) ;
#5954 = CIRCLE ( 'NONE', #2468, 18.00000000000000000 ) ;
#5955 = CARTESIAN_POINT ( 'NONE',  ( 18.51632561903327101, 18.67704107051118001, 2.099999999999999645 ) ) ;
#5956 = CARTESIAN_POINT ( 'NONE',  ( 27.50168352219555601, 4.167564993355145297, -2.000000000000000000 ) ) ;
#5957 = CARTESIAN_POINT ( 'NONE',  ( -15.36687483434010737, 20.00332296475708915, -2.000000000000000000 ) ) ;
#5958 = CARTESIAN_POINT ( 'NONE',  ( -10.38530154243854042, 23.40284517865929459, 2.099999999999999645 ) ) ;
#5959 = CARTESIAN_POINT ( 'NONE',  ( -23.07262568452396323, -6.675893319502717915, -2.000000000000000000 ) ) ;
#5960 = CARTESIAN_POINT ( 'NONE',  ( 10.03175227225609945, 22.96619924196638607, -2.000000000000000000 ) ) ;
#5961 = LINE ( 'NONE', #369, #1189 ) ;
#5962 = CARTESIAN_POINT ( 'NONE',  ( 8.993578510876927723, -21.86672564825610721, -2.000000000000000000 ) ) ;
#5963 = CARTESIAN_POINT ( 'NONE',  ( -7.629252907546902662, -22.67335363560524897, 2.100000000000000089 ) ) ;
#5964 = CARTESIAN_POINT ( 'NONE',  ( 4.389956462724883934, -25.02313217738665685, -2.000000000000000000 ) ) ;
#5965 = CARTESIAN_POINT ( 'NONE',  ( 27.87379644721942284, -2.655456283961666664, -2.000000000000000000 ) ) ;
#5966 = CARTESIAN_POINT ( 'NONE',  ( -9.408316245588473237, -22.09971024729809130, -2.000000000000000000 ) ) ;
#5967 = CARTESIAN_POINT ( 'NONE',  ( -23.51224346894561990, -0.3730054609666991761, 2.099999999999999645 ) ) ;
#5968 = CARTESIAN_POINT ( 'NONE',  ( 23.58537593626265050, -6.976039544898372746, 2.100000000000000089 ) ) ;
#5969 = CARTESIAN_POINT ( 'NONE',  ( -1.906741771391412099, -24.04223096406908411, -2.000000000000000000 ) ) ;
#5970 = ORIENTED_EDGE ( 'NONE', *, *, #3780, .F. ) ;
#5971 = EDGE_CURVE ( 'NONE', #945, #2817, #1855, .T. ) ;
#5972 = CARTESIAN_POINT ( 'NONE',  ( -21.80373651133526991, -10.30832712212200519, -2.000000000000000000 ) ) ;
#5973 = CARTESIAN_POINT ( 'NONE',  ( 13.25426296490209843, -21.46155364981478542, 2.099999999999999645 ) ) ;
#5974 = VECTOR ( 'NONE', #4746, 1000.000000000000000 ) ;
#5975 = CARTESIAN_POINT ( 'NONE',  ( -13.35177211813241982, -19.34338136197018798, 2.099999999999999645 ) ) ;
#5976 = CARTESIAN_POINT ( 'NONE',  ( -23.76414829993700906, 7.060866680122685146, 2.099999999999999645 ) ) ;
#5977 = DIRECTION ( 'NONE',  ( 0.000000000000000000, -0.000000000000000000, -1.000000000000000000 ) ) ;
#5978 = CARTESIAN_POINT ( 'NONE',  ( 18.73200657000872482, -19.22781655172587634, -2.000000000000000000 ) ) ;
#5979 = CARTESIAN_POINT ( 'NONE',  ( 18.97770164392054326, -15.34339570340774550, 2.100000000000000089 ) ) ;
#5980 = CARTESIAN_POINT ( 'NONE',  ( -15.51594276222061985, 20.11676867469219587, 2.100000000000000089 ) ) ;
#5981 = VECTOR ( 'NONE', #1473, 1000.000000000000000 ) ;
#5982 = VERTEX_POINT ( 'NONE', #5656 ) ;
#5983 = AXIS2_PLACEMENT_3D ( 'NONE', #2331, #1680, #3545 ) ;
#5984 = CARTESIAN_POINT ( 'NONE',  ( 26.46517536639175816, -4.493494443281861095, 2.099999999999999645 ) ) ;
#5985 = CARTESIAN_POINT ( 'NONE',  ( -20.74579233589062355, -11.91211842489101791, -2.000000000000000000 ) ) ;
#5986 = CARTESIAN_POINT ( 'NONE',  ( -2.832611943458521075, -23.32865819094296711, -2.000000000000000000 ) ) ;
#5987 = CARTESIAN_POINT ( 'NONE',  ( 14.51573139705937088, -19.26027195864160291, -2.000000000000000000 ) ) ;
#5988 = EDGE_CURVE ( 'NONE', #2382, #4891, #1873, .T. ) ;
#5989 = AXIS2_PLACEMENT_3D ( 'NONE', #3475, #5822, #7084 ) ;
#5990 = CARTESIAN_POINT ( 'NONE',  ( 10.38530154243853154, 23.40284517865930169, -2.000000000000000000 ) ) ;
#5991 = CARTESIAN_POINT ( 'NONE',  ( 19.31055424225241168, 15.54648119520597227, -2.000000000000000000 ) ) ;
#5992 = CARTESIAN_POINT ( 'NONE',  ( 21.04854468720649763, -16.20550857031051351, -2.000000000000000000 ) ) ;
#5993 = CARTESIAN_POINT ( 'NONE',  ( 22.62472946281713249, -16.49610842548439038, -2.000000000000000000 ) ) ;
#5994 = CARTESIAN_POINT ( 'NONE',  ( 18.96747865531316535, 19.95068825634337983, -2.000000000000000000 ) ) ;
#5995 = CARTESIAN_POINT ( 'NONE',  ( -1.555379675915636417, 26.00494379640385390, -2.000000000000000000 ) ) ;
#5996 = CARTESIAN_POINT ( 'NONE',  ( 22.79134869580807532, 6.292262679950386683, -2.000000000000000000 ) ) ;
#5997 = CARTESIAN_POINT ( 'NONE',  ( 12.88716835993242071, 20.50631329690558147, -2.000000000000000000 ) ) ;
#5998 = CARTESIAN_POINT ( 'NONE',  ( 23.08741356227222852, -10.60189590196922360, 2.100000000000000089 ) ) ;
#5999 = CARTESIAN_POINT ( 'NONE',  ( -25.07504586300961336, -7.932732980984162907, -2.000000000000000000 ) ) ;
#6000 = CARTESIAN_POINT ( 'NONE',  ( -17.98147192499884284, -15.23115522593614024, -2.000000000000000000 ) ) ;
#6001 = CARTESIAN_POINT ( 'NONE',  ( 10.25081980592599251, -23.24542008693366313, -2.000000000000000000 ) ) ;
#6002 = CARTESIAN_POINT ( 'NONE',  ( -10.53741832910564646, -23.57101921525815769, 2.099999999999999645 ) ) ;
#6003 = CARTESIAN_POINT ( 'NONE',  ( 1.846803834033468039, -24.33438445894235613, -2.000000000000000000 ) ) ;
#6004 = CARTESIAN_POINT ( 'NONE',  ( 9.555618961847068604, -22.25484530667600325, 2.099999999999999645 ) ) ;
#6005 = CARTESIAN_POINT ( 'NONE',  ( -7.768531058981738013, -22.33132486425838437, -2.000000000000000000 ) ) ;
#6006 = EDGE_CURVE ( 'NONE', #6388, #2617, #2770, .T. ) ;
#6007 = CARTESIAN_POINT ( 'NONE',  ( -23.51224346894562345, 0.3730054609666941245, -2.000000000000000000 ) ) ;
#6008 = EDGE_CURVE ( 'NONE', #7141, #6573, #3153, .T. ) ;
#6009 = CARTESIAN_POINT ( 'NONE',  ( 23.74358889077459622, -4.778072828450329546, 2.100000000000000089 ) ) ;
#6010 = CARTESIAN_POINT ( 'NONE',  ( -1.762385718735289153, -25.16282512725968701, -2.000000000000000000 ) ) ;
#6011 = B_SPLINE_CURVE_WITH_KNOTS ( 'NONE', 3,
 ( #1373, #5621, #6185, #4326, #3065, #3229, #4364, #1858, #3676, #8005, #5575, #6830, #5532, #1940, #76, #6917, #152, #34, #2594, #1291, #7523, #1810, #2471, #5011, #3192, #1333, #6222, #2558, #4887, #4405, #6146, #6264, #7482, #4286, #1982, #1208, #3802, #7401, #3842, #5659, #4447, #7361, #6301, #6790, #756, #3716, #1533, #5907, #4641, #6463, #2634, #3309, #3927, #918, #2754 ),
 .UNSPECIFIED., .F., .F.,
 ( 4, 1, 1, 1, 1, 1, 1, 1, 1, 1, 1, 1, 1, 1, 1, 1, 1, 1, 1, 1, 1, 1, 1, 1, 1, 1, 1, 1, 1, 1, 1, 1, 1, 1, 1, 1, 1, 1, 1, 1, 1, 1, 1, 1, 1, 1, 1, 1, 1, 1, 1, 1, 4 ),
 ( 0.01037070964479206575, 0.06767854499841075011, 0.09884629602760430789, 0.1282330327458526265, 0.1558387551553858108, 0.1816634632588949305, 0.2057071570596704646, 0.2279698365617907063, 0.2484515017704002071, 0.2671521526921107892, 0.2840717893356240475, 0.2992104117127127871, 0.3125680198398574916, 0.3241446137411457817, 0.3339401934538051009, 0.3662021699428081867, 0.3760430630535980256, 0.3856763336118157470, 0.3952492422856400678, 0.4049624801021076692, 0.4150869914083017420, 0.4259748013331248195, 0.4380386266454291411, 0.4516469595390834035, 0.4668849008038628012, 0.4803437228220500677, 0.5000000000000002220, 0.5196562771779504875, 0.5331150991961376429, 0.5483530404609170406, 0.5619613733545713030, 0.5740251986668756246, 0.5849130085916987021, 0.5950375198978927749, 0.6047507577143603763, 0.6143236663881848081, 0.6239569369464024184, 0.6337978300571922574, 0.6660598065461953432, 0.6758553862588546624, 0.6874319801601429525, 0.7007895882872876570, 0.7159282106643762855, 0.7328478473078895439, 0.7515484982296001260, 0.7720301634382096267, 0.7942928429403297574, 0.8183365367411052915, 0.8441612448446143002, 0.8717669672541474846, 0.9011537039723958031, 0.9323214550015893609, 0.9896292903552001974 ),
 .UNSPECIFIED. ) ;
#6012 = EDGE_LOOP ( 'NONE', ( #2543, #2659, #3098, #3973 ) ) ;
#6013 = CARTESIAN_POINT ( 'NONE',  ( -22.62472946281705433, 16.49610842548437972, 2.100000000000000089 ) ) ;
#6014 = CARTESIAN_POINT ( 'NONE',  ( 13.55023046621763783, -22.84843530275376011, 2.099999999999999645 ) ) ;
#6015 = CARTESIAN_POINT ( 'NONE',  ( -14.42373451280541197, -19.20597537996032145, -2.000000000000000000 ) ) ;
#6016 = CARTESIAN_POINT ( 'NONE',  ( -23.53223775966786491, 4.811173829118811973, 2.099999999999999645 ) ) ;
#6017 = CARTESIAN_POINT ( 'NONE',  ( 23.42764417793267029, 4.840656286569398503, 2.099999999999999645 ) ) ;
#6018 = CARTESIAN_POINT ( 'NONE',  ( 21.66370631000717495, -16.34569607223865617, -2.000000000000000000 ) ) ;
#6019 = CARTESIAN_POINT ( 'NONE',  ( 20.51809281624190007, -16.05254419007954780, 2.100000000000000089 ) ) ;
#6020 = CARTESIAN_POINT ( 'NONE',  ( 24.02931632081063995, -10.69009516955077110, 2.099999999999999645 ) ) ;
#6021 = VERTEX_POINT ( 'NONE', #5818 ) ;
#6022 = CARTESIAN_POINT ( 'NONE',  ( -12.83364937058816224, -20.18870745851076975, -2.000000000000000000 ) ) ;
#6023 = CARTESIAN_POINT ( 'NONE',  ( -23.08741356227222496, -10.60189590196922893, -2.000000000000000000 ) ) ;
#6024 = CARTESIAN_POINT ( 'NONE',  ( 23.90532429094090716, 0.9066066167179774871, 2.099999999999999645 ) ) ;
#6025 = CARTESIAN_POINT ( 'NONE',  ( -24.56950331401515442, -1.128978604501161387, -2.000000000000000000 ) ) ;
#6026 = CARTESIAN_POINT ( 'NONE',  ( 14.21926140100350722, -19.11953582679382535, -2.000000000000000000 ) ) ;
#6027 = CARTESIAN_POINT ( 'NONE',  ( 17.32735312033765140, 16.63359376186219762, -2.000000000000000000 ) ) ;
#6028 = CARTESIAN_POINT ( 'NONE',  ( 17.91646094264595845, -17.52377780514962424, -2.000000000000000000 ) ) ;
#6029 = CYLINDRICAL_SURFACE ( 'NONE', #2618, 1.750000000000001332 ) ;
#6030 = VERTEX_POINT ( 'NONE', #5777 ) ;
#6031 = CARTESIAN_POINT ( 'NONE',  ( 22.12901452267052704, -13.30176109182831290, -2.000000000000000000 ) ) ;
#6032 = CARTESIAN_POINT ( 'NONE',  ( -0.8222171190493006154, 27.80350973424102889, -2.000000000000000000 ) ) ;
#6033 = CARTESIAN_POINT ( 'NONE',  ( 23.40793038981978924, 6.902300070437923374, -2.000000000000000000 ) ) ;
#6034 = CARTESIAN_POINT ( 'NONE',  ( 17.82169893237850289, 21.35645667456332575, -2.000000000000000000 ) ) ;
#6035 = CARTESIAN_POINT ( 'NONE',  ( 21.35721522671292760, -10.35169942632023066, 2.100000000000000089 ) ) ;
#6036 = CARTESIAN_POINT ( 'NONE',  ( -0.8222171190861158330, 27.80350973416697613, 2.100000000000000089 ) ) ;
#6037 = CARTESIAN_POINT ( 'NONE',  ( -7.733573568718058233, 24.87706067138158161, 2.099999999999999645 ) ) ;
#6038 = CARTESIAN_POINT ( 'NONE',  ( 2.198555820827197582, 23.54154832015335330, 2.100000000000000089 ) ) ;
#6039 = CARTESIAN_POINT ( 'NONE',  ( -7.605208680130565391, -22.99453835804834867, 2.100000000000000089 ) ) ;
#6040 = CARTESIAN_POINT ( 'NONE',  ( 2.463801941912934890, -23.38577358155836450, -2.000000000000000000 ) ) ;
#6041 = DIRECTION ( 'NONE',  ( 1.000000000000000000, 0.000000000000000000, 0.000000000000000000 ) ) ;
#6042 = CARTESIAN_POINT ( 'NONE',  ( 22.44798333931210976, 13.70307343545947454, -2.000000000000000000 ) ) ;
#6043 = CARTESIAN_POINT ( 'NONE',  ( 15.87213422487471881, 20.36431896814134035, 2.100000000000000089 ) ) ;
#6044 = CARTESIAN_POINT ( 'NONE',  ( 0.7237198720499520288, 27.99064497287975684, -2.000000000000000000 ) ) ;
#6045 = CARTESIAN_POINT ( 'NONE',  ( -1.379935885169552234, -26.52839079975560210, -2.000000000000000000 ) ) ;
#6046 = CARTESIAN_POINT ( 'NONE',  ( -4.082273444348693658, 24.25428063893853192, -2.000000000000000000 ) ) ;
#6047 = CARTESIAN_POINT ( 'NONE',  ( -2.035327432088044119, -23.74029248485179266, -2.000000000000000000 ) ) ;
#6048 = ORIENTED_EDGE ( 'NONE', *, *, #3606, .T. ) ;
#6049 = CARTESIAN_POINT ( 'NONE',  ( -18.09985454995500831, -17.82762258356555307, 2.100000000000000089 ) ) ;
#6050 = CARTESIAN_POINT ( 'NONE',  ( 5.376315588043452109, -26.60062371204863396, -2.000000000000000000 ) ) ;
#6051 = CARTESIAN_POINT ( 'NONE',  ( -17.12241726305228084, -21.05518411798322020, 2.099999999999999645 ) ) ;
#6052 = CARTESIAN_POINT ( 'NONE',  ( -23.07262568452397034, 6.675893319502702816, 2.099999999999999645 ) ) ;
#6053 = CARTESIAN_POINT ( 'NONE',  ( 23.00007343659231296, 5.130111501463117563, -2.000000000000000000 ) ) ;
#6054 = CARTESIAN_POINT ( 'NONE',  ( 20.77276083323512168, -16.13005223007173328, -2.000000000000000000 ) ) ;
#6055 = CARTESIAN_POINT ( 'NONE',  ( 18.00520414013334403, -17.66596715945036777, 2.100000000000000089 ) ) ;
#6056 = EDGE_CURVE ( 'NONE', #4666, #2436, #2711, .T. ) ;
#6057 = CARTESIAN_POINT ( 'NONE',  ( 21.23211141880578623, -10.40363348579838565, 2.099999999999999645 ) ) ;
#6058 = ORIENTED_EDGE ( 'NONE', *, *, #3815, .F. ) ;
#6059 = CARTESIAN_POINT ( 'NONE',  ( 25.07504586300960980, -7.932732980984151361, 2.099999999999999645 ) ) ;
#6060 = CARTESIAN_POINT ( 'NONE',  ( -0.7237198720499676829, -27.99064497287975328, -2.000000000000000000 ) ) ;
#6061 = CARTESIAN_POINT ( 'NONE',  ( 24.09676835437406694, 1.005131229266920556, -2.000000000000000000 ) ) ;
#6062 = CARTESIAN_POINT ( 'NONE',  ( 24.19711102278062143, -1.042982032116798852, -2.000000000000000000 ) ) ;
#6063 = DIRECTION ( 'NONE',  ( 0.000000000000000000, 0.000000000000000000, 1.000000000000000000 ) ) ;
#6064 = CARTESIAN_POINT ( 'NONE',  ( 17.71416793792179689, 15.43316205167866784, -2.000000000000000000 ) ) ;
#6065 = FACE_OUTER_BOUND ( 'NONE', #3383, .T. ) ;
#6066 = ORIENTED_EDGE ( 'NONE', *, *, #2852, .F. ) ;
#6067 = EDGE_LOOP ( 'NONE', ( #460, #1635, #4890, #6179 ) ) ;
#6068 = DIRECTION ( 'NONE',  ( 0.9709418174260521228, -0.2393156642875574336, 0.000000000000000000 ) ) ;
#6069 = CARTESIAN_POINT ( 'NONE',  ( -1.555379675915636417, 26.00494379640385390, 2.099999999999999645 ) ) ;
#6070 = CARTESIAN_POINT ( 'NONE',  ( 23.21393719209897100, 4.939781705126463862, -2.000000000000000000 ) ) ;
#6071 = CARTESIAN_POINT ( 'NONE',  ( 12.85055170543023628, 19.95373759773043787, -2.000000000000000000 ) ) ;
#6072 = CARTESIAN_POINT ( 'NONE',  ( -18.51632561903327456, 18.67704107051115869, -2.000000000000000000 ) ) ;
#6073 = CARTESIAN_POINT ( 'NONE',  ( -24.15260079455800479, -7.275001489028700696, -2.000000000000000000 ) ) ;
#6074 = CARTESIAN_POINT ( 'NONE',  ( -7.650756190596020190, 25.73058353783936525, -2.000000000000000000 ) ) ;
#6075 = CARTESIAN_POINT ( 'NONE',  ( 0.8222171190860536605, 27.80350973416702942, 2.100000000000000089 ) ) ;
#6076 = CARTESIAN_POINT ( 'NONE',  ( -10.13323285654343664, -23.09959661296539934, -2.000000000000000000 ) ) ;
#6077 = CARTESIAN_POINT ( 'NONE',  ( 2.320354714939433460, -23.45074361513812278, 2.099999999999999645 ) ) ;
#6078 = CARTESIAN_POINT ( 'NONE',  ( 10.03175227225610655, -22.96619924196638607, 2.099999999999999645 ) ) ;
#6079 = CARTESIAN_POINT ( 'NONE',  ( 23.44696895451521712, 15.30488886934665338, -2.000000000000000000 ) ) ;
#6080 = CARTESIAN_POINT ( 'NONE',  ( 12.88702750944970887, 19.82328597831587658, 2.100000000000000089 ) ) ;
#6081 = PLANE ( 'NONE',  #1457 ) ;
#6082 = CARTESIAN_POINT ( 'NONE',  ( 22.85055158908932782, -6.414095051321351271, 2.100000000000000089 ) ) ;
#6083 = DIRECTION ( 'NONE',  ( -1.000000000000000000, 0.000000000000000000, 0.000000000000000000 ) ) ;
#6084 = CARTESIAN_POINT ( 'NONE',  ( -4.144933467011473027, -24.44197433207706283, -2.000000000000000000 ) ) ;
#6085 = VERTEX_POINT ( 'NONE', #6998 ) ;
#6086 = CARTESIAN_POINT ( 'NONE',  ( -17.64188601445203730, -17.13764696917009189, 2.100000000000000089 ) ) ;
#6087 = CARTESIAN_POINT ( 'NONE',  ( 4.144933467011483685, -24.44197433207706638, -2.000000000000000000 ) ) ;
#6088 = CARTESIAN_POINT ( 'NONE',  ( -2.198555820827210905, -23.54154832015335330, 2.100000000000000089 ) ) ;
#6089 = CARTESIAN_POINT ( 'NONE',  ( -22.73975435582775617, 5.989014764842353067, 2.099999999999999645 ) ) ;
#6090 = CARTESIAN_POINT ( 'NONE',  ( -17.25657676350752823, -16.16318976602640589, -2.000000000000000000 ) ) ;
#6091 = CARTESIAN_POINT ( 'NONE',  ( 17.59296804644544565, -15.58600964088959984, -2.000000000000000000 ) ) ;
#6092 = CARTESIAN_POINT ( 'NONE',  ( -9.873836557350655241, 22.73978747338223272, 2.100000000000000089 ) ) ;
#6093 = CARTESIAN_POINT ( 'NONE',  ( 25.91507308952765243, -10.60230933436159972, -2.000000000000000000 ) ) ;
#6094 = ORIENTED_EDGE ( 'NONE', *, *, #3835, .T. ) ;
#6095 = CARTESIAN_POINT ( 'NONE',  ( 24.86659007404523791, -7.767174896947393492, -2.000000000000000000 ) ) ;
#6096 = CARTESIAN_POINT ( 'NONE',  ( -20.99240193721332659, -10.59640443373927710, -2.000000000000000000 ) ) ;
#6097 = AXIS2_PLACEMENT_3D ( 'NONE', #2145, #2101, #2714 ) ;
#6098 = CARTESIAN_POINT ( 'NONE',  ( -23.50396181942852891, -2.270536500527282371E-15, -2.000000000000000000 ) ) ;
#6099 = DIRECTION ( 'NONE',  ( 0.000000000000000000, 0.000000000000000000, -1.000000000000000000 ) ) ;
#6100 = ADVANCED_FACE ( 'NONE', ( #2829 ), #4151, .F. ) ;
#6101 = CARTESIAN_POINT ( 'NONE',  ( 17.45584392081710590, 15.72474958968643044, -2.000000000000000000 ) ) ;
#6102 = AXIS2_PLACEMENT_3D ( 'NONE', #1759, #4232, #611 ) ;
#6103 = FACE_BOUND ( 'NONE', #1190, .T. ) ;
#6104 = CARTESIAN_POINT ( 'NONE',  ( 18.96747865531317956, -19.95068825634338339, 2.099999999999999645 ) ) ;
#6105 = CIRCLE ( 'NONE', #3268, 1.750000000000003331 ) ;
#6106 = FACE_OUTER_BOUND ( 'NONE', #4627, .T. ) ;
#6107 = CARTESIAN_POINT ( 'NONE',  ( 23.55944914529948520, -0.5232380683118309506, 2.100000000000000089 ) ) ;
#6108 = EDGE_LOOP ( 'NONE', ( #5970, #1436, #224, #315 ) ) ;
#6109 = ORIENTED_EDGE ( 'NONE', *, *, #2805, .F. ) ;
#6110 = VECTOR ( 'NONE', #936, 1000.000000000000000 ) ;
#6111 = CARTESIAN_POINT ( 'NONE',  ( 18.09985454995500120, 17.82762258356555307, 2.099999999999999645 ) ) ;
#6112 = AXIS2_PLACEMENT_3D ( 'NONE', #7075, #3998, #832 ) ;
#6113 = CARTESIAN_POINT ( 'NONE',  ( 22.91929613358906792, 6.515359526762130926, -2.000000000000000000 ) ) ;
#6114 = CARTESIAN_POINT ( 'NONE',  ( 3.952016953262611043, 23.89496924813285617, 2.099999999999999645 ) ) ;
#6115 = CARTESIAN_POINT ( 'NONE',  ( 12.94401591853664968, 20.68877481383771055, -2.000000000000000000 ) ) ;
#6116 = CARTESIAN_POINT ( 'NONE',  ( 21.10401706161572122, -10.48531763796957073, 2.100000000000000089 ) ) ;
#6117 = EDGE_CURVE ( 'NONE', #7704, #3911, #6509, .T. ) ;
#6118 = CARTESIAN_POINT ( 'NONE',  ( -1.840779285638419971, 24.52644730507024562, 2.100000000000000089 ) ) ;
#6119 = CARTESIAN_POINT ( 'NONE',  ( -7.616738452866472109, 23.18530238615923977, 2.099999999999999645 ) ) ;
#6120 = CARTESIAN_POINT ( 'NONE',  ( 1.846803834033445613, 24.33438445894235258, 2.100000000000000089 ) ) ;
#6121 = CARTESIAN_POINT ( 'NONE',  ( -11.10648537714066819, -24.13101166629981265, 2.099999999999999645 ) ) ;
#6122 = CARTESIAN_POINT ( 'NONE',  ( 1.762385718735297591, -25.16282512725968701, -2.000000000000000000 ) ) ;
#6123 = CARTESIAN_POINT ( 'NONE',  ( 10.03175227225610655, -22.96619924196638607, -2.000000000000000000 ) ) ;
#6124 = CARTESIAN_POINT ( 'NONE',  ( 21.38382933992361146, 12.54282366362886059, -2.000000000000000000 ) ) ;
#6125 = CARTESIAN_POINT ( 'NONE',  ( 13.81390900009209233, 19.09181343516791429, 2.100000000000000089 ) ) ;
#6126 = VECTOR ( 'NONE', #885, 1000.000000000000000 ) ;
#6127 = CARTESIAN_POINT ( 'NONE',  ( -23.90532429094090716, 0.9066066167179744895, -2.000000000000000000 ) ) ;
#6128 = DIRECTION ( 'NONE',  ( 0.000000000000000000, 0.000000000000000000, -1.000000000000000000 ) ) ;
#6129 = CARTESIAN_POINT ( 'NONE',  ( -1.846803834033476699, 24.33438445894235613, -2.000000000000000000 ) ) ;
#6130 = ADVANCED_FACE ( 'NONE', ( #7587 ), #3865, .F. ) ;
#6131 = CARTESIAN_POINT ( 'NONE',  ( 0.9676082089280029219, 27.51106945932079384, -2.000000000000000000 ) ) ;
#6132 = EDGE_LOOP ( 'NONE', ( #4471, #1252, #3661, #7269 ) ) ;
#6133 = CARTESIAN_POINT ( 'NONE',  ( -17.32735312033765496, -16.63359376186219762, 2.100000000000000089 ) ) ;
#6134 = EDGE_CURVE ( 'NONE', #1047, #6467, #1852, .T. ) ;
#6135 = CARTESIAN_POINT ( 'NONE',  ( 5.995909907646363557, -27.35048520283300277, -2.000000000000000000 ) ) ;
#6136 = CARTESIAN_POINT ( 'NONE',  ( -1.474499619732447142, -26.25856105065618351, 2.100000000000000089 ) ) ;
#6137 = CARTESIAN_POINT ( 'NONE',  ( -17.32735312033765496, -16.63359376186219762, -2.000000000000000000 ) ) ;
#6138 = CARTESIAN_POINT ( 'NONE',  ( 22.62472946281705077, -16.49610842548438683, -2.000000000000000000 ) ) ;
#6139 = PLANE ( 'NONE',  #7795 ) ;
#6140 = CARTESIAN_POINT ( 'NONE',  ( 23.08741356227222852, -10.60189590196922360, -2.000000000000000000 ) ) ;
#6141 = ORIENTED_EDGE ( 'NONE', *, *, #4671, .F. ) ;
#6142 = CARTESIAN_POINT ( 'NONE',  ( -13.61524630358646171, -23.47600944080825514, -2.000000000000000000 ) ) ;
#6143 = CARTESIAN_POINT ( 'NONE',  ( -9.408316245588480342, 22.09971024729808065, -2.000000000000000000 ) ) ;
#6144 = CARTESIAN_POINT ( 'NONE',  ( -24.56950331401515442, 1.128978604501155836, -2.000000000000000000 ) ) ;
#6145 = CARTESIAN_POINT ( 'NONE',  ( 17.84651532293613485, 15.31230279367191649, -2.000000000000000000 ) ) ;
#6146 = CARTESIAN_POINT ( 'NONE',  ( 23.00007343659231296, 5.130111501463117563, 2.100000000000000089 ) ) ;
#6147 = DIRECTION ( 'NONE',  ( 0.000000000000000000, -0.000000000000000000, -1.000000000000000000 ) ) ;
#6148 = B_SPLINE_CURVE_WITH_KNOTS ( 'NONE', 3,
 ( #795, #2672, #1897, #112, #75, #1290, #3756, #1939, #2593, #2557, #5010, #3841, #4404, #6871, #6300, #4683, #7689, #7160, #2794, #2184, #6383, #5288, #1615, #2144, #4727, #5864, #6506, #2831, #5778, #3431, #5329, #3391, #311, #2222, #4603, #5209, #347, #4640, #7119, #4006, #5906, #1532, #961, #1451, #5249, #5940, #7727, #7768, #6544, #839, #7082, #2713, #1000, #7807, #1571 ),
 .UNSPECIFIED., .F., .F.,
 ( 4, 1, 1, 1, 1, 1, 1, 1, 1, 1, 1, 1, 1, 1, 1, 1, 1, 1, 1, 1, 1, 1, 1, 1, 1, 1, 1, 1, 1, 1, 1, 1, 1, 1, 1, 1, 1, 1, 1, 1, 1, 1, 1, 1, 1, 1, 1, 1, 1, 1, 1, 1, 4 ),
 ( 0.01037070964479239535, 0.06767854499841076399, 0.09884629602760430789, 0.1282330327458526265, 0.1558387551553858108, 0.1816634632588949305, 0.2057071570596704646, 0.2279698365617907063, 0.2484515017704002071, 0.2671521526921107892, 0.2840717893356240475, 0.2992104117127127871, 0.3125680198398574916, 0.3241446137411457817, 0.3339401934538051009, 0.3662021699428081867, 0.3760430630535980256, 0.3856763336118157470, 0.3952492422856400678, 0.4049624801021076692, 0.4150869914083017420, 0.4259748013331248195, 0.4380386266454291411, 0.4516469595390834035, 0.4668849008038628012, 0.4803437228220500677, 0.5000000000000002220, 0.5196562771779504875, 0.5331150991961376429, 0.5483530404609170406, 0.5619613733545713030, 0.5740251986668756246, 0.5849130085916987021, 0.5950375198978927749, 0.6047507577143603763, 0.6143236663881848081, 0.6239569369464024184, 0.6337978300571922574, 0.6660598065461953432, 0.6758553862588546624, 0.6874319801601429525, 0.7007895882872876570, 0.7159282106643762855, 0.7328478473078895439, 0.7515484982296001260, 0.7720301634382096267, 0.7942928429403297574, 0.8183365367411052915, 0.8441612448446143002, 0.8717669672541474846, 0.9011537039723958031, 0.9323214550015893609, 0.9896292903552149633 ),
 .UNSPECIFIED. ) ;
#6149 = CARTESIAN_POINT ( 'NONE',  ( 23.49332454121249825, -0.1947784575707308674, 2.100000000000000089 ) ) ;
#6150 = VERTEX_POINT ( 'NONE', #4662 ) ;
#6151 = ORIENTED_EDGE ( 'NONE', *, *, #4139, .T. ) ;
#6152 = CARTESIAN_POINT ( 'NONE',  ( 18.80342269287539381, 15.26496932198517875, 2.099999999999999645 ) ) ;
#6153 = CARTESIAN_POINT ( 'NONE',  ( -1.145856306001376446, 27.11429446801521692, 2.099999999999999645 ) ) ;
#6154 = EDGE_CURVE ( 'NONE', #6286, #4666, #6892, .T. ) ;
#6155 = CARTESIAN_POINT ( 'NONE',  ( -21.07590994840524345, 12.30361618564757542, -2.000000000000000000 ) ) ;
#6156 = CARTESIAN_POINT ( 'NONE',  ( 4.310684217927220452, 24.85340566964549680, -2.000000000000000000 ) ) ;
#6157 = CARTESIAN_POINT ( 'NONE',  ( 12.83485696772679852, 20.07512121109398251, -2.000000000000000000 ) ) ;
#6158 = CARTESIAN_POINT ( 'NONE',  ( 25.91507308940470722, -10.60230933437667566, 2.100000000000000089 ) ) ;
#6159 = CARTESIAN_POINT ( 'NONE',  ( 7.733032203436366103, 24.00987265162540751, 2.099999999999999645 ) ) ;
#6160 = CARTESIAN_POINT ( 'NONE',  ( -7.988790274807843872, 22.11659910479056279, -2.000000000000000000 ) ) ;
#6161 = CARTESIAN_POINT ( 'NONE',  ( 20.80453127045303674, 12.00354473513043274, -2.000000000000000000 ) ) ;
#6162 = CARTESIAN_POINT ( 'NONE',  ( -22.76403769146248735, -5.811439118492631728, -2.000000000000000000 ) ) ;
#6163 = CARTESIAN_POINT ( 'NONE',  ( 3.359200862297590628, -23.32460485566309316, 2.099999999999999645 ) ) ;
#6164 = CARTESIAN_POINT ( 'NONE',  ( 9.873836557350655241, -22.73978747338223982, 2.099999999999999645 ) ) ;
#6165 = CARTESIAN_POINT ( 'NONE',  ( 21.58955567576247958, 12.72687891813090921, 2.099999999999999645 ) ) ;
#6166 = CARTESIAN_POINT ( 'NONE',  ( 15.68419099428256303, 20.23743569325270997, 2.100000000000000089 ) ) ;
#6167 = DIRECTION ( 'NONE',  ( -1.000000000000000000, 0.000000000000000000, -0.000000000000000000 ) ) ;
#6168 = CARTESIAN_POINT ( 'NONE',  ( -5.183190230475042348, -26.33878392258043277, -2.000000000000000000 ) ) ;
#6169 = CARTESIAN_POINT ( 'NONE',  ( 7.401289683397448194, -27.00409019895759144, -2.000000000000000000 ) ) ;
#6170 = CARTESIAN_POINT ( 'NONE',  ( -3.499191490208533928, -23.38362255772745613, 2.099999999999999645 ) ) ;
#6171 = ORIENTED_EDGE ( 'NONE', *, *, #6006, .F. ) ;
#6172 = CARTESIAN_POINT ( 'NONE',  ( -17.71416793792180044, -15.43316205167866784, 2.100000000000000089 ) ) ;
#6173 = CARTESIAN_POINT ( 'NONE',  ( 1.474499619732455580, -26.25856105065617641, -2.000000000000000000 ) ) ;
#6174 = CARTESIAN_POINT ( 'NONE',  ( -1.824858090210262906, -24.72368248555340031, 2.100000000000000089 ) ) ;
#6175 = CARTESIAN_POINT ( 'NONE',  ( -17.37016481680592150, -16.73146461459393208, -2.000000000000000000 ) ) ;
#6176 = CARTESIAN_POINT ( 'NONE',  ( -21.66370631000717850, 16.34569607223865617, 2.100000000000000089 ) ) ;
#6177 = CARTESIAN_POINT ( 'NONE',  ( -9.673488752447902073, 22.40527988562695327, 2.100000000000000089 ) ) ;
#6178 = CARTESIAN_POINT ( 'NONE',  ( 21.23211141880578623, -10.40363348579838565, -2.000000000000000000 ) ) ;
#6179 = ORIENTED_EDGE ( 'NONE', *, *, #5447, .F. ) ;
#6180 = CARTESIAN_POINT ( 'NONE',  ( -13.02793750094271985, -20.86163776548603721, -2.000000000000000000 ) ) ;
#6181 = CARTESIAN_POINT ( 'NONE',  ( -8.843531895616193239, 21.84292484346595486, -2.000000000000000000 ) ) ;
#6182 = LINE ( 'NONE', #4283, #3770 ) ;
#6183 = CARTESIAN_POINT ( 'NONE',  ( 12.95267602360809889, -19.68627963667922387, -2.000000000000000000 ) ) ;
#6184 = CARTESIAN_POINT ( 'NONE',  ( -24.19711102278062143, -1.042982032116801960, 2.100000000000000089 ) ) ;
#6185 = CARTESIAN_POINT ( 'NONE',  ( 26.06641539771072402, 8.850830286109200529, 2.100000000000000089 ) ) ;
#6186 = CARTESIAN_POINT ( 'NONE',  ( 0.000000000000000000, 0.000000000000000000, 2.100000000000000089 ) ) ;
#6187 = FACE_OUTER_BOUND ( 'NONE', #6794, .T. ) ;
#6188 = CARTESIAN_POINT ( 'NONE',  ( -17.51894836651075593, 21.23397411162330428, -2.000000000000000000 ) ) ;
#6189 = VERTEX_POINT ( 'NONE', #5667 ) ;
#6190 = ORIENTED_EDGE ( 'NONE', *, *, #5313, .F. ) ;
#6191 = CARTESIAN_POINT ( 'NONE',  ( 19.13918860107961351, 15.44754172932143632, -2.000000000000000000 ) ) ;
#6192 = CARTESIAN_POINT ( 'NONE',  ( 14.10020032022225323, -19.09116743896563051, -2.000000000000000000 ) ) ;
#6193 = CARTESIAN_POINT ( 'NONE',  ( -21.23211141880578623, 10.40363348579838387, -2.000000000000000000 ) ) ;
#6194 = CARTESIAN_POINT ( 'NONE',  ( 3.781464864188883279, 23.62174820993211455, 2.099999999999999645 ) ) ;
#6195 = CARTESIAN_POINT ( 'NONE',  ( -23.08741356227222852, 10.60189590196922360, -2.000000000000000000 ) ) ;
#6196 = CARTESIAN_POINT ( 'NONE',  ( 21.23055223844790262, -12.41767842381810816, 2.100000000000000089 ) ) ;
#6197 = CARTESIAN_POINT ( 'NONE',  ( 7.605208680130566279, 22.99453835804834156, 2.099999999999999645 ) ) ;
#6198 = CARTESIAN_POINT ( 'NONE',  ( -7.768531058981745119, 22.33132486425837016, 2.099999999999999645 ) ) ;
#6199 = CARTESIAN_POINT ( 'NONE',  ( 21.48061666422701776, 12.62686802027753785, -2.000000000000000000 ) ) ;
#6200 = CARTESIAN_POINT ( 'NONE',  ( 26.42834229636209642, -9.248929663334747531, 2.100000000000000089 ) ) ;
#6201 = CARTESIAN_POINT ( 'NONE',  ( 7.768531058981743342, -22.33132486425837726, -2.000000000000000000 ) ) ;
#6202 = CARTESIAN_POINT ( 'NONE',  ( 22.12901452267051639, 13.30176109182833244, -2.000000000000000000 ) ) ;
#6203 = DIRECTION ( 'NONE',  ( 0.000000000000000000, -0.000000000000000000, -1.000000000000000000 ) ) ;
#6204 = FACE_BOUND ( 'NONE', #468, .T. ) ;
#6205 = CARTESIAN_POINT ( 'NONE',  ( -4.030460310774755861, -24.06924055886029734, -2.000000000000000000 ) ) ;
#6206 = CARTESIAN_POINT ( 'NONE',  ( -1.680116617298004655, 25.54848055630612791, -2.000000000000000000 ) ) ;
#6207 = CARTESIAN_POINT ( 'NONE',  ( -4.310684217927233775, -24.85340566964549325, 2.099999999999999645 ) ) ;
#6208 = ORIENTED_EDGE ( 'NONE', *, *, #4091, .T. ) ;
#6209 = CARTESIAN_POINT ( 'NONE',  ( -24.66930537037450932, -7.619416278945030818, 2.099999999999999645 ) ) ;
#6210 = CARTESIAN_POINT ( 'NONE',  ( 4.082273444348686553, -24.25428063893853192, -2.000000000000000000 ) ) ;
#6211 = CARTESIAN_POINT ( 'NONE',  ( -1.981471996724997853, -23.84030691368550592, 2.100000000000000089 ) ) ;
#6212 = CARTESIAN_POINT ( 'NONE',  ( -17.64188601445203730, -17.13764696917009189, -2.000000000000000000 ) ) ;
#6213 = CARTESIAN_POINT ( 'NONE',  ( -22.41476736692504090, 16.47086513864621438, 2.100000000000000089 ) ) ;
#6214 = CARTESIAN_POINT ( 'NONE',  ( -27.87379644711745996, 2.655456283891105329, 2.100000000000000089 ) ) ;
#6215 = CARTESIAN_POINT ( 'NONE',  ( 21.23055223844790262, -12.41767842381810816, -2.000000000000000000 ) ) ;
#6216 = ORIENTED_EDGE ( 'NONE', *, *, #7701, .T. ) ;
#6217 = CARTESIAN_POINT ( 'NONE',  ( -5.376315588043460991, 26.60062371204863041, -2.000000000000000000 ) ) ;
#6218 = CARTESIAN_POINT ( 'NONE',  ( -21.23055223844789907, -12.41767842381811171, -2.000000000000000000 ) ) ;
#6219 = CARTESIAN_POINT ( 'NONE',  ( -27.42711506945235556, 2.355539727225831381, -2.000000000000000000 ) ) ;
#6220 = CARTESIAN_POINT ( 'NONE',  ( 7.733032203436366103, 24.00987265162540751, 2.100000000000000089 ) ) ;
#6221 = CARTESIAN_POINT ( 'NONE',  ( -24.56950331401515442, -1.128978604501161387, 2.100000000000000089 ) ) ;
#6222 = CARTESIAN_POINT ( 'NONE',  ( 22.76403769146248379, 5.811439118492644162, 2.100000000000000089 ) ) ;
#6223 = CARTESIAN_POINT ( 'NONE',  ( 18.49458355994168102, 15.17355739294055006, 2.100000000000000089 ) ) ;
#6224 = CARTESIAN_POINT ( 'NONE',  ( 25.03107770533010523, -1.235924829161913374, 2.100000000000000089 ) ) ;
#6225 = ORIENTED_EDGE ( 'NONE', *, *, #4722, .T. ) ;
#6226 = AXIS2_PLACEMENT_3D ( 'NONE', #6528, #3456, #5925 ) ;
#6227 = FACE_OUTER_BOUND ( 'NONE', #6584, .T. ) ;
#6228 = CARTESIAN_POINT ( 'NONE',  ( 18.60089775827983516, 15.19605903441929051, -2.000000000000000000 ) ) ;
#6229 = ADVANCED_FACE ( 'NONE', ( #764 ), #1298, .F. ) ;
#6230 = CARTESIAN_POINT ( 'NONE',  ( 18.01951879751182517, -21.43121365586114280, -2.000000000000000000 ) ) ;
#6231 = CARTESIAN_POINT ( 'NONE',  ( -19.10294300318479088, -20.47138356506643575, -2.000000000000000000 ) ) ;
#6232 = CARTESIAN_POINT ( 'NONE',  ( 3.612999446203277287, 23.45707906485273497, 2.099999999999999645 ) ) ;
#6233 = CARTESIAN_POINT ( 'NONE',  ( -21.10401706161572122, 10.48531763796956895, -2.000000000000000000 ) ) ;
#6234 = VECTOR ( 'NONE', #1388, 1000.000000000000000 ) ;
#6235 = CARTESIAN_POINT ( 'NONE',  ( 7.650756190596012196, 25.73058353783937235, 2.099999999999999645 ) ) ;
#6236 = CARTESIAN_POINT ( 'NONE',  ( 11.33585971340118981, -24.33300811744742020, 2.100000000000000089 ) ) ;
#6237 = CARTESIAN_POINT ( 'NONE',  ( 13.15214330072517690, 21.16307668733837488, -2.000000000000000000 ) ) ;
#6238 = AXIS2_PLACEMENT_3D ( 'NONE', #586, #3066, #5533 ) ;
#6239 = CARTESIAN_POINT ( 'NONE',  ( -10.03175227225609767, -22.96619924196638962, 2.100000000000000089 ) ) ;
#6240 = CARTESIAN_POINT ( 'NONE',  ( -23.74358889077459622, -4.778072828450338427, 2.099999999999999645 ) ) ;
#6241 = DIRECTION ( 'NONE',  ( -0.000000000000000000, -0.000000000000000000, -1.000000000000000000 ) ) ;
#6242 = CARTESIAN_POINT ( 'NONE',  ( 7.733032203436371432, -24.00987265162541462, -2.000000000000000000 ) ) ;
#6243 = CARTESIAN_POINT ( 'NONE',  ( 22.59408972245014624, 10.50532236015859056, -2.000000000000000000 ) ) ;
#6244 = CARTESIAN_POINT ( 'NONE',  ( 1.726035193247317912, -25.34659078107458896, 2.100000000000000089 ) ) ;
#6245 = CARTESIAN_POINT ( 'NONE',  ( 7.720532692246926842, 23.84272921084243890, -2.000000000000000000 ) ) ;
#6246 = CARTESIAN_POINT ( 'NONE',  ( 2.105634209995030925, 23.64010634127341959, -2.000000000000000000 ) ) ;
#6247 = CARTESIAN_POINT ( 'NONE',  ( 14.84924240491750069, 14.84924240491749714, 2.100000000000001865 ) ) ;
#6248 = CARTESIAN_POINT ( 'NONE',  ( 24.12574046566792063, -4.783694468719406068, -2.000000000000000000 ) ) ;
#6249 = CARTESIAN_POINT ( 'NONE',  ( -3.204373604290277289, -23.29585190159430041, 2.099999999999999645 ) ) ;
#6250 = EDGE_LOOP ( 'NONE', ( #7684, #6985, #1901, #333 ) ) ;
#6251 = CARTESIAN_POINT ( 'NONE',  ( -24.15260079455800479, -7.275001489028700696, 2.099999999999999645 ) ) ;
#6252 = CARTESIAN_POINT ( 'NONE',  ( -23.76414829993700906, 7.060866680122685146, 2.100000000000000089 ) ) ;
#6253 = EDGE_CURVE ( 'NONE', #4645, #297, #7530, .T. ) ;
#6254 = CARTESIAN_POINT ( 'NONE',  ( -17.83462167525289033, -17.40060223031303721, -2.000000000000000000 ) ) ;
#6255 = CARTESIAN_POINT ( 'NONE',  ( 21.47582202528875328, 10.32148794313316387, 2.100000000000000089 ) ) ;
#6256 = CARTESIAN_POINT ( 'NONE',  ( -7.605208680130574272, 22.99453835804833801, 2.100000000000000089 ) ) ;
#6257 = CARTESIAN_POINT ( 'NONE',  ( 20.86952096496492004, -12.08832612917522553, 2.099999999999999645 ) ) ;
#6258 = VERTEX_POINT ( 'NONE', #8014 ) ;
#6259 = CARTESIAN_POINT ( 'NONE',  ( -15.36687483434010204, -20.00332296475709271, -2.000000000000000000 ) ) ;
#6260 = CARTESIAN_POINT ( 'NONE',  ( -7.605208680130574272, 22.99453835804833801, -2.000000000000000000 ) ) ;
#6261 = DIRECTION ( 'NONE',  ( -0.000000000000000000, -0.000000000000000000, -1.000000000000000000 ) ) ;
#6262 = CARTESIAN_POINT ( 'NONE',  ( 13.04949915500205115, -19.56208827861912525, -2.000000000000000000 ) ) ;
#6263 = CARTESIAN_POINT ( 'NONE',  ( -24.76338133992250334, 1.168557790373918381, 2.100000000000000089 ) ) ;
#6264 = CARTESIAN_POINT ( 'NONE',  ( 23.10489730742583703, 5.020145956116689234, 2.100000000000000089 ) ) ;
#6265 = CARTESIAN_POINT ( 'NONE',  ( 22.41476736692497340, 16.47086513864622148, 2.100000000000000089 ) ) ;
#6266 = CARTESIAN_POINT ( 'NONE',  ( 22.62472946281705077, -16.49610842548438683, -2.000000000000000000 ) ) ;
#6267 = EDGE_LOOP ( 'NONE', ( #4841, #4158, #4128, #283 ) ) ;
#6268 = CARTESIAN_POINT ( 'NONE',  ( 27.50168352227337465, -4.167564993327544265, 2.099999999999999645 ) ) ;
#6269 = CARTESIAN_POINT ( 'NONE',  ( 17.29220078062824939, 16.53076698689343615, -2.000000000000000000 ) ) ;
#6270 = CARTESIAN_POINT ( 'NONE',  ( -21.35721522671292760, 10.35169942632023066, -2.000000000000000000 ) ) ;
#6271 = CARTESIAN_POINT ( 'NONE',  ( 3.705239350424536671, 23.53752846792088960, 2.099999999999999645 ) ) ;
#6272 = CARTESIAN_POINT ( 'NONE',  ( -20.62323650117463103, 11.56374771533979384, 2.099999999999999645 ) ) ;
#6273 = CARTESIAN_POINT ( 'NONE',  ( 7.733573568718047575, 24.87706067138157451, 2.099999999999999645 ) ) ;
#6274 = CARTESIAN_POINT ( 'NONE',  ( -23.08741356227222852, 10.60189590196922360, 2.100000000000000089 ) ) ;
#6275 = CARTESIAN_POINT ( 'NONE',  ( 4.310684217927220452, 24.85340566964549680, 2.100000000000000089 ) ) ;
#6276 = CARTESIAN_POINT ( 'NONE',  ( -10.53741832910564646, -23.57101921525815769, 2.100000000000000089 ) ) ;
#6277 = CARTESIAN_POINT ( 'NONE',  ( -20.86952096496492004, -12.08832612917523264, 2.100000000000000089 ) ) ;
#6278 = CARTESIAN_POINT ( 'NONE',  ( 9.408316245588480342, -22.09971024729808420, -2.000000000000000000 ) ) ;
#6279 = CARTESIAN_POINT ( 'NONE',  ( 21.69704443755539813, 10.30300297322496661, 2.099999999999999645 ) ) ;
#6280 = CARTESIAN_POINT ( 'NONE',  ( 1.906741771391420315, -24.04223096406908056, 2.100000000000000089 ) ) ;
#6281 = CARTESIAN_POINT ( 'NONE',  ( -0.000000000000000000, 0.000000000000000000, -2.000000000000000000 ) ) ;
#6282 = CARTESIAN_POINT ( 'NONE',  ( 1.623578263684192224, 25.76808346599205279, -2.000000000000000000 ) ) ;
#6283 = CARTESIAN_POINT ( 'NONE',  ( 22.41476736700680661, -16.47086513865797031, -2.000000000000000000 ) ) ;
#6284 = CARTESIAN_POINT ( 'NONE',  ( 25.88937528683163336, -4.628868634690435968, -2.000000000000000000 ) ) ;
#6285 = CARTESIAN_POINT ( 'NONE',  ( 1.623578263684192224, 25.76808346599205279, 2.099999999999999645 ) ) ;
#6286 = VERTEX_POINT ( 'NONE', #6231 ) ;
#6287 = CARTESIAN_POINT ( 'NONE',  ( -22.09150218632039397, -16.42439464915885594, 2.100000000000000089 ) ) ;
#6288 = LINE ( 'NONE', #2012, #7148 ) ;
#6289 = FACE_OUTER_BOUND ( 'NONE', #7772, .T. ) ;
#6290 = CARTESIAN_POINT ( 'NONE',  ( 22.90269961712298752, 10.57072003481732381, 2.100000000000000089 ) ) ;
#6291 = CARTESIAN_POINT ( 'NONE',  ( -13.46232027610273718, -22.30341320457492671, 2.100000000000000089 ) ) ;
#6292 = CARTESIAN_POINT ( 'NONE',  ( 22.44798333931210976, -13.70307343545945322, -2.000000000000000000 ) ) ;
#6293 = EDGE_LOOP ( 'NONE', ( #7006, #1488 ) ) ;
#6294 = CARTESIAN_POINT ( 'NONE',  ( -4.852431640496140730, 25.84840584550508069, -2.000000000000000000 ) ) ;
#6295 = CARTESIAN_POINT ( 'NONE',  ( -21.98040231662191246, -13.13048226772782634, 2.099999999999999645 ) ) ;
#6296 = DIRECTION ( 'NONE',  ( -1.000000000000000000, 0.000000000000000000, 0.000000000000000000 ) ) ;
#6297 = CARTESIAN_POINT ( 'NONE',  ( 7.733573568718047575, 24.87706067138157451, 2.100000000000000089 ) ) ;
#6298 = EDGE_CURVE ( 'NONE', #910, #2638, #5018, .T. ) ;
#6299 = CARTESIAN_POINT ( 'NONE',  ( 24.31153459173803455, 7.374154019703455631, 2.099999999999999645 ) ) ;
#6300 = CARTESIAN_POINT ( 'NONE',  ( -19.31055424225242945, 15.54648119520596161, -2.000000000000000000 ) ) ;
#6301 = CARTESIAN_POINT ( 'NONE',  ( 24.59949625084631464, 4.790317889056124656, 2.100000000000000089 ) ) ;
#6302 = CARTESIAN_POINT ( 'NONE',  ( 18.25928954266904469, 15.16201400375275199, 2.100000000000000089 ) ) ;
#6303 = CARTESIAN_POINT ( 'NONE',  ( 13.96529143882091439, -19.07901412642182848, 2.100000000000000089 ) ) ;
#6304 = CARTESIAN_POINT ( 'NONE',  ( -13.66345410753368483, 19.13830577319235360, -2.000000000000000000 ) ) ;
#6305 = ORIENTED_EDGE ( 'NONE', *, *, #7422, .F. ) ;
#6306 = CARTESIAN_POINT ( 'NONE',  ( -16.59924240491749714, 14.84924240491749536, 2.100000000000001865 ) ) ;
#6307 = CARTESIAN_POINT ( 'NONE',  ( 18.49458355994168102, 15.17355739294055006, -2.000000000000000000 ) ) ;
#6308 = CARTESIAN_POINT ( 'NONE',  ( -21.47582202528876039, 10.32148794313314610, -2.000000000000000000 ) ) ;
#6309 = CARTESIAN_POINT ( 'NONE',  ( -17.45584392081711655, 15.72474958968641801, -2.000000000000000000 ) ) ;
#6310 = CARTESIAN_POINT ( 'NONE',  ( -21.91017567687078227, 10.32144346381599576, 2.099999999999999645 ) ) ;
#6311 = CARTESIAN_POINT ( 'NONE',  ( 7.705310163655073374, 23.69563005194942917, 2.099999999999999645 ) ) ;
#6312 = CARTESIAN_POINT ( 'NONE',  ( -20.65156267108764254, 11.69620803915341689, 2.100000000000000089 ) ) ;
#6313 = CARTESIAN_POINT ( 'NONE',  ( 13.58617081224543277, 23.15195374360799008, 2.099999999999999645 ) ) ;
#6314 = CARTESIAN_POINT ( 'NONE',  ( -12.19289813512185816, -25.00088857611621052, 2.100000000000000089 ) ) ;
#6315 = CARTESIAN_POINT ( 'NONE',  ( -22.85055158908931716, -6.414095051321358376, -2.000000000000000000 ) ) ;
#6316 = CARTESIAN_POINT ( 'NONE',  ( -22.61633054543464638, -13.93417863138606805, 2.100000000000000089 ) ) ;
#6317 = CARTESIAN_POINT ( 'NONE',  ( 7.656852614504657595, -23.37322600383987492, -2.000000000000000000 ) ) ;
#6318 = CARTESIAN_POINT ( 'NONE',  ( 24.02931632081061863, 10.69009516955078354, 2.099999999999999645 ) ) ;
#6319 = CARTESIAN_POINT ( 'NONE',  ( 5.644338589960113950, -26.94321158142446393, 2.100000000000000089 ) ) ;
#6320 = DIRECTION ( 'NONE',  ( 0.000000000000000000, -0.000000000000000000, -1.000000000000000000 ) ) ;
#6321 = CARTESIAN_POINT ( 'NONE',  ( 1.555379675915602666, 26.00494379640384679, -2.000000000000000000 ) ) ;
#6322 = CARTESIAN_POINT ( 'NONE',  ( 17.28752988749540620, -16.01445386190351172, -2.000000000000000000 ) ) ;
#6323 = CARTESIAN_POINT ( 'NONE',  ( 24.00794390784557919, -7.190340088713003119, -2.000000000000000000 ) ) ;
#6324 = CARTESIAN_POINT ( 'NONE',  ( 2.035327432088031241, 23.74029248485179622, -2.000000000000000000 ) ) ;
#6325 = ORIENTED_EDGE ( 'NONE', *, *, #2304, .F. ) ;
#6326 = CARTESIAN_POINT ( 'NONE',  ( -26.42834229644417476, -9.248929663427633230, -2.000000000000000000 ) ) ;
#6327 = CARTESIAN_POINT ( 'NONE',  ( -25.62785817443976910, 4.678588802317960926, 2.100000000000000089 ) ) ;
#6328 = CARTESIAN_POINT ( 'NONE',  ( -18.97770164392054326, -15.34339570340775971, -2.000000000000000000 ) ) ;
#6329 = CARTESIAN_POINT ( 'NONE',  ( 21.98040231662190891, 13.13048226772783877, 2.100000000000000089 ) ) ;
#6330 = CARTESIAN_POINT ( 'NONE',  ( -16.82973023395796730, -20.91308632741409923, 2.100000000000000089 ) ) ;
#6332 = EDGE_CURVE ( 'NONE', #5372, #2227, #3266, .T. ) ;
#6331 = ORIENTED_EDGE ( 'NONE', *, *, #2971, .F. ) ;
#6333 = CARTESIAN_POINT ( 'NONE',  ( -17.82169893237850289, -21.35645667456332575, -2.000000000000000000 ) ) ;
#6334 = CARTESIAN_POINT ( 'NONE',  ( -21.70974829699418507, -12.84369887095659912, 2.099999999999999645 ) ) ;
#6335 = FACE_OUTER_BOUND ( 'NONE', #5535, .T. ) ;
#6336 = CARTESIAN_POINT ( 'NONE',  ( 7.688595528318259653, 23.56854007989867483, 2.100000000000000089 ) ) ;
#6337 = CARTESIAN_POINT ( 'NONE',  ( 23.40793038981978924, 6.902300070437923374, -2.000000000000000000 ) ) ;
#6338 = CARTESIAN_POINT ( 'NONE',  ( 23.44696895445778395, 15.30488886923690650, 2.100000000000000089 ) ) ;
#6339 = FACE_OUTER_BOUND ( 'NONE', #1039, .T. ) ;
#6340 = CARTESIAN_POINT ( 'NONE',  ( 19.70744990308223876, 15.74452889495768915, 2.100000000000000089 ) ) ;
#6341 = CARTESIAN_POINT ( 'NONE',  ( -15.02890815691219295, 19.71604682249877527, 2.099999999999999645 ) ) ;
#6342 = ORIENTED_EDGE ( 'NONE', *, *, #4865, .F. ) ;
#6343 = B_SPLINE_CURVE_WITH_KNOTS ( 'NONE', 3,
 ( #142, #6213, #2623, #6176, #5733, #4477, #7559, #786, #3261, #7390, #4960, #6781, #1240, #1888, #4355, #6819, #1281, #1486, #870, #3301, #5898, #3340, #2744, #339, #3381, #1524, #5119, #952, #6416, #1561, #2214, #261, #2176, #7682, #2665, #5771, #5200, #5157, #4078, #7599, #4673, #4632, #3423, #222, #4555, #6536, #7720, #992, #5855, #4033, #6455, #6495, #7112, #7150, #2823 ),
 .UNSPECIFIED., .F., .F.,
 ( 4, 1, 1, 1, 1, 1, 1, 1, 1, 1, 1, 1, 1, 1, 1, 1, 1, 1, 1, 1, 1, 1, 1, 1, 1, 1, 1, 1, 1, 1, 1, 1, 1, 1, 1, 1, 1, 1, 1, 1, 1, 1, 1, 1, 1, 1, 1, 1, 1, 1, 1, 1, 4 ),
 ( 0.01037070964479239535, 0.06767854499841075011, 0.09884629602760430789, 0.1282330327458526265, 0.1558387551553858108, 0.1816634632588949305, 0.2057071570596704646, 0.2279698365617907063, 0.2484515017704002071, 0.2671521526921107892, 0.2840717893356240475, 0.2992104117127127871, 0.3125680198398574916, 0.3241446137411457817, 0.3339401934538051009, 0.3662021699428081867, 0.3760430630535980256, 0.3856763336118157470, 0.3952492422856400678, 0.4049624801021076692, 0.4150869914083017420, 0.4259748013331248195, 0.4380386266454291411, 0.4516469595390834035, 0.4668849008038628012, 0.4803437228220500677, 0.5000000000000002220, 0.5196562771779504875, 0.5331150991961376429, 0.5483530404609170406, 0.5619613733545713030, 0.5740251986668756246, 0.5849130085916987021, 0.5950375198978927749, 0.6047507577143603763, 0.6143236663881848081, 0.6239569369464024184, 0.6337978300571922574, 0.6660598065461953432, 0.6758553862588546624, 0.6874319801601429525, 0.7007895882872877680, 0.7159282106643762855, 0.7328478473078895439, 0.7515484982296001260, 0.7720301634382096267, 0.7942928429403297574, 0.8183365367411052915, 0.8441612448446143002, 0.8717669672541474846, 0.9011537039723958031, 0.9323214550015893609, 0.9896292903552003084 ),
 .UNSPECIFIED. ) ;
#6344 = CARTESIAN_POINT ( 'NONE',  ( -27.50168352219545653, -4.167564993355163949, 2.100000000000000089 ) ) ;
#6345 = CARTESIAN_POINT ( 'NONE',  ( 19.70744990308223876, 15.74452889495768915, 2.099999999999999645 ) ) ;
#6346 = EDGE_CURVE ( 'NONE', #984, #1482, #4386, .T. ) ;
#6347 = CARTESIAN_POINT ( 'NONE',  ( -7.743106042156100877, -24.63076208136010337, 2.099999999999999645 ) ) ;
#6348 = CARTESIAN_POINT ( 'NONE',  ( -17.64188601445204441, 17.13764696917008123, -2.000000000000000000 ) ) ;
#6349 = CARTESIAN_POINT ( 'NONE',  ( -24.02931632081063995, 10.69009516955076933, -2.000000000000000000 ) ) ;
#6350 = CARTESIAN_POINT ( 'NONE',  ( 9.408316245588475013, 22.09971024729808775, 2.099999999999999645 ) ) ;
#6351 = CARTESIAN_POINT ( 'NONE',  ( -20.69407544885352124, 11.81098159931166336, 2.100000000000000089 ) ) ;
#6352 = AXIS2_PLACEMENT_3D ( 'NONE', #2732, #4504, #3905 ) ;
#6353 = CARTESIAN_POINT ( 'NONE',  ( 13.46232027610273363, 22.30341320457493026, 2.099999999999999645 ) ) ;
#6354 = CARTESIAN_POINT ( 'NONE',  ( 22.90269961712298752, 10.57072003481732381, -2.000000000000000000 ) ) ;
#6355 = CARTESIAN_POINT ( 'NONE',  ( 21.58843454132472317, -10.30659784155100667, -2.000000000000000000 ) ) ;
#6356 = EDGE_CURVE ( 'NONE', #1933, #5482, #2627, .T. ) ;
#6357 = VECTOR ( 'NONE', #7787, 1000.000000000000000 ) ;
#6358 = CARTESIAN_POINT ( 'NONE',  ( -22.73828148979403707, -10.53816474365923384, 2.100000000000000089 ) ) ;
#6359 = CARTESIAN_POINT ( 'NONE',  ( 7.688496923001413741, -25.42728370346968347, -2.000000000000000000 ) ) ;
#6360 = LINE ( 'NONE', #2535, #4814 ) ;
#6361 = PLANE ( 'NONE',  #5853 ) ;
#6362 = CARTESIAN_POINT ( 'NONE',  ( -5.008822010445505235, 26.08776424953685336, 2.100000000000000089 ) ) ;
#6363 = CARTESIAN_POINT ( 'NONE',  ( -25.75863198250611319, 8.543467069173791728, 2.099999999999999645 ) ) ;
#6364 = CARTESIAN_POINT ( 'NONE',  ( 1.824858090210248696, 24.72368248555340386, -2.000000000000000000 ) ) ;
#6365 = CARTESIAN_POINT ( 'NONE',  ( 21.66370631000717495, -16.34569607223865617, 2.099999999999999645 ) ) ;
#6366 = CARTESIAN_POINT ( 'NONE',  ( 23.40793038981979990, -6.902300070437902946, -2.000000000000000000 ) ) ;
#6367 = CARTESIAN_POINT ( 'NONE',  ( 1.379935885169537357, 26.52839079975560566, -2.000000000000000000 ) ) ;
#6368 = VECTOR ( 'NONE', #5361, 1000.000000000000000 ) ;
#6369 = ORIENTED_EDGE ( 'NONE', *, *, #3606, .F. ) ;
#6370 = CARTESIAN_POINT ( 'NONE',  ( -7.605208680130565391, -22.99453835804834867, 2.099999999999999645 ) ) ;
#6371 = CARTESIAN_POINT ( 'NONE',  ( -22.62472946281696196, -16.49610842548438683, 2.100000000000000089 ) ) ;
#6372 = CARTESIAN_POINT ( 'NONE',  ( -23.58537593626265050, 6.976039544898362976, 2.100000000000000089 ) ) ;
#6373 = CARTESIAN_POINT ( 'NONE',  ( -27.69989816623196788, -2.535120532296397666, -2.000000000000000000 ) ) ;
#6374 = DIRECTION ( 'NONE',  ( -0.000000000000000000, -0.000000000000000000, -1.000000000000000000 ) ) ;
#6375 = CARTESIAN_POINT ( 'NONE',  ( -13.58617081224543632, -23.15195374360798652, 2.100000000000000089 ) ) ;
#6376 = EDGE_LOOP ( 'NONE', ( #3879, #6710, #4870, #4061 ) ) ;
#6377 = EDGE_CURVE ( 'NONE', #7318, #5372, #3893, .T. ) ;
#6378 = CARTESIAN_POINT ( 'NONE',  ( -22.28520553958148653, -13.49243943284463398, 2.099999999999999645 ) ) ;
#6379 = CARTESIAN_POINT ( 'NONE',  ( 16.55868018414818010, -20.77185239767592151, -2.000000000000000000 ) ) ;
#6380 = CARTESIAN_POINT ( 'NONE',  ( -14.84924240491748826, -14.84924240491749892, -3.599999999999998757 ) ) ;
#6381 = CARTESIAN_POINT ( 'NONE',  ( 9.673488752447894967, 22.40527988562696393, 2.100000000000000089 ) ) ;
#6382 = CARTESIAN_POINT ( 'NONE',  ( 22.76403769146248379, 5.811439118492644162, 2.099999999999999645 ) ) ;
#6383 = CARTESIAN_POINT ( 'NONE',  ( -18.49458355994169878, 15.17355739294053940, -2.000000000000000000 ) ) ;
#6384 = CYLINDRICAL_SURFACE ( 'NONE', #2503, 1.750000000000000444 ) ;
#6385 = CARTESIAN_POINT ( 'NONE',  ( 27.69932686549418932, -4.092342562581358756, -2.000000000000000000 ) ) ;
#6386 = CARTESIAN_POINT ( 'NONE',  ( 25.03107770533010523, 1.235924829161913818, -2.000000000000000000 ) ) ;
#6387 = CARTESIAN_POINT ( 'NONE',  ( -13.02793750094272696, 20.86163776548603366, -2.000000000000000000 ) ) ;
#6388 = VERTEX_POINT ( 'NONE', #847 ) ;
#6389 = CARTESIAN_POINT ( 'NONE',  ( -22.85055158908931716, -6.414095051321358376, 2.100000000000000089 ) ) ;
#6390 = CARTESIAN_POINT ( 'NONE',  ( 25.19179192507393239, 1.283507464112907170, 2.099999999999999645 ) ) ;
#6391 = CARTESIAN_POINT ( 'NONE',  ( -21.23055223844790262, 12.41767842381810638, -2.000000000000000000 ) ) ;
#6392 = CARTESIAN_POINT ( 'NONE',  ( -17.59296804644544920, 15.58600964088959806, -2.000000000000000000 ) ) ;
#6393 = CARTESIAN_POINT ( 'NONE',  ( 0.000000000000000000, -0.000000000000000000, -2.000000000000000000 ) ) ;
#6394 = CARTESIAN_POINT ( 'NONE',  ( 7.657608382361889454, 22.56335699501520509, 2.099999999999999645 ) ) ;
#6395 = CARTESIAN_POINT ( 'NONE',  ( -20.81172461973597620, 10.92283569232044904, 2.100000000000000089 ) ) ;
#6396 = CARTESIAN_POINT ( 'NONE',  ( 12.88716835993242071, 20.50631329690558147, 2.099999999999999645 ) ) ;
#6397 = CARTESIAN_POINT ( 'NONE',  ( 21.47582202528875328, 10.32148794313316387, -2.000000000000000000 ) ) ;
#6398 = ADVANCED_FACE ( 'NONE', ( #5256 ), #6515, .F. ) ;
#6399 = CARTESIAN_POINT ( 'NONE',  ( 23.76349960547259599, -10.67578541799515612, -2.000000000000000000 ) ) ;
#6400 = CARTESIAN_POINT ( 'NONE',  ( -3.025165651672274691, 23.29855380546641186, -2.000000000000000000 ) ) ;
#6401 = DIRECTION ( 'NONE',  ( 0.000000000000000000, 0.000000000000000000, -1.000000000000000000 ) ) ;
#6402 = CARTESIAN_POINT ( 'NONE',  ( 24.31514428139131567, 10.69735948946560633, -2.000000000000000000 ) ) ;
#6403 = CARTESIAN_POINT ( 'NONE',  ( 1.790249464186372208, -24.99754724227145530, 2.100000000000000089 ) ) ;
#6404 = CARTESIAN_POINT ( 'NONE',  ( -3.781464864188913477, 23.62174820993211455, 2.100000000000000089 ) ) ;
#6405 = CARTESIAN_POINT ( 'NONE',  ( 7.401289683397457075, 27.00409019895751328, -2.000000000000000000 ) ) ;
#6406 = EDGE_CURVE ( 'NONE', #5494, #2392, #3442, .T. ) ;
#6407 = CARTESIAN_POINT ( 'NONE',  ( 14.84924240491750069, 14.84924240491749714, -3.599999999999998757 ) ) ;
#6408 = CARTESIAN_POINT ( 'NONE',  ( 20.51809281624190007, -16.05254419007954780, -2.000000000000000000 ) ) ;
#6409 = DIRECTION ( 'NONE',  ( -0.000000000000000000, -0.000000000000000000, -1.000000000000000000 ) ) ;
#6410 = CARTESIAN_POINT ( 'NONE',  ( 2.320354714939412144, 23.45074361513812633, -2.000000000000000000 ) ) ;
#6411 = ORIENTED_EDGE ( 'NONE', *, *, #5407, .F. ) ;
#6412 = CARTESIAN_POINT ( 'NONE',  ( -7.656852614504648713, -23.37322600383987847, 2.099999999999999645 ) ) ;
#6413 = CARTESIAN_POINT ( 'NONE',  ( 23.81253063529220171, -0.8410884408854197858, 2.099999999999999645 ) ) ;
#6414 = CARTESIAN_POINT ( 'NONE',  ( -24.31153459173803810, 7.374154019703423657, 2.100000000000000089 ) ) ;
#6415 = CARTESIAN_POINT ( 'NONE',  ( -19.70744990308224232, -15.74452889495768915, 2.099999999999999645 ) ) ;
#6416 = CARTESIAN_POINT ( 'NONE',  ( -17.45584392081711655, 15.72474958968641801, 2.100000000000000089 ) ) ;
#6417 = CARTESIAN_POINT ( 'NONE',  ( -15.68419099428256658, -20.23743569325270641, 2.100000000000000089 ) ) ;
#6418 = VERTEX_POINT ( 'NONE', #7697 ) ;
#6419 = B_SPLINE_CURVE_WITH_KNOTS ( 'NONE', 3,
 ( #5505, #2570, #7979, #5023, #3690, #4901, #3204, #7375, #1222, #1349, #690, #6844, #1305, #6199, #7540, #600, #5594, #3168, #3121, #6161, #7497, #5673, #5634, #1954, #4418, #6931, #4945, #3080, #5546, #3816, #3, #1874, #3284, #6397, #7658, #853, #7017, #2915, #5713, #3899, #891, #4169, #3322, #6354, #7582, #1424, #5336, #4498, #284, #167, #1654, #428, #5374, #1041, #5836 ),
 .UNSPECIFIED., .F., .F.,
 ( 4, 1, 1, 1, 1, 1, 1, 1, 1, 1, 1, 1, 1, 1, 1, 1, 1, 1, 1, 1, 1, 1, 1, 1, 1, 1, 1, 1, 1, 1, 1, 1, 1, 1, 1, 1, 1, 1, 1, 1, 1, 1, 1, 1, 1, 1, 1, 1, 1, 1, 1, 1, 4 ),
 ( 0.01037070964479178299, 0.06767854499841075011, 0.09884629602760430789, 0.1282330327458526265, 0.1558387551553858108, 0.1816634632588949305, 0.2057071570596704646, 0.2279698365617907063, 0.2484515017704002071, 0.2671521526921107892, 0.2840717893356240475, 0.2992104117127127871, 0.3125680198398574916, 0.3241446137411457817, 0.3339401934538051009, 0.3662021699428081867, 0.3760430630535980256, 0.3856763336118157470, 0.3952492422856400678, 0.4049624801021076692, 0.4150869914083017420, 0.4259748013331248195, 0.4380386266454291411, 0.4516469595390834035, 0.4668849008038628012, 0.4803437228220500677, 0.5000000000000002220, 0.5196562771779504875, 0.5331150991961376429, 0.5483530404609170406, 0.5619613733545713030, 0.5740251986668756246, 0.5849130085916987021, 0.5950375198978927749, 0.6047507577143603763, 0.6143236663881848081, 0.6239569369464024184, 0.6337978300571922574, 0.6660598065461954542, 0.6758553862588546624, 0.6874319801601429525, 0.7007895882872876570, 0.7159282106643762855, 0.7328478473078896549, 0.7515484982296001260, 0.7720301634382096267, 0.7942928429403297574, 0.8183365367411052915, 0.8441612448446143002, 0.8717669672541474846, 0.9011537039723958031, 0.9323214550015893609, 0.9896292903552158515 ),
 .UNSPECIFIED. ) ;
#6420 = CARTESIAN_POINT ( 'NONE',  ( -20.89282384029109707, -10.74542454372254596, 2.099999999999999645 ) ) ;
#6421 = CARTESIAN_POINT ( 'NONE',  ( 13.35177211813242515, -19.34338136197018798, 2.099999999999999645 ) ) ;
#6422 = CARTESIAN_POINT ( 'NONE',  ( -13.64897234010369331, -24.23668188081809305, 2.099999999999999645 ) ) ;
#6423 = CARTESIAN_POINT ( 'NONE',  ( 12.36707919775595599, 25.12081464776623463, 2.100000000000000089 ) ) ;
#6424 = DIRECTION ( 'NONE',  ( 0.000000000000000000, 0.000000000000000000, 1.000000000000000000 ) ) ;
#6425 = CYLINDRICAL_SURFACE ( 'NONE', #286, 1.749999999999996447 ) ;
#6426 = CARTESIAN_POINT ( 'NONE',  ( -15.68419099428257013, 20.23743569325269931, 2.100000000000000089 ) ) ;
#6427 = CARTESIAN_POINT ( 'NONE',  ( 12.88702750944971420, -19.82328597831586947, 2.100000000000000089 ) ) ;
#6428 = CARTESIAN_POINT ( 'NONE',  ( -13.81390900009209943, 19.09181343516790719, 2.099999999999999645 ) ) ;
#6429 = ORIENTED_EDGE ( 'NONE', *, *, #1232, .T. ) ;
#6430 = CARTESIAN_POINT ( 'NONE',  ( 24.76692767734245137, -4.782579349257312984, 2.099999999999999645 ) ) ;
#6431 = CARTESIAN_POINT ( 'NONE',  ( 20.28441937235455583, 15.97411852388380638, -2.000000000000000000 ) ) ;
#6432 = CARTESIAN_POINT ( 'NONE',  ( -21.84033501313437142, 12.97800555654220389, -2.000000000000000000 ) ) ;
#6433 = CARTESIAN_POINT ( 'NONE',  ( -19.87933552333218401, 15.81900378855655553, 2.099999999999999645 ) ) ;
#6434 = CARTESIAN_POINT ( 'NONE',  ( -22.12901452267052704, 13.30176109182831112, 2.099999999999999645 ) ) ;
#6435 = CARTESIAN_POINT ( 'NONE',  ( 7.601435196559586771, -26.05218098595103982, 2.100000000000000089 ) ) ;
#6436 = CARTESIAN_POINT ( 'NONE',  ( 15.23641901094384998, 19.89808777236047987, 2.099999999999999645 ) ) ;
#6437 = ORIENTED_EDGE ( 'NONE', *, *, #1340, .F. ) ;
#6438 = CARTESIAN_POINT ( 'NONE',  ( -21.84033501313436787, -12.97800555654220922, -2.000000000000000000 ) ) ;
#6439 = CARTESIAN_POINT ( 'NONE',  ( 20.65156267108764254, -11.69620803915341867, -2.000000000000000000 ) ) ;
#6440 = CARTESIAN_POINT ( 'NONE',  ( -3.781464864188913477, 23.62174820993211455, -2.000000000000000000 ) ) ;
#6441 = CARTESIAN_POINT ( 'NONE',  ( 24.48402185937396425, 7.488679734998076931, -2.000000000000000000 ) ) ;
#6442 = CARTESIAN_POINT ( 'NONE',  ( 13.64872344093925527, 24.44815585854593820, -2.000000000000000000 ) ) ;
#6443 = CARTESIAN_POINT ( 'NONE',  ( -11.92825694638518286, 24.80951218106821088, -2.000000000000000000 ) ) ;
#6444 = CARTESIAN_POINT ( 'NONE',  ( -4.852431640496140730, 25.84840584550508069, 2.100000000000000089 ) ) ;
#6445 = CARTESIAN_POINT ( 'NONE',  ( -18.25928954266905180, -15.16201400375275199, -2.000000000000000000 ) ) ;
#6446 = CYLINDRICAL_SURFACE ( 'NONE', #1968, 1.750000000000003331 ) ;
#6447 = CARTESIAN_POINT ( 'NONE',  ( 17.98147192499884639, -15.23115522593613136, 2.099999999999999645 ) ) ;
#6448 = CARTESIAN_POINT ( 'NONE',  ( 8.512968716744138575, -21.89757064776837225, -2.000000000000000000 ) ) ;
#6449 = ORIENTED_EDGE ( 'NONE', *, *, #5161, .F. ) ;
#6450 = CARTESIAN_POINT ( 'NONE',  ( -7.865059710290380757, -22.21401039568610969, 2.099999999999999645 ) ) ;
#6451 = CARTESIAN_POINT ( 'NONE',  ( 23.19083041061901440, -14.83174276022292837, 2.100000000000000089 ) ) ;
#6452 = CARTESIAN_POINT ( 'NONE',  ( 23.72154950710865506, -0.7592181733933789367, 2.099999999999999645 ) ) ;
#6453 = CARTESIAN_POINT ( 'NONE',  ( -10.38530154243853154, -23.40284517865930880, -2.000000000000000000 ) ) ;
#6454 = CARTESIAN_POINT ( 'NONE',  ( -21.34551800689747125, -16.27777197600732251, -2.000000000000000000 ) ) ;
#6455 = CARTESIAN_POINT ( 'NONE',  ( -18.73200657000872837, 19.22781655172587278, 2.100000000000000089 ) ) ;
#6456 = CARTESIAN_POINT ( 'NONE',  ( -16.08024905276407068, -20.49638744246056277, 2.100000000000000089 ) ) ;
#6457 = ORIENTED_EDGE ( 'NONE', *, *, #5560, .T. ) ;
#6458 = CARTESIAN_POINT ( 'NONE',  ( -22.09815905990547691, -10.35588323418788015, 2.099999999999999645 ) ) ;
#6459 = CARTESIAN_POINT ( 'NONE',  ( 14.88619985382990407, -19.57897187542434736, 2.099999999999999645 ) ) ;
#6460 = DIRECTION ( 'NONE',  ( -1.000000000000000000, 0.000000000000000000, 0.000000000000000000 ) ) ;
#6461 = CARTESIAN_POINT ( 'NONE',  ( -22.62472946281712538, -16.49610842548440459, -2.000000000000000000 ) ) ;
#6462 = CARTESIAN_POINT ( 'NONE',  ( 0.000000000000000000, 0.000000000000000000, 2.100000000000002309 ) ) ;
#6463 = CARTESIAN_POINT ( 'NONE',  ( 26.16863607189503682, 4.567518758412593805, 2.100000000000000089 ) ) ;
#6464 = CARTESIAN_POINT ( 'NONE',  ( -17.51894836647310782, 21.23397411160632942, 2.100000000000000089 ) ) ;
#6465 = CARTESIAN_POINT ( 'NONE',  ( 12.84317218923419723, -20.29695877980780949, 2.100000000000000089 ) ) ;
#6466 = CARTESIAN_POINT ( 'NONE',  ( -13.10549974122803008, 21.04367979295773239, 2.099999999999999645 ) ) ;
#6467 = VERTEX_POINT ( 'NONE', #277 ) ;
#6468 = CARTESIAN_POINT ( 'NONE',  ( 24.32345666766048353, -4.791663430616639907, -2.000000000000000000 ) ) ;
#6469 = CARTESIAN_POINT ( 'NONE',  ( 26.50130185302208830, 1.827769560624223022, 2.099999999999999645 ) ) ;
#6470 = CARTESIAN_POINT ( 'NONE',  ( -22.61633054543465704, 13.93417863138606450, -2.000000000000000000 ) ) ;
#6471 = CARTESIAN_POINT ( 'NONE',  ( -18.70321540207056898, 15.22676155773647544, -2.000000000000000000 ) ) ;
#6472 = CARTESIAN_POINT ( 'NONE',  ( -21.23055223844790262, 12.41767842381810638, -2.000000000000000000 ) ) ;
#6473 = CARTESIAN_POINT ( 'NONE',  ( 7.701896059577425291, -22.44925656542959302, 2.100000000000000089 ) ) ;
#6474 = CARTESIAN_POINT ( 'NONE',  ( 16.08024905276406713, 20.49638744246056632, -2.000000000000000000 ) ) ;
#6475 = ADVANCED_FACE ( 'NONE', ( #5219 ), #1237, .F. ) ;
#6476 = CARTESIAN_POINT ( 'NONE',  ( -26.77848301813145326, -4.405768766048603347, 2.099999999999999645 ) ) ;
#6477 = CARTESIAN_POINT ( 'NONE',  ( -2.833089530561789360, 23.33259147460854166, 2.099999999999999645 ) ) ;
#6478 = DIRECTION ( 'NONE',  ( 0.000000000000000000, 0.000000000000000000, -1.000000000000000000 ) ) ;
#6479 = CARTESIAN_POINT ( 'NONE',  ( -13.96529143882091439, 19.07901412642182848, -2.000000000000000000 ) ) ;
#6480 = CARTESIAN_POINT ( 'NONE',  ( -10.25081980592599429, 23.24542008693365958, -2.000000000000000000 ) ) ;
#6481 = AXIS2_PLACEMENT_3D ( 'NONE', #5662, #2675, #5013 ) ;
#6482 = LINE ( 'NONE', #5230, #656 ) ;
#6483 = CARTESIAN_POINT ( 'NONE',  ( 11.92825694635270395, 24.80951218104273792, -2.000000000000000000 ) ) ;
#6484 = FACE_OUTER_BOUND ( 'NONE', #6592, .T. ) ;
#6485 = CARTESIAN_POINT ( 'NONE',  ( 10.70787966366669686, -23.74905515802276312, -2.000000000000000000 ) ) ;
#6486 = ORIENTED_EDGE ( 'NONE', *, *, #19, .T. ) ;
#6487 = STYLED_ITEM ( 'NONE', ( #1123 ), #1806 ) ;
#6488 = CARTESIAN_POINT ( 'NONE',  ( -9.230471089887526404, -21.96684885186929748, -2.000000000000000000 ) ) ;
#6489 = CARTESIAN_POINT ( 'NONE',  ( 4.482856113983134883, -25.20816636816325484, -2.000000000000000000 ) ) ;
#6490 = CARTESIAN_POINT ( 'NONE',  ( 26.77150907641003386, -1.970609361940795390, 2.099999999999999645 ) ) ;
#6491 = CARTESIAN_POINT ( 'NONE',  ( -10.03175227225609767, -22.96619924196638962, -2.000000000000000000 ) ) ;
#6492 = AXIS2_PLACEMENT_3D ( 'NONE', #2152, #3316, #2762 ) ;
#6493 = AXIS2_PLACEMENT_3D ( 'NONE', #1452, #5167, #3273 ) ;
#6494 = CARTESIAN_POINT ( 'NONE',  ( -24.09676835437406694, -1.005131229266923665, -2.000000000000000000 ) ) ;
#6495 = CARTESIAN_POINT ( 'NONE',  ( -18.83778878485559716, 19.53549755878801264, 2.100000000000000089 ) ) ;
#6496 = CARTESIAN_POINT ( 'NONE',  ( -2.463801941912927784, -23.38577358155836095, -2.000000000000000000 ) ) ;
#6497 = ORIENTED_EDGE ( 'NONE', *, *, #829, .F. ) ;
#6498 = VECTOR ( 'NONE', #6623, 1000.000000000000000 ) ;
#6499 = CARTESIAN_POINT ( 'NONE',  ( -20.61769535193586478, -11.41192623884528601, -2.000000000000000000 ) ) ;
#6500 = AXIS2_PLACEMENT_3D ( 'NONE', #7738, #4735, #7702 ) ;
#6501 = EDGE_CURVE ( 'NONE', #5870, #6021, #1980, .T. ) ;
#6502 = CARTESIAN_POINT ( 'NONE',  ( 12.85055170543025049, -19.95373759773044142, -2.000000000000000000 ) ) ;
#6503 = CARTESIAN_POINT ( 'NONE',  ( -13.04949915500204760, -19.56208827861912525, -2.000000000000000000 ) ) ;
#6504 = DIRECTION ( 'NONE',  ( 0.000000000000000000, 0.000000000000000000, 1.000000000000000000 ) ) ;
#6505 = CARTESIAN_POINT ( 'NONE',  ( 24.95373504430678580, 4.768644361883088045, 2.099999999999999645 ) ) ;
#6506 = CARTESIAN_POINT ( 'NONE',  ( -17.71416793792180400, 15.43316205167865540, -2.000000000000000000 ) ) ;
#6507 = CARTESIAN_POINT ( 'NONE',  ( 0.000000000000000000, 21.00000000000000000, 2.100000000000001865 ) ) ;
#6508 = CARTESIAN_POINT ( 'NONE',  ( -13.02793750094272696, 20.86163776548603366, 2.100000000000000089 ) ) ;
#6509 = CIRCLE ( 'NONE', #3795, 27.99999957948218920 ) ;
#6510 = CARTESIAN_POINT ( 'NONE',  ( 23.49332454121249825, 0.1947784575707320609, -2.000000000000000000 ) ) ;
#6511 = ORIENTED_EDGE ( 'NONE', *, *, #3815, .T. ) ;
#6512 = CARTESIAN_POINT ( 'NONE',  ( 22.79134869580807177, -6.292262679950364479, 2.099999999999999645 ) ) ;
#6513 = LINE ( 'NONE', #3279, #6514 ) ;
#6514 = VECTOR ( 'NONE', #6963, 1000.000000000000000 ) ;
#6515 = PLANE ( 'NONE',  #6492 ) ;
#6516 = CARTESIAN_POINT ( 'NONE',  ( 13.64872344093926237, -24.44815585854601636, -2.000000000000000000 ) ) ;
#6517 = LINE ( 'NONE', #2231, #2765 ) ;
#6518 = CARTESIAN_POINT ( 'NONE',  ( -22.74999999999999645, -3.903127820947815962E-15, -3.599999999999998757 ) ) ;
#6519 = CARTESIAN_POINT ( 'NONE',  ( 13.96529143882090196, 19.07901412642182848, -2.000000000000000000 ) ) ;
#6520 = VERTEX_POINT ( 'NONE', #3043 ) ;
#6521 = CARTESIAN_POINT ( 'NONE',  ( 20.89282384029110062, -10.74542454372254241, -2.000000000000000000 ) ) ;
#6522 = CARTESIAN_POINT ( 'NONE',  ( -3.705239350424565981, 23.53752846792088604, -2.000000000000000000 ) ) ;
#6523 = LINE ( 'NONE', #3451, #6110 ) ;
#6524 = CARTESIAN_POINT ( 'NONE',  ( -12.84317218923419723, 20.29695877980780949, -2.000000000000000000 ) ) ;
#6525 = CARTESIAN_POINT ( 'NONE',  ( -9.324636732261669891, 22.03037936177864964, -2.000000000000000000 ) ) ;
#6526 = CARTESIAN_POINT ( 'NONE',  ( -2.638449045045081487, 23.34550970278806759, 2.100000000000000089 ) ) ;
#6527 = CARTESIAN_POINT ( 'NONE',  ( -17.28752988749540265, -16.01445386190352238, -2.000000000000000000 ) ) ;
#6528 = CARTESIAN_POINT ( 'NONE',  ( -22.81713236683327395, -5.623918026294843386, -2.000000000000000000 ) ) ;
#6529 = CARTESIAN_POINT ( 'NONE',  ( 7.601435196559586771, -26.05218098595103982, -2.000000000000000000 ) ) ;
#6530 = EDGE_LOOP ( 'NONE', ( #3478, #6875, #1166, #3679 ) ) ;
#6531 = CARTESIAN_POINT ( 'NONE',  ( -9.484645845787888163, -22.17444536155052504, 2.099999999999999645 ) ) ;
#6532 = CARTESIAN_POINT ( 'NONE',  ( 5.183190230475051230, -26.33878392258043277, 2.099999999999999645 ) ) ;
#6533 = CARTESIAN_POINT ( 'NONE',  ( 27.05471844848150909, -2.130765319231056942, -2.000000000000000000 ) ) ;
#6534 = CARTESIAN_POINT ( 'NONE',  ( -7.656852614504648713, -23.37322600383987847, -2.000000000000000000 ) ) ;
#6535 = CARTESIAN_POINT ( 'NONE',  ( -27.42711506948768729, -2.355539727247164539, -2.000000000000000000 ) ) ;
#6536 = CARTESIAN_POINT ( 'NONE',  ( -18.19936168673941168, 18.00918889841834414, 2.100000000000000089 ) ) ;
#6537 = CARTESIAN_POINT ( 'NONE',  ( -1.840779285638403318, -24.52644730507024562, -2.000000000000000000 ) ) ;
#6538 = EDGE_LOOP ( 'NONE', ( #954, #1499 ) ) ;
#6539 = CARTESIAN_POINT ( 'NONE',  ( -22.59408972245015335, -10.50532236015857990, -2.000000000000000000 ) ) ;
#6540 = CARTESIAN_POINT ( 'NONE',  ( 13.50856635788135840, -22.56556696682679686, 2.099999999999999645 ) ) ;
#6541 = CARTESIAN_POINT ( 'NONE',  ( -12.83364937058816224, -20.18870745851076975, 2.099999999999999645 ) ) ;
#6542 = CARTESIAN_POINT ( 'NONE',  ( -27.19385050690372552, 4.276646238553095891, -2.000000000000000000 ) ) ;
#6543 = CARTESIAN_POINT ( 'NONE',  ( 27.19385050690373617, 4.276646238553127866, -2.000000000000000000 ) ) ;
#6544 = CARTESIAN_POINT ( 'NONE',  ( -18.51632561903327456, 18.67704107051115869, -2.000000000000000000 ) ) ;
#6545 = CARTESIAN_POINT ( 'NONE',  ( 17.98147192499884639, -15.23115522593613136, 2.100000000000000089 ) ) ;
#6546 = CARTESIAN_POINT ( 'NONE',  ( -17.12241726305228084, 21.05518411798320955, 2.100000000000000089 ) ) ;
#6547 = CARTESIAN_POINT ( 'NONE',  ( 13.64180598451631177, -23.91017226872972046, 2.100000000000000089 ) ) ;
#6548 = CARTESIAN_POINT ( 'NONE',  ( -13.61524630358647414, 23.47600944080825869, -2.000000000000000000 ) ) ;
#6549 = ORIENTED_EDGE ( 'NONE', *, *, #168, .F. ) ;
#6550 = CARTESIAN_POINT ( 'NONE',  ( 22.74963530479514873, -6.146178943449467802, 2.099999999999999645 ) ) ;
#6551 = EDGE_CURVE ( 'NONE', #485, #2435, #4986, .T. ) ;
#6552 = DIRECTION ( 'NONE',  ( -0.9709418174260517898, -0.2393156642875586271, 0.000000000000000000 ) ) ;
#6553 = CARTESIAN_POINT ( 'NONE',  ( -21.07590994840524345, 12.30361618564757542, -2.000000000000000000 ) ) ;
#6554 = CARTESIAN_POINT ( 'NONE',  ( 10.03175227225609945, 22.96619924196638607, -2.000000000000000000 ) ) ;
#6555 = CARTESIAN_POINT ( 'NONE',  ( 7.988790274807842096, -22.11659910479056634, 2.100000000000000089 ) ) ;
#6556 = CARTESIAN_POINT ( 'NONE',  ( 15.87213422487471881, 20.36431896814134035, -2.000000000000000000 ) ) ;
#6557 = ORIENTED_EDGE ( 'NONE', *, *, #3216, .T. ) ;
#6558 = CARTESIAN_POINT ( 'NONE',  ( 7.401289683397437535, 27.00409019895759144, -2.000000000000000000 ) ) ;
#6559 = CARTESIAN_POINT ( 'NONE',  ( -5.008822010445505235, 26.08776424953685336, 2.099999999999999645 ) ) ;
#6560 = CARTESIAN_POINT ( 'NONE',  ( 26.06641539771072402, 8.850830286109200529, -2.000000000000000000 ) ) ;
#6561 = CARTESIAN_POINT ( 'NONE',  ( -12.83485696772680562, 20.07512121109397896, -2.000000000000000000 ) ) ;
#6562 = CARTESIAN_POINT ( 'NONE',  ( -9.873836557350655241, 22.73978747338223272, 2.099999999999999645 ) ) ;
#6563 = CARTESIAN_POINT ( 'NONE',  ( -1.881261915648305694, 24.14640443156747196, 2.100000000000000089 ) ) ;
#6564 = CARTESIAN_POINT ( 'NONE',  ( -17.35181857730700017, -15.87069998699208995, -2.000000000000000000 ) ) ;
#6565 = DIRECTION ( 'NONE',  ( 0.8854560256532099105, -0.4647231720437684510, 0.000000000000000000 ) ) ;
#6566 = CARTESIAN_POINT ( 'NONE',  ( 7.523321135858857645, -26.48008397883698350, -2.000000000000000000 ) ) ;
#6567 = CARTESIAN_POINT ( 'NONE',  ( 3.902347153244135836, -23.79992060087550954, 2.099999999999999645 ) ) ;
#6568 = CARTESIAN_POINT ( 'NONE',  ( 27.05471844848150909, -2.130765319231056942, 2.099999999999999645 ) ) ;
#6569 = CARTESIAN_POINT ( 'NONE',  ( -7.701896059577412856, -22.44925656542958592, -2.000000000000000000 ) ) ;
#6570 = CARTESIAN_POINT ( 'NONE',  ( -24.56950331401515442, -1.128978604501161387, -2.000000000000000000 ) ) ;
#6571 = CARTESIAN_POINT ( 'NONE',  ( 26.16863607189503682, -4.567518758412567159, 2.100000000000000089 ) ) ;
#6572 = CARTESIAN_POINT ( 'NONE',  ( -1.846803834033459157, -24.33438445894234903, 2.099999999999999645 ) ) ;
#6573 = VERTEX_POINT ( 'NONE', #7417 ) ;
#6574 = EDGE_CURVE ( 'NONE', #297, #5214, #6419, .T. ) ;
#6575 = CARTESIAN_POINT ( 'NONE',  ( -22.27987727495454706, -10.41835660743990566, 2.099999999999999645 ) ) ;
#6576 = CARTESIAN_POINT ( 'NONE',  ( 12.88716835993242960, -20.50631329690557436, 2.099999999999999645 ) ) ;
#6577 = CARTESIAN_POINT ( 'NONE',  ( -14.32589460713082019, -19.15868494228939056, -2.000000000000000000 ) ) ;
#6578 = CARTESIAN_POINT ( 'NONE',  ( -22.85726476338738067, 5.433202019314275155, 2.099999999999999645 ) ) ;
#6579 = CARTESIAN_POINT ( 'NONE',  ( 24.45163473737931881, 4.792937194118093380, 2.099999999999999645 ) ) ;
#6580 = CARTESIAN_POINT ( 'NONE',  ( 18.00520414013334403, -17.66596715945036777, -2.000000000000000000 ) ) ;
#6581 = CARTESIAN_POINT ( 'NONE',  ( 19.55560045884525522, -15.67357176803117724, 2.100000000000000089 ) ) ;
#6582 = CARTESIAN_POINT ( 'NONE',  ( -13.30747633062666146, 21.64116298680352202, 2.100000000000000089 ) ) ;
#6583 = CARTESIAN_POINT ( 'NONE',  ( -13.46232027610274784, 22.30341320457493381, -2.000000000000000000 ) ) ;
#6584 = EDGE_LOOP ( 'NONE', ( #6625, #2957, #4452, #2903 ) ) ;
#6585 = CARTESIAN_POINT ( 'NONE',  ( 22.85055158908932782, -6.414095051321351271, 2.099999999999999645 ) ) ;
#6586 = CARTESIAN_POINT ( 'NONE',  ( -21.23055223844789907, -12.41767842381811171, -2.000000000000000000 ) ) ;
#6587 = DIRECTION ( 'NONE',  ( -0.000000000000000000, -0.000000000000000000, 1.000000000000000000 ) ) ;
#6588 = CARTESIAN_POINT ( 'NONE',  ( 10.38530154243853154, 23.40284517865930169, 2.099999999999999645 ) ) ;
#6589 = CARTESIAN_POINT ( 'NONE',  ( 27.87379644711760207, -2.655456283891122649, -2.000000000000000000 ) ) ;
#6590 = CARTESIAN_POINT ( 'NONE',  ( 17.45584392081711655, -15.72474958968642156, 2.099999999999999645 ) ) ;
#6591 = B_SPLINE_SURFACE_WITH_KNOTS ( 'NONE', 3, 1, ( 
 ( #6230, #5583 ),
 ( #43, #2669 ),
 ( #3161, #2479 ),
 ( #267, #5627 ),
 ( #4333, #6797 ),
 ( #6379, #6836 ),
 ( #4978, #2749 ),
 ( #7079, #1904 ),
 ( #6996, #8013 ),
 ( #7449, #5206 ),
 ( #189, #7640 ),
 ( #4934, #4370 ),
 ( #1255, #1446 ),
 ( #7409, #2095 ),
 ( #634, #1297 ),
 ( #5162, #6459 ),
 ( #7041, #836 ),
 ( #4561, #2141 ),
 ( #7686, #2057 ),
 ( #7603, #3305 ),
 ( #5775, #5122 ),
 ( #3722, #226 ),
 ( #6192, #3764 ),
 ( #683, #3113 ),
 ( #913, #2709 ),
 ( #3962, #4519 ),
 ( #1528, #4002 ),
 ( #1490, #6421 ),
 ( #874, #3344 ),
 ( #5816, #4600 ),
 ( #3386, #1865 ),
 ( #3469, #957 ),
 ( #6502, #2297 ),
 ( #5364, #4120 ),
 ( #5936, #7195 ),
 ( #2905, #4757 ),
 ( #7876, #5860 ),
 ( #1645, #6576 ),
 ( #5246, #1031 ),
 ( #6655, #3506 ),
 ( #2218, #5282 ),
 ( #6615, #7156 ),
 ( #7115, #1111 ),
 ( #2864, #5973 ),
 ( #418, #5902 ),
 ( #381, #2181 ),
 ( #2940, #5325 ),
 ( #4082, #3427 ),
 ( #7841, #6540 ),
 ( #7231, #6014 ),
 ( #5399, #7802 ),
 ( #343, #1070 ),
 ( #996, #2258 ),
 ( #453, #4723 ),
 ( #4160, #1611 ) ),
 .UNSPECIFIED., .F., .F., .F.,
 ( 4, 1, 1, 1, 1, 1, 1, 1, 1, 1, 1, 1, 1, 1, 1, 1, 1, 1, 1, 1, 1, 1, 1, 1, 1, 1, 1, 1, 1, 1, 1, 1, 1, 1, 1, 1, 1, 1, 1, 1, 1, 1, 1, 1, 1, 1, 1, 1, 1, 1, 1, 1, 4 ),
 ( 2, 2 ),
 ( 0.01037070963360204462, 0.06767854499841075011, 0.09884629602760430789, 0.1282330327458526265, 0.1558387551553858108, 0.1816634632588949305, 0.2057071570596704646, 0.2279698365617907063, 0.2484515017704002071, 0.2671521526921107892, 0.2840717893356240475, 0.2992104117127127871, 0.3125680198398574916, 0.3241446137411457817, 0.3339401934538051009, 0.3662021699428081867, 0.3760430630535980256, 0.3856763336118157470, 0.3952492422856400678, 0.4049624801021076692, 0.4150869914083017420, 0.4259748013331248195, 0.4380386266454291411, 0.4516469595390834035, 0.4668849008038628012, 0.4803437228220500677, 0.5000000000000002220, 0.5196562771779504875, 0.5331150991961376429, 0.5483530404609170406, 0.5619613733545713030, 0.5740251986668756246, 0.5849130085916987021, 0.5950375198978927749, 0.6047507577143603763, 0.6143236663881848081, 0.6239569369464024184, 0.6337978300571922574, 0.6660598065461953432, 0.6758553862588546624, 0.6874319801601429525, 0.7007895882872876570, 0.7159282106643762855, 0.7328478473078895439, 0.7515484982296001260, 0.7720301634382096267, 0.7942928429403297574, 0.8183365367411052915, 0.8441612448446143002, 0.8717669672541474846, 0.9011537039723958031, 0.9323214550015893609, 0.9896292903664016816 ),
 ( 0.000000000000000000, 1.000000000000000000 ),
 .UNSPECIFIED. ) ;
#6592 = EDGE_LOOP ( 'NONE', ( #504, #1689, #1575, #3919 ) ) ;
#6593 = EDGE_CURVE ( 'NONE', #116, #6635, #5792, .T. ) ;
#6594 = DIRECTION ( 'NONE',  ( 0.000000000000000000, -0.000000000000000000, -1.000000000000000000 ) ) ;
#6595 = CARTESIAN_POINT ( 'NONE',  ( -1.906741771391428530, 24.04223096406908056, 2.099999999999999645 ) ) ;
#6596 = EDGE_CURVE ( 'NONE', #116, #4997, #5218, .T. ) ;
#6597 = CARTESIAN_POINT ( 'NONE',  ( 23.53223775966786846, 4.811173829118842171, -2.000000000000000000 ) ) ;
#6598 = CARTESIAN_POINT ( 'NONE',  ( -12.88716835993242960, 20.50631329690557436, -2.000000000000000000 ) ) ;
#6599 = CARTESIAN_POINT ( 'NONE',  ( -9.484645845787898821, 22.17444536155052148, -2.000000000000000000 ) ) ;
#6600 = CARTESIAN_POINT ( 'NONE',  ( -23.53223775966787201, -4.811173829118829737, -2.000000000000000000 ) ) ;
#6601 = CARTESIAN_POINT ( 'NONE',  ( -18.96747865530085875, -19.95068825630396603, -2.000000000000000000 ) ) ;
#6602 = CARTESIAN_POINT ( 'NONE',  ( 21.00000000000000355, 2.602085213965210642E-15, -3.599999999999998757 ) ) ;
#6603 = CARTESIAN_POINT ( 'NONE',  ( 7.605017794998038205, -22.88729425358476632, -2.000000000000000000 ) ) ;
#6604 = B_SPLINE_CURVE_WITH_KNOTS ( 'NONE', 3,
 ( #2886, #5459, #4216, #6675, #5497, #1130, #3601, #4255, #398, #509, #2396, #4854, #7972, #6714, #1171, #2439, #7368, #1818, #4293, #6759, #588, #6832, #3760, #1900, #7404, #7363, #1165, #5492, #6149, #1861, #6107, #7445, #3108, #4407, #3194, #3068, #5623, #5534, #79, #4329, #3678, #2520, #6224, #1294, #2474, #8008, #5663, #4366, #3636, #679, #3718, #5578, #5014, #3157, #38 ),
 .UNSPECIFIED., .F., .F.,
 ( 4, 1, 1, 1, 1, 1, 1, 1, 1, 1, 1, 1, 1, 1, 1, 1, 1, 1, 1, 1, 1, 1, 1, 1, 1, 1, 1, 1, 1, 1, 1, 1, 1, 1, 1, 1, 1, 1, 1, 1, 1, 1, 1, 1, 1, 1, 1, 1, 1, 1, 1, 1, 4 ),
 ( 0.01037070964479166850, 0.06767854499841075011, 0.09884629602760430789, 0.1282330327458526265, 0.1558387551553858108, 0.1816634632588949305, 0.2057071570596704646, 0.2279698365617907063, 0.2484515017704002071, 0.2671521526921107892, 0.2840717893356240475, 0.2992104117127127871, 0.3125680198398574916, 0.3241446137411457817, 0.3339401934538051009, 0.3662021699428081867, 0.3760430630535980256, 0.3856763336118157470, 0.3952492422856400678, 0.4049624801021076692, 0.4150869914083017420, 0.4259748013331248195, 0.4380386266454290856, 0.4516469595390834035, 0.4668849008038628012, 0.4803437228220500677, 0.5000000000000002220, 0.5196562771779504875, 0.5331150991961376429, 0.5483530404609170406, 0.5619613733545713030, 0.5740251986668756246, 0.5849130085916987021, 0.5950375198978927749, 0.6047507577143603763, 0.6143236663881848081, 0.6239569369464024184, 0.6337978300571922574, 0.6660598065461953432, 0.6758553862588546624, 0.6874319801601429525, 0.7007895882872876570, 0.7159282106643762855, 0.7328478473078895439, 0.7515484982296001260, 0.7720301634382096267, 0.7942928429403297574, 0.8183365367411052915, 0.8441612448446143002, 0.8717669672541474846, 0.9011537039723958031, 0.9323214550015893609, 0.9896292903552004194 ),
 .UNSPECIFIED. ) ;
#6605 = CARTESIAN_POINT ( 'NONE',  ( -10.89735721165042115, -23.93603524774559332, 2.099999999999999645 ) ) ;
#6606 = CARTESIAN_POINT ( 'NONE',  ( 3.846120836016039490, -23.70909028424117082, -2.000000000000000000 ) ) ;
#6607 = CARTESIAN_POINT ( 'NONE',  ( 0.000000000000000000, 0.000000000000000000, 2.100000000000000089 ) ) ;
#6608 = CARTESIAN_POINT ( 'NONE',  ( -7.612592773523887857, -22.78073832991432823, -2.000000000000000000 ) ) ;
#6609 = CARTESIAN_POINT ( 'NONE',  ( -26.50130185302208830, -1.827769560624226131, 2.099999999999999645 ) ) ;
#6610 = CARTESIAN_POINT ( 'NONE',  ( 23.40793038981979990, -6.902300070437902946, 2.100000000000000089 ) ) ;
#6611 = CARTESIAN_POINT ( 'NONE',  ( -1.145856306001357350, -27.11429446801520271, 2.099999999999999645 ) ) ;
#6612 = CIRCLE ( 'NONE', #662, 27.99999957948218920 ) ;
#6613 = ORIENTED_EDGE ( 'NONE', *, *, #949, .T. ) ;
#6614 = DIRECTION ( 'NONE',  ( -0.000000000000000000, -0.000000000000000000, -1.000000000000000000 ) ) ;
#6615 = CARTESIAN_POINT ( 'NONE',  ( 13.15214330072518933, -21.16307668733837488, -2.000000000000000000 ) ) ;
#6616 = VECTOR ( 'NONE', #5025, 1000.000000000000000 ) ;
#6617 = CARTESIAN_POINT ( 'NONE',  ( -12.83485696772680029, -20.07512121109398251, 2.099999999999999645 ) ) ;
#6618 = CARTESIAN_POINT ( 'NONE',  ( -22.74963530479514873, 6.146178943449458920, -2.000000000000000000 ) ) ;
#6619 = CARTESIAN_POINT ( 'NONE',  ( 24.32345666766047643, 4.791663430616663000, -2.000000000000000000 ) ) ;
#6620 = CARTESIAN_POINT ( 'NONE',  ( 17.91646094264595845, -17.52377780514962424, -2.000000000000000000 ) ) ;
#6621 = CARTESIAN_POINT ( 'NONE',  ( 17.84651532293614196, -15.31230279367190406, 2.100000000000000089 ) ) ;
#6622 = CARTESIAN_POINT ( 'NONE',  ( 20.99240193721332304, -10.59640443373927354, -2.000000000000000000 ) ) ;
#6623 = DIRECTION ( 'NONE',  ( -0.000000000000000000, -0.000000000000000000, -1.000000000000000000 ) ) ;
#6624 = CIRCLE ( 'NONE', #7922, 18.00000000000000000 ) ;
#6625 = ORIENTED_EDGE ( 'NONE', *, *, #5037, .T. ) ;
#6626 = VECTOR ( 'NONE', #1411, 1000.000000000000000 ) ;
#6627 = CARTESIAN_POINT ( 'NONE',  ( -13.64872344093925882, -24.44815585854593820, -2.000000000000000000 ) ) ;
#6628 = CARTESIAN_POINT ( 'NONE',  ( -7.988790274807843872, 22.11659910479056279, -2.000000000000000000 ) ) ;
#6629 = PLANE ( 'NONE',  #7260 ) ;
#6630 = CIRCLE ( 'NONE', #6238, 27.99999957948218920 ) ;
#6631 = LINE ( 'NONE', #673, #4040 ) ;
#6632 = CARTESIAN_POINT ( 'NONE',  ( 18.30266578660392796, 18.21105589998884611, -2.000000000000000000 ) ) ;
#6633 = CARTESIAN_POINT ( 'NONE',  ( 17.32735312033766206, -16.63359376186218697, -2.000000000000000000 ) ) ;
#6634 = CARTESIAN_POINT ( 'NONE',  ( 16.55868018414817655, 20.77185239767593217, 2.099999999999999645 ) ) ;
#6635 = VERTEX_POINT ( 'NONE', #2648 ) ;
#6636 = CARTESIAN_POINT ( 'NONE',  ( 23.19083041061904638, -14.83174276022297455, -2.000000000000000000 ) ) ;
#6637 = CARTESIAN_POINT ( 'NONE',  ( -2.638449045045081487, 23.34550970278806759, -2.000000000000000000 ) ) ;
#6638 = CARTESIAN_POINT ( 'NONE',  ( 24.76692767734244782, 4.782579349257336965, -2.000000000000000000 ) ) ;
#6639 = CARTESIAN_POINT ( 'NONE',  ( 17.51894836647311848, 21.23397411160634363, -2.000000000000000000 ) ) ;
#6640 = CARTESIAN_POINT ( 'NONE',  ( -13.64872344093926237, 24.44815585854601636, -2.000000000000000000 ) ) ;
#6641 = CARTESIAN_POINT ( 'NONE',  ( -1.981471996725014506, 23.84030691368550237, 2.100000000000000089 ) ) ;
#6642 = CARTESIAN_POINT ( 'NONE',  ( -8.148726673636449647, 22.03570943365874157, -2.000000000000000000 ) ) ;
#6643 = CARTESIAN_POINT ( 'NONE',  ( -11.58603556222320030, -24.54102139527088156, 2.099999999999999645 ) ) ;
#6644 = CARTESIAN_POINT ( 'NONE',  ( 1.939597136465246008, -23.94058417290087348, 2.099999999999999645 ) ) ;
#6645 = CARTESIAN_POINT ( 'NONE',  ( 23.19083041064042661, -14.83174276025829030, 2.099999999999999645 ) ) ;
#6646 = CARTESIAN_POINT ( 'NONE',  ( 12.95267602360809178, 19.68627963667923098, 2.100000000000000089 ) ) ;
#6647 = EDGE_CURVE ( 'NONE', #6699, #5804, #3002, .T. ) ;
#6648 = CARTESIAN_POINT ( 'NONE',  ( -23.72154950710865506, 0.7592181733933760501, 2.099999999999999645 ) ) ;
#6649 = CARTESIAN_POINT ( 'NONE',  ( 26.46517536639175816, -4.493494443281861095, 2.100000000000000089 ) ) ;
#6650 = CARTESIAN_POINT ( 'NONE',  ( -1.379935885169571108, 26.52839079975561276, -2.000000000000000000 ) ) ;
#6651 = CARTESIAN_POINT ( 'NONE',  ( -1.270707428516379744, -26.81384534371724016, 2.099999999999999645 ) ) ;
#6652 = ORIENTED_EDGE ( 'NONE', *, *, #7202, .F. ) ;
#6653 = B_SPLINE_SURFACE_WITH_KNOTS ( 'NONE', 3, 1, ( 
 ( #725, #1822 ),
 ( #2443, #597 ),
 ( #1909, #1950 ),
 ( #1345, #4898 ),
 ( #4458, #6235 ),
 ( #5059, #4298 ),
 ( #1219, #7535 ),
 ( #3812, #6273 ),
 ( #3201, #687 ),
 ( #6841, #3165 ),
 ( #5670, #3854 ),
 ( #7414, #6159 ),
 ( #5631, #2567 ),
 ( #6763, #6311 ),
 ( #3687, #3077 ),
 ( #4337, #1870 ),
 ( #5543, #8018 ),
 ( #1261, #6197 ),
 ( #639, #3118 ),
 ( #2071, #1582 ),
 ( #1465, #5259 ),
 ( #4058, #6394 ),
 ( #7055, #5101 ),
 ( #5750, #2033 ),
 ( #3896, #888 ),
 ( #7579, #202 ),
 ( #5832, #5708 ),
 ( #3358, #2766 ),
 ( #2684, #7617 ),
 ( #5222, #7700 ),
 ( #7093, #3404 ),
 ( #2644, #5877 ),
 ( #321, #2804 ),
 ( #2194, #4495 ),
 ( #6967, #4533 ),
 ( #1421, #6350 ),
 ( #3938, #850 ),
 ( #3319, #5789 ),
 ( #5177, #1694 ),
 ( #500, #5299 ),
 ( #4696, #5446 ),
 ( #5950, #3559 ),
 ( #6554, #4133 ),
 ( #7170, #2953 ),
 ( #393, #1044 ),
 ( #5990, #6588 ),
 ( #359, #1009 ),
 ( #6667, #2345 ),
 ( #430, #4246 ),
 ( #2272, #3446 ),
 ( #2387, #1624 ),
 ( #4846, #4172 ),
 ( #4769, #2877 ),
 ( #2917, #1772 ),
 ( #7777, #4808 ) ),
 .UNSPECIFIED., .F., .F., .F.,
 ( 4, 1, 1, 1, 1, 1, 1, 1, 1, 1, 1, 1, 1, 1, 1, 1, 1, 1, 1, 1, 1, 1, 1, 1, 1, 1, 1, 1, 1, 1, 1, 1, 1, 1, 1, 1, 1, 1, 1, 1, 1, 1, 1, 1, 1, 1, 1, 1, 1, 1, 1, 1, 4 ),
 ( 2, 2 ),
 ( 0.01037070963360204462, 0.06767854499841075011, 0.09884629602760430789, 0.1282330327458526265, 0.1558387551553858108, 0.1816634632588949305, 0.2057071570596704646, 0.2279698365617907063, 0.2484515017704002071, 0.2671521526921107892, 0.2840717893356240475, 0.2992104117127127871, 0.3125680198398574916, 0.3241446137411457817, 0.3339401934538051009, 0.3662021699428081867, 0.3760430630535980256, 0.3856763336118157470, 0.3952492422856400678, 0.4049624801021076692, 0.4150869914083017420, 0.4259748013331248195, 0.4380386266454291411, 0.4516469595390834035, 0.4668849008038628012, 0.4803437228220500677, 0.5000000000000002220, 0.5196562771779504875, 0.5331150991961376429, 0.5483530404609170406, 0.5619613733545713030, 0.5740251986668756246, 0.5849130085916987021, 0.5950375198978927749, 0.6047507577143603763, 0.6143236663881848081, 0.6239569369464024184, 0.6337978300571922574, 0.6660598065461953432, 0.6758553862588546624, 0.6874319801601429525, 0.7007895882872876570, 0.7159282106643762855, 0.7328478473078895439, 0.7515484982296001260, 0.7720301634382096267, 0.7942928429403297574, 0.8183365367411052915, 0.8441612448446143002, 0.8717669672541474846, 0.9011537039723958031, 0.9323214550015893609, 0.9896292903664016816 ),
 ( 0.000000000000000000, 1.000000000000000000 ),
 .UNSPECIFIED. ) ;
#6654 = CARTESIAN_POINT ( 'NONE',  ( -18.83778878485557939, -19.53549755878801975, 2.100000000000000089 ) ) ;
#6655 = CARTESIAN_POINT ( 'NONE',  ( 13.02793750094272696, -20.86163776548603366, -2.000000000000000000 ) ) ;
#6656 = CARTESIAN_POINT ( 'NONE',  ( -15.68419099428256658, -20.23743569325270641, -2.000000000000000000 ) ) ;
#6657 = CARTESIAN_POINT ( 'NONE',  ( -23.93435179486865039, 4.766524473500956205, -2.000000000000000000 ) ) ;
#6658 = CARTESIAN_POINT ( 'NONE',  ( 23.00007343659231296, 5.130111501463117563, 2.099999999999999645 ) ) ;
#6659 = CARTESIAN_POINT ( 'NONE',  ( 18.12539239010960301, -15.18249965295455972, -2.000000000000000000 ) ) ;
#6660 = CARTESIAN_POINT ( 'NONE',  ( -12.19289813512191678, 25.00088857611623538, 2.100000000000000089 ) ) ;
#6661 = CARTESIAN_POINT ( 'NONE',  ( 25.70517099655245730, -10.62804679002167241, 2.099999999999999645 ) ) ;
#6662 = CARTESIAN_POINT ( 'NONE',  ( -13.64872344093912027, 24.44815585866984264, -2.000000000000000000 ) ) ;
#6663 = ORIENTED_EDGE ( 'NONE', *, *, #2158, .T. ) ;
#6664 = CARTESIAN_POINT ( 'NONE',  ( -12.88702750944971243, -19.82328597831587658, -2.000000000000000000 ) ) ;
#6665 = CARTESIAN_POINT ( 'NONE',  ( -22.59408972245015335, -10.50532236015857990, -2.000000000000000000 ) ) ;
#6666 = CARTESIAN_POINT ( 'NONE',  ( -27.05471844848150198, -2.130765319231059607, -2.000000000000000000 ) ) ;
#6667 = CARTESIAN_POINT ( 'NONE',  ( 10.70787966366669508, 23.74905515802277023, -2.000000000000000000 ) ) ;
#6668 = CARTESIAN_POINT ( 'NONE',  ( 17.25657676350752112, 16.16318976602640589, -2.000000000000000000 ) ) ;
#6669 = CARTESIAN_POINT ( 'NONE',  ( 18.40868586258353190, -18.43357243192680528, -2.000000000000000000 ) ) ;
#6670 = DIRECTION ( 'NONE',  ( 0.000000000000000000, 0.000000000000000000, -1.000000000000000000 ) ) ;
#6671 = VERTEX_POINT ( 'NONE', #7852 ) ;
#6672 = ORIENTED_EDGE ( 'NONE', *, *, #7701, .F. ) ;
#6673 = CARTESIAN_POINT ( 'NONE',  ( 18.19936168673939392, 18.00918889841835480, 2.099999999999999645 ) ) ;
#6674 = CARTESIAN_POINT ( 'NONE',  ( -1.726035193247326571, 25.34659078107458896, 2.099999999999999645 ) ) ;
#6675 = CARTESIAN_POINT ( 'NONE',  ( 27.05471844848150198, 2.130765319231056054, 2.100000000000000089 ) ) ;
#6676 = CARTESIAN_POINT ( 'NONE',  ( 13.50856635788135485, 22.56556696682681107, -2.000000000000000000 ) ) ;
#6677 = CARTESIAN_POINT ( 'NONE',  ( -18.51632561903327456, 18.67704107051115869, 2.099999999999999645 ) ) ;
#6678 = CARTESIAN_POINT ( 'NONE',  ( -24.31153459173803810, -7.374154019703442309, -2.000000000000000000 ) ) ;
#6679 = CARTESIAN_POINT ( 'NONE',  ( -7.745447077757183330, 24.40400991946479081, 2.099999999999999645 ) ) ;
#6680 = CARTESIAN_POINT ( 'NONE',  ( 1.145856306001342029, 27.11429446801520626, 2.100000000000000089 ) ) ;
#6681 = CARTESIAN_POINT ( 'NONE',  ( -10.70787966366669330, -23.74905515802277378, -2.000000000000000000 ) ) ;
#6682 = CARTESIAN_POINT ( 'NONE',  ( 2.105634209995053574, -23.64010634127342669, -2.000000000000000000 ) ) ;
#6683 = CARTESIAN_POINT ( 'NONE',  ( 22.62472946281705077, -16.49610842548438683, 2.100000000000000089 ) ) ;
#6684 = CARTESIAN_POINT ( 'NONE',  ( 20.64571337519312877, 11.25696429976831681, -2.000000000000000000 ) ) ;
#6685 = CARTESIAN_POINT ( 'NONE',  ( 13.66345410753368128, 19.13830577319236426, 2.100000000000000089 ) ) ;
#6686 = CARTESIAN_POINT ( 'NONE',  ( -25.77590585922884259, 1.494258687380730644, -2.000000000000000000 ) ) ;
#6687 = CARTESIAN_POINT ( 'NONE',  ( 23.07262568452397034, -6.675893319502710810, 2.100000000000000089 ) ) ;
#6688 = CARTESIAN_POINT ( 'NONE',  ( -2.463801941912943327, 23.38577358155836450, -2.000000000000000000 ) ) ;
#6689 = CARTESIAN_POINT ( 'NONE',  ( -5.376315588043444116, -26.60062371204864462, -2.000000000000000000 ) ) ;
#6690 = EDGE_LOOP ( 'NONE', ( #7249, #2699, #3214, #4367, #3932, #1519, #263, #6833, #1598, #7327, #5614, #6901, #1643, #5813, #1397, #1067, #2048, #866, #6921, #5323, #6190, #179, #589, #7384, #2235, #2913, #4289, #7058, #5431, #1295, #570, #7405, #3303, #5095, #5005, #7632, #7648, #6151, #2456, #4773, #6369, #6216, #14, #578, #4167, #2393, #882, #4280, #3466, #826, #4398, #3417, #6305, #1973, #4910, #7281 ) ) ;
#6691 = CARTESIAN_POINT ( 'NONE',  ( -18.62447386782100267, -18.94171889292492850, 2.100000000000000089 ) ) ;
#6692 = CARTESIAN_POINT ( 'NONE',  ( 3.705239350424557987, -23.53752846792088604, -2.000000000000000000 ) ) ;
#6693 = CARTESIAN_POINT ( 'NONE',  ( -1.762385718735289153, -25.16282512725968701, 2.100000000000000089 ) ) ;
#6694 = CARTESIAN_POINT ( 'NONE',  ( -23.10489730742584413, 5.020145956116661701, -2.000000000000000000 ) ) ;
#6695 = CARTESIAN_POINT ( 'NONE',  ( -17.91646094264595135, -17.52377780514963490, 2.099999999999999645 ) ) ;
#6696 = CARTESIAN_POINT ( 'NONE',  ( 17.71416793792180400, -15.43316205167865895, -2.000000000000000000 ) ) ;
#6697 = CARTESIAN_POINT ( 'NONE',  ( -11.33585971340119158, 24.33300811744740955, 2.100000000000000089 ) ) ;
#6698 = CARTESIAN_POINT ( 'NONE',  ( 21.91017567687078227, -10.32144346381599753, 2.099999999999999645 ) ) ;
#6699 = VERTEX_POINT ( 'NONE', #2121 ) ;
#6700 = CARTESIAN_POINT ( 'NONE',  ( -12.85055170543023983, -19.95373759773043432, -2.000000000000000000 ) ) ;
#6701 = CARTESIAN_POINT ( 'NONE',  ( -21.58843454132471606, -10.30659784155100844, -2.000000000000000000 ) ) ;
#6702 = EDGE_CURVE ( 'NONE', #5847, #5153, #181, .T. ) ;
#6703 = CARTESIAN_POINT ( 'NONE',  ( 24.09676835437406694, 1.005131229266920556, 2.099999999999999645 ) ) ;
#6704 = CARTESIAN_POINT ( 'NONE',  ( -23.81253063529220171, 0.8410884408854168992, -2.000000000000000000 ) ) ;
#6705 = CARTESIAN_POINT ( 'NONE',  ( 15.02890815691219295, -19.71604682249877527, -2.000000000000000000 ) ) ;
#6706 = FILL_AREA_STYLE ('',( #5341 ) ) ;
#6707 = CARTESIAN_POINT ( 'NONE',  ( 17.98147192499883573, 15.23115522593614024, -2.000000000000000000 ) ) ;
#6708 = DIRECTION ( 'NONE',  ( 0.000000000000000000, 0.000000000000000000, 1.000000000000000000 ) ) ;
#6709 = CARTESIAN_POINT ( 'NONE',  ( -17.51894836651075593, 21.23397411162330428, 2.099999999999999645 ) ) ;
#6710 = ORIENTED_EDGE ( 'NONE', *, *, #3468, .F. ) ;
#6711 = ORIENTED_EDGE ( 'NONE', *, *, #3385, .T. ) ;
#6712 = CARTESIAN_POINT ( 'NONE',  ( -22.81713236683327395, 5.623918026294821182, -2.000000000000000000 ) ) ;
#6713 = CARTESIAN_POINT ( 'NONE',  ( -1.270707428516397952, 26.81384534371724016, -2.000000000000000000 ) ) ;
#6714 = CARTESIAN_POINT ( 'NONE',  ( 24.88813961944796560, 1.197996060026732756, 2.100000000000000089 ) ) ;
#6715 = CARTESIAN_POINT ( 'NONE',  ( 5.995909907728615096, 27.35048520292565755, -2.000000000000000000 ) ) ;
#6716 = CARTESIAN_POINT ( 'NONE',  ( 12.88702750944970887, 19.82328597831587658, -2.000000000000000000 ) ) ;
#6717 = EDGE_CURVE ( 'NONE', #5624, #4290, #7677, .T. ) ;
#6718 = CARTESIAN_POINT ( 'NONE',  ( -17.76075994573093908, 17.29583732711386546, -2.000000000000000000 ) ) ;
#6719 = CARTESIAN_POINT ( 'NONE',  ( -0.7237198720500266358, 27.99064497287968223, 2.100000000000000089 ) ) ;
#6720 = CARTESIAN_POINT ( 'NONE',  ( -13.64872344093925882, -24.44815585854593820, -2.000000000000000000 ) ) ;
#6721 = EDGE_CURVE ( 'NONE', #1047, #6467, #5449, .T. ) ;
#6722 = CARTESIAN_POINT ( 'NONE',  ( -10.03175227225609767, -22.96619924196638962, 2.099999999999999645 ) ) ;
#6723 = B_SPLINE_SURFACE_WITH_KNOTS ( 'NONE', 3, 1, ( 
 ( #5456, #4214 ),
 ( #7212, #1014 ),
 ( #5994, #3563 ),
 ( #7292, #5416 ),
 ( #3034, #435 ),
 ( #5380, #7934 ),
 ( #3526, #5955 ),
 ( #5495, #2352 ),
 ( #396, #2883 ),
 ( #4739, #6673 ),
 ( #3640, #6111 ),
 ( #4140, #2237 ),
 ( #4702, #1627 ),
 ( #3071, #5626 ),
 ( #3111, #6923 ),
 ( #3808, #7970 ),
 ( #1254, #1341 ),
 ( #5666, #721 ),
 ( #3160, #1213 ),
 ( #5055, #7448 ),
 ( #6269, #1903 ),
 ( #633, #1988 ),
 ( #2523, #4369 ),
 ( #2437, #5017 ),
 ( #5582, #8011 ),
 ( #4291, #7366 ),
 ( #1816, #6796 ),
 ( #1379, #4454 ),
 ( #4892, #41 ),
 ( #3197, #82 ),
 ( #118, #3721 ),
 ( #6756, #2599 ),
 ( #3681, #3850 ),
 ( #6835, #3763 ),
 ( #6307, #5537 ),
 ( #6228, #682 ),
 ( #7488, #763 ),
 ( #2478, #6152 ),
 ( #591, #7407 ),
 ( #6191, #1864 ),
 ( #2563, #3235 ),
 ( #4332, #1946 ),
 ( #4411, #6878 ),
 ( #5133, #6345 ),
 ( #4012, #803 ),
 ( #1578, #2761 ),
 ( #6431, #4610 ),
 ( #1501, #7574 ),
 ( #2800, #5255 ),
 ( #5872, #5173 ),
 ( #7089, #884 ),
 ( #3354, #2029 ),
 ( #7696, #5704 ),
 ( #3892, #4491 ),
 ( #7734, #4052 ) ),
 .UNSPECIFIED., .F., .F., .F.,
 ( 4, 1, 1, 1, 1, 1, 1, 1, 1, 1, 1, 1, 1, 1, 1, 1, 1, 1, 1, 1, 1, 1, 1, 1, 1, 1, 1, 1, 1, 1, 1, 1, 1, 1, 1, 1, 1, 1, 1, 1, 1, 1, 1, 1, 1, 1, 1, 1, 1, 1, 1, 1, 4 ),
 ( 2, 2 ),
 ( 0.01037070963360204462, 0.06767854499841075011, 0.09884629602760430789, 0.1282330327458526265, 0.1558387551553858108, 0.1816634632588949305, 0.2057071570596704646, 0.2279698365617907063, 0.2484515017704002071, 0.2671521526921107892, 0.2840717893356240475, 0.2992104117127127871, 0.3125680198398574916, 0.3241446137411457817, 0.3339401934538051009, 0.3662021699428081867, 0.3760430630535980256, 0.3856763336118157470, 0.3952492422856400678, 0.4049624801021076692, 0.4150869914083017420, 0.4259748013331248195, 0.4380386266454291411, 0.4516469595390834035, 0.4668849008038628012, 0.4803437228220500677, 0.5000000000000002220, 0.5196562771779504875, 0.5331150991961376429, 0.5483530404609170406, 0.5619613733545713030, 0.5740251986668756246, 0.5849130085916987021, 0.5950375198978927749, 0.6047507577143603763, 0.6143236663881848081, 0.6239569369464024184, 0.6337978300571922574, 0.6660598065461953432, 0.6758553862588546624, 0.6874319801601429525, 0.7007895882872876570, 0.7159282106643762855, 0.7328478473078895439, 0.7515484982296001260, 0.7720301634382096267, 0.7942928429403297574, 0.8183365367411052915, 0.8441612448446143002, 0.8717669672541474846, 0.9011537039723958031, 0.9323214550015893609, 0.9896292903664016816 ),
 ( 0.000000000000000000, 1.000000000000000000 ),
 .UNSPECIFIED. ) ;
#6724 = CARTESIAN_POINT ( 'NONE',  ( 0.8222171190492911785, -27.80350973424102534, 2.099999999999999645 ) ) ;
#6725 = CARTESIAN_POINT ( 'NONE',  ( 10.13323285654344197, -23.09959661296539224, 2.099999999999999645 ) ) ;
#6726 = CARTESIAN_POINT ( 'NONE',  ( 21.98040231662190891, 13.13048226772783877, -2.000000000000000000 ) ) ;
#6727 = CARTESIAN_POINT ( 'NONE',  ( 16.55868018414817655, 20.77185239767593217, 2.100000000000000089 ) ) ;
#6728 = CARTESIAN_POINT ( 'NONE',  ( -27.87379644721942284, 2.655456283961662667, 2.099999999999999645 ) ) ;
#6729 = CARTESIAN_POINT ( 'NONE',  ( -1.270707428516379744, -26.81384534371724016, -2.000000000000000000 ) ) ;
#6730 = CARTESIAN_POINT ( 'NONE',  ( -3.204373604290293276, 23.29585190159429686, -2.000000000000000000 ) ) ;
#6731 = CARTESIAN_POINT ( 'NONE',  ( -3.204373604290277289, -23.29585190159430041, -2.000000000000000000 ) ) ;
#6732 = VERTEX_POINT ( 'NONE', #6060 ) ;
#6733 = CARTESIAN_POINT ( 'NONE',  ( -24.62078186107713407, -10.69645268464871180, 2.099999999999999645 ) ) ;
#6734 = CARTESIAN_POINT ( 'NONE',  ( 5.644338589960113950, -26.94321158142446393, -2.000000000000000000 ) ) ;
#6735 = CARTESIAN_POINT ( 'NONE',  ( -1.623578263684206435, -25.76808346599204924, 2.100000000000000089 ) ) ;
#6736 = AXIS2_PLACEMENT_3D ( 'NONE', #6380, #2019, #5693 ) ;
#6737 = CARTESIAN_POINT ( 'NONE',  ( -18.12539239010959236, -15.18249965295456683, 2.099999999999999645 ) ) ;
#6738 = CARTESIAN_POINT ( 'NONE',  ( 23.34891248594832547, 15.11752229210743081, 2.100000000000000089 ) ) ;
#6739 = CARTESIAN_POINT ( 'NONE',  ( -8.993578510876927723, 21.86672564825610010, 2.100000000000000089 ) ) ;
#6740 = FACE_OUTER_BOUND ( 'NONE', #7193, .T. ) ;
#6741 = ORIENTED_EDGE ( 'NONE', *, *, #3036, .F. ) ;
#6742 = EDGE_CURVE ( 'NONE', #6671, #1415, #2271, .T. ) ;
#6743 = CARTESIAN_POINT ( 'NONE',  ( -13.10549974122802652, -21.04367979295773949, -2.000000000000000000 ) ) ;
#6744 = CARTESIAN_POINT ( 'NONE',  ( -24.62078186107713407, -10.69645268464871180, -2.000000000000000000 ) ) ;
#6745 = AXIS2_PLACEMENT_3D ( 'NONE', #6602, #5269, #2245 ) ;
#6746 = CARTESIAN_POINT ( 'NONE',  ( 23.49332454121249825, 0.1947784575707320609, 2.099999999999999645 ) ) ;
#6747 = CARTESIAN_POINT ( 'NONE',  ( -24.88813961944797271, 1.197996060026730092, -2.000000000000000000 ) ) ;
#6748 = CARTESIAN_POINT ( 'NONE',  ( 18.38167992440536835, 15.16106487615013521, -2.000000000000000000 ) ) ;
#6749 = DIRECTION ( 'NONE',  ( 1.000000000000000000, 0.000000000000000000, 0.000000000000000000 ) ) ;
#6750 = CARTESIAN_POINT ( 'NONE',  ( 18.73200657000872482, -19.22781655172587634, 2.099999999999999645 ) ) ;
#6751 = CIRCLE ( 'NONE', #6500, 27.99999957948218920 ) ;
#6752 = CARTESIAN_POINT ( 'NONE',  ( -15.51594276222061985, 20.11676867469219587, -2.000000000000000000 ) ) ;
#6753 = ORIENTED_EDGE ( 'NONE', *, *, #2560, .F. ) ;
#6754 = ORIENTED_EDGE ( 'NONE', *, *, #5407, .T. ) ;
#6755 = AXIS2_PLACEMENT_3D ( 'NONE', #326, #6401, #4704 ) ;
#6756 = CARTESIAN_POINT ( 'NONE',  ( 18.12539239010958880, 15.18249965295456683, -2.000000000000000000 ) ) ;
#6757 = AXIS2_PLACEMENT_3D ( 'NONE', #7000, #1410, #625 ) ;
#6758 = CARTESIAN_POINT ( 'NONE',  ( 0.000000000000000000, -0.000000000000000000, -2.000000000000000000 ) ) ;
#6759 = CARTESIAN_POINT ( 'NONE',  ( 23.99982295939236465, 0.9602632500303802665, 2.100000000000000089 ) ) ;
#6760 = CARTESIAN_POINT ( 'NONE',  ( 4.482856113983113566, 25.20816636816326195, -2.000000000000000000 ) ) ;
#6761 = CARTESIAN_POINT ( 'NONE',  ( 15.02890815691218229, 19.71604682249878238, -2.000000000000000000 ) ) ;
#6762 = CARTESIAN_POINT ( 'NONE',  ( -18.96747865531318666, 19.95068825634337983, -2.000000000000000000 ) ) ;
#6763 = CARTESIAN_POINT ( 'NONE',  ( 7.705310163655073374, 23.69563005194942917, -2.000000000000000000 ) ) ;
#6764 = CARTESIAN_POINT ( 'NONE',  ( -7.688595528318266759, 23.56854007989867128, -2.000000000000000000 ) ) ;
#6765 = DIRECTION ( 'NONE',  ( 0.000000000000000000, 0.000000000000000000, 1.000000000000000000 ) ) ;
#6766 = CARTESIAN_POINT ( 'NONE',  ( -24.45163473737932236, -4.792937194118080058, -2.000000000000000000 ) ) ;
#6767 = CARTESIAN_POINT ( 'NONE',  ( 0.7237198719922640633, -27.99064497298940424, -2.000000000000000000 ) ) ;
#6768 = CARTESIAN_POINT ( 'NONE',  ( 11.58603556222320385, -24.54102139527087090, -2.000000000000000000 ) ) ;
#6769 = CARTESIAN_POINT ( 'NONE',  ( 20.80453127045303674, 12.00354473513043274, 2.099999999999999645 ) ) ;
#6770 = CARTESIAN_POINT ( 'NONE',  ( 14.88619985382989519, 19.57897187542435447, 2.100000000000000089 ) ) ;
#6771 = CARTESIAN_POINT ( 'NONE',  ( -27.42711506948769795, 2.355539727247163651, -2.000000000000000000 ) ) ;
#6772 = CARTESIAN_POINT ( 'NONE',  ( -1.790249464186363104, -24.99754724227145530, -2.000000000000000000 ) ) ;
#6773 = CARTESIAN_POINT ( 'NONE',  ( -1.840779285638419971, 24.52644730507024562, -2.000000000000000000 ) ) ;
#6774 = CARTESIAN_POINT ( 'NONE',  ( 1.145856306001342029, 27.11429446801520626, 2.099999999999999645 ) ) ;
#6775 = ORIENTED_EDGE ( 'NONE', *, *, #7105, .F. ) ;
#6776 = FACE_OUTER_BOUND ( 'NONE', #6823, .T. ) ;
#6777 = CARTESIAN_POINT ( 'NONE',  ( 1.726035193247317912, -25.34659078107458896, -2.000000000000000000 ) ) ;
#6778 = CARTESIAN_POINT ( 'NONE',  ( -15.36687483434010204, -20.00332296475709271, 2.099999999999999645 ) ) ;
#6779 = CARTESIAN_POINT ( 'NONE',  ( -18.00520414013333692, -17.66596715945037843, 2.099999999999999645 ) ) ;
#6780 = B_SPLINE_CURVE_WITH_KNOTS ( 'NONE', 3,
 ( #6135, #572, #6734, #6050, #612, #3744, #1194, #3618, #2373, #4834, #1760, #1840, #2414, #5433, #6087, #6210, #3702, #2545, #5475, #4913, #2458, #6692, #3663, #528, #4999, #487, #3139, #3053, #7429, #1278, #4272, #6859, #7991, #3092, #4957, #4233, #5561, #7469, #5517, #7386, #4353, #5608, #4314, #660, #6777, #1236, #1148, #1925, #6173, #18, #1885, #3016, #2502, #6816, #4393 ),
 .UNSPECIFIED., .F., .F.,
 ( 4, 1, 1, 1, 1, 1, 1, 1, 1, 1, 1, 1, 1, 1, 1, 1, 1, 1, 1, 1, 1, 1, 1, 1, 1, 1, 1, 1, 1, 1, 1, 1, 1, 1, 1, 1, 1, 1, 1, 1, 1, 1, 1, 1, 1, 1, 1, 1, 1, 1, 1, 1, 4 ),
 ( 0.01037070964479193565, 0.06767854499841075011, 0.09884629602760430789, 0.1282330327458526265, 0.1558387551553858108, 0.1816634632588949305, 0.2057071570596704646, 0.2279698365617907063, 0.2484515017704002071, 0.2671521526921107892, 0.2840717893356240475, 0.2992104117127127871, 0.3125680198398574916, 0.3241446137411457817, 0.3339401934538051009, 0.3662021699428081867, 0.3760430630535980256, 0.3856763336118157470, 0.3952492422856400678, 0.4049624801021076692, 0.4150869914083017420, 0.4259748013331248195, 0.4380386266454291411, 0.4516469595390834035, 0.4668849008038628012, 0.4803437228220500677, 0.5000000000000002220, 0.5196562771779504875, 0.5331150991961376429, 0.5483530404609170406, 0.5619613733545713030, 0.5740251986668756246, 0.5849130085916987021, 0.5950375198978927749, 0.6047507577143602653, 0.6143236663881848081, 0.6239569369464024184, 0.6337978300571922574, 0.6660598065461953432, 0.6758553862588546624, 0.6874319801601429525, 0.7007895882872876570, 0.7159282106643762855, 0.7328478473078895439, 0.7515484982296001260, 0.7720301634382096267, 0.7942928429403297574, 0.8183365367411052915, 0.8441612448446143002, 0.8717669672541474846, 0.9011537039723958031, 0.9323214550015893609, 0.9896292903552159625 ),
 .UNSPECIFIED. ) ;
#6781 = CARTESIAN_POINT ( 'NONE',  ( -19.70744990308224942, 15.74452889495767494, 2.100000000000000089 ) ) ;
#6782 = DIRECTION ( 'NONE',  ( -0.000000000000000000, 0.000000000000000000, -1.000000000000000000 ) ) ;
#6783 = CARTESIAN_POINT ( 'NONE',  ( 23.76349960547259599, -10.67578541799515612, -2.000000000000000000 ) ) ;
#6784 = VERTEX_POINT ( 'NONE', #5774 ) ;
#6785 = CARTESIAN_POINT ( 'NONE',  ( 25.75863198250611319, -8.543467069173802386, -2.000000000000000000 ) ) ;
#6786 = CARTESIAN_POINT ( 'NONE',  ( -10.25081980592599429, 23.24542008693365958, -2.000000000000000000 ) ) ;
#6787 = CARTESIAN_POINT ( 'NONE',  ( -22.76403769146248735, 5.811439118492613076, -2.000000000000000000 ) ) ;
#6788 = CARTESIAN_POINT ( 'NONE',  ( 8.686322604036279316, 21.85205998608588018, 2.100000000000000089 ) ) ;
#6789 = CARTESIAN_POINT ( 'NONE',  ( 2.832611943458508197, 23.32865819094297066, -2.000000000000000000 ) ) ;
#6790 = CARTESIAN_POINT ( 'NONE',  ( 24.76692767734244782, 4.782579349257336965, 2.100000000000000089 ) ) ;
#6791 = CARTESIAN_POINT ( 'NONE',  ( 22.62472946281695840, 16.49610842548438683, 2.100000000000000089 ) ) ;
#6792 = CARTESIAN_POINT ( 'NONE',  ( 15.12400615833752582, -19.80199803049035268, 2.100000000000000089 ) ) ;
#6793 = CARTESIAN_POINT ( 'NONE',  ( 23.44696895445775908, -15.30488886923681413, 2.100000000000000089 ) ) ;
#6794 = EDGE_LOOP ( 'NONE', ( #4049, #4100 ) ) ;
#6795 = ORIENTED_EDGE ( 'NONE', *, *, #2346, .T. ) ;
#6796 = CARTESIAN_POINT ( 'NONE',  ( 17.45584392081710590, 15.72474958968643044, 2.099999999999999645 ) ) ;
#6797 = CARTESIAN_POINT ( 'NONE',  ( 16.82973023395797441, -20.91308632741409923, 2.099999999999999645 ) ) ;
#6798 = CARTESIAN_POINT ( 'NONE',  ( 0.000000000000000000, 0.000000000000000000, 0.000000000000000000 ) ) ;
#6799 = CARTESIAN_POINT ( 'NONE',  ( 4.852431640496106091, 25.84840584550507714, 2.099999999999999645 ) ) ;
#6800 = CARTESIAN_POINT ( 'NONE',  ( -20.86952096496492004, 12.08832612917522376, -2.000000000000000000 ) ) ;
#6801 = CARTESIAN_POINT ( 'NONE',  ( -18.00520414013334758, 17.66596715945036422, 2.099999999999999645 ) ) ;
#6802 = DIRECTION ( 'NONE',  ( 0.7485107481711013033, -0.6631226582407950820, 0.000000000000000000 ) ) ;
#6803 = CARTESIAN_POINT ( 'NONE',  ( -7.629252907546909768, 22.67335363560523476, 2.099999999999999645 ) ) ;
#6804 = CARTESIAN_POINT ( 'NONE',  ( 1.474499619732432265, 26.25856105065618706, 2.100000000000000089 ) ) ;
#6805 = CARTESIAN_POINT ( 'NONE',  ( -10.38530154243853154, -23.40284517865930880, 2.100000000000000089 ) ) ;
#6806 = CARTESIAN_POINT ( 'NONE',  ( -21.23055223844789907, -12.41767842381811171, 2.100000000000000089 ) ) ;
#6807 = CARTESIAN_POINT ( 'NONE',  ( 9.121658707306945502, -21.91081161619598205, -2.000000000000000000 ) ) ;
#6808 = FACE_OUTER_BOUND ( 'NONE', #6132, .T. ) ;
#6809 = CARTESIAN_POINT ( 'NONE',  ( 26.42834229636219945, -9.248929663334866547, -2.000000000000000000 ) ) ;
#6810 = CARTESIAN_POINT ( 'NONE',  ( -25.19179192507393239, 1.283507464112904284, -2.000000000000000000 ) ) ;
#6811 = CARTESIAN_POINT ( 'NONE',  ( -4.082273444348678559, -24.25428063893853192, -2.000000000000000000 ) ) ;
#6812 = PLANE ( 'NONE',  #5311 ) ;
#6813 = CARTESIAN_POINT ( 'NONE',  ( -3.846120836016032385, -23.70909028424117437, 2.099999999999999645 ) ) ;
#6814 = EDGE_LOOP ( 'NONE', ( #6141, #451 ) ) ;
#6815 = CARTESIAN_POINT ( 'NONE',  ( -26.06641539773995575, -8.850830286138368308, -2.000000000000000000 ) ) ;
#6816 = CARTESIAN_POINT ( 'NONE',  ( 0.8222171190860538825, -27.80350973416708271, -2.000000000000000000 ) ) ;
#6817 = CARTESIAN_POINT ( 'NONE',  ( -0.9676082089449417056, -27.51106945928312442, 2.100000000000000089 ) ) ;
#6818 = CARTESIAN_POINT ( 'NONE',  ( -17.51903422860498694, -16.98989084997260335, 2.099999999999999645 ) ) ;
#6819 = CARTESIAN_POINT ( 'NONE',  ( -19.13918860107962772, 15.44754172932142389, 2.100000000000000089 ) ) ;
#6820 = CARTESIAN_POINT ( 'NONE',  ( -8.148726673636449647, 22.03570943365874157, 2.100000000000000089 ) ) ;
#6821 = CARTESIAN_POINT ( 'NONE',  ( 20.74579233589062355, -11.91211842489101258, -2.000000000000000000 ) ) ;
#6822 = EDGE_CURVE ( 'NONE', #781, #6418, #4444, .T. ) ;
#6823 = EDGE_LOOP ( 'NONE', ( #2340, #1013 ) ) ;
#6824 = CARTESIAN_POINT ( 'NONE',  ( -13.66345410753368306, -19.13830577319236070, -2.000000000000000000 ) ) ;
#6825 = CARTESIAN_POINT ( 'NONE',  ( -21.48061666422702487, -12.62686802027752542, 2.099999999999999645 ) ) ;
#6826 = CARTESIAN_POINT ( 'NONE',  ( -24.37956700134304810, 1.099847363974305381, -2.000000000000000000 ) ) ;
#6827 = CARTESIAN_POINT ( 'NONE',  ( 13.64180598451631532, -23.91017226872977375, -2.000000000000000000 ) ) ;
#6828 = CARTESIAN_POINT ( 'NONE',  ( 24.86659007404522370, 7.767174896947414808, -2.000000000000000000 ) ) ;
#6829 = CARTESIAN_POINT ( 'NONE',  ( -24.88813961944796560, -1.197996060026735643, 2.100000000000000089 ) ) ;
#6830 = CARTESIAN_POINT ( 'NONE',  ( 24.15260079455800479, 7.275001489028714907, 2.100000000000000089 ) ) ;
#6831 = CARTESIAN_POINT ( 'NONE',  ( 17.91646094264594780, 17.52377780514963490, 2.100000000000000089 ) ) ;
#6832 = CARTESIAN_POINT ( 'NONE',  ( 23.81253063529220171, 0.8410884408854198968, 2.100000000000000089 ) ) ;
#6833 = ORIENTED_EDGE ( 'NONE', *, *, #7762, .T. ) ;
#6834 = DIRECTION ( 'NONE',  ( 1.000000000000000000, 0.000000000000000000, 0.000000000000000000 ) ) ;
#6835 = CARTESIAN_POINT ( 'NONE',  ( 18.38167992440536835, 15.16106487615013521, -2.000000000000000000 ) ) ;
#6836 = CARTESIAN_POINT ( 'NONE',  ( 16.55868018414818010, -20.77185239767592151, 2.099999999999999645 ) ) ;
#6837 = DIRECTION ( 'NONE',  ( 0.000000000000000000, -0.000000000000000000, -1.000000000000000000 ) ) ;
#6838 = CARTESIAN_POINT ( 'NONE',  ( 4.389956462724860842, 25.02313217738666040, -2.000000000000000000 ) ) ;
#6839 = CARTESIAN_POINT ( 'NONE',  ( -23.29246673278348823, 10.63055238855664442, -2.000000000000000000 ) ) ;
#6840 = CARTESIAN_POINT ( 'NONE',  ( 20.86952096496492004, -12.08832612917522553, 2.100000000000000089 ) ) ;
#6841 = CARTESIAN_POINT ( 'NONE',  ( 7.745447077757175336, 24.40400991946478726, -2.000000000000000000 ) ) ;
#6842 = CARTESIAN_POINT ( 'NONE',  ( -22.12901452267052704, 13.30176109182831112, 2.100000000000000089 ) ) ;
#6843 = CARTESIAN_POINT ( 'NONE',  ( 13.64897234010369331, 24.23668188081809660, -2.000000000000000000 ) ) ;
#6844 = CARTESIAN_POINT ( 'NONE',  ( 21.70974829699417796, 12.84369887095661156, -2.000000000000000000 ) ) ;
#6845 = ADVANCED_FACE ( 'NONE', ( #1935 ), #444, .F. ) ;
#6846 = CARTESIAN_POINT ( 'NONE',  ( -24.95373504430678224, -4.768644361883073834, -2.000000000000000000 ) ) ;
#6847 = CARTESIAN_POINT ( 'NONE',  ( -22.09815905990547691, -10.35588323418788015, 2.100000000000000089 ) ) ;
#6848 = CARTESIAN_POINT ( 'NONE',  ( 9.408316245588480342, -22.09971024729808420, 2.099999999999999645 ) ) ;
#6849 = CARTESIAN_POINT ( 'NONE',  ( 22.73828148979403352, 10.53816474365924805, -2.000000000000000000 ) ) ;
#6850 = CARTESIAN_POINT ( 'NONE',  ( 2.105634209995053574, -23.64010634127342669, 2.100000000000000089 ) ) ;
#6851 = CARTESIAN_POINT ( 'NONE',  ( -22.74963530479514873, 6.146178943449458920, 2.099999999999999645 ) ) ;
#6852 = CARTESIAN_POINT ( 'NONE',  ( -25.56471904745758295, 1.411662356313486244, 2.099999999999999645 ) ) ;
#6853 = CARTESIAN_POINT ( 'NONE',  ( -1.824858090210262906, -24.72368248555340031, -2.000000000000000000 ) ) ;
#6854 = CARTESIAN_POINT ( 'NONE',  ( 24.32345666766048353, -4.791663430616639907, -2.000000000000000000 ) ) ;
#6855 = CARTESIAN_POINT ( 'NONE',  ( -5.008822010445487471, -26.08776424953686401, 2.099999999999999645 ) ) ;
#6856 = ORIENTED_EDGE ( 'NONE', *, *, #6056, .F. ) ;
#6857 = CARTESIAN_POINT ( 'NONE',  ( -26.42834229644417476, -9.248929663427633230, 2.099999999999999645 ) ) ;
#6858 = AXIS2_PLACEMENT_3D ( 'NONE', #1881, #3050, #1107 ) ;
#6859 = CARTESIAN_POINT ( 'NONE',  ( 2.198555820827218010, -23.54154832015334975, -2.000000000000000000 ) ) ;
#6860 = B_SPLINE_SURFACE_WITH_KNOTS ( 'NONE', 3, 1, ( 
 ( #3934, #3399 ),
 ( #7010, #1417 ),
 ( #968, #3315 ),
 ( #159, #2151 ),
 ( #1539, #5745 ),
 ( #199, #6469 ),
 ( #924, #2640 ),
 ( #2679, #7614 ),
 ( #2190, #7126 ),
 ( #2720, #2068 ),
 ( #4530, #1459 ),
 ( #5097, #6390 ),
 ( #846, #5785 ),
 ( #237, #7651 ),
 ( #2110, #4572 ),
 ( #7052, #3975 ),
 ( #3556, #4243 ),
 ( #5337, #1734 ),
 ( #6061, #6703 ),
 ( #3440, #463 ),
 ( #2269, #6024 ),
 ( #783, #2512 ),
 ( #5570, #3062 ),
 ( #29, #3026 ),
 ( #2011, #5528 ),
 ( #5485, #182 ),
 ( #2661, #6746 ),
 ( #6988, #2425 ),
 ( #7595, #4473 ),
 ( #6944, #3874 ),
 ( #8000, #3914 ),
 ( #4882, #4924 ),
 ( #7109, #6452 ),
 ( #3337, #6413 ),
 ( #5807, #5851 ),
 ( #1638, #7145 ),
 ( #5196, #258 ),
 ( #5317, #4593 ),
 ( #2741, #336 ),
 ( #7676, #2211 ),
 ( #2134, #905 ),
 ( #4075, #7792 ),
 ( #988, #7033 ),
 ( #4030, #4112 ),
 ( #3420, #7187 ),
 ( #2820, #1601 ),
 ( #3378, #300 ),
 ( #4715, #2783 ),
 ( #5238, #7756 ),
 ( #7717, #4669 ),
 ( #2171, #6490 ),
 ( #6533, #6568 ),
 ( #3461, #3955 ),
 ( #5894, #3497 ),
 ( #5965, #409 ) ),
 .UNSPECIFIED., .F., .F., .F.,
 ( 4, 1, 1, 1, 1, 1, 1, 1, 1, 1, 1, 1, 1, 1, 1, 1, 1, 1, 1, 1, 1, 1, 1, 1, 1, 1, 1, 1, 1, 1, 1, 1, 1, 1, 1, 1, 1, 1, 1, 1, 1, 1, 1, 1, 1, 1, 1, 1, 1, 1, 1, 1, 4 ),
 ( 2, 2 ),
 ( 0.01037070963360204462, 0.06767854499841075011, 0.09884629602760430789, 0.1282330327458526265, 0.1558387551553858108, 0.1816634632588949305, 0.2057071570596704646, 0.2279698365617907063, 0.2484515017704002071, 0.2671521526921107892, 0.2840717893356240475, 0.2992104117127127871, 0.3125680198398574916, 0.3241446137411457817, 0.3339401934538051009, 0.3662021699428081867, 0.3760430630535980256, 0.3856763336118157470, 0.3952492422856400678, 0.4049624801021076692, 0.4150869914083017420, 0.4259748013331248195, 0.4380386266454291411, 0.4516469595390834035, 0.4668849008038628012, 0.4803437228220500677, 0.5000000000000002220, 0.5196562771779504875, 0.5331150991961376429, 0.5483530404609170406, 0.5619613733545713030, 0.5740251986668756246, 0.5849130085916987021, 0.5950375198978927749, 0.6047507577143603763, 0.6143236663881848081, 0.6239569369464024184, 0.6337978300571922574, 0.6660598065461953432, 0.6758553862588546624, 0.6874319801601429525, 0.7007895882872876570, 0.7159282106643762855, 0.7328478473078895439, 0.7515484982296001260, 0.7720301634382096267, 0.7942928429403297574, 0.8183365367411052915, 0.8441612448446143002, 0.8717669672541474846, 0.9011537039723958031, 0.9323214550015893609, 0.9896292903664016816 ),
 ( 0.000000000000000000, 1.000000000000000000 ),
 .UNSPECIFIED. ) ;
#6861 = CARTESIAN_POINT ( 'NONE',  ( -17.42017265760603806, -16.82633584436269913, -2.000000000000000000 ) ) ;
#6862 = CARTESIAN_POINT ( 'NONE',  ( 22.59408972245014624, 10.50532236015859056, 2.100000000000000089 ) ) ;
#6863 = CARTESIAN_POINT ( 'NONE',  ( -9.121658707306945502, 21.91081161619597495, 2.100000000000000089 ) ) ;
#6864 = CARTESIAN_POINT ( 'NONE',  ( 20.62323650117463103, -11.56374771533979562, -2.000000000000000000 ) ) ;
#6865 = ORIENTED_EDGE ( 'NONE', *, *, #5388, .F. ) ;
#6866 = DIRECTION ( 'NONE',  ( 0.000000000000000000, 0.000000000000000000, -1.000000000000000000 ) ) ;
#6867 = CARTESIAN_POINT ( 'NONE',  ( -22.61633054543464638, -13.93417863138606805, 2.099999999999999645 ) ) ;
#6868 = CIRCLE ( 'NONE', #1447, 28.00000000000000000 ) ;
#6869 = CARTESIAN_POINT ( 'NONE',  ( -22.91828645517601615, 5.264681564480659048, -2.000000000000000000 ) ) ;
#6870 = CARTESIAN_POINT ( 'NONE',  ( 7.605017794998032876, 22.88729425358476632, 2.100000000000000089 ) ) ;
#6871 = CARTESIAN_POINT ( 'NONE',  ( -19.42345833902675167, 15.60717637591974238, -2.000000000000000000 ) ) ;
#6872 = DIRECTION ( 'NONE',  ( -0.000000000000000000, -0.000000000000000000, 1.000000000000000000 ) ) ;
#6873 = CARTESIAN_POINT ( 'NONE',  ( 21.34551800689746770, 16.27777197600732251, 2.100000000000000089 ) ) ;
#6874 = CARTESIAN_POINT ( 'NONE',  ( -17.82169893245503900, 21.35645667459428054, 2.099999999999999645 ) ) ;
#6875 = ORIENTED_EDGE ( 'NONE', *, *, #5557, .F. ) ;
#6876 = AXIS2_PLACEMENT_3D ( 'NONE', #4045, #5091, #2185 ) ;
#6877 = DIRECTION ( 'NONE',  ( -0.000000000000000000, -0.000000000000000000, 1.000000000000000000 ) ) ;
#6878 = CARTESIAN_POINT ( 'NONE',  ( 19.55560045884524456, 15.67357176803118790, 2.099999999999999645 ) ) ;
#6879 = B_SPLINE_CURVE_WITH_KNOTS ( 'NONE', 3,
 ( #4568, #1003, #2064, #4090, #5212, #3435, #5292, #272, #4526, #4008, #7122, #5909, #6386, #1574, #842, #1535, #920, #351, #3311, #233, #7646, #1497, #3971, #314, #880, #2756, #6510, #7692, #2797, #2147, #5252, #7771, #4686, #4606, #7085, #2187, #2225, #6062, #7242, #4131, #4734, #2840, #3480, #7207, #3443, #4767, #429, #1735, #498, #5947, #2951, #391, #5410, #2343, #3593 ),
 .UNSPECIFIED., .F., .F.,
 ( 4, 1, 1, 1, 1, 1, 1, 1, 1, 1, 1, 1, 1, 1, 1, 1, 1, 1, 1, 1, 1, 1, 1, 1, 1, 1, 1, 1, 1, 1, 1, 1, 1, 1, 1, 1, 1, 1, 1, 1, 1, 1, 1, 1, 1, 1, 1, 1, 1, 1, 1, 1, 4 ),
 ( 0.01037070964479166850, 0.06767854499841075011, 0.09884629602760430789, 0.1282330327458526265, 0.1558387551553858108, 0.1816634632588949305, 0.2057071570596704646, 0.2279698365617907063, 0.2484515017704002071, 0.2671521526921107892, 0.2840717893356240475, 0.2992104117127127871, 0.3125680198398574916, 0.3241446137411457817, 0.3339401934538051009, 0.3662021699428081867, 0.3760430630535980256, 0.3856763336118157470, 0.3952492422856400678, 0.4049624801021076692, 0.4150869914083017420, 0.4259748013331248195, 0.4380386266454291411, 0.4516469595390834035, 0.4668849008038628012, 0.4803437228220500677, 0.5000000000000002220, 0.5196562771779504875, 0.5331150991961376429, 0.5483530404609170406, 0.5619613733545713030, 0.5740251986668756246, 0.5849130085916987021, 0.5950375198978927749, 0.6047507577143603763, 0.6143236663881848081, 0.6239569369464024184, 0.6337978300571922574, 0.6660598065461953432, 0.6758553862588546624, 0.6874319801601429525, 0.7007895882872876570, 0.7159282106643762855, 0.7328478473078895439, 0.7515484982296001260, 0.7720301634382096267, 0.7942928429403297574, 0.8183365367411052915, 0.8441612448446143002, 0.8717669672541474846, 0.9011537039723958031, 0.9323214550015893609, 0.9896292903552117437 ),
 .UNSPECIFIED. ) ;
#6880 = CARTESIAN_POINT ( 'NONE',  ( -24.62078186107714117, 10.69645268464870647, -2.000000000000000000 ) ) ;
#6881 = CARTESIAN_POINT ( 'NONE',  ( 5.376315588043429905, 26.60062371204864817, -2.000000000000000000 ) ) ;
#6882 = CARTESIAN_POINT ( 'NONE',  ( -20.62323650117463103, 11.56374771533979384, -2.000000000000000000 ) ) ;
#6883 = VECTOR ( 'NONE', #6765, 1000.000000000000000 ) ;
#6884 = CARTESIAN_POINT ( 'NONE',  ( -27.50168352219555246, -4.167564993355129310, -2.000000000000000000 ) ) ;
#6885 = CARTESIAN_POINT ( 'NONE',  ( 10.38530154243853865, -23.40284517865930169, 2.100000000000000089 ) ) ;
#6886 = CARTESIAN_POINT ( 'NONE',  ( 0.000000000000000000, 0.000000000000000000, -2.000000000000000000 ) ) ;
#6887 = AXIS2_PLACEMENT_3D ( 'NONE', #4539, #7020, #2077 ) ;
#6888 = VECTOR ( 'NONE', #6063, 1000.000000000000000 ) ;
#6889 = CARTESIAN_POINT ( 'NONE',  ( -9.484645845787888163, -22.17444536155052504, 2.100000000000000089 ) ) ;
#6890 = CARTESIAN_POINT ( 'NONE',  ( -22.85726476338738067, -5.433202019314292919, -2.000000000000000000 ) ) ;
#6891 = CARTESIAN_POINT ( 'NONE',  ( -22.12901452267052704, -13.30176109182831823, 2.100000000000000089 ) ) ;
#6892 = B_SPLINE_CURVE_WITH_KNOTS ( 'NONE', 3,
 ( #441, #1514, #6601, #7139, #2890, #4745, #7748, #2320, #3455, #4107, #403, #292, #3491, #2929, #981, #5924, #7827, #2204, #4068, #5352, #7181, #2851, #7218, #1633, #6527, #6564, #7066, #5309, #3533, #1666, #6000, #5386, #6445, #7864, #2777, #3988, #898, #5231, #2165, #4623, #7102, #1552, #4024, #940, #3414, #5887, #330, #4492, #7450, #6924, #1905, #1380, #684, #4979, #2480 ),
 .UNSPECIFIED., .F., .F.,
 ( 4, 1, 1, 1, 1, 1, 1, 1, 1, 1, 1, 1, 1, 1, 1, 1, 1, 1, 1, 1, 1, 1, 1, 1, 1, 1, 1, 1, 1, 1, 1, 1, 1, 1, 1, 1, 1, 1, 1, 1, 1, 1, 1, 1, 1, 1, 1, 1, 1, 1, 1, 1, 4 ),
 ( 0.01037070964479171187, 0.06767854499841075011, 0.09884629602760430789, 0.1282330327458526265, 0.1558387551553858108, 0.1816634632588949305, 0.2057071570596704646, 0.2279698365617907063, 0.2484515017704002071, 0.2671521526921107892, 0.2840717893356240475, 0.2992104117127127871, 0.3125680198398574916, 0.3241446137411457817, 0.3339401934538051009, 0.3662021699428081867, 0.3760430630535980256, 0.3856763336118157470, 0.3952492422856400678, 0.4049624801021076692, 0.4150869914083017420, 0.4259748013331248195, 0.4380386266454291411, 0.4516469595390834035, 0.4668849008038628012, 0.4803437228220500677, 0.5000000000000002220, 0.5196562771779504875, 0.5331150991961376429, 0.5483530404609170406, 0.5619613733545713030, 0.5740251986668756246, 0.5849130085916987021, 0.5950375198978927749, 0.6047507577143603763, 0.6143236663881848081, 0.6239569369464024184, 0.6337978300571922574, 0.6660598065461953432, 0.6758553862588546624, 0.6874319801601429525, 0.7007895882872876570, 0.7159282106643762855, 0.7328478473078895439, 0.7515484982296001260, 0.7720301634382096267, 0.7942928429403297574, 0.8183365367411054025, 0.8441612448446143002, 0.8717669672541474846, 0.9011537039723958031, 0.9323214550015893609, 0.9896292903552152964 ),
 .UNSPECIFIED. ) ;
#6893 = CARTESIAN_POINT ( 'NONE',  ( 7.612592773523897627, -22.78073832991432823, 2.099999999999999645 ) ) ;
#6894 = DIRECTION ( 'NONE',  ( 0.000000000000000000, 0.000000000000000000, 1.000000000000000000 ) ) ;
#6895 = CARTESIAN_POINT ( 'NONE',  ( 4.030460310774762966, -24.06924055886029024, 2.100000000000000089 ) ) ;
#6896 = CARTESIAN_POINT ( 'NONE',  ( 7.650756190596012196, 25.73058353783937235, -2.000000000000000000 ) ) ;
#6897 = CARTESIAN_POINT ( 'NONE',  ( 2.198555820827197582, 23.54154832015335330, -2.000000000000000000 ) ) ;
#6898 = CARTESIAN_POINT ( 'NONE',  ( 22.62472946294003151, -16.49610842549916612, -2.000000000000000000 ) ) ;
#6899 = CARTESIAN_POINT ( 'NONE',  ( 26.28829541374620860, -9.090474067310887918, -2.000000000000000000 ) ) ;
#6900 = CARTESIAN_POINT ( 'NONE',  ( 1.981471996724984974, 23.84030691368550947, -2.000000000000000000 ) ) ;
#6901 = ORIENTED_EDGE ( 'NONE', *, *, #4655, .T. ) ;
#6902 = CARTESIAN_POINT ( 'NONE',  ( -25.75863198250609898, -8.543467069173807715, 2.099999999999999645 ) ) ;
#6903 = EDGE_CURVE ( 'NONE', #3352, #6286, #2372, .T. ) ;
#6904 = AXIS2_PLACEMENT_3D ( 'NONE', #356, #3935, #7090 ) ;
#6905 = CARTESIAN_POINT ( 'NONE',  ( -22.91828645517601615, 5.264681564480659048, 2.100000000000000089 ) ) ;
#6906 = CARTESIAN_POINT ( 'NONE',  ( -18.70321540207055477, -15.22676155773648610, 2.099999999999999645 ) ) ;
#6907 = CARTESIAN_POINT ( 'NONE',  ( 23.51784779677758408, 10.65556037457647776, 2.100000000000000089 ) ) ;
#6908 = CARTESIAN_POINT ( 'NONE',  ( -7.656852614504657595, 23.37322600383986781, 2.100000000000000089 ) ) ;
#6909 = CARTESIAN_POINT ( 'NONE',  ( 22.28520553958149719, -13.49243943284463398, -2.000000000000000000 ) ) ;
#6910 = VERTEX_POINT ( 'NONE', #2938 ) ;
#6911 = CARTESIAN_POINT ( 'NONE',  ( -5.644338589960124608, 26.94321158142446393, -2.000000000000000000 ) ) ;
#6912 = CARTESIAN_POINT ( 'NONE',  ( -22.12901452267052704, -13.30176109182831823, -2.000000000000000000 ) ) ;
#6913 = CARTESIAN_POINT ( 'NONE',  ( -13.58617081224543632, -23.15195374360798652, -2.000000000000000000 ) ) ;
#6914 = CARTESIAN_POINT ( 'NONE',  ( 12.84317218923419723, -20.29695877980780949, -2.000000000000000000 ) ) ;
#6915 = CARTESIAN_POINT ( 'NONE',  ( 24.48402185937396425, 7.488679734998076931, -2.000000000000000000 ) ) ;
#6916 = CARTESIAN_POINT ( 'NONE',  ( -24.56950331401515442, 1.128978604501155836, 2.100000000000000089 ) ) ;
#6917 = CARTESIAN_POINT ( 'NONE',  ( 23.58537593626264695, 6.976039544898394062, 2.100000000000000089 ) ) ;
#6918 = CARTESIAN_POINT ( 'NONE',  ( 19.10294300318478378, 20.47138356506643575, 2.100000000000000089 ) ) ;
#6919 = CARTESIAN_POINT ( 'NONE',  ( 17.82169893237846736, -21.35645667456330088, 2.100000000000000089 ) ) ;
#6920 = CARTESIAN_POINT ( 'NONE',  ( -13.81390900009209943, 19.09181343516790719, -2.000000000000000000 ) ) ;
#6921 = ORIENTED_EDGE ( 'NONE', *, *, #6006, .T. ) ;
#6922 = CARTESIAN_POINT ( 'NONE',  ( -23.24438501506255506, -6.803422568062742037, 2.100000000000000089 ) ) ;
#6923 = CARTESIAN_POINT ( 'NONE',  ( 17.76075994573092842, 17.29583732711387967, 2.099999999999999645 ) ) ;
#6924 = CARTESIAN_POINT ( 'NONE',  ( -21.04854468720649763, -16.20550857031053127, -2.000000000000000000 ) ) ;
#6925 = CARTESIAN_POINT ( 'NONE',  ( -18.12539239010960657, 15.18249965295455794, -2.000000000000000000 ) ) ;
#6926 = CARTESIAN_POINT ( 'NONE',  ( -21.23211141880578623, 10.40363348579838387, -2.000000000000000000 ) ) ;
#6927 = DIRECTION ( 'NONE',  ( -1.000000000000000000, 0.000000000000000000, 0.000000000000000000 ) ) ;
#6928 = CARTESIAN_POINT ( 'NONE',  ( 12.36707919775603415, -25.12081464776628792, 2.100000000000000089 ) ) ;
#6929 = CARTESIAN_POINT ( 'NONE',  ( 13.64180598451882531, 23.91017226877097812, -2.000000000000000000 ) ) ;
#6930 = ADVANCED_FACE ( 'NONE', ( #6776 ), #7990, .F. ) ;
#6931 = CARTESIAN_POINT ( 'NONE',  ( 20.64571337519312877, 11.25696429976831681, -2.000000000000000000 ) ) ;
#6932 = CARTESIAN_POINT ( 'NONE',  ( -22.74963530479514873, -6.146178943449475796, 2.099999999999999645 ) ) ;
#6933 = CARTESIAN_POINT ( 'NONE',  ( -23.08741356227222496, -10.60189590196922893, 2.100000000000000089 ) ) ;
#6934 = CARTESIAN_POINT ( 'NONE',  ( 7.741715957670631809, -24.19699765967529004, -2.000000000000000000 ) ) ;
#6935 = CARTESIAN_POINT ( 'NONE',  ( 22.46994110604165940, 10.47341059000768126, 2.099999999999999645 ) ) ;
#6936 = CARTESIAN_POINT ( 'NONE',  ( 2.198555820827218010, -23.54154832015334975, 2.100000000000000089 ) ) ;
#6937 = CARTESIAN_POINT ( 'NONE',  ( -25.07504586300960625, 7.932732980984140703, -2.000000000000000000 ) ) ;
#6938 = CARTESIAN_POINT ( 'NONE',  ( 3.025165651672243605, 23.29855380546641541, -2.000000000000000000 ) ) ;
#6939 = CARTESIAN_POINT ( 'NONE',  ( -2.320354714939425023, -23.45074361513812278, -2.000000000000000000 ) ) ;
#6940 = CARTESIAN_POINT ( 'NONE',  ( 22.79134869580807177, -6.292262679950364479, -2.000000000000000000 ) ) ;
#6941 = CARTESIAN_POINT ( 'NONE',  ( 2.320354714939412144, 23.45074361513812633, 2.099999999999999645 ) ) ;
#6942 = VERTEX_POINT ( 'NONE', #7385 ) ;
#6943 = CARTESIAN_POINT ( 'NONE',  ( -18.80342269287539736, -15.26496932198517875, 2.100000000000000089 ) ) ;
#6944 = CARTESIAN_POINT ( 'NONE',  ( 23.51224346894562345, -0.3730054609666969556, -2.000000000000000000 ) ) ;
#6945 = CARTESIAN_POINT ( 'NONE',  ( -25.15968768847577408, 4.747395707336121262, 2.100000000000000089 ) ) ;
#6946 = LINE ( 'NONE', #141, #1837 ) ;
#6947 = CARTESIAN_POINT ( 'NONE',  ( 20.86952096496491649, 12.08832612917524330, 2.100000000000000089 ) ) ;
#6948 = CARTESIAN_POINT ( 'NONE',  ( -12.85055170543023983, -19.95373759773043432, 2.100000000000000089 ) ) ;
#6949 = VERTEX_POINT ( 'NONE', #6013 ) ;
#6950 = ADVANCED_FACE ( 'NONE', ( #1068 ), #4271, .F. ) ;
#6951 = CARTESIAN_POINT ( 'NONE',  ( -17.12241726305228084, -21.05518411798322020, -2.000000000000000000 ) ) ;
#6952 = CARTESIAN_POINT ( 'NONE',  ( 0.000000000000000000, 0.000000000000000000, 2.100000000000000089 ) ) ;
#6953 = CARTESIAN_POINT ( 'NONE',  ( -23.76414829993700906, 7.060866680122685146, -2.000000000000000000 ) ) ;
#6954 = CARTESIAN_POINT ( 'NONE',  ( 7.629252907546902662, 22.67335363560524186, 2.100000000000000089 ) ) ;
#6955 = CARTESIAN_POINT ( 'NONE',  ( 23.24438501506255150, 6.803422568062755360, -2.000000000000000000 ) ) ;
#6956 = CARTESIAN_POINT ( 'NONE',  ( -23.72154950710865506, 0.7592181733933760501, 2.100000000000000089 ) ) ;
#6957 = DIRECTION ( 'NONE',  ( -1.000000000000000000, 0.000000000000000000, 0.000000000000000000 ) ) ;
#6958 = DIRECTION ( 'NONE',  ( -0.000000000000000000, -0.000000000000000000, -1.000000000000000000 ) ) ;
#6959 = CARTESIAN_POINT ( 'NONE',  ( -13.35177211813242515, 19.34338136197018798, 2.099999999999999645 ) ) ;
#6960 = ORIENTED_EDGE ( 'NONE', *, *, #4923, .T. ) ;
#6961 = EDGE_CURVE ( 'NONE', #389, #4598, #3649, .T. ) ;
#6962 = CARTESIAN_POINT ( 'NONE',  ( -22.99371384847795596, -6.601180838822660490, 2.100000000000000089 ) ) ;
#6963 = DIRECTION ( 'NONE',  ( 0.000000000000000000, 0.000000000000000000, 1.000000000000000000 ) ) ;
#6964 = CARTESIAN_POINT ( 'NONE',  ( 23.44696895445781948, 15.30488886923697756, -2.000000000000000000 ) ) ;
#6965 = CARTESIAN_POINT ( 'NONE',  ( -18.97770164392054681, 15.34339570340774195, 2.099999999999999645 ) ) ;
#6966 = CARTESIAN_POINT ( 'NONE',  ( -23.51784779677759474, 10.65556037457645999, 2.099999999999999645 ) ) ;
#6967 = CARTESIAN_POINT ( 'NONE',  ( 9.324636732261661010, 22.03037936177864964, -2.000000000000000000 ) ) ;
#6968 = CARTESIAN_POINT ( 'NONE',  ( -20.74579233589062355, 11.91211842489101080, 2.100000000000000089 ) ) ;
#6969 = CARTESIAN_POINT ( 'NONE',  ( 13.64180598451882531, 23.91017226877097812, 2.099999999999999645 ) ) ;
#6970 = CARTESIAN_POINT ( 'NONE',  ( -23.34891248594833257, -15.11752229210741660, -2.000000000000000000 ) ) ;
#6971 = EDGE_CURVE ( 'NONE', #3352, #2436, #139, .T. ) ;
#6972 = CARTESIAN_POINT ( 'NONE',  ( 21.35721522671292760, -10.35169942632023066, -2.000000000000000000 ) ) ;
#6973 = CARTESIAN_POINT ( 'NONE',  ( -21.84033501313436787, -12.97800555654220922, 2.100000000000000089 ) ) ;
#6974 = CARTESIAN_POINT ( 'NONE',  ( 7.733573568718056457, -24.87706067138158872, 2.099999999999999645 ) ) ;
#6975 = ADVANCED_FACE ( 'NONE', ( #7554 ), #503, .F. ) ;
#6976 = CARTESIAN_POINT ( 'NONE',  ( 23.29246673278348467, 10.63055238855666573, -2.000000000000000000 ) ) ;
#6977 = CARTESIAN_POINT ( 'NONE',  ( -17.59000231784554558, 15.58338223461975502, -2.000000000000000000 ) ) ;
#6978 = CARTESIAN_POINT ( 'NONE',  ( -5.995909907646296944, -27.35048520283293882, 2.100000000000000089 ) ) ;
#6979 = CARTESIAN_POINT ( 'NONE',  ( 7.741715957670624704, 24.19699765967529004, -2.000000000000000000 ) ) ;
#6980 = DIRECTION ( 'NONE',  ( 0.000000000000000000, 0.000000000000000000, -1.000000000000000000 ) ) ;
#6981 = EDGE_CURVE ( 'NONE', #2638, #5271, #2172, .T. ) ;
#6982 = CARTESIAN_POINT ( 'NONE',  ( 18.12539239010960301, -15.18249965295455972, -2.000000000000000000 ) ) ;
#6983 = CARTESIAN_POINT ( 'NONE',  ( 24.95373504430678580, -4.768644361883064065, -2.000000000000000000 ) ) ;
#6984 = CARTESIAN_POINT ( 'NONE',  ( 1.623578263684192224, 25.76808346599205279, -2.000000000000000000 ) ) ;
#6985 = ORIENTED_EDGE ( 'NONE', *, *, #5896, .T. ) ;
#6986 = CARTESIAN_POINT ( 'NONE',  ( -7.688595528318257877, -23.56854007989868194, 2.099999999999999645 ) ) ;
#6987 = CARTESIAN_POINT ( 'NONE',  ( -23.58537593626265050, -6.976039544898380740, -2.000000000000000000 ) ) ;
#6988 = CARTESIAN_POINT ( 'NONE',  ( 23.50396181942852891, -6.078686604171923434E-16, -2.000000000000000000 ) ) ;
#6989 = CARTESIAN_POINT ( 'NONE',  ( -22.79134869580807177, 6.292262679950354709, 2.100000000000000089 ) ) ;
#6990 = CARTESIAN_POINT ( 'NONE',  ( -22.62472946294007059, -16.49610842549918743, -2.000000000000000000 ) ) ;
#6991 = DIRECTION ( 'NONE',  ( -0.000000000000000000, -0.000000000000000000, -1.000000000000000000 ) ) ;
#6992 = CARTESIAN_POINT ( 'NONE',  ( -1.749999999999992673, -21.00000000000000000, 2.100000000000001865 ) ) ;
#6993 = ORIENTED_EDGE ( 'NONE', *, *, #1567, .F. ) ;
#6994 = CIRCLE ( 'NONE', #3500, 1.750000000000001554 ) ;
#6995 = CARTESIAN_POINT ( 'NONE',  ( -21.98040231662191246, -13.13048226772782634, -2.000000000000000000 ) ) ;
#6996 = CARTESIAN_POINT ( 'NONE',  ( 15.87213422487472947, -20.36431896814133680, -2.000000000000000000 ) ) ;
#6997 = CARTESIAN_POINT ( 'NONE',  ( -25.52197998938346757, 8.320188513921030093, -2.000000000000000000 ) ) ;
#6998 = CARTESIAN_POINT ( 'NONE',  ( -13.64872344093925882, -24.44815585854593820, 2.100000000000000089 ) ) ;
#6999 = CARTESIAN_POINT ( 'NONE',  ( 22.73975435582775262, 5.989014764842381489, -2.000000000000000000 ) ) ;
#7000 = CARTESIAN_POINT ( 'NONE',  ( -14.84924240491749892, 14.84924240491749536, 2.100000000000001865 ) ) ;
#7001 = DIRECTION ( 'NONE',  ( -0.000000000000000000, -0.000000000000000000, 1.000000000000000000 ) ) ;
#7002 = LINE ( 'NONE', #6385, #943 ) ;
#7003 = EDGE_CURVE ( 'NONE', #197, #3179, #1193, .T. ) ;
#7004 = CARTESIAN_POINT ( 'NONE',  ( 13.41263264250317455, -22.06199033373686547, 2.100000000000000089 ) ) ;
#7005 = CARTESIAN_POINT ( 'NONE',  ( -12.95267602360809889, 19.68627963667922387, 2.099999999999999645 ) ) ;
#7006 = ORIENTED_EDGE ( 'NONE', *, *, #3970, .F. ) ;
#7007 = EDGE_CURVE ( 'NONE', #4676, #1758, #2923, .T. ) ;
#7008 = CARTESIAN_POINT ( 'NONE',  ( -22.85726476338738067, -5.433202019314292919, 2.100000000000000089 ) ) ;
#7009 = AXIS2_PLACEMENT_3D ( 'NONE', #6886, #2605, #5591 ) ;
#7010 = CARTESIAN_POINT ( 'NONE',  ( 27.69989816623196788, 2.535120532296394558, -2.000000000000000000 ) ) ;
#7011 = EDGE_CURVE ( 'NONE', #7515, #2027, #955, .T. ) ;
#7012 = CARTESIAN_POINT ( 'NONE',  ( -21.58955567576248669, 12.72687891813088967, -2.000000000000000000 ) ) ;
#7013 = CARTESIAN_POINT ( 'NONE',  ( -20.07157227525354060, 15.89590000543996595, -2.000000000000000000 ) ) ;
#7014 = DIRECTION ( 'NONE',  ( 0.000000000000000000, -0.000000000000000000, -1.000000000000000000 ) ) ;
#7015 = CARTESIAN_POINT ( 'NONE',  ( -20.94077984017083338, 12.16847291378769391, 2.100000000000000089 ) ) ;
#7016 = CARTESIAN_POINT ( 'NONE',  ( 13.64897234010369331, 24.23668188081809660, 2.099999999999999645 ) ) ;
#7017 = CARTESIAN_POINT ( 'NONE',  ( 21.80373651133526636, 10.30832712212201763, -2.000000000000000000 ) ) ;
#7018 = CARTESIAN_POINT ( 'NONE',  ( -25.38450439115045398, -4.717739787684796404, -2.000000000000000000 ) ) ;
#7019 = CARTESIAN_POINT ( 'NONE',  ( -3.204373604290293276, 23.29585190159429686, 2.099999999999999645 ) ) ;
#7020 = DIRECTION ( 'NONE',  ( 0.000000000000000000, 0.000000000000000000, -1.000000000000000000 ) ) ;
#7021 = CARTESIAN_POINT ( 'NONE',  ( 21.47582202528875328, 10.32148794313316387, 2.099999999999999645 ) ) ;
#7022 = CARTESIAN_POINT ( 'NONE',  ( 5.855490417633518518, -27.19235970815774550, 2.100000000000000089 ) ) ;
#7023 = CARTESIAN_POINT ( 'NONE',  ( -4.082273444348693658, 24.25428063893853192, 2.100000000000000089 ) ) ;
#7024 = CARTESIAN_POINT ( 'NONE',  ( 7.745447077757175336, 24.40400991946478726, -2.000000000000000000 ) ) ;
#7025 = CARTESIAN_POINT ( 'NONE',  ( 5.183190230475027249, 26.33878392258043633, -2.000000000000000000 ) ) ;
#7026 = CARTESIAN_POINT ( 'NONE',  ( 17.98147192499884639, -15.23115522593613136, -2.000000000000000000 ) ) ;
#7027 = CARTESIAN_POINT ( 'NONE',  ( 23.32186741149924103, -4.882063647943439832, -2.000000000000000000 ) ) ;
#7028 = CARTESIAN_POINT ( 'NONE',  ( 1.680116617297973125, 25.54848055630612791, 2.099999999999999645 ) ) ;
#7029 = CIRCLE ( 'NONE', #5455, 27.99999957948218920 ) ;
#7030 = VECTOR ( 'NONE', #6241, 1000.000000000000000 ) ;
#7031 = ORIENTED_EDGE ( 'NONE', *, *, #6501, .F. ) ;
#7032 = CARTESIAN_POINT ( 'NONE',  ( -9.768079280210441695, -22.57254334279473085, 2.099999999999999645 ) ) ;
#7033 = CARTESIAN_POINT ( 'NONE',  ( 25.03107770533010523, -1.235924829161913374, 2.099999999999999645 ) ) ;
#7034 = DIRECTION ( 'NONE',  ( -1.000000000000000000, 0.000000000000000000, 0.000000000000000000 ) ) ;
#7035 = AXIS2_PLACEMENT_3D ( 'NONE', #4564, #7045, #1494 ) ;
#7036 = CARTESIAN_POINT ( 'NONE',  ( -19.87933552333217690, -15.81900378855656975, -2.000000000000000000 ) ) ;
#7037 = CARTESIAN_POINT ( 'NONE',  ( 27.50168352219550627, -4.167564993355136416, 2.100000000000000089 ) ) ;
#7038 = CARTESIAN_POINT ( 'NONE',  ( -13.35177211813241982, -19.34338136197018798, 2.100000000000000089 ) ) ;
#7039 = EDGE_LOOP ( 'NONE', ( #3195, #1029 ) ) ;
#7040 = CARTESIAN_POINT ( 'NONE',  ( -20.69407544885351768, -11.81098159931166869, -2.000000000000000000 ) ) ;
#7041 = CARTESIAN_POINT ( 'NONE',  ( 14.75432918952970596, -19.43920578531971799, -2.000000000000000000 ) ) ;
#7042 = CARTESIAN_POINT ( 'NONE',  ( -13.41263264250316922, -22.06199033373687257, 2.099999999999999645 ) ) ;
#7043 = CARTESIAN_POINT ( 'NONE',  ( 11.10648537714066997, 24.13101166629980554, 2.100000000000000089 ) ) ;
#7044 = CARTESIAN_POINT ( 'NONE',  ( 23.07262568452395968, 6.675893319502731238, -2.000000000000000000 ) ) ;
#7045 = DIRECTION ( 'NONE',  ( -0.000000000000000000, -0.000000000000000000, 1.000000000000000000 ) ) ;
#7046 = CARTESIAN_POINT ( 'NONE',  ( 8.333214720347262627, -21.97288137310767553, -2.000000000000000000 ) ) ;
#7047 = CARTESIAN_POINT ( 'NONE',  ( -12.88702750944971420, 19.82328597831586947, 2.100000000000000089 ) ) ;
#7048 = CARTESIAN_POINT ( 'NONE',  ( 13.15214330072518933, -21.16307668733837488, 2.100000000000000089 ) ) ;
#7049 = CARTESIAN_POINT ( 'NONE',  ( -12.88716835993242960, 20.50631329690557436, 2.099999999999999645 ) ) ;
#7050 = ORIENTED_EDGE ( 'NONE', *, *, #6961, .F. ) ;
#7051 = CARTESIAN_POINT ( 'NONE',  ( 23.42764417793268095, -4.840656286569377187, 2.099999999999999645 ) ) ;
#7052 = CARTESIAN_POINT ( 'NONE',  ( 24.56950331401515442, 1.128978604501158500, -2.000000000000000000 ) ) ;
#7053 = CARTESIAN_POINT ( 'NONE',  ( -19.31055424225242945, 15.54648119520596161, 2.099999999999999645 ) ) ;
#7054 = CARTESIAN_POINT ( 'NONE',  ( -22.44798333931210976, 13.70307343545945145, 2.099999999999999645 ) ) ;
#7055 = CARTESIAN_POINT ( 'NONE',  ( 7.701896059577414633, 22.44925656542957881, -2.000000000000000000 ) ) ;
#7056 = CARTESIAN_POINT ( 'NONE',  ( 8.148726673636447870, -22.03570943365874868, 2.100000000000000089 ) ) ;
#7057 = CARTESIAN_POINT ( 'NONE',  ( 12.83364937058815869, 20.18870745851076975, 2.099999999999999645 ) ) ;
#7058 = ORIENTED_EDGE ( 'NONE', *, *, #7245, .T. ) ;
#7059 = CARTESIAN_POINT ( 'NONE',  ( -22.12901452267052704, -13.30176109182831823, -2.000000000000000000 ) ) ;
#7060 = CARTESIAN_POINT ( 'NONE',  ( -26.46517536639175106, -4.493494443281870865, -2.000000000000000000 ) ) ;
#7061 = CARTESIAN_POINT ( 'NONE',  ( -4.389956462724892816, 25.02313217738665685, -2.000000000000000000 ) ) ;
#7062 = CARTESIAN_POINT ( 'NONE',  ( 24.66930537037450577, 7.619416278945045029, -2.000000000000000000 ) ) ;
#7063 = CARTESIAN_POINT ( 'NONE',  ( -12.86131782747430208, 20.40223119301177235, -2.000000000000000000 ) ) ;
#7064 = CARTESIAN_POINT ( 'NONE',  ( -12.36707919785805565, 25.12081464783651796, -2.000000000000000000 ) ) ;
#7065 = DIRECTION ( 'NONE',  ( 0.000000000000000000, 0.000000000000000000, -1.000000000000000000 ) ) ;
#7066 = CARTESIAN_POINT ( 'NONE',  ( -17.45584392081710945, -15.72474958968643044, -2.000000000000000000 ) ) ;
#7067 = LINE ( 'NONE', #7965, #1707 ) ;
#7068 = CARTESIAN_POINT ( 'NONE',  ( 19.13918860107962416, -15.44754172932142744, 2.099999999999999645 ) ) ;
#7069 = CARTESIAN_POINT ( 'NONE',  ( 12.36707919775603415, -25.12081464776628792, -2.000000000000000000 ) ) ;
#7070 = ORIENTED_EDGE ( 'NONE', *, *, #4816, .F. ) ;
#7071 = CARTESIAN_POINT ( 'NONE',  ( -7.733032203436363439, -24.00987265162541462, 2.099999999999999645 ) ) ;
#7072 = CARTESIAN_POINT ( 'NONE',  ( 3.705239350424557987, -23.53752846792088604, 2.099999999999999645 ) ) ;
#7073 = CARTESIAN_POINT ( 'NONE',  ( -8.843531895616186134, -21.84292484346596197, -2.000000000000000000 ) ) ;
#7074 = LINE ( 'NONE', #4435, #3646 ) ;
#7075 = CARTESIAN_POINT ( 'NONE',  ( 0.000000000000000000, 0.000000000000000000, -2.000000000000000000 ) ) ;
#7076 = CARTESIAN_POINT ( 'NONE',  ( -18.01951879739587525, -21.43121365581733428, 2.100000000000000089 ) ) ;
#7077 = ORIENTED_EDGE ( 'NONE', *, *, #4577, .T. ) ;
#7078 = CARTESIAN_POINT ( 'NONE',  ( -21.35721522671293471, -10.35169942632023954, -2.000000000000000000 ) ) ;
#7079 = CARTESIAN_POINT ( 'NONE',  ( 16.08024905276406713, -20.49638744246054856, -2.000000000000000000 ) ) ;
#7080 = CARTESIAN_POINT ( 'NONE',  ( -13.55023046621762717, -22.84843530275375656, -2.000000000000000000 ) ) ;
#7081 = CARTESIAN_POINT ( 'NONE',  ( 9.945601713251328135, 22.84599953686306861, 2.100000000000000089 ) ) ;
#7082 = CARTESIAN_POINT ( 'NONE',  ( -18.73200657000872837, 19.22781655172587278, -2.000000000000000000 ) ) ;
#7083 = CARTESIAN_POINT ( 'NONE',  ( 0.7237198720499135041, 27.99064497287983144, -2.000000000000000000 ) ) ;
#7084 = DIRECTION ( 'NONE',  ( 0.3546048870425358435, -0.9350162426854147224, 0.000000000000000000 ) ) ;
#7085 = CARTESIAN_POINT ( 'NONE',  ( 23.90532429094090716, -0.9066066167179773760, -2.000000000000000000 ) ) ;
#7086 = CARTESIAN_POINT ( 'NONE',  ( -14.42373451280541552, 19.20597537996031434, -2.000000000000000000 ) ) ;
#7087 = ORIENTED_EDGE ( 'NONE', *, *, #3236, .T. ) ;
#7088 = CARTESIAN_POINT ( 'NONE',  ( 22.85726476338738422, -5.433202019314283149, -2.000000000000000000 ) ) ;
#7089 = CARTESIAN_POINT ( 'NONE',  ( 21.34551800689746770, 16.27777197600732251, -2.000000000000000000 ) ) ;
#7090 = DIRECTION ( 'NONE',  ( 1.000000000000000000, 0.000000000000000000, 0.000000000000000000 ) ) ;
#7091 = CARTESIAN_POINT ( 'NONE',  ( -17.28752988749540975, 16.01445386190350817, -2.000000000000000000 ) ) ;
#7092 = CARTESIAN_POINT ( 'NONE',  ( 1.750000000000010436, -21.00000000000000000, -3.599999999999998757 ) ) ;
#7093 = CARTESIAN_POINT ( 'NONE',  ( 8.843531895616187910, 21.84292484346595842, -2.000000000000000000 ) ) ;
#7094 = CARTESIAN_POINT ( 'NONE',  ( 18.83778878485557229, 19.53549755878801619, -2.000000000000000000 ) ) ;
#7095 = CARTESIAN_POINT ( 'NONE',  ( 14.32589460713081664, 19.15868494228939056, 2.099999999999999645 ) ) ;
#7096 = CARTESIAN_POINT ( 'NONE',  ( 20.94077984017083338, -12.16847291378769569, -2.000000000000000000 ) ) ;
#7097 = CARTESIAN_POINT ( 'NONE',  ( -4.713207230075946441, 25.62151411210379948, 2.099999999999999645 ) ) ;
#7098 = CARTESIAN_POINT ( 'NONE',  ( -23.44696895445778750, -15.30488886923689407, 2.100000000000000089 ) ) ;
#7099 = CARTESIAN_POINT ( 'NONE',  ( -13.04949915500205115, 19.56208827861912525, -2.000000000000000000 ) ) ;
#7100 = CARTESIAN_POINT ( 'NONE',  ( -8.334619726030529918, 21.97658606862350439, -2.000000000000000000 ) ) ;
#7101 = CARTESIAN_POINT ( 'NONE',  ( -3.359200862297599066, 23.32460485566309316, 2.100000000000000089 ) ) ;
#7102 = CARTESIAN_POINT ( 'NONE',  ( -19.31055424225241879, -15.54648119520597227, -2.000000000000000000 ) ) ;
#7103 = CARTESIAN_POINT ( 'NONE',  ( 14.84924240491750069, 14.84924240491749714, 2.100000000000001865 ) ) ;
#7104 = CARTESIAN_POINT ( 'NONE',  ( 7.768531058981743342, -22.33132486425837726, -2.000000000000000000 ) ) ;
#7105 = EDGE_CURVE ( 'NONE', #4290, #5153, #1169, .T. ) ;
#7106 = ORIENTED_EDGE ( 'NONE', *, *, #729, .F. ) ;
#7107 = CARTESIAN_POINT ( 'NONE',  ( -7.701896059577412856, -22.44925656542958592, -2.000000000000000000 ) ) ;
#7108 = CARTESIAN_POINT ( 'NONE',  ( 21.98040231662191957, -13.13048226772782279, 2.100000000000000089 ) ) ;
#7109 = CARTESIAN_POINT ( 'NONE',  ( 23.72154950710865506, -0.7592181733933789367, -2.000000000000000000 ) ) ;
#7110 = CARTESIAN_POINT ( 'NONE',  ( -7.523321135858853204, -26.48008397883696574, -2.000000000000000000 ) ) ;
#7111 = CARTESIAN_POINT ( 'NONE',  ( -25.19179192507393239, -1.283507464112910057, 2.099999999999999645 ) ) ;
#7112 = CARTESIAN_POINT ( 'NONE',  ( -18.96747865530085875, 19.95068825630391629, 2.100000000000000089 ) ) ;
#7113 = ORIENTED_EDGE ( 'NONE', *, *, #6134, .T. ) ;
#7114 = CARTESIAN_POINT ( 'NONE',  ( -23.08741356227222496, -10.60189590196922893, 2.099999999999999645 ) ) ;
#7115 = CARTESIAN_POINT ( 'NONE',  ( 13.20212662322860275, -21.30225842247369172, -2.000000000000000000 ) ) ;
#7116 = CARTESIAN_POINT ( 'NONE',  ( -12.95267602360809356, -19.68627963667922742, -2.000000000000000000 ) ) ;
#7117 = CARTESIAN_POINT ( 'NONE',  ( -25.15968768847577408, 4.747395707336121262, -2.000000000000000000 ) ) ;
#7118 = CARTESIAN_POINT ( 'NONE',  ( 25.88937528683162270, 4.628868634690457284, 2.099999999999999645 ) ) ;
#7119 = CARTESIAN_POINT ( 'NONE',  ( -17.51903422860500115, 16.98989084997259269, -2.000000000000000000 ) ) ;
#7120 = DIRECTION ( 'NONE',  ( 0.000000000000000000, 0.000000000000000000, -1.000000000000000000 ) ) ;
#7121 = CARTESIAN_POINT ( 'NONE',  ( -13.50602898338109270, 19.22398027845277113, 2.100000000000000089 ) ) ;
#7122 = CARTESIAN_POINT ( 'NONE',  ( 25.36983614870255366, 1.341743455198749269, -2.000000000000000000 ) ) ;
#7123 = DIRECTION ( 'NONE',  ( 0.000000000000000000, 0.000000000000000000, 1.000000000000000000 ) ) ;
#7124 = ORIENTED_EDGE ( 'NONE', *, *, #7153, .T. ) ;
#7125 = CARTESIAN_POINT ( 'NONE',  ( 23.21393719209896389, -4.939781705126438993, -2.000000000000000000 ) ) ;
#7126 = CARTESIAN_POINT ( 'NONE',  ( 25.77590585922884614, 1.494258687380734196, 2.099999999999999645 ) ) ;
#7127 = CARTESIAN_POINT ( 'NONE',  ( -21.98040231662191957, 13.13048226772782101, -2.000000000000000000 ) ) ;
#7128 = CARTESIAN_POINT ( 'NONE',  ( -27.42711506945233424, -2.355539727225825164, -2.000000000000000000 ) ) ;
#7129 = CARTESIAN_POINT ( 'NONE',  ( -22.28520553958149719, 13.49243943284463398, 2.099999999999999645 ) ) ;
#7130 = DIRECTION ( 'NONE',  ( 0.1205366802553235611, -0.9927088740980538617, 0.000000000000000000 ) ) ;
#7131 = CARTESIAN_POINT ( 'NONE',  ( 12.84317218923418658, 20.29695877980780949, -2.000000000000000000 ) ) ;
#7132 = ORIENTED_EDGE ( 'NONE', *, *, #4624, .F. ) ;
#7133 = CARTESIAN_POINT ( 'NONE',  ( 21.07590994840524345, -12.30361618564757720, -2.000000000000000000 ) ) ;
#7134 = CARTESIAN_POINT ( 'NONE',  ( -4.082273444348693658, 24.25428063893853192, -2.000000000000000000 ) ) ;
#7135 = PLANE ( 'NONE',  #6755 ) ;
#7136 = CARTESIAN_POINT ( 'NONE',  ( -14.75432918952970596, 19.43920578531971799, -2.000000000000000000 ) ) ;
#7137 = CARTESIAN_POINT ( 'NONE',  ( -9.945601713251335241, 22.84599953686306151, -2.000000000000000000 ) ) ;
#7138 = CARTESIAN_POINT ( 'NONE',  ( -3.952016953262640797, 23.89496924813284906, 2.100000000000000089 ) ) ;
#7139 = CARTESIAN_POINT ( 'NONE',  ( -18.83778878485557939, -19.53549755878801975, -2.000000000000000000 ) ) ;
#7140 = FACE_BOUND ( 'NONE', #6293, .T. ) ;
#7141 = VERTEX_POINT ( 'NONE', #2278 ) ;
#7142 = AXIS2_PLACEMENT_3D ( 'NONE', #7493, #4375, #7453 ) ;
#7143 = CARTESIAN_POINT ( 'NONE',  ( -9.484645845787888163, -22.17444536155052504, -2.000000000000000000 ) ) ;
#7144 = CARTESIAN_POINT ( 'NONE',  ( 4.189195047382283654, -24.56227459198278140, -2.000000000000000000 ) ) ;
#7145 = CARTESIAN_POINT ( 'NONE',  ( 23.99982295939236820, -0.9602632500303808216, 2.099999999999999645 ) ) ;
#7146 = CARTESIAN_POINT ( 'NONE',  ( -7.715738321650221110, -25.14266413352904550, -2.000000000000000000 ) ) ;
#7147 = AXIS2_PLACEMENT_3D ( 'NONE', #7309, #7875, #4159 ) ;
#7148 = VECTOR ( 'NONE', #140, 1000.000000000000000 ) ;
#7149 = CARTESIAN_POINT ( 'NONE',  ( -23.51224346894562345, 0.3730054609666941245, 2.099999999999999645 ) ) ;
#7150 = CARTESIAN_POINT ( 'NONE',  ( -19.05257563431085899, 20.26599507124434396, 2.100000000000000089 ) ) ;
#7151 = CARTESIAN_POINT ( 'NONE',  ( -2.198555820827210905, -23.54154832015335330, -2.000000000000000000 ) ) ;
#7152 = ORIENTED_EDGE ( 'NONE', *, *, #4149, .F. ) ;
#7153 = EDGE_CURVE ( 'NONE', #3580, #3953, #2236, .T. ) ;
#7154 = CARTESIAN_POINT ( 'NONE',  ( -20.81172461973597265, -10.92283569232045437, -2.000000000000000000 ) ) ;
#7155 = AXIS2_PLACEMENT_3D ( 'NONE', #3176, #5031, #7505 ) ;
#7156 = CARTESIAN_POINT ( 'NONE',  ( 13.15214330072518933, -21.16307668733837488, 2.099999999999999645 ) ) ;
#7157 = CARTESIAN_POINT ( 'NONE',  ( -12.83485696772680029, -20.07512121109398251, -2.000000000000000000 ) ) ;
#7158 = CARTESIAN_POINT ( 'NONE',  ( -24.59949625084631819, 4.790317889056091794, 2.099999999999999645 ) ) ;
#7159 = CARTESIAN_POINT ( 'NONE',  ( 27.50168352227339952, 4.167564993327561140, -2.000000000000000000 ) ) ;
#7160 = CARTESIAN_POINT ( 'NONE',  ( -18.80342269287540446, 15.26496932198516632, -2.000000000000000000 ) ) ;
#7161 = CARTESIAN_POINT ( 'NONE',  ( 18.12539239010960301, -15.18249965295455972, 2.100000000000000089 ) ) ;
#7162 = CARTESIAN_POINT ( 'NONE',  ( -14.60388312963064017, 19.32135064906642796, 2.100000000000000089 ) ) ;
#7163 = VECTOR ( 'NONE', #4371, 1000.000000000000000 ) ;
#7164 = CARTESIAN_POINT ( 'NONE',  ( 12.88716835993242960, -20.50631329690557436, 2.100000000000000089 ) ) ;
#7165 = CARTESIAN_POINT ( 'NONE',  ( -13.64180598451883597, 23.91017226877098167, -2.000000000000000000 ) ) ;
#7166 = VERTEX_POINT ( 'NONE', #1660 ) ;
#7167 = CARTESIAN_POINT ( 'NONE',  ( 22.82097940566847782, -5.624866236205934733, 2.099999999999999645 ) ) ;
#7168 = DIRECTION ( 'NONE',  ( 0.000000000000000000, 0.000000000000000000, -1.000000000000000000 ) ) ;
#7169 = CARTESIAN_POINT ( 'NONE',  ( 0.000000000000000000, 0.000000000000000000, 2.100000000000000089 ) ) ;
#7170 = CARTESIAN_POINT ( 'NONE',  ( 10.13323285654343664, 23.09959661296539224, -2.000000000000000000 ) ) ;
#7171 = CARTESIAN_POINT ( 'NONE',  ( -2.832611943458542836, 23.32865819094296711, -2.000000000000000000 ) ) ;
#7172 = CARTESIAN_POINT ( 'NONE',  ( 14.75432918952970063, 19.43920578531972865, 2.099999999999999645 ) ) ;
#7173 = ORIENTED_EDGE ( 'NONE', *, *, #840, .F. ) ;
#7174 = B_SPLINE_CURVE_WITH_KNOTS ( 'NONE', 3,
 ( #5354, #6075, #5387, #6680, #4300, #1135, #6804, #7942, #4781, #4859, #7258, #1177, #2965, #1710, #4186, #1097, #6120, #560, #3570, #7901, #5545, #2486, #5503, #6038, #7978, #1221, #2445, #1263, #7374, #2360, #1825, #4822, #3689, #599, #3079, #1, #4942, #7416, #1872, #4339, #3167, #7581, #204, #6275, #165, #5672, #641, #3771, #727, #5633, #2073, #3120, #2686, #3203, #4497 ),
 .UNSPECIFIED., .F., .F.,
 ( 4, 1, 1, 1, 1, 1, 1, 1, 1, 1, 1, 1, 1, 1, 1, 1, 1, 1, 1, 1, 1, 1, 1, 1, 1, 1, 1, 1, 1, 1, 1, 1, 1, 1, 1, 1, 1, 1, 1, 1, 1, 1, 1, 1, 1, 1, 1, 1, 1, 1, 1, 1, 4 ),
 ( 0.01037070964479148809, 0.06767854499841075011, 0.09884629602760430789, 0.1282330327458526265, 0.1558387551553858108, 0.1816634632588949305, 0.2057071570596704368, 0.2279698365617907063, 0.2484515017704002071, 0.2671521526921107892, 0.2840717893356240475, 0.2992104117127127871, 0.3125680198398574916, 0.3241446137411457817, 0.3339401934538051009, 0.3662021699428081867, 0.3760430630535980256, 0.3856763336118157470, 0.3952492422856400678, 0.4049624801021076692, 0.4150869914083017420, 0.4259748013331248195, 0.4380386266454291411, 0.4516469595390834035, 0.4668849008038628012, 0.4803437228220500677, 0.5000000000000002220, 0.5196562771779504875, 0.5331150991961376429, 0.5483530404609170406, 0.5619613733545713030, 0.5740251986668756246, 0.5849130085916987021, 0.5950375198978927749, 0.6047507577143603763, 0.6143236663881848081, 0.6239569369464024184, 0.6337978300571922574, 0.6660598065461953432, 0.6758553862588546624, 0.6874319801601429525, 0.7007895882872876570, 0.7159282106643762855, 0.7328478473078895439, 0.7515484982296001260, 0.7720301634382096267, 0.7942928429403297574, 0.8183365367411052915, 0.8441612448446143002, 0.8717669672541474846, 0.9011537039723958031, 0.9323214550015893609, 0.9896292903552001974 ),
 .UNSPECIFIED. ) ;
#7175 = CARTESIAN_POINT ( 'NONE',  ( 8.673617379884035472E-15, -21.00000000000000000, 2.100000000000001865 ) ) ;
#7176 = CARTESIAN_POINT ( 'NONE',  ( -3.499191490208550359, 23.38362255772745968, 2.099999999999999645 ) ) ;
#7177 = DIRECTION ( 'NONE',  ( 0.000000000000000000, 0.000000000000000000, 1.000000000000000000 ) ) ;
#7178 = CARTESIAN_POINT ( 'NONE',  ( -13.50602898338109270, 19.22398027845277113, -2.000000000000000000 ) ) ;
#7179 = CARTESIAN_POINT ( 'NONE',  ( 1.474499619732455580, -26.25856105065617641, 2.100000000000000089 ) ) ;
#7180 = CARTESIAN_POINT ( 'NONE',  ( -22.82097940566847782, -5.624866236205940950, -2.000000000000000000 ) ) ;
#7181 = CARTESIAN_POINT ( 'NONE',  ( -17.29220078062825650, -16.53076698689343615, -2.000000000000000000 ) ) ;
#7182 = CARTESIAN_POINT ( 'NONE',  ( -23.49999964706540823, -5.337339443094235283E-15, -2.000000000000000000 ) ) ;
#7183 = CARTESIAN_POINT ( 'NONE',  ( 7.605208680130572496, -22.99453835804834512, -2.000000000000000000 ) ) ;
#7184 = EDGE_LOOP ( 'NONE', ( #8009, #1145 ) ) ;
#7185 = CARTESIAN_POINT ( 'NONE',  ( -7.720532692246925066, -23.84272921084244246, 2.100000000000000089 ) ) ;
#7186 = CARTESIAN_POINT ( 'NONE',  ( 5.855490417686929128, -27.19235970822077419, 2.099999999999999645 ) ) ;
#7187 = CARTESIAN_POINT ( 'NONE',  ( 25.36983614870255366, -1.341743455198748824, 2.099999999999999645 ) ) ;
#7188 = CARTESIAN_POINT ( 'NONE',  ( -7.601435196559572560, -26.05218098595103626, -2.000000000000000000 ) ) ;
#7189 = ADVANCED_FACE ( 'NONE', ( #1741 ), #3599, .F. ) ;
#7190 = CARTESIAN_POINT ( 'NONE',  ( -25.56471904745757939, -1.411662356313491795, 2.099999999999999645 ) ) ;
#7191 = CARTESIAN_POINT ( 'NONE',  ( 22.99371384847795596, -6.601180838822651609, 2.100000000000000089 ) ) ;
#7192 = CARTESIAN_POINT ( 'NONE',  ( -0.7237198719922735002, -27.99064497298936161, 2.099999999999999645 ) ) ;
#7193 = EDGE_LOOP ( 'NONE', ( #3158, #4608 ) ) ;
#7194 = CARTESIAN_POINT ( 'NONE',  ( -22.27987727495454706, -10.41835660743990566, -2.000000000000000000 ) ) ;
#7195 = CARTESIAN_POINT ( 'NONE',  ( 12.83364937058816579, -20.18870745851076265, 2.099999999999999645 ) ) ;
#7196 = CARTESIAN_POINT ( 'NONE',  ( -14.88619985382989697, -19.57897187542435091, -2.000000000000000000 ) ) ;
#7197 = CARTESIAN_POINT ( 'NONE',  ( -23.53223775966786491, 4.811173829118811973, -2.000000000000000000 ) ) ;
#7198 = CARTESIAN_POINT ( 'NONE',  ( 25.62785817443977621, 4.678588802317997342, 2.099999999999999645 ) ) ;
#7199 = CARTESIAN_POINT ( 'NONE',  ( 17.28752988749540620, -16.01445386190351172, -2.000000000000000000 ) ) ;
#7200 = CARTESIAN_POINT ( 'NONE',  ( 18.80342269287540446, -15.26496932198516987, 2.100000000000000089 ) ) ;
#7201 = CARTESIAN_POINT ( 'NONE',  ( -13.55023046621763783, 22.84843530275376011, 2.100000000000000089 ) ) ;
#7202 = EDGE_CURVE ( 'NONE', #2382, #1047, #2314, .T. ) ;
#7203 = CARTESIAN_POINT ( 'NONE',  ( 16.59924240491750425, -14.84924240491749714, 2.100000000000001865 ) ) ;
#7204 = ORIENTED_EDGE ( 'NONE', *, *, #1826, .F. ) ;
#7205 = CARTESIAN_POINT ( 'NONE',  ( 25.38450439115045754, -4.717739787684787522, 2.099999999999999645 ) ) ;
#7206 = CARTESIAN_POINT ( 'NONE',  ( -22.28520553958148653, -13.49243943284463398, -2.000000000000000000 ) ) ;
#7207 = CARTESIAN_POINT ( 'NONE',  ( 25.19179192507393239, -1.283507464112907392, -2.000000000000000000 ) ) ;
#7208 = CARTESIAN_POINT ( 'NONE',  ( 0.000000000000000000, 0.000000000000000000, -2.000000000000000000 ) ) ;
#7209 = CARTESIAN_POINT ( 'NONE',  ( 19.10294300318478378, 20.47138356506643575, -2.000000000000000000 ) ) ;
#7210 = CARTESIAN_POINT ( 'NONE',  ( 18.12539239010960301, -15.18249965295455972, 2.099999999999999645 ) ) ;
#7211 = CARTESIAN_POINT ( 'NONE',  ( 13.18542992737235409, 19.44527382878997912, -2.000000000000000000 ) ) ;
#7212 = CARTESIAN_POINT ( 'NONE',  ( 19.05257563433238133, 20.26599507132417344, -2.000000000000000000 ) ) ;
#7213 = CARTESIAN_POINT ( 'NONE',  ( -2.463801941912943327, 23.38577358155836450, 2.099999999999999645 ) ) ;
#7214 = CARTESIAN_POINT ( 'NONE',  ( 22.73975435582775262, 5.989014764842381489, -2.000000000000000000 ) ) ;
#7215 = CARTESIAN_POINT ( 'NONE',  ( -13.64897234010189031, 24.23668188073555640, -2.000000000000000000 ) ) ;
#7216 = CARTESIAN_POINT ( 'NONE',  ( -10.70787966366669863, 23.74905515802275602, -2.000000000000000000 ) ) ;
#7217 = CARTESIAN_POINT ( 'NONE',  ( -22.85055158908931716, -6.414095051321358376, -2.000000000000000000 ) ) ;
#7218 = CARTESIAN_POINT ( 'NONE',  ( -17.25237999601836236, -16.29857992973629521, -2.000000000000000000 ) ) ;
#7219 = DIRECTION ( 'NONE',  ( -0.000000000000000000, -0.000000000000000000, -1.000000000000000000 ) ) ;
#7220 = CARTESIAN_POINT ( 'NONE',  ( 8.148726673636447870, -22.03570943365874868, -2.000000000000000000 ) ) ;
#7221 = CARTESIAN_POINT ( 'NONE',  ( -11.92825694638518108, -24.80951218106822864, 2.099999999999999645 ) ) ;
#7222 = CARTESIAN_POINT ( 'NONE',  ( 3.952016953262632804, -23.89496924813284906, -2.000000000000000000 ) ) ;
#7223 = CARTESIAN_POINT ( 'NONE',  ( 10.13323285654344197, -23.09959661296539224, -2.000000000000000000 ) ) ;
#7224 = CARTESIAN_POINT ( 'NONE',  ( -7.605208680130565391, -22.99453835804834867, -2.000000000000000000 ) ) ;
#7225 = ADVANCED_FACE ( 'NONE', ( #3485 ), #6723, .F. ) ;
#7226 = CARTESIAN_POINT ( 'NONE',  ( -27.05471844848150198, -2.130765319231059607, 2.099999999999999645 ) ) ;
#7227 = CARTESIAN_POINT ( 'NONE',  ( 24.31153459173804166, -7.374154019703432539, 2.100000000000000089 ) ) ;
#7228 = CARTESIAN_POINT ( 'NONE',  ( -0.8222171190492943982, -27.80350973424099692, -2.000000000000000000 ) ) ;
#7229 = EDGE_LOOP ( 'NONE', ( #4439, #3553 ) ) ;
#7230 = CARTESIAN_POINT ( 'NONE',  ( -18.12539239010959236, -15.18249965295456683, 2.100000000000000089 ) ) ;
#7231 = CARTESIAN_POINT ( 'NONE',  ( 13.55023046621763783, -22.84843530275376011, -2.000000000000000000 ) ) ;
#7232 = CARTESIAN_POINT ( 'NONE',  ( -15.02890815691218407, -19.71604682249877882, 2.099999999999999645 ) ) ;
#7233 = CARTESIAN_POINT ( 'NONE',  ( -24.48402185937397491, 7.488679734998046733, 2.099999999999999645 ) ) ;
#7234 = CARTESIAN_POINT ( 'NONE',  ( -20.80821629034237219, 10.92099437901167391, -2.000000000000000000 ) ) ;
#7235 = CARTESIAN_POINT ( 'NONE',  ( 19.10294300318481930, -20.47138356506650680, -2.000000000000000000 ) ) ;
#7236 = CARTESIAN_POINT ( 'NONE',  ( 17.29220078062825650, -16.53076698689342550, 2.100000000000000089 ) ) ;
#7237 = CARTESIAN_POINT ( 'NONE',  ( 22.59408972245014624, -10.50532236015857279, -2.000000000000000000 ) ) ;
#7238 = PRODUCT_CONTEXT ( 'NONE', #1178, 'mechanical' ) ;
#7239 = ORIENTED_EDGE ( 'NONE', *, *, #4671, .T. ) ;
#7240 = CARTESIAN_POINT ( 'NONE',  ( 25.29380829876431491, -8.116834556469569861, 2.099999999999999645 ) ) ;
#7241 = CARTESIAN_POINT ( 'NONE',  ( 8.673617379884035472E-15, -21.00000000000000000, -3.599999999999998757 ) ) ;
#7242 = CARTESIAN_POINT ( 'NONE',  ( 24.37956700134304810, -1.099847363974308267, -2.000000000000000000 ) ) ;
#7243 = CARTESIAN_POINT ( 'NONE',  ( 15.23641901094385886, -19.89808777236047632, -2.000000000000000000 ) ) ;
#7244 = SURFACE_STYLE_USAGE ( .BOTH. , #2309 ) ;
#7245 = EDGE_CURVE ( 'NONE', #3911, #7968, #6513, .T. ) ;
#7246 = CARTESIAN_POINT ( 'NONE',  ( 19.70744990308223876, 15.74452889495768915, -2.000000000000000000 ) ) ;
#7247 = CARTESIAN_POINT ( 'NONE',  ( 18.97770164392054326, -15.34339570340774550, 2.099999999999999645 ) ) ;
#7248 = EDGE_CURVE ( 'NONE', #1243, #6910, #3022, .T. ) ;
#7249 = ORIENTED_EDGE ( 'NONE', *, *, #986, .F. ) ;
#7250 = ADVANCED_FACE ( 'NONE', ( #5216 ), #6860, .F. ) ;
#7251 = CARTESIAN_POINT ( 'NONE',  ( -25.91507308940477827, -10.60230933437667034, -2.000000000000000000 ) ) ;
#7252 = CARTESIAN_POINT ( 'NONE',  ( -1.846803834033476699, 24.33438445894235613, 2.099999999999999645 ) ) ;
#7253 = CARTESIAN_POINT ( 'NONE',  ( 22.91828645517601615, 5.264681564480688358, -2.000000000000000000 ) ) ;
#7254 = CARTESIAN_POINT ( 'NONE',  ( 18.01951879739602447, 21.43121365581739823, -2.000000000000000000 ) ) ;
#7255 = CARTESIAN_POINT ( 'NONE',  ( -19.10294300318479088, -20.47138356506643575, 2.100000000000000089 ) ) ;
#7256 = CARTESIAN_POINT ( 'NONE',  ( -23.15601641226234975, -6.742658068406544913, -2.000000000000000000 ) ) ;
#7257 = CARTESIAN_POINT ( 'NONE',  ( -23.76349960547259244, 10.67578541799515435, 2.100000000000000089 ) ) ;
#7258 = CARTESIAN_POINT ( 'NONE',  ( 1.726035193247294597, 25.34659078107458541, 2.100000000000000089 ) ) ;
#7259 = CARTESIAN_POINT ( 'NONE',  ( -7.612592773523887857, -22.78073832991432823, 2.100000000000000089 ) ) ;
#7260 = AXIS2_PLACEMENT_3D ( 'NONE', #5986, #1655, #5297 ) ;
#7261 = CARTESIAN_POINT ( 'NONE',  ( 1.881261915648297478, -24.14640443156747196, -2.000000000000000000 ) ) ;
#7262 = DIRECTION ( 'NONE',  ( 1.000000000000000000, 0.000000000000000000, 0.000000000000000000 ) ) ;
#7263 = CARTESIAN_POINT ( 'NONE',  ( 23.19083041064042661, -14.83174276025829030, -2.000000000000000000 ) ) ;
#7264 = DIRECTION ( 'NONE',  ( -1.000000000000000000, 0.000000000000000000, 0.000000000000000000 ) ) ;
#7265 = CARTESIAN_POINT ( 'NONE',  ( -23.72154950710865506, 0.7592181733933760501, -2.000000000000000000 ) ) ;
#7266 = CARTESIAN_POINT ( 'NONE',  ( 26.28829541374613399, -9.090474067310809758, 2.100000000000000089 ) ) ;
#7267 = CARTESIAN_POINT ( 'NONE',  ( -0.9676082089280185761, -27.51106945932079384, 2.099999999999999645 ) ) ;
#7268 = AXIS2_PLACEMENT_3D ( 'NONE', #2778, #4070, #1516 ) ;
#7269 = ORIENTED_EDGE ( 'NONE', *, *, #6253, .F. ) ;
#7270 = CARTESIAN_POINT ( 'NONE',  ( -18.19936168673940102, -18.00918889841835480, 2.100000000000000089 ) ) ;
#7271 = B_SPLINE_CURVE_WITH_KNOTS ( 'NONE', 3,
 ( #1082, #2916, #7128, #6666, #970, #5375, #5913, #1122, #7853, #1007, #1622, #357, #2988, #2308, #3557, #6025, #1580, #464, #2270, #2192, #7887, #4649, #7775, #2230, #4692, #4095, #4968, #6098, #7321, #3151, #4844, #4244, #3753, #6704, #621, #2513, #3673, #1205, #6826, #6144, #1330, #6747, #712, #2385, #671, #5572, #581, #5529, #7438, #5617, #7397, #2555, #6219, #3063, #4361 ),
 .UNSPECIFIED., .F., .F.,
 ( 4, 1, 1, 1, 1, 1, 1, 1, 1, 1, 1, 1, 1, 1, 1, 1, 1, 1, 1, 1, 1, 1, 1, 1, 1, 1, 1, 1, 1, 1, 1, 1, 1, 1, 1, 1, 1, 1, 1, 1, 1, 1, 1, 1, 1, 1, 1, 1, 1, 1, 1, 1, 4 ),
 ( 0.01037070964479166850, 0.06767854499841075011, 0.09884629602760430789, 0.1282330327458526265, 0.1558387551553858108, 0.1816634632588949305, 0.2057071570596704646, 0.2279698365617907063, 0.2484515017704002071, 0.2671521526921107892, 0.2840717893356240475, 0.2992104117127127871, 0.3125680198398574916, 0.3241446137411457817, 0.3339401934538051009, 0.3662021699428081867, 0.3760430630535980256, 0.3856763336118157470, 0.3952492422856400678, 0.4049624801021076692, 0.4150869914083017420, 0.4259748013331248195, 0.4380386266454291411, 0.4516469595390834035, 0.4668849008038628012, 0.4803437228220500677, 0.5000000000000002220, 0.5196562771779504875, 0.5331150991961376429, 0.5483530404609170406, 0.5619613733545713030, 0.5740251986668756246, 0.5849130085916987021, 0.5950375198978927749, 0.6047507577143603763, 0.6143236663881846971, 0.6239569369464025295, 0.6337978300571922574, 0.6660598065461953432, 0.6758553862588546624, 0.6874319801601429525, 0.7007895882872875459, 0.7159282106643762855, 0.7328478473078895439, 0.7515484982296001260, 0.7720301634382096267, 0.7942928429403297574, 0.8183365367411052915, 0.8441612448446143002, 0.8717669672541474846, 0.9011537039723958031, 0.9323214550015893609, 0.9896292903552157405 ),
 .UNSPECIFIED. ) ;
#7272 = DIRECTION ( 'NONE',  ( -0.000000000000000000, -0.000000000000000000, -1.000000000000000000 ) ) ;
#7273 = AXIS2_PLACEMENT_3D ( 'NONE', #5599, #4191, #7264 ) ;
#7274 = CARTESIAN_POINT ( 'NONE',  ( -13.02793750094271985, -20.86163776548603721, -2.000000000000000000 ) ) ;
#7275 = CARTESIAN_POINT ( 'NONE',  ( -22.85055158908932782, 6.414095051321343277, -2.000000000000000000 ) ) ;
#7276 = CARTESIAN_POINT ( 'NONE',  ( 25.15968768847577763, 4.747395707336154125, -2.000000000000000000 ) ) ;
#7277 = CARTESIAN_POINT ( 'NONE',  ( 20.51809281624190007, -16.05254419007954780, -2.000000000000000000 ) ) ;
#7278 = CARTESIAN_POINT ( 'NONE',  ( -12.36707919775603415, 25.12081464776627726, 2.100000000000000089 ) ) ;
#7279 = CARTESIAN_POINT ( 'NONE',  ( 20.81172461973597620, -10.92283569232044904, 2.099999999999999645 ) ) ;
#7280 = AXIS2_PLACEMENT_3D ( 'NONE', #4862, #5424, #4824 ) ;
#7281 = ORIENTED_EDGE ( 'NONE', *, *, #6406, .F. ) ;
#7282 = VECTOR ( 'NONE', #1605, 1000.000000000000000 ) ;
#7283 = CARTESIAN_POINT ( 'NONE',  ( -13.55023046621762717, -22.84843530275375656, -2.000000000000000000 ) ) ;
#7284 = CARTESIAN_POINT ( 'NONE',  ( -22.27987727495454706, -10.41835660743990566, -2.000000000000000000 ) ) ;
#7285 = CARTESIAN_POINT ( 'NONE',  ( 12.36707919775603415, -25.12081464776628792, -2.000000000000000000 ) ) ;
#7286 = CARTESIAN_POINT ( 'NONE',  ( -18.00000000000000000, 2.204364238465235428E-15, 0.000000000000000000 ) ) ;
#7287 = CARTESIAN_POINT ( 'NONE',  ( -25.19179192507393239, -1.283507464112910057, 2.100000000000000089 ) ) ;
#7288 = CARTESIAN_POINT ( 'NONE',  ( 17.64188601445204085, -17.13764696917008479, 2.099999999999999645 ) ) ;
#7289 = CARTESIAN_POINT ( 'NONE',  ( 17.82169893245506032, 21.35645667459429831, 2.099999999999999645 ) ) ;
#7290 = VERTEX_POINT ( 'NONE', #2897 ) ;
#7291 = AXIS2_PLACEMENT_3D ( 'NONE', #1090, #7894, #507 ) ;
#7292 = CARTESIAN_POINT ( 'NONE',  ( 18.83778878485557229, 19.53549755878801619, -2.000000000000000000 ) ) ;
#7293 = CARTESIAN_POINT ( 'NONE',  ( -2.198555820827225560, 23.54154832015334975, -2.000000000000000000 ) ) ;
#7294 = CARTESIAN_POINT ( 'NONE',  ( 26.77848301813144971, 4.405768766048617557, -2.000000000000000000 ) ) ;
#7295 = CARTESIAN_POINT ( 'NONE',  ( 14.32589460713081664, 19.15868494228939056, -2.000000000000000000 ) ) ;
#7296 = CARTESIAN_POINT ( 'NONE',  ( 20.71178771499497984, -11.09036006156942733, 2.100000000000000089 ) ) ;
#7297 = CARTESIAN_POINT ( 'NONE',  ( -1.939597136465254223, 23.94058417290087348, 2.100000000000000089 ) ) ;
#7298 = CARTESIAN_POINT ( 'NONE',  ( -7.688496923001414629, 25.42728370346967637, 2.099999999999999645 ) ) ;
#7299 = EDGE_CURVE ( 'NONE', #1883, #353, #5357, .T. ) ;
#7300 = CARTESIAN_POINT ( 'NONE',  ( 2.320354714939433460, -23.45074361513812278, -2.000000000000000000 ) ) ;
#7301 = CARTESIAN_POINT ( 'NONE',  ( 10.38530154243853865, -23.40284517865930169, -2.000000000000000000 ) ) ;
#7302 = CARTESIAN_POINT ( 'NONE',  ( 22.28520553958147943, 13.49243943284464819, 2.099999999999999645 ) ) ;
#7303 = CARTESIAN_POINT ( 'NONE',  ( 13.04949915500204582, 19.56208827861912880, 2.100000000000000089 ) ) ;
#7304 = CARTESIAN_POINT ( 'NONE',  ( -24.88813961944797271, 1.197996060026730092, -2.000000000000000000 ) ) ;
#7305 = CARTESIAN_POINT ( 'NONE',  ( 23.63710370791871895, -4.790810183414325074, 2.100000000000000089 ) ) ;
#7306 = CARTESIAN_POINT ( 'NONE',  ( -1.555379675915636417, 26.00494379640385390, -2.000000000000000000 ) ) ;
#7307 = CARTESIAN_POINT ( 'NONE',  ( -4.389956462724874164, -25.02313217738666040, 2.099999999999999645 ) ) ;
#7308 = VERTEX_POINT ( 'NONE', #7944 ) ;
#7309 = CARTESIAN_POINT ( 'NONE',  ( 20.80821629034236508, 10.92099437901169523, -2.000000000000000000 ) ) ;
#7310 = CARTESIAN_POINT ( 'NONE',  ( -18.01951879739602802, -21.43121365581739113, -2.000000000000000000 ) ) ;
#7312 = CARTESIAN_POINT ( 'NONE',  ( -17.51894836651075948, -21.23397411162331139, 2.099999999999999645 ) ) ;
#7311 = B_SPLINE_SURFACE_WITH_KNOTS ( 'NONE', 3, 1, ( 
 ( #3530, #4217 ),
 ( #4896, #7974 ),
 ( #1820, #1217 ),
 ( #5541, #2482 ),
 ( #4937, #7412 ),
 ( #3200, #121 ),
 ( #6349, #4373 ),
 ( #1344, #1949 ),
 ( #3853, #6966 ),
 ( #6839, #3116 ),
 ( #6195, #637 ),
 ( #5100, #2566 ),
 ( #806, #3164 ),
 ( #1907, #5630 ),
 ( #4414, #1300 ),
 ( #1259, #3281 ),
 ( #7578, #7451 ),
 ( #2683, #6310 ),
 ( #7532, #5707 ),
 ( #162, #766 ),
 ( #2032, #5749 ),
 ( #1991, #4457 ),
 ( #3239, #3767 ),
 ( #6926, #5586 ),
 ( #6233, #46 ),
 ( #5135, #2526 ),
 ( #2643, #4494 ),
 ( #3811, #686 ),
 ( #85, #4981 ),
 ( #5020, #7492 ),
 ( #1420, #201 ),
 ( #6882, #6272 ),
 ( #724, #5669 ),
 ( #2602, #1382 ),
 ( #3895, #7616 ),
 ( #5058, #2070 ),
 ( #6800, #3725 ),
 ( #320, #3445 ),
 ( #6553, #7776 ),
 ( #6472, #4693 ),
 ( #5876, #5914 ),
 ( #1623, #5258 ),
 ( #2803, #3977 ),
 ( #4096, #3937 ),
 ( #5788, #1008 ),
 ( #7737, #2193 ),
 ( #927, #6434 ),
 ( #3481, #7129 ),
 ( #3357, #7054 ),
 ( #3402, #4613 ),
 ( #5949, #1462 ),
 ( #1542, #7814 ),
 ( #7654, #3318 ),
 ( #971, #239 ),
 ( #4650, #2723 ) ),
 .UNSPECIFIED., .F., .F., .F.,
 ( 4, 1, 1, 1, 1, 1, 1, 1, 1, 1, 1, 1, 1, 1, 1, 1, 1, 1, 1, 1, 1, 1, 1, 1, 1, 1, 1, 1, 1, 1, 1, 1, 1, 1, 1, 1, 1, 1, 1, 1, 1, 1, 1, 1, 1, 1, 1, 1, 1, 1, 1, 1, 4 ),
 ( 2, 2 ),
 ( 0.01037070963360204462, 0.06767854499841075011, 0.09884629602760430789, 0.1282330327458526265, 0.1558387551553858108, 0.1816634632588949305, 0.2057071570596704646, 0.2279698365617907063, 0.2484515017704002071, 0.2671521526921107892, 0.2840717893356240475, 0.2992104117127127871, 0.3125680198398574916, 0.3241446137411457817, 0.3339401934538051009, 0.3662021699428081867, 0.3760430630535980256, 0.3856763336118157470, 0.3952492422856400678, 0.4049624801021076692, 0.4150869914083017420, 0.4259748013331248195, 0.4380386266454291411, 0.4516469595390834035, 0.4668849008038628012, 0.4803437228220500677, 0.5000000000000002220, 0.5196562771779504875, 0.5331150991961376429, 0.5483530404609170406, 0.5619613733545713030, 0.5740251986668756246, 0.5849130085916987021, 0.5950375198978927749, 0.6047507577143603763, 0.6143236663881848081, 0.6239569369464024184, 0.6337978300571922574, 0.6660598065461953432, 0.6758553862588546624, 0.6874319801601429525, 0.7007895882872876570, 0.7159282106643762855, 0.7328478473078895439, 0.7515484982296001260, 0.7720301634382096267, 0.7942928429403297574, 0.8183365367411052915, 0.8441612448446143002, 0.8717669672541474846, 0.9011537039723958031, 0.9323214550015893609, 0.9896292903664016816 ),
 ( 0.000000000000000000, 1.000000000000000000 ),
 .UNSPECIFIED. ) ;
#7313 = CARTESIAN_POINT ( 'NONE',  ( -22.85726476338738067, 5.433202019314275155, -2.000000000000000000 ) ) ;
#7314 = CARTESIAN_POINT ( 'NONE',  ( -18.96747865531317245, -19.95068825634337983, 2.099999999999999645 ) ) ;
#7315 = CARTESIAN_POINT ( 'NONE',  ( 19.55560045884525522, -15.67357176803117724, -2.000000000000000000 ) ) ;
#7316 = CARTESIAN_POINT ( 'NONE',  ( 19.87933552333218046, -15.81900378855655909, 2.100000000000000089 ) ) ;
#7317 = CARTESIAN_POINT ( 'NONE',  ( 21.69704443755539813, -10.30300297322494885, 2.099999999999999645 ) ) ;
#7318 = VERTEX_POINT ( 'NONE', #4903 ) ;
#7319 = CARTESIAN_POINT ( 'NONE',  ( -12.86131782747429853, -20.40223119301177590, -2.000000000000000000 ) ) ;
#7320 = CARTESIAN_POINT ( 'NONE',  ( -10.70787966366669863, 23.74905515802275602, -2.000000000000000000 ) ) ;
#7321 = CARTESIAN_POINT ( 'NONE',  ( -23.49332454121249825, 0.1947784575707280086, -2.000000000000000000 ) ) ;
#7322 =( NAMED_UNIT ( * ) SI_UNIT ( $, .STERADIAN. ) SOLID_ANGLE_UNIT ( ) );
#7323 = CARTESIAN_POINT ( 'NONE',  ( 19.87933552333216980, 15.81900378855656975, -2.000000000000000000 ) ) ;
#7324 = CARTESIAN_POINT ( 'NONE',  ( 17.83462167525290099, -17.40060223031303011, 2.099999999999999645 ) ) ;
#7325 = LINE ( 'NONE', #1775, #4549 ) ;
#7326 = CARTESIAN_POINT ( 'NONE',  ( -16.55868018414818010, 20.77185239767592151, 2.099999999999999645 ) ) ;
#7327 = ORIENTED_EDGE ( 'NONE', *, *, #659, .T. ) ;
#7328 = ORIENTED_EDGE ( 'NONE', *, *, #7440, .T. ) ;
#7329 = CARTESIAN_POINT ( 'NONE',  ( 22.78920619399659131, -14.18622855212691469, -2.000000000000000000 ) ) ;
#7330 = CARTESIAN_POINT ( 'NONE',  ( -2.463801941912943327, 23.38577358155836450, -2.000000000000000000 ) ) ;
#7331 = CARTESIAN_POINT ( 'NONE',  ( 26.46517536639174750, 4.493494443281885964, -2.000000000000000000 ) ) ;
#7332 = CARTESIAN_POINT ( 'NONE',  ( 13.20212662322859209, 21.30225842247369528, -2.000000000000000000 ) ) ;
#7333 = CARTESIAN_POINT ( 'NONE',  ( -18.96747865531318666, 19.95068825634337983, 2.099999999999999645 ) ) ;
#7334 = CARTESIAN_POINT ( 'NONE',  ( -26.42834229636214616, -9.248929663334820361, -2.000000000000000000 ) ) ;
#7335 = CARTESIAN_POINT ( 'NONE',  ( -7.656852614504657595, 23.37322600383986781, -2.000000000000000000 ) ) ;
#7336 = CARTESIAN_POINT ( 'NONE',  ( -10.38530154243853154, -23.40284517865930880, 2.099999999999999645 ) ) ;
#7337 = CARTESIAN_POINT ( 'NONE',  ( 1.145856306001367342, -27.11429446801521337, 2.099999999999999645 ) ) ;
#7338 = CARTESIAN_POINT ( 'NONE',  ( 11.33585971340118981, -24.33300811744742020, -2.000000000000000000 ) ) ;
#7339 = CARTESIAN_POINT ( 'NONE',  ( 20.69407544885351413, 11.81098159931167935, -2.000000000000000000 ) ) ;
#7340 = CARTESIAN_POINT ( 'NONE',  ( 13.36064030761171573, 21.84126693107096528, 2.100000000000000089 ) ) ;
#7341 = CARTESIAN_POINT ( 'NONE',  ( -24.19711102278062143, 1.042982032116795743, -2.000000000000000000 ) ) ;
#7342 = ADVANCED_FACE ( 'NONE', ( #7867 ), #7981, .F. ) ;
#7343 = CARTESIAN_POINT ( 'NONE',  ( -1.680116617297987336, -25.54848055630612436, -2.000000000000000000 ) ) ;
#7344 = CARTESIAN_POINT ( 'NONE',  ( -3.499191490208550359, 23.38362255772745968, -2.000000000000000000 ) ) ;
#7345 = CARTESIAN_POINT ( 'NONE',  ( -5.644338589985559373, -26.94321158145700323, -2.000000000000000000 ) ) ;
#7346 = EDGE_LOOP ( 'NONE', ( #3543, #6449 ) ) ;
#7347 = CARTESIAN_POINT ( 'NONE',  ( -17.51903422860498694, -16.98989084997260335, 2.100000000000000089 ) ) ;
#7348 = CARTESIAN_POINT ( 'NONE',  ( -27.69932686549411116, 4.092342562581378296, 2.100000000000000089 ) ) ;
#7349 = CARTESIAN_POINT ( 'NONE',  ( -16.30896799194538715, -20.63258928533521441, -2.000000000000000000 ) ) ;
#7350 = CARTESIAN_POINT ( 'NONE',  ( -17.98147192499884284, -15.23115522593614024, 2.099999999999999645 ) ) ;
#7351 = CARTESIAN_POINT ( 'NONE',  ( 17.84651532293614196, -15.31230279367190406, -2.000000000000000000 ) ) ;
#7352 = CARTESIAN_POINT ( 'NONE',  ( -7.650756190596020190, 25.73058353783936525, 2.100000000000000089 ) ) ;
#7353 = CARTESIAN_POINT ( 'NONE',  ( 21.91017567687078227, -10.32144346381599753, -2.000000000000000000 ) ) ;
#7354 = ORIENTED_EDGE ( 'NONE', *, *, #1408, .F. ) ;
#7355 = CARTESIAN_POINT ( 'NONE',  ( -13.20212662322859565, -21.30225842247369172, -2.000000000000000000 ) ) ;
#7356 = CARTESIAN_POINT ( 'NONE',  ( -11.33585971340119158, 24.33300811744740955, -2.000000000000000000 ) ) ;
#7357 = CARTESIAN_POINT ( 'NONE',  ( -22.73975435582775617, 5.989014764842353067, -2.000000000000000000 ) ) ;
#7358 = CARTESIAN_POINT ( 'NONE',  ( 14.10020032022225323, -19.09116743896563051, -2.000000000000000000 ) ) ;
#7359 = CARTESIAN_POINT ( 'NONE',  ( 25.75863198250609543, 8.543467069173823702, -2.000000000000000000 ) ) ;
#7360 = CARTESIAN_POINT ( 'NONE',  ( -26.00281877978270373, -1.590510388571586997, 2.100000000000000089 ) ) ;
#7361 = CARTESIAN_POINT ( 'NONE',  ( 24.45163473737931881, 4.792937194118093380, 2.100000000000000089 ) ) ;
#7362 = CARTESIAN_POINT ( 'NONE',  ( 23.44696895445783014, -15.30488886923696157, -2.000000000000000000 ) ) ;
#7363 = CARTESIAN_POINT ( 'NONE',  ( 23.51224346894561990, 0.3730054609666962895, 2.100000000000000089 ) ) ;
#7364 = ORIENTED_EDGE ( 'NONE', *, *, #5138, .T. ) ;
#7365 = ORIENTED_EDGE ( 'NONE', *, *, #2256, .T. ) ;
#7366 = CARTESIAN_POINT ( 'NONE',  ( 17.35181857730699662, 15.87069998699208995, 2.099999999999999645 ) ) ;
#7367 = DIRECTION ( 'NONE',  ( -0.000000000000000000, -0.000000000000000000, 1.000000000000000000 ) ) ;
#7368 = CARTESIAN_POINT ( 'NONE',  ( 24.37956700134304100, 1.099847363974308045, 2.100000000000000089 ) ) ;
#7369 = CARTESIAN_POINT ( 'NONE',  ( 3.902347153244113187, 23.79992060087550954, -2.000000000000000000 ) ) ;
#7370 = CARTESIAN_POINT ( 'NONE',  ( 12.95267602360809178, 19.68627963667923098, -2.000000000000000000 ) ) ;
#7371 = CARTESIAN_POINT ( 'NONE',  ( -17.83462167525290454, 17.40060223031303011, 2.099999999999999645 ) ) ;
#7372 = CARTESIAN_POINT ( 'NONE',  ( -24.32345666766047998, -4.791663430616648789, -2.000000000000000000 ) ) ;
#7373 = CARTESIAN_POINT ( 'NONE',  ( -7.741715957670633586, 24.19699765967528649, 2.099999999999999645 ) ) ;
#7374 = CARTESIAN_POINT ( 'NONE',  ( 3.025165651672243605, 23.29855380546641541, 2.100000000000000089 ) ) ;
#7375 = CARTESIAN_POINT ( 'NONE',  ( 22.28520553958147943, 13.49243943284464819, -2.000000000000000000 ) ) ;
#7376 = CARTESIAN_POINT ( 'NONE',  ( 1.726035193247317912, -25.34659078107458896, 2.099999999999999645 ) ) ;
#7377 = CARTESIAN_POINT ( 'NONE',  ( 10.53741832910565712, -23.57101921525815413, 2.099999999999999645 ) ) ;
#7378 = CARTESIAN_POINT ( 'NONE',  ( 22.96554745452508683, 14.45965356729542783, 2.099999999999999645 ) ) ;
#7379 = CARTESIAN_POINT ( 'NONE',  ( 13.41263264250316567, 22.06199033373687612, 2.100000000000000089 ) ) ;
#7380 = CARTESIAN_POINT ( 'NONE',  ( -26.50130185302209540, 1.827769560624219913, -2.000000000000000000 ) ) ;
#7381 = CARTESIAN_POINT ( 'NONE',  ( -2.105634209995044248, -23.64010634127341604, -2.000000000000000000 ) ) ;
#7382 = DIRECTION ( 'NONE',  ( -0.000000000000000000, -0.000000000000000000, 1.000000000000000000 ) ) ;
#7383 = CARTESIAN_POINT ( 'NONE',  ( -3.781464864188896158, -23.62174820993211100, 2.099999999999999645 ) ) ;
#7384 = ORIENTED_EDGE ( 'NONE', *, *, #2010, .T. ) ;
#7385 = CARTESIAN_POINT ( 'NONE',  ( 27.69932686549411471, -4.092342562581388954, -2.000000000000000000 ) ) ;
#7386 = CARTESIAN_POINT ( 'NONE',  ( 1.840779285638411755, -24.52644730507024562, -2.000000000000000000 ) ) ;
#7387 = CARTESIAN_POINT ( 'NONE',  ( -18.01951879751186425, -21.43121365586116411, 2.099999999999999645 ) ) ;
#7388 = VECTOR ( 'NONE', #4212, 1000.000000000000000 ) ;
#7389 = CARTESIAN_POINT ( 'NONE',  ( -19.05257563433239199, -20.26599507132417344, -2.000000000000000000 ) ) ;
#7390 = CARTESIAN_POINT ( 'NONE',  ( -20.07157227525354060, 15.89590000543996595, 2.100000000000000089 ) ) ;
#7391 = CARTESIAN_POINT ( 'NONE',  ( -20.99999999999999289, -3.903127820947815962E-15, -3.599999999999998757 ) ) ;
#7392 = CARTESIAN_POINT ( 'NONE',  ( 23.08741356227222852, -10.60189590196922360, 2.099999999999999645 ) ) ;
#7393 = EDGE_LOOP ( 'NONE', ( #3342, #1608 ) ) ;
#7394 = CARTESIAN_POINT ( 'NONE',  ( 24.00794390784557919, -7.190340088713003119, -2.000000000000000000 ) ) ;
#7395 = CARTESIAN_POINT ( 'NONE',  ( -8.993578510876927723, 21.86672564825610010, -2.000000000000000000 ) ) ;
#7396 = CIRCLE ( 'NONE', #6745, 1.750000000000001554 ) ;
#7397 = CARTESIAN_POINT ( 'NONE',  ( -26.77150907641003386, 1.970609361940791837, -2.000000000000000000 ) ) ;
#7398 = CARTESIAN_POINT ( 'NONE',  ( 7.741715957670624704, 24.19699765967529004, 2.100000000000000089 ) ) ;
#7399 = CARTESIAN_POINT ( 'NONE',  ( 26.42834229644416766, 9.248929663427649217, 2.099999999999999645 ) ) ;
#7400 = CARTESIAN_POINT ( 'NONE',  ( -27.69989816616296707, -2.535120532250974446, 2.100000000000000089 ) ) ;
#7401 = CARTESIAN_POINT ( 'NONE',  ( 23.74358889077459267, 4.778072828450351750, 2.100000000000000089 ) ) ;
#7402 = CARTESIAN_POINT ( 'NONE',  ( 17.37016481680592506, -16.73146461459391787, 2.099999999999999645 ) ) ;
#7403 = CIRCLE ( 'NONE', #3133, 1.750000000000001554 ) ;
#7404 = CARTESIAN_POINT ( 'NONE',  ( 23.55944914529948520, 0.5232380683118310616, 2.100000000000000089 ) ) ;
#7405 = ORIENTED_EDGE ( 'NONE', *, *, #2304, .T. ) ;
#7406 = CARTESIAN_POINT ( 'NONE',  ( 19.10294300318478378, 20.47138356506643575, 2.100000000000000089 ) ) ;
#7407 = CARTESIAN_POINT ( 'NONE',  ( 18.97770164392053971, 15.34339570340775971, 2.099999999999999645 ) ) ;
#7408 = VECTOR ( 'NONE', #6708, 1000.000000000000000 ) ;
#7409 = CARTESIAN_POINT ( 'NONE',  ( 15.12400615833752582, -19.80199803049035268, -2.000000000000000000 ) ) ;
#7410 = DIRECTION ( 'NONE',  ( -0.000000000000000000, -0.000000000000000000, -1.000000000000000000 ) ) ;
#7411 = CARTESIAN_POINT ( 'NONE',  ( -22.41476736700681016, 16.47086513865796675, -2.000000000000000000 ) ) ;
#7412 = CARTESIAN_POINT ( 'NONE',  ( -24.62078186107714117, 10.69645268464870647, 2.099999999999999645 ) ) ;
#7413 = CARTESIAN_POINT ( 'NONE',  ( 22.46994110604167005, -10.47341059000766350, 2.100000000000000089 ) ) ;
#7414 = CARTESIAN_POINT ( 'NONE',  ( 7.733032203436366103, 24.00987265162540751, -2.000000000000000000 ) ) ;
#7415 = CARTESIAN_POINT ( 'NONE',  ( -24.94597949059291864, 10.68625558496336048, 2.100000000000000089 ) ) ;
#7416 = CARTESIAN_POINT ( 'NONE',  ( 3.952016953262611043, 23.89496924813285617, 2.100000000000000089 ) ) ;
#7417 = CARTESIAN_POINT ( 'NONE',  ( -16.59924240491749003, -14.84924240491749892, 2.100000000000001865 ) ) ;
#7418 = CARTESIAN_POINT ( 'NONE',  ( 0.9676082089280232390, -27.51106945932080450, -2.000000000000000000 ) ) ;
#7419 = CARTESIAN_POINT ( 'NONE',  ( 7.605208680130572496, -22.99453835804834512, -2.000000000000000000 ) ) ;
#7420 = CARTESIAN_POINT ( 'NONE',  ( 20.65156267108762478, 11.69620803915342755, 2.099999999999999645 ) ) ;
#7421 = CARTESIAN_POINT ( 'NONE',  ( 13.18542992737235409, 19.44527382878997912, 2.100000000000000089 ) ) ;
#7422 = EDGE_CURVE ( 'NONE', #5727, #3761, #7029, .T. ) ;
#7423 = CARTESIAN_POINT ( 'NONE',  ( -27.42711506948769795, 2.355539727247163651, 2.099999999999999645 ) ) ;
#7424 = CARTESIAN_POINT ( 'NONE',  ( -4.189195047382276549, -24.56227459198278851, -2.000000000000000000 ) ) ;
#7425 = CARTESIAN_POINT ( 'NONE',  ( -1.939597136465254223, 23.94058417290087348, -2.000000000000000000 ) ) ;
#7426 = CARTESIAN_POINT ( 'NONE',  ( -3.705239350424549549, -23.53752846792088604, 2.099999999999999645 ) ) ;
#7427 = ORIENTED_EDGE ( 'NONE', *, *, #5988, .F. ) ;
#7428 = CARTESIAN_POINT ( 'NONE',  ( -26.28829541380229529, -9.090474067371479450, -2.000000000000000000 ) ) ;
#7429 = CARTESIAN_POINT ( 'NONE',  ( 2.638449045045073493, -23.34550970278806759, -2.000000000000000000 ) ) ;
#7430 = CARTESIAN_POINT ( 'NONE',  ( -17.12241726305228084, -21.05518411798322020, -2.000000000000000000 ) ) ;
#7431 = CARTESIAN_POINT ( 'NONE',  ( -18.73200657000872127, -19.22781655172589055, -2.000000000000000000 ) ) ;
#7432 = CARTESIAN_POINT ( 'NONE',  ( 21.48061666422701776, 12.62686802027753785, 2.100000000000000089 ) ) ;
#7433 = CARTESIAN_POINT ( 'NONE',  ( -7.745447077757183330, 24.40400991946479081, 2.100000000000000089 ) ) ;
#7434 = CARTESIAN_POINT ( 'NONE',  ( 20.64571337519313943, -11.25696429976830437, 2.099999999999999645 ) ) ;
#7435 = EDGE_LOOP ( 'NONE', ( #7106, #6741 ) ) ;
#7436 = CARTESIAN_POINT ( 'NONE',  ( -14.10020032022225323, -19.09116743896564117, -2.000000000000000000 ) ) ;
#7437 = CARTESIAN_POINT ( 'NONE',  ( -10.89735721165043536, 23.93603524774559332, -2.000000000000000000 ) ) ;
#7438 = CARTESIAN_POINT ( 'NONE',  ( -26.24483786523219209, 1.701370919965209838, -2.000000000000000000 ) ) ;
#7439 = CARTESIAN_POINT ( 'NONE',  ( 7.612592773523889633, 22.78073832991432468, 2.100000000000000089 ) ) ;
#7440 = EDGE_CURVE ( 'NONE', #7799, #2436, #3525, .T. ) ;
#7441 = CARTESIAN_POINT ( 'NONE',  ( 13.09924240491750602, -14.84924240491749714, 2.100000000000001865 ) ) ;
#7442 = CARTESIAN_POINT ( 'NONE',  ( 0.000000000000000000, 0.000000000000000000, 2.100000000000000089 ) ) ;
#7443 = DIRECTION ( 'NONE',  ( -0.000000000000000000, -0.000000000000000000, -1.000000000000000000 ) ) ;
#7444 = ADVANCED_FACE ( 'NONE', ( #2448 ), #1101, .F. ) ;
#7445 = CARTESIAN_POINT ( 'NONE',  ( 23.63491054742289421, -0.6550942090464556555, 2.100000000000000089 ) ) ;
#7446 = VERTEX_POINT ( 'NONE', #6683 ) ;
#7447 = ORIENTED_EDGE ( 'NONE', *, *, #2971, .T. ) ;
#7448 = CARTESIAN_POINT ( 'NONE',  ( 17.32735312033765140, 16.63359376186219762, 2.099999999999999645 ) ) ;
#7449 = CARTESIAN_POINT ( 'NONE',  ( 15.68419099428257013, -20.23743569325269931, -2.000000000000000000 ) ) ;
#7450 = CARTESIAN_POINT ( 'NONE',  ( -20.77276083323510747, -16.13005223007173683, -2.000000000000000000 ) ) ;
#7451 = CARTESIAN_POINT ( 'NONE',  ( -22.09815905990547336, 10.35588323418787127, 2.099999999999999645 ) ) ;
#7452 = CARTESIAN_POINT ( 'NONE',  ( 20.80453127045304740, -12.00354473513042208, 2.100000000000000089 ) ) ;
#7453 = DIRECTION ( 'NONE',  ( -1.000000000000000000, 0.000000000000000000, 0.000000000000000000 ) ) ;
#7454 = CARTESIAN_POINT ( 'NONE',  ( -21.35721522671292760, 10.35169942632023066, 2.100000000000000089 ) ) ;
#7455 = CARTESIAN_POINT ( 'NONE',  ( 13.46232027610273363, 22.30341320457493026, -2.000000000000000000 ) ) ;
#7456 = CARTESIAN_POINT ( 'NONE',  ( -9.555618961847061499, -22.25484530667600680, 2.100000000000000089 ) ) ;
#7457 = CARTESIAN_POINT ( 'NONE',  ( -23.21393719209896744, -4.939781705126451428, 2.099999999999999645 ) ) ;
#7458 = CARTESIAN_POINT ( 'NONE',  ( -23.19083041061902861, -14.83174276022295857, 2.100000000000000089 ) ) ;
#7459 = CARTESIAN_POINT ( 'NONE',  ( 7.768531058981743342, -22.33132486425837726, 2.099999999999999645 ) ) ;
#7460 = CARTESIAN_POINT ( 'NONE',  ( 20.99240193721331948, 10.59640443373928953, -2.000000000000000000 ) ) ;
#7461 = CARTESIAN_POINT ( 'NONE',  ( 3.781464864188905484, -23.62174820993211455, 2.100000000000000089 ) ) ;
#7462 = CARTESIAN_POINT ( 'NONE',  ( -22.91929613358907503, 6.515359526762099840, 2.099999999999999645 ) ) ;
#7463 = CARTESIAN_POINT ( 'NONE',  ( 0.000000000000000000, 0.000000000000000000, 2.100000000000000089 ) ) ;
#7464 = CARTESIAN_POINT ( 'NONE',  ( -1.846803834033459157, -24.33438445894234903, -2.000000000000000000 ) ) ;
#7465 = CARTESIAN_POINT ( 'NONE',  ( 23.42764417793268095, -4.840656286569377187, -2.000000000000000000 ) ) ;
#7466 = CARTESIAN_POINT ( 'NONE',  ( -5.008822010445487471, -26.08776424953686401, -2.000000000000000000 ) ) ;
#7467 = ORIENTED_EDGE ( 'NONE', *, *, #6647, .F. ) ;
#7468 = CARTESIAN_POINT ( 'NONE',  ( -24.00794390784557564, -7.190340088713012889, 2.099999999999999645 ) ) ;
#7469 = CARTESIAN_POINT ( 'NONE',  ( 1.881261915648297478, -24.14640443156747196, -2.000000000000000000 ) ) ;
#7470 = CARTESIAN_POINT ( 'NONE',  ( -3.499191490208533928, -23.38362255772745613, 2.100000000000000089 ) ) ;
#7471 = CARTESIAN_POINT ( 'NONE',  ( -18.62447386782100267, -18.94171889292492850, -2.000000000000000000 ) ) ;
#7472 = CARTESIAN_POINT ( 'NONE',  ( 20.62323650117463103, 11.56374771533981516, 2.100000000000000089 ) ) ;
#7473 = CARTESIAN_POINT ( 'NONE',  ( -7.988790274807843872, 22.11659910479056279, 2.100000000000000089 ) ) ;
#7474 = CARTESIAN_POINT ( 'NONE',  ( 21.84033501313437142, -12.97800555654220389, -2.000000000000000000 ) ) ;
#7475 = VERTEX_POINT ( 'NONE', #4304 ) ;
#7476 = CARTESIAN_POINT ( 'NONE',  ( -4.482856113983144652, 25.20816636816325484, -2.000000000000000000 ) ) ;
#7477 = CARTESIAN_POINT ( 'NONE',  ( -7.701896059577427955, 22.44925656542958592, -2.000000000000000000 ) ) ;
#7478 = CARTESIAN_POINT ( 'NONE',  ( -23.53223775966786491, 4.811173829118811973, -2.000000000000000000 ) ) ;
#7479 = CARTESIAN_POINT ( 'NONE',  ( 7.523321135858856756, 26.48008397883696219, 2.100000000000000089 ) ) ;
#7480 = CARTESIAN_POINT ( 'NONE',  ( 25.29380829876430070, 8.116834556469591178, -2.000000000000000000 ) ) ;
#7481 = CARTESIAN_POINT ( 'NONE',  ( -25.77590585922884259, 1.494258687380730644, 2.100000000000000089 ) ) ;
#7482 = CARTESIAN_POINT ( 'NONE',  ( 23.21393719209897100, 4.939781705126463862, 2.100000000000000089 ) ) ;
#7483 = CARTESIAN_POINT ( 'NONE',  ( -1.750000000000000444, 21.00000000000000000, 2.100000000000001865 ) ) ;
#7484 = DIRECTION ( 'NONE',  ( -0.8854560256532099105, 0.4647231720437685065, 0.000000000000000000 ) ) ;
#7485 = DIRECTION ( 'NONE',  ( -1.000000000000000000, 0.000000000000000000, 0.000000000000000000 ) ) ;
#7486 = ORIENTED_EDGE ( 'NONE', *, *, #840, .T. ) ;
#7487 = CARTESIAN_POINT ( 'NONE',  ( -26.46517536639175106, -4.493494443281870865, 2.100000000000000089 ) ) ;
#7488 = CARTESIAN_POINT ( 'NONE',  ( 18.70321540207055122, 15.22676155773648610, -2.000000000000000000 ) ) ;
#7489 = EDGE_CURVE ( 'NONE', #5773, #7968, #3008, .T. ) ;
#7490 = CARTESIAN_POINT ( 'NONE',  ( 0.000000000000000000, -0.000000000000000000, -2.000000000000000000 ) ) ;
#7491 = CARTESIAN_POINT ( 'NONE',  ( -20.77276083323512523, 16.13005223007172972, -2.000000000000000000 ) ) ;
#7492 = CARTESIAN_POINT ( 'NONE',  ( -20.64571337519313943, 11.25696429976830260, 2.099999999999999645 ) ) ;
#7493 = CARTESIAN_POINT ( 'NONE',  ( 0.000000000000000000, 0.000000000000000000, -2.000000000000000000 ) ) ;
#7494 = CARTESIAN_POINT ( 'NONE',  ( 10.70787966366669686, -23.74905515802276312, 2.100000000000000089 ) ) ;
#7495 = CARTESIAN_POINT ( 'NONE',  ( 13.55023046621762539, 22.84843530275376011, -2.000000000000000000 ) ) ;
#7496 = ADVANCED_FACE ( 'NONE', ( #446 ), #7954, .F. ) ;
#7497 = CARTESIAN_POINT ( 'NONE',  ( 20.74579233589062000, 11.91211842489103034, -2.000000000000000000 ) ) ;
#7498 = CARTESIAN_POINT ( 'NONE',  ( -23.42764417793267384, -4.840656286569386069, -2.000000000000000000 ) ) ;
#7499 = CARTESIAN_POINT ( 'NONE',  ( -22.46994110604166650, -10.47341059000766883, 2.100000000000000089 ) ) ;
#7500 = CARTESIAN_POINT ( 'NONE',  ( 7.629252907546909768, -22.67335363560524186, -2.000000000000000000 ) ) ;
#7501 = CARTESIAN_POINT ( 'NONE',  ( 24.94597949059291864, 10.68625558496338535, -2.000000000000000000 ) ) ;
#7502 = CARTESIAN_POINT ( 'NONE',  ( 1.680116617297995996, -25.54848055630612791, 2.100000000000000089 ) ) ;
#7503 = CARTESIAN_POINT ( 'NONE',  ( 9.673488752447894967, 22.40527988562696393, -2.000000000000000000 ) ) ;
#7504 = CARTESIAN_POINT ( 'NONE',  ( 4.030460310774742538, 24.06924055886030089, -2.000000000000000000 ) ) ;
#7505 = DIRECTION ( 'NONE',  ( -1.000000000000000000, 0.000000000000000000, 0.000000000000000000 ) ) ;
#7506 = CARTESIAN_POINT ( 'NONE',  ( 25.07504586300960980, -7.932732980984151361, -2.000000000000000000 ) ) ;
#7507 = CARTESIAN_POINT ( 'NONE',  ( 2.833089530561761382, 23.33259147460854521, 2.099999999999999645 ) ) ;
#7508 = ORIENTED_EDGE ( 'NONE', *, *, #1587, .F. ) ;
#7509 = CARTESIAN_POINT ( 'NONE',  ( -23.76414829993701261, -7.060866680122703798, -2.000000000000000000 ) ) ;
#7510 = CARTESIAN_POINT ( 'NONE',  ( -23.74358889077459267, 4.778072828450320664, 2.100000000000000089 ) ) ;
#7511 = CARTESIAN_POINT ( 'NONE',  ( -18.70321540207055477, -15.22676155773648610, -2.000000000000000000 ) ) ;
#7512 = CARTESIAN_POINT ( 'NONE',  ( 21.84033501313436432, 12.97800555654222165, 2.100000000000000089 ) ) ;
#7513 = CARTESIAN_POINT ( 'NONE',  ( -9.484645845787898821, 22.17444536155052148, 2.100000000000000089 ) ) ;
#7514 = CARTESIAN_POINT ( 'NONE',  ( 21.07590994840524345, -12.30361618564757720, 2.099999999999999645 ) ) ;
#7515 = VERTEX_POINT ( 'NONE', #3410 ) ;
#7516 = CARTESIAN_POINT ( 'NONE',  ( 23.44696895445778395, 15.30488886923690650, -2.000000000000000000 ) ) ;
#7517 = CARTESIAN_POINT ( 'NONE',  ( -7.705310163655084033, 23.69563005194943273, -2.000000000000000000 ) ) ;
#7518 = CIRCLE ( 'NONE', #5571, 1.750000000000000444 ) ;
#7519 = CARTESIAN_POINT ( 'NONE',  ( -13.64180598451882886, -23.91017226877097457, -2.000000000000000000 ) ) ;
#7520 = CARTESIAN_POINT ( 'NONE',  ( 13.18542992737236474, -19.44527382878997201, -2.000000000000000000 ) ) ;
#7521 = DIRECTION ( 'NONE',  ( -0.000000000000000000, -0.000000000000000000, -1.000000000000000000 ) ) ;
#7522 = CARTESIAN_POINT ( 'NONE',  ( -23.49332454121249825, 0.1947784575707280086, 2.100000000000000089 ) ) ;
#7523 = CARTESIAN_POINT ( 'NONE',  ( 22.99371384847795241, 6.601180838822673813, 2.100000000000000089 ) ) ;
#7524 = CARTESIAN_POINT ( 'NONE',  ( 18.73200657000871416, 19.22781655172589055, 2.100000000000000089 ) ) ;
#7525 = CARTESIAN_POINT ( 'NONE',  ( 15.36687483434010737, -20.00332296475708915, 2.100000000000000089 ) ) ;
#7526 = CARTESIAN_POINT ( 'NONE',  ( -14.10020032022225323, 19.09116743896563051, -2.000000000000000000 ) ) ;
#7527 = ORIENTED_EDGE ( 'NONE', *, *, #1610, .T. ) ;
#7528 = MECHANICAL_DESIGN_GEOMETRIC_PRESENTATION_REPRESENTATION (  '', ( #6487 ), #1054 ) ;
#7529 = CARTESIAN_POINT ( 'NONE',  ( -22.82097940566847782, -5.624866236205940950, 2.100000000000000089 ) ) ;
#7530 = LINE ( 'NONE', #6964, #7163 ) ;
#7531 = CARTESIAN_POINT ( 'NONE',  ( 3.902347153244113187, 23.79992060087550954, 2.099999999999999645 ) ) ;
#7532 = CARTESIAN_POINT ( 'NONE',  ( -21.80373651133527702, 10.30832712212200164, -2.000000000000000000 ) ) ;
#7533 = AXIS2_PLACEMENT_3D ( 'NONE', #7241, #1507, #7812 ) ;
#7534 = VECTOR ( 'NONE', #2506, 1000.000000000000000 ) ;
#7535 = CARTESIAN_POINT ( 'NONE',  ( 7.715738321650222886, 25.14266413352903839, 2.099999999999999645 ) ) ;
#7536 = CARTESIAN_POINT ( 'NONE',  ( -22.27987727495455061, 10.41835660743990033, 2.100000000000000089 ) ) ;
#7537 = CARTESIAN_POINT ( 'NONE',  ( 13.20212662322859209, 21.30225842247369528, 2.099999999999999645 ) ) ;
#7538 = AXIS2_PLACEMENT_3D ( 'NONE', #1225, #517, #6041 ) ;
#7539 = CIRCLE ( 'NONE', #4573, 27.99999957948218920 ) ;
#7540 = CARTESIAN_POINT ( 'NONE',  ( 21.38382933992361146, 12.54282366362886059, -2.000000000000000000 ) ) ;
#7541 = CARTESIAN_POINT ( 'NONE',  ( -23.93435179486865749, -4.766524473500976633, -2.000000000000000000 ) ) ;
#7542 = CARTESIAN_POINT ( 'NONE',  ( -20.69407544885351768, -11.81098159931166869, 2.100000000000000089 ) ) ;
#7543 = CARTESIAN_POINT ( 'NONE',  ( 9.324636732261668115, -22.03037936177865319, 2.099999999999999645 ) ) ;
#7544 = CARTESIAN_POINT ( 'NONE',  ( 22.27987727495454706, 10.41835660743991809, 2.099999999999999645 ) ) ;
#7545 = DIRECTION ( 'NONE',  ( 0.000000000000000000, 0.000000000000000000, -1.000000000000000000 ) ) ;
#7546 = DIRECTION ( 'NONE',  ( 0.5680647467311559229, -0.8229838658936563522, 0.000000000000000000 ) ) ;
#7547 = AXIS2_PLACEMENT_3D ( 'NONE', #5110, #6320, #7546 ) ;
#7548 = CARTESIAN_POINT ( 'NONE',  ( 1.906741771391398554, 24.04223096406908766, -2.000000000000000000 ) ) ;
#7549 = CARTESIAN_POINT ( 'NONE',  ( -3.499191490208533928, -23.38362255772745613, -2.000000000000000000 ) ) ;
#7550 = CARTESIAN_POINT ( 'NONE',  ( 23.63710370791871895, -4.790810183414325074, -2.000000000000000000 ) ) ;
#7551 = EDGE_CURVE ( 'NONE', #1156, #485, #5592, .T. ) ;
#7552 = CARTESIAN_POINT ( 'NONE',  ( 2.463801941912914018, 23.38577358155836450, -2.000000000000000000 ) ) ;
#7553 = EDGE_LOOP ( 'NONE', ( #2677, #2016, #5452, #5857 ) ) ;
#7554 = FACE_OUTER_BOUND ( 'NONE', #136, .T. ) ;
#7555 = AXIS2_PLACEMENT_3D ( 'NONE', #4647, #276, #5827 ) ;
#7556 = CARTESIAN_POINT ( 'NONE',  ( 21.00000000000000355, 2.602085213965210642E-15, 2.100000000000001865 ) ) ;
#7557 = EDGE_CURVE ( 'NONE', #5870, #1986, #208, .T. ) ;
#7558 = FACE_OUTER_BOUND ( 'NONE', #5034, .T. ) ;
#7559 = CARTESIAN_POINT ( 'NONE',  ( -20.77276083323512523, 16.13005223007172972, 2.100000000000000089 ) ) ;
#7560 = CARTESIAN_POINT ( 'NONE',  ( -13.04949915500204760, -19.56208827861912525, 2.100000000000000089 ) ) ;
#7561 = EDGE_LOOP ( 'NONE', ( #4700, #2976 ) ) ;
#7562 = CARTESIAN_POINT ( 'NONE',  ( -14.21926140100350189, -19.11953582679382890, -2.000000000000000000 ) ) ;
#7563 = CARTESIAN_POINT ( 'NONE',  ( -7.715738321650229103, 25.14266413352902418, -2.000000000000000000 ) ) ;
#7564 = CARTESIAN_POINT ( 'NONE',  ( -13.30747633062665614, -21.64116298680352202, -2.000000000000000000 ) ) ;
#7565 = CARTESIAN_POINT ( 'NONE',  ( 7.705310163655073374, 23.69563005194942917, 2.100000000000000089 ) ) ;
#7566 = CARTESIAN_POINT ( 'NONE',  ( -23.90532429094090716, -0.9066066167179803736, 2.100000000000000089 ) ) ;
#7567 = DIRECTION ( 'NONE',  ( -1.000000000000000000, 0.000000000000000000, 0.000000000000000000 ) ) ;
#7568 = CARTESIAN_POINT ( 'NONE',  ( 17.37016481680591795, 16.73146461459393208, 2.100000000000000089 ) ) ;
#7569 = CARTESIAN_POINT ( 'NONE',  ( 14.51573139705937088, -19.26027195864160291, 2.100000000000000089 ) ) ;
#7570 = CARTESIAN_POINT ( 'NONE',  ( -14.21926140100350722, 19.11953582679382535, -2.000000000000000000 ) ) ;
#7571 = ORIENTED_EDGE ( 'NONE', *, *, #6406, .T. ) ;
#7572 = CARTESIAN_POINT ( 'NONE',  ( -23.87823629154096494, -7.119306137701290282, 2.100000000000000089 ) ) ;
#7573 = ADVANCED_FACE ( 'NONE', ( #5183 ), #7135, .F. ) ;
#7574 = CARTESIAN_POINT ( 'NONE',  ( 20.51809281624189651, 16.05254419007956912, 2.099999999999999645 ) ) ;
#7575 = EDGE_CURVE ( 'NONE', #6030, #4812, #7744, .T. ) ;
#7576 = CARTESIAN_POINT ( 'NONE',  ( -20.94077984017083338, 12.16847291378769391, -2.000000000000000000 ) ) ;
#7577 = CARTESIAN_POINT ( 'NONE',  ( -17.98147192499884994, 15.23115522593612958, -2.000000000000000000 ) ) ;
#7578 = CARTESIAN_POINT ( 'NONE',  ( -22.09815905990547336, 10.35588323418787127, -2.000000000000000000 ) ) ;
#7579 = CARTESIAN_POINT ( 'NONE',  ( 7.988790274807834990, 22.11659910479056279, -2.000000000000000000 ) ) ;
#7580 = CARTESIAN_POINT ( 'NONE',  ( -20.71178771499497984, 11.09036006156942555, 2.100000000000000089 ) ) ;
#7581 = CARTESIAN_POINT ( 'NONE',  ( 4.189195047382262338, 24.56227459198279206, 2.100000000000000089 ) ) ;
#7582 = CARTESIAN_POINT ( 'NONE',  ( 23.08741356227222141, 10.60189590196924314, -2.000000000000000000 ) ) ;
#7583 = CARTESIAN_POINT ( 'NONE',  ( -20.99240193721332659, -10.59640443373927710, 2.100000000000000089 ) ) ;
#7584 = CARTESIAN_POINT ( 'NONE',  ( 8.686322604036284645, -21.85205998608587663, -2.000000000000000000 ) ) ;
#7585 = CARTESIAN_POINT ( 'NONE',  ( 22.09815905990546980, 10.35588323418789258, -2.000000000000000000 ) ) ;
#7586 = DIRECTION ( 'NONE',  ( 0.8854560256532097995, 0.4647231720437686731, 0.000000000000000000 ) ) ;
#7587 = FACE_OUTER_BOUND ( 'NONE', #7838, .T. ) ;
#7588 = DIRECTION ( 'NONE',  ( 0.000000000000000000, 0.000000000000000000, -1.000000000000000000 ) ) ;
#7589 = CARTESIAN_POINT ( 'NONE',  ( 18.60089775827983871, -15.19605903441927630, -2.000000000000000000 ) ) ;
#7590 = CARTESIAN_POINT ( 'NONE',  ( 22.73975435582775972, -5.989014764842361060, -2.000000000000000000 ) ) ;
#7591 = CARTESIAN_POINT ( 'NONE',  ( 3.499191490208520605, 23.38362255772745613, 2.099999999999999645 ) ) ;
#7592 = VERTEX_POINT ( 'NONE', #246 ) ;
#7593 = CARTESIAN_POINT ( 'NONE',  ( -9.768079280210441695, -22.57254334279473085, -2.000000000000000000 ) ) ;
#7594 = CARTESIAN_POINT ( 'NONE',  ( -22.41476736692497340, -16.47086513864622148, 2.100000000000000089 ) ) ;
#7595 = CARTESIAN_POINT ( 'NONE',  ( 23.49332454121249825, -0.1947784575707308674, -2.000000000000000000 ) ) ;
#7596 = CARTESIAN_POINT ( 'NONE',  ( -23.93435179486865039, 4.766524473500956205, 2.100000000000000089 ) ) ;
#7597 = EDGE_CURVE ( 'NONE', #5581, #5441, #2115, .T. ) ;
#7598 = CARTESIAN_POINT ( 'NONE',  ( -22.09150218636105478, -16.42439464916633440, 2.099999999999999645 ) ) ;
#7599 = CARTESIAN_POINT ( 'NONE',  ( -17.64188601445204441, 17.13764696917008123, 2.100000000000000089 ) ) ;
#7600 = CARTESIAN_POINT ( 'NONE',  ( -13.20212662322859565, -21.30225842247369172, 2.100000000000000089 ) ) ;
#7601 = ORIENTED_EDGE ( 'NONE', *, *, #4878, .T. ) ;
#7602 = CARTESIAN_POINT ( 'NONE',  ( -23.44696895451522067, -15.30488886934663917, -2.000000000000000000 ) ) ;
#7603 = CARTESIAN_POINT ( 'NONE',  ( 14.42373451280541552, -19.20597537996031434, -2.000000000000000000 ) ) ;
#7604 = CARTESIAN_POINT ( 'NONE',  ( -13.25426296490209310, -21.46155364981478897, 2.099999999999999645 ) ) ;
#7605 = CARTESIAN_POINT ( 'NONE',  ( -0.000000000000000000, 0.000000000000000000, -2.000000000000000000 ) ) ;
#7606 = CARTESIAN_POINT ( 'NONE',  ( 22.79134869580807532, 6.292262679950386683, -2.000000000000000000 ) ) ;
#7607 = CARTESIAN_POINT ( 'NONE',  ( -23.63491054742290132, -0.6550942090464579870, 2.100000000000000089 ) ) ;
#7608 = DIRECTION ( 'NONE',  ( -0.000000000000000000, -0.000000000000000000, -1.000000000000000000 ) ) ;
#7609 = CARTESIAN_POINT ( 'NONE',  ( 19.55560045884524456, 15.67357176803118790, 2.100000000000000089 ) ) ;
#7610 = CARTESIAN_POINT ( 'NONE',  ( 12.85055170543025049, -19.95373759773044142, 2.100000000000000089 ) ) ;
#7611 = CARTESIAN_POINT ( 'NONE',  ( -13.04949915500205115, 19.56208827861912525, 2.099999999999999645 ) ) ;
#7612 = EDGE_LOOP ( 'NONE', ( #2131, #4118, #25, #1891 ) ) ;
#7613 = CARTESIAN_POINT ( 'NONE',  ( -27.69932686549403300, -4.092342562581428922, 2.100000000000000089 ) ) ;
#7614 = CARTESIAN_POINT ( 'NONE',  ( 26.00281877978270373, 1.590510388571583889, 2.099999999999999645 ) ) ;
#7615 = CARTESIAN_POINT ( 'NONE',  ( -18.80342269287540446, 15.26496932198516632, -2.000000000000000000 ) ) ;
#7616 = CARTESIAN_POINT ( 'NONE',  ( -20.74579233589062355, 11.91211842489101080, 2.099999999999999645 ) ) ;
#7617 = CARTESIAN_POINT ( 'NONE',  ( 8.512968716744131470, 21.89757064776836870, 2.099999999999999645 ) ) ;
#7618 = CARTESIAN_POINT ( 'NONE',  ( -21.84033501313437142, 12.97800555654220389, 2.100000000000000089 ) ) ;
#7619 = CARTESIAN_POINT ( 'NONE',  ( 13.02793750094271807, 20.86163776548604076, 2.099999999999999645 ) ) ;
#7620 = CARTESIAN_POINT ( 'NONE',  ( -20.61769535193586478, -11.41192623884528601, -2.000000000000000000 ) ) ;
#7621 = CARTESIAN_POINT ( 'NONE',  ( -25.88937528683161915, -4.628868634690443962, 2.099999999999999645 ) ) ;
#7622 = CARTESIAN_POINT ( 'NONE',  ( -20.62323650117463458, -11.56374771533980272, 2.100000000000000089 ) ) ;
#7623 = CARTESIAN_POINT ( 'NONE',  ( 7.452140385464001149, -26.79882083615303401, -2.000000000000000000 ) ) ;
#7624 = CARTESIAN_POINT ( 'NONE',  ( 22.09815905990546980, 10.35588323418789258, 2.099999999999999645 ) ) ;
#7625 = CARTESIAN_POINT ( 'NONE',  ( 3.359200862297590628, -23.32460485566309316, 2.100000000000000089 ) ) ;
#7626 = CARTESIAN_POINT ( 'NONE',  ( -4.310684217927251538, 24.85340566964549325, 2.100000000000000089 ) ) ;
#7627 = CARTESIAN_POINT ( 'NONE',  ( -25.52197998938346757, 8.320188513921030093, -2.000000000000000000 ) ) ;
#7628 = CARTESIAN_POINT ( 'NONE',  ( 3.612999446203277287, 23.45707906485273497, -2.000000000000000000 ) ) ;
#7629 = CARTESIAN_POINT ( 'NONE',  ( 17.71416793792180400, -15.43316205167865895, 2.099999999999999645 ) ) ;
#7630 = CARTESIAN_POINT ( 'NONE',  ( 22.91929613358907503, -6.515359526762108722, -2.000000000000000000 ) ) ;
#7631 = CARTESIAN_POINT ( 'NONE',  ( 1.790249464186348893, 24.99754724227145530, 2.099999999999999645 ) ) ;
#7632 = ORIENTED_EDGE ( 'NONE', *, *, #4912, .T. ) ;
#7633 = CARTESIAN_POINT ( 'NONE',  ( -7.705310163655072486, -23.69563005194943628, 2.099999999999999645 ) ) ;
#7634 = CARTESIAN_POINT ( 'NONE',  ( -25.07504586300960625, 7.932732980984140703, 2.100000000000000089 ) ) ;
#7635 = CARTESIAN_POINT ( 'NONE',  ( -20.07157227525353704, -15.89590000543998194, -2.000000000000000000 ) ) ;
#7636 = CARTESIAN_POINT ( 'NONE',  ( -13.64872344093925882, -24.44815585854601991, -2.000000000000000000 ) ) ;
#7637 = CARTESIAN_POINT ( 'NONE',  ( -14.42373451280541197, -19.20597537996032145, 2.100000000000000089 ) ) ;
#7638 = VERTEX_POINT ( 'NONE', #856 ) ;
#7639 = CARTESIAN_POINT ( 'NONE',  ( -7.650756190596020190, 25.73058353783936525, -2.000000000000000000 ) ) ;
#7640 = CARTESIAN_POINT ( 'NONE',  ( 15.51594276222061985, -20.11676867469219587, 2.099999999999999645 ) ) ;
#7641 = CARTESIAN_POINT ( 'NONE',  ( -13.64872344093911316, -24.44815585866980001, 2.099999999999999645 ) ) ;
#7642 = DIRECTION ( 'NONE',  ( -1.000000000000000000, 0.000000000000000000, 0.000000000000000000 ) ) ;
#7643 = CIRCLE ( 'NONE', #4410, 1.750000000000001554 ) ;
#7644 = DIRECTION ( 'NONE',  ( -0.000000000000000000, -0.000000000000000000, 1.000000000000000000 ) ) ;
#7645 = CARTESIAN_POINT ( 'NONE',  ( -13.96529143882091439, 19.07901412642182848, 2.100000000000000089 ) ) ;
#7646 = CARTESIAN_POINT ( 'NONE',  ( 23.90532429094090716, 0.9066066167179774871, -2.000000000000000000 ) ) ;
#7647 = CARTESIAN_POINT ( 'NONE',  ( -14.10020032022225323, 19.09116743896563051, 2.099999999999999645 ) ) ;
#7648 = ORIENTED_EDGE ( 'NONE', *, *, #3216, .F. ) ;
#7649 = CARTESIAN_POINT ( 'NONE',  ( -24.15260079455800479, -7.275001489028700696, 2.100000000000000089 ) ) ;
#7650 = CIRCLE ( 'NONE', #791, 27.99999957948218920 ) ;
#7651 = CARTESIAN_POINT ( 'NONE',  ( 24.88813961944796560, 1.197996060026732756, 2.099999999999999645 ) ) ;
#7652 = CARTESIAN_POINT ( 'NONE',  ( -27.99999957948218920, 3.429010986114009550E-15, 0.000000000000000000 ) ) ;
#7653 = CARTESIAN_POINT ( 'NONE',  ( -18.49458355994169878, 15.17355739294053940, -2.000000000000000000 ) ) ;
#7654 = CARTESIAN_POINT ( 'NONE',  ( -23.19083041064042661, 14.83174276025828853, -2.000000000000000000 ) ) ;
#7655 = CARTESIAN_POINT ( 'NONE',  ( 8.334619726030528142, -21.97658606862351149, 2.100000000000000089 ) ) ;
#7656 = AXIS2_PLACEMENT_3D ( 'NONE', #2431, #3632, #7828 ) ;
#7657 = CARTESIAN_POINT ( 'NONE',  ( 14.88619985382989519, 19.57897187542435447, 2.099999999999999645 ) ) ;
#7658 = CARTESIAN_POINT ( 'NONE',  ( 21.58843454132471606, 10.30659784155102088, -2.000000000000000000 ) ) ;
#7659 = CARTESIAN_POINT ( 'NONE',  ( 20.61769535193586833, -11.41192623884528246, -2.000000000000000000 ) ) ;
#7660 = CIRCLE ( 'NONE', #529, 27.99999957948218565 ) ;
#7661 = CARTESIAN_POINT ( 'NONE',  ( -4.590305982006153585, 25.40785750275294674, -2.000000000000000000 ) ) ;
#7662 = LINE ( 'NONE', #3984, #1981 ) ;
#7663 = CARTESIAN_POINT ( 'NONE',  ( -15.23641901094385886, 19.89808777236047632, -2.000000000000000000 ) ) ;
#7664 = CARTESIAN_POINT ( 'NONE',  ( -8.993578510876927723, 21.86672564825610010, -2.000000000000000000 ) ) ;
#7665 = CARTESIAN_POINT ( 'NONE',  ( -5.995909907646372439, 27.35048520283300277, 2.100000000000000089 ) ) ;
#7666 = CARTESIAN_POINT ( 'NONE',  ( 8.993578510876917065, 21.86672564825609655, -2.000000000000000000 ) ) ;
#7667 = DIRECTION ( 'NONE',  ( -0.8854560256532095774, -0.4647231720437691727, 0.000000000000000000 ) ) ;
#7668 = CARTESIAN_POINT ( 'NONE',  ( 19.87933552333218046, -15.81900378855655909, 2.099999999999999645 ) ) ;
#7669 = CARTESIAN_POINT ( 'NONE',  ( 8.334619726030528142, -21.97658606862351149, -2.000000000000000000 ) ) ;
#7670 = CARTESIAN_POINT ( 'NONE',  ( 1.840779285638389329, 24.52644730507024562, 2.099999999999999645 ) ) ;
#7671 = CIRCLE ( 'NONE', #3789, 1.750000000000000888 ) ;
#7672 = ORIENTED_EDGE ( 'NONE', *, *, #6702, .F. ) ;
#7673 = CARTESIAN_POINT ( 'NONE',  ( -8.334619726030519260, -21.97658606862351505, -2.000000000000000000 ) ) ;
#7674 = UNCERTAINTY_MEASURE_WITH_UNIT (LENGTH_MEASURE( 1.000000000000000082E-05 ), #7883, 'distance_accuracy_value', 'NONE');
#7675 = CARTESIAN_POINT ( 'NONE',  ( 3.781464864188905484, -23.62174820993211455, -2.000000000000000000 ) ) ;
#7676 = CARTESIAN_POINT ( 'NONE',  ( 24.56950331401515442, -1.128978604501158944, -2.000000000000000000 ) ) ;
#7677 = B_SPLINE_CURVE_WITH_KNOTS ( 'NONE', 3,
 ( #3981, #6970, #2307, #4580, #2074, #770, #813, #7206, #7059, #1470, #6438, #2687, #3363, #4130, #3244, #6586, #3517, #5140, #205, #5104, #5985, #4536, #4766, #5753, #7620, #3941, #3629, #4282, #4922, #6096, #3555, #7886, #1158, #2950, #6701, #3711, #4242, #5443, #4843, #7284, #1851, #6665, #5409, #2342, #6023, #462, #4804, #7925, #1121, #1245, #6744, #5569, #1733, #4208, #3592 ),
 .UNSPECIFIED., .F., .F.,
 ( 4, 1, 1, 1, 1, 1, 1, 1, 1, 1, 1, 1, 1, 1, 1, 1, 1, 1, 1, 1, 1, 1, 1, 1, 1, 1, 1, 1, 1, 1, 1, 1, 1, 1, 1, 1, 1, 1, 1, 1, 1, 1, 1, 1, 1, 1, 1, 1, 1, 1, 1, 1, 4 ),
 ( 0.01037070964479204667, 0.06767854499841075011, 0.09884629602760430789, 0.1282330327458526265, 0.1558387551553858108, 0.1816634632588949305, 0.2057071570596704924, 0.2279698365617907063, 0.2484515017704002071, 0.2671521526921107892, 0.2840717893356240475, 0.2992104117127127871, 0.3125680198398574916, 0.3241446137411457817, 0.3339401934538051009, 0.3662021699428081867, 0.3760430630535980256, 0.3856763336118157470, 0.3952492422856400678, 0.4049624801021076692, 0.4150869914083017420, 0.4259748013331248195, 0.4380386266454291411, 0.4516469595390834035, 0.4668849008038628012, 0.4803437228220500677, 0.5000000000000002220, 0.5196562771779504875, 0.5331150991961376429, 0.5483530404609170406, 0.5619613733545713030, 0.5740251986668756246, 0.5849130085916987021, 0.5950375198978927749, 0.6047507577143603763, 0.6143236663881848081, 0.6239569369464024184, 0.6337978300571922574, 0.6660598065461953432, 0.6758553862588546624, 0.6874319801601429525, 0.7007895882872876570, 0.7159282106643762855, 0.7328478473078895439, 0.7515484982296001260, 0.7720301634382096267, 0.7942928429403297574, 0.8183365367411052915, 0.8441612448446143002, 0.8717669672541474846, 0.9011537039723956921, 0.9323214550015893609, 0.9896292903552151854 ),
 .UNSPECIFIED. ) ;
#7678 = EDGE_CURVE ( 'NONE', #4408, #1586, #4064, .T. ) ;
#7679 = CARTESIAN_POINT ( 'NONE',  ( -22.85726476338738067, 5.433202019314275155, 2.100000000000000089 ) ) ;
#7680 = AXIS2_PLACEMENT_3D ( 'NONE', #4576, #279, #2764 ) ;
#7681 = CARTESIAN_POINT ( 'NONE',  ( -19.87933552333217690, -15.81900378855656975, 2.099999999999999645 ) ) ;
#7682 = CARTESIAN_POINT ( 'NONE',  ( -17.26619031893428868, 16.42019235248054088, 2.100000000000000089 ) ) ;
#7683 = CARTESIAN_POINT ( 'NONE',  ( -13.36064030761171928, -21.84126693107096173, 2.100000000000000089 ) ) ;
#7684 = ORIENTED_EDGE ( 'NONE', *, *, #3970, .T. ) ;
#7685 = CARTESIAN_POINT ( 'NONE',  ( -20.64571337519313587, -11.25696429976830437, 2.099999999999999645 ) ) ;
#7686 = CARTESIAN_POINT ( 'NONE',  ( 14.51573139705937088, -19.26027195864160291, -2.000000000000000000 ) ) ;
#7687 = CARTESIAN_POINT ( 'NONE',  ( -13.50856635788135662, -22.56556696682680752, -2.000000000000000000 ) ) ;
#7688 = CARTESIAN_POINT ( 'NONE',  ( -26.16863607189503327, 4.567518758412558277, 2.099999999999999645 ) ) ;
#7689 = CARTESIAN_POINT ( 'NONE',  ( -18.97770164392054681, 15.34339570340774195, -2.000000000000000000 ) ) ;
#7690 = DIRECTION ( 'NONE',  ( -0.000000000000000000, -0.000000000000000000, -1.000000000000000000 ) ) ;
#7691 = LINE ( 'NONE', #919, #417 ) ;
#7692 = CARTESIAN_POINT ( 'NONE',  ( 23.50396181942852891, -6.078686604171923434E-16, -2.000000000000000000 ) ) ;
#7693 = CARTESIAN_POINT ( 'NONE',  ( -13.50602898338109270, 19.22398027845277113, -2.000000000000000000 ) ) ;
#7694 = ORIENTED_EDGE ( 'NONE', *, *, #5454, .F. ) ;
#7695 = CARTESIAN_POINT ( 'NONE',  ( 24.95373504430678580, -4.768644361883064065, -2.000000000000000000 ) ) ;
#7696 = CARTESIAN_POINT ( 'NONE',  ( 22.09150218636105123, 16.42439464916633796, -2.000000000000000000 ) ) ;
#7697 = CARTESIAN_POINT ( 'NONE',  ( 19.10294300318477667, -20.47138356506634693, 2.100000000000000089 ) ) ;
#7698 = CARTESIAN_POINT ( 'NONE',  ( -18.49458355994169878, 15.17355739294053940, 2.099999999999999645 ) ) ;
#7699 = CARTESIAN_POINT ( 'NONE',  ( 0.000000000000000000, 21.00000000000000000, -3.599999999999998757 ) ) ;
#7700 = CARTESIAN_POINT ( 'NONE',  ( 8.686322604036279316, 21.85205998608588018, 2.099999999999999645 ) ) ;
#7701 = EDGE_CURVE ( 'NONE', #61, #3134, #1016, .T. ) ;
#7702 = DIRECTION ( 'NONE',  ( -0.1205366802553223121, -0.9927088740980539727, 0.000000000000000000 ) ) ;
#7703 = CARTESIAN_POINT ( 'NONE',  ( 15.87213422487471881, 20.36431896814134035, 2.099999999999999645 ) ) ;
#7704 = VERTEX_POINT ( 'NONE', #894 ) ;
#7705 = CARTESIAN_POINT ( 'NONE',  ( 20.69407544885352124, -11.81098159931166514, -2.000000000000000000 ) ) ;
#7706 = CARTESIAN_POINT ( 'NONE',  ( -3.952016953262640797, 23.89496924813284906, -2.000000000000000000 ) ) ;
#7707 = DIRECTION ( 'NONE',  ( -0.000000000000000000, -0.000000000000000000, -1.000000000000000000 ) ) ;
#7708 = CARTESIAN_POINT ( 'NONE',  ( 13.58617081224543277, 23.15195374360799008, -2.000000000000000000 ) ) ;
#7709 = CARTESIAN_POINT ( 'NONE',  ( -8.686322604036286421, 21.85205998608587308, 2.099999999999999645 ) ) ;
#7710 = CARTESIAN_POINT ( 'NONE',  ( -3.499191490208550359, 23.38362255772745968, 2.100000000000000089 ) ) ;
#7711 = CARTESIAN_POINT ( 'NONE',  ( 10.70787966366669508, 23.74905515802277023, -2.000000000000000000 ) ) ;
#7712 = FACE_BOUND ( 'NONE', #7435, .T. ) ;
#7713 = CARTESIAN_POINT ( 'NONE',  ( 7.743106042156107982, -24.63076208136009981, -2.000000000000000000 ) ) ;
#7714 = ORIENTED_EDGE ( 'NONE', *, *, #6332, .F. ) ;
#7715 = CARTESIAN_POINT ( 'NONE',  ( -7.616738452866459674, -23.18530238615923977, 2.099999999999999645 ) ) ;
#7716 = CARTESIAN_POINT ( 'NONE',  ( 3.499191490208542366, -23.38362255772746323, 2.099999999999999645 ) ) ;
#7717 = CARTESIAN_POINT ( 'NONE',  ( 26.50130185302209540, -1.827769560624223244, -2.000000000000000000 ) ) ;
#7718 = CARTESIAN_POINT ( 'NONE',  ( -7.733032203436363439, -24.00987265162541462, -2.000000000000000000 ) ) ;
#7719 = CARTESIAN_POINT ( 'NONE',  ( -25.77590585922884614, -1.494258687380737527, -2.000000000000000000 ) ) ;
#7720 = CARTESIAN_POINT ( 'NONE',  ( -18.30266578660394217, 18.21105589998883545, 2.100000000000000089 ) ) ;
#7721 = DIRECTION ( 'NONE',  ( 1.000000000000000000, 0.000000000000000000, 0.000000000000000000 ) ) ;
#7722 = ORIENTED_EDGE ( 'NONE', *, *, #3441, .T. ) ;
#7723 = CARTESIAN_POINT ( 'NONE',  ( -22.90269961712299462, -10.57072003481731137, 2.099999999999999645 ) ) ;
#7724 = DIRECTION ( 'NONE',  ( -0.000000000000000000, -0.000000000000000000, -1.000000000000000000 ) ) ;
#7725 = CARTESIAN_POINT ( 'NONE',  ( -13.10549974122802652, -21.04367979295773949, 2.099999999999999645 ) ) ;
#7726 = CARTESIAN_POINT ( 'NONE',  ( -25.38450439115045754, 4.717739787684777752, -2.000000000000000000 ) ) ;
#7727 = CARTESIAN_POINT ( 'NONE',  ( -18.30266578660394217, 18.21105589998883545, -2.000000000000000000 ) ) ;
#7728 = LINE ( 'NONE', #7083, #6626 ) ;
#7729 = CARTESIAN_POINT ( 'NONE',  ( -14.51573139705937088, 19.26027195864160291, 2.100000000000000089 ) ) ;
#7730 = CARTESIAN_POINT ( 'NONE',  ( 13.61524630358647414, -23.47600944080825869, 2.100000000000000089 ) ) ;
#7731 = DIRECTION ( 'NONE',  ( 0.3546048870425354549, 0.9350162426854149444, 0.000000000000000000 ) ) ;
#7732 = EDGE_LOOP ( 'NONE', ( #2313, #4654 ) ) ;
#7733 = CARTESIAN_POINT ( 'NONE',  ( 23.53223775966786491, -4.811173829118819967, -2.000000000000000000 ) ) ;
#7734 = CARTESIAN_POINT ( 'NONE',  ( 22.62472946294006348, 16.49610842549918743, -2.000000000000000000 ) ) ;
#7735 = CARTESIAN_POINT ( 'NONE',  ( -7.650756190596010420, -25.73058353783937591, -2.000000000000000000 ) ) ;
#7736 = DIRECTION ( 'NONE',  ( 1.000000000000000000, 0.000000000000000000, 0.000000000000000000 ) ) ;
#7737 = CARTESIAN_POINT ( 'NONE',  ( -21.98040231662191957, 13.13048226772782101, -2.000000000000000000 ) ) ;
#7738 = CARTESIAN_POINT ( 'NONE',  ( 0.000000000000000000, 0.000000000000000000, -2.000000000000000000 ) ) ;
#7739 = CARTESIAN_POINT ( 'NONE',  ( 14.60388312963063129, 19.32135064906643507, -2.000000000000000000 ) ) ;
#7740 = EDGE_LOOP ( 'NONE', ( #7467, #434 ) ) ;
#7741 = PRODUCT_RELATED_PRODUCT_CATEGORY ( 'part', '', ( #4 ) ) ;
#7742 = CARTESIAN_POINT ( 'NONE',  ( 20.99240193721332304, -10.59640443373927354, -2.000000000000000000 ) ) ;
#7743 = CARTESIAN_POINT ( 'NONE',  ( -4.713207230075946441, 25.62151411210379948, -2.000000000000000000 ) ) ;
#7744 = LINE ( 'NONE', #2810, #5981 ) ;
#7745 = CARTESIAN_POINT ( 'NONE',  ( -13.20212662322860275, 21.30225842247369172, -2.000000000000000000 ) ) ;
#7746 = CARTESIAN_POINT ( 'NONE',  ( -10.89735721165043536, 23.93603524774559332, -2.000000000000000000 ) ) ;
#7747 = CARTESIAN_POINT ( 'NONE',  ( -2.833089530561789360, 23.33259147460854166, 2.100000000000000089 ) ) ;
#7748 = CARTESIAN_POINT ( 'NONE',  ( -18.51632561903327456, -18.67704107051118001, -2.000000000000000000 ) ) ;
#7749 = EDGE_CURVE ( 'NONE', #2837, #1676, #6624, .T. ) ;
#7750 = CARTESIAN_POINT ( 'NONE',  ( -19.24999999999999289, -3.688814631097028664E-15, 2.100000000000001865 ) ) ;
#7751 = CARTESIAN_POINT ( 'NONE',  ( 7.650756190596017525, -25.73058353783937235, -2.000000000000000000 ) ) ;
#7752 = VERTEX_POINT ( 'NONE', #4619 ) ;
#7753 = CARTESIAN_POINT ( 'NONE',  ( -7.988790274807833214, -22.11659910479056634, 2.099999999999999645 ) ) ;
#7754 = B_SPLINE_CURVE_WITH_KNOTS ( 'NONE', 3,
 ( #6158, #7939, #3076, #1218, #1745, #4897, #8017, #2999, #7975, #5461, #5998, #3567, #2398, #2962, #7413, #439, #1869, #4856, #3686, #7862, #1132, #1706, #6035, #7898, #6116, #2356, #4819, #1783, #7296, #4374, #638, #47, #2527, #5587, #3726, #7452, #6840, #4982, #3117, #6196, #1908, #3496, #5274, #408, #1637, #7108, #2250, #2896, #947, #2857, #335, #3336, #6451, #3419, #5850 ),
 .UNSPECIFIED., .F., .F.,
 ( 4, 1, 1, 1, 1, 1, 1, 1, 1, 1, 1, 1, 1, 1, 1, 1, 1, 1, 1, 1, 1, 1, 1, 1, 1, 1, 1, 1, 1, 1, 1, 1, 1, 1, 1, 1, 1, 1, 1, 1, 1, 1, 1, 1, 1, 1, 1, 1, 1, 1, 1, 1, 4 ),
 ( 0.01037070964479265556, 0.06767854499841075011, 0.09884629602760430789, 0.1282330327458526265, 0.1558387551553858108, 0.1816634632588949305, 0.2057071570596704646, 0.2279698365617907063, 0.2484515017704002071, 0.2671521526921107892, 0.2840717893356240475, 0.2992104117127127871, 0.3125680198398574916, 0.3241446137411457817, 0.3339401934538051009, 0.3662021699428081867, 0.3760430630535980256, 0.3856763336118157470, 0.3952492422856400678, 0.4049624801021076692, 0.4150869914083017420, 0.4259748013331248195, 0.4380386266454291411, 0.4516469595390834035, 0.4668849008038628012, 0.4803437228220500677, 0.5000000000000002220, 0.5196562771779504875, 0.5331150991961376429, 0.5483530404609170406, 0.5619613733545713030, 0.5740251986668756246, 0.5849130085916987021, 0.5950375198978927749, 0.6047507577143603763, 0.6143236663881848081, 0.6239569369464023074, 0.6337978300571922574, 0.6660598065461953432, 0.6758553862588546624, 0.6874319801601429525, 0.7007895882872876570, 0.7159282106643762855, 0.7328478473078895439, 0.7515484982296001260, 0.7720301634382096267, 0.7942928429403297574, 0.8183365367411052915, 0.8441612448446143002, 0.8717669672541474846, 0.9011537039723958031, 0.9323214550015893609, 0.9896292903552004194 ),
 .UNSPECIFIED. ) ;
#7755 = CARTESIAN_POINT ( 'NONE',  ( 4.389956462724883934, -25.02313217738665685, 2.099999999999999645 ) ) ;
#7756 = CARTESIAN_POINT ( 'NONE',  ( 26.24483786523219209, -1.701370919965213169, 2.099999999999999645 ) ) ;
#7757 = CARTESIAN_POINT ( 'NONE',  ( -7.688595528318257877, -23.56854007989868194, -2.000000000000000000 ) ) ;
#7758 = CARTESIAN_POINT ( 'NONE',  ( -23.55944914529948520, 0.5232380683118280640, -2.000000000000000000 ) ) ;
#7759 = CARTESIAN_POINT ( 'NONE',  ( 12.36707919775608921, 25.12081464776632345, -2.000000000000000000 ) ) ;
#7760 = CARTESIAN_POINT ( 'NONE',  ( 21.00000000000000355, 2.602085213965210642E-15, 2.100000000000001865 ) ) ;
#7761 = ORIENTED_EDGE ( 'NONE', *, *, #5896, .F. ) ;
#7762 = EDGE_CURVE ( 'NONE', #2255, #2027, #7662, .T. ) ;
#7763 = CARTESIAN_POINT ( 'NONE',  ( -20.74579233589062355, -11.91211842489101791, 2.099999999999999645 ) ) ;
#7764 = CARTESIAN_POINT ( 'NONE',  ( 22.75000000000000711, 2.816398403815997545E-15, 2.100000000000001865 ) ) ;
#7765 = CARTESIAN_POINT ( 'NONE',  ( -14.10020032022225323, -19.09116743896564117, 2.099999999999999645 ) ) ;
#7766 = CARTESIAN_POINT ( 'NONE',  ( -24.59949625084631819, 4.790317889056091794, -2.000000000000000000 ) ) ;
#7767 = CARTESIAN_POINT ( 'NONE',  ( 24.76692767734244782, 4.782579349257336965, 2.099999999999999645 ) ) ;
#7768 = CARTESIAN_POINT ( 'NONE',  ( -18.40868586258353545, 18.43357243192680173, -2.000000000000000000 ) ) ;
#7769 = CARTESIAN_POINT ( 'NONE',  ( -22.74999999999999645, -3.903127820947815962E-15, 2.100000000000001865 ) ) ;
#7770 = CARTESIAN_POINT ( 'NONE',  ( -15.12400615833752582, 19.80199803049035268, 2.100000000000000089 ) ) ;
#7771 = CARTESIAN_POINT ( 'NONE',  ( 23.63491054742289421, -0.6550942090464556555, -2.000000000000000000 ) ) ;
#7772 = EDGE_LOOP ( 'NONE', ( #2087, #3680, #3720, #3484 ) ) ;
#7773 = CARTESIAN_POINT ( 'NONE',  ( 24.12574046566792063, -4.783694468719406068, 2.099999999999999645 ) ) ;
#7774 = CARTESIAN_POINT ( 'NONE',  ( -7.743106042156100877, -24.63076208136010337, -2.000000000000000000 ) ) ;
#7775 = CARTESIAN_POINT ( 'NONE',  ( -23.72154950710864441, -0.7592181733933821564, -2.000000000000000000 ) ) ;
#7776 = CARTESIAN_POINT ( 'NONE',  ( -21.07590994840524345, 12.30361618564757542, 2.099999999999999645 ) ) ;
#7777 = CARTESIAN_POINT ( 'NONE',  ( 12.36707919785808230, 25.12081464783654994, -2.000000000000000000 ) ) ;
#7778 = CARTESIAN_POINT ( 'NONE',  ( 8.993578510876927723, -21.86672564825610721, 2.100000000000000089 ) ) ;
#7779 = CARTESIAN_POINT ( 'NONE',  ( 13.50602898338108382, 19.22398027845277468, 2.099999999999999645 ) ) ;
#7780 = ORIENTED_EDGE ( 'NONE', *, *, #2854, .T. ) ;
#7781 = CARTESIAN_POINT ( 'NONE',  ( 23.08741356227222852, -10.60189590196922360, -2.000000000000000000 ) ) ;
#7782 = CARTESIAN_POINT ( 'NONE',  ( -3.781464864188913477, 23.62174820993211455, 2.099999999999999645 ) ) ;
#7783 = CARTESIAN_POINT ( 'NONE',  ( 7.601435196559586771, -26.05218098595103982, -2.000000000000000000 ) ) ;
#7784 = CARTESIAN_POINT ( 'NONE',  ( 1.145856306001367342, -27.11429446801521337, 2.100000000000000089 ) ) ;
#7785 = CARTESIAN_POINT ( 'NONE',  ( 0.000000000000000000, 0.000000000000000000, -3.599999999999998757 ) ) ;
#7786 = CARTESIAN_POINT ( 'NONE',  ( 10.13323285654343664, 23.09959661296539224, -2.000000000000000000 ) ) ;
#7787 = DIRECTION ( 'NONE',  ( 0.000000000000000000, 0.000000000000000000, 1.000000000000000000 ) ) ;
#7788 = CARTESIAN_POINT ( 'NONE',  ( 9.408316245588480342, -22.09971024729808420, -2.000000000000000000 ) ) ;
#7789 = EDGE_LOOP ( 'NONE', ( #1526, #1326 ) ) ;
#7790 = CARTESIAN_POINT ( 'NONE',  ( -7.650756190596010420, -25.73058353783937591, 2.100000000000000089 ) ) ;
#7791 = CARTESIAN_POINT ( 'NONE',  ( 4.144933467011483685, -24.44197433207706638, 2.099999999999999645 ) ) ;
#7792 = CARTESIAN_POINT ( 'NONE',  ( 24.88813961944797271, -1.197996060026733200, 2.099999999999999645 ) ) ;
#7793 = DIRECTION ( 'NONE',  ( -1.000000000000000000, 0.000000000000000000, 0.000000000000000000 ) ) ;
#7794 = EDGE_CURVE ( 'NONE', #4010, #3524, #6523, .T. ) ;
#7795 = AXIS2_PLACEMENT_3D ( 'NONE', #3056, #6782, #2461 ) ;
#7796 = CARTESIAN_POINT ( 'NONE',  ( -24.19711102278062143, -1.042982032116801960, 2.099999999999999645 ) ) ;
#7797 = CARTESIAN_POINT ( 'NONE',  ( 22.91929613358907503, -6.515359526762108722, 2.100000000000000089 ) ) ;
#7798 = CARTESIAN_POINT ( 'NONE',  ( -1.623578263684206435, -25.76808346599204924, 2.099999999999999645 ) ) ;
#7799 = VERTEX_POINT ( 'NONE', #7098 ) ;
#7800 = CARTESIAN_POINT ( 'NONE',  ( -20.65156267108763188, -11.69620803915341867, 2.099999999999999645 ) ) ;
#7801 = AXIS2_PLACEMENT_3D ( 'NONE', #5511, #1272, #58 ) ;
#7802 = CARTESIAN_POINT ( 'NONE',  ( 13.58617081224543988, -23.15195374360797942, 2.099999999999999645 ) ) ;
#7803 = ADVANCED_FACE ( 'NONE', ( #364 ), #2161, .F. ) ;
#7804 = CARTESIAN_POINT ( 'NONE',  ( -14.60388312963063484, -19.32135064906643152, -2.000000000000000000 ) ) ;
#7805 = CARTESIAN_POINT ( 'NONE',  ( -23.24438501506255861, 6.803422568062724274, -2.000000000000000000 ) ) ;
#7806 = FACE_OUTER_BOUND ( 'NONE', #5652, .T. ) ;
#7807 = CARTESIAN_POINT ( 'NONE',  ( -19.05257563431088741, 20.26599507124445054, -2.000000000000000000 ) ) ;
#7808 = CARTESIAN_POINT ( 'NONE',  ( 18.62447386782101688, -18.94171889292492139, 2.100000000000000089 ) ) ;
#7809 = CARTESIAN_POINT ( 'NONE',  ( -12.84317218923419723, 20.29695877980780949, 2.100000000000000089 ) ) ;
#7810 = ORIENTED_EDGE ( 'NONE', *, *, #1703, .F. ) ;
#7811 = CARTESIAN_POINT ( 'NONE',  ( 22.91929613358907503, -6.515359526762108722, -2.000000000000000000 ) ) ;
#7812 = DIRECTION ( 'NONE',  ( -1.000000000000000000, 0.000000000000000000, 0.000000000000000000 ) ) ;
#7813 = CARTESIAN_POINT ( 'NONE',  ( -26.42834229636214616, -9.248929663334820361, -2.000000000000000000 ) ) ;
#7814 = CARTESIAN_POINT ( 'NONE',  ( -22.96554745452510815, 14.45965356729541540, 2.099999999999999645 ) ) ;
#7815 =( NAMED_UNIT ( * ) PLANE_ANGLE_UNIT ( ) SI_UNIT ( $, .RADIAN. ) );
#7816 = CARTESIAN_POINT ( 'NONE',  ( 7.629252907546909768, -22.67335363560524186, 2.100000000000000089 ) ) ;
#7817 = CARTESIAN_POINT ( 'NONE',  ( 20.77276083323512168, -16.13005223007173328, 2.099999999999999645 ) ) ;
#7818 = CARTESIAN_POINT ( 'NONE',  ( 16.55868018414817655, 20.77185239767593217, -2.000000000000000000 ) ) ;
#7819 = EDGE_LOOP ( 'NONE', ( #3590, #1740, #426, #3023 ) ) ;
#7820 = EDGE_CURVE ( 'NONE', #4812, #4802, #7870, .T. ) ;
#7821 = DIRECTION ( 'NONE',  ( 0.000000000000000000, 0.000000000000000000, 1.000000000000000000 ) ) ;
#7822 = FACE_OUTER_BOUND ( 'NONE', #7553, .T. ) ;
#7823 = CARTESIAN_POINT ( 'NONE',  ( 22.82097940566847427, 5.624866236205954273, -2.000000000000000000 ) ) ;
#7824 = CARTESIAN_POINT ( 'NONE',  ( -14.88619985382990407, 19.57897187542434736, -2.000000000000000000 ) ) ;
#7825 = CARTESIAN_POINT ( 'NONE',  ( 1.379935885169562004, -26.52839079975561276, 2.100000000000000089 ) ) ;
#7826 = CARTESIAN_POINT ( 'NONE',  ( -1.762385718735306250, 25.16282512725968701, 2.100000000000000089 ) ) ;
#7827 = CARTESIAN_POINT ( 'NONE',  ( -17.51903422860498694, -16.98989084997260335, -2.000000000000000000 ) ) ;
#7828 = DIRECTION ( 'NONE',  ( -1.000000000000000000, 0.000000000000000000, -0.000000000000000000 ) ) ;
#7829 = CARTESIAN_POINT ( 'NONE',  ( 12.19289813512191500, -25.00088857611624249, -2.000000000000000000 ) ) ;
#7830 = CARTESIAN_POINT ( 'NONE',  ( -7.865059710290380757, -22.21401039568610969, 2.100000000000000089 ) ) ;
#7831 = B_SPLINE_SURFACE_WITH_KNOTS ( 'NONE', 3, 1, ( 
 ( #718, #1943 ),
 ( #4975, #6874 ),
 ( #6188, #6709 ),
 ( #1337, #3805 ),
 ( #2391, #1251 ),
 ( #4849, #7326 ),
 ( #630, #1776 ),
 ( #548, #1813 ),
 ( #7967, #2434 ),
 ( #4889, #4288 ),
 ( #6752, #1210 ),
 ( #3232, #3889 ),
 ( #3845, #5170 ),
 ( #2637, #5742 ),
 ( #196, #6341 ),
 ( #5052, #5701 ),
 ( #3972, #4569 ),
 ( #2676, #921 ),
 ( #1376, #1498 ),
 ( #7086, #2148 ),
 ( #115, #799 ),
 ( #7570, #3395 ),
 ( #7526, #7647 ),
 ( #1985, #5824 ),
 ( #6920, #6428 ),
 ( #6304, #2105 ),
 ( #7693, #155 ),
 ( #5129, #6959 ),
 ( #760, #3351 ),
 ( #3276, #7611 ),
 ( #843, #7005 ),
 ( #5094, #2757 ),
 ( #1536, #2026 ),
 ( #4488, #881 ),
 ( #1414, #2065 ),
 ( #4527, #1455 ),
 ( #273, #3931 ),
 ( #4009, #7049 ),
 ( #3312, #5213 ),
 ( #6387, #4451 ),
 ( #4607, #6466 ),
 ( #5782, #234 ),
 ( #2717, #2596 ),
 ( #2265, #3514 ),
 ( #2836, #1118 ),
 ( #4127, #4092 ),
 ( #5405, #4205 ),
 ( #6583, #1688 ),
 ( #5293, #4801 ),
 ( #425, #1038 ),
 ( #352, #3477 ),
 ( #6548, #3552 ),
 ( #7165, #4644 ),
 ( #5869, #5944 ),
 ( #6662, #2912 ) ),
 .UNSPECIFIED., .F., .F., .F.,
 ( 4, 1, 1, 1, 1, 1, 1, 1, 1, 1, 1, 1, 1, 1, 1, 1, 1, 1, 1, 1, 1, 1, 1, 1, 1, 1, 1, 1, 1, 1, 1, 1, 1, 1, 1, 1, 1, 1, 1, 1, 1, 1, 1, 1, 1, 1, 1, 1, 1, 1, 1, 1, 4 ),
 ( 2, 2 ),
 ( 0.01037070963360204462, 0.06767854499841075011, 0.09884629602760430789, 0.1282330327458526265, 0.1558387551553858108, 0.1816634632588949305, 0.2057071570596704646, 0.2279698365617907063, 0.2484515017704002071, 0.2671521526921107892, 0.2840717893356240475, 0.2992104117127127871, 0.3125680198398574916, 0.3241446137411457817, 0.3339401934538051009, 0.3662021699428081867, 0.3760430630535980256, 0.3856763336118157470, 0.3952492422856400678, 0.4049624801021076692, 0.4150869914083017420, 0.4259748013331248195, 0.4380386266454291411, 0.4516469595390834035, 0.4668849008038628012, 0.4803437228220500677, 0.5000000000000002220, 0.5196562771779504875, 0.5331150991961376429, 0.5483530404609170406, 0.5619613733545713030, 0.5740251986668756246, 0.5849130085916987021, 0.5950375198978927749, 0.6047507577143603763, 0.6143236663881848081, 0.6239569369464024184, 0.6337978300571922574, 0.6660598065461953432, 0.6758553862588546624, 0.6874319801601429525, 0.7007895882872876570, 0.7159282106643762855, 0.7328478473078895439, 0.7515484982296001260, 0.7720301634382096267, 0.7942928429403297574, 0.8183365367411052915, 0.8441612448446143002, 0.8717669672541474846, 0.9011537039723958031, 0.9323214550015893609, 0.9896292903664016816 ),
 ( 0.000000000000000000, 1.000000000000000000 ),
 .UNSPECIFIED. ) ;
#7832 = CARTESIAN_POINT ( 'NONE',  ( 5.008822010445495465, -26.08776424953685336, 2.099999999999999645 ) ) ;
#7833 = CARTESIAN_POINT ( 'NONE',  ( 18.01951879739602447, 21.43121365581739468, -2.000000000000000000 ) ) ;
#7834 = CARTESIAN_POINT ( 'NONE',  ( -10.53741832910564646, -23.57101921525815769, -2.000000000000000000 ) ) ;
#7835 = CARTESIAN_POINT ( 'NONE',  ( -26.77150907641003741, -1.970609361940798943, -2.000000000000000000 ) ) ;
#7836 = CARTESIAN_POINT ( 'NONE',  ( 22.91828645517601615, -5.264681564480667042, 2.100000000000000089 ) ) ;
#7837 = DIRECTION ( 'NONE',  ( -0.000000000000000000, -0.000000000000000000, -1.000000000000000000 ) ) ;
#7838 = EDGE_LOOP ( 'NONE', ( #5783, #6171 ) ) ;
#7839 = CARTESIAN_POINT ( 'NONE',  ( -17.29220078062825650, -16.53076698689343615, 2.100000000000000089 ) ) ;
#7840 = EDGE_CURVE ( 'NONE', #5727, #1586, #6604, .T. ) ;
#7841 = CARTESIAN_POINT ( 'NONE',  ( 13.50856635788135840, -22.56556696682679686, -2.000000000000000000 ) ) ;
#7842 = CARTESIAN_POINT ( 'NONE',  ( -13.81390900009209233, -19.09181343516791074, 2.099999999999999645 ) ) ;
#7843 = CARTESIAN_POINT ( 'NONE',  ( -24.31153459173803810, 7.374154019703423657, 2.099999999999999645 ) ) ;
#7844 = CARTESIAN_POINT ( 'NONE',  ( 23.63710370791871185, 4.790810183414345502, -2.000000000000000000 ) ) ;
#7845 = CARTESIAN_POINT ( 'NONE',  ( 18.40868586258353190, -18.43357243192680528, -2.000000000000000000 ) ) ;
#7846 = CARTESIAN_POINT ( 'NONE',  ( 20.77276083323512168, -16.13005223007173328, 2.100000000000000089 ) ) ;
#7847 = EDGE_CURVE ( 'NONE', #3179, #197, #675, .T. ) ;
#7848 = CARTESIAN_POINT ( 'NONE',  ( 22.73828148979404062, -10.53816474365923028, -2.000000000000000000 ) ) ;
#7849 = LINE ( 'NONE', #7203, #6498 ) ;
#7850 = ORIENTED_EDGE ( 'NONE', *, *, #1147, .F. ) ;
#7851 = CARTESIAN_POINT ( 'NONE',  ( 23.74358889077459622, -4.778072828450329546, -2.000000000000000000 ) ) ;
#7852 = CARTESIAN_POINT ( 'NONE',  ( -12.36707919775603415, 25.12081464776627726, -2.000000000000000000 ) ) ;
#7853 = CARTESIAN_POINT ( 'NONE',  ( -25.77590585922884614, -1.494258687380737527, -2.000000000000000000 ) ) ;
#7854 = CARTESIAN_POINT ( 'NONE',  ( 18.19936168673939392, 18.00918889841835480, -2.000000000000000000 ) ) ;
#7855 = CARTESIAN_POINT ( 'NONE',  ( 17.35181857730701083, -15.87069998699208462, 2.099999999999999645 ) ) ;
#7856 = CARTESIAN_POINT ( 'NONE',  ( 17.12241726305227729, 21.05518411798322376, -2.000000000000000000 ) ) ;
#7857 = ORIENTED_EDGE ( 'NONE', *, *, #733, .F. ) ;
#7858 = DIRECTION ( 'NONE',  ( 1.000000000000000000, 0.000000000000000000, 0.000000000000000000 ) ) ;
#7859 = CARTESIAN_POINT ( 'NONE',  ( -2.035327432088060551, 23.74029248485179266, 2.099999999999999645 ) ) ;
#7860 = CARTESIAN_POINT ( 'NONE',  ( 24.12574046566791708, 4.783694468719428272, -2.000000000000000000 ) ) ;
#7861 = CARTESIAN_POINT ( 'NONE',  ( 15.12400615833752049, 19.80199803049036333, -2.000000000000000000 ) ) ;
#7862 = CARTESIAN_POINT ( 'NONE',  ( 21.69704443755539813, -10.30300297322494885, 2.100000000000000089 ) ) ;
#7863 = CARTESIAN_POINT ( 'NONE',  ( -22.79134869580807887, -6.292262679950373361, -2.000000000000000000 ) ) ;
#7864 = CARTESIAN_POINT ( 'NONE',  ( -18.38167992440537546, -15.16106487615013521, -2.000000000000000000 ) ) ;
#7865 = CARTESIAN_POINT ( 'NONE',  ( -7.452140385482003637, -26.79882083607238386, 2.100000000000000089 ) ) ;
#7866 = CARTESIAN_POINT ( 'NONE',  ( 3.025165651672266254, -23.29855380546641186, -2.000000000000000000 ) ) ;
#7867 = FACE_OUTER_BOUND ( 'NONE', #6530, .T. ) ;
#7868 = CARTESIAN_POINT ( 'NONE',  ( 21.84033501313436432, 12.97800555654222165, 2.099999999999999645 ) ) ;
#7869 = CARTESIAN_POINT ( 'NONE',  ( -0.7237198720499484761, 27.99064497287982789, -2.000000000000000000 ) ) ;
#7870 = B_SPLINE_CURVE_WITH_KNOTS ( 'NONE', 3,
 ( #2847, #5305, #6560, #1510, #2690, #3944, #5144, #4583, #7062, #6441, #3366, #2316, #437, #5418, #471, #2280, #6033, #3037, #3565, #4776, #4181, #6113, #2960, #5996, #4741, #7214, #5348, #7823, #1662, #7253, #2925, #554, #6070, #4894, #4142, #6597, #5382, #1781, #3529, #7860, #1051, #7896, #1704, #6638, #2354, #3642, #1092, #1215, #4817, #2997, #7331, #7294, #7937, #5956, #1743 ),
 .UNSPECIFIED., .F., .F.,
 ( 4, 1, 1, 1, 1, 1, 1, 1, 1, 1, 1, 1, 1, 1, 1, 1, 1, 1, 1, 1, 1, 1, 1, 1, 1, 1, 1, 1, 1, 1, 1, 1, 1, 1, 1, 1, 1, 1, 1, 1, 1, 1, 1, 1, 1, 1, 1, 1, 1, 1, 1, 1, 4 ),
 ( 0.01037070964479206575, 0.06767854499841075011, 0.09884629602760430789, 0.1282330327458526265, 0.1558387551553858108, 0.1816634632588949305, 0.2057071570596704646, 0.2279698365617907063, 0.2484515017704002071, 0.2671521526921107892, 0.2840717893356240475, 0.2992104117127127871, 0.3125680198398574916, 0.3241446137411457817, 0.3339401934538051009, 0.3662021699428081867, 0.3760430630535980256, 0.3856763336118157470, 0.3952492422856400678, 0.4049624801021076692, 0.4150869914083017420, 0.4259748013331248195, 0.4380386266454291411, 0.4516469595390834035, 0.4668849008038628567, 0.4803437228220500677, 0.5000000000000002220, 0.5196562771779504875, 0.5331150991961376429, 0.5483530404609170406, 0.5619613733545713030, 0.5740251986668756246, 0.5849130085916987021, 0.5950375198978927749, 0.6047507577143603763, 0.6143236663881848081, 0.6239569369464024184, 0.6337978300571922574, 0.6660598065461953432, 0.6758553862588546624, 0.6874319801601429525, 0.7007895882872876570, 0.7159282106643762855, 0.7328478473078895439, 0.7515484982296001260, 0.7720301634382096267, 0.7942928429403297574, 0.8183365367411052915, 0.8441612448446143002, 0.8717669672541474846, 0.9011537039723958031, 0.9323214550015893609, 0.9896292903552148523 ),
 .UNSPECIFIED. ) ;
#7871 = CARTESIAN_POINT ( 'NONE',  ( -24.56950331401515442, -1.128978604501161387, 2.099999999999999645 ) ) ;
#7872 = CARTESIAN_POINT ( 'NONE',  ( 23.87823629154097560, -7.119306137701283177, 2.100000000000000089 ) ) ;
#7873 = CARTESIAN_POINT ( 'NONE',  ( -2.035327432088044119, -23.74029248485179266, 2.099999999999999645 ) ) ;
#7874 = ORIENTED_EDGE ( 'NONE', *, *, #2989, .F. ) ;
#7875 = DIRECTION ( 'NONE',  ( -0.000000000000000000, 0.000000000000000000, -1.000000000000000000 ) ) ;
#7876 = CARTESIAN_POINT ( 'NONE',  ( 12.86131782747430208, -20.40223119301177235, -2.000000000000000000 ) ) ;
#7877 = CARTESIAN_POINT ( 'NONE',  ( -15.12400615833752404, -19.80199803049035978, -2.000000000000000000 ) ) ;
#7878 = CARTESIAN_POINT ( 'NONE',  ( -22.99371384847795596, 6.601180838822642727, 2.099999999999999645 ) ) ;
#7879 = CARTESIAN_POINT ( 'NONE',  ( 27.69932686560991542, 4.092342562537338857, 2.099999999999999645 ) ) ;
#7880 = CARTESIAN_POINT ( 'NONE',  ( 17.76075994573093553, -17.29583732711386901, -2.000000000000000000 ) ) ;
#7881 = CARTESIAN_POINT ( 'NONE',  ( 18.40868586258353190, -18.43357243192680528, 2.100000000000000089 ) ) ;
#7882 = CARTESIAN_POINT ( 'NONE',  ( 21.47582202528876039, -10.32148794313314788, -2.000000000000000000 ) ) ;
#7883 =( LENGTH_UNIT ( ) NAMED_UNIT ( * ) SI_UNIT ( .MILLI., .METRE. ) );
#7884 = VERTEX_POINT ( 'NONE', #6793 ) ;
#7885 = CARTESIAN_POINT ( 'NONE',  ( 24.31153459173804166, -7.374154019703432539, -2.000000000000000000 ) ) ;
#7886 = CARTESIAN_POINT ( 'NONE',  ( -21.23211141880577912, -10.40363348579838565, -2.000000000000000000 ) ) ;
#7887 = CARTESIAN_POINT ( 'NONE',  ( -23.90532429094090716, -0.9066066167179803736, -2.000000000000000000 ) ) ;
#7888 = B_SPLINE_SURFACE_WITH_KNOTS ( 'NONE', 3, 1, ( 
 ( #4460, #1952 ),
 ( #6843, #7016 ),
 ( #6929, #6969 ),
 ( #1385, #124 ),
 ( #3856, #6313 ),
 ( #7495, #1423 ),
 ( #4985, #5103 ),
 ( #7455, #6353 ),
 ( #1911, #3898 ),
 ( #769, #810 ),
 ( #5137, #3283 ),
 ( #3814, #4377 ),
 ( #1303, #7537 ),
 ( #6237, #689 ),
 ( #3242, #1994 ),
 ( #88, #7619 ),
 ( #4535, #2569 ),
 ( #3940, #6396 ),
 ( #3360, #5179 ),
 ( #7131, #3321 ),
 ( #4698, #7057 ),
 ( #2807, #3448 ),
 ( #2725, #361 ),
 ( #5917, #395 ),
 ( #3979, #5224 ),
 ( #2275, #4579 ),
 ( #7211, #5952 ),
 ( #1659, #2196 ),
 ( #4653, #7779 ),
 ( #5791, #4615 ),
 ( #2881, #4737 ),
 ( #6519, #5344 ),
 ( #2156, #3406 ),
 ( #2843, #1585 ),
 ( #852, #7095 ),
 ( #1544, #4099 ),
 ( #241, #4017 ),
 ( #7739, #4060 ),
 ( #5301, #7172 ),
 ( #282, #7657 ),
 ( #2118, #974 ),
 ( #1506, #323 ),
 ( #1626, #6436 ),
 ( #890, #5834 ),
 ( #930, #2768 ),
 ( #3483, #2234 ),
 ( #6556, #7703 ),
 ( #6474, #5879 ),
 ( #5261, #1012 ),
 ( #7818, #6634 ),
 ( #3067, #1697 ),
 ( #7856, #1163 ),
 ( #587, #4930 ),
 ( #1812, #7289 ),
 ( #8007, #2473 ) ),
 .UNSPECIFIED., .F., .F., .F.,
 ( 4, 1, 1, 1, 1, 1, 1, 1, 1, 1, 1, 1, 1, 1, 1, 1, 1, 1, 1, 1, 1, 1, 1, 1, 1, 1, 1, 1, 1, 1, 1, 1, 1, 1, 1, 1, 1, 1, 1, 1, 1, 1, 1, 1, 1, 1, 1, 1, 1, 1, 1, 1, 4 ),
 ( 2, 2 ),
 ( 0.01037070963360204462, 0.06767854499841075011, 0.09884629602760430789, 0.1282330327458526265, 0.1558387551553858108, 0.1816634632588949305, 0.2057071570596704646, 0.2279698365617907063, 0.2484515017704002071, 0.2671521526921107892, 0.2840717893356240475, 0.2992104117127127871, 0.3125680198398574916, 0.3241446137411457817, 0.3339401934538051009, 0.3662021699428081867, 0.3760430630535980256, 0.3856763336118157470, 0.3952492422856400678, 0.4049624801021076692, 0.4150869914083017420, 0.4259748013331248195, 0.4380386266454291411, 0.4516469595390834035, 0.4668849008038628012, 0.4803437228220500677, 0.5000000000000002220, 0.5196562771779504875, 0.5331150991961376429, 0.5483530404609170406, 0.5619613733545713030, 0.5740251986668756246, 0.5849130085916987021, 0.5950375198978927749, 0.6047507577143603763, 0.6143236663881848081, 0.6239569369464024184, 0.6337978300571922574, 0.6660598065461953432, 0.6758553862588546624, 0.6874319801601429525, 0.7007895882872876570, 0.7159282106643762855, 0.7328478473078895439, 0.7515484982296001260, 0.7720301634382096267, 0.7942928429403297574, 0.8183365367411052915, 0.8441612448446143002, 0.8717669672541474846, 0.9011537039723958031, 0.9323214550015893609, 0.9896292903664016816 ),
 ( 0.000000000000000000, 1.000000000000000000 ),
 .UNSPECIFIED. ) ;
#7889 = DIRECTION ( 'NONE',  ( -0.000000000000000000, -0.000000000000000000, 1.000000000000000000 ) ) ;
#7890 = CARTESIAN_POINT ( 'NONE',  ( 21.34551800689746770, 16.27777197600732251, -2.000000000000000000 ) ) ;
#7891 = CARTESIAN_POINT ( 'NONE',  ( 18.00520414013334403, -17.66596715945036777, 2.099999999999999645 ) ) ;
#7892 = VERTEX_POINT ( 'NONE', #6266 ) ;
#7893 = VECTOR ( 'NONE', #6409, 1000.000000000000000 ) ;
#7894 = DIRECTION ( 'NONE',  ( -0.000000000000000000, -0.000000000000000000, 1.000000000000000000 ) ) ;
#7895 = CARTESIAN_POINT ( 'NONE',  ( -1.810672407536207729, 24.85107952805194387, -2.000000000000000000 ) ) ;
#7896 = CARTESIAN_POINT ( 'NONE',  ( 24.45163473737931881, 4.792937194118093380, -2.000000000000000000 ) ) ;
#7897 = CARTESIAN_POINT ( 'NONE',  ( 14.21926140100350011, 19.11953582679382890, -2.000000000000000000 ) ) ;
#7898 = CARTESIAN_POINT ( 'NONE',  ( 21.23211141880578623, -10.40363348579838565, 2.100000000000000089 ) ) ;
#7899 = CARTESIAN_POINT ( 'NONE',  ( -24.12574046566792063, -4.783694468719414949, -2.000000000000000000 ) ) ;
#7900 = CARTESIAN_POINT ( 'NONE',  ( -7.612592773523898515, 22.78073832991432468, -2.000000000000000000 ) ) ;
#7901 = CARTESIAN_POINT ( 'NONE',  ( 1.939597136465224247, 23.94058417290086638, 2.100000000000000089 ) ) ;
#7902 = CARTESIAN_POINT ( 'NONE',  ( -10.70787966366669330, -23.74905515802277378, 2.099999999999999645 ) ) ;
#7903 = CARTESIAN_POINT ( 'NONE',  ( 2.198555820827218010, -23.54154832015334975, 2.099999999999999645 ) ) ;
#7904 = CARTESIAN_POINT ( 'NONE',  ( 10.70787966366669686, -23.74905515802276312, 2.099999999999999645 ) ) ;
#7905 = CARTESIAN_POINT ( 'NONE',  ( 21.07590994840522924, 12.30361618564758963, -2.000000000000000000 ) ) ;
#7906 = CARTESIAN_POINT ( 'NONE',  ( 0.000000000000000000, 0.000000000000000000, -2.000000000000000000 ) ) ;
#7907 = LINE ( 'NONE', #4346, #4939 ) ;
#7908 = CARTESIAN_POINT ( 'NONE',  ( 26.77848301813143905, -4.405768766048591800, 2.100000000000000089 ) ) ;
#7909 = CARTESIAN_POINT ( 'NONE',  ( -4.030460310774771848, 24.06924055886029024, -2.000000000000000000 ) ) ;
#7910 = CARTESIAN_POINT ( 'NONE',  ( -2.198555820827210905, -23.54154832015335330, 2.099999999999999645 ) ) ;
#7911 = AXIS2_PLACEMENT_3D ( 'NONE', #2603, #86, #6927 ) ;
#7912 = ORIENTED_EDGE ( 'NONE', *, *, #1147, .T. ) ;
#7913 = CARTESIAN_POINT ( 'NONE',  ( -24.94597949059292574, -10.68625558496336936, -2.000000000000000000 ) ) ;
#7914 = DIRECTION ( 'NONE',  ( 0.000000000000000000, 0.000000000000000000, 1.000000000000000000 ) ) ;
#7915 = CIRCLE ( 'NONE', #1976, 1.749999999999999778 ) ;
#7916 = CARTESIAN_POINT ( 'NONE',  ( -1.726035193247308364, -25.34659078107458541, 2.100000000000000089 ) ) ;
#7917 = CARTESIAN_POINT ( 'NONE',  ( -24.15260079455800835, 7.275001489028683821, 2.099999999999999645 ) ) ;
#7918 = CARTESIAN_POINT ( 'NONE',  ( 23.21393719209897100, 4.939781705126463862, 2.099999999999999645 ) ) ;
#7919 = CARTESIAN_POINT ( 'NONE',  ( 22.09150218632043305, -16.42439464915884884, -2.000000000000000000 ) ) ;
#7920 = CARTESIAN_POINT ( 'NONE',  ( 19.42345833902674812, -15.60717637591974238, 2.100000000000000089 ) ) ;
#7921 = CARTESIAN_POINT ( 'NONE',  ( 24.94597949059291864, -10.68625558496336225, -2.000000000000000000 ) ) ;
#7922 = AXIS2_PLACEMENT_3D ( 'NONE', #2123, #4103, #2200 ) ;
#7923 = EDGE_LOOP ( 'NONE', ( #80, #2825, #5084, #6208 ) ) ;
#7924 = CARTESIAN_POINT ( 'NONE',  ( -13.36064030761171928, -21.84126693107096173, -2.000000000000000000 ) ) ;
#7925 = CARTESIAN_POINT ( 'NONE',  ( -23.76349960547260309, -10.67578541799516501, -2.000000000000000000 ) ) ;
#7926 = CARTESIAN_POINT ( 'NONE',  ( -25.38450439115045754, 4.717739787684777752, -2.000000000000000000 ) ) ;
#7927 = DIRECTION ( 'NONE',  ( -1.000000000000000000, 0.000000000000000000, 0.000000000000000000 ) ) ;
#7928 = DIRECTION ( 'NONE',  ( -0.000000000000000000, 0.000000000000000000, -1.000000000000000000 ) ) ;
#7929 = CARTESIAN_POINT ( 'NONE',  ( 17.51903422860499759, -16.98989084997259624, 2.099999999999999645 ) ) ;
#7930 = B_SPLINE_CURVE_WITH_KNOTS ( 'NONE', 3,
 ( #7348, #63, #1796, #3582, #4872, #2620, #102, #6327, #4594, #6945, #4433, #2583, #1967, #5769, #5036, #830, #7596, #7510, #1399, #2662, #1484, #5808, #5117, #5079, #744, #6905, #7679, #2051, #4513, #5155, #703, #6989, #3875, #2135, #1439, #3915, #5686, #3217, #1320, #6372, #6252, #3299, #1361, #3788, #6414, #784, #220, #2701, #7634, #3829, #2089, #3259, #5647, #5730, #868 ),
 .UNSPECIFIED., .F., .F.,
 ( 4, 1, 1, 1, 1, 1, 1, 1, 1, 1, 1, 1, 1, 1, 1, 1, 1, 1, 1, 1, 1, 1, 1, 1, 1, 1, 1, 1, 1, 1, 1, 1, 1, 1, 1, 1, 1, 1, 1, 1, 1, 1, 1, 1, 1, 1, 1, 1, 1, 1, 1, 1, 4 ),
 ( 0.01037070964479203106, 0.06767854499841075011, 0.09884629602760430789, 0.1282330327458526265, 0.1558387551553858108, 0.1816634632588949305, 0.2057071570596704646, 0.2279698365617907063, 0.2484515017704002071, 0.2671521526921107892, 0.2840717893356240475, 0.2992104117127127871, 0.3125680198398574916, 0.3241446137411457817, 0.3339401934538051009, 0.3662021699428081312, 0.3760430630535980256, 0.3856763336118157470, 0.3952492422856400678, 0.4049624801021076692, 0.4150869914083017420, 0.4259748013331248195, 0.4380386266454291411, 0.4516469595390834035, 0.4668849008038628012, 0.4803437228220500677, 0.5000000000000002220, 0.5196562771779504875, 0.5331150991961376429, 0.5483530404609170406, 0.5619613733545713030, 0.5740251986668756246, 0.5849130085916987021, 0.5950375198978927749, 0.6047507577143603763, 0.6143236663881848081, 0.6239569369464024184, 0.6337978300571922574, 0.6660598065461953432, 0.6758553862588546624, 0.6874319801601429525, 0.7007895882872876570, 0.7159282106643762855, 0.7328478473078895439, 0.7515484982296001260, 0.7720301634382096267, 0.7942928429403297574, 0.8183365367411052915, 0.8441612448446143002, 0.8717669672541474846, 0.9011537039723958031, 0.9323214550015893609, 0.9896292903552005304 ),
 .UNSPECIFIED. ) ;
#7931 = DIRECTION ( 'NONE',  ( -0.000000000000000000, -0.000000000000000000, -1.000000000000000000 ) ) ;
#7932 = ORIENTED_EDGE ( 'NONE', *, *, #7575, .F. ) ;
#7933 = CARTESIAN_POINT ( 'NONE',  ( -24.48402185937396780, -7.488679734998063608, 2.100000000000000089 ) ) ;
#7934 = CARTESIAN_POINT ( 'NONE',  ( 18.62447386782099912, 18.94171889292492850, 2.099999999999999645 ) ) ;
#7935 = CARTESIAN_POINT ( 'NONE',  ( -2.198555820827225560, 23.54154832015334975, 2.099999999999999645 ) ) ;
#7936 = ADVANCED_FACE ( 'NONE', ( #4250 ), #7831, .F. ) ;
#7937 = CARTESIAN_POINT ( 'NONE',  ( 27.19385050686431171, 4.276646238565383840, -2.000000000000000000 ) ) ;
#7938 = CARTESIAN_POINT ( 'NONE',  ( 14.88619985382989519, 19.57897187542435447, -2.000000000000000000 ) ) ;
#7939 = CARTESIAN_POINT ( 'NONE',  ( 25.70517099647025105, -10.62804679002982411, 2.100000000000000089 ) ) ;
#7940 = CARTESIAN_POINT ( 'NONE',  ( -2.198555820827225560, 23.54154832015334975, 2.100000000000000089 ) ) ;
#7941 = CARTESIAN_POINT ( 'NONE',  ( -7.452140385464002037, 26.79882083615302335, 2.099999999999999645 ) ) ;
#7942 = CARTESIAN_POINT ( 'NONE',  ( 1.555379675915602666, 26.00494379640384679, 2.100000000000000089 ) ) ;
#7943 = CARTESIAN_POINT ( 'NONE',  ( 2.105634209995053574, -23.64010634127342669, 2.099999999999999645 ) ) ;
#7944 = CARTESIAN_POINT ( 'NONE',  ( -5.995909907646408854, -27.35048520283306317, -2.000000000000000000 ) ) ;
#7945 = CARTESIAN_POINT ( 'NONE',  ( 23.19083041064040529, 14.83174276025829741, 2.099999999999999645 ) ) ;
#7946 = CARTESIAN_POINT ( 'NONE',  ( 15.12400615833752049, 19.80199803049036333, 2.100000000000000089 ) ) ;
#7947 = CARTESIAN_POINT ( 'NONE',  ( 0.9676082089449252743, 27.51106945928312797, -2.000000000000000000 ) ) ;
#7948 = CARTESIAN_POINT ( 'NONE',  ( 23.76414829993700906, -7.060866680122694028, 2.100000000000000089 ) ) ;
#7949 = DIRECTION ( 'NONE',  ( 1.000000000000000000, 0.000000000000000000, 0.000000000000000000 ) ) ;
#7950 = CARTESIAN_POINT ( 'NONE',  ( -4.144933467011473027, -24.44197433207706283, 2.099999999999999645 ) ) ;
#7951 = ORIENTED_EDGE ( 'NONE', *, *, #2785, .F. ) ;
#7952 = CARTESIAN_POINT ( 'NONE',  ( -17.25237999601836236, -16.29857992973629521, 2.100000000000000089 ) ) ;
#7953 = CARTESIAN_POINT ( 'NONE',  ( 16.59924240491750425, 14.84924240491749714, 2.100000000000001865 ) ) ;
#7955 = CARTESIAN_POINT ( 'NONE',  ( -1.270707428516379744, -26.81384534371724016, 2.100000000000000089 ) ) ;
#7954 = B_SPLINE_SURFACE_WITH_KNOTS ( 'NONE', 3, 1, ( 
 ( #1138, #2404 ),
 ( #1713, #7 ),
 ( #3005, #2968 ),
 ( #6768, #3083 ),
 ( #7338, #563 ),
 ( #4189, #3693 ),
 ( #1787, #4263 ),
 ( #5549, #7904 ),
 ( #2363, #7377 ),
 ( #7301, #3537 ),
 ( #4750, #1750 ),
 ( #7223, #6725 ),
 ( #6123, #6078 ),
 ( #1830, #3045 ),
 ( #2932, #6164 ),
 ( #4223, #1671 ),
 ( #5507, #603 ),
 ( #1061, #6004 ),
 ( #5392, #4785 ),
 ( #6278, #6848 ),
 ( #5756, #7543 ),
 ( #3125, #4343 ),
 ( #6807, #1268 ),
 ( #3206, #4989 ),
 ( #5026, #3734 ),
 ( #7584, #92 ),
 ( #693, #5597 ),
 ( #2609, #3171 ),
 ( #5717, #5676 ),
 ( #4947, #773 ),
 ( #1389, #2039 ),
 ( #6201, #7459 ),
 ( #53, #1915 ),
 ( #3818, #4382 ),
 ( #7500, #171 ),
 ( #2491, #6893 ),
 ( #3861, #646 ),
 ( #7419, #2573 ),
 ( #5107, #5637 ),
 ( #6317, #128 ),
 ( #1957, #4422 ),
 ( #3248, #1999 ),
 ( #1309, #2534 ),
 ( #6242, #1351 ),
 ( #6934, #5067 ),
 ( #3288, #732 ),
 ( #2650, #4501 ),
 ( #3775, #6974 ),
 ( #1427, #3902 ),
 ( #6359, #816 ),
 ( #1591, #1548 ),
 ( #7783, #2240 ),
 ( #5264, #4658 ),
 ( #7623, #977 ),
 ( #3325, #5883 ) ),
 .UNSPECIFIED., .F., .F., .F.,
 ( 4, 1, 1, 1, 1, 1, 1, 1, 1, 1, 1, 1, 1, 1, 1, 1, 1, 1, 1, 1, 1, 1, 1, 1, 1, 1, 1, 1, 1, 1, 1, 1, 1, 1, 1, 1, 1, 1, 1, 1, 1, 1, 1, 1, 1, 1, 1, 1, 1, 1, 1, 1, 4 ),
 ( 2, 2 ),
 ( 0.01037070963360204462, 0.06767854499841075011, 0.09884629602760430789, 0.1282330327458526265, 0.1558387551553858108, 0.1816634632588949305, 0.2057071570596704646, 0.2279698365617907063, 0.2484515017704002071, 0.2671521526921107892, 0.2840717893356240475, 0.2992104117127127871, 0.3125680198398574916, 0.3241446137411457817, 0.3339401934538051009, 0.3662021699428081867, 0.3760430630535980256, 0.3856763336118157470, 0.3952492422856400678, 0.4049624801021076692, 0.4150869914083017420, 0.4259748013331248195, 0.4380386266454291411, 0.4516469595390834035, 0.4668849008038628012, 0.4803437228220500677, 0.5000000000000002220, 0.5196562771779504875, 0.5331150991961376429, 0.5483530404609170406, 0.5619613733545713030, 0.5740251986668756246, 0.5849130085916987021, 0.5950375198978927749, 0.6047507577143603763, 0.6143236663881848081, 0.6239569369464024184, 0.6337978300571922574, 0.6660598065461953432, 0.6758553862588546624, 0.6874319801601429525, 0.7007895882872876570, 0.7159282106643762855, 0.7328478473078895439, 0.7515484982296001260, 0.7720301634382096267, 0.7942928429403297574, 0.8183365367411052915, 0.8441612448446143002, 0.8717669672541474846, 0.9011537039723958031, 0.9323214550015893609, 0.9896292903664016816 ),
 ( 0.000000000000000000, 1.000000000000000000 ),
 .UNSPECIFIED. ) ;
#7956 = CARTESIAN_POINT ( 'NONE',  ( -17.25237999601836236, -16.29857992973629521, -2.000000000000000000 ) ) ;
#7957 = CARTESIAN_POINT ( 'NONE',  ( 17.51903422860499759, -16.98989084997259624, -2.000000000000000000 ) ) ;
#7958 = CARTESIAN_POINT ( 'NONE',  ( -7.705310163655084033, 23.69563005194943273, 2.100000000000000089 ) ) ;
#7959 = DIRECTION ( 'NONE',  ( 0.000000000000000000, 0.000000000000000000, -1.000000000000000000 ) ) ;
#7960 = EDGE_LOOP ( 'NONE', ( #5493, #3871, #2349, #379 ) ) ;
#7961 = CARTESIAN_POINT ( 'NONE',  ( 26.42834229644420674, -9.248929663427656322, 2.099999999999999645 ) ) ;
#7962 = CARTESIAN_POINT ( 'NONE',  ( -10.03175227225610655, 22.96619924196638252, -2.000000000000000000 ) ) ;
#7963 = CARTESIAN_POINT ( 'NONE',  ( -23.42764417793267384, 4.840656286569369193, -2.000000000000000000 ) ) ;
#7964 = CARTESIAN_POINT ( 'NONE',  ( 20.51809281624189651, 16.05254419007956912, -2.000000000000000000 ) ) ;
#7965 = CARTESIAN_POINT ( 'NONE',  ( -18.01951879739603513, 21.43121365581738758, -2.000000000000000000 ) ) ;
#7966 = DIRECTION ( 'NONE',  ( -0.000000000000000000, -0.000000000000000000, -1.000000000000000000 ) ) ;
#7967 = CARTESIAN_POINT ( 'NONE',  ( -15.87213422487472947, 20.36431896814133680, -2.000000000000000000 ) ) ;
#7968 = VERTEX_POINT ( 'NONE', #5371 ) ;
#7969 = EDGE_LOOP ( 'NONE', ( #1317, #7364 ) ) ;
#7970 = CARTESIAN_POINT ( 'NONE',  ( 17.64188601445203020, 17.13764696917009189, 2.099999999999999645 ) ) ;
#7971 = CARTESIAN_POINT ( 'NONE',  ( -1.762385718735306250, 25.16282512725968701, 2.099999999999999645 ) ) ;
#7972 = CARTESIAN_POINT ( 'NONE',  ( 25.03107770533010523, 1.235924829161913818, 2.100000000000000089 ) ) ;
#7973 = CARTESIAN_POINT ( 'NONE',  ( 4.144933467011459705, 24.44197433207706638, 2.099999999999999645 ) ) ;
#7974 = CARTESIAN_POINT ( 'NONE',  ( -25.70517099655245730, 10.62804679002167063, 2.099999999999999645 ) ) ;
#7975 = CARTESIAN_POINT ( 'NONE',  ( 23.51784779677759474, -10.65556037457646177, 2.100000000000000089 ) ) ;
#7976 = CARTESIAN_POINT ( 'NONE',  ( -25.88937528683161915, -4.628868634690443962, -2.000000000000000000 ) ) ;
#7977 = CARTESIAN_POINT ( 'NONE',  ( -7.720532692246934836, 23.84272921084243535, 2.099999999999999645 ) ) ;
#7978 = CARTESIAN_POINT ( 'NONE',  ( 2.320354714939412144, 23.45074361513812633, 2.100000000000000089 ) ) ;
#7979 = CARTESIAN_POINT ( 'NONE',  ( 23.19083041061901795, 14.83174276022297100, -2.000000000000000000 ) ) ;
#7980 = CARTESIAN_POINT ( 'NONE',  ( 1.680116617297995996, -25.54848055630612791, -2.000000000000000000 ) ) ;
#7981 = CYLINDRICAL_SURFACE ( 'NONE', #7280, 1.750000000000001554 ) ;
#7982 = CARTESIAN_POINT ( 'NONE',  ( 23.34891248598831837, 15.11752229217971966, 2.099999999999999645 ) ) ;
#7983 = CARTESIAN_POINT ( 'NONE',  ( 13.55023046621762539, 22.84843530275376011, 2.100000000000000089 ) ) ;
#7984 = EDGE_CURVE ( 'NONE', #1986, #341, #5203, .T. ) ;
#7985 = CARTESIAN_POINT ( 'NONE',  ( -24.76338133992250334, 1.168557790373918381, -2.000000000000000000 ) ) ;
#7986 = CARTESIAN_POINT ( 'NONE',  ( 22.09150218636105123, -16.42439464916632019, 2.099999999999999645 ) ) ;
#7987 = CARTESIAN_POINT ( 'NONE',  ( -3.952016953262640797, 23.89496924813284906, -2.000000000000000000 ) ) ;
#7988 = CARTESIAN_POINT ( 'NONE',  ( -5.855490417686938009, -27.19235970822079551, -2.000000000000000000 ) ) ;
#7989 = EDGE_LOOP ( 'NONE', ( #4528, #3090, #1794, #2157 ) ) ;
#7990 = PLANE ( 'NONE',  #7147 ) ;
#7991 = CARTESIAN_POINT ( 'NONE',  ( 2.105634209995053574, -23.64010634127342669, -2.000000000000000000 ) ) ;
#7992 = CARTESIAN_POINT ( 'NONE',  ( -15.51594276222061453, -20.11676867469219587, 2.099999999999999645 ) ) ;
#7993 = CARTESIAN_POINT ( 'NONE',  ( -18.30266578660393506, -18.21105589998884966, 2.099999999999999645 ) ) ;
#7994 = CARTESIAN_POINT ( 'NONE',  ( 18.80342269287540446, -15.26496932198516987, -2.000000000000000000 ) ) ;
#7995 = CARTESIAN_POINT ( 'NONE',  ( -8.843531895616193239, 21.84292484346595486, 2.100000000000000089 ) ) ;
#7996 = CARTESIAN_POINT ( 'NONE',  ( 21.35721522671292760, -10.35169942632023066, 2.099999999999999645 ) ) ;
#7997 = VERTEX_POINT ( 'NONE', #1619 ) ;
#7998 = CARTESIAN_POINT ( 'NONE',  ( 23.24438501506256216, -6.803422568062733156, -2.000000000000000000 ) ) ;
#7999 = CARTESIAN_POINT ( 'NONE',  ( -9.230471089887535285, 21.96684885186929037, -2.000000000000000000 ) ) ;
#8000 = CARTESIAN_POINT ( 'NONE',  ( 23.55944914529948520, -0.5232380683118309506, -2.000000000000000000 ) ) ;
#8001 = CARTESIAN_POINT ( 'NONE',  ( -26.46517536639175106, 4.493494443281853101, -2.000000000000000000 ) ) ;
#8002 = CARTESIAN_POINT ( 'NONE',  ( 12.94401591853666211, -20.68877481383771411, -2.000000000000000000 ) ) ;
#8003 = CARTESIAN_POINT ( 'NONE',  ( 25.52197998938346402, 8.320188513921063844, 2.099999999999999645 ) ) ;
#8004 = CARTESIAN_POINT ( 'NONE',  ( 18.70321540207055122, 15.22676155773648610, -2.000000000000000000 ) ) ;
#8005 = CARTESIAN_POINT ( 'NONE',  ( 24.48402185937396425, 7.488679734998076931, 2.100000000000000089 ) ) ;
#8006 = CARTESIAN_POINT ( 'NONE',  ( 17.42017265760604516, -16.82633584436268848, 2.099999999999999645 ) ) ;
#8007 = CARTESIAN_POINT ( 'NONE',  ( 18.01951879751185714, 21.43121365586116767, -2.000000000000000000 ) ) ;
#8008 = CARTESIAN_POINT ( 'NONE',  ( 25.56471904745758295, -1.411662356313489353, 2.100000000000000089 ) ) ;
#8009 = ORIENTED_EDGE ( 'NONE', *, *, #7597, .F. ) ;
#8010 = CARTESIAN_POINT ( 'NONE',  ( -25.52197998938346757, -8.320188513921049633, 2.100000000000000089 ) ) ;
#8011 = CARTESIAN_POINT ( 'NONE',  ( 17.28752988749539554, 16.01445386190352238, 2.099999999999999645 ) ) ;
#8012 = EDGE_CURVE ( 'NONE', #389, #415, #7849, .T. ) ;
#8013 = CARTESIAN_POINT ( 'NONE',  ( 15.87213422487472947, -20.36431896814133680, 2.099999999999999645 ) ) ;
#8014 = CARTESIAN_POINT ( 'NONE',  ( -1.750000000000000888, 21.00000000000000000, -3.599999999999998757 ) ) ;
#8015 = CARTESIAN_POINT ( 'NONE',  ( 5.855490417686923799, 27.19235970822079551, -2.000000000000000000 ) ) ;
#8016 = CARTESIAN_POINT ( 'NONE',  ( 16.08024905276406713, 20.49638744246056632, -2.000000000000000000 ) ) ;
#8017 = CARTESIAN_POINT ( 'NONE',  ( 24.02931632081063995, -10.69009516955077110, 2.100000000000000089 ) ) ;
#8018 = CARTESIAN_POINT ( 'NONE',  ( 7.616738452866461451, 23.18530238615923622, 2.099999999999999645 ) ) ;
#8019 = CARTESIAN_POINT ( 'NONE',  ( -25.70517099647025105, 10.62804679002982233, 2.100000000000000089 ) ) ;
ENDSEC;
END-ISO-10303-21;
